date,n_names,r_overnight,r_intraday,r_close_to_close,growth_r_overnight,growth_r_intraday,growth_r_close_to_close
2010-01-04,1000,0.010459067184698632,0.007375618437982054,0.017923563725127985,1.0104590671846987,1.007375618437982,1.017923563725128
2010-01-05,1000,-0.0002666265992495961,0.0009031919340389333,0.0006428934656765328,1.0101896519199343,1.0082854719711027,1.0185779801328052
2010-01-06,1000,-0.0005342306790194966,0.002914466555729751,0.0023917816648482164,1.0096499776162506,1.0112240862577906,1.021014196269905
2010-01-07,1000,-0.0010713225811656106,0.00854663054383442,0.007463606395414694,1.008568316796157,1.0198666449200624,1.0286346443549945
2010-01-08,1000,-0.003169030951190448,0.007190823586217908,0.0039958963850123905,1.0053721325838398,1.0272003260451505,1.0327449618118711
2010-01-11,1000,0.004937606114717171,-0.004595097415558858,0.0002786390400302008,1.010336264173252,1.0224802404816793,1.0330327248766265
2010-01-12,1000,-0.00690279581549094,-0.004552433594949194,-0.011421712167878939,1.0033621192366782,1.0178254670847389,1.021233722433086
2010-01-13,1000,0.00311530026472947,0.008397941902527177,0.01152848243734429,1.0064878935123558,1.026373106224229,1.0330069974665796
2010-01-14,1000,-0.002111264914116969,0.005006887137501571,0.0028884522394638404,1.0043629309362996,1.0315120405280604,1.0359907888417939
2010-01-15,1000,0.0006449083400779304,-0.013040664100571968,-0.012425289498186862,1.0050106529669256,1.0180604384918386,1.0231183033729796
2010-01-19,1000,0.000574376668774451,0.013711414288459792,0.014284855352855697,1.0055879076378595,1.0320194869346913,1.0377334003455216
2010-01-20,1000,-0.007676464849903211,-0.0035028209798328097,-0.011133379707908389,0.9978685474113898,1.02840450742426,1.026179920363896
2010-01-21,1000,0.0017576932024043752,-0.01653506437812474,-0.014791954984036298,0.9996224941740679,1.0113997726872463,1.0110007131763512
2010-01-22,1000,-0.0022530899513622895,-0.01736469427734841,-0.019574087359438216,0.9973702547772886,0.9938371248423526,0.9912112968961829
2010-01-25,1000,0.009195649003921462,-0.006421040666207563,0.002698059219767659,1.0065417215671724,0.9874556562481531,0.9938856436745115
2010-01-26,1000,-0.0035605212614102013,-0.0018841629466425744,-0.005449804419491918,1.0029579083670361,0.9855951288891976,0.9884691613011446
2010-01-27,1000,-0.0021971175457559957,0.009929179288546553,0.007691880308787641,1.000754291948908,0.9953812796298566,0.9960723477788006
2010-01-28,1000,0.0029720224637913785,-0.017374371637418125,-0.014515778594169504,1.003728556185316,0.9780871553566386,0.9816135821146689
2010-01-29,1000,0.005034176857448028,-0.015223343302808246,-0.010293450970614477,1.0087815032540237,0.9631973988105773,0.9715093908350823
2010-02-01,1000,0.005383098008158054,0.009177748370358849,0.014628081751741481,1.014211872954857,0.9720373821678449,0.9857207096268024
2010-02-02,1000,0.0018442078477631965,0.008881819517761133,0.010738713897224765,1.0160822904502549,0.9806708427607767,0.996306082310054
2010-02-03,1000,-0.0042482539166074865,-0.0027061879591840686,-0.006962748384427807,1.0117657148802541,0.9780169631341745,0.9893690537450541
2010-02-04,1000,-0.007493859062995497,-0.02509700480996517,-0.03239396502324842,1.0041836852081707,0.9534716667061687,0.9573194672229525
2010-02-05,1000,0.0007019607613394372,0.0023342416220729343,0.0029948536644078733,1.0048885827523641,0.9556972999560613,0.9601864989373741
2010-02-08,1000,0.0007391202965153627,-0.009208607443155355,-0.008487909373986495,1.005631316299613,0.9468966586862825,0.9520365229522683
2010-02-09,1000,0.012296172361272688,0.0018858002197109295,0.014213256858389246,1.0179967322967267,0.9486823166132765,0.9655680625915567
2010-02-10,1000,-0.0018115047412516146,0.0020569225901996436,0.00022676676801885155,1.0161526263895926,0.9506336827012413,0.9657870213404128
2010-02-11,1000,-0.0024858594615945646,0.015550583087033509,0.013070678587361021,1.0136266137688579,0.9654165907694195,0.9784105130801982
2010-02-12,1000,-0.0097124121045035,0.014341451342686523,0.004465419924253316,1.0037818543758423,0.9792620658313614,0.9827795268794054
2010-02-16,1000,0.007936590526163648,0.009394166264931485,0.017350249912819176,1.0117484599316167,0.9884614164947215,0.9998309972799652
2010-02-17,1000,0.003953118726538333,0.0015960038424694554,0.005544375228899157,1.0157480217151185,0.9900390047135799,1.0053744354943697
2010-02-18,1000,-0.0017630595824288165,0.009329563956902657,0.007550898840617856,1.0139571974321004,0.9992756369278835,1.012965916153731
2010-02-19,1000,-0.0024494626584083724,0.007256378794621443,0.004782627068946081,1.011473547139766,1.0065267594696687,1.0178105543642477
2010-02-22,1000,0.0034743568356176077,-0.0019338244347396323,0.0015340844420205552,1.0149877671723175,1.004580313427987,1.0193719617006223
2010-02-23,1000,-0.0023859275525015783,-0.009593682914414838,-0.011967777414696183,1.012566079893169,0.9949426884388953,1.007172344960207
2010-02-24,1000,0.002779969694743606,0.0063054854815746955,0.009107537101720837,1.0153809829091975,1.0012162851158457,1.0163452044597594
2010-02-25,1000,-0.013051468713069213,0.013179515802407544,-7.634196042920115e-05,1.0021287697789127,1.0144118309671577,1.016267614674378
2010-02-26,1000,0.000591824072249133,-0.0015136463506649623,-0.000929914728031714,1.0027218537083613,1.012876370201143,1.0153225724518706
2010-03-01,1000,0.003916012087465029,0.012729739783958876,0.01669137241211814,1.0066485246078487,1.0257700228271245,1.0322696996270946
2010-03-02,1000,0.0030157282220537084,0.003264603545760259,0.006280822287904221,1.0096843029731974,1.0291187552807803,1.0387532021636408
2010-03-03,1000,0.0027764861256176047,-0.0016889600988918697,0.001091388517130231,1.0124876774316565,1.0273806147660898,1.0398868854806145
2010-03-04,1000,0.0020814681847876612,0.0015853848805093432,0.003674545101371982,1.01459513831972,1.0290094084592685,1.0437079967416383
2010-03-05,1000,0.004932354250193515,0.012758739878552073,0.017740651573443737,1.0195994809624371,1.042138271834383,1.0622240566562486
2010-03-08,1000,0.00051266544685415,0.001448892174511327,0.0019513522259800773,1.020122194385957,1.0436482178212025,1.0642968299336943
2010-03-09,1000,-0.003718250044565539,0.006616764310357733,0.0028622043127658216,1.0163291249912192,1.0505537921014503,1.0673430649103934
2010-03-10,1000,4.105286737362002e-05,0.006900543071332036,0.0069072360421541,1.0163708482159954,1.0578031837925976,1.0747154553976856
2010-03-11,1000,-0.00421411298859016,0.008150013776883371,0.003887420035421978,1.012087746623304,1.0664242943137383,1.0788933257913762
2010-03-12,1000,0.003687541590359274,-0.0031401581604158144,0.0005144792900271034,1.0158198622820704,1.0630755533634835,1.0794483940636443
2010-03-15,1000,-0.0020736397897585376,4.7729804823944954e-06,-0.002077423568139932,1.0137134177964153,1.063080627402351,1.0772059225292259
2010-03-16,1000,0.002293697104018783,0.006601917162494899,0.008909785893353457,1.01603856932712,1.0700989976415145,1.0868035966620138
2010-03-17,1000,0.002467827644560608,0.005805300292604765,0.008280499475069146,1.0185459773964451,1.076311243665639,1.0958028732736769
2010-03-18,1000,-0.0004100719656331295,-0.0017822415779010703,-0.0022116211098044923,1.0181283002454065,1.0743929970164157,1.0933793725069605
2010-03-19,1000,-0.002157996918061253,-0.006451190416148242,-0.008635258161594007,1.015931182511286,1.0674618832108866,1.0839377593568011
2010-03-22,1000,-0.006391390590119981,0.01793066164554473,0.011396373857217718,1.009437969511174,1.0866021810582571,1.0962907193003864
2010-03-23,1000,0.0013056535999495386,0.007825278614316809,0.009147345903484112,1.010755945829992,1.0951051458679621,1.1063188697206063
2010-03-24,1000,-0.0036320513052467687,-0.004241245125842073,-0.00787089718290126,1.0070848283776541,1.0904605365057651,1.097611147645532
2010-03-25,1000,0.007105807711462009,-0.011816897960099172,-0.00481052983220118,1.0142409795172365,1.0775746756163616,1.0923310564756266
2010-03-26,1000,0.0033220686770563824,-0.003110845620048649,0.00019788838002395004,1.0176103577062776,1.074222507156445,1.0925472160988423
2010-03-29,1000,0.004360823434427034,0.0018562577293479536,0.00621732120534128,1.022047976801279,1.0762165409883937,1.0993399330733302
2010-03-30,1000,0.001087585787909803,0.0006414747295845782,0.001726539967260078,1.02315954165541,1.0769069067029988,1.1012379874053864
2010-03-31,1000,-0.003762909463304557,-0.0025347079188763064,-0.006291685196018239,1.0193094849336444,1.074177262238686,1.094309344662735
2010-04-01,1000,0.00613964348272856,0.0026293459343696133,0.008785883786220893,1.0255676817697006,1.0770016458559455,1.1039238193911174
2010-04-05,1000,0.004147632480862473,0.011576853929826955,0.015782475449330403,1.0298213595979315,1.089469936592203,1.1213464699685887
2010-04-06,1000,-0.004227751155164864,0.009184819888062332,0.004900105149718957,1.025467531155278,1.0994765217332612,1.126841185580701
2010-04-07,1000,-0.0018444181699137471,-0.002775015138385259,-0.004615778695903526,1.0235761402081585,1.096425457741152,1.1216399360426308
2010-04-08,1000,-0.0038533644235185793,0.00475222776413206,0.0008652420972896777,1.019631928324718,1.101635921242731,1.122610426133296
2010-04-09,1000,0.0018610001398789617,0.004679967103306236,0.006548289960353587,1.0215294634859553,1.1067915411139673,1.129961604716133
2010-04-12,1000,0.0012725676707932433,0.0010655066898094762,0.0023332672675860627,1.0228294288559503,1.1079708349052488,1.1325981071420461
2010-04-13,1000,-0.0015482829868640375,0.00435766495206764,0.0028093440324359273,1.0212457994527888,1.1127990005804285,1.1357799648754938
2010-04-14,1000,0.004971756702240073,0.012489193881017402,0.01754699579444682,1.0263231851008527,1.1266969630492798,1.155709491142581
2010-04-15,1000,-0.0015764522586624223,0.003118704376950689,0.0015299701403339858,1.024705235597583,1.1302107977994387,1.1574776921549297
2010-04-16,1000,-0.00234608013196425,-0.011222763860277691,-0.013544669774455481,1.0223011950032277,1.1175267089033996,1.1418000390433924
2010-04-19,1000,-0.004434405905211147,0.0032488265791788427,-0.001209491036292329,1.017767896547201,1.1211573593782271,1.1404190421309313
2010-04-20,1000,0.005434127927983642,0.007767480108557994,0.013254079211398354,1.0232985774980334,1.1298659268657611,1.1555342464495217
2010-04-21,1000,0.0007063806882398231,0.0043553635440699845,0.00505946335630124,1.0240214158514813,1.1347869037333191,1.1613806296263842
2010-04-22,1000,-0.008211425832633375,0.019640337439934107,0.011255557014295172,1.0156127399441888,1.1570745014450596,1.174452615518442
2010-04-23,1000,0.0004889251873229118,0.008782843699078736,0.009290303572323843,1.0161092985933136,1.167236905939441,1.185363636847918
2010-04-26,1000,0.00017076362666998057,-0.0037808728845766387,-0.0036005542482510497,1.0162828131022343,1.1628237315718974,1.1810956707695428
2010-04-27,1000,-0.004865726571361215,-0.019867844511771156,-0.02460792020787975,1.011337858814505,1.1397209304784295,1.1520313627453738
2010-04-28,1000,0.005968622166040976,-0.002746656287409004,0.0032062660213836975,1.0173741523759816,1.1365905088188393,1.1557250817593125
2010-04-29,1000,0.007282174765553153,0.012318038834700317,0.019709188885984795,1.02478284875554,1.1505910748456216,1.178503485695977
2010-04-30,1000,0.00036473156283424734,-0.02417892848337549,-0.023836578195359396,1.0251566194055324,1.1227710155333193,1.1504119952056813
2010-05-03,1000,0.005503597921310701,0.012414206682761234,0.01798341179977193,1.0307986692451105,1.1367093269775637,1.1711003278548622
2010-05-04,1000,-0.01319243810663891,-0.01639967822637577,-0.029362703895163232,1.0171999216006886,1.1180676597782115,1.1367136556965312
2010-05-05,1000,-0.010963312981372016,7.595164391489972e-05,-0.010941038967010656,1.0060480404955532,1.1181525788549798,1.1242768272952222
2010-05-06,1000,-0.005190904997492243,-0.028086262048257052,-0.03317098289394074,1.0008257406944276,1.0867478525153245,1.0869834598889585
2010-05-07,1000,-0.0019942595275896056,-0.021565512368493068,-0.02359022852225521,0.9988298344255909,1.063311578260472,1.0613412716702664
2010-05-10,1000,0.04366340565595416,0.009805319930165658,0.05377537624731207,1.042442146667385,1.0737376884707655,1.1184152978811357
2010-05-11,1000,-0.011639391471991074,0.014636475530918019,0.002802546057172041,1.0303087544354206,1.0894534238746922,1.1215497082644934
2010-05-12,1000,0.004433673988844375,0.018453622264303967,0.02297294961871565,1.0348768075604395,1.1095577858334285,1.1473150132073389
2010-05-13,1000,-0.0028668280314998232,-0.007304454226240266,-0.010143402651223652,1.0319099937193763,1.1014530717754396,1.1356773350605829
2010-05-14,1000,-0.008301141349639309,-0.013752247881792202,-0.02192630654494129,1.0233439630014063,1.0863056161022224,1.1107761256759026
2010-05-17,1000,0.003976610892076906,-0.001610191590028001,0.0023444511016265167,1.0274134037510188,1.0845564559349745,1.113380285987404
2010-05-18,1000,0.010392929550006626,-0.027249924691562257,-0.017203350836306926,1.0380912388749357,1.0550023741869987,1.094226414313335
2010-05-19,1000,-0.0049415174054573885,-0.004628968383011417,-0.009558285477374336,1.0329614929495825,1.050118801552885,1.0837674858684443
2010-05-20,1000,-0.02250305393337609,-0.023303309822345516,-0.045279444227145214,1.0097167047626374,1.025647557770028,1.0346950964368706
2010-05-21,1000,-0.015671909442096784,0.03277002840794584,0.016492511917362347,0.9938925160034251,1.059258057374692,1.0517598176456922
2010-05-24,1000,-0.0022500780081235274,-0.010820077008537446,-0.013075240227890117,0.9916561803107272,1.047796803621984,1.038007805367933
2010-05-25,1000,-0.02466239065154085,0.02424971422468322,-0.0011135847035733594,0.9671995681998893,1.0732055766753537,1.0368518957536854
2010-05-26,1000,0.008841166639783888,-0.0070602371530300925,0.0016824850166683523,0.9757507407562714,1.0656284907900713,1.0385963835327952
2010-05-27,1000,0.021185569092120517,0.01870387932934306,0.04031197859191958,0.9964225754912512,1.0855598774917188,1.0804642587114142
2010-05-28,1000,-0.0018643965734479737,-0.011100969514129207,-0.012941703825467384,0.9945648486557992,1.0735091103859213,1.0664812102811678
2010-06-01,1000,-0.00874385802559727,-0.01805931964214408,-0.026603707556552773,0.9858685148219032,1.054122266222708,1.0381088560482892
2010-06-02,1000,0.00617432888581379,0.02158908840628317,0.02789519654815366,0.9919555912705824,1.0768798050192219,1.0670671066261352
2010-06-03,1000,0.0028282758164254354,0.005046362205996389,0.007867020114776071,0.9947611152803411,1.0823141305676716,1.075461745017779
2010-06-04,1000,-0.021584838950791906,-0.022902382443418502,-0.0439943470660428,0.9732893568125047,1.0575265584254947,1.0281475077512148
2010-06-07,1000,0.0036156887533948787,-0.023826276235931254,-0.020317942654800327,0.9768084681937307,1.0323296385176153,1.0072576656480496
2010-06-08,1000,0.003180385577192595,0.0019091304900079376,0.0050712497684401656,0.9799150957576536,1.034300490506248,1.012365720851727
2010-06-09,1000,0.008215757160784877,-0.0077163672231657385,0.00042427644787783217,0.9879658402225856,1.0263194481024014,1.0127952437837233
2010-06-10,1000,0.01758375143040602,0.01588635739016137,0.033772763633507445,1.0053379859787919,1.0426239256514291,1.0470001381611715
2010-06-11,1000,-0.01093584985497958,0.0221565422302589,0.010937629586521589,0.9943437607106203,1.0657248666904033,1.0584518378494154
2010-06-14,1000,0.009736385347126989,-0.006403888612894353,0.0032548115214825887,1.0040250747324104,1.0589000833521263,1.0618968990861821
2010-06-15,1000,0.007414950487798917,0.01765109909761366,0.02521012623657042,1.0114698709500598,1.0775908336578461,1.0886674539623675
2010-06-16,1000,-0.007821830314975704,0.0045280509825304195,-0.0033358302503898466,1.003558325250778,1.0824702198909564,1.0850358441368249
2010-06-17,1000,0.004330752485521236,-0.0046075938849496805,-0.000311608546630309,1.0079044879622232,1.0774826367251467,1.0846977376943916
2010-06-18,1000,0.002866053312586032,-0.002315776339254472,0.0005366063685186242,1.0107931959587175,1.074987427929061,1.0852797934083562
2010-06-21,1000,0.01317397078646653,-0.019599724823882222,-0.0067087212616512865,1.0241093559934367,1.0539179701525185,1.077998953783477
2010-06-22,1000,0.0018015175242040624,-0.02241395783883976,-0.020664796086115517,1.0259543069449601,1.0302954972039244,1.0557223252224957
2010-06-23,1000,-0.0003663291536727796,-0.0018862328694653119,-0.0022585089407817353,1.02557846997199,1.0283521199718362,1.0533379669119978
2010-06-24,1000,-0.005998686512485503,-0.011099034780802814,-0.017031283638577574,1.0194263462366737,1.0169384040253564,1.035398269230237
2010-06-25,1000,0.003989718581151209,0.008808497558807018,0.01283784792136732,1.0234935704723693,1.0258961034746708,1.0486905547486618
2010-06-28,1000,0.0013367957958322484,-0.004661933211606174,-0.003343170567153136,1.0248617723744382,1.0211134443582248,1.0451846033519745
2010-06-29,1000,-0.015775575431946402,-0.02107381566605755,-0.03648428546731574,1.008693988177027,0.9995946878576865,1.007051789917238
2010-06-30,1000,-0.00025566403864418454,-0.009589263215390505,-0.00985346076121639,1.0084361013982535,0.9900093112871129,0.9971288446207758
2010-07-01,1000,0.0003938603472467225,-0.005737844725979332,-0.0053731262199731185,1.0088332843913261,0.9843287915816736,0.9917711454810524
2010-07-02,1000,0.0053268667158223384,-0.012587289798525938,-0.007345904940616645,1.014207204835764,0.9719387598250022,0.9844856889235022
2010-07-06,1000,0.015573116153947204,-0.021164289190994473,-0.005992117339762452,1.0300015714408415,0.9513683668361294,0.9785865351561557
2010-07-07,1000,0.0036321568970114344,0.03192021289065129,0.0356940018492163,1.033742698752483,0.9817362476429699,1.0135162047516375
2010-07-08,1000,0.009293311152700623,0.0031475348553037636,0.012469357759920734,1.0433495913038222,0.9848262967011413,1.0261541009041626
2010-07-09,1000,-0.0007496460495915316,0.013370410476782535,0.012594861503748323,1.0425674484043583,0.9979938285363651,1.039078369686554
2010-07-12,1000,-0.003428172761987882,-0.004196843524593755,-0.007612881785041645,1.0389933470752033,0.9938054045994877,1.0311679888927365
2010-07-13,1000,0.012234755164630198,0.014537202637809983,0.026975572950138197,1.0517051762943481,1.0082525551487012,1.0589843362009599
2010-07-14,1000,-0.0033292252644787647,0.00033575820016922773,-0.0030096248315596872,1.048203812850646,1.0085910842119339,1.0557971906464967
2010-07-15,1000,0.00011100004335076296,-0.0044522639089622715,-0.00435152393060338,1.048320163519313,1.004100570528796,1.0512028639055346
2010-07-16,1000,-0.007331578381374665,-0.027597304416867856,-0.03471110288376908,1.0406343220716956,0.9763901014187621,1.014714453144797
2010-07-19,1000,0.0034877258173136357,0.0025627313000065855,0.006049494457287487,1.0442637692631678,0.9788923268926846,1.020852962604826
2010-07-20,1000,-0.013451243131518064,0.03133103228161875,0.017408415916801208,1.0302171234093735,1.0095620339867881,1.0386243955677497
2010-07-21,1000,0.006768370588438339,-0.022159339236597724,-0.015552521854422012,1.037190014687163,0.9871908063952852,1.0224711669571465
2010-07-22,1000,0.014547431791701761,0.017085563238499073,0.031933796946749526,1.0522784656808588,1.0040575173464166,1.055122553586662
2010-07-23,1000,-0.0038480430008133427,0.02037952023855747,0.01641344601432775,1.048229252896089,1.0245197278418536,1.0724407506584561
2010-07-26,1000,0.0021761379011825573,0.01649284072321678,0.018702184174498628,1.0505103443024446,1.0414169685309427,1.0924977350935081
2010-07-27,1000,0.0060624878354718125,-0.01125331280527041,-0.005302626443263226,1.0568790504858154,1.0296975776233475,1.086704627714196
2010-07-28,1000,-0.0026907514464715827,-0.01031812448203719,-0.013014063988437474,1.0540352516519753,1.0190730298385777,1.0725621841525923
2010-07-29,1000,0.007470711451414139,-0.009087162648292846,-0.0017124810318136583,1.0619096448766858,1.0098125474659458,1.0707254417567904
2010-07-30,1000,-0.01284933220242821,0.013961929073751126,0.0009454880305643175,1.0482648150807028,1.0239114786314494,1.0717377998459923
2010-08-02,1000,0.015507798842180998,0.004015998491116753,0.019570013166914688,1.0645210949663104,1.0280235055846705,1.0927117227004586
2010-08-03,1000,-0.0042194566891609,-0.004563842926382256,-0.008752850518951295,1.0600293943114019,1.0233317677805531,1.0831473803313558
2010-08-04,1000,0.0035787015103483553,0.005945447036405534,0.009579272692975026,1.0638229231058378,1.0294159326065637,1.0935231444542315
2010-08-05,1000,-0.007129138046095067,0.0007455112074993834,-0.006429764932892333,1.056238782630416,1.0301833737215005,1.0864920476867135
2010-08-06,1000,-0.010568137741337415,0.006599172944115154,-0.0040453738486681936,1.0450763056878352,1.0369817319688406,1.0820967811702156
2010-08-09,1000,0.005886558333315408,0.00439145443988123,0.010305211581029063,1.0512282083240323,1.041535589999771,1.0932480174513253
2010-08-10,1000,-0.011549305203866315,-0.0031744972617236116,-0.014657757881985757,1.0390872529071844,1.038229238121329,1.0772234527065627
2010-08-11,1000,-0.0182426160531619,-0.017091529696741384,-0.0350053716909646,1.020131583106664,1.020484312265953,1.0395148453503453
2010-08-12,1000,-0.014746811220463524,0.009252416309490157,-0.005648419030270039,1.0050878952305573,1.0299262579603414,1.0336432299156202
2010-08-13,1000,-0.003208682426733699,-0.0046966230746189235,-0.007901694871874245,1.0018628873638082,1.025089082532049,1.0254756965064484
2010-08-16,1000,-0.005650184888360561,0.009068152687109454,0.003350250370236865,0.996202176817416,1.0343847468503384,1.0289112968383383
2010-08-17,1000,0.010572739280140244,0.0070737544698302865,0.017721945507953647,1.0067347627032146,1.0417017305768952,1.047145606773425
2010-08-18,1000,-0.0006441562955831671,0.004124482533651661,0.003464086998893518,1.0060862681678369,1.0459982111699344,1.0507730102557973
2010-08-19,1000,-0.004708873035695015,-0.017856610867893755,-0.022484502430714738,1.0013487356680784,1.02732022814456,1.0271469019525714
2010-08-20,1000,-0.005075386104365242,0.0037232224455217445,-0.001371469373325063,0.996266504209445,1.0311451698767262,1.0257382014346377
2010-08-23,1000,0.005158405938033427,-0.015279070907165718,-0.010231683070963456,1.0014056512606226,1.0153902297105983,1.0152431732437783
2010-08-24,1000,-0.013120052439625782,-0.0006574303040629909,-0.013778446580787213,0.9882671566027457,1.0147226814031372,1.00125469941473
2010-08-25,1000,-0.007065946280426408,0.016983413160974754,0.009789333186962205,0.9812841139634809,1.0319561359452187,1.0110563152723127
2010-08-26,1000,0.004493455129210384,-0.012431020119071153,-0.008008303632475674,0.9856934700985828,1.0191278684572849,1.00295946931008
2010-08-27,1000,0.00888184702801232,0.01436379064363728,0.023384371787352132,0.994448248716509,1.0337664077989017,1.0264130464280723
2010-08-30,1000,-0.003745945875754739,-0.017423204118356544,-0.021104296511058468,0.9907230994005779,1.0157548846651212,1.0047513211534354
2010-08-31,1000,-0.0033887112315811206,0.0033219635379419183,-8.60156493928056e-05,0.9873658249062522,1.0191291853554652,1.004664896816068
2010-09-01,1000,0.01587838875634014,0.019799019484100143,0.036002642888541485,1.0030436033188381,1.0393069439531333,1.0408354883187902
2010-09-02,1000,0.000756472507017838,0.011950528463644304,0.012699144310801047,1.003802378228089,1.0517272111693083,1.0540532083887537
2010-09-03,1000,0.01146457253704725,0.004556726768187272,0.016061239394938347,1.0153105434061453,1.0565196447052745,1.0709826093036885
2010-09-07,1000,-0.004542354074906335,-0.01337855500887878,-0.017860671569598866,1.010698643422009,1.0423849385206239,1.0518541406621633
2010-09-08,1000,0.0021918743836528485,0.004346174667441177,0.006553555877739857,1.0129139678881185,1.0469153255341443,1.0587475255482248
2010-09-09,1000,0.012585425284114693,-0.010241034589710292,0.002194506484013905,1.0256619209502105,1.0361938294728514,1.0610709538579741
2010-09-10,1000,0.002407656077830976,0.0014759113787973402,0.0038834546771031623,1.0281313621079862,1.03772315973641,1.0651915748164722
2010-09-13,1000,0.0108050583176435,0.008878376352830319,0.019784205865717473,1.0392403814337612,1.0469364564985983,1.086265544219069
2010-09-14,1000,-0.0022335632164043407,0.00028519618282963455,-0.001954849984448903,1.0369191723447888,1.047235038779657,1.0841420580368448
2010-09-15,1000,-0.003889629263457659,0.007433950783995039,0.0035063797364030514,1.032885941188196,1.0550201325172202,1.0879434717805274
2010-09-16,1000,-0.0027047225227510843,-0.0019168228832010788,-0.004620261726378678,1.0300922713196314,1.0529978457849734,1.0829168881973963
2010-09-17,1000,0.006917233352540037,-0.003392628564792882,0.0034933268386151462,1.0372176599349974,1.049425415214698,1.086699870826926
2010-09-20,1000,0.0030406756209441486,0.018512749239799314,0.021607996371545694,1.0403715023871745,1.06885316477244,1.1101812776927134
2010-09-21,1000,-3.805969902489159e-05,-0.005785083667997084,-0.005830698347488351,1.0403319061609195,1.062669759785428,1.103708145551458
2010-09-22,1000,-0.003137491702101196,-0.006803921568411595,-0.009912986206340835,1.0370678734379086,1.0554394380867251,1.0927671019287803
2010-09-23,1000,-0.008232151018250124,-0.0031693875457924616,-0.011378105485275455,1.0285305740875923,1.0520943414763149,1.080333482572196
2010-09-24,1000,0.013979959433585511,0.015286846109403757,0.029499368795566198,1.0429093897895392,1.0681775457670377,1.1122026383967916
2010-09-27,1000,0.00015259901746461613,-0.004635027901269895,-0.004485609532176406,1.0430685367377257,1.0632265130388976,1.1072137316402872
2010-09-28,1000,0.0029128691913260928,0.0066411503319291736,0.009580818307913025,1.0461068589428306,1.070287560148882,1.1178217452311594
2010-09-29,1000,-0.003861654131074143,0.004969547848982297,0.001082493083753322,1.042067156069449,1.0756064053912124,1.1190317795392413
2010-09-30,1000,0.0067247180982578855,-0.007512699108414914,-0.0008578018079231054,1.0490747639334694,1.0675256981084245,1.118071872055629
2010-10-01,1000,0.00838761973060788,-0.004574138126845896,0.003761151702258807,1.0578740041223207,1.062642688111319,1.122277109980459
2010-10-04,1000,-0.0024973308745141268,-0.008522597495350647,-0.01099967524201314,1.0552321427104803,1.0535862121991686,1.1099324262391288
2010-10-05,1000,0.010683892654981585,0.014230719174408034,0.02508270736162173,1.066506129649285,1.0685795017110031,1.1377725364776596
2010-10-06,1000,-0.001916840276052217,-0.002145559155241938,-0.004030384711833026,1.0644618077453167,1.0662868011780031,1.1331868754410965
2010-10-07,1000,0.00566994895957301,-0.006869351669968823,-0.0012385360855167043,1.0704972518646476,1.0589621021596654,1.1317833826042287
2010-10-08,1000,0.0008952574731391032,0.009131033907332373,0.010030606348913685,1.0714556225293543,1.068631521021065,1.1431358561873737
2010-10-11,1000,0.00016642348222811265,-0.00019165480973854965,-3.566710376385829e-05,1.0716339379051085,1.0684267126502232,1.1430950838421747
2010-10-12,1000,-0.0029550372185899363,0.00561827028942487,0.002636681576404194,1.068467219733895,1.0744294227063338,1.1461090615898197
2010-10-13,1000,0.005733298846776253,0.006128812424069802,0.011895702552628272,1.0745930616126134,1.0810143991010024,1.159742834079364
2010-10-14,1000,-0.0012845374843209975,-0.002374700694845572,-0.003680600896318231,1.0732127065445807,1.078447313456319,1.155474283564753
2010-10-15,1000,0.00873546731239506,-0.009301247530371714,-0.0006513243828481227,1.082587721061848,1.0684164080453975,1.1547216949901133
2010-10-18,1000,0.0009369832516226492,0.006560642382869881,0.007496085609565548,1.0836020876248953,1.0754259060145737,1.163377587670982
2010-10-19,1000,-0.013212082543894776,-0.004554466487198471,-0.017705955424612656,1.0692854473984583,1.0705279147661653,1.1427788759616861
2010-10-20,1000,0.003550616041125606,0.007990425486697443,0.011560102145656649,1.0730820694605334,1.0790818883005338,1.1559895164977019
2010-10-21,1000,0.004673032162985447,-0.006011303967770233,-0.0013902532763202023,1.0780966164846455,1.0725951990638438,1.154382398284999
2010-10-22,1000,0.002247580698228091,0.0026045165382932917,0.004860950777477434,1.0805197256306813,1.0753887909986997,1.1599937943014489
2010-10-25,1000,0.006744859939208928,-0.0023693542415896937,0.00434875462526228,1.0878076798416128,1.0728408140053889,1.165038322679693
2010-10-26,1000,-0.005970002997810712,0.004545763059377984,-0.0014334637489670328,1.081313464731917,1.0777176941462876,1.1633682824779743
2010-10-27,1000,-0.006276674351918064,0.0036292019480951144,-0.002655247161114638,1.0745264122414504,1.0816289493013798,1.1602792521485938
2010-10-28,1000,0.006325585173215586,-0.00814079619238166,-0.001875503681587202,1.0813234205829534,1.0728236284693373,1.15810314413952
2010-10-29,1000,-0.002621536243536266,0.00512705756251337,0.002472435888995818,1.0784886920449106,1.078324056966924,1.1609664799162493
2010-11-01,1000,0.00495876048668441,-0.00769775474927217,-0.002780157051180403,1.0838366591563589,1.0700233828361523,1.157738810770926
2010-11-02,1000,0.008604336912816618,0.005184401398776816,0.013838771862371108,1.0931623549302016,1.0755708135588518,1.1737604940493978
2010-11-03,1000,0.0005285704783044216,0.0027757132773475945,0.00329490426642334,1.0937401682790115,1.0785562897467746,1.1776279225090003
2010-11-04,1000,0.011865083240421112,0.010735993644096262,0.022736345974246664,1.1067174864190341,1.0901356632182961,1.2044028783840983
2010-11-05,1000,4.537575818858119e-05,0.0050832958407986606,0.005086785445512562,1.106767704564081,1.09567714530104,1.210529417416396
2010-11-08,1000,-0.003656485297874211,0.002704556625229861,-0.0009620739813077958,1.1027208247241804,1.098640466183477,1.2093647985602922
2010-11-09,1000,0.0026119420366493566,-0.014624723191213525,-0.012061218301103382,1.105601067600966,1.0825731534788778,1.1947783857191865
2010-11-10,1000,0.0008145100813212198,0.008720890949535716,0.009536139962798246,1.1065015908164466,1.092014155895262,1.2061719596299307
2010-11-11,1000,-0.01040566259966054,0.007292677935726249,-0.0032097695281032216,1.094987708596423,1.0999778634354602,1.202300425628258
2010-11-12,1000,-0.008024836845464291,-0.0069442642114307266,-0.014910943456234208,1.086200610887148,1.0923393265250394,1.1843729919643087
2010-11-15,1000,0.004847829774404318,-0.004172623593589363,0.0006445269018607238,1.091466326549583,1.0877814056789754,1.185136352219467
2010-11-16,1000,-0.007080492711318255,-0.010258495998033782,-0.017262558922175254,1.0837382071797994,1.076622404482082,1.1646778661084665
2010-11-17,1000,0.0011712307820594453,0.0007906493725616292,0.0019602353643815053,1.0850075147277423,1.0774736353106715,1.1669609088497246
2010-11-18,1000,0.011898265629464265,0.003938560191716846,0.01589177321924429,1.0979172223479376,1.0817173300783305,1.1855059869688875
2010-11-19,1000,-0.0010147197115721004,0.0047301587657580186,0.0035545710435408236,1.0968031441007466,1.086834024789273,1.1897199522221114
2010-11-22,1000,-0.0033828824690591386,0.005408809539792785,0.0020135158640438313,1.0930927879725592,1.0927125030307245,1.1921154722196798
2010-11-23,1000,-0.011051593288480977,0.00027763161214799747,-0.010767230175402659,1.0810123710533146,1.0930158745645553,1.1792796905346317
2010-11-24,1000,0.007686958343882483,0.012266553426985658,0.020037623226874517,1.0893220681188232,1.106423412186445,1.2029096526526697
2010-11-26,1000,-0.007720121542380736,0.0016841753025342557,-0.006055537988261471,1.0809123693541483,1.108286823171395,1.195625387554585
2010-11-29,1000,-0.006183897876235337,0.004921986895384067,-0.0012951185170417992,1.0742281176489026,1.1137417963913714,1.1940769109757179
2010-11-30,1000,-0.010067874982888341,0.004043742675218822,-0.006065441889345818,1.06341292325731,1.1182454816226142,1.1868343068607852
2010-12-01,1000,0.015700838841309628,0.007119778971264131,0.022933305735864436,1.0801093981871388,1.1262071422873818,1.2140523408778363
2010-12-02,1000,0.0006522713320129342,0.012966434975727085,0.013626009063084612,1.080813922583014,1.1408100339670506,1.2305950290776968
2010-12-03,1000,-0.005124954718997722,0.010848902837826213,0.005654211598137182,1.0752748001701138,1.1531865711819764,1.237553073763718
2010-12-06,1000,-0.0020239179313316404,0.0037919911135771813,0.0017529610771993172,1.0730985322209405,1.1575594444121948,1.2397224561329943
2010-12-07,1000,0.010088442040517188,-0.006492766244160302,0.0035126210327973304,1.0839244245670157,1.1500436815259063,1.2440771313072383
2010-12-08,1000,0.0016555597889079516,-0.00020349720252859938,0.0014560581672576009,1.0857189262585438,1.1498096508539302,1.2458885799749766
2010-12-09,1000,0.006195297796738332,-0.002123342670837918,0.004071401177561537,1.0924452783302705,1.1473682109589307,1.2509610922065972
2010-12-10,1000,0.002570711386590116,0.007388153663632472,0.009986724225051329,1.0952536398465007,1.1558451436102624,1.2634540956507334
2010-12-13,1000,0.004056383394075105,-0.0064182340943872256,-0.0023957027965456155,1.0996964085234744,1.1484266589017111,1.260427235140476
2010-12-14,1000,0.001852116356869392,-0.0011260931368920599,0.0007289416732088665,1.1017331742292913,1.147133423522898,1.2613460130782173
2010-12-15,1000,-0.00148384656401299,-0.0036086043956644535,-0.005087878736726983,1.100098371244252,1.1429938728083597,1.2549284375186212
2010-12-16,1000,0.0018170381738895354,0.007640781101213428,0.009467460955002789,1.1020972919798366,1.1517272387905164,1.2668094235021512
2010-12-17,1000,0.0005043522557236497,0.0028305337138398966,0.0033383826992203157,1.1026531372350734,1.1549872415690607,1.27103851816478
2010-12-20,1000,0.0032049144259433827,4.278717690667955e-05,0.0032507293185692603,1.1061870461814098,1.1550366602124906,1.2751703203408091
2010-12-21,1000,0.004145594791649606,0.005054285060656036,0.009234159873344036,1.1107728494386497,1.1608745447487128,1.2869454469445796
2010-12-22,1000,0.0011339408750984847,0.001787607790291331,0.0029228358525939654,1.112032400175578,1.1629497331284566,1.2907069772372417
2010-12-23,1000,-0.000714238424350267,-0.0019453269546129497,-0.002662786450189759,1.11123814390625,1.1606874156657419,1.287270100187089
2010-12-27,1000,-0.003315343224536953,0.006244477057061352,0.0029008574564504466,1.1075540080550033,1.1679353016032863,1.2910042872556824
2010-12-28,1000,0.0010225090787410215,-0.002684436195070166,-0.0016740777296027486,1.1086864920834354,1.1648000538061622,1.288843045729566
2010-12-29,1000,0.0019016738650978163,-0.00021680357577654396,0.001683552326632908,1.1107948522100175,1.1645475209894323,1.2910128804378689
2010-12-30,1000,-0.0009174335734244387,3.1709311986978906e-05,-0.000889615626904162,1.109775771719413,1.164584447990099,1.2898643752048968
2010-12-31,1000,-0.0014033913260528546,-0.004033200376200788,-0.005433283750442239,1.1082183220275184,1.1598874455563477,1.2828561760548216
2011-01-03,1000,0.008749967771373447,0.0062428235544629024,0.015058627573523066,1.1179151966289047,1.1671284182219928,1.3021742294404253
2011-01-04,1000,0.0026263377404429577,-0.013341988351412858,-0.01075047918791265,1.1208512195004259,1.151556604461472,1.2881752324877898
2011-01-05,1000,-0.0030233414301766934,0.010935924470617659,0.007877052194874716,1.1174625035714463,1.1641499405115037,1.298322256030241
2011-01-06,1000,0.00020802839734609734,-0.003911793401946075,-0.0037023796327592465,1.1176949675051586,1.1595960264553349,1.2935153741527565
2011-01-07,1000,0.002346394324240029,-0.005514197459055728,-0.0031820224226275476,1.1203175206331444,1.1532017849927239,1.289399379228189
2011-01-10,1000,-0.004526517791379955,0.007154582231194072,0.002581735343590363,1.1152463834440038,1.161452461992614,1.292728267177546
2011-01-11,1000,0.00460972353774816,-0.0010047169714716892,0.003592806779553951,1.1203873609481543,1.1602855309924927,1.2973727900599823
2011-01-12,1000,0.007934961472544773,0.0009058545230421347,0.008834335967160585,1.129277591491604,1.1613365808887623,1.3088342171620246
2011-01-13,1000,4.659257715867327e-05,-0.0009041649225796131,-0.0008566049558989172,1.1293302074449192,1.1602865410890142,1.3077130632851537
2011-01-14,1000,-0.000931104009213664,0.010313335942560798,0.00937695118206184,1.128278683561041,1.1722529659768972,1.319975424839723
2011-01-18,1000,-0.001736964093387755,0.004686066064754166,0.002935735924038799,1.1263189040003607,1.1777462208200689,1.3238505241132734
2011-01-19,1000,-0.001927330128721534,-0.01623526975301162,-0.018130616904541392,1.1241481156421322,1.158625193224465,1.2998482974216992
2011-01-20,1000,-0.004814439115332263,-0.00017329886048165067,-0.00497985087717673,1.1187359729827577,1.158424404798754,1.293375246737587
2011-01-21,1000,0.006871726932295587,-0.009140868782147298,-0.0023411362264009195,1.1264236210984313,1.1478353993204515,1.2903472790931194
2011-01-24,1000,0.00011256547433815711,0.007135054688604381,0.007243897901243022,1.126550417507646,1.156025267668119,1.2996944230400167
2011-01-25,1000,-0.0034258240804798516,0.005348667145866898,0.0018935593826065022,1.1226910539594737,1.1622084620370876,1.3021554716092856
2011-01-26,1000,0.003157896148994518,0.008448260647237806,0.011661710755764585,1.1262363957152828,1.1720271020508024,1.3173408320782294
2011-01-27,1000,0.0008514850797911297,0.003515405094171851,0.004388135744210726,1.127195369202552,1.1761472520958594,1.3231215024707803
2011-01-28,1000,0.0002356233718749825,-0.022765999977560705,-0.022530120723364525,1.1274609627762053,1.149371083781037,1.2933114152884342
2011-01-31,1000,0.003415220686850125,0.0032799537084392894,0.00667824221751993,1.1313114907798945,1.1531409677296576,1.301948462182414
2011-02-01,1000,0.006632093264694246,0.011663661900084775,0.018362214353554892,1.1388144540981668,1.166590814100393,1.3258551189222887
2011-02-02,1000,-0.0034244884827375668,-1.526852439549553e-05,-0.0034324483513512166,1.1349145971161325,1.1665730019800882,1.3213041897052133
2011-02-03,1000,-0.0007561689534621857,0.004240135817748217,0.003487692638121403,1.1340564099329622,1.171519429949802,1.3259124926003671
2011-02-04,1000,0.0013689935036640857,0.0025803580932848053,0.00396731859366328,1.135608925790949,1.1745423695923134,1.331172809885831
2011-02-07,1000,0.0016271173634314331,0.006651995961811636,0.008284989495089315,1.1374566947921712,1.182355420691818,1.3422015626318837
2011-02-08,1000,-1.409458923646112e-05,0.005158723475063569,0.00513457103148518,1.1374406628072837,1.1884548653564098,1.3490931918937876
2011-02-09,1000,-0.003180098604605678,-0.0006252568659211444,-0.00382040644559633,1.1338234893426686,1.1877117757920082,1.3439391075677665
2011-02-10,1000,-0.00557077057810246,0.009101321024732288,0.003506491996780713,1.127507218807477,1.1985215219483463,1.3486516192926135
2011-02-11,1000,-0.003573466355771319,0.013011129138500159,0.009380587952816334,1.1234781096951794,1.214115640245688,1.3613027644250961
2011-02-14,1000,-6.87858791671525e-05,0.0020182805048779037,0.0019481973233066937,1.1234008302656788,1.2165660661730633,1.363954850826959
2011-02-15,1000,-0.002891481605360619,-0.0019096182916973597,-0.004787076259617938,1.120152537429519,1.214242889360041,1.3574254949413744
2011-02-16,1000,0.004579511353091269,0.004325757647068012,0.008935565907253836,1.1252822886918714,1.2194954098240882,1.3695548599156098
2011-02-17,1000,-0.002200015212465347,0.0068291791159260755,0.004602818896290322,1.1228066505384315,1.2278235624088265,1.3758586729043356
2011-02-18,1000,0.0029223455597192746,-0.00020482741446473161,0.002717102537125032,1.126087879568056,1.2275720704831194,1.3795970219952096
2011-02-22,1000,-0.010794322765667871,-0.013740143900389919,-0.02439198611955276,1.1139325235334918,1.2107050535865818,1.3459459105841263
2011-02-23,1000,-0.00026749329299929805,-0.014360817051943312,-0.014637258441344001,1.1136345540545929,1.1933183398081615,1.3262449524428364
2011-02-24,1000,0.000494377222662515,0.0023891210800655225,0.0028930823330683576,1.1141851096124873,1.196169321809026,1.33008188828407
2011-02-25,1000,0.005086675871401416,0.013252680382308006,0.01839100281990563,1.119852608125828,1.212021771514083,1.3545434280422077
2011-02-28,1000,0.004520875447723106,-0.001261149028173592,0.003237816419168715,1.1249153222869728,1.2104932314348127,1.3589291909939998
2011-03-01,1000,0.003252576988446167,-0.02114433461518438,-0.017979635848958418,1.1285741959781939,1.184898157499939,1.334496138995408
2011-03-02,1000,-0.0013046160117843773,0.005432652608673336,0.004107133620694986,1.1271018400116342,1.1913352975662934,1.3399770929545638
2011-03-03,1000,0.0096752671977935,0.010951197987638422,0.020721937099350753,1.1380068514728714,1.204381846279604,1.367744013989339
2011-03-04,1000,-0.00024501391917079794,-0.0062787006832389835,-0.0065217178824051114,1.137728023954149,1.1968198931584877,1.3588239733947522
2011-03-07,1000,0.003528269487678689,-0.01563496128650986,-0.012189152877508882,1.1417422350263433,1.1781076604620297,1.3422610602494196
2011-03-08,1000,0.0011845088296801034,0.013201953063749963,0.014397108081001569,1.1430946387849505,1.1936609824994937,1.3615857378067502
2011-03-09,1000,-0.0018912973774275652,-0.00022055449113351388,-0.0021087223267990396,1.140932706892465,1.1933977152089126,1.3587145315615858
2011-03-10,1000,-0.01174106014784074,-0.009472905599260149,-0.021096387952998025,1.127536947356202,1.1820927713103657,1.3300505626863866
2011-03-11,1000,-0.00432810132399905,0.01046834722254052,0.006056161740658794,1.1226568532014918,1.1944673288896976,1.3381055640172694
2011-03-14,1000,-0.008305655405150082,0.002203002850975814,-0.006134845890922715,1.11333245224057,1.197098743820639,1.3298964925962373
2011-03-15,1000,-0.026868589468440764,0.018807536411259755,-0.008649599314976419,1.083418779639426,1.219613222032919,1.3183934208048873
2011-03-16,1000,-0.0020872074828818888,-0.011598871880248503,-0.013664888176939045,1.0811574598554676,1.205467084527102,1.3003777221363764
2011-03-17,1000,0.015228569251536794,-0.00811829835809699,0.0069895771360719,1.0976219411046924,1.1956807430740457,1.309466812531278
2011-03-18,1000,0.011094592834199266,-0.002645236471926705,0.008399304181915469,1.1097996096271323,1.1925178847636857,1.3204654226058516
2011-03-21,1000,0.011859203038605756,0.006991106864702441,0.018938859800511198,1.122960948529866,1.2008549047341375,1.3454735321160065
2011-03-22,1000,0.0009486629274335544,-0.0062636574264307,-0.005326471708657601,1.1240262599506918,1.193333160992034,1.338306905412443
2011-03-23,1000,-0.002004285713983755,0.004381433130264074,0.00237010233225946,1.12177339017573,1.1985616704390472,1.34147882973024
2011-03-24,1000,0.005352136623995843,0.0031369937815663882,0.008497637998593245,1.1277772746211137,1.2023215509460383,1.352878231208064
2011-03-25,1000,0.0035831375310166084,0.0024664704800503893,0.006052816650989909,1.1318182557004364,1.2052870415589751,1.361066955092682
2011-03-28,1000,0.0026238660928715363,-0.0058166321582606,-0.003210627882978451,1.1347879952448616,1.1982763301931085,1.3566970755760608
2011-03-29,1000,-0.000489822437339768,0.008798021653591418,0.008302208281696914,1.134232150623167,1.2088187912931336,1.3679606572726621
2011-03-30,1000,0.005050598408780191,0.00547520086754786,0.010584557842652498,1.1399607017182916,1.21543731698793,1.3824399159760374
2011-03-31,1000,-0.0016189644063639896,0.004114507112777594,0.002483296904795722,1.138115145917556,1.220438242473812,1.3858729247404467
2011-04-01,1000,0.005719523259514599,0.00043800099204269714,0.0061465571821283415,1.1446246219666374,1.2209727956347423,1.3943912719195273
2011-04-04,1000,0.0027746760656312233,-0.001408112105283978,0.0013545198403810367,1.1478005845093404,1.2192535290609865,1.3962800025625963
2011-04-05,1000,-0.0018482948081167128,0.0040507701321878965,0.002182369411305622,1.1456791106482385,1.2241924448400714,1.3993272013298068
2011-04-06,1000,0.005191099667926416,-0.002082473787548216,0.003087839494141406,1.151626445099075,1.2216430961627773,1.4036480991272993
2011-04-07,1000,-0.0004409148006519928,-0.004156250920487387,-0.004599345055357343,1.1511186759546086,1.2165656409198438,1.3971922371831165
2011-04-08,1000,0.005561954240397529,-0.014493172851974875,-0.009033993509772024,1.1575211453555352,1.1989337448002189,1.3845700115805002
2011-04-11,1000,0.0004988838933391475,-0.005615304211481216,-0.005123448250526612,1.1580986140111524,1.1922013670937552,1.3774762387769366
2011-04-12,1000,-0.006062350584498157,-0.003668956815052984,-0.009707449861929878,1.1510778142015954,1.1878272317630412,1.3641044572530099
2011-04-13,1000,0.006125668815192893,-0.0060321507258755,5.6239197604104786e-05,1.1581289356719104,1.180662078864747,1.364181173393134
2011-04-14,1000,-0.006351232342099212,0.007907346320504181,0.0014970966991188143,1.15077338971935,1.189997982809817,1.366223484524821
2011-04-15,1000,0.0007620953352597946,0.0069720400239335215,0.007736506826905516,1.1516503887515963,1.1982946963743673,1.3767932818399258
2011-04-18,1000,-0.012415873802725073,-0.0008324177255774301,-0.013244128299956748,1.1373516428599972,1.1972972146286398,1.3585588549727194
2011-04-19,1000,0.0029644794672278644,0.0004189022425351816,0.003370137892928108,1.1407232984522735,1.197798765116829,1.363137385649636
2011-04-20,1000,0.013902916125275274,0.002776692458412406,0.01672536451354973,1.1565826787928029,1.2011246839146246,1.3859363553066733
2011-04-21,1000,0.006612579808434097,-0.0005770731429669987,0.006027205469977381,1.1642306740613726,1.2004315471181828,1.3942896784884182
2011-04-25,1000,-0.0014817038851200955,6.439963755343037e-05,-0.0014330294177521653,1.16250562894844,1.2005088544747249,1.3922916203622762
2011-04-26,1000,0.003727316843454192,0.007108744111322722,0.010856175937393799,1.1668386557598298,1.2090429647245629,1.407406583149088
2011-04-27,1000,0.0015797561219928577,0.004869450073130035,0.006460836922013217,1.1686819762696443,1.2149303390775583,1.416499607565782
2011-04-28,999,-0.0015335453370230053,0.0043312442334926754,0.002786661740115617,1.1668897494744732,1.2201924991027833,1.4204469128270742
2011-04-29,1000,0.0012333071095514496,0.00014814959098403724,0.0013855508517669132,1.1683288828985627,1.2203732701224472,1.4224150142570313
2011-05-02,1000,0.004107126926834103,-0.010245813201503008,-0.0061986675881433246,1.1731273579129133,1.2078695535606654,1.4135979364112679
2011-05-03,1000,-0.0019445888940565123,-0.00468554710339118,-0.006608649378473188,1.170846107481402,1.2022100238727047,1.4042559632873926
2011-05-04,1000,0.00010579495556379126,-0.009382892961671139,-0.009288108108551416,1.170969977093315,1.190929815901259,1.3912130820883013
2011-05-05,1000,-0.005773129964895538,0.002542587370152704,-0.003240953212428702,1.1642098152305647,1.1939578590099078,1.3867042255807345
2011-05-06,1000,0.011521408357581853,-0.008006504051073567,0.003404628106961221,1.177623151925741,1.1843984305749338,1.3914254377631887
2011-05-09,1000,-0.00024118878471982353,0.007505971386585152,0.007264675028401717,1.17733912242887,1.1932884913051454,1.40153369139479
2011-05-10,1000,0.0038764268059525817,0.008856313194984436,0.012788862404782258,1.1819029913627501,1.203856627916114,1.4194577129297046
2011-05-11,1000,-0.0022519807857293746,-0.009971180290646836,-0.01220151919587389,1.1792413685356051,1.1918527564350723,1.4021381723976616
2011-05-12,1000,-0.0035627302943502196,0.011479195498597373,0.007867248252841937,1.1750400495875724,1.2055342672317326,1.4131691414847
2011-05-13,1000,0.0007244364353761484,-0.011799568010960153,-0.011082484707120005,1.17589129141252,1.1913094836559888,1.397507716085622
2011-05-16,1000,-0.004224633269245172,-0.004668730238487751,-0.008870101952897691,1.170923581941803,1.1857475810462468,1.3851116801639813
2011-05-17,1000,-0.00451886780267103,0.0006993225625556005,-0.0038203231962903607,1.1656323330679779,1.186576801083168,1.3798201058827981
2011-05-18,1000,0.0016780343418604951,0.01067073589220482,0.01236970986617771,1.167588304152849,1.1992384487433438,1.396888080260087
2011-05-19,1000,0.004621181606855655,-0.002359877209690014,0.002245885407174223,1.17298394174838,1.1964083932591705,1.4000253308149988
2011-05-20,1000,-0.00344822670369038,-0.004943801327936754,-0.008373455731984301,1.1689392271974433,1.1904935878558212,1.3883022806837626
2011-05-23,1000,-0.013975987073134945,-0.0015864901739998242,-0.015542657904523558,1.1526021476688515,1.188604881476478,1.366724373267025
2011-05-24,1000,0.003246706281206313,-0.006525570571543062,-0.0032988182677809474,1.1563443083014198,1.1808485564407227,1.36221579793747
2011-05-25,1000,-0.00327891344192696,0.010682476703155275,0.007357657524631125,1.1525527554054344,1.1934629436348552,1.3722385152533358
2011-05-26,1000,-0.0025349416968400017,0.010835407440896047,0.008268490075431468,1.1496311013679494,1.20639460089475,1.383584855797833
2011-05-27,1000,0.003542698666792995,0.002842087798939988,0.0063933896294575965,1.1537038979380694,1.2098232802706599,1.3924306528663655
2011-05-31,1000,0.009294766722774898,0.0024617590930967495,0.011767733830176232,1.16442730653656,1.2128015737319062,1.4088164061662753
2011-06-01,1000,-0.002569909750023659,-0.024936086659421357,-0.02745347304245937,1.1614348334482978,1.1825590485886448,1.370139502937815
2011-06-02,1000,0.0015671930908314935,-0.0027594657634812192,-0.0012508383801889736,1.163255026094729,1.1792958173807695,1.3684256798613272
2011-06-03,1000,-0.013739784688372794,-0.0004626917644800177,-0.014206144808761104,1.1472721524985199,1.1787501669181817,1.3489856264931899
2011-06-06,1000,-0.0018458959721259047,-0.01083792705132238,-0.012659441521522383,1.1451544074532907,1.1659749585973884,1.331908221841225
2011-06-07,1000,0.006418776157169392,-0.004376140856659639,0.0020093871499674712,1.1525048972601293,1.1608724879432284,1.3345845411071289
2011-06-08,1000,-0.003152284304715092,-0.0061939281122535385,-0.009317422588141718,1.1488718741613888,1.1536821272054152,1.3221496529580326
2011-06-09,1000,0.003120444960901648,0.0031796636127754845,0.0063095098460348815,1.1524568656118375,1.1573504482859995,1.3304917692113027
2011-06-10,1000,-0.0049817866396668214,-0.01005992005625005,-0.014987829234395454,1.14671557139594,1.1457075952991773,1.3105505857765951
2011-06-13,1000,0.00317260867527539,-0.004162303950041225,-0.0010206042101675993,1.1503536511658243,1.1409388120496713,1.309213032331114
2011-06-14,1000,0.010450053844074379,0.008028067996560462,0.018572407694702427,1.1623749087602349,1.150098346412721,1.333528270526785
2011-06-15,1000,-0.009526251113043123,-0.0073722111358357325,-0.01682502209332406,1.1513018334918843,1.1416195785759908,1.3110916279130997
2011-06-16,1000,0.00026923816975473093,0.0018722359040051649,0.002149622114366988,1.1516118078903688,1.143756959739716,1.3139099794704232
2011-06-17,1000,0.008692966122005354,-0.005785173293077174,0.002845390300663497,1.1616227303220612,1.1371401275224586,1.3176485661819535
2011-06-20,1000,-0.0033094239393067627,0.011496384042945626,0.00814660343152126,1.1577784282498904,1.150213127139101,1.3283829265127503
2011-06-21,1000,0.006323068750844107,0.011498170587508596,0.017891374984573192,1.165099140849959,1.163438473886938,1.3521495235740948
2011-06-22,1000,-0.00351553488245194,-0.00283819444705506,-0.006338230694738858,1.1610031941787862,1.160136409270862,1.343579287959901
2011-06-23,1000,-0.012002763288642845,0.011943263363749294,-0.00023479416735834935,1.1470679476617,1.1739922239446583,1.3432638233797043
2011-06-24,1000,0.0010550975568556224,-0.009736621628399576,-0.008690600331672448,1.1482782162508254,1.1625615058654257,1.331590054350717
2011-06-27,1000,8.86487594216111e-05,0.008061210489811349,0.00814983177121163,1.1483800096901668,1.1719331588715591,1.342442289281894
2011-06-28,1000,0.003512202342909864,0.010128175213838174,0.013674561801024762,1.1524133526507516,1.1838027032435172,1.3607995993309883
2011-06-29,1000,0.0042380872366075285,0.002567007619153525,0.0068166351778448115,1.1572973809719167,1.186841533802318,1.3700756737497852
2011-06-30,1000,0.003152055141376183,0.006512642524711309,0.009666154476266247,1.1609452461317105,1.1945710084454524,1.3833190368564252
2011-07-01,1000,0.0013970515574644065,0.015587430363946187,0.017004163105939735,1.1625671464959497,1.2131913008543849,1.4068412193866833
2011-07-05,1000,-0.001024252690030756,-0.0006408491711544207,-0.0016514988635753594,1.1613763839688098,1.2124138282147807,1.404517822711635
2011-07-06,1000,-0.0019124920513805747,0.005180775477080942,0.003254640580850304,1.1591552608658084,1.2186950720440697,1.4090890234139597
2011-07-07,1000,0.008693663628417178,0.0041582845670044034,0.012895031637228322,1.169232566796886,1.223762752954035,1.4272592709505538
2011-07-08,1000,-0.013027177998198185,0.004625160928942089,-0.008472423320531504,1.1540007660279328,1.2294228526252924,1.4151669262189075
2011-07-11,1000,-0.01224469591132097,-0.008555810985435444,-0.02068616440046022,1.1398703775664893,1.2189041430770555,1.3858925505290491
2011-07-12,1000,-0.003659396769019506,-0.00015234342128969702,-0.003808327423267958,1.1356991395897216,1.218718451049675,1.3806146179231666
2011-07-13,1000,0.005670413947493559,-0.0004727514876634634,0.005193322135114992,1.1421390238310074,1.2181423000888982,1.3877845943784903
2011-07-14,1000,0.0029400226886416706,-0.015632140695135934,-0.0127483775107255,1.1454969384746536,1.199100128267212,1.3700925924657843
2011-07-15,1000,0.00478110991906968,-0.0001033443237607563,0.004687347899107909,1.1509736852494588,1.1989762080753348,1.376514693100662
2011-07-18,1000,-0.004260868000325929,-0.009868386785761985,-0.014068408057589082,1.146069538304762,1.1871442471071212,1.3571493227008549
2011-07-19,1000,0.0076096170617963544,0.011269093837588052,0.01897146594098825,1.154790688617451,1.2005222870265242,1.3828964348533095
2011-07-20,1000,0.002588930586178401,-0.0029645970433897478,-0.00037784263679264686,1.1577803615518467,1.196963222203882,1.3823739176179535
2011-07-21,1000,0.0041874198250805884,0.007637064625727449,0.011860474577108038,1.1626284739908979,1.206104507686472,1.3987695283239185
2011-07-22,1000,0.000373471740056495,-0.00021892068361815863,0.00016895817554815796,1.1630626828701185,1.2058404664631344,1.3990058618714365
2011-07-25,1000,-0.010393055318016582,0.0019767388170111133,-0.008446159593106335,1.1509749080687286,1.2082240981203147,1.387189635090379
2011-07-26,1000,-3.194898236541677e-05,-0.005830244764154629,-0.005851004844145038,1.1509381355916877,1.2011798558983233,1.3790731818157174
2011-07-27,1000,-0.0051206976643827385,-0.0211405599788676,-0.02614152468871031,1.1450445293689142,1.1757862411092972,1.3430221061857435
2011-07-28,1000,0.0014230678708026417,-0.004961794990808131,-0.0035503636809561226,1.1466740054492974,1.1699522308279,1.3382538892772204
2011-07-29,1000,-0.010262427983542021,0.008308515134536806,-0.0020631513175834613,1.1349063460477744,1.1796727966444187,1.335492869002297
2011-08-01,1000,0.01249287527295405,-0.01903332881181912,-0.006814407921494593,1.1490845894754333,1.1572196964155272,1.3263922758166682
2011-08-02,1000,-0.006926785438204035,-0.02364270123854576,-0.03039159501531057,1.1411251270737903,1.1298598968658145,1.286081098938612
2011-08-03,1000,0.0018598604906427034,0.004934736333907594,0.00677114532972797,1.1432474606125147,1.1354354575511032,1.2947893409653415
2011-08-04,1000,-0.014209966755746794,-0.040195899981606456,-0.053860754303417274,1.127001952203619,1.0897956074638095,1.2250510103969237
2011-08-05,1000,0.012821875127274495,-0.021518383891286626,-0.009079191408095709,1.1414522305029682,1.0663449672193654,1.213928537788849
2011-08-08,1000,-0.03174951355008065,-0.05090432364857261,-0.08106964625351917,1.1052116774438445,1.0120633978870044,1.1155157806532552
2011-08-09,1000,0.021490851478285184,0.038374907843010723,0.06069462452220099,1.1289636174558566,1.0509012375122024,1.1832215921085945
2011-08-10,1000,-0.022046225026173986,-0.024123608264584793,-0.04568191024849417,1.1040742314990613,1.0255497077336906,1.1291697695338092
2011-08-11,1000,0.007841313833046133,0.04483377959761949,0.053004458512786616,1.1127316240432248,1.0715289772966259,1.1890208017369568
2011-08-12,1000,0.01023614432737184,-0.006079689671914507,0.00403883511327007,1.124121705544562,1.0650144136401984,1.1938230607014206
2011-08-15,1000,0.009395915379847903,0.016690069762648977,0.026244889307226942,1.134683857966509,1.0827895785020802,1.2251548147819442
2011-08-16,1000,-0.011301376729368914,-0.0033444924745982497,-0.01462227791438837,1.121860368218896,1.0791681969052067,1.2072402605920516
2011-08-17,1000,0.006186216980948437,-0.008561057375307116,-0.0024549665859407367,1.1288004398790246,1.0699293760538946,1.2042765260910957
2011-08-18,1000,-0.030038661624249785,-0.025179587886202212,-0.054432979661748676,1.094892785424194,1.042988995297516,1.1387241664392578
2011-08-19,1000,-0.014992639685903697,-0.0014988167241804992,-0.01650705643861518,1.0784774523976337,1.041425745948228,1.1199271823558299
2011-08-22,1000,0.025267953441464742,-0.023647746999461126,0.000968584766898313,1.1057283704524867,1.016798373389319,1.1210119267646952
2011-08-23,1000,0.005240733562273589,0.036981356953396646,0.04239397499838856,1.111523198234275,1.0544009569852626,1.1685360783608532
2011-08-24,1000,-0.002693678660400722,0.019286468737799455,0.01652707469977052,1.108529111914651,1.0747366280792645,1.1878485614173
2011-08-25,1000,0.007649271270971938,-0.029296720372493285,-0.02192446235708596,1.1170085518034558,1.0432503696123498,1.1618056203465876
2011-08-26,1000,-0.007153541759045655,0.03085496084687363,0.02345431559544068,1.1090179844829187,1.0754398189202252,1.1890549760267533
2011-08-29,1000,0.01372926486416663,0.02811112464907685,0.042246063202390716,1.124243986131009,1.1056716417224723,1.2392878676950967
2011-08-30,1000,-0.005622474654706525,0.009149086762245864,0.0034721571502305346,1.117922952813281,1.1157875275031461,1.2435908699261082
2011-08-31,1000,0.007269290872102233,-0.004161239125569088,0.003057752763886277,1.12604945992988,1.111144468787878,1.2473934633457684
2011-09-01,1000,0.0006328375567993873,-0.02033485064930577,-0.01971217724977817,1.1267620663189375,1.0885495119652744,1.222804622296082
2011-09-02,1000,-0.021613809695077382,-0.01178272827656773,-0.033142259776422045,1.1024084454458878,1.0757234288501971,1.1822781138481355
2011-09-06,1000,-0.03057709350322743,0.024492858957030527,-0.006888640561785472,1.0686999993307413,1.1020709710697982,1.17413382487777
2011-09-07,1000,0.017060615648527188,0.021959220330525574,0.039428218395632375,1.0869326792629044,1.1262715903433964,1.2204278297507498
2011-09-08,1000,-0.007765082748078316,-0.009445950112603668,-0.017128842263825213,1.0784925570668376,1.11563288508777,1.1995233139605668
2011-09-09,1000,-0.01157716672859786,-0.0178429909282443,-0.02921472129586418,1.066006668918123,1.0957266576398978,1.1644795746553174
2011-09-12,1000,-0.015067982348418918,0.02198496014127834,0.006562011043327932,1.0499440992475677,1.1198161645338471,1.1721209024839354
2011-09-13,1000,0.0034931922823876996,0.012480466633983752,0.016016724595736845,1.053611755871998,1.1337919928115074,1.190894440171927
2011-09-14,1000,0.007530927105893524,0.010146182032407462,0.01775510959158866,1.0615464292033823,1.145295652757459,1.2120389014691932
2011-09-15,1000,0.010217104936316173,0.004601817654204277,0.014871517254550135,1.072392360465325,1.1505660945116016,1.2300637589055783
2011-09-16,1000,0.004341927509544441,-0.0026167182146563986,0.0017062434194049724,1.0770486103562547,1.1475553872549271,1.2321625470996596
2011-09-19,1000,-0.01874273415588955,0.00337839017490927,-0.015431989784081957,1.0568617745793771,1.1514322771003935,1.2131478272604892
2011-09-20,1000,0.0048041854144975716,-0.016066823778117547,-0.01135249241963783,1.0619391345019513,1.132932417611785,1.1993755757476143
2011-09-21,1000,9.57232130556126e-05,-0.036348313344696764,-0.03625032896639595,1.0620407867279753,1.0917522350980668,1.155897816572503
2011-09-22,1000,-0.029818243385732635,-0.0021704498070405655,-0.031910898712079576,1.0303725960637455,1.089382641670062,1.119012078426344
2011-09-23,1000,-0.003906703028304939,0.015327692632848442,0.011362038884499638,1.0263472363224209,1.1060803639611414,1.131726337173649
2011-09-26,1000,0.009185632540073294,0.013120388594903722,0.022424961368204124,1.0357748848937982,1.1205925681535043,1.1571052565641473
2011-09-27,1000,0.022048370906123802,-0.003909020646352343,0.01804046900050026,1.0586120337311844,1.1162121486684433,1.1779799780755087
2011-09-28,1000,0.0022302873288471544,-0.03532366624546276,-0.03317687017028742,1.06097304273618,1.0767834432697483,1.1388982892796995
2011-09-29,1000,0.021627855729006426,-0.006491288561690631,0.015009322758489908,1.083919614636843,1.0697937312210335,1.1559923812925905
2011-09-30,1000,-0.016406636240844968,-0.013004066585746397,-0.029183723918894063,1.0661361398051796,1.0558820623072211,1.1222562187846028
2011-10-03,1000,-0.007618766044934153,-0.037517025588197514,-0.04484855590257016,1.0580134979839548,1.0162685079575224,1.0719246480194344
2011-10-04,1000,-0.011673344648878904,0.06220767860255015,0.049780576039028857,1.0456629417788221,1.0794882126744372,1.125285674468275
2011-10-05,1000,0.0008463055788605631,0.017676482014344762,0.018526236752778296,1.0465478921600573,1.098569766650474,1.1461329832879843
2011-10-06,1000,-0.0016438235144022265,0.02667133813752451,0.024965861380813328,1.0448275521259764,1.1278700923644702,1.17474718047273
2011-10-07,1000,0.004282977015718989,-0.023701834804545338,-0.01954840637720165,1.049302524517122,1.1011375017542602,1.1517827451983773
2011-10-10,1000,0.01967607563903356,0.01954010014603995,0.03960206142128325,1.0699486803577496,1.1226538388130987,1.1973957162176978
2011-10-11,1000,-0.008227650006087987,0.010265522782382405,0.0019306331161767045,1.0611455170912905,1.1341784673721635,1.199707448040596
2011-10-12,1000,0.00884580237107979,0.00693021574472008,0.015825372313464564,1.0705322006224374,1.1420385688440684,1.2186932650730748
2011-10-13,1000,-0.0064984816851613655,0.003415106473083254,-0.0031179154640416746,1.063575366723317,1.1459387521530384,1.21489348249598
2011-10-14,1000,0.012939855826923129,0.004340774764129973,0.017340579079527834,1.0773378786297836,1.1509130141696229,1.2359604390024046
2011-10-17,1000,-0.007241503077781063,-0.022551126525350386,-0.029624378630152725,1.0695363330658758,1.1249586291674114,1.1993458789855076
2011-10-18,1000,0.0016461005839471907,0.027955367246283107,0.02970907866517265,1.0712968974482884,1.1564072607826617,1.2349773400510387
2011-10-19,1000,-0.0017341627005165489,-0.014986617823624464,-0.016698275879405703,1.0694390943275545,1.1390766271168475,1.2143553477220517
2011-10-20,1000,0.0003517333826157316,0.005273650944126759,0.005593750912602796,1.0698152517577038,1.1450837196468748,1.2211481490565959
2011-10-21,1000,0.015018882532573361,0.00887433626602475,0.024019824247283914,1.085882681355408,1.1552455776277717,1.2504799129768314
2011-10-24,1000,0.0036151122134114367,0.023654538757050113,0.027355016541933858,1.089808269099108,1.1825723789176785,1.2846868116816685
2011-10-25,1000,-0.007696851317141758,-0.01889617690373212,-0.026498902419235162,1.0814201768876606,1.1602262820441827,1.2506440212196377
2011-10-26,1000,0.014874686824879777,0.0005950331226964433,0.015454759183402708,1.0975059633449704,1.160916655111822,1.2699724233917495
2011-10-27,1000,0.031448820229586526,0.01591354139855088,0.047831315253574605,1.1320212310871056,1.1793909503632112,1.3307168747383464
2011-10-28,1000,-0.00476154042959477,0.0023216397703166632,-0.002496315490672162,1.1266310662281247,1.1821290712983261,1.3273949855902383
2011-10-31,1000,-0.014302636859513293,-0.011789586254117532,-0.02592054458769709,1.1105172712132176,1.1681922586487548,1.292988184680761
2011-11-01,1000,-0.03472202410730462,0.0006007949386631014,-0.03417297974155443,1.0719578637505742,1.1688941026451363,1.248802925639596
2011-11-02,1000,0.0173738103609482,0.0050799756048264385,0.022564759873709806,1.0905818563903038,1.1748320561711991,1.2769818637862398
2011-11-03,1000,0.011891558164612556,0.012668898943199664,0.02470120513303695,1.1035505739688403,1.1897158847660634,1.3085248547547914
2011-11-04,1000,-0.010113624726888747,0.005926056721213826,-0.004268046637792286,1.0923896775965767,1.1967662085813162,1.3029400096479877
2011-11-07,1000,-0.001693841740843838,0.0030345488802109364,0.0013281373311077418,1.0905393423633967,1.2003978541394411,1.3046704929149953
2011-11-08,1000,0.0065794149669427225,0.0065687645242840376,0.013196390835066614,1.0977144532345822,1.2082829849787389,1.3218874346504805
2011-11-09,1000,-0.02616721579501304,-0.018396383674547375,-0.04407954756999253,1.0689903222554882,1.1860549475996427,1.2636192345926291
2011-11-10,1000,0.015087863130425238,-0.006161880852124469,0.008817180766400269,1.085119101925428,1.178746618328461,1.274760793803933
2011-11-11,1000,0.01207193628016499,0.011996993747277017,0.024199734847495814,1.0982185905802615,1.1928880341381713,1.3056096670079713
2011-11-14,1000,-0.004817029625520025,-0.008507978308230305,-0.013289578843019092,1.0929284390941396,1.1827389686195762,1.288258664400061
2011-11-15,1000,-0.004732445182847019,0.014474761219001205,0.00965622914144847,1.087756215167352,1.1998588327747524,1.3006983852569642
2011-11-16,1000,-0.010496856682463798,-0.007337829462463022,-0.017740690542490615,1.076338194071281,1.1910544732808213,1.2776230977150032
2011-11-17,1000,-0.0011090231943991964,-0.01615615492438715,-0.017243789229457702,1.0751445100490382,1.1718116126871119,1.255592034303319
2011-11-18,1000,0.004865424952699348,-0.003628446586707896,0.0011942046458006176,1.0803755449759886,1.1675597568407927,1.2570914681439143
2011-11-21,1000,-0.017058899400168234,-0.005132938746665162,-0.022102569560283062,1.0619455272398413,1.1615667441258577,1.229306516525625
2011-11-22,1000,-0.0015971445424438895,-0.005567125391097797,-0.007163107502848208,1.0602494467366375,1.1551001564111798,1.2205008617938
2011-11-23,1000,-0.00965798046728198,-0.0180230396592145,-0.02749525303869974,1.0500095782896086,1.1342817404818162,1.1869428817648284
2011-11-25,1000,-0.0035717321833881204,-0.002548013948151967,-0.006111039726193273,1.0462592252859657,1.1313915747859344,1.1796894266616411
2011-11-28,1000,0.03230986778004601,0.005732386465754831,0.0382214819451024,1.0800637225186085,1.1378771485367063,1.224778904783617
2011-11-29,1000,0.001992402905388298,-0.0024545650324415574,-0.00047174945152169377,1.0822156446173592,1.1350841550766937,1.22420111600705
2011-11-30,1000,0.034378602161462955,0.01931963083844287,0.0543948999330668,1.1194207057165706,1.1570135619233413,1.2907914132102023
2011-12-01,1000,-0.004112936890574644,-0.0008740896969350108,-0.005005319010852469,1.1148165989999557,1.15600222828965,1.2843305904106161
2011-12-02,1000,0.011744440785944159,-0.008854509634681929,0.002790484288814843,1.1279094965340983,1.1457663954215456,1.2879144947448014
2011-12-05,1000,0.01636033168836896,-0.002602610411234397,0.013715626967910302,1.1463624700118573,1.142784411871979,1.3055790495212858
2011-12-06,1000,-4.2050590650112627e-05,-0.0008190557630007767,-0.0008620451037712056,1.146314264792894,1.1418484077135678,1.3044535814940597
2011-12-07,1000,-0.005666842729787237,0.00718513512815669,0.0014647798374251941,1.139818282135401,1.1500527428188603,1.3063643187990892
2011-12-08,1000,-0.00816931610399555,-0.020444093964843278,-0.02843407908293847,1.1305067462875238,1.1265409564801458,1.2692190524472269
2011-12-09,1000,0.004540574014608197,0.02043966588780224,0.025065422896886364,1.1356398958430562,1.1495670772395252,1.301032564745602
2011-12-12,1000,-0.012652295798277069,-0.0027495463927070672,-0.015369419330680378,1.1212714439605254,1.1464062892291265,1.2810364496951563
2011-12-13,1000,0.0071810450891712785,-0.024223648610716266,-0.017242332690226177,1.1293233447568058,1.1186361461137249,1.2589483930412062
2011-12-14,1000,-0.007194567967350648,-0.00735581055250169,-0.014480549464589513,1.1211983511958372,1.1104076705457318,1.2407181285624076
2011-12-15,1000,0.012873713242919235,-0.0034066907146345707,0.009409859987412762,1.1356323372575663,1.1066248550450246,1.2523931124360248
2011-12-16,1000,0.007839304646786248,-0.0006837301207652335,0.007143173341152817,1.1445349051160703,1.1058682222992429,1.2613391735294213
2011-12-19,1000,0.00494269890045938,-0.02216546063635526,-0.01735470942934022,1.1501919965331246,1.0813561437488728,1.239448998680974
2011-12-20,1000,0.019168678654392368,0.018048365148060474,0.03759870360794235,1.172239657305522,1.100872854286351,1.286050674219541
2011-12-21,1000,-0.0018917331029376498,0.005028819905614855,0.0030699670352642874,1.1700220927412208,1.1064089456095372,1.2899988073950743
2011-12-22,1000,0.0029703185998932635,0.007322143794698923,0.010309829874757927,1.1734974311255761,1.1145102310050314,1.3032984756379582
2011-12-23,1000,0.003477504099456534,0.0025164932768554867,0.005996072907412689,1.1775782732530171,1.1173148885083424,1.3111131483180032
2011-12-27,1000,-0.003024660865829767,0.005728220197698567,0.002681790868109603,1.1740164983334573,1.1237151142198851,1.314629279586221
2011-12-28,1000,-0.00035045570547060257,-0.0176311993848784,-0.01797580958639576,1.1736050575532997,1.1039026689892728,1.2909977539796784
2011-12-29,1000,0.002751390226781278,0.010912099533561368,0.01368755317460887,1.176834103038753,1.1159485647886478,1.3086683543855757
2011-12-30,1000,-0.0014578789151218426,-0.0039606790072465895,-0.005419067390685661,1.1751184214133366,1.1115286507349225,1.3015765923811027
2012-01-03,1000,0.02096264446435202,-0.0066189610517087705,0.014224145877083599,1.199752011084935,1.1041714858878495,1.3200904077013287
2012-01-04,1000,-0.00469404285128957,0.0015518592244158711,-0.003143228228775113,1.1941203237339812,1.1058850045935615,1.3159410622673067
2012-01-05,1000,-0.00587585740309314,0.012773667882557157,0.00679223928417903,1.187103842989585,1.12001121235854,1.324879248846103
2012-01-06,1000,-0.0001542401116786628,-0.0017192945585256698,-0.0018653551246338924,1.1869207439602683,1.1180855831756442,1.3224078785497468
2012-01-09,1000,0.0029222042670752047,0.0013464159554781871,0.004201420392431589,1.1903891688229489,1.119590991444422,1.327963869977798
2012-01-10,1000,0.012136500488067694,0.0022336877918318196,0.014398120563366265,1.2048363275513592,1.1220918081738562,1.347084053881533
2012-01-11,1000,-0.0038532719072214804,0.00772720682023447,0.003857042946195254,1.2001937655776056,1.1307624436469066,1.3522798149294888
2012-01-12,1000,0.002159526484013879,0.0027669356348318025,0.004917862735167962,1.202785615800319,1.1338911905467628,1.3589301414388504
2012-01-13,1000,-0.009716897486106164,0.0034357066390796657,-0.006330207532828551,1.1910982712738243,1.1377869080381184,1.3503278316209264
2012-01-17,1000,0.008611803867105756,-0.006421725552180562,0.0021117429213771384,1.201355775972483,1.1304803527778335,1.3531793768608904
2012-01-18,1000,-0.00020534524100527296,0.016026300531498085,0.015829799494965748,1.201109083281133,1.148597770656405,1.3745999350773208
2012-01-19,1000,0.0035606647207202693,0.0030234177725077995,0.0065885469771743,1.205385830019709,1.1520704615696702,1.3836565513243984
2012-01-20,1000,-0.0016811891164942793,0.0024595957711514515,0.0007712444893126838,1.2033593484811034,1.1549040892050155,1.3847236888147088
2012-01-23,1000,0.00022404013096557395,-0.0010631836440685868,-0.0008433641940598579,1.203628949267136,1.1536762140669048,1.383555862436896
2012-01-24,1000,-0.006460462565498098,0.010610424997665907,0.004072208686854648,1.1958529494976458,1.165917209007853,1.38918999063866
2012-01-25,1000,-0.0017683556044576468,0.0110128118557165,0.00920897250980324,1.1937382562322945,1.1787572358699985,1.4019830030733453
2012-01-26,1000,0.0052675717368792455,-0.008785728153949058,-0.0035645099287179437,1.2000263581320554,1.1684009952361443,1.3969856207389966
2012-01-27,1000,-0.0047218068303275015,0.00790850538990223,0.0031326002107642495,1.1943600654776543,1.1776413008045363,1.4013618181889582
2012-01-30,1000,-0.008895372007629947,0.002529919160508861,-0.006401366994514818,1.1837357883841733,1.1806206380956483,1.3923911868986303
2012-01-31,1000,0.005895142151724111,-0.006461095573293102,-0.0006220403635549359,1.1907140791267812,1.17299253531711,1.3915250633785212
2012-02-01,1000,0.007987181329024113,0.010664022839716281,0.018739360546266667,1.2002245283877888,1.1855013545045485,1.417601353250338
2012-02-02,1000,0.0014690920740085195,0.0004890892685908085,0.0019412414138402338,1.201987768729474,1.1860811704949363,1.4203532597055835
2012-02-03,1000,0.012817466092414829,0.0066101979010020975,0.01952446012676059,1.2173942061986613,1.19392140175856,1.4480848902906196
2012-02-06,1000,-0.004910741575283284,0.0020460496625442086,-0.002881563346122339,1.2114158978567726,1.1963642242397325,1.4439121419486847
2012-02-07,1000,-0.0027099978605924307,0.002847710207294335,0.00012664456503873534,1.208132963365293,1.199771122852742,1.444095005573856
2012-02-08,1000,0.0009365414243113517,0.001385256266521392,0.002310591052290755,1.2092644299315607,1.201433113319065,1.4474317185723926
2012-02-09,1000,0.002314153204219893,-0.001469281836584673,0.0008119493769810822,1.212062853086836,1.1996678694677938,1.4486069598545102
2012-02-10,1000,-0.010009365435683827,-0.00045425700328364827,-0.010466358390863394,1.1999308730592724,1.1991229119364737,1.4334453202451738
2012-02-13,1000,0.009032692701315157,0.0010085225769411769,0.010047905821970272,1.2107694798984376,1.2003322544656891,1.4478484438239412
2012-02-14,1000,-0.00393993023015793,0.0003333640244213603,-0.003621025074022126,1.2059991326228332,1.2007324020566807,1.4426057483054706
2012-02-15,1000,0.00415268994401899,-0.009113836432340306,-0.005010337137152024,1.2110072730933716,1.189789123345325,1.4353778071504668
2012-02-16,1000,0.00031049001978929414,0.015865285903355102,0.01617400045863617,1.2113832787655594,1.2086654679519007,1.4585936084616347
2012-02-17,1000,0.004237506615016171,-0.003918299010096463,0.00028672963088253247,1.2165165234226485,1.2039295552452869,1.4590118304685966
2012-02-21,1000,0.0025487123743967873,-0.0064932933857993844,-0.003978046767939268,1.219617074139554,1.1961120874272442,1.4532078131720159
2012-02-22,1000,-0.001612171897436498,-0.004486829292086411,-0.006096316005318254,1.2176508417669925,1.1907453366767569,1.4443485991215217
2012-02-23,1000,0.00046046278252402417,0.009026488289116633,0.009469235835160149,1.218211524661735,1.20149358551359,1.4580254766347867
2012-02-24,1000,0.0008529234017888913,-0.0027377537464743943,-0.0019093254278309353,1.219250565779448,1.1982041919484852,1.4552416315178225
2012-02-27,1000,-0.0068269318941112,0.007518873824844598,0.0006325537828693489,1.2109268252050152,1.2072133380841457,1.456162150116828
2012-02-28,1000,0.0008110558790693335,-0.0017905350125099954,-0.0009663771271393417,1.2119089545257204,1.205051780334737,1.4547549483215492
2012-02-29,1000,0.0015903660163110861,-0.009449432203128407,-0.007862340071652556,1.2138363333418611,1.1936647252352046,1.4433171701969258
2012-03-01,1000,0.004176240109914158,0.0022614802087672866,0.00645372507151642,1.2189056053240346,1.1963641743872278,1.4526319424043759
2012-03-02,1000,-0.000782049222328189,-0.009120644429392762,-0.009897363142742888,1.2179523611432994,1.1854525621445777,1.4382547165576518
2012-03-05,1000,-0.0025339938039053308,0.0003928697252790837,-0.002141135734363594,1.2148660774067104,1.185918290566999,1.4351752179889132
2012-03-06,1000,-0.011869718480190054,-0.0076661326286360815,-0.01944263280171905,1.20044595907676,1.1768268836647868,1.4072716332194277
2012-03-07,1000,0.003985443277067945,0.005464786891100861,0.009465041765845814,1.2052302683538458,1.1832579917917332,1.4205915180037396
2012-03-08,1000,0.006882384253464319,0.005525787434696853,0.012445514133635907,1.2135251261745628,1.1897964239347805,1.4382715098191785
2012-03-09,1000,0.001120246515646786,0.008438973028482689,0.009557753746447035,1.2148845734688096,1.199837083865751,1.4520181547305608
2012-03-12,1000,0.0003537438955409753,-0.0025400162748228255,-0.002188594552902323,1.215314331470461,1.196789478145596,1.4488402757064023
2012-03-13,1000,0.0066336242282291295,0.014104958810041602,0.020846018108533294,1.2233762700646178,1.2136701444391311,1.4790428263301503
2012-03-14,1000,-0.000960257158630899,-0.005176971232764118,-0.00613477815275402,1.2222015142435891,1.207387009015305,1.4699692267121927
2012-03-15,1000,0.00134350243519004,0.008510442360125771,0.009865232868982207,1.2238435449542684,1.2176624065618944,1.484470815443946
2012-03-16,1000,0.0015482050221121053,-0.0028570835986503145,-0.0013196631832099288,1.225738305676846,1.2141834432714134,1.482511813962255
2012-03-19,1000,-0.0009779471336918788,0.005675952237145647,0.004686013634471959,1.224539598414153,1.221075090502555,1.489458884535748
2012-03-20,1000,-0.007030116309742437,0.00022406176773053443,-0.00680838534976175,1.215930942611416,1.2213486867458645,1.479318074487202
2012-03-21,1000,0.0017578028280480385,-0.0020818893923195587,-0.00033102785531889325,1.2180683094610494,1.2188059738706047,1.4788283789976702
2012-03-22,1000,-0.008148386124393898,-0.0011286946398394932,-0.009256316862337731,1.2081430185496729,1.2174303141008926,1.4651398749366504
2012-03-23,1000,-9.81743929508363e-05,0.005947864074615641,0.0058302045114541805,1.208024409842229,1.2246714241294814,1.4736819400454175
2012-03-26,1000,0.009220102142507612,0.007180058384511304,0.01645465788788533,1.2191625182916168,1.2334646364565738,1.4979308722044198
2012-03-27,1000,0.0009605671796685091,-0.005114309805063438,-0.00415497661690035,1.2203336057933696,1.2271563161721448,1.4917070044566774
2012-03-28,1000,1.6143197401934372e-05,-0.0051298666092302325,-0.005114033921534603,1.220353305879664,1.2208611679615073,1.4840783642348951
2012-03-29,1000,-0.007152527287905098,0.005062666519920383,-0.0021291055039102643,1.2116246955584746,1.227041980922017,1.4809186048213685
2012-03-30,1000,0.00674772379677931,-0.0065887967431968565,0.00010061139761002069,1.21980040434946,1.2189572507143522,1.4810676021119464
2012-04-02,1000,-0.0018274711085846098,0.010611073786410926,0.008762006762438242,1.2175712543522714,1.2318916960441628,1.4940447264572796
2012-04-03,1000,-0.001181198633357446,-0.0022917210585945923,-0.0034664765090681496,1.2161330608506153,1.2290685439024307,1.4888656555095183
2012-04-04,1000,-0.01007021666751259,-0.0037221757092376923,-0.013748079374664188,1.2038863374313242,1.224493734823329,1.4683966122993621
2012-04-05,1000,-0.004447887520304158,0.0019676571750805415,-0.0024878873185086043,1.1985315864151989,1.2269031187064954,1.4647434069890817
2012-04-09,1000,-0.01570493652411192,0.0005784683112144107,-0.015131226765434913,1.179708723928405,1.2276128432815974,1.4425800423447541
2012-04-10,1000,-0.0012994826386985203,-0.02009963809508371,-0.021373513883408888,1.1781757129229389,1.2029382694107604,1.4117470377817698
2012-04-11,1000,0.011029280051025247,0.002030830903212822,0.01306738716356871,1.1911701428100823,1.2053812336229373,1.4301948829014854
2012-04-12,1000,0.001588351560795728,0.014621226331215953,0.01623803153798257,1.1930621397655878,1.2230053854551386,1.453418432515501
2012-04-13,1000,-0.003827919200382098,-0.009664654900162316,-0.013450272116685242,1.1884951942935302,1.2111854604636747,1.4338695590987613
2012-04-16,1000,0.005047592986303322,-0.003121042595733086,0.0019042892171472021,1.1944942343005016,1.207405299050235,1.4366000614389487
2012-04-17,1000,0.00770459692950259,0.007903561855310732,0.01566923184714601,1.203697330910402,1.2169481015157086,1.4591104808732598
2012-04-18,1000,-0.0047350650968199315,-0.001662470630288045,-0.006383891940223955,1.1979977456916728,1.2149249610383541,1.4497956772345166
2012-04-19,1000,0.0013534344242154557,-0.0061817842756074735,-0.004840483711047165,1.1996191570808243,1.2074145570181642,1.4427779648745163
2012-04-20,1000,0.008036891946179037,-0.004127114573502393,0.0038459709077448877,1.2092603666228494,1.2024314188036358,1.4483268469537591
2012-04-23,1000,-0.012862659184535257,-0.000144905073020413,-0.01302219572951471,1.1937060626616136,1.202257180391092,1.4294664512724164
2012-04-24,1000,0.0007382980231123131,0.004680149908917536,0.005411969988619192,1.1945873734878538,1.2078839242243948,1.4372026808064409
2012-04-25,1000,0.011055035279578641,0.004181451755403664,0.015284119755759181,1.2077935790463012,1.2129346325796668,1.4591690586931847
2012-04-26,1000,-0.0018713091582684283,0.009758059516288964,0.007867987998597217,1.2055334238605342,1.2247705209137474,1.470649783334907
2012-04-27,1000,0.0026521825955288336,0.004188362172169753,0.0068340963185436815,1.2087307186256253,1.229900303433131,1.4807003456050631
2012-04-30,1000,-0.0018770200459171083,-0.005450488533737151,-0.007320332580882904,1.2064619068366493,1.2231967459316289,1.4698611266226058
2012-05-01,1000,0.00023806586203729797,0.0035630481936139427,0.003784784504984404,1.2067491242305157,1.227555054887655,1.475424234239126
2012-05-02,1000,-0.005933078887656675,0.00722763493142321,0.0012269256817135541,1.1995893864788454,1.2364273746826062,1.4772344701235363
2012-05-03,1000,-0.00022936572586075088,-0.011866516406082706,-0.012075744741235095,1.1993142417884808,1.2217552889560053,1.4593957637393709
2012-05-04,1000,-0.005275058744116321,-0.010953607755973337,-0.016166639289675284,1.1929877887103912,1.2083726607469953,1.4358022388461162
2012-05-07,1000,-0.003516249351963777,0.005715226341711915,0.0022211153006069908,1.1887929461714375,1.215278784008301,1.4389913211674632
2012-05-08,1000,-0.007188766955875841,0.004563508639007142,-0.0026391194971946107,1.1802469907226218,1.2208247192379251,1.4351936511154764
2012-05-09,1000,-0.01193878035541606,0.006529540547817753,-0.005475324114918084,1.1661562811352437,1.2287961437439674,1.4273355007079465
2012-05-10,1000,0.008415159878709753,-0.005016367385021151,0.0032980462464326558,1.1759696726845583,1.2226320508456503,1.4320429191984565
2012-05-11,1000,-0.007492856567009715,0.00616307335652174,-0.0013888896235547006,1.1671583005999795,1.2301672218630466,1.4300539696474968
2012-05-14,1000,-0.010369773454203295,-0.0026268152413828332,-0.01296926820348313,1.1550551334375647,1.226935799855207,1.4115072161696827
2012-05-15,1000,-0.0002960854069857551,-0.0036236642265729284,-0.003930737756382243,1.1547131384682898,1.22248979648897,1.4059589514616786
2012-05-16,1000,0.004264911611144344,-0.011730017961632032,-0.007528177382999965,1.1596378879400842,1.2081499692182427,1.3953746430818585
2012-05-17,1000,0.0004898052180822288,-0.023061423868919538,-0.022581508725492035,1.160205884628683,1.1802883106808788,1.3638649784037753
2012-05-18,1000,0.0023426172653941897,-0.011688631875976544,-0.009389148322643261,1.162923802965426,1.1664923551098116,1.3510594478294835
2012-05-21,1000,0.002782478955478105,0.017286550658784875,0.020123651884930694,1.1661596139740018,1.1866569842995027,1.3782476978334506
2012-05-22,1000,0.0019963275752725527,-0.0025336691505145666,-0.0005563464457225754,1.1684876505685473,1.1836503881061404,1.3774809146254356
2012-05-23,1000,-0.008072003318770787,0.013187011278313033,0.004977122045127146,1.1590556143752153,1.1992591991236756,1.3843368052523597
2012-05-24,1000,0.0023539988949098384,-0.00036615353388306317,0.0019710098938513863,1.1617840300105937,1.1988200861298748,1.3870653467919347
2012-05-25,1000,0.00016661238240483367,-0.00017378967969168858,-1.256300638237451e-05,1.1619775976156737,1.1986117435710983,1.3870479210811302
2012-05-29,1000,0.008204889809310351,0.005765999826463075,0.013995220622774245,1.1715114957649975,1.2055229386765258,1.406459962751021
2012-05-30,1000,-0.009836882295548485,-0.00919455559255549,-0.018926679034123862,1.1599874750732753,1.1944386909987637,1.3798403464616866
2012-05-31,1000,0.0003329868210931619,-0.0023348278385375044,-0.001991495477451733,1.1603737356151076,1.1916498822915933,1.3770924006521028
2012-06-01,1000,-0.019523570899211577,-0.010911905644815763,-0.03020115658089374,1.1377190967182431,1.1786467112143715,1.3355026174336497
2012-06-04,1000,0.002183592449686212,-0.005431026705500609,-0.003271244024898908,1.1402034115477009,1.1722454494494157,1.331133862476133
2012-06-05,1000,-0.004257392236500706,0.015326587306324666,0.011000601770957555,1.1353491183953461,1.1902119716748438,1.3457771360010697
2012-06-06,1000,0.007996740966158135,0.016509182697359362,0.02471343817819168,1.1444282112013098,1.209861398563808,1.3790359160532561
2012-06-07,1000,0.011429452757191398,-0.014948827562989594,-0.0037315316193782108,1.1575083993752322,1.1917753891415603,1.3738899999282452
2012-06-08,1000,-0.0031777341087547107,0.013001449136226174,0.009777086980636064,1.1538301454533675,1.2072701962452905,1.3873226419593698
2012-06-11,1000,0.00936092184200608,-0.028918948227551717,-0.019900830843458634,1.164631059263907,1.1723572119434067,1.3597137687364362
2012-06-12,1000,0.004325510059591604,0.007979615349697652,0.012346828573634637,1.169668682626466,1.181712171547159,1.3765019215482357
2012-06-13,1000,-0.0034851040344870865,-0.00761429358458126,-0.011085968515988788,1.1655922655816313,1.172714268140526,1.361242064583754
2012-06-14,1000,0.0015810060185869547,0.00828746461343017,0.009877332531268714,1.1674350739687342,1.1824330961394052,1.3746875051111984
2012-06-15,1000,0.002156324737442008,0.008602546591237903,0.010780807617356346,1.1699524430980905,1.192605031939966,1.3895077466377859
2012-06-18,1000,-0.00561993098648696,0.009275646583343015,0.0036053043352723673,1.1633773911104075,1.2036672147297576,1.3945173449406336
2012-06-19,1000,0.004451559370077602,0.010750917509444154,0.015258400323094471,1.1685562346367415,1.2166077416641397,1.4157954488472366
2012-06-20,1000,-7.488482703401634e-07,-0.002000348849193067,-0.001998946932930669,1.1685553595654263,1.2141741017681824,1.4129653488771061
2012-06-21,1000,0.0006533927958641335,-0.0258694909806765,-0.025226297384201696,1.1693188852189347,1.1827640357935194,1.37732146479276
2012-06-22,1000,0.005648129475782961,0.00215479834549917,0.007810326659620566,1.1759233496811292,1.1853126537809633,1.3880787953480986
2012-06-25,1000,-0.012323600682841964,-0.005664061170713448,-0.017904310571207872,1.161431739886029,1.1785989704035271,1.363226201498878
2012-06-26,1000,0.0020579692923565333,0.0029582461264469444,0.005023440367391639,1.1638219307418827,1.1820855562423578,1.3700742870293736
2012-06-27,1000,0.0024255720477532826,0.008902285015777466,0.011326842887952441,1.1666448646856524,1.192608818777061,1.385592903223379
2012-06-28,1000,-0.007803398153398846,0.009494153276783133,0.0016153979779576213,1.157541070302892,1.2039316297017737,1.3878311871975184
2012-06-29,1000,0.02018469118131715,0.0076382216132610675,0.02798778921854324,1.1809056793366473,1.2131275262966505,1.4266735139357232
2012-07-02,1000,0.002402372784893247,0.002978153417866748,0.005398374533485957,1.1837426550022114,1.2167404061853992,1.4343752319009528
2012-07-03,1000,9.242741330252269e-05,0.011079352308273895,0.011173437715274001,1.1838520652738291,1.2302211018132396,1.4504021342149298
2012-07-05,1000,-0.003248094742121978,0.0022407566623662777,-0.0010163818881697671,1.180006801605163,1.2329777279433114,1.4489279717551509
2012-07-06,1000,-0.010396545734520365,-0.0012801651058188574,-0.011657640942085285,1.16773880692523,1.2313993128797465,1.4320368897094853
2012-07-09,1000,-0.0021224281018633086,-0.0024410461336254277,-0.004544587649445796,1.1652603652657754,1.2283934103480925,1.4255288725469608
2012-07-10,1000,0.004621776365073087,-0.01494333307858706,-0.010422093735218596,1.1706459380811172,1.2100371184657195,1.410671877015016
2012-07-11,1000,0.0007459016540429144,-0.0022480136881188255,-0.0014969554792297962,1.1715191248226307,1.2073169384602767,1.408560164019323
2012-07-12,1000,-0.007745356727114802,0.004367863804480699,-0.0034099098040649626,1.162445291288242,1.2125903344163136,1.4037571009064183
2012-07-13,1000,0.0027161347741453154,0.013492580294515322,0.016245802249392725,1.1656026493669513,1.2289513068677789,1.4265622611739248
2012-07-16,1000,-0.00282426935333596,-0.002720216496082444,-0.005560337938422906,1.1623106735261772,1.225608293249955,1.4186300929115971
2012-07-17,1000,0.004215899288013552,0.0015197841672294544,0.005736173406069715,1.1672108582671468,1.2274709533292614,1.4267676011236068
2012-07-18,1000,-0.0027559763514939943,0.01166228651460267,0.008886396733744374,1.1639940527445554,1.24178607127534,1.439446424074044
2012-07-19,1000,0.002801890639921939,-0.0016745572558967642,0.0011102893240649264,1.167255436785865,1.2397066293994143,1.4410446260712568
2012-07-20,1000,-0.0072091195065523885,-0.0059820529850137414,-0.013131247087868878,1.1588405528474026,1.2322906386564743,1.4221219130216696
2012-07-23,1000,-0.016429532371929886,0.0038832684415269075,-0.012641547239942959,1.139801344470491,1.2370759540043579,1.404144091677248
2012-07-24,1000,0.0015648186993813655,-0.01357923656499442,-0.01201389095845039,1.1415849269278984,1.2202774069760667,1.3872748576698852
2012-07-25,1000,0.00496230235398082,-0.0037133463986587156,0.0012429626488905962,1.1472498164980618,1.2157460942615075,1.3889991885017139
2012-07-26,1000,0.015187602128540367,-0.0003254649143904008,0.014904957277044165,1.1646737902530753,1.215350411563018,1.409702162064181
2012-07-27,1000,0.00478321688379177,0.017352530343599352,0.022246255273120283,1.1702446775907236,1.2364398164577712,1.4410627562205303
2012-07-30,1000,-0.0006091170204688275,-0.0031710031043580738,-0.003794676692155642,1.16953186163949,1.2325190619614317,1.4355943889675666
2012-07-31,1000,-0.0016999186128161604,-0.0026571906633948176,-0.004405162873314719,1.1675437526596075,1.2292440238175315,1.4292703618641478
2012-08-01,1000,0.004267885037284649,-0.015054987671409769,-0.010866456826672099,1.1725266951719586,1.2107377701938045,1.413739257183309
2012-08-02,1000,-0.00765698487951001,0.0014152541197830497,-0.006115245966591806,1.163548675996205,1.2124512718110483,1.4050938938930062
2012-08-03,1000,0.015401916310873235,0.007818950283836484,0.023349698817166097,1.1814695553275258,1.221931368026913,1.4379024131252471
2012-08-06,1000,0.002685332776288948,0.0027401575676772295,0.005416618343930143,1.1846421942486345,1.2252796525121943,1.4456909817129628
2012-08-07,1000,0.005061326569829538,0.0048979729577570815,0.009998623938466981,1.1906380552621263,1.231281039115889,1.460145902170344
2012-08-08,1000,-0.003507170222442531,0.004609481550603953,0.001082192174676242,1.186462284929004,1.2369566063493023,1.4617260606395583
2012-08-09,1000,-0.0009829474537919514,0.0026379777519570237,0.0016653319813719097,1.185296054847013,1.2402196703569879,1.4641603197963462
2012-08-10,1000,-0.003418012236435644,0.003797607817535333,0.0003149901458722365,1.181244698427747,1.2449295382725964,1.4646215158690594
2012-08-13,1000,-0.0016576509965749073,-0.00023938269911715816,-0.001899459506964341,1.1792866069761994,1.244631523679514,1.4618395266066373
2012-08-14,1000,0.00448469684582026,-0.006756991269680926,-0.002303930229142891,1.1845753499028238,1.2362215593400419,1.4584715503311323
2012-08-15,1000,-0.0015297949833131873,0.007931078968945598,0.0063862682945739924,1.182763192475186,1.2460261301502806,1.46778574095155
2012-08-16,1000,-0.00011415636176257959,0.009947222991339138,0.009828535898020054,1.1826281725323062,1.2584206299199208,1.4822119257970945
2012-08-17,1000,0.0005763582264460152,0.004759670617895722,0.005328714640045945,1.183309790008372,1.2644102976171043,1.4901102101857402
2012-08-20,1000,-0.002159301181601563,-0.0004729627122858815,-0.002635392878122789,1.1807546677806062,1.263812278693301,1.4861831843501987
2012-08-21,1000,0.0026628503021076124,-0.0031471056297318577,-0.0005021974387629481,1.1838988407044206,1.2598349279561012,1.4854368269614855
2012-08-22,1000,-0.0019112861263282435,-0.0007635459177094083,-0.002677159845610325,1.181636071275206,1.2588729861398726,1.4814600751351534
2012-08-23,1000,-0.0016951684977680338,-0.0063376427856768535,-0.008013626890613607,1.1796329990313539,1.2508946988411798,1.46958820683968
2012-08-24,1000,-0.0027779689304352627,0.00632877998569463,0.0035125064999540607,1.1763560152107286,1.2588113361754172,1.4747501449684604
2012-08-27,1000,0.0028713038015112735,-0.00411457492379938,-0.0012630460985434005,1.179733690709134,1.2536318626177954,1.4728874675515315
2012-08-28,1000,-0.0014863699044572137,0.003790763714405638,0.002298191420800386,1.1779801700559898,1.2583840847938297,1.476272444893263
2012-08-29,1000,0.0008363385169701316,0.0015951796592745641,0.0024389576614672233,1.1789653602444345,1.2603914334894477,1.4798730108831482
2012-08-30,1000,-0.005151717373891678,-0.003436562075269313,-0.008558905940743893,1.1728916639148468,1.2560600200891234,1.4672069169787538
2012-08-31,1000,0.007228324893011928,-0.0025271507800685134,0.004675782933764594,1.1813697059259285,1.2528857670295424,1.4740672580414647
2012-09-04,1000,5.770504789058328e-05,0.005274802917274047,0.005332382651361581,1.1814378769213854,1.2594944925284808,1.481927548715185
2012-09-05,1000,0.0003635610706291593,-0.001419949990622158,-0.0010658058614595799,1.1818674017408008,1.2577060733356265,1.480348101647506
2012-09-06,1000,0.005998579290642958,0.015018918366233446,0.02111376891263663,1.1889569270611693,1.2765954581797703,1.5116038293759517
2012-09-07,1000,0.0025285675177365804,0.0038903128523131198,0.006436327971380199,1.1919632849269242,1.2815618138979317,1.5213330073846096
2012-09-10,1000,-0.0012787488740668737,-0.002468920240599551,-0.0037500215739377017,1.1904390632183948,1.2783977399960196,1.5156279757857738
2012-09-11,1000,0.0005442982374636992,0.0032712790278845248,0.0038186282976013968,1.1910870171023125,1.2825797357121635,1.5214155956627458
2012-09-12,1000,0.003003744807068034,0.0008900567312687816,0.003881726738716913,1.1946647385446998,1.2837213044393232,1.527321315261131
2012-09-13,1000,-0.00033885572986227917,0.01332480932540895,0.012956934655746101,1.1942599195527794,1.3008266460479425,1.5471107177412975
2012-09-14,1000,0.0031454420560283174,0.006500007476334709,0.009659468779806125,1.19801639492957,1.3092820289726694,1.562054985418223
2012-09-17,1000,-0.002926484925594495,-0.0049067322089978395,-0.007822059986585497,1.1945104180091934,1.3028577326704471,1.5498364976199368
2012-09-18,1000,-0.002189737505817628,-0.0005914654178340319,-0.002781029040314951,1.191894753745789,1.302087137377215,1.5455263573123157
2012-09-19,1000,0.0011172888639697288,0.0007787974008783786,0.001894938729681079,1.1932264444811729,1.3031011994555215,1.5484550350645299
2012-09-20,1000,-0.00579684514492074,0.0012214393830337297,-0.004575317324063754,1.1863094955596911,1.3046928585806148,1.5413703619170653
2012-09-21,1000,0.008301569853020453,-0.007193425022928661,0.0010155852742471016,1.1961577267043813,1.2953076483244648,1.5429357549587892
2012-09-24,1000,-0.004616849098831443,0.002397353888624101,-0.002238510161117662,1.1906352469817858,1.29841295915214,1.5394818775933623
2012-09-25,1000,0.0032127061530712432,-0.01779475290570464,-0.0146482770432806,1.1944604081658279,1.275308021374463,1.5169311205472649
2012-09-26,1000,-1.6478522646812266e-07,-0.0054762706256090985,-0.00548417428769946,1.1944602113363991,1.2683240895184065,1.5086120058997485
2012-09-27,1000,0.004515326153116622,0.005778112496608831,0.010321101655365367,1.1998535887675035,1.2756526087898028,1.5241825437711443
2012-09-28,1000,-0.004513566908387546,-0.00010166278883888746,-0.004620275190975186,1.1944379693143323,1.2755229223880036,1.517140400977641
2012-10-01,1000,0.004369785232697053,-0.003236548890949261,0.001104906454818046,1.1996574067140149,1.2713946300881682,1.5188166991995464
2012-10-02,1000,0.0031911465591202095,-0.0016018816138995153,0.001599388213066738,1.2034856893195733,1.2693580064062193,1.521245876726055
2012-10-03,1000,0.0021040987130000344,-0.0012603283906422672,0.0008513105701714198,1.2060179420095847,1.2677581984728565,1.5225409294207417
2012-10-04,1000,0.0036510454105983165,0.004854912846565204,0.008520572115323637,1.210421168281858,1.2739130540369608,1.535513849208403
2012-10-05,1000,0.004578672618659134,-0.004150772727732931,0.00041076158409593475,1.2159632905421156,1.2686253304747612,1.5361445793095052
2012-10-08,1000,-0.004400722291632688,0.0006528561950778508,-0.003741874076070051,1.21061217378362,1.2694535603809942,1.5303965197310914
2012-10-09,1000,-0.0009926350130398055,-0.010265065708292232,-0.011236244157176301,1.2094104777527102,1.2564225361700578,1.5132006107781
2012-10-10,1000,-0.0004714933486326823,-0.003971157122172784,-0.004446052669354723,1.208840248756683,1.2514330848670878,1.5064728411632808
2012-10-11,1000,0.007466613407866206,-0.0040604730028349,0.003365159759341851,1.217866191566018,1.2463516746111307,1.511542362946905
2012-10-12,1000,-0.00036143535602021126,-0.006115233418874652,-0.006468872068855729,1.2174260116654845,1.2387299431988783,1.5017643887743455
2012-10-15,1000,0.0021649693573339694,0.005221043306900628,0.007396221013350517,1.2200617016755617,1.2451974058778743,1.5128717701036998
2012-10-16,1000,0.00421365207806485,0.005552908897329292,0.009784348201644092,1.2252026172001944,1.252111873631905,1.5276742342868321
2012-10-17,1000,0.0014904601228822468,0.006109272062408328,0.007594948244138435,1.2270287328435823,1.259761365720494,1.5392768410301445
2012-10-18,1000,-0.0012573074989573505,0.00040821783952687206,-0.0008525218893759321,1.2254859804163418,1.260275622783528,1.5379645738293568
2012-10-19,1000,-0.004236500560062408,-0.012001553105743976,-0.016181608096337903,1.2202942083739594,1.2451503579688168,1.5130778338295987
2012-10-22,1000,-0.0018934930721371277,0.0012055995224553222,-0.0007117643304899319,1.2179835897444342,1.2466515106457692,1.5120008789982238
2012-10-23,1000,-0.011001770754551176,0.0033502426732226324,-0.0077054656518411625,1.2045836135072605,1.2508280957353721,1.5003502081595492
2012-10-24,1000,0.003991864371174688,-0.007908226986609349,-0.003965917086891759,1.209392147916121,1.2409362632330685,1.4943999436326876
2012-10-25,1000,0.007155671372272565,-0.0032321658445130597,0.003902134599205509,1.2180461606868154,1.236925351427829,1.5002312933577873
2012-10-26,1000,0.0003876545593330629,-0.002012459444559234,-0.0016095332010196074,1.2185183418344838,1.2344360893221333,1.4978166212819193
2012-10-31,1000,0.0026535194296829307,0.003718847163426032,0.006403059788628617,1.2217517039299666,1.2390267684713396,1.5074072306603892
2012-11-01,1000,0.0013870033796184145,0.015077576987466824,0.016499170839584118,1.223446277672372,1.2577082899624985,1.5322782000838793
2012-11-02,1000,0.003934062383427861,-0.016499719924669858,-0.012639965031367092,1.2282593916515077,1.2369564554311818,1.512910257216493
2012-11-05,1000,-0.001043674105805614,0.006678492906577824,0.005626843405515932,1.2269774891292284,1.2452174603445245,1.5214231663204492
2012-11-06,1000,0.0035606063401622595,0.007153802618320615,0.010766452869677801,1.2313462729562583,1.2541255002727159,1.5378034971354744
2012-11-07,1000,-0.011076653082650333,-0.012267865422104781,-0.023218244236950472,1.2177070774661074,1.2387400574129404,1.5020983999505464
2012-11-08,1000,-0.0005496255153491155,-0.012479939593277667,-0.013085705305976516,1.2170377945861108,1.2232806563246537,1.4824423829482147
2012-11-09,1000,-0.0037807536804755873,0.005065927736360854,0.0012425689311636,1.2124364744649514,1.2294777077308825,1.4842844197955065
2012-11-12,1000,0.0029834687651364915,-0.003537831031533136,-0.0005828537982868092,1.2160537408162297,1.225128023343894,1.4834192989836907
2012-11-13,1000,-0.005569764546384671,0.0017928727776590457,-0.003782904969697847,1.209280607804133,1.2273245220260944,1.4778076647454197
2012-11-14,1000,0.0032087761587295386,-0.019291918751872476,-0.016136614383996852,1.2131609185876688,1.2036470770649863,1.453960852325708
2012-11-15,999,-0.0008127066909421994,-0.0021330635483318787,-0.0029588481385998335,1.212174974591943,1.2010796213598427,1.449658802964207
2012-11-16,1000,-5.861540482149597e-06,0.0073598138416398505,0.0072979125835618015,1.2121678693792581,1.2099193437820384,1.4602382861842305
2012-11-19,1000,0.011319793227657977,0.0077880423115987306,0.01920499904332763,1.2258893590178421,1.2193422468250348,1.488282161073429
2012-11-20,1000,-0.0019303469492964653,0.00392314022932439,0.0019945994749302597,1.223522967233487,1.224125897446869,1.491250687890454
2012-11-21,1000,0.0013358926213564264,0.0027298521812913782,0.004058457920062236,1.2251574625374744,1.2274675801981894,1.4973028660555212
2012-11-23,1000,0.004365071804471611,0.007763273812516942,0.01215751907921016,1.2305053628332348,1.2369967471192553,1.5155063542169473
2012-11-26,1000,-0.0037903153042573717,0.0038136864282189166,7.180301493650565e-06,1.2258413595245172,1.241714264825495,1.5155172360094862
2012-11-27,1000,-0.0009032098923816189,-0.0014482761470446615,-0.0023561412854637745,1.2247341674821042,1.2399159196743033,1.5119464632808923
2012-11-28,1000,-0.004088681540785961,0.01130205440551661,0.0071528754532311,1.21972661949915,1.2539295168567284,1.5227612280246938
2012-11-29,1000,0.0051054686588206,0.002423347872602756,0.007538713277950426,1.2259538955273321,1.256968224283797,1.5342408883135519
2012-11-30,1000,0.0011038604321791353,-0.0006884387639248952,0.00040646873634750294,1.2273071775242805,1.2561028786331783,1.5348645092686772
2012-12-03,1000,0.00513628846436729,-0.007782307967844256,-0.0026899957216316634,1.2336109812224336,1.2463274991923592,1.5307357303054603
2012-12-04,1000,-0.0003865576486759863,0.0014094455224199554,0.001009219834909866,1.2331341194621515,1.248084129905565,1.5322805791664897
2012-12-05,1000,0.0014682323827764883,-0.00047047968997921796,0.0009814432665820657,1.2349446469086522,1.247496931671059,1.533784425623427
2012-12-06,1000,-0.0005735366356284734,0.003540086252693013,0.0029561496614030095,1.234236360910677,1.2519131784091444,1.5383185219338988
2012-12-07,1000,0.003520050145140502,-0.001645851265108426,0.0018616400300016263,1.2385809347920382,1.2498527155206538,1.5411823172732237
2012-12-10,1000,-0.0004966717362714694,0.003978868485951421,0.003461062393436247,1.2379657666486423,1.2548257151025197,1.5465164454329672
2012-12-11,1000,0.004929227718910407,0.0021577122924491448,0.007098479864380117,1.244067981820669,1.257533267972878,1.5574943612808057
2012-12-12,1000,0.0031907050456080753,-0.0050455357327877535,-0.001878283294768977,1.2480374358073438,1.2511883389341514,1.554568945640315
2012-12-13,1000,4.5377111409422245e-05,-0.005110112475772978,-0.005062196444364831,1.2480940681411117,1.2447946257938223,1.5466994122511746
2012-12-14,1000,-0.0022015878826292354,2.5567642412171132e-05,-0.0021859372709185218,1.2453462793643109,1.244826452257691,1.543318424359027
2012-12-17,1000,0.0031723564746669285,0.00893194529372495,0.012129302303406135,1.2492969616968546,1.2559451740294383,1.562037800078494
2012-12-18,1000,0.0010620732772241939,0.012587248753655612,0.013657598682964659,1.2506238066151902,1.2717540683559,1.5833714854795868
2012-12-19,1000,0.0010161675873804636,-0.0030497894598405456,-0.0020440575935705913,1.2518946499914791,1.2678754862027188,1.580134982971249
2012-12-20,1000,0.0007297749962295949,0.004718881933247654,0.0054374050975066045,1.2528082514049566,1.2738584409281686,1.5887268169824054
2012-12-21,1000,-0.010712897737868269,0.003810211002858912,-0.0069770516587595605,1.2393870447224977,1.2787121103758776,1.5776421879086624
2012-12-24,1000,-0.001837262269937067,-0.0005096970112294694,-0.002360350988761012,1.2371099656673803,1.278060354634996,1.5739183986105212
2012-12-26,1000,0.0012829232647743897,-0.007690241035748282,-0.006422575850488486,1.2386970828234192,1.2682317624496189,1.5638097883129658
2012-12-27,1000,0.0008796400847808184,-0.001257719994602724,-0.0003969502015168004,1.2397866904303716,1.2666366820041959,1.563189033702361
2012-12-28,1000,-0.005998132882473111,-0.001743317217754542,-0.007734733452108896,1.2323502851152488,1.2644285324678184,1.5510981831914137
2012-12-31,1000,-0.001617824742766503,0.02000627417024737,0.018352290230715766,1.230356558332234,1.2897250363570532,1.5795643872256786
2013-01-02,1000,0.020189836107751366,0.005523557753251742,0.025810974329638345,1.2551972555990587,1.2968489070811862,1.6203344830763717
2013-01-03,1000,6.335499147702428e-05,0.000381954223884604,0.0004307556064054922,1.2552767786104893,1.297344243998986,1.6210324512392091
2013-01-04,1000,0.0028743600640029135,0.004751931272142029,0.00763404277338929,1.2588848960521974,1.3035091346827783,1.6334074823090212
2013-01-07,1000,-0.004206884462509268,0.0006707862093167644,-0.0035461920692308547,1.2535889127429078,1.3043835106340418,1.6276151056494346
2013-01-08,1000,-0.0013885293910404978,-0.0017949781049409665,-0.003185674706941935,1.2518482676932818,1.3020421707920076,1.6224300533747305
2013-01-09,1000,0.00320001186157867,0.0016318354939879574,0.004832626437196451,1.255854196998797,1.304166889420975,1.6302706517431713
2013-01-10,1000,0.004823141132767801,-0.0010223399744347054,0.0037848051404651946,1.261911359033101,1.3028335874765857,1.6364409084862384
2013-01-11,1000,0.0007818138909270465,-0.0009489160065830982,-0.0001709919048466899,1.2628979388627117,1.301597307831515,1.6361610903381272
2013-01-14,1000,-0.0008088741093556373,0.0015729053224831,0.0007654767257129382,1.2618764134172071,1.303644597164733,1.6374135335722984
2013-01-15,1000,-0.004935518106888186,0.009028252712905393,0.004046965204830187,1.2556483995301313,1.3154142300357499,1.6440400891685836
2013-01-16,1000,-0.00243814750900659,0.0008478557303954969,-0.0015961115882760757,1.2525869435126287,1.3165295115285294,1.6414160177306711
2013-01-17,1000,0.003905482161707345,0.00517514355919405,0.009099711282734294,1.2574788994765047,1.323342740750605,1.6563524295868757
2013-01-18,1000,0.0003306188212349295,0.0026910747796006305,0.0030124450269903786,1.2578946456679774,1.3269039550250068,1.661342100226328
2013-01-22,1000,-0.0004711420893169674,0.007374648065227468,0.006895950158989374,1.2573019985564766,1.3366894047096747,1.6727986325465194
2013-01-23,1000,-0.0004363549576674478,-3.9170868600804095e-05,-0.0004719995490320735,1.2567533685961212,1.3366370454246426,1.672009072346336
2013-01-24,1000,0.0005114997177719921,0.004519045689878482,0.00504751421348205,1.2573961975894672,1.3426773693037006,1.680448561904075
2013-01-25,1000,0.003980318584378343,0.003481379827972424,0.007486419623995314,1.262401035042659,1.3473517392126697,1.6930291049950281
2013-01-28,1000,0.0012062753278525096,-0.0014583305649251668,-0.0002592573072163442,1.2639238382650866,1.3453868549896708,1.6925901748282282
2013-01-29,1000,-0.0017239495038325731,0.0032315423540866116,0.0015110807313548462,1.2617448973912273,1.3497345295942011,1.6951478152274915
2013-01-30,1000,-0.0007125712915501617,-0.00571854888496344,-0.006438273770214744,1.2608458142000865,1.3420160067049935,1.6842339895120755
2013-01-31,1000,-0.0005773089783911349,0.0026964267579430235,0.0021200766239180334,1.2601179165911818,1.3456346545750608,1.687804694622448
2013-02-01,1000,0.0062665345898282624,0.003721472402882289,0.009997760646806618,1.2680144891027627,1.3506423968064238,1.70467896197784
2013-02-04,1000,-0.006059705172643994,-0.005560426757922431,-0.011592341286526043,1.260330695144159,1.343132248682837,1.6849177416666319
2013-02-05,1000,0.004917871574152026,0.004486846316619268,0.009427595727818662,1.2665288396438399,1.349158676665572,1.7008024649696942
2013-02-06,1000,-0.004230820094162023,0.007504508408246236,0.0032403924486348375,1.261170383979239,1.3592834492986674,1.7063137324338016
2013-02-07,1000,0.00044388208367459334,-0.002348336741169996,-0.001924992199168859,1.2617301949171482,1.356091394033015,1.7030290918095319
2013-02-08,1000,0.0019608820694384335,0.004026171260733888,0.005990645036158362,1.2642042990328302,1.3615512502305993,1.713231334584814
2013-02-11,1000,-0.0003493764209983147,-0.00034576306395420897,-0.0007073555474184798,1.2637626158594233,1.3610804760985888,1.7120194708962841
2013-02-12,1000,0.0006906748922950221,0.003609418580276422,0.004293657663246574,1.2646354649680185,1.3659931852582705,1.7193702964171254
2013-02-13,1000,0.0016150763216156768,0.0010896410695358041,0.002711885510553884,1.2666779477629637,1.367481627533634,1.7240330318112558
2013-02-14,1000,-0.002650083259915896,0.004176441285658848,0.00152849490057489,1.2633211457378926,1.3731928342602453,1.726668207508802
2013-02-15,1000,0.0017438905156325077,-0.0020822833359087157,-0.0003551812981729717,1.265524239502143,1.370333457704476,1.726054927253345
2013-02-19,1000,0.0015006730991078275,0.006839756683764105,0.008274076544158257,1.2674233776846329,1.3797062051307958,1.7403364378408606
2013-02-20,1000,-0.0007160099076473855,-0.01625421145650998,-0.016963003873301297,1.2665158899890268,1.3572801687247409,1.7108151041049187
2013-02-21,1000,-0.0020284322454108836,-0.006784626644657617,-0.008829462546037661,1.2639468483184477,1.3480715295277457,1.6957095262200288
2013-02-22,1000,0.0054081156547947816,0.005090388897105099,0.010539302130770754,1.2707824190556671,1.354933737874157,1.7135811212428878
2013-02-25,1000,0.004368061380614357,-0.024134192454570685,-0.019879202075317612,1.2763332746635079,1.3222335062811112,1.6795164958612512
2013-02-26,1000,0.004285964103975809,0.0014619748721990148,0.005749662022263901,1.2818035932634255,1.3241665784424739,1.6891731480732703
2013-02-27,1000,-0.0003978392517342256,0.013849950451385712,0.013439142445341353,1.2812936414810114,1.3425062199432831,1.7118741866250726
2013-02-28,1000,0.00014760284161348503,0.001042449173464743,0.0011735981529770662,1.2814827640634352,1.343905714442634,1.713883239008625
2013-03-01,1000,-0.005423106975571935,0.007296065039266935,0.001826762523479685,1.2745331459465676,1.35371093794185,1.7170140966792657
2013-03-04,1000,-0.002485255728476297,0.0056052620818246085,0.003107579303569257,1.271365605144471,1.3612988425320465,1.722349854150043
2013-03-05,1000,0.005192458303801962,0.006418200410585039,0.01165207440720113,1.2779671180380716,1.3700359313221147,1.7424188028058312
2013-03-06,1000,0.0031110617116582072,-0.0010153686554766393,0.002092701999153772,1.2819429526077581,1.3686448397805733,1.746065166117826
2013-03-07,1000,0.0012001700504318334,0.0015695385231695226,0.0027756050247122604,1.2834815021458401,1.370792980581146,1.7509115533663777
2013-03-08,1000,0.0059637013582050985,0.0017616512971111468,0.007734772049648441,1.2911358025234183,1.373207839813458,1.7644544551107624
2013-03-11,1000,-0.001985865703100139,0.003306359204070243,0.001312029796366584,1.2885717802151424,1.3777481581937268,1.7667694719301996
2013-03-12,1000,-0.0007922248649151563,-0.0011858239021433391,-0.001977089748047403,1.2875509416106279,1.3761143914966065,1.7632764101200833
2013-03-13,1000,0.0006532170722869284,0.003933468713716885,0.004590312285998156,1.288391991867127,1.381527294402054,1.7713703994890684
2013-03-14,1000,0.001980154302255992,0.005413453333249725,0.007399581862017541,1.2909432068128148,1.3890061279389103,1.7844777997680425
2013-03-15,1000,-0.001545539876812752,7.749847273416276e-05,-0.0014706206832228615,1.2889480026079851,1.389113773792444,1.7818535098069517
2013-03-18,1000,-0.010209221381014832,0.005014248601504522,-0.0052684277464476155,1.2757888471007433,1.3960791355900135,1.7724659433357797
2013-03-19,1000,0.0019373637219799447,-0.004915360619017894,-0.002990061580062665,1.278260514130023,1.3892169031859019,1.7671661610166418
2013-03-20,1000,0.005234943123517375,0.003928425534183648,0.009188905613112584,1.2849521352185318,1.3946743383408968,1.78340448407291
2013-03-21,1000,-0.005661956639871149,-0.0031791216922530748,-0.008823967034208183,1.2776767919446146,1.3902404988982486,1.7676677816967916
2013-03-22,1000,0.003296781135235372,0.0006902295199113398,0.004008791872889588,1.2818890126892255,1.3912000839303644,1.7747539939340262
2013-03-25,1000,0.003360636013357285,-0.005312062252296521,-0.00198031347730644,1.286196975070396,1.3838099424791261,1.7712394246809353
2013-03-26,1000,0.0043591965012602955,0.0023616240974643865,0.0067271646436875355,1.2918037604240546,1.3870779813855958,1.7831548439141542
2013-03-27,1000,-0.005998303807700817,0.006747306091075182,0.0007007587746480804,1.2840551290091007,1.3964370210981951,1.7844044053175834
2013-03-28,1000,0.0010929914700547546,0.003616551403374486,0.0047037546782164145,1.2854585903121878,1.4014873073665721,1.792797805886926
2013-04-01,1000,-0.0002807248429277986,-0.009310284432999354,-0.00959254355562358,1.2850977301513322,1.388439061905751,1.7756003148475294
2013-04-02,1000,0.004007200633018999,-0.006376131205982667,-0.002395962472163698,1.290247374589086,1.3795861922755284,1.7713460431275927
2013-04-03,1000,0.0009112439045145517,-0.015479727067789124,-0.014588850088124598,1.291423104644496,1.3582305745526129,1.7455041412502115
2013-04-04,1000,0.0010746449716862005,0.00555362917066397,0.006627983948244902,1.2928109259902216,1.3657736834919358,1.7570733146800128
2013-04-05,1000,-0.013866708642987205,0.011057808003359473,-0.002987844831514212,1.2748838935490447,1.3808761466600306,1.7518234522581546
2013-04-08,1000,0.0011244314229711375,0.007865435736760296,0.008992151826240198,1.276317413059591,1.39173733925201,1.767576114713628
2013-04-09,1000,0.0016251544824970336,-0.0006122201035161454,0.001016442333445381,1.2783916260245136,1.390885289674106,1.7693727539042097
2013-04-10,1000,0.0026222747294030262,0.012178533897072739,0.014837362932056362,1.2817439200797183,1.407824233321342,1.7956255796159786
2013-04-11,1000,-0.00025010907852850974,0.0037153933956629477,0.0034525002020118715,1.2814233442889575,1.4130548541800783,1.8018249772923403
2013-04-12,1000,-0.004071929369302816,-0.00010810851935908883,-0.004174922374235563,1.276205478938837,1.4129020909120198,1.794302497880186
2013-04-15,1000,-0.005539764910596585,-0.026359650288018486,-0.031736809833256344,1.2691356006079006,1.3756584859043688,1.7373570607216258
2013-04-16,1000,0.008476512549275471,0.007770291299226549,0.016307622145960234,1.2798934444531858,1.3863477530680988,1.76568922320049
2013-04-17,1000,-0.007543062177814733,-0.009101605251009937,-0.016555308569707043,1.270239128620698,1.3737297630790484,1.7364576932721996
2013-04-18,1000,0.0024731104938863447,-0.008665507633493703,-0.006227256559245871,1.273380570339435,1.3618256973307294,1.7256443257119174
2013-04-19,1000,0.003332355560713785,0.008491375295340756,0.011851141018280519,1.2776239271639105,1.3733894704136038,1.7460951799633249
2013-04-22,1000,0.0018403425074964312,0.0014010639180371967,0.003234835546622203,1.2799751927856649,1.3753136768460126,1.751743510719256
2013-04-23,1000,0.0064269805267299345,0.007043274872843636,0.013524660409358302,1.2882015684243957,1.3850003891084204,1.7754352468260313
2013-04-24,1000,0.00010400442893871131,0.003966644182245299,0.0040587836136208345,1.2883355470928775,1.3904941928442847,1.7826413543128936
2013-04-25,1000,0.003791637349305147,0.003222105063210874,0.006989207552871971,1.2932204482716723,1.3949745112234135,1.7951006047305191
2013-04-26,1000,-0.0012769154314867751,-0.0038541360069601575,-0.005147768794222953,1.29156911512496,1.3895980897309157,1.7858598418549967
2013-04-29,1000,0.0037883963864809083,0.003460809578759032,0.007257303276589459,1.2964620908935898,1.3944072241104817,1.7988203683368205
2013-04-30,1000,-0.0005190700701823976,0.005948981362090948,0.00543545686139502,1.2957891362250809,1.4027025266978799,1.808597778850314
2013-05-01,1000,-0.0037959724401616223,-0.012985744444633268,-0.01674720141959501,1.2908703563757096,1.3844873901543397,1.7783088275608758
2013-05-02,1000,0.00331119803961995,0.008857315967873081,0.01217164361589552,1.2951446837691443,1.3967502324224728,1.799953768848948
2013-05-03,1000,0.009705337657036305,0.004627392557869251,0.014361295781382606,1.3077145002398394,1.4032135440531868,1.825803437316202
2013-05-06,1000,0.0003922964707868816,0.003930793211397141,0.004323867084478336,1.3082275120230804,1.4087292863262917,1.833697968701541
2013-05-07,1000,0.0021210942313336883,0.006183002838629917,0.00831130930999172,1.3110023858521045,1.417439463502508,1.848938399700523
2013-05-08,1000,-0.0012496821307075763,0.006344128818251479,0.00509738104608465,1.30936404959719,1.4264318820510413,1.8583631432545344
2013-05-09,1000,-0.0006697501293604979,-0.0029067382391169943,-0.0036111837741880683,1.3084871028555924,1.422285617953988,1.8516522524250645
2013-05-10,1000,0.0009197007815398162,0.006623681406895263,0.0075525763914838255,1.3096905194667234,1.4317063847569242,1.865636997511968
2013-05-13,1000,-0.0016171583672526905,-0.0003804052657153826,-0.001992429095292294,1.3075725424846563,1.4311617561092045,1.8619198480768715
2013-05-14,1000,0.0005476138839103637,0.011510789137635348,0.012046379827128905,1.308288587363141,1.4476355573056254,1.8843492417744756
2013-05-15,1000,-0.0021793361905315216,0.007741018234266545,0.005530747068735283,1.305437386697041,1.4588417305513008,1.8947711008198935
2013-05-16,1000,-0.0015489010322803792,-0.003505194473847438,-0.005078741893384929,1.3034153933812087,1.4537282065791544,1.8851480474517843
2013-05-17,1000,0.0036573632827220457,0.007987238027870857,0.011673932395603919,1.308182456983096,1.465339479792932,1.907155138313441
2013-05-20,1000,-0.0022349740323901247,0.002611815925002303,0.00034722367925689646,1.3052587031621103,1.46916667678179,1.9078173477374802
2013-05-21,1000,0.00026478971321510804,0.0013213855663019936,0.0015801216892422844,1.3056043222397922,1.4711080124229812,1.910831931307753
2013-05-22,1000,0.000366819249571145,-0.014716664526615143,-0.01436758765547388,1.306083243037513,1.4494582093217365,1.8833778860398105
2013-05-23,1000,-0.01029349007169923,0.00900441924444181,-0.0014089338818581004,1.2926390881424938,1.4625097387157673,1.8807243311238266
2013-05-24,1000,-0.005542119629727712,0.0038452471986167246,-0.001725281192871542,1.285475127677946,1.4681334501915138,1.8774795528063628
2013-05-28,1000,0.011216650098819175,-0.0020295938746474848,0.00917003400078968,1.2998938523958443,1.46515373553384,1.8946961041413846
2013-05-29,1000,-0.006050730453051299,-0.00287572063287871,-0.008923333354639752,1.2920285450774187,1.460940362706226,1.8777890991983937
2013-05-30,1000,0.0017767925727248262,0.003924959049421923,0.005711066847363441,1.2943242118000606,1.4666744938034957,1.888513278269166
2013-05-31,1000,-0.004457425910939849,-0.006236524600074427,-0.010675029034263409,1.2885548575212262,1.4575275422425884,1.8683533441920508
2013-06-03,1000,0.0021787046500557237,0.00038751618160168743,0.002563222581431538,1.2913622379811596,1.4580923577503375,1.8731423496739772
2013-06-04,1000,-9.47415909304049e-05,-0.006850458234497931,-0.006933611169310626,1.2912398922682657,1.4481037569515283,1.860154708956569
2013-06-05,1000,-0.0026061042707077307,-0.010955561209438296,-0.013533246899199455,1.2878747864705171,1.4322389676046283,1.8349807760095513
2013-06-06,1000,-9.331932596148684e-05,0.01051387916667255,0.010415807183481255,1.287754602863521,1.4472973550478232,1.8540935819578617
2013-06-07,1000,0.0053255560648363814,0.005814389100865822,0.011167520102048193,1.2946126121988217,1.455712505014725,1.8747992093054546
2013-06-10,1000,0.0024878992347476714,-0.0008346792976310063,0.0016537588045643973,1.297833477926006,1.4544974519234866,1.877899675004634
2013-06-11,1000,-0.010902433867162307,-0.0008748953695903985,-0.011765279016460567,1.2836839342623283,1.4532249188377178,1.8558056613632838
2013-06-12,1000,0.007235481860275787,-0.016034317948062194,-0.00891763826567191,1.2929720060830108,1.4299234484390269,1.83925625778386
2013-06-13,1000,-0.00024319220988878044,0.01799592557571095,0.017750142239188086,1.292657565363527,1.4556562443960996,1.8719033179738405
2013-06-14,1000,-0.0011564971888802385,-0.005234471535029978,-0.006393943558369335,1.2911626105229994,1.4480366532200195,1.8599344738119914
2013-06-17,1000,0.007398428811233378,-0.00040897727395118025,0.00696594886284172,1.3007151851806802,1.4474444391370043,1.8728906822448022
2013-06-18,1000,0.0012064010414232448,0.008206010493495793,0.009422251106109197,1.302284369334677,1.4593221833933145,1.890537528547205
2013-06-19,1000,-0.000581161808612428,-0.013804708901558842,-0.014389262664061228,1.3015275313952668,1.4391766654579825,1.863334087472674
2013-06-20,1000,-0.010981011032895675,-0.014754162110891214,-0.025580849383448526,1.287235443213398,1.4179428196296036,1.81566841882999
2013-06-21,1000,0.0054360835058379,-0.003956770510932461,0.0014483842399207517,1.29423296257438,1.4123323452947047,1.8182982043527451
2013-06-24,1000,-0.010664774942924863,-0.0017322045618194711,-0.012378057167215815,1.2804302593048094,1.40988589676338,1.795791205232221
2013-06-25,1000,0.009509301860713996,0.002800926385245174,0.012331536072873697,1.292606257152131,1.4138348833718095,1.8179360692588915
2013-06-26,1000,0.008214153775906303,-0.001458327006260661,0.006744873723422402,1.3032239237200776,1.4117730497789949,1.8301978184832974
2013-06-27,1000,0.006532943842680295,0.007228883167457502,0.013809368301574665,1.3117378124281782,1.4219785922148123,1.855471694223472
2013-06-28,1000,-0.0027534904173440945,0.00026880448258241206,-0.002492140567577042,1.3081259549315893,1.422360826434536,1.8508475979423067
2013-07-01,1000,0.0053162062808497085,0.004695669858010754,0.010001193774458617,1.315080222349339,1.4290397632944398,1.869358283416319
2013-07-02,1000,-0.0008702626324601847,-0.00018011634939556242,-0.001050095601072981,1.313935757173141,1.4287823698691342,1.8673952785060741
2013-07-03,1000,-0.004626671657610485,0.004972288480893258,0.0003173139285913591,1.307856607845507,1.4358866879885377,1.86798782903813
2013-07-05,1000,0.008691767238409037,0.003567457484916111,0.012299530023235005,1.3192241930621154,1.4410091527010938,1.890963201424422
2013-07-08,1000,0.0035812463883189557,-0.0001899363491192746,0.003383453579892559,1.323948659938902,1.4407354526835823,1.8973611876377268
2013-07-09,1000,0.005508722602107859,0.0038906995132169946,0.009417075834373219,1.3312419258459378,1.446340921408013,1.9152287818269078
2013-07-10,1000,-0.0004969181769992808,0.0017789646824930912,0.001278257250708486,1.3305804075350014,1.4489139108260423,1.9176769369040434
2013-07-11,1000,0.011927635621815572,0.0014721718797109577,0.013424555739114354,1.3464510858016059,1.4510469611416825,1.9434208978331258
2013-07-12,1000,-0.0007200463178856123,0.0036892011544563995,0.00296802672989275,1.3454815786550613,1.4564001652658969,1.9491890230053268
2013-07-15,1000,0.0012703392254089611,0.001778007189699002,0.0030422733475907464,1.347190796681492,1.4589896552308184,1.9551189888194325
2013-07-16,1000,0.00014778353003724109,-0.005235933589322641,-0.005104239978479101,1.3473898892930591,1.451350482288521,1.9451395923140167
2013-07-17,1000,0.0033325772325781327,-0.0003326668658823856,0.0029895224747182995,1.351880170161523,1.4508676660722812,1.9509546308417038
2013-07-18,1000,0.0018289231919607599,0.005622068762001647,0.007466729004922512,1.3543526551574834,1.4590245438555045,1.9655218803710977
2013-07-19,1000,-0.0010500981273611641,0.00257358077878985,0.0015089209912564905,1.3529304519705159,1.4627794613773537,1.9684876975951635
2013-07-22,1000,0.0003537804183921237,0.002845621515841129,0.0031892588002556343,1.3534090922718696,1.4669419780855797,1.9747657143079136
2013-07-23,1000,0.002430523331017735,-0.0030779396421243242,-0.0006727329475732718,1.3566985846470478,1.462426819218534,1.9734372243481606
2013-07-24,1000,0.0032730688239276996,-0.010613556061848285,-0.007390099594559861,1.361139152487923,1.4469052701864074,1.958853326716616
2013-07-25,1000,-0.0022806181861061664,0.007339915835834785,0.005051264351805752,1.358034913782938,1.4575254330920013,1.9687480126962755
2013-07-26,1000,-0.005783536550794321,0.0034953193964132497,-0.0023026302458035823,1.3501806692218195,1.4626199500090535,1.9642147139758754
2013-07-29,1000,-0.0020727426584040377,-0.0032042024209368433,-0.005287229138056494,1.3473820921521709,1.4579334196243239,1.953829460706743
2013-07-30,1000,0.0037561878351667147,-0.0005278852026963982,0.0032125020586185704,1.352443112376034,1.4571637981455876,1.9601061418714532
2013-07-31,1000,0.002849128363184383,-0.000678770728762877,0.0021707875147944245,1.356296396407098,1.4561747180123934,1.9643611158118996
2013-08-01,1000,0.008399230425681869,0.007719891724317057,0.016188583620272513,1.3676882423660432,1.467416229167137,1.9961613399956322
2013-08-02,1000,-0.0023166506935350653,0.0027986030390348515,0.0004533879289167341,1.3645197864508263,1.4715229446856133,1.9970663754513567
2013-08-05,1000,-0.0017129069958450812,0.0018632395627068215,0.00014151755554792656,1.3621824909626457,1.4742647444535821,1.9973489954030774
2013-08-06,1000,-0.0022382571338146694,-0.00617773508949908,-0.008424319786369604,1.359133576284691,1.46515712741056,1.9805226887408178
2013-08-07,1000,-0.002912138857249472,-0.0028910699559693137,-0.005800286099067264,1.3551755905849998,1.460921255658729,1.9690350905204272
2013-08-08,1000,0.005562012983784939,0.0007463893714620076,0.0063109314966629275,1.362713094815142,1.4620116717564957,1.981461536091227
2013-08-09,1000,-0.0013999747179302023,0.000961722106874646,-0.0004623762919749631,1.3608053309346084,1.4634177207017327,1.9805453552534782
2013-08-12,1000,-0.004477233330447811,0.006493986060544676,0.001983292832844172,1.354712687950697,1.4729211349807239,1.9844733566616755
2013-08-13,1000,0.001574127093739741,-0.0011466166084978205,0.0004216704598902036,1.3568451778970332,1.4712322591443476,1.985310150454619
2013-08-14,1000,-0.0009743403850871844,-0.004167139538909558,-0.005133528131897163,1.3555231488438972,1.465101429026348,1.975118504946719
2013-08-15,1000,-0.009685389702600782,-0.006564755907987952,-0.016203128690786977,1.3423943788964476,1.4554833957643456,1.9431154056315125
2013-08-16,1000,-0.0025686543933690605,-0.0006472855192555064,-0.0032161935325429095,1.3389462316774614,1.4545412824387505,1.9368659704309361
2013-08-19,1000,-0.001124534845652128,-0.007066167292588614,-0.008187308620801104,1.3374405399834854,1.444263250403062,1.9210082509738906
2013-08-20,1000,0.0014735850514658862,0.009591210351882488,0.011078337511796859,1.3394113723704295,1.4581154830411711,1.9422898287411259
2013-08-21,1000,-0.0027704447659593896,-0.0035494414247579237,-0.006290416535489422,1.3357006071443795,1.452939987543584,1.9300720166856997
2013-08-22,1000,0.002509047417324984,0.009358825471197423,0.011884261072668949,1.3390519433030545,1.466537799307128,1.9530094964210454
2013-08-23,1000,0.0021478597792641517,-8.823367770996904e-06,0.0021281329898806115,1.3419280391144206,1.4665248595047746,1.957165760359929
2013-08-26,1000,0.0009099335451294272,-0.0028227943972859424,-0.0019205810591505488,1.3431491044523607,1.462385161347884,1.953406864870964
2013-08-27,1000,-0.010190265585011465,-0.010293917843058602,-0.02037998029147599,1.3294620583577208,1.447331488642061,1.9135964714636597
2013-08-28,1000,-2.264612896010876e-06,0.0020073185113632023,0.0020056527730676938,1.3294590476407988,1.4502367439312909,1.9174344815331832
2013-08-29,1000,-0.0012478078828661342,0.0068614168563528345,0.005598886393423152,1.3278001381612048,1.4601874227718032,1.9281699793621196
2013-08-30,1000,0.0005703775293973681,-0.010606830851741158,-0.010036664658800896,1.3285574855235425,1.444699461766623,1.9088175838740948
2013-09-03,1000,0.011612937054317056,-0.008723555952957582,0.002779276796139172,1.343985939975969,1.432096545176694,1.9141227162930186
2013-09-04,1000,0.00038002716475078025,0.009199107053616224,0.00958170003910996,1.344496691142203,1.4452705546068882,1.9324632659985845
2013-09-05,1000,0.0004517311084102681,0.0022606498700755095,0.002695513740347708,1.3451040421227465,1.4485378052983842,1.937672247284801
2013-09-06,1000,0.004825745575958987,-0.0035386735130199343,0.0012723535955566417,1.3515951720032249,1.4434119029341668,1.9401376515356439
2013-09-09,1000,0.002933770302227512,0.010977546638652339,0.01394774554381134,1.355560441779482,1.4592570244174126,1.9671981978192306
2013-09-10,1000,0.005028532173931664,0.004093969632325148,0.00915249390223025,1.362376921074679,1.4652311783611347,1.9852029673292495
2013-09-11,1000,-0.0008715856888880678,0.002664852976060521,0.0017955148712333316,1.3611894928473989,1.469135804027407,1.9887674287795059
2013-09-12,1000,-0.00039162884576505574,-0.004786374619977436,-0.005178371593475127,1.3606564117774476,1.46210396970171,1.9784688520202856
2013-09-13,1000,0.0026887616413801938,0.0011125385537041883,0.003803361126913322,1.3643148925445328,1.4637306167375268,1.9859936835428682
2013-09-16,1000,0.012296712508643283,-0.006712055955671813,0.005482070536949962,1.3810914805494134,1.4539059749339545,1.9968810410019875
2013-09-17,1000,0.0002865595138618512,0.006210212775075305,0.006492705123575165,1.3814872454526785,1.4629350403932477,2.0098462007680715
2013-09-18,1000,-0.00011079889659089303,0.012132233182873072,0.01201604213769807,1.381334178190228,1.4806837094346945,2.033996597406793
2013-09-19,1000,0.0023918678177612045,-0.003929797661910774,-0.001562782511693657,1.384638146956615,1.4748649220553287,2.0308179030955213
2013-09-20,1000,0.0019864283537466033,-0.007392146401790276,-0.005416540257835467,1.3873886314314086,1.4639625046286306,2.0198178961670714
2013-09-23,1000,-0.0013962383393555306,-0.002032055416564068,-0.003431033948532099,1.385451506232618,1.4609876516914533,2.0128878323954695
2013-09-24,1000,0.00035427406531138625,0.0012462070683206185,0.0015984786407860956,1.3859423357700227,1.4628083448297202,2.016105390601852
2013-09-25,1000,0.0006363004284268409,-0.0012604220473405787,-0.0006274564315608412,1.3868242114720482,1.4609645889408631,2.0148403723078143
2013-09-26,1000,0.002266580430318206,0.0016910215647979365,0.003960684135633793,1.389967560090062,1.4634351115661681,2.0228205186062485
2013-09-27,1000,-0.005459871194260444,0.0014796552910042754,-0.003997257754306525,1.38237851624777,1.4656004910720386,2.0147347836026794
2013-09-30,1000,-0.00931258005961256,0.00799402150030964,-0.0014085462377470203,1.3695050056425242,1.4773165329085327,2.011896936503178
2013-10-01,1000,0.00035064722886683476,0.010715743620586724,0.0110493223908417,1.369985218777672,1.4931470781216345,2.034127034371748
2013-10-02,1000,-0.005503065740699098,0.0028832186260170666,-0.0026401341086621025,1.3624461000549524,1.4974521475886577,2.0287566662069514
2013-10-03,1000,-0.0022399671442694144,-0.007497988411860232,-0.009715132906077508,1.3593942655549913,1.4862242687387228,2.00904702556066
2013-10-04,1000,-0.0003155454774798172,0.006645575515257025,0.0063259963804412145,1.3589653148423835,1.4961010843492337,2.021756249772493
2013-10-07,1000,-0.00810921641434327,-0.0021958355276356263,-0.010290392348159793,1.3479451710047405,1.4928158924352855,2.00095158472999
2013-10-08,1000,5.1166387557586735e-05,-0.013558145993043695,-0.013514697319492461,1.3480141404897665,1.472576076624912,1.9739093297114052
2013-10-09,1000,0.0018930253874532728,-0.0029536930549540364,-0.0010279614795501895,1.3505659654803595,1.4682265388944935,1.9718802269563371
2013-10-10,1000,0.011263646406406888,0.011057558778212495,0.022454526221923368,1.3657782629640578,1.4844615401480508,2.0161578632190205
2013-10-11,1000,-0.0023777822496248288,0.011788061259220361,0.009375048839902062,1.3625307396534585,1.5019604637202724,2.035059441655651
2013-10-14,1000,-0.0061513522684383225,0.010569881161888568,0.004347369064825444,1.3541493330972743,1.5178360073316508,2.043906596117386
2013-10-15,1000,-0.0023947905355857107,-0.006666498996761355,-0.009044207350054442,1.3509064290906032,1.5077173551115262,2.0254210810579565
2013-10-16,1000,0.006136370822611468,0.006028458816754758,0.012199336491946124,1.359196091886153,1.5168065670941224,2.050129874363664
2013-10-17,1000,-0.0032872231759760472,0.012993846776916557,0.009658751861886741,1.3547281109922087,1.5365157192171643,2.0699315701047833
2013-10-18,1000,0.005645141735810806,0.002186399466283529,0.007852398414402478,1.362375743192247,1.5398751563655972,2.086185497483796
2013-10-21,1000,0.0007994954240027109,-0.0006264150233263208,0.00015346798520356086,1.3634649563647014,1.538910555433603,2.0865056601688554
2013-10-22,1000,0.0030057080967232403,0.0028931184683729035,0.00587948227283104,1.3675631340236452,1.5433628059827018,2.0987732332099798
2013-10-23,1000,-0.00425607832756652,-0.0007151017049626566,-0.00495811707673981,1.3617426782073483,1.5422591446087677,2.088367269802197
2013-10-24,1000,0.0015214600054770568,0.0020249973110580393,0.0035391591113072157,1.363814515229992,1.545382215229555,2.095758333852873
2013-10-25,1000,0.002835528902477992,0.0007388102680736055,0.0036017264570091987,1.3676816507055456,1.5465239594782652,2.103306682091408
2013-10-28,1000,-0.00022639572476606783,0.0003682551968902895,0.00013063474124495834,1.367372013426985,1.5470934749634582,2.1035814470155816
2013-10-29,1000,0.0015970405284556723,0.0027115514909200715,0.004318161360892626,1.369555761949904,1.5512884985820883,2.112665051139575
2013-10-30,1000,0.0009103633264218543,-0.008810602542352563,-0.007915826269091377,1.3708025552890728,1.5376207121925587,2.095941561629973
2013-10-31,1000,-8.613343849449528e-05,-0.003031289142898446,-0.0030808328567510155,1.3706844833514886,1.5329597392217937,2.0894843160010734
2013-11-01,1000,0.00035762398973815444,4.875059374720437e-07,0.0003486471503826417,1.371174673005097,1.5329604865487685,2.0902128087536163
2013-11-04,1000,0.003567981857640241,0.003938669806002398,0.0075038310413054355,1.376066999362035,1.538998311730933,2.105897412510876
2013-11-05,1000,-0.003322495795739318,-0.0008298963572171495,-0.004148116707894918,1.371495022541999,1.537721102638264,2.0971619042689267
2013-11-06,1000,0.0043383215624589995,-0.003995696161105324,0.00030272893277071624,1.3774450089710983,1.5315768363316018,2.097796775854053
2013-11-07,1000,0.0022662952925621275,-0.017881055624606516,-0.015658805260484958,1.3805667061106925,1.5041906257277975,2.0649477846648816
2013-11-08,1000,4.605164486180013e-05,0.014398487397426604,0.01444978264992143,1.3806302834783502,1.5258486954956663,2.094785831336726
2013-11-11,1000,-0.0005449986049684347,0.0017666171039656432,0.0012244705498661145,1.3798778418998772,1.5285442858991927,2.0973508348954746
2013-11-12,1000,-0.0026036264843824013,0.0011466972018979295,-0.0013675716942678582,1.3762851554054942,1.5302970633548103,2.0944825572607226
2013-11-13,1000,-0.004391949146464407,0.01420058084291801,0.00973510480205403,1.3702405809919194,1.5520281705166603,2.11487256446173
2013-11-14,1000,0.00014741845884350867,0.003765213976039635,0.003910037973771935,1.370442579746614,1.5578718886754968,2.1231417964984636
2013-11-15,1000,0.00036628124451358466,0.003142545430923552,0.0035002812310173377,1.370944547160258,1.5627675718612182,2.130573389879536
2013-11-18,1000,0.0018255776530936218,-0.006994218438710802,-0.005192407945312757,1.3734473128891842,1.551837234094687,2.1195105836818535
2013-11-19,999,-0.0007759156835813907,-0.003999414092964398,-0.0047778548613135055,1.3723816335785408,1.5456307943906618,2.1093838697360034
2013-11-20,1000,0.0025939290269128743,-0.005507571508051056,-0.002935009490177803,1.3759414941338821,1.5371181222655095,2.1031928080599003
2013-11-21,1000,0.002958295747248087,0.00913723195753404,0.012135458882342912,1.3800119360044405,1.5511631270947785,2.1287160179037508
2013-11-22,1000,0.0008063678302812444,0.0030023162216110373,0.0037987958369935567,1.3811247332350385,1.5558202093136202,2.136802575450705
2013-11-25,1000,0.001962055545723044,-0.0025751891222108862,-0.0006219486723169175,1.3838345766772178,1.55181367803448,2.1354735939259
2013-11-26,1000,0.0006684154171118054,0.0024141108801896513,0.0030827651910494574,1.384759553043001,1.55555992831865,2.1420567575876603
2013-11-27,1000,0.0016736082627004474,0.002365334765059246,0.004041262575150409,1.387077098072827,1.5592393482962352,2.1507133713959474
2013-11-29,1000,0.002492286757182937,-0.003808041649118179,-0.001330737354106371,1.3905340919555456,1.5533016999169793,2.1478513367746546
2013-12-02,1000,0.00010174367838983578,-0.005904257153517743,-0.005802743976042671,1.3906755700089877,1.5441306072436733,2.1353879053687503
2013-12-03,1000,-0.003446123136578471,-0.0006945767938610299,-0.004136097863029781,1.3858831307517052,1.5430580899571915,2.126555732016615
2013-12-04,1000,-0.004008823357581189,0.002544471461685788,-0.001480743238660755,1.38032737008627,1.546984357230811,2.1234068489947964
2013-12-05,1000,-0.0014121389497450557,0.00038156085426444496,-0.0010384813420036547,1.378378156043572,1.54757462590369,2.1212017306006326
2013-12-06,1000,0.009228379390057127,0.0009298812270944783,0.010149689544887205,1.3910983526105094,1.5490136864958457,2.1427312696283063
2013-12-09,1000,0.0013332515293186455,-0.001047163823107238,0.00024323177593507715,1.3929530366165601,1.5473916154018492,2.14325244996037
2013-12-10,1000,-0.001923863253549864,-0.0024138667222849282,-0.0043373466020467984,1.3902731854554928,1.543656418275088,2.1339564212292057
2013-12-11,1000,0.0006140535335470217,-0.01466017726041764,-0.014057534120336064,1.3911268876176175,1.5210261415539938,2.103958256026466
2013-12-12,1000,-0.0006683623938492566,0.00040588289829801837,-0.0002581319821405469,1.3901971107208613,1.5216435000527149,2.1034151571114967
2013-12-13,1000,0.003137676560610918,-0.0007087365816274976,0.002430164180999303,1.394559099609799,1.5205650556400319,2.1085268012840803
2013-12-16,1000,0.0038271909658278255,0.004804285288491515,0.0086402944733144,1.3998963435971385,1.5278702839670375,2.1267450937520502
2013-12-17,1000,-0.0001577426214308919,-0.0007536667867699892,-0.0009235165286073131,1.399675520278168,1.5267187788795187,2.1247810095058357
2013-12-18,1000,0.0017065051485390152,0.012275314950656716,0.014012670633588277,1.4020640737598067,1.5454597327313468,2.1545548659605442
2013-12-19,1000,-0.002197261042080217,-0.002826666727563241,-0.0050366897299840094,1.398983372992034,1.5410912331260462,2.1437030415944736
2013-12-20,1000,0.0013253179404182625,0.009538703863468933,0.010879557795678035,1.4008374707546072,1.5557912460254237,2.167025582732271
2013-12-23,1000,0.005049625876694216,0.0019691423485506303,0.007038546823470062,1.4079111758959724,1.5588548204534767,2.1822782937639897
2013-12-24,1000,0.0001778826094526592,0.0038122220383386123,0.003980933923869763,1.4081616188098185,1.5647975211545797,2.1909657994549594
2013-12-26,1000,0.002519610362607572,-0.0005682233449614287,0.0019411982977073153,1.411709637416798,1.5639083666729219,2.195218898535196
2013-12-27,1000,0.002366735619470537,-0.0024379512108417345,-8.307820372997121e-05,1.4150507809000221,1.560095634376746,2.1950365236923117
2013-12-30,1000,-0.00017591883258970232,0.0012815833710665063,0.0011125508385642444,1.414801846818591,1.5620950269990366,2.197478613417425
2013-12-31,1000,0.0016737130461879058,0.0010646038424894466,0.0027375196736947193,1.417169819127382,1.5637580393671136,2.2034942543541787
2014-01-02,1000,-0.002968645016894562,-0.00722704196193911,-0.010177733482866783,1.4129627450057363,1.5524566943982878,2.1810676771023334
2014-01-03,1000,0.001096038713447753,0.0016472017169454837,0.0027383397287479012,1.414511406874922,1.5550139037307842,2.187040181373631
2014-01-06,1000,0.0030568640431162864,-0.008779899562916272,-0.005754213551248554,1.418835375933176,1.5413610378370897,2.1744554851248457
2014-01-07,1000,0.00321258352379903,0.0041895802722349855,0.0074055726077009495,1.423393503084882,1.5478186936336036,2.1905585731021513
2014-01-08,1000,-0.00034848635776916803,0.0008524935604941914,0.0005076186614292702,1.4228974698673198,1.5491381991027386,2.1916705415128117
2014-01-09,1000,0.0032166815700477636,-0.0017825905587211443,0.0014282902627922587,1.4274744779347097,1.546376719974864,2.194800883206503
2014-01-10,1000,0.002033212934494642,0.0031729521539053947,0.005212919626176631,1.4303768375069075,1.5512832993192573,2.2062422038061196
2014-01-13,1000,-0.0014614944104512002,-0.011907918473973721,-0.013347476873769465,1.4282863497540523,1.5328107442609267,2.1767944370128833
2014-01-14,1000,0.0031499524995636744,0.008571886797642262,0.011754190634280856,1.432785383911553,1.5459498244429413,2.2023808937971747
2014-01-15,1000,0.001965365962669359,0.002790268724409813,0.004761444247313755,1.4356013315369027,1.5502634398875914,2.2128674076343393
2014-01-16,1000,-0.0021545116765512855,0.0008196001858506381,-0.0013554234268762669,1.4325083117052337,1.5515340360910408,2.209868035309461
2014-01-17,1000,-0.0001500623991027783,-0.003096184003783332,-0.0032535610471488203,1.4322933460712446,1.5467302012271704,2.2026780947504387
2014-01-21,1000,0.005893977535668919,-0.0020888801390147238,0.0037880893776564037,1.4407352508774767,1.5434992672294128,2.2110220362435595
2014-01-22,1000,0.0016167287587719249,0.002585745898563375,0.004208498043530413,1.4430645289913466,1.547490364129087,2.220327118157293
2014-01-23,1000,-0.004129766632541101,-0.0037582553203914914,-0.007888265300108426,1.4371050092509146,1.5416745002348442,2.202812588796243
2014-01-24,1000,-0.006501063686222141,-0.0168193453100657,-0.023211381216192966,1.4277622980619855,1.5157445444596713,2.1516822660498645
2014-01-27,1000,0.002136618987066203,-0.00960458235738544,-0.00752032245987382,1.430812882097042,1.5011864511496507,2.1355009215779774
2014-01-28,1000,0.0020933934151732697,0.007187384491955107,0.009290890304357095,1.433808136362769,1.511976055368177,2.155341626385212
2014-01-29,1000,-0.008124944108837148,-0.0026336517033175594,-0.010780677619208064,1.4221585253920257,1.5079940370545812,2.1321055831518936
2014-01-30,1000,0.00878892219895736,0.004669068224417787,0.013464183437572295,1.4346577660262803,1.5150349640956042,2.160812643831723
2014-01-31,1000,-0.013134672539103854,0.007179833463857785,-0.006056942619513341,1.415814006063843,1.5259126628297324,2.147724725636515
2014-02-03,1000,-0.000229093418147424,-0.028800622213862495,-0.029034003094520294,1.4154896523937326,1.4819654286962243,2.0853676793062066
2014-02-04,1000,0.005234963206143742,0.0034110920581944546,0.008627349738861157,1.422899688642691,1.4870205492005688,2.1033588756096986
2014-02-05,1000,-0.0029796930817433927,0.0006445527261636862,-0.002357615087064321,1.4186598842844276,1.4879790123494174,2.0983999649910503
2014-02-06,1000,0.003299550983424665,0.009783570852486018,0.013127345990551586,1.4233408249007633,1.50253676044375,2.125946387358049
2014-02-07,1000,0.00423588528257667,0.006915450647558597,0.01114883586189756,1.4293699333530507,1.5129274792567413,2.149648214681898
2014-02-10,1000,-0.00014501748357810385,0.0015739827466346359,0.0014193820314749753,1.4291626497222136,1.5153088010060007,2.15269938673181
2014-02-11,1000,0.0008159517073853638,0.009030522622854632,0.00984834399164932,1.4303287774263858,1.5289928314140961,2.173899910802957
2014-02-12,1000,0.0017991209368416305,0.0008071347730055154,0.0026039422640518986,1.4329021118764205,1.5302269346960065,2.179560620658515
2014-02-13,1000,-0.0063302526992147804,0.01614894879453324,0.00971285246587848,1.4238314794150042,1.5549384911084279,2.20073037140741
2014-02-14,1000,-0.0003718410951638853,0.004339614109768965,0.003958661193089519,1.4233020403583698,1.5616863241242647,2.209442317325154
2014-02-18,1000,0.0017697809035006023,0.002868412586159386,0.004628351784972019,1.4258209731293097,1.5661658848320157,2.219668393618339
2014-02-19,1000,-0.0023160512540700297,-0.005127096098688503,-0.007425870796141841,1.422518698676414,1.5581360018339943,2.2031854229170493
2014-02-20,1000,0.001261093652761275,0.00648915766870283,0.00777163488211428,1.424312627978249,1.568246992019177,2.220307775601557
2014-02-21,1000,0.0026749439651420114,-0.0016224183169299513,0.0010394150631430473,1.4281225844469352,1.5657026393738547,2.2226155969483306
2014-02-24,1000,0.0018577720489005014,0.004549235835053037,0.006419487910942234,1.4307757106667243,1.5728253899279312,2.236883650903612
2014-02-25,1000,0.0006150486378209144,-0.0017133152587407645,-0.0010998267273279886,1.4316557073185971,1.5701306441880327,2.2344234664784253
2014-02-26,1000,0.0021268629061640103,0.002515494581715436,0.004627961381350468,1.434700642736891,1.574080299316073,2.2447642919908706
2014-02-27,1000,-0.00149601769690422,0.005791880274274624,0.004276072224107968,1.4325543051855967,1.5831971839518062,2.254363066229522
2014-02-28,1000,0.0009875542366494577,0.0009994977381438633,0.001987020815194979,1.4339690302589132,1.5847795859562017,2.258842532567127
2014-03-03,1000,-0.008752798323754609,0.0014852174220609782,-0.007291333652661318,1.421417788534547,1.5871333282073905,2.2423725579933573
2014-03-04,1000,0.010987328115405199,0.008105087857883492,0.019190601672453143,1.4370353721662497,1.5999971832746864,2.285405036555048
2014-03-05,1000,-0.0004826923602112618,-0.0009490707588638316,-0.0014316187232186416,1.4363417261707516,1.5984786727337759,2.2821332079145775
2014-03-06,1000,0.0021845543408297056,5.602404045290377e-05,0.00223627951530524,1.4394794927235728,1.5985682259676,2.2872366956586347
2014-03-07,1000,0.004477860916534966,-0.0034285865246712266,0.0010370047741862839,1.4459252816841934,1.5930873964892798,2.289608571031727
2014-03-10,1000,-0.0014307051483691752,-0.00124796428236544,-0.0026777260105772817,1.4438565889395307,1.5910992803197748,2.2834776266070347
2014-03-11,1000,0.0011949239589133227,-0.007865530900715031,-0.006681551252651633,1.4455818877708895,1.578584439764314,2.268220453810576
2014-03-12,1000,-0.0050528930316933824,0.006579153372561618,0.0014912356996719897,1.4382775171234297,1.5889701889050627,2.2716029051260245
2014-03-13,1000,0.002980143455595057,-0.014112891126718357,-0.011172326258979544,1.4425637904534148,1.5665452256254444,2.2462238163391106
2014-03-14,1000,-0.002196490370313185,0.004414988785406029,0.002191328662732218,1.4393952129791212,1.5734615052284122,2.2511460309707663
2014-03-17,1000,0.005275094952720148,0.00195218883356628,0.0072335459911067965,1.4469881594020768,1.5765331992089655,2.267429799318491
2014-03-18,1000,0.0012544364713295226,0.008028103976200174,0.009293326074994756,1.448803314122813,1.5891897716541468,2.2885017637957175
2014-03-19,1000,0.000327940938883262,-0.007042922423179195,-0.006730787023640537,1.4492784360419035,1.5779972313766768,2.273098345820383
2014-03-20,1000,-0.0022550965510489754,0.005914698822154064,0.0036424087282682202,1.4460101732392758,1.5873306097424629,2.2813778990754114
2014-03-21,1000,0.005586136250088699,-0.007278646682403969,-0.0017404724119524646,1.4540877830860046,1.5757769910659827,2.2774072237808327
2014-03-24,1000,0.002511542916659346,-0.010091993250079387,-0.007610334897093155,1.4577397869578153,1.5598742603085145,2.260075392110801
2014-03-25,1000,0.004940198781142439,-0.0037299409855631373,0.0011789417069211284,1.464941311276567,1.5540560213726649,2.262739889251347
2014-03-26,1000,0.0052882093804577255,-0.016716099511415446,-0.011505192132228476,1.4726882276606799,1.5280782662730852,2.236706632080253
2014-03-27,1000,-3.796571382154501e-05,-0.0020775646160859874,-0.0021206951164254493,1.47263231600088,1.5249035849364663,2.2319632592487237
2014-03-28,1000,0.0021936287212270538,0.0020766192341573034,0.00427773705263156,1.4758627245450666,1.5280702290511807,2.241511011182924
2014-03-31,1000,0.006100591014517077,0.007924501870513977,0.014065527889633766,1.484866359421087,1.5401794244395737,2.2730390468256387
2014-04-01,1000,0.002836982368646181,0.007572017586059172,0.01043813320107694,1.4890788991025605,1.5518416901271166,2.296765331167654
2014-04-02,1000,0.0013613382472860871,0.0023805886632892307,0.0037344193582823887,1.4911060391611355,1.5555359868618528,2.3053424160817984
2014-04-03,1000,0.0010163387178383123,-0.005233007028177815,-0.004229114098107324,1.4926215079611376,1.5473958561100212,2.295592859968982
2014-04-04,1000,0.0060146056663641385,-0.021594621968660375,-0.01575138881937244,1.5015990377406576,1.5139804275614537,2.259434084260635
2014-04-07,1000,-0.0025880767501279094,-0.012166697639428348,-0.01471565227374701,1.4977127841830664,1.495560285467301,2.2261850379412036
2014-04-08,1000,0.0007260089687084267,0.0057349428545956545,0.006460655312782872,1.4988001370969326,1.5041372382400586,2.2405676521338163
2014-04-09,1000,0.0033557211287869432,0.007688781843409416,0.01107144829101703,1.5038296923848176,1.515702221327435,2.2653739810369413
2014-04-10,1000,-0.0002301328252931728,-0.02223396645190318,-0.022459115881578583,1.5034836118089494,1.4820021489873656,2.2144956842817196
2014-04-11,1000,-0.007011431069082672,-0.0047158609173775885,-0.011713015393892712,1.4929420401012556,1.4750132329734864,2.188557262242019
2014-04-14,1000,0.008779409867418096,-0.0030387461761910125,0.005694290569106466,1.5060491901796038,1.470531042151957,2.201019543220353
2014-04-15,1000,0.002046371339456355,0.002970612231025892,0.005005871611447393,1.5091311260781988,1.4748994196518768,2.212037564468001
2014-04-16,1000,0.0071325201423397735,0.004325901481108242,0.011490256750733376,1.5198950342323834,1.4812796892358346,2.237454444026005
2014-04-17,1000,-0.0008628118988748387,0.003945793967331436,0.003057368005054329,1.518583650711807,1.4871245136975522,2.2442951656559367
2014-04-21,1000,0.0011988044010468326,0.0015908962725137508,0.0027916859227777265,1.5204041354756381,1.4894903745431574,2.2505605328764564
2014-04-22,1000,0.0015654680066699265,0.0068912992153411234,0.008447709779208399,1.522784279506934,1.4997548983925049,2.2695726150987374
2014-04-23,1000,6.479048639293605e-05,-0.0029304398099888438,-0.002880543065873976,1.5228829414410745,1.4953599569330296,2.2630350134398176
2014-04-24,1000,0.005408234030028297,-0.005763161119550777,-0.0004206069295640239,1.5311190487887258,1.4867419565695,2.262083165231319
2014-04-25,1000,-0.003412982909043037,-0.008827886150595094,-0.012173554519464424,1.5258933656434996,1.4736171678415915,2.234545572491813
2014-04-28,1000,0.004045832226295957,-0.006186660661946718,-0.002177697636136208,1.5320668741961112,1.4645003984785365,2.229679407880759
2014-04-29,1000,0.0037228526844967397,-0.00016927529900308312,0.0035545155027725474,1.5377705334715408,1.4642524947356939,2.2376048379022837
2014-04-30,1000,-0.0015686146632773994,0.0063869733469516556,0.0047569771225567745,1.5353583640639814,1.4736046363927782,2.2482490729255074
2014-05-01,1000,0.0002773088396904486,0.0009735742920823439,0.0012337241302930791,1.535784132510429,1.4750392999834636,2.2510227920576846
2014-05-02,1000,0.0010653237707220955,0.0009991195213492185,0.002059836201611173,1.53742023985349,1.4765130405428344,2.2556595302954165
2014-05-05,1000,-0.0057057246909368465,0.0050586139251926725,-0.0006803690748139134,1.5286481432306118,1.4839821499704529,2.2541248493076944
2014-05-06,1000,-0.0025904352279618277,-0.007446788106366631,-0.01001646084617935,1.5246882792292287,1.4729312493459925,2.231546496012204
2014-05-07,1000,0.002235987405521905,0.002426623669293795,0.004680217211207065,1.5280974630189323,1.476505499178898,2.241990618330449
2014-05-08,1000,-0.0017392782744894573,-0.002030941455749021,-0.0037781511735470903,1.525439676300201,1.4735068029509741,2.2335200388447225
2014-05-09,1000,-0.0022896876127021866,0.005929569501724787,0.0035973301846389683,1.521946895969452,1.4822440639503363,2.241554747898455
2014-05-12,1000,0.004379318590403361,0.011379011371560261,0.01581154293286059,1.5286119863045775,1.4991105360094548,2.2769971870312093
2014-05-13,1000,0.000566399981318169,-0.005851397015505976,-0.00525861267122129,1.529477792105063,1.4903386450931355,2.265023340771152
2014-05-14,1000,-0.0008577954030531341,-0.008873010150850662,-0.009717414283654517,1.5281658130859235,1.4771148551670192,2.2430131706067318
2014-05-15,1000,-0.0034703574031325355,-0.0045263033131719135,-0.007986224914155017,1.5228625315432667,1.4704289853041412,2.2250999629408543
2014-05-16,1000,-0.0006229134047902421,0.005029629438688519,0.004376318360255639,1.5219139200587155,1.4778246982161278,2.2348377087620768
2014-05-19,1000,-0.0026186703747733656,0.008944979718200723,0.0062878600093707136,1.5179285291633025,1.4910438101687271,2.2488900554184355
2014-05-20,1000,-0.0019630182600755166,-0.009181676783883253,-0.011116512455152541,1.5149488077430653,1.477353527833148,2.2238902411071075
2014-05-21,1000,0.0032738115713513475,0.002186710353567175,0.005469594087288326,1.5199084646798595,1.4805840720883396,2.236054018020645
2014-05-22,1000,0.001060723158529295,0.004792149300169848,0.0058588365758907475,1.5215206667871901,1.4876792520132405,2.249154693087092
2014-05-23,1000,0.0010914300741011486,0.006677847797276106,0.007772757443931204,1.5231813002012882,1.4976137476293505,2.2666368269703376
2014-05-27,1000,0.005104613532536196,0.003613182342496332,0.00873338448287225,1.5309565520788015,1.5030248991781645,2.2864322378633073
2014-05-28,1000,-0.00019197911055371175,-0.0021848747831908415,-0.002373424767663189,1.530662640401637,1.4997409779774422,2.2810055629603787
2014-05-29,1000,0.002978823845374297,0.0006224438163027749,0.003592191384875995,1.535222214774089,1.50067448247524,2.289199371492499
2014-05-30,1000,5.712834064863059e-05,-0.0010546303112911179,-0.0010071862158345369,1.5353099194717459,1.4990918256786405,2.2868937214402347
2014-06-02,1000,0.0012977379776196102,-0.00040716931377662093,0.0008791186064501438,1.5373023494616604,1.498481441488691,2.2889041722617267
2014-06-03,1000,-0.0028844173937667174,0.0027405264273266472,-0.0001372605888264803,1.5328681278253946,1.5025880694799492,2.288589995927275
2014-06-04,1000,-0.002132302697826064,0.00626513138618536,0.0041115591673437065,1.529599588981021,1.5120019811545558,2.297999669105321
2014-06-05,1000,0.001955377647106902,0.009890702194444564,0.011858219768678764,1.5325905338263384,1.5269567424675656,2.3252498542099227
2014-06-06,1000,0.003452152608771446,0.003689182732954075,0.007154256535795811,1.5378812702358653,1.532589964915845,2.3418852881767624
2014-06-09,1000,-0.0007785563013810694,0.004053942127174939,0.0032675365725520307,1.5366839430821473,1.538802995938303,2.3495374840046015
2014-06-10,1000,-0.0020690062205366076,0.00011198959981893087,-0.0019607227035444252,1.5335045344449116,1.5389753258700183,2.344930692516885
2014-06-11,1000,-0.003550750412581672,-0.0005590823739670065,-0.0040858425896133435,1.5280594425865355,1.5381149118913544,2.335349674823708
2014-06-12,1000,-0.001588807292208482,-0.0052843982046618465,-0.0068682928072201655,1.525631650601226,1.529986900212392,2.3193098094497726
2014-06-13,1000,0.002146637836504224,0.0004328400697529142,0.0025763607386422075,1.528906629226975,1.530649139849001,2.3252851881835865
2014-06-16,1000,-0.0007493957386894187,0.002279513545645677,0.0015315931993445222,1.5277608731141785,1.5341382752969177,2.328846579164345
2014-06-17,1000,-0.001539101237346433,0.008540332046105551,0.00698180767081285,1.5254094944639989,1.547240325572593,2.3451061380749008
2014-06-18,1000,0.0002032264059726382,0.005689550852083028,0.005886214887231005,1.5257194979531952,1.556043428085332,2.358909936736974
2014-06-19,1000,0.00197938697910424,-0.0006269937158095576,0.0013340108542578947,1.5287394872612092,1.5550677986343957,2.362056748196798
2014-06-20,1000,0.0021329382254898104,0.0002679045723700765,0.002399007571468733,1.5320001941504042,1.5554844084079955,2.367723340219961
2014-06-23,1000,0.0005876993606048564,-0.002105648815141963,-0.0015247723414240303,1.532900549684953,1.5522091045064594,2.3641131011586496
2014-06-24,1000,-0.0014750413602974519,-0.00556390363175762,-0.00705378725515334,1.530639457972945,1.5435727626326488,2.3474371502959555
2014-06-25,1000,-0.0029133398528584965,0.008372975273449174,0.005431571503423062,1.5261801850396748,1.5564970592069416,2.3601874230275794
2014-06-26,1000,0.0004927897300817302,-0.00167958637759533,-0.0011944557923677468,1.5269322709611166,1.5538827879495303,2.3573682834890706
2014-06-27,1000,-0.003065679280592474,0.00789724129220512,0.004793315232490051,1.522251186335163,1.5661541752657722,2.3686678927909077
2014-06-30,1000,-0.0004989398247820243,0.00300433926327619,0.0024890965486571966,1.521491674594979,1.570859433746867,2.3745637358677687
2014-07-01,1000,0.002630446125291206,0.005617415370560624,0.008267263318216377,1.5254938764750803,1.5796836036749868,2.394194879538075
2014-07-02,1000,-0.001287244041483357,-0.0025386684169706386,-0.0038221418284924077,1.5235301935722683,1.5756733108015308,2.38504392714343
2014-07-03,1000,0.0028316637732538766,0.0033742007682174427,0.006215186700586656,1.5278443188288655,1.580989948897297,2.399867420439727
2014-07-07,1000,-0.002952820851669774,-0.0064252894559736155,-0.009363184679707228,1.5233328682661225,1.5708316308486467,2.3773970185753375
2014-07-08,1000,-0.002110697476982138,-0.005851756343226134,-0.007959103302258899,1.5201175734244692,1.561639506888688,2.358475070114014
2014-07-09,1000,0.0026388249318464053,0.00010209922917369396,0.0027346295165418936,1.5241288975765594,1.5617989490785882,2.364924625654776
2014-07-10,1000,-0.013204311879165289,0.006777193045591418,-0.006534753972707102,1.5040038242689102,1.5723835620548954,2.3494704250621252
2014-07-11,1000,-0.0014957945357812186,0.0007663800365922208,-0.0007443343653650779,1.5017541435667747,1.57358860542672,2.3477216334843427
2014-07-14,1000,0.006553549286859849,-0.0029297573774496695,0.0036088934311731186,1.5115959633633855,1.5689783726009003,2.3561943106656473
2014-07-15,1000,-0.00015477228391244026,-0.004290149751321236,-0.004450624404958365,1.5113620102037828,1.5622472204258582,2.345707774763775
2014-07-16,1000,0.004572770830806589,-0.004495144070958659,5.99403539668657e-05,1.5182731223188317,1.5552246940955892,2.3458483773180974
2014-07-17,1000,-0.004420351591667148,-0.008377442890837677,-0.012771490745970258,1.5115618213060042,1.542195888038383,2.3158883964757297
2014-07-18,1000,0.0014869037593369264,0.010789105268817495,0.012275790677092403,1.5138093682605744,1.5588348018195668,2.344317757662373
2014-07-21,1000,-0.0038926069813899383,0.00027683643742376483,-0.0036188065164628725,1.50791670334519,1.5592663440926346,2.335834125284285
2014-07-22,1000,0.004510573971911131,0.0017499691598881087,0.006261908447146127,1.5147182731791087,1.5619950121068482,2.3504609047245344
2014-07-23,1000,0.0015121261244770126,-0.0010468436803271143,0.00046156311314888876,1.5170087182512055,1.5603598474997216,2.351545790777054
2014-07-24,1000,0.002043615393717049,-0.0010092123548282206,0.0010252795360902222,1.5201089006202269,1.558785113063647,2.353956782554517
2014-07-25,1000,-0.004587083807399352,-0.0017075005602008462,-0.006293940180328249,1.5131360336967081,1.556123486609858,2.339141119378041
2014-07-28,1000,6.842750058764302e-05,-0.0017524007599481653,-0.001695945254584823,1.513239573813543,1.5533965346293497,2.3351740640968277
2014-07-29,1000,0.0016638701152019055,-0.005207069461018642,-0.0035811807268749745,1.515757407917552,1.545307890973029,2.326811383744586
2014-07-30,1000,0.004978792854560741,-0.003764239176725737,0.0012099826326968527,1.5233040500693396,1.5394909824697247,2.329626785108478
2014-07-31,1000,-0.008081189330771635,-0.01138228205656161,-0.019370259493828368,1.510993941632398,1.521968061883721,2.284501309757154
2014-08-01,1000,-0.0006173000225502204,-0.0014610325634428047,-0.002113980920824362,1.5100612050381552,1.5197444169847891,2.279671917574729
2014-08-04,1000,0.002874735177611,0.004022057102631272,0.006909610025165957,1.5144022311046241,1.525856915811307,2.2954235615104928
2014-08-05,1000,-0.004271775523226313,-0.000679928595026759,-0.0049439884976841455,1.507933044721472,1.5248194420623276,2.284075013825072
2014-08-06,1000,-0.0053472748706966545,0.007341123998876973,0.0019445591145357964,1.4998697122447398,1.5360133306624055,2.2885165327114887
2014-08-07,1000,0.0037614274411927433,-0.008161860039409802,-0.004510219604612229,1.505511363338591,1.5234766048388713,2.278194820580174
2014-08-08,1000,0.0005783008925150195,0.010797597328081651,0.01132919572385451,1.5063820019037013,1.5399264917566744,2.3040049355995986
2014-08-11,1000,0.0042840947676343185,0.0012906987538391106,0.005566453220525087,1.5128354851561154,1.5419140729605885,2.316830071293473
2014-08-12,1000,-0.0021036978606155106,-0.0013542116339156944,-0.0034614420527591945,1.5096529363825293,1.5398259949844868,2.3088104982556006
2014-08-13,1000,0.0024973462830647298,0.004177691914731879,0.0066822263029987896,1.5134230625319218,1.5462589135938274,2.324238492495684
2014-08-14,1000,0.0013251333232257578,0.002659910111387306,0.003986658218862528,1.5154285498642213,1.5503718233129185,2.3335044369843887
2014-08-15,1000,0.005646459088893088,-0.006809177119354733,-0.0012119698426743067,1.5239853551731704,1.539815066967124,2.3306762999790167
2014-08-18,1000,0.00656155869663319,0.00546489644262481,0.012064102321801043,1.5339850745339485,1.5482299968488926,2.35879381734096
2014-08-19,1000,0.0020272018002247642,0.002545692811792213,0.004577307573851077,1.5370947718385617,1.552171314822872,2.369590742146228
2014-08-20,1000,-0.0021254029984416997,0.0028981123494972835,0.0007733440627780857,1.533827826001607,1.5566696816788956,2.371423251077881
2014-08-21,1000,0.0005568624806973309,0.002073532737710075,0.0026252744517673457,1.5346819571697567,1.5598974872256577,2.377648887953263
2014-08-22,1000,-0.0005562685918222114,-0.0007399205077835717,-0.001297000285258476,1.533828261798547,1.5587432870848192,2.374565076667343
2014-08-25,1000,0.0048072981200410975,-0.0014798630641975126,0.0033140228018142476,1.5412018315179572,1.5564365604676966,2.3824344394758104
2014-08-26,1000,0.0011521778710166472,0.0021675374138286044,0.003320891415372396,1.5429775701630024,1.559810194944761,2.390346245553553
2014-08-27,1000,0.0009825921607263617,-0.0017246310371151028,-0.0007478838850601235,1.544493687827621,1.5571200978705506,2.3885585441167896
2014-08-28,1000,-0.003910141732809851,0.0012520074166364544,-0.00266128725028888,1.5384544986027848,1.5590696237816781,2.382201903716763
2014-08-29,1000,0.0018188105859205147,0.0030656229202302224,0.004882151127553402,1.5412526559308006,1.5638491433545778,2.393832173427054
2014-09-02,1000,0.0015700365962072781,0.0007588344927890417,0.0023549340662436685,1.5436724790046137,1.565035846026074,2.399469490361127
2014-09-03,1000,0.003397921442088106,-0.005607823847870815,-0.0022382337009452793,1.5489177568205847,1.5562594006859563,2.394098916883411
2014-09-04,1000,0.0014903876383106725,-0.0034654778819920074,-0.0019842393535935768,1.5512262446981102,1.550866218154237,2.389348451596135
2014-09-05,1000,-0.0016155822420172998,0.005302339737500623,0.0036736334341976027,1.5487201111238247,1.5590894377303037,2.398126041953867
2014-09-08,1000,-0.0014679006444247595,0.0005334626265216569,-0.0009352253820111682,1.5464467438746723,1.5599211536767374,2.3958832536101697
2014-09-09,1000,-0.0013676055071220907,-0.007239727438447386,-0.00859899048353243,1.5443318147912781,1.5486277496986496,2.3752810763127212
2014-09-10,1000,0.0001303513624064956,0.002414964968767869,0.002547134028455893,1.5445331205473438,1.5523676314638337,2.381331235569345
2014-09-11,1000,-0.003868785217781156,0.007684035162226087,0.0037689641572373794,1.538557653642197,1.5642960789287035,2.3903063876427155
2014-09-12,1000,-0.0004762117253866228,-0.00779378938306095,-0.00826254203559568,1.5378249744473493,1.552104284756785,2.370556380636865
2014-09-15,1000,-0.00020478561156435027,-0.005372848911934649,-0.005585746442540354,1.5375100500194783,1.5437650629392203,2.357315053766881
2014-09-16,1000,-0.002030146612859716,0.006960629674338712,0.004908250266073785,1.5343886791991934,1.5545106398465225,2.368885346006752
2014-09-17,1000,0.0014283548069979309,-0.00023382289685818525,0.0011955164902595356,1.5365803306449308,1.5541471596655168,2.371717387501437
2014-09-18,1000,0.0030045169164236497,0.001832748476229903,0.004843937039424553,1.5411970122417975,1.5569955205042307,2.383205837201803
2014-09-19,1000,0.003289470018373627,-0.009123785989903179,-0.0058676674627188,1.5462667336059739,1.5427898265879123,2.369221977853892
2014-09-22,1000,-0.002685914781097411,-0.008968975637735027,-0.011628457721342815,1.5421135929306624,1.5289525822191,2.341671580251942
2014-09-23,1000,-0.0029097027322340916,-0.005343652607734694,-0.008245859357921615,1.5376265007958967,1.520782390766022,2.322362485738742
2014-09-24,1000,0.0007710569867661744,0.005894154244232946,0.006685126346157043,1.5388120984523723,1.5297461167491104,2.3378877723774814
2014-09-25,1000,-0.0026433540867839057,-0.011630946956246163,-0.014250560698282384,1.5347444732031357,1.511953720808678,2.304571560771444
2014-09-26,1000,0.00180390916066096,0.0056190239196618665,0.00742245536946812,1.5375130128176207,1.5204494249313236,2.3216771403270156
2014-09-29,1000,-0.008635787824325359,0.006849146272815221,-0.001869023443698051,1.5242353766617884,1.5308632054430962,2.3173378713230464
2014-09-30,1000,0.00037864553165504176,-0.008619513916190789,-0.008247487406583674,1.524812521576352,1.517667908739995,2.29822565641251
2014-10-01,1000,-0.001119881233439263,-0.01145200008398454,-0.012567976133363917,1.5231049126489253,1.5002875757216438,2.269341611213633
2014-10-02,1000,-0.0004057073283016335,0.004969971657518478,0.004565709833161491,1.5224869778240915,1.5077439624511075,2.2797027665227536
2014-10-03,1000,0.0074142382798418165,0.0016900077736121415,0.009124657983591902,1.5337750590556356,1.5102920614682667,2.300504274571522
2014-10-06,1000,0.003379566298846218,-0.0071715574772585776,-0.0038177796642468076,1.538958553555231,1.4994609151419995,2.29172145613455
2014-10-07,1000,-0.005596791660643289,-0.010436165048805063,-0.015967080478271813,1.5303453231566175,1.4838122935473452,2.2551293552106673
2014-10-08,1000,-8.10609578893906e-06,0.017510894306608054,0.017493269879206876,1.5303329180308378,1.5097951737904984,2.2945789416338895
2014-10-09,1000,-0.0018783372492787804,-0.021088898061687344,-0.02292057969629002,1.5274584367071031,1.477955257276403,2.2419858621327413
2014-10-10,1000,-0.0029871798052629674,-0.011191131166032127,-0.014110663382864798,1.522895643711593,1.461415266134696,2.210349954323044
2014-10-13,1000,0.00055006901421404,-0.01263833687461514,-0.012082659070393817,1.5237333414170802,1.4429454076875803,2.183643049398698
2014-10-14,1000,0.0065908648203295995,0.002677992953474952,0.009292918428424467,1.5337760618925893,1.4468096053216168,2.203935466133556
2014-10-15,1000,-0.013118922785424127,0.01377692392527149,0.00041599567312787544,1.5136545721664885,1.4667421911884848,2.2048522937513204
2014-10-16,1000,-0.015411465333083378,0.02347323199800479,0.007616808080034327,1.4903269372012815,1.5011713709235142,2.2216462305176474
2014-10-17,1000,0.011448178121395336,-0.004696668871168502,0.006661361951657595,1.5073884654374754,1.4941208660754084,2.2364454201876613
2014-10-20,1000,-0.0022236147394669396,0.012967638006534664,0.010721584990941174,1.504036614227626,1.5134960846046843,2.2604236598378047
2014-10-21,1000,0.0062459910672853156,0.014408338145605036,0.020752042324511187,1.513430813484962,1.535303047973718,2.307332067298085
2014-10-22,1000,0.0019156314107506023,-0.011999426465945949,-0.010117819596586475,1.5163299890892716,1.5168802919466147,2.283986897691744
2014-10-23,1000,0.00982218979740639,0.004314316802200511,0.014189882211561982,1.5312236700376056,1.5234245940770865,2.316396402742741
2014-10-24,1000,0.0008669608062611254,0.003928303006490622,0.004802734245684769,1.5325511809451473,1.5294090674901615,2.3275214390727745
2014-10-27,1000,-0.004003642691881134,0.0029609723951011142,-0.0010404933792845658,1.5264153936096225,1.5339376055198173,2.3250996684252763
2014-10-28,1000,0.0033926251465150915,0.015526929677748545,0.018951444057754445,1.5315939488580101,1.5577549468507774,2.3691636647201415
2014-10-29,1000,0.001002569384894369,-0.003363416885866783,-0.0023798698997922352,1.5331294780612246,1.552515567558497,2.3635253634267928
2014-10-30,1000,-0.003123715867173419,0.009812925310816028,0.006636580741663229,1.5283404171841735,1.5677502868668278,2.3792110903361436
2014-10-31,1000,0.01299021821399007,0.0018515561236205113,0.014830013205050611,1.5481938927086565,1.570653064510784,2.4144948222234315
2014-11-03,1000,0.0008563599664553487,-0.001630167634094183,-0.0007827156445944245,1.5495197039786828,1.5680926367206276,2.412604959352285
2014-11-04,1000,-0.00278086729847507,-0.0009242055334551587,-0.0036906698025095715,1.5452106953055458,1.5666433968288,2.4037008310834187
2014-11-05,1000,0.006275008929830985,-0.00106699509456384,0.005190772777858394,1.5549069062170584,1.564971796009453,2.4161778959235223
2014-11-06,1000,-0.000629578910032505,0.006115855293837643,0.005498839209017587,1.5539279696218404,1.574542937052784,2.429464069673588
2014-11-07,1000,-0.0006412373870381065,0.00209461357888949,0.001458313280058055,1.5529315329109545,1.5778409960692792,2.433006989389817
2014-11-10,1000,0.0004788763509735204,0.00254627382857963,0.0030230437612660203,1.5536751950967467,1.5818586113032302,2.4403620759902083
2014-11-11,1000,-0.0003545625364961029,0.0006754994405646505,0.000319254252528793,1.553124320078682,1.582927155910218,2.441141171960678
2014-11-12,1000,-0.003985229205436306,0.006567254148681121,0.0025612204863566797,1.546934763678631,1.5933226408419296,2.447393472740393
2014-11-13,1000,0.00044015841981203795,-0.005139210961527269,-0.0047068216755147855,1.547615660039764,1.5851342196608653,2.435874028094385
2014-11-14,1000,-0.00027855011425482025,-0.000614505515960975,-0.0009021347883183537,1.5471845715208372,1.5841601459393453,2.43367654139368
2014-11-17,1000,-0.0016179439665128304,-0.0005008422981571612,-0.0021201962916173995,1.5446813135782633,1.583366731531204,2.428516669415621
2014-11-18,1000,0.001087790221069521,0.0038208867312199218,0.0049082510920378354,1.5463616028058427,1.5894165964663667,2.4404364390103117
2014-11-19,1000,-0.0007415337718060743,-0.0037689781348345594,-0.004492462064187285,1.5452149234539378,1.5834261200671418,2.4294728708879973
2014-11-20,1000,-0.004257942392905962,0.010595929564148088,0.006281819998963774,1.5386354873252124,1.6002039917054054,2.4447343821552816
2014-11-21,1000,0.011707349557528158,-0.006965330023848991,0.004652706479083571,1.5566488308169464,1.5890580427976966,2.456109013654774
2014-11-24,1000,0.002057707069071322,0.0044657915170532424,0.006534551367018996,1.55985195812018,1.5961544447253277,2.472158584167499
2014-11-25,1000,0.0017998110055574567,-0.0017400689232786517,5.294425769561018e-05,1.562659396841445,1.593377025979308,2.4722894707686436
2014-11-26,1000,0.0002534493669868979,0.0016588535771981767,0.0019156274843812214,1.5630554518763904,1.5960202051586794,2.477025456428194
2014-11-28,1000,-0.0008738704330781145,-0.006419189337072814,-0.0071459491125063284,1.5616895439317342,1.585775049275972,2.4593247585661757
2014-12-01,1000,-0.003465455084100909,-0.008270251999946524,-0.011696544307377115,1.5562775789619288,1.5726602900032318,2.430559157561377
2014-12-02,1000,0.0006193104524113174,0.006269349579671378,0.006896124449971252,1.5572413979334332,1.5825198471313293,2.4473205959949373
2014-12-03,1000,0.0008512105487087454,0.00842032984862414,0.009279812324156072,1.5585669382382403,1.5958451862361693,2.470031271822812
2014-12-04,1000,-0.001502947840999087,-0.001096315576806453,-0.002614640844497852,1.5562244934233624,1.5940956363003271,2.463573027172317
2014-12-05,1000,2.2216909764578574e-06,0.0031835373026759105,0.003191396784818277,1.556227950873277,1.599170499222522,2.4714352662104
2014-12-08,1000,-0.0025481313483731497,-0.006532350228187642,-0.009036558960411882,1.5522624776464422,1.5887241574470148,2.4491019957104485
2014-12-09,1000,-0.010115447065387815,0.01710239750211611,0.006788358952823151,1.5365606487222219,1.615895149508888,2.4657273791694068
2014-12-10,1000,-0.0031987765484731206,-0.016823242922465228,-0.019963285892476715,1.5316455345537825,1.588710552871467,2.4165033585661404
2014-12-11,1000,0.0046754787102289384,0.0002013498830949204,0.004874832843930377,1.538806710642206,1.589030439555559,2.4282834085059464
2014-12-12,1000,-0.009150133644212865,-0.006018022004922462,-0.015125864979072126,1.5247264235872182,1.5794676194038222,2.3915535215379644
2014-12-15,1000,0.005415428686716268,-0.01206543827339611,-0.006715909086103671,1.5329834708009067,1.5604106503370774,2.3754920655127645
2014-12-16,1000,-0.003369848355429286,-0.0013077705605924646,-0.004700494658001208,1.527817548972928,1.5583699912261315,2.3643260777486974
2014-12-17,1000,0.002755848566645398,0.021153528565598233,0.02396458372963281,1.532027982775361,1.5913350153513044,2.42098616800306
2014-12-18,1000,0.012631013783871537,0.0054629442211679945,0.018124526929379933,1.5513790493430732,1.6000283897773602,2.464865397000688
2014-12-19,1000,0.0010050963445569535,0.0027048195961868926,0.003725698436964683,1.5529383347545902,1.6043561779204853,2.474048742157622
2014-12-22,1000,9.184457477734964e-05,0.0048391428407271566,0.0049316485308032315,1.5530809637156011,1.6121198866328454,2.4862498810020193
2014-12-23,1000,0.004283759086898153,-3.4794999759041876e-05,0.004241288595788037,1.5597339884066062,1.6120637929217785,2.4967947842685927
2014-12-24,1000,0.0006488093253191297,0.0007172097158578396,0.0013605274913958947,1.5607459583633017,1.6132199807366447,2.500191742212964
2014-12-26,1000,0.0034581189300746536,0.0005985242914903744,0.004053743218584829,1.5661432035069554,1.6141855320826333,2.5103268775331213
2014-12-29,1000,-0.0007671308504112626,0.004671246578172367,0.0038991597556201772,1.5649417667393832,1.6217257907259097,2.52011504306745
2014-12-30,1000,-0.0025759127292620337,-0.001822050333414522,-0.004398072498940747,1.5609106133218853,1.6187709247082107,2.5090313944023683
2014-12-31,1000,0.0019682854224172012,-0.011146028741590312,-0.0092136621233027,1.563982930927783,1.6007280574553622,2.485914026877586
2015-01-02,1000,0.004410536289280164,-0.0060632364721249785,-0.0016954575800698455,1.5708809344004548,1.591022464715445,2.4816992650973146
2015-01-05,1000,-0.006250237986799367,-0.011633356473295496,-0.017794738108873404,1.5610625547115262,1.572513533226389,2.437538076609924
2015-01-06,1000,0.0015367473284720904,-0.013658972720582523,-0.012145378614311541,1.563461513422057,1.551034613773303,2.407933253782696
2015-01-07,1000,0.0078116979219804705,0.004150814984134168,0.011980508953411588,1.5756748024775526,1.5574726714890643,2.436781519688857
2015-01-08,1000,0.008184767623530511,0.00956092121853964,0.01782584367218719,1.5885713345860837,1.5723635450012,2.4802192061221056
2015-01-09,1000,0.0005437933457948464,-0.00965953232607615,-0.009112622312881572,1.5894351891071519,1.557175248509917,2.45761790524356
2015-01-12,1000,3.312864679116112e-05,-0.006493798163658942,-0.0064504587131271685,1.5894878449441292,1.5470632667406483,2.441765142413144
2015-01-13,1000,0.0071246738221332085,-0.008234956371171375,-0.0011845524169860732,1.6008124273836015,1.5343232682355972,2.438872743611986
2015-01-14,1000,-0.011120981948968971,0.006246804871598252,-0.004945447835362225,1.5830098212749832,1.5439078863022178,2.4268114256813664
2015-01-15,1000,0.0031392803935388148,-0.01526009103212197,-0.012201125735148486,1.5879793329696912,1.520347711412035,2.397201594341133
2015-01-16,1000,-0.002025746122680021,0.016586632194466305,0.014527514625624358,1.5847624899930317,1.545565159708925,2.432026975563494
2015-01-20,1000,0.0027944160048427795,-0.004769697840420236,-0.001985772776767617,1.5891909756589426,1.5381932809044325,2.4271975226030555
2015-01-21,1000,-0.001679848855797088,0.006466443244053547,0.00476156505775806,1.586521375016839,1.5481399204537856,2.4387547815149593
2015-01-22,1000,0.0057372538027671265,0.011855390808980279,0.01764519138053877,1.5956236508088257,1.5664937242377488,2.481787076364995
2015-01-23,1000,-0.0009339840519714434,-0.0029714851117182686,-0.003896564671727897,1.5941333637660218,1.5618389114585762,2.47211663252048
2015-01-26,1000,-0.00034557895953703655,0.008875890338042848,0.008492667984478135,1.5935824648168082,1.5757016223623708,2.493111498299383
2015-01-27,1000,-0.011012297210691796,0.0036401151182141912,-0.007414358168632323,1.5760334610844988,1.5814373576597267,2.474626676696656
2015-01-28,1000,0.005437606260069466,-0.019482227263162975,-0.014139110194988614,1.5846033104985706,1.550627435655344,2.4396376574233836
2015-01-29,1000,0.001365245865146825,0.007919593791839296,0.009264211877073778,1.5867666836161267,1.5629077750682157,2.462238977585042
2015-01-30,1000,-0.0073732504555863495,-0.0077115543833779256,-0.015030947564285104,1.5750670554432449,1.550855326764573,2.425229192622222
2015-02-02,1000,0.002907492362919305,0.008465553047787762,0.011411415150989231,1.579646550878032,1.5639841748027428,2.4529044897755328
2015-02-03,1000,0.004555948834455793,0.013575389955708145,0.01822119089410465,1.5868433397403567,1.5852158698602463,2.4975993307287387
2015-02-04,1000,-0.004962144643717567,0.0004819093224168317,-0.00447018776181221,1.5789691935616452,1.585979800165975,2.4864345927666047
2015-02-05,1000,0.0041043528805663225,0.007830052093913725,0.01197019304559199,1.5854498403195656,1.5983981046211693,2.516197694837259
2015-02-06,1000,0.0010277723924856793,-0.004258264794375982,-0.0032077255804944717,1.587079321895117,1.5915917022448636,2.5081264231259484
2015-02-09,1000,-0.0031274726511085894,-0.0019642783608073322,-0.005085687214025376,1.58211577472075,1.5884653731049034,2.4953708766446976
2015-02-10,1000,0.006015326288992522,0.003318149528719465,0.009372792968348385,1.5916327173326577,1.5937361387340587,2.5187594712507346
2015-02-11,1000,-0.0012213324525273365,4.3172767024279634e-05,-0.0011889599509480714,1.589688804642475,1.5938049447330744,2.5157647671133465
2015-02-12,1000,0.0052101427240395974,0.006411231315785554,0.011667968762228316,1.5979713102014703,1.604023196906001,2.5451186318291397
2015-02-13,1000,0.0010973421055522966,0.0036584444394912475,0.004768675403172017,1.5997248314036188,1.6098914266515365,2.557255476446898
2015-02-17,1000,-0.0013574853084282429,0.002341257275834402,0.0009701023609922658,1.5975532284474605,1.6136605966674877,2.5597362760222597
2015-02-18,1000,-0.0023285559209162013,0.004867108732188475,0.002531696979623649,1.5938332364183805,1.6215144582483165,2.5662167526208983
2015-02-19,1000,-0.002948072235218809,0.0025791241998211257,-0.00042448079493911895,1.5891345009065265,1.6256965454279446,2.56512744289376
2015-02-20,1000,-0.0009027413732861289,0.006924692393223924,0.006011997857122715,1.5876999234448417,1.6369539939297602,2.5805489835836837
2015-02-23,1000,-0.0015405913773801165,0.001306657090993181,-0.00023800305790804422,1.5852539266329153,1.639092931473558,2.5799348050345094
2015-02-24,1000,0.00011336597653806635,0.002188696652419739,0.0022947847314249863,1.5854336404923688,1.6426804086856792,2.5858552000331745
2015-02-25,1000,-0.00020024055288388475,7.615250310765265e-05,-0.00012733942455453727,1.5851161723836358,1.6428055029106066,2.585525918720021
2015-02-26,1000,-0.0005756371613331191,-0.0006497728674347908,-0.0012359350713102022,1.5842037206097817,1.6417380524683427,2.5823303765592933
2015-02-27,1000,-0.0003128861670579379,-0.0031469357667588556,-0.0034649664452365884,1.5837080451798011,1.636571608271381,2.573382688454
2015-03-02,1000,0.00011871826128429652,0.00666566202572742,0.006803837409436094,1.5838960602453067,1.6474804414930193,2.590891565858499
2015-03-03,1000,-0.002759253938024173,-0.0019407877074205154,-0.004700715685805312,1.579525688803654,1.6442830317039538,2.578712521234647
2015-03-04,1000,-0.0035392161351681397,-0.002067241852364553,-0.005596362220547109,1.5739354059999275,1.6408839010036826,2.564281111903157
2015-03-05,1000,0.0016490679213094915,0.0004922050147066387,0.0021409050885737727,1.5765309323881753,1.6416915522883082,2.569770994384164
2015-03-06,1000,-0.005992615584648876,-0.008244314636713376,-0.01417465519359419,1.5670833885530648,1.628156930594809,2.5333453766122687
2015-03-09,1000,0.001767346757916076,0.0023238174969746725,0.004099313184581238,1.5698529682992082,1.6319404701579456,2.543730352715713
2015-03-10,1000,-0.008278499790989907,-0.005590664930783751,-0.013814978044479247,1.5568569408292583,1.622816837802307,2.50858877374187
2015-03-11,1000,0.0014731267993335025,0.0021983785266078792,0.0036711715321626065,1.5591503885115223,1.6263844034911494,2.5177982334339344
2015-03-12,1000,0.004710186126041074,0.009463295677695605,0.014215475055919373,1.5664942770399009,1.6417753599869789,2.5535899314171524
2015-03-13,1000,-0.0019522343752864941,-0.004060050091891117,-0.006005084910650413,1.563436113063574,1.6351096697857992,2.5382554070520102
2015-03-16,1000,0.003969016438705781,0.006470687475114914,0.010461679201425123,1.5696414166971897,1.6456899534465212,2.5648098208518713
2015-03-17,1000,-0.003931965753709054,0.00396270422004815,1.4901114255731595e-05,1.563469640401133,1.6522113359699344,2.564848039376056
2015-03-18,1000,-0.002271248296986723,0.013322050792027173,0.011005664556274122,1.5599186126429814,1.6742221793068888,2.5930758965352467
2015-03-19,1000,-0.0028465402620076754,6.974681498990498e-05,-0.0027638327490819357,1.555478241506638,1.674338950971481,2.5859090684515476
2015-03-20,1000,0.0053420467436336916,0.005800799335829621,0.011164526424086968,1.5637876789814713,1.68405145524623,2.6147795185765608
2015-03-23,1000,-0.0003856102999799914,-0.0008294138631635004,-0.0012117050073926754,1.5631846663454743,1.6826546796229682,2.6116111771406736
2015-03-24,1000,-0.0007014035865090389,-0.003211956512225295,-0.003916873274099254,1.5620882430141236,1.677250065966927,2.6013818271185922
2015-03-25,1000,0.0020614941893218183,-0.0186523210028693,-0.016622456853953436,1.565308478850305,1.6459654593344282,2.558140469936655
2015-03-26,1000,-0.002982681296321803,0.0009060922236891349,-0.002112532030550431,1.5606396625274643,1.6474568558375922,2.5527363162552663
2015-03-27,1000,7.863001553783011e-05,0.005192122645911674,0.0052535412409164565,1.5607623756483777,1.656010653886949,2.5661472217698984
2015-03-30,1000,0.005477155060873723,0.007641191837895349,0.01315696291207469,1.5693109131929814,1.6686645489788978,2.5999099255936486
2015-03-31,1000,-0.0042552578665373195,-0.0005960655315370946,-0.004855391746828864,1.562633090584574,1.6676699155575536,2.587286344398423
2015-04-01,1000,-0.0016279987196168824,-0.0014751991063391243,-0.003108693262425207,1.5600891259138714,1.6652097703884545,2.579243264771627
2015-04-02,1000,0.00013010695095177637,0.003837643925783495,0.003962082285888922,1.5602921043532572,1.671600252548941,2.589462438821977
2015-04-06,1000,-0.004052177560761182,0.010874024985157939,0.006778622130146211,1.5539695236997642,1.6897772754603546,2.607015426214958
2015-04-07,1000,3.935538970960817e-05,-0.005569704000759607,-0.0055337752524833046,1.554030680775966,1.6803657162088304,2.5925887887665273
2015-04-08,1000,0.0013214451573056248,0.0036590729192846863,0.004980341894514243,1.5560842470933818,1.6865142968955045,2.605500767326469
2015-04-09,1000,-0.00036940838438489045,0.0009889244491391367,0.0006248974006989081,1.5555094165256962,1.6881821321175272,2.6071289379834903
2015-04-10,1000,0.00247595808021807,0.0008320570813639987,0.0033105201540650987,1.5593607926343982,1.6895867960151878,2.615759890876931
2015-04-13,1000,-0.0002984537033762511,-0.0024014674970024995,-0.0027067067281839564,1.5588953956309368,1.6855293082411926,2.6086797959809807
2015-04-14,1000,0.0002590074353651054,0.00045725062061393717,0.0007193054073011695,1.5592991611293614,1.686300017563449,2.610556233464147
2015-04-15,1000,0.0034239524647069843,0.002730120462520783,0.006165462494847898,1.564638127335326,1.690903819747348,2.6266515200122615
2015-04-16,1000,-0.0014467536863247003,-0.000678688940117826,-0.0021192486412850604,1.5623744813568394,1.6897562220260827,2.6210849923473463
2015-04-17,1000,-0.0069027703202241796,-0.00543827022941583,-0.01230087046455971,1.551589769157854,1.6805668710688682,2.58884336537988
2015-04-20,1000,0.0047668280887754625,0.003966142783061932,0.008755370231219348,1.5589859308517322,1.6872322392360108,2.6115096475144166
2015-04-21,1000,0.003886345970875399,-0.004133669342378294,-0.00027036063268660106,1.5650446895427492,1.6802577790552087,2.6108035981138475
2015-04-22,1000,0.0013550518816154713,0.0015698688605657349,0.0029206937557836915,1.5671654062941265,1.6828955634202707,2.6184289558804363
2015-04-23,1000,-0.0017841992783537083,0.005586107531569674,0.0037832242504634303,1.5643692709071555,1.692296399001938,2.6283350598044386
2015-04-24,1000,0.0009975049432172309,-0.0025079508077574812,-0.001501478474530373,1.5659297369879024,1.688052202881096,2.6243886712882887
2015-04-27,1000,0.002386406656396461,-0.008893049833892878,-0.006534117288852292,1.5696666821356997,1.6730402705186618,2.6072406078985555
2015-04-28,1000,-0.0011995851900658968,0.004628500883437222,0.0034166231005072845,1.5677837332304698,1.6807839388887835,2.616148566388082
2015-04-29,1000,-0.004497533370630613,-0.001754058994903688,-0.006241683865729714,1.5607325735723339,1.677835744702286,2.599819394090906
2015-04-30,1000,-0.003501045763661091,-0.009694471867779633,-0.013182524701928867,1.5552683774074205,1.6615700132765148,2.5655472107077486
2015-05-01,1000,0.0033574822993438355,0.0066314398550168805,0.010002152188126242,1.5604901634552952,1.6725886148844575,2.59120820435507
2015-05-04,1000,0.0022983366394254425,0.0014530332597319203,0.0037473996154053545,1.5640766951734275,1.6750189417717338,2.6009184969835055
2015-05-05,1000,-0.0020443391861944297,-0.010787641848157902,-0.01279596994478135,1.5608791918952711,1.65694943733902,2.5676372220672787
2015-05-06,1000,0.003562598095454949,-0.003993142559183079,-0.00046552872630292155,1.5664399771315525,1.650333002022367,2.566441913181682
2015-05-07,1000,-0.0008821878685000404,0.005228958575891607,0.004340806060024042,1.5650580827869935,1.6589625249263686,2.577582339791121
2015-05-08,1000,0.009478423512718047,0.0007997146015831154,0.01028367470169481,1.5798923661176514,1.6602892214810312,2.6040893580903663
2015-05-11,1000,-0.0009417221877542921,-0.0005010093202403238,-0.0014371848529232912,1.5784045464222147,1.6594574011067746,2.6003468003092602
2015-05-12,999,-0.004460888860608079,0.0017027937789133875,-0.0027672239688197307,1.5713634591635468,1.662283114845751,2.593151058316201
2015-05-13,1000,0.002666807930134784,-0.002391594496661174,0.00026917615590480815,1.5755539836975683,1.6583076076963932,2.593849072749759
2015-05-14,1000,0.0050015211145388785,0.005010579831196374,0.010042047845245771,1.5834341502141276,1.6666166903494362,2.619896629241659
2015-05-15,1000,0.0005934601800776518,-3.542548498791731e-05,0.0005608465614882312,1.5843738553300548,1.6665576496448915,2.6213659892576238
2015-05-18,1000,-0.0015325893655848747,0.00857562493544023,0.007028648153457455,1.5819456608082654,1.680849422981535,2.6397906484775553
2015-05-19,1000,-3.2759279676651707e-05,-0.0013839399658480244,-0.0014076534883048935,1.5818938374079297,1.678523228288498,2.6360747379628315
2015-05-20,1000,0.00117820735815499,-0.0014055964571489579,-0.00022721542869154,1.5837576363669836,1.6761639019855734,2.6354757811111824
2015-05-21,1000,-0.0008390617750819062,0.0015355351226822868,0.0006818253487647197,1.582428765873314,1.6787377105284444,2.6372727153047997
2015-05-22,1000,-0.0012600304697791857,-0.0010912580856834568,-0.0023536263648191477,1.5804348574120586,1.6769057744280886,2.63106556071084
2015-05-26,1000,-0.003195073969785037,-0.007748407118333883,-0.010924942219677566,1.5753852511382005,1.6639124257887348,2.6023213214838905
2015-05-27,1000,0.0017688598005662808,0.007864241371468954,0.009645598519307647,1.578171886779344,1.6769978347261236,2.627422268169158
2015-05-28,1000,-0.0017555276048981916,0.0006827238906583308,-0.0010655057376010033,1.5754013624668286,1.6781427612124735,2.6246227346673234
2015-05-29,1000,-0.0007322333340874923,-0.005484750239389631,-0.00621551482711531,1.5742478010746637,1.6689385673011834,2.608309353144415
2015-06-01,1000,0.0034779427675893358,-0.0011455631114581962,0.002314479787407346,1.5797229448288046,1.6670266928431934,2.614346232421573
2015-06-02,1000,-0.0028547692918323023,0.003842450797499512,0.0009831552382149804,1.5752132002763044,1.6734321608885616,2.6169165406144854
2015-06-03,1000,0.0024783328565391462,0.002751849304687106,0.005246752157602026,1.5791171029066033,1.678037194016944,2.630646853120219
2015-06-04,1000,-0.004816437592594849,-0.004035463419974135,-0.008832067115343014,1.5715113839290544,1.6712655363031326,2.6074128035566955
2015-06-05,1000,-0.0013851163647208798,0.003958100941448326,0.0025720668738596123,1.5693346577938292,1.677880573995784,2.614119243655201
2015-06-08,1000,-0.0011335887787830203,-0.0057699451330999255,-0.006898041699370094,1.5675556776355988,1.6681992951439342,2.5960869401053417
2015-06-09,1000,0.0002963507410933499,-0.0015693916775942212,-0.00127736821285196,1.5680202239223713,1.6655812370535668,2.592770781170251
2015-06-10,1000,0.004924046610141115,0.006867139786891177,0.011819003961456,1.5757412285906087,1.6770190162348366,2.62341474930405
2015-06-11,1000,0.002115088834370353,0.0007537741087823846,0.0028684036072985203,1.5790740612690577,1.6782831097492101,2.630939761634394
2015-06-12,1000,-0.0034549214919506427,-0.0009587666754084995,-0.004412214733623932,1.5736184843573975,1.6766740278316816,2.6193314904548335
2015-06-15,1000,-0.00664457953467364,0.0011684663536266266,-0.005495128777532392,1.5631624511808522,1.6786331650192026,2.6049379266037382
2015-06-16,1000,-0.0010172788610501619,0.007169425928816353,0.006148239661307093,1.5615722790628785,1.6906680011574624,2.6209537092793265
2015-06-17,1000,0.002395510458186254,-0.0014629736097827952,0.0009195974770032333,1.5653130417885874,1.6881945984888649,2.6233639316977224
2015-06-18,1000,0.0024696916599294115,0.007450527886479759,0.009931031397704201,1.5691788823530715,1.7007725394227107,2.649416641271017
2015-06-19,1000,-0.0003201276079793266,-0.0017962027501516485,-0.002107784409727624,1.568676544870972,1.697717607110017,2.6438322421796734
2015-06-22,1000,0.005767928830920982,-0.0008448963868476602,0.004913908271653058,1.5777245595405227,1.696283211637882,2.6568237913033834
2015-06-23,1000,0.0010909594414829824,-0.00011958813086539055,0.0009658367834621932,1.579445793044813,1.696080356299184,2.6593898494482016
2015-06-24,1000,-0.0010964719443027422,-0.007200335717582764,-0.008294619368743716,1.5777139750451923,1.6838680083298325,2.637331222893928
2015-06-25,1000,0.002155123427382085,-0.005073859171818197,-0.0029363865595767894,1.5811141433945202,1.6753242991916368,2.62958699893787
2015-06-26,1000,0.0016012681103256055,-0.001600214395789922,8.270929325414734e-06,1.5836459310511226,1.6726434211304537,2.6296087480660932
2015-06-29,1000,-0.00870322258115129,-0.013704232898986807,-0.022290142551453365,1.5698631080234502,1.649721126130324,2.570994394217151
2015-06-30,1000,0.008435769478754823,-0.005298499631927042,0.003092309157576067,1.5831061113159377,1.64098007935074,2.5789447037264654
2015-07-01,1000,0.007911966403816108,-0.0021432967349047237,0.005704766176456618,1.5956315936823453,1.6374629721046239,2.593656980243236
2015-07-02,1000,0.0029491696454877364,-0.004875462376570999,-0.0019533345287270085,1.6003373819438145,1.6294795829910997,2.5885907005080533
2015-07-06,1000,-0.008422696603785449,0.004599512866212217,-0.003857464632163748,1.5868582257120054,1.6369743952982974,2.5786053034336955
2015-07-07,1000,0.0008321085743737199,0.004092916409160123,0.00492737413667296,1.5881786640479358,1.6436743946621888,2.591311056514522
2015-07-08,1000,-0.007675526609357074,-0.008418530662581532,-0.016021429222627278,1.5759885564516227,1.629837071371425,2.5497945498287633
2015-07-09,1000,0.011645487090616372,-0.009529825574509309,0.002000573181983308,1.5943417108407394,1.6143050083663861,2.5548956004247176
2015-07-10,1000,0.010083730650759223,0.0013179152384976617,0.011411301374091458,1.6104186232181281,1.6164325255364953,2.5840502841005044
2015-07-13,1000,0.006544939597092569,0.0027373402917141125,0.009297173976416499,1.6209587158331236,1.6208572514174835,2.6080746491555953
2015-07-14,1000,-2.9383499750769704e-05,0.004177474118165717,0.0041422699454893,1.6209110863931009,1.6276283406345213,2.6188779983903854
2015-07-15,1000,-0.0001145404308628164,-0.00512099013901344,-0.005226745572838327,1.620725426538875,1.6192932719521531,2.6051897894064946
2015-07-16,1000,0.004946972032004622,0.00036265734375014793,0.0052570915380200966,1.6287431098955216,1.6198805205489117,2.6188855106033198
2015-07-17,1000,-0.0002916651319878116,-0.005275437889724376,-0.005557006043213429,1.6282680623213996,1.6113349414739815,2.604332347994413
2015-07-20,1000,0.0006871611930280812,-0.0030780787253054495,-0.0023987237318092605,1.629386944945674,1.6063751256712893,2.5980852741857605
2015-07-21,1000,-0.0004731833436078633,-0.003830305504396019,-0.004279687666222047,1.6286159461830334,1.6002222181853056,2.586966280682035
2015-07-22,1000,-0.00294548279339279,0.004283036816673894,0.0013108285479589133,1.6238188859365061,1.607076028860653,2.59035734993536
2015-07-23,1000,0.002634788847429637,-0.008368630502946067,-0.005747527602226938,1.6280973058274173,1.5936270033849762,2.575469199566975
2015-07-24,1000,-0.0003357145892144776,-0.010948134006380759,-0.011307287302071579,1.6275507298091902,1.5761797613957305,2.546347629389835
2015-07-27,1000,-0.005861659171490507,-0.001740334181445537,-0.007589730069346835,1.618010582146738,1.5734366818808707,2.527021538220045
2015-07-28,1000,0.004507491743595674,0.006601289458834715,0.0111242083366581,1.625303751486815,1.583823392863115,2.5551326522824267
2015-07-29,1000,-0.00013325805376971712,0.00931680462422142,0.009158470084787712,1.6250871666721072,1.5985795659736919,2.5785337582410195
2015-07-30,1000,-0.003156547323168105,0.005199884739122892,0.001994488838642538,1.6199575021262336,1.606891995463072,2.583676615041894
2015-07-31,1000,0.0034837648450848128,-0.0010113898113503288,0.0024593166846087816,1.6256010531226721,1.6052668012709204,2.5900306940488997
2015-08-03,1000,-0.0005039960973298868,-0.003665691420330349,-0.004161311834490997,1.624781756536083,1.5993823885301603,2.579252768670059
2015-08-04,1000,0.00027109883150435723,-0.00156192138214008,-0.0013310950477234296,1.6252222329717296,1.5968842789792967,2.5758195380828552
2015-08-05,1000,0.0060020692273054345,-0.0019384670691854349,0.004059729374291454,1.634976929323782,1.5937887713911953,2.586276668324484
2015-08-06,1000,0.0004313143235228387,-0.008150150838602708,-0.007756154209969294,1.6356821182920287,1.5807991524994858,2.5662171076553135
2015-08-07,1000,-0.003403523596052434,-0.0003489358767242375,-0.003743726192269497,1.6301150356067806,1.5802475549612833,2.5566098934543344
2015-08-10,1000,0.005822532276802836,0.008736636708359608,0.014596709270785109,1.6396064330165028,1.5940536037582538,2.5939279847879
2015-08-11,1000,-0.00863979453257652,0.0002040608116165935,-0.008427425496233973,1.6254405703209494,1.5943788876303968,2.5720678499535037
2015-08-12,1000,-0.0071792006792720815,0.00679979716786389,-0.00043493518748264346,1.6137712062743848,1.605220340675008,2.570949167140966
2015-08-13,1000,-0.0009177449247735525,-6.243814972302054e-05,-0.0009980191714961566,1.6122901759400807,1.6051201136870386,2.5683833105832177
2015-08-14,1000,-0.00088959876104572,0.00713064214712529,0.006230702468923022,1.6108558845971181,1.6165656508208939,2.584386142817609
2015-08-17,1000,-0.003525775701109433,0.010303884734165766,0.006737731597813101,1.6051763680612166,1.633222556952164,2.601799042993022
2015-08-18,1000,-0.0017195969651960781,-0.0028764702353803405,-0.004591565950292066,1.6024161116500941,1.6285246408793392,2.5898527110977123
2015-08-19,1000,-0.004676917028352493,-0.004328163098810458,-0.008988250874254573,1.5949217444510113,1.6214761206231818,2.5665744652029976
2015-08-20,1000,-0.007719307452164439,-0.014645087961077104,-0.022248948589497133,1.5826100531434515,1.5977294602098693,2.50947088187558
2015-08-21,1000,-0.012171387859525817,-0.011310119671263792,-0.02339014514878917,1.5633474923562578,1.5796589488125918,2.4507739937018505
2015-08-24,1000,-0.05099679575554324,0.012755879239975097,-0.039352828932645745,1.483621779593625,1.5998088876039913,2.354329103975125
2015-08-25,1000,0.029227066925767823,-0.03928038181774936,-0.011277699802299515,1.5269836926383349,1.5369677836634776,2.3277776871046765
2015-08-26,1000,0.02166528526697813,0.006593270903605584,0.028400062639471996,1.560066229937368,1.5471014286312852,2.3938867192292146
2015-08-27,1000,0.011654475561523568,0.013078089397690599,0.024927088475835555,1.5782479836885313,1.5673345594222199,2.453559345280569
2015-08-28,1000,-0.003464141874705677,0.007072680253399096,0.0035588873512042013,1.572780708759566,1.5784198156111156,2.4622912865999167
2015-08-31,1000,-0.0045804877455993135,-0.00012729974370997532,-0.004746584220066536,1.5655766059965779,1.5782188831731216,2.4506038136337343
2015-09-01,1000,-0.019620605692027532,-0.009410370102135567,-0.028851577629988072,1.5348590447296564,1.5633672593802836,2.379900027464336
2015-09-02,1000,0.01275287789315212,0.0021527168616091324,0.014923288635637032,1.5544329147102938,1.5667327464404393,2.4154159624981464
2015-09-03,1000,0.0031793401859096875,0.0008290320965790113,0.00399249059453668,1.559374985742333,1.5680316181739997,2.425059488010314
2015-09-04,1000,-0.012378988028502546,-0.0004403125622037798,-0.012825495460513673,1.5400715014618822,1.567341194154585,2.393956898555362
2015-09-08,1000,0.016010263237629357,0.007596746828571548,0.023723668963887237,1.564728451605058,1.5792478884005683,2.4507503395305035
2015-09-09,1000,0.008206183536740696,-0.01914438053894412,-0.011103383778020223,1.577568900464089,1.5490141658597039,2.423538717966583
2015-09-10,1000,-0.001737817489266045,0.0036645632978292435,0.001923401452592048,1.5748273736383402,1.5546906263197309,2.4282001558571324
2015-09-11,1000,-0.004904637754791606,0.008958650173704572,0.004000099046479444,1.5671034158443145,1.5686185557692671,2.437913196985238
2015-09-14,1000,0.00034142975302510546,-0.004693135949273954,-0.004357847068543182,1.567638471576551,1.5612568156344881,2.427289144106393
2015-09-15,1000,0.002672051617025077,0.009427978937836996,0.012115890713205835,1.571827282489438,1.5759763120088448,2.456697914105737
2015-09-16,1000,0.0009916127658468152,0.009583927526239723,0.010598073683182205,1.5733859264884609,1.591080354766208,2.4827341796167492
2015-09-17,1000,-0.0006876499167725028,-0.0002775318296680127,-0.0009842486568198215,1.5723039877870602,1.590638779324201,2.4802905518352207
2015-09-18,1000,-0.01269413768851524,-0.004743221493836098,-0.01737504879085149,1.5523449444778896,1.5830940272771812,2.4371953824815957
2015-09-21,1000,0.005717324997918806,-0.0027819750641519467,0.002911114206925968,1.5612202050343458,1.5786898991690883,2.4442903365845923
2015-09-22,1000,-0.011922790031234047,-0.003330701154633568,-0.015220008713025094,1.542606104337201,1.5734317548991175,2.407088216364612
2015-09-23,1000,0.001759691480242298,-0.006017043277478443,-0.004282938935929788,1.545320615156373,1.5639643479357306,2.396778804520526
2015-09-24,1000,-0.007587914438289732,0.004162268909755125,-0.0034733047321052375,1.5335948545488411,1.570473988117109,2.3884540613569754
2015-09-25,1000,0.008732087411807143,-0.009349031746841884,-0.0007111818462510053,1.5469863388730591,1.555791576944613,2.3867554361879337
2015-09-28,1000,-0.005946432316607036,-0.021474023306116016,-0.02727597219042612,1.5377872893142348,1.5223824723618453,2.3216543612851233
2015-09-29,1000,0.0015804055508322576,-0.0026118506711755797,-0.0010354139143656065,1.540217616882266,1.5184062366796212,2.319250488055101
2015-09-30,1000,0.010521733998864963,0.006618270244377341,0.017216556887610045,1.5564233769474671,1.5284554594947148,2.359179996019319
2015-10-01,1000,0.0017869255155888593,-0.002694227874872675,-0.0009275593237855085,1.5592045895927935,1.5243374521902429,2.356991716617523
2015-10-02,1000,-0.011147317461152993,0.027156228636515803,0.01567364045544263,1.541823641045716,1.5657327085611252,2.393934357340243
2015-10-05,1000,0.007043884064876132,0.01567016445518977,0.022816268211979095,1.552684068021727,1.5902679975971479,2.4485550057191894
2015-10-06,1000,-0.000954987323003679,-0.0027033940339935923,-0.003676235432540573,1.5512012744201364,1.5859688765799929,2.4395535410486398
2015-10-07,1000,0.005458593961846702,0.006674782931594097,0.012150541588869785,1.5596686523302952,1.5965548745674285,2.469195437807426
2015-10-08,1000,-0.00204664520301366,0.013904497744515042,0.01181253845764507,1.5564765639647125,1.6187541682198459,2.498362903875968
2015-10-09,1000,0.0011864416905560838,-0.0005760574396678999,0.000598781634410241,1.5583232326505736,1.6178216728382493,2.499858877698901
2015-10-12,1000,0.0007588996375299703,-0.001562547069922672,-0.0008122771756172935,1.5595058435869869,1.6152937503236986,2.4978282993902816
2015-10-13,1000,-0.005555192749768646,-0.004768498326952067,-0.010303949945859136,1.5508424880314706,1.607591224777744,2.4720908016200136
2015-10-14,1000,0.0006439453982824534,-0.006956817739786449,-0.00630597704826698,1.5518411459150994,1.5964075056268852,2.4565018537637657
2015-10-15,1000,0.0026148756385662047,0.011124862947135186,0.013764978067354414,1.5558990175224774,1.6141673203347622,2.490315547903239
2015-10-16,1000,0.0020999897234480836,-0.001699712745146377,0.0003994749842108397,1.5591663894699976,1.6114236995675904,2.4913103666674177
2015-10-19,1000,-0.003946787080396852,0.003836267662058508,-0.00011068862499548915,1.5530126917078484,1.6176055521961161,2.491034606948494
2015-10-20,1000,-0.0012087010360593777,0.0020938627916272873,0.0009189238209148535,1.5511355636583677,1.6209925962733893,2.4933236779875423
2015-10-21,1000,0.00319989616832118,-0.013650846052271038,-0.010517558140476847,1.5560990364050649,1.5988646758897902,2.4671000012412807
2015-10-22,1000,0.004729540767927129,0.00795974866789874,0.012745668426342754,1.5634586702366746,1.6115912368638545,2.4985448398317316
2015-10-23,1000,0.006117600416598343,0.00015979825519911372,0.006324119689368616,1.573023285649049,1.6118487663315995,2.514345936448082
2015-10-26,1000,-0.0009569774585648889,-0.0031919016872632208,-0.004129527337785249,1.571517937822885,1.6067039035347324,2.50396287616687
2015-10-27,1000,-0.005066568209318479,-0.004256378468814447,-0.009272399136021823,1.5635557349987377,1.599865163633967,2.48074513295727
2015-10-28,1000,0.002002700029737546,0.016784577294752842,0.018804090218180494,1.566687068115716,1.6267182241341636,2.5273932882457104
2015-10-29,1000,-0.003737046724787934,-0.00026331746956494774,-0.004055641818071929,1.5608322853390464,1.6262898808076893,2.517143086335187
2015-10-30,1000,0.0013301873882815536,-0.001831280530643519,-0.0005036295071812443,1.5629084847602273,1.6233116878117837,2.5158753788031114
2015-11-02,1000,0.0012728034636559696,0.013755007622123913,0.015033797370462768,1.5648977600930074,1.6456403524507177,2.5536985394573737
2015-11-03,1000,-0.0022957382159412604,0.005382959361552963,0.0030686866537256085,1.561305164501121,1.6544987675916916,2.561535040083045
2015-11-04,1000,0.0015883881891325343,-0.0038977332084789698,-0.0023379212851882985,1.563785123184046,1.6480499728018618,2.5555463727900793
2015-11-05,1000,5.115017381093545e-05,0.0009143694330844093,0.0009541681109047838,1.5638651110649,1.6495568993211875,2.5579847936449345
2015-11-06,1000,-0.0022011502962730406,0.0032225528158833067,0.001048661241567852,1.5604228089123484,1.6548726835520549,2.56066725315455
2015-11-09,1000,-0.002362294250514997,-0.008629614566578792,-0.010972841203405819,1.5567366310824822,1.640591770136241,2.5325694580109235
2015-11-10,1000,-0.002935635941223868,0.005846453416070795,0.0028911694772870106,1.5521666190772567,1.6501834134951314,2.539891545527034
2015-11-11,1000,0.0020288844190022486,-0.007813159852287806,-0.005789418206584764,1.555315785746398,1.6372902666999,2.5251870511706094
2015-11-12,1000,-0.00715864329306715,-0.011318477087642633,-0.018391561619082567,1.544181834828163,1.618758634330437,2.4787449179192955
2015-11-13,1000,-0.003715582769444714,-0.005294001419707154,-0.008999694917479295,1.538444299409786,1.6101889238221285,2.4564369698797694
2015-11-16,1000,-0.001368699666036295,0.014977269306542062,0.013590999829121904,1.5363386312109684,1.6343051569686236,2.4898224043176542
2015-11-17,1000,0.0006245379233600126,-0.0037060692136520294,-0.0031214620044482267,1.5372981329492827,1.6282483089406694,2.482050518284753
2015-11-18,1000,0.003513179807886498,0.013596846354331709,0.017166388589152242,1.5426989377086617,1.650387351024036,2.5246583619795357
2015-11-19,1000,-0.0006816416831963587,-0.00032710754901214633,-0.00099919177176158,1.5416473698080968,1.6498474968627221,2.5221357441177368
2015-11-20,1000,0.004868738827408415,-1.1571733863492195e-05,0.004863815382627591,1.5491532482156536,1.6498284052665733,2.534402946747052
2015-11-23,1000,-0.0006382608683356908,0.0026023407811405727,0.001938973992961809,1.5481644843182623,1.6541218210074826,2.53931708814848
2015-11-24,999,-0.005060234629449352,0.010364517345085093,0.0052589958192965375,1.5403304087826313,1.6712659953121982,2.552671346098921
2015-11-25,1000,6.189985066186832e-05,0.0028904299473513444,0.0029496498150406703,1.5404257550049048,1.6760966725950386,2.560200832662802
2015-11-27,1000,-0.00046484151810118366,0.0021499385431954115,0.0016889864334151817,1.539709701158426,1.679700177433572,2.5645249771359873
2015-11-30,1000,0.0015560466466771994,-0.005106266675493397,-0.0035550311673232123,1.5421055612757701,1.6711231803927227,2.55540801091289
2015-12-01,1000,0.0034953733658152166,0.004540561917080834,0.008033437369900096,1.5474957959819289,1.678711018664365,2.5759367211230995
2015-12-02,1000,-0.0012885449511395165,-0.010773762067491106,-0.012042467197280807,1.5455017780871068,1.6606249855691995,2.5449160876567034
2015-12-03,1000,0.0029383934686467365,-0.017756904124116943,-0.014874018428554299,1.5500430704176198,1.6311374269143342,2.5070629588697733
2015-12-04,1000,0.0010155105434574011,0.0117952144841113,0.012843038262257455,1.5516171554984421,1.6503770427178504,2.5392612643764263
2015-12-07,1000,-0.0038947996125031532,-0.008049525329939125,-0.011886591028254996,1.5455739176024537,1.637092290908543,2.509078104212894
2015-12-08,1000,-0.009948909355349731,0.001983716195220138,-0.008004724795678644,1.530197142794234,1.6403398173990882,2.488993624497807
2015-12-09,1000,-0.002934941928510705,-0.005835455716991718,-0.008744661258131566,1.52570610304096,1.6307676870338375,2.4672282183779246
2015-12-10,1000,0.00014285817906820652,0.0020429941560296356,0.002184143499808762,1.5259240626366335,1.6340993358882896,2.4726169988536393
2015-12-11,1000,-0.012761905394973775,-0.007132332033911236,-0.019789900270040697,1.5064503641093507,1.6224443968483404,2.4236841550403185
2015-12-14,1000,-0.00020773322181117325,-0.0034865989030646092,-0.003699436550828967,1.5061374243217156,1.6167875839940058,2.4147178892894976
2015-12-15,1000,0.007622592257126687,0.003681386531276358,0.011345687774393293,1.517618095790519,1.6227396040296562,2.4421145245246185
2015-12-16,1000,0.005868604389803715,0.007866978703423342,0.013792105550868537,1.5265243960095207,1.635505661935759,2.4757964258141714
2015-12-17,1000,0.0014670279900624776,-0.01560428998482342,-0.01416543753773655,1.5287638500259797,1.609984757315093,2.4407256861881494
2015-12-18,1000,-0.00420838876474008,-0.009790054052562853,-0.01395227425225252,1.5223302174155897,1.594222919517176,2.406672012039935
2015-12-21,1000,0.006159712876629054,0.0014396469261397154,0.00759999118325133,1.531707334458286,1.5965180376428405,2.4249626981124166
2015-12-22,1000,0.0033320416645713333,0.007534634869675391,0.010880319263377933,1.5368110471146306,1.60854721811933,2.451347066469662
2015-12-23,1000,0.006187437343006257,0.00918356720925786,0.015453977506541306,1.546319969176692,1.623319419606194,2.48923012889561
2015-12-24,1000,-0.0007740219757256328,0.000606851012897121,-0.00017125780920808275,1.545123083539046,1.6243045326402377,2.48880382879712
2015-12-28,1000,-0.004259777081036802,0.00046879993168832333,-0.0037765801938792806,1.5385412036404054,1.6250660064941804,2.479404661550834
2015-12-29,1000,0.006361046751538023,0.003194377317928492,0.00955810356042747,1.5483279361659297,1.6302570804854621,2.5031030680741435
2015-12-30,1000,-0.0026989353267610748,-0.005585225804997962,-0.008277854396880661,1.5441490992016005,1.621151726570754,2.4823827453362406
2015-12-31,1000,-0.0036934106723485686,-0.005724342335252452,-0.009405780812322618,1.538445922438912,1.6118716991104776,2.4590339973413164
2016-01-04,1000,-0.014571503014598433,-0.0010965002356253736,-0.015656737791065998,1.5160284530422967,1.610104281412605,2.4205335468256264
2016-01-05,1000,0.002190705162821514,-0.000923383007014475,0.0012547891837252436,1.519349624401361,1.6086175384796273,2.4235708061390273
2016-01-06,1000,-0.014651845637334737,-0.0020576613262405317,-0.01663596767849752,1.4970883482354895,1.6053075483819856,2.3832523605415483
2016-01-07,1000,-0.017599614604513158,-0.0071978665127712576,-0.024655293012888237,1.4707401702776377,1.5937527589367881,2.3244925752687386
2016-01-08,1000,0.005494425564411921,-0.018891466084691073,-0.013518276803691429,1.4788210426678186,1.563644432743951,2.29306944120813
2016-01-11,1000,0.004436947320819794,-0.007218896386842582,-0.0028157940077456717,1.4853824937310556,1.552356645598109,2.2866126300162315
2016-01-12,1000,0.009434800558561161,-0.005304663143436148,0.004057393213778195,1.4993967813125864,1.5441219165147366,2.2958903165837987
2016-01-13,1000,0.003905980363156849,-0.03195074089427991,-0.028202823208536815,1.505253395696974,1.4947860772509953,2.231139727878994
2016-01-14,1000,0.003312086024573415,0.009664585317377107,0.013014345828702012,1.5102389244323038,1.5092325648258151,2.2601765518897676
2016-01-15,1000,-0.02748236238004225,0.009380813679413359,-0.018390212384765018,1.46873399103061,1.5233903943153493,2.218611425073449
2016-01-19,1000,0.010531251685488362,-0.016114004921525458,-0.005803342222541694,1.4842015983491852,1.498842474003947,2.205736063714907
2016-01-20,1000,-0.014836132620550786,0.009458366336410944,-0.005584867797249754,1.4621817866004432,1.5130190752036488,2.193417319403433
2016-01-21,1000,0.0014431604011722336,0.001576745514851265,0.0030233843233261563,1.4642919494541802,1.5154047212443604,2.200048862941429
2016-01-22,1000,0.016285128156578847,0.00609380444649617,0.022446851763907674,1.488138131509688,1.5246393012729207,2.2494330336412287
2016-01-25,1000,-0.004246389388498943,-0.016642846327557005,-0.020772416642082684,1.4818189175394245,1.4992649636768816,2.202706873457969
2016-01-26,1000,0.005664031445728621,0.015553931010449561,0.02131899507493051,1.4902119864852432,1.522584427488296,2.249666370444735
2016-01-27,1000,-0.0027938995968876607,-0.006145689053125861,-0.008941607231872482,1.4860484838169248,1.5132270970398214,2.229550737357466
2016-01-28,1000,0.00922075509838117,-0.008240774197129897,0.0009003264627528933,1.4997509729505212,1.5007569342241378,2.231558060886359
2016-01-29,1000,0.004920046308408294,0.02529783290952976,0.03032667220896357,1.5071298171885181,1.5387228323839581,2.2992337907141303
2016-02-01,1000,-0.007169663193900413,0.006271246254491745,-0.0009480490059753017,1.4963242040097917,1.548372542183247,2.297054004404339
2016-02-02,1000,-0.010612001143620578,-0.01183599336507529,-0.02228846010127883,1.4804452098456127,1.5300460150473014,2.24585620787669
2016-02-03,1000,0.008317175426709027,-0.0016459657831859747,0.006667432002954019,1.4927583323655298,1.5275276116598335,2.26083030143112
2016-02-04,1000,-0.0015238967281654948,0.00959870421514978,0.008077428840238784,1.4904835228268962,1.5421898973846304,2.2790919973107853
2016-02-05,1000,-0.004311689808692331,-0.016505236255340578,-0.020775173509483366,1.4840570202114995,1.5167356887776975,2.231743465622579
2016-02-08,1000,-0.01270274157812323,-0.008011483720354158,-0.020533795856834864,1.4652054273965534,1.5045843854989747,2.1859173008946597
2016-02-09,1000,-0.012078571141068611,0.009965119088799122,-0.0022632771063841373,1.4475078394054643,1.5195777480796195,2.1809699643110956
2016-02-10,1000,0.006397165007186471,-0.004980493408435843,0.0012843895926858608,1.4567677859033372,1.5120095011217032,2.1837711794352175
2016-02-11,1000,-0.016841946215168005,0.0034458512286729315,-0.013510852651823007,1.432232981205164,1.5172196609189086,2.1542665688045703
2016-02-12,1000,0.011137969044608355,0.011248810087638887,0.022525756887052096,1.448185147814494,1.5342865767458174,2.202793053803366
2016-02-16,1000,0.012002326451342272,0.010596600565168337,0.022701025448529134,1.4655667387205489,1.5505447987520922,2.2527987149755995
2016-02-17,1000,0.007792303924439016,0.010368142241833198,0.018235820931009103,1.4769868801702082,1.5666210677778885,2.293880348935502
2016-02-18,1000,0.0020805056950531984,-0.004917391633535562,-0.0028901015546048715,1.4800597597859213,1.5589173784462769,2.287250801772966
2016-02-19,1000,-0.0047642492629085586,0.004630605882107853,-0.0001474007538074954,1.4730083861663006,1.5661361104286304,2.286913659280638
2016-02-22,1000,0.009634100087095336,0.006589476992026564,0.01629298784882589,1.4871994963877577,1.5764561282946818,2.324174315742611
2016-02-23,1000,-0.003834854828445096,-0.0069408340494254315,-0.010727527854752809,1.481496302218174,1.5655142079219886,2.2992416710311807
2016-02-24,1000,-0.010448189239191837,0.017331358396733585,0.006686594031034197,1.4660173484954355,1.5926466957346632,2.314615766664603
2016-02-25,1000,0.0026376966391000907,0.008320692981270084,0.010965994501346912,1.4698842575284246,1.6058986199175056,2.339997830434578
2016-02-26,1000,0.005550716946995461,-0.0012475521009558854,0.0042972776115981215,1.4780431689868094,1.6038951777203054,2.3500534507224926
2016-02-29,1000,-0.00025375544464736,-0.004451292972603292,-0.0047058213967423835,1.4776681074852551,1.5967557703869268,2.3389945189105945
2016-03-01,1000,0.007917000398635738,0.014289521206708542,0.022306196376855283,1.4893668064812673,1.619572645829805,2.3911685899738027
2016-03-02,1000,-0.0017684198960865192,0.010257912493941113,0.008459004073770754,1.4867329805881149,1.6361860803083077,2.4113954948174636
2016-03-03,1000,-0.0010795825511217437,0.011660857720827306,0.010566402284683845,1.4851279296040947,1.6552654133955809,2.436875269683179
2016-03-04,1000,0.001678650175434814,0.003002929917877474,0.004688047549265244,1.487620939863668,1.6602360594274943,2.448299456819082
2016-03-07,1000,-0.004569881032866367,0.010988770460310344,0.006377094316514076,1.4808226891464902,1.6784800123944734,2.4639124933702874
2016-03-08,1000,-0.006107121375915549,-0.012928209680134977,-0.018928978726073062,1.4717791252476629,1.656780270850322,2.4172731462003756
2016-03-09,1000,0.0052982548868633845,0.00016062215762147346,0.005462103978322156,1.4795769861903898,1.657046386472131,2.430476543468928
2016-03-10,1000,0.0036403417045903197,-0.005449315729025583,-0.0018413411809912303,1.4849631519983706,1.6480166175346034,2.4260012069200054
2016-03-11,1000,0.009921630813822295,0.01138224832546565,0.021436534086635033,1.4996964081646285,1.6667747519198763,2.4780062644863636
2016-03-14,1000,-0.003982984016695897,0.000971741668857218,-0.0030311332390986776,1.4937231413410124,1.668394426398916,2.4704950973313844
2016-03-15,1000,-0.006933853614148863,-0.0011636948631552242,-0.008099520247717876,1.4833658837388872,1.6664529243751989,2.450485272268661
2016-03-16,1000,-0.002624087926589909,0.011816042332199175,0.009159058645580106,1.4794734012326527,1.6861438026742332,2.4729294105874997
2016-03-17,1000,3.1477126454851456e-05,0.012379205360736018,0.012433216111276856,1.47951997080399,1.70701692307527,2.5036758763772666
2016-03-18,1000,0.0033182158989131304,0.003681550326901579,0.006994223649552834,1.484429337493871,1.7133013917864446,2.5211871454026396
2016-03-21,1000,-0.002337592816595293,0.0013656570774850585,-0.0009734568362889451,1.4809593461378021,1.7156411739580029,2.5187328785403835
2016-03-22,1000,-0.00578968793428701,0.005246397098372616,-0.0006032968675018107,1.4723850536802985,1.7246421088349049,2.517213334884686
2016-03-23,1000,-0.0023611715509658498,-0.01067600570893268,-0.012995686486065645,1.4689084999794813,1.7062298198351178,2.4845004195659808
2016-03-24,1000,-0.006080843084106345,0.0063352202696537775,0.00018103746670899602,1.4599762978861959,1.717039161574425,2.4849502072279765
2016-03-28,1000,0.00259707997006863,-0.0007339350703759926,0.0018502740966752369,1.463767973086211,1.7157789663165364,2.4895480462279385
2016-03-29,999,-0.003119916629757966,0.02009624884202432,0.016876786183739168,1.4592011390448723,1.7502596873815446,2.5315636162982726
2016-03-30,1000,0.005443178020273597,-0.0023572815775279136,0.003053199302958229,1.4671438306120794,1.7461338324645903,2.5392929845669494
2016-03-31,1000,-0.0007447712158621647,0.001918725167184384,0.00117191767811959,1.46605114411751,1.7494841833942123,2.5422688269054885
2016-04-01,1000,-0.007667743454085793,0.011237950293110605,0.0034858715703157865,1.4548098400538478,1.7691447996857796,2.5511308495332985
2016-04-04,1000,0.00012501826989853127,-0.007857575433187054,-0.007728598720549456,1.454991717863083,1.755243610970018,2.5314141829136414
2016-04-05,1000,-0.007442756375873079,-0.0035779010704942056,-0.011001734689165923,1.4441625689781148,1.7489635229753504,2.5035642356848338
2016-04-06,1000,0.0005683852565237121,0.009366580021989295,0.00995205024212074,1.4449834096903453,1.7653453297688393,2.528479832742746
2016-04-07,1000,-0.005647045195420902,-0.007790456226590621,-0.01338488103609633,1.4368235230691906,1.751592484252459,2.494636430979315
2016-04-08,1000,0.0082525166292276,-0.003301970646906358,0.004931948850736844,1.4486809330865844,1.7458087772841155,2.50693985025809
2016-04-11,1000,0.004164923081333526,-0.005604258622415271,-0.001456074405564852,1.4547145777422843,1.7360248133909326,2.5032895593058386
2016-04-12,1000,0.001706099744210015,0.008756847802994835,0.010496997051408477,1.457196465911269,1.7512269184640197,2.5295665824286933
2016-04-13,1000,0.00612972972132527,0.011129443125888771,0.017351818943998697,1.4661286863981755,1.7707170988535905,2.5734591637737854
2016-04-14,1000,-0.00027919410203391015,-0.0018883666987914323,-0.002159359966429597,1.4657193519161105,1.7673733356511347,2.567902139080291
2016-04-15,1000,-0.0011261749075523607,0.0024509973822598352,0.001313873461279002,1.4640686955604685,1.7717051630702914,2.57127603755199
2016-04-18,1000,-0.004572882793323908,0.010803562104449395,0.006104670886019688,1.4573736810142959,1.7908458898302948,2.586972831518354
2016-04-19,1000,0.002873158410237218,0.000358865922354662,0.003250787710031175,1.4615609464627606,1.7914885633923436,2.5953825310052383
2016-04-20,1000,-6.421386140589214e-05,0.0011676240210491571,0.001092239292130764,1.4614670939907082,1.7935803484723956,2.5982173097837125
2016-04-21,1000,-9.191629450460525e-05,-0.007466978087105725,-0.007549978988775181,1.4613327613508882,1.7801877233128887,2.5786008236865734
2016-04-22,1000,3.577124056237557e-06,0.0074869106929355105,0.0075431468370019735,1.461337988719463,1.7935158298139926,2.5980515883336555
2016-04-25,999,-0.0030451114541817027,-0.0021526537694455563,-0.0051747759654371854,1.4568880516715825,1.7896550112023832,2.5846072534173805
2016-04-26,1000,0.0027287637056325376,0.005908953696724609,0.008493359202506268,1.4608635549101536,1.800229999796689,2.6065592512180573
2016-04-27,1000,-0.000492008145294562,0.005526486017940544,0.005028870621986859,1.4601447981419737,1.8101789457196424,2.6196673004609754
2016-04-28,1000,-0.006533225576664568,-0.004985919259727061,-0.011468866055568691,1.4506053428011187,1.8011535396506264,2.5896226870818353
2016-04-29,1000,-0.0022113747068225917,-0.0038676259497308014,-0.0060624880876844036,1.4473975108364665,1.794187351481224,2.5739231303898045
2016-05-02,1000,0.0022987965030097485,0.005750305503155085,0.008077651997748415,1.4507247831728423,1.8045044768821379,2.594714385706048
2016-05-03,1000,-0.0076839623272666755,-0.005073726082468131,-0.012714003955555369,1.43957746859171,1.7953489154518505,2.561725176742645
2016-05-04,1000,-0.0054061571206122025,-0.0011896822911024723,-0.006612402204271351,1.43179488660921,1.7932130206407872,2.5447860195372143
2016-05-05,1000,0.0024703788618000546,-0.004311942002842385,-0.0018704589061245432,1.435331962431523,1.7854807900970424,2.5400261018627894
2016-05-06,1000,-0.0036834723372254196,0.008170130933086234,0.004447112903566102,1.430044956853171,1.8000684019306454,2.551321884715778
2016-05-09,1000,-0.0009383120725916047,0.0017294121010613393,0.0008062311544104263,1.428703128405807,1.8031814620076825,2.553378839904165
2016-05-10,1000,0.0032029526940632437,0.008102143883389805,0.011316589472769043,1.433279196939951,1.8177910976607297,2.582274380003816
2016-05-11,1000,-0.002811806985518725,-0.008327671050453957,-0.01106852296909118,1.4292490924817964,1.8026531313609675,2.553692416716248
2016-05-12,1000,0.0044567978411332865,-0.006282606098977069,-0.001870167227048262,1.4356189667516113,1.791327771803539,2.5489165848505437
2016-05-13,1000,-0.002825248925203544,-0.005634353649541782,-0.008446768747311715,1.4315629858087944,1.781234797634952,2.5273864759021234
2016-05-16,1000,0.0022774457774499685,0.0076780007147454876,0.009977046462735102,1.4348232928859783,1.7949111196843226,2.552602328201487
2016-05-17,1000,-0.0019698974640250584,-0.007988869194733097,-0.009947119779738297,1.4319968381199981,1.7805718095329928,2.527211287092828
2016-05-18,1000,-0.0032724880399100484,0.003749776042978896,0.00047359375543751546,1.4273106455940614,1.7872485550471833,2.5284081585770664
2016-05-19,1000,-0.00557113789181888,0.0009291076298687387,-0.004682852794794588,1.419358901172996,1.7889091013161496,2.516567995365292
2016-05-20,1000,0.0045163210714061625,0.0068970441652810716,0.01145688215580968,1.4257691816862512,1.8012472863956004,2.5454000183252745
2016-05-23,1000,-0.0005356969218939732,-0.0011590407802373518,-0.0017027570008462676,1.4250054015242908,1.7991595673353762,2.541065820624117
2016-05-24,1000,0.005293489537199416,0.011496476759253579,0.016859582442445658,1.4325486527077123,1.8198435634874361,2.5839071293186096
2016-05-25,1000,0.0035636993948550727,0.003944199482197188,0.007565288789289922,1.4376538254744673,1.827021389528223,2.6034551329566096
2016-05-26,1000,0.0017423838260158836,-0.0019925511574645943,-0.00025774341110239063,1.440158770247384,1.8233809559438061,2.6027841095499893
2016-05-27,1000,-3.166011730690121e-05,0.006637371814110566,0.0065954117359441995,1.4401131746517772,1.8354834133071736,2.6199505424122442
2016-05-31,1000,0.002437195938149043,-0.0005267288000580375,0.0019044086209770495,1.4436230126315135,1.834516611331356,2.6249399988117474
2016-06-01,1000,-0.00442259801290819,0.008227504576201557,0.003749898170391365,1.4372384483644607,1.8496101051462024,2.634783256510679
2016-06-02,1000,-0.0029472402122046404,0.0077510862735118,0.004797042375751765,1.4330025614149144,1.8639465926435497,2.647422423443082
2016-06-03,1000,-0.0016769716204616911,-0.0025687084305207157,-0.004204707565419697,1.4305994567873728,1.8591586573169858,2.636290786350369
2016-06-06,1000,0.0018477483584662642,0.006192991750868512,0.008071635082605179,1.4332428445852743,1.8706724115453057,2.6575699635494234
2016-06-07,1000,0.0008934259910139258,0.0029758602827663224,0.0038460240846418313,1.4345233409940614,1.87623927127689,2.6677910416358555
2016-06-08,1000,0.0012687214498455185,0.003493890380452131,0.004752161506166487,1.4363433515270845,1.8827946456182312,2.6804688155304133
2016-06-09,1000,-0.004909054213381061,0.0008666544817127389,-0.00403206578905824,1.4292922641454087,1.8844263780360009,2.6696609889206755
2016-06-10,1000,-0.009466003853937678,-0.0049269888097903764,-0.014336437847123625,1.4157625780646048,1.8751418303585436,2.6313875600801238
2016-06-13,1000,-0.0039747341035054,-0.006312502308293597,-0.010273519089600208,1.4101352982631048,1.8633049932260275,2.604353949749504
2016-06-14,1000,-0.002922611545328764,-0.0008913409351528261,-0.0038097929730132904,1.4060140205599254,1.8616441532108905,2.594431900372509
2016-06-15,1000,0.0027804097927086515,-0.0018671159801980323,0.0009036305809382135,1.409923315711376,1.8581682476629882,2.5967763083778475
2016-06-16,1000,-0.005950779703865565,0.005648968351323979,-0.00032520966386734106,1.4015331726602338,1.8686649812854714,2.5959318116274614
2016-06-17,1000,0.0010022782892471257,-0.0008812010867121074,0.000129453670416261,1.4029378989308507,1.867018311673262,2.5962678645286266
2016-06-20,1000,0.011940061039847667,-0.0019013975327484142,0.010006818103999025,1.4196890630792007,1.8634683676618502,2.6222482447982225
2016-06-21,1000,0.0011220444367092903,-0.0016194373871244734,-0.0005042337486465919,1.4212820172942857,1.860450597317535,2.620926018735866
2016-06-22,1000,0.001172049607243953,-0.003437759871740264,-0.0022726551855554683,1.4229478303244385,1.8540548149107217,2.614969557628429
2016-06-23,1000,0.010077378882081819,0.007430315709658782,0.017591621568194795,1.437287414740054,1.867831027528521,2.6609711124985784
2016-06-24,1000,-0.03809390046278844,-0.003931565041406162,-0.04177618240459243,1.382535531026528,1.8604875283574362,2.5498058979294864
2016-06-27,1000,-0.010379220275238122,-0.0194100084674101,-0.029524194329855393,1.3681858902116604,1.8243754496785074,2.474524933095605
2016-06-28,1000,0.011719560389405328,0.006672326709708632,0.018464937596449918,1.3842204273759282,1.836548278719934,2.5202168815660744
2016-06-29,1000,0.010480830309153161,0.009780213097896265,0.020355383415632148,1.398728206785719,1.8545101122503898,2.571516862480901
2016-06-30,1000,0.0027026633593385634,0.014615415673443382,0.017353036032365876,1.4025084982598721,1.8816145484115336,2.6161404872533685
2016-07-01,1000,-0.0004960258160866401,0.002854645827366741,0.002352082361644132,1.4018128178374543,1.8869858915308693,2.62229386514902
2016-07-05,1000,-0.005588647029667594,-0.007567348998055266,-0.013059433124052952,1.3939785807968972,1.872706410735249,2.588048193785492
2016-07-06,1000,-0.004605208130873676,0.010387038418431362,0.005717702000543756,1.3875590193023475,1.8921582841699989,2.6028458821206026
2016-07-07,1000,0.0022114100217389037,-0.0005671806091235754,0.001629909691298416,1.390627481223387,1.8910850886818251,2.607088285848827
2016-07-08,1000,0.0088124050245481,0.011480113833064819,0.02039008728094841,1.4028822538261947,1.9127949607679042,2.6602470435464225
2016-07-11,1000,0.004097307388887775,0.0025242592217341545,0.006627417005542835,1.4086302936505362,1.917623351086909,2.6778776100417674
2016-07-12,1000,0.006767921686792014,0.00479670293011781,0.01164569142425218,1.4181637931636057,1.9268216206339301,2.7090633463602276
2016-07-13,1000,0.0026487011689733902,-0.004115684406328005,-0.0014892290852784758,1.4219200852603537,1.9188914309361114,2.705028930430966
2016-07-14,1000,0.007425727494506247,-0.0039174300530507985,0.0034724010653346964,1.432478876332462,1.9113743079760206,2.7144218757707557
2016-07-15,1000,0.003590026080343688,-0.003112184421210442,0.00046013384259207136,1.437621512858037,1.9054257586316359,2.71567087313887
2016-07-18,1000,9.073134193452447e-05,0.0018245064469842452,0.0019125649061342619,1.4377519501870926,1.908902220212509,2.7208647699474464
2016-07-19,1000,-0.0025864035643557814,-0.0003809966625334711,-0.00297228825123235,1.434033343418469,1.9081749348375054,2.71277757555854
2016-07-20,1000,0.0019893084187143544,0.0040208576889495945,0.005980004323271267,1.4368860780212487,1.9158474346961076,2.728999997188453
2016-07-21,1000,-0.0006582471083690373,-0.003375500753346918,-0.004028693404172651,1.4359402519153355,1.909380490236993,2.718005692899793
2016-07-22,1000,0.00039153876661436116,0.006695217210927861,0.0071115778330509425,1.4365024781905025,1.9221642073574376,2.737335001935526
2016-07-25,1000,-0.0012472843750291583,-0.0011470806488068815,-0.0023877259188998285,1.4347107510947648,1.9199593299913487,2.730798996202693
2016-07-26,1000,-1.687458566818445e-05,0.005085211677051729,0.00507753254492441,1.4346865409452862,1.929722729595685,2.744664716979559
2016-07-27,1000,0.0006823707253995253,-0.004154236652774381,-0.0035092809498777013,1.4356655290409521,1.9217062047027067,2.735032917374461
2016-07-28,1000,-0.0013754281838094001,0.0029231081117958224,0.0015395528144502774,1.4336908742097856,1.9273235596981615,2.739243645000019
2016-07-29,1000,-0.0019865202681108867,0.0034702347276345863,0.001487825464476902,1.4308428182299622,1.9340118248464142,2.743319161448457
2016-08-01,1000,-0.0005843505853598855,-0.0019038489597405718,-0.0024837134825554355,1.4300067043915714,1.9303297584455543,2.7365055426602147
2016-08-02,1000,-0.0007463446078511438,-0.010817016010075266,-0.011552132334583945,1.4289394265985578,1.909449350543724,2.7048930684970816
2016-08-03,1000,-0.0006465532996211902,0.00800434511003695,0.00734486233161537,1.4280155410973316,1.9247332421156118,2.7247601357069335
2016-08-04,1000,0.0003827616227778449,0.0008456481719076914,0.0012558616277584006,1.428562130643194,1.926360889263217,2.728182057406214
2016-08-05,1000,0.0049408453026283505,0.006754411525091161,0.011744923657210185,1.435620435135895,1.9393723234551414,2.7602243473934207
2016-08-08,1000,0.0014824287732578708,-0.0016883612460074971,-0.00021688036766228546,1.4377486401764172,1.9360979623826404,2.7596257089221274
2016-08-09,1000,3.898766155636413e-05,-0.001134947060051589,-0.001114840322038897,1.4378046946338034,1.9339005936922624,2.7565491669080857
2016-08-10,1000,0.0007070321276122539,-0.004322066503503954,-0.003611343402829269,1.4388212687461415,1.9255421467151586,2.7465943212595976
2016-08-11,1000,0.0039169826529944435,0.0016474954358420692,0.005578782622909144,1.4444571066965795,1.9287144686133932,2.7619169739312217
2016-08-12,1000,-0.0013491673392155349,0.0005894287035456062,-0.0007648733759727911,1.4425082923453267,1.9298513082821376,2.7598044571712146
2016-08-15,1000,0.0022303986536347316,0.004523272828666756,0.006768234604970558,1.4457256608984306,1.9385805522682573,2.7784834612011933
2016-08-16,1000,-0.0022914936228471947,-0.00527519851578601,-0.007570519056134422,1.4424127897660952,1.9283541550162,2.7574488992110155
2016-08-17,1000,-0.00047842083984702967,5.739109964569733e-05,-0.00041591457520017414,1.4417227094278091,1.9284648253816628,2.756302036023464
2016-08-18,1000,0.0005390911422324832,0.005462131001531774,0.006007686878647454,1.4424999293700171,1.9389983528897434,2.772861035598871
2016-08-19,1000,-0.002749998520076419,0.0035724672814425496,0.0008252772430918648,1.4385330566990393,1.945925361064213,2.7751494147098072
2016-08-22,1000,-0.0021439789540348892,0.002777162900780664,0.0006291301550194025,1.4354488721007932,1.9513295127846488,2.776895344891286
2016-08-23,1000,0.003963108044299308,0.0012297109539345951,0.005205453639780045,1.4411377110729962,1.9537290840612558,2.791350344871639
2016-08-24,1000,-0.0009782948618618215,-0.00546319684574286,-0.006436383351556031,1.4397278534550182,1.9430554774917763,2.773384143983547
2016-08-25,1000,-0.001363358422389809,0.0027282730778198316,0.001365584401945858,1.4377649883600612,1.9483566634397274,2.7771714341111746
2016-08-26,1000,0.0018504860145981956,-0.0047211572219217355,-0.0028775258304770163,1.4404255523633005,1.9391581653072494,2.7691800515738567
2016-08-29,1000,0.0010873195982413523,0.005005756394082438,0.006092541058380017,1.4419917552961927,1.9488651186923733,2.7860513947361176
2016-08-30,1000,8.077452949719798e-05,-0.0006962569544830513,-0.0006022541460807663,1.4421082315017657,1.9475082078001342,2.784373483732444
2016-08-31,1000,-0.0014027142613546987,-0.002327962910150065,-0.003724879107575214,1.4400853657190211,1.9429744809251628,2.7740020291152026
2016-09-01,1000,0.00046945002856101103,-0.0009622112943628261,-0.0004972728272128238,1.4407614138350882,1.9411049289349578,2.7726225932834905
2016-09-02,1000,0.0044734492416649875,0.0034238312231044403,0.007911602562646152,1.4472065868892288,1.9477509445979673,2.794558481297763
2016-09-06,1000,0.0017971992574561141,-0.0021147461971488734,-0.00031746591321321074,1.4498075054925716,1.9436319456948856,2.7936713042374697
2016-09-07,1000,-0.0009215582386677561,0.004797511848922545,0.003869884245722921,1.4484714234414025,1.9529565429843012,2.8044824888054665
2016-09-08,1000,-0.001677513672063019,-0.001637649564337353,-0.0032987279064612524,1.4460415928249868,1.9497582845525132,2.795231264156462
2016-09-09,1000,-0.007582391312863885,-0.02083365706600352,-0.02824684089244029,1.4350771396135107,1.909137689090547,2.7162748113802593
2016-09-12,1000,-0.005462753791208633,0.0195860880971099,0.013989047890155523,1.42723766652841,1.9465302280585872,2.7542729097994805
2016-09-13,1000,-0.00802027386912297,-0.009197654630514812,-0.017148813112639855,1.4157908295665242,1.9286267152930472,2.7070403984081226
2016-09-14,1000,0.0007938640849985524,-0.0028570847648212686,-0.0020506465237794965,1.4169147750579874,1.9231164652877561,2.701489215425396
2016-09-15,1000,-0.0004372672689568626,0.011278796035178862,0.010832810515047158,1.4162952046039532,1.9448069036516307,2.730753936204543
2016-09-16,1000,-0.003622369201702945,-0.00037879416513064267,-0.004012669002366772,1.4111648604742764,1.9440702221442216,2.7197963245316443
2016-09-19,1000,0.004778994123331249,0.0006710287961329479,0.005456118742694034,1.4179088090495344,1.9453747492449849,2.734635856234232
2016-09-20,1000,0.004519163540968123,-0.007791056295409489,-0.003291487615487421,1.4243165708438086,1.9302182250579492,2.725634836180569
2016-09-21,1000,0.004064588695286199,0.008446166111095207,0.012551724117471937,1.430105831876169,1.9465211688174522,2.7598462526892784
2016-09-22,1000,0.006574675051197607,0.004047760222957278,0.010644803232773293,1.4395083130095776,1.954400219777736,2.7892242730018624
2016-09-23,1000,-0.0035161084212658187,-0.0033442977726353055,-0.006854121577119584,1.4344468457077224,1.9478641234758953,2.7701065907288545
2016-09-26,1000,-0.004075368520163653,-0.004122423890797828,-0.008181516748483404,1.4286009461888771,1.9398342018772503,2.747442917261722
2016-09-27,1000,-0.0010722799627998834,0.004955311390323337,0.0038736738974411784,1.4270690860194417,1.9494466843931515,2.7580856151750286
2016-09-28,1000,0.002269795623779158,0.004967732816617063,0.007244928978750077,1.430308241185719,1.9591310146614567,2.778067749574284
2016-09-29,1000,-0.0015263659975663995,-0.008633581074915032,-0.010139608571743968,1.4281250673203343,1.9422166982099964,2.749899230007815
2016-09-30,1000,0.004972671391483122,0.004380257806405839,0.009373838765786848,1.435226663986058,1.9507241080640625,2.77567634201207
2016-10-03,1000,-0.0028302468310596445,-0.0021443815625382693,-0.004973337772347217,1.4311646182684592,1.946541011253131,2.761871966016531
2016-10-04,1000,0.0013276621319125135,-0.006962768746115094,-0.005645499084715532,1.4330647213366672,1.9329876963369463,2.746279820360283
2016-10-05,1000,0.003988673372704034,0.0020114392615363,0.0060170132396938315,1.4387807484320245,1.936875783681425,2.7628042223992946
2016-10-06,1000,-0.001980818295959777,0.002439298883521487,0.0004796669605208912,1.4359307852016556,1.941600402618079,2.764129448303167
2016-10-07,1000,0.0010977506937270727,-0.007328777516777431,-0.006230550079917176,1.4375070792172548,1.9273708452408058,2.7469074013481407
2016-10-10,1000,0.005008493288418808,0.001526612206399781,0.006540303752537478,1.4447068237755691,1.9303131930994093,2.764873010133051
2016-10-11,1000,-0.002674950393127692,-0.012613940311413207,-0.015272223747745397,1.4408423046893564,1.90596433769932,2.7226472508881967
2016-10-12,1000,0.0004354864129832412,0.0017525401146025153,0.002182223035941238,1.4414697719362999,1.90930461665814,2.7285886744378267
2016-10-13,1000,-0.007667402791632969,0.002252635598295855,-0.005436384394897924,1.430417442582901,1.9136055842056148,2.7137550175480176
2016-10-14,1000,0.005183912612923578,-0.006133990458375021,-0.0009932548481505652,1.4378326016052525,1.9018675458110044,2.711059567220145
2016-10-17,1000,0.00021789029960660078,-0.00252286652407328,-0.0023101591004138734,1.4381458913816005,1.8970693878464564,2.7047965882891676
2016-10-18,1000,0.010183169521122918,-0.003833661575736393,0.006297154942944114,1.4527907747896458,1.8897966658277636,2.721829111494771
2016-10-19,1000,0.0013691391034597177,0.00258181155664847,0.003961624324864486,1.454779847448556,1.8946757646993135,2.732611975910993
2016-10-20,1000,-0.0021801756865818594,-0.0009080657034969957,-0.0031027503709955937,1.4516081717958194,1.892955274618143,2.724133363088948
2016-10-21,1000,-0.006229934549791581,0.005415537162721799,-0.0008753820764693825,1.4425647478935888,1.9032066442552078,2.7217487055689875
2016-10-24,1000,0.006844642459258227,-0.0013925125575848126,0.005414307659410554,1.4524385878172505,1.9005564051034036,2.7364850904325406
2016-10-25,1000,-0.0023004333050463833,-0.004860959891756522,-0.00714499036835298,1.4490973497163013,1.8913178766461751,2.7169329308182584
2016-10-26,1000,-0.004100566711871262,0.0009556868764928588,-0.0031405003708084504,1.4431552293617937,1.893125384320162,2.708400401941562
2016-10-27,1000,0.002999019968692636,-0.01059027729195821,-0.007636498805463052,1.447483280712573,1.8730766615517667,2.6877177055074197
2016-10-28,1000,-8.278340528044215e-06,0.0004986692682576838,0.0004804070853232748,1.4474712979530666,1.874010707319973,2.6890089041364944
2016-10-31,1000,0.002450241509630704,0.001249910902328876,0.003705679324559213,1.4510179522113105,1.8763530537341335,2.6989735088361084
2016-11-01,1000,0.002556475947868856,-0.011711636800570514,-0.009202280934641706,1.4547274447060647,1.854377888259158,2.674136796372643
2016-11-02,1000,-0.0027217093060939667,-0.006340481977163162,-0.009051086670635217,1.450768099481978,1.8426202386798007,2.649932952459539
2016-11-03,1000,0.0022521824955876106,-0.005843359047548182,-0.0036209740709689606,1.4540354940007885,1.8318531470369157,2.640337613948877
2016-11-04,1000,0.00010674153592185876,0.0022875406591209976,0.0023233011125790176,1.4541906999827032,1.8360435855923014,2.646471913264948
2016-11-07,1000,0.015691516014888676,0.006033481981854218,0.02180099535551269,1.477009156640184,1.8471213214838715,2.704167635154532
2016-11-08,1000,-0.002932658641921245,0.006209826431532485,0.0032167310980357423,1.4726775929727662,1.8585916242882692,2.7128662152808354
2016-11-09,1000,-0.007945452296485637,0.02777354842340555,0.019639022516389448,1.4609765034096978,1.9102113087647756,2.7661442559666876
2016-11-10,1000,0.007362681629183422,0.0017757607132115648,0.009180246418188365,1.471733208272021,1.9136033869608127,2.791538141864718
2016-11-11,1000,-0.0021297106439144417,0.010286936133474908,0.008155224385815757,1.4685988423933616,1.93328850278728,2.814303761793188
2016-11-14,1000,0.004333417526580253,0.007007455225601791,0.011358139084229906,1.4749628943565045,1.9468359354087326,2.846269015344906
2016-11-15,1000,0.0005031729138174379,0.004868718979141323,0.005372884414025471,1.4757050557338305,1.9563145324767317,2.8615616897755767
2016-11-16,1000,-0.003505844591378299,0.0014809422928303592,-0.00203972130846812,1.4705314631457165,1.9592117214059552,2.8557249014214454
2016-11-17,1000,0.0017956245179454324,0.0040002539011285455,0.005772058807690539,1.4731719854953509,1.9670490657376463,2.8722083134910363
2016-11-18,1000,8.799846800048294e-05,-0.00022777299865531177,-0.00013576251521904627,1.4733016223731756,1.9666010250734411,2.8718183752661637
2016-11-21,1000,0.003902213324848204,0.0030303316961537087,0.006932554363701379,1.479050759595521,1.9725604784934097,2.891727412275373
2016-11-22,1000,0.00277999678191453,0.0031753289678233382,0.005974256207983711,1.4831625159474846,1.9788240069215532,2.9090033327199554
2016-11-23,1000,-0.0034185773809026587,0.007115620293886909,0.003652814597488365,1.4780922101182639,1.9929045671832348,2.919629382557857
2016-11-25,1000,0.0014633367953760207,0.00264206126405186,0.0041050603618416805,1.4802551568362885,1.9981699431431417,2.931614637407464
2016-11-28,1000,-0.0021721963156423447,-0.006148912687366896,-0.008311168700627041,1.4770397520383982,1.9858833706282335,2.9072494935907427
2016-11-29,1000,-0.0006528318549014848,0.0010917330420469474,0.00042799786545603567,1.4760754934373117,1.9880514251216,2.9084937901683476
2016-11-30,1000,0.0048267320671256985,-0.007674322989627917,-0.002776798426396095,1.4832001143549842,1.9727944763652268,2.900417489188625
2016-12-01,1000,0.0021993735913044834,-0.006143636667766839,-0.003962374041186375,1.4864622255171163,1.9606743438822614,2.8889249502208614
2016-12-02,1000,-0.0005013394180926388,0.0005736813412660725,4.3778751549299336e-05,1.485717003409959,1.9617991461696456,2.8890514237485014
2016-12-05,1000,0.0062089579923796205,0.004930425875684169,0.011164586118275635,1.4949417578726956,1.9714716514428154,2.9213064871690686
2016-12-06,1000,0.0013043616360307335,0.006230229342248156,0.007532079450450947,1.496891702549765,1.983754371973045,2.9433099997295438
2016-12-07,1000,0.0001529548250810523,0.013743131647809352,0.013912168089832913,1.497120659358294,2.011017369463988,2.984257823186267
2016-12-08,1000,0.0011526220828491894,0.00825861132503432,0.009416044123352648,1.4988462736909602,2.027625580286284,3.0123577265248493
2016-12-09,1000,0.0014136652304737418,-0.0001811230408425165,0.0012107266058967228,1.5009651405539022,2.0272583305754925,3.0160048681708314
2016-12-12,1000,-0.0008921483213694257,-0.0050981001646710255,-0.006030887812280207,1.499626057023323,2.016923164546555,2.997815681169602
2016-12-13,1000,0.0036980447550632885,-0.001056806293407182,0.0026275967058771205,1.5051717412980543,2.0147916674529434,3.0056927317782702
2016-12-14,1000,-0.001878326847716088,-0.010726956563314667,-0.012600189743792359,1.5023445368059507,1.9931790847520472,2.9678204330463265
2016-12-15,1000,0.0004213990629293726,0.004193016412874426,0.004604518113821607,1.5029776233859578,2.0015365173682107,2.9814858159888584
2016-12-16,1000,0.002116045488664164,-0.004165088455959583,-0.0020544043358457255,1.5061579924054869,1.993199940725539,2.9753606386012286
2016-12-19,1000,0.0009656360810747278,0.0021918665094572383,0.003146981595088497,1.5076123929067529,1.9975687689222672,2.984724043769657
2016-12-20,1000,0.002896260401710845,0.0024446996212600727,0.005340584689805707,1.5119788309814572,2.0024522245350926,3.0006642153011085
2016-12-21,1000,0.00010891300937706327,-0.0034684633083030495,-0.0033655624025864584,1.5121435051460537,1.9955067924676628,2.9905652926353046
2016-12-22,1000,8.63265557382239e-05,-0.006133894070722401,-0.006048539918902069,1.5122740432866348,1.9832665651852592,2.9724767390827167
2016-12-23,1000,0.00011066174969499077,0.002829841045183813,0.0029347630286874144,1.5124413941782835,1.9888788943149613,2.9812002539202096
2016-12-27,1000,0.001422832756531222,0.002457913578589394,0.0038794700116550826,1.5145933453362543,1.993767386755468,2.992765730904032
2016-12-28,1000,0.0015415256789443803,-0.012147477363695841,-0.010639131381085699,1.5169281298712485,1.969548142556381,2.9609253031001326
2016-12-29,1000,0.0007705605299234287,0.0006709832493226028,0.0014396614337006848,1.518097014814858,1.9708696763687708,2.9651880330670743
2016-12-30,1000,0.0017148694225862693,-0.005338749234896163,-0.0036422338356616336,1.5207003529660836,1.960347697391977,2.9543881248839385
2017-01-03,1000,0.008413205740893059,-0.0008016812817401372,0.007618793186487024,1.5334943179058358,1.9587761233372754,2.9768969970000425
2017-01-04,1000,0.00305103036664293,0.010377037510618163,0.013461874162527646,1.538173055636841,1.9791024166440496,3.0169716097684636
2017-01-05,1000,-0.0026123058443218348,-0.003251986074387422,-0.005845922669513702,1.5341548771740225,1.9726664031453367,2.999334627041639
2017-01-06,1000,0.0010857039213317478,-0.0007206179086151339,0.00035257504891627076,1.5358205151401005,1.971244864407507,3.000392117594484
2017-01-09,1000,-0.001581141050971195,-0.0048240151913629525,-0.0063904911902583714,1.5333921662766887,1.9617355492357087,2.981218138199676
2017-01-10,1000,0.0016346024593583298,0.004302328907265144,0.0059562437874813206,1.5358986528828453,1.9701755807975954,2.9989750002144544
2017-01-11,1000,0.0002481619357431448,0.0030504718460791377,0.0032987480427220687,1.5362798044656498,1.976185545938651,3.008867863126584
2017-01-12,1000,-0.002253503499803518,-0.002033614072940806,-0.004289497937885107,1.5328177925496091,1.972166747201688,2.995961330632334
2017-01-13,1000,0.002276575891134768,0.0026317593343109786,0.004923587448173329,1.53630736858163,1.9773570154474538,3.0107122082350477
2017-01-17,1000,-0.0022665559563585258,-0.004433247801295885,-0.00666825669496026,1.5328252419645738,1.9685909018063446,2.9906360063958854
2017-01-18,1000,0.0016696106086617358,0.0026610885772578316,0.004328308196554604,1.5353844632497824,1.973829496568435,3.00358040073528
2017-01-19,1000,0.0001483099803650778,-0.006160168898596937,-0.00601272109556506,1.5356121760893797,1.961670373492541,2.9855207094975533
2017-01-20,1000,0.002819382148575393,0.0015406352974522831,0.004357273082507258,1.539941653645781,1.96469259211191,2.998529438522315
2017-01-23,1000,-0.0017843883220826546,-0.0006209257479324653,-0.002401587414293708,1.5371937997423268,1.9634726638946955,2.9913282079613706
2017-01-24,1000,0.003449021833862176,0.009937282408388377,0.013455373010729847,1.5424956147205156,1.9829842462569676,3.031577644797009
2017-01-25,1000,0.004925660487644132,0.003397254363960349,0.008338629616023894,1.5500934244223088,1.9897209481412288,3.0568568479291893
2017-01-26,1000,0.00019421444387988617,-0.0034984148434306856,-0.003303291526784033,1.5503944749546947,1.9827600788419664,3.046759158604833
2017-01-27,1000,0.0004992717583275882,-0.003771337713855728,-0.0032958527782710207,1.5511685431303068,1.975282420979102,3.0367174889672226
2017-01-30,1000,-0.004219099395202409,-0.0035992682559365225,-0.007793814004029123,1.544624008868129,1.9681728496647626,3.0130498776754298
2017-01-31,1000,-0.002247743977191443,0.005014487545088113,0.0027219236849209644,1.5411520895551702,1.9780422279059873,3.0212511695013227
2017-02-01,1000,0.003940165518283057,-0.005469896026353188,-0.001547045794585571,1.5472244838768656,1.9672225425836056,3.016577155585159
2017-02-02,1000,-0.001980946367522778,0.0024632373104494826,0.0004828009994837242,1.5441595151557874,1.9720682785484547,3.018033562050895
2017-02-03,1000,0.005645392033545029,0.004635457443576695,0.010314125586273905,1.5528769009811707,1.9812097171294938,3.049161939233478
2017-02-06,1000,-0.0018252572206291795,-0.0023407045038422738,-0.004168430307568201,1.5500425012049066,1.9765722906215526,3.0364517201932935
2017-02-07,1000,0.0015933022399273228,-0.0029933888942681713,-0.0014150655242993388,1.5525121873940588,1.970655641078088,3.0321549420478484
2017-02-08,1000,-0.0017784660334195812,0.003363626465860935,0.0015815925983657354,1.5497510972023085,1.9772841905475165,3.0369505758612894
2017-02-09,1000,0.001989018744526639,0.008370368533819676,0.010378786796594293,1.5528335811839946,1.9938347879184946,3.068470438399948
2017-02-10,1000,0.0035072459332881074,0.0019404791439691241,0.005444379070069962,1.5582797504466754,1.9977037827409707,3.0851763546319013
2017-02-13,1000,0.003570361051881161,0.00010748023122371031,0.0036696179911311837,1.5638433717756053,1.9979184964054564,3.0964977732886707
2017-02-14,1000,-0.0021608112172657795,0.004859057195667832,0.002679945780526285,1.5604642014758259,2.007626496651773,3.1047962194306047
2017-02-15,1000,-0.0015981826195787176,0.0062540982472325,0.004641177814126838,1.5579702947105525,2.020182390005581,3.119206130761611
2017-02-16,1000,-0.00021281285089607617,-0.0017251931571925835,-0.0019351156165500314,1.5576387386105237,2.016697185170062,3.1131701062667356
2017-02-17,1000,-0.0019830075898145238,0.0034720099103045968,0.0014656189418617018,1.5545499291696698,2.023699177783056,3.117732827343718
2017-02-21,1000,0.002090912478221382,0.005515932010549466,0.007604938704507699,1.5578003570145889,2.0348617648575122,3.1414429943926985
2017-02-22,1000,-0.0025653556486795403,-0.000919291116436738,-0.003479346529677443,1.5538040450692066,2.032991134513902,3.1305128256119787
2017-02-23,1000,0.0028135361359520267,-0.007021741632528695,-0.004242720578724905,1.5581757288981972,2.0187159960261236,3.117230934424793
2017-02-24,1000,-0.005523230151724237,0.008061963754553517,0.002491946286167272,1.5495695657306616,2.0349908112168236,3.1249989064749584
2017-02-27,1000,-0.0007019118344101835,0.005211904771457557,0.00450901444848209,1.5484819045142335,2.0455969895356767,3.1390895716957448
2017-02-28,1000,-0.003081935507254299,-0.0052445312686398475,-0.00830977394996714,1.5437095831503702,2.034868792161021,3.113004446946254
2017-03-01,1000,0.009667154583835299,0.005741600261970243,0.01547452020016708,1.5586328623232328,2.0465521953511683,3.161176697143734
2017-03-02,1000,-0.0018771214609037523,-0.0074900850858690025,-0.009351869650389066,1.5557071191276959,2.031223345275316,3.1316137847301984
2017-03-03,1000,-0.00010750763132757091,0.0001910179432404916,8.119332226876164e-05,1.555539868740279,2.0316113453809925,3.1318680508574435
2017-03-06,1000,-0.005205876038680865,-0.0002583919443873216,-0.0054725128970744994,1.5474419210103914,2.03108639337522,3.1147288625571905
2017-03-07,1000,-0.0015668636457806557,-0.003431582839025074,-0.005001427813118454,1.5450172905204032,2.0241165521631364,3.099150770993674
2017-03-08,1000,0.0012185092739868848,-0.004770066803411212,-0.0035652456077949523,1.5468999084173725,2.014461380991428,3.0881015373194947
2017-03-09,1000,-0.0002128085716622875,-0.002352295656828429,-0.0025764510615148887,1.5465707148573578,2.0097227722340736,3.080145194835602
2017-03-10,1000,0.005044250463707358,-0.0002873982182006773,0.0047396744235070985,1.5543720049029333,2.0091451814902563,3.0947440802362522
2017-03-13,1000,0.0005617995518526415,0.0019568035290617853,0.002511899487770806,1.5552452503986998,2.013076683871794,3.1025177663061796
2017-03-14,1000,-0.003942711762572572,-0.00020691755389417265,-0.0041524283482704686,1.5491133666562678,2.012660142968566,3.089634783582357
2017-03-15,1000,0.0038643925886890445,0.008935337075644251,0.012826388498946632,1.5550997488694134,2.0306439397647047,3.129263639636443
2017-03-16,1000,0.002144107371078131,-0.0027815992402114983,-0.0006521854421485028,1.5584340497037261,2.0249955021247152,3.1272227794460274
2017-03-17,1000,0.0012868179860216356,0.00016084169687789073,0.0014339707102466498,1.5604394706689135,2.025321205837447,3.131707125316169
2017-03-20,1000,-0.0004593682092075334,-0.0037821204404944594,-0.00424488642170455,1.5597226543836955,2.0176611971062823,3.118413384263159
2017-03-21,1000,0.0036038809953801566,-0.021733795752935502,-0.01823179580209123,1.5653437092158928,1.973809760749751,3.0615591082147646
2017-03-22,1000,-0.0013980653907454878,0.003097242394646091,0.0016835798310570198,1.5631552563514168,1.9799231280197112,3.066713487380944
2017-03-23,1000,-0.00020343385573821747,0.002201990609783415,0.001989089780640908,1.5628372576504999,1.9842829001557036,3.072813455838847
2017-03-24,1000,0.002388666219939738,-0.0029117786473162295,-0.0005381593578992346,1.5665703542151128,1.9785051075767957,3.0711597925225087
2017-03-27,1000,-0.010237833158337614,0.009581752990968122,-0.0008119741469959378,1.5505320682978607,1.9974626548089653,3.0686660901696867
2017-03-28,1000,-0.0013552873050319638,0.009211955186906854,0.00784500301540958,1.5484306518696516,2.0158631912725853,3.092739784900353
2017-03-29,1000,-0.0009542854032625577,0.003970239633996045,0.003011672474441665,1.546953007100608,2.0238666512112893,3.1020541041811476
2017-03-30,1000,-0.00042142660269870456,0.0048794796053736504,0.004468662162887297,1.546301079950291,2.0337420672598707,3.1159161359837313
2017-03-31,1000,-0.0014332423903387428,0.0016501098229317228,0.00020645941161243775,1.5440848556942797,2.0370979650223657,3.1165594461958004
2017-04-03,1000,0.0009282967402976221,-0.007663474375678035,-0.006750951623237437,1.5455182246325638,2.021486716966671,3.0955197041435887
2017-04-04,1000,-0.0016913271760075417,0.0008939587240359068,-0.0007953230239303949,1.542904247658228,2.023293842652826,3.093057766051853
2017-04-05,1000,0.0043986075932425355,-0.010947472432759118,-0.006626156710397112,1.5496908779976235,2.001143889087013,3.0725626805796824
2017-04-06,1000,0.0009871160858193723,0.005990716559243625,0.006987537336780113,1.5512206027913427,2.0131321749207958,3.0940323270298298
2017-04-07,1000,-0.002160744756058221,0.0011167541501265984,-0.0010512307626560804,1.5478688110083718,2.015380348631892,3.0907797850670033
2017-04-10,1000,0.000821280696147892,0.0012083824514900474,0.0020345371376894335,1.5491400457830222,2.017815698878257,3.097068091324142
2017-04-11,1000,-0.0018543335456672955,0.005334472789138018,0.0034631615114568397,1.5462674234291902,2.0285796818174187,3.107793738336377
2017-04-12,1000,-0.0008271746806922153,-0.007679791506420508,-0.00849674679723921,1.5449883901669503,2.0130006128069002,3.081387601843687
2017-04-13,1000,-0.0014440531049486386,-0.007270441352739657,-0.00870139112452838,1.54275734488502,1.9983652099084586,3.054575243113773
2017-04-17,1000,0.002572633590055917,0.00832892987539804,0.010920172961863674,1.5467262942517768,2.015009453607221,3.0879317330936025
2017-04-18,1000,-0.004307332955501531,0.0032499966180757215,-0.0010814979881782626,1.5400640291114054,2.0215582275168353,3.08459214113663
2017-04-19,1000,0.004008868616952789,-0.002143771203229467,0.0018540652259576022,1.546237943465808,2.017224469203033,3.0903111761617734
2017-04-20,1000,0.0041487620150613535,0.005751565604570755,0.009922791810038438,1.5526529167119054,2.0288266680767997,3.1209756905910617
2017-04-21,1000,-0.0004991915371079364,-0.0021042080632311397,-0.00260556297571664,1.5518778455158169,2.024557594642934,3.1128437918835457
2017-04-24,1000,0.012618837543440493,-0.001190742946507871,0.011412790008113856,1.5714607399356453,2.022146866967314,3.1483700244083734
2017-04-25,1000,0.0044100810115599255,0.00206638065658635,0.006480775955537967,1.5783910091052473,2.0263253921379922,3.168773905161695
2017-04-26,1000,-0.0006221055962608155,0.0023389509281134826,0.001708206999455393,1.577409083225395,2.0310648677945933,3.174186826926184
2017-04-27,1000,0.0010545390340531543,-0.0008720962865554026,0.00021301592308618222,1.579072522676326,2.0292935836656367,3.1748629792631697
2017-04-28,1000,0.0009369162463037729,-0.008543498133255993,-0.0076512307763608135,1.5805519813769133,2.011956317721761,3.150571369925503
2017-05-01,1000,0.0026482502620053605,-0.0006975373515817529,0.0019517286912526597,1.5847376785757077,2.010552903040399,3.156720430462026
2017-05-02,1000,0.0013969116656368057,-0.0018067549080541877,-0.0003907864691403303,1.586951417125884,2.006920326714928,3.1554868268309426
2017-05-03,1000,-0.0021201214321365847,-0.001102160017027616,-0.0032254953750233462,1.583586887414676,2.004708379373463,3.145308818665052
2017-05-04,1000,0.001340601398043847,-0.0010751202205306557,0.000268490094225462,1.585709846209868,2.002553076858531,3.1461533029261433
2017-05-05,1000,0.0029950823117551656,0.0038598962740243985,0.006880102225311519,1.5904591777218273,2.0102827240184333,3.1677991592667767
2017-05-08,1000,-0.00038321530103990574,-0.0026104408351609863,-0.00299710339281536,1.5898496894292449,2.005034999905437,3.1583049376587806
2017-05-09,1000,0.0010777893885860483,-0.0019544960096142174,-0.0008810960704708948,1.5915632125539585,2.001116166998985,3.1555221675888605
2017-05-10,1000,-0.0003713952345698149,0.004464051232964647,0.0040970888684411615,1.5909721135612993,2.0100492520915823,3.1684506223358078
2017-05-11,1000,-0.0026156765643812565,-0.002667328130117235,-0.005286960984027181,1.586810645089273,2.004687791178557,3.1516991475157017
2017-05-12,1000,-0.0019421097761898789,-0.0029440877207462927,-0.004876018581572584,1.5837288846224828,1.9987858144686181,3.1363314039088888
2017-05-15,1000,0.003400914246053325,0.00395528576980631,0.007352408343524943,1.5891150107480816,2.006691583557477,3.159390993091048
2017-05-16,1000,0.0011717749107299626,-0.0027006003194434617,-0.0015310228935765053,1.5909770958479408,2.0012723116258972,3.154553893150866
2017-05-17,1000,-0.007030989427082778,-0.012818890669065929,-0.019744010325342155,1.579790952708303,1.975618220664136,3.0922703485126473
2017-05-18,1000,-0.0020050277383327586,0.004725318345235878,0.0026830196655661565,1.5766234280273557,1.9849536456854224,3.1005669706689534
2017-05-19,1000,0.003087557321904628,0.004923188775676102,0.008021747015725654,1.581491343236448,1.9947259471940986,3.125438934512974
2017-05-22,1000,0.003364167524873154,0.003040515042713116,0.006403196611822855,1.586811745054232,2.000790941442632,3.1454517345089066
2017-05-23,1000,0.00180498967731456,-0.00033788381997354954,0.001461274592880634,1.5896759238738962,2.000114906556369,3.1500481032116765
2017-05-24,1000,0.0007794598333071647,0.0008780671482543396,0.0016565883858610656,1.5909150124045313,2.00187114174855,3.1552664363143603
2017-05-25,1000,0.0031991361083002117,-0.0009530766041866188,0.002238848695837346,1.5960045660659514,1.9999632051987533,3.162330600460322
2017-05-26,1000,-0.0004662675324912454,0.0001251552167186356,-0.000341462531731404,1.595260400955087,2.0002135110271295,3.1612507830473175
2017-05-30,1000,-0.00227552851188546,-0.0012412951861287861,-0.003508783900150373,1.591630340428832,1.9977306556246617,3.1501586371954233
2017-05-31,1000,0.0012959731919080571,-0.0010851449852094382,0.00020702394721378814,1.593693050681455,1.9955628282219116,3.150810795470845
2017-06-01,1000,0.003186073858417561,0.010771180248005083,0.013999436758682336,1.5987706744485728,2.0170573951409083,3.194920371940613
2017-06-02,1000,0.0005658647981078424,0.0023190161717649665,0.0028760719473223586,1.5996753624934905,2.021734983859618,3.2041091927962806
2017-06-05,1000,-0.0010346836177003533,-0.0024980369020140693,-0.00353903401944854,1.5980202046022798,2.016684615263844,3.1927697413609466
2017-06-06,1000,-0.003670029217482372,0.0003807594198704923,-0.0032958391854636224,1.5921554237612623,2.017452486928014,3.182246885737207
2017-06-07,1000,0.0014498813969130735,-0.000395313293507786,0.0010604337746362082,1.594463860291168,2.016654961140911,3.1856214478140736
2017-06-08,1000,4.775565939437032e-05,0.005747018475390768,0.005778334164626419,1.5945400049641967,2.028244714461076,3.2040290330615444
2017-06-09,1000,0.001522361169349574,0.0028673292525155936,0.004402323900647725,1.5969674707507286,2.0340603598621105,3.2181342066521603
2017-06-12,1000,-0.0011816575857475713,0.0016634128159324735,0.00047056888078986827,1.5950804020247238,2.0374438419330856,3.219648560464016
2017-06-13,1000,0.002314983077435901,0.003577184567195048,0.005887488824612919,1.5987729861625606,2.0447321546009753,3.238604205382929
2017-06-14,1000,0.0008794564200021236,-0.00439473255468206,-0.0035316573642623287,1.6001790373293672,2.035746103635545,3.2271665649910575
2017-06-15,1000,-0.008111206804803381,0.004836634295101766,-0.0033189613459439988,1.5871996542328775,2.0455922630565087,3.216455723904929
2017-06-16,1000,-0.0030487690563744227,0.0016523149905314706,-0.00146228062248265,1.582360649040764,2.048972225817272,3.2117523630267897
2017-06-19,1000,0.004230340133225713,0.002634396505661411,0.006882291533514052,1.5890545727996384,2.0543700310891624,3.233856579122593
2017-06-20,1000,-0.0025218572523465935,-0.007608751098881809,-0.01011623229878528,1.5850472040008492,2.038738840857603,3.2011421347472333
2017-06-21,1000,0.0013259561501748854,-0.005864343482446154,-0.004547434433650117,1.5871489070893114,2.02678297602381,3.1865851507766756
2017-06-22,1000,0.0005518669409783243,0.0006573724244635606,0.0011960170055244604,1.588024802101544,2.0281153272626202,3.1903963608065564
2017-06-23,1000,0.0009980061192417895,0.0034782307987426004,0.004474369849879541,1.589609660571549,2.035169580457307,3.2046713740925146
2017-06-26,1000,0.00279034534637389,0.00027791001438388197,0.003064941737705335,1.5940452204904758,2.0357351744646857,3.2144935051426002
2017-06-27,1000,-0.0001472458626440578,-0.00684569110411999,-0.006986961919660833,1.593810503926891,2.0217991602905085,3.192033961431172
2017-06-28,1000,0.005778771591295313,0.00472115006003612,0.010533153250195167,1.603020770788892,2.0313443775174953,3.225656144326754
2017-06-29,1000,0.0021026061740544275,-0.00874821686683272,-0.0066627899752274185,1.60639129215869,2.013573736371751,3.204164274904803
2017-06-30,1000,0.004030578409415191,-0.0017010229807301624,0.002315319318730526,1.6128659782179375,2.010148601172788,3.2115829383508765
2017-07-03,1000,0.0044516454411222825,0.0012987863412965727,0.0057511614653152745,1.6200458856970128,2.0127593547199676,3.230053270388584
2017-07-05,1000,0.00015938494302307948,-0.0028779367987956726,-0.0026916405222375656,1.6203040966181994,2.006966760505899,3.2213591281170197
2017-07-06,1000,-0.004273560185734848,-0.007379810629959778,-0.01162902303967663,1.6133796295421088,1.9921557258727416,3.1838978685970742
2017-07-07,1000,0.002236935593984778,0.0063031386301551475,0.008552568646264611,1.6169886558620417,2.0047125595857747,3.211128373680946
2017-07-10,1000,-0.0014266490339441176,-0.0005503343359826054,-0.001979798694055647,1.6146817805582576,2.003609297430459,3.2047709859202875
2017-07-11,1000,0.00029649994470020005,0.0005505022516373851,0.0008452830868415025,1.6151605336169015,2.004712288860096,3.2074799246318864
2017-07-12,1000,0.006177993667930646,0.0015423097341095168,0.007743106949788836,1.6251389851662783,2.0078041761372942,3.2323157847276116
2017-07-13,1000,0.0013974854820914195,0.0007395134853444134,0.002136042739191745,1.627410093304429,2.009288974401479,3.2392201493903534
2017-07-14,1000,0.00043389392785584167,0.0035575835057147756,0.003985227702141217,1.6281162166620453,2.016437187715024,3.2521291792630382
2017-07-17,1000,-5.2579923131776396e-05,0.0014579964369478252,0.001402468952909282,1.6280306104365236,2.0193771459500414,3.256690189467805
2017-07-18,1000,-0.0017910345720637236,-0.00022599516997886615,-0.0020297904541955506,1.6251147513288537,2.0189207764686907,3.2500797908089507
2017-07-19,1000,0.0023229971947812443,0.006232126936109693,0.008550981324817615,1.6288898883373886,2.031502947021593,3.2778711624043253
2017-07-20,1000,0.0014308367722933725,-0.0017285696487249513,-0.00030493957421014515,1.6312205638876385,2.027991352686076,3.276871609767746
2017-07-21,1000,0.0002839414428296706,-0.0014059869810857256,-0.0011453359740172936,1.6316837350081224,2.0251400232464447,3.273118490830843
2017-07-24,1000,-0.00046884389733903265,0.0002879804873744631,-0.00017482250265693933,1.6309187300465764,2.025723224057341,3.2725462760647828
2017-07-25,1000,0.004438680685693449,0.0022527217478871668,0.006704413305883826,1.63815785751357,2.030286614819375,3.294486778862152
2017-07-26,1000,0.0005602290312206333,-0.005108025812364009,-0.004544472310556463,1.6390756011030712,2.01991585838438,3.2795150749181188
2017-07-27,1000,0.0014332711010364024,-0.0034156988582853057,-0.0020287565987680846,1.641424840794546,2.013016434093064,3.2728617370691193
2017-07-28,1000,-0.0022804505824593883,-8.210580715417359e-06,-0.0022469500312036366,1.6376816525602926,2.0129999060591506,3.2655077802868866
2017-07-31,1000,0.0023239314316341863,-0.0026304540560575635,-0.00031037398966799146,1.641487512427688,2.0077048022914137,3.264494251608827
2017-08-01,1000,0.003919230896484291,-0.002013524061948413,0.0018950154984399897,1.6479208810025878,2.0036622403627105,3.2706805188101944
2017-08-02,1000,-0.00034568270170589965,-0.004397850877518734,-0.004745069116057552,1.6473512232602454,1.9948504326206802,3.255160913691897
2017-08-03,1000,-0.0009498285980862833,-0.002133472827208413,-0.0030863325231419774,1.6457865219573005,1.990594473428339,3.2451144046959093
2017-08-04,1000,0.0028990601228534446,0.0008131471282060603,0.0037182688760720533,1.6505577560338365,1.9922131196078299,3.257180612586183
2017-08-07,1000,0.000366572230823334,0.0008610383819379792,0.0012222875153964556,1.6511628046725684,1.993928491568813,3.2611618237843385
2017-08-08,1000,-0.0010629934589133096,-0.0016348650351128238,-0.0026889420780263963,1.6494076294116005,1.9906686875954318,3.2523927485331114
2017-08-09,1000,-0.004233420072157766,-0.0001418887172595482,-0.00437911729564951,1.6424249940460793,1.9903862341688603,3.2381501391957648
2017-08-10,1000,-0.004199251660758171,-0.011263797038937977,-0.01540242709224513,1.6355280381621606,1.9679669275980862,3.1882747677630587
2017-08-11,1000,-0.0018177563640750804,0.002792106201797753,0.0009392379634344401,1.632555046662168,1.9734617002615655,3.1912693164628023
2017-08-14,1000,0.00707069468322563,0.0042276462427647266,0.011326470818053892,1.6440983449506752,1.9818047982039166,3.2274151352482687
2017-08-15,1000,0.0004932643277061396,-0.0050389862106478495,-0.004537102427318458,1.6449093200154803,1.9718185111535715,3.21277202220417
2017-08-16,1000,0.002988097872328639,-0.00018825666572545752,0.0027724642543981146,1.6498244700547922,1.9714473031752462,3.221679317793261
2017-08-17,1000,-0.0031057703260497435,-0.0134183574196191,-0.016481105826569177,1.6447004941725052,1.9449937186272968,3.168582480017441
2017-08-18,1000,-0.003125481839613775,0.001032167495803914,-0.002091760245256857,1.6395600126463652,1.9470012779232064,3.1619545651519236
2017-08-21,1000,-0.00014701646318498928,0.0001969208204311279,5.044850414288382e-05,1.6393189703321265,1.9473846830122354,3.162114081029903
2017-08-22,1000,0.0026963775156379688,0.00683352178980844,0.009547931238346208,1.6437391931446887,1.9606921786767386,3.1923057288433827
2017-08-23,1000,-0.0046906366910028155,0.002846816589752753,-0.0018764929964603513,1.6360290097748849,1.966273909698394,3.186315389500648
2017-08-24,1000,0.0034164218533822566,-0.003885688648054024,-0.0005075825703980016,1.641618375036647,1.9586335814885143,3.1846980713451467
2017-08-25,1000,0.0036804958848042873,0.000496764332881551,0.004191991996144893,1.6476603447103886,1.9596065607929818,3.1980483001703637
2017-08-28,1000,0.0023493778587215554,-0.0031969317839009876,-0.000846827830639582,1.6515313214429448,1.9533418322948417,3.19534010386605
2017-08-29,1000,-0.006340426554074903,0.005446565603111087,-0.0009512605425121053,1.6410599083975816,1.9639808367297367,3.1923005029053355
2017-08-30,1000,-0.00031892122388390307,0.006392086581172773,0.006072446759263185,1.6405365395631286,1.9765347722818774,3.2116855777487974
2017-08-31,1000,0.0030345639400432764,0.00435531205808541,0.007399431410525544,1.6455148525884102,1.9851431980088219,3.2354502248935235
2017-09-01,1000,0.0023095064657309536,0.0021899429853679303,0.004514220243323385,1.6493151797799197,1.9894905484302523,3.2500557597950035
2017-09-05,1000,-0.0017181761472626707,-0.007211574773473961,-0.008901595562212773,1.6464813657787036,1.9751431885791277,3.221125077866668
2017-09-06,1000,0.0033916348943120434,-0.0008967891127703141,0.0024891520769045722,1.652065629431713,1.9733719016714475,3.2291429480442093
2017-09-07,1000,0.0012932003652729722,-0.0041255065580668255,-0.0028227510091834054,1.6542020813071492,1.965230742949597,3.22002788152882
2017-09-08,1000,-0.001978887609656487,0.003983245888169384,0.0020110235452331267,1.6509286013045825,1.9730587402257551,3.2265034334148814
2017-09-11,1000,0.00665377373940095,0.004851265184867269,0.011535300487082836,1.661913506677569,1.9826305713999106,3.2637221200419266
2017-09-12,1000,0.0021732906836260087,0.004139524149735745,0.006332250958096631,1.6655253278186237,1.9908377185302248,3.284388827563523
2017-09-13,1000,-0.0009791235095128162,0.0015264572531717194,0.0005480240285832866,1.6638945728144676,1.9938766472055631,3.286188751560238
2017-09-14,1000,-0.0010372763035323654,0.00013587964768583215,-0.0009005933627039631,1.6621686544025112,1.9941475744619144,3.2832292317819904
2017-09-15,1000,-2.652071273361889e-05,0.003670125431560292,0.003641008196424137,1.662124572505113,2.0014663461892312,3.2951834963256483
2017-09-18,1000,0.001876763835997056,0.001522236116193253,0.0034060592957676937,1.6652439877937129,2.004513050546746,3.3064070867045685
2017-09-19,1000,0.0011426811054424289,-0.0014958595021640892,-0.000356584274838433,1.6671468306345163,2.0015145806528736,3.3052280739312354
2017-09-20,1000,0.0010602830674319263,0.002059799461306842,0.0031705830376227823,1.668914478189961,2.0056372993079,3.3157075739979165
2017-09-21,1000,-0.00044396644354750424,-0.0017885847712320962,-0.00223373663273631,1.668173536164494,2.0020500469777427,3.308301156526436
2017-09-22,1000,-0.0008998202439425175,0.004525722288585456,0.003618734093744368,1.666672479846244,2.0111107694982135,3.320273018713932
2017-09-25,1000,-0.0005378575580292475,0.0012696047649319257,0.0007407157619342528,1.6657760474561993,2.0136640853139745,3.322732397272819
2017-09-26,1000,0.0017334691308085732,0.00043787505760845523,0.0021708715987478816,1.668663618813305,2.014545818591335,3.329945622664298
2017-09-27,1000,0.004055682045384939,0.004124726780882388,0.008214102146509547,1.6754311878919133,2.0228552696805937,3.357298136151185
2017-09-28,1000,-0.0008860765377284523,0.0026490961463094976,0.001767226156389067,1.6739466276257438,2.0282140077800466,3.3632312412321874
2017-09-29,1000,0.00015953755836406369,0.0023403177186736086,0.002502572343539819,1.674213684983547,2.032960672959716,3.3716479707214244
2017-10-02,1000,0.0003991862341741631,0.00584285225391442,0.0062358937254482555,1.6748820080396583,2.0448389618098384,3.3926732091464666
2017-10-03,1000,0.0014119007056002527,0.0005133981402215805,0.0019267303340628629,1.6772467751286064,2.0458887783298842,3.3992099755320915
2017-10-04,1000,-0.00011495972218174521,0.0005146239150719078,0.00039847895221352994,1.6770539593053073,2.0469416416227904,3.4005644891614955
2017-10-05,1000,0.001489903734407376,0.002074585384691427,0.003561061226938936,1.679552608262079,2.0511881968358177,3.412674107513554
2017-10-06,1000,-0.0025089625537288683,0.001012223755314435,-0.0014995277110181023,1.675338673660932,2.0532644582552755,3.4075567081206635
2017-10-09,1000,0.0007724934718884803,-0.003963138910532444,-0.0031901373047898344,1.6766328618495372,2.0451270859871507,3.396686134347901
2017-10-10,1000,0.003363442710473717,-0.0007186668644333611,0.002625813235963312,1.6822721204268656,2.0436573209168967,3.405605197757885
2017-10-11,1000,-0.000492430794177994,0.0004937228806923816,3.6143274507931533e-06,1.68144371783058,2.0446663212965275,3.405617506730238
2017-10-12,1000,-0.001503757950761084,0.0015961424261119678,9.122935037840674e-05,1.678915233471135,2.047929899959191,3.405928199003014
2017-10-13,1000,0.0024904405314692805,-0.001709855949958928,0.0007659887197233819,1.6830964720174726,2.0444282348346468,3.408537101583638
2017-10-16,1000,0.0015122422520898744,-0.0010285714248277685,0.0004834236546898568,1.685641721616801,2.0423253943721846,3.4101848690464314
2017-10-17,1000,-0.0002797869083366795,-0.000907128621726477,-0.0011934879948797526,1.6851701011309466,2.040472742552071,3.406114854344904
2017-10-18,1000,0.002069187087615627,0.0005553897672392775,0.002625171123913006,1.688657033344643,2.0416060002336147,3.415056488705261
2017-10-19,1000,-0.004045106961570919,0.004562130312139445,0.0004956361331257324,1.6818262350233548,2.050920072852726,3.4167491140977284
2017-10-20,1000,0.005561934088866783,0.0006520227140601041,0.006240937496726424,1.6911804416914817,2.052257319324948,3.438072831760808
2017-10-23,1000,0.0013230805282131747,-0.005656416194384511,-0.004346821588670246,1.6934180096035787,2.040648897788874,3.4231281425522893
2017-10-24,1000,0.0017231837687552542,0.0009164470629346222,0.0026115539861344093,1.6963360800314453,2.042519044477733,3.4320678264980207
2017-10-25,1000,-0.0017641022565982568,-0.004678779753470609,-0.006458504021082122,1.6933435697247128,2.032962547726352,3.4099018026399563
2017-10-26,1000,0.002570505472300396,0.0015189901952020635,0.004085550399346387,1.697696318637175,2.0360505979035612,3.4238331283114642
2017-10-27,1000,-0.0006661651247208464,0.004198422480508629,0.0035376791639643084,1.696565372557332,2.0445987985052527,3.4359455514303825
2017-10-30,1000,-0.002481772438092691,-0.0047556543313261165,-0.00721198031780722,1.6923548833762967,2.034875393373317,3.4111655797404095
2017-10-31,1000,0.001885161405439685,0.002437132136002061,0.004352383328535273,1.695545245486745,2.0398346535872673,3.426012279940545
2017-11-01,1000,0.005734034561428835,-0.007311058013601412,-0.0016342482145728348,1.7052675605248322,2.024921304096736,3.4204133254889477
2017-11-02,1000,0.00034471079311271637,0.0003816248307752551,0.0007964832413713791,1.7058553846580902,2.0256940643467454,3.423137627381263
2017-11-03,1000,-0.000562970131687024,0.002002034225468526,0.001457700468510639,1.7048950390275501,2.029749573193896,3.428127536704473
2017-11-06,1000,0.00019965503010269513,0.003165083497570797,0.0033816531829303914,1.7052354298978891,2.0361739000722134,3.439720275100461
2017-11-07,1000,0.0004277538677693093,-0.005425037462048777,-0.00498102502811122,1.705964850948485,2.0251275803850755,3.4225869423204838
2017-11-08,1000,-0.0012191540358178323,0.003946528755618092,0.002711319843170416,1.7038850170154878,2.0331198046148606,3.4318666702121736
2017-11-09,1000,-0.005668296052719562,0.002186010803481158,-0.0035053114143133346,1.694226892299251,2.0375642264725204,3.4198369088006775
2017-11-10,1000,-0.0013159888559600259,0.0018975223423247443,0.0005726316460430144,1.6919973085895172,2.0414305501161736,3.4217952156389626
2017-11-13,1000,-0.0032668481760752288,0.004784705374333317,0.0014871580325620734,1.6864698102680273,2.0511981938406425,3.426883965879683
2017-11-14,1000,-0.0037299476079299025,0.0026007297323936487,-0.0011325092858295487,1.6801793662333722,2.056532805970396,3.4230029879668638
2017-11-15,1000,-0.005503440083856016,0.0003913829863867375,-0.005126831918068008,1.6709325997611755,2.0573376979215987,3.405453826992513
2017-11-16,1000,0.003772157771260472,0.006673277694166607,0.010465953556630445,1.677235621152617,2.071066883690507,3.4410951485850663
2017-11-17,1000,-0.00164814706804835,0.004240524279035598,0.002575411235277751,1.674471290181188,2.0798492930943033,3.4499573836923925
2017-11-20,1000,0.0007865091008111872,0.0030774935145047666,0.0038753050909943704,1.6757882770899626,2.0862500158049486,3.4633270211051292
2017-11-21,1000,0.0032988115104504298,0.0025530801960449555,0.005886946949192007,1.6813163867475047,2.0915763794042985,3.483715443546078
2017-11-22,1000,0.0012196204726976976,-0.0021911950840829758,-0.0009762767481510991,1.683366954633864,2.0869933275237638,3.4803143731613693
2017-11-24,1000,0.002649244157275265,-0.00159053153585741,0.0010468501373408759,1.687826604702978,2.083673898821213,3.4839577407409026
2017-11-27,1000,6.867420718640993e-06,-0.00191212800630256,-0.0018953310161149083,1.6878381957183723,2.0796896476032756,3.4773544875760427
2017-11-28,1000,0.002214137942433099,0.010444638010748903,0.012678569710375624,1.6915753023082003,2.1014112531471936,3.5214423688544634
2017-11-29,1000,0.0012018603910249324,0.004020522205997156,0.005252681914622449,1.6936083396624804,2.1098600237544045,3.53993938549873
2017-11-30,1000,0.0036467897063096164,0.0013771840344736943,0.0050023344043807275,1.6997845731220818,2.1127656892940934,3.5576473460762332
2017-12-01,1000,0.00019596043623934,-0.0031023247901051858,-0.002909914733940421,1.7001176636485438,2.1062112039205125,3.547294895645722
2017-12-04,1000,0.00859191525452099,-0.0066401271356281415,0.001898200826484349,1.7147249305373264,2.092225693751996,3.5540283737484204
2017-12-05,1000,0.00023065037454560533,-0.00804369601956712,-0.007837249433535847,1.7151204324847973,2.0753964662671267,3.5261745668894906
2017-12-06,1000,-0.001437257576800287,-0.0016518579134985275,-0.0030905628896127782,1.7126553626480836,2.0719682061906766,3.5152767026307656
2017-12-07,1000,0.00018105511719211008,0.005418975775759684,0.005586854093947688,1.7129654476654776,2.083196151708168,3.534916040668217
2017-12-08,1000,0.004582979687565296,-1.7514652223910797e-05,0.004544636558593342,1.7208159335176298,2.0831596652520568,3.5509809493381956
2017-12-11,1000,0.0005373025862411691,-0.00090034715311942,-0.0003646375719655084,1.721740532369154,2.081284098377954,3.549686128266733
2017-12-12,1000,0.0010360701271885232,-0.0023704896915039174,-0.0013326834158366855,1.7235243763015113,2.076350435877658,3.5449555204321666
2017-12-13,1000,0.0008460318154886228,-0.00018220337252580898,0.0006482982611247751,1.7249825327586326,2.0759721178256956,3.547253708931827
2017-12-14,1000,0.00099079758880668,-0.00853814188269426,-0.007554414716719751,1.7266916412928233,2.0582471733391823,3.5204562833091333
2017-12-15,1000,0.004106338792702855,0.0065077197522995685,0.010633100934244624,1.7337820221625,2.0716416691242365,3.557889650304155
2017-12-18,1000,0.0060346532022474576,0.0035396420994036185,0.009604694810371898,1.7442447953945421,2.0789745391911474,3.592062094564307
2017-12-19,1000,0.0017569496967597845,-0.005832002715433724,-0.004088864981969085,1.7473093457588853,2.066849954033267,3.5773746376527846
2017-12-20,1000,0.004359772412446743,-0.0032033669971597463,0.001142703785640963,1.7549272168405352,2.060229075102436,3.581462517193886
2017-12-21,1000,0.0023575227548312217,0.0005135185478489611,0.002870256624895659,1.7590644976873093,2.0612870409453183,3.5917422337106775
2017-12-22,1000,0.0009280325950920594,-0.001285498436128723,-0.00036637388652157834,1.7606969668780323,2.058637259677771,3.590426313149129
2017-12-26,1000,-0.0007337193856354278,0.0017436434074294478,0.001008812664513297,1.7594051093812044,2.0622267889638963,3.594048380684836
2017-12-27,1000,0.0009964886663675545,-0.0006477941130779607,0.0003458625803883255,1.761158336632252,2.060890890590174,3.5952914275318197
2017-12-28,1000,0.0019263797303638698,0.001296261341211056,0.003223313831924648,1.764550996353902,2.0635623437801,3.6068801801199832
2017-12-29,1000,0.0015430706471058241,-0.0070960467507465395,-0.005569520591520342,1.767273823201697,2.0489192089155566,3.586791586685658
2018-01-02,1000,0.004643706855279691,0.002772063013157,0.007440765427242604,1.7754805247696548,2.054598942071538,3.6134800615185934
2018-01-03,1000,0.001339157303156328,0.002856814154624003,0.004204108998898953,1.7778581724810119,2.0604685494113233,3.6286715255625652
2018-01-04,1000,0.003587743940010858,-0.0013657422465665117,0.0022084256808044115,1.7842366723655296,2.0576544804656707,3.636685176946821
2018-01-05,1000,0.0031859363714440677,0.0017564565254412604,0.0049494943427260095,1.7899211368752834,2.061268661104988,3.6546849296563946
2018-01-08,1000,0.0002069937222018857,0.0037625181885435456,0.003973598102966962,1.7902916393138528,2.06902422193387,3.669207178759819
2018-01-09,1000,0.0016253447793332665,-0.002417742724972779,-0.0007800831912776243,1.7932014804832956,2.064021853673497,3.666344891914353
2018-01-10,1000,-0.0025745516494204844,-0.00044294615541503544,-0.0030127097127925022,1.7885847906539742,2.06310760312872,3.6552992590480353
2018-01-11,1000,0.002796920265319759,0.009338553913663028,0.012169390212952136,1.7935873197011971,2.0823740447102255,3.6997820220765054
2018-01-12,1000,0.0018139338603915677,0.0022986038498993906,0.004115974251928849,1.796840768471972,2.087160597706327,3.7150102296171212
2018-01-16,1000,0.004626482786475512,-0.01185061083181936,-0.007274319110780902,1.805153821357345,2.062426469719402,3.687986059707071
2018-01-17,1000,0.004383405852480443,0.003972552623005432,0.008363693787946378,1.8130665431825104,2.0706195674014416,3.7188312458046755
2018-01-18,1000,-0.0003967769529673274,-0.0030959842541673794,-0.003503501014465967,1.8123471601639793,2.064208961824396,3.7058023167623713
2018-01-19,1000,0.001868051650060882,0.007476380551285776,0.00935304193748381,1.8157327182670069,2.0796417735603696,3.7404628412430747
2018-01-22,1000,-4.5507665343830774e-05,0.004535185237801535,0.004510067071256892,1.8156500885101101,2.089073334231736,3.7573325795346246
2018-01-23,1000,0.00044125896598462723,0.0031118520506100444,0.0035468434933695384,1.8164512603907559,2.09557422137074,3.770659250146773
2018-01-24,1000,0.0025861074230051993,-0.004788530607188823,-0.0022128652661926825,1.8211487984787795,2.0855395000720702,3.762315289261475
2018-01-25,1000,0.004484411428322056,-0.0044791255043913425,-2.6887826674573236e-05,1.8293155789633526,2.076198106906882,3.762214128780082
2018-01-26,1000,0.003294057666737746,0.00346800984701021,0.006779147133647781,1.8353414499711196,2.0833983823859787,3.7877187319073706
2018-01-29,1000,-0.002558778023657394,-0.0050529424582163324,-0.007628427032880704,1.830645218603026,2.0728710902422414,3.7588243959399397
2018-01-30,1000,-0.007493860362916398,-0.002177588220306608,-0.009671721797030644,1.8169266189607742,2.0683572305739157,3.7224700920985168
2018-01-31,1000,0.004689535107441863,-0.005826232403565213,-0.0011830830974404584,1.8254471601280364,2.0563065006549976,3.7180661006518276
2018-02-01,1000,-0.0028970399872325896,0.0028323391711438267,-7.666965372319678e-05,1.8201587667105654,2.0621306581046803,3.7177810378113705
2018-02-02,1000,-0.00628665611058364,-0.013935801202484804,-0.020149099320555468,1.808716054477592,2.0333932151997844,3.6428710984284316
2018-02-05,1000,-0.008244214426341668,-0.028383927369650685,-0.036400541598943806,1.7938046114881119,1.9756775298656133,3.5102686174704973
2018-02-06,1000,-0.017206926028094403,0.02913041915527911,0.01134610268959281,1.7629387482293815,2.033229844426265,3.550096485672373
2018-02-07,1000,-0.0031369358689694537,0.0002694885463551638,-0.00300239463886334,1.7574085224352647,2.0337777765814455,3.5394376950163426
2018-02-08,1000,0.0015404419844102862,-0.03389420127804486,-0.0324004288373569,1.7601157083069845,1.9648445032671795,3.424758395854707
2018-02-09,1000,0.009639481830460414,0.001822896121686251,0.01145807530234413,1.7770823116967176,1.9684262106919017,3.4639995354467454
2018-02-12,1000,0.006599663007750018,0.005246495634351251,0.011887654347733357,1.7888104560909495,1.9787535502128393,3.5051783645848453
2018-02-13,1000,-0.004210248402418942,0.007127591022503426,0.00287680539141511,1.7812791197259623,1.9928572962530833,3.5152620806019548
2018-02-14,1000,-0.0061798268742393365,0.022706801338059843,0.016365823933822556,1.7702711231513584,2.038108710974205,3.5727922408943287
2018-02-15,1000,0.006854666110635962,0.003941544002313434,0.0107776174783672,1.7824057406258613,2.046142006140008,3.611298428996366
2018-02-16,1000,-0.0027868745084796832,0.0049795560965340685,0.002176616550083029,1.7774383995035432,2.056330885041057,3.619158840924208
2018-02-20,1000,-0.004648444754358221,-0.00163721566140367,-0.00628687343344356,1.769176075299176,2.0529642279110396,3.5964056473557893
2018-02-21,1000,0.001314254970591842,-0.004753250579819668,-0.0034511853325361256,1.77150122374999,2.0432059745043722,3.5839937849357852
2018-02-22,1000,0.004464605378887057,-0.004566279898251525,-0.00011471880294558389,1.7794102776422493,2.0338761241350056,3.583582633459013
2018-02-23,1000,0.005202835136282909,0.008282290592896525,0.01352922590327578,1.7886682559566294,2.050721277225046,3.632065732450136
2018-02-26,1000,0.0035490760822815375,0.0032254022711692585,0.006781935838950091,1.7950163756829813,2.057335678290143,3.656698169210462
2018-02-27,1000,0.00042758568669519823,-0.014281716277006655,-0.013875962852431119,1.7957838989926067,2.0279533938462397,3.605957961251945
2018-02-28,1000,0.0037995158796137953,-0.01515247521042027,-0.011403767634823578,1.802607008433184,1.997224880318097,3.5648364545608855
2018-03-01,1000,2.697195663499996e-05,-0.007816067849972658,-0.007758717416711853,1.8026556282712454,1.9816144351418772,3.5371778958731546
2018-03-02,1000,-0.007263672409770406,0.016150210937730343,0.008732655630032945,1.7895617283198542,2.0136179262666696,3.568066852339979
2018-03-05,1000,-0.004840360463618676,0.015592033537252449,0.010669476419445833,1.7808996044828895,2.045014324504232,3.606136257484027
2018-03-06,1000,0.0035650123844932643,0.004465270943812224,0.008060571559712,1.78724853362841,2.0541458675471205,3.635203776841549
2018-03-07,1000,-0.007982853671142208,0.009998825990965916,0.0019390846933873486,1.772981190110491,2.0746849146367863,3.6422527448425663
2018-03-08,1000,0.0030084566244286395,-0.001984895075359266,0.0010234104678855122,1.7783151271168662,2.070566882766802,3.6459802644283226
2018-03-09,1000,0.006096073026668399,0.009785927340266646,0.015926589662208942,1.7891558659961997,2.0908292998347204,3.7040482960163845
2018-03-12,1000,0.001257711911451515,-0.001245650775007863,1.4185491123148152e-05,1.7914061086403064,2.0882248566969723,3.7041008397606072
2018-03-13,1000,0.0036507393653171802,-0.008009010416269972,-0.004399934317682491,1.7979460654403892,2.0715002420681725,3.687803039359588
2018-03-14,1000,0.003913821373946454,-0.009231296479126882,-0.00535031836704661,1.8049829051805126,2.052377609177058,3.6680721190240524
2018-03-15,1000,0.002014254352870845,-0.00531430102734575,-0.003313166454681153,1.8086185998541302,2.041470656740107,3.6559191855259505
2018-03-16,1000,0.001059845843888731,0.0046026094716446544,0.005665367610158593,1.8105354567603653,2.050866748920904,3.6766313116649867
2018-03-19,1000,-0.0032410537878373234,-0.007273131175227335,-0.010485687370477663,1.8046674139602183,2.03595052603309,3.6380793051543585
2018-03-20,1000,0.0016420726762216879,-0.0005402437750512613,0.0010952378164614102,1.80763080901035,2.0348506164350884,3.6420638671886496
2018-03-21,1000,-6.129276457436184e-05,0.001298460365687808,0.0012477462097242444,1.807520014320736,2.0374927893106247,3.6466082385745078
2018-03-22,1000,-0.008618487954783108,-0.014983930518172367,-0.023444454783601857,1.7919419248492832,2.006963138924317,3.5611154966117375
2018-03-23,1000,0.002273190440905686,-0.022111414728334236,-0.019883903165539927,1.7960153501035088,1.9625863446150822,3.4903066209158062
2018-03-26,1000,0.013861378427031378,0.00819885473461881,0.022177350045639435,1.8209105985320508,1.9786773049587278,3.5677123726144693
2018-03-27,1000,0.003163715974471066,-0.016582842490919337,-0.013493073286654798,1.8266714424807104,1.9458652108702406,3.519572968105077
2018-03-28,1000,0.0013513363173547762,-0.00199461489897695,-0.0006242123033725377,1.8291398899408093,1.941983959129238,3.5173760073557685
2018-03-29,1000,0.0052173690667054245,0.007367985750866085,0.012634931005102379,1.8386831878212635,1.9562924692685129,3.561817810527711
2018-04-02,1000,-0.0027183216045740476,-0.020270263190255655,-0.022914323380338664,1.833685055587842,1.916637906039325,3.4802011653954295
2018-04-03,1000,0.005027521632034999,0.007687626978139667,0.012734631867584115,1.842903946871149,1.931372303313118,3.5245202460618774
2018-04-04,1000,-0.014103542462619844,0.025977631415576626,0.011451774552496189,1.8169124728019221,1.9815447811348395,3.5648822573254866
2018-04-05,1000,0.005375439121273104,0.0025253228328788436,0.007904326169710946,1.8266791751881506,1.986548821415011,3.5930602494440027
2018-04-06,1000,-0.00730112537524556,-0.012804462617568789,-0.019998211958687576,1.813342361509752,1.9611121312932274,3.5212054689952867
2018-04-09,1000,0.005404125835414975,-0.005708782030077428,-0.00030666865030688485,1.8231418918140392,1.9499165695991338,3.5201256256666564
2018-04-10,1000,0.012297030401693066,0.003249407669014018,0.015601900674095141,1.8455611230842768,1.9562526434543266,3.5750462760386443
2018-04-11,1000,-0.005857261022256401,0.0034626796146843227,-0.0024090217610347377,1.8347511898538436,1.9630265196039882,3.566433911762961
2018-04-12,1000,0.004593408292042313,0.0011912569619191074,0.005800865600279079,1.8431789511831527,1.9653649886118982,3.5871223155573753
2018-04-13,1000,0.005311824323614172,-0.008688097072666243,-0.0034324694475492946,1.8529695939688209,1.9482897068076184,3.574809627804602
2018-04-16,1000,0.006059859065843372,0.003978237465677945,0.010057981339495913,1.864198328561565,1.9560404659132353,3.610764996333311
2018-04-17,1000,0.006092065386922039,0.002747222365600739,0.008855319192020279,1.875555146673353,1.961414144029212,3.6427394729032163
2018-04-18,1000,0.003137664578501023,-0.0006106545564186303,0.0025180162692628764,1.8814400096220953,1.9602163975451368,3.6519119501606725
2018-04-19,1000,-0.0016924195890425605,-0.004674709025883673,-0.006343645921882686,1.8782558236942026,1.9510529562588474,3.628745513810961
2018-04-20,1000,-0.0003203544766069064,-0.006385582635723803,-0.006711155838773223,1.877654116032869,1.9385943463799835,3.6043924371685265
2018-04-23,1000,0.002129377652732611,-0.0014120896672707892,0.0007116352213933627,1.881652350747111,1.9358568773344307,3.6069574497785397
2018-04-24,1000,0.004868780441831351,-0.013384874823194658,-0.008613916084746166,1.8908137029107543,1.909945675355689,3.5758874209848974
2018-04-25,1000,-0.0012139818474670068,0.0017631685273881525,0.0005413082652157328,1.8885182893984789,1.9133132314594974,3.5778230784013574
2018-04-26,1000,0.003406011691517817,0.002984666422825349,0.006404613030283033,1.8949506047718152,1.9190238332177818,3.600737650709334
2018-04-27,1000,0.0004598634324068509,0.0004941640253207602,0.0009445096180894229,1.895822023261167,1.919972145759891,3.6041385820526455
2018-04-30,1000,0.0020899186694486715,-0.011411283370572213,-0.009350649882598606,1.8997841371015327,1.8980627995410195,3.570437544043506
2018-05-01,1000,-0.0022108810325830995,0.004685200177596833,0.002430056525236719,1.8955839403868129,1.906955603706519,3.5791139090953585
2018-05-02,1000,-0.0011698318873457998,-0.0035257928500750085,-0.00468776840565546,1.893366425848208,1.90023207327356,3.5623358519920596
2018-05-03,1000,-0.003563215636759347,0.0007542134739949084,-0.0028316585381735937,1.8866199529935104,1.90166525390694,3.5522485332609244
2018-05-04,1000,-0.0033472845625808823,0.01494218176680969,0.01151528358339433,1.880304899149398,1.9300802817904437,3.5931536824801205
2018-05-07,1000,0.0026827783204908177,0.0022672051773674536,0.0049559022868627,1.8853493403687487,1.934456169798054,3.6109610010321727
2018-05-08,1000,-0.0005798046173749348,0.002647055380292411,0.002065271321060395,1.884256206115838,1.9395767824102579,3.6184186152290723
2018-05-09,1000,0.0034045508901413266,0.003132131024718083,0.006565369088048836,1.8906712522596238,1.945651791025268,3.642174868953118
2018-05-10,1000,0.0029484388584930334,0.004665198964225014,0.007631421648530919,1.8962457808484219,1.9547286437455016,3.6699698410957824
2018-05-11,1000,-8.162915652728786e-05,0.0005499407451491345,0.0004639815448043961,1.8960909919047628,1.9558036286724072,3.67167263937204
2018-05-14,1000,0.0024148133523546724,-0.0038065326393110013,-0.0014007988075032019,1.9006696977492938,1.948358798323783,3.6665293647172654
2018-05-15,1000,-0.0045154577514631995,0.0014409269991661,-0.0030789273130604118,1.8920873040296204,1.9511662411203508,3.6552403873120998
2018-05-16,1000,0.0013943534830197955,0.005349626942376862,0.006758462415652296,1.8947255425521718,1.9616042526129045,3.679944192089923
2018-05-17,1000,-0.00011751737340476987,0.0024757904230200676,0.0023563481901306867,1.894502879383088,1.966460773635279,3.688615421926736
2018-05-18,1000,1.3499722726989738e-05,-0.001044754228246933,-0.0010244182346931469,1.8945284546466652,1.964406305427342,3.684836737027744
2018-05-21,1000,0.005265354821763001,0.002026006285843474,0.00729779371561045,1.904503819180306,1.9683862049500884,3.7117279154102754
2018-05-22,1000,0.0018254486445007734,-0.007637374926775772,-0.005832851143682255,1.9079803930954755,1.9533529015021913,3.6900779589938373
2018-05-23,1000,-0.0036048259045449024,0.005285566389753748,0.0016686267691664288,1.9011024559490812,1.9636774779456994,3.696235321856525
2018-05-24,1000,-0.0013680055113458316,0.0017762633598820171,0.0004003464826663956,1.8985017373117097,1.9671654863004,3.6977150966667374
2018-05-25,1000,-0.002103915796722022,0.0010622669761051764,-0.0010159336814328447,1.8945074495164755,1.9692551412330306,3.693958463355691
2018-05-29,1000,-0.006312804582358035,-0.0007156156574497085,-0.007031580718924074,1.8825477942078566,1.967845911420451,3.6679840962482526
2018-05-30,1000,0.005463290450748202,0.007822387043892149,0.013319479793478906,1.8928326995950293,1.9832391637823221,3.716839736301033
2018-05-31,1000,-0.00016281763316469523,-0.009387434383111534,-0.009535765317669687,1.8925245130549044,1.9646216362662987,3.681396824852277
2018-06-01,1000,0.006607232992612443,0.001312025855476787,0.007931054922893203,1.9050288634568884,1.9671992706493093,3.710594185263145
2018-06-04,1000,0.0033417639193429175,0.0021072044678897457,0.005460020388936779,1.9113950201780954,1.9713445617416512,3.7308541051697524
2018-06-05,1000,6.8051206019629e-05,0.002902222721113957,0.002968081599626359,1.9115250929143983,1.9770658427198822,3.7419275845901967
2018-06-06,1000,0.0020255342083845074,0.00553777491970281,0.007581588997782442,1.9153969523802818,1.9880143883582972,3.770297341596024
2018-06-07,1000,0.0016658752983677296,-0.002180966544145942,-0.0005148375235379962,1.918587764849821,1.9836785954880072,3.768356251049675
2018-06-08,1000,-0.0011474315752776532,0.005663182685815439,0.004503564440957209,1.9163863166684911,1.9949125297641974,3.785327286262761
2018-06-11,1000,0.0009124145290345928,0.00025556102099743016,0.001171766782977036,1.9181348553870627,1.9954223516471044,3.789762807039501
2018-06-12,1000,0.001650058957859466,0.0017587956647287448,0.003410729034507572,1.9212998909875765,1.998931891828484,3.8026886610793675
2018-06-13,1000,0.0009950389013540875,-0.007049501358426063,-0.0060688774557878765,1.9232116591202764,1.9848404187416377,3.779610609592763
2018-06-14,1000,0.0036255304929677826,-0.0004946046979871442,0.003132309628859748,1.930184321634848,1.9838587073457734,3.791449520298531
2018-06-15,1000,-0.003335265245300639,0.0032798997888281514,-4.185372194468806e-05,1.9237466449498752,1.9903655651010617,3.791290834024541
2018-06-18,1000,-0.005507858262406054,0.00609571092872319,0.000556896695430577,1.9131509210967121,2.0024982582284023,3.7934021913614253
2018-06-19,1000,-0.007920233256329895,0.005176716598328752,-0.002832676535085406,1.897998319547064,2.0128646241998975,3.782656709985814
2018-06-20,1000,0.0034502961594202065,0.0008542390744823338,0.004307113513167661,1.9045469758595834,2.0145840918135325,3.798949041817068
2018-06-21,1000,9.561410575775597e-05,-0.006965153199376835,-0.0068614465323849055,1.9047290774155539,2.0005522049810236,3.7728827560873857
2018-06-22,1000,0.006310537998209808,-0.005675050022318045,0.0005839943510574599,1.9167489426348798,1.9891989711454976,3.775086098304143
2018-06-25,1000,-0.0035119196494502675,-0.009673721577002484,-0.013126970356705677,1.9100174743601772,1.9699560141373762,3.725530654997693
2018-06-26,1000,0.0018624857173307654,0.0008853361259583735,0.002751657039879597,1.9135748546260254,1.971700087363241,3.7357820376518047
2018-06-27,1000,0.0019753024351602502,-0.013556634213147692,-0.011613399993008817,1.9173547436962297,1.9449704705008264,3.6923969065618567
2018-06-28,1000,-0.0007199467178606263,0.004695670400696736,0.003972996433849209,1.9159743504415312,1.9541034107693862,3.707066786303983
2018-06-29,1000,0.0041609852601856845,-0.0035332134580158907,0.0005878371746106032,1.923946691472612,1.947199146300101,3.7092459379697367
2018-07-02,1000,-0.005897167216637301,0.008429068746454,0.0024542947708449817,1.9126008561171017,1.9636122217673013,3.718349520879074
2018-07-03,1000,0.004159718721204039,-0.003910127842232774,0.00023258615976581764,1.920556737704483,1.9559342469476204,3.7192143575148022
2018-07-05,1000,0.00533610854798552,0.003741573994304852,0.009090024401936113,1.930805036929439,1.9632525196605697,3.7530221067806426
2018-07-06,1000,-0.0001224468918704329,0.008005294833909878,0.0078805841388606,1.930568615853859,1.9789689349138688,3.782598113268131
2018-07-09,1000,0.0044130584206932095,0.0039536946763365595,0.008391648457692987,1.939088327940779,1.9867931738564732,3.8143403468914094
2018-07-10,1000,0.001722173118827572,-0.001008570128934414,0.000705086003873704,1.9424277737341906,1.984789353608951,3.8170297848840136
2018-07-11,1000,-0.007615507302038408,-0.00029928192247140204,-0.007921867656921005,1.9276352008396356,1.984195342035502,3.7867917800856365
2018-07-12,1000,0.004929661062852182,-0.00012177183827782245,0.00481013582708741,1.937137789032598,1.9839537229212003,3.8050067628967463
2018-07-13,1000,-0.0005303286868665063,0.000998768875196657,0.0004656748464659385,1.9361104692926607,1.9859352341494845,3.80677865883686
2018-07-16,1000,0.00039284323682479326,-0.003977856707018213,-0.00360192546570952,1.936871057196268,1.9780354683586192,3.7930669258432763
2018-07-17,1000,-0.0019369842960848458,0.0073707536777984,0.005393313154219982,1.9331193683749377,1.9926150805618394,3.813524123589264
2018-07-18,1000,0.00034480036631527345,0.002919895177591947,0.0032792781884404616,1.9337859086412847,1.998433307726369,3.826029730068842
2018-07-19,1000,-0.0025433583797721438,0.004600934183945915,0.0020456176830204943,1.9288675980458567,2.0076279678462234,3.833856324140433
2018-07-20,1000,-0.001704469731448277,-0.0020330266516280005,-0.0037549674267655588,1.925579901609016,2.0035464066810382,3.8194603185243867
2018-07-23,1000,-0.0008275162504919416,0.0005558518706482982,-0.00027020715818051123,1.923986452948814,2.0046600816991225,3.818428273005935
2018-07-24,1000,0.0040978369114169355,-0.0085975005767825,-0.004572234805490672,1.9318706356527737,1.9874250154904614,3.800969522353828
2018-07-25,1000,-0.0012053014570818923,0.006075270308612633,0.004859568173166669,1.9295421491607279,1.9994991596776646,3.8194405928718353
2018-07-26,1000,0.00019724852845962748,0.004868232443279926,0.005070963990286393,1.9299227485102506,2.0092331863571182,3.8388088385813264
2018-07-27,1000,0.0014198307664298837,-0.010991936983477432,-0.009609707493674222,1.9326629122054184,1.987147821787569,3.801919008518429
2018-07-30,1000,0.0004526719580752501,-0.0060623117278723855,-0.005606999698224645,1.933537774510186,1.9751011122425302,3.7806016497849915
2018-07-31,1000,0.0035078513303971877,0.005126116354057473,0.008678444180525977,1.9403203375648748,1.9852257103549136,3.8134113901714546
2018-08-01,1000,-0.001254834151269868,-0.002794598418895959,-0.004047567971528394,1.9378855573408948,1.979677801723604,3.797976348366335
2018-08-02,1000,-0.004995443867239487,0.011617471490399697,0.006589191427888337,1.9282049588180643,2.002676652145305,3.8230019415643133
2018-08-03,1000,0.0004476988481024016,0.0022806446859277895,0.0026888655497526236,1.9290682139570323,2.0072440460096517,3.833281479781623
2018-08-06,1000,-0.00017909665169420897,0.004755142631093329,0.004575832543354282,1.9287227242990228,2.01678877774384,3.8508219339246446
2018-08-07,999,0.0031204965076537788,0.0008828886974761375,0.003971003936653728,1.9347412968244302,2.018569377760907,3.866113562983612
2018-08-08,1000,-0.00022380143632979966,-0.0017120379222638196,-0.0019504805639310864,1.9343082989432743,2.01511351043746,3.858572783621062
2018-08-09,1000,0.00043452790875934646,-0.0004767668419015549,-2.2180639680917768e-05,1.93514880988331,2.0141527711330154,3.858487198008466
2018-08-10,1000,-0.005225107653649986,-0.00039416407087208247,-0.0056171208648766804,1.925037449025837,2.013358864477387,3.836813609061673
2018-08-13,1000,6.261304552172176e-05,-0.006035083185643227,-0.005975971184074064,1.9251579814832638,2.001208076247714,3.813884921495257
2018-08-14,1000,0.00286170956762216,0.0062910295731985685,0.0091678996856576,1.9306672244980587,2.013797735437512,3.8488502358681678
2018-08-15,1000,-0.005408656505875865,-0.003073371244950365,-0.008446203221298184,1.920224908653596,2.007608587384272,3.8163420646076838
2018-08-16,1000,0.004806799478766116,0.003505010507940094,0.008309246535277925,1.929455044743626,2.014645276578885,3.8480529916854604
2018-08-17,1000,-0.001014237539755392,0.006440282104513395,0.005420776826443707,1.9274981190059768,2.0276201605005784,3.868912428169716
2018-08-20,1000,0.0020446392225096526,0.002078759069399276,0.00411880722463086,1.9314391572614102,2.0318350942985157,3.884847732630325
2018-08-21,1000,0.0020371362150810157,0.00462001239158101,0.006673168817861901,1.935373761915893,2.041222197611824,3.910771977381855
2018-08-22,1000,-0.0005853292152952573,-0.0005932180976846235,-0.001195696858636409,1.9342409311105278,2.0400113076628053,3.9060958796136562
2018-08-23,1000,-0.0005398410607632872,-0.002319763351760127,-0.0028488969392004367,1.9331967484345052,2.035278964194113,3.8949678150180014
2018-08-24,1000,0.0023052037695346942,0.002780846148608472,0.0051003153573719665,1.9376531608662488,2.040938761863036,3.914833379181407
2018-08-27,1000,0.004068136102881334,0.001285634422183656,0.005354674699031742,1.945535797644831,2.043562662988856,3.935796038427835
2018-08-28,1000,0.0020800262975666185,-0.001981614673081857,8.880179883415629e-05,1.9495825632667896,2.0395131092305148,3.9361455441958912
2018-08-29,1000,0.0010503718319715106,0.0021966650192951115,0.0032385911373878176,1.9516303498753478,2.043993236333955,3.9488931102707925
2018-08-30,1000,-0.0017613229316151412,-0.003511446337257824,-0.00525483508695857,1.9481928985860764,2.03681586377085,3.9281423282002925
2018-08-31,1000,-0.0020201613945498493,0.0037698917176327198,0.0017424716220062445,1.9442572345032165,2.044494439026023,3.934987004734383
2018-09-04,1000,-0.0017117296262016749,-0.0006703375108069286,-0.0023792964371795867,1.9409291917939604,2.043123937712908,3.9256245041736704
2018-09-05,1000,-0.0019140508419413069,0.0012798974512587245,-0.0006325341103084303,1.9372141546402588,2.0457389268333923,3.923141412770518
2018-09-06,1000,0.0004322108366609769,-0.0041929249126037875,-0.0037555438943849594,1.9380514395908275,2.037161297122389,3.908407882990979
2018-09-07,1000,-0.002955468744706155,3.466747837048656e-05,-0.002922510131089374,1.932323589135484,2.0372319203675944,3.8969855213565086
2018-09-10,1000,0.0042728576135703305,-0.0003998793241416686,0.0038804733600883764,1.9405801326952032,2.036417273444158,3.9121076698567823
2018-09-11,1000,-0.002653420883184497,0.0033495857767713703,0.0006808714163083172,1.9354309568456167,2.0432384277788582,3.914771312146708
2018-09-12,1000,-0.0004260496156645881,0.001300418084961791,0.0008738536349594371,1.9346063672303073,2.0458954919822308,3.9181922492878627
2018-09-13,1000,0.00347662535667851,-0.0004149533553372711,0.0030582090943639976,1.9413322687818118,2.0450465407831633,3.9301749004581015
2018-09-14,1000,0.0006478395680483654,0.002719391386936782,0.0033743407782192564,1.9425899406402576,2.050607822732054,3.9434366498902507
2018-09-17,1000,0.0003694124803597313,-0.006550872255679638,-0.006190771122144522,1.9433075576085512,2.037174552838839,3.9190237361561038
2018-09-18,1000,0.001246360534973334,0.0030248730050882367,0.004270040039879731,1.94572961945567,2.0433367471503736,3.935758124426729
2018-09-19,1000,0.0007590252763448776,-0.002649924494417534,-0.0018971228177176783,1.9472064774177698,2.037922059053756,3.928291507883861
2018-09-20,1000,0.004475378448660581,0.003366148118458402,0.007854539268385752,1.9559209633218977,2.0447820065584046,3.959146427790201
2018-09-21,1000,0.001338903472517702,-0.0025489113009655555,-0.0012165408445860663,1.9585397526916597,2.039570038593877,3.954329964451097
2018-09-24,1000,-0.0018192238544382212,-0.004818199173686583,-0.006636635832790777,1.9549767304536976,2.029742983919248,3.928086516514343
2018-09-25,1000,0.001752798446965322,-0.003896532415011218,-0.0021411216584298473,1.9584034106306902,2.021834024588265,3.9196760053976476
2018-09-26,1000,0.0007326369634885649,-0.007501233991864652,-0.006784692901996905,1.9598382093587403,2.006667774477115,3.8930822074256985
2018-09-27,1000,0.0011773386703578888,-0.0010432500056028323,0.00013195663400728352,1.9621456026702635,2.0045743183101488,3.893595925449704
2018-09-28,1000,-0.0020702986082482043,0.003938930751107507,0.001867998941362138,1.9580833753598748,2.012470197735421,3.900869158516536
2018-10-01,1000,0.0046613602043720235,-0.009076427866210735,-0.004477874356040943,1.96721070728262,1.9942041571527764,3.8834015565453437
2018-10-02,1000,-0.00045053114132314264,-0.003063850015091267,-0.0035080668099618357,1.9663244175974448,1.988094214715789,3.8697783244350727
2018-10-03,1000,0.0038134314069264963,-0.0007902065139848868,0.0030239331513134556,1.9738228608877173,1.986523209716905,3.8814802753985664
2018-10-04,1000,-0.0024129893265962253,-0.006932490260302809,-0.009327028800995042,1.9690600473918036,1.972751656913677,3.84527759707943
2018-10-05,1000,8.504293381921724e-05,-0.006971438883472516,-0.0068798825049424745,1.9692275020351002,1.9589987393052342,3.8188225390126362
2018-10-08,1000,-0.0028283737669739283,0.0027452699172106285,-8.163445396373359e-05,1.9636577906271404,1.9643767196121023,3.8185107915198797
2018-10-09,1000,-0.0023632031968898737,-0.003795871203359222,-0.00616577025910086,1.9590172682587326,1.9569201985895774,3.794966731247471
2018-10-10,1000,-0.002362254447241897,-0.02554877202055956,-0.027844832998247093,1.9543895710045647,1.9069232905733842,3.6892965163819813
2018-10-11,1000,-0.0028626257609543925,-0.017269784781384544,-0.02009408037878936,1.9487948850716663,1.8739911357505723,3.6151634956406142
2018-10-12,1000,0.015231192557722952,-0.009440269642541717,0.005645097581931893,1.9784773552216983,1.8563001541213537,3.635571446348144
2018-10-15,1000,-0.0013408636931517323,0.002924451412487175,0.001579127391213565,1.9758244867683585,1.861728813729074,3.641312476801786
2018-10-16,1000,0.0064044190074311474,0.01577700428331358,0.022292932555038017,1.9884784946667655,1.891101317197646,3.722488010258947
2018-10-17,1000,-0.0013774376670626762,-0.0019127323209080097,-0.0033164654584220267,1.9857394894880676,1.8874841465861303,3.710142507353533
2018-10-18,1000,-0.0037886614265321807,-0.011719687847055413,-0.015468467131020989,1.9782161948811023,1.865363421571875,3.6527522899271307
2018-10-19,1000,0.0008788812096895613,-0.006563974779380784,-0.005703035320003562,1.979954811923487,1.8531192231182978,3.6319205146024522
2018-10-22,1000,0.002674669054435644,-0.007073736030525201,-0.004425584208366666,1.9852505357881198,1.840010746900867,3.6158471445269846
2018-10-23,1000,-0.015419709134422328,0.008426460142047293,-0.0071756051092471285,1.954638549967311,1.855515524120566,3.58990125328246
2018-10-24,1000,-0.0005778238431628162,-0.029904375546705834,-0.030483285721702138,1.9535091132083746,1.800027491054522,3.4804692676659545
2018-10-25,1000,0.006145674276670504,0.009766635921494158,0.01599176524653217,1.9655147439146607,1.8176077042083318,3.5361281151422386
2018-10-26,1000,-0.01322305370656415,-0.0003003218572006702,-0.013533379091305878,1.9395246368948333,1.8170618368869418,3.488272352844594
2018-10-29,1000,0.012576753791257838,-0.014867743720009466,-0.002539706148866628,1.9639175607251382,1.7900462271726971,3.479413166101153
2018-10-30,1000,0.001002871286778833,0.02047026109271049,0.021388749216230057,1.9658871172563903,1.8266889408109437,3.5538334617305396
2018-10-31,1000,0.009752513824740556,-0.002762941004465528,0.006993427652682075,1.9850594585453125,1.8216419070339736,3.5786869389348333
2018-11-01,1000,0.004157436583024101,0.015139007531016182,0.019373005215655586,1.9933122173577469,1.8492197575833758,3.648016859668016
2018-11-02,1000,0.005590784311226941,-0.006304524477035518,-0.000827078446416503,2.0044563960299273,1.8375613063582736,3.6449996635512205
2018-11-05,1000,0.001763243472909318,0.002174495518498444,0.00395212455822642,2.0079907406869584,1.8415570751839156,3.659405156236268
2018-11-06,1000,-0.0012722410795174533,0.007835562078838487,0.0065352962627971715,2.005436092379366,1.8559867099682432,3.6833204530778794
2018-11-07,1000,0.005943127591671441,0.009380757958421167,0.015478349480654251,2.0173546549533197,1.8733972720685015,3.7403321742998608
2018-11-08,1000,-0.0031327784396628583,0.0010052945153261586,-0.002126282235956802,2.0110347297851283,1.8752805880711387,3.7323791724410693
2018-11-09,1000,-0.006276779879353032,-0.005449548952751517,-0.011700765507288836,1.9984119074565327,1.8650611547063005,3.6887074789600476
2018-11-12,1000,-0.002422276977651918,-0.01470543261452228,-0.0170620445511032,1.9935712003012351,1.837634623573804,3.6257705876180437
2018-11-13,1000,0.003191793609578605,-0.002689024701540512,0.00048539493260489885,1.9999342681185968,1.8326931786786078,3.6275305182880615
2018-11-14,1000,0.007454731092524443,-0.013361395198224026,-0.006013930661792957,2.0148432402901455,1.8082058408411936,3.605714801277539
2018-11-15,1000,-0.006147688510068457,0.01678967528313903,0.010565566194712413,2.002456611652225,1.8385650297539928,3.643811219689691
2018-11-16,1000,-0.00524316982176033,0.007698921638659233,0.002382958637451377,1.9919573915766255,1.852719997845648,3.652494271108892
2018-11-19,1000,-0.002021396079924603,-0.013894300680208077,-0.015881577551351847,1.9879308567139158,1.8269777491193462,3.594486900086408
2018-11-20,1000,-0.013319741238765708,-0.0030815262557548876,-0.016486348362278906,1.9614521321019287,1.821347869216755,3.5352269368679354
2018-11-21,1000,0.00618663459085172,0.003533203317414837,0.009737023415029904,1.9735869197106903,1.8277830615504382,3.5696495243296624
2018-11-23,1000,-0.007822288365774607,0.005936026699816471,-0.0019387306257698915,1.9581489537097925,1.838632830605274,3.56272893547358
2018-11-26,1000,0.009271713704603569,0.005040330431961766,0.014370585801416749,1.976304350199559,1.8479001476145775,3.613927437327993
2018-11-27,1000,-0.004868282093491471,0.00039278206911487446,-0.0044668718646071115,1.9666831431201932,1.8486259696580756,3.5977844865374604
2018-11-28,1000,0.003199576117206473,0.017593977168150098,0.020878708689931177,1.9729756955350333,1.8811506527606892,3.6729015807610295
2018-11-29,1000,-0.0032851734947081474,0.000286138052868521,-0.003007732549583984,1.9664941280743582,1.8816889215456223,3.661854475125156
2018-11-30,1000,-0.0013813831587911607,0.007812848958058147,0.006426091495332747,1.9637776462039744,1.8963902728757096,3.685385887024904
2018-12-03,1000,0.014183035212321402,-0.0033869815754269624,0.010719942554114232,1.9916299737092549,1.8899672339616607,3.7248930120235544
2018-12-04,1000,-0.0026536739112103373,-0.034085891357359226,-0.036631271373997215,1.986344837207238,1.825546016155875,3.5884454452610135
2018-12-06,1000,-0.014972613564030342,0.012642170287852998,-0.002553581132525686,1.9566040635548274,1.8486248797604292,3.579282058676897
2018-12-07,1000,-0.0006981570549752411,-0.02112092752885432,-0.021790432281377038,1.9552380466240633,1.8095802076469722,3.5012879553613505
2018-12-10,1000,-0.0014472201137777961,-0.002971723467629316,-0.004407329083813189,1.9524083867957653,1.8042026356773502,3.485856627124882
2018-12-11,1000,0.012989388687690588,-0.015345836259733339,-0.002600009170623129,1.9777689782089625,1.7765156374508664,3.47679336792688
2018-12-12,1000,0.012025938649073066,-0.0045691834966230865,0.00737588110251707,2.0015535066029435,1.768398411518733,3.5024377824267283
2018-12-13,1000,0.0028279876891100643,-0.012048393436417138,-0.009273139031919099,2.0072138752787114,1.7470920517044202,3.469959189919639
2018-12-14,1000,-0.008834238863294703,-0.006268901576756914,-0.015040034019407648,1.9894816684547798,1.7361397035867507,3.417770885657291
2018-12-17,1000,-0.003510167260978938,-0.017506318390347712,-0.020976943215207433,1.982498255035852,1.7057462891656372,3.346076499866269
2018-12-18,1000,0.00748943357729013,-0.007127751300764071,0.0002908093601605598,1.9973460440340367,1.6935881538342634,3.3470495702322434
2018-12-19,1000,0.0013980466742800166,-0.018438015227149794,-0.01706691132913138,2.000138427028285,1.6623617496653467,3.2899257720028823
2018-12-20,1000,-0.003936361993820262,-0.010826103307912454,-0.014706253572164282,1.9922651581417512,1.6443648496283476,3.2415432893662097
2018-12-21,1000,2.0504584325914842e-05,-0.019887064321602595,-0.01985937169523606,1.992306008710686,1.6116632600956062,3.177168276316488
2018-12-24,1000,-0.007323780876072329,-0.018436445434449552,-0.025670536510687993,1.9777147960648067,1.5819499183421466,3.095608662078706
2018-12-26,1000,0.005150971059326656,0.04230580059300464,0.04769621697654239,1.9879019477429387,1.6488755761356493,3.243257484499676
2018-12-27,1000,-0.013989484364793782,0.02066063675287536,0.006358485074243377,1.9600922245262458,1.6829423954648761,3.2638796888067954
2018-12-28,1000,0.004123653541159045,-0.004321283320061712,-0.00023608412436497704,1.9681749657689118,1.675669924562729,3.263109138628431
2018-12-31,1000,0.005203452923098298,0.003809206648112894,0.00903645637445088,1.9784162715477107,1.682052897579416,3.292596082004719
2019-01-02,1000,-0.015021655719589369,0.014365769055533295,-0.0009461967742709152,1.9486971834464875,1.7062168810452323,3.2894806382129493
2019-01-03,1000,-0.006439793435415904,-0.012175812713911714,-0.018481235144588215,1.9361479761169154,1.685442303852311,3.2286869730345655
2019-01-04,1000,0.013799099825654294,0.019720080408672364,0.03381491240905016,1.9628650753165913,1.7186793616084566,3.3378647402239703
2019-01-07,1000,0.00055717144629902,0.010020018981283343,0.010599067700156256,1.9639587276894954,1.7359005614345133,3.3732429945795683
2019-01-08,1000,0.008984841417554871,0.004726649268149372,0.013742001209757984,1.9816045854084083,1.744105554552798,3.4195981038918886
2019-01-09,1000,0.004488988293467801,0.003922841037864916,0.008407450785277614,1.9904999851945888,1.7509474033965657,3.4483482066557882
2019-01-10,1000,-0.0062280166486245285,0.012587330653193384,0.006264779989657663,1.9781031181477102,1.7729871573194687,3.469951349498217
2019-01-11,1000,-0.004140714236955627,0.005656162671412967,0.0014745991375341796,1.9699123584042297,1.7830154610955935,3.475068136765473
2019-01-14,1000,-0.008114460881755681,0.0015218000687513657,-0.006568959216925444,1.9539275816314714,1.7857288541468734,3.4522405558990235
2019-01-15,1000,0.0007454522844436477,0.006253395457181151,0.0069743371729976454,1.9553841414108362,1.7968957228511526,3.4763176455381597
2019-01-16,1000,0.00145681317559715,0.0037501913881494635,0.005208273782220054,1.9582327707913973,1.8036344257163917,3.4944232595900853
2019-01-17,1000,-0.0037230085722069254,0.013139001829752701,0.009308677785488011,1.9509422533993643,1.8273323817360845,3.526951719759724
2019-01-18,1000,0.006917719665375578,0.007612658414683776,0.014576969791048935,1.9644383249917172,1.841243238968332,3.57836398843315
2019-01-22,1000,-0.005740829309014267,-0.008568832975661378,-0.014267409009908624,1.9531608198798538,1.8254659331860466,3.5273100058238462
2019-01-23,1000,0.0038190726300101115,-0.004771171298004832,-0.0009819495245318502,1.960620082909065,1.8167563225201435,3.523846365440751
2019-01-24,1000,0.0002471215964905947,0.006267528823235319,0.0065339865365247815,1.9611045944740648,1.8281428951363334,3.5468711301493228
2019-01-25,1000,0.007280381844472806,0.003891855377384004,0.01122044632462688,1.9753821847587862,1.835257762893396,3.5866686072855316
2019-01-28,1000,-0.008679601389106603,0.004976030370063475,-0.0037687739370045915,1.9582366548039374,1.844390061258448,3.573151264117721
2019-01-29,1000,0.0019318460158761366,-0.0009128183767755181,0.0010058130764594147,1.962019666483663,1.8427064681165892,3.5767451863833384
2019-01-30,1000,0.004789399269469387,0.005935620073292208,0.010767066975466338,1.9714165620410047,1.8536440736179276,3.615256241359304
2019-01-31,1000,-0.0007700312297153759,0.00821228344912978,0.007419886157087663,1.969898509721455,1.8688667241642778,3.642081031098891
2019-02-01,1000,0.001580728643552113,0.0014575038771205788,0.003024736180622569,1.9730123847206622,1.8715906046605688,3.653097365366415
2019-02-04,1000,-0.0003753196018721808,0.0076536499856017706,0.007269336191185478,1.97227187449794,1.8859151040649815,3.6796529582543975
2019-02-05,1000,0.001315119933777607,0.0023245972280178818,0.0036299156495121594,1.974865648554921,1.8902990970881681,3.6930097881123385
2019-02-06,1000,-0.001225255944677489,-0.00031353690720638396,-0.001548430074111251,1.9724459326790897,1.889706418555572,3.6872914206924383
2019-02-07,1000,-0.005161729826699197,-0.000520119080775877,-0.005675218547514148,1.9622646996768287,1.8887235461902168,3.6663652360316346
2019-02-08,1000,-0.003716969243368759,0.005155436441479243,0.0014352874751941314,1.9549710221407817,1.8984607403881257,3.671627524134398
2019-02-11,1000,0.0020927018414844175,0.002641252393449947,0.004739680707156277,1.9590621935988644,1.9034750543625467,3.6890298662744017
2019-02-12,1000,0.006118144909081646,0.006487093280803211,0.01261360077244414,1.9710480199852056,1.9158230745978786,3.73556181624521
2019-02-13,1000,0.0027263808410764243,0.0008386492607409602,0.0035638000080821463,1.976421847543735,1.9174297782031007,3.7488746114761367
2019-02-14,1000,-0.00514522169110716,0.003963990392973983,-0.0012383755225483409,1.9662527189829748,1.9250304514231,3.7442320969201814
2019-02-15,1000,0.006397264953642638,0.005085761295507361,0.011507632058617368,1.978831358592129,1.9348206967856205,3.7873193422336042
2019-02-19,1000,-0.0031740470332898268,0.005698772655067627,0.0024323055240404183,1.972550454789009,1.9458468000649214,3.7965312599910246
2019-02-20,1000,-0.00018919954420497663,0.003642247834899148,0.003457574973035119,1.9721772491420415,1.9529340563595035,3.8096580514599157
2019-02-21,1000,-0.0015149222545801644,-0.0016791967778670878,-0.0031860910703760768,1.9691895539373396,1.9496546957846776,3.797520133960973
2019-02-22,1000,0.0026496866800032634,0.00427508569618815,0.0069524680741546805,1.974407289268809,1.9579896366871328,3.823922271453296
2019-02-25,1000,0.005443261987859487,-0.0060116964407662355,-0.0006212867545464106,1.9851545054150386,1.9462187973572036,3.821546519195627
2019-02-26,1000,-0.0010865004338484682,-0.003876294203324736,-0.004956295980215947,1.9829976341836488,1.9386746807146062,3.8026058035443295
2019-02-27,1000,-0.0010599694818191699,0.0030554840200582973,0.001995971539514152,1.9808957172088946,1.9445982702216214,3.8101956965041954
2019-02-28,1000,-0.0010013242357463548,-0.0014472530757134222,-0.002465298089460898,1.978912198318767,1.941783944394016,3.800802428333131
2019-03-01,1000,0.006760472231155301,-0.00018438874676960382,0.0065969284595177105,1.9922905792833956,1.9414259012860118,3.825876050041606
2019-03-04,1000,0.003084702873555589,-0.009348145342940825,-0.00629830513485125,1.998436203758269,1.9232771697882403,3.8017795152703244
2019-03-05,1000,0.000273836480539648,-0.0032929730277498456,-0.0030283267561204627,1.9989834484948892,1.9169438699432404,3.790266484643361
2019-03-06,1000,-0.00010913966916842178,-0.0112034463691692,-0.01130421410815244,1.9987652801026474,1.8954674921036236,3.7474205007739982
2019-03-07,1000,-0.0013000828596877617,-0.006254006130601081,-0.007555467562938421,1.996166719621447,1.8836132267876524,3.7191069867357096
2019-03-08,1000,-0.007597098923857135,0.005155945737950229,-0.0025081428987311664,1.9810016435839715,1.8933250343762549,3.709778934957307
2019-03-11,1000,0.0024225361981872274,0.012053274228799973,0.014495585865148814,1.9858006917742221,1.916145800219844,3.7635543540497007
2019-03-12,1000,0.0019383804474768147,6.814678520321382e-05,0.0020153246308433634,1.9896499290077434,1.9162763793961097,3.771139137838935
2019-03-13,1000,0.0039029483054083053,0.0017723436596507156,0.005684312547357223,1.9974154298265199,1.9196726796872707,3.7925754713579827
2019-03-14,1000,7.30359992231827e-05,-0.001772956349233791,-0.0016889488463400478,1.997561313058301,1.9162691838213686,3.786170005390975
2019-03-15,1000,0.001151035672730571,0.002113067863249221,0.0032684773958347913,1.9998605773880977,1.9203183906510364,3.7985450164703827
2019-03-18,1000,0.0015528863969568984,0.004100071958738277,0.005655673273695729,2.0029661336745344,1.9281918342363942,3.820028345998964
2019-03-19,1000,0.0037055643425833312,-0.007254931958964671,-0.003583225463749408,2.010388253558881,1.9142029336751778,3.8063403231573356
2019-03-20,1000,-0.0011198252472804792,-0.006053942285195179,-0.007163375395565462,2.0081369700357095,1.902614459592557,3.779074078539282
2019-03-21,1000,-0.0028283676855067655,0.016220895187049066,0.013361021779233517,2.002457220321589,1.9334765693229718,3.829566369607982
2019-03-22,1000,-0.0051507650399328885,-0.019923821318190336,-0.024934862430802725,1.9921430336771957,1.8949543276328733,3.7340766590121786
2019-03-25,1000,-0.001211777168405627,0.002463754121756575,0.0012408469891086998,1.9897290002327874,1.899623029168119,3.738710076791615
2019-03-26,1000,0.006044859853398741,0.0032171313903582755,0.009264544397978445,2.0017566331854377,1.9057343660451032,3.77334752228922
2019-03-27,1000,1.8917236669677927e-05,-0.0030573688123131954,-0.0030443498358264185,2.0017945008894227,1.8999078332298034,3.7618601323792227
2019-03-28,1000,0.0025637521789696693,0.004748562508479913,0.007316419540208268,2.0069266059029274,1.908929664336246,3.789383479359292
2019-03-29,1000,0.006003540471396316,-0.0008807407219602606,0.005121639458203117,2.0189752710045874,1.907248392245507,3.8087913353094422
2019-04-01,1000,0.007417333618664335,0.005286701615673984,0.012759029423706757,2.0339506841574617,1.9173314454022827,3.857387816025415
2019-04-02,1000,0.0004590982236163247,-0.0022244882539973116,-0.0017689176648715552,2.0348844673034816,1.9130663641229655,3.8505644145773874
2019-04-03,1000,0.0057694390931217615,-0.0016479226193447407,0.004108942296957195,2.0466246092991285,1.9099137787892195,3.8663861615676023
2019-04-04,1000,0.000931999805349577,0.0025503683545276576,0.003478922830640338,2.048532063036619,1.9147847624505199,3.879837020657152
2019-04-05,1000,0.0020610934641842956,0.005049446800013113,0.00713818459110503,2.0527542790829156,1.9244533662419894,3.9075320134940057
2019-04-08,1000,-0.001817351098343581,0.0017250969078880236,-9.794056770320614e-05,2.049023703839195,1.927773234793468,3.9071493075902857
2019-04-09,1000,-0.004145191145009093,-0.005623663044136094,-0.009740324321653553,2.040530108926127,1.9169320876954852,3.8690924061612324
2019-04-10,1000,0.002035687735055967,0.0062168987226755654,0.008262616012049678,2.0446839910418806,1.9288494603429351,3.90106123102848
2019-04-11,1000,0.0015780031648060374,6.830313343512184e-05,0.0016449816936102827,2.047910508850773,1.9289812068050014,3.907478405339175
2019-04-12,1000,0.005942494807398945,0.0013910811055495391,0.007340811146436055,2.0600802064156363,1.931664576114748,3.936162466371547
2019-04-15,1000,0.000517520794399964,-0.002562896432157686,-0.0020496076191156495,2.061146340760588,1.926713919864498,3.928094877790395
2019-04-16,1000,0.002702082640986558,-0.0023015646156210514,0.0003809100074222802,2.0667157285084903,1.9222794632821134,3.9295911284394496
2019-04-17,1000,0.003945192205920646,-0.010583947378459113,-0.006677922412112259,2.0748693192924557,1.9019341585960428,3.903349623772406
2019-04-18,1000,0.0009768743908787443,0.0006908295306042836,0.0016513311298362678,2.0768962059948923,1.903248070878066,3.909795346516776
2019-04-22,1000,-0.0022219538596483213,-0.0004542271865752795,-0.0026695934814179785,2.072281438453893,1.9023835638614761,3.8993577823460366
2019-04-23,1000,0.0018485840576072006,0.009674533377444033,0.011539600388439642,2.0761122248838944,1.9207882371467548,3.944354812925862
2019-04-24,1000,0.00040025535894471376,0.0008326998074235442,0.0012346281712800665,2.0769431999276744,1.9223876771419284,3.9492246244954243
2019-04-25,1000,-0.0033143037500051094,-0.0032894065473460235,-0.006602288198534148,2.0700595792916068,1.9160641625302004,3.9231507053637578
2019-04-26,1000,0.0005563488542553567,0.007404970841795332,0.007962047336668214,2.071211254566786,1.9302525617847457,3.954387016988747
2019-04-29,1000,0.00087161134660474,0.0002773215863869758,0.0011575964476260273,2.073016545797482,1.9307878624873074,3.9589646013521516
2019-04-30,1000,0.000466368432369632,0.0007134619691757198,0.0011508709328827056,2.0739833352742214,1.9321654061977382,3.9635208586361594
2019-05-01,1000,0.0018114474866961622,-0.011787177521797516,-0.010034250411105543,2.077740247174354,1.9093906295534095,3.923749897830964
2019-05-02,1000,-0.001236444734408928,0.0031952486866824036,0.001899959719043517,2.0751712361862653,1.9154916074548538,3.9312048645844437
2019-05-03,1000,0.00419710073039935,0.008457329940989876,0.012678003320761364,2.0838809388973663,1.9316915519782965,3.981044692912239
2019-05-06,1000,-0.01613771245809732,0.012932093399172315,-0.003458700190316345,2.0502518675085306,1.956672367546872,3.9672754528752057
2019-05-07,1000,-0.008614269396506911,-0.008123602773013622,-0.016690975587042408,2.032590445591121,1.940777138475989,3.901057755144193
2019-05-08,1000,-0.0016111940432940125,-0.0014014828887462822,-0.0029941983552323765,2.029315547972728,1.9380571725255449,3.889377214430074
2019-05-09,1000,-0.00810525284357565,0.0064907695456143015,-0.0016792537431018317,2.0128674323570097,1.950636654998633,3.882845963184407
2019-05-10,1000,-0.0037120198169137693,0.006742053393721436,0.00300604686960557,2.00539562855928,1.963787951478384,3.894517980137198
2019-05-13,1000,-0.017893738403667148,-0.009707475078951016,-0.02737217778182334,1.9695116037859828,1.9447245288790633,3.7879165416103753
2019-05-14,1000,0.0034515142255114105,0.0067993202268329,0.010286686790304323,1.9763094011037599,1.9579473337038886,3.826881652661734
2019-05-15,1000,-0.0067183709100679286,0.010231627341306613,0.003424630722892496,1.9630318215140907,1.9779803211762517,3.839987309142313
2019-05-16,1000,0.002417712240232069,0.004812837397616936,0.007250331239260911,1.9677778675769302,1.987500018837759,3.867828489088153
2019-05-17,1000,-0.008114748939923448,-0.0013211781720862082,-0.009409337924476156,1.9518098442120053,1.9848741771958496,3.831434783800406
2019-05-20,1000,-0.006483420632272256,-0.0002778579907451171,-0.006759554817403024,1.939155439997769,1.9843226640450922,3.805535990350003
2019-05-21,1000,0.00565251438085111,0.006147791037724602,0.011823719871245936,1.950116544009062,1.9965218651350622,3.8505315818598453
2019-05-22,1000,-0.004172226062289683,-0.0025832593856610574,-0.006720199799401719,1.941980216939645,1.9913643312882745,3.824655240295841
2019-05-23,1000,-0.009267017514175788,-0.005764672945146561,-0.014955732637673578,1.9239838522570822,1.979884767203767,3.7674547190906993
2019-05-24,1000,0.0054760613790621636,-0.0016879704374941841,0.003769290748190587,1.9345197059243664,1.976542780247082,3.781655351307595
2019-05-28,1000,0.0014958845226007704,-0.010530254691098974,-0.009042077712329576,1.9374135240111248,1.9557292813632274,3.7474613297398247
2019-05-29,1000,-0.005968801610540373,-0.0016905268069731226,-0.007672775698635687,1.9258494870487244,1.9524230685859005,3.71870789951742
2019-05-30,1000,0.0018470296370844954,-0.0021654710273510173,-0.000312102642399078,1.9294065881278673,1.9481951529977461,3.71754728095567
2019-05-31,1000,-0.011333174322105032,-0.00012068632768613441,-0.011458141352163914,1.9075402869263962,1.9479600324791149,3.674951098727127
2019-06-03,1000,0.0007644465551738628,0.00464427258328168,0.00541237067169439,1.9089984995275926,1.957006889851286,3.694841296273789
2019-06-04,1000,0.009542183577544853,0.015154917975434693,0.0248661647888017,1.9272145136593426,1.9866651687443428,3.786717828815403
2019-06-05,1000,0.0044515660044565876,0.000653339809154747,0.005100453816797841,1.935793636271644,1.9879631361865449,3.8060318082185205
2019-06-06,1000,0.0006253868879518374,0.0026390780876729522,0.00328013925920398,1.9370042562295486,1.9932095261383567,3.818516122574437
2019-06-07,1000,0.003966090352351158,0.0026850309732256946,0.00666278666363783,1.9446865901226436,1.9985613554521664,3.8439580808708116
2019-06-10,1000,0.005148864124515473,-0.0001907122661393086,0.004963836697263419,1.9546995171399524,1.9981802052870496,3.8630388610553807
2019-06-11,1000,0.00739187778305638,-0.0080018619024262,-0.0006910987917313154,1.9691484170732503,1.9821910432281808,3.8603691195660943
2019-06-12,1000,-0.0010327816019010496,-3.667339904468958e-05,-0.0010599908441596242,1.9671147168166845,1.9821183495450698,3.8562771636442776
2019-06-13,1000,0.004601437627321063,0.0026645039354749036,0.007252537548805499,1.976166272491902,1.9873997116880098,3.884244958572209
2019-06-14,1000,-0.0018022237121018377,-0.0034662600376229075,-0.005259200677210238,1.9726047787765613,1.9805108674886023,3.863816934855636
2019-06-17,1000,0.0008903086516711651,-0.0009900846756063088,-9.705114526813663e-05,1.974361005877434,1.97854999402883,3.8634419469970016
2019-06-18,1000,0.006388644063453348,0.0045886429536352085,0.011002358873855776,1.9869744955967465,1.9876288535173454,3.9059489217861705
2019-06-19,1000,0.0014076042262446224,0.002479527447440792,0.0038726461154807395,1.9897713692941885,1.9925572338149669,3.921075279705392
2019-06-20,1000,0.009711947177927754,-0.001716227269970518,0.007966933416143917,2.0090959237289265,1.9891375527533166,3.952314225378492
2019-06-21,1000,-0.0025252908686232366,-0.0021181433775189335,-0.004626630919997038,2.0040223721385457,1.9849242742189779,3.934028326177812
2019-06-24,1000,0.0008067184860679798,-0.008102821940736813,-0.007301623076833664,2.0056390540326436,1.968840786259135,3.9053035341664746
2019-06-25,1000,0.00081658765533523,-0.007904705298104303,-0.007088266436134595,2.007276834125225,1.9532776800648688,3.8776217022023247
2019-06-26,1000,0.0036494630905036427,-0.005446712145643923,-0.0017895969182079572,2.014602316843788,1.9426387388010442,3.8706823223540874
2019-06-27,1000,0.0029641706464575905,0.007669516372106565,0.010653667117551993,2.020573941895662,1.9575378384133673,3.9119192833342407
2019-06-28,1000,0.003148507540787401,0.007532324474118989,0.010700010671362649,2.026935734188439,1.9722826485826623,3.953776861411426
2019-07-01,1000,0.012108388955339932,-0.006713570040922325,0.00527494008080662,2.0514786604454702,1.959041590880907,3.9746327974482507
2019-07-02,1000,-0.00042886097001375875,-0.0011226211241735222,-0.0015458064709041124,2.050598861317189,1.9568423294078496,3.9684887843504875
2019-07-03,1000,0.0029678314300670607,0.00554337937942703,0.008527624872251475,2.0566846930682656,1.967689848825479,4.002330568013166
2019-07-05,1000,-0.00447915883023343,0.00479835675162237,0.0002912255614916938,2.047472475664303,1.9771315266966896,4.003496148980111
2019-07-08,1000,-0.003958305907464642,-0.0031579305580827707,-0.007110509694681141,2.03936795326851,1.9708878826311853,3.9750292508001692
2019-07-09,1000,-0.0043099890420444775,0.004262900735046522,-7.059852264817613e-05,2.030578299737226,1.979289582034748,3.97474861960758
2019-07-10,1000,0.004124108509002214,-0.0035794675375411932,0.0005717965040746755,2.0389526249813676,1.9722047792284612,3.977021366972847
2019-07-11,1000,0.0018432973269300317,-0.002210395859789427,-0.0003730966075082004,2.0427110209047328,1.9678454259497977,3.975537553792842
2019-07-12,1000,0.0015789348328011953,0.006625020516661574,0.008225339708339646,2.0459363284889864,1.9808824422703337,4.00823770069605
2019-07-15,1000,0.0014718537507500927,-0.0036956932479551637,-0.002232417398253549,2.0489476475478687,1.9735617084034422,3.9992896411166803
2019-07-16,1000,-0.0008875919940954978,0.0006798488982454703,-0.000220589032891089,2.0471290180195845,1.97490343215652,3.998407441682495
2019-07-17,1000,-0.000543515788688469,-0.006764448080162143,-0.007293706623243227,2.0460163710768082,1.961544300426363,3.96924423084267
2019-07-18,1000,-0.0015099454845647676,0.005430663170506255,0.003907224994059973,2.042926997895955,1.972196786816005,3.984752961108947
2019-07-19,1000,0.002295885209604543,-0.006278940563544104,-0.00400124597729845,2.047617323774726,1.959813480411975,3.9688089843527816
2019-07-22,1000,0.002124461871635049,-0.002526712177358347,-0.00041243756531400756,2.0519674087067847,1.954861595825667,3.9671720984380787
2019-07-23,1000,0.004018019454865646,0.005875618671371656,0.009929382007843296,2.0602122536757186,1.9663476171180478,4.006563665694327
2019-07-24,1000,-0.0013742181598549418,0.011737523467005531,0.010363261474279524,2.0573810725835617,1.9894276684182615,4.048084732575265
2019-07-25,1000,-0.0012012042170469863,-0.0066653893338507655,-0.007862019065540954,2.0549097377631016,1.9761673584567188,4.016258613228833
2019-07-26,1000,0.002339022970472065,0.004839734579640365,0.007216620004562645,2.0597162188419764,1.985731483956598,4.0452424254805575
2019-07-29,1000,-0.00012204576163191205,-0.0038921360250876954,-0.004005245664347804,2.0594648392073025,1.9780027469117398,4.029040235794666
2019-07-30,1000,-0.006428749870468341,0.010122032530499278,0.0036385116081806626,2.0462250548890144,1.9980241550613975,4.043699945462432
2019-07-31,1000,0.0004732340032122023,-0.00908100597884472,-0.00860810338555786,2.0471933981632127,1.9798800857634087,4.0088913582717165
2019-08-01,1000,0.00012870751504600564,-0.014517162746127549,-0.014393460648374759,2.047456887338309,1.9511378443405643,3.951189538262823
2019-08-02,1000,-0.0034088383104878307,-0.005996752801621154,-0.009302294731477388,2.0404774378616777,1.939437353006166,3.9144344086379723
2019-08-05,1000,-0.016350387281645114,-0.012658380451219144,-0.02881931469177866,2.0071148415131805,1.9148872171305085,3.801623091575108
2019-08-06,1000,0.006828739674054329,0.004544551878208116,0.011366604316955407,2.0208209062618048,1.9235895214296757,3.8448346370192428
2019-08-07,1000,-0.01153350377606561,0.012210559026907312,0.000549014856633846,1.997513760708682,1.947077624824633,3.8469455083562667
2019-08-08,1000,0.005557361184631285,0.013658080668619534,0.019231828880900036,2.0086146661482114,1.973670968092552,3.920929306087122
2019-08-09,1000,-0.003633706472302874,-0.006900303547588548,-0.010487343856789835,2.0013159500354663,1.9600520393096503,3.8798091722160217
2019-08-12,1000,-0.005731502001825203,-0.008317181605713184,-0.013992445150874387,1.9898454036615534,1.9437499305420636,3.82552115517793
2019-08-13,1000,-0.0017617938880929997,0.014385672554247969,0.012575921423704232,1.9863397061911323,1.971712080570184,3.8736306086301657
2019-08-14,1000,-0.016105515792535878,-0.014423332670111278,-0.030256672549035368,1.95434868068373,1.943273421302443,3.7564274357289222
2019-08-15,1000,0.002779452364222254,-0.0038763542221164835,-0.0011019804524452482,1.9597806997447709,1.9357406051710504,3.75228792612372
2019-08-16,1000,0.006427115316190928,0.011703013830719266,0.018206781663037356,1.972376436296476,1.958394604246052,3.8206050131315057
2019-08-19,1000,0.012107312484677956,-0.0009003773995669243,0.011179578114591185,1.996256614148133,1.956631310004955,3.863317765320808
2019-08-20,1000,-0.0021248477490776424,-0.005571710331471147,-0.007691378365348214,1.9920148727749791,1.9457295271201205,3.8336035266421544
2019-08-21,1000,0.008464040545721148,-0.0006390345552424384,0.007817313615803437,2.0088753674258264,1.9444861387171353,3.8635720076885667
2019-08-22,1000,0.0035458979557368648,-0.003326220124997858,0.00021101079912566034,2.0159986344845118,1.938018349789755,3.8643872631053884
2019-08-23,1000,-0.005572110787169308,-0.021960345359221603,-0.027391001267849328,2.004765266746382,1.8954587975158632,3.758537826682208
2019-08-26,1000,0.009379916008755627,-0.0008129941341525234,0.00854064197944079,2.023569796565733,1.893917800631955,3.790638152626086
2019-08-27,1000,0.006079404291748581,-0.014008557781742335,-0.00802530667718414,2.0358718954716277,1.867386743687932,3.760217118949027
2019-08-28,1000,-0.002669912941490327,0.01181853492574426,0.009105154601959485,2.0304362947506918,1.8894565191380794,3.7944544771539923
2019-08-29,1000,0.01000138747487923,0.005176306719396016,0.015238823042292356,2.0507434748775517,1.8992369256141004,3.8522774974733762
2019-08-30,1000,0.005411171457493223,-0.0035522282645108413,0.0018538090910118123,2.0618403994354493,1.8924904025259313,3.8594188845192927
2019-09-03,1000,-0.0074083824509035435,-0.002589718456138331,-0.009963614991684203,2.0465654972037077,1.8875893852024452,3.8209651206623074
2019-09-04,1000,0.0091692242880144,0.0018980468895536612,0.011094165791426061,2.06533091526768,1.8911721183637835,3.8633555411941916
2019-09-05,1000,0.009766033510430375,0.006822469625748563,0.016695961905112505,2.085501006196312,1.9040745826983831,3.9278579781358753
2019-09-06,1000,0.0017672944648073777,-0.0017969981394085606,-4.9162975707728765e-05,2.089186700580913,1.900652964215979,3.9276648729495127
2019-09-09,1000,0.004879140300498053,0.0032941408441884267,0.008157802903716831,2.0993801356069817,1.9069139827760309,3.959705988854887
2019-09-10,1000,-0.0020120077736350997,0.007998068345623317,0.005992104305980347,2.0951561664543252,1.9221656111394982,3.98343296016112
2019-09-11,1000,0.002020457805042416,0.009885800236335321,0.0119274644235555,2.099389341083621,1.9411677563923768,4.03094521507706
2019-09-12,1000,0.0017681768540278333,-0.0016285108920307525,0.00011591436000961786,2.1031014327241175,1.9380065435578329,4.031412459511899
2019-09-13,1000,0.004079031255711231,-0.0033540958985266924,0.0007096746126879365,2.1116800492021306,1.9315062837587678,4.034273450587689
2019-09-16,1000,-0.003163943948020374,0.005393862477875987,0.0022742406535969832,2.1049988118903022,1.9419245630285158,4.043448359276742
2019-09-17,1000,-0.002529783664684503,0.001317081263902396,-0.001203252251360042,2.099673620281802,1.9444822354863922,4.038583070935184
2019-09-18,1000,-0.001579226741575667,-0.0012857030925971494,-0.0028807005923807386,2.096357759552072,1.9419822086627272,4.026949122290362
2019-09-19,1000,0.0016315658370673102,-0.004128630819311426,-0.0025185932808351997,2.0997781052548286,1.9339644810654877,4.0168068752886965
2019-09-20,1000,0.0021199888336647537,-0.005576439425617774,-0.0034770896262867586,2.1042296113911423,1.9231798452855295,4.0028400777718325
2019-09-23,1000,-0.004200720451693593,0.004919955029375252,0.0006746079528531606,2.095390331027512,1.9326418036377353,4.005540425522297
2019-09-24,1000,0.0030040385644243893,-0.013637261147277894,-0.010668383564684022,2.101684964389441,1.9062858626573813,3.962807783878978
2019-09-25,1000,-0.0003698767999594619,0.009092806743024939,0.008712426234062718,2.1009075998802897,1.9236193516034854,3.9973334543757932
2019-09-26,1000,-0.0001618523420483624,-0.003917635408343393,-0.004076159845457981,2.1005675630648217,1.916083312319469,3.981039684260161
2019-09-27,1000,0.0031566697423353112,-0.009161835751640236,-0.006043117790792669,2.1071983611328795,1.8985284717255393,3.9569817925183566
2019-09-30,1000,0.0016732487379492597,0.003174748695171945,0.0048610352208208665,2.1107242281312537,1.9045558225138965,3.9762168203799355
2019-10-01,1000,0.0035653742583111173,-0.019968343180559907,-0.016500043165142995,2.1182497499606265,1.8665249982434053,3.910609071209699
2019-10-02,1000,-0.007273639865144284,-0.009054125382794058,-0.01628139461975084,2.102842364134981,1.84962524687919,3.8469389017177567
2019-10-03,1000,-0.0020292449018967625,0.008880216049335836,0.006831481391292106,2.098575181988068,1.8660503186817832,3.8732191932382793
2019-10-04,1000,0.002145576075578575,0.008816265858498637,0.010995574456689377,2.103077834691345,1.882501914396618,3.9158074632646094
2019-10-07,1000,-0.0029353034000822557,-0.001446966230821985,-0.004388954358628217,2.0969046631725377,1.8797779976970284,3.8986211630311653
2019-10-08,1000,-0.008640070281492523,-0.009387996072260447,-0.01795264130321406,2.0787872595091375,1.862130649237927,3.8286306157141476
2019-10-09,1000,0.008063879369899931,-8.729355390497362e-05,0.007974727588106351,2.095550349205504,1.8619680972357195,3.859162901909952
2019-10-10,1000,0.0006903978987584388,0.005383644770472476,0.006073581743561602,2.096997112763338,1.8719922720451891,3.882601843256422
2019-10-11,1000,0.01258181416301526,0.004330397081729739,0.01699251877765696,2.1233811407365053,1.880098741917074,3.9485770279841224
2019-10-14,1000,-0.0028383738055375975,-0.00010772482771563197,-0.00295957621191574,2.117354191327466,1.8798962086040127,3.9368909133411836
2019-10-15,1000,0.0025775773532399062,0.006036298117080198,0.008628509099963145,2.1228118355398196,1.8912438225483155,3.9708604124125104
2019-10-16,1000,-0.0021861629376456622,7.64751751075079e-05,-0.002104055332609141,2.118171022981367,1.8913884557508158,3.9625055023867275
2019-10-17,1000,0.0045324547742550715,0.001694775380588542,0.006199270759593795,2.1277715373471677,1.8945939343407516,3.987070146882403
2019-10-18,1000,-0.0024487982854600435,0.0006962612526156319,-0.001758801566515555,2.1225610540546613,1.8959130666866735,3.9800576816622586
2019-10-21,1000,0.005837239529397662,0.0015194941724527692,0.007365196766988103,2.134950951342949,1.898793895542981,4.009371589631663
2019-10-22,1000,0.0015077464794247305,-0.0012968632624672156,0.00016435263806084132,2.138169916123581,1.8963314194968544,4.010030540429385
2019-10-23,997,-0.000582917924122956,0.003083622173505333,0.0024654236771653832,2.1369235385546523,1.9021789891103298,4.019916964669916
2019-10-24,1000,0.004068492550528696,-0.003056280006192438,0.0010249906379740964,2.1456175960523116,1.8963653974977126,4.024037341924135
2019-10-25,1000,-0.0018133412398539685,0.0064949860333927915,0.004676717472776678,2.1417268591804337,1.9086822642686694,4.042856627672218
2019-10-28,1000,0.0030814185439521154,0.000864410741866908,0.003959188460806075,2.1483264160403923,1.9103321497207142,4.058863058981191
2019-10-29,1000,-0.002216896236835361,0.005187476662499339,0.003007037165319498,2.143563799293178,1.9202419531650126,4.07106821104849
2019-10-30,1000,0.0004080363982440891,-0.0010394758781446898,-0.0006948230519715427,2.1444384513452484,1.918245907974496,4.068239539009305
2019-10-31,1000,-0.0024040253173522336,-0.005048421454503855,-0.007405322310507665,2.1392831670167105,1.9085617941776631,4.03811291398659
2019-11-01,1000,0.005934912040517928,0.008402042136552646,0.014389588390674656,2.151979624442715,1.9245976107925584,4.096219696693925
2019-11-04,1000,0.005937677240182745,-0.00017542436969272658,0.005829016479533559,2.1647573848801054,1.924259989469773,4.120096628809744
2019-11-05,1000,0.0019575662132136204,-0.001381038629140248,0.0006102606400569936,2.1689950407965513,1.921602512091806,4.122610961615538
2019-11-06,1000,-0.0007146156177666806,-0.001484595294009684,-0.002257120596715767,2.1674450430655394,1.9187497100453974,4.113305731501829
2019-11-07,1000,0.007175572618254617,-0.004241463648025182,0.002974121012210715,2.182997702368132,1.9106114029005812,4.125539200507536
2019-11-08,1000,-0.00176040879080537,0.004341721635320586,0.002541156742587086,2.179154734022575,1.9189067457652447,4.136022842263713
2019-11-11,1000,-0.005755393674447046,0.003813991797373565,-0.0019652160436738147,2.1666128406507403,1.9262254403535182,4.127894663817094
2019-11-12,1000,0.0009182213048709557,-0.0008014037512449983,0.00011482362858077866,2.1686022707204327,1.9246817560598752,4.128368643660793
2019-11-13,1000,-0.004545970839221716,0.0029078752292436495,-0.00165503209861095,2.1587438680358675,1.930278490462499,4.1215360610406355
2019-11-14,1000,-0.0010164056658701361,0.002912316073203772,0.001879825969402864,2.1565497085372334,1.9359000715360326,4.12928383156201
2019-11-15,1000,0.004836775742380452,0.001637233319232137,0.006480958707374406,2.166980455854724,1.9390695916358551,4.156045549565393
2019-11-18,1000,-0.0018488276492206754,0.00013921827666834175,-0.001707739861639642,2.1629740824726187,1.9393395455627427,4.14894810491361
2019-11-19,1000,0.002081230911669851,-0.0013797634746960776,0.0007088851117500527,2.167475730994201,1.9366637156927415,4.151889232454607
2019-11-20,1000,-0.002904281723126138,-0.0003546369975757834,-0.0032486662722397367,2.1611807708433552,1.9359769030872944,4.138401129939057
2019-11-21,1000,0.0013204521119628194,-0.004989448511452915,-0.0036792291953714608,2.1640345065565487,1.9263174460099783,4.123175003679627
2019-11-22,1000,0.002991966675815632,0.00040059653796064085,0.0033750317765352082,2.170509225685481,1.927089122109863,4.137090850337262
2019-11-25,1000,0.003424686914389052,0.007798997114932522,0.01124410720059152,2.177942540228247,1.9421184846134159,4.18360874335704
2019-11-26,1000,6.635372158683261e-05,0.00261629723212864,0.002694744894782991,2.178087054821193,1.9471996438291759,4.194882501659971
2019-11-27,1000,0.0025533332426148094,0.0028147515926030824,0.005375862788818371,2.183648436903577,1.9526805271277603,4.21743361440411
2019-11-29,1000,-0.0025004374899753115,-0.004277023590657288,-0.006769615266352996,2.1781883604870176,1.9443288664482177,4.188883211423209
2019-12-02,1000,0.0011844864131723813,-0.009953746009901572,-0.008780607107904334,2.180768395005345,1.9249755107518722,4.1521022737228055
2019-12-03,1000,-0.010089307614922109,0.003211441454178832,-0.006931852801121127,2.158765951831236,1.93115745690538,4.123320511946159
2019-12-04,1000,0.0038641081909667383,0.0036942735108874128,0.007563288695594645,2.167107657028087,1.9382916807437782,4.154506375362475
2019-12-05,1000,0.0026432123721721306,-0.0006364775706367248,0.001987891084836994,2.1728357827989724,1.9370580015636332,4.162765081547956
2019-12-06,1000,0.007515687003220716,0.002010485333637776,0.009523660178158732,2.1891661364518873,1.9409524282661825,4.202409841586125
2019-12-09,1000,-0.0008899556488011735,-0.002034991407897271,-0.002915716680296376,2.1872178756825877,1.9370026067515234,4.1901568051135705
2019-12-10,1000,-3.485207127176559e-05,-0.0007393068742697641,-0.0007922470628908624,2.1871416466092977,1.9355705674088735,4.186837165691667
2019-12-11,1000,0.0012799059421949085,0.0010809821158509095,0.002356284559386465,2.189940982199215,1.9376628845762096,4.196702545457852
2019-12-12,1000,0.000563124894550594,0.00985916644658754,0.010466537098993152,2.1911741924838877,1.9567666254726213,4.240627488343326
2019-12-13,1000,-0.00033738878216979805,-0.002967156332592706,-0.0032960667842541467,2.1904349148915636,1.9509605929884442,4.226650096934603
2019-12-16,1000,0.0059672550189849155,0.0013851307665249909,0.007337724272104297,2.20350579863121,1.9536629285300702,4.2576640899405716
2019-12-17,1000,0.0015267297375994727,9.406302062729976e-05,0.0016179627180623233,2.206869956460953,1.9538466959664151,4.264552831704128
2019-12-18,1000,0.001567451881769742,8.602972683680187e-05,0.0016469301865218587,2.2103291189270284,1.9540147848639502,4.271576252494679
2019-12-19,1000,0.0005639792599530647,0.003034907278345379,0.0035988754382615834,2.2115756987077733,1.9599450385565282,4.286949123352444
2019-12-20,1000,0.00498086257980037,0.00019258272829216305,0.005165891909854189,2.2225912533478627,1.9603224901193563,4.309095039146727
2019-12-23,1000,0.002108911496272869,-0.0026009113036415937,-0.0004941912402734877,2.2272785015935637,1.955223865196022,4.306965522124875
2019-12-24,1000,0.0010103164011234305,-0.0009148629944272684,9.180294164478919e-05,2.2295287575935934,1.9534351032359334,4.307360914229369
2019-12-26,1000,0.0016376432578743053,0.0006298460664344278,0.002264993597457487,2.2331799303317035,1.9546654666517416,4.317117059122037
2019-12-27,1000,0.002233900120297547,-0.004095502416817995,-0.0018727137686261183,2.2381686312467175,1.9466601295089987,4.309032334564648
2019-12-30,1000,0.00047363455804658606,-0.0038026825601124524,-0.003339077696534078,2.2392287052572115,1.9392575989840486,4.294644140802659
2019-12-31,1000,-0.002096944398267694,0.005061523105071883,0.002953091959206593,2.234533167167282,1.9490731961279926,4.3073266198825175
2020-01-02,1000,0.005503468142574657,-0.002201216686809514,0.003298978997213607,2.246830849266314,1.9447828636848625,4.321536399935649
2020-01-03,1000,-0.010646241241941233,0.006145895637532171,-0.004569524232286592,2.222910546015189,1.9567352962027307,4.301789034635434
2020-01-06,1000,-0.006079043724308445,0.006454847045084009,0.0003202051009122171,2.209397375610736,1.9693657232474364,4.3031664894273725
2020-01-07,1000,-0.0013316147880792942,-0.0004364497929340656,-0.0017510484813754613,2.206455309392629,1.9685061939853135,4.295631436280955
2020-01-08,1000,0.00046587528893994026,0.00232456243391247,0.0027905678624244477,2.207483242397425,1.973082109534776,4.307618687315861
2020-01-09,1000,0.0038830123381034197,-0.0001257863488317984,0.0037593306357013322,2.2160549270638112,1.9728339227402722,4.323812450214007
2020-01-10,1000,0.0014765227984709253,-0.004546194226445789,-0.0030902491003127705,2.219326982686285,1.963865036550974,4.310450792679812
2020-01-13,1000,0.0015580754067895026,0.006637020088699758,0.008193919472683393,2.2227848614776327,1.976899248250058,4.345770279365995
2020-01-14,1000,-0.0006446020340480276,0.002569183859901509,0.0019224356203249955,2.221352049834673,1.9819782658913137,4.354124742948797
2020-01-15,1000,-0.001348901676280379,0.0035137236144660252,0.002170324794932175,2.218355664331042,1.9889423897275342,4.363574607838646
2020-01-16,1000,0.005155060534864127,0.005117067067137533,0.010297979627549761,2.229791422068527,1.9991199413284426,4.408510610253462
2020-01-17,1000,0.002896885844999929,-0.002460815461748151,0.00041827958729917324,2.2362508732764197,1.9942004760669325,4.410354600252123
2020-01-21,1000,-0.0035870264362084284,-0.0018275630057884831,-0.005391845093381445,2.228229382275983,1.990555949050747,4.386574651440681
2020-01-22,1000,0.003665553431830574,-0.0036881907051494046,-4.127771662922686e-05,2.236397076135091,1.9832143991013782,4.386393583655247
2020-01-23,1000,-0.0025177907112951007,0.004965784147516576,0.002435760199798714,2.2307662963500303,1.9930626137255625,4.397077786566967
2020-01-24,1000,0.0018798860729319154,-0.012421552433506837,-0.010563632667075886,2.2349598828425044,1.9683056819659082,4.350628672021114
2020-01-27,1000,-0.017228035329472747,0.002734770362200936,-0.014540684575194262,2.1964559150209397,1.9736885460087001,4.287367552797458
2020-01-28,1000,0.005518980633759734,0.003791653849492271,0.009330852125354679,2.2085781126788473,1.9811720897818728,4.327372345439655
2020-01-29,1000,0.0032538097393533956,-0.0063824602406744955,-0.0031571002448265314,2.215764405652004,1.968527337688906,4.313710397148412
2020-01-30,1000,-0.00735809000170875,0.00895728306994921,0.0014962620715137918,2.199460611732634,1.986159994283519,4.32016483840316
2020-01-31,1000,-0.004384732220140402,-0.015471748130448883,-0.019823560967986348,2.1898165659214404,1.9554306271051907,4.2345237873373245
2020-02-03,1000,0.004962675214934195,0.0032866653576147384,0.008272496134917255,2.200683914318391,1.9618574732065162,4.269553869001287
2020-02-04,1000,0.012800537413221846,0.0019083595908051699,0.014734818837450153,2.228853851098299,1.9656014027313027,4.332464971777755
2020-02-05,1000,0.009702757664721357,0.003425703694456093,0.013189241065983499,2.2504798798855865,1.9723349707184672,4.389606896700461
2020-02-06,1000,0.0031220040975135613,-0.00564626923437353,-0.0026008986608462683,2.257505887291961,1.9611986364534206,4.378189974001192
2020-02-07,1000,-0.0038790212723296773,-0.004962192287383689,-0.008826868415417972,2.248748973932746,1.9514667917055841,4.339544267202981
2020-02-10,1000,-0.0017727533546444516,0.007505222240763206,0.00570182637064549,2.2447624966454534,1.9661129836728037,4.364287595142302
2020-02-11,1000,0.004929554288685639,0.0019185983605697712,0.006851637746189157,2.2558281752378724,1.9698851648199736,4.394190112764404
2020-02-12,1000,0.005420973356028137,0.002106307233098181,0.007532045503105668,2.2680569596716147,1.9740343481910068,4.4272873526430425
2020-02-13,1000,-0.004689146388712828,0.00563162440752663,0.0009064707057177543,2.2574217085697756,1.9851513682075754,4.431300558934009
2020-02-14,1000,0.0012126193287227336,-0.0013817652126750484,-0.00016139763353620763,2.2601591017666656,1.982408355105092,4.430585357510309
2020-02-18,1000,-0.003159614557010448,-0.0009462194855701296,-0.004093243011050642,2.253017870167564,1.9805325616911345,4.412449894960817
2020-02-19,1000,0.0032565660629809683,0.0011801778859668358,0.004486332691473606,2.2603549717028413,1.9828699424228795,4.43224561317407
2020-02-20,1000,-0.002271825317290666,0.00377590142273267,0.0015030288197721959,2.255219840052063,1.990357063859568,4.438907406066979
2020-02-21,1000,-0.0041051791117565056,-0.006015322558648357,-0.010077912403785692,2.245961758672262,1.9783844241135684,4.39417248606012
2020-02-24,1000,-0.028878664067278036,-0.0016612183207827848,-0.03054228046299469,2.181101383535613,1.9750978956626797,4.259964437588097
2020-02-25,1000,0.004037418473472631,-0.03803472798711164,-0.03417313899112384,2.189907402554016,1.8999755844532331,4.1143880807651545
2020-02-26,1000,0.00556678454387287,-0.017613350316059376,-0.012192061317317733,2.202098145235067,1.8665106488922987,4.064225209001225
2020-02-27,1000,-0.020538512660623353,-0.01743642900912489,-0.0377652920439557,2.1568703245992213,1.8339653684681125,3.9107385570508866
2020-02-28,1000,-0.029005667125204776,0.016382533478317345,-0.013273058834749246,2.094308861931664,1.864010367515116,3.8588310940958275
2020-03-02,1000,0.006355352083600584,0.028459062080323342,0.034973586268319784,2.107618932121045,1.917058354282595,3.993788256260063
2020-03-03,1000,9.921318711107984e-05,-0.02413686122038228,-0.02406787010900161,2.107828035712516,1.8707865828339014,3.8976662792655397
2020-03-04,1000,0.016889248837514262,0.01781557329411583,0.03500195980115565,2.1434276679143536,1.9041157183180273,4.034092237690713
2020-03-05,1000,-0.025197311462122,-0.012632398620499995,-0.0374539653122146,2.0894190533693857,1.8800621695446742,3.882999486953971
2020-03-06,1000,-0.03108821008632514,0.011773328033632176,-0.01970671669043206,2.0244627548798677,1.9021967581903456,3.806478316155476
2020-03-09,1000,-0.07339008752333939,-0.021601114173227395,-0.09297351221004642,1.8758872561114934,1.861107188836733,3.4525766579511177
2020-03-10,1000,0.03625562498670957,0.00786920672034251,0.04412300041890678,1.9438987209864196,1.8757526260344048,3.6049146992762027
2020-03-11,1000,-0.028178717092552964,-0.03470314938044296,-0.061857112399499155,1.8891221488711678,1.8106581024523747,3.3819250855324676
2020-03-12,1000,-0.07535089750115277,-0.033340594315864266,-0.10627047170832388,1.746775099464419,1.7502896852137775,3.022526311410719
2020-03-13,1000,0.05982258405292674,0.0237822483789763,0.08479097404465497,1.8512716996736884,1.7919155092426917,3.2788092614308324
2020-03-16,1000,-0.11636294036417248,-0.020467414338052044,-0.13557578043865745,1.6358522812866787,1.75523963205624,2.834282136902849
2020-03-17,1000,0.02024466779323266,0.02408827353515686,0.04476087601036449,1.6689695672801292,1.7975203244329587,2.961147088211148
2020-03-18,1000,-0.06437847314119081,-0.032830743593129756,-0.09496996433205422,1.5615238548195205,1.7385063955580609,2.6799270548617695
2020-03-19,1000,-0.007917203440132702,0.054931743994944576,0.046569084045469826,1.5491609527842942,1.83400558381243,2.8047288031153554
2020-03-20,1000,0.015378298176943684,-0.0523220824553488,-0.03764166661478609,1.5729844118402894,1.738046592432626,2.699154136563599
2020-03-23,1000,-0.0032785796382665843,-0.0274306933626503,-0.03060875443108486,1.567827257176319,1.6903707693056076,2.616536390425877
2020-03-24,1000,0.060145320201242546,0.0512704205153376,0.11460306556223777,1.6621247295794246,1.7770367894747408,2.916399481923835
2020-03-25,1000,0.011824480459453715,0.0231958722303658,0.03543751265677626,1.6817784909655111,1.8182567077920562,3.0197494254767268
2020-03-26,1000,0.012000088090144554,0.04956251478343912,0.06206843599993152,1.7019599810052075,1.9083740827520872,3.207180549427759
2020-03-27,1000,-0.03832505324630373,0.001726706475737538,-0.03666255187161081,1.636732274110105,1.911669284638905,3.0895971261727424
2020-03-30,1000,0.0022965093211019852,0.01774569712391838,0.020152553406278934,1.6404910450337473,1.9455931887652045,3.1518603972618244
2020-03-31,1000,-0.0047583811988585025,-0.008456521383894343,-0.013206295738496666,1.632684963288163,1.9291402383600524,3.1102359967291293
2020-04-01,1000,-0.04316938105940015,-0.016497441095341923,-0.05889373290952076,1.5622029639580235,1.8973143609130536,2.927062588652187
2020-04-02,1000,-0.00758468284389719,0.018356725256337872,0.010651902817866432,1.5503541499386058,1.932142839361239,2.9582413748883223
2020-04-03,1000,-0.0041721302093022244,-0.019492933051022964,-0.023671898689933055,1.54388587055453,1.894479708348557,2.8882141847615976
2020-04-06,1000,0.04869333910325259,0.03590863303108127,0.0864932099175261,1.6190628287861621,1.9625078849804753,3.1380251005309594
2020-04-07,1000,0.04676305017184998,-0.030440442629721925,0.01466552040988341,1.6947751450800668,1.9027682762973503,3.1840458716895226
2020-04-08,1000,0.0153744981919787,0.034568786982022696,0.05055025243944074,1.7208314624839107,1.9685446675168237,3.3450001942821874
2020-04-09,1000,0.024090997459622936,0.009614163315923565,0.033734956584474764,1.7622880088750497,1.9874705774450208,3.4578436306113565
2020-04-13,1000,-0.0033000263287078302,-0.024001071119377076,-0.027276024123714396,1.756472412046996,1.9397691547680933,3.363527404326769
2020-04-14,1000,0.023613976547651582,-0.0007273225678839243,0.02279893358117039,1.7979497103916706,1.9383583168853453,3.4402122422164614
2020-04-15,1000,-0.03243168859790338,-0.006627617540974051,-0.038869777322403785,1.7396391652695575,1.925511619303663,3.3064919584197
2020-04-16,1000,0.0026199011088465945,-0.00839223122303147,-0.005758088525891626,1.7441968478476402,1.909352280571833,3.2874528850129705
2020-04-17,1000,0.03298992108280046,0.012084274165774803,0.045427952466784,1.801737764211003,1.9324254170093103,3.436795138410132
2020-04-20,1000,-0.021339621098016938,-0.0003697440040406995,-0.021856487102606206,1.7632893630047521,1.9317109142981153,3.3616788697931708
2020-04-21,1000,-0.024582939896936058,-0.002805484040663274,-0.027495899355130592,1.7199425265730997,1.9262915301568768,3.2692464859250685
2020-04-22,1000,0.02363638853635332,-0.006960722960606768,0.01648832178674571,1.7605957563913786,1.9128831484740914,3.3231508739851887
2020-04-23,1000,0.005366233456545235,0.002805445843084613,0.008212020182088248,1.7700435242427774,1.9182496385512846,3.3504406560304796
2020-04-24,1000,0.008372838671972702,0.00610010470974162,0.014476681695099884,1.7848638131136325,1.9299511622058714,3.3989439189461543
2020-04-27,1000,0.009363556472354475,0.026296349709179066,0.03589533519870028,1.8015764862231838,1.9807018328888735,3.5209501502383107
2020-04-28,1000,0.025023546587159405,-0.010608018011602464,0.014176832629676684,1.8466583193565205,1.9596905121699741,3.5708660712156743
2020-04-29,1000,0.027976902035411644,0.01328491473638313,0.041765342372941626,1.898322098250036,1.9857248335338513,3.720004515247918
2020-04-30,1000,-0.014963806820486293,-0.013169919243790108,-0.02794554717946931,1.8699159730887622,1.959572997835822,3.6160469535592186
2020-05-01,1000,-0.02310376014536509,-0.014347182306267785,-0.0370724148203431,1.8267138829545324,1.9314586467934318,3.4819913608870334
2020-05-04,1000,-0.014096764356029906,0.014977294414866789,0.0005086927063167957,1.800963127800634,1.9603866715965972,3.4837626244957742
2020-05-05,1000,0.016578618957853345,-0.009531889282449798,0.006668500242536914,1.8308206092535846,1.9417004828921482,3.506994096402165
2020-05-06,1000,0.006637769538564366,-0.019578262979102853,-0.013085761215527694,1.842973174524264,1.9036853602114348,3.4611024090723808
2020-05-07,1000,0.015760269565351263,0.003836285163780904,0.01960352931947385,1.8720189285564777,1.910988440115321,3.5289522316263326
2020-05-08,1000,0.017492648712308254,0.01420757312818867,0.03195912164350464,1.9047654980565076,1.9381389481253828,3.641734445270996
2020-05-11,1000,-0.012213134543033076,0.00021585798189874362,-0.011950675921464754,1.881502340755816,1.9385573108873644,3.5982132571235272
2020-05-12,1000,0.005108580208878955,-0.03599764420341219,-0.031109715439247693,1.891114146376761,1.8687738145421176,3.486273866604686
2020-05-13,1000,-0.005365225191346119,-0.028250722941728725,-0.033422196446933075,1.8809678931189093,1.8159796032667308,3.3697549365672153
2020-05-14,1000,-0.017633150499818413,0.033015287785923025,0.014652734762466774,1.8478005031742173,1.8759346924819484,3.4191310618672475
2020-05-15,1000,-0.009543258247126268,0.014710381858089962,0.005014820544327376,1.8301664657832557,1.9035304081491966,3.4362773905600474
2020-05-18,1000,0.039530493118204967,0.022592855034565013,0.0632685598203986,1.9025138486640703,1.946536594714398,3.653685712204179
2020-05-19,1000,-0.003226111087603804,-0.011772954622552269,-0.014969120471910692,1.8963761276425752,1.923620107713688,3.598993250611696
2020-05-20,1000,0.01686276021358492,0.006712636173923542,0.02370980493272857,1.9283542635577786,1.9365326696336138,3.6843246785379065
2020-05-21,1000,-0.002068048503990183,0.0017971038748057287,-0.00028232078516851253,1.9243663334078647,1.9400128199979,3.683284517101846
2020-05-22,1000,0.00195443555267483,-0.00039057489358038057,0.0015563108393280738,1.9281273833862476,1.9392550996971847,3.689016852720141
2020-05-26,1000,0.034958481652157,0.00105470412736341,0.03619026904216984,1.9955317891413773,1.941300440054846,3.822523365121181
2020-05-27,1000,0.021190733749844544,0.0066538254338314165,0.0279530527037037,2.037818571974423,1.9542175142975908,3.9293745622075527
2020-05-28,1000,0.008627801001190278,-0.02233700684358794,-0.013967151641829286,2.055400465089948,1.910566144306866,3.874492391839653
2020-05-29,1000,-0.007225999938754786,0.003917794020461656,-0.0032458981129097255,2.0405481414550914,1.9180513489227278,3.8619161842964975
2020-06-01,1000,0.001290987890642172,0.011342515754466436,0.012664867946759226,2.0431824643959824,1.9398068765657595,3.9108268427920647
2020-06-02,1000,0.00804172105196837,0.0040504827932545725,0.012112742401499031,2.059613167832928,1.947664030941526,3.958197680915673
2020-06-03,1000,0.014047440915812507,0.014794518329080858,0.02916150222596391,2.0885454621174904,1.9764787821461822,4.073624671398501
2020-06-04,1000,-0.004865534181183453,0.009520981695539965,0.004645999887577138,2.0783835727826023,1.995296800452619,4.09255073116385
2020-06-05,1000,0.036706025959844284,-0.0010311776796498747,0.035259245075854186,2.1546727741596743,1.9932392949277156,4.236850980379322
2020-06-08,1000,0.013237671555914614,0.007872358078908456,0.0211973896694693,2.1831956246544713,2.0089307883943373,4.326661161581896
2020-06-09,1000,-0.01804215966401152,-0.004749550536735126,-0.02273767723380658,2.1438060606166838,1.9993892700900553,4.2282829365898005
2020-06-10,1000,-0.0017746375099963012,-0.02291261061044515,-0.024528745392872857,2.140001581967356,1.9535780422857798,4.124568460989161
2020-06-11,1000,-0.042327029257004316,-0.02985230545706117,-0.07111252375400005,2.049421672397388,1.895259233833257,3.8312599883320697
2020-06-12,1000,0.039466144812535395,-0.015938511796852094,0.02286998318143712,2.1303044449021717,1.8650516221767126,3.918880839828937
2020-06-15,1000,-0.031221349135785545,0.04652232603631635,0.013574932369740281,2.063793466062365,1.9518181618181782,3.972079382194686
2020-06-16,1000,0.03886930976369623,-0.01662304165975802,0.021416426787089566,2.144011693583036,1.9193730072020023,4.0571471294759665
2020-06-17,1000,0.003037961673386329,-0.015127889236886313,-0.012118330743819988,2.1505251189354335,1.8903369449447809,4.007981278684637
2020-06-18,1000,-0.00907409528195368,0.008456075854381824,-0.0007235337117745564,2.1310110490999787,1.9063217775415746,4.0050813691133476
2020-06-19,1000,0.015172402817781745,-0.023625639052159555,-0.008899426097269413,2.1633436071460674,1.861283707308106,3.9694384434553727
2020-06-22,1000,-0.004150017744952081,0.0069832528118567655,0.0027987641064083544,2.154365692787983,1.8742815219908286,3.980547965293513
2020-06-23,1000,0.012836396859947538,-0.010065827499053447,0.0026319951967361615,2.1820199858020652,1.8554153275058056,3.9910247484185435
2020-06-24,1000,-0.011485694983730378,-0.024006464387615147,-0.03518142476146846,2.156957969796739,1.8108733655218023,3.850614811510898
2020-06-25,1000,-0.00611597656967028,0.017996983816716595,0.01172103702729945,2.1437660653916986,1.8434636241752214,3.895748010294485
2020-06-26,1000,-0.005633587683002371,-0.01827839976755065,-0.02376146853793014,2.1316889712904694,1.809768059095609,3.8031793165161685
2020-06-29,1000,0.010313221369017756,0.01512856964500216,0.025620634794153045,2.153673551541282,1.837147261218937,3.9006191848413057
2020-06-30,1000,-0.002648001546966124,0.016442163497146223,0.013717746098391888,2.1479706206451405,1.867353936856233,3.954126888445475
2020-07-01,1000,0.0026980239435624442,-0.008206226077547852,-0.005576864454320323,2.1537658968097095,1.8520300082835919,3.932075258753431
2020-07-02,1000,0.017982507673665816,-0.012500554730507775,0.005164546665640895,2.1924960085763696,1.8288786058025,3.952382644920075
2020-07-06,1000,0.018950359240988496,-0.0074628828496693745,0.011321230537673374,2.2340445955733252,1.8152298990211293,3.9971284800163143
2020-07-07,1000,-0.009687775159970737,-0.009807725707053731,-0.019360725010148464,2.212401673834063,1.7974266220762873,3.9197411746844857
2020-07-08,1000,0.00134126045363303,0.004122035725658848,0.005454178555995793,2.215369080706728,1.8048356788267361,3.9411201429445035
2020-07-09,1000,-0.0006711266207666862,-0.017627315279076832,-0.018251129335023736,2.2138822875418422,1.7730212712891307,3.869190249490756
2020-07-10,1000,0.00023265802963130677,0.01817819820666242,0.01839343961745682,2.2143973650326974,1.805251603383253,3.9403579667132167
2020-07-13,1000,0.009217557053664935,-0.016276554572159443,-0.007221555118394076,2.234808699084372,1.7758683271443072,3.911902454470394
2020-07-14,1000,-0.0026949028976328802,0.01780619089453789,0.015050468815378486,2.228786106645554,1.8074897775810026,3.9707784203702037
2020-07-15,1000,0.01991286659930988,0.009488457778222834,0.029714409396581955,2.273167627065582,1.8246400680201493,4.088767755976197
2020-07-16,1000,-0.006906515853322507,0.002922224467443192,-0.0040061585564090535,2.2574679588119944,1.829972075871195,4.072387504045423
2020-07-17,1000,0.0033363042147936954,-0.0012420320408873602,0.0021023437772094656,2.264999558677741,1.827699191919034,4.080949062572938
2020-07-20,1000,-0.002829521936220664,-0.002774260261458159,-0.005560913849173032,2.258590692740932,1.822628678680994,4.058255256413107
2020-07-21,1000,0.008319721891703873,0.004726875693958628,0.01313786977793799,2.2773815391717274,1.8312440178813632,4.111572085497495
2020-07-22,1000,-0.0035303849555354495,0.010293893235208407,0.006715426349535938,2.2693415056478212,1.850094648289048,4.139183045018461
2020-07-23,1000,-0.0008288560481841251,0.000856555038433628,2.053880350252335e-06,2.2674605482154697,1.851679356181619,4.139191546405184
2020-07-24,1000,-0.002642596755111362,-0.006516784637223544,-0.00916568901508203,2.2614685643284127,1.8396123606001906,4.101253003916977
2020-07-27,1000,-0.00044004434237138456,0.006194564883428369,0.005774662288223802,2.260473417881229,1.8510079587282853,4.12493635497316
2020-07-28,1000,-0.0034661750387605353,-0.003653905005451253,-0.00715522176352705,2.2526382213443874,1.844244551482758,4.095421520592892
2020-07-29,1000,0.006679598071256147,0.013292670240446197,0.019991238271230876,2.2676849392629173,1.8687594861483576,4.177294068032191
2020-07-30,1000,-0.01362446865929887,0.005808356014216888,-0.007889044301310658,2.2367889368787655,1.8796139065488522,4.144339210069883
2020-07-31,1000,-0.00046230701089708,-0.003664687872881096,-0.004155510495488256,2.235754853671349,1.8727257082598239,4.127117364985574
2020-08-03,1000,0.004136110661206056,0.003197233668309218,0.0073513438659405595,2.2450021831574625,1.8787132499457806,4.1574572239106775
2020-08-04,1000,-0.0018541983547001408,0.007005698828820319,0.005133254597372865,2.2408395038031537,1.8918749491606148,4.178798510318698
2020-08-05,1000,0.008639778149620013,0.003290302037817602,0.01197431040371135,2.260199859984917,1.8980997891611342,4.2288367407958205
2020-08-06,1000,-0.0028565645064643087,0.0016716098240086544,-0.0012062230363980983,2.2537434532873686,1.9012726714156447,4.223735820501906
2020-08-07,1000,-0.0035081122580771277,0.015502757582694338,0.011898413509637228,2.2458370682523303,1.930747640739203,4.2739915758497045
2020-08-10,1000,0.003700615027198067,0.006501893007332669,0.010223448772941995,2.2541480466557435,1.9433011553234492,4.31768650978139
2020-08-11,1000,0.011971550359296854,-0.011323060104633123,0.0004830846869725338,2.2811336935135933,1.9212970395403188,4.319772318017413
2020-08-12,1000,0.01098195388518048,-0.004824304806742754,0.006027733294624669,2.306184998541691,1.9120281169972837,4.345810753443924
2020-08-13,1000,-0.0050498735606158505,-5.727242955426515e-05,-0.005089692904414929,2.2945390558916667,1.9119186105016472,4.323691911288191
2020-08-14,1000,-0.004432521858357511,0.0055715788612271935,0.0010786235159435734,2.284368461371572,1.922571015816305,4.3283555470594015
2020-08-17,1000,0.0022763022272454052,-0.0023827799317619326,-0.00010389656143132764,2.289568374388041,1.9179899521824306,4.32790584580141
2020-08-18,1000,0.00034591117760011605,-0.008082596286657473,-0.007727098481804899,2.2903603616806216,1.9024876137170745,4.2944636911109235
2020-08-19,1000,0.0006669802303901251,-0.0046508559092888506,-0.0039640740564239755,2.2918879867623314,1.8936394179564697,4.277440119006736
2020-08-20,1000,-0.008744196414307173,0.0027532645209035755,-0.005998680182663964,2.2718472680464905,1.8988531081813138,4.251781123732319
2020-08-21,1000,-0.0017590689435076899,-0.0014156566997211653,-0.0031737697270933047,2.2678509320728772,1.8961649840569306,4.238286949515591
2020-08-24,1000,0.0071014586033536975,0.010748031795515223,0.017916292080347125,2.28395598158557,1.9165450255951173,4.314221336423436
2020-08-25,1000,0.004749670237683862,-0.005202699026974066,-0.000506375871957218,2.294804019335487,1.9065738186553016,4.312036718832387
2020-08-26,1000,-0.00015470520039572577,-0.002861372911054743,-0.0029955245509007337,2.2944490012198067,1.9011183999776753,4.29911990697674
2020-08-27,1000,0.003541364074326634,0.003223808690468172,0.006751758731779229,2.302574480483101,1.9072472419971322,4.328146527347636
2020-08-28,1000,0.005074450425355884,0.0035936469594995994,0.00869436745067846,2.3142587805350026,1.9141012152493495,4.365777023636775
2020-08-31,1000,-0.001291632926926215,-0.009500273399594212,-0.010775666090194584,2.3112696076926356,1.895916730389985,4.318732868205822
2020-09-01,1000,-0.003162729472061303,0.009543244180393696,0.0063514618543551804,2.3039596871865067,1.9140099266937904,4.346163135277381
2020-09-02,1000,0.0023922517819602715,0.012582441193524726,0.01498200072743359,2.3094713388537436,1.9380928440402376,4.411277354531651
2020-09-03,1000,-0.001003657035360742,-0.023806841115408234,-0.02473001125171193,2.307153421696539,1.891952975635262,4.302186415919661
2020-09-04,1000,0.008418244703988508,-0.010717485486012063,-0.002357586715306194,2.3265756037700247,1.8716759970786738,4.292043638378718
2020-09-08,1000,-0.01373777906828626,-0.009098661788928535,-0.022740634293821012,2.2946136221397673,1.8546462502027994,4.194439843625227
2020-09-09,1000,0.0093600745190589,0.0025166383874976085,0.0119093182066412,2.3160913766354434,1.8593137241512885,4.244392762421573
2020-09-10,1000,0.0040622582057314996,-0.018668026186647344,-0.014699681059114088,2.3254999378354047,1.8246040068596394,4.182001542524364
2020-09-11,1000,0.005538499402799298,-0.0043138897833189015,0.0011697411093495793,2.338379717852316,1.8167328662758448,4.186893401648018
2020-09-14,1000,0.009121748719780581,0.00932056468757484,0.018518385948899506,2.3597098300499963,1.8336658424760122,4.2644279095866375
2020-09-15,1000,0.005736310717100803,-0.005737998564605121,-2.6221506718266063e-05,2.3732458588373606,1.8231442705039194,4.264316089861556
2020-09-16,1000,0.0050810080753495865,0.0011909622671100477,0.0063055542871927155,2.385304340210903,1.8253155665375873,4.291204966463928
2020-09-17,1000,-0.013841315701983216,0.008782420191321314,-0.005204691107075695,2.352288589792733,1.8413462548246802,4.268870570136334
2020-09-18,1000,0.0015499495310934417,-0.013515532788695259,-0.012008756363077036,2.3559345183894784,1.8164594791422561,4.217606743514057
2020-09-21,1000,-0.01969338935624431,-0.006825642895812388,-0.026333624921164745,2.3095381826210186,1.8040609754029178,4.106541869465383
2020-09-22,1000,0.003046924676805283,0.003232668390119473,0.006305765136642999,2.3165751715016705,1.8098929062919507,4.132436758018023
2020-09-23,1000,0.0017286468761653873,-0.02467206882475316,-0.022991066674979972,2.3205797119352893,1.765239103942483,4.037427628984292
2020-09-24,1000,-0.0026800313877197563,0.0038413906672214375,0.0011336157127957616,2.314360485469597,1.772020076961782,4.042004520383784
2020-09-25,1000,-0.004987921721676928,0.01861650445210517,0.013534007712117945,2.3028166365323326,1.8050088966137607,4.096709040735075
2020-09-28,1000,0.015512217630593574,0.0053064074561669245,0.020911427848494205,2.3385384293615736,1.8145870092811995,4.182377076256681
2020-09-29,1000,-0.0003134333408345883,-0.0073540005712297365,-0.007669211640882844,2.337805453448989,1.8012425353783996,4.1503015412968915
2020-09-30,1000,0.004175148992149271,0.0013332822406141123,0.005495093187672492,2.3475661395317977,1.8036441000618582,4.173107835023258
2020-10-01,1000,0.005719635180510905,0.0025089144605010463,0.008252042776369591,2.36099336141204,1.8081692888261007,4.207544499388273
2020-10-02,1000,-0.018406474487188042,0.026443926793051385,0.007445670556515687,2.317535797340789,1.855984385129262,4.238872489582598
2020-10-05,1000,0.009502140613013663,0.010517382253925386,0.020144505011875966,2.3395573483628134,1.875504482364983,4.324262477693698
2020-10-06,1000,0.006166508267682918,-0.012815170602057198,-0.006771765605706535,2.353984248094211,1.8514695724585528,4.294979585777204
2020-10-07,1000,0.010736309107601035,0.0076213310673637425,0.018446907733170866,2.379257350616174,1.8655802350314101,4.374208677911889
2020-10-08,1000,0.008229938483309088,0.005706706737999159,0.013979979864102866,2.3988384922477057,1.876226554328942,4.435360027150481
2020-10-09,1000,0.007528775985542986,-0.005694978271980005,0.0017653223593117327,2.4168988098813364,1.8655414848687268,4.443189867378007
2020-10-12,1000,0.00428665339245155,0.003314683334079793,0.007571444771035714,2.4272592173639262,1.8717251641376558,4.476831234066085
2020-10-13,1000,-0.00454086435750785,-0.005580654364962777,-0.010074148218786473,2.416237362497366,1.8612797129304002,4.431730972663611
2020-10-14,1000,0.0018124886743923457,-0.005390059346855229,-0.0036038283269302163,2.4206167653515362,1.8512473048166076,4.415759775046992
2020-10-15,1000,-0.012427151954658667,0.019565967199690743,0.006864456955533253,2.390535392984518,1.8874687488611654,4.446071567948778
2020-10-16,1000,0.00206951485289663,-0.004360543852975099,-0.0022982517938350084,2.395482641486675,1.8792383586106363,4.43585337599222
2020-10-19,1000,0.003993691219435808,-0.016462085820330773,-0.012551378385019603,2.405049459478291,1.8483021754743303,4.380177301809675
2020-10-20,1000,0.00846146341965643,-0.0020449096993527607,0.006394979182952095,2.4253996975021312,1.844522564428368,4.408188444472387
2020-10-21,1000,-0.00011145913298076493,-0.0039485891668308015,-0.004073355487876905,2.425129364554716,1.8372393026124911,4.3902323258805
2020-10-22,1000,0.002625245060150259,0.012358727103710119,0.015027286632135716,2.4314959234392384,1.8599452417776898,4.456205605423174
2020-10-23,1000,0.006441259369581743,-0.0003598486541394833,0.006075395419958976,2.4471578193381913,1.859275942985663,4.483278816548757
2020-10-26,1000,-0.011837129543335125,-0.01097444989221988,-0.022659024938471127,2.4181904952177,1.838871412313557,4.3816920900384595
2020-10-27,1000,-0.00036460288988802227,-0.013446971136170566,-0.01378353515457783,2.4173088159748435,1.8141441615090474,4.321296883078879
2020-10-28,1000,-0.019044725814482456,-0.011297461933124545,-0.030143222917666367,2.371271832365671,1.793648936903199,4.191039067838815
2020-10-29,1000,-0.0009153835338922659,0.013678373601461704,0.012640964488758948,2.369101209175941,1.8181831371720254,4.2440178438663665
2020-10-30,1000,-0.004190886749152306,-0.000743850790262793,-0.004952167583547882,2.359172574311005,1.8168306802085974,4.223000756275972
2020-11-02,1000,0.012503294239749125,0.008580786611605854,0.02120397610609255,2.388670003169962,1.8324205165848861,4.312545163408059
2020-11-03,1000,0.013946616775157787,0.00899462174810151,0.023060047272126412,2.4219838683064885,1.848902446015028,4.411992658739429
2020-11-04,1000,-0.0007254009872682718,8.095838630094587e-05,-0.0004442648599711407,2.4202269588172713,1.849052130173485,4.4100325654387005
2020-11-05,1000,0.011680466919209452,0.012265830067715264,0.02409040317346337,2.448496339746715,1.8717322893885397,4.516272027948222
2020-11-06,1000,0.003017475632011104,-0.008171062218976332,-0.005216329073964887,2.4558846177869693,1.8564382483946789,4.492713666862902
2020-11-09,1000,0.059317713033063595,-0.010437711741887309,0.04931007735055812,2.6015620767871717,1.837061281091321,4.714249725289822
2020-11-10,1000,0.003230967216736719,0.007349956892070484,0.010638346289663338,2.6099676385695765,1.850563602315434,4.764401546363405
2020-11-11,1000,0.005580083294361024,-0.007993850409976168,-0.0024177924742994667,2.6245314753883817,1.8357704737043778,4.752882212160066
2020-11-12,1000,-0.006533369934239332,-0.009628387825057108,-0.01611760969639641,2.6073844403556143,1.8180949636257633,4.676277111731525
2020-11-13,1000,0.008833655934203353,0.014754836456356165,0.023727732643209317,2.6304171773899108,1.844920657476186,4.787234564804249
2020-11-16,1000,0.01927332262881429,0.0032101138739864814,0.022491406524660487,2.6811140562981213,1.8508430628751544,4.894906203530168
2020-11-17,1000,-0.009749103657214044,0.0102461548330558,0.00032951394719493157,2.6549755974464575,1.8698070874690607,4.896519143394441
2020-11-18,1000,0.0030545990229553627,-0.014768344005707354,-0.011781959077543562,2.6630854833123876,1.8421931331770078,4.838828555224559
2020-11-19,1000,-0.003249124587916427,0.00979076707465895,0.0064787330011651136,2.654432786788834,1.86022961705048,4.870178033472272
2020-11-20,1000,-0.002411291889211593,-0.0009042712963441922,-0.0033322442550770695,2.6480321745395927,1.858547464803172,4.853949410699031
2020-11-23,1000,0.00886443889341898,0.007880029607158077,0.016870754220380566,2.6715054939386063,1.8731928738521297,4.9358391982050955
2020-11-24,1000,0.013005256446874485,0.007467752536247449,0.020627710494218587,2.7062491079865123,1.8871814146867196,5.037654260231686
2020-11-25,1000,-0.0037089446766359275,-0.0028267238997166104,-0.006527464532120604,2.696211779763795,1.8818468738787237,5.004771150722937
2020-11-27,1000,0.0014166344610197633,-0.0008140131734166844,0.000603466331115709,2.700031326285216,1.8803150257330334,5.007791361607337
2020-11-30,1000,-0.002602108979295036,-0.011764982230352794,-0.014291319409528637,2.693005550526711,1.8581931528678188,4.936223415722329
2020-12-01,1000,0.013587460510929324,-0.0022094067883408797,0.01128622730211096,2.7295966571002066,1.854087648301824,4.991934755206174
2020-12-02,1000,-0.0042569784739401985,0.006451502607944661,0.0021397522030301803,2.717976822888392,1.8660492996002012,5.002616258596009
2020-12-03,1000,0.0016460410591586398,0.004086391255029493,0.0057626313780793845,2.7224507243367073,1.8736747071395414,5.0314444920202845
2020-12-04,1000,0.005717328388984379,0.012380011596823347,0.01819844601236922,2.7380158691505687,1.8968708217426036,5.123008962972548
2020-12-07,1000,-0.003001192828443835,-0.002344038041339349,-0.005331462833870454,2.729798555559909,1.8924244843769324,5.095695831088875
2020-12-08,1000,-0.005542191596382543,0.010584764327993776,0.004972869971896725,2.7146694889454674,1.9124553515525873,5.121036063873216
2020-12-09,1000,0.005222262085551891,-0.007595295214649597,-0.002424711160155339,2.7288462044923922,1.8979296885727088,5.108619030577585
2020-12-10,1000,-0.00633771921782796,0.008796433328293546,0.002364983218472393,2.711551543459684,1.9146247005400274,5.12070082885447
2020-12-11,1000,-0.006379650018622047,0.001959754964073622,-0.004439998055953191,2.6942527936049565,1.9183768958012486,5.097964927129238
2020-12-14,1000,0.010167426869789359,-0.015583237875246517,-0.005648350231951489,2.7216464118526607,1.8884823722996007,5.069169835750607
2020-12-15,1000,0.008172474513423188,0.010563728387687746,0.018817240297767115,2.7438889977880763,1.90843178714551,5.164557622660118
2020-12-16,1000,0.0024265245483663994,-0.0050896684563290434,-0.0026887082878651776,2.7505471117992015,1.8987185020774198,5.150671633776915
2020-12-17,1000,0.00457124573292479,0.0036155848470037027,0.008183969315763966,2.763120538547222,1.9055834799222564,5.192824572383321
2020-12-18,1000,0.002338315006729966,-0.006734583802517575,-0.004410089755798688,2.769581584767911,1.8927501682840269,5.169923749932994
2020-12-21,1000,-0.01493985266106939,0.009431018151141215,-0.005729421583341182,2.7282044439586675,1.9106007294766891,5.140303077215899
2020-12-22,1000,0.0014084664773746209,-0.0013950803130599726,1.4214269665330237e-06,2.7320470284614076,1.9079352880128781,5.140310383781309
2020-12-23,1000,0.00537687558866369,0.0026142163325331078,0.008015379505440083,2.7467369054358226,1.9129230436042177,5.181511922283071
2020-12-24,1000,0.0024773215724085917,-0.0007324722987616139,0.001728811235225869,2.7535414560253892,1.9115218804651148,5.190469778309771
2020-12-28,1000,0.007245602396057301,-0.006537834263262233,0.0006418743898066637,2.7734925225968095,1.8990246672200346,5.1938014079315336
2020-12-29,1000,0.004142619754746994,-0.012107738891556462,-0.008019168091167173,2.784982047510562,1.8760317724007094,5.15215144140919
2020-12-30,1000,0.0024060994636953756,0.005225504571935883,0.007631955681945836,2.7916829913214785,1.8858349850044862,5.191472432876698
2020-12-31,1000,-0.00040741907564217174,0.004616727361462203,0.004206717236523474,2.7905456064176684,1.894541370978959,5.213311489443017
2021-01-04,1000,0.005007642803697581,-0.020516416722497596,-0.015610529018975404,2.804519662042036,1.8556721707139427,5.131928939152108
2021-01-05,1000,-0.0006124416445361848,0.012987302680979237,0.012362742796563951,2.8028020574080807,1.8797723468716745,5.19537365667709
2021-01-06,1000,0.005350143867410449,0.02242109364191169,0.02800350833293497,2.817797451647088,1.9219188986863602,5.340862346164558
2021-01-07,1000,0.006297667906349908,0.005164287832856897,0.011504261438974709,2.8355430042249203,1.9318442410705838,5.402305022904411
2021-01-08,1000,0.003801124545300699,-0.0044718415133284655,-0.0007036675210246418,2.8463212563375353,1.9232053397960798,5.398503596321125
2021-01-11,1000,-0.009945836570674906,0.010182190031676133,6.934519557339147e-05,2.818012210294364,1.9427877820358177,5.398877956608815
2021-01-12,1000,0.0027629547916814498,0.007531326310131063,0.010333392261999315,2.8257982506338135,1.9574195507736654,5.454666680309115
2021-01-13,1000,-0.0002799311745062316,-0.005173380252220359,-0.005470639947687223,2.825007221610596,1.9472930751243829,5.4248261628664975
2021-01-14,1000,0.0055607704784574954,0.0010674689900104365,0.006645802453118452,2.8407164383699572,1.9493717500965404,5.460878485887417
2021-01-15,1000,-0.006519148932174171,-0.001944546681615199,-0.008443773113441046,2.822197384834148,1.9455811057286558,5.414768066952512
2021-01-19,1000,0.008635906001873793,-0.0022497920977394077,0.0063674862050351975,2.84656961616831,1.9412039527314764,5.449246527922297
2021-01-20,1000,0.004369865779217415,0.003764997132196747,0.00814079028649572,2.859008743322164,1.9485125800465193,5.493607701125526
2021-01-21,1000,0.00116186459363353,-0.006884437924039848,-0.005736469962101049,2.862330524353919,1.9350981661449784,5.462093785564453
2021-01-22,1000,-0.0071197755715995325,0.006657293913022003,-0.0005370229066009335,2.8419513734087802,1.9479806833875555,5.459160516083602
2021-01-25,1000,-0.0010871646126713683,-0.001226192865127361,-0.0023368510039958866,2.8388617044446773,1.9455920833721798,5.446403271350618
2021-01-26,1000,0.005556451213589631,-0.012158255509419548,-0.006711112293683568,2.8546357010075525,1.921937077705437,5.4098518473998976
2021-01-27,1000,-0.015257387459442672,-0.009714488637931921,-0.024773212644158767,2.8110814180617223,1.9032664418012475,5.275832437210865
2021-01-28,1000,0.009632514789959263,0.0013594157523157953,0.011028293501696134,2.8381592013969814,1.9058537721830862,5.334015865794195
2021-01-29,1000,-0.002442860024766227,-0.016699127810486235,-0.019197810214607255,2.8312259757399665,1.8740276764533035,5.231614441520975
2021-02-01,1000,0.009620213202406368,0.008782749362869251,0.018493477757445174,2.858462973250776,1.8904867918346728,5.328365186830772
2021-02-02,1000,0.010717002049101787,0.0036083274188873256,0.014381107207696107,2.8890971267923864,1.8973082871606943,5.404992977824341
2021-02-03,1000,0.0005512933667759577,0.0017869821679626515,0.0023316034199208587,2.8906898668743586,1.9006987432369782,5.417595277936083
2021-02-04,1000,0.0037659083716473675,0.010835157831814796,0.014633964578152019,2.901575940043857,1.921293114110683,5.496876175332163
2021-02-05,1000,0.008198307602297786,0.0001346406981135959,0.008324603484810842,2.925363952131763,1.9215517983568475,5.542635489896907
2021-02-08,1000,0.0062575386219827795,0.00797622704670813,0.014305578912559288,2.9436695300455837,1.9368785317825519,5.621926099281178
2021-02-09,1000,-0.0011205877685304573,0.0018777797074827234,0.0007638508517984212,2.940370889975619,1.940515562985392,5.626220412320862
2021-02-10,1000,0.005822027042543059,-0.004984971395178051,0.0008130293551151778,2.9574898088121637,1.930842148412012,5.630794694674427
2021-02-11,1000,0.003341034319512289,-0.0002979842845304687,0.0030407337717863647,2.9673708837630133,1.9302667877958761,5.64791644226452
2021-02-12,1000,-0.0031952984831151933,0.007712341440234098,0.0044687729214076015,2.9578892480792853,1.9451536643341016,5.673155698324084
2021-02-16,1000,0.006119368259372975,-0.0068958304536808806,-0.0008294177678751851,2.9759896616587223,1.9317402144584974,5.6684502821879725
2021-02-17,1000,-0.005095386520976848,0.0016758437458211691,-0.0034293257731649626,2.96082584405014,1.9349775092154489,5.649011319541361
2021-02-18,1000,-0.006641725736208139,-0.0014802746756678133,-0.008100956616230483,2.941160850841282,1.9321132110105705,5.603248923917162
2021-02-19,1000,0.005540273294534907,0.006624370332103805,0.01221731714057874,2.9574556857581293,1.944912244443855,5.671705593038265
2021-02-22,1000,-0.004891741064177563,0.0025260064085907584,-0.0023097453705395966,2.942988578334621,1.9498251052374669,5.658605397301681
2021-02-23,1000,-0.00551970626712897,0.006650498611475636,0.0009981988732457314,2.9267441458346983,1.962792414392469,5.66425381083341
2021-02-24,1000,0.0005435876918402714,0.015107528598618209,0.015628999885636707,2.92833508792954,1.992445356926054,5.752780432995142
2021-02-25,1000,-0.0008050723076439315,-0.026338084624863575,-0.027141053447509614,2.9259775664427456,1.9399681625049192,5.596643911791434
2021-02-26,1000,0.0024634104191189037,-0.0060922188983460876,-0.0036000509233654683,2.9331854500660284,1.928149451803117,5.576495708709041
2021-03-01,1000,0.01644365556689302,0.008287178467368601,0.024839002456556368,2.981417741320736,1.9441283704219683,5.715010299316641
2021-03-02,1000,-2.3149309669689534e-05,-0.009697785252095227,-0.009741227351527675,2.9813487235581873,1.9252746309831104,5.659339084674675
2021-03-03,1000,0.0006584885852835662,-0.008947824043544043,-0.008277200324151806,2.9833119076614003,1.9080476123495744,5.612495601368521
2021-03-04,1000,-0.0011303087269122938,-0.017748314910640123,-0.01883379135450266,2.979939844177069,1.8741829824610992,5.506791030234282
2021-03-05,1000,0.012126040758252158,0.010458881895975235,0.022675214128588198,3.0160747161846997,1.8937848409261064,5.631658696006234
2021-03-08,1000,0.004529179863667281,-0.0005119409835187425,0.004068071722324783,3.0297350610565594,1.89281533485207,5.654568687497241
2021-03-09,1000,0.009454072940217363,-0.0013059197209164784,0.008287135806969666,3.0583783973133216,1.8903434699782335,5.701428866140368
2021-03-10,1000,0.0072039170954025225,0.003937903860558921,0.011068636942800235,3.080410701733937,1.8977874608264431,5.7645359123148765
2021-03-11,1000,0.007094985432867403,0.005564004721167582,0.012708049148146041,3.102266170789988,1.9083467592182541,5.837791918004826
2021-03-12,1000,-0.001371514438743649,0.00817226657852927,0.00676525350555481,3.098011367943924,1.9239422776588582,5.877286060242809
2021-03-15,1000,0.001564632435150406,0.009548390823556489,0.011131965963053313,3.1028586170146735,1.9423128304479085,5.942711808620559
2021-03-16,1000,-0.00042971704539938996,-0.010113555287928122,-0.010547954935654885,3.101525265777478,1.9226691422507214,5.8800283522676455
2021-03-17,1000,-0.0031252333465039924,0.008654789142861987,0.005443965313326097,3.0918322755918455,1.9393094382683884,5.912039022658764
2021-03-18,1000,-0.004234646430707331,-0.012604864474638081,-0.016721094893199253,3.078739459081665,1.9148647056246288,5.813183257148589
2021-03-19,1000,-0.000485875601706938,0.0016891411242180435,0.0012031635517309707,3.0772435746944846,1.9180991823462132,5.820177467363123
2021-03-22,1000,-0.00021884754470884304,-0.0016232674518860404,-0.0018363849200151421,3.076570127493692,1.9149855943740215,5.809489381230245
2021-03-23,1000,-0.0055931755549033174,-0.014875688892111556,-0.020349972953078017,3.059362330663648,1.8864988644392382,5.691266429451015
2021-03-24,1000,0.006856171162647776,-0.013196184011504648,-0.006493193332608025,3.080337842451235,1.8616042782866034,5.654311936217208
2021-03-25,1000,-0.006389752699230795,0.021943275959308832,0.015301844880141236,3.0606552454078897,1.902453974692076,5.740833340369134
2021-03-26,1000,0.006593384278613536,0.01304874879914535,0.019707851187682045,3.080835321585218,1.9272786187097686,5.8539728295344124
2021-03-29,1000,-0.004602512244562241,-0.007608349665368143,-0.012174600990816272,3.0666557392941423,1.9126152090760369,5.782703046123752
2021-03-30,1000,-0.0011310112983579116,0.007809451358884308,0.00667364850175143,3.0631873170048265,1.9275516845195784,5.821294773643588
2021-03-31,1000,0.0026538191796757152,-0.0006104340215522727,0.0020719225066989327,3.071316462257633,1.9263750413930472,5.83335604530323
2021-04-01,1000,0.006280685024400073,0.0074284892233397225,0.013760339217215862,3.090606433567328,1.9406850976281462,5.913625003261399
2021-04-05,1000,0.00849170562188472,-0.0007328343284377243,0.007733654348662059,3.1168509535942848,1.9392628969679169,5.959358934984229
2021-04-06,1000,-0.0009971948205267484,0.002567997176408626,0.001558530958902757,3.113742845967007,1.9442429186116443,5.968646780379616
2021-04-07,1000,0.0008070051644597319,-0.006710870993520133,-0.005911369377246454,3.1162556525245018,1.9311953552047767,5.933363904578479
2021-04-08,1000,0.002311012876426779,0.0018975831317086086,0.004212485979403405,3.1234573594637234,1.9348599589348472,5.958358116837214
2021-04-09,1000,0.0008862874432285345,0.003970985948019873,0.004860194493398113,3.1262256405008757,1.9425432606431638,5.9873168961463605
2021-04-12,1000,0.00018635412365420134,0.002324377485380634,0.0024991750136845667,3.1268082255404566,1.9470584644625808,6.0022802489322205
2021-04-13,1000,-0.0014484890718966187,-0.00039562577092153893,-0.0018394639108419862,3.1222790779958447,1.9462881579565485,5.99123927103155
2021-04-14,1000,0.0008762115739964145,0.0019127699232913576,0.0027802886309624296,3.1250148550612313,1.9500109594071457,6.007896645462175
2021-04-15,1000,0.006038407931678639,0.002077548955418733,0.00811904258333262,3.1438849695486466,1.9540622026389172,6.056675014162944
2021-04-16,1000,0.006619402653096631,-0.00118503207360303,0.0054185990428401816,3.1646956100571075,1.9517465762549748,6.089493707597481
2021-04-19,1000,-0.0014646273432123063,-0.0055082570762054455,-0.006927107392236239,3.160060510333674,1.9409958543653587,6.047311130720606
2021-04-20,1000,-0.0028929058921533146,-0.008795579251812955,-0.01163991009951386,3.150918752663769,1.9239236715008479,5.976920972815229
2021-04-21,1000,-0.0012846577661246728,0.016794410430619293,0.015438885501760737,3.1468709004177318,1.956234835277217,6.069197971367595
2021-04-22,1000,0.0014081518800563703,-0.006487709207897191,-0.00510787677806174,3.15130217259245,1.9435433525235797,6.038197255988187
2021-04-23,1000,0.003624269344195984,0.010346042928813819,0.01397657781686277,3.1627233404508748,1.9636513354827994,6.122590589810073
2021-04-26,1000,0.004431155276199919,-0.00013030769051786584,0.004299440944354183,3.1767378586680746,1.9633954566122902,6.148914306477421
2021-04-27,1000,0.0009253338564952012,0.0005532275715357178,0.0014689235094372361,3.1796774017619103,1.9644816611127158,6.15794659125972
2021-04-28,1000,0.0005333591895674091,-0.00046150428919696906,7.219991109438961e-05,3.1813733119239993,1.9635750444000635,6.158391194456133
2021-04-29,1000,0.00660514319671064,-0.003539201181595502,0.0030401124446156605,3.2023867382114513,1.9566255572827713,6.17711339616521
2021-04-30,1000,-0.005973099312020098,-0.0037292291729051747,-0.009669305932455175,3.1832585641886184,1.9493288521741006,6.117384996958221
2021-05-03,1000,0.007379872331325828,-0.0025246860494058457,0.004836900131978863,3.2067506059899302,1.9444074088153123,6.146974177257373
2021-05-04,1000,-0.004391571681306786,-0.0002370287546012465,-0.004608652211137031,3.1926679308396517,1.9439465283487631,6.118644911123554
2021-05-05,1000,0.003885542209034675,-0.0042169502954538945,-0.00039986714807644963,3.2050731768443605,1.9357490024616963,6.116198266032851
2021-05-06,1000,0.00019800780670667563,0.003220415175647088,0.0034351433980720687,3.205707806354442,1.941982917925468,6.137208284127714
2021-05-07,1000,-0.0006839654830009109,0.0119275150295356,0.011165309579750395,3.2035152128663094,1.9651459483661256,6.205732114575408
2021-05-10,1000,0.0015007973952788532,-0.012575262967355737,-0.011030793526072958,3.2083230401535148,1.9404337212961877,6.137277964941407
2021-05-11,1000,-0.014958350819199849,0.006937949806846503,-0.008373001392739835,3.1603318185775766,1.953896353058053,6.085890527993321
2021-05-12,1000,-0.005483318013740023,-0.021650987026565403,-0.02702805589760308,3.143002714187374,1.9115925684667396,5.921400738616025
2021-05-13,1000,0.003054925599543574,0.011927927069105945,0.014976061235157993,3.15260435363838,1.9343939052092558,6.010079998675447
2021-05-14,1000,0.00712849092686593,0.011406382526219118,0.018644343455771147,3.175077665169289,1.9564583420484596,6.122133994367412
2021-05-17,1000,-0.0038340562425171597,0.0022047991550535754,-0.001656475051482987,3.1629042388266697,1.9607719397479055,6.1119928321439065
2021-05-18,1000,0.0014490651583485496,-0.00963600671200795,-0.008215617852584444,3.167487493158346,1.9418779281757779,6.0617790347172775
2021-05-19,1000,-0.013894377334035948,0.008951470321398421,-0.005129293661891591,3.123477226727564,1.959260590817622,6.030686389934715
2021-05-20,1000,0.00168379499784175,0.005773442055215258,0.007467470541350498,3.1287365220578005,1.9705722683097744,6.075720362895676
2021-05-21,1000,0.006426343567929489,-0.004709805387386866,0.0016780576281528342,3.1488428578820726,1.961291256424254,6.085915771797156
2021-05-24,1000,0.005831065076026238,0.0006258361542574835,0.0064657077310329904,3.1672039655005637,1.9625187034015534,6.1252655244532805
2021-05-25,1000,0.003275550000811872,-0.00871069484708579,-0.005469532568798448,3.1775783004523306,1.945423801844524,6.091763185174745
2021-05-26,1000,0.002564529149449076,0.005535720369522666,0.008115832455047047,3.185727292628498,1.9561931240117492,6.141202914541447
2021-05-27,1000,0.00544752635669202,5.113095938460177e-05,0.005493663638754611,3.2030816260203245,1.9562931460429216,6.174940617691277
2021-05-28,1000,0.0035888773421201892,-0.0029172128258148967,0.0006474951937429255,3.2145770930929105,1.9505862225862314,6.17893886206288
2021-06-01,1000,0.007305809761398677,-0.002301614957325061,0.0050119156368233445,3.2380621817983974,1.9460967241607747,6.209907182364629
2021-06-02,1000,0.0021397947027449403,-0.003985745022044199,-0.0018584859262070009,3.244990970102168,1.9383400788300345,6.198366157263153
2021-06-03,1000,-0.005187197400259844,0.0011571413623735571,-0.00402994056890901,3.228158561378187,1.9405830123095953,6.173387110025045
2021-06-04,1000,0.0046376910925108985,0.0009473886327056748,0.00560586532286211,3.2431297635835037,1.942421498596279,6.207994286749738
2021-06-07,1000,0.0013417813793802314,-0.00022806965607702944,0.0011198844937215845,3.2474813347111935,1.9419784911931377,6.214946523288582
2021-06-08,1000,0.0016517921864771198,0.003903175468910307,0.005546559987644519,3.2528454990055997,1.9495583740011142,6.249418097000005
2021-06-09,1000,0.0013246142634235163,-0.006787593279323776,-0.005470418889176822,3.2571542645502958,1.936325564684095,6.2152311621958125
2021-06-10,1000,0.00461969212228269,-0.003715644458056715,0.0008388831281409669,3.2722013144472983,1.9291308673306828,6.220445014755274
2021-06-11,1000,0.0028021307690812556,0.0031770150853511017,0.0059823631842902516,3.2813704504331396,1.935259745197809,6.257657976001449
2021-06-14,1000,0.0004639263941802386,-0.004623939077026866,-0.0041525455447125725,3.282892764794178,1.9263112220377918,6.231672766252869
2021-06-15,1000,0.0006943236724638405,-0.001219215486071597,-0.0005204492811075358,3.2851721549549353,1.9239626335648898,6.228429496641575
2021-06-16,1000,-0.0007359661936289702,-0.004625102368347619,-0.005367666082448266,3.2827543793086376,1.9150641094317766,6.194997366885532
2021-06-17,1000,-0.0010658353118105433,-0.009326492678338795,-0.010428933379958384,3.2792555037711697,1.8972032780366117,6.130390152057265
2021-06-18,1000,-0.01009883222410405,-0.007160347700535715,-0.0171930528467457,3.246138852618615,1.8836186429072734,6.024990030201775
2021-06-21,1000,0.006104576816730087,0.013622005341621357,0.01983398571430144,3.2659551566021974,1.9092773061225339,6.144489596389606
2021-06-22,1000,-0.0008391735746721391,0.0030735324971753724,0.002222348771313434,3.263214453338713,1.915145531969021,6.15814479529449
2021-06-23,1000,0.001510752771280794,-0.0015506827725587416,-5.0117864416006854e-05,3.268144363617378,1.9121757487856537,6.157836162228585
2021-06-24,1000,0.005733517680001814,0.002603050809361924,0.0083486391779344,3.286882327106976,1.9171532394161725,6.209245714463868
2021-06-25,1000,0.0030528881628060275,0.004420672568962112,0.007474170077406258,3.296916811255937,1.9256283461521566,6.255654672986177
2021-06-28,1000,0.0006748498444618493,-0.006573740635455025,-0.005864721152090118,3.2991417350532166,1.912969764844272,6.218967002705344
2021-06-29,1000,0.002560628531057307,-0.0036349245317606068,-0.0011008229726378728,3.307589611507996,1.9060162641175233,6.212121020962688
2021-06-30,1000,-0.0012706431205729248,0.00228432661390511,0.001009025202807715,3.303386845522455,1.9103702277961832,6.218389207635731
2021-07-01,1000,0.004361575631133534,0.0024674752346062726,0.006820366960024947,3.3177948170880924,1.9150840190221994,6.260800903932065
2021-07-02,1000,0.0020624879424464204,-0.002201225363627667,-0.00013695178027486022,3.324637728893848,1.9108684875060498,6.259943476102325
2021-07-06,1000,-0.0005329864735630188,-0.008281006841090267,-0.008802553331636806,3.32286574195485,1.8950445724885885,6.204839989800902
2021-07-07,1000,-0.0008260812462845169,0.0014110380188795384,0.0005547523388077756,3.3201207848815,1.897718552427841,6.2082821392971725
2021-07-08,1000,-0.015883121838208083,0.004410463060941312,-0.011593109978599067,3.2673869019376602,1.9060883700033873,6.136308841678128
2021-07-09,1000,0.009655129978074465,0.0086379624102554,0.018392318655423425,3.2989339471645267,1.9225530896941017,6.249169789262363
2021-07-12,1000,-0.003241487183131218,0.005486221840202259,0.002185226706008095,3.2882404950567965,1.9331006424437298,6.262825641976238
2021-07-13,1000,-0.0030324592222192004,-0.00902148260194856,-0.012023995395049798,3.278269039842687,1.9156612086301081,6.187521455297116
2021-07-14,1000,0.0038596296429526974,-0.00881843345397619,-0.00504807512402312,3.290921944206438,1.89876807774144,6.156286382159271
2021-07-15,1000,-0.005089857155731549,0.0016992943175906077,-0.0034104884386687473,3.274171621599765,1.9019946435463686,6.135290438627783
2021-07-16,1000,0.005195274263457265,-0.014380088261214962,-0.009288316614970545,3.2911818411596045,1.8746437926998138,6.078303918509007
2021-07-19,1000,-0.016586763971920226,-0.0009797037036941886,-0.01758044078867599,3.2365917847716204,1.8728071972329985,5.971444656374082
2021-07-20,1000,0.0028865095271200167,0.020907189361503965,0.02383967045839542,3.245934237793762,1.9119623319431365,6.1138019291425865
2021-07-21,1000,0.005926170801684429,0.006337907804772637,0.012312547314249236,3.2651701984979633,1.9240801729291903,6.189078404665103
2021-07-22,1000,-0.0008583031251434781,-0.005199044681501884,-0.006059288758699904,3.262367692712467,1.9140767941393395,6.1515769914610035
2021-07-23,1000,0.005233865800466174,0.0030704584475164847,0.00832179401024723,3.279442487407901,1.9199538874011,6.202769148022118
2021-07-26,1000,0.0003325173218159584,0.002385486806800913,0.0027464249891156773,3.2805329588408636,1.9245339120691616,6.219804588211962
2021-07-27,1000,-0.004979045229264158,0.0009366851500508881,-0.004047966541530393,3.264199036862703,1.9263365944053663,6.194627027344023
2021-07-28,1000,0.0026766414707222433,0.0022792951839525444,0.004933439581603134,3.2729361273734616,1.930727284127666,6.22518784551399
2021-07-29,1000,0.006146813496491312,0.002231102341484743,0.00838666585580354,3.2930542553343547,1.9350349342920516,6.277396415863926
2021-07-30,1000,-0.0041570752727259274,0.0017578806007448775,-0.002397923278137895,3.2793647809177595,1.9384364946648072,6.2623437008722265
2021-08-02,1000,0.004997033183411034,-0.007811122365358931,-0.002852009154449378,3.295751875548515,1.9232951300075027,6.244483439309031
2021-08-03,1000,0.0026268724776964585,0.0040285927845495955,0.0066625237189039165,3.3044093954437104,1.9310433028908103,6.2860874583357305
2021-08-04,1000,-0.005688820140678684,-0.003844572656913785,-0.009467790959912523,3.285611204721862,1.9236192666091998,6.22657209632448
2021-08-05,1000,0.003597959218671539,0.005788131319187363,0.0094272284426841,3.2974326998448613,1.934753427532453,6.2852714138913734
2021-08-06,1000,0.004651445806198137,0.00023841834641549154,0.0049156532772349345,3.3127705293477754,1.9352147082453668,6.31616762891538
2021-08-09,1000,-0.001754845887858326,-0.0012561759769085165,-0.0030165282011705556,3.306957127606931,1.932783738018709,6.297114731139437
2021-08-10,1000,0.001173124119095524,0.0026245557650862493,0.003772454246577559,3.3108365987741415,1.9378564367209912,6.32087030834811
2021-08-11,1000,0.001983563836257764,0.004526814769293027,0.006510075620985918,3.3174038545192284,1.946628753859509,6.362019652045901
2021-08-12,1000,-2.820608330857233e-05,-0.0011327270697963116,-0.0011673474332380394,3.3173102835497397,1.9444237547751686,6.354592964734875
2021-08-13,1000,0.0011302135394672833,-0.002535076872672065,-0.0014104581952826098,3.3210595525468216,1.939494491083764,6.34563007701008
2021-08-16,1000,-0.004366086375929257,0.0021700786654633383,-0.0021954571835716002,3.306559519680797,1.9437033467006484,6.33169851787322
2021-08-17,1000,-0.0074376594988069585,-0.0024874868607891397,-0.009897382389372237,3.2819664558608728,1.9388684101644587,6.269031276467608
2021-08-18,1000,-0.001780153700597266,-0.007462437075274267,-0.009232681483785242,3.2761240511292358,1.9243997266563693,6.211151307480095
2021-08-19,1000,-0.008710985663412385,0.0032561143619901315,-0.005449722589139757,3.2475857814882882,1.9306657922445447,6.177302255895156
2021-08-20,1000,-0.0004026548293864652,0.010604368884412048,0.01018663479175265,3.246278125389525,1.9511392844980213,6.24022817797423
2021-08-23,1000,0.006168366579890319,0.0033280929858114892,0.009536795637617659,3.266302358887207,1.9576328574651005,6.299739958839673
2021-08-24,1000,0.0036607713841293344,0.00409738412268372,0.007802015826707284,3.278259545094535,1.965654031253322,6.348890629702681
2021-08-25,1000,0.0008247531155763473,0.004718333691206221,0.005549894038964714,3.2809632998680196,1.9749286428942399,6.384126299962507
2021-08-26,1000,-0.0008620928119826114,-0.007082009631679053,-0.0079428203738695,3.2781348049908248,1.960942179223384,6.333418331517808
2021-08-27,1000,0.0025324831142093853,0.013256559384928642,0.015829405079748858,3.2864366260305657,1.98693752567267,6.433672575826911
2021-08-30,1000,0.002533000310669051,-0.004546304524861963,-0.002029974043120512,3.294761171025295,1.9779043026090863,6.420612387496046
2021-08-31,1000,0.00030640618821753163,-0.0007781982977254407,-0.0004808208104304349,3.295770706236796,1.976365100847732,6.41752522344443
2021-09-01,1000,0.0025591057520519818,-0.0009067879336684132,0.001648257187536223,3.3042049320085707,1.97457295682176,6.428102955520168
2021-09-02,1000,0.0032473683427052162,0.002609212139035762,0.0058788281656927165,3.3149349025025856,1.9797250365501111,6.4658926682270526
2021-09-03,1000,-0.0017807226051089358,-0.001818412604358199,-0.0035871615098614206,3.3090319229872347,1.9761250795904848,6.442698466920693
2021-09-07,1000,-0.0014751642290061857,-0.008052021795348226,-0.00952236146489689,3.304150557461804,1.960213277379288,6.3813487633093375
2021-09-08,1000,-0.0019893503837000322,-0.001025391166338296,-0.003000366583267774,3.2975774442825148,1.9582032920005243,6.362202377723727
2021-09-09,1000,-0.0011023490210184343,-0.0005911091231157544,-0.0017001519733993015,3.2939423630150775,1.9570457801697074,6.351385666796074
2021-09-10,1000,0.004931623568898886,-0.012904068881518484,-0.00803324681284852,3.3101868468071176,1.9317919266181123,6.300363418131113
2021-09-13,1000,0.007489440730792577,-0.0026121230216772486,0.004871548171112994,3.3349782950041287,1.926745848453503,6.3310559420180565
2021-09-14,1000,0.0034987569197335745,-0.012119279309027774,-0.008669290523533142,3.3466465733909354,1.9033950773585853,6.276170178735961
2021-09-15,1000,0.0002530300967945794,0.009197248836011696,0.00946267222137906,3.347493375697338,1.9209010755182918,6.335559519942933
2021-09-16,1000,-7.321415302388034e-05,-0.001045172306721112,-0.0011287376157525931,3.3472482918050837,1.9188934029102094,6.328408335595934
2021-09-17,1000,-0.0011164966001427116,-0.00541917208373525,-0.006530046762950597,3.34351110046745,1.9084945893494947,6.287083533229446
2021-09-20,1000,-0.01823532129694894,0.0024531047669940813,-0.01583355520981794,3.2825411012905104,1.9131763265244102,6.187536648997321
2021-09-21,1000,0.006483164077825175,-0.00832407029153203,-0.0018971253396844255,3.3038223538423814,1.897250912302326,6.175798116430283
2021-09-22,1000,0.007143802191653178,0.005380713015281586,0.012564146495930305,3.3274242072145936,1.907459474979406,6.253391748694403
2021-09-23,1000,0.005471163595642052,0.00882590574285008,0.014362659100748175,3.3456290894043645,1.9242945325138807,6.343207082604333
2021-09-24,1000,-0.003707055895394743,0.003600683081863846,-0.00012508119194955326,3.3332266553646837,1.9312233072816265,6.342413666701658
2021-09-27,1000,0.0010280470570733936,0.003955302360119103,0.005031070376024481,3.33665336921829,1.9388618793868346,6.374322796212694
2021-09-28,1000,-0.004319902808668459,-0.012495232499486685,-0.0167441284092754,3.3222393509570507,1.9146353494195043,6.267590316790737
2021-09-29,1000,0.003711782764641281,-0.002915974404525025,0.0007674966673453789,3.3345707817199464,1.9090523217465982,6.272400671471161
2021-09-30,1000,0.0036204267883093153,-0.01782494557774757,-0.01426711442152935,3.3466433511055986,1.8750235680063925,6.182911613393604
2021-10-01,1000,0.005560040541630631,0.008864021815609193,0.014483405602169645,3.3652508238161247,1.8916438178179826,6.272461230092749
2021-10-04,1000,-0.0017379333427864053,-0.005987475145415178,-0.007699827713434444,3.3594022422025756,1.880317647474819,6.224164359281838
2021-10-05,1000,0.0034932994783051807,0.002883070832224434,0.006385375205531854,3.3711376403026794,1.8857387364395708,6.263907984056751
2021-10-06,1000,-0.009116208986156369,0.009464747790766,0.00027223515610087914,3.340405645052582,1.9035867779792488,6.265613240024592
2021-10-07,1000,0.00784518855797363,0.00339412835163676,0.011257007960629378,3.366611757198139,1.910047795832189,6.336145298145774
2021-10-08,1000,0.0015486419768139146,-0.005370047838576113,-0.0038312247998070204,3.371825433484971,1.8997907477946034,6.311870101144337
2021-10-11,1000,0.0005047794805783784,-0.006736108062967189,-0.006245915296118608,3.373527461775886,1.8869935520204337,6.272446695132486
2021-10-12,1000,0.002178447520585964,0.0007811243112137886,0.0029687525596504842,3.3808765143106205,1.8884675285590204,6.291068037313932
2021-10-13,1000,0.0017705927144350672,0.0012980107084690593,0.0030784983627311787,3.386862669635264,1.8909187796336862,6.310435079966633
2021-10-14,1000,0.009398545459255543,0.007514923689783298,0.016968578362507626,3.4186942524000865,1.9051288899662115,6.417514192122564
2021-10-15,1000,0.008213517319767301,-0.006168346252081991,0.001981947363731511,3.4467737568531636,1.8933773953180555,6.43023336745735
2021-10-18,1000,-0.004569102442318582,0.005755775295460393,0.0011508565180947934,3.431025094462606,1.9042752501550104,6.43763364344116
2021-10-19,1000,0.004689789322526314,0.00011956785209803134,0.004803442488801764,3.447115879315937,1.9045029402564748,6.468556446411404
2021-10-20,1000,0.0009152983236623654,0.00586464279803501,0.006766332353653525,3.4502710187017454,1.9156721697088868,6.512324849176192
2021-10-21,1000,-0.0009617963080797508,0.003754041368727008,0.0027652564103259553,3.446952560774083,1.9228636822828928,6.530333097211502
2021-10-22,1000,0.0009626184894101907,0.0007898329607057841,0.001754864496965864,3.450270661041204,1.9243824233981042,6.541792946917159
2021-10-25,1000,0.0018947210288459625,0.0012558725234846789,0.003151176071908452,3.4568079614178893,1.9267992024083265,6.562407288318864
2021-10-26,1000,0.0030936582383709168,-0.006845392496819252,-0.003782375734717079,3.467502143846196,1.913609505605283,6.537585798230197
2021-10-27,1000,-9.02962602028301e-05,-0.014613694064895247,-0.01467000851510089,3.467189041370361,1.885644601730692,6.441679358901957
2021-10-28,1000,0.003166137696063737,0.009581535535979558,0.01281459509218028,3.478166639293623,1.9037119724904028,6.524226871599941
2021-10-29,1000,-0.002665706971484393,0.0019972164759531844,-0.0007212391518507164,3.4688948662352734,1.90751409740733,6.519521343744587
2021-11-01,1000,0.003660661286711697,0.010098148328510814,0.013807074191437702,3.4815933153797736,1.9267764577016744,6.609536858630331
2021-11-02,1000,0.0014229882806006196,-0.0011500666394095198,0.00027186199458693097,3.4865475818653766,1.924560536376072,6.611333740504014
2021-11-03,1000,-0.0008619285136808768,0.011080104250060114,0.01015960659946097,3.4835424270902617,1.9458848677546705,6.678502290405277
2021-11-04,1000,0.002248159507952923,-0.0032331701237761877,-0.0010385651039716683,3.491373986119082,1.9395934909359378,6.671566230979667
2021-11-05,1000,0.008910376140533896,0.0011251775599958643,0.010035359244507975,3.522483441582678,1.941775878007453,6.7385177948310755
2021-11-08,1000,0.005358725316229615,-0.003932671443425477,0.0014261170458013384,3.541359462777087,1.9341395114624806,6.748127709921721
2021-11-09,1000,-0.0003676450583133175,-0.00014070810508610266,-0.0005032572408926672,3.5400574994708855,1.9338673623568505,6.744731665789234
2021-11-10,1000,-0.003267867644541838,-0.004693500361595183,-0.00794338035199079,3.528489060108547,1.9247907551923515,6.691155696795754
2021-11-11,1000,0.0025573359673248595,0.0005350830094071039,0.0030923875260247115,3.5375125920922748,1.9258206780221188,6.711847343207214
2021-11-12,1000,0.0025886412438749285,0.0020636886289758117,0.004666682596087909,3.5466699430888915,1.9297949722567993,6.743169404391359
2021-11-15,1000,0.0035016008368831636,-0.0030385051121317778,0.0004589156969036002,3.5590889655297597,1.923931280368231,6.746263950677915
2021-11-16,1000,0.00026804751679969553,0.0017624966149215186,0.001983572298464241,3.5600429704890395,1.9273222027372214,6.759645652968608
2021-11-17,1000,-0.0020314624348001633,-0.0051288635603429136,-0.007163120690754441,3.5528108769282167,1.9174372301225626,6.711225495329661
2021-11-18,1000,0.002733109433808466,-0.006431481594347314,-0.003706846136435383,3.562521097852487,1.905105267868713,6.686348015031552
2021-11-19,1000,-0.0029071436349803756,-0.0031206276233937806,-0.006021361736096468,3.552164337318382,1.8991601437443288,6.646087094939616
2021-11-22,1000,0.0038462485589649863,-0.00445731539595018,-0.0006505672128854475,3.565826844282,1.8906949879962422,6.641763368581667
2021-11-23,1000,3.986261457916429e-05,0.0015972713692667408,0.001637835872876595,3.5659689874631497,1.8937149409685847,6.652641486885887
2021-11-24,1000,-0.005358703731834257,0.005620302519069232,0.00024263424416346146,3.5468600161424257,1.9043581918217096,6.654255645524748
2021-11-26,1000,-0.02223646897057455,-0.00557503739913931,-0.027749107597063477,3.4679903734505033,1.8937413236809462,6.469605989638715
2021-11-29,1000,0.011656634445676054,-0.007290546989943699,0.004254314005076987,3.5084154694949397,1.8799349135738521,6.497129725007765
2021-11-30,1000,-0.00829974156759161,-0.016696483239510104,-0.02493560459953366,3.479296527786391,1.8485466117979963,6.335119867153094
2021-12-01,1000,0.01595073196121619,-0.03104994446956372,-0.01569803003306149,3.534793854114702,1.7911493421522682,6.235670965215481
2021-12-02,1000,0.0042196501681244355,0.02179567038842973,0.026110774098654192,3.5497094475955024,1.8301886428302716,6.398489161141759
2021-12-03,1000,0.0037424854911163583,-0.013720567089323671,-0.010006984089433133,3.5629941837008072,1.8050774167702006,6.334459581909803
2021-12-06,1000,0.00884938812759768,0.008642111127903624,0.017587983786390027,3.594524502128749,1.8206770964003978,6.445869954331974
2021-12-07,1000,0.012252521256913241,0.005837423219790777,0.01815644994210531,3.6385664899995773,1.8313051591586669,6.5629040694911245
2021-12-08,1000,0.0016586796838906888,0.0035748939178379285,0.005244338679674639,3.644601706315025,1.8378518808338484,6.59732216115375
2021-12-09,1000,-0.005091176372397497,-0.00685101822121187,-0.011916619459911099,3.6260463962210343,1.825260724110367,6.518704383504843
2021-12-10,1000,0.006300686086292297,-0.0034847852436850086,0.0027588969175102182,3.648892976297954,1.8189000824731094,6.536688816934655
2021-12-13,1000,-0.0024418387754725043,-0.006421421287621804,-0.008849686903495106,3.63998296794088,1.8072201587634595,6.478841167519206
2021-12-14,1000,-0.005570612379794893,-0.0005110957342633133,-0.006080519926770596,3.619706033757426,1.8062964962494408,6.439446444697723
2021-12-15,1000,0.0006638195295899387,0.010555714983021726,0.01122749102428789,3.622108865314009,1.8253632472386807,6.511745271856951
2021-12-16,1000,0.006093341747152179,-0.013876469696092086,-0.00790512281884564,3.6441796124757575,1.8000336494540128,6.460269125717884
2021-12-17,1000,-0.00437596454680433,0.0017550400561175854,-0.0026829825133619545,3.6282328116893763,1.8031927806111638,6.442936336621971
2021-12-20,1000,-0.01406651704341538,-0.0014334763009369036,-0.015524156034958957,3.577196213006269,1.8006079464941371,6.342915187608945
2021-12-21,1000,0.009438693641569289,0.014868415285084724,0.02449697815297602,3.610960272156617,1.8273801332082353,6.498297442385981
2021-12-22,1000,-0.00043289279783995316,0.008705000987820509,0.008249450141465409,3.6093971134615144,1.8432874790729366,6.551904823141356
2021-12-23,1000,0.0036385628121243466,0.0036648942183203533,0.007317870332262044,3.622530131572744,1.8500429326976933,6.5998508130664275
2021-12-27,1000,0.0014099205844728937,0.010554384104239267,0.011978096244363277,3.6276376113731215,1.8695689964187179,6.678904461303776
2021-12-28,1000,-0.00040674927409753826,0.0004183268244374786,-4.95195804112758e-06,3.6261620724080066,1.8703510872800566,6.678871387649123
2021-12-29,1000,0.0004240966178703687,0.0027643275354725778,0.0031883329011958192,3.6276999154787646,1.875521350291626,6.700165853037221
2021-12-30,1000,0.0008738218492419386,-0.002055288024155459,-0.0011974488257793993,3.630869878927403,1.8716666137213236,6.692142747303974
2021-12-31,1000,-0.0012736788583853041,0.0015711718965319955,0.0002887712854691429,3.6262453167250652,1.8746073237044796,6.694075245967656
2022-01-03,1000,0.0031106064361010708,-0.0013384549733515176,0.0017995433238626594,3.6375251387461516,1.8720982462089861,6.7061215243859715
2022-01-04,1000,0.004267863625998846,0.00033317222794962284,0.0046616385235559825,3.6530495999744623,1.872721977352616,6.737383038827698
2022-01-05,1000,0.0002500373173143975,-0.022675276800814406,-0.022397444875961292,3.6539629986964566,1.830257488145177,6.586482873607318
2022-01-06,1000,0.0028349429026018466,0.0007156296884626294,0.0035394060033693783,3.6643217751659805,1.8315672747412248,6.609795110631254
2022-01-07,1000,-0.0008317147866113495,-0.005787589082515719,-0.006616868590270395,3.661274104562673,1.8209669159780393,6.5660589649755945
2022-01-10,1000,-0.005720460953094262,0.001408168258245369,-0.004396947990574221,3.6403299290089466,1.8235311437884345,6.537188345203553
2022-01-11,1000,0.0011010364735983473,0.009603063914264002,0.010699798938128066,3.644338065036717,1.8410426299118856,6.607134946117906
2022-01-12,1000,0.0037624917541582746,-0.004713732329616308,-0.0009875049000391664,3.6580498569557833,1.832364447747068,6.6006103679833945
2022-01-13,1000,0.00367219799279303,-0.010493571581133995,-0.00687581291996589,3.671482940298033,1.813136400251909,6.555225805935554
2022-01-14,1000,-0.0076685710210998926,0.005096062497937332,-0.002622277717926324,3.643327912617601,1.8223762566648778,6.538036183368673
2022-01-18,1000,-0.010021420879231758,-0.011088813072408181,-0.021008614283759837,3.606816590204207,1.802168267007126,6.400681103019015
2022-01-19,1000,0.004547830337439119,-0.015807481435629326,-0.011372887264900012,3.6232197801147166,1.7736805255825305,6.3278868784158036
2022-01-20,1000,0.0044415041565387895,-0.018717186107176348,-0.01441165654647978,3.63931232582815,1.740482217090528,6.236691546059099
2022-01-21,1000,-0.00389081399311421,-0.012993942394656387,-0.016815040731219075,3.625152438505505,1.71786649142273,6.131821323684066
2022-01-24,1000,-0.01684580499583749,0.031210884660197717,0.013663028610083661,3.5640838274462565,1.7714826243481434,6.215600573861482
2022-01-25,1000,-0.015419819701504035,0.0002188712082688432,-0.015183671174545195,3.5091262974259885,1.7718703508905618,6.121224938595655
2022-01-26,1000,0.012484776216477571,-0.020791318643503483,-0.00870477387501326,3.552936953964708,1.7350308298302197,6.067941059667088
2022-01-27,1000,0.01029135203503634,-0.02148898413861543,-0.011505939040075127,3.5895014789162483,1.6977467798479893,5.99812369973579
2022-01-28,1000,-6.422914221732601e-05,0.02028320941059749,0.02024216200009788,3.5892709283152695,1.7321825333098138,6.119538691362468
2022-01-31,1000,-0.003365007648108096,0.027446064716301174,0.02402584280334724,3.5771930041903564,1.7797241272194813,6.266565765990144
2022-02-01,1000,0.002536405345190808,0.005895849631333158,0.008427539199885757,3.586266215646964,1.7902171130588227,6.319377494631689
2022-02-02,1000,0.001492317186489918,0.00019180247461097056,0.001610416286113634,3.5916180623559026,1.7905604811311984,6.329554323067144
2022-02-03,1000,-0.01026040362822051,-0.007385370568715597,-0.017540018938885783,3.5547666113577234,1.7773365284523468,6.218533820365839
2022-02-04,1000,-0.003095959762805586,0.005601895105864356,0.002551796857515856,3.543761196962795,1.7872929812525578,6.234402255427005
2022-02-07,1000,0.0012997899384308584,-0.00037349694924739473,0.0009280833190637842,3.548367342110809,1.7866254327766486,6.2401883001646
2022-02-08,1000,0.0005960838615888981,0.01318705012419595,0.013773891903314453,3.55048246661843,1.8101857519118376,6.326139979267394
2022-02-09,1000,0.010759165101153455,0.00870130897383386,0.019533770310435548,3.5886826936655276,1.8259367374392543,6.449713344574066
2022-02-10,1000,-0.013960562584786779,-0.001355205614801077,-0.015344217532692696,3.538582664323669,1.8234622177204052,6.350747539991411
2022-02-11,1000,0.0008217253909767877,-0.01579481280007037,-0.014984036646399617,3.541490407547014,1.7946609733435104,6.2555877061201475
2022-02-14,1000,0.0002647309150855007,-0.006289649573191751,-0.006031052798224801,3.5424279495433706,1.7833731847184964,6.217859926380611
2022-02-15,1000,0.010593176217980994,0.009908530280851133,0.020639608155942173,3.5799535130523843,1.8010437919213373,6.346194118829642
2022-02-16,1000,-0.004974339476825374,0.006145757318128202,0.0011834000566371362,3.5621456089672083,1.8121125699858074,6.3537042053092945
2022-02-17,1000,-0.007822418450410113,-0.01427692849950699,-0.02197606676500466,3.534281015432576,1.7862411683910622,6.214074777488327
2022-02-18,1000,-0.001518712859137353,-0.0043851996349961436,-0.005918077213975886,3.5289134574066336,1.7784081442714186,6.177299403141731
2022-02-22,1000,-0.004555122687373852,-0.007689363524120003,-0.01226881229644496,3.5128388236550214,1.76473331755586,6.101511276265644
2022-02-23,1000,0.006343541628157185,-0.024595384440659833,-0.018489187905825533,3.535122662965884,1.7213290231753327,5.988699287769255
2022-02-24,1000,-0.02561369487034403,0.04523620663614307,0.017990756430856767,3.4445751097474377,1.7991954185564825,6.096440517993157
2022-02-25,1000,0.0030358066492061483,0.022855636861942155,0.026040942116557157,3.455032173769299,1.8403171756866794,6.25519757263925
2022-02-28,1000,-0.012823474953126192,0.010882514407377178,-0.0020480197395712327,3.4107266552267235,1.8603444538652334,6.242386804535566
2022-03-01,1000,-0.0021850278280428565,-0.016753061714143837,-0.018858364091620394,3.4032741225712053,1.829177988420064,6.1246656013749075
2022-03-02,1000,0.006694021006631808,0.016938323224445526,0.0237470763882297,3.426055711039023,1.8601611964229643,6.2701085032631205
2022-03-03,1000,0.004174721378443362,-0.012814056804889637,-0.008710908486374203,3.4403585390596354,1.8363249851857488,6.215490161891559
2022-03-04,1000,-0.010503177173197965,-0.0034785688551908817,-0.013925554638226709,3.4042238437845675,1.8299372022842728,6.128936014038777
2022-03-07,1000,-0.0009214441088685616,-0.03436539164707614,-0.03526454177560823,3.4010870417784425,1.767050693638219,5.912801893931676
2022-03-08,1000,0.002498272811936723,-0.0020739878149299393,0.0004587187476150152,3.4095838850659477,1.76338585203125,5.915514207011356
2022-03-09,1000,0.022066424274908472,0.0066084458978542876,0.02882312514098268,3.4848212096747035,1.7750390920314403,6.086017813273306
2022-03-10,1000,-0.013965257242351264,0.010887454101455215,-0.0032321696922144334,3.4361547850379943,1.7943647486742214,6.066346770950966
2022-03-11,1000,0.007057606793985181,-0.019032747318142293,-0.01219587772196368,3.460405814394063,1.760213057816123,5.992362347513419
2022-03-14,1000,0.003916032138559907,-0.012423859582347152,-0.008474690360151594,3.4739568747756895,1.7383444179508016,5.941578932092412
2022-03-15,1000,0.005383136984300311,0.012966509559110505,0.018388991856979307,3.4926576605101585,1.760884677463187,6.050838578692259
2022-03-16,1000,0.010538105531151445,0.017453086283746932,0.0283341818919475,3.529463655520799,1.79161754967468,6.222284139579739
2022-03-17,1000,-0.005535760669298879,0.018266189412022047,0.012600148070815519,3.5099253894328473,1.8243435751909405,6.300685841077131
2022-03-18,1000,-0.0026868796842210653,0.014274059428127843,0.011492127237821106,3.5004946422108483,1.8503843638005393,6.373094124448326
2022-03-21,1000,-0.0006984717864147047,-0.004801852480000619,-0.005475698146258063,3.4980496454647683,1.8414990910542692,6.3381969847651565
2022-03-22,1000,0.00433678809282548,0.004575064881700763,0.008918800522204083,3.5132199455153326,1.8499240688754353,6.394726099342712
2022-03-23,1000,-0.005621011573991313,-0.010980166496353362,-0.016509559607792133,3.4934720955396137,1.8296115945935716,6.28915198763011
2022-03-24,1000,0.003986780170874663,0.0071485455714558775,0.011168617210972655,3.507399800817615,1.8426906564555878,6.359393118761578
2022-03-25,1000,0.001833389685575097,0.001805801630124646,0.0036243124950133773,3.5138302314356222,1.8460181902468307,6.382441546702607
2022-03-28,1000,-0.0015647468133265573,0.004814524153123842,0.003255112245611208,3.508331976778413,1.85490588941088,6.4032171103381765
2022-03-29,1000,0.010183319030856482,0.010390177643626873,0.02067631526245864,3.5440584405641027,1.8741786911140688,6.5356120460054985
2022-03-30,1000,-0.0030838423891307596,-0.008760693601157584,-0.011790757395558406,3.5331291229155344,1.8577595858473999,6.458552229939558
2022-03-31,1000,-0.0016788728954680004,-0.012804704022224786,-0.014462185798768408,3.527197448194883,1.833971524206173,6.365147447599122
2022-04-01,1000,0.005523795296105928,-0.00010000016136444212,0.00537008361754411,3.5466809648676594,1.8337881267578144,6.399328821630727
2022-04-04,1000,0.00032888962806041933,0.0012865003398002087,0.0016339429120242356,3.5478474314510438,1.8361472958060099,6.409784959600542
2022-04-05,1000,-0.002488814610445798,-0.013503253893814567,-0.015976758001772576,3.539017496928016,1.8113533326843003,6.307377376457603
2022-04-06,1000,-0.008721011966600611,-0.001898064378904826,-0.010543660469542809,3.508153682987298,1.8079152674459218,6.240874530946958
2022-04-07,1000,-0.0017600976331549343,0.0024102961151219945,0.0006395578885699939,3.501978989993128,1.8122728785915165,6.244865931484801
2022-04-08,1000,-0.00042533473471052205,-0.0010876644229196248,-0.0014922072219589202,3.5004894766884576,1.8103017338568503,6.235547297441674
2022-04-11,1000,-0.004830396421716019,-0.0021673475789515204,-0.007011279764140101,3.483580724846007,1.806378180776804,6.191828130856783
2022-04-12,1000,0.007128753618467839,-0.009462716387041204,-0.0024505112096211245,3.508414313543478,1.7892849363643737,6.176654986614071
2022-04-13,1000,0.0006942047244901436,0.01432821592582355,0.015024095469425187,3.510849871335409,1.814922197285426,6.269453640814662
2022-04-14,1000,0.0018724965474852732,-0.010278881227762614,-0.008431173643058856,3.5174239255982234,1.796266827581899,6.216594788521846
2022-04-18,1000,-0.0028940473905038227,-0.0006117674660987949,-0.0035080509620805823,3.5072443340650503,1.7951679299763519,6.194786657193107
2022-04-19,1000,0.0011194587641976295,0.020804112008424722,0.02194848485319146,3.5111705494730017,1.832514804665512,6.330752838307262
2022-04-20,1000,0.006331207700466669,-0.001136269776609789,0.0052119685091437775,3.533400499493477,1.8304325734777807,6.363748522739693
2022-04-21,1000,0.009300132053476408,-0.026781113402637013,-0.017809626900104743,3.566261590736586,1.7814115511515916,6.250412535863606
2022-04-22,1000,-0.004546745275893358,-0.022387545875701288,-0.02682844565718514,3.5500467076963047,1.7415301183266811,6.0827236828102
2022-04-25,1000,-0.006806641518990669,0.014067853840588939,0.007136662867617852,3.525882812381343,1.7660297094902844,6.126134031051292
2022-04-26,1000,-0.007051802780785758,-0.021683118978365362,-0.02856811429157477,3.5010189821602675,1.7277366771800784,5.9511219338867125
2022-04-27,1000,0.0012517117441760122,-0.0006983544431188229,0.0005354653696232177,3.5054012487368205,1.7265301045950303,5.954308553592714
2022-04-28,1000,0.010574307607670719,0.009850998411096152,0.02050968489851866,3.542468439829277,1.7435381499121057,6.076429545815455
2022-04-29,1000,-0.004659698749457806,-0.024950537968207582,-0.02953009217942554,3.525961604070211,1.7000359351037053,5.896992021205739
2022-05-02,1000,0.0009341751690792468,0.0056963800011426355,0.006583585297076352,3.52925546984786,1.709719985805654,5.935815371173526
2022-05-03,1000,0.0007772584442617388,0.006320402920050366,0.007104952715575628,3.5319986134637564,1.7205261049964085,5.977989058714101
2022-05-04,1000,0.0014031886486749348,0.02625320975129562,0.02763167973599722,3.5369546738253046,1.7656954377134586,6.143170937849785
2022-05-05,1000,-0.010165585318349714,-0.0265784658459814,-0.03645759513392355,3.5009994593213976,1.7187659618277862,5.919205698959172
2022-05-06,1000,-0.0061980931555913445,-0.006921165356373958,-0.013028298198186385,3.4792999385348486,1.7068700983970688,5.842088522016728
2022-05-09,1000,-0.015090992295468128,-0.020889334794362523,-0.03554423589040444,3.426793849968796,1.671214717461166,5.634435949497541
2022-05-10,1000,0.014325635610680766,-0.016388615131976616,-0.0023030811086361884,3.475884849976371,1.6438258226537998,5.621459386504433
2022-05-11,1000,-0.0011664214656795266,-0.017561441710226642,-0.018657056582069044,3.471830503275128,1.6149578712874997,5.516579500656616
2022-05-12,1000,-0.006601466734174914,0.0168509938253343,0.01006792993198192,3.448911329701063,1.6421715164047404,5.572120036533434
2022-05-13,1000,0.013008760978697341,0.017313994354790765,0.030646664946626753,3.4937773928258653,1.6706040647693703,5.74288693233546
2022-05-16,1000,-0.003667354141813948,-0.004010012358663664,-0.007634809128791701,3.4809644738337093,1.6639049218232114,5.699041086758847
2022-05-17,1000,0.017411266201777725,0.008325439870407337,0.025885150596972294,3.5415724729265596,1.6777576621999253,5.846561623547933
2022-05-18,1000,-0.012306247530105527,-0.027690197459649277,-0.03962221237643559,3.4979890054289173,1.6313002212441698,5.614907917227798
2022-05-19,1000,-0.008540652172608125,0.010009246821290417,0.0014153100105392018,3.4681138980299413,1.6476283077982286,5.622854752611307
2022-05-20,1000,0.010404771385316142,-0.01070183358129858,-0.00043722225953834673,3.5041988302771805,1.6299956638443354,5.620396315351314
2022-05-23,1000,0.008747143563816494,0.0022628122396499244,0.01102317541001555,3.5348505605217726,1.6336840379830586,5.682350929809237
2022-05-24,1000,-0.00839863243890747,-0.005391919186056218,-0.013639009351332849,3.505162649937484,1.624875345674704,5.604849292340014
2022-05-25,1000,-0.0038809184078363633,0.021630604597034735,0.017594023419354846,3.4915593996868814,1.6600223817964637,5.703461142051398
2022-05-26,1000,0.0061822370113302685,0.018394409720385075,0.024569308422795564,3.5131450474348838,1.690557513632237,5.843591237927889
2022-05-27,1000,0.006519452518206455,0.01852247309116365,0.02514569768234704,3.5360488297612074,1.7218708196875547,5.990532416576035
2022-05-31,1000,-0.00539541843512606,-0.004819105190722766,-0.010232567501178737,3.516970366717608,1.7135729430826443,5.929233889255421
2022-06-01,1000,0.004483301020725932,-0.014057064965015898,-0.009658412599006062,3.5327380035525757,1.6894851368994381,5.871966901956983
2022-06-02,1000,0.00173326703866049,0.02206931124238719,0.02382342041423333,3.538861181890357,1.7267709102250588,6.0118572381207676
2022-06-03,1000,-0.009803669895553346,-0.002999350647556763,-0.012771708171917773,3.504167355056916,1.7215917187772931,5.935075551904258
2022-06-06,1000,0.010338209518510675,-0.0059988511373404284,0.00423088692399043,3.54039417136142,1.7112641463370701,5.960186185449705
2022-06-07,1000,-0.009550863154876302,0.021030713452880566,0.011251846819240165,3.5065803511164257,1.7472532522408735,6.027249287422536
2022-06-08,1000,-0.006171733093422139,-0.008911142676524257,-0.015024895754139166,3.484938673118697,1.7316832292181341,5.936690495194803
2022-06-09,1000,-0.0051495908413272465,-0.017398765539107006,-0.02245766524714226,3.4669926648450176,1.7015540787249641,5.803366287377827
2022-06-10,1000,-0.017784507741497074,-0.011519049661964589,-0.029061739304612706,3.4053339069573676,1.6819537927896129,5.634710369244874
2022-06-13,1000,-0.02717444050564202,-0.01908233376802088,-0.04570116859271649,3.3127958633009094,1.6498581891332127,5.3771975206888865
2022-06-14,1000,0.0039132703128849835,-0.007975142549952798,-0.004102226884518828,3.325759729005413,1.6367003348876683,5.355139036456149
2022-06-15,1000,0.00986234562682414,0.003545051298878807,0.013455901339715822,3.3585595209246373,1.6425025215357372,5.427197258991163
2022-06-16,1000,-0.023854151869108754,-0.020114782764237546,-0.043420443060300094,3.2784439320510597,1.6094639401253334,5.191545949430121
2022-06-17,1000,0.004308494589592938,0.004821146571572473,0.00915214001653155,3.292569089994586,1.6172234016823381,5.239059704861562
2022-06-21,1000,0.016006915446971078,-0.0002320926551563185,0.01574305793482708,3.3452729650214397,1.6168480560090608,5.321538525319215
2022-06-22,1000,-0.014471911622274703,0.013434963243693242,-0.0012303988281800416,3.2968604703192645,1.6385703502121793,5.314990910553548
2022-06-23,1000,0.0037002520860892596,0.008104563058186631,0.01187652662371625,3.3090596851521084,1.651850246940749,5.378114541607546
2022-06-24,1000,0.009311919792430286,0.026483490774605423,0.03604293043465475,3.3398733835286096,1.695597007716634,5.571957549900312
2022-06-27,1000,0.0039709466299648125,-0.004073848490227993,-0.00013269377417262108,3.353135842485442,1.6886894024067125,5.571218185823486
2022-06-28,1000,0.006002351178813117,-0.022910229788360336,-0.017025266211483262,3.373262541362305,1.6500011401564059,5.476366713087585
2022-06-29,1000,-0.0006948349867699667,-0.0065373855469155915,-0.007236964896081806,3.370918680529006,1.639214446550353,5.436734439426899
2022-06-30,1000,-0.013928582114567392,0.004424522960816032,-0.009547127894852842,3.3239665628857287,1.6464671885068163,5.38482924040334
2022-07-01,1000,-0.0018568095339133075,0.014386156089067723,0.012528221365192353,3.3177945900813532,1.6701535224762039,5.452291573140873
2022-07-05,1000,-0.01595445821465968,0.019254637597050407,0.00294059873855309,3.2648609749290762,1.7023117232829204,5.468324574863075
2022-07-06,1000,-0.0005479176816755285,-0.003570119903752241,-0.004109996899035253,3.2630720998727,1.6962342663172372,5.44584977781747
2022-07-07,1000,0.007439833559347818,0.012331112515179054,0.019873635595059943,3.2873488131879043,1.7171507219072972,5.5540786118072525
2022-07-08,1000,-0.002781655151636886,-0.0008937591064625729,-0.0037366161946738525,3.2782045424264727,1.7156160028124237,5.5333251517198825
2022-07-11,1000,-0.007955922772655907,-0.004751284185229698,-0.012659608753827616,3.252123400253958,1.707464623630334,5.463275420191395
2022-07-12,1000,-0.0031802581423602248,-0.0011556418636745791,-0.004364642476789188,3.2417808083303403,1.7054914060305233,5.4394301762300294
2022-07-13,1000,-0.01536730306772143,0.011543217386309257,-0.004053594549028104,3.191963380169605,1.7251782640808158,5.417380931717845
2022-07-14,1000,-0.016119609601677486,0.0062347895890109495,-0.009982487513124912,3.1405101766184202,1.7359343875608948,5.36330199421313
2022-07-15,1000,0.014346062696767779,0.006245617591998495,0.02068724982096505,3.185564132512025,1.7467763699104002,5.474253962432698
2022-07-18,1000,0.009493851475211026,-0.012114796470172934,-0.0027247093147458484,3.2158074052508536,1.7256145297100283,5.459338211669973
2022-07-19,1000,0.012417305523836367,0.01997567174061006,0.032614722472943856,3.255739068307669,1.760084839106343,5.637393012329526
2022-07-20,1000,-0.0008406875838025243,0.012238063250623307,0.011383035894323015,3.253002008896842,1.7816248686937897,5.7015636593392784
2022-07-21,1000,-0.0037806756580785928,0.012136313269590839,0.008327043713739041,3.240703463386125,1.8032472262291512,5.749040829167263
2022-07-22,1000,0.002594395900903635,-0.010927309504969703,-0.008370321688942408,3.2491111311675778,1.7835425856741671,5.700919508024269
2022-07-25,1000,0.0018774751701797789,0.0010775216196529274,0.002975172741342554,3.2552112566414997,1.785464391369803,5.71788072834513
2022-07-26,1000,-0.0054470440269063424,-0.0045531510394659115,-0.009966839090817876,3.2374799776096923,1.777334902320308,5.660891531185226
2022-07-27,1000,0.0069610201936977575,0.015161247343356119,0.02227279610081268,3.2600161411105257,1.8042815163863661,5.786975414008132
2022-07-28,1000,0.0028781847218243384,0.013093644706584112,0.01602102804714735,3.2693990697607713,1.827906137512586,5.879688709424108
2022-07-29,1000,0.000442745615125276,0.009817180499435554,0.010254389799589689,3.2708465818630024,1.8458510220005733,5.939981329350789
2022-08-01,1000,-0.006862534903124876,0.0065849860203221625,-0.0003432929238338308,3.248400283032201,1.8580059251760446,5.937942175792718
2022-08-02,1000,-0.00403222053644256,-0.0020176048008502777,-0.006110618660280517,3.2353020167003725,1.854257203501401,5.901657675529652
2022-08-03,1000,0.006289556390300449,0.0060317292961291225,0.012359750097190831,3.2556506311740625,1.8654415809983191,5.9746006895583665
2022-08-04,1000,-0.0012137416749601305,-0.0019513303076263374,-0.0031427029784883757,3.2516991123238963,1.8618014883042109,5.955824294176012
2022-08-05,1000,-0.009096027575599545,0.013279940759759825,0.004082141745786445,3.2221215675306456,1.8865261017753236,5.980136813157837
2022-08-08,1000,0.005432204183501957,5.926331290243414e-05,0.005480395377797837,3.2396247897895374,1.8866379035619918,6.0129103273072655
2022-08-09,1000,-0.00291211182810841,-0.008101633379528227,-0.010891754591955618,3.2301906401205582,1.8713530549474109,5.947419183638799
2022-08-10,1000,0.01834288650040179,0.0069885870734238435,0.025490652398883918,3.28944166040695,1.8844311687170285,6.099022778719389
2022-08-11,1000,0.008239530719516625,-0.004088748122757284,0.004125225196807428,3.316545116017931,1.8767262043134716,6.124182621162064
2022-08-12,1000,0.005013567234108386,0.011404261816416636,0.0164606706558791,3.3331728379420404,1.8981288813051924,6.224990774325472
2022-08-15,1000,-0.0068872882613413,0.00894822938486775,0.0019832108141417965,3.3102163157822604,1.9151137739371535,6.237336243347047
2022-08-16,1000,-0.002978977851292093,0.007072487352869541,0.004066791670958776,3.3003552546945594,1.9286583918826303,6.26270219043046
2022-08-17,1000,-0.01071566988390045,-0.0021518512504202065,-0.012828389413414198,3.264989737285656,1.9245082059104244,6.182361807951375
2022-08-18,1000,0.0013613019498950702,0.003291992780344094,0.0046785647029355506,3.2694343741814103,1.9308436730299945,6.211286387686833
2022-08-19,1000,-0.0070324943902766454,-0.009835738620986816,-0.016768517959832654,3.2464420952856017,1.9118523993440852,6.107132320341242
2022-08-22,1000,-0.013555750344593205,-0.009637989040081169,-0.023053497921512227,3.202434136733732,1.8934259868729542,5.966341558087856
2022-08-23,1000,0.0013381722381845258,-0.0015067899347172657,-0.00015290029763234946,3.2067195451901234,1.8905729916538019,5.9654293026878475
2022-08-24,1000,-0.00031326508286334153,0.005516962060034342,0.005192340381981934,3.20571499192608,1.9010032111204815,5.996403842152053
2022-08-25,1000,0.004578193799058458,0.01191378818276143,0.01653199283249353,3.220391376423665,1.92365136071252,6.095536347491248
2022-08-26,1000,0.0010449853983342163,-0.034332398678651004,-0.03332939369103632,3.2237566383889495,1.8576077952778083,5.892375816807691
2022-08-29,1000,-0.008578895510644412,0.0016781225539398408,-0.006921260512614893,3.1961003670364647,1.8607250888154383,5.851593148741333
2022-08-30,1000,0.00415620665244264,-0.015204394254658568,-0.011113498616575809,3.2093840206438156,1.8324338909655538,5.786561476378032
2022-08-31,1000,0.0036916270934106554,-0.011309001103140037,-0.007709096846368895,3.2212318696475832,1.811710894071193,5.741952313549167
2022-09-01,1000,-0.008784125618529863,0.0037403554829062405,-0.004978323146592043,3.192936164258187,1.8184873368472734,5.713367019439997
2022-09-02,1000,0.011503450280268857,-0.018526893701582614,-0.0072517073024511765,3.2296659466718034,1.78479641525983,5.671935354103541
2022-09-06,1000,0.0036262131577924454,-0.00883965573261059,-0.00524985311092219,3.241377403822899,1.7690194293961354,5.642158526639851
2022-09-07,1000,-0.0008094774360155475,0.024233529965889993,0.02341082007573512,3.238753581952894,1.8118890147486484,5.774246084745791
2022-09-08,1000,-0.008054575573918518,0.017924708590592905,0.009679178318580586,3.212666796461755,1.8443665973365144,5.830136042255411
2022-09-09,1000,0.007581145340913074,0.01025852142462919,0.017936877279706807,3.237022490377657,1.8632870715901615,5.934710476969342
2022-09-12,1000,0.006125844650141624,0.003995194630828377,0.010138996301645229,3.256851987282725,1.8707312660942703,5.994882484546669
2022-09-13,1000,-0.025020049568240117,-0.016209052304233224,-0.04083912655431347,3.17536538912449,1.840408485154984,5.75005672008203
2022-09-14,1000,0.0015692134012675728,-0.0017268803235745193,-0.00013279136745478982,3.180348215047025,1.8372303199546303,5.749293162187228
2022-09-15,1000,-0.003637740667974378,-0.0039882929761677986,-0.007606834760245801,3.168778933006829,1.8299029071739528,5.705559239114258
2022-09-16,1000,-0.010653492654518837,-0.0021902865940243077,-0.012808382138322052,3.1350203699202464,1.8258948953680034,5.632480256066849
2022-09-19,1000,-0.009410185151326467,0.018633033609597196,0.009014442484876994,3.105519247786117,1.8599168563209874,5.683253925382369
2022-09-20,1000,-0.009167563117472575,-0.008202231728658891,-0.01728984350589754,3.077049204069512,1.844661387269404,5.5849913544082295
2022-09-21,1000,0.00659430546664541,-0.021820251180471612,-0.015375890118333058,3.0973402064570443,1.8044104124562683,5.499117141031008
2022-09-22,1000,-0.001812674302786172,-0.01739150034964369,-0.01918159452923897,3.0917257374578133,1.7730290081371345,5.393635305762964
2022-09-23,1000,-0.013216618719945065,-0.005623546712131362,-0.018725542339276546,3.0508635771991925,1.7630582966879114,5.292636559482283
2022-09-26,1000,-0.004163388982832007,-0.01141345954938767,-0.015519497742446249,3.038161645393758,1.7429357021354517,5.210497498345809
2022-09-27,1000,0.012362262812962136,-0.012305910672819099,-8.368646000538826e-05,3.0757201981223767,1.7214872910765056,5.210061450255306
2022-09-28,1000,0.006079983989468013,0.020144780508305808,0.02630588107140749,3.0944205276830443,1.7561662747030795,5.347116707140447
2022-09-29,1000,-0.012223441106410826,-0.008768326511528543,-0.020855491019685098,3.056596060604442,1.740767635397948,5.235599962673471
2022-09-30,1000,-0.0015761886238905621,-0.008370546876456232,-0.00992995158085177,3.0517782886658886,1.7261964583048317,5.183610708547414
2022-10-03,1000,0.012981505766082195,0.016091641768472095,0.0292896820386207,3.0913949661170097,1.7539737933338782,5.335437018012757
2022-10-04,1000,0.01777047950168537,0.020374659387956334,0.03854199625173487,3.146330536994005,1.7897104119484577,5.541075411562372
2022-10-05,1000,-0.014544388560048714,0.009893550523731599,-0.004854022373362009,3.1005690831256176,1.8074170023319183,5.5141789075421626
2022-10-06,1000,-0.004186503488193169,-0.005136848871987755,-0.009317947872324324,3.087588539843728,1.798132574342278,5.462798075923015
2022-10-07,1000,-0.011356207213587727,-0.015863836879939516,-0.027002528141024357,3.052525244594964,1.7696072924944064,5.31528871714917
2022-10-10,1000,0.0037684291505475733,-0.010177349891448426,-0.0064265421683328185,3.064028469709478,1.751597379908232,5.281129790071547
2022-10-11,1000,-0.004799421490491774,0.0013149821679547618,-0.0034873486062372686,3.049322905624476,1.7539006992282478,5.262712649458783
2022-10-12,1000,0.0006719663037912622,-0.005389669887426157,-0.004727269884071608,3.0513719478664347,1.7444477534440817,5.237834386442474
2022-10-13,1000,-0.021463680470374676,0.044112437057728604,0.02164953183272205,2.9858782753811646,1.8213995951683797,5.351231048726286
2022-10-14,1000,0.008609036485398992,-0.03269056981915957,-0.02438350090905612,3.0115838103948813,1.7618570045339388,5.2207493015851
2022-10-17,1000,0.01970915630444005,0.007642257260440213,0.02750559811073745,3.0709395864378752,1.7753215690186956,5.364349133711412
2022-10-18,1000,0.021728240247210387,-0.006714852650738645,0.014821988336987465,3.137665699556666,1.7634005462750568,5.443859454006812
2022-10-19,1000,-0.008581124765347512,-0.008004185591171635,-0.01646180191828702,3.110740998716819,1.7492859610310978,5.354243718003958
2022-10-20,1000,0.0004698996265396437,-0.012325341247695947,-0.011874001085435161,3.1122027347503773,1.727725414621586,5.290667422284694
2022-10-21,1000,-8.190889170597305e-05,0.022477863261924535,0.022393988521246785,3.1119478176736095,1.7665609902456016,5.4091465678090715
2022-10-24,1000,0.004898346866630351,0.0031125028319727408,0.008043841991874348,3.127191217515428,1.7720594163305936,5.452656888111417
2022-10-25,1000,0.0004860630916056818,0.02456126067890341,0.025113080451569,3.128711229746656,1.8155834295935946,5.58958989921736
2022-10-26,1000,0.0006238276441950784,0.00044609993833398043,0.0010419979700798548,3.130663006302475,1.8163933612495766,5.595414240545923
2022-10-27,1000,0.006646073684056456,-0.005372434996271577,0.0011773618916962115,3.1514696233223116,1.806634905988604,5.602002068040996
2022-10-28,1000,0.0008095117626540901,0.020303246107383065,0.021152000428453006,3.154020775052038,1.8433154591110796,5.720495618184394
2022-10-31,1000,-0.005318759041315559,0.001591833437797924,-0.0037415903457734987,3.1372452985382333,1.8462497102953026,5.699091867006356
2022-11-01,1000,0.01175731942407548,-0.008394032838515234,0.0031749373638466994,3.174130893624826,1.8307522295989846,5.7171861267149096
2022-11-02,1000,-0.004139668276874445,-0.025338332539596324,-0.029346988409740572,3.16099104465784,1.7843640208077982,5.549403931717878
2022-11-03,1000,-0.012880596980363803,0.007213624638599228,-0.0056536556131539396,3.1202755929530634,1.7972357530725274,5.518029513029663
2022-11-04,1000,0.015039449700939187,-0.0004957315977827427,0.014602783820120263,3.167202820786349,1.7963448065210645,5.598608105121479
2022-11-07,1000,0.0060109714717428535,0.0018329295545515935,0.00786223783988346,3.1862407865873195,1.7996373800071024,5.642625693616243
2022-11-08,1000,0.0029334279277129986,0.002165288843398267,0.005104541879360129,3.1955873942951127,1.8035341147481943,5.6714287127788605
2022-11-09,1000,-0.008476975450204509,-0.011730694838736356,-0.020166978862768033,3.16849847840469,1.7823774064168327,5.557053129806553
2022-11-10,1000,0.04041149011276435,0.022203029028277414,0.0637414665416696,3.2965422233370503,1.8219515837108513,5.911267845950397
2022-11-11,1000,0.003491234023942914,0.009332452405101431,0.01283629180745198,3.3080512237085293,1.8389548601502321,5.9871466049730255
2022-11-14,1000,-0.0049537615110483045,-0.007868104115473323,-0.012777178574523094,3.291663926879946,1.8244857718469143,5.910647763649435
2022-11-15,1000,0.017506132349749997,-0.0031402645979253215,0.014265748727642982,3.3492882312348042,1.8187564037681652,5.994967579463263
2022-11-16,1000,-0.007190562527118002,-0.007491258829103301,-0.01459592439212775,3.32520496478677,1.8051316288004489,5.90746548594016
2022-11-17,1000,-0.014966011959435551,0.008078017449711844,-0.007012380682019781,3.2754399075161964,1.8197135135969258,5.866040089086855
2022-11-18,1000,0.013909262814993549,-0.00689828193949417,0.006821136999121815,3.320998862024557,1.8071606167310266,5.906053152176857
2022-11-21,1000,-0.004626222410164564,0.0017242493404302584,-0.002885527099640284,3.305635182664928,1.8102766122324767,5.889011075754334
2022-11-22,1000,0.00561495389304622,0.008902946233370004,0.014602713331559134,3.324196171802823,1.8263934075787098,5.975006616299952
2022-11-23,1000,-0.0009801419082436928,0.006204202698497004,0.005223566659154396,3.3209379878236156,1.8377247224865267,6.006217461649084
2022-11-25,1000,-0.00045700496402500425,0.003334207048867582,0.002865747511046511,3.319420302677961,1.8438520772101195,6.023429764390609
2022-11-28,1000,-0.00824951042775628,-0.009538695945101046,-0.017712060389853488,3.2920367102769132,1.8262641328778693,5.916742412649681
2022-11-29,1000,0.0007984832616885861,0.0024319980962915592,0.0032237275119678115,3.2946653464869335,1.8307056037723537,5.9358163779465665
2022-11-30,1000,0.0001071151944157882,0.026810106294329426,0.026892857515201173,3.295018255206058,1.879787015603115,6.0954474420350815
2022-12-01,1000,0.004638599761425234,-0.0029540075927067264,0.001685251805368214,3.310302526098549,1.8742341104863518,6.105719805841298
2022-12-02,1000,-0.012856258743372654,0.013340331446981987,0.00028461406352381835,3.2677444203041857,1.8992370147294793,6.107457579565977
2022-12-05,1000,-0.007746440188020065,-0.014885629172950927,-0.022551393997953053,3.242431033602563,1.870965676816674,5.9697258973634
2022-12-06,1000,-0.00020853560021838924,-0.012527714306998486,-0.012725304188145001,3.2417548713008038,1.8475267533393147,5.893759319399604
2022-12-07,1000,-0.002703646038893512,0.0011524508498514604,-0.0015242308616586955,3.2329903135839477,1.849655937116324,5.884775869553787
2022-12-08,1000,0.005537736857772384,0.003042961088161311,0.008589129410132363,3.250893763204303,1.8552843681594553,5.935320971047008
2022-12-09,1000,-0.003975389842421474,-0.0033073333986030555,-0.007294190312259367,3.2379701931592693,1.8491483242047355,5.892027610319847
2022-12-12,1000,0.0014183439121349558,0.012222100240756553,0.013650506277608086,3.242562748470411,1.8717488003831928,5.972456770202357
2022-12-13,999,0.029430817092201533,-0.02047085958359586,0.008270431593392115,3.3379940196306297,1.8334324935147845,6.021851565364807
2022-12-14,1000,-0.0012368955800805654,-0.0043485063111138676,-0.0055806577027429655,3.333865269581413,1.8254598007457343,5.98824567304178
2022-12-15,1000,-0.01348890542625475,-0.010554527960695238,-0.023896306414350168,3.288895076256154,1.8061929342376384,5.845148719554367
2022-12-16,1000,-0.010518587837929203,-9.746550795368092e-05,-0.010628051679338807,3.2543005445068207,1.8060168927258407,5.783026176889522
2022-12-19,1000,-0.0002399457042215083,-0.012176367782927022,-0.012411436450693631,3.2535196890709206,1.7840261668178319,5.71125051500236
2022-12-20,1000,-0.003083616669387334,0.005660315090382307,0.002550499361300191,3.2434870815235217,1.7941243170515075,5.725817055793098
2022-12-21,1000,0.008266230262518432,0.008280226453546558,0.016604261096721685,3.2702984925928993,1.8089800726825087,5.820890017179549
2022-12-22,1000,-0.00928408101452692,-0.002895335346083578,-0.012160509140342007,3.2399367764459814,1.8037424687377102,5.750105030920711
2022-12-23,1000,-0.001637110816138276,0.00815495802243807,0.006505549086965319,3.2346326409056574,1.818451912853555,5.787512621454571
2022-12-27,1000,5.435188951863135e-05,-0.0016118582501121867,-0.001539445855033144,3.2348084493015894,1.8155208261353897,5.77860305913852
2022-12-28,1000,0.00019659739929600296,-0.015338650937662455,-0.015144760169030911,3.2354444042299426,1.7876731859132424,5.691087501695839
2022-12-29,1000,0.0073161102688702314,0.014252673261808983,0.021688255981327228,3.259115272260088,1.8131523077309608,5.81451726424475
2022-12-30,1000,-0.008606295969198619,0.004792470013603022,-0.003895452006521315,3.2310663616292823,1.8218417857958566,5.791867091300795
2023-01-03,1000,0.0074958663239404625,-0.010813406241111065,-0.0034073733721029366,3.255286003159836,1.8021414704590148,5.772132037599137
2023-01-04,1000,0.007796940635480905,0.007068383224230238,0.01491833205555193,3.280667274877985,1.8148796969964969,5.858242620004531
2023-01-05,1000,-0.007483963099264537,-0.00391860747297191,-0.011348571254680516,3.2561148820518335,1.8077678958533014,5.791759936204204
2023-01-06,1000,0.009393892127653746,0.014752633564106837,0.02428775689521155,3.2867024740090764,1.8344372331897816,5.932428793530158
2023-01-09,1000,0.005288648493018743,-0.0031514057366516875,0.002147849585690306,3.3040846880952457,1.8286561771695797,5.945170758256479
2023-01-10,1000,-0.001657407824381682,0.010484961512518473,0.008790135010500801,3.298608472280777,1.8478295668068319,5.997429611882035
2023-01-11,1000,0.004504861675948936,0.008142950491362627,0.01268711804314957,3.3134682471715147,1.862876351485816,6.073519709323463
2023-01-12,1000,0.0038477678838232474,0.0031829774773450194,0.007057371819721076,3.3262177038770497,1.8688058449556741,6.1163827961665636
2023-01-13,1000,-0.00840893351491921,0.012380373862837857,0.0038328682959418168,3.298247760349,1.891942359993282,6.139826085871834
2023-01-17,1000,-0.0004146623668293209,-0.0009577172514107496,-0.0013848311435641922,3.2968801011263045,1.890130414156442,6.131323463492051
2023-01-18,1000,0.003956958316402522,-0.018667742519738923,-0.014799459915938019,3.3099257182606383,1.8548459462562419,6.04058318766245
2023-01-19,1000,-0.0067777477312737835,-0.003993483888980211,-0.010740789199571192,3.2874918767330126,1.8474386488533272,5.975702557001293
2023-01-20,1000,0.004678900934001558,0.013366899901968236,0.018112943795333177,3.3028737255455813,1.872133176347577,6.083940121553886
2023-01-23,1000,0.0024074229750532215,0.010977300145309662,0.01342208368211389,3.3108251396361594,1.8926841441363365,6.165599274982353
2023-01-24,1000,-0.0036332661775189744,0.0012004382274134002,-0.0025085958712114972,3.2987960306366397,1.8949561945353768,6.150132278097587
2023-01-25,1000,-0.00984936046630963,0.011766961062599595,0.0017623209324818543,3.2663049994260684,1.9172540702918066,6.160970784948812
2023-01-26,1000,0.006758090707252705,0.002512665563537044,0.009277586092301482,3.2883789848897425,1.92207148857078,6.218129721818329
2023-01-27,1000,-0.0029163973214389274,0.005735449981647605,0.0027808900599777643,3.278788765226334,1.9330954334546284,6.235421656953386
2023-01-30,1000,-0.00706375427056923,-0.004643314675139143,-0.011663905108206344,3.2556282070836717,1.924119463060024,6.162692290437026
2023-01-31,1000,0.0028649896985589816,0.017313203165825835,0.020235979162664616,3.2649555483593047,1.957432134239302,6.2874004032122235
2023-02-01,1000,-0.003233161599274006,0.0166887659432312,0.013426476420870819,3.254399419457013,1.9900992609773809,6.371818036474527
2023-02-02,1000,0.00650423504809816,0.006188402891746422,0.012811296437441914,3.2755667982215555,2.0024147969988757,6.453449286185241
2023-02-03,1000,-0.011034102300754035,0.00116019757720284,-0.009906200501518225,3.2394238590770255,2.004737993794909,6.38952012362991
2023-02-06,1000,-0.007370047846493909,-0.002217670502694421,-0.009572956273207573,3.215549150240554,2.000292145480439,6.328353526879622
2023-02-07,1000,-0.0036816902578857263,0.012823752754268444,0.009107760385080812,3.2037104942603607,2.0259433973903858,6.385990654434523
2023-02-08,1000,-0.005081041508439709,-0.0053232491872763354,-0.010387411390873331,3.187432308258,2.0151587958467596,6.31965674236864
2023-02-09,1000,0.007545611224232818,-0.017716449642277605,-0.010318709366368549,3.2114834332596742,1.9794573365189478,6.254446041148926
2023-02-10,1000,-0.0036315505523179087,0.005852229836573927,0.002268502458870631,3.1998207688238605,1.9910415758039492,6.268634267372146
2023-02-13,1000,0.0010435149701376477,0.01033979158567909,0.011384207822218283,3.2031598296978854,2.0116285307361843,6.33999770263339
2023-02-14,1000,-0.004007552771753625,0.004818608124345878,0.0007596149694790874,3.1903229976440097,2.021321780317556,6.344813659794773
2023-02-15,1000,-0.006106144151615524,0.01338166944577593,0.007237029385793243,3.1708424255301813,2.048370440225313,6.3907312626980906
2023-02-16,1000,-0.012415042005054036,0.0018481985763435609,-0.010562743481320646,3.1314762836258168,2.0521562355567617,6.323227607712154
2023-02-17,1000,-0.003040719186599586,0.0003541628871196111,-0.0026520376601423495,3.1219543436078143,2.0528830331339667,6.306458169962849
2023-02-21,1000,-0.009635178807748258,-0.013197848988305262,-0.022698559888001065,3.091873755277527,2.0257893928720105,6.163310651510774
2023-02-22,1000,0.001747329974893716,-0.0010892743790316402,0.0006378045643517001,3.0972762789687107,2.023582752389041,6.167241639175826
2023-02-23,1000,0.006855155176934853,-0.0017525733795781273,0.005074853666335799,3.118508588486881,2.0200362751258307,6.198539488019576
2023-02-24,1000,-0.012052192042525119,0.0043287463583582785,-0.007762206723958607,3.0809237240921727,2.028780499795533,6.150425143126948
2023-02-27,1000,0.00816121311999776,-0.006462887555716032,0.0016159416194803625,3.1060677992109462,2.0156687195501255,6.1603638710932245
2023-02-28,1000,-0.00037935492970051643,-0.001475324879789858,-0.0018699827163485116,3.1048894970793315,2.0126949533387593,6.148844097127863
2023-03-01,1000,-0.0016546156842923542,0.0011940603976715817,-0.00047848439152858223,3.0997520982194695,2.0150982326751348,6.145901971201445
2023-03-02,1000,-0.00623590835859634,0.01299852577443503,0.006650991201024684,3.0804223282006062,2.041291538990581,6.186778311134265
2023-03-03,1000,0.0038277452585322455,0.008872357811787867,0.012709688176180074,3.092213400161653,2.0594026079226806,6.265410334283936
2023-03-06,1000,0.0004588339933702691,-0.007828424799509067,-0.0073862405514518075,3.093632212784402,2.043280729474645,6.219132506401363
2023-03-07,1000,-0.0004367424846967227,-0.013646824211365236,-0.01406861416861485,3.0922810921650528,2.0153964365450343,6.1316379307053115
2023-03-08,1000,0.0004843452260095941,0.0008629235071888451,0.0013501170247899083,3.0937788237495223,2.0171355695064337,6.139916359465404
2023-03-09,1000,0.0009459541344428013,-0.02404250101762876,-0.02309417686670195,3.0967053966188995,1.9686385855238802,5.998120045113153
2023-03-10,1000,-0.0034731148134083327,-0.02122978037348252,-0.02465125688050977,3.085950183233141,1.9268448207184448,5.8502588470809345
2023-03-13,1000,-0.01706559579826591,0.005024612818697264,-0.012872411086015365,3.0332866047524996,1.936526469904267,5.77495191024171
2023-03-14,1000,0.02202421129250941,-0.005679333063500503,0.015847834539883244,3.1000923498463067,1.9255282910953957,5.866472392591003
2023-03-15,1000,-0.020329693280511908,0.0038547687090410695,-0.016532037778712053,3.03706842323267,1.9329507573002835,5.769487649368918
2023-03-16,1000,-0.008179831515269933,0.023223357520595907,0.014786843605463992,3.0122257152302803,1.9778403638067747,5.854800160923792
2023-03-17,1000,-0.004430906796016769,-0.01552200241160459,-0.019866007893048016,2.99887882383753,1.9471403209099971,5.7384886547146605
2023-03-20,1000,0.006436376030924226,0.007322845282396432,0.013738778396856695,3.0181807356189245,1.9613989282231366,5.817328478674662
2023-03-21,1000,0.01424061663141326,0.002312359910781568,0.016639063185204642,3.0611614903991904,1.9659343884738094,5.914123374800421
2023-03-22,1000,-0.0006173762059172627,-0.023025736654095085,-0.023665821493583556,3.0592716021325477,1.920667300965582,5.774160786721365
2023-03-23,1000,0.004545410507522796,-0.008680302865719294,-0.0041956587957346645,3.0731772474182475,1.903995327088917,5.749934378228571
2023-03-24,1000,-0.007805975819852275,0.015101852517235106,0.007158478899953335,3.0491881001347805,1.9327491837121185,5.791095162151236
2023-03-27,1000,0.01069168504655659,-0.0022225016134082764,0.008419018325363573,3.0817890589491297,1.9284536455330046,5.839850498445312
2023-03-28,1000,-0.0019314144576700204,0.0038036679219374684,0.0018780846420700709,3.0758368470051862,1.935788842803462,5.850818231978427
2023-03-29,1000,0.010279427235620347,0.004027622679483055,0.014352780491888803,3.107454688062616,1.9435854698494275,5.934793741759955
2023-03-30,1000,0.008978098023421026,-0.004962891586730037,0.003954051007068412,3.1353537208553814,1.933939665873021,5.958260218931303
2023-03-31,1000,0.005393817475870505,0.01125210443005317,0.016700963583791577,3.152265246547967,1.9557005569548462,6.05776890587043
2023-04-03,1000,0.0006413229468585462,-0.0004841577170904138,0.0001610634910641856,3.1542868665851627,1.9547536894378785,6.05874459127847
2023-04-04,1000,0.0022964838153844316,-0.015551526201720222,-0.013298752619093954,3.161530635323355,1.9243542862186762,5.978170845776783
2023-04-05,1000,-0.004527932150850267,-0.0009379196419458846,-0.005437471479855732,3.1472154391137765,1.9225493965355689,5.945664712301167
2023-04-06,987,-0.0011823126267837979,0.0011054385701425816,-9.16617904126135e-05,3.1434944465609034,1.9246746567915036,5.945119722028444
2023-04-10,1000,-0.004574395558942424,0.01311805063687889,0.008472087417157374,3.1291148595249947,1.949922636398812,5.995487296018935
2023-04-11,1000,0.00352647104371118,0.0036752387976029645,0.0072135028739344865,3.140149592469556,1.957089067724429,6.038735760859405
2023-04-12,1000,0.007542834697478044,-0.013206937388082578,-0.00580321465188583,3.1638352217709067,1.9312419149440916,6.003691681013119
2023-04-13,1000,0.0024962492267655316,0.006181896175565714,0.00869674649553716,3.171732942996866,1.9431806519521768,6.0559042656002555
2023-04-14,1000,0.0003416074201398499,-0.005179563625898663,-0.004872055281253294,3.172816430504896,1.9331158241287754,6.026399565240273
2023-04-17,1000,0.00018194493009701863,0.007223710753830285,0.007375491326733588,3.173393708368555,1.9470800936959338,6.070847222965134
2023-04-18,1000,0.0035213602356271223,-0.00375321084522366,-0.00025595724594978876,3.1845683707851933,1.9397722915717552,6.0692933456293625
2023-04-19,1000,-0.004449621080347492,0.005265402032190663,0.0007979721791659654,3.1703982482307396,1.9499859725377844,6.074136472866372
2023-04-20,1000,-0.006886743184748006,0.0015111716837374614,-0.005394927184447933,3.1485645297017992,1.9529327361231688,6.041366948886859
2023-04-21,1000,0.0015135276738198122,-0.0019356034228457204,-0.0004230222171092182,3.1533299692503105,1.9491526328345412,6.038811316445771
2023-04-24,1000,-0.00019431356329283045,0.0007513362423564604,0.0005519991964063032,3.1527172344677474,1.9506171018494745,6.042144735439698
2023-04-25,1000,-0.006342703153138851,-0.013443005805519244,-0.019679990175450714,3.1327204849237336,1.9243949448249669,5.923235386407593
2023-04-26,1000,-0.00220580710600896,-0.0064647733762469555,-0.008648684938309989,3.1258103078169492,1.9119541676202783,5.872007189735105
2023-04-27,1000,0.003540963262750389,0.012194936017583823,0.015781762333517163,3.1368786872832555,1.9352703263629605,5.964677811624209
2023-04-28,1000,-0.0016463759836322148,0.011954637333977754,0.010280896183059019,3.131714205548944,1.9584057812578386,6.026000044970912
2023-05-01,1000,-0.0009799967506661307,0.0003893140798143406,-0.0005937454744004916,3.1286451358034912,1.9591682162024722,6.022422134715473
2023-05-02,1000,-0.004069387051428823,-0.011920387444607631,-0.01593940662200092,3.115913467799337,1.935814171996178,5.9264282994609045
2023-05-03,1000,0.00251473957849012,-0.006706894547436588,-0.004204353069264071,3.1237491787199625,1.9228308704811663,5.901511502450293
2023-05-04,1000,-0.004352200725044944,-0.008233921186314922,-0.012583053464160951,3.110153995279479,1.906998432639011,5.8272524676956
2023-05-05,1000,0.013240053328218404,0.007721560495013403,0.02110041706482088,3.1513326000359507,1.921723436400529,5.950209925105984
2023-05-08,1000,0.004077746017329804,-0.005267816829516396,-0.001278894385435263,3.1641829339950287,1.911600149340582,5.942600235040604
2023-05-09,1000,-0.0054756489827655274,0.0021390431612620694,-0.0033606981909195537,3.146856978931215,1.9156891445670965,5.9226289491813455
2023-05-10,1000,0.009456034537019759,-0.008352430126399638,0.0009854392436114286,3.1766137672070505,1.8996884848431976,5.928465340173219
2023-05-11,1000,-0.004652829879547203,-0.00136371400424912,-0.006007944024876344,3.1618335237552087,1.897097853052706,5.892847452256039
2023-05-12,999,0.00395500492881707,-0.004964417122119413,-0.0010201207117671665,3.1743385909257595,1.8876798679886753,5.886836036518708
2023-05-15,1000,0.002403554729562595,0.006735045717539687,0.009164362640231821,3.1819682874592123,1.9003934781996583,5.94078513676095
2023-05-16,1000,-0.004679095528406006,-0.01009981187574718,-0.014742283403864643,3.1670795538738323,1.881199861579945,5.853204398633354
2023-05-17,1000,0.005981147749730311,0.010863859567932404,0.016946645809351138,3.1860223246207013,1.9016369526953636,5.95239658042673
2023-05-18,1000,-0.0018265065495612729,0.010503387302699141,0.008670985573004787,3.180203033977733,1.9216105821186475,6.0040097253004125
2023-05-19,1000,0.004645364301539104,-0.010482161231537009,-0.005894711820157934,3.19497623562342,1.9014679501726521,5.968617818204342
2023-05-22,1000,0.0013110332788450996,0.004188187587943078,0.005505781354397173,3.1991649557934414,1.9094316546404366,6.001479722899335
2023-05-23,1000,-0.0034351799715820848,-0.0061511652916136535,-0.009541704417549458,3.1881752484115125,1.897686424919704,5.944215377315513
2023-05-24,1000,-0.00457887243331156,-0.006296557215784033,-0.010869889002087466,3.1735770006539945,1.8857375337675806,5.879602415959591
2023-05-25,1000,0.0005934782710468967,-0.0016263463085462856,-0.0009958531576512498,3.1754604496453767,1.8826706714906505,5.873747195327924
2023-05-26,1000,0.00266047535027892,0.007755784138259922,0.010481055433128305,3.183908683897444,1.8972722588221647,5.935310265282338
2023-05-30,1000,0.0032390885762190887,-0.004781930840224965,-0.0015890997030453032,3.194221646143181,1.8881996340953997,5.925878465502295
2023-05-31,1000,-0.005714829338201964,-0.00470274373456342,-0.01035711034084811,3.175967214567082,1.8793199150965525,5.864503488368633
2023-06-01,1000,0.0014224850751822298,0.007439871766116712,0.008878110007817734,3.1804849805290716,1.8933018142723803,5.9165691954796
2023-06-02,1000,0.010975692427617855,0.016690651179393293,0.027871734033825618,3.2153930054460167,1.9249022544317134,6.081474238488733
2023-06-05,1000,-0.0017793318365296783,-0.005149311093253186,-0.006938921071300062,3.209671754304472,1.91499033389954,6.039275368750715
2023-06-06,1000,-0.0018596544565246923,0.015477263822085646,0.013527649231940348,3.203702873922598,1.9446291445140471,6.120972567554272
2023-06-07,1000,0.003180478852657219,0.007542514260395667,0.010751820921646225,3.2138921831633063,1.9592965375677256,6.186784168466924
2023-06-08,1000,-0.001725374043779492,0.0007221904225137488,-0.0010237312903655577,3.2083470170109707,1.960711522762021,6.180450563926926
2023-06-09,1000,0.0009299644684392209,-0.004778612003272133,-0.0038734281199370914,3.211330665739214,1.9513420431443966,6.156511032918731
2023-06-12,1000,0.000921978924366785,0.004775896145839864,0.00572313955171272,3.214291444932199,1.9606614500874655,6.191745604711784
2023-06-13,1000,0.003951075933651013,0.007230061300999348,0.011194755787104908,3.2269913545040105,1.9748371525621045,6.261060684652412
2023-06-14,1000,0.002464299294438668,-0.006762796720554324,-0.0043348388545557505,3.234943627022074,1.9614817303431287,6.233919995525849
2023-06-15,1000,-0.002716736496067466,0.01402751472098074,0.011254157129532523,3.2261551376078224,1.9889964441904517,6.3040775106884315
2023-06-16,1000,0.005743313388303348,-0.008293760636816057,-0.002619800057188158,3.244683957602389,1.972500183774858,6.287562088065411
2023-06-20,1000,-0.005793793147514155,-0.002742442999311738,-0.008530517960415424,3.2258849299229833,1.9670907144547236,6.233925926745942
2023-06-21,1000,-0.003277334772775492,0.0013805686265950432,-0.0018934270151903189,3.215312625069174,1.9698064181807664,6.222122442985546
2023-06-22,1000,-0.0019256795644707783,-0.003006372229060929,-0.0049385036245699065,3.2091209632536937,1.9638844468685217,6.191394468748344
2023-06-23,1000,-0.009019224566785033,-0.0014949073904889443,-0.010527674835550107,3.1801771806241312,1.9609486214948315,6.126213481002738
2023-06-26,1000,0.0007255367903956901,0.00584785966557094,0.0065829157453962785,3.182484516168651,1.972415973844728,6.16654182818649
2023-06-27,1000,0.0020608001163110556,0.012438971696923342,0.014529967243793091,3.18904298062973,1.996950800317942,6.256141478957519
2023-06-28,1000,-0.0019982219098016946,0.0016409712817668485,-0.0003623001624473663,3.1826705650745364,2.000227739232365,6.2538748778833995
2023-06-29,1000,0.0003690970705711389,0.009022922228070256,0.009380584608576707,3.1838452794566985,2.0182756385618874,6.312539880306836
2023-06-30,1000,0.007274358605640604,0.00038539654802497624,0.007654705794398204,3.2070057117643422,2.019053475025952,6.360860515905991
2023-07-03,1000,-0.00172330860256755,0.005261216419019827,0.003535747456598422,3.2014790512327753,2.029676152319637,6.3833509122968835
2023-07-05,1000,-0.0050745637653204605,-0.0015749623819818707,-0.006658916785872601,3.185232941643957,2.0264794887321282,6.340844709756874
2023-07-06,1000,-0.010074071741083618,-0.00036863734607201415,-0.01044018046849118,3.153144676477773,2.0257324527115323,6.274645146664335
2023-07-07,1000,-0.0012214339372951031,0.007472228032867729,0.006244418382019322,3.1492933185607215,2.040869187531773,6.313826656158815
2023-07-10,1000,-0.0017598143051948472,0.012165713713455744,0.010386160503111076,3.1437511471274635,2.0656978177938976,6.379403073198501
2023-07-11,1000,0.003387064593030917,0.008515326990628075,0.01193669942503228,3.1543992353271992,2.0832879101762396,6.4555520901943995
2023-07-12,1000,0.011108264853095542,-0.004957477204054718,0.0060846172614524175,3.189439137485616,2.072960057852058,6.494831653874601
2023-07-13,1000,0.0032765090927973323,0.00433056724089267,0.007633407036453441,3.1998893638205113,2.081937150770271,6.544409347521868
2023-07-14,1000,7.75454846024396e-05,-0.008275470103172212,-0.008199496060854183,3.200137500791903,2.064708142122388,6.490748488856245
2023-07-17,1000,-0.0022477845845380075,0.006226773068724134,0.004018340297255057,3.192944281049221,2.0775646111765314,6.5168305250683645
2023-07-18,1000,0.00016168691034854267,0.008052088233235373,0.008176062460633009,3.193460538344939,2.094293344735972,6.570112538486684
2023-07-19,1000,0.002804226817725138,0.0027414918181563,0.005569435442614698,3.2024157260279122,2.100034832805385,6.606704356120499
2023-07-20,1000,-0.0008165307340763069,-0.003910960939413572,-0.004656642494164854,3.1998008551643213,2.091821678602875,6.5759392958694045
2023-07-21,1000,0.004827872243571852,-0.004205700429408308,0.000593328560634921,3.215249084897927,2.0830241032709296,6.579840988466645
2023-07-24,1000,0.0006066999817347234,0.0013223972918369664,0.0019150497613118454,3.217199776459007,2.0857786887039262,6.5924417113810785
2023-07-25,1000,-0.0017064111200302756,0.0029444088184500286,0.001218648319521513,3.2117099109850984,2.0919200738682813,6.600475579394197
2023-07-26,1000,-0.0022013212624974483,0.005668388629198891,0.0034934853250789244,3.204639905669073,2.103777889828189,6.6235342439693525
2023-07-27,1000,0.005807588995833461,-0.01580613455868843,-0.010098730906947668,3.2232511371208457,2.070525293419971,6.556644953986553
2023-07-28,1000,0.009556602327308254,-0.0015951803092187973,0.007949346058265833,3.2540544664393534,2.067222432242168,6.6087659937069745
2023-07-31,1000,0.002655720143825822,0.0019811151689981686,0.004649699094982649,3.2626963244349825,2.0713178379603763,6.639494766966866
2023-08-01,1000,-0.004902613600920999,0.0010696634540767835,-0.0038650164996375867,3.2467005850591324,2.07353345095342,6.613833010143282
2023-08-02,1000,-0.008206583387497447,-0.002419150971297821,-0.01059832509073505,3.2200562659736076,2.0685172604915274,6.543737457805949
2023-08-03,1000,-0.004686412940787097,0.0012414005960821894,-0.003432167830361299,3.2049657526186865,2.0710851190517077,6.521278252612937
2023-08-04,1000,0.002076532800911347,-0.00530346013415676,-0.0032457627386700896,3.2116209691297968,2.0601012016883717,6.500111730652107
2023-08-07,1000,0.003117291269510176,0.004670785899413231,0.00777096151231251,3.2216325271378405,2.069723493332582,6.550623848736736
2023-08-08,1000,-0.010544915835964435,0.003475755696178811,-0.00714363305913446,3.1876606832847667,2.076917346554048,6.503828595652945
2023-08-09,1000,0.0002804736904951151,-0.00408758041305261,-0.003787961476542542,3.188554738240654,2.0684277798887445,6.479192343482576
2023-08-10,1000,0.005334926920106901,-0.005720288103332177,-0.0004187974111349293,3.205565444749928,2.0565957770668453,6.47647887450288
2023-08-11,1000,-0.0038402965624623193,0.0038131369392207454,-3.508278838955847e-05,3.1932551227917068,2.064437858393424,6.4762516615650165
2023-08-14,1000,-0.0032338569267654415,0.0039057601066887796,0.0006473819176918655,3.1829285925939375,2.0725010574234752,6.480444269785135
2023-08-15,1000,-0.006702679773941013,-0.007381289809698353,-0.01401531226838399,3.1615944414944597,2.0572033264877265,6.389618819706237
2023-08-16,1000,-0.0015170483552145399,-0.006663549723086579,-0.00815487934117588,3.1567981498471354,2.0434950498311766,6.337512249195425
2023-08-17,1000,0.0025832203828641525,-0.01192591881894718,-0.009423202115295327,3.1649528551724084,2.0191244937599695,6.277792590363097
2023-08-18,1000,-0.007561443773210003,0.01056223575759278,0.002889040289074714,3.141021242113162,2.040450962686992,6.2959293860831105
2023-08-21,1000,0.0011489771208415865,-0.0007086992352546368,0.0004505544586148709,3.144630203656427,2.0390048966501615,6.298766045139135
2023-08-22,1000,0.0021858112622547155,-0.006115983558880205,-0.003937839970829978,3.151503771771206,2.026534376225773,6.273962512439679
2023-08-23,1000,0.0013503763283026899,0.008349169313568295,0.009685069166118006,3.1557594878631625,2.0434542548526484,6.33472627331829
2023-08-24,1000,-0.0008852390524110129,-0.009309121164688421,-0.010254507096735246,3.1529658863244894,2.024431491599727,6.269766777792672
2023-08-25,1000,0.003655535092901254,0.0009184822470229342,0.004566662902926399,3.1644916637686693,2.0262908959850754,6.2983986891468176
2023-08-28,1000,0.004839137286773829,0.0035255957077544413,0.008391275334946819,3.179805073372497,2.0334347784706224,6.351250286716717
2023-08-29,1000,3.5902572555468914e-05,0.013070341787327517,0.013094951935707946,3.1799192365548556,2.060012466027472,6.434419603952924
2023-08-30,1000,-7.621277745932376e-05,0.00326059923478748,0.003181332555646287,3.1796768860777416,2.0667293410978536,6.454889632515668
2023-08-31,1000,0.0019317633522087977,-0.002959889546769501,-0.0010410514802906654,3.185819269358132,2.060612050525136,6.448169760108625
2023-09-01,1000,0.007289021865211443,-0.000465326487499925,0.006847846911125598,3.2090407756710957,2.059653193157565,6.492325839482798
2023-09-05,1000,-0.0033425149561910564,-0.011914240282109748,-0.015213910979532187,3.198314508883388,2.035113990116471,6.39355217211079
2023-09-06,1000,-0.0015741502790781975,-0.0018326844809221123,-0.0034010804914388214,3.19327988120665,2.031384268289877,6.371807186547228
2023-09-07,1000,-0.004510482617146277,-0.00185024529829146,-0.006340292020175153,3.1788766478107844,2.0276257090984506,6.331408068288268
2023-09-08,1000,0.0005622630979080887,-0.0007599755684185262,-0.0001878988500646439,3.18066401284265,2.0260847630976384,6.330218403992947
2023-09-11,1000,0.0049890675355690976,-0.003941392894564121,0.0010134787036453607,3.1965325604106765,2.018099167008581,6.3366339455348175
2023-09-12,1000,-0.0023280522082011765,0.0016653633178072215,-0.0006455932194444424,3.1890908657248254,2.0214600353330145,6.332543057625479
2023-09-13,1000,0.0001772782610517395,-0.005242124449000482,-0.0050847547661139435,3.1896562222078373,2.0108632902591177,6.300343629131596
2023-09-14,1000,0.007879153281118677,0.004382405085244469,0.012297396196792456,3.2147880124966868,2.019675707768081,6.377821450914965
2023-09-15,1000,-0.0036896841313875557,-0.00482086009219926,-0.008491688699068784,3.2029264601812026,2.0099391337493175,6.323662976575552
2023-09-18,1000,-0.0006502889995156788,-0.002252937781945977,-0.0029064763352948993,3.200843632337889,2.005410865935482,6.305283399781754
2023-09-19,1000,-0.00022516588350512078,-0.002379433814855246,-0.0026209431838203558,3.200122911553452,2.000639123508397,6.2887576102330405
2023-09-20,1000,0.0044495134854314064,-0.009353398187629485,-0.004953564343039115,3.2143619016034473,1.981926349156473,6.257605844772974
2023-09-21,1000,-0.006089175308718201,-0.012058009822660152,-0.01806407923221561,3.194789088478919,1.9580282617705551,6.144567956989019
2023-09-22,1000,0.0025355905210275305,-0.005340273115850182,-0.002832905200519285,3.2028897654083486,1.947571856084147,6.127160978468721
2023-09-25,1000,-0.004635718176703681,0.00783183762048155,0.0031600347665177242,3.1880420711048667,1.962824922615218,6.146523020180733
2023-09-26,1000,-0.006588711268117572,-0.007937244668844887,-0.014474740868917398,3.1670369823877453,1.9472455009623142,6.057553692218781
2023-09-27,1000,0.0049263478009619445,-0.0019308889853348844,0.0030033820027985433,3.1826389080614965,1.9434855860727631,6.075746839958978
2023-09-28,1000,7.078267194487642e-05,0.009178468001467485,0.009231924827344827,3.182864183747245,1.9613238063358454,6.131837678055457
2023-09-29,1000,0.007784551526602623,-0.010034277373513851,-0.0023241489560523396,3.2076413539878033,1.9416433392437955,6.117586373917322
2023-10-02,1000,-0.0024101608308945374,-0.00984345637423422,-0.012227487174966693,3.199910422436864,1.9225308577396267,6.042783664988497
2023-10-03,1000,-0.006389897450304354,-0.008359652336050368,-0.014681097534742959,3.1794633229873326,1.9064591681635947,5.954068968621449
2023-10-04,1000,0.0018972173069723506,0.0037610764365623916,0.005685166343495319,3.1854954558305884,1.913629506818243,5.987918841128706
2023-10-05,1000,-0.0022528710237836426,-2.2806177174493624e-05,-0.0022886745329774296,3.178318945421753,1.913585864244664,5.974214443771479
2023-10-06,1000,-0.00566758607632104,0.01494799554139088,0.009168579813849723,3.160305549220573,1.9421901372114618,6.028989505724251
2023-10-09,1000,-0.004876670133206027,0.012417070396219825,0.007482363033463188,3.144893781536884,1.9663064488680604,6.07410059393102
2023-10-10,1000,0.0034685224175922736,0.006128477059983577,0.009599125866321041,3.155801916119091,1.9783569128328462,6.1324066500568595
2023-10-11,1000,0.0016526900000201742,0.0005907809162228121,0.002250149776462506,3.161017478387906,1.9795256883424255,6.146205483509662
2023-10-12,1000,0.0014153724854175762,-0.017490006970917786,-0.016092175214613615,3.16549149555274,1.9449037702542058,6.047299667964006
2023-10-13,1000,0.003140220329275645,-0.007763502971525925,-0.004619099407266183,3.1754318362992238,1.9298045040545053,6.019366589652152
2023-10-16,1000,0.007294025612567809,0.007799687960345929,0.01513760482684755,3.1985935174441535,1.9448563770106007,6.110485382394234
2023-10-17,1000,-0.006426586584543127,0.014373135483997188,0.007827401488582528,3.1780374792555404,1.9728100612142898,6.158314604772349
2023-10-18,1000,-0.00659392573425848,-0.012331322294490379,-0.01882098222643741,3.1570817361366394,1.948482704523643,6.042409075051119
2023-10-19,1000,-0.0010553282949675657,-0.01201584762894764,-0.013081461685894805,3.153749978450969,1.9250700332384472,5.9633655322453345
2023-10-20,1000,1.2249155165455884e-05,-0.01216568893937233,-0.012205704656585794,3.1537886092238083,1.901650230027561,5.890578453799485
2023-10-23,1000,-0.005222698655281166,-0.002636529896992313,-0.007901382721294491,3.1373173216953743,1.896636472342471,5.8440347389862035
2023-10-24,1000,0.005321170079099643,0.0009124259284304143,0.006256561562635071,3.1540115207562205,1.8983670126366428,5.880598302104849
2023-10-25,1000,-0.006633533821505042,-0.007886786665587458,-0.014460461295977672,3.1330892786598676,1.8833949969949888,5.7955621379600695
2023-10-26,1000,0.0014718730729951358,-7.135266186707889e-05,0.0013884816607109545,3.137700788404417,1.8832606117486062,5.803609169702138
2023-10-27,1000,0.001790774706020633,-0.014014485420910779,-0.012233950165911923,3.1433197036113527,1.85686768336148,5.732608104337573
2023-10-30,1000,0.007594124342346787,-9.810118821238012e-05,0.007508274901156559,3.1671904642883257,1.8566855224353889,5.775650101885538
2023-10-31,1000,0.0024411703864357197,0.007035481896945451,0.00941515404810737,3.174922115857948,1.8697481998168035,5.830028737322757
2023-11-01,1000,-0.000585537239097649,0.004269039267556264,0.0036720864436223274,3.1730630807278786,1.8777302283022639,5.851437106815009
2023-11-02,1000,0.011103625712175214,0.012906752261944395,0.024092752847711528,3.2082955855374027,1.9019656271737255,5.992414334833431
2023-11-03,1000,0.012393699304745018,0.006804375411335381,0.019243413899479644,3.2480582363052943,1.9149073153204714,6.107728844135806
2023-11-06,1000,0.0005645273034818773,-0.00848953069672939,-0.007941268237690953,3.2498918538629877,1.8986506508856666,6.059225731061442
2023-11-07,1000,-0.0017162586297799502,0.00040900199457926333,-0.0012842197655340932,3.2443141989229436,1.899427202788888,6.05144435361378
2023-11-08,1000,0.0008951231881885556,-0.004253727299863775,-0.00339254357064224,3.2472182597921693,1.8913475574422811,6.030914564978828
2023-11-09,1000,0.0043837814782712575,-0.015352924422797148,-0.01107786404531545,3.2614533550553504,1.8623098413356278,5.964104913359081
2023-11-10,1000,0.0037513593029487964,0.008306698037005908,0.012080117744604183,3.273688238439971,1.8777794868389472,6.036152002953631
2023-11-13,1000,-0.003433655343563214,0.0015184574284678896,-0.001922616262779311,3.2624475213268913,1.8806308150497626,6.024546798948144
2023-11-14,1000,0.020887378671610318,0.015586547367344718,0.03691720827346995,3.3305914981011027,1.9099433563290238,6.246956247878179
2023-11-15,1000,0.0011414799474203927,0.004204571958430169,0.005370029099925263,3.3343933015092335,1.917973850607235,6.2805025847152445
2023-11-16,1000,-0.002012953484438388,-0.0055554626401577295,-0.007554782185924263,3.3276813228944726,1.9073186185353872,6.2330547556695866
2023-11-17,1000,0.00698881352652094,0.0006867164230682527,0.007693762457299,3.350937867135869,1.908628405554759,6.281010398343047
2023-11-20,1000,-0.0011182637883521505,0.005644106445207241,0.004513654783473938,3.347190634662033,1.9194009074400564,6.309360710972577
2023-11-21,1000,-0.002854786629163806,-0.0019948518146815945,-0.0048269908957297184,3.3376351195929375,1.915571987056748,6.278905484262838
2023-11-22,1000,0.004360719472008302,0.001195747442191839,0.005514633467939761,3.3521896100494053,1.9178625273606054,6.313531346588384
2023-11-24,1000,-0.00031826462104920925,0.0040882660220533835,0.0037599555951347047,3.351122726693478,1.9257032595661832,6.337269944100047
2023-11-27,1000,-0.0037831681666037655,0.0010654614517648464,-0.0027255149308771627,3.3384448658714687,1.927755022156789,6.319997620246403
2023-11-28,1000,-0.001131746510692829,-0.0004455675016485934,-0.0015789614419793932,3.3346665925433783,1.9268960771677761,6.3100185876906325
2023-11-29,1000,0.007170066801011782,-0.0016044046992350837,0.005581435494683751,3.3585763747710167,1.9238045560466306,6.345237549408083
2023-11-30,1000,0.002573117758925989,0.003290540679010851,0.005837733785276653,3.3672183872856487,1.9301349131967684,6.382279357025868
2023-12-01,1000,-0.0008908132759874715,0.0222965485565633,0.021388957525398683,3.3642188244431055,1.9731702600095784,6.518789659108523
2023-12-04,1000,-0.005588922882231562,0.009366865167941546,0.0037326683830200473,3.3454164648743414,1.9916526797884802,6.543122139164636
2023-12-05,1000,-0.004628310780935552,-0.00699329175380148,-0.011584815746295675,3.3299328377832444,1.9777244715264788,6.467321274776905
2023-12-06,1000,0.005573283720783467,-0.006113432130474184,-0.0005646329106310652,3.3484914982593637,1.9656337871970238,6.463669612341542
2023-12-07,1000,0.002317948823966237,0.004016819523797774,0.006308120162998071,3.3562531301898146,1.9735293833700733,6.504443216950111
2023-12-08,1000,-0.00077648499872427,0.004776751702033204,0.003983979780505498,3.353647049982301,1.9829564432110989,6.530356787209887
2023-12-11,1000,0.00025941547066161654,0.006960488594435607,0.007227517223160184,3.354517037910205,1.9967587889173324,6.577555053362827
2023-12-12,1000,-0.0005102675976196545,0.0005977820138550761,9.610735941599169e-05,3.3528053365600967,1.9979524154073545,6.578187204810419
2023-12-13,1000,-0.00015056928500241306,0.025266235066293396,0.025095104061326878,3.3523005070578185,2.0484331507863054,6.743267497250026
2023-12-14,1000,0.012422255965972769,0.006907621365227477,0.01954994513231127,3.393943642031351,2.0625829513839173,6.875098006833763
2023-12-15,1000,-0.002082824997184369,-0.004987274923983893,-0.007086947805445599,3.386874651374693,2.052296283151844,6.826374546102009
2023-12-18,1000,0.0038580804960715066,-0.003082321606215474,0.0007612233335808175,3.3999414864098005,2.045970445975929,6.831570941690264
2023-12-19,1000,0.003953754679480219,0.007357653840520492,0.01134720699603678,3.4133840209716517,2.0610239882853554,6.909090191273733
2023-12-20,1000,-0.003020223602292756,-0.014032512382048407,-0.017015463061018605,3.403074837987824,2.0321026436500422,6.791528822338869
2023-12-21,1000,0.008919026772849645,0.004740271629465453,0.013706896006175247,3.4334269535778486,2.0417353621598986,6.884619601629609
2023-12-22,1000,0.0033826754737586334,0.0005019367668920336,0.0038736097173586196,3.4450411227246582,2.0427601842064305,6.9112879310188
2023-12-26,1000,0.001640602111782897,0.005462195440862785,0.0071122858886015754,3.4506930644657796,2.053918139571379,6.960442986642646
2023-12-27,1000,0.001187949079229807,0.00044987719426666737,0.001715841541548555,3.454792312114416,2.054842150501263,6.972386003866708
2023-12-28,1000,-0.001625035512432511,0.0022813101222273835,0.0006420889203655336,3.449178151919151,2.059529882698781,6.976862895668303
2023-12-29,1000,-0.0020897655804108543,-0.004720962758550115,-0.006800527123466738,3.441970178136565,2.049806918822439,6.929416550309601
2024-01-02,1000,-0.005804147498300938,0.0023227103691571913,-0.003488608688001702,3.421992475537907,2.054568026607558,6.905242527529408
2024-01-03,1000,-0.00756145829684015,-0.011157212815870704,-0.01862098872031395,3.3961172221420264,2.0316447738900143,6.776660084313251
2024-01-04,1000,-0.00034259714399685013,-0.0011508394064915883,-0.0015190168365126317,3.3949537220810417,2.0293066770242287,6.766366223549856
2024-01-05,1000,-0.003145079870598777,0.005716741326858463,0.002538917879736124,3.38427632146811,2.040907698369643,6.783545471735669
2024-01-08,1000,-0.00017654929136542475,0.013639459255050399,0.013448195381615034,3.38367882988177,2.068744575764874,6.874771916619641
2024-01-09,1000,-0.007719984013844424,0.0023273023950547036,-0.005441346444655345,3.3575568834070992,2.073559169970808,6.837363900893326
2024-01-10,1000,-3.358178986562832e-05,0.002349911318313705,0.00232176373080313,3.357444130637379,2.0784318501335153,6.8532386444127225
2024-01-11,1000,-0.0010198170037097048,-0.001961637733854308,-0.0030033825815422377,3.3540201520239497,2.074354719789049,6.832655746840941
2024-01-12,1000,0.0065564681757677495,-0.008384347241192842,-0.0018820256672678988,3.3760106784115784,2.05696260951693,6.819796513349781
2024-01-16,1000,-0.0062636302294926125,-0.00038129281864139174,-0.006638369063425828,3.35486459587119,2.0561783044457074,6.7745241871567
2024-01-17,1000,-0.010275932110070907,0.0030222793645566853,-0.007298135465861199,3.320390235045537,2.0623926497050826,6.725082791922078
2024-01-18,1000,0.003991835705182205,0.0027217949266307062,0.006715138328265793,3.3336446873409304,2.0680060595557705,6.770242653138874
2024-01-19,1000,0.0036191833115428967,0.005184753427000471,0.008855432629988558,3.3457097585599684,2.07872816106011,6.830196080842421
2024-01-22,1000,0.004862146666361766,0.0039009922878614016,0.008788239938609908,3.361977090109165,2.086837263584966,6.890221482828617
2024-01-23,1000,0.004677961245065899,-0.00591694521632385,-0.0012903281229048836,3.377704288643495,2.0744895618209505,6.8813308362762795
2024-01-24,1000,0.007919677514488155,-0.014067357176857215,-0.006290761704139666,3.4044546173488546,2.0453069761951532,6.838042023777917
2024-01-25,1000,0.008910645970098848,-0.0014231562643753492,0.007469348162780946,3.434790507165319,2.0423961847594105,6.889117740405242
2024-01-26,1000,0.0034125387096713105,-0.001839690656792119,0.0015887982111625293,3.4465118627306324,2.0386388075808406,6.900063158347685
2024-01-29,1000,-0.0006861107178123395,0.009547229735487845,0.008856817409270497,3.4441471740025458,2.0581021606244962,6.961175757853604
2024-01-30,1000,-0.003440252531298357,0.001974233558775393,-0.001492902062112468,3.4322984379690196,2.062165334977389,6.950783404209977
2024-01-31,1000,-0.0022032503550215,-0.014619416283525616,-0.01685643720740649,3.424736225217025,2.032017681499899,6.833617960214628
2024-02-01,1000,0.004228986831194613,0.007459335421832402,0.011699800205981669,3.439219389613783,2.047175182969301,6.913569925033147
2024-02-02,1000,-0.006787662931383464,0.005620603720449496,-0.0012155351016787939,3.4158751276500063,2.05868154341911,6.905166238111358
2024-02-05,1000,-0.007126281825393732,-0.004001892138933367,-0.011099379600022885,3.3915326388100193,2.050442921933934,6.828523176833297
2024-02-06,1000,0.0009528167070011428,0.005318074557231702,0.0062595660720406775,3.3947641477706174,2.0613473302681267,6.871266768833146
2024-02-07,1000,0.004691638588642833,-0.00032956286226017275,0.00433466279220182,3.4106911542456393,2.0606679867418514,6.9010513932313
2024-02-08,1000,2.900956637816443e-05,0.006567986968539271,0.0066202840498915,3.410790096917074,2.074202427225258,6.946738313697391
2024-02-09,1000,0.0006323933547156974,0.004643890171112963,0.005283314210360378,3.4129470579086942,2.083834795489948,6.983440114945802
2024-02-12,1000,0.0009067923942985133,0.007595546245956486,0.008504051674757436,3.416041892342949,2.0996626590480254,7.042827650550875
2024-02-13,1000,-0.01972864211731088,-0.0028548631446817037,-0.02253341932162783,3.348648024391174,2.093668409506445,6.884128661891058
2024-02-14,1000,0.008396006476242786,0.005351444985126545,0.013830305763342994,3.3767632948906194,2.1048725608170162,6.979338266199205
2024-02-15,1000,0.005078758251966749,0.00928142293998029,0.014449199061852117,3.3939130593394835,2.1244087732887182,7.080184114127519
2024-02-16,1000,-0.003241343230264876,-0.002639064183047348,-0.005890719193530722,3.3829122222204857,2.1188023221849805,7.038476737672697
2024-02-20,1000,-0.00654702028013225,0.000966082241491732,-0.005591001680395202,3.360764227295701,2.1208492594816746,6.999124602404947
2024-02-21,1000,-0.0033718115656140193,0.0042603163215400195,0.000855498993766168,3.3494323636048033,2.1298847481973704,7.005112346459549
2024-02-22,1000,0.005890717386899889,0.004644617768737602,0.010584651923225113,3.369162923065335,2.139777248744211,7.07925902232991
2024-02-23,1000,0.0014958105210738277,0.001641655125945389,0.003152791058404715,3.3742025524128683,2.1432900250329934,7.101578446875643
2024-02-26,1000,-0.001177479866683546,-0.0006401113319742413,-0.0018046301274899632,3.3702294968412896,2.1419180808002625,7.088762724457678
2024-02-27,1000,0.004304990516142785,0.0009334237669728267,0.005216561696113587,3.384738302862416,2.1439173980437904,7.125741692558921
2024-02-28,1000,-0.00400057341331845,0.002958925230377021,-0.0010379127452369245,3.371197408796944,2.1502610893247063,7.118345794436948
2024-02-29,1000,0.006938243375314032,-2.1721496937421427e-05,0.006889761751932587,3.394587596885405,2.1502143824350397,7.16738950102849
2024-03-01,1000,0.0005580777375592523,0.0061904662714168624,0.006738754106136396,3.396482040651422,2.1635252120458195,7.2156887764588244
2024-03-04,1000,0.0018673610736554087,-0.0001927641549989987,0.001684308776225144,3.4028244990015044,2.1631081619365005,7.227842224391523
2024-03-05,1000,-0.004137888904922632,-0.0017823164110238206,-0.0058863279785752905,3.388743989261687,2.1592528187606614,7.18529677448136
2024-03-06,1000,0.007598512205886542,-0.001159601209193697,0.006406019776056179,3.414493401826717,2.1567489465810716,7.231325927715521
2024-03-07,1000,0.00619595234168535,0.0025663501086654276,0.00877412847890222,3.435649440215434,2.1622839194744943,7.294774510478114
2024-03-08,1000,0.004071065591954129,-0.006125355077746023,-0.002100638266375221,3.4496361944375113,2.149039162688813,7.2794508279968255
2024-03-11,1000,-0.002254676992827266,0.002053241958822432,-0.00021138302978895095,3.441858379076289,2.153451660068798,7.277912075625604
2024-03-12,1000,0.0006578851161866156,0.0015480868603089306,0.0022117010820312134,3.444122726475906,2.1567853902880607,7.294008641638194
2024-03-13,1000,0.00043810889731234627,0.000992289488778421,0.001455517051671611,3.445631627285811,2.158925545760394,7.3046251955911385
2024-03-14,1000,-0.0008823296321183388,-0.010072453457193415,-0.010938270340926865,3.442591444399693,2.1371798686831767,7.224725230462617
2024-03-15,1000,-0.006787454241654753,0.006370128047636455,-0.00047663547010396736,3.4192250124981176,2.1507939781075196,7.221281670156023
2024-03-18,1000,0.002741533356372027,-0.002081023914120035,0.0006300319550234094,3.428598931922823,2.1463181244047327,7.225831308364446
2024-03-19,1000,-0.0018869781302988246,0.007764041316908435,0.0058447781722551885,3.422129240720719,2.1629822270018404,7.268064689471974
2024-03-20,1000,-0.001021964996812851,0.012726339040136665,0.011658554327944536,3.4186319444221325,2.1905090721604554,7.3527998165131985
2024-03-21,1000,0.005443635678047034,0.003540067848394777,0.009000359872616364,3.4372417312449,2.198263622898428,7.418977660933124
2024-03-22,1000,0.0003725660517109313,-0.007550018031180696,-0.007189088928994047,3.4385223308254855,2.181666692908256,7.365641970766456
2024-03-25,1000,0.000774264014378814,-0.0016783955161910162,-0.0009208293212646182,3.4411846549288816,2.1780049933130554,7.358859471669837
2024-03-26,1000,0.003661797819328201,-0.004805398780084942,-0.0011702085609837651,3.453785577394206,2.16753881077517,7.350248071317013
2024-03-27,1000,0.006781457901193963,0.010196085269998961,0.017036845979643438,3.477207278887056,2.1896392213158657,7.475473115620213
2024-03-28,1000,0.0018694378870497473,0.002369828618969184,0.004240377880221619,3.483707701915333,2.1948282910077577,7.50717194646388
2024-04-01,1000,0.0005674252692759191,-0.00755773185031252,-0.006992935592329161,3.485684445696171,2.1782403673268416,7.454674776561718
2024-04-02,1000,-0.007966415346750414,-0.003956622526243499,-0.011888420987020596,3.4579160356340477,2.1696218924219033,7.366050464496628
2024-04-03,1000,-0.0024509980425490205,0.0050069240178257785,0.002541891347566432,3.4494406901994097,2.180485024384671,7.3847741644380696
2024-04-04,1000,0.008660335776554822,-0.018703922326796713,-0.010227517374814843,3.479314004817848,2.139701401853837,7.3092462583621955
2024-04-05,1000,-0.0003885319086071675,0.007238569608296798,0.006849295622703794,3.4779621803069123,2.1551897793921264,7.359309446764859
2024-04-08,1000,0.00330122878364551,0.0003325419318403735,0.003619089776823547,3.489443729164972,2.155906470364848,7.385943448348128
2024-04-09,1000,0.0037297304893528682,0.0005428381853801647,0.004277774570065976,3.5024584138325197,2.1570767787210703,7.417538849407417
2024-04-10,1000,-0.016964904347217803,-0.0019179765386136156,-0.01883531047751357,3.4430395418617428,2.152939556067495,7.27782720219981
2024-04-11,1000,0.0032561790162737806,-0.0022846667673763472,0.000994888635724463,3.454250694970154,2.148020806611578,7.285067829776045
2024-04-12,1000,-0.006309848579435963,-0.010618080499914292,-0.01687331216828383,3.4324548961294807,2.1252129487714853,7.162144606117112
2024-04-15,1000,0.008411088027132821,-0.018956959729958204,-0.010719090557326111,3.461325576409989,2.0849253724840384,7.085372929499478
2024-04-16,1000,-0.0030593790719539607,-0.001700948579423763,-0.004770907277109799,3.4507360693803015,2.081379021633507,7.0515692722290915
2024-04-17,1000,0.0049767385726952485,-0.010163065790649038,-0.005242836713442502,3.4679094806809774,2.060225829701369,7.0145990459612655
2024-04-18,1000,0.0034795946929500952,-0.004757859098456523,-0.0012976529550823247,3.4799764001055857,2.050423565492649,7.005496530780556
2024-04-19,1000,0.0004074442059118418,0.002581416454640971,0.002996647014813804,3.4813942963265188,2.055716562623595,7.026489531046808
2024-04-22,1000,0.004452449586123932,0.004499797903195988,0.00896135116519933,3.496895028920332,2.064966871701654,7.089456371193116
2024-04-23,1000,0.002079028143914809,0.010082987001996155,0.012200965315729836,3.5041651721017737,2.085787905828574,7.1759545824854225
2024-04-24,1000,-0.000883706151640339,0.0018119572986058498,0.0008589208202675398,3.5010685197828235,2.089567264447884,7.182118159281614
2024-04-25,1000,-0.0074323867229810535,0.0033556930338488567,-0.004159739504231706,3.4750472246001425,2.09657921076095,7.15224241865039
2024-04-26,1000,0.0005655206861036942,0.0034264783142757215,0.003981081043971194,3.477012435690841,2.103763093960784,7.180716075365165
2024-04-29,1000,0.0030904626417274945,0.002727490561352831,0.0058247947187853606,3.487758012728165,2.1095010879428844,7.222542272438049
2024-04-30,1000,-0.005787068382879579,-0.011233556030541218,-0.016960990623768754,3.467574118605571,2.0858038892749904,7.100040800675454
2024-05-01,1000,-0.0014152773982012215,0.0004689990015748151,-0.000905534017805308,3.462666539328921,2.086782129216541,7.093611472202636
2024-05-02,1000,0.008743978465975879,0.002006890422253692,0.010790903493403106,3.4929440209836686,2.0909700722849958,7.170157949018872
2024-05-03,1000,0.012369678987231536,-0.0031208646874845408,0.009137709743831485,3.5361506172436066,2.0844444376238145,7.2356767711744325
2024-05-06,1000,0.007238245507943569,0.0038240224304858525,0.011084424703749323,3.561746143564282,2.0924153999083894,7.315880085525184
2024-05-07,1000,0.0021670180309337765,0.0001782369825969028,0.0023536016410233723,3.569464511678995,2.0927883457156082,7.333098752900006
2024-05-08,1000,-0.005318965898677159,0.0030841698595249246,-0.002197706596785986,3.550478651664836,2.0992428604538294,7.316982753395875
2024-05-09,1000,0.0008641292859708904,0.0081746651439953,0.008978294249913333,3.5535467242469534,2.1164034678939623,7.382676777577403
2024-05-10,1000,0.003606450023066568,-0.003850576046026294,-0.0002641596368477016,3.566362412912582,2.1082540953967626,7.380726572360874
2024-05-13,1000,0.005049555045519091,-0.004716845097992675,0.00038732370399487603,3.584370956228855,2.0983097874015675,7.383585302715055
2024-05-14,1000,0.006768991602474633,0.0006231581421689108,0.007091928027646215,3.6086335331317225,2.0996173662303796,7.4359491582678965
2024-05-15,1000,0.007656750586830402,0.00032336238022535614,0.007988252779624932,3.6362639400541847,2.1002963034994866,7.495349399800579
2024-05-16,1000,-0.00042955085328560716,-0.0038743822007898656,-0.004268668739374121,3.6347019797759628,2.0921589528848235,7.463354236126964
2024-05-17,1000,0.0024822045971902044,-0.001717441532190743,0.0007488209501543715,3.6437240537395787,2.088565792207194,7.4689429521373984
2024-05-20,1000,0.00027754836138660865,0.00044009050980748445,0.000718644083584818,3.6447353633800392,2.0894849501914528,7.4743104638005855
2024-05-21,1000,-0.002466989070598796,0.00042070228526023157,-0.0020554303942539997,3.6357438410733556,2.0903640012850153,7.458947538897199
2024-05-22,1000,-0.002410924402799307,-0.0028384850744680302,-0.00525831640755107,3.6269783375245845,2.0844305342671623,7.419726032670353
2024-05-23,1000,0.002457444293714718,-0.016498481892448225,-0.014099057427457292,3.635891434743561,2.0500405948414895,7.315114889239734
2024-05-24,1000,0.0047829260710071115,0.002415145557615359,0.007222028955617315,3.653281634678147,2.054991741277052,7.36794486078349
2024-05-28,1000,0.0033186040896918873,-0.008499463452672131,-0.0052236357519337365,3.6654054300517864,2.0375254140765247,7.329457400590425
2024-05-29,1000,-0.01017958947960594,-0.001503046314083644,-0.011637899732639718,3.628093107497541,2.034462919013045,7.2441579102677
2024-05-30,1000,0.001759740580358259,0.003968212676124644,0.005774557800270889,3.634477610168122,2.0425361005573786,7.28598971883483
2024-05-31,1000,0.002898478235773087,0.00907842354296722,0.01200904371198897,3.645012064419599,2.061079108380039,7.37348748785342
2024-06-03,1000,0.004748683507511356,-0.010132795529575332,-0.005669931041825024,3.6623210730945885,2.0401946152045447,7.3316803222595315
2024-06-04,1000,-0.0046069869616341096,-0.002546517347435506,-0.007130976741796782,3.645448807661524,2.034999224224782,7.27939828040321
2024-06-05,1000,0.004065012384502664,0.004958436122485889,0.00906202515671461,3.660267602211739,2.045089637887409,7.345364370745968
2024-06-06,1000,-0.0015635280474360636,-0.0004722080243006397,-0.002066110468056273,3.654544671154559,2.0441239301499845,7.330188036527883
2024-06-07,1000,-0.0062566466648819406,0.0004088866484807808,-0.005810550351411643,3.6316794764261178,2.044959745132863,7.287595609856322
2024-06-10,1000,-0.005201290615303563,0.008249532942005035,0.003014500013980461,3.612790056047592,2.061829707915411,7.309564066924119
2024-06-11,1000,-0.004966701813111477,0.001649434857459242,-0.0033359015586878747,3.5948464051258293,2.065230561705792,7.285180080759937
2024-06-12,1000,0.015636703180579425,-0.0056010710465238395,0.009946099813677464,3.651057951342555,2.053663058602225,7.357639209003791
2024-06-13,1000,-0.0021665105600908586,-0.0034886966362949446,-0.005642120205036745,3.643147895735468,2.0464984511975963,7.3161265241613
2024-06-14,1000,-0.007748794238678204,-0.002056029819885746,-0.009779027344737451,3.61491789231034,2.042290789355584,7.244581922823968
2024-06-17,1000,-0.002520193472808015,0.010456772596148222,0.007915985982774725,3.605807599833403,2.0636465597150835,7.301929931776105
2024-06-18,1000,-0.0003174106342703461,0.002168611366460897,0.0018511673959135555,3.604663078156083,2.0681218071008396,7.315447026393055
2024-06-20,1000,-0.0014551286916911987,0.0009248217803181065,-0.0005425191694314134,3.599417829487178,2.0700344511923974,7.311478256148277
2024-06-21,1000,0.001221989116995588,0.0016724557811669425,0.0028889999560408972,3.603816278902331,2.073496492277509,7.332601116508883
2024-06-24,1000,0.0011778471305080292,0.004094338039556925,0.005309838577483556,3.608061023565314,2.0819860878407286,7.37153604479062
2024-06-25,1000,-0.0013710584746098715,-0.005793774405975592,-0.0071340311807632185,3.603114160922045,2.0699235301314,7.318947276796964
2024-06-26,1000,-0.004443037740097624,0.0015910819552870147,-0.0028652686991239512,3.5871053887231885,2.073216948109016,7.297976526254219
2024-06-27,1000,0.00041140063007730454,0.0025886214649842366,0.003009342225203377,3.5885811261402627,2.07858372200246,7.3199386351732185
2024-06-28,1000,0.003648897968850461,-0.001085220739184361,0.00257600942392755,3.601675492522491,2.076327999839212,7.338794866079996
2024-07-01,1000,0.0026554167757256446,-0.011022370781699575,-0.008410070454556507,3.6112394420460547,2.0534419427605597,7.277075084204726
2024-07-02,1000,-0.00014363905972911674,0.004188285432318294,0.004027462580866247,3.6107207270081423,2.062042343735535,7.3063832318045145
2024-07-03,1000,0.00210749045855874,-0.0006833983334502375,0.0014236921863039003,3.618330286488832,2.0606331474343222,7.316785272521777
2024-07-05,1000,-0.0013813217766914369,-0.001926703084739442,-0.0033034747380033536,3.613332208068843,2.0566629191926444,7.292614457210606
2024-07-08,1000,0.003955806965962493,-0.001211789977216336,0.002743512848542455,3.6276258527878578,2.054170675680654,7.312621838673429
2024-07-09,1000,-0.0012330897894900902,-0.002847001703245268,-0.00407754000870939,3.623152664388695,2.0483224482682347,7.282804330557676
2024-07-10,1000,0.003469785979033102,0.006692158618751185,0.010211430190116633,3.6357242287034874,2.0620301469943945,7.357172178567445
2024-07-11,1000,0.00919652950708611,0.009404498432555714,0.018724317951176135,3.669160273852387,2.0814225062796856,7.494930209660489
2024-07-12,1000,0.00570249534854704,0.0032243043379786233,0.00893434865541368,3.6900836432471036,2.0881336458958497,7.561892529301589
2024-07-15,1000,0.0024769636208993003,0.0019149279270526472,0.004440085114738458,3.699223846189502,2.092132271329794,7.595467975760192
2024-07-16,1000,0.004778900741000879,0.01735021201537248,0.02223285988168869,3.716902069769185,2.128431209801569,7.764336951001122
2024-07-17,1000,-0.006795146040403331,-0.0015491340822428384,-0.008239398335130677,3.6916451773872256,2.1251339844727557,7.70036348605365
2024-07-18,1000,-0.0014780451839371297,-0.009430559593044443,-0.010927464013676691,3.686188759011984,2.1050927817889815,7.616218041167569
2024-07-19,1000,0.0006095348487854878,-0.007064478865477829,-0.006461753191933451,3.6884356195198036,2.0902213983221634,7.5670039199295935
2024-07-22,1000,0.004656935236909928,0.005795887923109119,0.010488178779985197,3.705612425325419,2.102336087281323,7.646368009870663
2024-07-23,1000,-0.0022681829323474173,0.0016276616195551588,-0.0006919894992632508,3.697207418468401,2.1057579790419965,7.64107680350033
2024-07-24,1000,-0.0030461107514220412,-0.013637810357932064,-0.016574101035188613,3.685945315200767,2.0770400510641194,7.51443282454148
2024-07-25,1000,0.0007406483279447178,0.004900617382238772,0.005663255644890988,3.6886753044353657,2.0872188296419703,7.5569889786532185
2024-07-26,1000,0.009920828765587746,0.00550901409481265,0.015526257112452747,3.7252700205025207,2.098717347593426,7.67432073253176
2024-07-29,1000,0.0025476910940298784,-0.0031114197121811676,-0.000593920944314132,3.734760857756611,2.0921873570678273,7.669762792715326
2024-07-30,1000,0.002710647901126607,0.0002442602344561025,0.002938849928866899,3.7448844794368985,2.092698395242191,7.692303074553124
2024-07-31,1000,0.007886822110220626,-0.0011824313546365836,0.0066600222730566734,3.7744197171495433,2.090223923043859,7.74353398436075
2024-08-01,1000,0.0011292477985625658,-0.018699146091439987,-0.017544260782794502,3.7786819723059852,2.0511385205430392,7.607679404758693
2024-08-02,1000,-0.01702976966550411,-0.007135970779245753,-0.024007287209971542,3.7143318886784216,2.0365016559962585,7.425039660287266
2024-08-05,1000,-0.03432218895727958,0.009621749131009117,-0.025777102927068914,3.5868478877451517,2.056096364035139,7.233643648726472
2024-08-06,1000,0.0028533966745074185,0.007817043989448226,0.010651941539651356,3.5970825875800077,2.0721689597593462,7.310695997991377
2024-08-07,1000,0.011799115012989417,-0.019862333395473324,-0.008346924500233815,3.639524978742086,2.031010849028855,7.249674170451981
2024-08-08,1000,0.007481244709868097,0.014699762784141509,0.022268958523160742,3.6667531557357327,2.060866226721597,7.411116863860206
2024-08-09,1000,1.6846823953330926e-05,0.000757637169587856,0.0007880590367148695,3.666814928880628,2.0624276155765093,7.416957261476921
2024-08-12,1000,0.00111524627370754,-0.007439364192555092,-0.00634067562643388,3.6709043305664375,2.0470844654234526,7.369928741346772
2024-08-13,1000,0.005296694363726437,0.00898047741329848,0.014345272499700459,3.6903479888439277,2.065468261228302,7.475652377444765
2024-08-14,1000,0.002612961890877726,-0.002114947124438499,0.00047543936308385316,3.699990727502854,2.0610999050685983,7.4792065968497345
2024-08-15,1000,0.01370540735633387,0.004479925778202936,0.018268072095413534,3.7507006076379388,2.0703334796647668,7.615837282177479
2024-08-16,1000,-0.002019451112954774,0.004107534942028044,0.002072735334120208,3.7431262511214842,2.0788374467741404,7.631622897211157
2024-08-19,1000,0.001294896491594283,0.007377685452970865,0.008681401278924675,3.747973212171656,2.0941744555642967,7.697876077991277
2024-08-20,1000,-0.0010778877857745305,-0.006156362373663613,-0.007217882384095104,3.7439333176248457,2.0812819587421734,7.642313713852997
2024-08-21,1000,0.005424346851002739,0.005163549130580346,0.010605989654768277,3.764241710526668,2.092028760390729,7.723368014040616
2024-08-22,1000,0.0008183079886655983,-0.006538107614643252,-0.0057504258384166165,3.76732201958966,2.078350851222366,7.678955359053076
2024-08-23,1000,0.006786997991114117,0.011829627788896945,0.018705298164404454,3.7928908265684953,2.1029369682070636,7.822592508635315
2024-08-26,1000,0.004136714666581518,-0.006301813504993367,-0.0021876343133586038,3.808580933679504,2.0896846516206664,7.805479536844003
2024-08-27,1000,-0.0035022334985238377,0.001874969276262573,-0.0016406549513105953,3.7952423939517326,2.0936027461395326,7.792673438194527
2024-08-28,1000,-0.00273386093308836,-0.0019318982183527762,-0.004637493310453193,3.784866729039307,2.089558118724327,7.756534967254353
2024-08-29,1000,0.005261045029269882,-0.001071690883383132,0.00420151592903641,3.804779083330568,2.087318758338191,7.789124172473401
2024-08-30,1000,0.00425894703371411,0.0031845953211503343,0.007436435606058687,3.8209834359214567,2.093966023889744,7.847047492809596
2024-09-03,1000,-0.007032449323041979,-0.013919951761382865,-0.020800918261420095,3.794112563544156,2.0648181178472242,7.683821699318182
2024-09-04,1000,-0.002949561465756299,0.0007872481898906823,-0.0021682710626893887,3.7829215953299844,2.066443642172953,7.667161091076686
2024-09-05,1000,0.0010992431249627712,-0.007200281843430289,-0.006136723032835431,3.787079945885924,2.0515646655357433,7.620109847012616
2024-09-06,1000,0.0011106795442472799,-0.015007758292248288,-0.013926916879987768,3.7912861781142486,2.0207752789144657,7.5139852105568945
2024-09-09,1000,0.004375874955998929,0.0025407099629784894,0.00693185786791545,3.807876372352084,2.025909482798544,7.566071088058093
2024-09-10,1000,0.0016687709798696303,-0.002989043382009614,-0.0013103721189559954,3.814230845937197,2.019853951466435,7.556156719454263
2024-09-11,1000,-0.0028876975929890223,0.0067204030443207925,0.0038407303387455174,3.8032165007042797,2.0334281841109534,7.585177879810987
2024-09-12,1000,0.001605090521506802,0.005543279269133244,0.0071477924635114055,3.8093210074607984,2.0447000444092067,7.639395157094693
2024-09-13,1000,0.006287116927713564,0.008444777725482699,0.014803332211549136,3.8332706540499006,2.0619670817995273,7.752483661500465
2024-09-16,1000,0.0033209087868985654,0.003303410498552238,0.006646246038091642,3.8460005962474955,2.068778605505213,7.804008575321082
2024-09-17,1000,0.004386213573840904,-0.0004992005221944263,0.003884576775536041,3.8628699762677563,2.0677458701450404,7.834323845788858
2024-09-18,1000,0.0014959493166157593,-0.002178040933661672,-0.0006981515434253047,3.8686486339689297,2.063242234999455,7.828854300504227
2024-09-19,1000,0.01786936690238384,-0.002663920298164091,0.015163076070593985,3.937778935825727,2.05774592212961,7.94756381380837
2024-09-20,1000,-0.0035123441810440085,-0.0022428810585132393,-0.005715556684204817,3.923948100894242,2.053130642777633,7.902139062329213
2024-09-23,1000,0.003438083034904987,0.0012191566480242173,0.004654652218921062,3.937438960289774,2.055633730650037,7.938920771449906
2024-09-24,1000,0.0030589730278856525,-0.0019511252005176602,0.0010980313311199994,3.9494834798682463,2.051622931875132,7.947637955192238
2024-09-25,1000,0.0008926233907566771,-0.009705893738668677,-0.008818342304044925,3.953008881203784,2.0317100977065357,7.877552963194733
2024-09-26,1000,0.008944926855801671,0.0006195390645070409,0.009606436794112543,3.988368256506486,2.0329688214798183,7.953228177827937
2024-09-27,1000,0.0057296524400477986,-0.0018353380212367645,0.0038967887096827115,4.011220220419188,2.0292376365057674,7.984220227596827
2024-09-30,1000,-0.002343244171926502,0.003313387981744898,0.0009550477540464742,4.001820952015376,2.03596128810267,7.991845539193006
2024-10-01,1000,-0.0011683214573499304,-0.006669952344949219,-0.007843302072798057,3.997145538728664,2.0223815233348637,7.929163080509972
2024-10-02,1000,-0.00285504623529205,0.0021378274170124616,-0.0007616282924914979,3.985733503406402,2.0267050260031083,7.923124005572077
2024-10-03,1000,-0.004553829089185445,0.00018823301645545443,-0.004365920100245049,3.967583154236849,2.0270865188036185,7.888532279219415
2024-10-04,1000,0.009948719400546785,-0.000193503954663791,0.009743993307958816,4.007055525736687,2.0266942695457844,7.965398084957746
2024-10-07,1000,-0.003999521789912513,-0.004087898385877578,-0.008080976275557391,3.991029219848114,2.0184093493126407,7.901029892007832
2024-10-08,1000,0.0004844875588489248,0.0007475574105640741,0.0012459819231248421,3.9929628238521335,2.019918226179271,7.910874432427343
2024-10-09,1000,-0.0002896293222972951,0.006713619551059331,0.006417599043771934,3.991806344735503,2.033479188674089,7.961643252620289
2024-10-10,1000,-0.004025210941298663,0.0004512209279589968,-0.0035950659931804374,3.975738482161128,2.0343967370405878,7.933020619712958
2024-10-11,1000,0.001366962185203262,0.011858631587152587,0.01324363484011077,3.9811731663245,2.0585218984472573,8.038082647979506
2024-10-14,1000,0.00028766956159298674,0.005851663481000804,0.006140222172921655,3.9823184286638824,2.0705676758652416,8.087438261282406
2024-10-15,1000,-7.101043694344944e-06,-0.0035468999456861896,-0.0035519137377812175,3.9822901500467154,2.0632235794881755,8.0587123782187
2024-10-16,1000,0.0045173846201087536,0.0038773651432386287,0.008407167331546131,4.000279686323347,2.071223450677991,8.126463321659187
2024-10-17,1000,0.0023104664239560584,-0.0030005176362822576,-0.0007461148311487947,4.0095221982250315,2.0650087081855504,8.120400046850111
2024-10-18,1000,0.0029051204818065957,-0.0013246254608114362,0.0015710046188690074,4.021170343285354,2.0622733450738906,8.133157232830778
2024-10-21,1000,-0.0013863303281905516,-0.009741034662502649,-0.011118511177161956,4.015595672883636,2.0421846689359704,8.042728633231933
2024-10-22,1000,-0.0038873358273934146,-0.0010166083009550248,-0.004887217315186513,3.9999857039561095,2.040108567049447,8.003422070594256
2024-10-23,1000,-0.003569175742874696,-0.001568555911238775,-0.005138198266294429,3.9857090520097036,2.036908542697033,7.962298901186706
2024-10-24,1000,0.003562304487247662,-0.0015479490708184623,0.0020430367890727605,3.9999073612505414,2.033755512011023,7.978566170767424
2024-10-25,1000,0.005021106508813406,-0.009489590385267926,-0.004499622782311381,4.019991322136767,2.0144560052582574,7.94266563265526
2024-10-28,1000,0.005234260773547014,0.0028026444378461486,0.008031574578272178,4.041033005024227,2.0201018091766803,8.00645774403421
2024-10-29,1000,-0.0046610594800405095,0.0029446448052579373,-0.0017640651513747235,4.022197509827002,2.0260502914751646,7.9923338309420044
2024-10-30,1000,-0.0033316312750271133,0.0012964418185503885,-0.0019695921495846143,4.0087970308089265,2.0286769477995192,7.976592192971721
2024-10-31,1000,-0.002435758634466695,-0.010374308964117547,-0.012722630198303352,3.9990325688273094,2.007630826354664,7.875108960257869
2024-11-01,1000,0.00454070599782508,-0.002797476991454144,0.0017371632152912593,4.017190999998081,2.002014525310603,7.888789309860038
2024-11-04,1000,0.00021007385713670657,0.00225495954848279,0.002462038761631944,4.018034906806306,2.0065289870806535,7.908211814923261
2024-11-05,1000,-0.002056826028263137,0.014784544460503677,0.0126806350954152,4.0097705080275166,2.036194604101437,8.008492963205553
2024-11-06,1000,0.028727051795650525,0.0036349921695481013,0.03272131977662683,4.124959393100295,2.043596155543022,8.270541422383467
2024-11-07,1000,0.0022677872100190693,-0.001674316952229085,0.0006698642908292476,4.134313923253815,2.040174527856286,8.276081562748145
2024-11-08,1000,3.102047402033359e-05,0.004386429881742866,0.00445458536989112,4.134442171631464,2.0491236103692456,8.312948074597589
2024-11-11,1000,0.005917012850397589,0.0016189356203586244,0.007593085300959149,4.1589057190902325,2.0524410095725902,8.376068998430453
2024-11-12,1000,-0.002821878354557597,-0.006303289351441112,-0.009110496257966347,4.147169793062886,2.0395038800124903,8.299758853163784
2024-11-13,1000,0.0022297444629214816,-0.004788083331930292,-0.0025890200831805215,4.156416921945764,2.0297385654791955,8.278270610807388
2024-11-14,1000,0.001399320668259517,-0.009806451773032505,-0.008420655832859539,4.162233082050546,2.0098340321249597,8.208562143102503
2024-11-15,1000,-0.001448233091521121,-0.00877679380085204,-0.01020495186483456,4.156205198366497,1.9921941332510638,8.124794161552638
2024-11-18,1000,0.0006046879993804783,0.0030434789032334395,0.0036487186733131106,4.158718405772912,1.9982573340667589,8.154439249726721
2024-11-19,1000,-0.008405326279709795,0.00761211399986956,-0.0008677191989561195,4.1237630206669555,2.01346829669475,8.147363486233012
2024-11-20,1000,9.715803476980922e-05,0.003734363556779037,0.003845769786612801,4.1241636773779,2.020987319324657,8.178696370568918
2024-11-21,1000,0.00403772809928753,0.010178775123002037,0.014220567877561187,4.14081592894411,2.041558494774501,8.295002077456557
2024-11-22,1000,0.0030231488870086165,0.01022034686519125,0.013276245255061311,4.153334232011005,2.0624239307366743,8.405128559428112
2024-11-25,1000,0.009007340161295547,0.004698870788994314,0.013776620238737321,4.190744726242282,2.0721149942993358,8.520922823649117
2024-11-26,1000,-0.002006794472310332,-0.0017604619797147035,-0.003774474102033039,4.182334762890795,2.068467114634275,8.488760821125831
2024-11-27,1000,0.002997254077928143,-0.00421105381376946,-0.0012307921941696657,4.19487028281413,2.0597566883025378,8.478312920569017
2024-11-29,1000,0.003515524776198817,-0.0011138536584218647,0.002380425111986324,4.209617453226303,2.057462420779813,8.498494909552418
2024-12-02,1000,0.0009192779457629513,-0.001476554994970926,-0.0005443035521313979,4.213487261711153,2.0544244643654457,8.493869148585379
2024-12-03,1000,0.0004967522308563369,-0.0048455128189311665,-0.004375266042996701,4.215580320908093,2.044469724287837,8.456706211325915
2024-12-04,1000,0.000891748218176683,0.00048704628821779093,0.0013851104658122932,4.219339557147844,2.045465475678425,8.468419683605523
2024-12-05,1000,0.00021624308174004436,-0.007999476732919385,-0.007829489516384798,4.220251960136589,2.029102822197746,8.402116280472386
2024-12-06,1000,0.005439162607626257,-0.005575279687687963,-0.00013458829820369722,4.243206596792925,2.0177900064489163,8.400985453940889
2024-12-09,1000,0.003608662379335285,-0.005779602769001125,-0.002188816661978758,4.258518896806518,2.006127981740381,8.382597237002262
2024-12-10,1000,-0.0003139739379984205,-0.006544419099685944,-0.00685473405512941,4.257181832858447,1.992999039460265,8.325136762251349
2024-12-11,1000,0.005751471652170325,-0.0026232290235017114,0.0031100700402172696,4.281666893488267,1.9877709465361417,8.351028520676339
2024-12-12,1000,-0.00101666548272443,-0.003909245078426336,-0.004921950399708952,4.277313870549134,1.9800002627463564,8.309925172511015
2024-12-13,1000,-0.00027648325632641257,-0.004289144425311342,-0.004556411777917264,4.276131264881874,1.9715077556572829,8.272061731581376
2024-12-16,1000,-0.0011123684129878157,-0.001106872093529887,-0.0022130858508191296,4.27137463153303,1.969325548740368,8.25375494880611
2024-12-17,1000,-0.004972004723376628,-0.0037065825177833,-0.008657593856976877,4.250137336689737,1.9620260810895829,8.182297290664334
2024-12-18,1000,0.0015870862899565656,-0.035147593346167814,-0.03364764987180455,4.256882671387229,1.893065586256871,7.906982216281045
2024-12-19,1000,0.006276404340522334,-0.010067197277547282,-0.003910424961663744,4.283600588263019,1.8740077215406876,7.876062555651068
2024-12-20,1000,-0.004405006609429509,0.015020049118290453,0.010509721118007975,4.264731299359564,1.902155409566284,7.958837776618947
2024-12-23,1000,-0.0025755929791280987,0.00468295173183611,0.0020928617042754107,4.253747087367065,1.911063111535734,7.9754945234121735
2024-12-24,1000,0.00032471781923981615,0.007544487279590946,0.007869765229789149,4.255128354844873,1.9254811028712107,8.038259792902897
2024-12-26,1000,-0.004743209996868045,0.00683510733777318,0.002052133774181873,4.234945387494216,1.9386419728861894,8.054755377309561
2024-12-27,1000,-0.006276341919499817,-0.002348728646848423,-0.008614253045623627,4.208365422231894,1.9340886289484889,7.98536967626882
2024-12-30,1000,-0.007901322982465632,-0.0007925900040177382,-0.00869044591573888,4.175113767802599,1.9325556896343,7.915973252980025
2024-12-31,1000,0.003877568741616801,-0.0017308410524391204,0.002125344869377207,4.191303058441324,1.929210742910556,7.9327974261193726
