gross_pnl,trade_cost,borrow_cost,net_pnl,gross_long,gross_short,gross_notional,turnover_$,n_long,n_short
0.0,0.0,0.0,0.0,0.0,0.0,0.0,0.0,0,0
0.0,0.0,0.0,0.0,0.0,0.0,0.0,0.0,0,0
0.0,0.0,0.0,0.0,0.0,0.0,0.0,0.0,0,0
0.0,0.0,0.0,0.0,0.0,0.0,0.0,0.0,0,0
0.0,0.0,0.0,0.0,0.0,0.0,0.0,0.0,0,0
0.0,0.0,0.0,0.0,0.0,0.0,0.0,0.0,0,0
0.0,0.0,0.0,0.0,0.0,0.0,0.0,0.0,0,0
0.0,0.0,0.0,0.0,0.0,0.0,0.0,0.0,0,0
0.0,0.0,0.0,0.0,0.0,0.0,0.0,0.0,0,0
0.0,0.0,0.0,0.0,0.0,0.0,0.0,0.0,0,0
0.0,0.0,0.0,0.0,0.0,0.0,0.0,0.0,0,0
0.0,0.0,0.0,0.0,0.0,0.0,0.0,0.0,0,0
0.0,0.0,0.0,0.0,0.0,0.0,0.0,0.0,0,0
0.0,0.0,0.0,0.0,0.0,0.0,0.0,0.0,0,0
0.0,0.0,0.0,0.0,0.0,0.0,0.0,0.0,0,0
0.0,0.0,0.0,0.0,0.0,0.0,0.0,0.0,0,0
0.0,0.0,0.0,0.0,0.0,0.0,0.0,0.0,0,0
0.0,0.0,0.0,0.0,0.0,0.0,0.0,0.0,0,0
0.0,0.0,0.0,0.0,0.0,0.0,0.0,0.0,0,0
0.0,0.0,0.0,0.0,0.0,0.0,0.0,0.0,0,0
0.0,0.0,0.0,0.0,0.0,0.0,0.0,0.0,0,0
0.0,0.0,0.0,0.0,0.0,0.0,0.0,0.0,0,0
0.0,0.0,0.0,0.0,0.0,0.0,0.0,0.0,0,0
0.0,0.0,0.0,0.0,0.0,0.0,0.0,0.0,0,0
0.0,0.0,0.0,0.0,0.0,0.0,0.0,0.0,0,0
0.0,0.0,0.0,0.0,0.0,0.0,0.0,0.0,0,0
0.0,0.0,0.0,0.0,0.0,0.0,0.0,0.0,0,0
0.0,0.0,0.0,0.0,0.0,0.0,0.0,0.0,0,0
0.0,0.0,0.0,0.0,0.0,0.0,0.0,0.0,0,0
0.0,0.0,0.0,0.0,0.0,0.0,0.0,0.0,0,0
0.0,0.0,0.0,0.0,0.0,0.0,0.0,0.0,0,0
0.0,0.0,0.0,0.0,0.0,0.0,0.0,0.0,0,0
0.0,0.0,0.0,0.0,0.0,0.0,0.0,0.0,0,0
0.0,0.0,0.0,0.0,0.0,0.0,0.0,0.0,0,0
0.0,0.0,0.0,0.0,0.0,0.0,0.0,0.0,0,0
0.0,0.0,0.0,0.0,0.0,0.0,0.0,0.0,0,0
0.0,0.0,0.0,0.0,0.0,0.0,0.0,0.0,0,0
0.0,0.0,0.0,0.0,0.0,0.0,0.0,0.0,0,0
0.0,0.0,0.0,0.0,0.0,0.0,0.0,0.0,0,0
0.0,0.0,0.0,0.0,0.0,0.0,0.0,0.0,0,0
0.0,0.0,0.0,0.0,0.0,0.0,0.0,0.0,0,0
0.0,0.0,0.0,0.0,0.0,0.0,0.0,0.0,0,0
0.0,0.0,0.0,0.0,0.0,0.0,0.0,0.0,0,0
0.0,0.0,0.0,0.0,0.0,0.0,0.0,0.0,0,0
0.0,0.0,0.0,0.0,0.0,0.0,0.0,0.0,0,0
0.0,0.0,0.0,0.0,0.0,0.0,0.0,0.0,0,0
0.0,0.0,0.0,0.0,0.0,0.0,0.0,0.0,0,0
0.0,0.0,0.0,0.0,0.0,0.0,0.0,0.0,0,0
0.0,0.0,0.0,0.0,0.0,0.0,0.0,0.0,0,0
0.0,0.0,0.0,0.0,0.0,0.0,0.0,0.0,0,0
0.0,0.0,0.0,0.0,0.0,0.0,0.0,0.0,0,0
0.0,0.0,0.0,0.0,0.0,0.0,0.0,0.0,0,0
0.0,0.0,0.0,0.0,0.0,0.0,0.0,0.0,0,0
0.0,0.0,0.0,0.0,0.0,0.0,0.0,0.0,0,0
0.0,0.0,0.0,0.0,0.0,0.0,0.0,0.0,0,0
0.0,0.0,0.0,0.0,0.0,0.0,0.0,0.0,0,0
0.0,0.0,0.0,0.0,0.0,0.0,0.0,0.0,0,0
0.0,0.0,0.0,0.0,0.0,0.0,0.0,0.0,0,0
0.0,0.0,0.0,0.0,0.0,0.0,0.0,0.0,0,0
0.0,0.0,0.0,0.0,0.0,0.0,0.0,0.0,0,0
0.0,0.0,0.0,0.0,0.0,0.0,0.0,0.0,0,0
0.0,0.0,0.0,0.0,0.0,0.0,0.0,0.0,0,0
0.0,0.0,0.0,0.0,0.0,0.0,0.0,0.0,0,0
0.0,0.0,0.0,0.0,0.0,0.0,0.0,0.0,0,0
48379.624203788124,10000.000000000002,396.82539682539675,37982.798806962724,25000000.0,25000000.000000004,50000000.0,50000000.00000001,28,28
16203.419563063952,20688.106975742565,396.8253968253969,-4881.51280950401,25000000.0,25000000.000000007,50000000.00000001,75274473.74526814,27,27
0.0,10000.000000000002,0.0,-10000.000000000002,0.0,0.0,0.0,50000000.00000001,0,0
0.0,0.0,0.0,0.0,0.0,0.0,0.0,0.0,0,0
0.0,0.0,0.0,0.0,0.0,0.0,0.0,0.0,0,0
0.0,0.0,0.0,0.0,0.0,0.0,0.0,0.0,0,0
0.0,0.0,0.0,0.0,0.0,0.0,0.0,0.0,0,0
0.0,0.0,0.0,0.0,0.0,0.0,0.0,0.0,0,0
56642.77962580582,9999.999999999998,396.8253968253968,46245.95422898042,25000000.0,25000000.000000004,50000000.0,50000000.00000001,26,26
56711.71663694811,20000.0,396.8253968253967,36314.89124012271,25000000.000000004,25000000.0,50000000.0,59794532.021327786,26,26
0.0,9999.999999999998,0.0,-9999.999999999998,0.0,0.0,0.0,50000000.0,0,0
0.0,0.0,0.0,0.0,0.0,0.0,0.0,0.0,0,0
0.0,0.0,0.0,0.0,0.0,0.0,0.0,0.0,0,0
0.0,0.0,0.0,0.0,0.0,0.0,0.0,0.0,0,0
0.0,0.0,0.0,0.0,0.0,0.0,0.0,0.0,0,0
0.0,0.0,0.0,0.0,0.0,0.0,0.0,0.0,0,0
0.0,0.0,0.0,0.0,0.0,0.0,0.0,0.0,0,0
0.0,0.0,0.0,0.0,0.0,0.0,0.0,0.0,0,0
0.0,0.0,0.0,0.0,0.0,0.0,0.0,0.0,0,0
0.0,0.0,0.0,0.0,0.0,0.0,0.0,0.0,0,0
-44383.16155881027,10000.000000000002,396.82539682539687,-54779.98695563567,25000000.0,25000000.000000004,50000000.0,50000000.00000001,26,26
0.0,10000.000000000002,0.0,-10000.000000000002,0.0,0.0,0.0,50000000.00000001,0,0
0.0,0.0,0.0,0.0,0.0,0.0,0.0,0.0,0,0
0.0,0.0,0.0,0.0,0.0,0.0,0.0,0.0,0,0
0.0,0.0,0.0,0.0,0.0,0.0,0.0,0.0,0,0
0.0,0.0,0.0,0.0,0.0,0.0,0.0,0.0,0,0
0.0,0.0,0.0,0.0,0.0,0.0,0.0,0.0,0,0
0.0,0.0,0.0,0.0,0.0,0.0,0.0,0.0,0,0
0.0,0.0,0.0,0.0,0.0,0.0,0.0,0.0,0,0
0.0,0.0,0.0,0.0,0.0,0.0,0.0,0.0,0,0
0.0,0.0,0.0,0.0,0.0,0.0,0.0,0.0,0,0
0.0,0.0,0.0,0.0,0.0,0.0,0.0,0.0,0,0
0.0,0.0,0.0,0.0,0.0,0.0,0.0,0.0,0,0
0.0,0.0,0.0,0.0,0.0,0.0,0.0,0.0,0,0
-102691.41344231069,9999.999999999998,396.82539682539675,-113088.23883913609,24999999.999999996,24999999.999999996,49999999.99999999,49999999.99999999,28,28
211010.6654876164,19999.999999999996,396.8253968253969,190613.84009079103,25000000.0,25000000.000000004,50000000.0,59318317.62475797,28,28
46662.216889576855,20801.0963492919,396.8253968253968,25464.29514345956,25000000.000000007,25000000.000000004,50000000.000000015,80059555.65006295,28,28
107650.86495155186,20587.62545021241,396.825396825397,86666.41410451406,25000000.0,25000000.000000007,50000000.00000001,78902149.86475044,28,28
0.0,10000.000000000004,0.0,-10000.000000000004,0.0,0.0,0.0,50000000.00000001,0,0
89724.10948424747,9999.999999999998,396.8253968253968,79327.28408742207,25000000.0,24999999.999999996,50000000.0,50000000.0,28,28
0.0,9999.999999999998,0.0,-9999.999999999998,0.0,0.0,0.0,50000000.0,0,0
-27346.15537530256,10000.0,396.82539682539675,-37742.98077212796,25000000.0,24999999.999999996,50000000.0,50000000.0,28,28
-13398.084316964865,20000.000000000004,396.825396825397,-33794.90971379027,25000000.0,25000000.000000004,50000000.0,59654844.22976743,28,28
108202.09237462819,20000.000000000004,396.82539682539687,87805.26697780279,25000000.000000004,25000000.000000004,50000000.00000001,55206137.69039531,28,28
0.0,10000.000000000002,0.0,-10000.000000000002,0.0,0.0,0.0,50000000.00000001,0,0
0.0,0.0,0.0,0.0,0.0,0.0,0.0,0.0,0,0
100198.57609178004,9999.999999999998,396.82539682539687,89801.75069495464,25000000.000000004,25000000.000000007,50000000.000000015,50000000.00000001,28,28
0.0,9999.999999999998,0.0,-9999.999999999998,0.0,0.0,0.0,50000000.00000001,0,0
0.0,0.0,0.0,0.0,0.0,0.0,0.0,0.0,0,0
0.0,0.0,0.0,0.0,0.0,0.0,0.0,0.0,0,0
0.0,0.0,0.0,0.0,0.0,0.0,0.0,0.0,0,0
0.0,0.0,0.0,0.0,0.0,0.0,0.0,0.0,0,0
0.0,0.0,0.0,0.0,0.0,0.0,0.0,0.0,0,0
73124.4620415519,10000.000000000004,396.82539682539687,62727.6366447265,25000000.0,25000000.0,50000000.0,50000000.0,28,28
0.0,10000.000000000004,0.0,-10000.000000000004,0.0,0.0,0.0,50000000.0,0,0
226531.31638032803,10000.0,396.8253968253968,216134.49098350265,25000000.000000004,25000000.000000007,50000000.000000015,50000000.00000001,28,28
0.0,10000.0,0.0,-10000.0,0.0,0.0,0.0,50000000.00000001,0,0
0.0,0.0,0.0,0.0,0.0,0.0,0.0,0.0,0,0
0.0,0.0,0.0,0.0,0.0,0.0,0.0,0.0,0,0
0.0,0.0,0.0,0.0,0.0,0.0,0.0,0.0,0,0
0.0,0.0,0.0,0.0,0.0,0.0,0.0,0.0,0,0
0.0,0.0,0.0,0.0,0.0,0.0,0.0,0.0,0,0
0.0,0.0,0.0,0.0,0.0,0.0,0.0,0.0,0,0
0.0,0.0,0.0,0.0,0.0,0.0,0.0,0.0,0,0
0.0,0.0,0.0,0.0,0.0,0.0,0.0,0.0,0,0
0.0,0.0,0.0,0.0,0.0,0.0,0.0,0.0,0,0
0.0,0.0,0.0,0.0,0.0,0.0,0.0,0.0,0,0
44495.277310575446,10000.000000000002,396.8253968253969,34098.45191375005,25000000.000000004,25000000.000000004,50000000.00000001,50000000.00000001,28,28
107989.7397970743,20362.191639409455,396.8253968253967,87230.72276083945,25000000.0,25000000.0,50000000.0,94091477.67684655,28,28
0.0,10000.000000000002,0.0,-10000.000000000002,0.0,0.0,0.0,50000000.0,0,0
0.0,0.0,0.0,0.0,0.0,0.0,0.0,0.0,0,0
0.0,0.0,0.0,0.0,0.0,0.0,0.0,0.0,0,0
0.0,0.0,0.0,0.0,0.0,0.0,0.0,0.0,0,0
0.0,0.0,0.0,0.0,0.0,0.0,0.0,0.0,0,0
0.0,0.0,0.0,0.0,0.0,0.0,0.0,0.0,0,0
0.0,0.0,0.0,0.0,0.0,0.0,0.0,0.0,0,0
202040.0652944906,10000.0,396.82539682539675,191643.23989766522,25000000.000000004,24999999.999999996,50000000.0,50000000.0,24,24
-78129.55616247629,20853.290745726088,396.82539682539675,-99379.67230502778,25000000.000000004,25000000.0,50000000.0,83179983.8115269,24,24
-24199.88971115555,20214.420992196585,396.82539682539687,-44811.13610017754,24999999.999999996,25000000.0,50000000.0,66264153.22602259,25,25
-15970.267404814434,20718.307536013694,396.82539682539675,-37085.400337653526,25000000.000000004,25000000.0,50000000.0,68231529.56885093,26,26
0.0,9999.999999999996,0.0,-9999.999999999996,0.0,0.0,0.0,50000000.0,0,0
0.0,0.0,0.0,0.0,0.0,0.0,0.0,0.0,0,0
0.0,0.0,0.0,0.0,0.0,0.0,0.0,0.0,0,0
94649.34426659431,10000.000000000002,396.8253968253968,84252.51886976892,25000000.0,25000000.0,50000000.0,50000000.0,26,26
0.0,10000.000000000002,0.0,-10000.000000000002,0.0,0.0,0.0,50000000.0,0,0
0.0,0.0,0.0,0.0,0.0,0.0,0.0,0.0,0,0
0.0,0.0,0.0,0.0,0.0,0.0,0.0,0.0,0,0
0.0,0.0,0.0,0.0,0.0,0.0,0.0,0.0,0,0
0.0,0.0,0.0,0.0,0.0,0.0,0.0,0.0,0,0
0.0,0.0,0.0,0.0,0.0,0.0,0.0,0.0,0,0
0.0,0.0,0.0,0.0,0.0,0.0,0.0,0.0,0,0
0.0,0.0,0.0,0.0,0.0,0.0,0.0,0.0,0,0
61651.68550157306,9999.999999999995,396.82539682539675,51254.86010474767,25000000.0,24999999.999999993,49999999.99999999,49999999.99999999,27,27
41525.629026620954,19999.999999999996,396.82539682539675,21128.803629795562,25000000.0,24999999.999999996,50000000.0,61446870.79612262,28,28
0.0,10000.000000000002,0.0,-10000.000000000002,0.0,0.0,0.0,49999999.99999999,0,0
-59195.08861627935,10000.0,396.8253968253969,-69591.91401310475,25000000.0,25000000.0,50000000.0,50000000.0,27,27
0.0,10000.0,0.0,-10000.0,0.0,0.0,0.0,50000000.0,0,0
0.0,0.0,0.0,0.0,0.0,0.0,0.0,0.0,0,0
0.0,0.0,0.0,0.0,0.0,0.0,0.0,0.0,0,0
0.0,0.0,0.0,0.0,0.0,0.0,0.0,0.0,0,0
-45865.93733417224,9999.999999999996,396.8253968253968,-56262.76273099764,24999999.999999996,25000000.000000004,50000000.0,50000000.0,27,27
9083.25933764305,20000.000000000004,396.82539682539687,-11313.56605918235,25000000.0,25000000.0,50000000.0,73493442.25118361,27,27
0.0,10000.0,0.0,-10000.0,0.0,0.0,0.0,50000000.0,0,0
0.0,0.0,0.0,0.0,0.0,0.0,0.0,0.0,0,0
0.0,0.0,0.0,0.0,0.0,0.0,0.0,0.0,0,0
0.0,0.0,0.0,0.0,0.0,0.0,0.0,0.0,0,0
0.0,0.0,0.0,0.0,0.0,0.0,0.0,0.0,0,0
0.0,0.0,0.0,0.0,0.0,0.0,0.0,0.0,0,0
0.0,0.0,0.0,0.0,0.0,0.0,0.0,0.0,0,0
0.0,0.0,0.0,0.0,0.0,0.0,0.0,0.0,0,0
0.0,0.0,0.0,0.0,0.0,0.0,0.0,0.0,0,0
0.0,0.0,0.0,0.0,0.0,0.0,0.0,0.0,0,0
0.0,0.0,0.0,0.0,0.0,0.0,0.0,0.0,0,0
0.0,0.0,0.0,0.0,0.0,0.0,0.0,0.0,0,0
-8439.342749448506,10000.0,396.825396825397,-18836.168146273903,25000000.0,25000000.000000004,50000000.0,50000000.0,27,27
0.0,10000.0,0.0,-10000.0,0.0,0.0,0.0,50000000.0,0,0
0.0,0.0,0.0,0.0,0.0,0.0,0.0,0.0,0,0
0.0,0.0,0.0,0.0,0.0,0.0,0.0,0.0,0,0
0.0,0.0,0.0,0.0,0.0,0.0,0.0,0.0,0,0
0.0,0.0,0.0,0.0,0.0,0.0,0.0,0.0,0,0
0.0,0.0,0.0,0.0,0.0,0.0,0.0,0.0,0,0
0.0,0.0,0.0,0.0,0.0,0.0,0.0,0.0,0,0
-82686.0178537874,10000.0,396.82539682539675,-93082.8432506128,24999999.999999996,25000000.0,50000000.0,50000000.0,27,27
-61169.449575427185,20000.0,396.8253968253968,-81566.27497225259,25000000.000000004,25000000.0,50000000.0,64858332.351413146,27,27
0.0,10000.000000000004,0.0,-10000.000000000004,0.0,0.0,0.0,50000000.0,0,0
0.0,0.0,0.0,0.0,0.0,0.0,0.0,0.0,0,0
0.0,0.0,0.0,0.0,0.0,0.0,0.0,0.0,0,0
0.0,0.0,0.0,0.0,0.0,0.0,0.0,0.0,0,0
0.0,0.0,0.0,0.0,0.0,0.0,0.0,0.0,0,0
0.0,0.0,0.0,0.0,0.0,0.0,0.0,0.0,0,0
0.0,0.0,0.0,0.0,0.0,0.0,0.0,0.0,0,0
0.0,0.0,0.0,0.0,0.0,0.0,0.0,0.0,0,0
0.0,0.0,0.0,0.0,0.0,0.0,0.0,0.0,0,0
0.0,0.0,0.0,0.0,0.0,0.0,0.0,0.0,0,0
41498.018586692655,10000.000000000004,396.82539682539687,31101.193189867256,25000000.0,25000000.000000004,50000000.0,50000000.0,28,28
0.0,10000.000000000004,0.0,-10000.000000000004,0.0,0.0,0.0,50000000.0,0,0
0.0,0.0,0.0,0.0,0.0,0.0,0.0,0.0,0,0
0.0,0.0,0.0,0.0,0.0,0.0,0.0,0.0,0,0
0.0,0.0,0.0,0.0,0.0,0.0,0.0,0.0,0,0
0.0,0.0,0.0,0.0,0.0,0.0,0.0,0.0,0,0
0.0,0.0,0.0,0.0,0.0,0.0,0.0,0.0,0,0
0.0,0.0,0.0,0.0,0.0,0.0,0.0,0.0,0,0
0.0,0.0,0.0,0.0,0.0,0.0,0.0,0.0,0,0
0.0,0.0,0.0,0.0,0.0,0.0,0.0,0.0,0,0
0.0,0.0,0.0,0.0,0.0,0.0,0.0,0.0,0,0
0.0,0.0,0.0,0.0,0.0,0.0,0.0,0.0,0,0
0.0,0.0,0.0,0.0,0.0,0.0,0.0,0.0,0,0
0.0,0.0,0.0,0.0,0.0,0.0,0.0,0.0,0,0
0.0,0.0,0.0,0.0,0.0,0.0,0.0,0.0,0,0
0.0,0.0,0.0,0.0,0.0,0.0,0.0,0.0,0,0
0.0,0.0,0.0,0.0,0.0,0.0,0.0,0.0,0,0
0.0,0.0,0.0,0.0,0.0,0.0,0.0,0.0,0,0
0.0,0.0,0.0,0.0,0.0,0.0,0.0,0.0,0,0
0.0,0.0,0.0,0.0,0.0,0.0,0.0,0.0,0,0
0.0,0.0,0.0,0.0,0.0,0.0,0.0,0.0,0,0
29106.686894475526,10000.000000000002,396.825396825397,18709.86149765013,24999999.999999996,25000000.000000004,50000000.0,50000000.0,29,29
0.0,10000.000000000002,0.0,-10000.000000000002,0.0,0.0,0.0,50000000.0,0,0
0.0,0.0,0.0,0.0,0.0,0.0,0.0,0.0,0,0
0.0,0.0,0.0,0.0,0.0,0.0,0.0,0.0,0,0
0.0,0.0,0.0,0.0,0.0,0.0,0.0,0.0,0,0
0.0,0.0,0.0,0.0,0.0,0.0,0.0,0.0,0,0
0.0,0.0,0.0,0.0,0.0,0.0,0.0,0.0,0,0
0.0,0.0,0.0,0.0,0.0,0.0,0.0,0.0,0,0
0.0,0.0,0.0,0.0,0.0,0.0,0.0,0.0,0,0
0.0,0.0,0.0,0.0,0.0,0.0,0.0,0.0,0,0
0.0,0.0,0.0,0.0,0.0,0.0,0.0,0.0,0,0
0.0,0.0,0.0,0.0,0.0,0.0,0.0,0.0,0,0
0.0,0.0,0.0,0.0,0.0,0.0,0.0,0.0,0,0
-23108.233412857986,10000.0,396.82539682539675,-33505.05880968338,24999999.999999993,25000000.0,49999999.99999999,49999999.99999999,28,28
5939.231717539733,20000.000000000004,396.82539682539675,-14457.593679285668,25000000.0,25000000.0,50000000.0,66341244.65944487,28,28
68846.03547907846,20000.00000000001,396.825396825397,48449.21008225305,24999999.999999996,25000000.0,50000000.0,65862269.19831344,27,27
0.0,10000.000000000002,0.0,-10000.000000000002,0.0,0.0,0.0,50000000.0,0,0
0.0,0.0,0.0,0.0,0.0,0.0,0.0,0.0,0,0
0.0,0.0,0.0,0.0,0.0,0.0,0.0,0.0,0,0
-2668.2661386238083,9999.999999999998,396.82539682539687,-13065.091535449204,25000000.0,25000000.0,50000000.0,50000000.0,28,28
0.0,9999.999999999998,0.0,-9999.999999999998,0.0,0.0,0.0,50000000.0,0,0
0.0,0.0,0.0,0.0,0.0,0.0,0.0,0.0,0,0
0.0,0.0,0.0,0.0,0.0,0.0,0.0,0.0,0,0
0.0,0.0,0.0,0.0,0.0,0.0,0.0,0.0,0,0
0.0,0.0,0.0,0.0,0.0,0.0,0.0,0.0,0,0
0.0,0.0,0.0,0.0,0.0,0.0,0.0,0.0,0,0
0.0,0.0,0.0,0.0,0.0,0.0,0.0,0.0,0,0
0.0,0.0,0.0,0.0,0.0,0.0,0.0,0.0,0,0
0.0,0.0,0.0,0.0,0.0,0.0,0.0,0.0,0,0
0.0,0.0,0.0,0.0,0.0,0.0,0.0,0.0,0,0
0.0,0.0,0.0,0.0,0.0,0.0,0.0,0.0,0,0
0.0,0.0,0.0,0.0,0.0,0.0,0.0,0.0,0,0
0.0,0.0,0.0,0.0,0.0,0.0,0.0,0.0,0,0
0.0,0.0,0.0,0.0,0.0,0.0,0.0,0.0,0,0
0.0,0.0,0.0,0.0,0.0,0.0,0.0,0.0,0,0
0.0,0.0,0.0,0.0,0.0,0.0,0.0,0.0,0,0
0.0,0.0,0.0,0.0,0.0,0.0,0.0,0.0,0,0
112646.65238818154,10000.000000000004,396.82539682539675,102249.82699135614,25000000.0,25000000.000000004,50000000.0,50000000.00000001,30,30
0.0,10000.000000000004,0.0,-10000.000000000004,0.0,0.0,0.0,50000000.00000001,0,0
0.0,0.0,0.0,0.0,0.0,0.0,0.0,0.0,0,0
134458.75199034714,10000.0,396.8253968253968,124061.92659352174,25000000.000000004,24999999.999999996,50000000.0,50000000.0,30,30
29195.899936796013,19999.999999999996,396.8253968253968,8799.07453997062,25000000.0,25000000.0,50000000.0,68388975.9204871,30,30
0.0,10000.0,0.0,-10000.0,0.0,0.0,0.0,50000000.0,0,0
0.0,0.0,0.0,0.0,0.0,0.0,0.0,0.0,0,0
117186.44544564557,9999.999999999998,396.8253968253968,106789.62004882017,24999999.999999996,25000000.0,50000000.0,50000000.0,30,30
0.0,9999.999999999998,0.0,-9999.999999999998,0.0,0.0,0.0,50000000.0,0,0
0.0,0.0,0.0,0.0,0.0,0.0,0.0,0.0,0,0
1809.2672574812914,9999.999999999998,396.8253968253967,-8587.558139344104,25000000.0,24999999.999999996,50000000.0,49999999.99999999,29,29
52951.295614505725,20000.000000000004,396.8253968253968,32554.47021768033,25000000.000000004,25000000.000000004,50000000.00000001,60815689.2188241,30,30
151756.86005501487,20000.0,396.82539682539675,131360.03465818948,25000000.000000004,25000000.0,50000000.0,74198946.67070556,30,30
80566.31899253352,20000.000000000007,396.82539682539675,60169.49359570811,25000000.000000004,25000000.000000004,50000000.00000001,73753998.56231394,30,30
437980.10092257353,19999.999999999996,396.8253968253968,417583.27552574815,25000000.0,25000000.0,50000000.0,75012811.2640781,29,29
0.0,9999.999999999996,0.0,-9999.999999999996,0.0,0.0,0.0,50000000.0,0,0
86772.49964897877,10000.0,396.82539682539675,76375.67425215337,25000000.0,25000000.0,50000000.0,50000000.0,29,29
0.0,10000.0,0.0,-10000.0,0.0,0.0,0.0,50000000.0,0,0
0.0,0.0,0.0,0.0,0.0,0.0,0.0,0.0,0,0
-52044.06414042063,10000.000000000004,396.82539682539704,-62440.88953724604,25000000.000000004,25000000.000000007,50000000.000000015,50000000.00000001,30,30
0.0,10000.000000000004,0.0,-10000.000000000004,0.0,0.0,0.0,50000000.00000001,0,0
0.0,0.0,0.0,0.0,0.0,0.0,0.0,0.0,0,0
0.0,0.0,0.0,0.0,0.0,0.0,0.0,0.0,0,0
0.0,0.0,0.0,0.0,0.0,0.0,0.0,0.0,0,0
0.0,0.0,0.0,0.0,0.0,0.0,0.0,0.0,0,0
0.0,0.0,0.0,0.0,0.0,0.0,0.0,0.0,0,0
0.0,0.0,0.0,0.0,0.0,0.0,0.0,0.0,0,0
0.0,0.0,0.0,0.0,0.0,0.0,0.0,0.0,0,0
0.0,0.0,0.0,0.0,0.0,0.0,0.0,0.0,0,0
0.0,0.0,0.0,0.0,0.0,0.0,0.0,0.0,0,0
0.0,0.0,0.0,0.0,0.0,0.0,0.0,0.0,0,0
0.0,0.0,0.0,0.0,0.0,0.0,0.0,0.0,0,0
0.0,0.0,0.0,0.0,0.0,0.0,0.0,0.0,0,0
0.0,0.0,0.0,0.0,0.0,0.0,0.0,0.0,0,0
0.0,0.0,0.0,0.0,0.0,0.0,0.0,0.0,0,0
0.0,0.0,0.0,0.0,0.0,0.0,0.0,0.0,0,0
0.0,0.0,0.0,0.0,0.0,0.0,0.0,0.0,0,0
0.0,0.0,0.0,0.0,0.0,0.0,0.0,0.0,0,0
0.0,0.0,0.0,0.0,0.0,0.0,0.0,0.0,0,0
0.0,0.0,0.0,0.0,0.0,0.0,0.0,0.0,0,0
0.0,0.0,0.0,0.0,0.0,0.0,0.0,0.0,0,0
0.0,0.0,0.0,0.0,0.0,0.0,0.0,0.0,0,0
0.0,0.0,0.0,0.0,0.0,0.0,0.0,0.0,0,0
90150.31103486434,10000.0,396.8253968253968,79753.48563803894,25000000.000000004,25000000.0,50000000.0,50000000.0,32,32
0.0,10000.0,0.0,-10000.0,0.0,0.0,0.0,50000000.0,0,0
114647.68653358746,10000.000000000004,396.82539682539664,104250.86113676206,25000000.0,25000000.000000004,50000000.0,50000000.0,31,31
0.0,10000.000000000004,0.0,-10000.000000000004,0.0,0.0,0.0,50000000.0,0,0
0.0,0.0,0.0,0.0,0.0,0.0,0.0,0.0,0,0
0.0,0.0,0.0,0.0,0.0,0.0,0.0,0.0,0,0
0.0,0.0,0.0,0.0,0.0,0.0,0.0,0.0,0,0
0.0,0.0,0.0,0.0,0.0,0.0,0.0,0.0,0,0
0.0,0.0,0.0,0.0,0.0,0.0,0.0,0.0,0,0
0.0,0.0,0.0,0.0,0.0,0.0,0.0,0.0,0,0
0.0,0.0,0.0,0.0,0.0,0.0,0.0,0.0,0,0
0.0,0.0,0.0,0.0,0.0,0.0,0.0,0.0,0,0
0.0,0.0,0.0,0.0,0.0,0.0,0.0,0.0,0,0
0.0,0.0,0.0,0.0,0.0,0.0,0.0,0.0,0,0
70978.35465609378,10000.000000000002,396.8253968253969,60581.52925926838,25000000.0,25000000.000000004,50000000.0,50000000.0,31,31
38728.51558355586,20000.0,396.8253968253967,18331.690186730466,25000000.0,24999999.999999996,50000000.0,65678194.598190896,31,31
60182.13849442272,19999.99999999999,396.8253968253968,39785.31309759733,25000000.000000004,25000000.000000004,50000000.00000001,65088117.974591024,31,31
0.0,10000.0,0.0,-10000.0,0.0,0.0,0.0,50000000.00000001,0,0
104520.40277410524,10000.000000000002,396.8253968253967,94123.57737727984,25000000.000000004,24999999.999999993,50000000.0,50000000.0,31,31
207248.78403292177,20000.00000000001,396.82539682539687,186851.9586360964,25000000.0,24999999.999999996,50000000.0,69675844.11711882,31,31
31795.90798507457,20195.518240011224,396.8253968253967,11203.564348237947,24999999.999999996,24999999.999999996,49999999.99999999,59313125.10390176,31,31
-129357.68729395578,20000.0,396.8253968253968,-149754.51269078115,25000000.0,25000000.0,50000000.0,64452823.59261363,31,31
139562.16660452393,19999.999999999996,396.82539682539687,119165.34120769853,25000000.0,25000000.0,50000000.0,66048141.58442263,31,31
0.0,10000.000000000002,0.0,-10000.000000000002,0.0,0.0,0.0,50000000.0,0,0
152010.48609915123,10000.0,396.82539682539687,141613.66070232584,25000000.000000004,25000000.0,50000000.0,50000000.0,31,31
0.0,10000.0,0.0,-10000.0,0.0,0.0,0.0,50000000.0,0,0
96018.05906575492,10000.0,396.82539682539687,85621.23366892952,25000000.000000004,25000000.0,50000000.0,50000000.0,30,30
72585.27256397059,20494.881427767043,396.82539682539687,51693.565739378144,25000000.0,25000000.000000004,50000000.0,75640611.27854617,30,30
59582.61961028237,20319.15324548639,396.82539682539687,38866.64096797058,25000000.0,25000000.000000004,50000000.0,70979491.6799136,30,30
0.0,10000.000000000002,0.0,-10000.000000000002,0.0,0.0,0.0,50000000.0,0,0
-107261.50543429673,10000.0,396.82539682539687,-117658.33083112213,25000000.0,25000000.0,50000000.0,50000000.0,28,28
80807.49943383159,20935.976008631504,396.8253968253968,59474.69802837468,25000000.000000007,24999999.999999996,50000000.0,70121086.41386214,28,28
0.0,10000.0,0.0,-10000.0,0.0,0.0,0.0,50000000.0,0,0
-128613.5012277209,10000.0,396.82539682539675,-139010.3266245463,25000000.0,25000000.0,50000000.0,50000000.0,29,29
56065.53435111424,20000.000000000004,396.8253968253968,35668.70895428884,25000000.000000004,24999999.999999996,50000000.0,73819892.6840154,27,27
0.0,9999.999999999996,0.0,-9999.999999999996,0.0,0.0,0.0,50000000.0,0,0
0.0,0.0,0.0,0.0,0.0,0.0,0.0,0.0,0,0
-21229.24825191136,9999.999999999998,396.82539682539675,-31626.07364873675,25000000.0,24999999.999999996,50000000.0,49999999.99999999,30,30
0.0,9999.999999999998,0.0,-9999.999999999998,0.0,0.0,0.0,49999999.99999999,0,0
0.0,0.0,0.0,0.0,0.0,0.0,0.0,0.0,0,0
0.0,0.0,0.0,0.0,0.0,0.0,0.0,0.0,0,0
0.0,0.0,0.0,0.0,0.0,0.0,0.0,0.0,0,0
0.0,0.0,0.0,0.0,0.0,0.0,0.0,0.0,0,0
0.0,0.0,0.0,0.0,0.0,0.0,0.0,0.0,0,0
0.0,0.0,0.0,0.0,0.0,0.0,0.0,0.0,0,0
34642.4677619927,10000.000000000004,396.82539682539687,24245.642365167303,25000000.000000004,25000000.000000004,50000000.00000001,50000000.00000001,31,31
0.0,10000.000000000004,0.0,-10000.000000000004,0.0,0.0,0.0,50000000.00000001,0,0
0.0,0.0,0.0,0.0,0.0,0.0,0.0,0.0,0,0
0.0,0.0,0.0,0.0,0.0,0.0,0.0,0.0,0,0
0.0,0.0,0.0,0.0,0.0,0.0,0.0,0.0,0,0
0.0,0.0,0.0,0.0,0.0,0.0,0.0,0.0,0,0
0.0,0.0,0.0,0.0,0.0,0.0,0.0,0.0,0,0
0.0,0.0,0.0,0.0,0.0,0.0,0.0,0.0,0,0
0.0,0.0,0.0,0.0,0.0,0.0,0.0,0.0,0,0
0.0,0.0,0.0,0.0,0.0,0.0,0.0,0.0,0,0
0.0,0.0,0.0,0.0,0.0,0.0,0.0,0.0,0,0
0.0,0.0,0.0,0.0,0.0,0.0,0.0,0.0,0,0
-43594.02897489102,10000.000000000004,396.825396825397,-53990.85437171643,25000000.000000004,25000000.000000004,50000000.00000001,50000000.00000001,30,30
67280.26566392956,20000.000000000004,396.82539682539675,46883.44026710416,25000000.000000004,24999999.999999996,50000000.0,65781775.709123015,30,30
0.0,10000.000000000004,0.0,-10000.000000000004,0.0,0.0,0.0,50000000.0,0,0
0.0,0.0,0.0,0.0,0.0,0.0,0.0,0.0,0,0
0.0,0.0,0.0,0.0,0.0,0.0,0.0,0.0,0,0
0.0,0.0,0.0,0.0,0.0,0.0,0.0,0.0,0,0
1693.2483629506312,10000.0,396.8253968253968,-8703.577033874766,25000000.000000004,25000000.0,50000000.0,50000000.0,30,30
0.0,10000.0,0.0,-10000.0,0.0,0.0,0.0,50000000.0,0,0
0.0,0.0,0.0,0.0,0.0,0.0,0.0,0.0,0,0
51684.522539289625,10000.000000000002,396.8253968253968,41287.697142464225,25000000.0,25000000.000000004,50000000.0,50000000.00000001,30,30
64992.888090531924,20244.41624420762,396.82539682539675,44351.646449498905,25000000.000000004,25000000.0,50000000.0,61334467.94597144,30,30
0.0,10000.000000000002,0.0,-10000.000000000002,0.0,0.0,0.0,50000000.0,0,0
0.0,0.0,0.0,0.0,0.0,0.0,0.0,0.0,0,0
0.0,0.0,0.0,0.0,0.0,0.0,0.0,0.0,0,0
0.0,0.0,0.0,0.0,0.0,0.0,0.0,0.0,0,0
14993.923909785695,10000.000000000004,396.8253968253968,4597.098512960295,24999999.999999996,25000000.000000004,50000000.0,50000000.0,30,30
41825.18771258044,20000.0,396.82539682539664,21428.362315755043,24999999.999999996,24999999.999999993,49999999.999999985,65982221.643354595,30,30
-26120.540116536606,19999.99999999999,396.82539682539675,-46517.36551336199,25000000.0,24999999.999999996,50000000.0,68698390.44281922,30,30
50500.022412766164,19999.99999999999,396.8253968253968,30103.19701594078,24999999.999999996,25000000.000000007,50000000.0,66412616.30034664,30,30
0.0,9999.999999999998,0.0,-9999.999999999998,0.0,0.0,0.0,50000000.0,0,0
0.0,0.0,0.0,0.0,0.0,0.0,0.0,0.0,0,0
0.0,0.0,0.0,0.0,0.0,0.0,0.0,0.0,0,0
0.0,0.0,0.0,0.0,0.0,0.0,0.0,0.0,0,0
0.0,0.0,0.0,0.0,0.0,0.0,0.0,0.0,0,0
49845.46606228525,10000.000000000004,396.82539682539675,39448.640665459854,25000000.000000004,25000000.0,50000000.0,50000000.0,31,31
0.0,10000.000000000004,0.0,-10000.000000000004,0.0,0.0,0.0,50000000.0,0,0
50979.576798001995,10000.000000000005,396.82539682539687,40582.75140117659,25000000.000000004,25000000.0,50000000.0,50000000.00000001,31,31
139249.5608860093,20000.000000000015,396.8253968253967,118852.73548918389,25000000.0,24999999.999999996,50000000.0,66343742.09544676,31,31
0.0,9999.999999999998,0.0,-9999.999999999998,0.0,0.0,0.0,50000000.0,0,0
0.0,0.0,0.0,0.0,0.0,0.0,0.0,0.0,0,0
0.0,0.0,0.0,0.0,0.0,0.0,0.0,0.0,0,0
290.68122873465336,10000.000000000004,396.8253968253969,-10106.144168090748,24999999.999999996,25000000.000000007,50000000.0,50000000.00000001,30,30
0.0,10000.000000000004,0.0,-10000.000000000004,0.0,0.0,0.0,50000000.00000001,0,0
39325.51941708859,10000.000000000002,396.82539682539687,28928.694020263192,24999999.999999996,25000000.0,50000000.0,50000000.0,30,30
0.0,10000.000000000002,0.0,-10000.000000000002,0.0,0.0,0.0,50000000.0,0,0
0.0,0.0,0.0,0.0,0.0,0.0,0.0,0.0,0,0
0.0,0.0,0.0,0.0,0.0,0.0,0.0,0.0,0,0
0.0,0.0,0.0,0.0,0.0,0.0,0.0,0.0,0,0
0.0,0.0,0.0,0.0,0.0,0.0,0.0,0.0,0,0
0.0,0.0,0.0,0.0,0.0,0.0,0.0,0.0,0,0
0.0,0.0,0.0,0.0,0.0,0.0,0.0,0.0,0,0
-25750.820322739975,10000.000000000002,396.8253968253968,-36147.64571956538,25000000.000000004,25000000.0,50000000.0,50000000.00000001,26,26
0.0,10000.000000000002,0.0,-10000.000000000002,0.0,0.0,0.0,50000000.00000001,0,0
0.0,0.0,0.0,0.0,0.0,0.0,0.0,0.0,0,0
-124318.12306159562,9999.999999999998,396.8253968253969,-134714.948458421,25000000.0,25000000.000000007,50000000.00000001,50000000.00000001,30,30
70412.56190207179,19999.999999999996,396.82539682539687,50015.73650524639,25000000.000000004,25000000.0,50000000.0,57427909.61241881,29,29
0.0,10000.0,0.0,-10000.0,0.0,0.0,0.0,50000000.0,0,0
0.0,0.0,0.0,0.0,0.0,0.0,0.0,0.0,0,0
0.0,0.0,0.0,0.0,0.0,0.0,0.0,0.0,0,0
0.0,0.0,0.0,0.0,0.0,0.0,0.0,0.0,0,0
0.0,0.0,0.0,0.0,0.0,0.0,0.0,0.0,0,0
0.0,0.0,0.0,0.0,0.0,0.0,0.0,0.0,0,0
0.0,0.0,0.0,0.0,0.0,0.0,0.0,0.0,0,0
0.0,0.0,0.0,0.0,0.0,0.0,0.0,0.0,0,0
0.0,0.0,0.0,0.0,0.0,0.0,0.0,0.0,0,0
0.0,0.0,0.0,0.0,0.0,0.0,0.0,0.0,0,0
0.0,0.0,0.0,0.0,0.0,0.0,0.0,0.0,0,0
0.0,0.0,0.0,0.0,0.0,0.0,0.0,0.0,0,0
0.0,0.0,0.0,0.0,0.0,0.0,0.0,0.0,0,0
0.0,0.0,0.0,0.0,0.0,0.0,0.0,0.0,0,0
0.0,0.0,0.0,0.0,0.0,0.0,0.0,0.0,0,0
0.0,0.0,0.0,0.0,0.0,0.0,0.0,0.0,0,0
0.0,0.0,0.0,0.0,0.0,0.0,0.0,0.0,0,0
0.0,0.0,0.0,0.0,0.0,0.0,0.0,0.0,0,0
0.0,0.0,0.0,0.0,0.0,0.0,0.0,0.0,0,0
0.0,0.0,0.0,0.0,0.0,0.0,0.0,0.0,0,0
1572.239734794603,10000.0,396.82539682539687,-8824.585662030795,25000000.000000007,25000000.000000004,50000000.000000015,50000000.00000001,29,29
1508.317147831365,20000.000000000004,396.82539682539675,-18888.508248994036,25000000.0,25000000.0,50000000.0,62411610.439345874,29,29
14991.957292431922,19999.999999999996,396.8253968253968,-5404.868104393471,24999999.999999996,25000000.0,50000000.0,65395719.04773187,29,29
0.0,9999.999999999996,0.0,-9999.999999999996,0.0,0.0,0.0,49999999.99999999,0,0
0.0,0.0,0.0,0.0,0.0,0.0,0.0,0.0,0,0
0.0,0.0,0.0,0.0,0.0,0.0,0.0,0.0,0,0
0.0,0.0,0.0,0.0,0.0,0.0,0.0,0.0,0,0
0.0,0.0,0.0,0.0,0.0,0.0,0.0,0.0,0,0
0.0,0.0,0.0,0.0,0.0,0.0,0.0,0.0,0,0
0.0,0.0,0.0,0.0,0.0,0.0,0.0,0.0,0,0
0.0,0.0,0.0,0.0,0.0,0.0,0.0,0.0,0,0
0.0,0.0,0.0,0.0,0.0,0.0,0.0,0.0,0,0
72101.07382350629,10000.000000000007,396.82539682539687,61704.24842668088,24999999.999999996,25000000.000000004,50000000.0,50000000.0,29,29
-3129.3020510770825,20000.000000000007,396.82539682539687,-23526.127447902487,25000000.0,25000000.0,50000000.0,51298959.45153038,30,30
0.0,10000.000000000004,0.0,-10000.000000000004,0.0,0.0,0.0,50000000.0,0,0
-118119.88646325892,10000.0,396.8253968253968,-128516.71186008432,25000000.0,25000000.0,50000000.0,50000000.0,30,30
2526.520161324379,19999.999999999993,396.8253968253968,-17870.30523550101,25000000.0,25000000.000000004,50000000.0,60288727.05952615,30,30
0.0,10000.000000000002,0.0,-10000.000000000002,0.0,0.0,0.0,50000000.0,0,0
0.0,0.0,0.0,0.0,0.0,0.0,0.0,0.0,0,0
124460.16511686656,10000.000000000004,396.82539682539687,114063.33972004116,25000000.000000004,24999999.999999993,50000000.0,49999999.99999999,30,30
0.0,10000.000000000004,0.0,-10000.000000000004,0.0,0.0,0.0,49999999.99999999,0,0
0.0,0.0,0.0,0.0,0.0,0.0,0.0,0.0,0,0
-37351.262547710925,10000.0,396.82539682539704,-47748.087944536324,25000000.000000004,25000000.00000001,50000000.000000015,50000000.000000015,31,31
0.0,10000.0,0.0,-10000.0,0.0,0.0,0.0,50000000.000000015,0,0
0.0,0.0,0.0,0.0,0.0,0.0,0.0,0.0,0,0
0.0,0.0,0.0,0.0,0.0,0.0,0.0,0.0,0,0
0.0,0.0,0.0,0.0,0.0,0.0,0.0,0.0,0,0
0.0,0.0,0.0,0.0,0.0,0.0,0.0,0.0,0,0
-272902.47959747317,9999.999999999998,396.82539682539675,-283299.30499429855,25000000.0,24999999.999999993,49999999.99999999,49999999.99999999,31,31
194049.06297058283,19999.99999999999,396.8253968253969,173652.23757375745,25000000.000000004,25000000.000000004,50000000.00000001,70559782.76106888,30,30
0.0,9999.999999999998,0.0,-9999.999999999998,0.0,0.0,0.0,50000000.00000001,0,0
0.0,0.0,0.0,0.0,0.0,0.0,0.0,0.0,0,0
0.0,0.0,0.0,0.0,0.0,0.0,0.0,0.0,0,0
0.0,0.0,0.0,0.0,0.0,0.0,0.0,0.0,0,0
0.0,0.0,0.0,0.0,0.0,0.0,0.0,0.0,0,0
0.0,0.0,0.0,0.0,0.0,0.0,0.0,0.0,0,0
0.0,0.0,0.0,0.0,0.0,0.0,0.0,0.0,0,0
0.0,0.0,0.0,0.0,0.0,0.0,0.0,0.0,0,0
0.0,0.0,0.0,0.0,0.0,0.0,0.0,0.0,0,0
0.0,0.0,0.0,0.0,0.0,0.0,0.0,0.0,0,0
0.0,0.0,0.0,0.0,0.0,0.0,0.0,0.0,0,0
0.0,0.0,0.0,0.0,0.0,0.0,0.0,0.0,0,0
0.0,0.0,0.0,0.0,0.0,0.0,0.0,0.0,0,0
0.0,0.0,0.0,0.0,0.0,0.0,0.0,0.0,0,0
0.0,0.0,0.0,0.0,0.0,0.0,0.0,0.0,0,0
0.0,0.0,0.0,0.0,0.0,0.0,0.0,0.0,0,0
0.0,0.0,0.0,0.0,0.0,0.0,0.0,0.0,0,0
0.0,0.0,0.0,0.0,0.0,0.0,0.0,0.0,0,0
0.0,0.0,0.0,0.0,0.0,0.0,0.0,0.0,0,0
0.0,0.0,0.0,0.0,0.0,0.0,0.0,0.0,0,0
0.0,0.0,0.0,0.0,0.0,0.0,0.0,0.0,0,0
0.0,0.0,0.0,0.0,0.0,0.0,0.0,0.0,0,0
0.0,0.0,0.0,0.0,0.0,0.0,0.0,0.0,0,0
0.0,0.0,0.0,0.0,0.0,0.0,0.0,0.0,0,0
0.0,0.0,0.0,0.0,0.0,0.0,0.0,0.0,0,0
0.0,0.0,0.0,0.0,0.0,0.0,0.0,0.0,0,0
0.0,0.0,0.0,0.0,0.0,0.0,0.0,0.0,0,0
0.0,0.0,0.0,0.0,0.0,0.0,0.0,0.0,0,0
0.0,0.0,0.0,0.0,0.0,0.0,0.0,0.0,0,0
0.0,0.0,0.0,0.0,0.0,0.0,0.0,0.0,0,0
-103178.03682080188,9999.999999999998,396.82539682539675,-113574.86221762728,25000000.0,24999999.999999996,50000000.0,49999999.99999999,31,31
0.0,9999.999999999998,0.0,-9999.999999999998,0.0,0.0,0.0,49999999.99999999,0,0
-213925.79269423246,9999.999999999998,396.82539682539675,-224322.61809105784,24999999.999999996,25000000.0,50000000.0,49999999.99999999,30,30
0.0,9999.999999999998,0.0,-9999.999999999998,0.0,0.0,0.0,49999999.99999999,0,0
0.0,0.0,0.0,0.0,0.0,0.0,0.0,0.0,0,0
-84112.69261068176,10000.0,396.8253968253968,-94509.51800750715,25000000.0,25000000.0,50000000.0,50000000.0,30,30
-41349.37753501755,20000.00000000001,396.8253968253967,-61746.202931842956,25000000.000000004,25000000.0,50000000.0,69404112.10344326,30,30
19207.046173459836,20000.000000000015,396.8253968253969,-1189.7792233655757,25000000.0,25000000.000000007,50000000.00000001,70206538.55504152,30,30
0.0,10000.000000000005,0.0,-10000.000000000005,0.0,0.0,0.0,50000000.00000001,0,0
82283.08667549636,10000.0,396.8253968253969,71886.26127867097,25000000.000000004,25000000.0,50000000.0,50000000.00000001,30,30
0.0,10000.0,0.0,-10000.0,0.0,0.0,0.0,50000000.00000001,0,0
47463.71725556463,10000.000000000002,396.8253968253968,37066.89185873923,25000000.0,25000000.0,50000000.0,50000000.0,31,31
0.0,10000.000000000002,0.0,-10000.000000000002,0.0,0.0,0.0,50000000.0,0,0
0.0,0.0,0.0,0.0,0.0,0.0,0.0,0.0,0,0
0.0,0.0,0.0,0.0,0.0,0.0,0.0,0.0,0,0
0.0,0.0,0.0,0.0,0.0,0.0,0.0,0.0,0,0
0.0,0.0,0.0,0.0,0.0,0.0,0.0,0.0,0,0
0.0,0.0,0.0,0.0,0.0,0.0,0.0,0.0,0,0
0.0,0.0,0.0,0.0,0.0,0.0,0.0,0.0,0,0
0.0,0.0,0.0,0.0,0.0,0.0,0.0,0.0,0,0
0.0,0.0,0.0,0.0,0.0,0.0,0.0,0.0,0,0
0.0,0.0,0.0,0.0,0.0,0.0,0.0,0.0,0,0
0.0,0.0,0.0,0.0,0.0,0.0,0.0,0.0,0,0
-24940.92642282157,10000.000000000002,396.82539682539687,-35337.75181964697,25000000.000000004,25000000.0,50000000.0,50000000.0,33,33
0.0,10000.000000000002,0.0,-10000.000000000002,0.0,0.0,0.0,50000000.0,0,0
0.0,0.0,0.0,0.0,0.0,0.0,0.0,0.0,0,0
0.0,0.0,0.0,0.0,0.0,0.0,0.0,0.0,0,0
0.0,0.0,0.0,0.0,0.0,0.0,0.0,0.0,0,0
0.0,0.0,0.0,0.0,0.0,0.0,0.0,0.0,0,0
0.0,0.0,0.0,0.0,0.0,0.0,0.0,0.0,0,0
36458.99375279267,9999.999999999995,396.82539682539687,26062.16835596728,25000000.0,25000000.0,50000000.0,50000000.0,33,33
0.0,9999.999999999995,0.0,-9999.999999999995,0.0,0.0,0.0,50000000.0,0,0
-5973.916756223111,10000.000000000002,396.82539682539675,-16370.74215304851,25000000.0,25000000.0,50000000.0,50000000.0,32,32
0.0,10000.000000000002,0.0,-10000.000000000002,0.0,0.0,0.0,50000000.0,0,0
115890.2519466658,10000.000000000004,396.8253968253968,105493.4265498404,25000000.0,25000000.0,50000000.0,50000000.0,31,31
0.0,10000.000000000004,0.0,-10000.000000000004,0.0,0.0,0.0,50000000.0,0,0
0.0,0.0,0.0,0.0,0.0,0.0,0.0,0.0,0,0
0.0,0.0,0.0,0.0,0.0,0.0,0.0,0.0,0,0
0.0,0.0,0.0,0.0,0.0,0.0,0.0,0.0,0,0
0.0,0.0,0.0,0.0,0.0,0.0,0.0,0.0,0,0
0.0,0.0,0.0,0.0,0.0,0.0,0.0,0.0,0,0
230850.57115153945,9999.999999999996,396.82539682539687,220453.74575471407,24999999.999999996,25000000.0,50000000.0,50000000.0,29,29
152030.53467868044,20000.00000000001,396.82539682539687,131633.70928185506,25000000.000000007,25000000.000000007,50000000.000000015,72966986.4200086,31,31
0.0,10000.000000000005,0.0,-10000.000000000005,0.0,0.0,0.0,50000000.000000015,0,0
0.0,0.0,0.0,0.0,0.0,0.0,0.0,0.0,0,0
0.0,0.0,0.0,0.0,0.0,0.0,0.0,0.0,0,0
0.0,0.0,0.0,0.0,0.0,0.0,0.0,0.0,0,0
0.0,0.0,0.0,0.0,0.0,0.0,0.0,0.0,0,0
0.0,0.0,0.0,0.0,0.0,0.0,0.0,0.0,0,0
0.0,0.0,0.0,0.0,0.0,0.0,0.0,0.0,0,0
0.0,0.0,0.0,0.0,0.0,0.0,0.0,0.0,0,0
0.0,0.0,0.0,0.0,0.0,0.0,0.0,0.0,0,0
0.0,0.0,0.0,0.0,0.0,0.0,0.0,0.0,0,0
0.0,0.0,0.0,0.0,0.0,0.0,0.0,0.0,0,0
0.0,0.0,0.0,0.0,0.0,0.0,0.0,0.0,0,0
0.0,0.0,0.0,0.0,0.0,0.0,0.0,0.0,0,0
0.0,0.0,0.0,0.0,0.0,0.0,0.0,0.0,0,0
0.0,0.0,0.0,0.0,0.0,0.0,0.0,0.0,0,0
0.0,0.0,0.0,0.0,0.0,0.0,0.0,0.0,0,0
0.0,0.0,0.0,0.0,0.0,0.0,0.0,0.0,0,0
0.0,0.0,0.0,0.0,0.0,0.0,0.0,0.0,0,0
0.0,0.0,0.0,0.0,0.0,0.0,0.0,0.0,0,0
0.0,0.0,0.0,0.0,0.0,0.0,0.0,0.0,0,0
0.0,0.0,0.0,0.0,0.0,0.0,0.0,0.0,0,0
0.0,0.0,0.0,0.0,0.0,0.0,0.0,0.0,0,0
0.0,0.0,0.0,0.0,0.0,0.0,0.0,0.0,0,0
0.0,0.0,0.0,0.0,0.0,0.0,0.0,0.0,0,0
0.0,0.0,0.0,0.0,0.0,0.0,0.0,0.0,0,0
0.0,0.0,0.0,0.0,0.0,0.0,0.0,0.0,0,0
0.0,0.0,0.0,0.0,0.0,0.0,0.0,0.0,0,0
0.0,0.0,0.0,0.0,0.0,0.0,0.0,0.0,0,0
0.0,0.0,0.0,0.0,0.0,0.0,0.0,0.0,0,0
0.0,0.0,0.0,0.0,0.0,0.0,0.0,0.0,0,0
0.0,0.0,0.0,0.0,0.0,0.0,0.0,0.0,0,0
0.0,0.0,0.0,0.0,0.0,0.0,0.0,0.0,0,0
0.0,0.0,0.0,0.0,0.0,0.0,0.0,0.0,0,0
0.0,0.0,0.0,0.0,0.0,0.0,0.0,0.0,0,0
0.0,0.0,0.0,0.0,0.0,0.0,0.0,0.0,0,0
0.0,0.0,0.0,0.0,0.0,0.0,0.0,0.0,0,0
0.0,0.0,0.0,0.0,0.0,0.0,0.0,0.0,0,0
0.0,0.0,0.0,0.0,0.0,0.0,0.0,0.0,0,0
0.0,0.0,0.0,0.0,0.0,0.0,0.0,0.0,0,0
0.0,0.0,0.0,0.0,0.0,0.0,0.0,0.0,0,0
0.0,0.0,0.0,0.0,0.0,0.0,0.0,0.0,0,0
0.0,0.0,0.0,0.0,0.0,0.0,0.0,0.0,0,0
0.0,0.0,0.0,0.0,0.0,0.0,0.0,0.0,0,0
0.0,0.0,0.0,0.0,0.0,0.0,0.0,0.0,0,0
0.0,0.0,0.0,0.0,0.0,0.0,0.0,0.0,0,0
0.0,0.0,0.0,0.0,0.0,0.0,0.0,0.0,0,0
0.0,0.0,0.0,0.0,0.0,0.0,0.0,0.0,0,0
0.0,0.0,0.0,0.0,0.0,0.0,0.0,0.0,0,0
0.0,0.0,0.0,0.0,0.0,0.0,0.0,0.0,0,0
0.0,0.0,0.0,0.0,0.0,0.0,0.0,0.0,0,0
0.0,0.0,0.0,0.0,0.0,0.0,0.0,0.0,0,0
0.0,0.0,0.0,0.0,0.0,0.0,0.0,0.0,0,0
0.0,0.0,0.0,0.0,0.0,0.0,0.0,0.0,0,0
0.0,0.0,0.0,0.0,0.0,0.0,0.0,0.0,0,0
0.0,0.0,0.0,0.0,0.0,0.0,0.0,0.0,0,0
0.0,0.0,0.0,0.0,0.0,0.0,0.0,0.0,0,0
0.0,0.0,0.0,0.0,0.0,0.0,0.0,0.0,0,0
0.0,0.0,0.0,0.0,0.0,0.0,0.0,0.0,0,0
0.0,0.0,0.0,0.0,0.0,0.0,0.0,0.0,0,0
0.0,0.0,0.0,0.0,0.0,0.0,0.0,0.0,0,0
0.0,0.0,0.0,0.0,0.0,0.0,0.0,0.0,0,0
0.0,0.0,0.0,0.0,0.0,0.0,0.0,0.0,0,0
0.0,0.0,0.0,0.0,0.0,0.0,0.0,0.0,0,0
0.0,0.0,0.0,0.0,0.0,0.0,0.0,0.0,0,0
0.0,0.0,0.0,0.0,0.0,0.0,0.0,0.0,0,0
0.0,0.0,0.0,0.0,0.0,0.0,0.0,0.0,0,0
0.0,0.0,0.0,0.0,0.0,0.0,0.0,0.0,0,0
0.0,0.0,0.0,0.0,0.0,0.0,0.0,0.0,0,0
0.0,0.0,0.0,0.0,0.0,0.0,0.0,0.0,0,0
0.0,0.0,0.0,0.0,0.0,0.0,0.0,0.0,0,0
0.0,0.0,0.0,0.0,0.0,0.0,0.0,0.0,0,0
0.0,0.0,0.0,0.0,0.0,0.0,0.0,0.0,0,0
0.0,0.0,0.0,0.0,0.0,0.0,0.0,0.0,0,0
0.0,0.0,0.0,0.0,0.0,0.0,0.0,0.0,0,0
0.0,0.0,0.0,0.0,0.0,0.0,0.0,0.0,0,0
0.0,0.0,0.0,0.0,0.0,0.0,0.0,0.0,0,0
0.0,0.0,0.0,0.0,0.0,0.0,0.0,0.0,0,0
0.0,0.0,0.0,0.0,0.0,0.0,0.0,0.0,0,0
0.0,0.0,0.0,0.0,0.0,0.0,0.0,0.0,0,0
0.0,0.0,0.0,0.0,0.0,0.0,0.0,0.0,0,0
0.0,0.0,0.0,0.0,0.0,0.0,0.0,0.0,0,0
0.0,0.0,0.0,0.0,0.0,0.0,0.0,0.0,0,0
0.0,0.0,0.0,0.0,0.0,0.0,0.0,0.0,0,0
0.0,0.0,0.0,0.0,0.0,0.0,0.0,0.0,0,0
0.0,0.0,0.0,0.0,0.0,0.0,0.0,0.0,0,0
0.0,0.0,0.0,0.0,0.0,0.0,0.0,0.0,0,0
0.0,0.0,0.0,0.0,0.0,0.0,0.0,0.0,0,0
0.0,0.0,0.0,0.0,0.0,0.0,0.0,0.0,0,0
0.0,0.0,0.0,0.0,0.0,0.0,0.0,0.0,0,0
0.0,0.0,0.0,0.0,0.0,0.0,0.0,0.0,0,0
0.0,0.0,0.0,0.0,0.0,0.0,0.0,0.0,0,0
0.0,0.0,0.0,0.0,0.0,0.0,0.0,0.0,0,0
0.0,0.0,0.0,0.0,0.0,0.0,0.0,0.0,0,0
0.0,0.0,0.0,0.0,0.0,0.0,0.0,0.0,0,0
0.0,0.0,0.0,0.0,0.0,0.0,0.0,0.0,0,0
0.0,0.0,0.0,0.0,0.0,0.0,0.0,0.0,0,0
0.0,0.0,0.0,0.0,0.0,0.0,0.0,0.0,0,0
0.0,0.0,0.0,0.0,0.0,0.0,0.0,0.0,0,0
0.0,0.0,0.0,0.0,0.0,0.0,0.0,0.0,0,0
0.0,0.0,0.0,0.0,0.0,0.0,0.0,0.0,0,0
0.0,0.0,0.0,0.0,0.0,0.0,0.0,0.0,0,0
0.0,0.0,0.0,0.0,0.0,0.0,0.0,0.0,0,0
0.0,0.0,0.0,0.0,0.0,0.0,0.0,0.0,0,0
0.0,0.0,0.0,0.0,0.0,0.0,0.0,0.0,0,0
0.0,0.0,0.0,0.0,0.0,0.0,0.0,0.0,0,0
0.0,0.0,0.0,0.0,0.0,0.0,0.0,0.0,0,0
0.0,0.0,0.0,0.0,0.0,0.0,0.0,0.0,0,0
0.0,0.0,0.0,0.0,0.0,0.0,0.0,0.0,0,0
0.0,0.0,0.0,0.0,0.0,0.0,0.0,0.0,0,0
0.0,0.0,0.0,0.0,0.0,0.0,0.0,0.0,0,0
0.0,0.0,0.0,0.0,0.0,0.0,0.0,0.0,0,0
0.0,0.0,0.0,0.0,0.0,0.0,0.0,0.0,0,0
0.0,0.0,0.0,0.0,0.0,0.0,0.0,0.0,0,0
0.0,0.0,0.0,0.0,0.0,0.0,0.0,0.0,0,0
160385.52280773874,10000.0,396.82539682539675,149988.69741091336,25000000.0,25000000.000000004,50000000.0,50000000.0,33,33
0.0,10000.0,0.0,-10000.0,0.0,0.0,0.0,50000000.0,0,0
0.0,0.0,0.0,0.0,0.0,0.0,0.0,0.0,0,0
0.0,0.0,0.0,0.0,0.0,0.0,0.0,0.0,0,0
0.0,0.0,0.0,0.0,0.0,0.0,0.0,0.0,0,0
0.0,0.0,0.0,0.0,0.0,0.0,0.0,0.0,0,0
86932.82062168742,9999.999999999998,396.82539682539687,76535.99522486202,25000000.0,24999999.999999996,50000000.0,50000000.0,32,32
0.0,9999.999999999998,0.0,-9999.999999999998,0.0,0.0,0.0,50000000.0,0,0
0.0,0.0,0.0,0.0,0.0,0.0,0.0,0.0,0,0
0.0,0.0,0.0,0.0,0.0,0.0,0.0,0.0,0,0
0.0,0.0,0.0,0.0,0.0,0.0,0.0,0.0,0,0
0.0,0.0,0.0,0.0,0.0,0.0,0.0,0.0,0,0
0.0,0.0,0.0,0.0,0.0,0.0,0.0,0.0,0,0
0.0,0.0,0.0,0.0,0.0,0.0,0.0,0.0,0,0
0.0,0.0,0.0,0.0,0.0,0.0,0.0,0.0,0,0
162071.09437780478,10000.000000000002,396.8253968253967,151674.2689809794,25000000.000000004,24999999.999999996,50000000.0,50000000.0,31,31
0.0,10000.000000000002,0.0,-10000.000000000002,0.0,0.0,0.0,50000000.0,0,0
-108997.3061197884,10000.000000000002,396.8253968253967,-119394.1315166138,25000000.000000004,25000000.0,50000000.0,50000000.00000001,33,33
-143242.3627306875,20455.265764574568,396.8253968253968,-164094.45389208748,25000000.0,25000000.000000004,50000000.0,76038502.60869727,33,33
0.0,10000.0,0.0,-10000.0,0.0,0.0,0.0,50000000.0,0,0
-116656.51501563432,9999.999999999998,396.82539682539687,-127053.34041245971,24999999.999999996,24999999.999999996,49999999.99999999,49999999.99999999,33,33
190922.7470530594,20000.000000000007,396.82539682539687,170525.92165623402,25000000.0,25000000.0,50000000.0,58078589.617223665,33,33
0.0,10000.000000000002,0.0,-10000.000000000002,0.0,0.0,0.0,50000000.0,0,0
-59839.56004022823,10000.000000000002,396.8253968253968,-70236.38543705363,25000000.0,25000000.0,50000000.0,50000000.0,33,33
-308017.6970125122,20000.000000000007,396.8253968253969,-328414.5224093376,24999999.999999996,25000000.0,50000000.0,62733707.155145206,33,33
-979111.6678899337,20131.61833877782,396.8253968253967,-999640.1116255369,25000000.0,24999999.999999996,50000000.0,62323997.93065183,33,33
714357.8539076544,19999.999999999996,396.82539682539675,693961.028510829,25000000.0,25000000.0,50000000.0,65326815.28646119,33,33
220218.96271563324,20109.667571805592,396.82539682539675,199712.46974700227,25000000.0,24999999.999999996,50000000.0,81141547.74603753,33,33
14795.645752835573,20446.30402863484,396.8253968253968,-6047.483672624664,25000000.0,25000000.0,50000000.0,80010993.21960953,33,33
-140966.01755087762,20632.88519288391,396.82539682539675,-161995.7281405869,25000000.0,25000000.000000004,50000000.0,80627206.26570685,33,33
-141075.03342793052,20351.11026312524,396.8253968253968,-161822.96908788115,25000000.0,25000000.0,50000000.0,69614460.87123065,33,33
74430.27144055182,20621.526906419396,396.82539682539675,53411.91913730702,25000000.000000004,25000000.0,50000000.0,84470293.96794462,33,33
107569.88290783334,20741.34832015142,396.8253968253969,86431.70919085652,25000000.0,25000000.000000004,50000000.0,89988820.06768958,33,33
14870.430865803883,20721.832849129558,396.8253968253968,-6248.227380151072,25000000.0,25000000.0,50000000.0,90127297.73109648,33,33
0.0,10000.0,0.0,-10000.0,0.0,0.0,0.0,50000000.0,0,0
0.0,0.0,0.0,0.0,0.0,0.0,0.0,0.0,0,0
124367.37664643483,10000.0,396.825396825397,113970.55124960943,25000000.0,25000000.0,50000000.0,50000000.0,33,33
-28180.17416981185,21452.89535114052,396.82539682539687,-50029.89491777777,25000000.0,25000000.000000004,50000000.0,98113684.01222934,33,33
-104463.37906369814,21812.03567122935,396.8253968253969,-126672.2401317529,24999999.999999996,25000000.000000004,50000000.0,95254542.52137282,33,33
0.0,10000.0,0.0,-10000.0,0.0,0.0,0.0,50000000.0,0,0
0.0,0.0,0.0,0.0,0.0,0.0,0.0,0.0,0,0
0.0,0.0,0.0,0.0,0.0,0.0,0.0,0.0,0,0
0.0,0.0,0.0,0.0,0.0,0.0,0.0,0.0,0,0
0.0,0.0,0.0,0.0,0.0,0.0,0.0,0.0,0,0
0.0,0.0,0.0,0.0,0.0,0.0,0.0,0.0,0,0
0.0,0.0,0.0,0.0,0.0,0.0,0.0,0.0,0,0
25545.88466788304,10000.000000000005,396.82539682539687,15149.059271057638,24999999.999999996,25000000.000000004,50000000.0,50000000.0,33,33
-127596.95269009726,20479.457240226195,396.82539682539687,-148473.23532714884,25000000.0,25000000.000000004,50000000.0,74310671.71694136,32,32
258726.78507749146,20000.0,396.82539682539687,238329.95968066607,25000000.0,25000000.0,50000000.0,70146944.99794488,32,32
-93660.05626372877,20106.526036941712,396.82539682539675,-114163.40769749587,25000000.0,25000000.0,50000000.0,60896244.98822459,32,32
49605.53920811669,20183.20167460123,396.82539682539675,29025.51213669006,24999999.999999996,25000000.0,50000000.0,63297136.05887946,32,32
0.0,9999.999999999998,0.0,-9999.999999999998,0.0,0.0,0.0,49999999.99999999,0,0
0.0,0.0,0.0,0.0,0.0,0.0,0.0,0.0,0,0
0.0,0.0,0.0,0.0,0.0,0.0,0.0,0.0,0,0
-69717.74717051636,10000.0,396.82539682539687,-80114.57256734176,24999999.999999996,24999999.999999996,49999999.99999999,49999999.99999999,32,32
0.0,10000.0,0.0,-10000.0,0.0,0.0,0.0,49999999.99999999,0,0
0.0,0.0,0.0,0.0,0.0,0.0,0.0,0.0,0,0
0.0,0.0,0.0,0.0,0.0,0.0,0.0,0.0,0,0
0.0,0.0,0.0,0.0,0.0,0.0,0.0,0.0,0,0
0.0,0.0,0.0,0.0,0.0,0.0,0.0,0.0,0,0
0.0,0.0,0.0,0.0,0.0,0.0,0.0,0.0,0,0
71750.18823983568,10000.000000000004,396.825396825397,61353.36284301028,25000000.0,25000000.0,50000000.0,50000000.0,32,32
0.0,10000.000000000004,0.0,-10000.000000000004,0.0,0.0,0.0,50000000.0,0,0
0.0,0.0,0.0,0.0,0.0,0.0,0.0,0.0,0,0
0.0,0.0,0.0,0.0,0.0,0.0,0.0,0.0,0,0
0.0,0.0,0.0,0.0,0.0,0.0,0.0,0.0,0,0
0.0,0.0,0.0,0.0,0.0,0.0,0.0,0.0,0,0
0.0,0.0,0.0,0.0,0.0,0.0,0.0,0.0,0,0
0.0,0.0,0.0,0.0,0.0,0.0,0.0,0.0,0,0
0.0,0.0,0.0,0.0,0.0,0.0,0.0,0.0,0,0
0.0,0.0,0.0,0.0,0.0,0.0,0.0,0.0,0,0
0.0,0.0,0.0,0.0,0.0,0.0,0.0,0.0,0,0
0.0,0.0,0.0,0.0,0.0,0.0,0.0,0.0,0,0
0.0,0.0,0.0,0.0,0.0,0.0,0.0,0.0,0,0
0.0,0.0,0.0,0.0,0.0,0.0,0.0,0.0,0,0
0.0,0.0,0.0,0.0,0.0,0.0,0.0,0.0,0,0
0.0,0.0,0.0,0.0,0.0,0.0,0.0,0.0,0,0
0.0,0.0,0.0,0.0,0.0,0.0,0.0,0.0,0,0
0.0,0.0,0.0,0.0,0.0,0.0,0.0,0.0,0,0
0.0,0.0,0.0,0.0,0.0,0.0,0.0,0.0,0,0
0.0,0.0,0.0,0.0,0.0,0.0,0.0,0.0,0,0
0.0,0.0,0.0,0.0,0.0,0.0,0.0,0.0,0,0
0.0,0.0,0.0,0.0,0.0,0.0,0.0,0.0,0,0
0.0,0.0,0.0,0.0,0.0,0.0,0.0,0.0,0,0
0.0,0.0,0.0,0.0,0.0,0.0,0.0,0.0,0,0
11175.670150606958,10000.000000000002,396.82539682539664,778.84475378156,25000000.0,24999999.999999996,50000000.0,50000000.0,33,33
0.0,10000.000000000002,0.0,-10000.000000000002,0.0,0.0,0.0,50000000.0,0,0
0.0,0.0,0.0,0.0,0.0,0.0,0.0,0.0,0,0
0.0,0.0,0.0,0.0,0.0,0.0,0.0,0.0,0,0
0.0,0.0,0.0,0.0,0.0,0.0,0.0,0.0,0,0
0.0,0.0,0.0,0.0,0.0,0.0,0.0,0.0,0,0
0.0,0.0,0.0,0.0,0.0,0.0,0.0,0.0,0,0
0.0,0.0,0.0,0.0,0.0,0.0,0.0,0.0,0,0
0.0,0.0,0.0,0.0,0.0,0.0,0.0,0.0,0,0
0.0,0.0,0.0,0.0,0.0,0.0,0.0,0.0,0,0
0.0,0.0,0.0,0.0,0.0,0.0,0.0,0.0,0,0
0.0,0.0,0.0,0.0,0.0,0.0,0.0,0.0,0,0
0.0,0.0,0.0,0.0,0.0,0.0,0.0,0.0,0,0
0.0,0.0,0.0,0.0,0.0,0.0,0.0,0.0,0,0
0.0,0.0,0.0,0.0,0.0,0.0,0.0,0.0,0,0
128112.55669557967,9999.999999999998,396.8253968253967,117715.73129875427,24999999.999999996,25000000.0,50000000.0,49999999.99999999,31,31
0.0,9999.999999999998,0.0,-9999.999999999998,0.0,0.0,0.0,49999999.99999999,0,0
0.0,0.0,0.0,0.0,0.0,0.0,0.0,0.0,0,0
-36563.85900133013,10000.0,396.8253968253969,-46960.68439815553,25000000.0,25000000.000000004,50000000.0,50000000.00000001,31,31
158492.97801161796,20000.000000000015,396.82539682539687,138096.15261479258,25000000.0,25000000.000000004,50000000.0,72101008.63908085,31,31
0.0,10000.000000000002,0.0,-10000.000000000002,0.0,0.0,0.0,50000000.0,0,0
0.0,0.0,0.0,0.0,0.0,0.0,0.0,0.0,0,0
0.0,0.0,0.0,0.0,0.0,0.0,0.0,0.0,0,0
26285.042397351426,10000.0,396.8253968253968,15888.217000526029,25000000.0,24999999.999999996,50000000.0,49999999.99999999,31,31
0.0,10000.0,0.0,-10000.0,0.0,0.0,0.0,49999999.99999999,0,0
0.0,0.0,0.0,0.0,0.0,0.0,0.0,0.0,0,0
0.0,0.0,0.0,0.0,0.0,0.0,0.0,0.0,0,0
0.0,0.0,0.0,0.0,0.0,0.0,0.0,0.0,0,0
0.0,0.0,0.0,0.0,0.0,0.0,0.0,0.0,0,0
0.0,0.0,0.0,0.0,0.0,0.0,0.0,0.0,0,0
0.0,0.0,0.0,0.0,0.0,0.0,0.0,0.0,0,0
0.0,0.0,0.0,0.0,0.0,0.0,0.0,0.0,0,0
0.0,0.0,0.0,0.0,0.0,0.0,0.0,0.0,0,0
0.0,0.0,0.0,0.0,0.0,0.0,0.0,0.0,0,0
-250971.32173920414,10000.000000000002,396.8253968253968,-261368.14713602953,25000000.0,25000000.000000004,50000000.0,50000000.00000001,33,33
219625.04793173145,20000.000000000007,396.82539682539687,199228.22253490606,25000000.0,25000000.000000004,50000000.0,65419722.01261649,33,33
103407.74335104406,20063.744388265313,396.8253968253967,82947.17356595334,25000000.0,24999999.999999993,49999999.99999999,57979229.62359363,33,33
237766.34604053164,20072.165099445847,396.8253968253969,217297.3555442604,24999999.999999996,25000000.000000004,50000000.0,44507232.332309894,33,33
92119.75257521382,20000.000000000004,396.82539682539687,71722.92717838842,25000000.0,25000000.0,50000000.0,58069038.95706063,34,34
0.0,10000.000000000002,0.0,-10000.000000000002,0.0,0.0,0.0,50000000.0,0,0
-494513.37500206876,9999.999999999998,396.82539682539687,-504910.20039889414,25000000.0,25000000.0,50000000.0,50000000.0,33,33
125794.84474346896,20302.623344037,396.8253968253967,105095.39600260656,25000000.0,24999999.999999996,50000000.0,67397043.17132525,33,33
-124872.53443456965,19999.999999999996,396.8253968253968,-145269.35983139504,25000000.0,25000000.000000004,50000000.0,87356483.61073887,33,33
-363919.68492153595,20000.000000000004,396.8253968253968,-384316.51031836134,25000000.0,24999999.999999996,50000000.0,87747203.07736993,32,32
348837.83387405763,20271.522397711808,396.82539682539675,328169.48607952043,24999999.999999996,24999999.999999996,49999999.99999999,77507183.78758204,31,31
-277888.8564281975,20000.0,396.8253968253967,-298285.6818250229,25000000.0,24999999.999999996,50000000.0,70471724.3726753,31,31
219736.56736517025,20757.799086742263,396.825396825397,198581.94288160262,25000000.0,25000000.000000004,50000000.0,83392055.45709155,32,32
0.0,10000.0,0.0,-10000.0,0.0,0.0,0.0,50000000.00000001,0,0
0.0,0.0,0.0,0.0,0.0,0.0,0.0,0.0,0,0
0.0,0.0,0.0,0.0,0.0,0.0,0.0,0.0,0,0
0.0,0.0,0.0,0.0,0.0,0.0,0.0,0.0,0,0
0.0,0.0,0.0,0.0,0.0,0.0,0.0,0.0,0,0
204648.63524783714,10000.0,396.82539682539675,194251.80985101176,25000000.0,24999999.999999993,49999999.99999999,49999999.99999999,31,31
0.0,10000.0,0.0,-10000.0,0.0,0.0,0.0,49999999.99999999,0,0
0.0,0.0,0.0,0.0,0.0,0.0,0.0,0.0,0,0
-148385.21948649804,10000.000000000005,396.8253968253968,-158782.04488332343,25000000.0,25000000.0,50000000.0,50000000.0,31,31
-354176.6321548892,20687.33567189909,396.8253968253968,-375260.79322361364,25000000.0,25000000.000000004,50000000.0,80811524.9764216,32,32
163694.89604469523,20000.0,396.8253968253968,143298.07064786984,24999999.999999996,25000000.0,50000000.0,78038928.68725377,32,32
-103801.37150142707,20633.410186506826,396.82539682539687,-124831.6070847593,25000000.0,25000000.000000004,50000000.0,75773381.73539743,31,31
152031.5810841836,20305.796189621233,396.8253968253968,131328.95949773697,25000000.000000004,25000000.0,50000000.0,80988406.57041842,32,32
334150.4128176988,19999.999999999996,396.82539682539687,313753.5874208734,25000000.0,25000000.0,50000000.0,73241841.1539926,32,32
129713.96231393093,20614.16548850961,396.8253968253968,108702.97142859592,25000000.0,25000000.0,50000000.0,80783903.51226063,33,33
-142746.33515374918,21452.445150568965,396.82539682539687,-164595.60570114353,25000000.0,25000000.000000004,50000000.0,82373966.32453406,32,32
-572.4478716879094,21366.773205866284,396.82539682539687,-22336.04647437959,25000000.000000004,24999999.999999996,50000000.0,93525938.33223552,32,32
128848.95968484996,21619.3623566476,396.8253968253968,106832.77193137696,25000000.0,25000000.0,50000000.0,85702379.15212083,33,33
0.0,10000.0,0.0,-10000.0,0.0,0.0,0.0,50000000.0,0,0
55379.46272637625,10000.000000000002,396.82539682539675,44982.63732955085,25000000.000000004,25000000.0,50000000.0,50000000.0,33,33
0.0,10000.000000000002,0.0,-10000.000000000002,0.0,0.0,0.0,50000000.0,0,0
0.0,0.0,0.0,0.0,0.0,0.0,0.0,0.0,0,0
0.0,0.0,0.0,0.0,0.0,0.0,0.0,0.0,0,0
0.0,0.0,0.0,0.0,0.0,0.0,0.0,0.0,0,0
0.0,0.0,0.0,0.0,0.0,0.0,0.0,0.0,0,0
0.0,0.0,0.0,0.0,0.0,0.0,0.0,0.0,0,0
0.0,0.0,0.0,0.0,0.0,0.0,0.0,0.0,0,0
0.0,0.0,0.0,0.0,0.0,0.0,0.0,0.0,0,0
0.0,0.0,0.0,0.0,0.0,0.0,0.0,0.0,0,0
0.0,0.0,0.0,0.0,0.0,0.0,0.0,0.0,0,0
0.0,0.0,0.0,0.0,0.0,0.0,0.0,0.0,0,0
0.0,0.0,0.0,0.0,0.0,0.0,0.0,0.0,0,0
0.0,0.0,0.0,0.0,0.0,0.0,0.0,0.0,0,0
0.0,0.0,0.0,0.0,0.0,0.0,0.0,0.0,0,0
34807.43779160436,10000.0,396.8253968253966,24410.612394778964,25000000.0,24999999.999999996,50000000.0,50000000.0,34,34
0.0,10000.0,0.0,-10000.0,0.0,0.0,0.0,50000000.0,0,0
0.0,0.0,0.0,0.0,0.0,0.0,0.0,0.0,0,0
0.0,0.0,0.0,0.0,0.0,0.0,0.0,0.0,0,0
0.0,0.0,0.0,0.0,0.0,0.0,0.0,0.0,0,0
0.0,0.0,0.0,0.0,0.0,0.0,0.0,0.0,0,0
0.0,0.0,0.0,0.0,0.0,0.0,0.0,0.0,0,0
0.0,0.0,0.0,0.0,0.0,0.0,0.0,0.0,0,0
0.0,0.0,0.0,0.0,0.0,0.0,0.0,0.0,0,0
0.0,0.0,0.0,0.0,0.0,0.0,0.0,0.0,0,0
0.0,0.0,0.0,0.0,0.0,0.0,0.0,0.0,0,0
0.0,0.0,0.0,0.0,0.0,0.0,0.0,0.0,0,0
0.0,0.0,0.0,0.0,0.0,0.0,0.0,0.0,0,0
0.0,0.0,0.0,0.0,0.0,0.0,0.0,0.0,0,0
0.0,0.0,0.0,0.0,0.0,0.0,0.0,0.0,0,0
0.0,0.0,0.0,0.0,0.0,0.0,0.0,0.0,0,0
0.0,0.0,0.0,0.0,0.0,0.0,0.0,0.0,0,0
0.0,0.0,0.0,0.0,0.0,0.0,0.0,0.0,0,0
0.0,0.0,0.0,0.0,0.0,0.0,0.0,0.0,0,0
0.0,0.0,0.0,0.0,0.0,0.0,0.0,0.0,0,0
0.0,0.0,0.0,0.0,0.0,0.0,0.0,0.0,0,0
0.0,0.0,0.0,0.0,0.0,0.0,0.0,0.0,0,0
0.0,0.0,0.0,0.0,0.0,0.0,0.0,0.0,0,0
0.0,0.0,0.0,0.0,0.0,0.0,0.0,0.0,0,0
0.0,0.0,0.0,0.0,0.0,0.0,0.0,0.0,0,0
0.0,0.0,0.0,0.0,0.0,0.0,0.0,0.0,0,0
0.0,0.0,0.0,0.0,0.0,0.0,0.0,0.0,0,0
0.0,0.0,0.0,0.0,0.0,0.0,0.0,0.0,0,0
0.0,0.0,0.0,0.0,0.0,0.0,0.0,0.0,0,0
0.0,0.0,0.0,0.0,0.0,0.0,0.0,0.0,0,0
0.0,0.0,0.0,0.0,0.0,0.0,0.0,0.0,0,0
0.0,0.0,0.0,0.0,0.0,0.0,0.0,0.0,0,0
0.0,0.0,0.0,0.0,0.0,0.0,0.0,0.0,0,0
0.0,0.0,0.0,0.0,0.0,0.0,0.0,0.0,0,0
28652.14260797389,9999.999999999998,396.8253968253969,18255.317211148493,24999999.999999996,25000000.000000004,50000000.0,50000000.0,30,30
219227.92876577267,20000.0,396.82539682539687,198831.10336894728,24999999.999999996,25000000.000000004,50000000.0,62399730.01310212,28,28
0.0,9999.999999999998,0.0,-9999.999999999998,0.0,0.0,0.0,50000000.0,0,0
0.0,0.0,0.0,0.0,0.0,0.0,0.0,0.0,0,0
0.0,0.0,0.0,0.0,0.0,0.0,0.0,0.0,0,0
0.0,0.0,0.0,0.0,0.0,0.0,0.0,0.0,0,0
0.0,0.0,0.0,0.0,0.0,0.0,0.0,0.0,0,0
0.0,0.0,0.0,0.0,0.0,0.0,0.0,0.0,0,0
0.0,0.0,0.0,0.0,0.0,0.0,0.0,0.0,0,0
0.0,0.0,0.0,0.0,0.0,0.0,0.0,0.0,0,0
0.0,0.0,0.0,0.0,0.0,0.0,0.0,0.0,0,0
0.0,0.0,0.0,0.0,0.0,0.0,0.0,0.0,0,0
0.0,0.0,0.0,0.0,0.0,0.0,0.0,0.0,0,0
0.0,0.0,0.0,0.0,0.0,0.0,0.0,0.0,0,0
0.0,0.0,0.0,0.0,0.0,0.0,0.0,0.0,0,0
0.0,0.0,0.0,0.0,0.0,0.0,0.0,0.0,0,0
0.0,0.0,0.0,0.0,0.0,0.0,0.0,0.0,0,0
0.0,0.0,0.0,0.0,0.0,0.0,0.0,0.0,0,0
0.0,0.0,0.0,0.0,0.0,0.0,0.0,0.0,0,0
0.0,0.0,0.0,0.0,0.0,0.0,0.0,0.0,0,0
0.0,0.0,0.0,0.0,0.0,0.0,0.0,0.0,0,0
0.0,0.0,0.0,0.0,0.0,0.0,0.0,0.0,0,0
0.0,0.0,0.0,0.0,0.0,0.0,0.0,0.0,0,0
0.0,0.0,0.0,0.0,0.0,0.0,0.0,0.0,0,0
0.0,0.0,0.0,0.0,0.0,0.0,0.0,0.0,0,0
0.0,0.0,0.0,0.0,0.0,0.0,0.0,0.0,0,0
0.0,0.0,0.0,0.0,0.0,0.0,0.0,0.0,0,0
0.0,0.0,0.0,0.0,0.0,0.0,0.0,0.0,0,0
0.0,0.0,0.0,0.0,0.0,0.0,0.0,0.0,0,0
0.0,0.0,0.0,0.0,0.0,0.0,0.0,0.0,0,0
0.0,0.0,0.0,0.0,0.0,0.0,0.0,0.0,0,0
0.0,0.0,0.0,0.0,0.0,0.0,0.0,0.0,0,0
0.0,0.0,0.0,0.0,0.0,0.0,0.0,0.0,0,0
0.0,0.0,0.0,0.0,0.0,0.0,0.0,0.0,0,0
0.0,0.0,0.0,0.0,0.0,0.0,0.0,0.0,0,0
0.0,0.0,0.0,0.0,0.0,0.0,0.0,0.0,0,0
0.0,0.0,0.0,0.0,0.0,0.0,0.0,0.0,0,0
-143018.5333011539,10000.000000000004,396.8253968253968,-153415.35869797927,25000000.0,25000000.0,50000000.0,50000000.0,32,32
522095.7774889163,20000.000000000007,396.82539682539687,501698.9520920909,25000000.000000004,25000000.000000004,50000000.00000001,73369198.9448579,33,33
225048.48603664103,20201.963731058928,396.82539682539675,204449.6969087567,25000000.000000004,24999999.999999996,50000000.0,69652897.16771401,33,33
65558.13345117918,20000.00000000001,396.825396825397,45161.308054353765,25000000.0,25000000.0,50000000.0,77867351.58700347,33,33
-55254.94519240614,19999.999999999996,396.82539682539675,-75651.77058923154,25000000.0,25000000.000000004,50000000.0,78663702.65716822,33,33
185528.22896422597,21927.466027391438,396.82539682539687,163203.93754000915,25000000.0,25000000.0,50000000.0,91745738.34828806,33,33
0.0,10000.000000000004,0.0,-10000.000000000004,0.0,0.0,0.0,50000000.0,0,0
162110.91697231127,10000.0,396.8253968253968,151714.0915754859,24999999.999999996,25000000.0,50000000.0,50000000.0,34,34
0.0,10000.0,0.0,-10000.0,0.0,0.0,0.0,50000000.0,0,0
0.0,0.0,0.0,0.0,0.0,0.0,0.0,0.0,0,0
0.0,0.0,0.0,0.0,0.0,0.0,0.0,0.0,0,0
0.0,0.0,0.0,0.0,0.0,0.0,0.0,0.0,0,0
0.0,0.0,0.0,0.0,0.0,0.0,0.0,0.0,0,0
0.0,0.0,0.0,0.0,0.0,0.0,0.0,0.0,0,0
0.0,0.0,0.0,0.0,0.0,0.0,0.0,0.0,0,0
0.0,0.0,0.0,0.0,0.0,0.0,0.0,0.0,0,0
0.0,0.0,0.0,0.0,0.0,0.0,0.0,0.0,0,0
0.0,0.0,0.0,0.0,0.0,0.0,0.0,0.0,0,0
0.0,0.0,0.0,0.0,0.0,0.0,0.0,0.0,0,0
0.0,0.0,0.0,0.0,0.0,0.0,0.0,0.0,0,0
0.0,0.0,0.0,0.0,0.0,0.0,0.0,0.0,0,0
0.0,0.0,0.0,0.0,0.0,0.0,0.0,0.0,0,0
0.0,0.0,0.0,0.0,0.0,0.0,0.0,0.0,0,0
0.0,0.0,0.0,0.0,0.0,0.0,0.0,0.0,0,0
0.0,0.0,0.0,0.0,0.0,0.0,0.0,0.0,0,0
0.0,0.0,0.0,0.0,0.0,0.0,0.0,0.0,0,0
0.0,0.0,0.0,0.0,0.0,0.0,0.0,0.0,0,0
0.0,0.0,0.0,0.0,0.0,0.0,0.0,0.0,0,0
0.0,0.0,0.0,0.0,0.0,0.0,0.0,0.0,0,0
0.0,0.0,0.0,0.0,0.0,0.0,0.0,0.0,0,0
0.0,0.0,0.0,0.0,0.0,0.0,0.0,0.0,0,0
0.0,0.0,0.0,0.0,0.0,0.0,0.0,0.0,0,0
0.0,0.0,0.0,0.0,0.0,0.0,0.0,0.0,0,0
0.0,0.0,0.0,0.0,0.0,0.0,0.0,0.0,0,0
0.0,0.0,0.0,0.0,0.0,0.0,0.0,0.0,0,0
0.0,0.0,0.0,0.0,0.0,0.0,0.0,0.0,0,0
0.0,0.0,0.0,0.0,0.0,0.0,0.0,0.0,0,0
0.0,0.0,0.0,0.0,0.0,0.0,0.0,0.0,0,0
0.0,0.0,0.0,0.0,0.0,0.0,0.0,0.0,0,0
0.0,0.0,0.0,0.0,0.0,0.0,0.0,0.0,0,0
0.0,0.0,0.0,0.0,0.0,0.0,0.0,0.0,0,0
0.0,0.0,0.0,0.0,0.0,0.0,0.0,0.0,0,0
0.0,0.0,0.0,0.0,0.0,0.0,0.0,0.0,0,0
0.0,0.0,0.0,0.0,0.0,0.0,0.0,0.0,0,0
0.0,0.0,0.0,0.0,0.0,0.0,0.0,0.0,0,0
0.0,0.0,0.0,0.0,0.0,0.0,0.0,0.0,0,0
0.0,0.0,0.0,0.0,0.0,0.0,0.0,0.0,0,0
0.0,0.0,0.0,0.0,0.0,0.0,0.0,0.0,0,0
0.0,0.0,0.0,0.0,0.0,0.0,0.0,0.0,0,0
0.0,0.0,0.0,0.0,0.0,0.0,0.0,0.0,0,0
0.0,0.0,0.0,0.0,0.0,0.0,0.0,0.0,0,0
0.0,0.0,0.0,0.0,0.0,0.0,0.0,0.0,0,0
0.0,0.0,0.0,0.0,0.0,0.0,0.0,0.0,0,0
0.0,0.0,0.0,0.0,0.0,0.0,0.0,0.0,0,0
0.0,0.0,0.0,0.0,0.0,0.0,0.0,0.0,0,0
0.0,0.0,0.0,0.0,0.0,0.0,0.0,0.0,0,0
0.0,0.0,0.0,0.0,0.0,0.0,0.0,0.0,0,0
0.0,0.0,0.0,0.0,0.0,0.0,0.0,0.0,0,0
0.0,0.0,0.0,0.0,0.0,0.0,0.0,0.0,0,0
0.0,0.0,0.0,0.0,0.0,0.0,0.0,0.0,0,0
0.0,0.0,0.0,0.0,0.0,0.0,0.0,0.0,0,0
0.0,0.0,0.0,0.0,0.0,0.0,0.0,0.0,0,0
0.0,0.0,0.0,0.0,0.0,0.0,0.0,0.0,0,0
0.0,0.0,0.0,0.0,0.0,0.0,0.0,0.0,0,0
0.0,0.0,0.0,0.0,0.0,0.0,0.0,0.0,0,0
0.0,0.0,0.0,0.0,0.0,0.0,0.0,0.0,0,0
0.0,0.0,0.0,0.0,0.0,0.0,0.0,0.0,0,0
0.0,0.0,0.0,0.0,0.0,0.0,0.0,0.0,0,0
0.0,0.0,0.0,0.0,0.0,0.0,0.0,0.0,0,0
0.0,0.0,0.0,0.0,0.0,0.0,0.0,0.0,0,0
0.0,0.0,0.0,0.0,0.0,0.0,0.0,0.0,0,0
0.0,0.0,0.0,0.0,0.0,0.0,0.0,0.0,0,0
0.0,0.0,0.0,0.0,0.0,0.0,0.0,0.0,0,0
0.0,0.0,0.0,0.0,0.0,0.0,0.0,0.0,0,0
0.0,0.0,0.0,0.0,0.0,0.0,0.0,0.0,0,0
0.0,0.0,0.0,0.0,0.0,0.0,0.0,0.0,0,0
0.0,0.0,0.0,0.0,0.0,0.0,0.0,0.0,0,0
0.0,0.0,0.0,0.0,0.0,0.0,0.0,0.0,0,0
0.0,0.0,0.0,0.0,0.0,0.0,0.0,0.0,0,0
0.0,0.0,0.0,0.0,0.0,0.0,0.0,0.0,0,0
0.0,0.0,0.0,0.0,0.0,0.0,0.0,0.0,0,0
0.0,0.0,0.0,0.0,0.0,0.0,0.0,0.0,0,0
0.0,0.0,0.0,0.0,0.0,0.0,0.0,0.0,0,0
0.0,0.0,0.0,0.0,0.0,0.0,0.0,0.0,0,0
0.0,0.0,0.0,0.0,0.0,0.0,0.0,0.0,0,0
0.0,0.0,0.0,0.0,0.0,0.0,0.0,0.0,0,0
0.0,0.0,0.0,0.0,0.0,0.0,0.0,0.0,0,0
0.0,0.0,0.0,0.0,0.0,0.0,0.0,0.0,0,0
0.0,0.0,0.0,0.0,0.0,0.0,0.0,0.0,0,0
0.0,0.0,0.0,0.0,0.0,0.0,0.0,0.0,0,0
0.0,0.0,0.0,0.0,0.0,0.0,0.0,0.0,0,0
0.0,0.0,0.0,0.0,0.0,0.0,0.0,0.0,0,0
0.0,0.0,0.0,0.0,0.0,0.0,0.0,0.0,0,0
0.0,0.0,0.0,0.0,0.0,0.0,0.0,0.0,0,0
0.0,0.0,0.0,0.0,0.0,0.0,0.0,0.0,0,0
0.0,0.0,0.0,0.0,0.0,0.0,0.0,0.0,0,0
0.0,0.0,0.0,0.0,0.0,0.0,0.0,0.0,0,0
0.0,0.0,0.0,0.0,0.0,0.0,0.0,0.0,0,0
0.0,0.0,0.0,0.0,0.0,0.0,0.0,0.0,0,0
0.0,0.0,0.0,0.0,0.0,0.0,0.0,0.0,0,0
0.0,0.0,0.0,0.0,0.0,0.0,0.0,0.0,0,0
0.0,0.0,0.0,0.0,0.0,0.0,0.0,0.0,0,0
0.0,0.0,0.0,0.0,0.0,0.0,0.0,0.0,0,0
0.0,0.0,0.0,0.0,0.0,0.0,0.0,0.0,0,0
0.0,0.0,0.0,0.0,0.0,0.0,0.0,0.0,0,0
0.0,0.0,0.0,0.0,0.0,0.0,0.0,0.0,0,0
0.0,0.0,0.0,0.0,0.0,0.0,0.0,0.0,0,0
0.0,0.0,0.0,0.0,0.0,0.0,0.0,0.0,0,0
0.0,0.0,0.0,0.0,0.0,0.0,0.0,0.0,0,0
0.0,0.0,0.0,0.0,0.0,0.0,0.0,0.0,0,0
0.0,0.0,0.0,0.0,0.0,0.0,0.0,0.0,0,0
0.0,0.0,0.0,0.0,0.0,0.0,0.0,0.0,0,0
0.0,0.0,0.0,0.0,0.0,0.0,0.0,0.0,0,0
0.0,0.0,0.0,0.0,0.0,0.0,0.0,0.0,0,0
0.0,0.0,0.0,0.0,0.0,0.0,0.0,0.0,0,0
0.0,0.0,0.0,0.0,0.0,0.0,0.0,0.0,0,0
0.0,0.0,0.0,0.0,0.0,0.0,0.0,0.0,0,0
0.0,0.0,0.0,0.0,0.0,0.0,0.0,0.0,0,0
0.0,0.0,0.0,0.0,0.0,0.0,0.0,0.0,0,0
0.0,0.0,0.0,0.0,0.0,0.0,0.0,0.0,0,0
0.0,0.0,0.0,0.0,0.0,0.0,0.0,0.0,0,0
0.0,0.0,0.0,0.0,0.0,0.0,0.0,0.0,0,0
0.0,0.0,0.0,0.0,0.0,0.0,0.0,0.0,0,0
0.0,0.0,0.0,0.0,0.0,0.0,0.0,0.0,0,0
0.0,0.0,0.0,0.0,0.0,0.0,0.0,0.0,0,0
0.0,0.0,0.0,0.0,0.0,0.0,0.0,0.0,0,0
0.0,0.0,0.0,0.0,0.0,0.0,0.0,0.0,0,0
0.0,0.0,0.0,0.0,0.0,0.0,0.0,0.0,0,0
0.0,0.0,0.0,0.0,0.0,0.0,0.0,0.0,0,0
0.0,0.0,0.0,0.0,0.0,0.0,0.0,0.0,0,0
0.0,0.0,0.0,0.0,0.0,0.0,0.0,0.0,0,0
0.0,0.0,0.0,0.0,0.0,0.0,0.0,0.0,0,0
0.0,0.0,0.0,0.0,0.0,0.0,0.0,0.0,0,0
0.0,0.0,0.0,0.0,0.0,0.0,0.0,0.0,0,0
0.0,0.0,0.0,0.0,0.0,0.0,0.0,0.0,0,0
0.0,0.0,0.0,0.0,0.0,0.0,0.0,0.0,0,0
0.0,0.0,0.0,0.0,0.0,0.0,0.0,0.0,0,0
0.0,0.0,0.0,0.0,0.0,0.0,0.0,0.0,0,0
0.0,0.0,0.0,0.0,0.0,0.0,0.0,0.0,0,0
0.0,0.0,0.0,0.0,0.0,0.0,0.0,0.0,0,0
0.0,0.0,0.0,0.0,0.0,0.0,0.0,0.0,0,0
0.0,0.0,0.0,0.0,0.0,0.0,0.0,0.0,0,0
0.0,0.0,0.0,0.0,0.0,0.0,0.0,0.0,0,0
0.0,0.0,0.0,0.0,0.0,0.0,0.0,0.0,0,0
0.0,0.0,0.0,0.0,0.0,0.0,0.0,0.0,0,0
0.0,0.0,0.0,0.0,0.0,0.0,0.0,0.0,0,0
0.0,0.0,0.0,0.0,0.0,0.0,0.0,0.0,0,0
0.0,0.0,0.0,0.0,0.0,0.0,0.0,0.0,0,0
0.0,0.0,0.0,0.0,0.0,0.0,0.0,0.0,0,0
0.0,0.0,0.0,0.0,0.0,0.0,0.0,0.0,0,0
0.0,0.0,0.0,0.0,0.0,0.0,0.0,0.0,0,0
0.0,0.0,0.0,0.0,0.0,0.0,0.0,0.0,0,0
0.0,0.0,0.0,0.0,0.0,0.0,0.0,0.0,0,0
0.0,0.0,0.0,0.0,0.0,0.0,0.0,0.0,0,0
0.0,0.0,0.0,0.0,0.0,0.0,0.0,0.0,0,0
0.0,0.0,0.0,0.0,0.0,0.0,0.0,0.0,0,0
0.0,0.0,0.0,0.0,0.0,0.0,0.0,0.0,0,0
115175.29232833884,10000.0,396.8253968253968,104778.46693151344,25000000.0,25000000.000000004,50000000.0,50000000.0,32,32
0.0,10000.0,0.0,-10000.0,0.0,0.0,0.0,50000000.0,0,0
0.0,0.0,0.0,0.0,0.0,0.0,0.0,0.0,0,0
0.0,0.0,0.0,0.0,0.0,0.0,0.0,0.0,0,0
104452.11832232159,10000.0,396.82539682539675,94055.2929254962,24999999.999999996,24999999.999999996,49999999.99999999,49999999.99999999,34,34
0.0,10000.0,0.0,-10000.0,0.0,0.0,0.0,49999999.99999999,0,0
0.0,0.0,0.0,0.0,0.0,0.0,0.0,0.0,0,0
0.0,0.0,0.0,0.0,0.0,0.0,0.0,0.0,0,0
0.0,0.0,0.0,0.0,0.0,0.0,0.0,0.0,0,0
0.0,0.0,0.0,0.0,0.0,0.0,0.0,0.0,0,0
0.0,0.0,0.0,0.0,0.0,0.0,0.0,0.0,0,0
65726.29820879496,10000.000000000004,396.8253968253968,55329.472811969565,25000000.0,25000000.0,50000000.0,50000000.0,34,34
0.0,10000.000000000004,0.0,-10000.000000000004,0.0,0.0,0.0,50000000.0,0,0
182077.44855998695,9999.999999999998,396.8253968253968,171680.62316316157,25000000.0,25000000.0,50000000.0,50000000.0,35,35
0.0,9999.999999999998,0.0,-9999.999999999998,0.0,0.0,0.0,50000000.0,0,0
0.0,0.0,0.0,0.0,0.0,0.0,0.0,0.0,0,0
0.0,0.0,0.0,0.0,0.0,0.0,0.0,0.0,0,0
122514.22739155772,9999.999999999996,396.82539682539687,112117.40199473232,25000000.0,25000000.0,50000000.0,50000000.0,36,36
0.0,9999.999999999996,0.0,-9999.999999999996,0.0,0.0,0.0,50000000.0,0,0
-11544.626158261144,10000.000000000002,396.82539682539675,-21941.451555086544,25000000.0,24999999.999999996,50000000.0,50000000.0,36,36
71391.88217827638,20000.000000000015,396.8253968253967,50995.05678145097,24999999.999999996,24999999.999999996,49999999.99999999,70269634.76284164,36,36
0.0,9999.999999999996,0.0,-9999.999999999996,0.0,0.0,0.0,49999999.99999999,0,0
0.0,0.0,0.0,0.0,0.0,0.0,0.0,0.0,0,0
0.0,0.0,0.0,0.0,0.0,0.0,0.0,0.0,0,0
0.0,0.0,0.0,0.0,0.0,0.0,0.0,0.0,0,0
0.0,0.0,0.0,0.0,0.0,0.0,0.0,0.0,0,0
0.0,0.0,0.0,0.0,0.0,0.0,0.0,0.0,0,0
0.0,0.0,0.0,0.0,0.0,0.0,0.0,0.0,0,0
0.0,0.0,0.0,0.0,0.0,0.0,0.0,0.0,0,0
-13973.912395694113,10000.0,396.82539682539675,-24370.737792519507,25000000.0,25000000.0,50000000.0,50000000.0,36,36
67389.29414645187,19999.999999999996,396.82539682539704,46992.46874962647,25000000.0,25000000.000000004,50000000.0,69498359.73875944,36,36
0.0,9999.999999999998,0.0,-9999.999999999998,0.0,0.0,0.0,50000000.00000001,0,0
3838.4730754401194,9999.999999999996,396.82539682539687,-6558.352321385274,24999999.999999996,25000000.0,50000000.0,50000000.0,36,36
32602.502797991703,19999.999999999996,396.82539682539687,12205.67740116631,25000000.000000004,25000000.0,50000000.0,72308677.26050405,36,36
0.0,10000.0,0.0,-10000.0,0.0,0.0,0.0,50000000.0,0,0
0.0,0.0,0.0,0.0,0.0,0.0,0.0,0.0,0,0
0.0,0.0,0.0,0.0,0.0,0.0,0.0,0.0,0,0
0.0,0.0,0.0,0.0,0.0,0.0,0.0,0.0,0,0
0.0,0.0,0.0,0.0,0.0,0.0,0.0,0.0,0,0
0.0,0.0,0.0,0.0,0.0,0.0,0.0,0.0,0,0
0.0,0.0,0.0,0.0,0.0,0.0,0.0,0.0,0,0
32690.42437493473,10000.000000000002,396.8253968253968,22293.598978109334,25000000.000000004,25000000.000000004,50000000.00000001,50000000.00000001,36,36
0.0,10000.000000000002,0.0,-10000.000000000002,0.0,0.0,0.0,50000000.00000001,0,0
0.0,0.0,0.0,0.0,0.0,0.0,0.0,0.0,0,0
0.0,0.0,0.0,0.0,0.0,0.0,0.0,0.0,0,0
56198.28906615002,10000.0,396.82539682539675,45801.46366932462,25000000.000000004,24999999.999999996,50000000.0,50000000.0,36,36
0.0,10000.0,0.0,-10000.0,0.0,0.0,0.0,50000000.0,0,0
163120.16638764436,10000.0,396.8253968253968,152723.34099081898,24999999.999999996,24999999.999999996,49999999.99999999,49999999.99999999,34,34
0.0,10000.0,0.0,-10000.0,0.0,0.0,0.0,49999999.99999999,0,0
0.0,0.0,0.0,0.0,0.0,0.0,0.0,0.0,0,0
0.0,0.0,0.0,0.0,0.0,0.0,0.0,0.0,0,0
0.0,0.0,0.0,0.0,0.0,0.0,0.0,0.0,0,0
0.0,0.0,0.0,0.0,0.0,0.0,0.0,0.0,0,0
0.0,0.0,0.0,0.0,0.0,0.0,0.0,0.0,0,0
0.0,0.0,0.0,0.0,0.0,0.0,0.0,0.0,0,0
0.0,0.0,0.0,0.0,0.0,0.0,0.0,0.0,0,0
0.0,0.0,0.0,0.0,0.0,0.0,0.0,0.0,0,0
0.0,0.0,0.0,0.0,0.0,0.0,0.0,0.0,0,0
49521.93257580349,9999.999999999998,396.8253968253968,39125.10717897809,25000000.000000004,25000000.0,50000000.0,50000000.0,30,30
0.0,9999.999999999998,0.0,-9999.999999999998,0.0,0.0,0.0,50000000.0,0,0
0.0,0.0,0.0,0.0,0.0,0.0,0.0,0.0,0,0
88581.45774703956,10000.000000000005,396.8253968253967,78184.63235021416,25000000.0,25000000.0,50000000.0,50000000.0,34,34
0.0,10000.000000000005,0.0,-10000.000000000005,0.0,0.0,0.0,50000000.0,0,0
0.0,0.0,0.0,0.0,0.0,0.0,0.0,0.0,0,0
-59047.277032963466,10000.0,396.8253968253968,-69444.10242978887,24999999.999999996,25000000.0,50000000.0,50000000.0,36,36
101532.65490427436,20000.0,396.8253968253968,81135.82950744896,25000000.000000004,25000000.0,50000000.0,50277661.64383759,37,37
0.0,9999.999999999998,0.0,-9999.999999999998,0.0,0.0,0.0,50000000.00000001,0,0
0.0,0.0,0.0,0.0,0.0,0.0,0.0,0.0,0,0
-183813.12986451454,10000.000000000002,396.82539682539687,-194209.95526133993,24999999.999999996,25000000.000000004,50000000.0,50000000.0,36,36
97270.32472561218,20000.0,396.82539682539687,76873.49932878678,25000000.0,25000000.0,50000000.0,67107341.23854802,36,36
0.0,9999.999999999998,0.0,-9999.999999999998,0.0,0.0,0.0,50000000.0,0,0
0.0,0.0,0.0,0.0,0.0,0.0,0.0,0.0,0,0
0.0,0.0,0.0,0.0,0.0,0.0,0.0,0.0,0,0
0.0,0.0,0.0,0.0,0.0,0.0,0.0,0.0,0,0
0.0,0.0,0.0,0.0,0.0,0.0,0.0,0.0,0,0
0.0,0.0,0.0,0.0,0.0,0.0,0.0,0.0,0,0
-32924.22729006326,10000.0,396.8253968253968,-43321.05268688866,25000000.0,25000000.0,50000000.0,50000000.0,36,36
0.0,10000.0,0.0,-10000.0,0.0,0.0,0.0,50000000.0,0,0
0.0,0.0,0.0,0.0,0.0,0.0,0.0,0.0,0,0
0.0,0.0,0.0,0.0,0.0,0.0,0.0,0.0,0,0
0.0,0.0,0.0,0.0,0.0,0.0,0.0,0.0,0,0
0.0,0.0,0.0,0.0,0.0,0.0,0.0,0.0,0,0
0.0,0.0,0.0,0.0,0.0,0.0,0.0,0.0,0,0
0.0,0.0,0.0,0.0,0.0,0.0,0.0,0.0,0,0
0.0,0.0,0.0,0.0,0.0,0.0,0.0,0.0,0,0
0.0,0.0,0.0,0.0,0.0,0.0,0.0,0.0,0,0
0.0,0.0,0.0,0.0,0.0,0.0,0.0,0.0,0,0
0.0,0.0,0.0,0.0,0.0,0.0,0.0,0.0,0,0
0.0,0.0,0.0,0.0,0.0,0.0,0.0,0.0,0,0
308109.9385715991,9999.999999999998,396.82539682539675,297713.1131747737,24999999.999999996,25000000.000000004,50000000.0,50000000.0,35,35
0.0,9999.999999999998,0.0,-9999.999999999998,0.0,0.0,0.0,50000000.0,0,0
0.0,0.0,0.0,0.0,0.0,0.0,0.0,0.0,0,0
0.0,0.0,0.0,0.0,0.0,0.0,0.0,0.0,0,0
0.0,0.0,0.0,0.0,0.0,0.0,0.0,0.0,0,0
0.0,0.0,0.0,0.0,0.0,0.0,0.0,0.0,0,0
0.0,0.0,0.0,0.0,0.0,0.0,0.0,0.0,0,0
0.0,0.0,0.0,0.0,0.0,0.0,0.0,0.0,0,0
0.0,0.0,0.0,0.0,0.0,0.0,0.0,0.0,0,0
0.0,0.0,0.0,0.0,0.0,0.0,0.0,0.0,0,0
0.0,0.0,0.0,0.0,0.0,0.0,0.0,0.0,0,0
0.0,0.0,0.0,0.0,0.0,0.0,0.0,0.0,0,0
-32480.385667711053,10000.000000000005,396.82539682539687,-42877.21106453646,25000000.0,25000000.000000004,50000000.0,50000000.00000001,36,36
95417.42228219425,19999.999999999996,396.8253968253968,75020.59688536885,25000000.000000004,25000000.0,50000000.0,52986166.973618925,36,36
0.0,10000.0,0.0,-10000.0,0.0,0.0,0.0,50000000.0,0,0
-39778.62091908532,10000.0,396.8253968253968,-50175.44631591072,24999999.999999996,25000000.0,50000000.0,50000000.0,36,36
0.0,10000.0,0.0,-10000.0,0.0,0.0,0.0,50000000.0,0,0
0.0,0.0,0.0,0.0,0.0,0.0,0.0,0.0,0,0
0.0,0.0,0.0,0.0,0.0,0.0,0.0,0.0,0,0
0.0,0.0,0.0,0.0,0.0,0.0,0.0,0.0,0,0
0.0,0.0,0.0,0.0,0.0,0.0,0.0,0.0,0,0
-36674.73731208917,10000.000000000004,396.8253968253968,-47071.56270891457,25000000.000000004,25000000.000000004,50000000.00000001,50000000.00000001,34,34
0.0,10000.000000000004,0.0,-10000.000000000004,0.0,0.0,0.0,50000000.00000001,0,0
-5741.059954312777,10000.000000000004,396.8253968253969,-16137.885351138179,25000000.0,25000000.000000004,50000000.0,50000000.0,32,32
0.0,10000.000000000004,0.0,-10000.000000000004,0.0,0.0,0.0,50000000.0,0,0
82411.71799884015,10000.0,396.82539682539675,72014.89260201475,25000000.0,24999999.999999996,50000000.0,50000000.0,32,32
0.0,10000.0,0.0,-10000.0,0.0,0.0,0.0,50000000.0,0,0
76516.6413330396,9999.999999999998,396.82539682539687,66119.8159362142,25000000.0,25000000.0,50000000.0,50000000.0,26,26
0.0,9999.999999999998,0.0,-9999.999999999998,0.0,0.0,0.0,50000000.0,0,0
89444.95061614834,9999.999999999996,396.82539682539687,79048.12521932294,24999999.999999996,25000000.000000004,50000000.0,50000000.0,28,28
0.0,9999.999999999996,0.0,-9999.999999999996,0.0,0.0,0.0,50000000.0,0,0
0.0,0.0,0.0,0.0,0.0,0.0,0.0,0.0,0,0
5065.47293648182,10000.0,396.8253968253968,-5331.352460343576,24999999.999999996,25000000.0,50000000.0,50000000.0,29,29
52435.049389919644,20000.000000000007,396.82539682539687,32038.22399309424,24999999.999999996,25000000.0,50000000.0,60999210.09496585,29,29
0.0,9999.999999999996,0.0,-9999.999999999996,0.0,0.0,0.0,50000000.0,0,0
16940.243795969123,10000.0,396.82539682539704,6543.418399143727,25000000.0,25000000.000000004,50000000.0,50000000.00000001,33,33
-250416.46147520273,19999.99999999999,396.8253968253967,-270813.2868720281,25000000.0,25000000.0,50000000.0,66887813.96658065,33,33
-107126.30797448702,20000.000000000004,396.82539682539675,-127523.13337131242,25000000.0,25000000.0,50000000.0,65968644.92659193,33,33
0.0,10000.0,0.0,-10000.0,0.0,0.0,0.0,50000000.0,0,0
0.0,0.0,0.0,0.0,0.0,0.0,0.0,0.0,0,0
0.0,0.0,0.0,0.0,0.0,0.0,0.0,0.0,0,0
0.0,0.0,0.0,0.0,0.0,0.0,0.0,0.0,0,0
0.0,0.0,0.0,0.0,0.0,0.0,0.0,0.0,0,0
-35854.83299473836,9999.999999999998,396.8253968253969,-46251.65839156376,25000000.0,24999999.999999996,50000000.0,50000000.0,35,35
-31180.557037303744,19999.999999999996,396.82539682539687,-51577.38243412914,25000000.000000004,25000000.0,50000000.0,54188532.67745133,35,35
110359.09220878352,20000.000000000004,396.8253968253968,89962.26681195812,24999999.999999996,24999999.999999996,49999999.99999999,58144670.55528488,35,35
0.0,9999.999999999998,0.0,-9999.999999999998,0.0,0.0,0.0,49999999.99999999,0,0
117412.40477109877,9999.999999999998,396.82539682539675,107015.57937427337,25000000.0,25000000.0,50000000.0,50000000.0,34,34
0.0,9999.999999999998,0.0,-9999.999999999998,0.0,0.0,0.0,50000000.0,0,0
0.0,0.0,0.0,0.0,0.0,0.0,0.0,0.0,0,0
0.0,0.0,0.0,0.0,0.0,0.0,0.0,0.0,0,0
0.0,0.0,0.0,0.0,0.0,0.0,0.0,0.0,0,0
0.0,0.0,0.0,0.0,0.0,0.0,0.0,0.0,0,0
0.0,0.0,0.0,0.0,0.0,0.0,0.0,0.0,0,0
0.0,0.0,0.0,0.0,0.0,0.0,0.0,0.0,0,0
0.0,0.0,0.0,0.0,0.0,0.0,0.0,0.0,0,0
0.0,0.0,0.0,0.0,0.0,0.0,0.0,0.0,0,0
0.0,0.0,0.0,0.0,0.0,0.0,0.0,0.0,0,0
98166.89280485053,10000.000000000002,396.82539682539675,87770.06740802513,25000000.0,25000000.0,50000000.0,50000000.0,33,33
0.0,10000.000000000002,0.0,-10000.000000000002,0.0,0.0,0.0,50000000.0,0,0
0.0,0.0,0.0,0.0,0.0,0.0,0.0,0.0,0,0
0.0,0.0,0.0,0.0,0.0,0.0,0.0,0.0,0,0
0.0,0.0,0.0,0.0,0.0,0.0,0.0,0.0,0,0
0.0,0.0,0.0,0.0,0.0,0.0,0.0,0.0,0,0
0.0,0.0,0.0,0.0,0.0,0.0,0.0,0.0,0,0
0.0,0.0,0.0,0.0,0.0,0.0,0.0,0.0,0,0
0.0,0.0,0.0,0.0,0.0,0.0,0.0,0.0,0,0
0.0,0.0,0.0,0.0,0.0,0.0,0.0,0.0,0,0
0.0,0.0,0.0,0.0,0.0,0.0,0.0,0.0,0,0
0.0,0.0,0.0,0.0,0.0,0.0,0.0,0.0,0,0
0.0,0.0,0.0,0.0,0.0,0.0,0.0,0.0,0,0
0.0,0.0,0.0,0.0,0.0,0.0,0.0,0.0,0,0
0.0,0.0,0.0,0.0,0.0,0.0,0.0,0.0,0,0
0.0,0.0,0.0,0.0,0.0,0.0,0.0,0.0,0,0
0.0,0.0,0.0,0.0,0.0,0.0,0.0,0.0,0,0
0.0,0.0,0.0,0.0,0.0,0.0,0.0,0.0,0,0
0.0,0.0,0.0,0.0,0.0,0.0,0.0,0.0,0,0
0.0,0.0,0.0,0.0,0.0,0.0,0.0,0.0,0,0
0.0,0.0,0.0,0.0,0.0,0.0,0.0,0.0,0,0
0.0,0.0,0.0,0.0,0.0,0.0,0.0,0.0,0,0
0.0,0.0,0.0,0.0,0.0,0.0,0.0,0.0,0,0
0.0,0.0,0.0,0.0,0.0,0.0,0.0,0.0,0,0
0.0,0.0,0.0,0.0,0.0,0.0,0.0,0.0,0,0
0.0,0.0,0.0,0.0,0.0,0.0,0.0,0.0,0,0
0.0,0.0,0.0,0.0,0.0,0.0,0.0,0.0,0,0
0.0,0.0,0.0,0.0,0.0,0.0,0.0,0.0,0,0
0.0,0.0,0.0,0.0,0.0,0.0,0.0,0.0,0,0
241192.8635355923,10000.000000000005,396.8253968253968,230796.03813876692,25000000.0,25000000.0,50000000.0,50000000.0,32,32
0.0,10000.000000000005,0.0,-10000.000000000005,0.0,0.0,0.0,50000000.0,0,0
0.0,0.0,0.0,0.0,0.0,0.0,0.0,0.0,0,0
0.0,0.0,0.0,0.0,0.0,0.0,0.0,0.0,0,0
10205.15934541676,10000.000000000002,396.82539682539687,-191.66605140863908,25000000.0,25000000.0,50000000.0,50000000.0,27,27
0.0,10000.000000000002,0.0,-10000.000000000002,0.0,0.0,0.0,50000000.0,0,0
30684.033479684032,9999.999999999996,396.82539682539687,20287.20808285864,25000000.000000004,25000000.0,50000000.0,50000000.0,28,28
100292.45060382952,19999.999999999993,396.82539682539675,79895.62520700412,25000000.000000004,24999999.999999993,50000000.0,69649110.4841345,30,30
0.0,10000.000000000004,0.0,-10000.000000000004,0.0,0.0,0.0,49999999.99999999,0,0
0.0,0.0,0.0,0.0,0.0,0.0,0.0,0.0,0,0
0.0,0.0,0.0,0.0,0.0,0.0,0.0,0.0,0,0
0.0,0.0,0.0,0.0,0.0,0.0,0.0,0.0,0,0
0.0,0.0,0.0,0.0,0.0,0.0,0.0,0.0,0,0
0.0,0.0,0.0,0.0,0.0,0.0,0.0,0.0,0,0
-142417.756873149,10000.000000000002,396.8253968253969,-152814.58226997437,25000000.0,25000000.0,50000000.0,50000000.0,33,33
124319.83625020887,19999.999999999993,396.82539682539675,103923.01085338347,25000000.0,24999999.999999996,50000000.0,60521072.64114976,34,34
0.0,9999.999999999998,0.0,-9999.999999999998,0.0,0.0,0.0,50000000.0,0,0
-80426.49244903677,10000.0,396.8253968253968,-90823.31784586217,25000000.000000004,25000000.0,50000000.0,50000000.00000001,36,36
-198508.94513219933,20141.26190520428,396.82539682539675,-219047.03243422898,24999999.999999996,24999999.999999996,49999999.99999999,67692928.51075695,36,36
91112.9218581137,20000.000000000004,396.8253968253968,70716.0964612883,24999999.999999996,25000000.0,50000000.0,69203699.14080335,36,36
0.0,9999.999999999998,0.0,-9999.999999999998,0.0,0.0,0.0,50000000.0,0,0
50768.35424323355,10000.0,396.8253968253967,40371.52884640815,25000000.0,24999999.999999993,49999999.99999999,49999999.99999999,37,37
0.0,10000.0,0.0,-10000.0,0.0,0.0,0.0,49999999.99999999,0,0
0.0,0.0,0.0,0.0,0.0,0.0,0.0,0.0,0,0
0.0,0.0,0.0,0.0,0.0,0.0,0.0,0.0,0,0
0.0,0.0,0.0,0.0,0.0,0.0,0.0,0.0,0,0
0.0,0.0,0.0,0.0,0.0,0.0,0.0,0.0,0,0
0.0,0.0,0.0,0.0,0.0,0.0,0.0,0.0,0,0
0.0,0.0,0.0,0.0,0.0,0.0,0.0,0.0,0,0
0.0,0.0,0.0,0.0,0.0,0.0,0.0,0.0,0,0
102298.15105343476,10000.0,396.8253968253969,91901.32565660936,24999999.999999996,25000000.0,50000000.0,50000000.0,35,35
0.0,10000.0,0.0,-10000.0,0.0,0.0,0.0,50000000.0,0,0
0.0,0.0,0.0,0.0,0.0,0.0,0.0,0.0,0,0
122757.15525172722,9999.999999999996,396.82539682539664,112360.32985490182,25000000.000000004,24999999.999999996,50000000.0,50000000.0,36,36
177731.6105748103,20000.0,396.825396825397,157334.78517798492,25000000.0,25000000.000000007,50000000.00000001,74939092.6990129,36,36
0.0,9999.999999999998,0.0,-9999.999999999998,0.0,0.0,0.0,50000000.00000001,0,0
45284.79944426924,10000.000000000004,396.8253968253967,34887.974047443844,25000000.000000004,25000000.0,50000000.0,50000000.0,36,36
0.0,10000.000000000004,0.0,-10000.000000000004,0.0,0.0,0.0,50000000.0,0,0
0.0,0.0,0.0,0.0,0.0,0.0,0.0,0.0,0,0
0.0,0.0,0.0,0.0,0.0,0.0,0.0,0.0,0,0
0.0,0.0,0.0,0.0,0.0,0.0,0.0,0.0,0,0
16696.32465518459,10000.000000000002,396.8253968253968,6299.499258359193,25000000.0,25000000.0,50000000.0,50000000.0,37,37
151027.82476511487,20170.466094618852,396.8253968253969,130460.53327367062,24999999.999999996,25000000.000000004,50000000.0,84647458.65449369,37,37
36159.90520796676,20000.000000000004,396.8253968253968,15763.079811141359,25000000.0,25000000.0,50000000.0,61952890.75122664,37,37
43712.830408310336,20148.531764087962,396.825396825397,23167.473247396978,25000000.0,25000000.0,50000000.0,55128034.81363807,37,37
-11709.853678547552,20105.744728825906,396.82539682539687,-32212.423804198854,25000000.0,25000000.0,50000000.0,54283739.87519845,37,37
-8991.623768336043,20000.000000000004,396.8253968253968,-29388.44916516144,25000000.0,25000000.0,50000000.0,50884682.57003391,37,37
0.0,9999.999999999998,0.0,-9999.999999999998,0.0,0.0,0.0,50000000.0,0,0
0.0,0.0,0.0,0.0,0.0,0.0,0.0,0.0,0,0
0.0,0.0,0.0,0.0,0.0,0.0,0.0,0.0,0,0
74309.31141469504,9999.999999999996,396.82539682539664,63912.48601786964,25000000.000000004,24999999.999999996,50000000.0,50000000.0,38,38
1982.479644543348,20000.000000000007,396.8253968253968,-18414.345752282054,25000000.000000004,25000000.0,50000000.0,64961947.31850966,37,37
42245.737825797376,20318.768570701213,396.8253968253968,21530.143858270767,25000000.0,25000000.0,50000000.0,63351899.778261706,37,37
74363.28081408623,19999.99999999999,396.82539682539687,53966.45541726085,25000000.0,25000000.0,50000000.0,63097090.85880473,37,37
77576.84224055558,20000.000000000007,396.82539682539687,57180.01684373017,25000000.000000004,25000000.000000004,50000000.00000001,59135215.54552362,38,38
51342.25034450642,20000.000000000007,396.82539682539675,30945.42494768102,24999999.999999996,24999999.999999996,49999999.99999999,67816307.83746141,37,37
86815.29347272562,19999.999999999985,396.8253968253968,66418.46807590024,25000000.000000004,25000000.0,50000000.0,62258223.05882548,37,37
96280.73823951642,20000.00000000001,396.82539682539675,75883.912842691,24999999.999999996,25000000.000000004,50000000.0,56228658.00818303,37,37
55834.28317331589,20000.0,396.8253968253968,35437.45777649049,25000000.0,25000000.000000004,50000000.0,54859483.97172254,37,37
21782.99705913917,20000.0,396.82539682539675,1386.1716623137718,25000000.000000004,25000000.0,50000000.0,55000366.6168311,37,37
1267.6287792761275,20000.00000000001,396.8253968253967,-19129.196617549278,25000000.000000004,25000000.0,50000000.0,71195965.57099663,37,37
18524.29464972711,20278.840892737513,396.82539682539675,-2151.3716398357983,24999999.999999996,25000000.000000004,50000000.0,74593992.89050849,36,36
53043.22567634754,19999.999999999985,396.82539682539687,32646.400279522157,25000000.0,25000000.0,50000000.0,63424004.20833621,36,36
-37644.3401206282,20000.000000000004,396.8253968253968,-58041.1655174536,25000000.000000007,25000000.000000004,50000000.000000015,57102176.31269231,36,36
72676.9367869994,20000.000000000015,396.8253968253968,52280.11139017399,25000000.000000004,25000000.0,50000000.0,67826373.54268272,35,35
110055.96037772416,20000.000000000007,396.82539682539675,89659.13498089874,25000000.000000004,25000000.0,50000000.0,58772766.46515543,34,34
0.0,10000.000000000004,0.0,-10000.000000000004,0.0,0.0,0.0,50000000.00000001,0,0
73637.67066801467,10000.000000000004,396.82539682539675,63240.845271189275,25000000.000000004,25000000.0,50000000.0,50000000.0,35,35
-263733.7059761467,20000.0,396.8253968253969,-284130.53137297207,25000000.0,25000000.000000004,50000000.0,70599016.4703749,36,36
124957.52296569318,20208.165328676783,396.8253968253967,104352.532240191,24999999.999999996,25000000.0,50000000.0,75460037.40940641,35,35
0.0,9999.999999999998,0.0,-9999.999999999998,0.0,0.0,0.0,49999999.99999999,0,0
-35424.46067978487,10000.000000000005,396.82539682539675,-45821.286076610275,25000000.000000004,24999999.999999996,50000000.0,50000000.0,33,33
-225711.8342478856,20000.000000000004,396.82539682539687,-246108.65964471098,24999999.999999996,25000000.000000004,50000000.0,82411170.07730412,34,34
-229808.80157551763,20134.011840844796,396.82539682539687,-250339.6388131878,25000000.000000004,25000000.0,50000000.0,73674023.4001722,36,36
-67168.26793177365,20134.01184084479,396.82539682539687,-87699.10516944384,25000000.000000004,25000000.0,50000000.0,64864364.86046488,36,36
54618.19820657813,20282.86629077276,396.8253968253967,33938.506518979964,24999999.999999996,24999999.999999996,49999999.99999999,73016410.79591094,35,35
215006.5990717059,19999.99999999999,396.82539682539675,194609.7736748805,25000000.0,25000000.0,50000000.0,68690751.61094908,35,35
168904.40937148128,20336.729130874875,396.8253968253969,148170.854843781,24999999.999999996,25000000.000000004,50000000.0,67857578.22487246,36,36
-74295.16051073313,20340.315489548993,396.8253968253968,-95032.30139710753,25000000.000000004,25000000.0,50000000.0,67796293.18565944,38,38
0.0,10000.000000000002,0.0,-10000.000000000002,0.0,0.0,0.0,50000000.0,0,0
0.0,0.0,0.0,0.0,0.0,0.0,0.0,0.0,0,0
0.0,0.0,0.0,0.0,0.0,0.0,0.0,0.0,0,0
-58285.77558661335,10000.0,396.8253968253967,-68682.60098343875,25000000.0,24999999.999999993,49999999.99999999,49999999.99999999,37,37
0.0,10000.0,0.0,-10000.0,0.0,0.0,0.0,49999999.99999999,0,0
0.0,0.0,0.0,0.0,0.0,0.0,0.0,0.0,0,0
0.0,0.0,0.0,0.0,0.0,0.0,0.0,0.0,0,0
0.0,0.0,0.0,0.0,0.0,0.0,0.0,0.0,0,0
0.0,0.0,0.0,0.0,0.0,0.0,0.0,0.0,0,0
0.0,0.0,0.0,0.0,0.0,0.0,0.0,0.0,0,0
0.0,0.0,0.0,0.0,0.0,0.0,0.0,0.0,0,0
0.0,0.0,0.0,0.0,0.0,0.0,0.0,0.0,0,0
-115149.94496790934,10000.000000000002,396.825396825397,-125546.77036473474,25000000.0,25000000.000000004,50000000.0,50000000.0,39,39
0.0,10000.000000000002,0.0,-10000.000000000002,0.0,0.0,0.0,50000000.0,0,0
0.0,0.0,0.0,0.0,0.0,0.0,0.0,0.0,0,0
0.0,0.0,0.0,0.0,0.0,0.0,0.0,0.0,0,0
0.0,0.0,0.0,0.0,0.0,0.0,0.0,0.0,0,0
0.0,0.0,0.0,0.0,0.0,0.0,0.0,0.0,0,0
0.0,0.0,0.0,0.0,0.0,0.0,0.0,0.0,0,0
0.0,0.0,0.0,0.0,0.0,0.0,0.0,0.0,0,0
0.0,0.0,0.0,0.0,0.0,0.0,0.0,0.0,0,0
0.0,0.0,0.0,0.0,0.0,0.0,0.0,0.0,0,0
0.0,0.0,0.0,0.0,0.0,0.0,0.0,0.0,0,0
0.0,0.0,0.0,0.0,0.0,0.0,0.0,0.0,0,0
0.0,0.0,0.0,0.0,0.0,0.0,0.0,0.0,0,0
0.0,0.0,0.0,0.0,0.0,0.0,0.0,0.0,0,0
0.0,0.0,0.0,0.0,0.0,0.0,0.0,0.0,0,0
0.0,0.0,0.0,0.0,0.0,0.0,0.0,0.0,0,0
0.0,0.0,0.0,0.0,0.0,0.0,0.0,0.0,0,0
-101767.97790357999,9999.999999999998,396.82539682539687,-112164.80330040539,24999999.999999993,25000000.0,49999999.99999999,49999999.99999999,39,39
0.0,9999.999999999998,0.0,-9999.999999999998,0.0,0.0,0.0,49999999.99999999,0,0
0.0,0.0,0.0,0.0,0.0,0.0,0.0,0.0,0,0
0.0,0.0,0.0,0.0,0.0,0.0,0.0,0.0,0,0
0.0,0.0,0.0,0.0,0.0,0.0,0.0,0.0,0,0
223814.46765780033,9999.999999999998,396.82539682539687,213417.64226097494,25000000.0,25000000.000000004,50000000.0,50000000.00000001,39,39
0.0,9999.999999999998,0.0,-9999.999999999998,0.0,0.0,0.0,50000000.00000001,0,0
223143.4442371092,10000.0,396.8253968253968,212746.6188402838,24999999.999999996,24999999.999999996,49999999.99999999,49999999.99999999,39,39
0.0,10000.0,0.0,-10000.0,0.0,0.0,0.0,49999999.99999999,0,0
-124028.57411774561,10000.000000000002,396.8253968253968,-134425.399514571,24999999.999999996,25000000.0,50000000.0,50000000.0,39,39
0.0,10000.000000000002,0.0,-10000.000000000002,0.0,0.0,0.0,50000000.0,0,0
0.0,0.0,0.0,0.0,0.0,0.0,0.0,0.0,0,0
0.0,0.0,0.0,0.0,0.0,0.0,0.0,0.0,0,0
0.0,0.0,0.0,0.0,0.0,0.0,0.0,0.0,0,0
0.0,0.0,0.0,0.0,0.0,0.0,0.0,0.0,0,0
0.0,0.0,0.0,0.0,0.0,0.0,0.0,0.0,0,0
0.0,0.0,0.0,0.0,0.0,0.0,0.0,0.0,0,0
0.0,0.0,0.0,0.0,0.0,0.0,0.0,0.0,0,0
0.0,0.0,0.0,0.0,0.0,0.0,0.0,0.0,0,0
0.0,0.0,0.0,0.0,0.0,0.0,0.0,0.0,0,0
0.0,0.0,0.0,0.0,0.0,0.0,0.0,0.0,0,0
0.0,0.0,0.0,0.0,0.0,0.0,0.0,0.0,0,0
0.0,0.0,0.0,0.0,0.0,0.0,0.0,0.0,0,0
0.0,0.0,0.0,0.0,0.0,0.0,0.0,0.0,0,0
0.0,0.0,0.0,0.0,0.0,0.0,0.0,0.0,0,0
0.0,0.0,0.0,0.0,0.0,0.0,0.0,0.0,0,0
0.0,0.0,0.0,0.0,0.0,0.0,0.0,0.0,0,0
0.0,0.0,0.0,0.0,0.0,0.0,0.0,0.0,0,0
0.0,0.0,0.0,0.0,0.0,0.0,0.0,0.0,0,0
0.0,0.0,0.0,0.0,0.0,0.0,0.0,0.0,0,0
0.0,0.0,0.0,0.0,0.0,0.0,0.0,0.0,0,0
0.0,0.0,0.0,0.0,0.0,0.0,0.0,0.0,0,0
0.0,0.0,0.0,0.0,0.0,0.0,0.0,0.0,0,0
0.0,0.0,0.0,0.0,0.0,0.0,0.0,0.0,0,0
0.0,0.0,0.0,0.0,0.0,0.0,0.0,0.0,0,0
0.0,0.0,0.0,0.0,0.0,0.0,0.0,0.0,0,0
0.0,0.0,0.0,0.0,0.0,0.0,0.0,0.0,0,0
0.0,0.0,0.0,0.0,0.0,0.0,0.0,0.0,0,0
0.0,0.0,0.0,0.0,0.0,0.0,0.0,0.0,0,0
0.0,0.0,0.0,0.0,0.0,0.0,0.0,0.0,0,0
0.0,0.0,0.0,0.0,0.0,0.0,0.0,0.0,0,0
0.0,0.0,0.0,0.0,0.0,0.0,0.0,0.0,0,0
0.0,0.0,0.0,0.0,0.0,0.0,0.0,0.0,0,0
0.0,0.0,0.0,0.0,0.0,0.0,0.0,0.0,0,0
0.0,0.0,0.0,0.0,0.0,0.0,0.0,0.0,0,0
0.0,0.0,0.0,0.0,0.0,0.0,0.0,0.0,0,0
0.0,0.0,0.0,0.0,0.0,0.0,0.0,0.0,0,0
0.0,0.0,0.0,0.0,0.0,0.0,0.0,0.0,0,0
0.0,0.0,0.0,0.0,0.0,0.0,0.0,0.0,0,0
0.0,0.0,0.0,0.0,0.0,0.0,0.0,0.0,0,0
0.0,0.0,0.0,0.0,0.0,0.0,0.0,0.0,0,0
0.0,0.0,0.0,0.0,0.0,0.0,0.0,0.0,0,0
0.0,0.0,0.0,0.0,0.0,0.0,0.0,0.0,0,0
0.0,0.0,0.0,0.0,0.0,0.0,0.0,0.0,0,0
0.0,0.0,0.0,0.0,0.0,0.0,0.0,0.0,0,0
0.0,0.0,0.0,0.0,0.0,0.0,0.0,0.0,0,0
0.0,0.0,0.0,0.0,0.0,0.0,0.0,0.0,0,0
0.0,0.0,0.0,0.0,0.0,0.0,0.0,0.0,0,0
0.0,0.0,0.0,0.0,0.0,0.0,0.0,0.0,0,0
0.0,0.0,0.0,0.0,0.0,0.0,0.0,0.0,0,0
0.0,0.0,0.0,0.0,0.0,0.0,0.0,0.0,0,0
0.0,0.0,0.0,0.0,0.0,0.0,0.0,0.0,0,0
0.0,0.0,0.0,0.0,0.0,0.0,0.0,0.0,0,0
0.0,0.0,0.0,0.0,0.0,0.0,0.0,0.0,0,0
-74206.85691460491,10000.0,396.82539682539675,-84603.68231143031,25000000.0,24999999.999999996,50000000.0,50000000.0,39,39
0.0,10000.0,0.0,-10000.0,0.0,0.0,0.0,50000000.0,0,0
0.0,0.0,0.0,0.0,0.0,0.0,0.0,0.0,0,0
104983.42264676733,10000.000000000002,396.8253968253968,94586.59724994193,24999999.999999996,24999999.999999996,49999999.99999999,49999999.99999999,39,39
0.0,10000.000000000002,0.0,-10000.000000000002,0.0,0.0,0.0,49999999.99999999,0,0
0.0,0.0,0.0,0.0,0.0,0.0,0.0,0.0,0,0
0.0,0.0,0.0,0.0,0.0,0.0,0.0,0.0,0,0
0.0,0.0,0.0,0.0,0.0,0.0,0.0,0.0,0,0
0.0,0.0,0.0,0.0,0.0,0.0,0.0,0.0,0,0
0.0,0.0,0.0,0.0,0.0,0.0,0.0,0.0,0,0
0.0,0.0,0.0,0.0,0.0,0.0,0.0,0.0,0,0
-17325.55347177586,9999.999999999998,396.82539682539664,-27722.378868601252,25000000.000000004,24999999.999999993,50000000.0,50000000.0,39,39
0.0,9999.999999999998,0.0,-9999.999999999998,0.0,0.0,0.0,50000000.0,0,0
0.0,0.0,0.0,0.0,0.0,0.0,0.0,0.0,0,0
0.0,0.0,0.0,0.0,0.0,0.0,0.0,0.0,0,0
0.0,0.0,0.0,0.0,0.0,0.0,0.0,0.0,0,0
0.0,0.0,0.0,0.0,0.0,0.0,0.0,0.0,0,0
0.0,0.0,0.0,0.0,0.0,0.0,0.0,0.0,0,0
0.0,0.0,0.0,0.0,0.0,0.0,0.0,0.0,0,0
0.0,0.0,0.0,0.0,0.0,0.0,0.0,0.0,0,0
0.0,0.0,0.0,0.0,0.0,0.0,0.0,0.0,0,0
0.0,0.0,0.0,0.0,0.0,0.0,0.0,0.0,0,0
0.0,0.0,0.0,0.0,0.0,0.0,0.0,0.0,0,0
0.0,0.0,0.0,0.0,0.0,0.0,0.0,0.0,0,0
0.0,0.0,0.0,0.0,0.0,0.0,0.0,0.0,0,0
0.0,0.0,0.0,0.0,0.0,0.0,0.0,0.0,0,0
0.0,0.0,0.0,0.0,0.0,0.0,0.0,0.0,0,0
0.0,0.0,0.0,0.0,0.0,0.0,0.0,0.0,0,0
0.0,0.0,0.0,0.0,0.0,0.0,0.0,0.0,0,0
0.0,0.0,0.0,0.0,0.0,0.0,0.0,0.0,0,0
0.0,0.0,0.0,0.0,0.0,0.0,0.0,0.0,0,0
0.0,0.0,0.0,0.0,0.0,0.0,0.0,0.0,0,0
0.0,0.0,0.0,0.0,0.0,0.0,0.0,0.0,0,0
-227380.59939480672,9999.999999999998,396.8253968253969,-237777.4247916321,25000000.000000004,25000000.000000004,50000000.00000001,50000000.00000001,39,39
0.0,9999.999999999998,0.0,-9999.999999999998,0.0,0.0,0.0,50000000.00000001,0,0
0.0,0.0,0.0,0.0,0.0,0.0,0.0,0.0,0,0
45804.407968946805,9999.999999999998,396.82539682539675,35407.582572121406,24999999.999999996,25000000.0,50000000.0,49999999.99999999,39,39
0.0,9999.999999999998,0.0,-9999.999999999998,0.0,0.0,0.0,49999999.99999999,0,0
0.0,0.0,0.0,0.0,0.0,0.0,0.0,0.0,0,0
0.0,0.0,0.0,0.0,0.0,0.0,0.0,0.0,0,0
0.0,0.0,0.0,0.0,0.0,0.0,0.0,0.0,0,0
0.0,0.0,0.0,0.0,0.0,0.0,0.0,0.0,0,0
0.0,0.0,0.0,0.0,0.0,0.0,0.0,0.0,0,0
0.0,0.0,0.0,0.0,0.0,0.0,0.0,0.0,0,0
0.0,0.0,0.0,0.0,0.0,0.0,0.0,0.0,0,0
0.0,0.0,0.0,0.0,0.0,0.0,0.0,0.0,0,0
0.0,0.0,0.0,0.0,0.0,0.0,0.0,0.0,0,0
0.0,0.0,0.0,0.0,0.0,0.0,0.0,0.0,0,0
0.0,0.0,0.0,0.0,0.0,0.0,0.0,0.0,0,0
0.0,0.0,0.0,0.0,0.0,0.0,0.0,0.0,0,0
0.0,0.0,0.0,0.0,0.0,0.0,0.0,0.0,0,0
0.0,0.0,0.0,0.0,0.0,0.0,0.0,0.0,0,0
0.0,0.0,0.0,0.0,0.0,0.0,0.0,0.0,0,0
0.0,0.0,0.0,0.0,0.0,0.0,0.0,0.0,0,0
0.0,0.0,0.0,0.0,0.0,0.0,0.0,0.0,0,0
0.0,0.0,0.0,0.0,0.0,0.0,0.0,0.0,0,0
0.0,0.0,0.0,0.0,0.0,0.0,0.0,0.0,0,0
0.0,0.0,0.0,0.0,0.0,0.0,0.0,0.0,0,0
0.0,0.0,0.0,0.0,0.0,0.0,0.0,0.0,0,0
0.0,0.0,0.0,0.0,0.0,0.0,0.0,0.0,0,0
0.0,0.0,0.0,0.0,0.0,0.0,0.0,0.0,0,0
0.0,0.0,0.0,0.0,0.0,0.0,0.0,0.0,0,0
0.0,0.0,0.0,0.0,0.0,0.0,0.0,0.0,0,0
0.0,0.0,0.0,0.0,0.0,0.0,0.0,0.0,0,0
0.0,0.0,0.0,0.0,0.0,0.0,0.0,0.0,0,0
0.0,0.0,0.0,0.0,0.0,0.0,0.0,0.0,0,0
0.0,0.0,0.0,0.0,0.0,0.0,0.0,0.0,0,0
0.0,0.0,0.0,0.0,0.0,0.0,0.0,0.0,0,0
0.0,0.0,0.0,0.0,0.0,0.0,0.0,0.0,0,0
0.0,0.0,0.0,0.0,0.0,0.0,0.0,0.0,0,0
0.0,0.0,0.0,0.0,0.0,0.0,0.0,0.0,0,0
-128552.47488257253,9999.999999999998,396.8253968253967,-138949.3002793979,24999999.999999993,24999999.999999996,49999999.999999985,49999999.999999985,39,39
-63938.20664613504,20108.91735853523,396.82539682539687,-84443.94940149567,25000000.0,25000000.000000004,50000000.0,48558202.88655901,39,39
-192145.84711402562,19999.999999999996,396.8253968253967,-212542.672510851,25000000.0,24999999.999999996,50000000.0,58109469.20862368,39,39
489367.97861169075,20101.30419166486,396.82539682539675,468869.8490232005,25000000.000000004,25000000.0,50000000.0,76814850.3510604,39,39
62100.86559846868,19999.999999999996,396.82539682539687,41704.04020164328,25000000.000000004,25000000.0,50000000.0,78911443.92284702,39,39
170791.26939558017,20536.33145160683,396.825396825397,149858.11254714796,25000000.0,25000000.000000004,50000000.0,75111782.79686467,39,39
0.0,10000.0,0.0,-10000.0,0.0,0.0,0.0,50000000.0,0,0
-49244.608232694096,10000.0,396.8253968253968,-59641.433629519495,25000000.0,24999999.999999996,50000000.0,49999999.99999999,37,37
38550.29764144746,20000.0,396.8253968253968,18153.472244622066,25000000.0,25000000.0,50000000.0,61788908.384078845,37,37
0.0,10000.000000000002,0.0,-10000.000000000002,0.0,0.0,0.0,50000000.0,0,0
0.0,0.0,0.0,0.0,0.0,0.0,0.0,0.0,0,0
-61241.355248849766,9999.999999999998,396.82539682539687,-71638.18064567517,24999999.999999993,25000000.0,49999999.99999999,49999999.99999999,35,35
308020.21578253905,20596.831182102254,396.82539682539687,287026.5592036114,25000000.000000004,25000000.0,50000000.0,73999314.0200821,32,32
-286224.688488897,21163.89489374431,396.8253968253967,-307785.4087794667,25000000.000000004,25000000.0,50000000.0,86398696.38397902,31,31
434917.7552466056,20676.507131426668,396.82539682539687,413844.42271835357,25000000.0,25000000.0,50000000.0,85599734.9718167,33,33
95671.6968970197,21375.725288332706,396.8253968253968,73899.1462118616,25000000.0,25000000.0,50000000.0,95098366.29991516,34,34
631935.6518558388,21884.898053564313,396.82539682539687,609653.928405449,25000000.000000004,25000000.0,50000000.0,93951986.95576113,35,35
29062.594437381078,20000.0,396.82539682539687,8665.76904055568,25000000.0,25000000.0,50000000.0,75140524.35078749,33,33
0.0,10000.000000000004,0.0,-10000.000000000004,0.0,0.0,0.0,50000000.0,0,0
0.0,0.0,0.0,0.0,0.0,0.0,0.0,0.0,0,0
0.0,0.0,0.0,0.0,0.0,0.0,0.0,0.0,0,0
0.0,0.0,0.0,0.0,0.0,0.0,0.0,0.0,0,0
0.0,0.0,0.0,0.0,0.0,0.0,0.0,0.0,0,0
-194287.77958842038,9999.999999999998,396.82539682539687,-204684.60498524577,25000000.0,25000000.0,50000000.0,50000000.0,37,37
0.0,9999.999999999998,0.0,-9999.999999999998,0.0,0.0,0.0,50000000.0,0,0
0.0,0.0,0.0,0.0,0.0,0.0,0.0,0.0,0,0
0.0,0.0,0.0,0.0,0.0,0.0,0.0,0.0,0,0
0.0,0.0,0.0,0.0,0.0,0.0,0.0,0.0,0,0
0.0,0.0,0.0,0.0,0.0,0.0,0.0,0.0,0,0
-100612.13918892955,10000.0,396.8253968253969,-111008.96458575495,25000000.000000004,25000000.0,50000000.0,50000000.0,40,40
0.0,10000.0,0.0,-10000.0,0.0,0.0,0.0,50000000.0,0,0
481603.79701023956,9999.999999999996,396.82539682539675,471206.9716134142,25000000.0,24999999.999999996,50000000.0,50000000.0,39,39
-236286.61647953096,20101.712759655045,396.8253968253968,-256785.1546360114,25000000.000000007,25000000.000000004,50000000.000000015,61122568.175501294,39,39
320659.51509344636,20000.000000000004,396.82539682539664,300262.689696621,25000000.0,25000000.0,50000000.0,70368234.5229885,40,40
-132000.25905706832,20289.065647421507,396.8253968253967,-152686.15010131523,25000000.000000004,25000000.0,50000000.0,74249320.08387734,39,39
174454.33317440344,20195.18893944723,396.82539682539675,153862.31883813083,25000000.0,25000000.0,50000000.0,67498199.4436149,39,39
0.0,10000.000000000002,0.0,-10000.000000000002,0.0,0.0,0.0,50000000.0,0,0
-120410.45500089688,10000.0,396.825396825397,-130807.28039772228,25000000.0,25000000.0,50000000.0,50000000.0,38,38
0.0,10000.0,0.0,-10000.0,0.0,0.0,0.0,50000000.0,0,0
0.0,0.0,0.0,0.0,0.0,0.0,0.0,0.0,0,0
0.0,0.0,0.0,0.0,0.0,0.0,0.0,0.0,0,0
-28639.911041654726,10000.000000000004,396.8253968253968,-39036.73643848013,25000000.000000004,25000000.0,50000000.0,50000000.0,38,38
-225360.69707049802,20229.391398168384,396.82539682539675,-245986.91386549178,25000000.000000004,24999999.999999996,50000000.0,79353125.6846074,38,38
0.0,10000.0,0.0,-10000.0,0.0,0.0,0.0,50000000.0,0,0
325150.0350581439,9999.999999999998,396.8253968253969,314753.2096613185,25000000.0,25000000.000000004,50000000.0,50000000.00000001,39,39
0.0,9999.999999999998,0.0,-9999.999999999998,0.0,0.0,0.0,50000000.00000001,0,0
0.0,0.0,0.0,0.0,0.0,0.0,0.0,0.0,0,0
-119109.65866477753,10000.000000000005,396.82539682539675,-129506.48406160293,25000000.000000004,25000000.0,50000000.0,50000000.00000001,39,39
0.0,10000.000000000005,0.0,-10000.000000000005,0.0,0.0,0.0,50000000.00000001,0,0
30907.439257625454,10000.000000000002,396.825396825397,20510.61386080006,25000000.0,25000000.000000004,50000000.0,50000000.0,39,39
0.0,10000.000000000002,0.0,-10000.000000000002,0.0,0.0,0.0,50000000.0,0,0
-18765.114720612644,10000.000000000002,396.8253968253968,-29161.940117438044,24999999.999999996,24999999.999999993,49999999.999999985,49999999.99999999,39,39
0.0,10000.000000000002,0.0,-10000.000000000002,0.0,0.0,0.0,49999999.99999999,0,0
150551.70151731142,10000.000000000002,396.8253968253969,140154.87612048603,25000000.0,25000000.0,50000000.0,50000000.0,40,40
-107897.32180297471,20506.534467564466,396.82539682539675,-128800.68166736457,25000000.000000004,25000000.0,50000000.0,81230737.24465841,40,40
25497.67816157346,20940.733115421208,396.82539682539675,4160.119649326857,25000000.000000004,25000000.0,50000000.0,87790709.32975528,40,40
0.0,10000.000000000002,0.0,-10000.000000000002,0.0,0.0,0.0,50000000.0,0,0
0.0,0.0,0.0,0.0,0.0,0.0,0.0,0.0,0,0
-271637.25749624823,10000.000000000002,396.82539682539675,-282034.0828930736,25000000.0,25000000.0,50000000.0,50000000.0,41,41
402675.8124986351,20247.55898504109,396.8253968253968,382031.4281167686,24999999.999999996,25000000.000000004,50000000.0,69368711.12206933,41,41
129216.71686265059,20248.67571837733,396.8253968253968,108571.21574744786,25000000.0,25000000.000000004,50000000.0,89401729.32177654,41,41
0.0,10000.000000000004,0.0,-10000.000000000004,0.0,0.0,0.0,50000000.0,0,0
0.0,0.0,0.0,0.0,0.0,0.0,0.0,0.0,0,0
-51943.813443436185,9999.999999999995,396.8253968253968,-62340.63884026158,24999999.999999996,25000000.0,50000000.0,50000000.0,40,40
0.0,9999.999999999995,0.0,-9999.999999999995,0.0,0.0,0.0,50000000.0,0,0
0.0,0.0,0.0,0.0,0.0,0.0,0.0,0.0,0,0
0.0,0.0,0.0,0.0,0.0,0.0,0.0,0.0,0,0
0.0,0.0,0.0,0.0,0.0,0.0,0.0,0.0,0,0
0.0,0.0,0.0,0.0,0.0,0.0,0.0,0.0,0,0
0.0,0.0,0.0,0.0,0.0,0.0,0.0,0.0,0,0
0.0,0.0,0.0,0.0,0.0,0.0,0.0,0.0,0,0
0.0,0.0,0.0,0.0,0.0,0.0,0.0,0.0,0,0
0.0,0.0,0.0,0.0,0.0,0.0,0.0,0.0,0,0
0.0,0.0,0.0,0.0,0.0,0.0,0.0,0.0,0,0
0.0,0.0,0.0,0.0,0.0,0.0,0.0,0.0,0,0
86165.40794817737,9999.999999999998,396.82539682539675,75768.58255135197,25000000.0,25000000.0,50000000.0,50000000.0,36,36
0.0,9999.999999999998,0.0,-9999.999999999998,0.0,0.0,0.0,50000000.0,0,0
0.0,0.0,0.0,0.0,0.0,0.0,0.0,0.0,0,0
0.0,0.0,0.0,0.0,0.0,0.0,0.0,0.0,0,0
0.0,0.0,0.0,0.0,0.0,0.0,0.0,0.0,0,0
0.0,0.0,0.0,0.0,0.0,0.0,0.0,0.0,0,0
0.0,0.0,0.0,0.0,0.0,0.0,0.0,0.0,0,0
0.0,0.0,0.0,0.0,0.0,0.0,0.0,0.0,0,0
0.0,0.0,0.0,0.0,0.0,0.0,0.0,0.0,0,0
0.0,0.0,0.0,0.0,0.0,0.0,0.0,0.0,0,0
0.0,0.0,0.0,0.0,0.0,0.0,0.0,0.0,0,0
0.0,0.0,0.0,0.0,0.0,0.0,0.0,0.0,0,0
0.0,0.0,0.0,0.0,0.0,0.0,0.0,0.0,0,0
0.0,0.0,0.0,0.0,0.0,0.0,0.0,0.0,0,0
0.0,0.0,0.0,0.0,0.0,0.0,0.0,0.0,0,0
0.0,0.0,0.0,0.0,0.0,0.0,0.0,0.0,0,0
0.0,0.0,0.0,0.0,0.0,0.0,0.0,0.0,0,0
0.0,0.0,0.0,0.0,0.0,0.0,0.0,0.0,0,0
0.0,0.0,0.0,0.0,0.0,0.0,0.0,0.0,0,0
0.0,0.0,0.0,0.0,0.0,0.0,0.0,0.0,0,0
0.0,0.0,0.0,0.0,0.0,0.0,0.0,0.0,0,0
0.0,0.0,0.0,0.0,0.0,0.0,0.0,0.0,0,0
0.0,0.0,0.0,0.0,0.0,0.0,0.0,0.0,0,0
0.0,0.0,0.0,0.0,0.0,0.0,0.0,0.0,0,0
0.0,0.0,0.0,0.0,0.0,0.0,0.0,0.0,0,0
0.0,0.0,0.0,0.0,0.0,0.0,0.0,0.0,0,0
0.0,0.0,0.0,0.0,0.0,0.0,0.0,0.0,0,0
0.0,0.0,0.0,0.0,0.0,0.0,0.0,0.0,0,0
94934.75390346229,9999.999999999993,396.82539682539675,84537.92850663689,24999999.999999996,25000000.0,50000000.0,50000000.0,40,40
0.0,9999.999999999993,0.0,-9999.999999999993,0.0,0.0,0.0,50000000.0,0,0
0.0,0.0,0.0,0.0,0.0,0.0,0.0,0.0,0,0
0.0,0.0,0.0,0.0,0.0,0.0,0.0,0.0,0,0
0.0,0.0,0.0,0.0,0.0,0.0,0.0,0.0,0,0
0.0,0.0,0.0,0.0,0.0,0.0,0.0,0.0,0,0
0.0,0.0,0.0,0.0,0.0,0.0,0.0,0.0,0,0
0.0,0.0,0.0,0.0,0.0,0.0,0.0,0.0,0,0
0.0,0.0,0.0,0.0,0.0,0.0,0.0,0.0,0,0
0.0,0.0,0.0,0.0,0.0,0.0,0.0,0.0,0,0
0.0,0.0,0.0,0.0,0.0,0.0,0.0,0.0,0,0
0.0,0.0,0.0,0.0,0.0,0.0,0.0,0.0,0,0
0.0,0.0,0.0,0.0,0.0,0.0,0.0,0.0,0,0
0.0,0.0,0.0,0.0,0.0,0.0,0.0,0.0,0,0
0.0,0.0,0.0,0.0,0.0,0.0,0.0,0.0,0,0
0.0,0.0,0.0,0.0,0.0,0.0,0.0,0.0,0,0
0.0,0.0,0.0,0.0,0.0,0.0,0.0,0.0,0,0
0.0,0.0,0.0,0.0,0.0,0.0,0.0,0.0,0,0
0.0,0.0,0.0,0.0,0.0,0.0,0.0,0.0,0,0
0.0,0.0,0.0,0.0,0.0,0.0,0.0,0.0,0,0
0.0,0.0,0.0,0.0,0.0,0.0,0.0,0.0,0,0
-133369.96138054144,10000.0,396.82539682539675,-143766.78677736683,25000000.0,25000000.000000004,50000000.0,50000000.0,40,40
0.0,10000.0,0.0,-10000.0,0.0,0.0,0.0,50000000.0,0,0
0.0,0.0,0.0,0.0,0.0,0.0,0.0,0.0,0,0
0.0,0.0,0.0,0.0,0.0,0.0,0.0,0.0,0,0
0.0,0.0,0.0,0.0,0.0,0.0,0.0,0.0,0,0
0.0,0.0,0.0,0.0,0.0,0.0,0.0,0.0,0,0
0.0,0.0,0.0,0.0,0.0,0.0,0.0,0.0,0,0
0.0,0.0,0.0,0.0,0.0,0.0,0.0,0.0,0,0
0.0,0.0,0.0,0.0,0.0,0.0,0.0,0.0,0,0
-12405.846474168278,10000.0,396.82539682539687,-22802.671870993672,25000000.000000004,25000000.0,50000000.0,50000000.0,36,36
-29479.261844512406,20082.363073350705,396.82539682539687,-49958.45031468851,25000000.0,25000000.0,50000000.0,68618268.74602325,35,35
0.0,10000.000000000004,0.0,-10000.000000000004,0.0,0.0,0.0,50000000.0,0,0
-167370.59814328974,10000.000000000002,396.8253968253969,-177767.42354011512,25000000.0,25000000.0,50000000.0,50000000.0,31,31
126543.4452614337,20051.52995680664,396.8253968253968,106095.08990780167,25000000.0,25000000.0,50000000.0,60256851.40540458,33,33
0.0,10000.0,0.0,-10000.0,0.0,0.0,0.0,50000000.0,0,0
0.0,0.0,0.0,0.0,0.0,0.0,0.0,0.0,0,0
0.0,0.0,0.0,0.0,0.0,0.0,0.0,0.0,0,0
0.0,0.0,0.0,0.0,0.0,0.0,0.0,0.0,0,0
0.0,0.0,0.0,0.0,0.0,0.0,0.0,0.0,0,0
-259715.54659985178,10000.000000000004,396.82539682539675,-270112.3719966772,25000000.000000004,25000000.0,50000000.0,50000000.0,36,36
-107548.18232210026,20120.10999447193,396.82539682539675,-128065.11771339759,25000000.000000004,24999999.999999996,50000000.0,78498256.01408225,37,37
0.0,10000.0,0.0,-10000.0,0.0,0.0,0.0,50000000.0,0,0
-109594.98791236756,10000.000000000002,396.82539682539687,-119991.81330919296,25000000.0,24999999.999999996,50000000.0,50000000.0,37,37
0.0,10000.000000000002,0.0,-10000.000000000002,0.0,0.0,0.0,50000000.0,0,0
215274.51956886463,10000.000000000005,396.8253968253968,204877.69417203925,25000000.000000004,25000000.000000004,50000000.00000001,50000000.00000001,40,40
-260897.40815812838,20113.72436058926,396.8253968253967,-281407.95791554305,25000000.0,24999999.999999996,50000000.0,65238403.41475197,40,40
-39874.295493270445,20000.000000000004,396.82539682539687,-60271.120890095845,25000000.0,25000000.0,50000000.0,54032763.098131634,40,40
-161890.98195362493,20441.640318159225,396.82539682539675,-182729.44766860953,25000000.000000004,25000000.0,50000000.0,59494333.103896394,40,40
-324042.0060713883,19999.999999999996,396.82539682539675,-344438.8314682137,25000000.000000004,24999999.999999996,50000000.0,66602988.242748804,40,40
0.0,10000.000000000002,0.0,-10000.000000000002,0.0,0.0,0.0,50000000.0,0,0
0.0,0.0,0.0,0.0,0.0,0.0,0.0,0.0,0,0
0.0,0.0,0.0,0.0,0.0,0.0,0.0,0.0,0,0
0.0,0.0,0.0,0.0,0.0,0.0,0.0,0.0,0,0
32812.943145157886,9999.999999999998,396.82539682539664,22416.11774833249,25000000.000000004,24999999.999999996,50000000.0,50000000.0,39,39
0.0,9999.999999999998,0.0,-9999.999999999998,0.0,0.0,0.0,50000000.0,0,0
0.0,0.0,0.0,0.0,0.0,0.0,0.0,0.0,0,0
0.0,0.0,0.0,0.0,0.0,0.0,0.0,0.0,0,0
0.0,0.0,0.0,0.0,0.0,0.0,0.0,0.0,0,0
0.0,0.0,0.0,0.0,0.0,0.0,0.0,0.0,0,0
0.0,0.0,0.0,0.0,0.0,0.0,0.0,0.0,0,0
0.0,0.0,0.0,0.0,0.0,0.0,0.0,0.0,0,0
0.0,0.0,0.0,0.0,0.0,0.0,0.0,0.0,0,0
0.0,0.0,0.0,0.0,0.0,0.0,0.0,0.0,0,0
0.0,0.0,0.0,0.0,0.0,0.0,0.0,0.0,0,0
0.0,0.0,0.0,0.0,0.0,0.0,0.0,0.0,0,0
0.0,0.0,0.0,0.0,0.0,0.0,0.0,0.0,0,0
0.0,0.0,0.0,0.0,0.0,0.0,0.0,0.0,0,0
0.0,0.0,0.0,0.0,0.0,0.0,0.0,0.0,0,0
0.0,0.0,0.0,0.0,0.0,0.0,0.0,0.0,0,0
0.0,0.0,0.0,0.0,0.0,0.0,0.0,0.0,0,0
0.0,0.0,0.0,0.0,0.0,0.0,0.0,0.0,0,0
0.0,0.0,0.0,0.0,0.0,0.0,0.0,0.0,0,0
0.0,0.0,0.0,0.0,0.0,0.0,0.0,0.0,0,0
0.0,0.0,0.0,0.0,0.0,0.0,0.0,0.0,0,0
0.0,0.0,0.0,0.0,0.0,0.0,0.0,0.0,0,0
0.0,0.0,0.0,0.0,0.0,0.0,0.0,0.0,0,0
0.0,0.0,0.0,0.0,0.0,0.0,0.0,0.0,0,0
0.0,0.0,0.0,0.0,0.0,0.0,0.0,0.0,0,0
-88978.74099187726,10000.000000000002,396.8253968253968,-99375.56638870266,25000000.0,25000000.0,50000000.0,50000000.0,40,40
0.0,10000.000000000002,0.0,-10000.000000000002,0.0,0.0,0.0,50000000.0,0,0
0.0,0.0,0.0,0.0,0.0,0.0,0.0,0.0,0,0
0.0,0.0,0.0,0.0,0.0,0.0,0.0,0.0,0,0
0.0,0.0,0.0,0.0,0.0,0.0,0.0,0.0,0,0
0.0,0.0,0.0,0.0,0.0,0.0,0.0,0.0,0,0
0.0,0.0,0.0,0.0,0.0,0.0,0.0,0.0,0,0
0.0,0.0,0.0,0.0,0.0,0.0,0.0,0.0,0,0
0.0,0.0,0.0,0.0,0.0,0.0,0.0,0.0,0,0
0.0,0.0,0.0,0.0,0.0,0.0,0.0,0.0,0,0
0.0,0.0,0.0,0.0,0.0,0.0,0.0,0.0,0,0
0.0,0.0,0.0,0.0,0.0,0.0,0.0,0.0,0,0
0.0,0.0,0.0,0.0,0.0,0.0,0.0,0.0,0,0
0.0,0.0,0.0,0.0,0.0,0.0,0.0,0.0,0,0
0.0,0.0,0.0,0.0,0.0,0.0,0.0,0.0,0,0
0.0,0.0,0.0,0.0,0.0,0.0,0.0,0.0,0,0
0.0,0.0,0.0,0.0,0.0,0.0,0.0,0.0,0,0
0.0,0.0,0.0,0.0,0.0,0.0,0.0,0.0,0,0
0.0,0.0,0.0,0.0,0.0,0.0,0.0,0.0,0,0
0.0,0.0,0.0,0.0,0.0,0.0,0.0,0.0,0,0
0.0,0.0,0.0,0.0,0.0,0.0,0.0,0.0,0,0
0.0,0.0,0.0,0.0,0.0,0.0,0.0,0.0,0,0
0.0,0.0,0.0,0.0,0.0,0.0,0.0,0.0,0,0
0.0,0.0,0.0,0.0,0.0,0.0,0.0,0.0,0,0
0.0,0.0,0.0,0.0,0.0,0.0,0.0,0.0,0,0
0.0,0.0,0.0,0.0,0.0,0.0,0.0,0.0,0,0
0.0,0.0,0.0,0.0,0.0,0.0,0.0,0.0,0,0
0.0,0.0,0.0,0.0,0.0,0.0,0.0,0.0,0,0
0.0,0.0,0.0,0.0,0.0,0.0,0.0,0.0,0,0
0.0,0.0,0.0,0.0,0.0,0.0,0.0,0.0,0,0
0.0,0.0,0.0,0.0,0.0,0.0,0.0,0.0,0,0
0.0,0.0,0.0,0.0,0.0,0.0,0.0,0.0,0,0
0.0,0.0,0.0,0.0,0.0,0.0,0.0,0.0,0,0
0.0,0.0,0.0,0.0,0.0,0.0,0.0,0.0,0,0
0.0,0.0,0.0,0.0,0.0,0.0,0.0,0.0,0,0
0.0,0.0,0.0,0.0,0.0,0.0,0.0,0.0,0,0
0.0,0.0,0.0,0.0,0.0,0.0,0.0,0.0,0,0
0.0,0.0,0.0,0.0,0.0,0.0,0.0,0.0,0,0
0.0,0.0,0.0,0.0,0.0,0.0,0.0,0.0,0,0
0.0,0.0,0.0,0.0,0.0,0.0,0.0,0.0,0,0
0.0,0.0,0.0,0.0,0.0,0.0,0.0,0.0,0,0
0.0,0.0,0.0,0.0,0.0,0.0,0.0,0.0,0,0
0.0,0.0,0.0,0.0,0.0,0.0,0.0,0.0,0,0
0.0,0.0,0.0,0.0,0.0,0.0,0.0,0.0,0,0
0.0,0.0,0.0,0.0,0.0,0.0,0.0,0.0,0,0
0.0,0.0,0.0,0.0,0.0,0.0,0.0,0.0,0,0
0.0,0.0,0.0,0.0,0.0,0.0,0.0,0.0,0,0
0.0,0.0,0.0,0.0,0.0,0.0,0.0,0.0,0,0
0.0,0.0,0.0,0.0,0.0,0.0,0.0,0.0,0,0
0.0,0.0,0.0,0.0,0.0,0.0,0.0,0.0,0,0
0.0,0.0,0.0,0.0,0.0,0.0,0.0,0.0,0,0
0.0,0.0,0.0,0.0,0.0,0.0,0.0,0.0,0,0
0.0,0.0,0.0,0.0,0.0,0.0,0.0,0.0,0,0
0.0,0.0,0.0,0.0,0.0,0.0,0.0,0.0,0,0
0.0,0.0,0.0,0.0,0.0,0.0,0.0,0.0,0,0
0.0,0.0,0.0,0.0,0.0,0.0,0.0,0.0,0,0
0.0,0.0,0.0,0.0,0.0,0.0,0.0,0.0,0,0
0.0,0.0,0.0,0.0,0.0,0.0,0.0,0.0,0,0
0.0,0.0,0.0,0.0,0.0,0.0,0.0,0.0,0,0
0.0,0.0,0.0,0.0,0.0,0.0,0.0,0.0,0,0
0.0,0.0,0.0,0.0,0.0,0.0,0.0,0.0,0,0
0.0,0.0,0.0,0.0,0.0,0.0,0.0,0.0,0,0
0.0,0.0,0.0,0.0,0.0,0.0,0.0,0.0,0,0
0.0,0.0,0.0,0.0,0.0,0.0,0.0,0.0,0,0
0.0,0.0,0.0,0.0,0.0,0.0,0.0,0.0,0,0
0.0,0.0,0.0,0.0,0.0,0.0,0.0,0.0,0,0
0.0,0.0,0.0,0.0,0.0,0.0,0.0,0.0,0,0
0.0,0.0,0.0,0.0,0.0,0.0,0.0,0.0,0,0
0.0,0.0,0.0,0.0,0.0,0.0,0.0,0.0,0,0
0.0,0.0,0.0,0.0,0.0,0.0,0.0,0.0,0,0
0.0,0.0,0.0,0.0,0.0,0.0,0.0,0.0,0,0
0.0,0.0,0.0,0.0,0.0,0.0,0.0,0.0,0,0
0.0,0.0,0.0,0.0,0.0,0.0,0.0,0.0,0,0
0.0,0.0,0.0,0.0,0.0,0.0,0.0,0.0,0,0
0.0,0.0,0.0,0.0,0.0,0.0,0.0,0.0,0,0
0.0,0.0,0.0,0.0,0.0,0.0,0.0,0.0,0,0
0.0,0.0,0.0,0.0,0.0,0.0,0.0,0.0,0,0
0.0,0.0,0.0,0.0,0.0,0.0,0.0,0.0,0,0
0.0,0.0,0.0,0.0,0.0,0.0,0.0,0.0,0,0
0.0,0.0,0.0,0.0,0.0,0.0,0.0,0.0,0,0
0.0,0.0,0.0,0.0,0.0,0.0,0.0,0.0,0,0
0.0,0.0,0.0,0.0,0.0,0.0,0.0,0.0,0,0
0.0,0.0,0.0,0.0,0.0,0.0,0.0,0.0,0,0
0.0,0.0,0.0,0.0,0.0,0.0,0.0,0.0,0,0
0.0,0.0,0.0,0.0,0.0,0.0,0.0,0.0,0,0
0.0,0.0,0.0,0.0,0.0,0.0,0.0,0.0,0,0
0.0,0.0,0.0,0.0,0.0,0.0,0.0,0.0,0,0
0.0,0.0,0.0,0.0,0.0,0.0,0.0,0.0,0,0
0.0,0.0,0.0,0.0,0.0,0.0,0.0,0.0,0,0
0.0,0.0,0.0,0.0,0.0,0.0,0.0,0.0,0,0
0.0,0.0,0.0,0.0,0.0,0.0,0.0,0.0,0,0
0.0,0.0,0.0,0.0,0.0,0.0,0.0,0.0,0,0
0.0,0.0,0.0,0.0,0.0,0.0,0.0,0.0,0,0
0.0,0.0,0.0,0.0,0.0,0.0,0.0,0.0,0,0
0.0,0.0,0.0,0.0,0.0,0.0,0.0,0.0,0,0
0.0,0.0,0.0,0.0,0.0,0.0,0.0,0.0,0,0
0.0,0.0,0.0,0.0,0.0,0.0,0.0,0.0,0,0
0.0,0.0,0.0,0.0,0.0,0.0,0.0,0.0,0,0
0.0,0.0,0.0,0.0,0.0,0.0,0.0,0.0,0,0
0.0,0.0,0.0,0.0,0.0,0.0,0.0,0.0,0,0
0.0,0.0,0.0,0.0,0.0,0.0,0.0,0.0,0,0
0.0,0.0,0.0,0.0,0.0,0.0,0.0,0.0,0,0
0.0,0.0,0.0,0.0,0.0,0.0,0.0,0.0,0,0
0.0,0.0,0.0,0.0,0.0,0.0,0.0,0.0,0,0
0.0,0.0,0.0,0.0,0.0,0.0,0.0,0.0,0,0
0.0,0.0,0.0,0.0,0.0,0.0,0.0,0.0,0,0
0.0,0.0,0.0,0.0,0.0,0.0,0.0,0.0,0,0
0.0,0.0,0.0,0.0,0.0,0.0,0.0,0.0,0,0
0.0,0.0,0.0,0.0,0.0,0.0,0.0,0.0,0,0
0.0,0.0,0.0,0.0,0.0,0.0,0.0,0.0,0,0
0.0,0.0,0.0,0.0,0.0,0.0,0.0,0.0,0,0
0.0,0.0,0.0,0.0,0.0,0.0,0.0,0.0,0,0
0.0,0.0,0.0,0.0,0.0,0.0,0.0,0.0,0,0
0.0,0.0,0.0,0.0,0.0,0.0,0.0,0.0,0,0
0.0,0.0,0.0,0.0,0.0,0.0,0.0,0.0,0,0
0.0,0.0,0.0,0.0,0.0,0.0,0.0,0.0,0,0
0.0,0.0,0.0,0.0,0.0,0.0,0.0,0.0,0,0
0.0,0.0,0.0,0.0,0.0,0.0,0.0,0.0,0,0
0.0,0.0,0.0,0.0,0.0,0.0,0.0,0.0,0,0
0.0,0.0,0.0,0.0,0.0,0.0,0.0,0.0,0,0
0.0,0.0,0.0,0.0,0.0,0.0,0.0,0.0,0,0
0.0,0.0,0.0,0.0,0.0,0.0,0.0,0.0,0,0
0.0,0.0,0.0,0.0,0.0,0.0,0.0,0.0,0,0
0.0,0.0,0.0,0.0,0.0,0.0,0.0,0.0,0,0
0.0,0.0,0.0,0.0,0.0,0.0,0.0,0.0,0,0
0.0,0.0,0.0,0.0,0.0,0.0,0.0,0.0,0,0
0.0,0.0,0.0,0.0,0.0,0.0,0.0,0.0,0,0
147829.2954414697,10000.0,396.8253968253968,137432.47004464432,25000000.000000004,25000000.0,50000000.0,50000000.0,39,39
-205066.44323980476,20000.000000000004,396.8253968253968,-225463.26863663015,24999999.999999996,25000000.000000004,50000000.0,73983308.23874046,39,39
-175864.01784414737,20000.0,396.82539682539687,-196260.84324097275,25000000.0,25000000.000000007,50000000.00000001,75019140.08381568,39,39
119477.71524314467,20000.00000000001,396.8253968253969,99080.88984631926,24999999.999999996,25000000.0,50000000.0,70994359.8605231,39,39
6426.2115379550205,20000.000000000004,396.8253968253968,-13970.613858870382,25000000.0,25000000.000000004,50000000.0,82120372.5765434,39,39
0.0,9999.999999999998,0.0,-9999.999999999998,0.0,0.0,0.0,50000000.0,0,0
0.0,0.0,0.0,0.0,0.0,0.0,0.0,0.0,0,0
0.0,0.0,0.0,0.0,0.0,0.0,0.0,0.0,0,0
0.0,0.0,0.0,0.0,0.0,0.0,0.0,0.0,0,0
0.0,0.0,0.0,0.0,0.0,0.0,0.0,0.0,0,0
0.0,0.0,0.0,0.0,0.0,0.0,0.0,0.0,0,0
0.0,0.0,0.0,0.0,0.0,0.0,0.0,0.0,0,0
0.0,0.0,0.0,0.0,0.0,0.0,0.0,0.0,0,0
0.0,0.0,0.0,0.0,0.0,0.0,0.0,0.0,0,0
-71254.66783802355,10000.0,396.82539682539664,-81651.49323484895,25000000.000000004,25000000.0,50000000.0,50000000.00000001,37,37
0.0,10000.0,0.0,-10000.0,0.0,0.0,0.0,50000000.00000001,0,0
0.0,0.0,0.0,0.0,0.0,0.0,0.0,0.0,0,0
201520.18959322516,9999.999999999995,396.82539682539664,191123.36419639978,25000000.0,25000000.0,50000000.0,50000000.0,37,37
69372.54769422932,20108.488511809966,396.82539682539675,48867.233785593955,24999999.999999996,24999999.999999996,49999999.99999999,73612084.53485858,36,36
0.0,9999.999999999998,0.0,-9999.999999999998,0.0,0.0,0.0,49999999.99999999,0,0
-178818.57836622742,10000.0,396.82539682539687,-189215.4037630528,25000000.0,25000000.000000004,50000000.0,50000000.0,32,32
83998.24261704009,20097.66113568564,396.825396825397,63503.75608452904,25000000.0,25000000.0,50000000.0,64508257.53870298,34,34
344553.0723839541,20234.670463590483,396.82539682539687,323921.5765235382,25000000.0,25000000.000000004,50000000.0,75669615.75329894,35,35
0.0,10000.0,0.0,-10000.0,0.0,0.0,0.0,50000000.0,0,0
0.0,0.0,0.0,0.0,0.0,0.0,0.0,0.0,0,0
0.0,0.0,0.0,0.0,0.0,0.0,0.0,0.0,0,0
-99366.5763904216,10000.000000000005,396.82539682539675,-109763.401787247,25000000.0,25000000.0,50000000.0,50000000.0,36,36
0.0,10000.000000000005,0.0,-10000.000000000005,0.0,0.0,0.0,50000000.0,0,0
0.0,0.0,0.0,0.0,0.0,0.0,0.0,0.0,0,0
0.0,0.0,0.0,0.0,0.0,0.0,0.0,0.0,0,0
0.0,0.0,0.0,0.0,0.0,0.0,0.0,0.0,0,0
0.0,0.0,0.0,0.0,0.0,0.0,0.0,0.0,0,0
0.0,0.0,0.0,0.0,0.0,0.0,0.0,0.0,0,0
0.0,0.0,0.0,0.0,0.0,0.0,0.0,0.0,0,0
0.0,0.0,0.0,0.0,0.0,0.0,0.0,0.0,0,0
0.0,0.0,0.0,0.0,0.0,0.0,0.0,0.0,0,0
189758.97741043166,9999.999999999996,396.8253968253969,179362.15201360628,25000000.0,25000000.0,50000000.0,50000000.0,38,38
44041.69727770087,20340.62834195236,396.82539682539664,23304.243538923114,25000000.0,24999999.999999996,50000000.0,76868207.302709,38,38
-323823.57886950154,21230.276737963602,396.825396825397,-345450.6810042905,25000000.0,25000000.000000004,50000000.0,82496009.45119709,36,36
-387998.536661702,20000.000000000004,396.82539682539687,-408395.36205852736,25000000.0,24999999.999999996,50000000.0,78715047.51692572,37,37
125112.62331556887,20000.000000000004,396.82539682539664,104715.79791874347,25000000.0,25000000.0,50000000.0,80679013.88860606,38,38
155227.97289025804,20465.81295826323,396.825396825397,134365.33453516942,25000000.0,25000000.000000004,50000000.0,82631755.22262737,40,40
-17939.584929449218,20872.10821591141,396.82539682539675,-39208.51854218602,24999999.999999996,24999999.999999996,49999999.99999999,84970509.700986,41,41
-183680.78846276613,20690.185214401237,396.82539682539675,-204767.79907399276,25000000.000000004,25000000.000000004,50000000.00000001,85317965.05852349,40,40
0.0,10000.000000000002,0.0,-10000.000000000002,0.0,0.0,0.0,50000000.00000001,0,0
0.0,0.0,0.0,0.0,0.0,0.0,0.0,0.0,0,0
0.0,0.0,0.0,0.0,0.0,0.0,0.0,0.0,0,0
0.0,0.0,0.0,0.0,0.0,0.0,0.0,0.0,0,0
0.0,0.0,0.0,0.0,0.0,0.0,0.0,0.0,0,0
0.0,0.0,0.0,0.0,0.0,0.0,0.0,0.0,0,0
0.0,0.0,0.0,0.0,0.0,0.0,0.0,0.0,0,0
0.0,0.0,0.0,0.0,0.0,0.0,0.0,0.0,0,0
0.0,0.0,0.0,0.0,0.0,0.0,0.0,0.0,0,0
0.0,0.0,0.0,0.0,0.0,0.0,0.0,0.0,0,0
0.0,0.0,0.0,0.0,0.0,0.0,0.0,0.0,0,0
0.0,0.0,0.0,0.0,0.0,0.0,0.0,0.0,0,0
0.0,0.0,0.0,0.0,0.0,0.0,0.0,0.0,0,0
0.0,0.0,0.0,0.0,0.0,0.0,0.0,0.0,0,0
-110956.15492867517,10000.000000000004,396.8253968253968,-121352.98032550057,25000000.0,25000000.0,50000000.0,50000000.0,34,34
5496.921924630409,20507.318531774967,396.825396825397,-15407.222003969955,25000000.0,25000000.0,50000000.0,90491077.8915043,33,33
305015.84930632694,21257.24637610085,396.8253968253967,283361.7775334007,25000000.000000004,25000000.0,50000000.0,95264702.75300549,32,32
154573.12858364117,21392.566896612472,396.82539682539675,132783.73629020332,25000000.0,25000000.0,50000000.0,92268531.60964593,32,32
16639.631933039556,21337.56558610056,396.8253968253968,-5094.759049886402,25000000.0,25000000.0,50000000.0,93132622.93407603,32,32
0.0,10000.000000000004,0.0,-10000.000000000004,0.0,0.0,0.0,50000000.0,0,0
396681.62263176334,10000.0,396.82539682539687,386284.79723493796,25000000.0,25000000.0,50000000.0,50000000.0,32,32
338285.1624448917,19999.99999999999,396.8253968253968,317888.3370480663,25000000.0,25000000.0,50000000.0,69238767.37190054,32,32
1122469.5655039854,20000.000000000004,396.82539682539675,1102072.74010716,25000000.0,24999999.999999996,50000000.0,77325433.61708198,32,32
471466.1867168696,20222.29547209399,396.8253968253969,450847.06584795023,25000000.000000004,25000000.0,50000000.0,73612045.39563689,31,31
31068.65417585321,20773.549680867174,396.8253968253968,9898.27909816064,25000000.0,25000000.0,50000000.0,82330979.36057205,32,32
34243.95530507264,20000.000000000007,396.82539682539675,13847.129908247234,25000000.000000004,25000000.0,50000000.0,81847634.54833582,32,32
-75266.3386088947,20000.0,396.8253968253969,-95663.1640057201,25000000.0,25000000.000000004,50000000.0,77071760.92377256,33,33
459594.6578304545,20000.000000000004,396.82539682539675,439197.83243362914,25000000.0,25000000.0,50000000.0,80187057.50269036,34,34
146819.23354369844,20000.0,396.82539682539675,126422.40814687304,24999999.999999996,25000000.000000004,50000000.0,79512741.06421813,35,35
245138.95436828423,20263.7095319584,396.82539682539687,224478.41943950046,25000000.000000004,24999999.999999996,50000000.0,91048816.25654005,35,35
82602.366102071,19999.999999999996,396.8253968253968,62205.5407052456,25000000.0,25000000.0,50000000.0,94677089.22609027,37,37
4800.8224797145085,20246.376641058712,396.8253968253968,-15842.379558169601,24999999.999999996,25000000.0,50000000.0,88426690.34114294,37,37
-198297.4662107242,20509.064489291864,396.8253968253968,-219203.35609684145,25000000.000000004,25000000.000000004,50000000.00000001,82972289.48922676,36,36
-104667.58830503198,20381.889578596947,396.8253968253968,-125446.30328045433,25000000.000000004,25000000.0,50000000.0,90844176.47600785,35,35
109990.83511498632,20454.511949910135,396.82539682539687,89139.49776825077,24999999.999999993,25000000.0,49999999.99999999,85478494.09197327,36,36
77998.09822679324,20211.56808086974,396.82539682539687,57389.704749098106,25000000.0,25000000.0,50000000.0,83411457.53338066,37,37
-424945.60326258914,20000.000000000004,396.82539682539675,-445342.4286594145,25000000.000000004,25000000.0,50000000.0,77172558.08161752,37,37
-429472.7878769313,20616.066928129156,396.82539682539687,-450485.6802018859,25000000.0,25000000.000000004,50000000.0,87596948.0868625,34,34
427417.85891571746,20000.000000000007,396.8253968253968,407021.0335188921,25000000.0,25000000.0,50000000.0,84166696.3517352,31,31
607244.1540713031,20000.0,396.82539682539675,586847.3286744776,25000000.000000007,24999999.999999996,50000000.0,63694633.54130978,31,31
278951.8231234573,20000.000000000007,396.8253968253968,258554.99772663193,25000000.000000004,25000000.0,50000000.0,75770712.74636574,34,34
-209650.85951078174,19999.999999999993,396.82539682539687,-230047.68490760712,24999999.999999996,24999999.999999996,49999999.99999999,74822073.99406496,34,34
-65073.22632635282,20000.000000000004,396.8253968253968,-85470.05172317823,25000000.0,25000000.000000004,50000000.0,79077116.52063827,34,34
-223872.28148264834,20000.000000000004,396.82539682539687,-244269.10687947372,25000000.0,25000000.0,50000000.0,77845889.88588503,31,31
0.0,10000.000000000002,0.0,-10000.000000000002,0.0,0.0,0.0,50000000.0,0,0
223182.0240812907,9999.999999999998,396.82539682539687,212785.19868446531,24999999.999999996,25000000.0,50000000.0,49999999.99999999,33,33
-92081.34241008355,20000.000000000004,396.82539682539675,-112478.16780690895,25000000.0,25000000.0,50000000.0,72010905.17644383,36,36
62826.687914628026,20000.000000000007,396.8253968253968,42429.86251780262,25000000.000000004,25000000.0,50000000.0,78350629.32111757,39,39
0.0,10000.000000000002,0.0,-10000.000000000002,0.0,0.0,0.0,50000000.00000001,0,0
-216079.5378349047,9999.999999999998,396.82539682539675,-226476.3632317301,25000000.0,25000000.0,50000000.0,50000000.0,40,40
0.0,9999.999999999998,0.0,-9999.999999999998,0.0,0.0,0.0,50000000.0,0,0
-43249.804381371454,10000.0,396.8253968253969,-53646.62977819685,25000000.0,25000000.000000007,50000000.00000001,50000000.00000001,39,39
0.0,10000.0,0.0,-10000.0,0.0,0.0,0.0,50000000.00000001,0,0
37307.70245321716,10000.0,396.82539682539675,26910.877056391768,24999999.999999996,24999999.999999996,49999999.99999999,49999999.99999999,39,39
4763.523446593678,20084.46159927897,396.82539682539687,-15717.76354951069,24999999.999999996,24999999.999999996,49999999.99999999,65589038.71260714,39,39
-1065376.7973030307,19999.999999999996,396.8253968253967,-1085773.622699856,24999999.999999993,24999999.999999996,49999999.999999985,68725938.97890045,39,39
-998750.7520463507,19999.999999999975,396.82539682539664,-1019147.5774431762,25000000.000000004,24999999.999999996,50000000.0,61444912.08463015,40,40
0.0,10000.0,0.0,-10000.0,0.0,0.0,0.0,50000000.0,0,0
0.0,0.0,0.0,0.0,0.0,0.0,0.0,0.0,0,0
0.0,0.0,0.0,0.0,0.0,0.0,0.0,0.0,0,0
0.0,0.0,0.0,0.0,0.0,0.0,0.0,0.0,0,0
0.0,0.0,0.0,0.0,0.0,0.0,0.0,0.0,0,0
0.0,0.0,0.0,0.0,0.0,0.0,0.0,0.0,0,0
0.0,0.0,0.0,0.0,0.0,0.0,0.0,0.0,0,0
0.0,0.0,0.0,0.0,0.0,0.0,0.0,0.0,0,0
0.0,0.0,0.0,0.0,0.0,0.0,0.0,0.0,0,0
0.0,0.0,0.0,0.0,0.0,0.0,0.0,0.0,0,0
0.0,0.0,0.0,0.0,0.0,0.0,0.0,0.0,0,0
0.0,0.0,0.0,0.0,0.0,0.0,0.0,0.0,0,0
0.0,0.0,0.0,0.0,0.0,0.0,0.0,0.0,0,0
0.0,0.0,0.0,0.0,0.0,0.0,0.0,0.0,0,0
0.0,0.0,0.0,0.0,0.0,0.0,0.0,0.0,0,0
0.0,0.0,0.0,0.0,0.0,0.0,0.0,0.0,0,0
0.0,0.0,0.0,0.0,0.0,0.0,0.0,0.0,0,0
0.0,0.0,0.0,0.0,0.0,0.0,0.0,0.0,0,0
0.0,0.0,0.0,0.0,0.0,0.0,0.0,0.0,0,0
0.0,0.0,0.0,0.0,0.0,0.0,0.0,0.0,0,0
0.0,0.0,0.0,0.0,0.0,0.0,0.0,0.0,0,0
0.0,0.0,0.0,0.0,0.0,0.0,0.0,0.0,0,0
0.0,0.0,0.0,0.0,0.0,0.0,0.0,0.0,0,0
0.0,0.0,0.0,0.0,0.0,0.0,0.0,0.0,0,0
0.0,0.0,0.0,0.0,0.0,0.0,0.0,0.0,0,0
0.0,0.0,0.0,0.0,0.0,0.0,0.0,0.0,0,0
0.0,0.0,0.0,0.0,0.0,0.0,0.0,0.0,0,0
0.0,0.0,0.0,0.0,0.0,0.0,0.0,0.0,0,0
0.0,0.0,0.0,0.0,0.0,0.0,0.0,0.0,0,0
0.0,0.0,0.0,0.0,0.0,0.0,0.0,0.0,0,0
0.0,0.0,0.0,0.0,0.0,0.0,0.0,0.0,0,0
0.0,0.0,0.0,0.0,0.0,0.0,0.0,0.0,0,0
0.0,0.0,0.0,0.0,0.0,0.0,0.0,0.0,0,0
0.0,0.0,0.0,0.0,0.0,0.0,0.0,0.0,0,0
0.0,0.0,0.0,0.0,0.0,0.0,0.0,0.0,0,0
0.0,0.0,0.0,0.0,0.0,0.0,0.0,0.0,0,0
0.0,0.0,0.0,0.0,0.0,0.0,0.0,0.0,0,0
0.0,0.0,0.0,0.0,0.0,0.0,0.0,0.0,0,0
0.0,0.0,0.0,0.0,0.0,0.0,0.0,0.0,0,0
0.0,0.0,0.0,0.0,0.0,0.0,0.0,0.0,0,0
0.0,0.0,0.0,0.0,0.0,0.0,0.0,0.0,0,0
0.0,0.0,0.0,0.0,0.0,0.0,0.0,0.0,0,0
0.0,0.0,0.0,0.0,0.0,0.0,0.0,0.0,0,0
0.0,0.0,0.0,0.0,0.0,0.0,0.0,0.0,0,0
0.0,0.0,0.0,0.0,0.0,0.0,0.0,0.0,0,0
0.0,0.0,0.0,0.0,0.0,0.0,0.0,0.0,0,0
0.0,0.0,0.0,0.0,0.0,0.0,0.0,0.0,0,0
0.0,0.0,0.0,0.0,0.0,0.0,0.0,0.0,0,0
0.0,0.0,0.0,0.0,0.0,0.0,0.0,0.0,0,0
0.0,0.0,0.0,0.0,0.0,0.0,0.0,0.0,0,0
0.0,0.0,0.0,0.0,0.0,0.0,0.0,0.0,0,0
0.0,0.0,0.0,0.0,0.0,0.0,0.0,0.0,0,0
0.0,0.0,0.0,0.0,0.0,0.0,0.0,0.0,0,0
0.0,0.0,0.0,0.0,0.0,0.0,0.0,0.0,0,0
0.0,0.0,0.0,0.0,0.0,0.0,0.0,0.0,0,0
0.0,0.0,0.0,0.0,0.0,0.0,0.0,0.0,0,0
0.0,0.0,0.0,0.0,0.0,0.0,0.0,0.0,0,0
0.0,0.0,0.0,0.0,0.0,0.0,0.0,0.0,0,0
0.0,0.0,0.0,0.0,0.0,0.0,0.0,0.0,0,0
0.0,0.0,0.0,0.0,0.0,0.0,0.0,0.0,0,0
0.0,0.0,0.0,0.0,0.0,0.0,0.0,0.0,0,0
0.0,0.0,0.0,0.0,0.0,0.0,0.0,0.0,0,0
0.0,0.0,0.0,0.0,0.0,0.0,0.0,0.0,0,0
0.0,0.0,0.0,0.0,0.0,0.0,0.0,0.0,0,0
0.0,0.0,0.0,0.0,0.0,0.0,0.0,0.0,0,0
0.0,0.0,0.0,0.0,0.0,0.0,0.0,0.0,0,0
0.0,0.0,0.0,0.0,0.0,0.0,0.0,0.0,0,0
0.0,0.0,0.0,0.0,0.0,0.0,0.0,0.0,0,0
0.0,0.0,0.0,0.0,0.0,0.0,0.0,0.0,0,0
0.0,0.0,0.0,0.0,0.0,0.0,0.0,0.0,0,0
0.0,0.0,0.0,0.0,0.0,0.0,0.0,0.0,0,0
0.0,0.0,0.0,0.0,0.0,0.0,0.0,0.0,0,0
0.0,0.0,0.0,0.0,0.0,0.0,0.0,0.0,0,0
0.0,0.0,0.0,0.0,0.0,0.0,0.0,0.0,0,0
0.0,0.0,0.0,0.0,0.0,0.0,0.0,0.0,0,0
0.0,0.0,0.0,0.0,0.0,0.0,0.0,0.0,0,0
0.0,0.0,0.0,0.0,0.0,0.0,0.0,0.0,0,0
0.0,0.0,0.0,0.0,0.0,0.0,0.0,0.0,0,0
0.0,0.0,0.0,0.0,0.0,0.0,0.0,0.0,0,0
0.0,0.0,0.0,0.0,0.0,0.0,0.0,0.0,0,0
0.0,0.0,0.0,0.0,0.0,0.0,0.0,0.0,0,0
0.0,0.0,0.0,0.0,0.0,0.0,0.0,0.0,0,0
0.0,0.0,0.0,0.0,0.0,0.0,0.0,0.0,0,0
0.0,0.0,0.0,0.0,0.0,0.0,0.0,0.0,0,0
0.0,0.0,0.0,0.0,0.0,0.0,0.0,0.0,0,0
0.0,0.0,0.0,0.0,0.0,0.0,0.0,0.0,0,0
0.0,0.0,0.0,0.0,0.0,0.0,0.0,0.0,0,0
0.0,0.0,0.0,0.0,0.0,0.0,0.0,0.0,0,0
0.0,0.0,0.0,0.0,0.0,0.0,0.0,0.0,0,0
0.0,0.0,0.0,0.0,0.0,0.0,0.0,0.0,0,0
0.0,0.0,0.0,0.0,0.0,0.0,0.0,0.0,0,0
0.0,0.0,0.0,0.0,0.0,0.0,0.0,0.0,0,0
0.0,0.0,0.0,0.0,0.0,0.0,0.0,0.0,0,0
0.0,0.0,0.0,0.0,0.0,0.0,0.0,0.0,0,0
0.0,0.0,0.0,0.0,0.0,0.0,0.0,0.0,0,0
0.0,0.0,0.0,0.0,0.0,0.0,0.0,0.0,0,0
0.0,0.0,0.0,0.0,0.0,0.0,0.0,0.0,0,0
0.0,0.0,0.0,0.0,0.0,0.0,0.0,0.0,0,0
0.0,0.0,0.0,0.0,0.0,0.0,0.0,0.0,0,0
0.0,0.0,0.0,0.0,0.0,0.0,0.0,0.0,0,0
0.0,0.0,0.0,0.0,0.0,0.0,0.0,0.0,0,0
0.0,0.0,0.0,0.0,0.0,0.0,0.0,0.0,0,0
0.0,0.0,0.0,0.0,0.0,0.0,0.0,0.0,0,0
0.0,0.0,0.0,0.0,0.0,0.0,0.0,0.0,0,0
0.0,0.0,0.0,0.0,0.0,0.0,0.0,0.0,0,0
0.0,0.0,0.0,0.0,0.0,0.0,0.0,0.0,0,0
0.0,0.0,0.0,0.0,0.0,0.0,0.0,0.0,0,0
0.0,0.0,0.0,0.0,0.0,0.0,0.0,0.0,0,0
0.0,0.0,0.0,0.0,0.0,0.0,0.0,0.0,0,0
0.0,0.0,0.0,0.0,0.0,0.0,0.0,0.0,0,0
0.0,0.0,0.0,0.0,0.0,0.0,0.0,0.0,0,0
0.0,0.0,0.0,0.0,0.0,0.0,0.0,0.0,0,0
0.0,0.0,0.0,0.0,0.0,0.0,0.0,0.0,0,0
0.0,0.0,0.0,0.0,0.0,0.0,0.0,0.0,0,0
0.0,0.0,0.0,0.0,0.0,0.0,0.0,0.0,0,0
0.0,0.0,0.0,0.0,0.0,0.0,0.0,0.0,0,0
0.0,0.0,0.0,0.0,0.0,0.0,0.0,0.0,0,0
0.0,0.0,0.0,0.0,0.0,0.0,0.0,0.0,0,0
0.0,0.0,0.0,0.0,0.0,0.0,0.0,0.0,0,0
0.0,0.0,0.0,0.0,0.0,0.0,0.0,0.0,0,0
0.0,0.0,0.0,0.0,0.0,0.0,0.0,0.0,0,0
0.0,0.0,0.0,0.0,0.0,0.0,0.0,0.0,0,0
0.0,0.0,0.0,0.0,0.0,0.0,0.0,0.0,0,0
0.0,0.0,0.0,0.0,0.0,0.0,0.0,0.0,0,0
0.0,0.0,0.0,0.0,0.0,0.0,0.0,0.0,0,0
0.0,0.0,0.0,0.0,0.0,0.0,0.0,0.0,0,0
0.0,0.0,0.0,0.0,0.0,0.0,0.0,0.0,0,0
0.0,0.0,0.0,0.0,0.0,0.0,0.0,0.0,0,0
0.0,0.0,0.0,0.0,0.0,0.0,0.0,0.0,0,0
0.0,0.0,0.0,0.0,0.0,0.0,0.0,0.0,0,0
0.0,0.0,0.0,0.0,0.0,0.0,0.0,0.0,0,0
0.0,0.0,0.0,0.0,0.0,0.0,0.0,0.0,0,0
0.0,0.0,0.0,0.0,0.0,0.0,0.0,0.0,0,0
0.0,0.0,0.0,0.0,0.0,0.0,0.0,0.0,0,0
0.0,0.0,0.0,0.0,0.0,0.0,0.0,0.0,0,0
0.0,0.0,0.0,0.0,0.0,0.0,0.0,0.0,0,0
0.0,0.0,0.0,0.0,0.0,0.0,0.0,0.0,0,0
0.0,0.0,0.0,0.0,0.0,0.0,0.0,0.0,0,0
0.0,0.0,0.0,0.0,0.0,0.0,0.0,0.0,0,0
0.0,0.0,0.0,0.0,0.0,0.0,0.0,0.0,0,0
0.0,0.0,0.0,0.0,0.0,0.0,0.0,0.0,0,0
0.0,0.0,0.0,0.0,0.0,0.0,0.0,0.0,0,0
0.0,0.0,0.0,0.0,0.0,0.0,0.0,0.0,0,0
0.0,0.0,0.0,0.0,0.0,0.0,0.0,0.0,0,0
0.0,0.0,0.0,0.0,0.0,0.0,0.0,0.0,0,0
0.0,0.0,0.0,0.0,0.0,0.0,0.0,0.0,0,0
0.0,0.0,0.0,0.0,0.0,0.0,0.0,0.0,0,0
0.0,0.0,0.0,0.0,0.0,0.0,0.0,0.0,0,0
0.0,0.0,0.0,0.0,0.0,0.0,0.0,0.0,0,0
0.0,0.0,0.0,0.0,0.0,0.0,0.0,0.0,0,0
0.0,0.0,0.0,0.0,0.0,0.0,0.0,0.0,0,0
0.0,0.0,0.0,0.0,0.0,0.0,0.0,0.0,0,0
0.0,0.0,0.0,0.0,0.0,0.0,0.0,0.0,0,0
0.0,0.0,0.0,0.0,0.0,0.0,0.0,0.0,0,0
0.0,0.0,0.0,0.0,0.0,0.0,0.0,0.0,0,0
0.0,0.0,0.0,0.0,0.0,0.0,0.0,0.0,0,0
0.0,0.0,0.0,0.0,0.0,0.0,0.0,0.0,0,0
0.0,0.0,0.0,0.0,0.0,0.0,0.0,0.0,0,0
0.0,0.0,0.0,0.0,0.0,0.0,0.0,0.0,0,0
0.0,0.0,0.0,0.0,0.0,0.0,0.0,0.0,0,0
0.0,0.0,0.0,0.0,0.0,0.0,0.0,0.0,0,0
0.0,0.0,0.0,0.0,0.0,0.0,0.0,0.0,0,0
0.0,0.0,0.0,0.0,0.0,0.0,0.0,0.0,0,0
0.0,0.0,0.0,0.0,0.0,0.0,0.0,0.0,0,0
0.0,0.0,0.0,0.0,0.0,0.0,0.0,0.0,0,0
0.0,0.0,0.0,0.0,0.0,0.0,0.0,0.0,0,0
0.0,0.0,0.0,0.0,0.0,0.0,0.0,0.0,0,0
0.0,0.0,0.0,0.0,0.0,0.0,0.0,0.0,0,0
0.0,0.0,0.0,0.0,0.0,0.0,0.0,0.0,0,0
0.0,0.0,0.0,0.0,0.0,0.0,0.0,0.0,0,0
0.0,0.0,0.0,0.0,0.0,0.0,0.0,0.0,0,0
0.0,0.0,0.0,0.0,0.0,0.0,0.0,0.0,0,0
0.0,0.0,0.0,0.0,0.0,0.0,0.0,0.0,0,0
0.0,0.0,0.0,0.0,0.0,0.0,0.0,0.0,0,0
0.0,0.0,0.0,0.0,0.0,0.0,0.0,0.0,0,0
0.0,0.0,0.0,0.0,0.0,0.0,0.0,0.0,0,0
0.0,0.0,0.0,0.0,0.0,0.0,0.0,0.0,0,0
0.0,0.0,0.0,0.0,0.0,0.0,0.0,0.0,0,0
0.0,0.0,0.0,0.0,0.0,0.0,0.0,0.0,0,0
0.0,0.0,0.0,0.0,0.0,0.0,0.0,0.0,0,0
0.0,0.0,0.0,0.0,0.0,0.0,0.0,0.0,0,0
0.0,0.0,0.0,0.0,0.0,0.0,0.0,0.0,0,0
0.0,0.0,0.0,0.0,0.0,0.0,0.0,0.0,0,0
0.0,0.0,0.0,0.0,0.0,0.0,0.0,0.0,0,0
0.0,0.0,0.0,0.0,0.0,0.0,0.0,0.0,0,0
0.0,0.0,0.0,0.0,0.0,0.0,0.0,0.0,0,0
0.0,0.0,0.0,0.0,0.0,0.0,0.0,0.0,0,0
0.0,0.0,0.0,0.0,0.0,0.0,0.0,0.0,0,0
0.0,0.0,0.0,0.0,0.0,0.0,0.0,0.0,0,0
0.0,0.0,0.0,0.0,0.0,0.0,0.0,0.0,0,0
0.0,0.0,0.0,0.0,0.0,0.0,0.0,0.0,0,0
0.0,0.0,0.0,0.0,0.0,0.0,0.0,0.0,0,0
0.0,0.0,0.0,0.0,0.0,0.0,0.0,0.0,0,0
0.0,0.0,0.0,0.0,0.0,0.0,0.0,0.0,0,0
0.0,0.0,0.0,0.0,0.0,0.0,0.0,0.0,0,0
0.0,0.0,0.0,0.0,0.0,0.0,0.0,0.0,0,0
0.0,0.0,0.0,0.0,0.0,0.0,0.0,0.0,0,0
0.0,0.0,0.0,0.0,0.0,0.0,0.0,0.0,0,0
0.0,0.0,0.0,0.0,0.0,0.0,0.0,0.0,0,0
0.0,0.0,0.0,0.0,0.0,0.0,0.0,0.0,0,0
0.0,0.0,0.0,0.0,0.0,0.0,0.0,0.0,0,0
0.0,0.0,0.0,0.0,0.0,0.0,0.0,0.0,0,0
0.0,0.0,0.0,0.0,0.0,0.0,0.0,0.0,0,0
0.0,0.0,0.0,0.0,0.0,0.0,0.0,0.0,0,0
0.0,0.0,0.0,0.0,0.0,0.0,0.0,0.0,0,0
0.0,0.0,0.0,0.0,0.0,0.0,0.0,0.0,0,0
0.0,0.0,0.0,0.0,0.0,0.0,0.0,0.0,0,0
0.0,0.0,0.0,0.0,0.0,0.0,0.0,0.0,0,0
0.0,0.0,0.0,0.0,0.0,0.0,0.0,0.0,0,0
0.0,0.0,0.0,0.0,0.0,0.0,0.0,0.0,0,0
0.0,0.0,0.0,0.0,0.0,0.0,0.0,0.0,0,0
0.0,0.0,0.0,0.0,0.0,0.0,0.0,0.0,0,0
0.0,0.0,0.0,0.0,0.0,0.0,0.0,0.0,0,0
0.0,0.0,0.0,0.0,0.0,0.0,0.0,0.0,0,0
0.0,0.0,0.0,0.0,0.0,0.0,0.0,0.0,0,0
0.0,0.0,0.0,0.0,0.0,0.0,0.0,0.0,0,0
0.0,0.0,0.0,0.0,0.0,0.0,0.0,0.0,0,0
0.0,0.0,0.0,0.0,0.0,0.0,0.0,0.0,0,0
0.0,0.0,0.0,0.0,0.0,0.0,0.0,0.0,0,0
0.0,0.0,0.0,0.0,0.0,0.0,0.0,0.0,0,0
0.0,0.0,0.0,0.0,0.0,0.0,0.0,0.0,0,0
0.0,0.0,0.0,0.0,0.0,0.0,0.0,0.0,0,0
0.0,0.0,0.0,0.0,0.0,0.0,0.0,0.0,0,0
0.0,0.0,0.0,0.0,0.0,0.0,0.0,0.0,0,0
0.0,0.0,0.0,0.0,0.0,0.0,0.0,0.0,0,0
0.0,0.0,0.0,0.0,0.0,0.0,0.0,0.0,0,0
0.0,0.0,0.0,0.0,0.0,0.0,0.0,0.0,0,0
0.0,0.0,0.0,0.0,0.0,0.0,0.0,0.0,0,0
0.0,0.0,0.0,0.0,0.0,0.0,0.0,0.0,0,0
0.0,0.0,0.0,0.0,0.0,0.0,0.0,0.0,0,0
0.0,0.0,0.0,0.0,0.0,0.0,0.0,0.0,0,0
0.0,0.0,0.0,0.0,0.0,0.0,0.0,0.0,0,0
0.0,0.0,0.0,0.0,0.0,0.0,0.0,0.0,0,0
0.0,0.0,0.0,0.0,0.0,0.0,0.0,0.0,0,0
0.0,0.0,0.0,0.0,0.0,0.0,0.0,0.0,0,0
0.0,0.0,0.0,0.0,0.0,0.0,0.0,0.0,0,0
0.0,0.0,0.0,0.0,0.0,0.0,0.0,0.0,0,0
0.0,0.0,0.0,0.0,0.0,0.0,0.0,0.0,0,0
0.0,0.0,0.0,0.0,0.0,0.0,0.0,0.0,0,0
0.0,0.0,0.0,0.0,0.0,0.0,0.0,0.0,0,0
0.0,0.0,0.0,0.0,0.0,0.0,0.0,0.0,0,0
-448617.88948668743,10000.000000000002,396.82539682539675,-459014.7148835128,25000000.0,24999999.999999996,50000000.0,49999999.99999999,43,43
348801.32704945863,20000.0,396.82539682539687,328404.50165263325,24999999.999999996,25000000.000000004,50000000.0,67100104.52156796,43,43
0.0,9999.999999999996,0.0,-9999.999999999996,0.0,0.0,0.0,50000000.0,0,0
0.0,0.0,0.0,0.0,0.0,0.0,0.0,0.0,0,0
0.0,0.0,0.0,0.0,0.0,0.0,0.0,0.0,0,0
0.0,0.0,0.0,0.0,0.0,0.0,0.0,0.0,0,0
182643.34967350424,9999.999999999998,396.8253968253968,172246.52427667886,25000000.0,25000000.0,50000000.0,50000000.0,44,44
0.0,9999.999999999998,0.0,-9999.999999999998,0.0,0.0,0.0,50000000.0,0,0
0.0,0.0,0.0,0.0,0.0,0.0,0.0,0.0,0,0
0.0,0.0,0.0,0.0,0.0,0.0,0.0,0.0,0,0
0.0,0.0,0.0,0.0,0.0,0.0,0.0,0.0,0,0
0.0,0.0,0.0,0.0,0.0,0.0,0.0,0.0,0,0
0.0,0.0,0.0,0.0,0.0,0.0,0.0,0.0,0,0
0.0,0.0,0.0,0.0,0.0,0.0,0.0,0.0,0,0
0.0,0.0,0.0,0.0,0.0,0.0,0.0,0.0,0,0
0.0,0.0,0.0,0.0,0.0,0.0,0.0,0.0,0,0
0.0,0.0,0.0,0.0,0.0,0.0,0.0,0.0,0,0
0.0,0.0,0.0,0.0,0.0,0.0,0.0,0.0,0,0
0.0,0.0,0.0,0.0,0.0,0.0,0.0,0.0,0,0
0.0,0.0,0.0,0.0,0.0,0.0,0.0,0.0,0,0
0.0,0.0,0.0,0.0,0.0,0.0,0.0,0.0,0,0
0.0,0.0,0.0,0.0,0.0,0.0,0.0,0.0,0,0
0.0,0.0,0.0,0.0,0.0,0.0,0.0,0.0,0,0
0.0,0.0,0.0,0.0,0.0,0.0,0.0,0.0,0,0
0.0,0.0,0.0,0.0,0.0,0.0,0.0,0.0,0,0
0.0,0.0,0.0,0.0,0.0,0.0,0.0,0.0,0,0
0.0,0.0,0.0,0.0,0.0,0.0,0.0,0.0,0,0
170997.00825936647,9999.999999999998,396.8253968253968,160600.18286254109,24999999.999999996,25000000.0,50000000.0,50000000.0,43,43
0.0,9999.999999999998,0.0,-9999.999999999998,0.0,0.0,0.0,50000000.0,0,0
0.0,0.0,0.0,0.0,0.0,0.0,0.0,0.0,0,0
0.0,0.0,0.0,0.0,0.0,0.0,0.0,0.0,0,0
0.0,0.0,0.0,0.0,0.0,0.0,0.0,0.0,0,0
0.0,0.0,0.0,0.0,0.0,0.0,0.0,0.0,0,0
0.0,0.0,0.0,0.0,0.0,0.0,0.0,0.0,0,0
0.0,0.0,0.0,0.0,0.0,0.0,0.0,0.0,0,0
0.0,0.0,0.0,0.0,0.0,0.0,0.0,0.0,0,0
0.0,0.0,0.0,0.0,0.0,0.0,0.0,0.0,0,0
0.0,0.0,0.0,0.0,0.0,0.0,0.0,0.0,0,0
0.0,0.0,0.0,0.0,0.0,0.0,0.0,0.0,0,0
0.0,0.0,0.0,0.0,0.0,0.0,0.0,0.0,0,0
185719.50792210546,10000.0,396.8253968253967,175322.68252528008,25000000.000000004,24999999.999999996,50000000.0,50000000.0,45,45
0.0,10000.0,0.0,-10000.0,0.0,0.0,0.0,50000000.0,0,0
-50435.642702893456,9999.999999999998,396.8253968253968,-60832.468099718855,25000000.0,24999999.999999996,50000000.0,50000000.0,45,45
196431.61210853572,20000.000000000015,396.82539682539675,176034.78671171033,25000000.000000004,25000000.0,50000000.0,67926011.7683197,44,44
0.0,9999.999999999998,0.0,-9999.999999999998,0.0,0.0,0.0,50000000.0,0,0
190521.1893327788,10000.000000000002,396.82539682539675,180124.3639359534,25000000.0,25000000.000000004,50000000.0,50000000.0,44,44
0.0,10000.000000000002,0.0,-10000.000000000002,0.0,0.0,0.0,50000000.0,0,0
56148.68401739401,10000.0,396.82539682539675,45751.85862056861,24999999.999999996,25000000.0,50000000.0,49999999.99999999,43,43
0.0,10000.0,0.0,-10000.0,0.0,0.0,0.0,49999999.99999999,0,0
0.0,0.0,0.0,0.0,0.0,0.0,0.0,0.0,0,0
0.0,0.0,0.0,0.0,0.0,0.0,0.0,0.0,0,0
0.0,0.0,0.0,0.0,0.0,0.0,0.0,0.0,0,0
0.0,0.0,0.0,0.0,0.0,0.0,0.0,0.0,0,0
287412.48024103744,10000.000000000002,396.82539682539687,277015.65484421205,24999999.999999996,25000000.0,50000000.0,49999999.99999999,37,37
0.0,10000.000000000002,0.0,-10000.000000000002,0.0,0.0,0.0,49999999.99999999,0,0
0.0,0.0,0.0,0.0,0.0,0.0,0.0,0.0,0,0
0.0,0.0,0.0,0.0,0.0,0.0,0.0,0.0,0,0
0.0,0.0,0.0,0.0,0.0,0.0,0.0,0.0,0,0
0.0,0.0,0.0,0.0,0.0,0.0,0.0,0.0,0,0
0.0,0.0,0.0,0.0,0.0,0.0,0.0,0.0,0,0
0.0,0.0,0.0,0.0,0.0,0.0,0.0,0.0,0,0
0.0,0.0,0.0,0.0,0.0,0.0,0.0,0.0,0,0
0.0,0.0,0.0,0.0,0.0,0.0,0.0,0.0,0,0
0.0,0.0,0.0,0.0,0.0,0.0,0.0,0.0,0,0
0.0,0.0,0.0,0.0,0.0,0.0,0.0,0.0,0,0
0.0,0.0,0.0,0.0,0.0,0.0,0.0,0.0,0,0
0.0,0.0,0.0,0.0,0.0,0.0,0.0,0.0,0,0
0.0,0.0,0.0,0.0,0.0,0.0,0.0,0.0,0,0
0.0,0.0,0.0,0.0,0.0,0.0,0.0,0.0,0,0
0.0,0.0,0.0,0.0,0.0,0.0,0.0,0.0,0,0
-71605.56863805455,10000.0,396.8253968253969,-82002.39403487995,24999999.999999996,25000000.000000004,50000000.0,50000000.0,42,42
0.0,10000.0,0.0,-10000.0,0.0,0.0,0.0,50000000.0,0,0
0.0,0.0,0.0,0.0,0.0,0.0,0.0,0.0,0,0
0.0,0.0,0.0,0.0,0.0,0.0,0.0,0.0,0,0
0.0,0.0,0.0,0.0,0.0,0.0,0.0,0.0,0,0
0.0,0.0,0.0,0.0,0.0,0.0,0.0,0.0,0,0
0.0,0.0,0.0,0.0,0.0,0.0,0.0,0.0,0,0
0.0,0.0,0.0,0.0,0.0,0.0,0.0,0.0,0,0
0.0,0.0,0.0,0.0,0.0,0.0,0.0,0.0,0,0
0.0,0.0,0.0,0.0,0.0,0.0,0.0,0.0,0,0
0.0,0.0,0.0,0.0,0.0,0.0,0.0,0.0,0,0
0.0,0.0,0.0,0.0,0.0,0.0,0.0,0.0,0,0
0.0,0.0,0.0,0.0,0.0,0.0,0.0,0.0,0,0
0.0,0.0,0.0,0.0,0.0,0.0,0.0,0.0,0,0
0.0,0.0,0.0,0.0,0.0,0.0,0.0,0.0,0,0
0.0,0.0,0.0,0.0,0.0,0.0,0.0,0.0,0,0
0.0,0.0,0.0,0.0,0.0,0.0,0.0,0.0,0,0
0.0,0.0,0.0,0.0,0.0,0.0,0.0,0.0,0,0
0.0,0.0,0.0,0.0,0.0,0.0,0.0,0.0,0,0
0.0,0.0,0.0,0.0,0.0,0.0,0.0,0.0,0,0
0.0,0.0,0.0,0.0,0.0,0.0,0.0,0.0,0,0
252809.43114640418,10000.000000000002,396.8253968253968,242412.6057495788,25000000.000000004,25000000.0,50000000.0,50000000.00000001,44,44
0.0,10000.000000000002,0.0,-10000.000000000002,0.0,0.0,0.0,50000000.00000001,0,0
0.0,0.0,0.0,0.0,0.0,0.0,0.0,0.0,0,0
0.0,0.0,0.0,0.0,0.0,0.0,0.0,0.0,0,0
0.0,0.0,0.0,0.0,0.0,0.0,0.0,0.0,0,0
0.0,0.0,0.0,0.0,0.0,0.0,0.0,0.0,0,0
0.0,0.0,0.0,0.0,0.0,0.0,0.0,0.0,0,0
0.0,0.0,0.0,0.0,0.0,0.0,0.0,0.0,0,0
0.0,0.0,0.0,0.0,0.0,0.0,0.0,0.0,0,0
0.0,0.0,0.0,0.0,0.0,0.0,0.0,0.0,0,0
0.0,0.0,0.0,0.0,0.0,0.0,0.0,0.0,0,0
0.0,0.0,0.0,0.0,0.0,0.0,0.0,0.0,0,0
0.0,0.0,0.0,0.0,0.0,0.0,0.0,0.0,0,0
0.0,0.0,0.0,0.0,0.0,0.0,0.0,0.0,0,0
0.0,0.0,0.0,0.0,0.0,0.0,0.0,0.0,0,0
0.0,0.0,0.0,0.0,0.0,0.0,0.0,0.0,0,0
0.0,0.0,0.0,0.0,0.0,0.0,0.0,0.0,0,0
0.0,0.0,0.0,0.0,0.0,0.0,0.0,0.0,0,0
0.0,0.0,0.0,0.0,0.0,0.0,0.0,0.0,0,0
0.0,0.0,0.0,0.0,0.0,0.0,0.0,0.0,0,0
0.0,0.0,0.0,0.0,0.0,0.0,0.0,0.0,0,0
0.0,0.0,0.0,0.0,0.0,0.0,0.0,0.0,0,0
0.0,0.0,0.0,0.0,0.0,0.0,0.0,0.0,0,0
0.0,0.0,0.0,0.0,0.0,0.0,0.0,0.0,0,0
0.0,0.0,0.0,0.0,0.0,0.0,0.0,0.0,0,0
0.0,0.0,0.0,0.0,0.0,0.0,0.0,0.0,0,0
0.0,0.0,0.0,0.0,0.0,0.0,0.0,0.0,0,0
0.0,0.0,0.0,0.0,0.0,0.0,0.0,0.0,0,0
0.0,0.0,0.0,0.0,0.0,0.0,0.0,0.0,0,0
0.0,0.0,0.0,0.0,0.0,0.0,0.0,0.0,0,0
0.0,0.0,0.0,0.0,0.0,0.0,0.0,0.0,0,0
0.0,0.0,0.0,0.0,0.0,0.0,0.0,0.0,0,0
0.0,0.0,0.0,0.0,0.0,0.0,0.0,0.0,0,0
0.0,0.0,0.0,0.0,0.0,0.0,0.0,0.0,0,0
0.0,0.0,0.0,0.0,0.0,0.0,0.0,0.0,0,0
0.0,0.0,0.0,0.0,0.0,0.0,0.0,0.0,0,0
0.0,0.0,0.0,0.0,0.0,0.0,0.0,0.0,0,0
0.0,0.0,0.0,0.0,0.0,0.0,0.0,0.0,0,0
0.0,0.0,0.0,0.0,0.0,0.0,0.0,0.0,0,0
0.0,0.0,0.0,0.0,0.0,0.0,0.0,0.0,0,0
0.0,0.0,0.0,0.0,0.0,0.0,0.0,0.0,0,0
0.0,0.0,0.0,0.0,0.0,0.0,0.0,0.0,0,0
0.0,0.0,0.0,0.0,0.0,0.0,0.0,0.0,0,0
0.0,0.0,0.0,0.0,0.0,0.0,0.0,0.0,0,0
0.0,0.0,0.0,0.0,0.0,0.0,0.0,0.0,0,0
0.0,0.0,0.0,0.0,0.0,0.0,0.0,0.0,0,0
0.0,0.0,0.0,0.0,0.0,0.0,0.0,0.0,0,0
0.0,0.0,0.0,0.0,0.0,0.0,0.0,0.0,0,0
375597.54518038,9999.999999999998,396.8253968253967,365200.7197835546,25000000.0,24999999.999999996,50000000.0,50000000.0,44,44
-242043.4874941866,20220.37514949138,396.82539682539687,-262660.68804050336,24999999.999999993,24999999.999999996,49999999.999999985,79486729.58824204,45,45
537494.7604444233,20220.375149491378,396.82539682539687,516877.55989810656,25000000.0,24999999.999999996,50000000.0,82787287.36052646,44,44
50241.940421114654,20605.24132343145,396.8253968253968,29239.873700857806,25000000.000000004,25000000.000000004,50000000.00000001,85284728.10580526,44,44
-81039.83260844965,20780.14188947331,396.82539682539687,-102216.79989474836,24999999.999999996,25000000.0,50000000.0,79570953.46092163,44,44
5862.840994413611,20129.439625672592,396.82539682539687,-14663.424028084379,24999999.999999996,25000000.0,50000000.0,76969664.95236021,44,44
70655.77824621936,20437.20499262652,396.82539682539675,49821.74785676744,25000000.000000004,25000000.0,50000000.0,87919106.9938939,44,44
-52125.994479487206,20241.24006797435,396.82539682539675,-72764.05994428696,25000000.0,24999999.999999996,50000000.0,63267665.34173315,44,44
0.0,9999.999999999998,0.0,-9999.999999999998,0.0,0.0,0.0,50000000.0,0,0
0.0,0.0,0.0,0.0,0.0,0.0,0.0,0.0,0,0
0.0,0.0,0.0,0.0,0.0,0.0,0.0,0.0,0,0
0.0,0.0,0.0,0.0,0.0,0.0,0.0,0.0,0,0
-60234.238769379044,10000.000000000007,396.82539682539687,-70631.06416620445,25000000.0,25000000.000000004,50000000.0,50000000.00000001,45,45
0.0,10000.000000000007,0.0,-10000.000000000007,0.0,0.0,0.0,50000000.00000001,0,0
0.0,0.0,0.0,0.0,0.0,0.0,0.0,0.0,0,0
-390126.3112418106,10000.000000000002,396.82539682539675,-400523.136638636,25000000.0,25000000.0,50000000.0,50000000.0,45,45
352973.07566182176,20058.71889266615,396.8253968253967,332517.5313723302,25000000.0,24999999.999999996,50000000.0,65199946.85890909,45,45
0.0,9999.999999999995,0.0,-9999.999999999995,0.0,0.0,0.0,49999999.99999999,0,0
0.0,0.0,0.0,0.0,0.0,0.0,0.0,0.0,0,0
0.0,0.0,0.0,0.0,0.0,0.0,0.0,0.0,0,0
0.0,0.0,0.0,0.0,0.0,0.0,0.0,0.0,0,0
0.0,0.0,0.0,0.0,0.0,0.0,0.0,0.0,0,0
0.0,0.0,0.0,0.0,0.0,0.0,0.0,0.0,0,0
0.0,0.0,0.0,0.0,0.0,0.0,0.0,0.0,0,0
0.0,0.0,0.0,0.0,0.0,0.0,0.0,0.0,0,0
0.0,0.0,0.0,0.0,0.0,0.0,0.0,0.0,0,0
0.0,0.0,0.0,0.0,0.0,0.0,0.0,0.0,0,0
0.0,0.0,0.0,0.0,0.0,0.0,0.0,0.0,0,0
0.0,0.0,0.0,0.0,0.0,0.0,0.0,0.0,0,0
0.0,0.0,0.0,0.0,0.0,0.0,0.0,0.0,0,0
-59246.393239510915,10000.0,396.8253968253967,-69643.21863633631,25000000.0,24999999.999999996,50000000.0,50000000.0,46,46
0.0,10000.0,0.0,-10000.0,0.0,0.0,0.0,50000000.0,0,0
0.0,0.0,0.0,0.0,0.0,0.0,0.0,0.0,0,0
0.0,0.0,0.0,0.0,0.0,0.0,0.0,0.0,0,0
0.0,0.0,0.0,0.0,0.0,0.0,0.0,0.0,0,0
0.0,0.0,0.0,0.0,0.0,0.0,0.0,0.0,0,0
0.0,0.0,0.0,0.0,0.0,0.0,0.0,0.0,0,0
0.0,0.0,0.0,0.0,0.0,0.0,0.0,0.0,0,0
0.0,0.0,0.0,0.0,0.0,0.0,0.0,0.0,0,0
0.0,0.0,0.0,0.0,0.0,0.0,0.0,0.0,0,0
0.0,0.0,0.0,0.0,0.0,0.0,0.0,0.0,0,0
0.0,0.0,0.0,0.0,0.0,0.0,0.0,0.0,0,0
0.0,0.0,0.0,0.0,0.0,0.0,0.0,0.0,0,0
0.0,0.0,0.0,0.0,0.0,0.0,0.0,0.0,0,0
0.0,0.0,0.0,0.0,0.0,0.0,0.0,0.0,0,0
0.0,0.0,0.0,0.0,0.0,0.0,0.0,0.0,0,0
0.0,0.0,0.0,0.0,0.0,0.0,0.0,0.0,0,0
0.0,0.0,0.0,0.0,0.0,0.0,0.0,0.0,0,0
0.0,0.0,0.0,0.0,0.0,0.0,0.0,0.0,0,0
0.0,0.0,0.0,0.0,0.0,0.0,0.0,0.0,0,0
0.0,0.0,0.0,0.0,0.0,0.0,0.0,0.0,0,0
0.0,0.0,0.0,0.0,0.0,0.0,0.0,0.0,0,0
0.0,0.0,0.0,0.0,0.0,0.0,0.0,0.0,0,0
0.0,0.0,0.0,0.0,0.0,0.0,0.0,0.0,0,0
0.0,0.0,0.0,0.0,0.0,0.0,0.0,0.0,0,0
0.0,0.0,0.0,0.0,0.0,0.0,0.0,0.0,0,0
0.0,0.0,0.0,0.0,0.0,0.0,0.0,0.0,0,0
0.0,0.0,0.0,0.0,0.0,0.0,0.0,0.0,0,0
0.0,0.0,0.0,0.0,0.0,0.0,0.0,0.0,0,0
0.0,0.0,0.0,0.0,0.0,0.0,0.0,0.0,0,0
0.0,0.0,0.0,0.0,0.0,0.0,0.0,0.0,0,0
0.0,0.0,0.0,0.0,0.0,0.0,0.0,0.0,0,0
0.0,0.0,0.0,0.0,0.0,0.0,0.0,0.0,0,0
0.0,0.0,0.0,0.0,0.0,0.0,0.0,0.0,0,0
0.0,0.0,0.0,0.0,0.0,0.0,0.0,0.0,0,0
0.0,0.0,0.0,0.0,0.0,0.0,0.0,0.0,0,0
0.0,0.0,0.0,0.0,0.0,0.0,0.0,0.0,0,0
0.0,0.0,0.0,0.0,0.0,0.0,0.0,0.0,0,0
0.0,0.0,0.0,0.0,0.0,0.0,0.0,0.0,0,0
0.0,0.0,0.0,0.0,0.0,0.0,0.0,0.0,0,0
0.0,0.0,0.0,0.0,0.0,0.0,0.0,0.0,0,0
0.0,0.0,0.0,0.0,0.0,0.0,0.0,0.0,0,0
0.0,0.0,0.0,0.0,0.0,0.0,0.0,0.0,0,0
0.0,0.0,0.0,0.0,0.0,0.0,0.0,0.0,0,0
0.0,0.0,0.0,0.0,0.0,0.0,0.0,0.0,0,0
0.0,0.0,0.0,0.0,0.0,0.0,0.0,0.0,0,0
0.0,0.0,0.0,0.0,0.0,0.0,0.0,0.0,0,0
0.0,0.0,0.0,0.0,0.0,0.0,0.0,0.0,0,0
0.0,0.0,0.0,0.0,0.0,0.0,0.0,0.0,0,0
0.0,0.0,0.0,0.0,0.0,0.0,0.0,0.0,0,0
0.0,0.0,0.0,0.0,0.0,0.0,0.0,0.0,0,0
0.0,0.0,0.0,0.0,0.0,0.0,0.0,0.0,0,0
0.0,0.0,0.0,0.0,0.0,0.0,0.0,0.0,0,0
0.0,0.0,0.0,0.0,0.0,0.0,0.0,0.0,0,0
0.0,0.0,0.0,0.0,0.0,0.0,0.0,0.0,0,0
0.0,0.0,0.0,0.0,0.0,0.0,0.0,0.0,0,0
0.0,0.0,0.0,0.0,0.0,0.0,0.0,0.0,0,0
0.0,0.0,0.0,0.0,0.0,0.0,0.0,0.0,0,0
0.0,0.0,0.0,0.0,0.0,0.0,0.0,0.0,0,0
0.0,0.0,0.0,0.0,0.0,0.0,0.0,0.0,0,0
0.0,0.0,0.0,0.0,0.0,0.0,0.0,0.0,0,0
0.0,0.0,0.0,0.0,0.0,0.0,0.0,0.0,0,0
0.0,0.0,0.0,0.0,0.0,0.0,0.0,0.0,0,0
0.0,0.0,0.0,0.0,0.0,0.0,0.0,0.0,0,0
0.0,0.0,0.0,0.0,0.0,0.0,0.0,0.0,0,0
0.0,0.0,0.0,0.0,0.0,0.0,0.0,0.0,0,0
0.0,0.0,0.0,0.0,0.0,0.0,0.0,0.0,0,0
0.0,0.0,0.0,0.0,0.0,0.0,0.0,0.0,0,0
0.0,0.0,0.0,0.0,0.0,0.0,0.0,0.0,0,0
0.0,0.0,0.0,0.0,0.0,0.0,0.0,0.0,0,0
0.0,0.0,0.0,0.0,0.0,0.0,0.0,0.0,0,0
0.0,0.0,0.0,0.0,0.0,0.0,0.0,0.0,0,0
0.0,0.0,0.0,0.0,0.0,0.0,0.0,0.0,0,0
0.0,0.0,0.0,0.0,0.0,0.0,0.0,0.0,0,0
0.0,0.0,0.0,0.0,0.0,0.0,0.0,0.0,0,0
0.0,0.0,0.0,0.0,0.0,0.0,0.0,0.0,0,0
0.0,0.0,0.0,0.0,0.0,0.0,0.0,0.0,0,0
0.0,0.0,0.0,0.0,0.0,0.0,0.0,0.0,0,0
0.0,0.0,0.0,0.0,0.0,0.0,0.0,0.0,0,0
0.0,0.0,0.0,0.0,0.0,0.0,0.0,0.0,0,0
0.0,0.0,0.0,0.0,0.0,0.0,0.0,0.0,0,0
0.0,0.0,0.0,0.0,0.0,0.0,0.0,0.0,0,0
0.0,0.0,0.0,0.0,0.0,0.0,0.0,0.0,0,0
0.0,0.0,0.0,0.0,0.0,0.0,0.0,0.0,0,0
0.0,0.0,0.0,0.0,0.0,0.0,0.0,0.0,0,0
0.0,0.0,0.0,0.0,0.0,0.0,0.0,0.0,0,0
0.0,0.0,0.0,0.0,0.0,0.0,0.0,0.0,0,0
0.0,0.0,0.0,0.0,0.0,0.0,0.0,0.0,0,0
0.0,0.0,0.0,0.0,0.0,0.0,0.0,0.0,0,0
0.0,0.0,0.0,0.0,0.0,0.0,0.0,0.0,0,0
0.0,0.0,0.0,0.0,0.0,0.0,0.0,0.0,0,0
0.0,0.0,0.0,0.0,0.0,0.0,0.0,0.0,0,0
0.0,0.0,0.0,0.0,0.0,0.0,0.0,0.0,0,0
0.0,0.0,0.0,0.0,0.0,0.0,0.0,0.0,0,0
0.0,0.0,0.0,0.0,0.0,0.0,0.0,0.0,0,0
0.0,0.0,0.0,0.0,0.0,0.0,0.0,0.0,0,0
0.0,0.0,0.0,0.0,0.0,0.0,0.0,0.0,0,0
0.0,0.0,0.0,0.0,0.0,0.0,0.0,0.0,0,0
0.0,0.0,0.0,0.0,0.0,0.0,0.0,0.0,0,0
0.0,0.0,0.0,0.0,0.0,0.0,0.0,0.0,0,0
0.0,0.0,0.0,0.0,0.0,0.0,0.0,0.0,0,0
0.0,0.0,0.0,0.0,0.0,0.0,0.0,0.0,0,0
0.0,0.0,0.0,0.0,0.0,0.0,0.0,0.0,0,0
0.0,0.0,0.0,0.0,0.0,0.0,0.0,0.0,0,0
0.0,0.0,0.0,0.0,0.0,0.0,0.0,0.0,0,0
0.0,0.0,0.0,0.0,0.0,0.0,0.0,0.0,0,0
0.0,0.0,0.0,0.0,0.0,0.0,0.0,0.0,0,0
0.0,0.0,0.0,0.0,0.0,0.0,0.0,0.0,0,0
0.0,0.0,0.0,0.0,0.0,0.0,0.0,0.0,0,0
0.0,0.0,0.0,0.0,0.0,0.0,0.0,0.0,0,0
0.0,0.0,0.0,0.0,0.0,0.0,0.0,0.0,0,0
0.0,0.0,0.0,0.0,0.0,0.0,0.0,0.0,0,0
0.0,0.0,0.0,0.0,0.0,0.0,0.0,0.0,0,0
0.0,0.0,0.0,0.0,0.0,0.0,0.0,0.0,0,0
0.0,0.0,0.0,0.0,0.0,0.0,0.0,0.0,0,0
0.0,0.0,0.0,0.0,0.0,0.0,0.0,0.0,0,0
0.0,0.0,0.0,0.0,0.0,0.0,0.0,0.0,0,0
0.0,0.0,0.0,0.0,0.0,0.0,0.0,0.0,0,0
0.0,0.0,0.0,0.0,0.0,0.0,0.0,0.0,0,0
0.0,0.0,0.0,0.0,0.0,0.0,0.0,0.0,0,0
0.0,0.0,0.0,0.0,0.0,0.0,0.0,0.0,0,0
0.0,0.0,0.0,0.0,0.0,0.0,0.0,0.0,0,0
0.0,0.0,0.0,0.0,0.0,0.0,0.0,0.0,0,0
0.0,0.0,0.0,0.0,0.0,0.0,0.0,0.0,0,0
0.0,0.0,0.0,0.0,0.0,0.0,0.0,0.0,0,0
0.0,0.0,0.0,0.0,0.0,0.0,0.0,0.0,0,0
0.0,0.0,0.0,0.0,0.0,0.0,0.0,0.0,0,0
0.0,0.0,0.0,0.0,0.0,0.0,0.0,0.0,0,0
0.0,0.0,0.0,0.0,0.0,0.0,0.0,0.0,0,0
0.0,0.0,0.0,0.0,0.0,0.0,0.0,0.0,0,0
0.0,0.0,0.0,0.0,0.0,0.0,0.0,0.0,0,0
0.0,0.0,0.0,0.0,0.0,0.0,0.0,0.0,0,0
0.0,0.0,0.0,0.0,0.0,0.0,0.0,0.0,0,0
0.0,0.0,0.0,0.0,0.0,0.0,0.0,0.0,0,0
0.0,0.0,0.0,0.0,0.0,0.0,0.0,0.0,0,0
0.0,0.0,0.0,0.0,0.0,0.0,0.0,0.0,0,0
0.0,0.0,0.0,0.0,0.0,0.0,0.0,0.0,0,0
0.0,0.0,0.0,0.0,0.0,0.0,0.0,0.0,0,0
0.0,0.0,0.0,0.0,0.0,0.0,0.0,0.0,0,0
0.0,0.0,0.0,0.0,0.0,0.0,0.0,0.0,0,0
0.0,0.0,0.0,0.0,0.0,0.0,0.0,0.0,0,0
0.0,0.0,0.0,0.0,0.0,0.0,0.0,0.0,0,0
0.0,0.0,0.0,0.0,0.0,0.0,0.0,0.0,0,0
0.0,0.0,0.0,0.0,0.0,0.0,0.0,0.0,0,0
0.0,0.0,0.0,0.0,0.0,0.0,0.0,0.0,0,0
0.0,0.0,0.0,0.0,0.0,0.0,0.0,0.0,0,0
0.0,0.0,0.0,0.0,0.0,0.0,0.0,0.0,0,0
0.0,0.0,0.0,0.0,0.0,0.0,0.0,0.0,0,0
0.0,0.0,0.0,0.0,0.0,0.0,0.0,0.0,0,0
0.0,0.0,0.0,0.0,0.0,0.0,0.0,0.0,0,0
0.0,0.0,0.0,0.0,0.0,0.0,0.0,0.0,0,0
0.0,0.0,0.0,0.0,0.0,0.0,0.0,0.0,0,0
0.0,0.0,0.0,0.0,0.0,0.0,0.0,0.0,0,0
0.0,0.0,0.0,0.0,0.0,0.0,0.0,0.0,0,0
0.0,0.0,0.0,0.0,0.0,0.0,0.0,0.0,0,0
0.0,0.0,0.0,0.0,0.0,0.0,0.0,0.0,0,0
0.0,0.0,0.0,0.0,0.0,0.0,0.0,0.0,0,0
0.0,0.0,0.0,0.0,0.0,0.0,0.0,0.0,0,0
0.0,0.0,0.0,0.0,0.0,0.0,0.0,0.0,0,0
0.0,0.0,0.0,0.0,0.0,0.0,0.0,0.0,0,0
0.0,0.0,0.0,0.0,0.0,0.0,0.0,0.0,0,0
0.0,0.0,0.0,0.0,0.0,0.0,0.0,0.0,0,0
0.0,0.0,0.0,0.0,0.0,0.0,0.0,0.0,0,0
0.0,0.0,0.0,0.0,0.0,0.0,0.0,0.0,0,0
0.0,0.0,0.0,0.0,0.0,0.0,0.0,0.0,0,0
0.0,0.0,0.0,0.0,0.0,0.0,0.0,0.0,0,0
0.0,0.0,0.0,0.0,0.0,0.0,0.0,0.0,0,0
0.0,0.0,0.0,0.0,0.0,0.0,0.0,0.0,0,0
0.0,0.0,0.0,0.0,0.0,0.0,0.0,0.0,0,0
0.0,0.0,0.0,0.0,0.0,0.0,0.0,0.0,0,0
0.0,0.0,0.0,0.0,0.0,0.0,0.0,0.0,0,0
0.0,0.0,0.0,0.0,0.0,0.0,0.0,0.0,0,0
0.0,0.0,0.0,0.0,0.0,0.0,0.0,0.0,0,0
0.0,0.0,0.0,0.0,0.0,0.0,0.0,0.0,0,0
0.0,0.0,0.0,0.0,0.0,0.0,0.0,0.0,0,0
0.0,0.0,0.0,0.0,0.0,0.0,0.0,0.0,0,0
0.0,0.0,0.0,0.0,0.0,0.0,0.0,0.0,0,0
0.0,0.0,0.0,0.0,0.0,0.0,0.0,0.0,0,0
0.0,0.0,0.0,0.0,0.0,0.0,0.0,0.0,0,0
0.0,0.0,0.0,0.0,0.0,0.0,0.0,0.0,0,0
0.0,0.0,0.0,0.0,0.0,0.0,0.0,0.0,0,0
0.0,0.0,0.0,0.0,0.0,0.0,0.0,0.0,0,0
0.0,0.0,0.0,0.0,0.0,0.0,0.0,0.0,0,0
0.0,0.0,0.0,0.0,0.0,0.0,0.0,0.0,0,0
0.0,0.0,0.0,0.0,0.0,0.0,0.0,0.0,0,0
0.0,0.0,0.0,0.0,0.0,0.0,0.0,0.0,0,0
0.0,0.0,0.0,0.0,0.0,0.0,0.0,0.0,0,0
0.0,0.0,0.0,0.0,0.0,0.0,0.0,0.0,0,0
0.0,0.0,0.0,0.0,0.0,0.0,0.0,0.0,0,0
0.0,0.0,0.0,0.0,0.0,0.0,0.0,0.0,0,0
0.0,0.0,0.0,0.0,0.0,0.0,0.0,0.0,0,0
0.0,0.0,0.0,0.0,0.0,0.0,0.0,0.0,0,0
0.0,0.0,0.0,0.0,0.0,0.0,0.0,0.0,0,0
0.0,0.0,0.0,0.0,0.0,0.0,0.0,0.0,0,0
0.0,0.0,0.0,0.0,0.0,0.0,0.0,0.0,0,0
0.0,0.0,0.0,0.0,0.0,0.0,0.0,0.0,0,0
0.0,0.0,0.0,0.0,0.0,0.0,0.0,0.0,0,0
0.0,0.0,0.0,0.0,0.0,0.0,0.0,0.0,0,0
0.0,0.0,0.0,0.0,0.0,0.0,0.0,0.0,0,0
0.0,0.0,0.0,0.0,0.0,0.0,0.0,0.0,0,0
0.0,0.0,0.0,0.0,0.0,0.0,0.0,0.0,0,0
0.0,0.0,0.0,0.0,0.0,0.0,0.0,0.0,0,0
0.0,0.0,0.0,0.0,0.0,0.0,0.0,0.0,0,0
0.0,0.0,0.0,0.0,0.0,0.0,0.0,0.0,0,0
0.0,0.0,0.0,0.0,0.0,0.0,0.0,0.0,0,0
0.0,0.0,0.0,0.0,0.0,0.0,0.0,0.0,0,0
0.0,0.0,0.0,0.0,0.0,0.0,0.0,0.0,0,0
0.0,0.0,0.0,0.0,0.0,0.0,0.0,0.0,0,0
0.0,0.0,0.0,0.0,0.0,0.0,0.0,0.0,0,0
0.0,0.0,0.0,0.0,0.0,0.0,0.0,0.0,0,0
0.0,0.0,0.0,0.0,0.0,0.0,0.0,0.0,0,0
36838.634887398795,10000.000000000002,396.8253968253969,26441.8094905734,25000000.0,25000000.0,50000000.0,50000000.0,42,42
90110.41134550667,22145.275190416305,396.82539682539687,67568.31075826497,24999999.999999996,25000000.000000004,50000000.0,96514265.14977805,43,43
0.0,9999.999999999998,0.0,-9999.999999999998,0.0,0.0,0.0,50000000.0,0,0
0.0,0.0,0.0,0.0,0.0,0.0,0.0,0.0,0,0
414223.968828825,9999.999999999996,396.8253968253968,403827.1434319996,25000000.000000004,24999999.999999996,50000000.0,50000000.0,44,44
0.0,9999.999999999996,0.0,-9999.999999999996,0.0,0.0,0.0,50000000.0,0,0
125367.09231188317,9999.999999999995,396.82539682539675,114970.26691505777,24999999.999999996,24999999.999999993,49999999.999999985,49999999.999999985,43,43
0.0,9999.999999999995,0.0,-9999.999999999995,0.0,0.0,0.0,49999999.999999985,0,0
0.0,0.0,0.0,0.0,0.0,0.0,0.0,0.0,0,0
0.0,0.0,0.0,0.0,0.0,0.0,0.0,0.0,0,0
0.0,0.0,0.0,0.0,0.0,0.0,0.0,0.0,0,0
0.0,0.0,0.0,0.0,0.0,0.0,0.0,0.0,0,0
0.0,0.0,0.0,0.0,0.0,0.0,0.0,0.0,0,0
0.0,0.0,0.0,0.0,0.0,0.0,0.0,0.0,0,0
0.0,0.0,0.0,0.0,0.0,0.0,0.0,0.0,0,0
0.0,0.0,0.0,0.0,0.0,0.0,0.0,0.0,0,0
0.0,0.0,0.0,0.0,0.0,0.0,0.0,0.0,0,0
0.0,0.0,0.0,0.0,0.0,0.0,0.0,0.0,0,0
0.0,0.0,0.0,0.0,0.0,0.0,0.0,0.0,0,0
0.0,0.0,0.0,0.0,0.0,0.0,0.0,0.0,0,0
0.0,0.0,0.0,0.0,0.0,0.0,0.0,0.0,0,0
0.0,0.0,0.0,0.0,0.0,0.0,0.0,0.0,0,0
0.0,0.0,0.0,0.0,0.0,0.0,0.0,0.0,0,0
0.0,0.0,0.0,0.0,0.0,0.0,0.0,0.0,0,0
0.0,0.0,0.0,0.0,0.0,0.0,0.0,0.0,0,0
0.0,0.0,0.0,0.0,0.0,0.0,0.0,0.0,0,0
0.0,0.0,0.0,0.0,0.0,0.0,0.0,0.0,0,0
0.0,0.0,0.0,0.0,0.0,0.0,0.0,0.0,0,0
0.0,0.0,0.0,0.0,0.0,0.0,0.0,0.0,0,0
0.0,0.0,0.0,0.0,0.0,0.0,0.0,0.0,0,0
0.0,0.0,0.0,0.0,0.0,0.0,0.0,0.0,0,0
0.0,0.0,0.0,0.0,0.0,0.0,0.0,0.0,0,0
0.0,0.0,0.0,0.0,0.0,0.0,0.0,0.0,0,0
0.0,0.0,0.0,0.0,0.0,0.0,0.0,0.0,0,0
0.0,0.0,0.0,0.0,0.0,0.0,0.0,0.0,0,0
0.0,0.0,0.0,0.0,0.0,0.0,0.0,0.0,0,0
0.0,0.0,0.0,0.0,0.0,0.0,0.0,0.0,0,0
0.0,0.0,0.0,0.0,0.0,0.0,0.0,0.0,0,0
0.0,0.0,0.0,0.0,0.0,0.0,0.0,0.0,0,0
0.0,0.0,0.0,0.0,0.0,0.0,0.0,0.0,0,0
0.0,0.0,0.0,0.0,0.0,0.0,0.0,0.0,0,0
0.0,0.0,0.0,0.0,0.0,0.0,0.0,0.0,0,0
0.0,0.0,0.0,0.0,0.0,0.0,0.0,0.0,0,0
0.0,0.0,0.0,0.0,0.0,0.0,0.0,0.0,0,0
0.0,0.0,0.0,0.0,0.0,0.0,0.0,0.0,0,0
0.0,0.0,0.0,0.0,0.0,0.0,0.0,0.0,0,0
0.0,0.0,0.0,0.0,0.0,0.0,0.0,0.0,0,0
0.0,0.0,0.0,0.0,0.0,0.0,0.0,0.0,0,0
0.0,0.0,0.0,0.0,0.0,0.0,0.0,0.0,0,0
0.0,0.0,0.0,0.0,0.0,0.0,0.0,0.0,0,0
0.0,0.0,0.0,0.0,0.0,0.0,0.0,0.0,0,0
0.0,0.0,0.0,0.0,0.0,0.0,0.0,0.0,0,0
0.0,0.0,0.0,0.0,0.0,0.0,0.0,0.0,0,0
0.0,0.0,0.0,0.0,0.0,0.0,0.0,0.0,0,0
0.0,0.0,0.0,0.0,0.0,0.0,0.0,0.0,0,0
0.0,0.0,0.0,0.0,0.0,0.0,0.0,0.0,0,0
0.0,0.0,0.0,0.0,0.0,0.0,0.0,0.0,0,0
0.0,0.0,0.0,0.0,0.0,0.0,0.0,0.0,0,0
0.0,0.0,0.0,0.0,0.0,0.0,0.0,0.0,0,0
0.0,0.0,0.0,0.0,0.0,0.0,0.0,0.0,0,0
0.0,0.0,0.0,0.0,0.0,0.0,0.0,0.0,0,0
0.0,0.0,0.0,0.0,0.0,0.0,0.0,0.0,0,0
0.0,0.0,0.0,0.0,0.0,0.0,0.0,0.0,0,0
0.0,0.0,0.0,0.0,0.0,0.0,0.0,0.0,0,0
0.0,0.0,0.0,0.0,0.0,0.0,0.0,0.0,0,0
0.0,0.0,0.0,0.0,0.0,0.0,0.0,0.0,0,0
0.0,0.0,0.0,0.0,0.0,0.0,0.0,0.0,0,0
-257092.17473556378,9999.999999999996,396.8253968253968,-267489.00013238913,25000000.000000004,24999999.999999996,50000000.0,50000000.0,41,41
0.0,9999.999999999996,0.0,-9999.999999999996,0.0,0.0,0.0,50000000.0,0,0
-10568.763962648642,9999.999999999998,396.82539682539687,-20965.589359474037,25000000.000000004,25000000.0,50000000.0,50000000.00000001,40,40
0.0,9999.999999999998,0.0,-9999.999999999998,0.0,0.0,0.0,50000000.00000001,0,0
174131.4701795721,10000.000000000004,396.82539682539687,163734.6447827467,25000000.0,25000000.0,50000000.0,50000000.0,41,41
-26705.206256993915,20000.000000000004,396.82539682539675,-47102.031653819315,25000000.0,25000000.0,50000000.0,83103968.76229632,42,42
0.0,9999.999999999998,0.0,-9999.999999999998,0.0,0.0,0.0,50000000.0,0,0
0.0,0.0,0.0,0.0,0.0,0.0,0.0,0.0,0,0
0.0,0.0,0.0,0.0,0.0,0.0,0.0,0.0,0,0
0.0,0.0,0.0,0.0,0.0,0.0,0.0,0.0,0,0
0.0,0.0,0.0,0.0,0.0,0.0,0.0,0.0,0,0
0.0,0.0,0.0,0.0,0.0,0.0,0.0,0.0,0,0
0.0,0.0,0.0,0.0,0.0,0.0,0.0,0.0,0,0
0.0,0.0,0.0,0.0,0.0,0.0,0.0,0.0,0,0
0.0,0.0,0.0,0.0,0.0,0.0,0.0,0.0,0,0
0.0,0.0,0.0,0.0,0.0,0.0,0.0,0.0,0,0
-217782.51295915656,10000.000000000004,396.8253968253969,-228179.33835598195,25000000.000000004,25000000.000000004,50000000.00000001,50000000.00000001,45,45
-279566.9405204485,22035.752445949547,396.82539682539687,-301999.5183632234,25000000.0,25000000.0,50000000.0,91599620.75741464,45,45
-384759.6413352439,20000.00000000001,396.8253968253967,-405156.46673206927,25000000.000000004,24999999.999999996,50000000.0,69453510.58093148,45,45
504189.27350414154,20143.926366291267,396.8253968253969,483648.5217410249,24999999.999999996,25000000.000000004,50000000.0,65918580.03198468,45,45
624953.532122941,20377.17631526176,396.8253968253968,604179.5304108538,24999999.999999996,25000000.0,50000000.0,77743669.86069816,46,46
47095.44235306125,23037.09426188965,396.82539682539664,23661.5226943462,25000000.0,24999999.999999996,50000000.0,98588884.05345853,46,46
0.0,10000.000000000004,0.0,-10000.000000000004,0.0,0.0,0.0,50000000.0,0,0
0.0,0.0,0.0,0.0,0.0,0.0,0.0,0.0,0,0
0.0,0.0,0.0,0.0,0.0,0.0,0.0,0.0,0,0
0.0,0.0,0.0,0.0,0.0,0.0,0.0,0.0,0,0
0.0,0.0,0.0,0.0,0.0,0.0,0.0,0.0,0,0
0.0,0.0,0.0,0.0,0.0,0.0,0.0,0.0,0,0
0.0,0.0,0.0,0.0,0.0,0.0,0.0,0.0,0,0
0.0,0.0,0.0,0.0,0.0,0.0,0.0,0.0,0,0
0.0,0.0,0.0,0.0,0.0,0.0,0.0,0.0,0,0
0.0,0.0,0.0,0.0,0.0,0.0,0.0,0.0,0,0
0.0,0.0,0.0,0.0,0.0,0.0,0.0,0.0,0,0
0.0,0.0,0.0,0.0,0.0,0.0,0.0,0.0,0,0
0.0,0.0,0.0,0.0,0.0,0.0,0.0,0.0,0,0
0.0,0.0,0.0,0.0,0.0,0.0,0.0,0.0,0,0
0.0,0.0,0.0,0.0,0.0,0.0,0.0,0.0,0,0
0.0,0.0,0.0,0.0,0.0,0.0,0.0,0.0,0,0
0.0,0.0,0.0,0.0,0.0,0.0,0.0,0.0,0,0
0.0,0.0,0.0,0.0,0.0,0.0,0.0,0.0,0,0
0.0,0.0,0.0,0.0,0.0,0.0,0.0,0.0,0,0
0.0,0.0,0.0,0.0,0.0,0.0,0.0,0.0,0,0
0.0,0.0,0.0,0.0,0.0,0.0,0.0,0.0,0,0
0.0,0.0,0.0,0.0,0.0,0.0,0.0,0.0,0,0
0.0,0.0,0.0,0.0,0.0,0.0,0.0,0.0,0,0
0.0,0.0,0.0,0.0,0.0,0.0,0.0,0.0,0,0
0.0,0.0,0.0,0.0,0.0,0.0,0.0,0.0,0,0
0.0,0.0,0.0,0.0,0.0,0.0,0.0,0.0,0,0
0.0,0.0,0.0,0.0,0.0,0.0,0.0,0.0,0,0
0.0,0.0,0.0,0.0,0.0,0.0,0.0,0.0,0,0
0.0,0.0,0.0,0.0,0.0,0.0,0.0,0.0,0,0
0.0,0.0,0.0,0.0,0.0,0.0,0.0,0.0,0,0
0.0,0.0,0.0,0.0,0.0,0.0,0.0,0.0,0,0
0.0,0.0,0.0,0.0,0.0,0.0,0.0,0.0,0,0
0.0,0.0,0.0,0.0,0.0,0.0,0.0,0.0,0,0
0.0,0.0,0.0,0.0,0.0,0.0,0.0,0.0,0,0
0.0,0.0,0.0,0.0,0.0,0.0,0.0,0.0,0,0
0.0,0.0,0.0,0.0,0.0,0.0,0.0,0.0,0,0
0.0,0.0,0.0,0.0,0.0,0.0,0.0,0.0,0,0
0.0,0.0,0.0,0.0,0.0,0.0,0.0,0.0,0,0
0.0,0.0,0.0,0.0,0.0,0.0,0.0,0.0,0,0
0.0,0.0,0.0,0.0,0.0,0.0,0.0,0.0,0,0
0.0,0.0,0.0,0.0,0.0,0.0,0.0,0.0,0,0
0.0,0.0,0.0,0.0,0.0,0.0,0.0,0.0,0,0
0.0,0.0,0.0,0.0,0.0,0.0,0.0,0.0,0,0
0.0,0.0,0.0,0.0,0.0,0.0,0.0,0.0,0,0
0.0,0.0,0.0,0.0,0.0,0.0,0.0,0.0,0,0
0.0,0.0,0.0,0.0,0.0,0.0,0.0,0.0,0,0
0.0,0.0,0.0,0.0,0.0,0.0,0.0,0.0,0,0
0.0,0.0,0.0,0.0,0.0,0.0,0.0,0.0,0,0
0.0,0.0,0.0,0.0,0.0,0.0,0.0,0.0,0,0
0.0,0.0,0.0,0.0,0.0,0.0,0.0,0.0,0,0
0.0,0.0,0.0,0.0,0.0,0.0,0.0,0.0,0,0
0.0,0.0,0.0,0.0,0.0,0.0,0.0,0.0,0,0
0.0,0.0,0.0,0.0,0.0,0.0,0.0,0.0,0,0
0.0,0.0,0.0,0.0,0.0,0.0,0.0,0.0,0,0
0.0,0.0,0.0,0.0,0.0,0.0,0.0,0.0,0,0
0.0,0.0,0.0,0.0,0.0,0.0,0.0,0.0,0,0
0.0,0.0,0.0,0.0,0.0,0.0,0.0,0.0,0,0
0.0,0.0,0.0,0.0,0.0,0.0,0.0,0.0,0,0
0.0,0.0,0.0,0.0,0.0,0.0,0.0,0.0,0,0
0.0,0.0,0.0,0.0,0.0,0.0,0.0,0.0,0,0
0.0,0.0,0.0,0.0,0.0,0.0,0.0,0.0,0,0
0.0,0.0,0.0,0.0,0.0,0.0,0.0,0.0,0,0
0.0,0.0,0.0,0.0,0.0,0.0,0.0,0.0,0,0
0.0,0.0,0.0,0.0,0.0,0.0,0.0,0.0,0,0
0.0,0.0,0.0,0.0,0.0,0.0,0.0,0.0,0,0
0.0,0.0,0.0,0.0,0.0,0.0,0.0,0.0,0,0
0.0,0.0,0.0,0.0,0.0,0.0,0.0,0.0,0,0
0.0,0.0,0.0,0.0,0.0,0.0,0.0,0.0,0,0
0.0,0.0,0.0,0.0,0.0,0.0,0.0,0.0,0,0
0.0,0.0,0.0,0.0,0.0,0.0,0.0,0.0,0,0
0.0,0.0,0.0,0.0,0.0,0.0,0.0,0.0,0,0
0.0,0.0,0.0,0.0,0.0,0.0,0.0,0.0,0,0
0.0,0.0,0.0,0.0,0.0,0.0,0.0,0.0,0,0
0.0,0.0,0.0,0.0,0.0,0.0,0.0,0.0,0,0
0.0,0.0,0.0,0.0,0.0,0.0,0.0,0.0,0,0
0.0,0.0,0.0,0.0,0.0,0.0,0.0,0.0,0,0
0.0,0.0,0.0,0.0,0.0,0.0,0.0,0.0,0,0
0.0,0.0,0.0,0.0,0.0,0.0,0.0,0.0,0,0
0.0,0.0,0.0,0.0,0.0,0.0,0.0,0.0,0,0
0.0,0.0,0.0,0.0,0.0,0.0,0.0,0.0,0,0
0.0,0.0,0.0,0.0,0.0,0.0,0.0,0.0,0,0
0.0,0.0,0.0,0.0,0.0,0.0,0.0,0.0,0,0
0.0,0.0,0.0,0.0,0.0,0.0,0.0,0.0,0,0
0.0,0.0,0.0,0.0,0.0,0.0,0.0,0.0,0,0
0.0,0.0,0.0,0.0,0.0,0.0,0.0,0.0,0,0
0.0,0.0,0.0,0.0,0.0,0.0,0.0,0.0,0,0
0.0,0.0,0.0,0.0,0.0,0.0,0.0,0.0,0,0
0.0,0.0,0.0,0.0,0.0,0.0,0.0,0.0,0,0
0.0,0.0,0.0,0.0,0.0,0.0,0.0,0.0,0,0
0.0,0.0,0.0,0.0,0.0,0.0,0.0,0.0,0,0
0.0,0.0,0.0,0.0,0.0,0.0,0.0,0.0,0,0
0.0,0.0,0.0,0.0,0.0,0.0,0.0,0.0,0,0
0.0,0.0,0.0,0.0,0.0,0.0,0.0,0.0,0,0
0.0,0.0,0.0,0.0,0.0,0.0,0.0,0.0,0,0
0.0,0.0,0.0,0.0,0.0,0.0,0.0,0.0,0,0
0.0,0.0,0.0,0.0,0.0,0.0,0.0,0.0,0,0
0.0,0.0,0.0,0.0,0.0,0.0,0.0,0.0,0,0
0.0,0.0,0.0,0.0,0.0,0.0,0.0,0.0,0,0
0.0,0.0,0.0,0.0,0.0,0.0,0.0,0.0,0,0
0.0,0.0,0.0,0.0,0.0,0.0,0.0,0.0,0,0
0.0,0.0,0.0,0.0,0.0,0.0,0.0,0.0,0,0
0.0,0.0,0.0,0.0,0.0,0.0,0.0,0.0,0,0
0.0,0.0,0.0,0.0,0.0,0.0,0.0,0.0,0,0
0.0,0.0,0.0,0.0,0.0,0.0,0.0,0.0,0,0
0.0,0.0,0.0,0.0,0.0,0.0,0.0,0.0,0,0
0.0,0.0,0.0,0.0,0.0,0.0,0.0,0.0,0,0
0.0,0.0,0.0,0.0,0.0,0.0,0.0,0.0,0,0
0.0,0.0,0.0,0.0,0.0,0.0,0.0,0.0,0,0
0.0,0.0,0.0,0.0,0.0,0.0,0.0,0.0,0,0
0.0,0.0,0.0,0.0,0.0,0.0,0.0,0.0,0,0
0.0,0.0,0.0,0.0,0.0,0.0,0.0,0.0,0,0
0.0,0.0,0.0,0.0,0.0,0.0,0.0,0.0,0,0
0.0,0.0,0.0,0.0,0.0,0.0,0.0,0.0,0,0
0.0,0.0,0.0,0.0,0.0,0.0,0.0,0.0,0,0
0.0,0.0,0.0,0.0,0.0,0.0,0.0,0.0,0,0
0.0,0.0,0.0,0.0,0.0,0.0,0.0,0.0,0,0
0.0,0.0,0.0,0.0,0.0,0.0,0.0,0.0,0,0
0.0,0.0,0.0,0.0,0.0,0.0,0.0,0.0,0,0
0.0,0.0,0.0,0.0,0.0,0.0,0.0,0.0,0,0
0.0,0.0,0.0,0.0,0.0,0.0,0.0,0.0,0,0
0.0,0.0,0.0,0.0,0.0,0.0,0.0,0.0,0,0
0.0,0.0,0.0,0.0,0.0,0.0,0.0,0.0,0,0
0.0,0.0,0.0,0.0,0.0,0.0,0.0,0.0,0,0
0.0,0.0,0.0,0.0,0.0,0.0,0.0,0.0,0,0
0.0,0.0,0.0,0.0,0.0,0.0,0.0,0.0,0,0
0.0,0.0,0.0,0.0,0.0,0.0,0.0,0.0,0,0
0.0,0.0,0.0,0.0,0.0,0.0,0.0,0.0,0,0
0.0,0.0,0.0,0.0,0.0,0.0,0.0,0.0,0,0
0.0,0.0,0.0,0.0,0.0,0.0,0.0,0.0,0,0
0.0,0.0,0.0,0.0,0.0,0.0,0.0,0.0,0,0
0.0,0.0,0.0,0.0,0.0,0.0,0.0,0.0,0,0
0.0,0.0,0.0,0.0,0.0,0.0,0.0,0.0,0,0
0.0,0.0,0.0,0.0,0.0,0.0,0.0,0.0,0,0
0.0,0.0,0.0,0.0,0.0,0.0,0.0,0.0,0,0
0.0,0.0,0.0,0.0,0.0,0.0,0.0,0.0,0,0
0.0,0.0,0.0,0.0,0.0,0.0,0.0,0.0,0,0
0.0,0.0,0.0,0.0,0.0,0.0,0.0,0.0,0,0
0.0,0.0,0.0,0.0,0.0,0.0,0.0,0.0,0,0
0.0,0.0,0.0,0.0,0.0,0.0,0.0,0.0,0,0
0.0,0.0,0.0,0.0,0.0,0.0,0.0,0.0,0,0
0.0,0.0,0.0,0.0,0.0,0.0,0.0,0.0,0,0
0.0,0.0,0.0,0.0,0.0,0.0,0.0,0.0,0,0
0.0,0.0,0.0,0.0,0.0,0.0,0.0,0.0,0,0
0.0,0.0,0.0,0.0,0.0,0.0,0.0,0.0,0,0
0.0,0.0,0.0,0.0,0.0,0.0,0.0,0.0,0,0
0.0,0.0,0.0,0.0,0.0,0.0,0.0,0.0,0,0
0.0,0.0,0.0,0.0,0.0,0.0,0.0,0.0,0,0
0.0,0.0,0.0,0.0,0.0,0.0,0.0,0.0,0,0
0.0,0.0,0.0,0.0,0.0,0.0,0.0,0.0,0,0
0.0,0.0,0.0,0.0,0.0,0.0,0.0,0.0,0,0
0.0,0.0,0.0,0.0,0.0,0.0,0.0,0.0,0,0
0.0,0.0,0.0,0.0,0.0,0.0,0.0,0.0,0,0
0.0,0.0,0.0,0.0,0.0,0.0,0.0,0.0,0,0
0.0,0.0,0.0,0.0,0.0,0.0,0.0,0.0,0,0
0.0,0.0,0.0,0.0,0.0,0.0,0.0,0.0,0,0
0.0,0.0,0.0,0.0,0.0,0.0,0.0,0.0,0,0
0.0,0.0,0.0,0.0,0.0,0.0,0.0,0.0,0,0
0.0,0.0,0.0,0.0,0.0,0.0,0.0,0.0,0,0
0.0,0.0,0.0,0.0,0.0,0.0,0.0,0.0,0,0
0.0,0.0,0.0,0.0,0.0,0.0,0.0,0.0,0,0
0.0,0.0,0.0,0.0,0.0,0.0,0.0,0.0,0,0
0.0,0.0,0.0,0.0,0.0,0.0,0.0,0.0,0,0
0.0,0.0,0.0,0.0,0.0,0.0,0.0,0.0,0,0
0.0,0.0,0.0,0.0,0.0,0.0,0.0,0.0,0,0
0.0,0.0,0.0,0.0,0.0,0.0,0.0,0.0,0,0
0.0,0.0,0.0,0.0,0.0,0.0,0.0,0.0,0,0
0.0,0.0,0.0,0.0,0.0,0.0,0.0,0.0,0,0
0.0,0.0,0.0,0.0,0.0,0.0,0.0,0.0,0,0
0.0,0.0,0.0,0.0,0.0,0.0,0.0,0.0,0,0
0.0,0.0,0.0,0.0,0.0,0.0,0.0,0.0,0,0
0.0,0.0,0.0,0.0,0.0,0.0,0.0,0.0,0,0
0.0,0.0,0.0,0.0,0.0,0.0,0.0,0.0,0,0
0.0,0.0,0.0,0.0,0.0,0.0,0.0,0.0,0,0
0.0,0.0,0.0,0.0,0.0,0.0,0.0,0.0,0,0
0.0,0.0,0.0,0.0,0.0,0.0,0.0,0.0,0,0
0.0,0.0,0.0,0.0,0.0,0.0,0.0,0.0,0,0
0.0,0.0,0.0,0.0,0.0,0.0,0.0,0.0,0,0
0.0,0.0,0.0,0.0,0.0,0.0,0.0,0.0,0,0
0.0,0.0,0.0,0.0,0.0,0.0,0.0,0.0,0,0
0.0,0.0,0.0,0.0,0.0,0.0,0.0,0.0,0,0
0.0,0.0,0.0,0.0,0.0,0.0,0.0,0.0,0,0
0.0,0.0,0.0,0.0,0.0,0.0,0.0,0.0,0,0
0.0,0.0,0.0,0.0,0.0,0.0,0.0,0.0,0,0
0.0,0.0,0.0,0.0,0.0,0.0,0.0,0.0,0,0
0.0,0.0,0.0,0.0,0.0,0.0,0.0,0.0,0,0
0.0,0.0,0.0,0.0,0.0,0.0,0.0,0.0,0,0
0.0,0.0,0.0,0.0,0.0,0.0,0.0,0.0,0,0
0.0,0.0,0.0,0.0,0.0,0.0,0.0,0.0,0,0
0.0,0.0,0.0,0.0,0.0,0.0,0.0,0.0,0,0
0.0,0.0,0.0,0.0,0.0,0.0,0.0,0.0,0,0
0.0,0.0,0.0,0.0,0.0,0.0,0.0,0.0,0,0
0.0,0.0,0.0,0.0,0.0,0.0,0.0,0.0,0,0
0.0,0.0,0.0,0.0,0.0,0.0,0.0,0.0,0,0
0.0,0.0,0.0,0.0,0.0,0.0,0.0,0.0,0,0
0.0,0.0,0.0,0.0,0.0,0.0,0.0,0.0,0,0
0.0,0.0,0.0,0.0,0.0,0.0,0.0,0.0,0,0
0.0,0.0,0.0,0.0,0.0,0.0,0.0,0.0,0,0
0.0,0.0,0.0,0.0,0.0,0.0,0.0,0.0,0,0
0.0,0.0,0.0,0.0,0.0,0.0,0.0,0.0,0,0
0.0,0.0,0.0,0.0,0.0,0.0,0.0,0.0,0,0
0.0,0.0,0.0,0.0,0.0,0.0,0.0,0.0,0,0
0.0,0.0,0.0,0.0,0.0,0.0,0.0,0.0,0,0
0.0,0.0,0.0,0.0,0.0,0.0,0.0,0.0,0,0
0.0,0.0,0.0,0.0,0.0,0.0,0.0,0.0,0,0
0.0,0.0,0.0,0.0,0.0,0.0,0.0,0.0,0,0
0.0,0.0,0.0,0.0,0.0,0.0,0.0,0.0,0,0
0.0,0.0,0.0,0.0,0.0,0.0,0.0,0.0,0,0
0.0,0.0,0.0,0.0,0.0,0.0,0.0,0.0,0,0
0.0,0.0,0.0,0.0,0.0,0.0,0.0,0.0,0,0
0.0,0.0,0.0,0.0,0.0,0.0,0.0,0.0,0,0
0.0,0.0,0.0,0.0,0.0,0.0,0.0,0.0,0,0
0.0,0.0,0.0,0.0,0.0,0.0,0.0,0.0,0,0
0.0,0.0,0.0,0.0,0.0,0.0,0.0,0.0,0,0
0.0,0.0,0.0,0.0,0.0,0.0,0.0,0.0,0,0
0.0,0.0,0.0,0.0,0.0,0.0,0.0,0.0,0,0
0.0,0.0,0.0,0.0,0.0,0.0,0.0,0.0,0,0
0.0,0.0,0.0,0.0,0.0,0.0,0.0,0.0,0,0
0.0,0.0,0.0,0.0,0.0,0.0,0.0,0.0,0,0
0.0,0.0,0.0,0.0,0.0,0.0,0.0,0.0,0,0
0.0,0.0,0.0,0.0,0.0,0.0,0.0,0.0,0,0
0.0,0.0,0.0,0.0,0.0,0.0,0.0,0.0,0,0
0.0,0.0,0.0,0.0,0.0,0.0,0.0,0.0,0,0
0.0,0.0,0.0,0.0,0.0,0.0,0.0,0.0,0,0
0.0,0.0,0.0,0.0,0.0,0.0,0.0,0.0,0,0
0.0,0.0,0.0,0.0,0.0,0.0,0.0,0.0,0,0
0.0,0.0,0.0,0.0,0.0,0.0,0.0,0.0,0,0
0.0,0.0,0.0,0.0,0.0,0.0,0.0,0.0,0,0
0.0,0.0,0.0,0.0,0.0,0.0,0.0,0.0,0,0
0.0,0.0,0.0,0.0,0.0,0.0,0.0,0.0,0,0
0.0,0.0,0.0,0.0,0.0,0.0,0.0,0.0,0,0
0.0,0.0,0.0,0.0,0.0,0.0,0.0,0.0,0,0
0.0,0.0,0.0,0.0,0.0,0.0,0.0,0.0,0,0
0.0,0.0,0.0,0.0,0.0,0.0,0.0,0.0,0,0
0.0,0.0,0.0,0.0,0.0,0.0,0.0,0.0,0,0
0.0,0.0,0.0,0.0,0.0,0.0,0.0,0.0,0,0
0.0,0.0,0.0,0.0,0.0,0.0,0.0,0.0,0,0
0.0,0.0,0.0,0.0,0.0,0.0,0.0,0.0,0,0
0.0,0.0,0.0,0.0,0.0,0.0,0.0,0.0,0,0
0.0,0.0,0.0,0.0,0.0,0.0,0.0,0.0,0,0
0.0,0.0,0.0,0.0,0.0,0.0,0.0,0.0,0,0
0.0,0.0,0.0,0.0,0.0,0.0,0.0,0.0,0,0
0.0,0.0,0.0,0.0,0.0,0.0,0.0,0.0,0,0
0.0,0.0,0.0,0.0,0.0,0.0,0.0,0.0,0,0
0.0,0.0,0.0,0.0,0.0,0.0,0.0,0.0,0,0
0.0,0.0,0.0,0.0,0.0,0.0,0.0,0.0,0,0
0.0,0.0,0.0,0.0,0.0,0.0,0.0,0.0,0,0
0.0,0.0,0.0,0.0,0.0,0.0,0.0,0.0,0,0
0.0,0.0,0.0,0.0,0.0,0.0,0.0,0.0,0,0
0.0,0.0,0.0,0.0,0.0,0.0,0.0,0.0,0,0
0.0,0.0,0.0,0.0,0.0,0.0,0.0,0.0,0,0
0.0,0.0,0.0,0.0,0.0,0.0,0.0,0.0,0,0
0.0,0.0,0.0,0.0,0.0,0.0,0.0,0.0,0,0
0.0,0.0,0.0,0.0,0.0,0.0,0.0,0.0,0,0
0.0,0.0,0.0,0.0,0.0,0.0,0.0,0.0,0,0
0.0,0.0,0.0,0.0,0.0,0.0,0.0,0.0,0,0
0.0,0.0,0.0,0.0,0.0,0.0,0.0,0.0,0,0
0.0,0.0,0.0,0.0,0.0,0.0,0.0,0.0,0,0
0.0,0.0,0.0,0.0,0.0,0.0,0.0,0.0,0,0
0.0,0.0,0.0,0.0,0.0,0.0,0.0,0.0,0,0
0.0,0.0,0.0,0.0,0.0,0.0,0.0,0.0,0,0
0.0,0.0,0.0,0.0,0.0,0.0,0.0,0.0,0,0
0.0,0.0,0.0,0.0,0.0,0.0,0.0,0.0,0,0
0.0,0.0,0.0,0.0,0.0,0.0,0.0,0.0,0,0
0.0,0.0,0.0,0.0,0.0,0.0,0.0,0.0,0,0
0.0,0.0,0.0,0.0,0.0,0.0,0.0,0.0,0,0
0.0,0.0,0.0,0.0,0.0,0.0,0.0,0.0,0,0
0.0,0.0,0.0,0.0,0.0,0.0,0.0,0.0,0,0
0.0,0.0,0.0,0.0,0.0,0.0,0.0,0.0,0,0
0.0,0.0,0.0,0.0,0.0,0.0,0.0,0.0,0,0
0.0,0.0,0.0,0.0,0.0,0.0,0.0,0.0,0,0
0.0,0.0,0.0,0.0,0.0,0.0,0.0,0.0,0,0
0.0,0.0,0.0,0.0,0.0,0.0,0.0,0.0,0,0
0.0,0.0,0.0,0.0,0.0,0.0,0.0,0.0,0,0
0.0,0.0,0.0,0.0,0.0,0.0,0.0,0.0,0,0
0.0,0.0,0.0,0.0,0.0,0.0,0.0,0.0,0,0
0.0,0.0,0.0,0.0,0.0,0.0,0.0,0.0,0,0
0.0,0.0,0.0,0.0,0.0,0.0,0.0,0.0,0,0
0.0,0.0,0.0,0.0,0.0,0.0,0.0,0.0,0,0
0.0,0.0,0.0,0.0,0.0,0.0,0.0,0.0,0,0
0.0,0.0,0.0,0.0,0.0,0.0,0.0,0.0,0,0
0.0,0.0,0.0,0.0,0.0,0.0,0.0,0.0,0,0
0.0,0.0,0.0,0.0,0.0,0.0,0.0,0.0,0,0
0.0,0.0,0.0,0.0,0.0,0.0,0.0,0.0,0,0
0.0,0.0,0.0,0.0,0.0,0.0,0.0,0.0,0,0
0.0,0.0,0.0,0.0,0.0,0.0,0.0,0.0,0,0
0.0,0.0,0.0,0.0,0.0,0.0,0.0,0.0,0,0
0.0,0.0,0.0,0.0,0.0,0.0,0.0,0.0,0,0
0.0,0.0,0.0,0.0,0.0,0.0,0.0,0.0,0,0
0.0,0.0,0.0,0.0,0.0,0.0,0.0,0.0,0,0
0.0,0.0,0.0,0.0,0.0,0.0,0.0,0.0,0,0
0.0,0.0,0.0,0.0,0.0,0.0,0.0,0.0,0,0
0.0,0.0,0.0,0.0,0.0,0.0,0.0,0.0,0,0
0.0,0.0,0.0,0.0,0.0,0.0,0.0,0.0,0,0
0.0,0.0,0.0,0.0,0.0,0.0,0.0,0.0,0,0
0.0,0.0,0.0,0.0,0.0,0.0,0.0,0.0,0,0
0.0,0.0,0.0,0.0,0.0,0.0,0.0,0.0,0,0
0.0,0.0,0.0,0.0,0.0,0.0,0.0,0.0,0,0
0.0,0.0,0.0,0.0,0.0,0.0,0.0,0.0,0,0
0.0,0.0,0.0,0.0,0.0,0.0,0.0,0.0,0,0
0.0,0.0,0.0,0.0,0.0,0.0,0.0,0.0,0,0
0.0,0.0,0.0,0.0,0.0,0.0,0.0,0.0,0,0
0.0,0.0,0.0,0.0,0.0,0.0,0.0,0.0,0,0
0.0,0.0,0.0,0.0,0.0,0.0,0.0,0.0,0,0
0.0,0.0,0.0,0.0,0.0,0.0,0.0,0.0,0,0
0.0,0.0,0.0,0.0,0.0,0.0,0.0,0.0,0,0
0.0,0.0,0.0,0.0,0.0,0.0,0.0,0.0,0,0
0.0,0.0,0.0,0.0,0.0,0.0,0.0,0.0,0,0
0.0,0.0,0.0,0.0,0.0,0.0,0.0,0.0,0,0
0.0,0.0,0.0,0.0,0.0,0.0,0.0,0.0,0,0
0.0,0.0,0.0,0.0,0.0,0.0,0.0,0.0,0,0
0.0,0.0,0.0,0.0,0.0,0.0,0.0,0.0,0,0
0.0,0.0,0.0,0.0,0.0,0.0,0.0,0.0,0,0
0.0,0.0,0.0,0.0,0.0,0.0,0.0,0.0,0,0
0.0,0.0,0.0,0.0,0.0,0.0,0.0,0.0,0,0
0.0,0.0,0.0,0.0,0.0,0.0,0.0,0.0,0,0
0.0,0.0,0.0,0.0,0.0,0.0,0.0,0.0,0,0
0.0,0.0,0.0,0.0,0.0,0.0,0.0,0.0,0,0
0.0,0.0,0.0,0.0,0.0,0.0,0.0,0.0,0,0
0.0,0.0,0.0,0.0,0.0,0.0,0.0,0.0,0,0
0.0,0.0,0.0,0.0,0.0,0.0,0.0,0.0,0,0
0.0,0.0,0.0,0.0,0.0,0.0,0.0,0.0,0,0
0.0,0.0,0.0,0.0,0.0,0.0,0.0,0.0,0,0
0.0,0.0,0.0,0.0,0.0,0.0,0.0,0.0,0,0
0.0,0.0,0.0,0.0,0.0,0.0,0.0,0.0,0,0
0.0,0.0,0.0,0.0,0.0,0.0,0.0,0.0,0,0
0.0,0.0,0.0,0.0,0.0,0.0,0.0,0.0,0,0
0.0,0.0,0.0,0.0,0.0,0.0,0.0,0.0,0,0
0.0,0.0,0.0,0.0,0.0,0.0,0.0,0.0,0,0
0.0,0.0,0.0,0.0,0.0,0.0,0.0,0.0,0,0
0.0,0.0,0.0,0.0,0.0,0.0,0.0,0.0,0,0
0.0,0.0,0.0,0.0,0.0,0.0,0.0,0.0,0,0
0.0,0.0,0.0,0.0,0.0,0.0,0.0,0.0,0,0
0.0,0.0,0.0,0.0,0.0,0.0,0.0,0.0,0,0
0.0,0.0,0.0,0.0,0.0,0.0,0.0,0.0,0,0
0.0,0.0,0.0,0.0,0.0,0.0,0.0,0.0,0,0
0.0,0.0,0.0,0.0,0.0,0.0,0.0,0.0,0,0
0.0,0.0,0.0,0.0,0.0,0.0,0.0,0.0,0,0
0.0,0.0,0.0,0.0,0.0,0.0,0.0,0.0,0,0
0.0,0.0,0.0,0.0,0.0,0.0,0.0,0.0,0,0
0.0,0.0,0.0,0.0,0.0,0.0,0.0,0.0,0,0
0.0,0.0,0.0,0.0,0.0,0.0,0.0,0.0,0,0
0.0,0.0,0.0,0.0,0.0,0.0,0.0,0.0,0,0
0.0,0.0,0.0,0.0,0.0,0.0,0.0,0.0,0,0
0.0,0.0,0.0,0.0,0.0,0.0,0.0,0.0,0,0
0.0,0.0,0.0,0.0,0.0,0.0,0.0,0.0,0,0
0.0,0.0,0.0,0.0,0.0,0.0,0.0,0.0,0,0
0.0,0.0,0.0,0.0,0.0,0.0,0.0,0.0,0,0
0.0,0.0,0.0,0.0,0.0,0.0,0.0,0.0,0,0
0.0,0.0,0.0,0.0,0.0,0.0,0.0,0.0,0,0
0.0,0.0,0.0,0.0,0.0,0.0,0.0,0.0,0,0
0.0,0.0,0.0,0.0,0.0,0.0,0.0,0.0,0,0
0.0,0.0,0.0,0.0,0.0,0.0,0.0,0.0,0,0
0.0,0.0,0.0,0.0,0.0,0.0,0.0,0.0,0,0
0.0,0.0,0.0,0.0,0.0,0.0,0.0,0.0,0,0
0.0,0.0,0.0,0.0,0.0,0.0,0.0,0.0,0,0
0.0,0.0,0.0,0.0,0.0,0.0,0.0,0.0,0,0
0.0,0.0,0.0,0.0,0.0,0.0,0.0,0.0,0,0
0.0,0.0,0.0,0.0,0.0,0.0,0.0,0.0,0,0
0.0,0.0,0.0,0.0,0.0,0.0,0.0,0.0,0,0
0.0,0.0,0.0,0.0,0.0,0.0,0.0,0.0,0,0
0.0,0.0,0.0,0.0,0.0,0.0,0.0,0.0,0,0
0.0,0.0,0.0,0.0,0.0,0.0,0.0,0.0,0,0
0.0,0.0,0.0,0.0,0.0,0.0,0.0,0.0,0,0
0.0,0.0,0.0,0.0,0.0,0.0,0.0,0.0,0,0
0.0,0.0,0.0,0.0,0.0,0.0,0.0,0.0,0,0
0.0,0.0,0.0,0.0,0.0,0.0,0.0,0.0,0,0
0.0,0.0,0.0,0.0,0.0,0.0,0.0,0.0,0,0
0.0,0.0,0.0,0.0,0.0,0.0,0.0,0.0,0,0
0.0,0.0,0.0,0.0,0.0,0.0,0.0,0.0,0,0
0.0,0.0,0.0,0.0,0.0,0.0,0.0,0.0,0,0
0.0,0.0,0.0,0.0,0.0,0.0,0.0,0.0,0,0
0.0,0.0,0.0,0.0,0.0,0.0,0.0,0.0,0,0
0.0,0.0,0.0,0.0,0.0,0.0,0.0,0.0,0,0
0.0,0.0,0.0,0.0,0.0,0.0,0.0,0.0,0,0
0.0,0.0,0.0,0.0,0.0,0.0,0.0,0.0,0,0
0.0,0.0,0.0,0.0,0.0,0.0,0.0,0.0,0,0
0.0,0.0,0.0,0.0,0.0,0.0,0.0,0.0,0,0
0.0,0.0,0.0,0.0,0.0,0.0,0.0,0.0,0,0
0.0,0.0,0.0,0.0,0.0,0.0,0.0,0.0,0,0
0.0,0.0,0.0,0.0,0.0,0.0,0.0,0.0,0,0
0.0,0.0,0.0,0.0,0.0,0.0,0.0,0.0,0,0
0.0,0.0,0.0,0.0,0.0,0.0,0.0,0.0,0,0
0.0,0.0,0.0,0.0,0.0,0.0,0.0,0.0,0,0
0.0,0.0,0.0,0.0,0.0,0.0,0.0,0.0,0,0
0.0,0.0,0.0,0.0,0.0,0.0,0.0,0.0,0,0
0.0,0.0,0.0,0.0,0.0,0.0,0.0,0.0,0,0
0.0,0.0,0.0,0.0,0.0,0.0,0.0,0.0,0,0
0.0,0.0,0.0,0.0,0.0,0.0,0.0,0.0,0,0
0.0,0.0,0.0,0.0,0.0,0.0,0.0,0.0,0,0
0.0,0.0,0.0,0.0,0.0,0.0,0.0,0.0,0,0
0.0,0.0,0.0,0.0,0.0,0.0,0.0,0.0,0,0
0.0,0.0,0.0,0.0,0.0,0.0,0.0,0.0,0,0
0.0,0.0,0.0,0.0,0.0,0.0,0.0,0.0,0,0
0.0,0.0,0.0,0.0,0.0,0.0,0.0,0.0,0,0
0.0,0.0,0.0,0.0,0.0,0.0,0.0,0.0,0,0
0.0,0.0,0.0,0.0,0.0,0.0,0.0,0.0,0,0
0.0,0.0,0.0,0.0,0.0,0.0,0.0,0.0,0,0
0.0,0.0,0.0,0.0,0.0,0.0,0.0,0.0,0,0
0.0,0.0,0.0,0.0,0.0,0.0,0.0,0.0,0,0
0.0,0.0,0.0,0.0,0.0,0.0,0.0,0.0,0,0
0.0,0.0,0.0,0.0,0.0,0.0,0.0,0.0,0,0
0.0,0.0,0.0,0.0,0.0,0.0,0.0,0.0,0,0
0.0,0.0,0.0,0.0,0.0,0.0,0.0,0.0,0,0
0.0,0.0,0.0,0.0,0.0,0.0,0.0,0.0,0,0
0.0,0.0,0.0,0.0,0.0,0.0,0.0,0.0,0,0
0.0,0.0,0.0,0.0,0.0,0.0,0.0,0.0,0,0
0.0,0.0,0.0,0.0,0.0,0.0,0.0,0.0,0,0
0.0,0.0,0.0,0.0,0.0,0.0,0.0,0.0,0,0
0.0,0.0,0.0,0.0,0.0,0.0,0.0,0.0,0,0
0.0,0.0,0.0,0.0,0.0,0.0,0.0,0.0,0,0
0.0,0.0,0.0,0.0,0.0,0.0,0.0,0.0,0,0
0.0,0.0,0.0,0.0,0.0,0.0,0.0,0.0,0,0
0.0,0.0,0.0,0.0,0.0,0.0,0.0,0.0,0,0
0.0,0.0,0.0,0.0,0.0,0.0,0.0,0.0,0,0
0.0,0.0,0.0,0.0,0.0,0.0,0.0,0.0,0,0
0.0,0.0,0.0,0.0,0.0,0.0,0.0,0.0,0,0
0.0,0.0,0.0,0.0,0.0,0.0,0.0,0.0,0,0
0.0,0.0,0.0,0.0,0.0,0.0,0.0,0.0,0,0
0.0,0.0,0.0,0.0,0.0,0.0,0.0,0.0,0,0
0.0,0.0,0.0,0.0,0.0,0.0,0.0,0.0,0,0
0.0,0.0,0.0,0.0,0.0,0.0,0.0,0.0,0,0
0.0,0.0,0.0,0.0,0.0,0.0,0.0,0.0,0,0
0.0,0.0,0.0,0.0,0.0,0.0,0.0,0.0,0,0
0.0,0.0,0.0,0.0,0.0,0.0,0.0,0.0,0,0
0.0,0.0,0.0,0.0,0.0,0.0,0.0,0.0,0,0
0.0,0.0,0.0,0.0,0.0,0.0,0.0,0.0,0,0
0.0,0.0,0.0,0.0,0.0,0.0,0.0,0.0,0,0
0.0,0.0,0.0,0.0,0.0,0.0,0.0,0.0,0,0
0.0,0.0,0.0,0.0,0.0,0.0,0.0,0.0,0,0
0.0,0.0,0.0,0.0,0.0,0.0,0.0,0.0,0,0
0.0,0.0,0.0,0.0,0.0,0.0,0.0,0.0,0,0
0.0,0.0,0.0,0.0,0.0,0.0,0.0,0.0,0,0
0.0,0.0,0.0,0.0,0.0,0.0,0.0,0.0,0,0
0.0,0.0,0.0,0.0,0.0,0.0,0.0,0.0,0,0
0.0,0.0,0.0,0.0,0.0,0.0,0.0,0.0,0,0
0.0,0.0,0.0,0.0,0.0,0.0,0.0,0.0,0,0
0.0,0.0,0.0,0.0,0.0,0.0,0.0,0.0,0,0
0.0,0.0,0.0,0.0,0.0,0.0,0.0,0.0,0,0
0.0,0.0,0.0,0.0,0.0,0.0,0.0,0.0,0,0
0.0,0.0,0.0,0.0,0.0,0.0,0.0,0.0,0,0
0.0,0.0,0.0,0.0,0.0,0.0,0.0,0.0,0,0
0.0,0.0,0.0,0.0,0.0,0.0,0.0,0.0,0,0
0.0,0.0,0.0,0.0,0.0,0.0,0.0,0.0,0,0
0.0,0.0,0.0,0.0,0.0,0.0,0.0,0.0,0,0
0.0,0.0,0.0,0.0,0.0,0.0,0.0,0.0,0,0
0.0,0.0,0.0,0.0,0.0,0.0,0.0,0.0,0,0
0.0,0.0,0.0,0.0,0.0,0.0,0.0,0.0,0,0
0.0,0.0,0.0,0.0,0.0,0.0,0.0,0.0,0,0
