gross_pnl,trade_cost,borrow_cost,net_pnl,gross_long,gross_short,gross_notional,turnover_$,n_long,n_short
0.0,0.0,0.0,0.0,0.0,0.0,0.0,0.0,0,0
0.0,0.0,0.0,0.0,0.0,0.0,0.0,0.0,0,0
0.0,0.0,0.0,0.0,0.0,0.0,0.0,0.0,0,0
0.0,0.0,0.0,0.0,0.0,0.0,0.0,0.0,0,0
0.0,0.0,0.0,0.0,0.0,0.0,0.0,0.0,0,0
0.0,0.0,0.0,0.0,0.0,0.0,0.0,0.0,0,0
0.0,0.0,0.0,0.0,0.0,0.0,0.0,0.0,0,0
0.0,0.0,0.0,0.0,0.0,0.0,0.0,0.0,0,0
0.0,0.0,0.0,0.0,0.0,0.0,0.0,0.0,0,0
0.0,0.0,0.0,0.0,0.0,0.0,0.0,0.0,0,0
0.0,0.0,0.0,0.0,0.0,0.0,0.0,0.0,0,0
0.0,0.0,0.0,0.0,0.0,0.0,0.0,0.0,0,0
0.0,0.0,0.0,0.0,0.0,0.0,0.0,0.0,0,0
0.0,0.0,0.0,0.0,0.0,0.0,0.0,0.0,0,0
0.0,0.0,0.0,0.0,0.0,0.0,0.0,0.0,0,0
0.0,0.0,0.0,0.0,0.0,0.0,0.0,0.0,0,0
0.0,0.0,0.0,0.0,0.0,0.0,0.0,0.0,0,0
0.0,0.0,0.0,0.0,0.0,0.0,0.0,0.0,0,0
0.0,0.0,0.0,0.0,0.0,0.0,0.0,0.0,0,0
0.0,0.0,0.0,0.0,0.0,0.0,0.0,0.0,0,0
0.0,0.0,0.0,0.0,0.0,0.0,0.0,0.0,0,0
0.0,0.0,0.0,0.0,0.0,0.0,0.0,0.0,0,0
0.0,0.0,0.0,0.0,0.0,0.0,0.0,0.0,0,0
0.0,0.0,0.0,0.0,0.0,0.0,0.0,0.0,0,0
0.0,0.0,0.0,0.0,0.0,0.0,0.0,0.0,0,0
0.0,0.0,0.0,0.0,0.0,0.0,0.0,0.0,0,0
0.0,0.0,0.0,0.0,0.0,0.0,0.0,0.0,0,0
0.0,0.0,0.0,0.0,0.0,0.0,0.0,0.0,0,0
0.0,0.0,0.0,0.0,0.0,0.0,0.0,0.0,0,0
0.0,0.0,0.0,0.0,0.0,0.0,0.0,0.0,0,0
0.0,0.0,0.0,0.0,0.0,0.0,0.0,0.0,0,0
0.0,0.0,0.0,0.0,0.0,0.0,0.0,0.0,0,0
0.0,0.0,0.0,0.0,0.0,0.0,0.0,0.0,0,0
0.0,0.0,0.0,0.0,0.0,0.0,0.0,0.0,0,0
0.0,0.0,0.0,0.0,0.0,0.0,0.0,0.0,0,0
0.0,0.0,0.0,0.0,0.0,0.0,0.0,0.0,0,0
0.0,0.0,0.0,0.0,0.0,0.0,0.0,0.0,0,0
0.0,0.0,0.0,0.0,0.0,0.0,0.0,0.0,0,0
0.0,0.0,0.0,0.0,0.0,0.0,0.0,0.0,0,0
0.0,0.0,0.0,0.0,0.0,0.0,0.0,0.0,0,0
0.0,0.0,0.0,0.0,0.0,0.0,0.0,0.0,0,0
0.0,0.0,0.0,0.0,0.0,0.0,0.0,0.0,0,0
0.0,0.0,0.0,0.0,0.0,0.0,0.0,0.0,0,0
0.0,0.0,0.0,0.0,0.0,0.0,0.0,0.0,0,0
0.0,0.0,0.0,0.0,0.0,0.0,0.0,0.0,0,0
0.0,0.0,0.0,0.0,0.0,0.0,0.0,0.0,0,0
0.0,0.0,0.0,0.0,0.0,0.0,0.0,0.0,0,0
0.0,0.0,0.0,0.0,0.0,0.0,0.0,0.0,0,0
0.0,0.0,0.0,0.0,0.0,0.0,0.0,0.0,0,0
0.0,0.0,0.0,0.0,0.0,0.0,0.0,0.0,0,0
0.0,0.0,0.0,0.0,0.0,0.0,0.0,0.0,0,0
0.0,0.0,0.0,0.0,0.0,0.0,0.0,0.0,0,0
0.0,0.0,0.0,0.0,0.0,0.0,0.0,0.0,0,0
0.0,0.0,0.0,0.0,0.0,0.0,0.0,0.0,0,0
0.0,0.0,0.0,0.0,0.0,0.0,0.0,0.0,0,0
0.0,0.0,0.0,0.0,0.0,0.0,0.0,0.0,0,0
0.0,0.0,0.0,0.0,0.0,0.0,0.0,0.0,0,0
0.0,0.0,0.0,0.0,0.0,0.0,0.0,0.0,0,0
0.0,0.0,0.0,0.0,0.0,0.0,0.0,0.0,0,0
0.0,0.0,0.0,0.0,0.0,0.0,0.0,0.0,0,0
0.0,0.0,0.0,0.0,0.0,0.0,0.0,0.0,0,0
0.0,0.0,0.0,0.0,0.0,0.0,0.0,0.0,0,0
0.0,0.0,0.0,0.0,0.0,0.0,0.0,0.0,0,0
0.0,0.0,0.0,0.0,0.0,0.0,0.0,0.0,0,0
37979.26572643031,10000.0,396.8253968253968,27582.440329604917,25000000.000000004,25000000.000000004,50000000.00000001,50000000.00000001,30,30
16680.543235171685,20655.594793980596,396.825396825397,-4371.876955634308,25000000.000000004,25000000.0,50000000.0,73412149.80279152,30,30
0.0,10000.0,0.0,-10000.0,0.0,0.0,0.0,50000000.00000001,0,0
0.0,0.0,0.0,0.0,0.0,0.0,0.0,0.0,0,0
0.0,0.0,0.0,0.0,0.0,0.0,0.0,0.0,0,0
0.0,0.0,0.0,0.0,0.0,0.0,0.0,0.0,0,0
0.0,0.0,0.0,0.0,0.0,0.0,0.0,0.0,0,0
0.0,0.0,0.0,0.0,0.0,0.0,0.0,0.0,0,0
67221.49615418956,9999.999999999996,396.82539682539687,56824.67075736416,25000000.0,25000000.0,50000000.0,50000000.0,29,29
68866.44713112409,20000.000000000007,396.8253968253968,48469.621734298686,25000000.000000004,25000000.000000007,50000000.000000015,59278353.312501796,29,29
0.0,10000.000000000004,0.0,-10000.000000000004,0.0,0.0,0.0,50000000.000000015,0,0
0.0,0.0,0.0,0.0,0.0,0.0,0.0,0.0,0,0
0.0,0.0,0.0,0.0,0.0,0.0,0.0,0.0,0,0
0.0,0.0,0.0,0.0,0.0,0.0,0.0,0.0,0,0
0.0,0.0,0.0,0.0,0.0,0.0,0.0,0.0,0,0
0.0,0.0,0.0,0.0,0.0,0.0,0.0,0.0,0,0
0.0,0.0,0.0,0.0,0.0,0.0,0.0,0.0,0,0
0.0,0.0,0.0,0.0,0.0,0.0,0.0,0.0,0,0
0.0,0.0,0.0,0.0,0.0,0.0,0.0,0.0,0,0
0.0,0.0,0.0,0.0,0.0,0.0,0.0,0.0,0,0
-34276.086482337894,9999.999999999996,396.8253968253969,-44672.91187916329,24999999.999999996,25000000.0,50000000.0,49999999.99999999,29,29
0.0,9999.999999999996,0.0,-9999.999999999996,0.0,0.0,0.0,49999999.99999999,0,0
0.0,0.0,0.0,0.0,0.0,0.0,0.0,0.0,0,0
0.0,0.0,0.0,0.0,0.0,0.0,0.0,0.0,0,0
0.0,0.0,0.0,0.0,0.0,0.0,0.0,0.0,0,0
0.0,0.0,0.0,0.0,0.0,0.0,0.0,0.0,0,0
0.0,0.0,0.0,0.0,0.0,0.0,0.0,0.0,0,0
0.0,0.0,0.0,0.0,0.0,0.0,0.0,0.0,0,0
0.0,0.0,0.0,0.0,0.0,0.0,0.0,0.0,0,0
0.0,0.0,0.0,0.0,0.0,0.0,0.0,0.0,0,0
0.0,0.0,0.0,0.0,0.0,0.0,0.0,0.0,0,0
0.0,0.0,0.0,0.0,0.0,0.0,0.0,0.0,0,0
0.0,0.0,0.0,0.0,0.0,0.0,0.0,0.0,0,0
0.0,0.0,0.0,0.0,0.0,0.0,0.0,0.0,0,0
-94637.02678668454,10000.000000000002,396.8253968253968,-105033.85218350994,25000000.0,25000000.000000004,50000000.0,50000000.0,30,30
219978.65018253782,19999.999999999996,396.8253968253968,199581.82478571244,25000000.0,25000000.0,50000000.0,55964665.42654485,31,31
44402.30693157762,20728.6854764545,396.8253968253968,23276.79605829773,25000000.000000004,25000000.0,50000000.0,80831458.33017632,31,31
99675.9455796338,20542.652838253685,396.8253968253968,78736.46734455471,25000000.00000001,25000000.000000004,50000000.000000015,79301846.89514042,31,31
0.0,10000.000000000004,0.0,-10000.000000000004,0.0,0.0,0.0,50000000.000000015,0,0
94230.73899906962,10000.000000000004,396.825396825397,83833.91360224423,25000000.000000004,25000000.000000007,50000000.000000015,50000000.00000001,31,31
0.0,10000.000000000004,0.0,-10000.000000000004,0.0,0.0,0.0,50000000.00000001,0,0
-36521.53023179779,9999.999999999996,396.8253968253966,-46918.35562862319,25000000.0,24999999.999999996,50000000.0,49999999.99999999,31,31
-27318.46834018094,20000.000000000004,396.82539682539675,-47715.293737006345,25000000.0,25000000.0,50000000.0,60106777.14776214,31,31
97999.16472800214,20000.0,396.82539682539687,77602.33933117674,25000000.0,25000000.0,50000000.0,58964453.715631455,31,31
0.0,9999.999999999998,0.0,-9999.999999999998,0.0,0.0,0.0,50000000.0,0,0
0.0,0.0,0.0,0.0,0.0,0.0,0.0,0.0,0,0
96245.59566642542,9999.999999999998,396.82539682539687,85848.77026960002,25000000.0,25000000.000000004,50000000.0,50000000.0,31,31
0.0,9999.999999999998,0.0,-9999.999999999998,0.0,0.0,0.0,50000000.0,0,0
0.0,0.0,0.0,0.0,0.0,0.0,0.0,0.0,0,0
0.0,0.0,0.0,0.0,0.0,0.0,0.0,0.0,0,0
0.0,0.0,0.0,0.0,0.0,0.0,0.0,0.0,0,0
0.0,0.0,0.0,0.0,0.0,0.0,0.0,0.0,0,0
0.0,0.0,0.0,0.0,0.0,0.0,0.0,0.0,0,0
82567.44968725427,9999.999999999998,396.8253968253969,72170.62429042887,25000000.000000004,24999999.999999996,50000000.0,50000000.0,30,30
0.0,9999.999999999998,0.0,-9999.999999999998,0.0,0.0,0.0,50000000.0,0,0
215419.28554727274,9999.999999999998,396.8253968253969,205022.46015044735,25000000.0,25000000.000000004,50000000.0,50000000.0,30,30
0.0,9999.999999999998,0.0,-9999.999999999998,0.0,0.0,0.0,50000000.0,0,0
0.0,0.0,0.0,0.0,0.0,0.0,0.0,0.0,0,0
0.0,0.0,0.0,0.0,0.0,0.0,0.0,0.0,0,0
0.0,0.0,0.0,0.0,0.0,0.0,0.0,0.0,0,0
0.0,0.0,0.0,0.0,0.0,0.0,0.0,0.0,0,0
0.0,0.0,0.0,0.0,0.0,0.0,0.0,0.0,0,0
0.0,0.0,0.0,0.0,0.0,0.0,0.0,0.0,0,0
0.0,0.0,0.0,0.0,0.0,0.0,0.0,0.0,0,0
0.0,0.0,0.0,0.0,0.0,0.0,0.0,0.0,0,0
0.0,0.0,0.0,0.0,0.0,0.0,0.0,0.0,0,0
0.0,0.0,0.0,0.0,0.0,0.0,0.0,0.0,0,0
0.0,0.0,0.0,0.0,0.0,0.0,0.0,0.0,0,0
79750.8902029935,10000.000000000002,396.8253968253968,69354.0648061681,25000000.0,25000000.000000004,50000000.0,50000000.0,30,30
0.0,10000.000000000002,0.0,-10000.000000000002,0.0,0.0,0.0,50000000.0,0,0
0.0,0.0,0.0,0.0,0.0,0.0,0.0,0.0,0,0
0.0,0.0,0.0,0.0,0.0,0.0,0.0,0.0,0,0
0.0,0.0,0.0,0.0,0.0,0.0,0.0,0.0,0,0
0.0,0.0,0.0,0.0,0.0,0.0,0.0,0.0,0,0
0.0,0.0,0.0,0.0,0.0,0.0,0.0,0.0,0,0
0.0,0.0,0.0,0.0,0.0,0.0,0.0,0.0,0,0
0.0,0.0,0.0,0.0,0.0,0.0,0.0,0.0,0,0
-58114.84234954008,10000.0,396.82539682539664,-68511.66774636548,25000000.0,24999999.999999996,50000000.0,49999999.99999999,27,27
-8275.386006219333,20288.074361918014,396.82539682539687,-28960.285764962744,25000000.000000004,25000000.000000004,50000000.00000001,66319130.68227091,27,27
-37283.89183886807,20682.228017271795,396.82539682539687,-58362.94525296526,25000000.000000004,25000000.000000004,50000000.00000001,72534754.12529959,28,28
0.0,10000.000000000005,0.0,-10000.000000000005,0.0,0.0,0.0,50000000.00000001,0,0
0.0,0.0,0.0,0.0,0.0,0.0,0.0,0.0,0,0
0.0,0.0,0.0,0.0,0.0,0.0,0.0,0.0,0,0
95985.82489252283,10000.0,396.82539682539687,85588.99949569743,24999999.999999996,25000000.0,50000000.0,50000000.0,29,29
0.0,10000.0,0.0,-10000.0,0.0,0.0,0.0,50000000.0,0,0
0.0,0.0,0.0,0.0,0.0,0.0,0.0,0.0,0,0
0.0,0.0,0.0,0.0,0.0,0.0,0.0,0.0,0,0
0.0,0.0,0.0,0.0,0.0,0.0,0.0,0.0,0,0
0.0,0.0,0.0,0.0,0.0,0.0,0.0,0.0,0,0
0.0,0.0,0.0,0.0,0.0,0.0,0.0,0.0,0,0
0.0,0.0,0.0,0.0,0.0,0.0,0.0,0.0,0,0
0.0,0.0,0.0,0.0,0.0,0.0,0.0,0.0,0,0
67317.0985014311,9999.999999999996,396.82539682539687,56920.2731046057,25000000.0,25000000.0,50000000.0,50000000.0,30,30
39894.64289307526,20000.000000000015,396.8253968253968,19497.81749624985,25000000.000000004,25000000.000000007,50000000.000000015,59627974.70141415,30,30
0.0,10000.000000000004,0.0,-10000.000000000004,0.0,0.0,0.0,50000000.00000001,0,0
-63302.873946276704,10000.0,396.82539682539675,-73699.6993431021,25000000.0,25000000.0,50000000.0,50000000.0,30,30
0.0,10000.0,0.0,-10000.0,0.0,0.0,0.0,50000000.0,0,0
0.0,0.0,0.0,0.0,0.0,0.0,0.0,0.0,0,0
0.0,0.0,0.0,0.0,0.0,0.0,0.0,0.0,0,0
0.0,0.0,0.0,0.0,0.0,0.0,0.0,0.0,0,0
-32021.910704025333,10000.000000000002,396.82539682539675,-42418.736100850736,25000000.0,24999999.999999996,50000000.0,49999999.99999999,30,30
17369.167192739227,20000.000000000007,396.82539682539687,-3027.6582040861767,25000000.000000004,25000000.0,50000000.0,64716666.82111311,30,30
0.0,10000.000000000002,0.0,-10000.000000000002,0.0,0.0,0.0,50000000.0,0,0
0.0,0.0,0.0,0.0,0.0,0.0,0.0,0.0,0,0
0.0,0.0,0.0,0.0,0.0,0.0,0.0,0.0,0,0
0.0,0.0,0.0,0.0,0.0,0.0,0.0,0.0,0,0
0.0,0.0,0.0,0.0,0.0,0.0,0.0,0.0,0,0
0.0,0.0,0.0,0.0,0.0,0.0,0.0,0.0,0,0
0.0,0.0,0.0,0.0,0.0,0.0,0.0,0.0,0,0
0.0,0.0,0.0,0.0,0.0,0.0,0.0,0.0,0,0
0.0,0.0,0.0,0.0,0.0,0.0,0.0,0.0,0,0
0.0,0.0,0.0,0.0,0.0,0.0,0.0,0.0,0,0
0.0,0.0,0.0,0.0,0.0,0.0,0.0,0.0,0,0
0.0,0.0,0.0,0.0,0.0,0.0,0.0,0.0,0,0
-9849.303179140203,10000.000000000002,396.8253968253969,-20246.1285759656,25000000.000000004,25000000.0,50000000.0,50000000.00000001,29,29
0.0,10000.000000000002,0.0,-10000.000000000002,0.0,0.0,0.0,50000000.00000001,0,0
0.0,0.0,0.0,0.0,0.0,0.0,0.0,0.0,0,0
0.0,0.0,0.0,0.0,0.0,0.0,0.0,0.0,0,0
0.0,0.0,0.0,0.0,0.0,0.0,0.0,0.0,0,0
0.0,0.0,0.0,0.0,0.0,0.0,0.0,0.0,0,0
0.0,0.0,0.0,0.0,0.0,0.0,0.0,0.0,0,0
0.0,0.0,0.0,0.0,0.0,0.0,0.0,0.0,0,0
-102317.079267965,10000.000000000002,396.8253968253969,-112713.9046647904,24999999.999999996,25000000.000000004,50000000.0,50000000.0,31,31
-51813.06135705655,19999.99999999999,396.82539682539675,-72209.88675388193,24999999.999999996,24999999.999999996,49999999.99999999,62918722.8561924,30,30
0.0,10000.000000000002,0.0,-10000.000000000002,0.0,0.0,0.0,49999999.99999999,0,0
0.0,0.0,0.0,0.0,0.0,0.0,0.0,0.0,0,0
0.0,0.0,0.0,0.0,0.0,0.0,0.0,0.0,0,0
0.0,0.0,0.0,0.0,0.0,0.0,0.0,0.0,0,0
0.0,0.0,0.0,0.0,0.0,0.0,0.0,0.0,0,0
0.0,0.0,0.0,0.0,0.0,0.0,0.0,0.0,0,0
0.0,0.0,0.0,0.0,0.0,0.0,0.0,0.0,0,0
0.0,0.0,0.0,0.0,0.0,0.0,0.0,0.0,0,0
0.0,0.0,0.0,0.0,0.0,0.0,0.0,0.0,0,0
0.0,0.0,0.0,0.0,0.0,0.0,0.0,0.0,0,0
31787.165071875068,9999.999999999996,396.8253968253968,21390.339675049676,24999999.999999996,25000000.0,50000000.0,50000000.0,31,31
0.0,9999.999999999996,0.0,-9999.999999999996,0.0,0.0,0.0,50000000.0,0,0
0.0,0.0,0.0,0.0,0.0,0.0,0.0,0.0,0,0
0.0,0.0,0.0,0.0,0.0,0.0,0.0,0.0,0,0
0.0,0.0,0.0,0.0,0.0,0.0,0.0,0.0,0,0
0.0,0.0,0.0,0.0,0.0,0.0,0.0,0.0,0,0
0.0,0.0,0.0,0.0,0.0,0.0,0.0,0.0,0,0
0.0,0.0,0.0,0.0,0.0,0.0,0.0,0.0,0,0
0.0,0.0,0.0,0.0,0.0,0.0,0.0,0.0,0,0
0.0,0.0,0.0,0.0,0.0,0.0,0.0,0.0,0,0
0.0,0.0,0.0,0.0,0.0,0.0,0.0,0.0,0,0
0.0,0.0,0.0,0.0,0.0,0.0,0.0,0.0,0,0
0.0,0.0,0.0,0.0,0.0,0.0,0.0,0.0,0,0
0.0,0.0,0.0,0.0,0.0,0.0,0.0,0.0,0,0
0.0,0.0,0.0,0.0,0.0,0.0,0.0,0.0,0,0
0.0,0.0,0.0,0.0,0.0,0.0,0.0,0.0,0,0
0.0,0.0,0.0,0.0,0.0,0.0,0.0,0.0,0,0
0.0,0.0,0.0,0.0,0.0,0.0,0.0,0.0,0,0
0.0,0.0,0.0,0.0,0.0,0.0,0.0,0.0,0,0
0.0,0.0,0.0,0.0,0.0,0.0,0.0,0.0,0,0
0.0,0.0,0.0,0.0,0.0,0.0,0.0,0.0,0,0
37860.63947128846,9999.999999999998,396.8253968253967,27463.814074463062,25000000.0,24999999.999999996,50000000.0,50000000.0,32,32
0.0,9999.999999999998,0.0,-9999.999999999998,0.0,0.0,0.0,50000000.0,0,0
0.0,0.0,0.0,0.0,0.0,0.0,0.0,0.0,0,0
0.0,0.0,0.0,0.0,0.0,0.0,0.0,0.0,0,0
0.0,0.0,0.0,0.0,0.0,0.0,0.0,0.0,0,0
0.0,0.0,0.0,0.0,0.0,0.0,0.0,0.0,0,0
0.0,0.0,0.0,0.0,0.0,0.0,0.0,0.0,0,0
0.0,0.0,0.0,0.0,0.0,0.0,0.0,0.0,0,0
0.0,0.0,0.0,0.0,0.0,0.0,0.0,0.0,0,0
0.0,0.0,0.0,0.0,0.0,0.0,0.0,0.0,0,0
0.0,0.0,0.0,0.0,0.0,0.0,0.0,0.0,0,0
0.0,0.0,0.0,0.0,0.0,0.0,0.0,0.0,0,0
0.0,0.0,0.0,0.0,0.0,0.0,0.0,0.0,0,0
-21181.321297410537,10000.0,396.82539682539687,-31578.146694235933,25000000.0,25000000.0,50000000.0,50000000.0,31,31
18806.05967896693,20000.00000000001,396.82539682539675,-1590.7657178584786,25000000.0,25000000.0,50000000.0,64821822.494171605,31,31
89609.16296502881,20000.00000000001,396.8253968253968,69212.3375682034,24999999.999999996,25000000.0,50000000.0,61191287.347505815,30,30
0.0,10000.000000000005,0.0,-10000.000000000005,0.0,0.0,0.0,50000000.0,0,0
0.0,0.0,0.0,0.0,0.0,0.0,0.0,0.0,0,0
0.0,0.0,0.0,0.0,0.0,0.0,0.0,0.0,0,0
3765.427591625677,10000.0,396.8253968253969,-6631.397805199719,25000000.0,25000000.0,50000000.0,50000000.0,30,30
0.0,10000.0,0.0,-10000.0,0.0,0.0,0.0,50000000.0,0,0
0.0,0.0,0.0,0.0,0.0,0.0,0.0,0.0,0,0
0.0,0.0,0.0,0.0,0.0,0.0,0.0,0.0,0,0
0.0,0.0,0.0,0.0,0.0,0.0,0.0,0.0,0,0
0.0,0.0,0.0,0.0,0.0,0.0,0.0,0.0,0,0
0.0,0.0,0.0,0.0,0.0,0.0,0.0,0.0,0,0
0.0,0.0,0.0,0.0,0.0,0.0,0.0,0.0,0,0
0.0,0.0,0.0,0.0,0.0,0.0,0.0,0.0,0,0
0.0,0.0,0.0,0.0,0.0,0.0,0.0,0.0,0,0
0.0,0.0,0.0,0.0,0.0,0.0,0.0,0.0,0,0
0.0,0.0,0.0,0.0,0.0,0.0,0.0,0.0,0,0
0.0,0.0,0.0,0.0,0.0,0.0,0.0,0.0,0,0
0.0,0.0,0.0,0.0,0.0,0.0,0.0,0.0,0,0
0.0,0.0,0.0,0.0,0.0,0.0,0.0,0.0,0,0
0.0,0.0,0.0,0.0,0.0,0.0,0.0,0.0,0,0
0.0,0.0,0.0,0.0,0.0,0.0,0.0,0.0,0,0
0.0,0.0,0.0,0.0,0.0,0.0,0.0,0.0,0,0
88849.57166536819,10000.000000000004,396.8253968253968,78452.74626854279,25000000.0,25000000.0,50000000.0,50000000.0,33,33
0.0,10000.000000000004,0.0,-10000.000000000004,0.0,0.0,0.0,50000000.0,0,0
0.0,0.0,0.0,0.0,0.0,0.0,0.0,0.0,0,0
132652.47828364518,10000.0,396.82539682539675,122255.65288681978,25000000.000000004,24999999.999999996,50000000.0,50000000.0,34,34
48505.65219350441,19999.999999999993,396.82539682539675,28108.82679667902,25000000.0,24999999.999999996,50000000.0,63182614.23268446,34,34
0.0,10000.000000000005,0.0,-10000.000000000005,0.0,0.0,0.0,50000000.0,0,0
0.0,0.0,0.0,0.0,0.0,0.0,0.0,0.0,0,0
123459.09526870857,9999.999999999998,396.82539682539675,113062.26987188317,25000000.0,25000000.0,50000000.0,50000000.0,33,33
0.0,9999.999999999998,0.0,-9999.999999999998,0.0,0.0,0.0,50000000.0,0,0
0.0,0.0,0.0,0.0,0.0,0.0,0.0,0.0,0,0
-34250.520079987895,10000.000000000002,396.8253968253969,-44647.345476813294,25000000.0,25000000.000000004,50000000.0,50000000.0,32,32
44650.734311973094,19999.999999999993,396.8253968253968,24253.908915147706,25000000.000000004,25000000.0,50000000.0,59881923.50247606,33,33
144792.438206096,20000.0,396.8253968253967,124395.6128092706,25000000.000000004,25000000.0,50000000.0,73884555.39781041,33,33
84754.5543880876,19999.999999999996,396.8253968253969,64357.72899126221,25000000.0,25000000.0,50000000.0,75428869.61914977,33,33
278056.46813467215,19999.999999999985,396.82539682539675,257659.64273784676,25000000.0,25000000.0,50000000.0,74158924.375786,32,32
0.0,10000.0,0.0,-10000.0,0.0,0.0,0.0,50000000.0,0,0
78698.97083277121,9999.999999999998,396.8253968253968,68302.14543594581,25000000.000000004,24999999.999999996,50000000.0,50000000.0,33,33
0.0,9999.999999999998,0.0,-9999.999999999998,0.0,0.0,0.0,50000000.0,0,0
0.0,0.0,0.0,0.0,0.0,0.0,0.0,0.0,0,0
-45713.92380590659,10000.000000000002,396.8253968253968,-56110.74920273199,25000000.0,24999999.999999996,50000000.0,50000000.0,34,34
0.0,10000.000000000002,0.0,-10000.000000000002,0.0,0.0,0.0,50000000.0,0,0
0.0,0.0,0.0,0.0,0.0,0.0,0.0,0.0,0,0
0.0,0.0,0.0,0.0,0.0,0.0,0.0,0.0,0,0
0.0,0.0,0.0,0.0,0.0,0.0,0.0,0.0,0,0
0.0,0.0,0.0,0.0,0.0,0.0,0.0,0.0,0,0
63032.07979947172,10000.000000000004,396.8253968253969,52635.254402646315,24999999.999999996,25000000.000000004,50000000.0,50000000.0,34,34
0.0,10000.000000000004,0.0,-10000.000000000004,0.0,0.0,0.0,50000000.0,0,0
0.0,0.0,0.0,0.0,0.0,0.0,0.0,0.0,0,0
0.0,0.0,0.0,0.0,0.0,0.0,0.0,0.0,0,0
0.0,0.0,0.0,0.0,0.0,0.0,0.0,0.0,0,0
0.0,0.0,0.0,0.0,0.0,0.0,0.0,0.0,0,0
0.0,0.0,0.0,0.0,0.0,0.0,0.0,0.0,0,0
0.0,0.0,0.0,0.0,0.0,0.0,0.0,0.0,0,0
0.0,0.0,0.0,0.0,0.0,0.0,0.0,0.0,0,0
0.0,0.0,0.0,0.0,0.0,0.0,0.0,0.0,0,0
0.0,0.0,0.0,0.0,0.0,0.0,0.0,0.0,0,0
0.0,0.0,0.0,0.0,0.0,0.0,0.0,0.0,0,0
0.0,0.0,0.0,0.0,0.0,0.0,0.0,0.0,0,0
0.0,0.0,0.0,0.0,0.0,0.0,0.0,0.0,0,0
0.0,0.0,0.0,0.0,0.0,0.0,0.0,0.0,0,0
0.0,0.0,0.0,0.0,0.0,0.0,0.0,0.0,0,0
0.0,0.0,0.0,0.0,0.0,0.0,0.0,0.0,0,0
0.0,0.0,0.0,0.0,0.0,0.0,0.0,0.0,0,0
93522.67708598325,10000.000000000002,396.82539682539675,83125.85168915785,25000000.0,25000000.0,50000000.0,50000000.0,35,35
0.0,10000.000000000002,0.0,-10000.000000000002,0.0,0.0,0.0,50000000.0,0,0
108444.58009376317,10000.0,396.82539682539687,98047.75469693777,25000000.0,25000000.000000004,50000000.0,50000000.0,36,36
0.0,10000.0,0.0,-10000.0,0.0,0.0,0.0,50000000.0,0,0
0.0,0.0,0.0,0.0,0.0,0.0,0.0,0.0,0,0
0.0,0.0,0.0,0.0,0.0,0.0,0.0,0.0,0,0
0.0,0.0,0.0,0.0,0.0,0.0,0.0,0.0,0,0
0.0,0.0,0.0,0.0,0.0,0.0,0.0,0.0,0,0
0.0,0.0,0.0,0.0,0.0,0.0,0.0,0.0,0,0
0.0,0.0,0.0,0.0,0.0,0.0,0.0,0.0,0,0
0.0,0.0,0.0,0.0,0.0,0.0,0.0,0.0,0,0
0.0,0.0,0.0,0.0,0.0,0.0,0.0,0.0,0,0
0.0,0.0,0.0,0.0,0.0,0.0,0.0,0.0,0,0
0.0,0.0,0.0,0.0,0.0,0.0,0.0,0.0,0,0
40456.95332405793,10000.000000000002,396.8253968253969,30060.127927232537,25000000.0,25000000.000000004,50000000.0,50000000.00000001,35,35
36058.043552560106,20000.0,396.8253968253968,15661.218155734708,24999999.999999996,25000000.0,50000000.0,64024348.9895173,35,35
0.0,10000.0,0.0,-10000.0,0.0,0.0,0.0,49999999.99999999,0,0
0.0,0.0,0.0,0.0,0.0,0.0,0.0,0.0,0,0
107469.8339003811,10000.000000000005,396.82539682539675,97073.0085035557,25000000.000000004,25000000.0,50000000.0,50000000.0,35,35
204922.92891665647,20000.00000000001,396.825396825397,184526.1035198311,25000000.000000004,25000000.000000004,50000000.00000001,66197990.864165716,35,35
24743.642333098982,20329.834645301842,396.8253968253969,4016.9822909717427,25000000.0,25000000.0,50000000.0,58204230.81238327,35,35
-132504.4752123208,19999.999999999996,396.82539682539687,-152901.3006091462,25000000.0,25000000.0,50000000.0,62905011.218872674,35,35
149934.95732465948,20000.0,396.82539682539675,129538.13192783408,25000000.0,25000000.0,50000000.0,67863983.20256852,35,35
0.0,9999.999999999998,0.0,-9999.999999999998,0.0,0.0,0.0,50000000.0,0,0
188558.82658376652,10000.000000000002,396.82539682539675,178162.00118694114,24999999.999999996,25000000.0,50000000.0,50000000.0,35,35
0.0,10000.000000000002,0.0,-10000.000000000002,0.0,0.0,0.0,50000000.0,0,0
100761.0852070906,10000.0,396.8253968253968,90364.2598102652,25000000.0,25000000.0,50000000.0,50000000.0,34,34
70706.16240737314,20448.88441299105,396.82539682539687,49860.45259755669,25000000.000000004,25000000.0,50000000.0,78493614.53564945,34,34
77868.23489512247,20294.797348398122,396.8253968253969,57176.61214989895,25000000.0,25000000.000000004,50000000.0,68756829.55356613,33,33
0.0,10000.0,0.0,-10000.0,0.0,0.0,0.0,50000000.0,0,0
-104453.95726458082,9999.999999999998,396.82539682539675,-114850.78266140622,25000000.000000004,25000000.0,50000000.0,50000000.0,32,32
60231.914451560704,20957.741583517833,396.82539682539687,38877.34747121747,25000000.0,25000000.0,50000000.0,73040339.96991183,32,32
0.0,9999.999999999998,0.0,-9999.999999999998,0.0,0.0,0.0,50000000.0,0,0
-118964.07834460193,9999.999999999998,396.82539682539675,-129360.90374142733,25000000.0,24999999.999999996,50000000.0,49999999.99999999,33,33
21262.860832983566,19999.999999999993,396.82539682539675,866.0354361581766,25000000.0,25000000.0,50000000.0,76005090.4720988,31,31
0.0,10000.000000000005,0.0,-10000.000000000005,0.0,0.0,0.0,50000000.0,0,0
0.0,0.0,0.0,0.0,0.0,0.0,0.0,0.0,0,0
-26151.786111287238,10000.000000000002,396.82539682539675,-36548.61150811264,25000000.0,24999999.999999996,50000000.0,50000000.0,34,34
0.0,10000.000000000002,0.0,-10000.000000000002,0.0,0.0,0.0,50000000.0,0,0
0.0,0.0,0.0,0.0,0.0,0.0,0.0,0.0,0,0
-104269.27478404874,10000.000000000004,396.82539682539675,-114666.10018087414,25000000.000000004,25000000.0,50000000.0,50000000.0,33,33
0.0,10000.000000000004,0.0,-10000.000000000004,0.0,0.0,0.0,50000000.0,0,0
0.0,0.0,0.0,0.0,0.0,0.0,0.0,0.0,0,0
0.0,0.0,0.0,0.0,0.0,0.0,0.0,0.0,0,0
0.0,0.0,0.0,0.0,0.0,0.0,0.0,0.0,0,0
33314.630579683435,9999.999999999996,396.8253968253968,22917.805182858043,25000000.0,25000000.0,50000000.0,50000000.0,35,35
0.0,9999.999999999996,0.0,-9999.999999999996,0.0,0.0,0.0,50000000.0,0,0
0.0,0.0,0.0,0.0,0.0,0.0,0.0,0.0,0,0
0.0,0.0,0.0,0.0,0.0,0.0,0.0,0.0,0,0
0.0,0.0,0.0,0.0,0.0,0.0,0.0,0.0,0,0
0.0,0.0,0.0,0.0,0.0,0.0,0.0,0.0,0,0
0.0,0.0,0.0,0.0,0.0,0.0,0.0,0.0,0,0
0.0,0.0,0.0,0.0,0.0,0.0,0.0,0.0,0,0
0.0,0.0,0.0,0.0,0.0,0.0,0.0,0.0,0,0
0.0,0.0,0.0,0.0,0.0,0.0,0.0,0.0,0,0
0.0,0.0,0.0,0.0,0.0,0.0,0.0,0.0,0,0
0.0,0.0,0.0,0.0,0.0,0.0,0.0,0.0,0,0
-43785.94058037227,10000.000000000004,396.82539682539687,-54182.765977197676,25000000.0,25000000.0,50000000.0,50000000.0,34,34
85738.84638940955,19999.999999999993,396.82539682539675,65342.02099258416,25000000.0,25000000.000000004,50000000.0,70432373.47024629,34,34
0.0,10000.0,0.0,-10000.0,0.0,0.0,0.0,50000000.0,0,0
0.0,0.0,0.0,0.0,0.0,0.0,0.0,0.0,0,0
0.0,0.0,0.0,0.0,0.0,0.0,0.0,0.0,0,0
0.0,0.0,0.0,0.0,0.0,0.0,0.0,0.0,0,0
2281.6960287291176,9999.999999999995,396.8253968253968,-8115.1293680962735,24999999.999999996,25000000.0,50000000.0,49999999.99999999,34,34
0.0,9999.999999999995,0.0,-9999.999999999995,0.0,0.0,0.0,49999999.99999999,0,0
0.0,0.0,0.0,0.0,0.0,0.0,0.0,0.0,0,0
47594.267055668526,10000.000000000002,396.82539682539675,37197.44165884313,25000000.000000004,25000000.0,50000000.0,50000000.00000001,33,33
57140.63953302948,20228.81188154859,396.82539682539675,36515.0022546555,25000000.0,25000000.000000004,50000000.0,61464925.34282309,33,33
0.0,9999.999999999998,0.0,-9999.999999999998,0.0,0.0,0.0,50000000.0,0,0
0.0,0.0,0.0,0.0,0.0,0.0,0.0,0.0,0,0
0.0,0.0,0.0,0.0,0.0,0.0,0.0,0.0,0,0
0.0,0.0,0.0,0.0,0.0,0.0,0.0,0.0,0,0
19454.2817240153,10000.0,396.8253968253968,9057.456327189904,24999999.999999996,25000000.0,50000000.0,49999999.99999999,33,33
43612.902408669645,20000.0,396.82539682539687,23216.07701184425,25000000.000000004,24999999.999999996,50000000.0,68378209.38959767,33,33
-11131.305780086463,20000.000000000004,396.82539682539675,-31528.131176911862,25000000.0,25000000.0,50000000.0,73831651.84529781,33,33
58814.45328811515,19999.999999999996,396.82539682539687,38417.627891289754,25000000.0,24999999.999999996,50000000.0,69094220.71808231,33,33
0.0,9999.999999999995,0.0,-9999.999999999995,0.0,0.0,0.0,50000000.0,0,0
0.0,0.0,0.0,0.0,0.0,0.0,0.0,0.0,0,0
0.0,0.0,0.0,0.0,0.0,0.0,0.0,0.0,0,0
0.0,0.0,0.0,0.0,0.0,0.0,0.0,0.0,0,0
0.0,0.0,0.0,0.0,0.0,0.0,0.0,0.0,0,0
41947.65658709027,10000.0,396.82539682539687,31550.831190264875,25000000.000000004,25000000.0,50000000.0,50000000.0,34,34
-251173.35153870744,20000.0,396.82539682539704,-271570.1769355328,24999999.999999996,25000000.000000004,50000000.0,70834436.54297288,34,34
55186.85292191123,20000.0,396.82539682539687,34790.02752508583,25000000.0,25000000.000000004,50000000.0,62760878.60188009,34,34
143920.34247352745,20000.000000000007,396.82539682539687,123523.51707670205,25000000.000000004,25000000.0,50000000.0,66114279.60173865,34,34
0.0,9999.999999999995,0.0,-9999.999999999995,0.0,0.0,0.0,50000000.0,0,0
0.0,0.0,0.0,0.0,0.0,0.0,0.0,0.0,0,0
0.0,0.0,0.0,0.0,0.0,0.0,0.0,0.0,0,0
-13658.302839753846,10000.0,396.8253968253969,-24055.12823657924,25000000.0,25000000.0,50000000.0,50000000.0,33,33
0.0,10000.0,0.0,-10000.0,0.0,0.0,0.0,50000000.0,0,0
108524.60529097872,9999.999999999998,396.82539682539675,98127.77989415333,25000000.0,25000000.0,50000000.0,50000000.0,33,33
0.0,9999.999999999998,0.0,-9999.999999999998,0.0,0.0,0.0,50000000.0,0,0
0.0,0.0,0.0,0.0,0.0,0.0,0.0,0.0,0,0
0.0,0.0,0.0,0.0,0.0,0.0,0.0,0.0,0,0
60232.07076610806,9999.999999999998,396.82539682539675,49835.24536928266,25000000.0,25000000.0,50000000.0,50000000.0,32,32
0.0,9999.999999999998,0.0,-9999.999999999998,0.0,0.0,0.0,50000000.0,0,0
0.0,0.0,0.0,0.0,0.0,0.0,0.0,0.0,0,0
0.0,0.0,0.0,0.0,0.0,0.0,0.0,0.0,0,0
-1982.3913306551717,10000.000000000004,396.8253968253969,-12379.216727480572,25000000.0,25000000.000000007,50000000.00000001,50000000.00000001,29,29
0.0,10000.000000000004,0.0,-10000.000000000004,0.0,0.0,0.0,50000000.00000001,0,0
0.0,0.0,0.0,0.0,0.0,0.0,0.0,0.0,0,0
-132218.99551256356,10000.000000000002,396.82539682539675,-142615.82090938895,25000000.0,24999999.999999996,50000000.0,50000000.0,33,33
155090.9771682038,20000.00000000001,396.8253968253968,134694.1517713784,25000000.000000004,25000000.0,50000000.0,60026305.98812771,33,33
0.0,10000.000000000002,0.0,-10000.000000000002,0.0,0.0,0.0,50000000.00000001,0,0
0.0,0.0,0.0,0.0,0.0,0.0,0.0,0.0,0,0
0.0,0.0,0.0,0.0,0.0,0.0,0.0,0.0,0,0
0.0,0.0,0.0,0.0,0.0,0.0,0.0,0.0,0,0
0.0,0.0,0.0,0.0,0.0,0.0,0.0,0.0,0,0
0.0,0.0,0.0,0.0,0.0,0.0,0.0,0.0,0,0
0.0,0.0,0.0,0.0,0.0,0.0,0.0,0.0,0,0
0.0,0.0,0.0,0.0,0.0,0.0,0.0,0.0,0,0
0.0,0.0,0.0,0.0,0.0,0.0,0.0,0.0,0,0
0.0,0.0,0.0,0.0,0.0,0.0,0.0,0.0,0,0
0.0,0.0,0.0,0.0,0.0,0.0,0.0,0.0,0,0
0.0,0.0,0.0,0.0,0.0,0.0,0.0,0.0,0,0
0.0,0.0,0.0,0.0,0.0,0.0,0.0,0.0,0,0
0.0,0.0,0.0,0.0,0.0,0.0,0.0,0.0,0,0
0.0,0.0,0.0,0.0,0.0,0.0,0.0,0.0,0,0
0.0,0.0,0.0,0.0,0.0,0.0,0.0,0.0,0,0
0.0,0.0,0.0,0.0,0.0,0.0,0.0,0.0,0,0
0.0,0.0,0.0,0.0,0.0,0.0,0.0,0.0,0,0
0.0,0.0,0.0,0.0,0.0,0.0,0.0,0.0,0,0
0.0,0.0,0.0,0.0,0.0,0.0,0.0,0.0,0,0
96.87491536390507,9999.999999999998,396.8253968253968,-10299.95048146149,25000000.0,25000000.0,50000000.0,50000000.0,32,32
913.6276467021289,20000.00000000001,396.82539682539675,-19483.19775012328,25000000.000000004,25000000.0,50000000.0,62255244.3352188,32,32
0.0,10000.000000000002,0.0,-10000.000000000002,0.0,0.0,0.0,50000000.00000001,0,0
0.0,0.0,0.0,0.0,0.0,0.0,0.0,0.0,0,0
0.0,0.0,0.0,0.0,0.0,0.0,0.0,0.0,0,0
0.0,0.0,0.0,0.0,0.0,0.0,0.0,0.0,0,0
0.0,0.0,0.0,0.0,0.0,0.0,0.0,0.0,0,0
21924.44682467118,10000.0,396.8253968253969,11527.621427845783,25000000.0,25000000.000000007,50000000.00000001,50000000.00000001,31,31
0.0,10000.0,0.0,-10000.0,0.0,0.0,0.0,50000000.00000001,0,0
0.0,0.0,0.0,0.0,0.0,0.0,0.0,0.0,0,0
0.0,0.0,0.0,0.0,0.0,0.0,0.0,0.0,0,0
-59462.66814000932,9999.999999999998,396.8253968253968,-69859.49353683472,25000000.0,25000000.0,50000000.0,50000000.0,33,33
78876.59195206886,20000.0,396.8253968253968,58479.76655524346,25000000.0,25000000.0,50000000.0,72668406.65361659,33,33
-12390.934446731026,20000.00000000001,396.8253968253969,-32787.759843556436,25000000.0,25000000.000000004,50000000.0,56252571.0372114,33,33
0.0,10000.0,0.0,-10000.0,0.0,0.0,0.0,50000000.0,0,0
-117005.22554405662,10000.0,396.82539682539687,-127402.05094088202,25000000.0,25000000.0,50000000.0,50000000.0,33,33
19579.856596056456,20000.0,396.82539682539687,-816.9688007689413,25000000.0,25000000.0,50000000.0,66501259.03097768,33,33
0.0,9999.999999999998,0.0,-9999.999999999998,0.0,0.0,0.0,50000000.0,0,0
0.0,0.0,0.0,0.0,0.0,0.0,0.0,0.0,0,0
0.0,0.0,0.0,0.0,0.0,0.0,0.0,0.0,0,0
0.0,0.0,0.0,0.0,0.0,0.0,0.0,0.0,0,0
0.0,0.0,0.0,0.0,0.0,0.0,0.0,0.0,0,0
-24046.33140186413,10000.000000000002,396.8253968253969,-34443.15679868953,24999999.999999996,25000000.0,50000000.0,50000000.0,34,34
0.0,10000.000000000002,0.0,-10000.000000000002,0.0,0.0,0.0,50000000.0,0,0
0.0,0.0,0.0,0.0,0.0,0.0,0.0,0.0,0,0
0.0,0.0,0.0,0.0,0.0,0.0,0.0,0.0,0,0
0.0,0.0,0.0,0.0,0.0,0.0,0.0,0.0,0,0
0.0,0.0,0.0,0.0,0.0,0.0,0.0,0.0,0,0
-166067.9040104439,10000.0,396.8253968253968,-176464.72940726927,24999999.999999996,25000000.000000004,50000000.0,50000000.0,34,34
114344.67904876643,19999.999999999996,396.825396825397,93947.85365194103,25000000.0,25000000.000000004,50000000.0,70228344.87531129,34,34
0.0,10000.000000000002,0.0,-10000.000000000002,0.0,0.0,0.0,50000000.00000001,0,0
0.0,0.0,0.0,0.0,0.0,0.0,0.0,0.0,0,0
0.0,0.0,0.0,0.0,0.0,0.0,0.0,0.0,0,0
0.0,0.0,0.0,0.0,0.0,0.0,0.0,0.0,0,0
0.0,0.0,0.0,0.0,0.0,0.0,0.0,0.0,0,0
0.0,0.0,0.0,0.0,0.0,0.0,0.0,0.0,0,0
0.0,0.0,0.0,0.0,0.0,0.0,0.0,0.0,0,0
0.0,0.0,0.0,0.0,0.0,0.0,0.0,0.0,0,0
0.0,0.0,0.0,0.0,0.0,0.0,0.0,0.0,0,0
0.0,0.0,0.0,0.0,0.0,0.0,0.0,0.0,0,0
0.0,0.0,0.0,0.0,0.0,0.0,0.0,0.0,0,0
0.0,0.0,0.0,0.0,0.0,0.0,0.0,0.0,0,0
0.0,0.0,0.0,0.0,0.0,0.0,0.0,0.0,0,0
0.0,0.0,0.0,0.0,0.0,0.0,0.0,0.0,0,0
0.0,0.0,0.0,0.0,0.0,0.0,0.0,0.0,0,0
0.0,0.0,0.0,0.0,0.0,0.0,0.0,0.0,0,0
0.0,0.0,0.0,0.0,0.0,0.0,0.0,0.0,0,0
0.0,0.0,0.0,0.0,0.0,0.0,0.0,0.0,0,0
0.0,0.0,0.0,0.0,0.0,0.0,0.0,0.0,0,0
0.0,0.0,0.0,0.0,0.0,0.0,0.0,0.0,0,0
0.0,0.0,0.0,0.0,0.0,0.0,0.0,0.0,0,0
0.0,0.0,0.0,0.0,0.0,0.0,0.0,0.0,0,0
0.0,0.0,0.0,0.0,0.0,0.0,0.0,0.0,0,0
0.0,0.0,0.0,0.0,0.0,0.0,0.0,0.0,0,0
0.0,0.0,0.0,0.0,0.0,0.0,0.0,0.0,0,0
0.0,0.0,0.0,0.0,0.0,0.0,0.0,0.0,0,0
0.0,0.0,0.0,0.0,0.0,0.0,0.0,0.0,0,0
0.0,0.0,0.0,0.0,0.0,0.0,0.0,0.0,0,0
0.0,0.0,0.0,0.0,0.0,0.0,0.0,0.0,0,0
0.0,0.0,0.0,0.0,0.0,0.0,0.0,0.0,0,0
-61286.23862436853,10000.0,396.8253968253968,-71683.06402119393,25000000.0,25000000.0,50000000.0,50000000.0,34,34
0.0,10000.0,0.0,-10000.0,0.0,0.0,0.0,50000000.0,0,0
-213305.42928615405,10000.0,396.8253968253967,-223702.25468297943,25000000.0,24999999.999999996,50000000.0,49999999.99999999,33,33
0.0,10000.0,0.0,-10000.0,0.0,0.0,0.0,49999999.99999999,0,0
0.0,0.0,0.0,0.0,0.0,0.0,0.0,0.0,0,0
-124122.4478006361,10000.000000000004,396.82539682539687,-134519.2731974615,25000000.000000004,25000000.0,50000000.0,50000000.0,34,34
100.5394933466223,20063.919902398222,396.8253968253968,-20360.205805876994,25000000.0,25000000.0,50000000.0,66519783.5454776,33,33
28799.641244021666,20063.91990239822,396.82539682539687,8338.89594479805,25000000.0,25000000.0,50000000.0,69187222.98810977,33,33
0.0,9999.999999999998,0.0,-9999.999999999998,0.0,0.0,0.0,50000000.0,0,0
77614.67986752214,9999.999999999998,396.82539682539664,67217.85447069674,25000000.0,24999999.999999996,50000000.0,50000000.0,33,33
0.0,9999.999999999998,0.0,-9999.999999999998,0.0,0.0,0.0,50000000.0,0,0
-7460.533066808261,10000.000000000002,396.82539682539675,-17857.358463633656,25000000.0,24999999.999999996,50000000.0,50000000.0,34,34
0.0,10000.000000000002,0.0,-10000.000000000002,0.0,0.0,0.0,50000000.0,0,0
0.0,0.0,0.0,0.0,0.0,0.0,0.0,0.0,0,0
0.0,0.0,0.0,0.0,0.0,0.0,0.0,0.0,0,0
0.0,0.0,0.0,0.0,0.0,0.0,0.0,0.0,0,0
0.0,0.0,0.0,0.0,0.0,0.0,0.0,0.0,0,0
0.0,0.0,0.0,0.0,0.0,0.0,0.0,0.0,0,0
0.0,0.0,0.0,0.0,0.0,0.0,0.0,0.0,0,0
0.0,0.0,0.0,0.0,0.0,0.0,0.0,0.0,0,0
0.0,0.0,0.0,0.0,0.0,0.0,0.0,0.0,0,0
0.0,0.0,0.0,0.0,0.0,0.0,0.0,0.0,0,0
0.0,0.0,0.0,0.0,0.0,0.0,0.0,0.0,0,0
-5117.293705700251,10000.000000000005,396.82539682539675,-15514.119102525654,25000000.0,25000000.0,50000000.0,50000000.0,36,36
0.0,10000.000000000005,0.0,-10000.000000000005,0.0,0.0,0.0,50000000.0,0,0
0.0,0.0,0.0,0.0,0.0,0.0,0.0,0.0,0,0
0.0,0.0,0.0,0.0,0.0,0.0,0.0,0.0,0,0
0.0,0.0,0.0,0.0,0.0,0.0,0.0,0.0,0,0
0.0,0.0,0.0,0.0,0.0,0.0,0.0,0.0,0,0
0.0,0.0,0.0,0.0,0.0,0.0,0.0,0.0,0,0
47142.34859160635,9999.999999999998,396.8253968253967,36745.52319478095,25000000.000000004,25000000.0,50000000.0,50000000.0,36,36
0.0,9999.999999999998,0.0,-9999.999999999998,0.0,0.0,0.0,50000000.0,0,0
898.2117971622686,10000.000000000004,396.82539682539687,-9498.613599663133,24999999.999999996,25000000.0,50000000.0,50000000.0,35,35
0.0,10000.000000000004,0.0,-10000.000000000004,0.0,0.0,0.0,50000000.0,0,0
99083.56333802696,9999.999999999996,396.8253968253968,88686.73794120156,25000000.000000004,24999999.999999996,50000000.0,50000000.0,34,34
0.0,9999.999999999996,0.0,-9999.999999999996,0.0,0.0,0.0,50000000.0,0,0
0.0,0.0,0.0,0.0,0.0,0.0,0.0,0.0,0,0
0.0,0.0,0.0,0.0,0.0,0.0,0.0,0.0,0,0
0.0,0.0,0.0,0.0,0.0,0.0,0.0,0.0,0,0
0.0,0.0,0.0,0.0,0.0,0.0,0.0,0.0,0,0
0.0,0.0,0.0,0.0,0.0,0.0,0.0,0.0,0,0
246873.42121230098,10000.000000000002,396.8253968253968,236476.5958154756,24999999.999999996,25000000.0,50000000.0,50000000.0,32,32
0.0,10000.000000000002,0.0,-10000.000000000002,0.0,0.0,0.0,50000000.0,0,0
0.0,0.0,0.0,0.0,0.0,0.0,0.0,0.0,0,0
0.0,0.0,0.0,0.0,0.0,0.0,0.0,0.0,0,0
0.0,0.0,0.0,0.0,0.0,0.0,0.0,0.0,0,0
0.0,0.0,0.0,0.0,0.0,0.0,0.0,0.0,0,0
0.0,0.0,0.0,0.0,0.0,0.0,0.0,0.0,0,0
0.0,0.0,0.0,0.0,0.0,0.0,0.0,0.0,0,0
0.0,0.0,0.0,0.0,0.0,0.0,0.0,0.0,0,0
0.0,0.0,0.0,0.0,0.0,0.0,0.0,0.0,0,0
0.0,0.0,0.0,0.0,0.0,0.0,0.0,0.0,0,0
0.0,0.0,0.0,0.0,0.0,0.0,0.0,0.0,0,0
0.0,0.0,0.0,0.0,0.0,0.0,0.0,0.0,0,0
0.0,0.0,0.0,0.0,0.0,0.0,0.0,0.0,0,0
0.0,0.0,0.0,0.0,0.0,0.0,0.0,0.0,0,0
0.0,0.0,0.0,0.0,0.0,0.0,0.0,0.0,0,0
0.0,0.0,0.0,0.0,0.0,0.0,0.0,0.0,0,0
0.0,0.0,0.0,0.0,0.0,0.0,0.0,0.0,0,0
0.0,0.0,0.0,0.0,0.0,0.0,0.0,0.0,0,0
0.0,0.0,0.0,0.0,0.0,0.0,0.0,0.0,0,0
0.0,0.0,0.0,0.0,0.0,0.0,0.0,0.0,0,0
0.0,0.0,0.0,0.0,0.0,0.0,0.0,0.0,0,0
0.0,0.0,0.0,0.0,0.0,0.0,0.0,0.0,0,0
0.0,0.0,0.0,0.0,0.0,0.0,0.0,0.0,0,0
0.0,0.0,0.0,0.0,0.0,0.0,0.0,0.0,0,0
0.0,0.0,0.0,0.0,0.0,0.0,0.0,0.0,0,0
0.0,0.0,0.0,0.0,0.0,0.0,0.0,0.0,0,0
0.0,0.0,0.0,0.0,0.0,0.0,0.0,0.0,0,0
0.0,0.0,0.0,0.0,0.0,0.0,0.0,0.0,0,0
0.0,0.0,0.0,0.0,0.0,0.0,0.0,0.0,0,0
0.0,0.0,0.0,0.0,0.0,0.0,0.0,0.0,0,0
0.0,0.0,0.0,0.0,0.0,0.0,0.0,0.0,0,0
0.0,0.0,0.0,0.0,0.0,0.0,0.0,0.0,0,0
0.0,0.0,0.0,0.0,0.0,0.0,0.0,0.0,0,0
0.0,0.0,0.0,0.0,0.0,0.0,0.0,0.0,0,0
0.0,0.0,0.0,0.0,0.0,0.0,0.0,0.0,0,0
0.0,0.0,0.0,0.0,0.0,0.0,0.0,0.0,0,0
0.0,0.0,0.0,0.0,0.0,0.0,0.0,0.0,0,0
0.0,0.0,0.0,0.0,0.0,0.0,0.0,0.0,0,0
0.0,0.0,0.0,0.0,0.0,0.0,0.0,0.0,0,0
0.0,0.0,0.0,0.0,0.0,0.0,0.0,0.0,0,0
0.0,0.0,0.0,0.0,0.0,0.0,0.0,0.0,0,0
0.0,0.0,0.0,0.0,0.0,0.0,0.0,0.0,0,0
0.0,0.0,0.0,0.0,0.0,0.0,0.0,0.0,0,0
0.0,0.0,0.0,0.0,0.0,0.0,0.0,0.0,0,0
0.0,0.0,0.0,0.0,0.0,0.0,0.0,0.0,0,0
0.0,0.0,0.0,0.0,0.0,0.0,0.0,0.0,0,0
0.0,0.0,0.0,0.0,0.0,0.0,0.0,0.0,0,0
0.0,0.0,0.0,0.0,0.0,0.0,0.0,0.0,0,0
0.0,0.0,0.0,0.0,0.0,0.0,0.0,0.0,0,0
0.0,0.0,0.0,0.0,0.0,0.0,0.0,0.0,0,0
0.0,0.0,0.0,0.0,0.0,0.0,0.0,0.0,0,0
0.0,0.0,0.0,0.0,0.0,0.0,0.0,0.0,0,0
0.0,0.0,0.0,0.0,0.0,0.0,0.0,0.0,0,0
0.0,0.0,0.0,0.0,0.0,0.0,0.0,0.0,0,0
0.0,0.0,0.0,0.0,0.0,0.0,0.0,0.0,0,0
0.0,0.0,0.0,0.0,0.0,0.0,0.0,0.0,0,0
0.0,0.0,0.0,0.0,0.0,0.0,0.0,0.0,0,0
0.0,0.0,0.0,0.0,0.0,0.0,0.0,0.0,0,0
0.0,0.0,0.0,0.0,0.0,0.0,0.0,0.0,0,0
0.0,0.0,0.0,0.0,0.0,0.0,0.0,0.0,0,0
0.0,0.0,0.0,0.0,0.0,0.0,0.0,0.0,0,0
0.0,0.0,0.0,0.0,0.0,0.0,0.0,0.0,0,0
0.0,0.0,0.0,0.0,0.0,0.0,0.0,0.0,0,0
0.0,0.0,0.0,0.0,0.0,0.0,0.0,0.0,0,0
0.0,0.0,0.0,0.0,0.0,0.0,0.0,0.0,0,0
0.0,0.0,0.0,0.0,0.0,0.0,0.0,0.0,0,0
0.0,0.0,0.0,0.0,0.0,0.0,0.0,0.0,0,0
0.0,0.0,0.0,0.0,0.0,0.0,0.0,0.0,0,0
0.0,0.0,0.0,0.0,0.0,0.0,0.0,0.0,0,0
0.0,0.0,0.0,0.0,0.0,0.0,0.0,0.0,0,0
0.0,0.0,0.0,0.0,0.0,0.0,0.0,0.0,0,0
0.0,0.0,0.0,0.0,0.0,0.0,0.0,0.0,0,0
0.0,0.0,0.0,0.0,0.0,0.0,0.0,0.0,0,0
0.0,0.0,0.0,0.0,0.0,0.0,0.0,0.0,0,0
0.0,0.0,0.0,0.0,0.0,0.0,0.0,0.0,0,0
0.0,0.0,0.0,0.0,0.0,0.0,0.0,0.0,0,0
0.0,0.0,0.0,0.0,0.0,0.0,0.0,0.0,0,0
0.0,0.0,0.0,0.0,0.0,0.0,0.0,0.0,0,0
0.0,0.0,0.0,0.0,0.0,0.0,0.0,0.0,0,0
0.0,0.0,0.0,0.0,0.0,0.0,0.0,0.0,0,0
0.0,0.0,0.0,0.0,0.0,0.0,0.0,0.0,0,0
0.0,0.0,0.0,0.0,0.0,0.0,0.0,0.0,0,0
0.0,0.0,0.0,0.0,0.0,0.0,0.0,0.0,0,0
0.0,0.0,0.0,0.0,0.0,0.0,0.0,0.0,0,0
0.0,0.0,0.0,0.0,0.0,0.0,0.0,0.0,0,0
0.0,0.0,0.0,0.0,0.0,0.0,0.0,0.0,0,0
0.0,0.0,0.0,0.0,0.0,0.0,0.0,0.0,0,0
0.0,0.0,0.0,0.0,0.0,0.0,0.0,0.0,0,0
0.0,0.0,0.0,0.0,0.0,0.0,0.0,0.0,0,0
0.0,0.0,0.0,0.0,0.0,0.0,0.0,0.0,0,0
0.0,0.0,0.0,0.0,0.0,0.0,0.0,0.0,0,0
0.0,0.0,0.0,0.0,0.0,0.0,0.0,0.0,0,0
0.0,0.0,0.0,0.0,0.0,0.0,0.0,0.0,0,0
0.0,0.0,0.0,0.0,0.0,0.0,0.0,0.0,0,0
0.0,0.0,0.0,0.0,0.0,0.0,0.0,0.0,0,0
0.0,0.0,0.0,0.0,0.0,0.0,0.0,0.0,0,0
0.0,0.0,0.0,0.0,0.0,0.0,0.0,0.0,0,0
0.0,0.0,0.0,0.0,0.0,0.0,0.0,0.0,0,0
0.0,0.0,0.0,0.0,0.0,0.0,0.0,0.0,0,0
0.0,0.0,0.0,0.0,0.0,0.0,0.0,0.0,0,0
0.0,0.0,0.0,0.0,0.0,0.0,0.0,0.0,0,0
0.0,0.0,0.0,0.0,0.0,0.0,0.0,0.0,0,0
0.0,0.0,0.0,0.0,0.0,0.0,0.0,0.0,0,0
0.0,0.0,0.0,0.0,0.0,0.0,0.0,0.0,0,0
0.0,0.0,0.0,0.0,0.0,0.0,0.0,0.0,0,0
0.0,0.0,0.0,0.0,0.0,0.0,0.0,0.0,0,0
-58813.3868498124,9999.999999999998,396.82539682539687,-69210.21224663779,25000000.000000004,25000000.0,50000000.0,50000000.0,38,38
0.0,9999.999999999998,0.0,-9999.999999999998,0.0,0.0,0.0,50000000.0,0,0
0.0,0.0,0.0,0.0,0.0,0.0,0.0,0.0,0,0
0.0,0.0,0.0,0.0,0.0,0.0,0.0,0.0,0,0
0.0,0.0,0.0,0.0,0.0,0.0,0.0,0.0,0,0
0.0,0.0,0.0,0.0,0.0,0.0,0.0,0.0,0,0
0.0,0.0,0.0,0.0,0.0,0.0,0.0,0.0,0,0
0.0,0.0,0.0,0.0,0.0,0.0,0.0,0.0,0,0
0.0,0.0,0.0,0.0,0.0,0.0,0.0,0.0,0,0
156964.20810503577,9999.999999999998,396.8253968253969,146567.38270821038,24999999.999999996,25000000.000000004,50000000.0,50000000.0,37,37
0.0,9999.999999999998,0.0,-9999.999999999998,0.0,0.0,0.0,50000000.0,0,0
0.0,0.0,0.0,0.0,0.0,0.0,0.0,0.0,0,0
0.0,0.0,0.0,0.0,0.0,0.0,0.0,0.0,0,0
0.0,0.0,0.0,0.0,0.0,0.0,0.0,0.0,0,0
0.0,0.0,0.0,0.0,0.0,0.0,0.0,0.0,0,0
95322.96015935876,10000.000000000002,396.8253968253967,84926.13476253336,25000000.0,25000000.0,50000000.0,50000000.0,35,35
0.0,10000.000000000002,0.0,-10000.000000000002,0.0,0.0,0.0,50000000.0,0,0
0.0,0.0,0.0,0.0,0.0,0.0,0.0,0.0,0,0
0.0,0.0,0.0,0.0,0.0,0.0,0.0,0.0,0,0
0.0,0.0,0.0,0.0,0.0,0.0,0.0,0.0,0,0
0.0,0.0,0.0,0.0,0.0,0.0,0.0,0.0,0,0
0.0,0.0,0.0,0.0,0.0,0.0,0.0,0.0,0,0
0.0,0.0,0.0,0.0,0.0,0.0,0.0,0.0,0,0
0.0,0.0,0.0,0.0,0.0,0.0,0.0,0.0,0,0
166508.84084969843,10000.000000000002,396.82539682539675,156112.01545287305,24999999.999999996,25000000.0,50000000.0,49999999.99999999,35,35
0.0,10000.000000000002,0.0,-10000.000000000002,0.0,0.0,0.0,49999999.99999999,0,0
-141703.30594050075,9999.999999999998,396.82539682539675,-152100.13133732614,24999999.999999996,25000000.0,50000000.0,50000000.0,37,37
-165542.5752211938,20406.875676923366,396.82539682539687,-186346.27629494257,24999999.999999996,25000000.0,50000000.0,70843547.04926187,37,37
0.0,10000.000000000002,0.0,-10000.000000000002,0.0,0.0,0.0,50000000.0,0,0
-68686.08681502276,9999.999999999998,396.82539682539675,-79082.91221184816,25000000.000000004,25000000.000000004,50000000.00000001,50000000.00000001,37,37
155773.85060107993,20000.00000000002,396.82539682539675,135377.02520425452,25000000.000000007,24999999.999999996,50000000.0,58239566.1500481,37,37
0.0,10000.0,0.0,-10000.0,0.0,0.0,0.0,50000000.0,0,0
-57154.817715720164,10000.000000000002,396.82539682539675,-67551.64311254557,25000000.000000004,24999999.999999996,50000000.0,50000000.0,37,37
-331534.88742822316,20000.0,396.8253968253968,-351931.71282504854,25000000.0,25000000.0,50000000.0,61384695.21641092,37,37
-964432.0830978376,20122.767585946487,396.82539682539675,-984951.6760806096,24999999.999999996,25000000.0,50000000.0,64080381.691631936,37,37
761669.8783690851,19999.999999999996,396.82539682539687,741273.0529722597,25000000.000000004,25000000.000000004,50000000.00000001,65969960.32315631,37,37
215311.67313064265,20098.056886756578,396.8253968253968,194816.79084706068,24999999.999999996,25000000.0,50000000.0,81232325.39163145,37,37
33524.55698856795,20408.7459377158,396.8253968253968,12718.985654026752,25000000.000000004,24999999.999999996,50000000.0,80215308.1694463,37,37
-128142.02052496537,20723.14307467121,396.8253968253969,-149261.98899646197,25000000.0,25000000.000000004,50000000.0,79293363.51433718,37,37
-136362.47354379654,20322.796649921504,396.8253968253967,-157082.09559054344,25000000.000000004,25000000.0,50000000.0,71973049.26839556,37,37
59922.794427043,20376.959364253264,396.8253968253967,39149.00966596434,25000000.000000004,24999999.999999996,50000000.0,84267588.58707084,37,37
121890.7945708263,20541.130914366207,396.8253968253968,100952.8382596347,24999999.999999996,25000000.0,50000000.0,90287633.70200025,37,37
19134.781118096278,20777.049560395153,396.8253968253969,-2039.0938391242719,25000000.0,25000000.000000004,50000000.0,89376313.0809928,37,37
0.0,9999.999999999998,0.0,-9999.999999999998,0.0,0.0,0.0,50000000.0,0,0
0.0,0.0,0.0,0.0,0.0,0.0,0.0,0.0,0,0
129601.14194640072,10000.0,396.82539682539687,119204.31654957532,25000000.000000004,25000000.0,50000000.0,50000000.00000001,37,37
-30865.82083774848,21412.299665057213,396.82539682539675,-52674.94589963109,24999999.999999996,24999999.999999993,49999999.999999985,95534697.1442842,37,37
-126602.24259681093,21430.354310925086,396.8253968253969,-148429.4223045614,25000000.0,25000000.000000004,50000000.0,94776476.40072186,37,37
-20046.245481384223,20457.301567582268,396.82539682539687,-40900.37244579189,25000000.0,25000000.000000004,50000000.0,78788362.6271215,37,37
0.0,10000.000000000007,0.0,-10000.000000000007,0.0,0.0,0.0,50000000.00000001,0,0
0.0,0.0,0.0,0.0,0.0,0.0,0.0,0.0,0,0
0.0,0.0,0.0,0.0,0.0,0.0,0.0,0.0,0,0
0.0,0.0,0.0,0.0,0.0,0.0,0.0,0.0,0,0
0.0,0.0,0.0,0.0,0.0,0.0,0.0,0.0,0,0
0.0,0.0,0.0,0.0,0.0,0.0,0.0,0.0,0,0
53987.813774975664,10000.0,396.82539682539687,43590.988378150265,24999999.999999996,25000000.0,50000000.0,50000000.0,37,37
-138671.910265053,20430.205212046247,396.8253968253968,-159498.94087392464,25000000.0,25000000.0,50000000.0,70428775.62490526,36,36
248794.00427235317,20000.000000000015,396.82539682539664,228397.17887552775,25000000.0,25000000.0,50000000.0,69390457.82702035,36,36
-106451.74781175768,20096.045741672388,396.82539682539675,-126944.61895025546,25000000.000000007,25000000.0,50000000.00000001,64061347.82389306,36,36
61004.22652276247,20163.06528445075,396.8253968253968,40444.33584148632,24999999.999999996,25000000.0,50000000.0,67290469.62319031,36,36
0.0,10000.000000000002,0.0,-10000.000000000002,0.0,0.0,0.0,50000000.0,0,0
0.0,0.0,0.0,0.0,0.0,0.0,0.0,0.0,0,0
0.0,0.0,0.0,0.0,0.0,0.0,0.0,0.0,0,0
10852.447107954958,10000.000000000002,396.8253968253968,455.62171112955986,24999999.999999996,25000000.0,50000000.0,50000000.0,36,36
0.0,10000.000000000002,0.0,-10000.000000000002,0.0,0.0,0.0,50000000.0,0,0
0.0,0.0,0.0,0.0,0.0,0.0,0.0,0.0,0,0
0.0,0.0,0.0,0.0,0.0,0.0,0.0,0.0,0,0
0.0,0.0,0.0,0.0,0.0,0.0,0.0,0.0,0,0
0.0,0.0,0.0,0.0,0.0,0.0,0.0,0.0,0,0
0.0,0.0,0.0,0.0,0.0,0.0,0.0,0.0,0,0
55331.67661851871,10000.0,396.82539682539675,44934.85122169331,24999999.999999996,24999999.999999996,49999999.99999999,49999999.99999999,36,36
0.0,10000.0,0.0,-10000.0,0.0,0.0,0.0,49999999.99999999,0,0
0.0,0.0,0.0,0.0,0.0,0.0,0.0,0.0,0,0
0.0,0.0,0.0,0.0,0.0,0.0,0.0,0.0,0,0
0.0,0.0,0.0,0.0,0.0,0.0,0.0,0.0,0,0
0.0,0.0,0.0,0.0,0.0,0.0,0.0,0.0,0,0
0.0,0.0,0.0,0.0,0.0,0.0,0.0,0.0,0,0
0.0,0.0,0.0,0.0,0.0,0.0,0.0,0.0,0,0
0.0,0.0,0.0,0.0,0.0,0.0,0.0,0.0,0,0
0.0,0.0,0.0,0.0,0.0,0.0,0.0,0.0,0,0
0.0,0.0,0.0,0.0,0.0,0.0,0.0,0.0,0,0
0.0,0.0,0.0,0.0,0.0,0.0,0.0,0.0,0,0
0.0,0.0,0.0,0.0,0.0,0.0,0.0,0.0,0,0
0.0,0.0,0.0,0.0,0.0,0.0,0.0,0.0,0,0
0.0,0.0,0.0,0.0,0.0,0.0,0.0,0.0,0,0
0.0,0.0,0.0,0.0,0.0,0.0,0.0,0.0,0,0
0.0,0.0,0.0,0.0,0.0,0.0,0.0,0.0,0,0
0.0,0.0,0.0,0.0,0.0,0.0,0.0,0.0,0,0
0.0,0.0,0.0,0.0,0.0,0.0,0.0,0.0,0,0
0.0,0.0,0.0,0.0,0.0,0.0,0.0,0.0,0,0
0.0,0.0,0.0,0.0,0.0,0.0,0.0,0.0,0,0
0.0,0.0,0.0,0.0,0.0,0.0,0.0,0.0,0,0
0.0,0.0,0.0,0.0,0.0,0.0,0.0,0.0,0,0
0.0,0.0,0.0,0.0,0.0,0.0,0.0,0.0,0,0
0.0,0.0,0.0,0.0,0.0,0.0,0.0,0.0,0,0
0.0,0.0,0.0,0.0,0.0,0.0,0.0,0.0,0,0
0.0,0.0,0.0,0.0,0.0,0.0,0.0,0.0,0,0
0.0,0.0,0.0,0.0,0.0,0.0,0.0,0.0,0,0
0.0,0.0,0.0,0.0,0.0,0.0,0.0,0.0,0,0
0.0,0.0,0.0,0.0,0.0,0.0,0.0,0.0,0,0
0.0,0.0,0.0,0.0,0.0,0.0,0.0,0.0,0,0
0.0,0.0,0.0,0.0,0.0,0.0,0.0,0.0,0,0
0.0,0.0,0.0,0.0,0.0,0.0,0.0,0.0,0,0
0.0,0.0,0.0,0.0,0.0,0.0,0.0,0.0,0,0
0.0,0.0,0.0,0.0,0.0,0.0,0.0,0.0,0,0
0.0,0.0,0.0,0.0,0.0,0.0,0.0,0.0,0,0
0.0,0.0,0.0,0.0,0.0,0.0,0.0,0.0,0,0
0.0,0.0,0.0,0.0,0.0,0.0,0.0,0.0,0,0
0.0,0.0,0.0,0.0,0.0,0.0,0.0,0.0,0,0
151333.54280379516,10000.000000000005,396.8253968253967,140936.71740696978,25000000.0,25000000.0,50000000.0,50000000.0,35,35
0.0,10000.000000000005,0.0,-10000.000000000005,0.0,0.0,0.0,50000000.0,0,0
0.0,0.0,0.0,0.0,0.0,0.0,0.0,0.0,0,0
-73364.0827533045,10000.000000000002,396.82539682539675,-83760.9081501299,25000000.0,25000000.000000004,50000000.0,50000000.0,36,36
182759.10108496802,20086.910003695957,396.82539682539675,162275.36568444668,25000000.000000004,24999999.999999996,50000000.0,70097362.15249303,36,36
0.0,10000.0,0.0,-10000.0,0.0,0.0,0.0,50000000.0,0,0
0.0,0.0,0.0,0.0,0.0,0.0,0.0,0.0,0,0
0.0,0.0,0.0,0.0,0.0,0.0,0.0,0.0,0,0
-17512.453870386256,10000.000000000004,396.825396825397,-27909.279267211656,25000000.000000004,25000000.0,50000000.0,50000000.0,36,36
0.0,10000.000000000004,0.0,-10000.000000000004,0.0,0.0,0.0,50000000.0,0,0
0.0,0.0,0.0,0.0,0.0,0.0,0.0,0.0,0,0
0.0,0.0,0.0,0.0,0.0,0.0,0.0,0.0,0,0
0.0,0.0,0.0,0.0,0.0,0.0,0.0,0.0,0,0
0.0,0.0,0.0,0.0,0.0,0.0,0.0,0.0,0,0
0.0,0.0,0.0,0.0,0.0,0.0,0.0,0.0,0,0
0.0,0.0,0.0,0.0,0.0,0.0,0.0,0.0,0,0
0.0,0.0,0.0,0.0,0.0,0.0,0.0,0.0,0,0
-5155.919251871922,10000.0,396.8253968253967,-15552.744648697319,25000000.000000004,25000000.0,50000000.0,50000000.0,38,38
0.0,10000.0,0.0,-10000.0,0.0,0.0,0.0,50000000.0,0,0
-242447.35988827923,10000.000000000002,396.82539682539675,-252844.1852851046,25000000.0,25000000.0,50000000.0,50000000.0,38,38
211576.22341717704,20000.000000000004,396.8253968253968,191179.39802035165,24999999.999999996,25000000.0,50000000.0,59638809.48365877,38,38
123153.2029456736,20056.746670480232,396.82539682539675,102699.63087836797,25000000.0,25000000.0,50000000.0,55955817.23885554,38,38
244824.70413504692,20064.642558711334,396.82539682539704,224363.2361795102,25000000.0,25000000.000000007,50000000.00000001,44550056.04180676,38,38
74758.04619311434,20000.000000000007,396.8253968253968,54361.22079628893,24999999.999999996,24999999.999999996,49999999.99999999,62537170.18130352,38,38
0.0,10000.000000000002,0.0,-10000.000000000002,0.0,0.0,0.0,49999999.99999999,0,0
-787122.9186107557,10000.0,396.8253968253968,-797519.7440075811,24999999.999999996,24999999.999999996,49999999.99999999,49999999.99999999,38,38
154891.23484603787,20267.438446927023,396.82539682539664,134226.97100228546,25000000.0,24999999.999999993,49999999.99999999,69974650.9219436,37,37
-121608.83262258543,19999.99999999999,396.8253968253968,-142005.6580194108,25000000.000000004,25000000.000000004,50000000.00000001,91302194.77205355,37,37
-324117.47905810585,19999.999999999996,396.82539682539675,-344514.30445493123,25000000.000000004,25000000.000000004,50000000.00000001,85095393.04118893,36,36
375063.255974911,20248.374365349202,396.82539682539675,354418.0562127364,24999999.999999996,25000000.0,50000000.0,80157621.01477551,35,35
-323128.0126688527,19999.999999999996,396.8253968253967,-343524.8380656781,25000000.000000004,24999999.999999996,50000000.0,75461954.82540856,36,36
185286.38905104948,20677.083650877696,396.8253968253968,164212.4800033464,25000000.000000004,25000000.0,50000000.0,86516542.12372519,36,36
0.0,10000.000000000004,0.0,-10000.000000000004,0.0,0.0,0.0,50000000.0,0,0
0.0,0.0,0.0,0.0,0.0,0.0,0.0,0.0,0,0
0.0,0.0,0.0,0.0,0.0,0.0,0.0,0.0,0,0
0.0,0.0,0.0,0.0,0.0,0.0,0.0,0.0,0,0
0.0,0.0,0.0,0.0,0.0,0.0,0.0,0.0,0,0
226143.80053376252,10000.000000000004,396.82539682539687,215746.97513693714,25000000.0,25000000.000000004,50000000.0,50000000.0,35,35
0.0,10000.000000000004,0.0,-10000.000000000004,0.0,0.0,0.0,50000000.0,0,0
0.0,0.0,0.0,0.0,0.0,0.0,0.0,0.0,0,0
-188318.31955956234,9999.999999999998,396.82539682539675,-198715.14495638772,24999999.999999996,24999999.999999996,49999999.99999999,49999999.99999999,35,35
-375558.1014545844,20622.2291075212,396.82539682539675,-396577.15595893096,25000000.0,24999999.999999996,50000000.0,82354366.90787324,37,37
187432.9129932588,20000.000000000004,396.82539682539687,167036.0875964334,25000000.0,25000000.0,50000000.0,75429513.66042355,37,37
30725.67024008849,20426.335078371096,396.82539682539687,9902.509764891996,25000000.0,25000000.0,50000000.0,74650253.43992613,36,36
178391.72341545988,20276.99109641317,396.82539682539675,157717.90692222133,25000000.000000004,24999999.999999996,50000000.0,81702358.35513625,36,36
373637.25334078143,20000.000000000015,396.8253968253967,353240.42794395605,25000000.0,24999999.999999996,50000000.0,75429780.9623786,37,37
145324.00198847704,20541.713380973695,396.8253968253968,124385.46321067795,25000000.0,25000000.000000004,50000000.0,82333565.5004034,38,38
-98091.61704440432,21527.876852871144,396.8253968253968,-120016.31929410087,25000000.0,24999999.999999996,50000000.0,84111201.17485449,37,37
4109.933408021728,21225.75544722679,396.8253968253968,-17512.64743603046,25000000.0,25000000.0,50000000.0,90877468.39439611,36,36
183537.32856044362,21524.36403019592,396.82539682539675,161616.13913342232,25000000.0,25000000.0,50000000.0,84155886.4268953,37,37
0.0,10000.0,0.0,-10000.0,0.0,0.0,0.0,50000000.0,0,0
-60642.9728987034,10000.0,396.8253968253968,-71039.7982955288,24999999.999999996,25000000.0,50000000.0,50000000.0,37,37
0.0,10000.0,0.0,-10000.0,0.0,0.0,0.0,50000000.0,0,0
0.0,0.0,0.0,0.0,0.0,0.0,0.0,0.0,0,0
0.0,0.0,0.0,0.0,0.0,0.0,0.0,0.0,0,0
0.0,0.0,0.0,0.0,0.0,0.0,0.0,0.0,0,0
0.0,0.0,0.0,0.0,0.0,0.0,0.0,0.0,0,0
0.0,0.0,0.0,0.0,0.0,0.0,0.0,0.0,0,0
0.0,0.0,0.0,0.0,0.0,0.0,0.0,0.0,0,0
0.0,0.0,0.0,0.0,0.0,0.0,0.0,0.0,0,0
0.0,0.0,0.0,0.0,0.0,0.0,0.0,0.0,0,0
0.0,0.0,0.0,0.0,0.0,0.0,0.0,0.0,0,0
0.0,0.0,0.0,0.0,0.0,0.0,0.0,0.0,0,0
0.0,0.0,0.0,0.0,0.0,0.0,0.0,0.0,0,0
0.0,0.0,0.0,0.0,0.0,0.0,0.0,0.0,0,0
0.0,0.0,0.0,0.0,0.0,0.0,0.0,0.0,0,0
42065.329336867304,10000.000000000004,396.82539682539675,31668.503940041905,25000000.000000004,25000000.0,50000000.0,50000000.0,39,39
0.0,10000.000000000004,0.0,-10000.000000000004,0.0,0.0,0.0,50000000.0,0,0
0.0,0.0,0.0,0.0,0.0,0.0,0.0,0.0,0,0
0.0,0.0,0.0,0.0,0.0,0.0,0.0,0.0,0,0
0.0,0.0,0.0,0.0,0.0,0.0,0.0,0.0,0,0
0.0,0.0,0.0,0.0,0.0,0.0,0.0,0.0,0,0
0.0,0.0,0.0,0.0,0.0,0.0,0.0,0.0,0,0
0.0,0.0,0.0,0.0,0.0,0.0,0.0,0.0,0,0
0.0,0.0,0.0,0.0,0.0,0.0,0.0,0.0,0,0
0.0,0.0,0.0,0.0,0.0,0.0,0.0,0.0,0,0
0.0,0.0,0.0,0.0,0.0,0.0,0.0,0.0,0,0
0.0,0.0,0.0,0.0,0.0,0.0,0.0,0.0,0,0
0.0,0.0,0.0,0.0,0.0,0.0,0.0,0.0,0,0
0.0,0.0,0.0,0.0,0.0,0.0,0.0,0.0,0,0
0.0,0.0,0.0,0.0,0.0,0.0,0.0,0.0,0,0
0.0,0.0,0.0,0.0,0.0,0.0,0.0,0.0,0,0
0.0,0.0,0.0,0.0,0.0,0.0,0.0,0.0,0,0
0.0,0.0,0.0,0.0,0.0,0.0,0.0,0.0,0,0
0.0,0.0,0.0,0.0,0.0,0.0,0.0,0.0,0,0
0.0,0.0,0.0,0.0,0.0,0.0,0.0,0.0,0,0
0.0,0.0,0.0,0.0,0.0,0.0,0.0,0.0,0,0
0.0,0.0,0.0,0.0,0.0,0.0,0.0,0.0,0,0
0.0,0.0,0.0,0.0,0.0,0.0,0.0,0.0,0,0
0.0,0.0,0.0,0.0,0.0,0.0,0.0,0.0,0,0
0.0,0.0,0.0,0.0,0.0,0.0,0.0,0.0,0,0
0.0,0.0,0.0,0.0,0.0,0.0,0.0,0.0,0,0
0.0,0.0,0.0,0.0,0.0,0.0,0.0,0.0,0,0
0.0,0.0,0.0,0.0,0.0,0.0,0.0,0.0,0,0
0.0,0.0,0.0,0.0,0.0,0.0,0.0,0.0,0,0
0.0,0.0,0.0,0.0,0.0,0.0,0.0,0.0,0,0
0.0,0.0,0.0,0.0,0.0,0.0,0.0,0.0,0,0
0.0,0.0,0.0,0.0,0.0,0.0,0.0,0.0,0,0
0.0,0.0,0.0,0.0,0.0,0.0,0.0,0.0,0,0
0.0,0.0,0.0,0.0,0.0,0.0,0.0,0.0,0,0
70438.2601940528,10000.0,396.82539682539675,60041.4347972274,25000000.0,25000000.0,50000000.0,50000000.0,34,34
327335.4306625976,20000.000000000004,396.82539682539675,306938.6052657722,25000000.0,25000000.0,50000000.0,63191242.9548899,32,32
0.0,10000.0,0.0,-10000.0,0.0,0.0,0.0,50000000.0,0,0
0.0,0.0,0.0,0.0,0.0,0.0,0.0,0.0,0,0
0.0,0.0,0.0,0.0,0.0,0.0,0.0,0.0,0,0
0.0,0.0,0.0,0.0,0.0,0.0,0.0,0.0,0,0
0.0,0.0,0.0,0.0,0.0,0.0,0.0,0.0,0,0
0.0,0.0,0.0,0.0,0.0,0.0,0.0,0.0,0,0
0.0,0.0,0.0,0.0,0.0,0.0,0.0,0.0,0,0
0.0,0.0,0.0,0.0,0.0,0.0,0.0,0.0,0,0
0.0,0.0,0.0,0.0,0.0,0.0,0.0,0.0,0,0
0.0,0.0,0.0,0.0,0.0,0.0,0.0,0.0,0,0
0.0,0.0,0.0,0.0,0.0,0.0,0.0,0.0,0,0
0.0,0.0,0.0,0.0,0.0,0.0,0.0,0.0,0,0
0.0,0.0,0.0,0.0,0.0,0.0,0.0,0.0,0,0
0.0,0.0,0.0,0.0,0.0,0.0,0.0,0.0,0,0
0.0,0.0,0.0,0.0,0.0,0.0,0.0,0.0,0,0
0.0,0.0,0.0,0.0,0.0,0.0,0.0,0.0,0,0
0.0,0.0,0.0,0.0,0.0,0.0,0.0,0.0,0,0
0.0,0.0,0.0,0.0,0.0,0.0,0.0,0.0,0,0
0.0,0.0,0.0,0.0,0.0,0.0,0.0,0.0,0,0
0.0,0.0,0.0,0.0,0.0,0.0,0.0,0.0,0,0
0.0,0.0,0.0,0.0,0.0,0.0,0.0,0.0,0,0
0.0,0.0,0.0,0.0,0.0,0.0,0.0,0.0,0,0
0.0,0.0,0.0,0.0,0.0,0.0,0.0,0.0,0,0
0.0,0.0,0.0,0.0,0.0,0.0,0.0,0.0,0,0
0.0,0.0,0.0,0.0,0.0,0.0,0.0,0.0,0,0
-186339.90271110513,9999.999999999998,396.8253968253968,-196736.7281079305,25000000.0,25000000.0,50000000.0,50000000.0,36,36
0.0,9999.999999999998,0.0,-9999.999999999998,0.0,0.0,0.0,50000000.0,0,0
0.0,0.0,0.0,0.0,0.0,0.0,0.0,0.0,0,0
0.0,0.0,0.0,0.0,0.0,0.0,0.0,0.0,0,0
0.0,0.0,0.0,0.0,0.0,0.0,0.0,0.0,0,0
0.0,0.0,0.0,0.0,0.0,0.0,0.0,0.0,0,0
0.0,0.0,0.0,0.0,0.0,0.0,0.0,0.0,0,0
0.0,0.0,0.0,0.0,0.0,0.0,0.0,0.0,0,0
0.0,0.0,0.0,0.0,0.0,0.0,0.0,0.0,0,0
0.0,0.0,0.0,0.0,0.0,0.0,0.0,0.0,0,0
-137058.70738477516,9999.999999999998,396.8253968253967,-147455.53278160054,25000000.0,25000000.0,50000000.0,50000000.0,37,37
574143.6200040283,19999.999999999993,396.82539682539675,553746.7946072029,24999999.999999996,25000000.0,50000000.0,73392590.82252298,38,38
215173.99463525394,20106.638975831713,396.82539682539675,194670.53026259685,25000000.000000004,24999999.999999996,50000000.0,74029230.78943956,38,38
57050.84477608052,20000.0,396.82539682539675,36654.01937925512,24999999.999999996,25000000.000000004,50000000.0,79999795.53506222,38,38
-39973.32788751506,20000.000000000007,396.8253968253968,-60370.153284340464,25000000.0,25000000.000000004,50000000.0,82667111.5481978,38,38
176964.48119248846,21474.192934320337,396.8253968253967,155093.46286134273,25000000.0,24999999.999999996,50000000.0,92786910.596708,38,38
0.0,10000.000000000002,0.0,-10000.000000000002,0.0,0.0,0.0,50000000.0,0,0
218596.22754326352,10000.0,396.82539682539675,208199.40214643814,25000000.0,25000000.0,50000000.0,50000000.0,38,38
0.0,10000.0,0.0,-10000.0,0.0,0.0,0.0,50000000.0,0,0
0.0,0.0,0.0,0.0,0.0,0.0,0.0,0.0,0,0
0.0,0.0,0.0,0.0,0.0,0.0,0.0,0.0,0,0
0.0,0.0,0.0,0.0,0.0,0.0,0.0,0.0,0,0
0.0,0.0,0.0,0.0,0.0,0.0,0.0,0.0,0,0
0.0,0.0,0.0,0.0,0.0,0.0,0.0,0.0,0,0
0.0,0.0,0.0,0.0,0.0,0.0,0.0,0.0,0,0
0.0,0.0,0.0,0.0,0.0,0.0,0.0,0.0,0,0
0.0,0.0,0.0,0.0,0.0,0.0,0.0,0.0,0,0
0.0,0.0,0.0,0.0,0.0,0.0,0.0,0.0,0,0
0.0,0.0,0.0,0.0,0.0,0.0,0.0,0.0,0,0
0.0,0.0,0.0,0.0,0.0,0.0,0.0,0.0,0,0
0.0,0.0,0.0,0.0,0.0,0.0,0.0,0.0,0,0
0.0,0.0,0.0,0.0,0.0,0.0,0.0,0.0,0,0
0.0,0.0,0.0,0.0,0.0,0.0,0.0,0.0,0,0
0.0,0.0,0.0,0.0,0.0,0.0,0.0,0.0,0,0
0.0,0.0,0.0,0.0,0.0,0.0,0.0,0.0,0,0
0.0,0.0,0.0,0.0,0.0,0.0,0.0,0.0,0,0
0.0,0.0,0.0,0.0,0.0,0.0,0.0,0.0,0,0
0.0,0.0,0.0,0.0,0.0,0.0,0.0,0.0,0,0
0.0,0.0,0.0,0.0,0.0,0.0,0.0,0.0,0,0
0.0,0.0,0.0,0.0,0.0,0.0,0.0,0.0,0,0
0.0,0.0,0.0,0.0,0.0,0.0,0.0,0.0,0,0
0.0,0.0,0.0,0.0,0.0,0.0,0.0,0.0,0,0
0.0,0.0,0.0,0.0,0.0,0.0,0.0,0.0,0,0
0.0,0.0,0.0,0.0,0.0,0.0,0.0,0.0,0,0
0.0,0.0,0.0,0.0,0.0,0.0,0.0,0.0,0,0
0.0,0.0,0.0,0.0,0.0,0.0,0.0,0.0,0,0
0.0,0.0,0.0,0.0,0.0,0.0,0.0,0.0,0,0
0.0,0.0,0.0,0.0,0.0,0.0,0.0,0.0,0,0
0.0,0.0,0.0,0.0,0.0,0.0,0.0,0.0,0,0
0.0,0.0,0.0,0.0,0.0,0.0,0.0,0.0,0,0
0.0,0.0,0.0,0.0,0.0,0.0,0.0,0.0,0,0
0.0,0.0,0.0,0.0,0.0,0.0,0.0,0.0,0,0
0.0,0.0,0.0,0.0,0.0,0.0,0.0,0.0,0,0
0.0,0.0,0.0,0.0,0.0,0.0,0.0,0.0,0,0
0.0,0.0,0.0,0.0,0.0,0.0,0.0,0.0,0,0
0.0,0.0,0.0,0.0,0.0,0.0,0.0,0.0,0,0
0.0,0.0,0.0,0.0,0.0,0.0,0.0,0.0,0,0
0.0,0.0,0.0,0.0,0.0,0.0,0.0,0.0,0,0
0.0,0.0,0.0,0.0,0.0,0.0,0.0,0.0,0,0
0.0,0.0,0.0,0.0,0.0,0.0,0.0,0.0,0,0
0.0,0.0,0.0,0.0,0.0,0.0,0.0,0.0,0,0
0.0,0.0,0.0,0.0,0.0,0.0,0.0,0.0,0,0
0.0,0.0,0.0,0.0,0.0,0.0,0.0,0.0,0,0
0.0,0.0,0.0,0.0,0.0,0.0,0.0,0.0,0,0
0.0,0.0,0.0,0.0,0.0,0.0,0.0,0.0,0,0
0.0,0.0,0.0,0.0,0.0,0.0,0.0,0.0,0,0
0.0,0.0,0.0,0.0,0.0,0.0,0.0,0.0,0,0
0.0,0.0,0.0,0.0,0.0,0.0,0.0,0.0,0,0
0.0,0.0,0.0,0.0,0.0,0.0,0.0,0.0,0,0
0.0,0.0,0.0,0.0,0.0,0.0,0.0,0.0,0,0
0.0,0.0,0.0,0.0,0.0,0.0,0.0,0.0,0,0
0.0,0.0,0.0,0.0,0.0,0.0,0.0,0.0,0,0
0.0,0.0,0.0,0.0,0.0,0.0,0.0,0.0,0,0
0.0,0.0,0.0,0.0,0.0,0.0,0.0,0.0,0,0
0.0,0.0,0.0,0.0,0.0,0.0,0.0,0.0,0,0
0.0,0.0,0.0,0.0,0.0,0.0,0.0,0.0,0,0
0.0,0.0,0.0,0.0,0.0,0.0,0.0,0.0,0,0
0.0,0.0,0.0,0.0,0.0,0.0,0.0,0.0,0,0
0.0,0.0,0.0,0.0,0.0,0.0,0.0,0.0,0,0
0.0,0.0,0.0,0.0,0.0,0.0,0.0,0.0,0,0
0.0,0.0,0.0,0.0,0.0,0.0,0.0,0.0,0,0
0.0,0.0,0.0,0.0,0.0,0.0,0.0,0.0,0,0
0.0,0.0,0.0,0.0,0.0,0.0,0.0,0.0,0,0
0.0,0.0,0.0,0.0,0.0,0.0,0.0,0.0,0,0
0.0,0.0,0.0,0.0,0.0,0.0,0.0,0.0,0,0
0.0,0.0,0.0,0.0,0.0,0.0,0.0,0.0,0,0
0.0,0.0,0.0,0.0,0.0,0.0,0.0,0.0,0,0
0.0,0.0,0.0,0.0,0.0,0.0,0.0,0.0,0,0
0.0,0.0,0.0,0.0,0.0,0.0,0.0,0.0,0,0
0.0,0.0,0.0,0.0,0.0,0.0,0.0,0.0,0,0
0.0,0.0,0.0,0.0,0.0,0.0,0.0,0.0,0,0
0.0,0.0,0.0,0.0,0.0,0.0,0.0,0.0,0,0
0.0,0.0,0.0,0.0,0.0,0.0,0.0,0.0,0,0
0.0,0.0,0.0,0.0,0.0,0.0,0.0,0.0,0,0
0.0,0.0,0.0,0.0,0.0,0.0,0.0,0.0,0,0
0.0,0.0,0.0,0.0,0.0,0.0,0.0,0.0,0,0
0.0,0.0,0.0,0.0,0.0,0.0,0.0,0.0,0,0
0.0,0.0,0.0,0.0,0.0,0.0,0.0,0.0,0,0
0.0,0.0,0.0,0.0,0.0,0.0,0.0,0.0,0,0
0.0,0.0,0.0,0.0,0.0,0.0,0.0,0.0,0,0
0.0,0.0,0.0,0.0,0.0,0.0,0.0,0.0,0,0
0.0,0.0,0.0,0.0,0.0,0.0,0.0,0.0,0,0
0.0,0.0,0.0,0.0,0.0,0.0,0.0,0.0,0,0
0.0,0.0,0.0,0.0,0.0,0.0,0.0,0.0,0,0
0.0,0.0,0.0,0.0,0.0,0.0,0.0,0.0,0,0
0.0,0.0,0.0,0.0,0.0,0.0,0.0,0.0,0,0
0.0,0.0,0.0,0.0,0.0,0.0,0.0,0.0,0,0
0.0,0.0,0.0,0.0,0.0,0.0,0.0,0.0,0,0
0.0,0.0,0.0,0.0,0.0,0.0,0.0,0.0,0,0
0.0,0.0,0.0,0.0,0.0,0.0,0.0,0.0,0,0
0.0,0.0,0.0,0.0,0.0,0.0,0.0,0.0,0,0
0.0,0.0,0.0,0.0,0.0,0.0,0.0,0.0,0,0
0.0,0.0,0.0,0.0,0.0,0.0,0.0,0.0,0,0
0.0,0.0,0.0,0.0,0.0,0.0,0.0,0.0,0,0
0.0,0.0,0.0,0.0,0.0,0.0,0.0,0.0,0,0
0.0,0.0,0.0,0.0,0.0,0.0,0.0,0.0,0,0
0.0,0.0,0.0,0.0,0.0,0.0,0.0,0.0,0,0
0.0,0.0,0.0,0.0,0.0,0.0,0.0,0.0,0,0
0.0,0.0,0.0,0.0,0.0,0.0,0.0,0.0,0,0
0.0,0.0,0.0,0.0,0.0,0.0,0.0,0.0,0,0
0.0,0.0,0.0,0.0,0.0,0.0,0.0,0.0,0,0
0.0,0.0,0.0,0.0,0.0,0.0,0.0,0.0,0,0
0.0,0.0,0.0,0.0,0.0,0.0,0.0,0.0,0,0
0.0,0.0,0.0,0.0,0.0,0.0,0.0,0.0,0,0
0.0,0.0,0.0,0.0,0.0,0.0,0.0,0.0,0,0
0.0,0.0,0.0,0.0,0.0,0.0,0.0,0.0,0,0
0.0,0.0,0.0,0.0,0.0,0.0,0.0,0.0,0,0
0.0,0.0,0.0,0.0,0.0,0.0,0.0,0.0,0,0
0.0,0.0,0.0,0.0,0.0,0.0,0.0,0.0,0,0
0.0,0.0,0.0,0.0,0.0,0.0,0.0,0.0,0,0
0.0,0.0,0.0,0.0,0.0,0.0,0.0,0.0,0,0
0.0,0.0,0.0,0.0,0.0,0.0,0.0,0.0,0,0
0.0,0.0,0.0,0.0,0.0,0.0,0.0,0.0,0,0
0.0,0.0,0.0,0.0,0.0,0.0,0.0,0.0,0,0
0.0,0.0,0.0,0.0,0.0,0.0,0.0,0.0,0,0
0.0,0.0,0.0,0.0,0.0,0.0,0.0,0.0,0,0
0.0,0.0,0.0,0.0,0.0,0.0,0.0,0.0,0,0
0.0,0.0,0.0,0.0,0.0,0.0,0.0,0.0,0,0
0.0,0.0,0.0,0.0,0.0,0.0,0.0,0.0,0,0
0.0,0.0,0.0,0.0,0.0,0.0,0.0,0.0,0,0
0.0,0.0,0.0,0.0,0.0,0.0,0.0,0.0,0,0
0.0,0.0,0.0,0.0,0.0,0.0,0.0,0.0,0,0
0.0,0.0,0.0,0.0,0.0,0.0,0.0,0.0,0,0
0.0,0.0,0.0,0.0,0.0,0.0,0.0,0.0,0,0
0.0,0.0,0.0,0.0,0.0,0.0,0.0,0.0,0,0
0.0,0.0,0.0,0.0,0.0,0.0,0.0,0.0,0,0
0.0,0.0,0.0,0.0,0.0,0.0,0.0,0.0,0,0
0.0,0.0,0.0,0.0,0.0,0.0,0.0,0.0,0,0
0.0,0.0,0.0,0.0,0.0,0.0,0.0,0.0,0,0
0.0,0.0,0.0,0.0,0.0,0.0,0.0,0.0,0,0
0.0,0.0,0.0,0.0,0.0,0.0,0.0,0.0,0,0
0.0,0.0,0.0,0.0,0.0,0.0,0.0,0.0,0,0
0.0,0.0,0.0,0.0,0.0,0.0,0.0,0.0,0,0
0.0,0.0,0.0,0.0,0.0,0.0,0.0,0.0,0,0
0.0,0.0,0.0,0.0,0.0,0.0,0.0,0.0,0,0
0.0,0.0,0.0,0.0,0.0,0.0,0.0,0.0,0,0
0.0,0.0,0.0,0.0,0.0,0.0,0.0,0.0,0,0
0.0,0.0,0.0,0.0,0.0,0.0,0.0,0.0,0,0
0.0,0.0,0.0,0.0,0.0,0.0,0.0,0.0,0,0
0.0,0.0,0.0,0.0,0.0,0.0,0.0,0.0,0,0
0.0,0.0,0.0,0.0,0.0,0.0,0.0,0.0,0,0
0.0,0.0,0.0,0.0,0.0,0.0,0.0,0.0,0,0
0.0,0.0,0.0,0.0,0.0,0.0,0.0,0.0,0,0
0.0,0.0,0.0,0.0,0.0,0.0,0.0,0.0,0,0
0.0,0.0,0.0,0.0,0.0,0.0,0.0,0.0,0,0
0.0,0.0,0.0,0.0,0.0,0.0,0.0,0.0,0,0
0.0,0.0,0.0,0.0,0.0,0.0,0.0,0.0,0,0
127286.5451267722,10000.000000000004,396.82539682539675,116889.7197299468,25000000.000000004,25000000.000000004,50000000.00000001,50000000.00000001,35,35
0.0,10000.000000000004,0.0,-10000.000000000004,0.0,0.0,0.0,50000000.00000001,0,0
0.0,0.0,0.0,0.0,0.0,0.0,0.0,0.0,0,0
0.0,0.0,0.0,0.0,0.0,0.0,0.0,0.0,0,0
100802.73267129021,10000.000000000002,396.82539682539675,90405.90727446481,24999999.999999996,25000000.0,50000000.0,49999999.99999999,38,38
0.0,10000.000000000002,0.0,-10000.000000000002,0.0,0.0,0.0,49999999.99999999,0,0
0.0,0.0,0.0,0.0,0.0,0.0,0.0,0.0,0,0
0.0,0.0,0.0,0.0,0.0,0.0,0.0,0.0,0,0
0.0,0.0,0.0,0.0,0.0,0.0,0.0,0.0,0,0
0.0,0.0,0.0,0.0,0.0,0.0,0.0,0.0,0,0
0.0,0.0,0.0,0.0,0.0,0.0,0.0,0.0,0,0
45604.54044766289,10000.0,396.82539682539687,35207.71505083749,25000000.0,25000000.000000007,50000000.00000001,50000000.00000001,38,38
0.0,10000.0,0.0,-10000.0,0.0,0.0,0.0,50000000.00000001,0,0
0.0,0.0,0.0,0.0,0.0,0.0,0.0,0.0,0,0
0.0,0.0,0.0,0.0,0.0,0.0,0.0,0.0,0,0
0.0,0.0,0.0,0.0,0.0,0.0,0.0,0.0,0,0
0.0,0.0,0.0,0.0,0.0,0.0,0.0,0.0,0,0
98057.23595014757,9999.999999999998,396.82539682539687,87660.41055332217,25000000.0,24999999.999999996,50000000.0,50000000.0,40,40
0.0,9999.999999999998,0.0,-9999.999999999998,0.0,0.0,0.0,50000000.0,0,0
0.0,0.0,0.0,0.0,0.0,0.0,0.0,0.0,0,0
87124.37487799155,10000.0,396.8253968253968,76727.54948116615,25000000.0,25000000.0,50000000.0,50000000.0,40,40
0.0,10000.0,0.0,-10000.0,0.0,0.0,0.0,50000000.0,0,0
0.0,0.0,0.0,0.0,0.0,0.0,0.0,0.0,0,0
0.0,0.0,0.0,0.0,0.0,0.0,0.0,0.0,0,0
0.0,0.0,0.0,0.0,0.0,0.0,0.0,0.0,0,0
0.0,0.0,0.0,0.0,0.0,0.0,0.0,0.0,0,0
0.0,0.0,0.0,0.0,0.0,0.0,0.0,0.0,0,0
0.0,0.0,0.0,0.0,0.0,0.0,0.0,0.0,0,0
0.0,0.0,0.0,0.0,0.0,0.0,0.0,0.0,0,0
-21344.214016463342,10000.0,396.8253968253968,-31741.039413288738,25000000.0,25000000.0,50000000.0,50000000.0,40,40
0.0,10000.0,0.0,-10000.0,0.0,0.0,0.0,50000000.0,0,0
0.0,0.0,0.0,0.0,0.0,0.0,0.0,0.0,0,0
36413.66003327217,10000.000000000004,396.8253968253968,26016.834636446772,24999999.999999996,25000000.0,50000000.0,49999999.99999999,41,41
36559.75183660701,19999.999999999993,396.82539682539664,16162.926439781619,25000000.000000004,25000000.0,50000000.0,67595870.5556582,41,41
0.0,10000.000000000002,0.0,-10000.000000000002,0.0,0.0,0.0,50000000.0,0,0
0.0,0.0,0.0,0.0,0.0,0.0,0.0,0.0,0,0
0.0,0.0,0.0,0.0,0.0,0.0,0.0,0.0,0,0
0.0,0.0,0.0,0.0,0.0,0.0,0.0,0.0,0,0
0.0,0.0,0.0,0.0,0.0,0.0,0.0,0.0,0,0
0.0,0.0,0.0,0.0,0.0,0.0,0.0,0.0,0,0
0.0,0.0,0.0,0.0,0.0,0.0,0.0,0.0,0,0
37165.901678200265,10000.000000000002,396.8253968253968,26769.07628137487,25000000.0,24999999.999999996,50000000.0,50000000.0,40,40
0.0,10000.000000000002,0.0,-10000.000000000002,0.0,0.0,0.0,50000000.0,0,0
0.0,0.0,0.0,0.0,0.0,0.0,0.0,0.0,0,0
0.0,0.0,0.0,0.0,0.0,0.0,0.0,0.0,0,0
35979.68869306523,10000.000000000002,396.8253968253967,25582.863296239837,25000000.0,24999999.999999996,50000000.0,49999999.99999999,40,40
0.0,10000.000000000002,0.0,-10000.000000000002,0.0,0.0,0.0,49999999.99999999,0,0
218062.69943306549,10000.0,396.82539682539675,207665.8740362401,24999999.999999993,25000000.0,49999999.99999999,49999999.99999999,38,38
0.0,10000.0,0.0,-10000.0,0.0,0.0,0.0,49999999.99999999,0,0
0.0,0.0,0.0,0.0,0.0,0.0,0.0,0.0,0,0
0.0,0.0,0.0,0.0,0.0,0.0,0.0,0.0,0,0
0.0,0.0,0.0,0.0,0.0,0.0,0.0,0.0,0,0
0.0,0.0,0.0,0.0,0.0,0.0,0.0,0.0,0,0
0.0,0.0,0.0,0.0,0.0,0.0,0.0,0.0,0,0
0.0,0.0,0.0,0.0,0.0,0.0,0.0,0.0,0,0
0.0,0.0,0.0,0.0,0.0,0.0,0.0,0.0,0,0
0.0,0.0,0.0,0.0,0.0,0.0,0.0,0.0,0,0
0.0,0.0,0.0,0.0,0.0,0.0,0.0,0.0,0,0
60418.338823457954,9999.999999999998,396.8253968253967,50021.513426632555,25000000.0,24999999.999999996,50000000.0,50000000.0,33,33
0.0,9999.999999999998,0.0,-9999.999999999998,0.0,0.0,0.0,50000000.0,0,0
0.0,0.0,0.0,0.0,0.0,0.0,0.0,0.0,0,0
0.0,0.0,0.0,0.0,0.0,0.0,0.0,0.0,0,0
0.0,0.0,0.0,0.0,0.0,0.0,0.0,0.0,0,0
0.0,0.0,0.0,0.0,0.0,0.0,0.0,0.0,0,0
-49423.25307000616,10000.0,396.8253968253969,-59820.07846683156,25000000.0,25000000.0,50000000.0,50000000.0,40,40
115601.10385308237,20000.000000000015,396.82539682539675,95204.27845625696,25000000.0,24999999.999999996,50000000.0,54332741.86221264,41,41
0.0,9999.999999999998,0.0,-9999.999999999998,0.0,0.0,0.0,49999999.99999999,0,0
0.0,0.0,0.0,0.0,0.0,0.0,0.0,0.0,0,0
-195829.41013636076,10000.000000000004,396.8253968253968,-206226.23553318615,24999999.999999996,25000000.000000004,50000000.0,50000000.0,40,40
113233.52377604117,19999.999999999993,396.82539682539664,92836.69837921577,25000000.0,25000000.0,50000000.0,65776720.536555685,40,40
0.0,9999.999999999995,0.0,-9999.999999999995,0.0,0.0,0.0,50000000.0,0,0
0.0,0.0,0.0,0.0,0.0,0.0,0.0,0.0,0,0
0.0,0.0,0.0,0.0,0.0,0.0,0.0,0.0,0,0
0.0,0.0,0.0,0.0,0.0,0.0,0.0,0.0,0,0
0.0,0.0,0.0,0.0,0.0,0.0,0.0,0.0,0,0
0.0,0.0,0.0,0.0,0.0,0.0,0.0,0.0,0,0
-72547.69396830176,9999.999999999996,396.8253968253968,-82944.51936512715,25000000.000000004,25000000.0,50000000.0,50000000.0,40,40
0.0,9999.999999999996,0.0,-9999.999999999996,0.0,0.0,0.0,50000000.0,0,0
0.0,0.0,0.0,0.0,0.0,0.0,0.0,0.0,0,0
0.0,0.0,0.0,0.0,0.0,0.0,0.0,0.0,0,0
0.0,0.0,0.0,0.0,0.0,0.0,0.0,0.0,0,0
0.0,0.0,0.0,0.0,0.0,0.0,0.0,0.0,0,0
0.0,0.0,0.0,0.0,0.0,0.0,0.0,0.0,0,0
0.0,0.0,0.0,0.0,0.0,0.0,0.0,0.0,0,0
0.0,0.0,0.0,0.0,0.0,0.0,0.0,0.0,0,0
0.0,0.0,0.0,0.0,0.0,0.0,0.0,0.0,0,0
0.0,0.0,0.0,0.0,0.0,0.0,0.0,0.0,0,0
0.0,0.0,0.0,0.0,0.0,0.0,0.0,0.0,0,0
0.0,0.0,0.0,0.0,0.0,0.0,0.0,0.0,0,0
308021.31077758694,10000.000000000002,396.82539682539664,297624.48538076156,24999999.999999996,24999999.999999996,49999999.99999999,49999999.99999999,40,40
0.0,10000.000000000002,0.0,-10000.000000000002,0.0,0.0,0.0,49999999.99999999,0,0
99324.86805889604,9999.999999999998,396.82539682539687,88928.04266207064,25000000.0,25000000.0,50000000.0,50000000.0,40,40
0.0,9999.999999999998,0.0,-9999.999999999998,0.0,0.0,0.0,50000000.0,0,0
0.0,0.0,0.0,0.0,0.0,0.0,0.0,0.0,0,0
0.0,0.0,0.0,0.0,0.0,0.0,0.0,0.0,0,0
0.0,0.0,0.0,0.0,0.0,0.0,0.0,0.0,0,0
0.0,0.0,0.0,0.0,0.0,0.0,0.0,0.0,0,0
0.0,0.0,0.0,0.0,0.0,0.0,0.0,0.0,0,0
0.0,0.0,0.0,0.0,0.0,0.0,0.0,0.0,0,0
0.0,0.0,0.0,0.0,0.0,0.0,0.0,0.0,0,0
0.0,0.0,0.0,0.0,0.0,0.0,0.0,0.0,0,0
0.0,0.0,0.0,0.0,0.0,0.0,0.0,0.0,0,0
102261.05280540047,9999.999999999998,396.82539682539675,91864.22740857507,25000000.000000004,25000000.0,50000000.0,50000000.00000001,41,41
0.0,9999.999999999998,0.0,-9999.999999999998,0.0,0.0,0.0,50000000.00000001,0,0
-34448.20960165481,10000.000000000002,396.82539682539687,-44845.03499848021,25000000.0,25000000.0,50000000.0,50000000.0,40,40
0.0,10000.000000000002,0.0,-10000.000000000002,0.0,0.0,0.0,50000000.0,0,0
0.0,0.0,0.0,0.0,0.0,0.0,0.0,0.0,0,0
0.0,0.0,0.0,0.0,0.0,0.0,0.0,0.0,0,0
0.0,0.0,0.0,0.0,0.0,0.0,0.0,0.0,0,0
0.0,0.0,0.0,0.0,0.0,0.0,0.0,0.0,0,0
-12047.649867521726,9999.999999999998,396.82539682539664,-22444.47526434712,25000000.000000004,25000000.0,50000000.0,50000000.0,39,39
0.0,9999.999999999998,0.0,-9999.999999999998,0.0,0.0,0.0,50000000.0,0,0
-15797.637822558067,9999.999999999998,396.82539682539664,-26194.46321938346,24999999.999999996,24999999.999999996,49999999.99999999,49999999.99999999,36,36
0.0,9999.999999999998,0.0,-9999.999999999998,0.0,0.0,0.0,49999999.99999999,0,0
127624.39909433629,10000.000000000002,396.82539682539687,117227.57369751089,25000000.0,25000000.0,50000000.0,50000000.0,36,36
0.0,10000.000000000002,0.0,-10000.000000000002,0.0,0.0,0.0,50000000.0,0,0
152330.72420381985,10000.000000000002,396.82539682539675,141933.89880699446,25000000.0,25000000.0,50000000.0,50000000.0,30,30
0.0,10000.000000000002,0.0,-10000.000000000002,0.0,0.0,0.0,50000000.0,0,0
91794.49806217544,10000.000000000002,396.82539682539675,81397.67266535004,25000000.0,25000000.0,50000000.0,50000000.0,32,32
0.0,10000.000000000002,0.0,-10000.000000000002,0.0,0.0,0.0,50000000.0,0,0
0.0,0.0,0.0,0.0,0.0,0.0,0.0,0.0,0,0
10269.14868781746,10000.000000000005,396.8253968253969,-127.67670900794229,25000000.000000004,25000000.0,50000000.0,50000000.0,32,32
30267.094509099672,20000.000000000004,396.82539682539687,9870.26911227427,25000000.0,25000000.0,50000000.0,64857336.69570783,33,33
0.0,9999.999999999998,0.0,-9999.999999999998,0.0,0.0,0.0,50000000.0,0,0
11094.775381397814,9999.999999999996,396.8253968253967,697.9499845724213,24999999.999999996,25000000.0,50000000.0,49999999.99999999,37,37
-270714.13232118584,20000.0,396.82539682539675,-291110.9577180112,25000000.000000004,25000000.0,50000000.0,61445531.34104768,38,38
-120360.84548305788,20081.54013614751,396.82539682539687,-140839.21101603078,24999999.999999996,25000000.000000004,50000000.0,64181047.731446326,38,38
0.0,10000.0,0.0,-10000.0,0.0,0.0,0.0,50000000.0,0,0
0.0,0.0,0.0,0.0,0.0,0.0,0.0,0.0,0,0
0.0,0.0,0.0,0.0,0.0,0.0,0.0,0.0,0,0
0.0,0.0,0.0,0.0,0.0,0.0,0.0,0.0,0,0
0.0,0.0,0.0,0.0,0.0,0.0,0.0,0.0,0,0
-40912.89931731936,10000.000000000002,396.8253968253968,-51309.72471414476,25000000.0,25000000.000000004,50000000.0,50000000.00000001,40,40
-34040.28262527992,19999.999999999996,396.8253968253967,-54437.10802210531,25000000.0,25000000.0,50000000.0,55130907.588915065,40,40
121899.35625728025,20000.000000000015,396.825396825397,101502.53086045483,24999999.999999996,25000000.0,50000000.0,53777234.76824892,40,40
0.0,10000.0,0.0,-10000.0,0.0,0.0,0.0,50000000.0,0,0
123854.90861011477,10000.000000000002,396.82539682539675,113458.08321328937,25000000.0,25000000.0,50000000.0,50000000.0,39,39
0.0,10000.000000000002,0.0,-10000.000000000002,0.0,0.0,0.0,50000000.0,0,0
0.0,0.0,0.0,0.0,0.0,0.0,0.0,0.0,0,0
0.0,0.0,0.0,0.0,0.0,0.0,0.0,0.0,0,0
0.0,0.0,0.0,0.0,0.0,0.0,0.0,0.0,0,0
0.0,0.0,0.0,0.0,0.0,0.0,0.0,0.0,0,0
0.0,0.0,0.0,0.0,0.0,0.0,0.0,0.0,0,0
0.0,0.0,0.0,0.0,0.0,0.0,0.0,0.0,0,0
0.0,0.0,0.0,0.0,0.0,0.0,0.0,0.0,0,0
0.0,0.0,0.0,0.0,0.0,0.0,0.0,0.0,0,0
0.0,0.0,0.0,0.0,0.0,0.0,0.0,0.0,0,0
138734.67295458677,10000.0,396.82539682539675,128337.84755776137,24999999.999999996,24999999.999999996,49999999.99999999,49999999.99999999,38,38
0.0,10000.0,0.0,-10000.0,0.0,0.0,0.0,49999999.99999999,0,0
0.0,0.0,0.0,0.0,0.0,0.0,0.0,0.0,0,0
0.0,0.0,0.0,0.0,0.0,0.0,0.0,0.0,0,0
0.0,0.0,0.0,0.0,0.0,0.0,0.0,0.0,0,0
0.0,0.0,0.0,0.0,0.0,0.0,0.0,0.0,0,0
0.0,0.0,0.0,0.0,0.0,0.0,0.0,0.0,0,0
0.0,0.0,0.0,0.0,0.0,0.0,0.0,0.0,0,0
0.0,0.0,0.0,0.0,0.0,0.0,0.0,0.0,0,0
0.0,0.0,0.0,0.0,0.0,0.0,0.0,0.0,0,0
0.0,0.0,0.0,0.0,0.0,0.0,0.0,0.0,0,0
0.0,0.0,0.0,0.0,0.0,0.0,0.0,0.0,0,0
0.0,0.0,0.0,0.0,0.0,0.0,0.0,0.0,0,0
0.0,0.0,0.0,0.0,0.0,0.0,0.0,0.0,0,0
0.0,0.0,0.0,0.0,0.0,0.0,0.0,0.0,0,0
0.0,0.0,0.0,0.0,0.0,0.0,0.0,0.0,0,0
0.0,0.0,0.0,0.0,0.0,0.0,0.0,0.0,0,0
0.0,0.0,0.0,0.0,0.0,0.0,0.0,0.0,0,0
0.0,0.0,0.0,0.0,0.0,0.0,0.0,0.0,0,0
0.0,0.0,0.0,0.0,0.0,0.0,0.0,0.0,0,0
0.0,0.0,0.0,0.0,0.0,0.0,0.0,0.0,0,0
0.0,0.0,0.0,0.0,0.0,0.0,0.0,0.0,0,0
0.0,0.0,0.0,0.0,0.0,0.0,0.0,0.0,0,0
0.0,0.0,0.0,0.0,0.0,0.0,0.0,0.0,0,0
0.0,0.0,0.0,0.0,0.0,0.0,0.0,0.0,0,0
0.0,0.0,0.0,0.0,0.0,0.0,0.0,0.0,0,0
0.0,0.0,0.0,0.0,0.0,0.0,0.0,0.0,0,0
0.0,0.0,0.0,0.0,0.0,0.0,0.0,0.0,0,0
0.0,0.0,0.0,0.0,0.0,0.0,0.0,0.0,0,0
217562.98131544495,10000.000000000005,396.82539682539664,207166.15591861957,25000000.0,24999999.999999996,50000000.0,50000000.0,37,37
0.0,10000.000000000005,0.0,-10000.000000000005,0.0,0.0,0.0,50000000.0,0,0
0.0,0.0,0.0,0.0,0.0,0.0,0.0,0.0,0,0
0.0,0.0,0.0,0.0,0.0,0.0,0.0,0.0,0,0
59107.554105372255,9999.999999999995,396.8253968253967,48710.72870854686,24999999.999999996,24999999.999999993,49999999.999999985,49999999.99999999,31,31
0.0,9999.999999999995,0.0,-9999.999999999995,0.0,0.0,0.0,49999999.99999999,0,0
-15208.790620261178,9999.999999999998,396.82539682539687,-25605.616017086573,25000000.000000004,25000000.000000004,50000000.00000001,50000000.00000001,32,32
85606.1110475364,19999.999999999996,396.8253968253969,65209.285650711,25000000.0,25000000.0,50000000.0,71303586.94181016,35,35
0.0,9999.999999999998,0.0,-9999.999999999998,0.0,0.0,0.0,50000000.0,0,0
0.0,0.0,0.0,0.0,0.0,0.0,0.0,0.0,0,0
0.0,0.0,0.0,0.0,0.0,0.0,0.0,0.0,0,0
0.0,0.0,0.0,0.0,0.0,0.0,0.0,0.0,0,0
0.0,0.0,0.0,0.0,0.0,0.0,0.0,0.0,0,0
0.0,0.0,0.0,0.0,0.0,0.0,0.0,0.0,0,0
-141714.25699004706,10000.000000000004,396.8253968253968,-152111.08238687244,25000000.0,25000000.0,50000000.0,50000000.0,38,38
144261.22884813594,20000.000000000004,396.8253968253969,123864.40345131054,25000000.000000004,25000000.0,50000000.0,60425892.130879074,39,39
0.0,10000.0,0.0,-10000.0,0.0,0.0,0.0,50000000.0,0,0
-98523.67043352901,10000.000000000002,396.82539682539675,-108920.49583035441,24999999.999999996,25000000.0,50000000.0,50000000.0,41,41
-211666.49592116365,20000.000000000007,396.82539682539687,-232063.32131798903,24999999.999999996,25000000.0,50000000.0,66124262.51078583,41,41
78538.16860546925,20000.000000000007,396.8253968253968,58141.34320864385,25000000.0,25000000.0,50000000.0,70032262.56527057,41,41
0.0,9999.999999999998,0.0,-9999.999999999998,0.0,0.0,0.0,50000000.0,0,0
35212.047116309914,10000.000000000004,396.8253968253968,24815.221719484514,24999999.999999996,25000000.0,50000000.0,50000000.0,41,41
0.0,10000.000000000004,0.0,-10000.000000000004,0.0,0.0,0.0,50000000.0,0,0
0.0,0.0,0.0,0.0,0.0,0.0,0.0,0.0,0,0
0.0,0.0,0.0,0.0,0.0,0.0,0.0,0.0,0,0
0.0,0.0,0.0,0.0,0.0,0.0,0.0,0.0,0,0
0.0,0.0,0.0,0.0,0.0,0.0,0.0,0.0,0,0
0.0,0.0,0.0,0.0,0.0,0.0,0.0,0.0,0,0
0.0,0.0,0.0,0.0,0.0,0.0,0.0,0.0,0,0
0.0,0.0,0.0,0.0,0.0,0.0,0.0,0.0,0,0
111434.0587362724,10000.000000000002,396.8253968253968,101037.233339447,25000000.0,24999999.999999996,50000000.0,49999999.99999999,40,40
0.0,10000.000000000002,0.0,-10000.000000000002,0.0,0.0,0.0,49999999.99999999,0,0
0.0,0.0,0.0,0.0,0.0,0.0,0.0,0.0,0,0
104195.75133432061,9999.999999999993,396.82539682539675,93798.92593749521,24999999.999999996,24999999.999999996,49999999.99999999,49999999.99999999,40,40
173658.75807747312,20000.0,396.8253968253968,153261.93268064773,25000000.0,25000000.0,50000000.0,75984193.67496139,40,40
0.0,10000.000000000004,0.0,-10000.000000000004,0.0,0.0,0.0,50000000.0,0,0
50930.52390029148,9999.999999999998,396.825396825397,40533.69850346608,25000000.000000004,25000000.000000004,50000000.00000001,50000000.00000001,41,41
0.0,9999.999999999998,0.0,-9999.999999999998,0.0,0.0,0.0,50000000.00000001,0,0
0.0,0.0,0.0,0.0,0.0,0.0,0.0,0.0,0,0
0.0,0.0,0.0,0.0,0.0,0.0,0.0,0.0,0,0
0.0,0.0,0.0,0.0,0.0,0.0,0.0,0.0,0,0
749.6787001346484,9999.999999999996,396.8253968253968,-9647.146696690745,25000000.0,25000000.0,50000000.0,50000000.0,41,41
136223.3174237425,20301.29432013543,396.82539682539675,115525.19770678166,25000000.000000004,24999999.999999996,50000000.0,86584846.1723803,42,42
34951.96805879449,20000.000000000007,396.8253968253969,14555.142661969085,25000000.0,25000000.0,50000000.0,62910597.443526186,42,42
53596.762256579044,20135.139961873134,396.82539682539687,33064.796897880515,25000000.0,25000000.000000004,50000000.0,57020809.77563856,41,41
-7905.832802267344,20253.128282882455,396.8253968253967,-28555.786481975196,25000000.0,24999999.999999996,50000000.0,56267447.77522625,42,42
-12392.197883366465,20000.000000000004,396.8253968253969,-32789.02328019187,25000000.0,25000000.000000007,50000000.00000001,54122966.49974153,42,42
0.0,10000.000000000007,0.0,-10000.000000000007,0.0,0.0,0.0,50000000.00000001,0,0
0.0,0.0,0.0,0.0,0.0,0.0,0.0,0.0,0,0
0.0,0.0,0.0,0.0,0.0,0.0,0.0,0.0,0,0
76315.22911967358,10000.0,396.82539682539675,65918.40372284818,25000000.0,25000000.000000004,50000000.0,50000000.0,42,42
0.0,10000.0,0.0,-10000.0,0.0,0.0,0.0,50000000.0,0,0
49007.55633110818,10000.000000000004,396.8253968253969,38610.73093428278,25000000.0,25000000.0,50000000.0,50000000.0,42,42
70687.69210054322,20000.0,396.82539682539675,50290.866703717824,25000000.0,25000000.0,50000000.0,64156725.052811265,42,42
74023.2867034416,19999.99999999999,396.8253968253968,53626.46130661621,25000000.0,24999999.999999996,50000000.0,60057594.74968844,42,42
46075.437034307615,20000.0,396.82539682539675,25678.61163748222,25000000.0,25000000.0,50000000.0,65596448.75685307,42,42
85961.45148114028,20000.0,396.8253968253967,65564.62608431488,25000000.000000004,24999999.999999996,50000000.0,61256452.22493397,42,42
95236.64167754416,19999.999999999996,396.8253968253968,74839.81628071876,25000000.000000004,25000000.0,50000000.0,57080943.56145278,42,42
51176.52811584144,19999.99999999999,396.8253968253967,30779.70271901605,24999999.999999996,24999999.999999996,49999999.99999999,54558366.524453774,42,42
28172.419858255485,19999.999999999993,396.8253968253968,7775.594461430096,25000000.0,25000000.0,50000000.0,53145047.8979915,42,42
9304.89259895914,20000.000000000007,396.82539682539687,-11091.932797866264,25000000.0,25000000.0,50000000.0,67820536.88801801,41,41
21840.22932339581,20253.5760527054,396.8253968253968,1189.827873865014,25000000.0,25000000.0,50000000.0,74531890.2172871,40,40
45616.453403765685,19999.999999999993,396.82539682539675,25219.628006940296,25000000.0,25000000.0,50000000.0,58372167.37910674,40,40
-19676.82028798391,20000.00000000001,396.8253968253968,-40073.64568480932,25000000.0,25000000.0,50000000.0,56962393.83705336,40,40
67892.11778605037,20000.0,396.82539682539687,47495.29238922497,25000000.0,25000000.0,50000000.0,63404806.290474005,40,40
100132.28652747319,19999.99999999999,396.82539682539675,79735.4611306478,24999999.999999996,25000000.0,50000000.0,57422434.07776335,38,38
0.0,10000.0,0.0,-10000.0,0.0,0.0,0.0,50000000.0,0,0
75967.1722720433,9999.999999999995,396.8253968253968,65570.3468752179,25000000.0,25000000.0,50000000.0,50000000.0,40,40
-329826.9189952745,20000.00000000001,396.82539682539675,-350223.7443920999,25000000.0,25000000.0,50000000.0,68779040.99529362,40,40
140185.8440584011,20179.54396657546,396.82539682539675,119609.47469500023,25000000.000000004,25000000.0,50000000.0,72162662.58653587,40,40
0.0,10000.000000000004,0.0,-10000.000000000004,0.0,0.0,0.0,50000000.00000001,0,0
-29000.785184974044,9999.999999999998,396.82539682539675,-39397.61058179944,25000000.0,25000000.000000004,50000000.0,50000000.0,37,37
-204738.06452599954,20000.0,396.825396825397,-225134.88992282492,24999999.999999996,25000000.000000004,50000000.0,82317138.56422006,39,39
-251955.61875335657,20120.201469863787,396.82539682539675,-272472.6456200457,25000000.0,25000000.0,50000000.0,70906779.44543058,40,40
-52364.35011280631,20120.201469863783,396.82539682539687,-72881.37697949549,24999999.999999996,25000000.000000004,50000000.0,64529883.606624424,40,40
60574.76222183361,20248.718093892403,396.82539682539664,39929.218731115805,25000000.0,24999999.999999993,49999999.99999999,71686183.20463829,39,39
209378.55204725522,19999.999999999996,396.8253968253967,188981.72665042983,25000000.000000004,25000000.000000004,50000000.00000001,69960373.09207661,39,39
155279.85758213783,20305.66019614297,396.82539682539687,134577.37198916948,25000000.0,25000000.0,50000000.0,69265138.98360008,41,41
-75319.96048993048,20305.7646200121,396.8253968253968,-96022.55050676798,25000000.0,25000000.0,50000000.0,68739311.9178104,42,42
0.0,9999.999999999996,0.0,-9999.999999999996,0.0,0.0,0.0,50000000.0,0,0
0.0,0.0,0.0,0.0,0.0,0.0,0.0,0.0,0,0
0.0,0.0,0.0,0.0,0.0,0.0,0.0,0.0,0,0
-44751.33738402955,10000.000000000002,396.82539682539675,-55148.16278085495,25000000.0,25000000.000000004,50000000.0,50000000.0,41,41
0.0,10000.000000000002,0.0,-10000.000000000002,0.0,0.0,0.0,50000000.0,0,0
0.0,0.0,0.0,0.0,0.0,0.0,0.0,0.0,0,0
0.0,0.0,0.0,0.0,0.0,0.0,0.0,0.0,0,0
0.0,0.0,0.0,0.0,0.0,0.0,0.0,0.0,0,0
0.0,0.0,0.0,0.0,0.0,0.0,0.0,0.0,0,0
0.0,0.0,0.0,0.0,0.0,0.0,0.0,0.0,0,0
0.0,0.0,0.0,0.0,0.0,0.0,0.0,0.0,0,0
0.0,0.0,0.0,0.0,0.0,0.0,0.0,0.0,0,0
-125995.65789650385,9999.999999999998,396.82539682539675,-136392.48329332922,25000000.000000004,24999999.999999996,50000000.0,50000000.0,43,43
0.0,9999.999999999998,0.0,-9999.999999999998,0.0,0.0,0.0,50000000.0,0,0
0.0,0.0,0.0,0.0,0.0,0.0,0.0,0.0,0,0
0.0,0.0,0.0,0.0,0.0,0.0,0.0,0.0,0,0
0.0,0.0,0.0,0.0,0.0,0.0,0.0,0.0,0,0
0.0,0.0,0.0,0.0,0.0,0.0,0.0,0.0,0,0
0.0,0.0,0.0,0.0,0.0,0.0,0.0,0.0,0,0
0.0,0.0,0.0,0.0,0.0,0.0,0.0,0.0,0,0
0.0,0.0,0.0,0.0,0.0,0.0,0.0,0.0,0,0
0.0,0.0,0.0,0.0,0.0,0.0,0.0,0.0,0,0
0.0,0.0,0.0,0.0,0.0,0.0,0.0,0.0,0,0
0.0,0.0,0.0,0.0,0.0,0.0,0.0,0.0,0,0
0.0,0.0,0.0,0.0,0.0,0.0,0.0,0.0,0,0
0.0,0.0,0.0,0.0,0.0,0.0,0.0,0.0,0,0
0.0,0.0,0.0,0.0,0.0,0.0,0.0,0.0,0,0
0.0,0.0,0.0,0.0,0.0,0.0,0.0,0.0,0,0
0.0,0.0,0.0,0.0,0.0,0.0,0.0,0.0,0,0
-104775.83046130139,10000.000000000002,396.8253968253968,-115172.65585812679,25000000.0,25000000.0,50000000.0,50000000.0,44,44
0.0,10000.000000000002,0.0,-10000.000000000002,0.0,0.0,0.0,50000000.0,0,0
0.0,0.0,0.0,0.0,0.0,0.0,0.0,0.0,0,0
0.0,0.0,0.0,0.0,0.0,0.0,0.0,0.0,0,0
0.0,0.0,0.0,0.0,0.0,0.0,0.0,0.0,0,0
213723.3050100647,10000.000000000002,396.82539682539704,203326.47961323932,24999999.999999993,25000000.000000004,50000000.0,50000000.0,44,44
0.0,10000.000000000002,0.0,-10000.000000000002,0.0,0.0,0.0,50000000.0,0,0
227873.49235468928,9999.999999999998,396.8253968253968,217476.6669578639,25000000.000000004,25000000.000000004,50000000.00000001,50000000.00000001,44,44
0.0,9999.999999999998,0.0,-9999.999999999998,0.0,0.0,0.0,50000000.00000001,0,0
-126077.73173734968,9999.999999999996,396.8253968253968,-136474.55713417506,25000000.0,25000000.0,50000000.0,50000000.0,43,43
0.0,9999.999999999996,0.0,-9999.999999999996,0.0,0.0,0.0,50000000.0,0,0
0.0,0.0,0.0,0.0,0.0,0.0,0.0,0.0,0,0
0.0,0.0,0.0,0.0,0.0,0.0,0.0,0.0,0,0
0.0,0.0,0.0,0.0,0.0,0.0,0.0,0.0,0,0
0.0,0.0,0.0,0.0,0.0,0.0,0.0,0.0,0,0
0.0,0.0,0.0,0.0,0.0,0.0,0.0,0.0,0,0
0.0,0.0,0.0,0.0,0.0,0.0,0.0,0.0,0,0
0.0,0.0,0.0,0.0,0.0,0.0,0.0,0.0,0,0
0.0,0.0,0.0,0.0,0.0,0.0,0.0,0.0,0,0
0.0,0.0,0.0,0.0,0.0,0.0,0.0,0.0,0,0
0.0,0.0,0.0,0.0,0.0,0.0,0.0,0.0,0,0
0.0,0.0,0.0,0.0,0.0,0.0,0.0,0.0,0,0
0.0,0.0,0.0,0.0,0.0,0.0,0.0,0.0,0,0
0.0,0.0,0.0,0.0,0.0,0.0,0.0,0.0,0,0
0.0,0.0,0.0,0.0,0.0,0.0,0.0,0.0,0,0
0.0,0.0,0.0,0.0,0.0,0.0,0.0,0.0,0,0
0.0,0.0,0.0,0.0,0.0,0.0,0.0,0.0,0,0
0.0,0.0,0.0,0.0,0.0,0.0,0.0,0.0,0,0
0.0,0.0,0.0,0.0,0.0,0.0,0.0,0.0,0,0
0.0,0.0,0.0,0.0,0.0,0.0,0.0,0.0,0,0
0.0,0.0,0.0,0.0,0.0,0.0,0.0,0.0,0,0
0.0,0.0,0.0,0.0,0.0,0.0,0.0,0.0,0,0
0.0,0.0,0.0,0.0,0.0,0.0,0.0,0.0,0,0
0.0,0.0,0.0,0.0,0.0,0.0,0.0,0.0,0,0
0.0,0.0,0.0,0.0,0.0,0.0,0.0,0.0,0,0
0.0,0.0,0.0,0.0,0.0,0.0,0.0,0.0,0,0
0.0,0.0,0.0,0.0,0.0,0.0,0.0,0.0,0,0
0.0,0.0,0.0,0.0,0.0,0.0,0.0,0.0,0,0
0.0,0.0,0.0,0.0,0.0,0.0,0.0,0.0,0,0
0.0,0.0,0.0,0.0,0.0,0.0,0.0,0.0,0,0
0.0,0.0,0.0,0.0,0.0,0.0,0.0,0.0,0,0
0.0,0.0,0.0,0.0,0.0,0.0,0.0,0.0,0,0
0.0,0.0,0.0,0.0,0.0,0.0,0.0,0.0,0,0
0.0,0.0,0.0,0.0,0.0,0.0,0.0,0.0,0,0
0.0,0.0,0.0,0.0,0.0,0.0,0.0,0.0,0,0
0.0,0.0,0.0,0.0,0.0,0.0,0.0,0.0,0,0
0.0,0.0,0.0,0.0,0.0,0.0,0.0,0.0,0,0
0.0,0.0,0.0,0.0,0.0,0.0,0.0,0.0,0,0
0.0,0.0,0.0,0.0,0.0,0.0,0.0,0.0,0,0
0.0,0.0,0.0,0.0,0.0,0.0,0.0,0.0,0,0
0.0,0.0,0.0,0.0,0.0,0.0,0.0,0.0,0,0
0.0,0.0,0.0,0.0,0.0,0.0,0.0,0.0,0,0
0.0,0.0,0.0,0.0,0.0,0.0,0.0,0.0,0,0
0.0,0.0,0.0,0.0,0.0,0.0,0.0,0.0,0,0
0.0,0.0,0.0,0.0,0.0,0.0,0.0,0.0,0,0
0.0,0.0,0.0,0.0,0.0,0.0,0.0,0.0,0,0
0.0,0.0,0.0,0.0,0.0,0.0,0.0,0.0,0,0
0.0,0.0,0.0,0.0,0.0,0.0,0.0,0.0,0,0
114741.5636262411,10000.000000000002,396.82539682539687,104344.7382294157,25000000.0,25000000.0,50000000.0,50000000.0,43,43
0.0,10000.000000000002,0.0,-10000.000000000002,0.0,0.0,0.0,50000000.0,0,0
0.0,0.0,0.0,0.0,0.0,0.0,0.0,0.0,0,0
0.0,0.0,0.0,0.0,0.0,0.0,0.0,0.0,0,0
0.0,0.0,0.0,0.0,0.0,0.0,0.0,0.0,0,0
0.0,0.0,0.0,0.0,0.0,0.0,0.0,0.0,0,0
-36109.17472694901,9999.999999999996,396.82539682539675,-46506.0001237744,24999999.999999996,24999999.999999996,49999999.99999999,49999999.99999999,43,43
0.0,9999.999999999996,0.0,-9999.999999999996,0.0,0.0,0.0,49999999.99999999,0,0
0.0,0.0,0.0,0.0,0.0,0.0,0.0,0.0,0,0
0.0,0.0,0.0,0.0,0.0,0.0,0.0,0.0,0,0
0.0,0.0,0.0,0.0,0.0,0.0,0.0,0.0,0,0
0.0,0.0,0.0,0.0,0.0,0.0,0.0,0.0,0,0
0.0,0.0,0.0,0.0,0.0,0.0,0.0,0.0,0,0
0.0,0.0,0.0,0.0,0.0,0.0,0.0,0.0,0,0
0.0,0.0,0.0,0.0,0.0,0.0,0.0,0.0,0,0
0.0,0.0,0.0,0.0,0.0,0.0,0.0,0.0,0,0
0.0,0.0,0.0,0.0,0.0,0.0,0.0,0.0,0,0
-59.68365269040649,9999.999999999996,396.82539682539675,-10456.5090495158,24999999.999999996,24999999.999999996,49999999.99999999,49999999.99999999,43,43
0.0,9999.999999999996,0.0,-9999.999999999996,0.0,0.0,0.0,49999999.99999999,0,0
0.0,0.0,0.0,0.0,0.0,0.0,0.0,0.0,0,0
0.0,0.0,0.0,0.0,0.0,0.0,0.0,0.0,0,0
0.0,0.0,0.0,0.0,0.0,0.0,0.0,0.0,0,0
0.0,0.0,0.0,0.0,0.0,0.0,0.0,0.0,0,0
0.0,0.0,0.0,0.0,0.0,0.0,0.0,0.0,0,0
0.0,0.0,0.0,0.0,0.0,0.0,0.0,0.0,0,0
0.0,0.0,0.0,0.0,0.0,0.0,0.0,0.0,0,0
0.0,0.0,0.0,0.0,0.0,0.0,0.0,0.0,0,0
0.0,0.0,0.0,0.0,0.0,0.0,0.0,0.0,0,0
0.0,0.0,0.0,0.0,0.0,0.0,0.0,0.0,0,0
0.0,0.0,0.0,0.0,0.0,0.0,0.0,0.0,0,0
0.0,0.0,0.0,0.0,0.0,0.0,0.0,0.0,0,0
0.0,0.0,0.0,0.0,0.0,0.0,0.0,0.0,0,0
0.0,0.0,0.0,0.0,0.0,0.0,0.0,0.0,0,0
0.0,0.0,0.0,0.0,0.0,0.0,0.0,0.0,0,0
0.0,0.0,0.0,0.0,0.0,0.0,0.0,0.0,0,0
0.0,0.0,0.0,0.0,0.0,0.0,0.0,0.0,0,0
0.0,0.0,0.0,0.0,0.0,0.0,0.0,0.0,0,0
0.0,0.0,0.0,0.0,0.0,0.0,0.0,0.0,0,0
0.0,0.0,0.0,0.0,0.0,0.0,0.0,0.0,0,0
0.0,0.0,0.0,0.0,0.0,0.0,0.0,0.0,0,0
0.0,0.0,0.0,0.0,0.0,0.0,0.0,0.0,0,0
0.0,0.0,0.0,0.0,0.0,0.0,0.0,0.0,0,0
42622.41060889326,10000.0,396.8253968253967,32225.585212067865,25000000.0,24999999.999999996,50000000.0,50000000.0,43,43
0.0,10000.0,0.0,-10000.0,0.0,0.0,0.0,50000000.0,0,0
0.0,0.0,0.0,0.0,0.0,0.0,0.0,0.0,0,0
0.0,0.0,0.0,0.0,0.0,0.0,0.0,0.0,0,0
0.0,0.0,0.0,0.0,0.0,0.0,0.0,0.0,0,0
0.0,0.0,0.0,0.0,0.0,0.0,0.0,0.0,0,0
0.0,0.0,0.0,0.0,0.0,0.0,0.0,0.0,0,0
0.0,0.0,0.0,0.0,0.0,0.0,0.0,0.0,0,0
0.0,0.0,0.0,0.0,0.0,0.0,0.0,0.0,0,0
0.0,0.0,0.0,0.0,0.0,0.0,0.0,0.0,0,0
0.0,0.0,0.0,0.0,0.0,0.0,0.0,0.0,0,0
0.0,0.0,0.0,0.0,0.0,0.0,0.0,0.0,0,0
0.0,0.0,0.0,0.0,0.0,0.0,0.0,0.0,0,0
0.0,0.0,0.0,0.0,0.0,0.0,0.0,0.0,0,0
0.0,0.0,0.0,0.0,0.0,0.0,0.0,0.0,0,0
0.0,0.0,0.0,0.0,0.0,0.0,0.0,0.0,0,0
-65518.10653545153,10000.000000000004,396.8253968253969,-75914.93193227693,25000000.0,25000000.0,50000000.0,50000000.0,40,40
0.0,10000.000000000004,0.0,-10000.000000000004,0.0,0.0,0.0,50000000.0,0,0
0.0,0.0,0.0,0.0,0.0,0.0,0.0,0.0,0,0
0.0,0.0,0.0,0.0,0.0,0.0,0.0,0.0,0,0
0.0,0.0,0.0,0.0,0.0,0.0,0.0,0.0,0,0
0.0,0.0,0.0,0.0,0.0,0.0,0.0,0.0,0,0
0.0,0.0,0.0,0.0,0.0,0.0,0.0,0.0,0,0
0.0,0.0,0.0,0.0,0.0,0.0,0.0,0.0,0,0
0.0,0.0,0.0,0.0,0.0,0.0,0.0,0.0,0,0
0.0,0.0,0.0,0.0,0.0,0.0,0.0,0.0,0,0
0.0,0.0,0.0,0.0,0.0,0.0,0.0,0.0,0,0
0.0,0.0,0.0,0.0,0.0,0.0,0.0,0.0,0,0
0.0,0.0,0.0,0.0,0.0,0.0,0.0,0.0,0,0
0.0,0.0,0.0,0.0,0.0,0.0,0.0,0.0,0,0
0.0,0.0,0.0,0.0,0.0,0.0,0.0,0.0,0,0
0.0,0.0,0.0,0.0,0.0,0.0,0.0,0.0,0,0
0.0,0.0,0.0,0.0,0.0,0.0,0.0,0.0,0,0
0.0,0.0,0.0,0.0,0.0,0.0,0.0,0.0,0,0
0.0,0.0,0.0,0.0,0.0,0.0,0.0,0.0,0,0
-128209.4255062812,9999.999999999996,396.82539682539687,-138606.2509031066,24999999.999999996,25000000.0,50000000.0,49999999.99999999,43,43
-51892.40532871534,20102.126998366344,396.8253968253968,-72391.35772390709,25000000.0,25000000.0,50000000.0,48494533.6591449,43,43
-192374.8853791545,19999.999999999993,396.8253968253969,-212771.71077597988,25000000.0,25000000.000000004,50000000.0,60008580.92121747,43,43
521185.1102536945,20091.527182647424,396.82539682539687,500696.7576742217,25000000.0,25000000.0,50000000.0,72614656.5282446,43,43
63835.13807174195,19999.999999999996,396.8253968253967,43438.31267491655,25000000.0,25000000.0,50000000.0,76377677.29321577,43,43
165458.71309765603,20484.28804832566,396.8253968253968,144577.59965250498,25000000.0,25000000.0,50000000.0,75372569.8856667,43,43
0.0,10000.0,0.0,-10000.0,0.0,0.0,0.0,50000000.0,0,0
17253.903690232433,9999.999999999998,396.825396825397,6857.0782934070385,25000000.0,25000000.000000004,50000000.0,50000000.0,41,41
44682.245893293904,20000.000000000004,396.82539682539687,24285.420496468505,25000000.000000004,25000000.0,50000000.0,64171926.52866733,41,41
0.0,10000.000000000004,0.0,-10000.000000000004,0.0,0.0,0.0,50000000.0,0,0
0.0,0.0,0.0,0.0,0.0,0.0,0.0,0.0,0,0
-78551.88838739533,10000.0,396.8253968253967,-88948.71378422073,24999999.999999996,25000000.0,50000000.0,49999999.99999999,39,39
314504.41395630885,20552.18750114177,396.8253968253969,293555.4010583417,25000000.0,25000000.0,50000000.0,74008184.14949124,35,35
-282907.493432119,21082.625722197467,396.8253968253968,-304386.9445511419,25000000.0,25000000.0,50000000.0,85575309.59118143,34,34
411789.4716270749,20623.88895056997,396.82539682539675,390768.7572796795,25000000.000000004,25000000.000000004,50000000.00000001,83660820.04857075,36,36
73993.52757337,21263.104202000657,396.8253968253968,52333.59797454394,25000000.0,25000000.0,50000000.0,93884152.1441454,38,38
634852.8021257458,21666.012100345837,396.82539682539675,612789.9646285746,24999999.999999996,24999999.999999996,49999999.99999999,93857913.27042228,39,39
22870.27609031984,19999.99999999999,396.8253968253968,2473.450693494454,25000000.000000004,25000000.0,50000000.0,76081997.19698174,36,36
0.0,10000.000000000002,0.0,-10000.000000000002,0.0,0.0,0.0,50000000.00000001,0,0
0.0,0.0,0.0,0.0,0.0,0.0,0.0,0.0,0,0
0.0,0.0,0.0,0.0,0.0,0.0,0.0,0.0,0,0
0.0,0.0,0.0,0.0,0.0,0.0,0.0,0.0,0,0
0.0,0.0,0.0,0.0,0.0,0.0,0.0,0.0,0,0
-196285.59443835993,10000.000000000004,396.82539682539675,-206682.4198351853,25000000.0,24999999.999999996,50000000.0,50000000.0,40,40
0.0,10000.000000000004,0.0,-10000.000000000004,0.0,0.0,0.0,50000000.0,0,0
-46162.27295616187,10000.000000000004,396.8253968253969,-56559.098352987276,25000000.0,25000000.000000004,50000000.0,50000000.00000001,43,43
0.0,10000.000000000004,0.0,-10000.000000000004,0.0,0.0,0.0,50000000.00000001,0,0
0.0,0.0,0.0,0.0,0.0,0.0,0.0,0.0,0,0
0.0,0.0,0.0,0.0,0.0,0.0,0.0,0.0,0,0
0.0,0.0,0.0,0.0,0.0,0.0,0.0,0.0,0,0
0.0,0.0,0.0,0.0,0.0,0.0,0.0,0.0,0,0
483330.1483620585,9999.999999999998,396.82539682539675,472933.3229652331,25000000.0,25000000.0,50000000.0,50000000.0,43,43
-236792.0840552985,20096.26628475684,396.825396825397,-257285.17573688072,25000000.0,25000000.000000004,50000000.0,60699686.7397034,43,43
336960.81950001075,20000.0,396.82539682539704,316563.99410318537,25000000.0,25000000.0,50000000.0,66788769.97818865,44,44
-117518.756727221,20272.20286077483,396.8253968253967,-138187.78498482122,25000000.0,25000000.0,50000000.0,69223035.12316625,43,43
188144.8981589517,20217.369514927257,396.82539682539675,167530.70324719904,25000000.0,25000000.0,50000000.0,71417271.82571012,43,43
0.0,10000.000000000004,0.0,-10000.000000000004,0.0,0.0,0.0,50000000.0,0,0
-145117.10143331502,9999.999999999998,396.825396825397,-155513.9268301404,24999999.999999996,25000000.0,50000000.0,50000000.0,42,42
0.0,9999.999999999998,0.0,-9999.999999999998,0.0,0.0,0.0,50000000.0,0,0
0.0,0.0,0.0,0.0,0.0,0.0,0.0,0.0,0,0
0.0,0.0,0.0,0.0,0.0,0.0,0.0,0.0,0,0
-43476.51167034167,10000.000000000002,396.8253968253967,-53873.33706716707,25000000.000000004,24999999.999999996,50000000.0,50000000.0,42,42
-242959.09155099824,20269.44265318006,396.8253968253968,-263625.3596010037,24999999.999999996,25000000.0,50000000.0,78305943.51317108,42,42
0.0,9999.999999999998,0.0,-9999.999999999998,0.0,0.0,0.0,49999999.99999999,0,0
299874.22414623457,9999.999999999998,396.82539682539675,289477.3987494092,25000000.0,25000000.0,50000000.0,50000000.0,43,43
0.0,9999.999999999998,0.0,-9999.999999999998,0.0,0.0,0.0,50000000.0,0,0
0.0,0.0,0.0,0.0,0.0,0.0,0.0,0.0,0,0
-129113.83408025691,10000.000000000005,396.82539682539675,-139510.6594770823,25000000.000000004,24999999.999999996,50000000.0,50000000.0,43,43
0.0,10000.000000000005,0.0,-10000.000000000005,0.0,0.0,0.0,50000000.0,0,0
37703.447170655156,10000.0,396.82539682539664,27306.62177382976,25000000.000000004,24999999.999999996,50000000.0,50000000.0,42,42
0.0,10000.0,0.0,-10000.0,0.0,0.0,0.0,50000000.0,0,0
-20216.234034648696,10000.0,396.82539682539687,-30613.059431474092,24999999.999999996,25000000.000000004,50000000.0,50000000.0,42,42
0.0,10000.0,0.0,-10000.0,0.0,0.0,0.0,50000000.0,0,0
165155.369134296,9999.999999999998,396.8253968253968,154758.5437374706,25000000.0,24999999.999999993,49999999.99999999,49999999.99999999,43,43
-122802.12928506281,20474.969155568073,396.82539682539687,-143673.92383745627,25000000.000000004,25000000.0,50000000.0,80656740.8680695,44,44
35649.205729342575,20876.204686830864,396.82539682539687,14376.175645686313,25000000.0,25000000.000000004,50000000.0,84838130.52020113,44,44
0.0,10000.000000000004,0.0,-10000.000000000004,0.0,0.0,0.0,50000000.0,0,0
0.0,0.0,0.0,0.0,0.0,0.0,0.0,0.0,0,0
-285645.44598613033,10000.000000000002,396.82539682539675,-296042.2713829557,25000000.000000004,25000000.0,50000000.0,50000000.0,44,44
406456.9985388787,20233.64510382415,396.82539682539675,385826.52803822915,25000000.0,25000000.0,50000000.0,70412479.9935772,44,44
158580.87519429284,20234.176881613505,396.8253968253968,137949.87291585395,25000000.0,25000000.000000004,50000000.0,89682783.75110993,44,44
0.0,9999.999999999998,0.0,-9999.999999999998,0.0,0.0,0.0,50000000.00000001,0,0
0.0,0.0,0.0,0.0,0.0,0.0,0.0,0.0,0,0
-55859.890959018085,9999.999999999996,396.82539682539687,-66256.71635584348,25000000.0,25000000.0,50000000.0,50000000.0,44,44
0.0,9999.999999999996,0.0,-9999.999999999996,0.0,0.0,0.0,50000000.0,0,0
-325734.8559122208,10000.0,396.8253968253968,-336131.68130904617,25000000.000000004,24999999.999999996,50000000.0,50000000.0,44,44
0.0,10000.0,0.0,-10000.0,0.0,0.0,0.0,50000000.0,0,0
0.0,0.0,0.0,0.0,0.0,0.0,0.0,0.0,0,0
0.0,0.0,0.0,0.0,0.0,0.0,0.0,0.0,0,0
0.0,0.0,0.0,0.0,0.0,0.0,0.0,0.0,0,0
0.0,0.0,0.0,0.0,0.0,0.0,0.0,0.0,0,0
0.0,0.0,0.0,0.0,0.0,0.0,0.0,0.0,0,0
0.0,0.0,0.0,0.0,0.0,0.0,0.0,0.0,0,0
0.0,0.0,0.0,0.0,0.0,0.0,0.0,0.0,0,0
0.0,0.0,0.0,0.0,0.0,0.0,0.0,0.0,0,0
86048.13164939129,9999.999999999998,396.8253968253968,75651.30625256589,25000000.0,25000000.0,50000000.0,50000000.0,40,40
0.0,9999.999999999998,0.0,-9999.999999999998,0.0,0.0,0.0,50000000.0,0,0
0.0,0.0,0.0,0.0,0.0,0.0,0.0,0.0,0,0
0.0,0.0,0.0,0.0,0.0,0.0,0.0,0.0,0,0
0.0,0.0,0.0,0.0,0.0,0.0,0.0,0.0,0,0
0.0,0.0,0.0,0.0,0.0,0.0,0.0,0.0,0,0
0.0,0.0,0.0,0.0,0.0,0.0,0.0,0.0,0,0
0.0,0.0,0.0,0.0,0.0,0.0,0.0,0.0,0,0
0.0,0.0,0.0,0.0,0.0,0.0,0.0,0.0,0,0
49444.64965023449,10000.0,396.82539682539675,39047.82425340909,25000000.0,25000000.0,50000000.0,50000000.0,38,38
0.0,10000.0,0.0,-10000.0,0.0,0.0,0.0,50000000.0,0,0
0.0,0.0,0.0,0.0,0.0,0.0,0.0,0.0,0,0
0.0,0.0,0.0,0.0,0.0,0.0,0.0,0.0,0,0
0.0,0.0,0.0,0.0,0.0,0.0,0.0,0.0,0,0
0.0,0.0,0.0,0.0,0.0,0.0,0.0,0.0,0,0
0.0,0.0,0.0,0.0,0.0,0.0,0.0,0.0,0,0
0.0,0.0,0.0,0.0,0.0,0.0,0.0,0.0,0,0
0.0,0.0,0.0,0.0,0.0,0.0,0.0,0.0,0,0
0.0,0.0,0.0,0.0,0.0,0.0,0.0,0.0,0,0
0.0,0.0,0.0,0.0,0.0,0.0,0.0,0.0,0,0
0.0,0.0,0.0,0.0,0.0,0.0,0.0,0.0,0,0
0.0,0.0,0.0,0.0,0.0,0.0,0.0,0.0,0,0
0.0,0.0,0.0,0.0,0.0,0.0,0.0,0.0,0,0
0.0,0.0,0.0,0.0,0.0,0.0,0.0,0.0,0,0
0.0,0.0,0.0,0.0,0.0,0.0,0.0,0.0,0,0
0.0,0.0,0.0,0.0,0.0,0.0,0.0,0.0,0,0
0.0,0.0,0.0,0.0,0.0,0.0,0.0,0.0,0,0
0.0,0.0,0.0,0.0,0.0,0.0,0.0,0.0,0,0
77846.76297927744,9999.999999999998,396.82539682539687,67449.93758245204,25000000.0,25000000.000000004,50000000.0,50000000.0,43,43
0.0,9999.999999999998,0.0,-9999.999999999998,0.0,0.0,0.0,50000000.0,0,0
0.0,0.0,0.0,0.0,0.0,0.0,0.0,0.0,0,0
0.0,0.0,0.0,0.0,0.0,0.0,0.0,0.0,0,0
0.0,0.0,0.0,0.0,0.0,0.0,0.0,0.0,0,0
0.0,0.0,0.0,0.0,0.0,0.0,0.0,0.0,0,0
0.0,0.0,0.0,0.0,0.0,0.0,0.0,0.0,0,0
0.0,0.0,0.0,0.0,0.0,0.0,0.0,0.0,0,0
0.0,0.0,0.0,0.0,0.0,0.0,0.0,0.0,0,0
0.0,0.0,0.0,0.0,0.0,0.0,0.0,0.0,0,0
0.0,0.0,0.0,0.0,0.0,0.0,0.0,0.0,0,0
0.0,0.0,0.0,0.0,0.0,0.0,0.0,0.0,0,0
0.0,0.0,0.0,0.0,0.0,0.0,0.0,0.0,0,0
0.0,0.0,0.0,0.0,0.0,0.0,0.0,0.0,0,0
0.0,0.0,0.0,0.0,0.0,0.0,0.0,0.0,0,0
0.0,0.0,0.0,0.0,0.0,0.0,0.0,0.0,0,0
0.0,0.0,0.0,0.0,0.0,0.0,0.0,0.0,0,0
0.0,0.0,0.0,0.0,0.0,0.0,0.0,0.0,0,0
0.0,0.0,0.0,0.0,0.0,0.0,0.0,0.0,0,0
0.0,0.0,0.0,0.0,0.0,0.0,0.0,0.0,0,0
0.0,0.0,0.0,0.0,0.0,0.0,0.0,0.0,0,0
-142273.42645623008,10000.0,396.82539682539687,-152670.25185305547,25000000.0,25000000.0,50000000.0,50000000.0,43,43
0.0,10000.0,0.0,-10000.0,0.0,0.0,0.0,50000000.0,0,0
0.0,0.0,0.0,0.0,0.0,0.0,0.0,0.0,0,0
0.0,0.0,0.0,0.0,0.0,0.0,0.0,0.0,0,0
0.0,0.0,0.0,0.0,0.0,0.0,0.0,0.0,0,0
0.0,0.0,0.0,0.0,0.0,0.0,0.0,0.0,0,0
0.0,0.0,0.0,0.0,0.0,0.0,0.0,0.0,0,0
0.0,0.0,0.0,0.0,0.0,0.0,0.0,0.0,0,0
0.0,0.0,0.0,0.0,0.0,0.0,0.0,0.0,0,0
-851.8199151820344,10000.000000000002,396.82539682539675,-11248.645312007433,25000000.0,25000000.0,50000000.0,50000000.0,38,38
-36690.930581482135,20077.9306140603,396.82539682539687,-57165.686592367834,25000000.0,25000000.0,50000000.0,66492381.57641674,38,38
0.0,10000.0,0.0,-10000.0,0.0,0.0,0.0,50000000.0,0,0
-168948.2559453177,9999.999999999998,396.82539682539675,-179345.0813421431,25000000.0,24999999.999999996,50000000.0,49999999.99999999,34,34
0.0,9999.999999999998,0.0,-9999.999999999998,0.0,0.0,0.0,49999999.99999999,0,0
0.0,0.0,0.0,0.0,0.0,0.0,0.0,0.0,0,0
0.0,0.0,0.0,0.0,0.0,0.0,0.0,0.0,0,0
0.0,0.0,0.0,0.0,0.0,0.0,0.0,0.0,0,0
0.0,0.0,0.0,0.0,0.0,0.0,0.0,0.0,0,0
0.0,0.0,0.0,0.0,0.0,0.0,0.0,0.0,0,0
-260568.67846408236,9999.999999999998,396.825396825397,-270965.50386090775,24999999.999999996,25000000.000000004,50000000.0,50000000.0,38,38
-102199.33220034059,20116.521616218633,396.82539682539675,-122712.67921338462,25000000.0,25000000.0,50000000.0,78116710.37319127,40,40
0.0,10000.000000000004,0.0,-10000.000000000004,0.0,0.0,0.0,50000000.0,0,0
-110262.96823776232,9999.999999999995,396.82539682539675,-120659.79363458772,25000000.0,25000000.0,50000000.0,50000000.0,40,40
0.0,9999.999999999995,0.0,-9999.999999999995,0.0,0.0,0.0,50000000.0,0,0
215098.1249590583,10000.000000000004,396.82539682539664,204701.29956223292,25000000.0,25000000.0,50000000.0,50000000.0,43,43
-258983.16690719724,20109.107616697744,396.82539682539687,-279489.0999207204,25000000.000000004,25000000.0,50000000.0,62738618.08731493,43,43
-5141.31612421281,20000.0,396.8253968253969,-25538.141521038207,25000000.0,25000000.000000004,50000000.0,54434620.56659852,43,43
-147986.93501241916,20418.800189266665,396.82539682539687,-168802.5605985112,25000000.0,25000000.0,50000000.0,59827708.71826082,43,43
0.0,10000.000000000002,0.0,-10000.000000000002,0.0,0.0,0.0,50000000.0,0,0
0.0,0.0,0.0,0.0,0.0,0.0,0.0,0.0,0,0
0.0,0.0,0.0,0.0,0.0,0.0,0.0,0.0,0,0
0.0,0.0,0.0,0.0,0.0,0.0,0.0,0.0,0,0
0.0,0.0,0.0,0.0,0.0,0.0,0.0,0.0,0,0
0.0,0.0,0.0,0.0,0.0,0.0,0.0,0.0,0,0
0.0,0.0,0.0,0.0,0.0,0.0,0.0,0.0,0,0
0.0,0.0,0.0,0.0,0.0,0.0,0.0,0.0,0,0
0.0,0.0,0.0,0.0,0.0,0.0,0.0,0.0,0,0
0.0,0.0,0.0,0.0,0.0,0.0,0.0,0.0,0,0
0.0,0.0,0.0,0.0,0.0,0.0,0.0,0.0,0,0
0.0,0.0,0.0,0.0,0.0,0.0,0.0,0.0,0,0
0.0,0.0,0.0,0.0,0.0,0.0,0.0,0.0,0,0
0.0,0.0,0.0,0.0,0.0,0.0,0.0,0.0,0,0
0.0,0.0,0.0,0.0,0.0,0.0,0.0,0.0,0,0
0.0,0.0,0.0,0.0,0.0,0.0,0.0,0.0,0,0
0.0,0.0,0.0,0.0,0.0,0.0,0.0,0.0,0,0
0.0,0.0,0.0,0.0,0.0,0.0,0.0,0.0,0,0
0.0,0.0,0.0,0.0,0.0,0.0,0.0,0.0,0,0
0.0,0.0,0.0,0.0,0.0,0.0,0.0,0.0,0,0
0.0,0.0,0.0,0.0,0.0,0.0,0.0,0.0,0,0
0.0,0.0,0.0,0.0,0.0,0.0,0.0,0.0,0,0
0.0,0.0,0.0,0.0,0.0,0.0,0.0,0.0,0,0
0.0,0.0,0.0,0.0,0.0,0.0,0.0,0.0,0,0
0.0,0.0,0.0,0.0,0.0,0.0,0.0,0.0,0,0
0.0,0.0,0.0,0.0,0.0,0.0,0.0,0.0,0,0
0.0,0.0,0.0,0.0,0.0,0.0,0.0,0.0,0,0
0.0,0.0,0.0,0.0,0.0,0.0,0.0,0.0,0,0
0.0,0.0,0.0,0.0,0.0,0.0,0.0,0.0,0,0
0.0,0.0,0.0,0.0,0.0,0.0,0.0,0.0,0,0
0.0,0.0,0.0,0.0,0.0,0.0,0.0,0.0,0,0
0.0,0.0,0.0,0.0,0.0,0.0,0.0,0.0,0,0
0.0,0.0,0.0,0.0,0.0,0.0,0.0,0.0,0,0
0.0,0.0,0.0,0.0,0.0,0.0,0.0,0.0,0,0
0.0,0.0,0.0,0.0,0.0,0.0,0.0,0.0,0,0
0.0,0.0,0.0,0.0,0.0,0.0,0.0,0.0,0,0
0.0,0.0,0.0,0.0,0.0,0.0,0.0,0.0,0,0
0.0,0.0,0.0,0.0,0.0,0.0,0.0,0.0,0,0
0.0,0.0,0.0,0.0,0.0,0.0,0.0,0.0,0,0
0.0,0.0,0.0,0.0,0.0,0.0,0.0,0.0,0,0
0.0,0.0,0.0,0.0,0.0,0.0,0.0,0.0,0,0
0.0,0.0,0.0,0.0,0.0,0.0,0.0,0.0,0,0
0.0,0.0,0.0,0.0,0.0,0.0,0.0,0.0,0,0
0.0,0.0,0.0,0.0,0.0,0.0,0.0,0.0,0,0
0.0,0.0,0.0,0.0,0.0,0.0,0.0,0.0,0,0
0.0,0.0,0.0,0.0,0.0,0.0,0.0,0.0,0,0
0.0,0.0,0.0,0.0,0.0,0.0,0.0,0.0,0,0
0.0,0.0,0.0,0.0,0.0,0.0,0.0,0.0,0,0
0.0,0.0,0.0,0.0,0.0,0.0,0.0,0.0,0,0
0.0,0.0,0.0,0.0,0.0,0.0,0.0,0.0,0,0
0.0,0.0,0.0,0.0,0.0,0.0,0.0,0.0,0,0
0.0,0.0,0.0,0.0,0.0,0.0,0.0,0.0,0,0
0.0,0.0,0.0,0.0,0.0,0.0,0.0,0.0,0,0
0.0,0.0,0.0,0.0,0.0,0.0,0.0,0.0,0,0
0.0,0.0,0.0,0.0,0.0,0.0,0.0,0.0,0,0
0.0,0.0,0.0,0.0,0.0,0.0,0.0,0.0,0,0
0.0,0.0,0.0,0.0,0.0,0.0,0.0,0.0,0,0
0.0,0.0,0.0,0.0,0.0,0.0,0.0,0.0,0,0
0.0,0.0,0.0,0.0,0.0,0.0,0.0,0.0,0,0
0.0,0.0,0.0,0.0,0.0,0.0,0.0,0.0,0,0
0.0,0.0,0.0,0.0,0.0,0.0,0.0,0.0,0,0
0.0,0.0,0.0,0.0,0.0,0.0,0.0,0.0,0,0
0.0,0.0,0.0,0.0,0.0,0.0,0.0,0.0,0,0
0.0,0.0,0.0,0.0,0.0,0.0,0.0,0.0,0,0
0.0,0.0,0.0,0.0,0.0,0.0,0.0,0.0,0,0
0.0,0.0,0.0,0.0,0.0,0.0,0.0,0.0,0,0
0.0,0.0,0.0,0.0,0.0,0.0,0.0,0.0,0,0
0.0,0.0,0.0,0.0,0.0,0.0,0.0,0.0,0,0
0.0,0.0,0.0,0.0,0.0,0.0,0.0,0.0,0,0
0.0,0.0,0.0,0.0,0.0,0.0,0.0,0.0,0,0
0.0,0.0,0.0,0.0,0.0,0.0,0.0,0.0,0,0
0.0,0.0,0.0,0.0,0.0,0.0,0.0,0.0,0,0
0.0,0.0,0.0,0.0,0.0,0.0,0.0,0.0,0,0
0.0,0.0,0.0,0.0,0.0,0.0,0.0,0.0,0,0
0.0,0.0,0.0,0.0,0.0,0.0,0.0,0.0,0,0
0.0,0.0,0.0,0.0,0.0,0.0,0.0,0.0,0,0
0.0,0.0,0.0,0.0,0.0,0.0,0.0,0.0,0,0
0.0,0.0,0.0,0.0,0.0,0.0,0.0,0.0,0,0
0.0,0.0,0.0,0.0,0.0,0.0,0.0,0.0,0,0
0.0,0.0,0.0,0.0,0.0,0.0,0.0,0.0,0,0
0.0,0.0,0.0,0.0,0.0,0.0,0.0,0.0,0,0
0.0,0.0,0.0,0.0,0.0,0.0,0.0,0.0,0,0
0.0,0.0,0.0,0.0,0.0,0.0,0.0,0.0,0,0
0.0,0.0,0.0,0.0,0.0,0.0,0.0,0.0,0,0
0.0,0.0,0.0,0.0,0.0,0.0,0.0,0.0,0,0
0.0,0.0,0.0,0.0,0.0,0.0,0.0,0.0,0,0
0.0,0.0,0.0,0.0,0.0,0.0,0.0,0.0,0,0
0.0,0.0,0.0,0.0,0.0,0.0,0.0,0.0,0,0
0.0,0.0,0.0,0.0,0.0,0.0,0.0,0.0,0,0
0.0,0.0,0.0,0.0,0.0,0.0,0.0,0.0,0,0
0.0,0.0,0.0,0.0,0.0,0.0,0.0,0.0,0,0
0.0,0.0,0.0,0.0,0.0,0.0,0.0,0.0,0,0
0.0,0.0,0.0,0.0,0.0,0.0,0.0,0.0,0,0
0.0,0.0,0.0,0.0,0.0,0.0,0.0,0.0,0,0
0.0,0.0,0.0,0.0,0.0,0.0,0.0,0.0,0,0
0.0,0.0,0.0,0.0,0.0,0.0,0.0,0.0,0,0
0.0,0.0,0.0,0.0,0.0,0.0,0.0,0.0,0,0
0.0,0.0,0.0,0.0,0.0,0.0,0.0,0.0,0,0
0.0,0.0,0.0,0.0,0.0,0.0,0.0,0.0,0,0
0.0,0.0,0.0,0.0,0.0,0.0,0.0,0.0,0,0
0.0,0.0,0.0,0.0,0.0,0.0,0.0,0.0,0,0
0.0,0.0,0.0,0.0,0.0,0.0,0.0,0.0,0,0
0.0,0.0,0.0,0.0,0.0,0.0,0.0,0.0,0,0
0.0,0.0,0.0,0.0,0.0,0.0,0.0,0.0,0,0
0.0,0.0,0.0,0.0,0.0,0.0,0.0,0.0,0,0
0.0,0.0,0.0,0.0,0.0,0.0,0.0,0.0,0,0
0.0,0.0,0.0,0.0,0.0,0.0,0.0,0.0,0,0
0.0,0.0,0.0,0.0,0.0,0.0,0.0,0.0,0,0
0.0,0.0,0.0,0.0,0.0,0.0,0.0,0.0,0,0
0.0,0.0,0.0,0.0,0.0,0.0,0.0,0.0,0,0
0.0,0.0,0.0,0.0,0.0,0.0,0.0,0.0,0,0
0.0,0.0,0.0,0.0,0.0,0.0,0.0,0.0,0,0
0.0,0.0,0.0,0.0,0.0,0.0,0.0,0.0,0,0
0.0,0.0,0.0,0.0,0.0,0.0,0.0,0.0,0,0
0.0,0.0,0.0,0.0,0.0,0.0,0.0,0.0,0,0
0.0,0.0,0.0,0.0,0.0,0.0,0.0,0.0,0,0
0.0,0.0,0.0,0.0,0.0,0.0,0.0,0.0,0,0
0.0,0.0,0.0,0.0,0.0,0.0,0.0,0.0,0,0
0.0,0.0,0.0,0.0,0.0,0.0,0.0,0.0,0,0
0.0,0.0,0.0,0.0,0.0,0.0,0.0,0.0,0,0
0.0,0.0,0.0,0.0,0.0,0.0,0.0,0.0,0,0
0.0,0.0,0.0,0.0,0.0,0.0,0.0,0.0,0,0
0.0,0.0,0.0,0.0,0.0,0.0,0.0,0.0,0,0
0.0,0.0,0.0,0.0,0.0,0.0,0.0,0.0,0,0
0.0,0.0,0.0,0.0,0.0,0.0,0.0,0.0,0,0
0.0,0.0,0.0,0.0,0.0,0.0,0.0,0.0,0,0
0.0,0.0,0.0,0.0,0.0,0.0,0.0,0.0,0,0
0.0,0.0,0.0,0.0,0.0,0.0,0.0,0.0,0,0
0.0,0.0,0.0,0.0,0.0,0.0,0.0,0.0,0,0
0.0,0.0,0.0,0.0,0.0,0.0,0.0,0.0,0,0
0.0,0.0,0.0,0.0,0.0,0.0,0.0,0.0,0,0
0.0,0.0,0.0,0.0,0.0,0.0,0.0,0.0,0,0
0.0,0.0,0.0,0.0,0.0,0.0,0.0,0.0,0,0
0.0,0.0,0.0,0.0,0.0,0.0,0.0,0.0,0,0
0.0,0.0,0.0,0.0,0.0,0.0,0.0,0.0,0,0
0.0,0.0,0.0,0.0,0.0,0.0,0.0,0.0,0,0
0.0,0.0,0.0,0.0,0.0,0.0,0.0,0.0,0,0
0.0,0.0,0.0,0.0,0.0,0.0,0.0,0.0,0,0
285694.6995408497,10000.000000000004,396.825396825397,275297.87414402433,25000000.0,25000000.0,50000000.0,50000000.0,42,42
0.0,10000.000000000004,0.0,-10000.000000000004,0.0,0.0,0.0,50000000.0,0,0
0.0,0.0,0.0,0.0,0.0,0.0,0.0,0.0,0,0
0.0,0.0,0.0,0.0,0.0,0.0,0.0,0.0,0,0
0.0,0.0,0.0,0.0,0.0,0.0,0.0,0.0,0,0
0.0,0.0,0.0,0.0,0.0,0.0,0.0,0.0,0,0
0.0,0.0,0.0,0.0,0.0,0.0,0.0,0.0,0,0
0.0,0.0,0.0,0.0,0.0,0.0,0.0,0.0,0,0
0.0,0.0,0.0,0.0,0.0,0.0,0.0,0.0,0,0
0.0,0.0,0.0,0.0,0.0,0.0,0.0,0.0,0,0
0.0,0.0,0.0,0.0,0.0,0.0,0.0,0.0,0,0
0.0,0.0,0.0,0.0,0.0,0.0,0.0,0.0,0,0
0.0,0.0,0.0,0.0,0.0,0.0,0.0,0.0,0,0
0.0,0.0,0.0,0.0,0.0,0.0,0.0,0.0,0,0
0.0,0.0,0.0,0.0,0.0,0.0,0.0,0.0,0,0
0.0,0.0,0.0,0.0,0.0,0.0,0.0,0.0,0,0
0.0,0.0,0.0,0.0,0.0,0.0,0.0,0.0,0,0
0.0,0.0,0.0,0.0,0.0,0.0,0.0,0.0,0,0
0.0,0.0,0.0,0.0,0.0,0.0,0.0,0.0,0,0
160500.7953869794,9999.999999999998,396.82539682539687,150103.969990154,25000000.0,25000000.0,50000000.0,50000000.0,43,43
-214339.57449118083,19999.99999999999,396.82539682539675,-234736.3998880062,25000000.0,25000000.0,50000000.0,73232868.91868949,43,43
-170592.30041653765,19999.999999999993,396.82539682539675,-190989.12581336303,25000000.0,25000000.0,50000000.0,74552236.25580521,43,43
127633.74662833527,19999.999999999985,396.8253968253968,107236.92123150988,24999999.999999996,25000000.0,50000000.0,71841686.92822218,43,43
18046.7436981262,20000.000000000004,396.8253968253968,-2350.0816986992004,25000000.000000004,25000000.000000004,50000000.00000001,77228999.51006623,43,43
0.0,10000.000000000002,0.0,-10000.000000000002,0.0,0.0,0.0,50000000.00000001,0,0
0.0,0.0,0.0,0.0,0.0,0.0,0.0,0.0,0,0
0.0,0.0,0.0,0.0,0.0,0.0,0.0,0.0,0,0
0.0,0.0,0.0,0.0,0.0,0.0,0.0,0.0,0,0
0.0,0.0,0.0,0.0,0.0,0.0,0.0,0.0,0,0
0.0,0.0,0.0,0.0,0.0,0.0,0.0,0.0,0,0
0.0,0.0,0.0,0.0,0.0,0.0,0.0,0.0,0,0
0.0,0.0,0.0,0.0,0.0,0.0,0.0,0.0,0,0
0.0,0.0,0.0,0.0,0.0,0.0,0.0,0.0,0,0
0.0,0.0,0.0,0.0,0.0,0.0,0.0,0.0,0,0
0.0,0.0,0.0,0.0,0.0,0.0,0.0,0.0,0,0
0.0,0.0,0.0,0.0,0.0,0.0,0.0,0.0,0,0
211993.5661329354,10000.000000000004,396.8253968253968,201596.74073611002,25000000.0,24999999.999999996,50000000.0,50000000.0,41,41
73410.7406476907,20102.161771585383,396.8253968253968,52911.75347927993,24999999.999999996,25000000.0,50000000.0,75189882.0306665,40,40
0.0,10000.000000000002,0.0,-10000.000000000002,0.0,0.0,0.0,50000000.0,0,0
-150291.71897045014,9999.999999999998,396.8253968253969,-160688.54436727552,25000000.0,25000000.0,50000000.0,50000000.0,36,36
59477.58557645589,20137.132492440418,396.8253968253967,38943.62768719007,25000000.0,24999999.999999996,50000000.0,63006262.282782525,38,38
366811.7513051491,20276.686340477474,396.8253968253967,346138.23956784623,25000000.000000004,25000000.0,50000000.0,75228832.14498244,39,39
0.0,9999.999999999996,0.0,-9999.999999999996,0.0,0.0,0.0,50000000.0,0,0
0.0,0.0,0.0,0.0,0.0,0.0,0.0,0.0,0,0
0.0,0.0,0.0,0.0,0.0,0.0,0.0,0.0,0,0
-83003.31546364889,10000.000000000004,396.8253968253969,-93400.14086047429,25000000.000000004,25000000.000000004,50000000.00000001,50000000.00000001,40,40
0.0,10000.000000000004,0.0,-10000.000000000004,0.0,0.0,0.0,50000000.00000001,0,0
0.0,0.0,0.0,0.0,0.0,0.0,0.0,0.0,0,0
0.0,0.0,0.0,0.0,0.0,0.0,0.0,0.0,0,0
0.0,0.0,0.0,0.0,0.0,0.0,0.0,0.0,0,0
0.0,0.0,0.0,0.0,0.0,0.0,0.0,0.0,0,0
0.0,0.0,0.0,0.0,0.0,0.0,0.0,0.0,0,0
0.0,0.0,0.0,0.0,0.0,0.0,0.0,0.0,0,0
0.0,0.0,0.0,0.0,0.0,0.0,0.0,0.0,0,0
0.0,0.0,0.0,0.0,0.0,0.0,0.0,0.0,0,0
213531.35360804436,10000.0,396.8253968253967,203134.52821121897,25000000.000000004,25000000.0,50000000.0,50000000.00000001,41,41
30075.498834613594,20323.98657582461,396.82539682539675,9354.686861963588,25000000.0,24999999.999999996,50000000.0,76193181.2372527,41,41
-339434.6186711485,21152.62610630233,396.82539682539675,-360984.0701742762,25000000.0,25000000.0,50000000.0,80857242.07522354,40,40
-405917.0824012255,19999.999999999993,396.82539682539687,-426313.9077980509,25000000.0,25000000.0,50000000.0,76544866.87547001,40,40
159125.38830936994,20000.000000000004,396.8253968253968,138728.56291254456,25000000.0,25000000.0,50000000.0,79286716.17341942,41,41
172666.75977846098,20435.242848302045,396.82539682539687,151834.69153333356,25000000.000000004,25000000.000000004,50000000.00000001,82329681.69679077,43,43
-13071.518520573547,20826.56735376582,396.8253968253967,-34294.91127116476,24999999.999999996,25000000.0,50000000.0,85118212.29515132,44,44
-196174.33174273733,20654.919858552646,396.8253968253968,-217226.07699811534,24999999.999999993,25000000.0,49999999.99999999,85622942.1583703,44,44
-337731.4676746046,20102.145491948864,396.82539682539687,-358230.4385633789,24999999.999999993,25000000.0,49999999.99999999,81195287.44545342,44,44
0.0,10000.000000000004,0.0,-10000.000000000004,0.0,0.0,0.0,49999999.99999999,0,0
0.0,0.0,0.0,0.0,0.0,0.0,0.0,0.0,0,0
0.0,0.0,0.0,0.0,0.0,0.0,0.0,0.0,0,0
0.0,0.0,0.0,0.0,0.0,0.0,0.0,0.0,0,0
0.0,0.0,0.0,0.0,0.0,0.0,0.0,0.0,0,0
0.0,0.0,0.0,0.0,0.0,0.0,0.0,0.0,0,0
0.0,0.0,0.0,0.0,0.0,0.0,0.0,0.0,0,0
0.0,0.0,0.0,0.0,0.0,0.0,0.0,0.0,0,0
0.0,0.0,0.0,0.0,0.0,0.0,0.0,0.0,0,0
0.0,0.0,0.0,0.0,0.0,0.0,0.0,0.0,0,0
0.0,0.0,0.0,0.0,0.0,0.0,0.0,0.0,0,0
0.0,0.0,0.0,0.0,0.0,0.0,0.0,0.0,0,0
540813.0766796232,9999.999999999996,396.825396825397,530416.2512827978,25000000.0,25000000.000000004,50000000.0,50000000.0,40,40
-122615.20500730103,20000.00000000002,396.82539682539687,-143012.03040412645,25000000.0,25000000.000000004,50000000.0,85678068.51745147,36,36
3065.5635665817463,20477.395335202174,396.8253968253969,-17808.657165445824,25000000.0,25000000.0,50000000.0,87998899.64665875,35,35
310487.81869829446,21330.99781236631,396.8253968253969,288759.9954891028,25000000.000000004,25000000.0,50000000.0,94619461.91667436,35,35
145522.13662867868,21305.524570680176,396.8253968253968,123819.7866611731,25000000.0,24999999.999999996,50000000.0,91370365.13682766,34,34
27531.03643581105,21505.717138308453,396.8253968253968,5628.493900677199,25000000.0,25000000.0,50000000.0,93513703.46217577,34,34
-31536.265314976707,20000.000000000015,396.8253968253969,-51933.09071180212,25000000.0,25000000.000000004,50000000.0,88631910.30100925,35,35
378813.8093624912,20000.00000000001,396.82539682539687,358416.9839656658,25000000.0,25000000.0,50000000.0,80570096.37970479,34,34
316006.45944712486,20000.0,396.8253968253968,295609.6340502995,25000000.000000004,25000000.0,50000000.0,70647870.07170482,34,34
1165740.6529371738,20000.0,396.8253968253969,1145343.8275403485,25000000.0,25000000.000000007,50000000.00000001,79156975.91257763,34,34
451776.773248322,20196.87311148306,396.8253968253968,431183.0747400136,25000000.0,25000000.0,50000000.0,72956977.34259966,34,34
14160.58380949018,20715.508524195,396.82539682539664,-6951.7501115302175,25000000.0,25000000.0,50000000.0,82788993.06826375,34,34
35922.72328636424,20000.000000000007,396.82539682539687,15525.897889538837,25000000.0,25000000.0,50000000.0,79555005.47370623,34,34
-92585.6307020885,20000.000000000007,396.82539682539687,-112982.4560989139,25000000.0,25000000.000000004,50000000.0,73528810.74335256,36,36
458964.0240410541,20210.62744444152,396.8253968253968,438356.57119978714,25000000.0,24999999.999999996,50000000.0,79951564.99264778,36,36
119422.93381321528,20000.000000000004,396.82539682539675,99026.10841638988,25000000.0,25000000.0,50000000.0,79538511.20876338,38,38
306122.7548629053,20247.1398128321,396.82539682539687,285478.7896532478,25000000.0,25000000.0,50000000.0,89590423.70561716,38,38
99219.07686114691,19999.999999999996,396.82539682539675,78822.25146432151,25000000.0,24999999.999999996,50000000.0,95006473.85797824,40,40
-10289.502700048859,20227.681316051778,396.8253968253969,-30914.009412926032,25000000.0,25000000.0,50000000.0,87656116.16342352,40,40
-182646.80875491886,20474.206178262728,396.8253968253968,-203517.84033000696,25000000.0,24999999.999999996,50000000.0,83472202.66419086,39,39
-89537.68339435721,20362.403232554017,396.8253968253969,-110296.91202373663,25000000.000000004,25000000.0,50000000.0,91374147.29607551,37,37
86347.90159706667,20835.934440383215,396.82539682539664,65115.14175985805,25000000.0,24999999.999999993,49999999.99999999,86193179.13597749,39,39
80854.95616443107,20000.000000000004,396.82539682539675,60458.130767605675,25000000.0,25000000.0,50000000.0,82147012.51325986,40,40
-380347.7523897929,20000.0,396.8253968253967,-400744.57778661826,25000000.0,25000000.0,50000000.0,77449235.20544963,40,40
-341273.02793052624,20575.559757527364,396.82539682539687,-362245.413084879,25000000.000000004,25000000.000000004,50000000.00000001,88589813.1321925,38,38
445268.0243713665,20415.724324638326,396.82539682539675,424455.4746499028,25000000.0,25000000.0,50000000.0,84615680.87663074,34,34
587310.1695776035,19999.999999999996,396.8253968253968,566913.344180778,25000000.0,25000000.000000004,50000000.0,65586634.07776343,34,34
237258.25973590952,19999.999999999996,396.82539682539664,216861.43433908414,25000000.0,24999999.999999996,50000000.0,73630690.26707341,37,37
-126348.16502036132,20000.0,396.82539682539687,-146744.9904171867,25000000.0,25000000.000000004,50000000.0,74260320.02775934,37,37
-73073.08007993807,20000.000000000004,396.8253968253968,-93469.90547676347,25000000.0,24999999.999999996,50000000.0,76769688.87427376,37,37
-206026.91282162408,19999.999999999993,396.82539682539687,-226423.73821844946,25000000.0,25000000.000000004,50000000.0,78330187.45184746,33,33
0.0,10000.000000000004,0.0,-10000.000000000004,0.0,0.0,0.0,50000000.00000001,0,0
205967.62373431772,10000.000000000005,396.8253968253968,195570.79833749234,25000000.0,25000000.000000004,50000000.0,50000000.0,35,35
-88957.84263581419,19999.99999999999,396.8253968253968,-109354.66803263957,24999999.999999996,25000000.0,50000000.0,72385637.23546411,39,39
80107.25746923448,20000.000000000007,396.82539682539675,59710.43207240907,25000000.0,25000000.0,50000000.0,76786247.92959675,42,42
0.0,10000.000000000005,0.0,-10000.000000000005,0.0,0.0,0.0,50000000.0,0,0
-228651.48659596933,10000.000000000002,396.82539682539675,-239048.3119927947,25000000.0,25000000.0,50000000.0,50000000.0,43,43
0.0,10000.000000000002,0.0,-10000.000000000002,0.0,0.0,0.0,50000000.0,0,0
-3943.7615843866397,9999.999999999998,396.825396825397,-14340.586981212035,25000000.000000004,25000000.0,50000000.0,50000000.0,43,43
-50559.02499975263,20857.421628990927,396.8253968253969,-71813.27202556896,24999999.999999996,25000000.000000007,50000000.0,91020521.31417339,43,43
34530.77260099517,20517.640381636545,396.82539682539675,13616.30682253323,25000000.0,24999999.999999996,50000000.0,87419461.54513015,43,43
6170.661968833277,20175.803599388622,396.825396825397,-14401.967027380744,24999999.999999996,25000000.000000007,50000000.0,66087471.568224214,43,43
-1044162.8487063181,20000.000000000007,396.82539682539687,-1064559.6741031434,25000000.0,25000000.0,50000000.0,68637336.51369175,43,43
-987851.3518282906,20000.000000000022,396.825396825397,-1008248.1772251161,24999999.999999996,25000000.000000004,50000000.0,62179352.3314662,43,43
0.0,10000.000000000004,0.0,-10000.000000000004,0.0,0.0,0.0,50000000.0,0,0
0.0,0.0,0.0,0.0,0.0,0.0,0.0,0.0,0,0
-88281.42508419161,9999.999999999996,396.82539682539675,-98678.250481017,25000000.0,24999999.999999996,50000000.0,50000000.0,43,43
0.0,9999.999999999996,0.0,-9999.999999999996,0.0,0.0,0.0,50000000.0,0,0
0.0,0.0,0.0,0.0,0.0,0.0,0.0,0.0,0,0
0.0,0.0,0.0,0.0,0.0,0.0,0.0,0.0,0,0
0.0,0.0,0.0,0.0,0.0,0.0,0.0,0.0,0,0
0.0,0.0,0.0,0.0,0.0,0.0,0.0,0.0,0,0
0.0,0.0,0.0,0.0,0.0,0.0,0.0,0.0,0,0
0.0,0.0,0.0,0.0,0.0,0.0,0.0,0.0,0,0
0.0,0.0,0.0,0.0,0.0,0.0,0.0,0.0,0,0
0.0,0.0,0.0,0.0,0.0,0.0,0.0,0.0,0,0
0.0,0.0,0.0,0.0,0.0,0.0,0.0,0.0,0,0
0.0,0.0,0.0,0.0,0.0,0.0,0.0,0.0,0,0
0.0,0.0,0.0,0.0,0.0,0.0,0.0,0.0,0,0
0.0,0.0,0.0,0.0,0.0,0.0,0.0,0.0,0,0
0.0,0.0,0.0,0.0,0.0,0.0,0.0,0.0,0,0
0.0,0.0,0.0,0.0,0.0,0.0,0.0,0.0,0,0
0.0,0.0,0.0,0.0,0.0,0.0,0.0,0.0,0,0
0.0,0.0,0.0,0.0,0.0,0.0,0.0,0.0,0,0
0.0,0.0,0.0,0.0,0.0,0.0,0.0,0.0,0,0
0.0,0.0,0.0,0.0,0.0,0.0,0.0,0.0,0,0
0.0,0.0,0.0,0.0,0.0,0.0,0.0,0.0,0,0
0.0,0.0,0.0,0.0,0.0,0.0,0.0,0.0,0,0
0.0,0.0,0.0,0.0,0.0,0.0,0.0,0.0,0,0
0.0,0.0,0.0,0.0,0.0,0.0,0.0,0.0,0,0
0.0,0.0,0.0,0.0,0.0,0.0,0.0,0.0,0,0
0.0,0.0,0.0,0.0,0.0,0.0,0.0,0.0,0,0
0.0,0.0,0.0,0.0,0.0,0.0,0.0,0.0,0,0
0.0,0.0,0.0,0.0,0.0,0.0,0.0,0.0,0,0
0.0,0.0,0.0,0.0,0.0,0.0,0.0,0.0,0,0
0.0,0.0,0.0,0.0,0.0,0.0,0.0,0.0,0,0
0.0,0.0,0.0,0.0,0.0,0.0,0.0,0.0,0,0
0.0,0.0,0.0,0.0,0.0,0.0,0.0,0.0,0,0
0.0,0.0,0.0,0.0,0.0,0.0,0.0,0.0,0,0
0.0,0.0,0.0,0.0,0.0,0.0,0.0,0.0,0,0
0.0,0.0,0.0,0.0,0.0,0.0,0.0,0.0,0,0
0.0,0.0,0.0,0.0,0.0,0.0,0.0,0.0,0,0
0.0,0.0,0.0,0.0,0.0,0.0,0.0,0.0,0,0
0.0,0.0,0.0,0.0,0.0,0.0,0.0,0.0,0,0
0.0,0.0,0.0,0.0,0.0,0.0,0.0,0.0,0,0
0.0,0.0,0.0,0.0,0.0,0.0,0.0,0.0,0,0
0.0,0.0,0.0,0.0,0.0,0.0,0.0,0.0,0,0
0.0,0.0,0.0,0.0,0.0,0.0,0.0,0.0,0,0
0.0,0.0,0.0,0.0,0.0,0.0,0.0,0.0,0,0
0.0,0.0,0.0,0.0,0.0,0.0,0.0,0.0,0,0
0.0,0.0,0.0,0.0,0.0,0.0,0.0,0.0,0,0
0.0,0.0,0.0,0.0,0.0,0.0,0.0,0.0,0,0
0.0,0.0,0.0,0.0,0.0,0.0,0.0,0.0,0,0
0.0,0.0,0.0,0.0,0.0,0.0,0.0,0.0,0,0
0.0,0.0,0.0,0.0,0.0,0.0,0.0,0.0,0,0
0.0,0.0,0.0,0.0,0.0,0.0,0.0,0.0,0,0
0.0,0.0,0.0,0.0,0.0,0.0,0.0,0.0,0,0
0.0,0.0,0.0,0.0,0.0,0.0,0.0,0.0,0,0
0.0,0.0,0.0,0.0,0.0,0.0,0.0,0.0,0,0
0.0,0.0,0.0,0.0,0.0,0.0,0.0,0.0,0,0
0.0,0.0,0.0,0.0,0.0,0.0,0.0,0.0,0,0
0.0,0.0,0.0,0.0,0.0,0.0,0.0,0.0,0,0
0.0,0.0,0.0,0.0,0.0,0.0,0.0,0.0,0,0
0.0,0.0,0.0,0.0,0.0,0.0,0.0,0.0,0,0
0.0,0.0,0.0,0.0,0.0,0.0,0.0,0.0,0,0
0.0,0.0,0.0,0.0,0.0,0.0,0.0,0.0,0,0
0.0,0.0,0.0,0.0,0.0,0.0,0.0,0.0,0,0
0.0,0.0,0.0,0.0,0.0,0.0,0.0,0.0,0,0
0.0,0.0,0.0,0.0,0.0,0.0,0.0,0.0,0,0
0.0,0.0,0.0,0.0,0.0,0.0,0.0,0.0,0,0
0.0,0.0,0.0,0.0,0.0,0.0,0.0,0.0,0,0
0.0,0.0,0.0,0.0,0.0,0.0,0.0,0.0,0,0
0.0,0.0,0.0,0.0,0.0,0.0,0.0,0.0,0,0
0.0,0.0,0.0,0.0,0.0,0.0,0.0,0.0,0,0
0.0,0.0,0.0,0.0,0.0,0.0,0.0,0.0,0,0
0.0,0.0,0.0,0.0,0.0,0.0,0.0,0.0,0,0
0.0,0.0,0.0,0.0,0.0,0.0,0.0,0.0,0,0
0.0,0.0,0.0,0.0,0.0,0.0,0.0,0.0,0,0
0.0,0.0,0.0,0.0,0.0,0.0,0.0,0.0,0,0
0.0,0.0,0.0,0.0,0.0,0.0,0.0,0.0,0,0
0.0,0.0,0.0,0.0,0.0,0.0,0.0,0.0,0,0
0.0,0.0,0.0,0.0,0.0,0.0,0.0,0.0,0,0
0.0,0.0,0.0,0.0,0.0,0.0,0.0,0.0,0,0
0.0,0.0,0.0,0.0,0.0,0.0,0.0,0.0,0,0
0.0,0.0,0.0,0.0,0.0,0.0,0.0,0.0,0,0
0.0,0.0,0.0,0.0,0.0,0.0,0.0,0.0,0,0
0.0,0.0,0.0,0.0,0.0,0.0,0.0,0.0,0,0
0.0,0.0,0.0,0.0,0.0,0.0,0.0,0.0,0,0
0.0,0.0,0.0,0.0,0.0,0.0,0.0,0.0,0,0
0.0,0.0,0.0,0.0,0.0,0.0,0.0,0.0,0,0
0.0,0.0,0.0,0.0,0.0,0.0,0.0,0.0,0,0
0.0,0.0,0.0,0.0,0.0,0.0,0.0,0.0,0,0
0.0,0.0,0.0,0.0,0.0,0.0,0.0,0.0,0,0
0.0,0.0,0.0,0.0,0.0,0.0,0.0,0.0,0,0
0.0,0.0,0.0,0.0,0.0,0.0,0.0,0.0,0,0
0.0,0.0,0.0,0.0,0.0,0.0,0.0,0.0,0,0
0.0,0.0,0.0,0.0,0.0,0.0,0.0,0.0,0,0
0.0,0.0,0.0,0.0,0.0,0.0,0.0,0.0,0,0
0.0,0.0,0.0,0.0,0.0,0.0,0.0,0.0,0,0
0.0,0.0,0.0,0.0,0.0,0.0,0.0,0.0,0,0
0.0,0.0,0.0,0.0,0.0,0.0,0.0,0.0,0,0
0.0,0.0,0.0,0.0,0.0,0.0,0.0,0.0,0,0
0.0,0.0,0.0,0.0,0.0,0.0,0.0,0.0,0,0
0.0,0.0,0.0,0.0,0.0,0.0,0.0,0.0,0,0
0.0,0.0,0.0,0.0,0.0,0.0,0.0,0.0,0,0
0.0,0.0,0.0,0.0,0.0,0.0,0.0,0.0,0,0
0.0,0.0,0.0,0.0,0.0,0.0,0.0,0.0,0,0
0.0,0.0,0.0,0.0,0.0,0.0,0.0,0.0,0,0
0.0,0.0,0.0,0.0,0.0,0.0,0.0,0.0,0,0
0.0,0.0,0.0,0.0,0.0,0.0,0.0,0.0,0,0
0.0,0.0,0.0,0.0,0.0,0.0,0.0,0.0,0,0
0.0,0.0,0.0,0.0,0.0,0.0,0.0,0.0,0,0
0.0,0.0,0.0,0.0,0.0,0.0,0.0,0.0,0,0
0.0,0.0,0.0,0.0,0.0,0.0,0.0,0.0,0,0
0.0,0.0,0.0,0.0,0.0,0.0,0.0,0.0,0,0
0.0,0.0,0.0,0.0,0.0,0.0,0.0,0.0,0,0
0.0,0.0,0.0,0.0,0.0,0.0,0.0,0.0,0,0
0.0,0.0,0.0,0.0,0.0,0.0,0.0,0.0,0,0
0.0,0.0,0.0,0.0,0.0,0.0,0.0,0.0,0,0
0.0,0.0,0.0,0.0,0.0,0.0,0.0,0.0,0,0
0.0,0.0,0.0,0.0,0.0,0.0,0.0,0.0,0,0
0.0,0.0,0.0,0.0,0.0,0.0,0.0,0.0,0,0
0.0,0.0,0.0,0.0,0.0,0.0,0.0,0.0,0,0
0.0,0.0,0.0,0.0,0.0,0.0,0.0,0.0,0,0
0.0,0.0,0.0,0.0,0.0,0.0,0.0,0.0,0,0
0.0,0.0,0.0,0.0,0.0,0.0,0.0,0.0,0,0
0.0,0.0,0.0,0.0,0.0,0.0,0.0,0.0,0,0
0.0,0.0,0.0,0.0,0.0,0.0,0.0,0.0,0,0
0.0,0.0,0.0,0.0,0.0,0.0,0.0,0.0,0,0
0.0,0.0,0.0,0.0,0.0,0.0,0.0,0.0,0,0
0.0,0.0,0.0,0.0,0.0,0.0,0.0,0.0,0,0
0.0,0.0,0.0,0.0,0.0,0.0,0.0,0.0,0,0
0.0,0.0,0.0,0.0,0.0,0.0,0.0,0.0,0,0
0.0,0.0,0.0,0.0,0.0,0.0,0.0,0.0,0,0
0.0,0.0,0.0,0.0,0.0,0.0,0.0,0.0,0,0
0.0,0.0,0.0,0.0,0.0,0.0,0.0,0.0,0,0
0.0,0.0,0.0,0.0,0.0,0.0,0.0,0.0,0,0
0.0,0.0,0.0,0.0,0.0,0.0,0.0,0.0,0,0
0.0,0.0,0.0,0.0,0.0,0.0,0.0,0.0,0,0
0.0,0.0,0.0,0.0,0.0,0.0,0.0,0.0,0,0
0.0,0.0,0.0,0.0,0.0,0.0,0.0,0.0,0,0
0.0,0.0,0.0,0.0,0.0,0.0,0.0,0.0,0,0
0.0,0.0,0.0,0.0,0.0,0.0,0.0,0.0,0,0
0.0,0.0,0.0,0.0,0.0,0.0,0.0,0.0,0,0
0.0,0.0,0.0,0.0,0.0,0.0,0.0,0.0,0,0
0.0,0.0,0.0,0.0,0.0,0.0,0.0,0.0,0,0
0.0,0.0,0.0,0.0,0.0,0.0,0.0,0.0,0,0
0.0,0.0,0.0,0.0,0.0,0.0,0.0,0.0,0,0
0.0,0.0,0.0,0.0,0.0,0.0,0.0,0.0,0,0
0.0,0.0,0.0,0.0,0.0,0.0,0.0,0.0,0,0
0.0,0.0,0.0,0.0,0.0,0.0,0.0,0.0,0,0
0.0,0.0,0.0,0.0,0.0,0.0,0.0,0.0,0,0
0.0,0.0,0.0,0.0,0.0,0.0,0.0,0.0,0,0
0.0,0.0,0.0,0.0,0.0,0.0,0.0,0.0,0,0
0.0,0.0,0.0,0.0,0.0,0.0,0.0,0.0,0,0
0.0,0.0,0.0,0.0,0.0,0.0,0.0,0.0,0,0
0.0,0.0,0.0,0.0,0.0,0.0,0.0,0.0,0,0
0.0,0.0,0.0,0.0,0.0,0.0,0.0,0.0,0,0
0.0,0.0,0.0,0.0,0.0,0.0,0.0,0.0,0,0
0.0,0.0,0.0,0.0,0.0,0.0,0.0,0.0,0,0
0.0,0.0,0.0,0.0,0.0,0.0,0.0,0.0,0,0
0.0,0.0,0.0,0.0,0.0,0.0,0.0,0.0,0,0
0.0,0.0,0.0,0.0,0.0,0.0,0.0,0.0,0,0
0.0,0.0,0.0,0.0,0.0,0.0,0.0,0.0,0,0
0.0,0.0,0.0,0.0,0.0,0.0,0.0,0.0,0,0
0.0,0.0,0.0,0.0,0.0,0.0,0.0,0.0,0,0
0.0,0.0,0.0,0.0,0.0,0.0,0.0,0.0,0,0
0.0,0.0,0.0,0.0,0.0,0.0,0.0,0.0,0,0
0.0,0.0,0.0,0.0,0.0,0.0,0.0,0.0,0,0
0.0,0.0,0.0,0.0,0.0,0.0,0.0,0.0,0,0
0.0,0.0,0.0,0.0,0.0,0.0,0.0,0.0,0,0
0.0,0.0,0.0,0.0,0.0,0.0,0.0,0.0,0,0
0.0,0.0,0.0,0.0,0.0,0.0,0.0,0.0,0,0
0.0,0.0,0.0,0.0,0.0,0.0,0.0,0.0,0,0
0.0,0.0,0.0,0.0,0.0,0.0,0.0,0.0,0,0
0.0,0.0,0.0,0.0,0.0,0.0,0.0,0.0,0,0
0.0,0.0,0.0,0.0,0.0,0.0,0.0,0.0,0,0
0.0,0.0,0.0,0.0,0.0,0.0,0.0,0.0,0,0
0.0,0.0,0.0,0.0,0.0,0.0,0.0,0.0,0,0
0.0,0.0,0.0,0.0,0.0,0.0,0.0,0.0,0,0
0.0,0.0,0.0,0.0,0.0,0.0,0.0,0.0,0,0
0.0,0.0,0.0,0.0,0.0,0.0,0.0,0.0,0,0
0.0,0.0,0.0,0.0,0.0,0.0,0.0,0.0,0,0
0.0,0.0,0.0,0.0,0.0,0.0,0.0,0.0,0,0
0.0,0.0,0.0,0.0,0.0,0.0,0.0,0.0,0,0
0.0,0.0,0.0,0.0,0.0,0.0,0.0,0.0,0,0
0.0,0.0,0.0,0.0,0.0,0.0,0.0,0.0,0,0
0.0,0.0,0.0,0.0,0.0,0.0,0.0,0.0,0,0
0.0,0.0,0.0,0.0,0.0,0.0,0.0,0.0,0,0
0.0,0.0,0.0,0.0,0.0,0.0,0.0,0.0,0,0
0.0,0.0,0.0,0.0,0.0,0.0,0.0,0.0,0,0
0.0,0.0,0.0,0.0,0.0,0.0,0.0,0.0,0,0
0.0,0.0,0.0,0.0,0.0,0.0,0.0,0.0,0,0
0.0,0.0,0.0,0.0,0.0,0.0,0.0,0.0,0,0
0.0,0.0,0.0,0.0,0.0,0.0,0.0,0.0,0,0
0.0,0.0,0.0,0.0,0.0,0.0,0.0,0.0,0,0
0.0,0.0,0.0,0.0,0.0,0.0,0.0,0.0,0,0
0.0,0.0,0.0,0.0,0.0,0.0,0.0,0.0,0,0
0.0,0.0,0.0,0.0,0.0,0.0,0.0,0.0,0,0
0.0,0.0,0.0,0.0,0.0,0.0,0.0,0.0,0,0
0.0,0.0,0.0,0.0,0.0,0.0,0.0,0.0,0,0
0.0,0.0,0.0,0.0,0.0,0.0,0.0,0.0,0,0
0.0,0.0,0.0,0.0,0.0,0.0,0.0,0.0,0,0
0.0,0.0,0.0,0.0,0.0,0.0,0.0,0.0,0,0
0.0,0.0,0.0,0.0,0.0,0.0,0.0,0.0,0,0
0.0,0.0,0.0,0.0,0.0,0.0,0.0,0.0,0,0
0.0,0.0,0.0,0.0,0.0,0.0,0.0,0.0,0,0
0.0,0.0,0.0,0.0,0.0,0.0,0.0,0.0,0,0
0.0,0.0,0.0,0.0,0.0,0.0,0.0,0.0,0,0
0.0,0.0,0.0,0.0,0.0,0.0,0.0,0.0,0,0
0.0,0.0,0.0,0.0,0.0,0.0,0.0,0.0,0,0
0.0,0.0,0.0,0.0,0.0,0.0,0.0,0.0,0,0
0.0,0.0,0.0,0.0,0.0,0.0,0.0,0.0,0,0
0.0,0.0,0.0,0.0,0.0,0.0,0.0,0.0,0,0
0.0,0.0,0.0,0.0,0.0,0.0,0.0,0.0,0,0
0.0,0.0,0.0,0.0,0.0,0.0,0.0,0.0,0,0
0.0,0.0,0.0,0.0,0.0,0.0,0.0,0.0,0,0
0.0,0.0,0.0,0.0,0.0,0.0,0.0,0.0,0,0
0.0,0.0,0.0,0.0,0.0,0.0,0.0,0.0,0,0
0.0,0.0,0.0,0.0,0.0,0.0,0.0,0.0,0,0
0.0,0.0,0.0,0.0,0.0,0.0,0.0,0.0,0,0
0.0,0.0,0.0,0.0,0.0,0.0,0.0,0.0,0,0
0.0,0.0,0.0,0.0,0.0,0.0,0.0,0.0,0,0
0.0,0.0,0.0,0.0,0.0,0.0,0.0,0.0,0,0
0.0,0.0,0.0,0.0,0.0,0.0,0.0,0.0,0,0
0.0,0.0,0.0,0.0,0.0,0.0,0.0,0.0,0,0
0.0,0.0,0.0,0.0,0.0,0.0,0.0,0.0,0,0
0.0,0.0,0.0,0.0,0.0,0.0,0.0,0.0,0,0
0.0,0.0,0.0,0.0,0.0,0.0,0.0,0.0,0,0
0.0,0.0,0.0,0.0,0.0,0.0,0.0,0.0,0,0
0.0,0.0,0.0,0.0,0.0,0.0,0.0,0.0,0,0
0.0,0.0,0.0,0.0,0.0,0.0,0.0,0.0,0,0
0.0,0.0,0.0,0.0,0.0,0.0,0.0,0.0,0,0
0.0,0.0,0.0,0.0,0.0,0.0,0.0,0.0,0,0
0.0,0.0,0.0,0.0,0.0,0.0,0.0,0.0,0,0
0.0,0.0,0.0,0.0,0.0,0.0,0.0,0.0,0,0
0.0,0.0,0.0,0.0,0.0,0.0,0.0,0.0,0,0
0.0,0.0,0.0,0.0,0.0,0.0,0.0,0.0,0,0
0.0,0.0,0.0,0.0,0.0,0.0,0.0,0.0,0,0
0.0,0.0,0.0,0.0,0.0,0.0,0.0,0.0,0,0
0.0,0.0,0.0,0.0,0.0,0.0,0.0,0.0,0,0
0.0,0.0,0.0,0.0,0.0,0.0,0.0,0.0,0,0
0.0,0.0,0.0,0.0,0.0,0.0,0.0,0.0,0,0
0.0,0.0,0.0,0.0,0.0,0.0,0.0,0.0,0,0
0.0,0.0,0.0,0.0,0.0,0.0,0.0,0.0,0,0
-468850.8730502331,10000.000000000002,396.8253968253968,-479247.6984470585,24999999.999999996,24999999.999999996,49999999.99999999,49999999.99999999,44,44
341874.2508415522,20000.000000000004,396.8253968253968,321477.42544472683,25000000.0,25000000.0,50000000.0,68457007.03576566,45,45
0.0,9999.999999999998,0.0,-9999.999999999998,0.0,0.0,0.0,50000000.0,0,0
0.0,0.0,0.0,0.0,0.0,0.0,0.0,0.0,0,0
0.0,0.0,0.0,0.0,0.0,0.0,0.0,0.0,0,0
0.0,0.0,0.0,0.0,0.0,0.0,0.0,0.0,0,0
208508.0903757632,10000.000000000005,396.8253968253968,198111.2649789378,25000000.000000004,24999999.999999996,50000000.0,50000000.0,45,45
0.0,10000.000000000005,0.0,-10000.000000000005,0.0,0.0,0.0,50000000.0,0,0
0.0,0.0,0.0,0.0,0.0,0.0,0.0,0.0,0,0
0.0,0.0,0.0,0.0,0.0,0.0,0.0,0.0,0,0
0.0,0.0,0.0,0.0,0.0,0.0,0.0,0.0,0,0
0.0,0.0,0.0,0.0,0.0,0.0,0.0,0.0,0,0
0.0,0.0,0.0,0.0,0.0,0.0,0.0,0.0,0,0
0.0,0.0,0.0,0.0,0.0,0.0,0.0,0.0,0,0
0.0,0.0,0.0,0.0,0.0,0.0,0.0,0.0,0,0
0.0,0.0,0.0,0.0,0.0,0.0,0.0,0.0,0,0
0.0,0.0,0.0,0.0,0.0,0.0,0.0,0.0,0,0
0.0,0.0,0.0,0.0,0.0,0.0,0.0,0.0,0,0
0.0,0.0,0.0,0.0,0.0,0.0,0.0,0.0,0,0
0.0,0.0,0.0,0.0,0.0,0.0,0.0,0.0,0,0
0.0,0.0,0.0,0.0,0.0,0.0,0.0,0.0,0,0
0.0,0.0,0.0,0.0,0.0,0.0,0.0,0.0,0,0
0.0,0.0,0.0,0.0,0.0,0.0,0.0,0.0,0,0
0.0,0.0,0.0,0.0,0.0,0.0,0.0,0.0,0,0
0.0,0.0,0.0,0.0,0.0,0.0,0.0,0.0,0,0
0.0,0.0,0.0,0.0,0.0,0.0,0.0,0.0,0,0
0.0,0.0,0.0,0.0,0.0,0.0,0.0,0.0,0,0
165947.07408188895,10000.0,396.82539682539687,155550.24868506356,25000000.000000004,25000000.000000004,50000000.00000001,50000000.00000001,45,45
0.0,10000.0,0.0,-10000.0,0.0,0.0,0.0,50000000.00000001,0,0
0.0,0.0,0.0,0.0,0.0,0.0,0.0,0.0,0,0
0.0,0.0,0.0,0.0,0.0,0.0,0.0,0.0,0,0
0.0,0.0,0.0,0.0,0.0,0.0,0.0,0.0,0,0
0.0,0.0,0.0,0.0,0.0,0.0,0.0,0.0,0,0
0.0,0.0,0.0,0.0,0.0,0.0,0.0,0.0,0,0
0.0,0.0,0.0,0.0,0.0,0.0,0.0,0.0,0,0
0.0,0.0,0.0,0.0,0.0,0.0,0.0,0.0,0,0
0.0,0.0,0.0,0.0,0.0,0.0,0.0,0.0,0,0
0.0,0.0,0.0,0.0,0.0,0.0,0.0,0.0,0,0
0.0,0.0,0.0,0.0,0.0,0.0,0.0,0.0,0,0
0.0,0.0,0.0,0.0,0.0,0.0,0.0,0.0,0,0
189450.61107610655,10000.0,396.8253968253968,179053.78567928117,24999999.999999996,25000000.000000004,50000000.0,50000000.0,47,47
0.0,10000.0,0.0,-10000.0,0.0,0.0,0.0,50000000.0,0,0
-69975.44465715993,10000.0,396.8253968253969,-80372.27005398532,25000000.0,25000000.0,50000000.0,50000000.0,46,46
199758.825017405,20000.000000000004,396.8253968253968,179361.99962057962,25000000.000000004,25000000.000000004,50000000.00000001,67649418.5649447,46,46
0.0,10000.000000000002,0.0,-10000.000000000002,0.0,0.0,0.0,50000000.00000001,0,0
190685.38028016355,10000.000000000004,396.82539682539675,180288.55488333816,25000000.0,25000000.000000004,50000000.0,50000000.0,46,46
0.0,10000.000000000004,0.0,-10000.000000000004,0.0,0.0,0.0,50000000.0,0,0
47651.5198232385,10000.000000000004,396.82539682539675,37254.6944264131,24999999.999999996,25000000.0,50000000.0,49999999.99999999,45,45
0.0,10000.000000000004,0.0,-10000.000000000004,0.0,0.0,0.0,49999999.99999999,0,0
0.0,0.0,0.0,0.0,0.0,0.0,0.0,0.0,0,0
0.0,0.0,0.0,0.0,0.0,0.0,0.0,0.0,0,0
0.0,0.0,0.0,0.0,0.0,0.0,0.0,0.0,0,0
0.0,0.0,0.0,0.0,0.0,0.0,0.0,0.0,0,0
291390.1158404831,10000.0,396.8253968253969,280993.2904436577,25000000.0,25000000.0,50000000.0,50000000.0,39,39
0.0,10000.0,0.0,-10000.0,0.0,0.0,0.0,50000000.0,0,0
0.0,0.0,0.0,0.0,0.0,0.0,0.0,0.0,0,0
0.0,0.0,0.0,0.0,0.0,0.0,0.0,0.0,0,0
0.0,0.0,0.0,0.0,0.0,0.0,0.0,0.0,0,0
0.0,0.0,0.0,0.0,0.0,0.0,0.0,0.0,0,0
0.0,0.0,0.0,0.0,0.0,0.0,0.0,0.0,0,0
0.0,0.0,0.0,0.0,0.0,0.0,0.0,0.0,0,0
0.0,0.0,0.0,0.0,0.0,0.0,0.0,0.0,0,0
0.0,0.0,0.0,0.0,0.0,0.0,0.0,0.0,0,0
0.0,0.0,0.0,0.0,0.0,0.0,0.0,0.0,0,0
0.0,0.0,0.0,0.0,0.0,0.0,0.0,0.0,0,0
0.0,0.0,0.0,0.0,0.0,0.0,0.0,0.0,0,0
0.0,0.0,0.0,0.0,0.0,0.0,0.0,0.0,0,0
0.0,0.0,0.0,0.0,0.0,0.0,0.0,0.0,0,0
0.0,0.0,0.0,0.0,0.0,0.0,0.0,0.0,0,0
0.0,0.0,0.0,0.0,0.0,0.0,0.0,0.0,0,0
-72012.26711901747,10000.000000000002,396.8253968253969,-82409.09251584287,25000000.000000004,25000000.000000004,50000000.00000001,50000000.00000001,43,43
0.0,10000.000000000002,0.0,-10000.000000000002,0.0,0.0,0.0,50000000.00000001,0,0
0.0,0.0,0.0,0.0,0.0,0.0,0.0,0.0,0,0
0.0,0.0,0.0,0.0,0.0,0.0,0.0,0.0,0,0
0.0,0.0,0.0,0.0,0.0,0.0,0.0,0.0,0,0
0.0,0.0,0.0,0.0,0.0,0.0,0.0,0.0,0,0
0.0,0.0,0.0,0.0,0.0,0.0,0.0,0.0,0,0
0.0,0.0,0.0,0.0,0.0,0.0,0.0,0.0,0,0
0.0,0.0,0.0,0.0,0.0,0.0,0.0,0.0,0,0
0.0,0.0,0.0,0.0,0.0,0.0,0.0,0.0,0,0
0.0,0.0,0.0,0.0,0.0,0.0,0.0,0.0,0,0
0.0,0.0,0.0,0.0,0.0,0.0,0.0,0.0,0,0
0.0,0.0,0.0,0.0,0.0,0.0,0.0,0.0,0,0
0.0,0.0,0.0,0.0,0.0,0.0,0.0,0.0,0,0
0.0,0.0,0.0,0.0,0.0,0.0,0.0,0.0,0,0
0.0,0.0,0.0,0.0,0.0,0.0,0.0,0.0,0,0
0.0,0.0,0.0,0.0,0.0,0.0,0.0,0.0,0,0
0.0,0.0,0.0,0.0,0.0,0.0,0.0,0.0,0,0
0.0,0.0,0.0,0.0,0.0,0.0,0.0,0.0,0,0
0.0,0.0,0.0,0.0,0.0,0.0,0.0,0.0,0,0
0.0,0.0,0.0,0.0,0.0,0.0,0.0,0.0,0,0
246958.76379881715,10000.0,396.82539682539687,236561.93840199176,24999999.999999996,25000000.000000004,50000000.0,50000000.0,45,45
0.0,10000.0,0.0,-10000.0,0.0,0.0,0.0,50000000.0,0,0
0.0,0.0,0.0,0.0,0.0,0.0,0.0,0.0,0,0
0.0,0.0,0.0,0.0,0.0,0.0,0.0,0.0,0,0
0.0,0.0,0.0,0.0,0.0,0.0,0.0,0.0,0,0
0.0,0.0,0.0,0.0,0.0,0.0,0.0,0.0,0,0
0.0,0.0,0.0,0.0,0.0,0.0,0.0,0.0,0,0
0.0,0.0,0.0,0.0,0.0,0.0,0.0,0.0,0,0
0.0,0.0,0.0,0.0,0.0,0.0,0.0,0.0,0,0
0.0,0.0,0.0,0.0,0.0,0.0,0.0,0.0,0,0
0.0,0.0,0.0,0.0,0.0,0.0,0.0,0.0,0,0
0.0,0.0,0.0,0.0,0.0,0.0,0.0,0.0,0,0
0.0,0.0,0.0,0.0,0.0,0.0,0.0,0.0,0,0
0.0,0.0,0.0,0.0,0.0,0.0,0.0,0.0,0,0
0.0,0.0,0.0,0.0,0.0,0.0,0.0,0.0,0,0
0.0,0.0,0.0,0.0,0.0,0.0,0.0,0.0,0,0
0.0,0.0,0.0,0.0,0.0,0.0,0.0,0.0,0,0
0.0,0.0,0.0,0.0,0.0,0.0,0.0,0.0,0,0
0.0,0.0,0.0,0.0,0.0,0.0,0.0,0.0,0,0
0.0,0.0,0.0,0.0,0.0,0.0,0.0,0.0,0,0
0.0,0.0,0.0,0.0,0.0,0.0,0.0,0.0,0,0
0.0,0.0,0.0,0.0,0.0,0.0,0.0,0.0,0,0
0.0,0.0,0.0,0.0,0.0,0.0,0.0,0.0,0,0
0.0,0.0,0.0,0.0,0.0,0.0,0.0,0.0,0,0
0.0,0.0,0.0,0.0,0.0,0.0,0.0,0.0,0,0
0.0,0.0,0.0,0.0,0.0,0.0,0.0,0.0,0,0
0.0,0.0,0.0,0.0,0.0,0.0,0.0,0.0,0,0
0.0,0.0,0.0,0.0,0.0,0.0,0.0,0.0,0,0
0.0,0.0,0.0,0.0,0.0,0.0,0.0,0.0,0,0
0.0,0.0,0.0,0.0,0.0,0.0,0.0,0.0,0,0
0.0,0.0,0.0,0.0,0.0,0.0,0.0,0.0,0,0
0.0,0.0,0.0,0.0,0.0,0.0,0.0,0.0,0,0
0.0,0.0,0.0,0.0,0.0,0.0,0.0,0.0,0,0
0.0,0.0,0.0,0.0,0.0,0.0,0.0,0.0,0,0
0.0,0.0,0.0,0.0,0.0,0.0,0.0,0.0,0,0
0.0,0.0,0.0,0.0,0.0,0.0,0.0,0.0,0,0
0.0,0.0,0.0,0.0,0.0,0.0,0.0,0.0,0,0
0.0,0.0,0.0,0.0,0.0,0.0,0.0,0.0,0,0
0.0,0.0,0.0,0.0,0.0,0.0,0.0,0.0,0,0
0.0,0.0,0.0,0.0,0.0,0.0,0.0,0.0,0,0
0.0,0.0,0.0,0.0,0.0,0.0,0.0,0.0,0,0
0.0,0.0,0.0,0.0,0.0,0.0,0.0,0.0,0,0
0.0,0.0,0.0,0.0,0.0,0.0,0.0,0.0,0,0
0.0,0.0,0.0,0.0,0.0,0.0,0.0,0.0,0,0
0.0,0.0,0.0,0.0,0.0,0.0,0.0,0.0,0,0
0.0,0.0,0.0,0.0,0.0,0.0,0.0,0.0,0,0
0.0,0.0,0.0,0.0,0.0,0.0,0.0,0.0,0,0
0.0,0.0,0.0,0.0,0.0,0.0,0.0,0.0,0,0
392590.59478312416,10000.000000000004,396.8253968253969,382193.7693862988,25000000.000000004,25000000.0,50000000.0,50000000.0,46,46
-245333.4845501523,20107.858282565878,396.82539682539675,-265838.16822954355,24999999.999999993,24999999.999999996,49999999.999999985,81798192.75941384,46,46
527114.5130295214,20217.262974148372,396.8253968253968,506500.4246585477,25000000.000000004,24999999.999999996,50000000.0,83771393.2942818,46,46
53393.05825609507,20597.46198185879,396.8253968253969,32398.770877410887,25000000.0,25000000.000000004,50000000.0,85835513.46705383,45,45
-87960.8055736322,20775.170982604257,396.8253968253968,-109132.80195306185,24999999.999999993,25000000.0,49999999.99999999,79815118.98020384,45,45
5460.134984572048,20128.278284786822,396.82539682539664,-15064.96869704017,25000000.0,24999999.999999996,50000000.0,76051973.06791331,45,45
88328.92120208965,20515.237612241337,396.8253968253968,67416.85819302291,25000000.000000004,24999999.999999996,50000000.0,88042450.04881573,45,45
-54934.32041122041,20235.464955648076,396.8253968253967,-75566.61076369388,25000000.0,25000000.000000004,50000000.0,61899039.54337205,45,45
0.0,10000.000000000002,0.0,-10000.000000000002,0.0,0.0,0.0,50000000.0,0,0
0.0,0.0,0.0,0.0,0.0,0.0,0.0,0.0,0,0
0.0,0.0,0.0,0.0,0.0,0.0,0.0,0.0,0,0
0.0,0.0,0.0,0.0,0.0,0.0,0.0,0.0,0,0
-86377.75741910089,10000.000000000002,396.82539682539687,-96774.58281592629,25000000.0,25000000.0,50000000.0,50000000.0,46,46
0.0,10000.000000000002,0.0,-10000.000000000002,0.0,0.0,0.0,50000000.0,0,0
0.0,0.0,0.0,0.0,0.0,0.0,0.0,0.0,0,0
-392897.5752310045,10000.0,396.825396825397,-403294.4006278299,25000000.0,25000000.000000004,50000000.0,50000000.00000001,46,46
379382.5584734561,20057.84747274451,396.82539682539675,358927.8856038862,24999999.999999996,25000000.0,50000000.0,64672640.64766968,47,47
0.0,10000.000000000005,0.0,-10000.000000000005,0.0,0.0,0.0,50000000.0,0,0
0.0,0.0,0.0,0.0,0.0,0.0,0.0,0.0,0,0
0.0,0.0,0.0,0.0,0.0,0.0,0.0,0.0,0,0
0.0,0.0,0.0,0.0,0.0,0.0,0.0,0.0,0,0
0.0,0.0,0.0,0.0,0.0,0.0,0.0,0.0,0,0
0.0,0.0,0.0,0.0,0.0,0.0,0.0,0.0,0,0
0.0,0.0,0.0,0.0,0.0,0.0,0.0,0.0,0,0
0.0,0.0,0.0,0.0,0.0,0.0,0.0,0.0,0,0
0.0,0.0,0.0,0.0,0.0,0.0,0.0,0.0,0,0
0.0,0.0,0.0,0.0,0.0,0.0,0.0,0.0,0,0
0.0,0.0,0.0,0.0,0.0,0.0,0.0,0.0,0,0
0.0,0.0,0.0,0.0,0.0,0.0,0.0,0.0,0,0
0.0,0.0,0.0,0.0,0.0,0.0,0.0,0.0,0,0
-57042.27723216778,9999.999999999995,396.8253968253968,-67439.10262899318,25000000.0,25000000.0,50000000.0,50000000.0,47,47
0.0,9999.999999999995,0.0,-9999.999999999995,0.0,0.0,0.0,50000000.0,0,0
0.0,0.0,0.0,0.0,0.0,0.0,0.0,0.0,0,0
0.0,0.0,0.0,0.0,0.0,0.0,0.0,0.0,0,0
0.0,0.0,0.0,0.0,0.0,0.0,0.0,0.0,0,0
0.0,0.0,0.0,0.0,0.0,0.0,0.0,0.0,0,0
0.0,0.0,0.0,0.0,0.0,0.0,0.0,0.0,0,0
0.0,0.0,0.0,0.0,0.0,0.0,0.0,0.0,0,0
0.0,0.0,0.0,0.0,0.0,0.0,0.0,0.0,0,0
0.0,0.0,0.0,0.0,0.0,0.0,0.0,0.0,0,0
0.0,0.0,0.0,0.0,0.0,0.0,0.0,0.0,0,0
0.0,0.0,0.0,0.0,0.0,0.0,0.0,0.0,0,0
0.0,0.0,0.0,0.0,0.0,0.0,0.0,0.0,0,0
0.0,0.0,0.0,0.0,0.0,0.0,0.0,0.0,0,0
0.0,0.0,0.0,0.0,0.0,0.0,0.0,0.0,0,0
0.0,0.0,0.0,0.0,0.0,0.0,0.0,0.0,0,0
0.0,0.0,0.0,0.0,0.0,0.0,0.0,0.0,0,0
0.0,0.0,0.0,0.0,0.0,0.0,0.0,0.0,0,0
0.0,0.0,0.0,0.0,0.0,0.0,0.0,0.0,0,0
0.0,0.0,0.0,0.0,0.0,0.0,0.0,0.0,0,0
0.0,0.0,0.0,0.0,0.0,0.0,0.0,0.0,0,0
0.0,0.0,0.0,0.0,0.0,0.0,0.0,0.0,0,0
0.0,0.0,0.0,0.0,0.0,0.0,0.0,0.0,0,0
0.0,0.0,0.0,0.0,0.0,0.0,0.0,0.0,0,0
0.0,0.0,0.0,0.0,0.0,0.0,0.0,0.0,0,0
0.0,0.0,0.0,0.0,0.0,0.0,0.0,0.0,0,0
0.0,0.0,0.0,0.0,0.0,0.0,0.0,0.0,0,0
0.0,0.0,0.0,0.0,0.0,0.0,0.0,0.0,0,0
0.0,0.0,0.0,0.0,0.0,0.0,0.0,0.0,0,0
0.0,0.0,0.0,0.0,0.0,0.0,0.0,0.0,0,0
0.0,0.0,0.0,0.0,0.0,0.0,0.0,0.0,0,0
0.0,0.0,0.0,0.0,0.0,0.0,0.0,0.0,0,0
0.0,0.0,0.0,0.0,0.0,0.0,0.0,0.0,0,0
0.0,0.0,0.0,0.0,0.0,0.0,0.0,0.0,0,0
0.0,0.0,0.0,0.0,0.0,0.0,0.0,0.0,0,0
0.0,0.0,0.0,0.0,0.0,0.0,0.0,0.0,0,0
0.0,0.0,0.0,0.0,0.0,0.0,0.0,0.0,0,0
0.0,0.0,0.0,0.0,0.0,0.0,0.0,0.0,0,0
0.0,0.0,0.0,0.0,0.0,0.0,0.0,0.0,0,0
0.0,0.0,0.0,0.0,0.0,0.0,0.0,0.0,0,0
0.0,0.0,0.0,0.0,0.0,0.0,0.0,0.0,0,0
0.0,0.0,0.0,0.0,0.0,0.0,0.0,0.0,0,0
0.0,0.0,0.0,0.0,0.0,0.0,0.0,0.0,0,0
0.0,0.0,0.0,0.0,0.0,0.0,0.0,0.0,0,0
0.0,0.0,0.0,0.0,0.0,0.0,0.0,0.0,0,0
0.0,0.0,0.0,0.0,0.0,0.0,0.0,0.0,0,0
0.0,0.0,0.0,0.0,0.0,0.0,0.0,0.0,0,0
0.0,0.0,0.0,0.0,0.0,0.0,0.0,0.0,0,0
0.0,0.0,0.0,0.0,0.0,0.0,0.0,0.0,0,0
0.0,0.0,0.0,0.0,0.0,0.0,0.0,0.0,0,0
0.0,0.0,0.0,0.0,0.0,0.0,0.0,0.0,0,0
0.0,0.0,0.0,0.0,0.0,0.0,0.0,0.0,0,0
0.0,0.0,0.0,0.0,0.0,0.0,0.0,0.0,0,0
0.0,0.0,0.0,0.0,0.0,0.0,0.0,0.0,0,0
0.0,0.0,0.0,0.0,0.0,0.0,0.0,0.0,0,0
0.0,0.0,0.0,0.0,0.0,0.0,0.0,0.0,0,0
0.0,0.0,0.0,0.0,0.0,0.0,0.0,0.0,0,0
0.0,0.0,0.0,0.0,0.0,0.0,0.0,0.0,0,0
0.0,0.0,0.0,0.0,0.0,0.0,0.0,0.0,0,0
0.0,0.0,0.0,0.0,0.0,0.0,0.0,0.0,0,0
0.0,0.0,0.0,0.0,0.0,0.0,0.0,0.0,0,0
0.0,0.0,0.0,0.0,0.0,0.0,0.0,0.0,0,0
0.0,0.0,0.0,0.0,0.0,0.0,0.0,0.0,0,0
0.0,0.0,0.0,0.0,0.0,0.0,0.0,0.0,0,0
0.0,0.0,0.0,0.0,0.0,0.0,0.0,0.0,0,0
0.0,0.0,0.0,0.0,0.0,0.0,0.0,0.0,0,0
0.0,0.0,0.0,0.0,0.0,0.0,0.0,0.0,0,0
0.0,0.0,0.0,0.0,0.0,0.0,0.0,0.0,0,0
0.0,0.0,0.0,0.0,0.0,0.0,0.0,0.0,0,0
0.0,0.0,0.0,0.0,0.0,0.0,0.0,0.0,0,0
0.0,0.0,0.0,0.0,0.0,0.0,0.0,0.0,0,0
0.0,0.0,0.0,0.0,0.0,0.0,0.0,0.0,0,0
0.0,0.0,0.0,0.0,0.0,0.0,0.0,0.0,0,0
0.0,0.0,0.0,0.0,0.0,0.0,0.0,0.0,0,0
0.0,0.0,0.0,0.0,0.0,0.0,0.0,0.0,0,0
0.0,0.0,0.0,0.0,0.0,0.0,0.0,0.0,0,0
0.0,0.0,0.0,0.0,0.0,0.0,0.0,0.0,0,0
0.0,0.0,0.0,0.0,0.0,0.0,0.0,0.0,0,0
0.0,0.0,0.0,0.0,0.0,0.0,0.0,0.0,0,0
0.0,0.0,0.0,0.0,0.0,0.0,0.0,0.0,0,0
0.0,0.0,0.0,0.0,0.0,0.0,0.0,0.0,0,0
0.0,0.0,0.0,0.0,0.0,0.0,0.0,0.0,0,0
0.0,0.0,0.0,0.0,0.0,0.0,0.0,0.0,0,0
0.0,0.0,0.0,0.0,0.0,0.0,0.0,0.0,0,0
0.0,0.0,0.0,0.0,0.0,0.0,0.0,0.0,0,0
0.0,0.0,0.0,0.0,0.0,0.0,0.0,0.0,0,0
0.0,0.0,0.0,0.0,0.0,0.0,0.0,0.0,0,0
0.0,0.0,0.0,0.0,0.0,0.0,0.0,0.0,0,0
0.0,0.0,0.0,0.0,0.0,0.0,0.0,0.0,0,0
0.0,0.0,0.0,0.0,0.0,0.0,0.0,0.0,0,0
0.0,0.0,0.0,0.0,0.0,0.0,0.0,0.0,0,0
0.0,0.0,0.0,0.0,0.0,0.0,0.0,0.0,0,0
0.0,0.0,0.0,0.0,0.0,0.0,0.0,0.0,0,0
0.0,0.0,0.0,0.0,0.0,0.0,0.0,0.0,0,0
0.0,0.0,0.0,0.0,0.0,0.0,0.0,0.0,0,0
0.0,0.0,0.0,0.0,0.0,0.0,0.0,0.0,0,0
0.0,0.0,0.0,0.0,0.0,0.0,0.0,0.0,0,0
0.0,0.0,0.0,0.0,0.0,0.0,0.0,0.0,0,0
0.0,0.0,0.0,0.0,0.0,0.0,0.0,0.0,0,0
0.0,0.0,0.0,0.0,0.0,0.0,0.0,0.0,0,0
0.0,0.0,0.0,0.0,0.0,0.0,0.0,0.0,0,0
0.0,0.0,0.0,0.0,0.0,0.0,0.0,0.0,0,0
0.0,0.0,0.0,0.0,0.0,0.0,0.0,0.0,0,0
0.0,0.0,0.0,0.0,0.0,0.0,0.0,0.0,0,0
0.0,0.0,0.0,0.0,0.0,0.0,0.0,0.0,0,0
0.0,0.0,0.0,0.0,0.0,0.0,0.0,0.0,0,0
0.0,0.0,0.0,0.0,0.0,0.0,0.0,0.0,0,0
0.0,0.0,0.0,0.0,0.0,0.0,0.0,0.0,0,0
0.0,0.0,0.0,0.0,0.0,0.0,0.0,0.0,0,0
0.0,0.0,0.0,0.0,0.0,0.0,0.0,0.0,0,0
0.0,0.0,0.0,0.0,0.0,0.0,0.0,0.0,0,0
0.0,0.0,0.0,0.0,0.0,0.0,0.0,0.0,0,0
0.0,0.0,0.0,0.0,0.0,0.0,0.0,0.0,0,0
0.0,0.0,0.0,0.0,0.0,0.0,0.0,0.0,0,0
0.0,0.0,0.0,0.0,0.0,0.0,0.0,0.0,0,0
0.0,0.0,0.0,0.0,0.0,0.0,0.0,0.0,0,0
0.0,0.0,0.0,0.0,0.0,0.0,0.0,0.0,0,0
0.0,0.0,0.0,0.0,0.0,0.0,0.0,0.0,0,0
0.0,0.0,0.0,0.0,0.0,0.0,0.0,0.0,0,0
0.0,0.0,0.0,0.0,0.0,0.0,0.0,0.0,0,0
0.0,0.0,0.0,0.0,0.0,0.0,0.0,0.0,0,0
0.0,0.0,0.0,0.0,0.0,0.0,0.0,0.0,0,0
0.0,0.0,0.0,0.0,0.0,0.0,0.0,0.0,0,0
0.0,0.0,0.0,0.0,0.0,0.0,0.0,0.0,0,0
0.0,0.0,0.0,0.0,0.0,0.0,0.0,0.0,0,0
0.0,0.0,0.0,0.0,0.0,0.0,0.0,0.0,0,0
0.0,0.0,0.0,0.0,0.0,0.0,0.0,0.0,0,0
0.0,0.0,0.0,0.0,0.0,0.0,0.0,0.0,0,0
0.0,0.0,0.0,0.0,0.0,0.0,0.0,0.0,0,0
0.0,0.0,0.0,0.0,0.0,0.0,0.0,0.0,0,0
0.0,0.0,0.0,0.0,0.0,0.0,0.0,0.0,0,0
0.0,0.0,0.0,0.0,0.0,0.0,0.0,0.0,0,0
0.0,0.0,0.0,0.0,0.0,0.0,0.0,0.0,0,0
0.0,0.0,0.0,0.0,0.0,0.0,0.0,0.0,0,0
0.0,0.0,0.0,0.0,0.0,0.0,0.0,0.0,0,0
0.0,0.0,0.0,0.0,0.0,0.0,0.0,0.0,0,0
0.0,0.0,0.0,0.0,0.0,0.0,0.0,0.0,0,0
0.0,0.0,0.0,0.0,0.0,0.0,0.0,0.0,0,0
0.0,0.0,0.0,0.0,0.0,0.0,0.0,0.0,0,0
0.0,0.0,0.0,0.0,0.0,0.0,0.0,0.0,0,0
0.0,0.0,0.0,0.0,0.0,0.0,0.0,0.0,0,0
0.0,0.0,0.0,0.0,0.0,0.0,0.0,0.0,0,0
0.0,0.0,0.0,0.0,0.0,0.0,0.0,0.0,0,0
0.0,0.0,0.0,0.0,0.0,0.0,0.0,0.0,0,0
0.0,0.0,0.0,0.0,0.0,0.0,0.0,0.0,0,0
0.0,0.0,0.0,0.0,0.0,0.0,0.0,0.0,0,0
0.0,0.0,0.0,0.0,0.0,0.0,0.0,0.0,0,0
0.0,0.0,0.0,0.0,0.0,0.0,0.0,0.0,0,0
0.0,0.0,0.0,0.0,0.0,0.0,0.0,0.0,0,0
0.0,0.0,0.0,0.0,0.0,0.0,0.0,0.0,0,0
0.0,0.0,0.0,0.0,0.0,0.0,0.0,0.0,0,0
0.0,0.0,0.0,0.0,0.0,0.0,0.0,0.0,0,0
0.0,0.0,0.0,0.0,0.0,0.0,0.0,0.0,0,0
0.0,0.0,0.0,0.0,0.0,0.0,0.0,0.0,0,0
0.0,0.0,0.0,0.0,0.0,0.0,0.0,0.0,0,0
0.0,0.0,0.0,0.0,0.0,0.0,0.0,0.0,0,0
0.0,0.0,0.0,0.0,0.0,0.0,0.0,0.0,0,0
0.0,0.0,0.0,0.0,0.0,0.0,0.0,0.0,0,0
0.0,0.0,0.0,0.0,0.0,0.0,0.0,0.0,0,0
0.0,0.0,0.0,0.0,0.0,0.0,0.0,0.0,0,0
0.0,0.0,0.0,0.0,0.0,0.0,0.0,0.0,0,0
0.0,0.0,0.0,0.0,0.0,0.0,0.0,0.0,0,0
0.0,0.0,0.0,0.0,0.0,0.0,0.0,0.0,0,0
0.0,0.0,0.0,0.0,0.0,0.0,0.0,0.0,0,0
0.0,0.0,0.0,0.0,0.0,0.0,0.0,0.0,0,0
0.0,0.0,0.0,0.0,0.0,0.0,0.0,0.0,0,0
0.0,0.0,0.0,0.0,0.0,0.0,0.0,0.0,0,0
0.0,0.0,0.0,0.0,0.0,0.0,0.0,0.0,0,0
0.0,0.0,0.0,0.0,0.0,0.0,0.0,0.0,0,0
0.0,0.0,0.0,0.0,0.0,0.0,0.0,0.0,0,0
0.0,0.0,0.0,0.0,0.0,0.0,0.0,0.0,0,0
0.0,0.0,0.0,0.0,0.0,0.0,0.0,0.0,0,0
0.0,0.0,0.0,0.0,0.0,0.0,0.0,0.0,0,0
0.0,0.0,0.0,0.0,0.0,0.0,0.0,0.0,0,0
0.0,0.0,0.0,0.0,0.0,0.0,0.0,0.0,0,0
0.0,0.0,0.0,0.0,0.0,0.0,0.0,0.0,0,0
0.0,0.0,0.0,0.0,0.0,0.0,0.0,0.0,0,0
0.0,0.0,0.0,0.0,0.0,0.0,0.0,0.0,0,0
0.0,0.0,0.0,0.0,0.0,0.0,0.0,0.0,0,0
0.0,0.0,0.0,0.0,0.0,0.0,0.0,0.0,0,0
0.0,0.0,0.0,0.0,0.0,0.0,0.0,0.0,0,0
0.0,0.0,0.0,0.0,0.0,0.0,0.0,0.0,0,0
0.0,0.0,0.0,0.0,0.0,0.0,0.0,0.0,0,0
0.0,0.0,0.0,0.0,0.0,0.0,0.0,0.0,0,0
0.0,0.0,0.0,0.0,0.0,0.0,0.0,0.0,0,0
0.0,0.0,0.0,0.0,0.0,0.0,0.0,0.0,0,0
0.0,0.0,0.0,0.0,0.0,0.0,0.0,0.0,0,0
0.0,0.0,0.0,0.0,0.0,0.0,0.0,0.0,0,0
0.0,0.0,0.0,0.0,0.0,0.0,0.0,0.0,0,0
0.0,0.0,0.0,0.0,0.0,0.0,0.0,0.0,0,0
0.0,0.0,0.0,0.0,0.0,0.0,0.0,0.0,0,0
0.0,0.0,0.0,0.0,0.0,0.0,0.0,0.0,0,0
0.0,0.0,0.0,0.0,0.0,0.0,0.0,0.0,0,0
0.0,0.0,0.0,0.0,0.0,0.0,0.0,0.0,0,0
0.0,0.0,0.0,0.0,0.0,0.0,0.0,0.0,0,0
0.0,0.0,0.0,0.0,0.0,0.0,0.0,0.0,0,0
0.0,0.0,0.0,0.0,0.0,0.0,0.0,0.0,0,0
0.0,0.0,0.0,0.0,0.0,0.0,0.0,0.0,0,0
0.0,0.0,0.0,0.0,0.0,0.0,0.0,0.0,0,0
0.0,0.0,0.0,0.0,0.0,0.0,0.0,0.0,0,0
0.0,0.0,0.0,0.0,0.0,0.0,0.0,0.0,0,0
0.0,0.0,0.0,0.0,0.0,0.0,0.0,0.0,0,0
0.0,0.0,0.0,0.0,0.0,0.0,0.0,0.0,0,0
0.0,0.0,0.0,0.0,0.0,0.0,0.0,0.0,0,0
0.0,0.0,0.0,0.0,0.0,0.0,0.0,0.0,0,0
0.0,0.0,0.0,0.0,0.0,0.0,0.0,0.0,0,0
0.0,0.0,0.0,0.0,0.0,0.0,0.0,0.0,0,0
0.0,0.0,0.0,0.0,0.0,0.0,0.0,0.0,0,0
0.0,0.0,0.0,0.0,0.0,0.0,0.0,0.0,0,0
0.0,0.0,0.0,0.0,0.0,0.0,0.0,0.0,0,0
0.0,0.0,0.0,0.0,0.0,0.0,0.0,0.0,0,0
54650.62767756034,9999.999999999998,396.8253968253967,44253.80228073494,24999999.999999996,25000000.000000004,50000000.0,50000000.0,44,44
98712.2182098152,22046.43510508764,396.82539682539664,76268.95770790215,25000000.0,24999999.999999996,50000000.0,95849137.9506784,45,45
0.0,9999.999999999996,0.0,-9999.999999999996,0.0,0.0,0.0,49999999.99999999,0,0
0.0,0.0,0.0,0.0,0.0,0.0,0.0,0.0,0,0
384291.28866235807,9999.999999999998,396.8253968253968,373894.4632655327,25000000.0,25000000.0,50000000.0,50000000.0,45,45
0.0,9999.999999999998,0.0,-9999.999999999998,0.0,0.0,0.0,50000000.0,0,0
109095.56563861534,10000.0,396.82539682539687,98698.74024178994,25000000.0,25000000.0,50000000.0,50000000.0,45,45
0.0,10000.0,0.0,-10000.0,0.0,0.0,0.0,50000000.0,0,0
0.0,0.0,0.0,0.0,0.0,0.0,0.0,0.0,0,0
0.0,0.0,0.0,0.0,0.0,0.0,0.0,0.0,0,0
0.0,0.0,0.0,0.0,0.0,0.0,0.0,0.0,0,0
0.0,0.0,0.0,0.0,0.0,0.0,0.0,0.0,0,0
0.0,0.0,0.0,0.0,0.0,0.0,0.0,0.0,0,0
0.0,0.0,0.0,0.0,0.0,0.0,0.0,0.0,0,0
0.0,0.0,0.0,0.0,0.0,0.0,0.0,0.0,0,0
0.0,0.0,0.0,0.0,0.0,0.0,0.0,0.0,0,0
0.0,0.0,0.0,0.0,0.0,0.0,0.0,0.0,0,0
0.0,0.0,0.0,0.0,0.0,0.0,0.0,0.0,0,0
0.0,0.0,0.0,0.0,0.0,0.0,0.0,0.0,0,0
0.0,0.0,0.0,0.0,0.0,0.0,0.0,0.0,0,0
0.0,0.0,0.0,0.0,0.0,0.0,0.0,0.0,0,0
0.0,0.0,0.0,0.0,0.0,0.0,0.0,0.0,0,0
0.0,0.0,0.0,0.0,0.0,0.0,0.0,0.0,0,0
0.0,0.0,0.0,0.0,0.0,0.0,0.0,0.0,0,0
0.0,0.0,0.0,0.0,0.0,0.0,0.0,0.0,0,0
0.0,0.0,0.0,0.0,0.0,0.0,0.0,0.0,0,0
0.0,0.0,0.0,0.0,0.0,0.0,0.0,0.0,0,0
0.0,0.0,0.0,0.0,0.0,0.0,0.0,0.0,0,0
0.0,0.0,0.0,0.0,0.0,0.0,0.0,0.0,0,0
0.0,0.0,0.0,0.0,0.0,0.0,0.0,0.0,0,0
0.0,0.0,0.0,0.0,0.0,0.0,0.0,0.0,0,0
0.0,0.0,0.0,0.0,0.0,0.0,0.0,0.0,0,0
0.0,0.0,0.0,0.0,0.0,0.0,0.0,0.0,0,0
0.0,0.0,0.0,0.0,0.0,0.0,0.0,0.0,0,0
0.0,0.0,0.0,0.0,0.0,0.0,0.0,0.0,0,0
0.0,0.0,0.0,0.0,0.0,0.0,0.0,0.0,0,0
0.0,0.0,0.0,0.0,0.0,0.0,0.0,0.0,0,0
0.0,0.0,0.0,0.0,0.0,0.0,0.0,0.0,0,0
0.0,0.0,0.0,0.0,0.0,0.0,0.0,0.0,0,0
0.0,0.0,0.0,0.0,0.0,0.0,0.0,0.0,0,0
0.0,0.0,0.0,0.0,0.0,0.0,0.0,0.0,0,0
0.0,0.0,0.0,0.0,0.0,0.0,0.0,0.0,0,0
0.0,0.0,0.0,0.0,0.0,0.0,0.0,0.0,0,0
0.0,0.0,0.0,0.0,0.0,0.0,0.0,0.0,0,0
0.0,0.0,0.0,0.0,0.0,0.0,0.0,0.0,0,0
0.0,0.0,0.0,0.0,0.0,0.0,0.0,0.0,0,0
0.0,0.0,0.0,0.0,0.0,0.0,0.0,0.0,0,0
0.0,0.0,0.0,0.0,0.0,0.0,0.0,0.0,0,0
0.0,0.0,0.0,0.0,0.0,0.0,0.0,0.0,0,0
0.0,0.0,0.0,0.0,0.0,0.0,0.0,0.0,0,0
0.0,0.0,0.0,0.0,0.0,0.0,0.0,0.0,0,0
0.0,0.0,0.0,0.0,0.0,0.0,0.0,0.0,0,0
0.0,0.0,0.0,0.0,0.0,0.0,0.0,0.0,0,0
0.0,0.0,0.0,0.0,0.0,0.0,0.0,0.0,0,0
0.0,0.0,0.0,0.0,0.0,0.0,0.0,0.0,0,0
0.0,0.0,0.0,0.0,0.0,0.0,0.0,0.0,0,0
0.0,0.0,0.0,0.0,0.0,0.0,0.0,0.0,0,0
0.0,0.0,0.0,0.0,0.0,0.0,0.0,0.0,0,0
0.0,0.0,0.0,0.0,0.0,0.0,0.0,0.0,0,0
0.0,0.0,0.0,0.0,0.0,0.0,0.0,0.0,0,0
0.0,0.0,0.0,0.0,0.0,0.0,0.0,0.0,0,0
0.0,0.0,0.0,0.0,0.0,0.0,0.0,0.0,0,0
0.0,0.0,0.0,0.0,0.0,0.0,0.0,0.0,0,0
0.0,0.0,0.0,0.0,0.0,0.0,0.0,0.0,0,0
0.0,0.0,0.0,0.0,0.0,0.0,0.0,0.0,0,0
0.0,0.0,0.0,0.0,0.0,0.0,0.0,0.0,0,0
0.0,0.0,0.0,0.0,0.0,0.0,0.0,0.0,0,0
-274964.66700150317,9999.999999999995,396.8253968253968,-285361.49239832856,25000000.0,24999999.999999996,50000000.0,50000000.0,42,42
0.0,9999.999999999995,0.0,-9999.999999999995,0.0,0.0,0.0,50000000.0,0,0
-594.2475666311739,10000.000000000002,396.8253968253968,-10991.072963456574,25000000.0,25000000.0,50000000.0,50000000.0,42,42
0.0,10000.000000000002,0.0,-10000.000000000002,0.0,0.0,0.0,50000000.0,0,0
157767.59580801998,10000.000000000004,396.82539682539687,147370.7704111946,25000000.0,24999999.999999996,50000000.0,50000000.0,42,42
-40039.97373838402,19999.999999999993,396.825396825397,-60436.79913520941,24999999.999999993,25000000.0,49999999.99999999,85400146.76997462,44,44
0.0,10000.0,0.0,-10000.0,0.0,0.0,0.0,49999999.99999999,0,0
0.0,0.0,0.0,0.0,0.0,0.0,0.0,0.0,0,0
0.0,0.0,0.0,0.0,0.0,0.0,0.0,0.0,0,0
0.0,0.0,0.0,0.0,0.0,0.0,0.0,0.0,0,0
0.0,0.0,0.0,0.0,0.0,0.0,0.0,0.0,0,0
0.0,0.0,0.0,0.0,0.0,0.0,0.0,0.0,0,0
0.0,0.0,0.0,0.0,0.0,0.0,0.0,0.0,0,0
0.0,0.0,0.0,0.0,0.0,0.0,0.0,0.0,0,0
0.0,0.0,0.0,0.0,0.0,0.0,0.0,0.0,0,0
0.0,0.0,0.0,0.0,0.0,0.0,0.0,0.0,0,0
-249482.81950579415,10000.000000000002,396.8253968253969,-259879.64490261953,25000000.000000004,25000000.0,50000000.0,50000000.0,47,47
-283302.84327284864,21663.957794065358,396.8253968253968,-305363.6264637394,25000000.000000004,25000000.0,50000000.0,88397196.98493771,47,47
-377422.1686631041,19999.99999999999,396.82539682539664,-397818.9940599295,25000000.0,24999999.999999993,49999999.99999999,69201234.6923231,47,47
485793.20865906565,20134.69381711363,396.82539682539687,465261.6894451266,24999999.999999996,25000000.0,50000000.0,65797937.66957133,47,47
656426.2344949876,20348.210293937136,396.82539682539675,635681.1988042251,25000000.0,25000000.0,50000000.0,75180824.70709139,48,48
46143.339200247276,22899.453812992277,396.8253968253969,22847.059990429603,25000000.0,25000000.000000004,50000000.0,99397873.42313477,48,48
0.0,10000.000000000002,0.0,-10000.000000000002,0.0,0.0,0.0,50000000.0,0,0
0.0,0.0,0.0,0.0,0.0,0.0,0.0,0.0,0,0
0.0,0.0,0.0,0.0,0.0,0.0,0.0,0.0,0,0
0.0,0.0,0.0,0.0,0.0,0.0,0.0,0.0,0,0
0.0,0.0,0.0,0.0,0.0,0.0,0.0,0.0,0,0
0.0,0.0,0.0,0.0,0.0,0.0,0.0,0.0,0,0
0.0,0.0,0.0,0.0,0.0,0.0,0.0,0.0,0,0
0.0,0.0,0.0,0.0,0.0,0.0,0.0,0.0,0,0
0.0,0.0,0.0,0.0,0.0,0.0,0.0,0.0,0,0
0.0,0.0,0.0,0.0,0.0,0.0,0.0,0.0,0,0
0.0,0.0,0.0,0.0,0.0,0.0,0.0,0.0,0,0
0.0,0.0,0.0,0.0,0.0,0.0,0.0,0.0,0,0
0.0,0.0,0.0,0.0,0.0,0.0,0.0,0.0,0,0
0.0,0.0,0.0,0.0,0.0,0.0,0.0,0.0,0,0
0.0,0.0,0.0,0.0,0.0,0.0,0.0,0.0,0,0
0.0,0.0,0.0,0.0,0.0,0.0,0.0,0.0,0,0
0.0,0.0,0.0,0.0,0.0,0.0,0.0,0.0,0,0
0.0,0.0,0.0,0.0,0.0,0.0,0.0,0.0,0,0
0.0,0.0,0.0,0.0,0.0,0.0,0.0,0.0,0,0
0.0,0.0,0.0,0.0,0.0,0.0,0.0,0.0,0,0
0.0,0.0,0.0,0.0,0.0,0.0,0.0,0.0,0,0
0.0,0.0,0.0,0.0,0.0,0.0,0.0,0.0,0,0
0.0,0.0,0.0,0.0,0.0,0.0,0.0,0.0,0,0
0.0,0.0,0.0,0.0,0.0,0.0,0.0,0.0,0,0
0.0,0.0,0.0,0.0,0.0,0.0,0.0,0.0,0,0
0.0,0.0,0.0,0.0,0.0,0.0,0.0,0.0,0,0
0.0,0.0,0.0,0.0,0.0,0.0,0.0,0.0,0,0
0.0,0.0,0.0,0.0,0.0,0.0,0.0,0.0,0,0
0.0,0.0,0.0,0.0,0.0,0.0,0.0,0.0,0,0
0.0,0.0,0.0,0.0,0.0,0.0,0.0,0.0,0,0
0.0,0.0,0.0,0.0,0.0,0.0,0.0,0.0,0,0
0.0,0.0,0.0,0.0,0.0,0.0,0.0,0.0,0,0
0.0,0.0,0.0,0.0,0.0,0.0,0.0,0.0,0,0
0.0,0.0,0.0,0.0,0.0,0.0,0.0,0.0,0,0
0.0,0.0,0.0,0.0,0.0,0.0,0.0,0.0,0,0
0.0,0.0,0.0,0.0,0.0,0.0,0.0,0.0,0,0
0.0,0.0,0.0,0.0,0.0,0.0,0.0,0.0,0,0
0.0,0.0,0.0,0.0,0.0,0.0,0.0,0.0,0,0
0.0,0.0,0.0,0.0,0.0,0.0,0.0,0.0,0,0
0.0,0.0,0.0,0.0,0.0,0.0,0.0,0.0,0,0
0.0,0.0,0.0,0.0,0.0,0.0,0.0,0.0,0,0
0.0,0.0,0.0,0.0,0.0,0.0,0.0,0.0,0,0
0.0,0.0,0.0,0.0,0.0,0.0,0.0,0.0,0,0
0.0,0.0,0.0,0.0,0.0,0.0,0.0,0.0,0,0
0.0,0.0,0.0,0.0,0.0,0.0,0.0,0.0,0,0
0.0,0.0,0.0,0.0,0.0,0.0,0.0,0.0,0,0
0.0,0.0,0.0,0.0,0.0,0.0,0.0,0.0,0,0
0.0,0.0,0.0,0.0,0.0,0.0,0.0,0.0,0,0
0.0,0.0,0.0,0.0,0.0,0.0,0.0,0.0,0,0
0.0,0.0,0.0,0.0,0.0,0.0,0.0,0.0,0,0
0.0,0.0,0.0,0.0,0.0,0.0,0.0,0.0,0,0
0.0,0.0,0.0,0.0,0.0,0.0,0.0,0.0,0,0
0.0,0.0,0.0,0.0,0.0,0.0,0.0,0.0,0,0
0.0,0.0,0.0,0.0,0.0,0.0,0.0,0.0,0,0
0.0,0.0,0.0,0.0,0.0,0.0,0.0,0.0,0,0
0.0,0.0,0.0,0.0,0.0,0.0,0.0,0.0,0,0
0.0,0.0,0.0,0.0,0.0,0.0,0.0,0.0,0,0
0.0,0.0,0.0,0.0,0.0,0.0,0.0,0.0,0,0
0.0,0.0,0.0,0.0,0.0,0.0,0.0,0.0,0,0
0.0,0.0,0.0,0.0,0.0,0.0,0.0,0.0,0,0
0.0,0.0,0.0,0.0,0.0,0.0,0.0,0.0,0,0
0.0,0.0,0.0,0.0,0.0,0.0,0.0,0.0,0,0
0.0,0.0,0.0,0.0,0.0,0.0,0.0,0.0,0,0
0.0,0.0,0.0,0.0,0.0,0.0,0.0,0.0,0,0
0.0,0.0,0.0,0.0,0.0,0.0,0.0,0.0,0,0
0.0,0.0,0.0,0.0,0.0,0.0,0.0,0.0,0,0
0.0,0.0,0.0,0.0,0.0,0.0,0.0,0.0,0,0
0.0,0.0,0.0,0.0,0.0,0.0,0.0,0.0,0,0
0.0,0.0,0.0,0.0,0.0,0.0,0.0,0.0,0,0
0.0,0.0,0.0,0.0,0.0,0.0,0.0,0.0,0,0
0.0,0.0,0.0,0.0,0.0,0.0,0.0,0.0,0,0
0.0,0.0,0.0,0.0,0.0,0.0,0.0,0.0,0,0
0.0,0.0,0.0,0.0,0.0,0.0,0.0,0.0,0,0
0.0,0.0,0.0,0.0,0.0,0.0,0.0,0.0,0,0
0.0,0.0,0.0,0.0,0.0,0.0,0.0,0.0,0,0
0.0,0.0,0.0,0.0,0.0,0.0,0.0,0.0,0,0
0.0,0.0,0.0,0.0,0.0,0.0,0.0,0.0,0,0
0.0,0.0,0.0,0.0,0.0,0.0,0.0,0.0,0,0
0.0,0.0,0.0,0.0,0.0,0.0,0.0,0.0,0,0
0.0,0.0,0.0,0.0,0.0,0.0,0.0,0.0,0,0
0.0,0.0,0.0,0.0,0.0,0.0,0.0,0.0,0,0
0.0,0.0,0.0,0.0,0.0,0.0,0.0,0.0,0,0
0.0,0.0,0.0,0.0,0.0,0.0,0.0,0.0,0,0
0.0,0.0,0.0,0.0,0.0,0.0,0.0,0.0,0,0
0.0,0.0,0.0,0.0,0.0,0.0,0.0,0.0,0,0
0.0,0.0,0.0,0.0,0.0,0.0,0.0,0.0,0,0
0.0,0.0,0.0,0.0,0.0,0.0,0.0,0.0,0,0
0.0,0.0,0.0,0.0,0.0,0.0,0.0,0.0,0,0
0.0,0.0,0.0,0.0,0.0,0.0,0.0,0.0,0,0
0.0,0.0,0.0,0.0,0.0,0.0,0.0,0.0,0,0
0.0,0.0,0.0,0.0,0.0,0.0,0.0,0.0,0,0
0.0,0.0,0.0,0.0,0.0,0.0,0.0,0.0,0,0
0.0,0.0,0.0,0.0,0.0,0.0,0.0,0.0,0,0
0.0,0.0,0.0,0.0,0.0,0.0,0.0,0.0,0,0
0.0,0.0,0.0,0.0,0.0,0.0,0.0,0.0,0,0
0.0,0.0,0.0,0.0,0.0,0.0,0.0,0.0,0,0
0.0,0.0,0.0,0.0,0.0,0.0,0.0,0.0,0,0
0.0,0.0,0.0,0.0,0.0,0.0,0.0,0.0,0,0
0.0,0.0,0.0,0.0,0.0,0.0,0.0,0.0,0,0
0.0,0.0,0.0,0.0,0.0,0.0,0.0,0.0,0,0
0.0,0.0,0.0,0.0,0.0,0.0,0.0,0.0,0,0
0.0,0.0,0.0,0.0,0.0,0.0,0.0,0.0,0,0
0.0,0.0,0.0,0.0,0.0,0.0,0.0,0.0,0,0
0.0,0.0,0.0,0.0,0.0,0.0,0.0,0.0,0,0
0.0,0.0,0.0,0.0,0.0,0.0,0.0,0.0,0,0
0.0,0.0,0.0,0.0,0.0,0.0,0.0,0.0,0,0
0.0,0.0,0.0,0.0,0.0,0.0,0.0,0.0,0,0
0.0,0.0,0.0,0.0,0.0,0.0,0.0,0.0,0,0
0.0,0.0,0.0,0.0,0.0,0.0,0.0,0.0,0,0
0.0,0.0,0.0,0.0,0.0,0.0,0.0,0.0,0,0
0.0,0.0,0.0,0.0,0.0,0.0,0.0,0.0,0,0
0.0,0.0,0.0,0.0,0.0,0.0,0.0,0.0,0,0
0.0,0.0,0.0,0.0,0.0,0.0,0.0,0.0,0,0
0.0,0.0,0.0,0.0,0.0,0.0,0.0,0.0,0,0
0.0,0.0,0.0,0.0,0.0,0.0,0.0,0.0,0,0
0.0,0.0,0.0,0.0,0.0,0.0,0.0,0.0,0,0
0.0,0.0,0.0,0.0,0.0,0.0,0.0,0.0,0,0
0.0,0.0,0.0,0.0,0.0,0.0,0.0,0.0,0,0
0.0,0.0,0.0,0.0,0.0,0.0,0.0,0.0,0,0
0.0,0.0,0.0,0.0,0.0,0.0,0.0,0.0,0,0
0.0,0.0,0.0,0.0,0.0,0.0,0.0,0.0,0,0
0.0,0.0,0.0,0.0,0.0,0.0,0.0,0.0,0,0
0.0,0.0,0.0,0.0,0.0,0.0,0.0,0.0,0,0
0.0,0.0,0.0,0.0,0.0,0.0,0.0,0.0,0,0
0.0,0.0,0.0,0.0,0.0,0.0,0.0,0.0,0,0
0.0,0.0,0.0,0.0,0.0,0.0,0.0,0.0,0,0
0.0,0.0,0.0,0.0,0.0,0.0,0.0,0.0,0,0
0.0,0.0,0.0,0.0,0.0,0.0,0.0,0.0,0,0
0.0,0.0,0.0,0.0,0.0,0.0,0.0,0.0,0,0
0.0,0.0,0.0,0.0,0.0,0.0,0.0,0.0,0,0
0.0,0.0,0.0,0.0,0.0,0.0,0.0,0.0,0,0
0.0,0.0,0.0,0.0,0.0,0.0,0.0,0.0,0,0
0.0,0.0,0.0,0.0,0.0,0.0,0.0,0.0,0,0
0.0,0.0,0.0,0.0,0.0,0.0,0.0,0.0,0,0
0.0,0.0,0.0,0.0,0.0,0.0,0.0,0.0,0,0
0.0,0.0,0.0,0.0,0.0,0.0,0.0,0.0,0,0
0.0,0.0,0.0,0.0,0.0,0.0,0.0,0.0,0,0
0.0,0.0,0.0,0.0,0.0,0.0,0.0,0.0,0,0
0.0,0.0,0.0,0.0,0.0,0.0,0.0,0.0,0,0
0.0,0.0,0.0,0.0,0.0,0.0,0.0,0.0,0,0
0.0,0.0,0.0,0.0,0.0,0.0,0.0,0.0,0,0
0.0,0.0,0.0,0.0,0.0,0.0,0.0,0.0,0,0
0.0,0.0,0.0,0.0,0.0,0.0,0.0,0.0,0,0
0.0,0.0,0.0,0.0,0.0,0.0,0.0,0.0,0,0
0.0,0.0,0.0,0.0,0.0,0.0,0.0,0.0,0,0
0.0,0.0,0.0,0.0,0.0,0.0,0.0,0.0,0,0
0.0,0.0,0.0,0.0,0.0,0.0,0.0,0.0,0,0
0.0,0.0,0.0,0.0,0.0,0.0,0.0,0.0,0,0
0.0,0.0,0.0,0.0,0.0,0.0,0.0,0.0,0,0
0.0,0.0,0.0,0.0,0.0,0.0,0.0,0.0,0,0
0.0,0.0,0.0,0.0,0.0,0.0,0.0,0.0,0,0
0.0,0.0,0.0,0.0,0.0,0.0,0.0,0.0,0,0
0.0,0.0,0.0,0.0,0.0,0.0,0.0,0.0,0,0
0.0,0.0,0.0,0.0,0.0,0.0,0.0,0.0,0,0
0.0,0.0,0.0,0.0,0.0,0.0,0.0,0.0,0,0
0.0,0.0,0.0,0.0,0.0,0.0,0.0,0.0,0,0
0.0,0.0,0.0,0.0,0.0,0.0,0.0,0.0,0,0
0.0,0.0,0.0,0.0,0.0,0.0,0.0,0.0,0,0
0.0,0.0,0.0,0.0,0.0,0.0,0.0,0.0,0,0
0.0,0.0,0.0,0.0,0.0,0.0,0.0,0.0,0,0
0.0,0.0,0.0,0.0,0.0,0.0,0.0,0.0,0,0
0.0,0.0,0.0,0.0,0.0,0.0,0.0,0.0,0,0
0.0,0.0,0.0,0.0,0.0,0.0,0.0,0.0,0,0
0.0,0.0,0.0,0.0,0.0,0.0,0.0,0.0,0,0
0.0,0.0,0.0,0.0,0.0,0.0,0.0,0.0,0,0
0.0,0.0,0.0,0.0,0.0,0.0,0.0,0.0,0,0
0.0,0.0,0.0,0.0,0.0,0.0,0.0,0.0,0,0
0.0,0.0,0.0,0.0,0.0,0.0,0.0,0.0,0,0
0.0,0.0,0.0,0.0,0.0,0.0,0.0,0.0,0,0
0.0,0.0,0.0,0.0,0.0,0.0,0.0,0.0,0,0
0.0,0.0,0.0,0.0,0.0,0.0,0.0,0.0,0,0
0.0,0.0,0.0,0.0,0.0,0.0,0.0,0.0,0,0
0.0,0.0,0.0,0.0,0.0,0.0,0.0,0.0,0,0
0.0,0.0,0.0,0.0,0.0,0.0,0.0,0.0,0,0
0.0,0.0,0.0,0.0,0.0,0.0,0.0,0.0,0,0
0.0,0.0,0.0,0.0,0.0,0.0,0.0,0.0,0,0
0.0,0.0,0.0,0.0,0.0,0.0,0.0,0.0,0,0
0.0,0.0,0.0,0.0,0.0,0.0,0.0,0.0,0,0
0.0,0.0,0.0,0.0,0.0,0.0,0.0,0.0,0,0
0.0,0.0,0.0,0.0,0.0,0.0,0.0,0.0,0,0
0.0,0.0,0.0,0.0,0.0,0.0,0.0,0.0,0,0
0.0,0.0,0.0,0.0,0.0,0.0,0.0,0.0,0,0
0.0,0.0,0.0,0.0,0.0,0.0,0.0,0.0,0,0
0.0,0.0,0.0,0.0,0.0,0.0,0.0,0.0,0,0
0.0,0.0,0.0,0.0,0.0,0.0,0.0,0.0,0,0
0.0,0.0,0.0,0.0,0.0,0.0,0.0,0.0,0,0
0.0,0.0,0.0,0.0,0.0,0.0,0.0,0.0,0,0
0.0,0.0,0.0,0.0,0.0,0.0,0.0,0.0,0,0
0.0,0.0,0.0,0.0,0.0,0.0,0.0,0.0,0,0
0.0,0.0,0.0,0.0,0.0,0.0,0.0,0.0,0,0
0.0,0.0,0.0,0.0,0.0,0.0,0.0,0.0,0,0
0.0,0.0,0.0,0.0,0.0,0.0,0.0,0.0,0,0
0.0,0.0,0.0,0.0,0.0,0.0,0.0,0.0,0,0
0.0,0.0,0.0,0.0,0.0,0.0,0.0,0.0,0,0
0.0,0.0,0.0,0.0,0.0,0.0,0.0,0.0,0,0
0.0,0.0,0.0,0.0,0.0,0.0,0.0,0.0,0,0
0.0,0.0,0.0,0.0,0.0,0.0,0.0,0.0,0,0
0.0,0.0,0.0,0.0,0.0,0.0,0.0,0.0,0,0
0.0,0.0,0.0,0.0,0.0,0.0,0.0,0.0,0,0
0.0,0.0,0.0,0.0,0.0,0.0,0.0,0.0,0,0
0.0,0.0,0.0,0.0,0.0,0.0,0.0,0.0,0,0
0.0,0.0,0.0,0.0,0.0,0.0,0.0,0.0,0,0
0.0,0.0,0.0,0.0,0.0,0.0,0.0,0.0,0,0
0.0,0.0,0.0,0.0,0.0,0.0,0.0,0.0,0,0
0.0,0.0,0.0,0.0,0.0,0.0,0.0,0.0,0,0
0.0,0.0,0.0,0.0,0.0,0.0,0.0,0.0,0,0
0.0,0.0,0.0,0.0,0.0,0.0,0.0,0.0,0,0
0.0,0.0,0.0,0.0,0.0,0.0,0.0,0.0,0,0
0.0,0.0,0.0,0.0,0.0,0.0,0.0,0.0,0,0
0.0,0.0,0.0,0.0,0.0,0.0,0.0,0.0,0,0
0.0,0.0,0.0,0.0,0.0,0.0,0.0,0.0,0,0
0.0,0.0,0.0,0.0,0.0,0.0,0.0,0.0,0,0
0.0,0.0,0.0,0.0,0.0,0.0,0.0,0.0,0,0
0.0,0.0,0.0,0.0,0.0,0.0,0.0,0.0,0,0
0.0,0.0,0.0,0.0,0.0,0.0,0.0,0.0,0,0
0.0,0.0,0.0,0.0,0.0,0.0,0.0,0.0,0,0
0.0,0.0,0.0,0.0,0.0,0.0,0.0,0.0,0,0
0.0,0.0,0.0,0.0,0.0,0.0,0.0,0.0,0,0
0.0,0.0,0.0,0.0,0.0,0.0,0.0,0.0,0,0
0.0,0.0,0.0,0.0,0.0,0.0,0.0,0.0,0,0
0.0,0.0,0.0,0.0,0.0,0.0,0.0,0.0,0,0
0.0,0.0,0.0,0.0,0.0,0.0,0.0,0.0,0,0
0.0,0.0,0.0,0.0,0.0,0.0,0.0,0.0,0,0
0.0,0.0,0.0,0.0,0.0,0.0,0.0,0.0,0,0
0.0,0.0,0.0,0.0,0.0,0.0,0.0,0.0,0,0
0.0,0.0,0.0,0.0,0.0,0.0,0.0,0.0,0,0
0.0,0.0,0.0,0.0,0.0,0.0,0.0,0.0,0,0
0.0,0.0,0.0,0.0,0.0,0.0,0.0,0.0,0,0
0.0,0.0,0.0,0.0,0.0,0.0,0.0,0.0,0,0
0.0,0.0,0.0,0.0,0.0,0.0,0.0,0.0,0,0
0.0,0.0,0.0,0.0,0.0,0.0,0.0,0.0,0,0
0.0,0.0,0.0,0.0,0.0,0.0,0.0,0.0,0,0
0.0,0.0,0.0,0.0,0.0,0.0,0.0,0.0,0,0
0.0,0.0,0.0,0.0,0.0,0.0,0.0,0.0,0,0
0.0,0.0,0.0,0.0,0.0,0.0,0.0,0.0,0,0
0.0,0.0,0.0,0.0,0.0,0.0,0.0,0.0,0,0
0.0,0.0,0.0,0.0,0.0,0.0,0.0,0.0,0,0
0.0,0.0,0.0,0.0,0.0,0.0,0.0,0.0,0,0
0.0,0.0,0.0,0.0,0.0,0.0,0.0,0.0,0,0
0.0,0.0,0.0,0.0,0.0,0.0,0.0,0.0,0,0
0.0,0.0,0.0,0.0,0.0,0.0,0.0,0.0,0,0
0.0,0.0,0.0,0.0,0.0,0.0,0.0,0.0,0,0
0.0,0.0,0.0,0.0,0.0,0.0,0.0,0.0,0,0
0.0,0.0,0.0,0.0,0.0,0.0,0.0,0.0,0,0
0.0,0.0,0.0,0.0,0.0,0.0,0.0,0.0,0,0
0.0,0.0,0.0,0.0,0.0,0.0,0.0,0.0,0,0
0.0,0.0,0.0,0.0,0.0,0.0,0.0,0.0,0,0
0.0,0.0,0.0,0.0,0.0,0.0,0.0,0.0,0,0
0.0,0.0,0.0,0.0,0.0,0.0,0.0,0.0,0,0
0.0,0.0,0.0,0.0,0.0,0.0,0.0,0.0,0,0
0.0,0.0,0.0,0.0,0.0,0.0,0.0,0.0,0,0
0.0,0.0,0.0,0.0,0.0,0.0,0.0,0.0,0,0
0.0,0.0,0.0,0.0,0.0,0.0,0.0,0.0,0,0
0.0,0.0,0.0,0.0,0.0,0.0,0.0,0.0,0,0
0.0,0.0,0.0,0.0,0.0,0.0,0.0,0.0,0,0
0.0,0.0,0.0,0.0,0.0,0.0,0.0,0.0,0,0
0.0,0.0,0.0,0.0,0.0,0.0,0.0,0.0,0,0
0.0,0.0,0.0,0.0,0.0,0.0,0.0,0.0,0,0
0.0,0.0,0.0,0.0,0.0,0.0,0.0,0.0,0,0
0.0,0.0,0.0,0.0,0.0,0.0,0.0,0.0,0,0
0.0,0.0,0.0,0.0,0.0,0.0,0.0,0.0,0,0
0.0,0.0,0.0,0.0,0.0,0.0,0.0,0.0,0,0
0.0,0.0,0.0,0.0,0.0,0.0,0.0,0.0,0,0
0.0,0.0,0.0,0.0,0.0,0.0,0.0,0.0,0,0
0.0,0.0,0.0,0.0,0.0,0.0,0.0,0.0,0,0
0.0,0.0,0.0,0.0,0.0,0.0,0.0,0.0,0,0
0.0,0.0,0.0,0.0,0.0,0.0,0.0,0.0,0,0
0.0,0.0,0.0,0.0,0.0,0.0,0.0,0.0,0,0
0.0,0.0,0.0,0.0,0.0,0.0,0.0,0.0,0,0
0.0,0.0,0.0,0.0,0.0,0.0,0.0,0.0,0,0
0.0,0.0,0.0,0.0,0.0,0.0,0.0,0.0,0,0
0.0,0.0,0.0,0.0,0.0,0.0,0.0,0.0,0,0
0.0,0.0,0.0,0.0,0.0,0.0,0.0,0.0,0,0
0.0,0.0,0.0,0.0,0.0,0.0,0.0,0.0,0,0
0.0,0.0,0.0,0.0,0.0,0.0,0.0,0.0,0,0
0.0,0.0,0.0,0.0,0.0,0.0,0.0,0.0,0,0
0.0,0.0,0.0,0.0,0.0,0.0,0.0,0.0,0,0
0.0,0.0,0.0,0.0,0.0,0.0,0.0,0.0,0,0
0.0,0.0,0.0,0.0,0.0,0.0,0.0,0.0,0,0
0.0,0.0,0.0,0.0,0.0,0.0,0.0,0.0,0,0
0.0,0.0,0.0,0.0,0.0,0.0,0.0,0.0,0,0
0.0,0.0,0.0,0.0,0.0,0.0,0.0,0.0,0,0
0.0,0.0,0.0,0.0,0.0,0.0,0.0,0.0,0,0
0.0,0.0,0.0,0.0,0.0,0.0,0.0,0.0,0,0
0.0,0.0,0.0,0.0,0.0,0.0,0.0,0.0,0,0
0.0,0.0,0.0,0.0,0.0,0.0,0.0,0.0,0,0
0.0,0.0,0.0,0.0,0.0,0.0,0.0,0.0,0,0
0.0,0.0,0.0,0.0,0.0,0.0,0.0,0.0,0,0
0.0,0.0,0.0,0.0,0.0,0.0,0.0,0.0,0,0
0.0,0.0,0.0,0.0,0.0,0.0,0.0,0.0,0,0
0.0,0.0,0.0,0.0,0.0,0.0,0.0,0.0,0,0
0.0,0.0,0.0,0.0,0.0,0.0,0.0,0.0,0,0
0.0,0.0,0.0,0.0,0.0,0.0,0.0,0.0,0,0
0.0,0.0,0.0,0.0,0.0,0.0,0.0,0.0,0,0
0.0,0.0,0.0,0.0,0.0,0.0,0.0,0.0,0,0
0.0,0.0,0.0,0.0,0.0,0.0,0.0,0.0,0,0
0.0,0.0,0.0,0.0,0.0,0.0,0.0,0.0,0,0
0.0,0.0,0.0,0.0,0.0,0.0,0.0,0.0,0,0
0.0,0.0,0.0,0.0,0.0,0.0,0.0,0.0,0,0
0.0,0.0,0.0,0.0,0.0,0.0,0.0,0.0,0,0
0.0,0.0,0.0,0.0,0.0,0.0,0.0,0.0,0,0
0.0,0.0,0.0,0.0,0.0,0.0,0.0,0.0,0,0
0.0,0.0,0.0,0.0,0.0,0.0,0.0,0.0,0,0
0.0,0.0,0.0,0.0,0.0,0.0,0.0,0.0,0,0
0.0,0.0,0.0,0.0,0.0,0.0,0.0,0.0,0,0
0.0,0.0,0.0,0.0,0.0,0.0,0.0,0.0,0,0
0.0,0.0,0.0,0.0,0.0,0.0,0.0,0.0,0,0
0.0,0.0,0.0,0.0,0.0,0.0,0.0,0.0,0,0
0.0,0.0,0.0,0.0,0.0,0.0,0.0,0.0,0,0
0.0,0.0,0.0,0.0,0.0,0.0,0.0,0.0,0,0
0.0,0.0,0.0,0.0,0.0,0.0,0.0,0.0,0,0
0.0,0.0,0.0,0.0,0.0,0.0,0.0,0.0,0,0
0.0,0.0,0.0,0.0,0.0,0.0,0.0,0.0,0,0
0.0,0.0,0.0,0.0,0.0,0.0,0.0,0.0,0,0
0.0,0.0,0.0,0.0,0.0,0.0,0.0,0.0,0,0
0.0,0.0,0.0,0.0,0.0,0.0,0.0,0.0,0,0
0.0,0.0,0.0,0.0,0.0,0.0,0.0,0.0,0,0
0.0,0.0,0.0,0.0,0.0,0.0,0.0,0.0,0,0
0.0,0.0,0.0,0.0,0.0,0.0,0.0,0.0,0,0
0.0,0.0,0.0,0.0,0.0,0.0,0.0,0.0,0,0
0.0,0.0,0.0,0.0,0.0,0.0,0.0,0.0,0,0
0.0,0.0,0.0,0.0,0.0,0.0,0.0,0.0,0,0
0.0,0.0,0.0,0.0,0.0,0.0,0.0,0.0,0,0
0.0,0.0,0.0,0.0,0.0,0.0,0.0,0.0,0,0
0.0,0.0,0.0,0.0,0.0,0.0,0.0,0.0,0,0
0.0,0.0,0.0,0.0,0.0,0.0,0.0,0.0,0,0
0.0,0.0,0.0,0.0,0.0,0.0,0.0,0.0,0,0
0.0,0.0,0.0,0.0,0.0,0.0,0.0,0.0,0,0
0.0,0.0,0.0,0.0,0.0,0.0,0.0,0.0,0,0
0.0,0.0,0.0,0.0,0.0,0.0,0.0,0.0,0,0
0.0,0.0,0.0,0.0,0.0,0.0,0.0,0.0,0,0
0.0,0.0,0.0,0.0,0.0,0.0,0.0,0.0,0,0
0.0,0.0,0.0,0.0,0.0,0.0,0.0,0.0,0,0
0.0,0.0,0.0,0.0,0.0,0.0,0.0,0.0,0,0
0.0,0.0,0.0,0.0,0.0,0.0,0.0,0.0,0,0
0.0,0.0,0.0,0.0,0.0,0.0,0.0,0.0,0,0
0.0,0.0,0.0,0.0,0.0,0.0,0.0,0.0,0,0
0.0,0.0,0.0,0.0,0.0,0.0,0.0,0.0,0,0
0.0,0.0,0.0,0.0,0.0,0.0,0.0,0.0,0,0
0.0,0.0,0.0,0.0,0.0,0.0,0.0,0.0,0,0
0.0,0.0,0.0,0.0,0.0,0.0,0.0,0.0,0,0
0.0,0.0,0.0,0.0,0.0,0.0,0.0,0.0,0,0
0.0,0.0,0.0,0.0,0.0,0.0,0.0,0.0,0,0
0.0,0.0,0.0,0.0,0.0,0.0,0.0,0.0,0,0
0.0,0.0,0.0,0.0,0.0,0.0,0.0,0.0,0,0
0.0,0.0,0.0,0.0,0.0,0.0,0.0,0.0,0,0
0.0,0.0,0.0,0.0,0.0,0.0,0.0,0.0,0,0
0.0,0.0,0.0,0.0,0.0,0.0,0.0,0.0,0,0
0.0,0.0,0.0,0.0,0.0,0.0,0.0,0.0,0,0
0.0,0.0,0.0,0.0,0.0,0.0,0.0,0.0,0,0
0.0,0.0,0.0,0.0,0.0,0.0,0.0,0.0,0,0
0.0,0.0,0.0,0.0,0.0,0.0,0.0,0.0,0,0
0.0,0.0,0.0,0.0,0.0,0.0,0.0,0.0,0,0
0.0,0.0,0.0,0.0,0.0,0.0,0.0,0.0,0,0
0.0,0.0,0.0,0.0,0.0,0.0,0.0,0.0,0,0
0.0,0.0,0.0,0.0,0.0,0.0,0.0,0.0,0,0
0.0,0.0,0.0,0.0,0.0,0.0,0.0,0.0,0,0
0.0,0.0,0.0,0.0,0.0,0.0,0.0,0.0,0,0
0.0,0.0,0.0,0.0,0.0,0.0,0.0,0.0,0,0
0.0,0.0,0.0,0.0,0.0,0.0,0.0,0.0,0,0
0.0,0.0,0.0,0.0,0.0,0.0,0.0,0.0,0,0
0.0,0.0,0.0,0.0,0.0,0.0,0.0,0.0,0,0
0.0,0.0,0.0,0.0,0.0,0.0,0.0,0.0,0,0
0.0,0.0,0.0,0.0,0.0,0.0,0.0,0.0,0,0
0.0,0.0,0.0,0.0,0.0,0.0,0.0,0.0,0,0
0.0,0.0,0.0,0.0,0.0,0.0,0.0,0.0,0,0
0.0,0.0,0.0,0.0,0.0,0.0,0.0,0.0,0,0
0.0,0.0,0.0,0.0,0.0,0.0,0.0,0.0,0,0
0.0,0.0,0.0,0.0,0.0,0.0,0.0,0.0,0,0
0.0,0.0,0.0,0.0,0.0,0.0,0.0,0.0,0,0
0.0,0.0,0.0,0.0,0.0,0.0,0.0,0.0,0,0
0.0,0.0,0.0,0.0,0.0,0.0,0.0,0.0,0,0
0.0,0.0,0.0,0.0,0.0,0.0,0.0,0.0,0,0
0.0,0.0,0.0,0.0,0.0,0.0,0.0,0.0,0,0
0.0,0.0,0.0,0.0,0.0,0.0,0.0,0.0,0,0
0.0,0.0,0.0,0.0,0.0,0.0,0.0,0.0,0,0
0.0,0.0,0.0,0.0,0.0,0.0,0.0,0.0,0,0
0.0,0.0,0.0,0.0,0.0,0.0,0.0,0.0,0,0
0.0,0.0,0.0,0.0,0.0,0.0,0.0,0.0,0,0
0.0,0.0,0.0,0.0,0.0,0.0,0.0,0.0,0,0
0.0,0.0,0.0,0.0,0.0,0.0,0.0,0.0,0,0
0.0,0.0,0.0,0.0,0.0,0.0,0.0,0.0,0,0
0.0,0.0,0.0,0.0,0.0,0.0,0.0,0.0,0,0
0.0,0.0,0.0,0.0,0.0,0.0,0.0,0.0,0,0
0.0,0.0,0.0,0.0,0.0,0.0,0.0,0.0,0,0
0.0,0.0,0.0,0.0,0.0,0.0,0.0,0.0,0,0
0.0,0.0,0.0,0.0,0.0,0.0,0.0,0.0,0,0
0.0,0.0,0.0,0.0,0.0,0.0,0.0,0.0,0,0
0.0,0.0,0.0,0.0,0.0,0.0,0.0,0.0,0,0
0.0,0.0,0.0,0.0,0.0,0.0,0.0,0.0,0,0
0.0,0.0,0.0,0.0,0.0,0.0,0.0,0.0,0,0
0.0,0.0,0.0,0.0,0.0,0.0,0.0,0.0,0,0
0.0,0.0,0.0,0.0,0.0,0.0,0.0,0.0,0,0
0.0,0.0,0.0,0.0,0.0,0.0,0.0,0.0,0,0
0.0,0.0,0.0,0.0,0.0,0.0,0.0,0.0,0,0
0.0,0.0,0.0,0.0,0.0,0.0,0.0,0.0,0,0
0.0,0.0,0.0,0.0,0.0,0.0,0.0,0.0,0,0
0.0,0.0,0.0,0.0,0.0,0.0,0.0,0.0,0,0
0.0,0.0,0.0,0.0,0.0,0.0,0.0,0.0,0,0
0.0,0.0,0.0,0.0,0.0,0.0,0.0,0.0,0,0
0.0,0.0,0.0,0.0,0.0,0.0,0.0,0.0,0,0
0.0,0.0,0.0,0.0,0.0,0.0,0.0,0.0,0,0
0.0,0.0,0.0,0.0,0.0,0.0,0.0,0.0,0,0
0.0,0.0,0.0,0.0,0.0,0.0,0.0,0.0,0,0
0.0,0.0,0.0,0.0,0.0,0.0,0.0,0.0,0,0
0.0,0.0,0.0,0.0,0.0,0.0,0.0,0.0,0,0
0.0,0.0,0.0,0.0,0.0,0.0,0.0,0.0,0,0
0.0,0.0,0.0,0.0,0.0,0.0,0.0,0.0,0,0
0.0,0.0,0.0,0.0,0.0,0.0,0.0,0.0,0,0
0.0,0.0,0.0,0.0,0.0,0.0,0.0,0.0,0,0
0.0,0.0,0.0,0.0,0.0,0.0,0.0,0.0,0,0
0.0,0.0,0.0,0.0,0.0,0.0,0.0,0.0,0,0
0.0,0.0,0.0,0.0,0.0,0.0,0.0,0.0,0,0
0.0,0.0,0.0,0.0,0.0,0.0,0.0,0.0,0,0
0.0,0.0,0.0,0.0,0.0,0.0,0.0,0.0,0,0
0.0,0.0,0.0,0.0,0.0,0.0,0.0,0.0,0,0
0.0,0.0,0.0,0.0,0.0,0.0,0.0,0.0,0,0
0.0,0.0,0.0,0.0,0.0,0.0,0.0,0.0,0,0
0.0,0.0,0.0,0.0,0.0,0.0,0.0,0.0,0,0
0.0,0.0,0.0,0.0,0.0,0.0,0.0,0.0,0,0
0.0,0.0,0.0,0.0,0.0,0.0,0.0,0.0,0,0
0.0,0.0,0.0,0.0,0.0,0.0,0.0,0.0,0,0
0.0,0.0,0.0,0.0,0.0,0.0,0.0,0.0,0,0
0.0,0.0,0.0,0.0,0.0,0.0,0.0,0.0,0,0
0.0,0.0,0.0,0.0,0.0,0.0,0.0,0.0,0,0
0.0,0.0,0.0,0.0,0.0,0.0,0.0,0.0,0,0
0.0,0.0,0.0,0.0,0.0,0.0,0.0,0.0,0,0
0.0,0.0,0.0,0.0,0.0,0.0,0.0,0.0,0,0
0.0,0.0,0.0,0.0,0.0,0.0,0.0,0.0,0,0
0.0,0.0,0.0,0.0,0.0,0.0,0.0,0.0,0,0
0.0,0.0,0.0,0.0,0.0,0.0,0.0,0.0,0,0
0.0,0.0,0.0,0.0,0.0,0.0,0.0,0.0,0,0
0.0,0.0,0.0,0.0,0.0,0.0,0.0,0.0,0,0
0.0,0.0,0.0,0.0,0.0,0.0,0.0,0.0,0,0
0.0,0.0,0.0,0.0,0.0,0.0,0.0,0.0,0,0
0.0,0.0,0.0,0.0,0.0,0.0,0.0,0.0,0,0
0.0,0.0,0.0,0.0,0.0,0.0,0.0,0.0,0,0
0.0,0.0,0.0,0.0,0.0,0.0,0.0,0.0,0,0
0.0,0.0,0.0,0.0,0.0,0.0,0.0,0.0,0,0
0.0,0.0,0.0,0.0,0.0,0.0,0.0,0.0,0,0
0.0,0.0,0.0,0.0,0.0,0.0,0.0,0.0,0,0
0.0,0.0,0.0,0.0,0.0,0.0,0.0,0.0,0,0
0.0,0.0,0.0,0.0,0.0,0.0,0.0,0.0,0,0
0.0,0.0,0.0,0.0,0.0,0.0,0.0,0.0,0,0
0.0,0.0,0.0,0.0,0.0,0.0,0.0,0.0,0,0
0.0,0.0,0.0,0.0,0.0,0.0,0.0,0.0,0,0
0.0,0.0,0.0,0.0,0.0,0.0,0.0,0.0,0,0
0.0,0.0,0.0,0.0,0.0,0.0,0.0,0.0,0,0
