feature,mean_ic,n_days,decision,screen_year,fold_end
feature_r_overnight_t,0.01865,754,keep,2012,2012-12-31
feature_earnings_today,,0,keep (categorical),2012,2012-12-31
feature_r_overnight_t_norm,0.03807,754,keep,2012,2012-12-31
feature_r_overnight_t_rank,0.01865,754,keep,2012,2012-12-31
feature_r_overnight_t_norm_rank,0.03807,754,keep,2012,2012-12-31
feature_abs_r_overnight_t_norm,0.00477,754,drop,2012,2012-12-31
feature_r_intraday_lag1,-0.03065,754,flip,2012,2012-12-31
feature_r_close_to_close_lag1,-0.02065,754,flip,2012,2012-12-31
feature_r_overnight_lag1,0.02483,753,keep,2012,2012-12-31
feature_r_overnight_lag2,0.00742,752,drop,2012,2012-12-31
feature_r_overnight_lag3,0.02099,751,keep,2012,2012-12-31
feature_r_overnight_lag4,0.00714,750,drop,2012,2012-12-31
feature_r_overnight_lag5,0.01751,749,keep,2012,2012-12-31
feature_r_overnight_ma5,0.01915,751,keep,2012,2012-12-31
feature_r_overnight_ma10,0.02127,749,keep,2012,2012-12-31
feature_r_overnight_ma20,0.02353,744,keep,2012,2012-12-31
feature_r_overnight_std20,0.02709,744,keep,2012,2012-12-31
feature_r_overnight_cum5,0.01864,753,keep,2012,2012-12-31
feature_r_intraday_lag2,-0.01935,752,flip,2012,2012-12-31
feature_r_intraday_lag3,-0.01532,751,flip,2012,2012-12-31
feature_r_intraday_ma5,-0.03139,751,flip,2012,2012-12-31
feature_r_intraday_sum5_rank,-0.03139,751,flip,2012,2012-12-31
feature_r_intraday_sum10,-0.02407,749,flip,2012,2012-12-31
feature_r_intraday_sum10_rank,-0.02407,749,flip,2012,2012-12-31
feature_r_intraday_sum20_rank,-0.02187,744,flip,2012,2012-12-31
feature_adv20_lag1,0.00784,754,drop,2012,2012-12-31
feature_vol20_lag1,0.02782,754,keep,2012,2012-12-31
feature_vol5_lag1,0.02377,751,keep,2012,2012-12-31
feature_vol60_lag1,0.03113,724,keep,2012,2012-12-31
feature_parkinson_vol20_lag1,0.03006,744,keep,2012,2012-12-31
feature_gk_vol20_lag1,0.03007,744,keep,2012,2012-12-31
feature_short_dsi,0.01659,754,keep,2012,2012-12-31
feature_short_days_to_cover,-0.00722,754,drop,2012,2012-12-31
feature_short_days_to_cover_chg,-0.00451,754,drop,2012,2012-12-31
short_dsi_pct,0.01659,754,keep,2012,2012-12-31
short_dtc_pct,-0.00722,754,drop,2012,2012-12-31
feature_day_of_week,,0,keep (categorical),2012,2012-12-31
feature_month,,0,keep (categorical),2012,2012-12-31
feature_open_to_prev_high,-0.02188,753,flip,2012,2012-12-31
feature_open_to_prev_low,0.00115,753,drop,2012,2012-12-31
feature_open_in_prev_range,-0.00048,753,drop,2012,2012-12-31
feature_close_position_lag1,-0.02675,753,flip,2012,2012-12-31
feature_range_ratio_lag1,0.02799,753,keep,2012,2012-12-31
feature_rel_volume_lag1,0.00298,754,drop,2012,2012-12-31
feature_vol_sign_x_id_lag1,-0.00647,751,drop,2012,2012-12-31
feature_ds_lag1,0.03451,753,keep,2012,2012-12-31
feature_ds_ma5,0.03316,751,keep,2012,2012-12-31
feature_ds_ma10,0.02687,749,keep,2012,2012-12-31
feature_ds_ma10_rank,0.02687,749,keep,2012,2012-12-31
feature_ds_ma20,0.02685,744,keep,2012,2012-12-31
feature_ds_ma20_rank,0.02685,744,keep,2012,2012-12-31
feature_seor_lag1,0.02883,724,keep,2012,2012-12-31
feature_beta_on,0.03302,724,keep,2012,2012-12-31
feature_beta_id,0.0307,724,keep,2012,2012-12-31
feature_orj_lag1,-0.00367,607,drop,2012,2012-12-31
feature_pead_lag1,,0,keep (few days),2012,2012-12-31
feature_pre,-0.01521,753,flip,2012,2012-12-31
feature_mom,-0.03067,753,flip,2012,2012-12-31
feature_hlv,0.03027,744,keep,2012,2012-12-31
feature_vol,0.00778,744,drop,2012,2012-12-31
feature_mom5d_lag1,-0.02301,751,flip,2012,2012-12-31
feature_mom5d_rank,-0.02301,751,flip,2012,2012-12-31
feature_r_overnight_sum20_rank,0.02353,744,keep,2012,2012-12-31
feature_on_pos_frac20,0.04004,745,keep,2012,2012-12-31
feature_r_overnight_lag10,0.02378,744,keep,2012,2012-12-31
feature_r_overnight_lag20,0.00598,734,drop,2012,2012-12-31
feature_r_overnight_t,0.01865,754,keep,2012,2013-03-31
feature_earnings_today,,0,keep (categorical),2012,2013-03-31
feature_r_overnight_t_norm,0.03807,754,keep,2012,2013-03-31
feature_r_overnight_t_rank,0.01865,754,keep,2012,2013-03-31
feature_r_overnight_t_norm_rank,0.03807,754,keep,2012,2013-03-31
feature_abs_r_overnight_t_norm,0.00477,754,drop,2012,2013-03-31
feature_r_intraday_lag1,-0.03065,754,flip,2012,2013-03-31
feature_r_close_to_close_lag1,-0.02065,754,flip,2012,2013-03-31
feature_r_overnight_lag1,0.02483,753,keep,2012,2013-03-31
feature_r_overnight_lag2,0.00742,752,drop,2012,2013-03-31
feature_r_overnight_lag3,0.02099,751,keep,2012,2013-03-31
feature_r_overnight_lag4,0.00714,750,drop,2012,2013-03-31
feature_r_overnight_lag5,0.01751,749,keep,2012,2013-03-31
feature_r_overnight_ma5,0.01915,751,keep,2012,2013-03-31
feature_r_overnight_ma10,0.02127,749,keep,2012,2013-03-31
feature_r_overnight_ma20,0.02353,744,keep,2012,2013-03-31
feature_r_overnight_std20,0.02709,744,keep,2012,2013-03-31
feature_r_overnight_cum5,0.01864,753,keep,2012,2013-03-31
feature_r_intraday_lag2,-0.01935,752,flip,2012,2013-03-31
feature_r_intraday_lag3,-0.01532,751,flip,2012,2013-03-31
feature_r_intraday_ma5,-0.03139,751,flip,2012,2013-03-31
feature_r_intraday_sum5_rank,-0.03139,751,flip,2012,2013-03-31
feature_r_intraday_sum10,-0.02407,749,flip,2012,2013-03-31
feature_r_intraday_sum10_rank,-0.02407,749,flip,2012,2013-03-31
feature_r_intraday_sum20_rank,-0.02187,744,flip,2012,2013-03-31
feature_adv20_lag1,0.00784,754,drop,2012,2013-03-31
feature_vol20_lag1,0.02782,754,keep,2012,2013-03-31
feature_vol5_lag1,0.02377,751,keep,2012,2013-03-31
feature_vol60_lag1,0.03113,724,keep,2012,2013-03-31
feature_parkinson_vol20_lag1,0.03006,744,keep,2012,2013-03-31
feature_gk_vol20_lag1,0.03007,744,keep,2012,2013-03-31
feature_short_dsi,0.01659,754,keep,2012,2013-03-31
feature_short_days_to_cover,-0.00722,754,drop,2012,2013-03-31
feature_short_days_to_cover_chg,-0.00451,754,drop,2012,2013-03-31
short_dsi_pct,0.01659,754,keep,2012,2013-03-31
short_dtc_pct,-0.00722,754,drop,2012,2013-03-31
feature_day_of_week,,0,keep (categorical),2012,2013-03-31
feature_month,,0,keep (categorical),2012,2013-03-31
feature_open_to_prev_high,-0.02188,753,flip,2012,2013-03-31
feature_open_to_prev_low,0.00115,753,drop,2012,2013-03-31
feature_open_in_prev_range,-0.00048,753,drop,2012,2013-03-31
feature_close_position_lag1,-0.02675,753,flip,2012,2013-03-31
feature_range_ratio_lag1,0.02799,753,keep,2012,2013-03-31
feature_rel_volume_lag1,0.00298,754,drop,2012,2013-03-31
feature_vol_sign_x_id_lag1,-0.00647,751,drop,2012,2013-03-31
feature_ds_lag1,0.03451,753,keep,2012,2013-03-31
feature_ds_ma5,0.03316,751,keep,2012,2013-03-31
feature_ds_ma10,0.02687,749,keep,2012,2013-03-31
feature_ds_ma10_rank,0.02687,749,keep,2012,2013-03-31
feature_ds_ma20,0.02685,744,keep,2012,2013-03-31
feature_ds_ma20_rank,0.02685,744,keep,2012,2013-03-31
feature_seor_lag1,0.02883,724,keep,2012,2013-03-31
feature_beta_on,0.03302,724,keep,2012,2013-03-31
feature_beta_id,0.0307,724,keep,2012,2013-03-31
feature_orj_lag1,-0.00367,607,drop,2012,2013-03-31
feature_pead_lag1,,0,keep (few days),2012,2013-03-31
feature_pre,-0.01521,753,flip,2012,2013-03-31
feature_mom,-0.03067,753,flip,2012,2013-03-31
feature_hlv,0.03027,744,keep,2012,2013-03-31
feature_vol,0.00778,744,drop,2012,2013-03-31
feature_mom5d_lag1,-0.02301,751,flip,2012,2013-03-31
feature_mom5d_rank,-0.02301,751,flip,2012,2013-03-31
feature_r_overnight_sum20_rank,0.02353,744,keep,2012,2013-03-31
feature_on_pos_frac20,0.04004,745,keep,2012,2013-03-31
feature_r_overnight_lag10,0.02378,744,keep,2012,2013-03-31
feature_r_overnight_lag20,0.00598,734,drop,2012,2013-03-31
feature_r_overnight_t,0.01865,754,keep,2012,2013-06-30
feature_earnings_today,,0,keep (categorical),2012,2013-06-30
feature_r_overnight_t_norm,0.03807,754,keep,2012,2013-06-30
feature_r_overnight_t_rank,0.01865,754,keep,2012,2013-06-30
feature_r_overnight_t_norm_rank,0.03807,754,keep,2012,2013-06-30
feature_abs_r_overnight_t_norm,0.00477,754,drop,2012,2013-06-30
feature_r_intraday_lag1,-0.03065,754,flip,2012,2013-06-30
feature_r_close_to_close_lag1,-0.02065,754,flip,2012,2013-06-30
feature_r_overnight_lag1,0.02483,753,keep,2012,2013-06-30
feature_r_overnight_lag2,0.00742,752,drop,2012,2013-06-30
feature_r_overnight_lag3,0.02099,751,keep,2012,2013-06-30
feature_r_overnight_lag4,0.00714,750,drop,2012,2013-06-30
feature_r_overnight_lag5,0.01751,749,keep,2012,2013-06-30
feature_r_overnight_ma5,0.01915,751,keep,2012,2013-06-30
feature_r_overnight_ma10,0.02127,749,keep,2012,2013-06-30
feature_r_overnight_ma20,0.02353,744,keep,2012,2013-06-30
feature_r_overnight_std20,0.02709,744,keep,2012,2013-06-30
feature_r_overnight_cum5,0.01864,753,keep,2012,2013-06-30
feature_r_intraday_lag2,-0.01935,752,flip,2012,2013-06-30
feature_r_intraday_lag3,-0.01532,751,flip,2012,2013-06-30
feature_r_intraday_ma5,-0.03139,751,flip,2012,2013-06-30
feature_r_intraday_sum5_rank,-0.03139,751,flip,2012,2013-06-30
feature_r_intraday_sum10,-0.02407,749,flip,2012,2013-06-30
feature_r_intraday_sum10_rank,-0.02407,749,flip,2012,2013-06-30
feature_r_intraday_sum20_rank,-0.02187,744,flip,2012,2013-06-30
feature_adv20_lag1,0.00784,754,drop,2012,2013-06-30
feature_vol20_lag1,0.02782,754,keep,2012,2013-06-30
feature_vol5_lag1,0.02377,751,keep,2012,2013-06-30
feature_vol60_lag1,0.03113,724,keep,2012,2013-06-30
feature_parkinson_vol20_lag1,0.03006,744,keep,2012,2013-06-30
feature_gk_vol20_lag1,0.03007,744,keep,2012,2013-06-30
feature_short_dsi,0.01659,754,keep,2012,2013-06-30
feature_short_days_to_cover,-0.00722,754,drop,2012,2013-06-30
feature_short_days_to_cover_chg,-0.00451,754,drop,2012,2013-06-30
short_dsi_pct,0.01659,754,keep,2012,2013-06-30
short_dtc_pct,-0.00722,754,drop,2012,2013-06-30
feature_day_of_week,,0,keep (categorical),2012,2013-06-30
feature_month,,0,keep (categorical),2012,2013-06-30
feature_open_to_prev_high,-0.02188,753,flip,2012,2013-06-30
feature_open_to_prev_low,0.00115,753,drop,2012,2013-06-30
feature_open_in_prev_range,-0.00048,753,drop,2012,2013-06-30
feature_close_position_lag1,-0.02675,753,flip,2012,2013-06-30
feature_range_ratio_lag1,0.02799,753,keep,2012,2013-06-30
feature_rel_volume_lag1,0.00298,754,drop,2012,2013-06-30
feature_vol_sign_x_id_lag1,-0.00647,751,drop,2012,2013-06-30
feature_ds_lag1,0.03451,753,keep,2012,2013-06-30
feature_ds_ma5,0.03316,751,keep,2012,2013-06-30
feature_ds_ma10,0.02687,749,keep,2012,2013-06-30
feature_ds_ma10_rank,0.02687,749,keep,2012,2013-06-30
feature_ds_ma20,0.02685,744,keep,2012,2013-06-30
feature_ds_ma20_rank,0.02685,744,keep,2012,2013-06-30
feature_seor_lag1,0.02883,724,keep,2012,2013-06-30
feature_beta_on,0.03302,724,keep,2012,2013-06-30
feature_beta_id,0.0307,724,keep,2012,2013-06-30
feature_orj_lag1,-0.00367,607,drop,2012,2013-06-30
feature_pead_lag1,,0,keep (few days),2012,2013-06-30
feature_pre,-0.01521,753,flip,2012,2013-06-30
feature_mom,-0.03067,753,flip,2012,2013-06-30
feature_hlv,0.03027,744,keep,2012,2013-06-30
feature_vol,0.00778,744,drop,2012,2013-06-30
feature_mom5d_lag1,-0.02301,751,flip,2012,2013-06-30
feature_mom5d_rank,-0.02301,751,flip,2012,2013-06-30
feature_r_overnight_sum20_rank,0.02353,744,keep,2012,2013-06-30
feature_on_pos_frac20,0.04004,745,keep,2012,2013-06-30
feature_r_overnight_lag10,0.02378,744,keep,2012,2013-06-30
feature_r_overnight_lag20,0.00598,734,drop,2012,2013-06-30
feature_r_overnight_t,0.01865,754,keep,2012,2013-09-30
feature_earnings_today,,0,keep (categorical),2012,2013-09-30
feature_r_overnight_t_norm,0.03807,754,keep,2012,2013-09-30
feature_r_overnight_t_rank,0.01865,754,keep,2012,2013-09-30
feature_r_overnight_t_norm_rank,0.03807,754,keep,2012,2013-09-30
feature_abs_r_overnight_t_norm,0.00477,754,drop,2012,2013-09-30
feature_r_intraday_lag1,-0.03065,754,flip,2012,2013-09-30
feature_r_close_to_close_lag1,-0.02065,754,flip,2012,2013-09-30
feature_r_overnight_lag1,0.02483,753,keep,2012,2013-09-30
feature_r_overnight_lag2,0.00742,752,drop,2012,2013-09-30
feature_r_overnight_lag3,0.02099,751,keep,2012,2013-09-30
feature_r_overnight_lag4,0.00714,750,drop,2012,2013-09-30
feature_r_overnight_lag5,0.01751,749,keep,2012,2013-09-30
feature_r_overnight_ma5,0.01915,751,keep,2012,2013-09-30
feature_r_overnight_ma10,0.02127,749,keep,2012,2013-09-30
feature_r_overnight_ma20,0.02353,744,keep,2012,2013-09-30
feature_r_overnight_std20,0.02709,744,keep,2012,2013-09-30
feature_r_overnight_cum5,0.01864,753,keep,2012,2013-09-30
feature_r_intraday_lag2,-0.01935,752,flip,2012,2013-09-30
feature_r_intraday_lag3,-0.01532,751,flip,2012,2013-09-30
feature_r_intraday_ma5,-0.03139,751,flip,2012,2013-09-30
feature_r_intraday_sum5_rank,-0.03139,751,flip,2012,2013-09-30
feature_r_intraday_sum10,-0.02407,749,flip,2012,2013-09-30
feature_r_intraday_sum10_rank,-0.02407,749,flip,2012,2013-09-30
feature_r_intraday_sum20_rank,-0.02187,744,flip,2012,2013-09-30
feature_adv20_lag1,0.00784,754,drop,2012,2013-09-30
feature_vol20_lag1,0.02782,754,keep,2012,2013-09-30
feature_vol5_lag1,0.02377,751,keep,2012,2013-09-30
feature_vol60_lag1,0.03113,724,keep,2012,2013-09-30
feature_parkinson_vol20_lag1,0.03006,744,keep,2012,2013-09-30
feature_gk_vol20_lag1,0.03007,744,keep,2012,2013-09-30
feature_short_dsi,0.01659,754,keep,2012,2013-09-30
feature_short_days_to_cover,-0.00722,754,drop,2012,2013-09-30
feature_short_days_to_cover_chg,-0.00451,754,drop,2012,2013-09-30
short_dsi_pct,0.01659,754,keep,2012,2013-09-30
short_dtc_pct,-0.00722,754,drop,2012,2013-09-30
feature_day_of_week,,0,keep (categorical),2012,2013-09-30
feature_month,,0,keep (categorical),2012,2013-09-30
feature_open_to_prev_high,-0.02188,753,flip,2012,2013-09-30
feature_open_to_prev_low,0.00115,753,drop,2012,2013-09-30
feature_open_in_prev_range,-0.00048,753,drop,2012,2013-09-30
feature_close_position_lag1,-0.02675,753,flip,2012,2013-09-30
feature_range_ratio_lag1,0.02799,753,keep,2012,2013-09-30
feature_rel_volume_lag1,0.00298,754,drop,2012,2013-09-30
feature_vol_sign_x_id_lag1,-0.00647,751,drop,2012,2013-09-30
feature_ds_lag1,0.03451,753,keep,2012,2013-09-30
feature_ds_ma5,0.03316,751,keep,2012,2013-09-30
feature_ds_ma10,0.02687,749,keep,2012,2013-09-30
feature_ds_ma10_rank,0.02687,749,keep,2012,2013-09-30
feature_ds_ma20,0.02685,744,keep,2012,2013-09-30
feature_ds_ma20_rank,0.02685,744,keep,2012,2013-09-30
feature_seor_lag1,0.02883,724,keep,2012,2013-09-30
feature_beta_on,0.03302,724,keep,2012,2013-09-30
feature_beta_id,0.0307,724,keep,2012,2013-09-30
feature_orj_lag1,-0.00367,607,drop,2012,2013-09-30
feature_pead_lag1,,0,keep (few days),2012,2013-09-30
feature_pre,-0.01521,753,flip,2012,2013-09-30
feature_mom,-0.03067,753,flip,2012,2013-09-30
feature_hlv,0.03027,744,keep,2012,2013-09-30
feature_vol,0.00778,744,drop,2012,2013-09-30
feature_mom5d_lag1,-0.02301,751,flip,2012,2013-09-30
feature_mom5d_rank,-0.02301,751,flip,2012,2013-09-30
feature_r_overnight_sum20_rank,0.02353,744,keep,2012,2013-09-30
feature_on_pos_frac20,0.04004,745,keep,2012,2013-09-30
feature_r_overnight_lag10,0.02378,744,keep,2012,2013-09-30
feature_r_overnight_lag20,0.00598,734,drop,2012,2013-09-30
feature_r_overnight_t,0.02063,1006,keep,2013,2013-12-31
feature_earnings_today,,0,keep (categorical),2013,2013-12-31
feature_r_overnight_t_norm,0.03627,1006,keep,2013,2013-12-31
feature_r_overnight_t_rank,0.02064,1006,keep,2013,2013-12-31
feature_r_overnight_t_norm_rank,0.03627,1006,keep,2013,2013-12-31
feature_abs_r_overnight_t_norm,0.00507,1006,drop,2013,2013-12-31
feature_r_intraday_lag1,-0.03247,1006,flip,2013,2013-12-31
feature_r_close_to_close_lag1,-0.02393,1006,flip,2013,2013-12-31
feature_r_overnight_lag1,0.02263,1005,keep,2013,2013-12-31
feature_r_overnight_lag2,0.00746,1004,drop,2013,2013-12-31
feature_r_overnight_lag3,0.01946,1003,keep,2013,2013-12-31
feature_r_overnight_lag4,0.00929,1002,drop,2013,2013-12-31
feature_r_overnight_lag5,0.01988,1001,keep,2013,2013-12-31
feature_r_overnight_ma5,0.01841,1003,keep,2013,2013-12-31
feature_r_overnight_ma10,0.02235,1001,keep,2013,2013-12-31
feature_r_overnight_ma20,0.02436,996,keep,2013,2013-12-31
feature_r_overnight_std20,0.02705,996,keep,2013,2013-12-31
feature_r_overnight_cum5,0.01798,1005,keep,2013,2013-12-31
feature_r_intraday_lag2,-0.02387,1004,flip,2013,2013-12-31
feature_r_intraday_lag3,-0.018,1003,flip,2013,2013-12-31
feature_r_intraday_ma5,-0.0368,1003,flip,2013,2013-12-31
feature_r_intraday_sum5_rank,-0.0368,1003,flip,2013,2013-12-31
feature_r_intraday_sum10,-0.02656,1001,flip,2013,2013-12-31
feature_r_intraday_sum10_rank,-0.02656,1001,flip,2013,2013-12-31
feature_r_intraday_sum20_rank,-0.02303,996,flip,2013,2013-12-31
feature_adv20_lag1,0.00704,1006,drop,2013,2013-12-31
feature_vol20_lag1,0.0285,1006,keep,2013,2013-12-31
feature_vol5_lag1,0.02363,1003,keep,2013,2013-12-31
feature_vol60_lag1,0.03187,976,keep,2013,2013-12-31
feature_parkinson_vol20_lag1,0.03091,996,keep,2013,2013-12-31
feature_gk_vol20_lag1,0.03084,996,keep,2013,2013-12-31
feature_short_dsi,0.01464,1006,keep,2013,2013-12-31
feature_short_days_to_cover,-0.00671,1006,drop,2013,2013-12-31
feature_short_days_to_cover_chg,-0.0039,1006,drop,2013,2013-12-31
short_dsi_pct,0.01464,1006,keep,2013,2013-12-31
short_dtc_pct,-0.00671,1006,drop,2013,2013-12-31
feature_day_of_week,,0,keep (categorical),2013,2013-12-31
feature_month,,0,keep (categorical),2013,2013-12-31
feature_open_to_prev_high,-0.02253,1005,flip,2013,2013-12-31
feature_open_to_prev_low,-0.00136,1005,drop,2013,2013-12-31
feature_open_in_prev_range,-0.00351,1005,drop,2013,2013-12-31
feature_close_position_lag1,-0.02975,1005,flip,2013,2013-12-31
feature_range_ratio_lag1,0.02617,1005,keep,2013,2013-12-31
feature_rel_volume_lag1,0.00497,1006,drop,2013,2013-12-31
feature_vol_sign_x_id_lag1,-0.00912,1003,drop,2013,2013-12-31
feature_ds_lag1,0.03531,1005,keep,2013,2013-12-31
feature_ds_ma5,0.03718,1003,keep,2013,2013-12-31
feature_ds_ma10,0.02941,1001,keep,2013,2013-12-31
feature_ds_ma10_rank,0.02941,1001,keep,2013,2013-12-31
feature_ds_ma20,0.02847,996,keep,2013,2013-12-31
feature_ds_ma20_rank,0.02847,996,keep,2013,2013-12-31
feature_seor_lag1,0.02611,976,keep,2013,2013-12-31
feature_beta_on,0.03594,976,keep,2013,2013-12-31
feature_beta_id,0.03322,976,keep,2013,2013-12-31
feature_orj_lag1,-0.00502,844,drop,2013,2013-12-31
feature_pead_lag1,,0,keep (few days),2013,2013-12-31
feature_pre,-0.01374,1005,flip,2013,2013-12-31
feature_mom,-0.0325,1005,flip,2013,2013-12-31
feature_hlv,0.03109,996,keep,2013,2013-12-31
feature_vol,0.00699,996,drop,2013,2013-12-31
feature_mom5d_lag1,-0.02857,1003,flip,2013,2013-12-31
feature_mom5d_rank,-0.02857,1003,flip,2013,2013-12-31
feature_r_overnight_sum20_rank,0.02436,996,keep,2013,2013-12-31
feature_on_pos_frac20,0.04026,997,keep,2013,2013-12-31
feature_r_overnight_lag10,0.02363,996,keep,2013,2013-12-31
feature_r_overnight_lag20,0.00711,986,drop,2013,2013-12-31
feature_r_overnight_t,0.02063,1006,keep,2013,2014-03-31
feature_earnings_today,,0,keep (categorical),2013,2014-03-31
feature_r_overnight_t_norm,0.03627,1006,keep,2013,2014-03-31
feature_r_overnight_t_rank,0.02064,1006,keep,2013,2014-03-31
feature_r_overnight_t_norm_rank,0.03627,1006,keep,2013,2014-03-31
feature_abs_r_overnight_t_norm,0.00507,1006,drop,2013,2014-03-31
feature_r_intraday_lag1,-0.03247,1006,flip,2013,2014-03-31
feature_r_close_to_close_lag1,-0.02393,1006,flip,2013,2014-03-31
feature_r_overnight_lag1,0.02263,1005,keep,2013,2014-03-31
feature_r_overnight_lag2,0.00746,1004,drop,2013,2014-03-31
feature_r_overnight_lag3,0.01946,1003,keep,2013,2014-03-31
feature_r_overnight_lag4,0.00929,1002,drop,2013,2014-03-31
feature_r_overnight_lag5,0.01988,1001,keep,2013,2014-03-31
feature_r_overnight_ma5,0.01841,1003,keep,2013,2014-03-31
feature_r_overnight_ma10,0.02235,1001,keep,2013,2014-03-31
feature_r_overnight_ma20,0.02436,996,keep,2013,2014-03-31
feature_r_overnight_std20,0.02705,996,keep,2013,2014-03-31
feature_r_overnight_cum5,0.01798,1005,keep,2013,2014-03-31
feature_r_intraday_lag2,-0.02387,1004,flip,2013,2014-03-31
feature_r_intraday_lag3,-0.018,1003,flip,2013,2014-03-31
feature_r_intraday_ma5,-0.0368,1003,flip,2013,2014-03-31
feature_r_intraday_sum5_rank,-0.0368,1003,flip,2013,2014-03-31
feature_r_intraday_sum10,-0.02656,1001,flip,2013,2014-03-31
feature_r_intraday_sum10_rank,-0.02656,1001,flip,2013,2014-03-31
feature_r_intraday_sum20_rank,-0.02303,996,flip,2013,2014-03-31
feature_adv20_lag1,0.00704,1006,drop,2013,2014-03-31
feature_vol20_lag1,0.0285,1006,keep,2013,2014-03-31
feature_vol5_lag1,0.02363,1003,keep,2013,2014-03-31
feature_vol60_lag1,0.03187,976,keep,2013,2014-03-31
feature_parkinson_vol20_lag1,0.03091,996,keep,2013,2014-03-31
feature_gk_vol20_lag1,0.03084,996,keep,2013,2014-03-31
feature_short_dsi,0.01464,1006,keep,2013,2014-03-31
feature_short_days_to_cover,-0.00671,1006,drop,2013,2014-03-31
feature_short_days_to_cover_chg,-0.0039,1006,drop,2013,2014-03-31
short_dsi_pct,0.01464,1006,keep,2013,2014-03-31
short_dtc_pct,-0.00671,1006,drop,2013,2014-03-31
feature_day_of_week,,0,keep (categorical),2013,2014-03-31
feature_month,,0,keep (categorical),2013,2014-03-31
feature_open_to_prev_high,-0.02253,1005,flip,2013,2014-03-31
feature_open_to_prev_low,-0.00136,1005,drop,2013,2014-03-31
feature_open_in_prev_range,-0.00351,1005,drop,2013,2014-03-31
feature_close_position_lag1,-0.02975,1005,flip,2013,2014-03-31
feature_range_ratio_lag1,0.02617,1005,keep,2013,2014-03-31
feature_rel_volume_lag1,0.00497,1006,drop,2013,2014-03-31
feature_vol_sign_x_id_lag1,-0.00912,1003,drop,2013,2014-03-31
feature_ds_lag1,0.03531,1005,keep,2013,2014-03-31
feature_ds_ma5,0.03718,1003,keep,2013,2014-03-31
feature_ds_ma10,0.02941,1001,keep,2013,2014-03-31
feature_ds_ma10_rank,0.02941,1001,keep,2013,2014-03-31
feature_ds_ma20,0.02847,996,keep,2013,2014-03-31
feature_ds_ma20_rank,0.02847,996,keep,2013,2014-03-31
feature_seor_lag1,0.02611,976,keep,2013,2014-03-31
feature_beta_on,0.03594,976,keep,2013,2014-03-31
feature_beta_id,0.03322,976,keep,2013,2014-03-31
feature_orj_lag1,-0.00502,844,drop,2013,2014-03-31
feature_pead_lag1,,0,keep (few days),2013,2014-03-31
feature_pre,-0.01374,1005,flip,2013,2014-03-31
feature_mom,-0.0325,1005,flip,2013,2014-03-31
feature_hlv,0.03109,996,keep,2013,2014-03-31
feature_vol,0.00699,996,drop,2013,2014-03-31
feature_mom5d_lag1,-0.02857,1003,flip,2013,2014-03-31
feature_mom5d_rank,-0.02857,1003,flip,2013,2014-03-31
feature_r_overnight_sum20_rank,0.02436,996,keep,2013,2014-03-31
feature_on_pos_frac20,0.04026,997,keep,2013,2014-03-31
feature_r_overnight_lag10,0.02363,996,keep,2013,2014-03-31
feature_r_overnight_lag20,0.00711,986,drop,2013,2014-03-31
feature_r_overnight_t,0.02063,1006,keep,2013,2014-06-30
feature_earnings_today,,0,keep (categorical),2013,2014-06-30
feature_r_overnight_t_norm,0.03627,1006,keep,2013,2014-06-30
feature_r_overnight_t_rank,0.02064,1006,keep,2013,2014-06-30
feature_r_overnight_t_norm_rank,0.03627,1006,keep,2013,2014-06-30
feature_abs_r_overnight_t_norm,0.00507,1006,drop,2013,2014-06-30
feature_r_intraday_lag1,-0.03247,1006,flip,2013,2014-06-30
feature_r_close_to_close_lag1,-0.02393,1006,flip,2013,2014-06-30
feature_r_overnight_lag1,0.02263,1005,keep,2013,2014-06-30
feature_r_overnight_lag2,0.00746,1004,drop,2013,2014-06-30
feature_r_overnight_lag3,0.01946,1003,keep,2013,2014-06-30
feature_r_overnight_lag4,0.00929,1002,drop,2013,2014-06-30
feature_r_overnight_lag5,0.01988,1001,keep,2013,2014-06-30
feature_r_overnight_ma5,0.01841,1003,keep,2013,2014-06-30
feature_r_overnight_ma10,0.02235,1001,keep,2013,2014-06-30
feature_r_overnight_ma20,0.02436,996,keep,2013,2014-06-30
feature_r_overnight_std20,0.02705,996,keep,2013,2014-06-30
feature_r_overnight_cum5,0.01798,1005,keep,2013,2014-06-30
feature_r_intraday_lag2,-0.02387,1004,flip,2013,2014-06-30
feature_r_intraday_lag3,-0.018,1003,flip,2013,2014-06-30
feature_r_intraday_ma5,-0.0368,1003,flip,2013,2014-06-30
feature_r_intraday_sum5_rank,-0.0368,1003,flip,2013,2014-06-30
feature_r_intraday_sum10,-0.02656,1001,flip,2013,2014-06-30
feature_r_intraday_sum10_rank,-0.02656,1001,flip,2013,2014-06-30
feature_r_intraday_sum20_rank,-0.02303,996,flip,2013,2014-06-30
feature_adv20_lag1,0.00704,1006,drop,2013,2014-06-30
feature_vol20_lag1,0.0285,1006,keep,2013,2014-06-30
feature_vol5_lag1,0.02363,1003,keep,2013,2014-06-30
feature_vol60_lag1,0.03187,976,keep,2013,2014-06-30
feature_parkinson_vol20_lag1,0.03091,996,keep,2013,2014-06-30
feature_gk_vol20_lag1,0.03084,996,keep,2013,2014-06-30
feature_short_dsi,0.01464,1006,keep,2013,2014-06-30
feature_short_days_to_cover,-0.00671,1006,drop,2013,2014-06-30
feature_short_days_to_cover_chg,-0.0039,1006,drop,2013,2014-06-30
short_dsi_pct,0.01464,1006,keep,2013,2014-06-30
short_dtc_pct,-0.00671,1006,drop,2013,2014-06-30
feature_day_of_week,,0,keep (categorical),2013,2014-06-30
feature_month,,0,keep (categorical),2013,2014-06-30
feature_open_to_prev_high,-0.02253,1005,flip,2013,2014-06-30
feature_open_to_prev_low,-0.00136,1005,drop,2013,2014-06-30
feature_open_in_prev_range,-0.00351,1005,drop,2013,2014-06-30
feature_close_position_lag1,-0.02975,1005,flip,2013,2014-06-30
feature_range_ratio_lag1,0.02617,1005,keep,2013,2014-06-30
feature_rel_volume_lag1,0.00497,1006,drop,2013,2014-06-30
feature_vol_sign_x_id_lag1,-0.00912,1003,drop,2013,2014-06-30
feature_ds_lag1,0.03531,1005,keep,2013,2014-06-30
feature_ds_ma5,0.03718,1003,keep,2013,2014-06-30
feature_ds_ma10,0.02941,1001,keep,2013,2014-06-30
feature_ds_ma10_rank,0.02941,1001,keep,2013,2014-06-30
feature_ds_ma20,0.02847,996,keep,2013,2014-06-30
feature_ds_ma20_rank,0.02847,996,keep,2013,2014-06-30
feature_seor_lag1,0.02611,976,keep,2013,2014-06-30
feature_beta_on,0.03594,976,keep,2013,2014-06-30
feature_beta_id,0.03322,976,keep,2013,2014-06-30
feature_orj_lag1,-0.00502,844,drop,2013,2014-06-30
feature_pead_lag1,,0,keep (few days),2013,2014-06-30
feature_pre,-0.01374,1005,flip,2013,2014-06-30
feature_mom,-0.0325,1005,flip,2013,2014-06-30
feature_hlv,0.03109,996,keep,2013,2014-06-30
feature_vol,0.00699,996,drop,2013,2014-06-30
feature_mom5d_lag1,-0.02857,1003,flip,2013,2014-06-30
feature_mom5d_rank,-0.02857,1003,flip,2013,2014-06-30
feature_r_overnight_sum20_rank,0.02436,996,keep,2013,2014-06-30
feature_on_pos_frac20,0.04026,997,keep,2013,2014-06-30
feature_r_overnight_lag10,0.02363,996,keep,2013,2014-06-30
feature_r_overnight_lag20,0.00711,986,drop,2013,2014-06-30
feature_r_overnight_t,0.02063,1006,keep,2013,2014-09-30
feature_earnings_today,,0,keep (categorical),2013,2014-09-30
feature_r_overnight_t_norm,0.03627,1006,keep,2013,2014-09-30
feature_r_overnight_t_rank,0.02064,1006,keep,2013,2014-09-30
feature_r_overnight_t_norm_rank,0.03627,1006,keep,2013,2014-09-30
feature_abs_r_overnight_t_norm,0.00507,1006,drop,2013,2014-09-30
feature_r_intraday_lag1,-0.03247,1006,flip,2013,2014-09-30
feature_r_close_to_close_lag1,-0.02393,1006,flip,2013,2014-09-30
feature_r_overnight_lag1,0.02263,1005,keep,2013,2014-09-30
feature_r_overnight_lag2,0.00746,1004,drop,2013,2014-09-30
feature_r_overnight_lag3,0.01946,1003,keep,2013,2014-09-30
feature_r_overnight_lag4,0.00929,1002,drop,2013,2014-09-30
feature_r_overnight_lag5,0.01988,1001,keep,2013,2014-09-30
feature_r_overnight_ma5,0.01841,1003,keep,2013,2014-09-30
feature_r_overnight_ma10,0.02235,1001,keep,2013,2014-09-30
feature_r_overnight_ma20,0.02436,996,keep,2013,2014-09-30
feature_r_overnight_std20,0.02705,996,keep,2013,2014-09-30
feature_r_overnight_cum5,0.01798,1005,keep,2013,2014-09-30
feature_r_intraday_lag2,-0.02387,1004,flip,2013,2014-09-30
feature_r_intraday_lag3,-0.018,1003,flip,2013,2014-09-30
feature_r_intraday_ma5,-0.0368,1003,flip,2013,2014-09-30
feature_r_intraday_sum5_rank,-0.0368,1003,flip,2013,2014-09-30
feature_r_intraday_sum10,-0.02656,1001,flip,2013,2014-09-30
feature_r_intraday_sum10_rank,-0.02656,1001,flip,2013,2014-09-30
feature_r_intraday_sum20_rank,-0.02303,996,flip,2013,2014-09-30
feature_adv20_lag1,0.00704,1006,drop,2013,2014-09-30
feature_vol20_lag1,0.0285,1006,keep,2013,2014-09-30
feature_vol5_lag1,0.02363,1003,keep,2013,2014-09-30
feature_vol60_lag1,0.03187,976,keep,2013,2014-09-30
feature_parkinson_vol20_lag1,0.03091,996,keep,2013,2014-09-30
feature_gk_vol20_lag1,0.03084,996,keep,2013,2014-09-30
feature_short_dsi,0.01464,1006,keep,2013,2014-09-30
feature_short_days_to_cover,-0.00671,1006,drop,2013,2014-09-30
feature_short_days_to_cover_chg,-0.0039,1006,drop,2013,2014-09-30
short_dsi_pct,0.01464,1006,keep,2013,2014-09-30
short_dtc_pct,-0.00671,1006,drop,2013,2014-09-30
feature_day_of_week,,0,keep (categorical),2013,2014-09-30
feature_month,,0,keep (categorical),2013,2014-09-30
feature_open_to_prev_high,-0.02253,1005,flip,2013,2014-09-30
feature_open_to_prev_low,-0.00136,1005,drop,2013,2014-09-30
feature_open_in_prev_range,-0.00351,1005,drop,2013,2014-09-30
feature_close_position_lag1,-0.02975,1005,flip,2013,2014-09-30
feature_range_ratio_lag1,0.02617,1005,keep,2013,2014-09-30
feature_rel_volume_lag1,0.00497,1006,drop,2013,2014-09-30
feature_vol_sign_x_id_lag1,-0.00912,1003,drop,2013,2014-09-30
feature_ds_lag1,0.03531,1005,keep,2013,2014-09-30
feature_ds_ma5,0.03718,1003,keep,2013,2014-09-30
feature_ds_ma10,0.02941,1001,keep,2013,2014-09-30
feature_ds_ma10_rank,0.02941,1001,keep,2013,2014-09-30
feature_ds_ma20,0.02847,996,keep,2013,2014-09-30
feature_ds_ma20_rank,0.02847,996,keep,2013,2014-09-30
feature_seor_lag1,0.02611,976,keep,2013,2014-09-30
feature_beta_on,0.03594,976,keep,2013,2014-09-30
feature_beta_id,0.03322,976,keep,2013,2014-09-30
feature_orj_lag1,-0.00502,844,drop,2013,2014-09-30
feature_pead_lag1,,0,keep (few days),2013,2014-09-30
feature_pre,-0.01374,1005,flip,2013,2014-09-30
feature_mom,-0.0325,1005,flip,2013,2014-09-30
feature_hlv,0.03109,996,keep,2013,2014-09-30
feature_vol,0.00699,996,drop,2013,2014-09-30
feature_mom5d_lag1,-0.02857,1003,flip,2013,2014-09-30
feature_mom5d_rank,-0.02857,1003,flip,2013,2014-09-30
feature_r_overnight_sum20_rank,0.02436,996,keep,2013,2014-09-30
feature_on_pos_frac20,0.04026,997,keep,2013,2014-09-30
feature_r_overnight_lag10,0.02363,996,keep,2013,2014-09-30
feature_r_overnight_lag20,0.00711,986,drop,2013,2014-09-30
feature_r_overnight_t,0.0195,1258,keep,2014,2014-12-31
feature_earnings_today,,0,keep (categorical),2014,2014-12-31
feature_r_overnight_t_norm,0.03312,1258,keep,2014,2014-12-31
feature_r_overnight_t_rank,0.0195,1258,keep,2014,2014-12-31
feature_r_overnight_t_norm_rank,0.03312,1258,keep,2014,2014-12-31
feature_abs_r_overnight_t_norm,0.005,1258,drop,2014,2014-12-31
feature_r_intraday_lag1,-0.02982,1258,flip,2014,2014-12-31
feature_r_close_to_close_lag1,-0.02207,1258,flip,2014,2014-12-31
feature_r_overnight_lag1,0.02163,1257,keep,2014,2014-12-31
feature_r_overnight_lag2,0.00955,1256,drop,2014,2014-12-31
feature_r_overnight_lag3,0.01971,1255,keep,2014,2014-12-31
feature_r_overnight_lag4,0.01118,1254,keep,2014,2014-12-31
feature_r_overnight_lag5,0.02229,1253,keep,2014,2014-12-31
feature_r_overnight_ma5,0.02077,1255,keep,2014,2014-12-31
feature_r_overnight_ma10,0.0251,1253,keep,2014,2014-12-31
feature_r_overnight_ma20,0.0273,1248,keep,2014,2014-12-31
feature_r_overnight_std20,0.02454,1248,keep,2014,2014-12-31
feature_r_overnight_cum5,0.02039,1257,keep,2014,2014-12-31
feature_r_intraday_lag2,-0.02226,1256,flip,2014,2014-12-31
feature_r_intraday_lag3,-0.0172,1255,flip,2014,2014-12-31
feature_r_intraday_ma5,-0.03444,1255,flip,2014,2014-12-31
feature_r_intraday_sum5_rank,-0.03444,1255,flip,2014,2014-12-31
feature_r_intraday_sum10,-0.0254,1253,flip,2014,2014-12-31
feature_r_intraday_sum10_rank,-0.0254,1253,flip,2014,2014-12-31
feature_r_intraday_sum20_rank,-0.02149,1248,flip,2014,2014-12-31
feature_adv20_lag1,0.01039,1258,keep,2014,2014-12-31
feature_vol20_lag1,0.02614,1258,keep,2014,2014-12-31
feature_vol5_lag1,0.02106,1255,keep,2014,2014-12-31
feature_vol60_lag1,0.02939,1228,keep,2014,2014-12-31
feature_parkinson_vol20_lag1,0.02742,1248,keep,2014,2014-12-31
feature_gk_vol20_lag1,0.02725,1248,keep,2014,2014-12-31
feature_short_dsi,0.01083,1258,keep,2014,2014-12-31
feature_short_days_to_cover,-0.00762,1258,drop,2014,2014-12-31
feature_short_days_to_cover_chg,-0.00336,1258,drop,2014,2014-12-31
short_dsi_pct,0.01083,1258,keep,2014,2014-12-31
short_dtc_pct,-0.00762,1258,drop,2014,2014-12-31
feature_day_of_week,,0,keep (categorical),2014,2014-12-31
feature_month,,0,keep (categorical),2014,2014-12-31
feature_open_to_prev_high,-0.02091,1257,flip,2014,2014-12-31
feature_open_to_prev_low,-0.00279,1257,drop,2014,2014-12-31
feature_open_in_prev_range,-0.00453,1257,drop,2014,2014-12-31
feature_close_position_lag1,-0.02852,1257,flip,2014,2014-12-31
feature_range_ratio_lag1,0.02312,1257,keep,2014,2014-12-31
feature_rel_volume_lag1,0.00518,1258,drop,2014,2014-12-31
feature_vol_sign_x_id_lag1,-0.00774,1255,drop,2014,2014-12-31
feature_ds_lag1,0.03248,1257,keep,2014,2014-12-31
feature_ds_ma5,0.03615,1255,keep,2014,2014-12-31
feature_ds_ma10,0.0295,1253,keep,2014,2014-12-31
feature_ds_ma10_rank,0.0295,1253,keep,2014,2014-12-31
feature_ds_ma20,0.02833,1248,keep,2014,2014-12-31
feature_ds_ma20_rank,0.02833,1248,keep,2014,2014-12-31
feature_seor_lag1,0.02412,1228,keep,2014,2014-12-31
feature_beta_on,0.03409,1228,keep,2014,2014-12-31
feature_beta_id,0.03093,1228,keep,2014,2014-12-31
feature_orj_lag1,-0.00476,1084,drop,2014,2014-12-31
feature_pead_lag1,,0,keep (few days),2014,2014-12-31
feature_pre,-0.00958,1257,drop,2014,2014-12-31
feature_mom,-0.02983,1257,flip,2014,2014-12-31
feature_hlv,0.02773,1248,keep,2014,2014-12-31
feature_vol,0.01039,1248,keep,2014,2014-12-31
feature_mom5d_lag1,-0.0258,1255,flip,2014,2014-12-31
feature_mom5d_rank,-0.0258,1255,flip,2014,2014-12-31
feature_r_overnight_sum20_rank,0.0273,1248,keep,2014,2014-12-31
feature_on_pos_frac20,0.0407,1249,keep,2014,2014-12-31
feature_r_overnight_lag10,0.02097,1248,keep,2014,2014-12-31
feature_r_overnight_lag20,0.00698,1238,drop,2014,2014-12-31
feature_r_overnight_t,0.0195,1258,keep,2014,2015-03-31
feature_earnings_today,,0,keep (categorical),2014,2015-03-31
feature_r_overnight_t_norm,0.03312,1258,keep,2014,2015-03-31
feature_r_overnight_t_rank,0.0195,1258,keep,2014,2015-03-31
feature_r_overnight_t_norm_rank,0.03312,1258,keep,2014,2015-03-31
feature_abs_r_overnight_t_norm,0.005,1258,drop,2014,2015-03-31
feature_r_intraday_lag1,-0.02982,1258,flip,2014,2015-03-31
feature_r_close_to_close_lag1,-0.02207,1258,flip,2014,2015-03-31
feature_r_overnight_lag1,0.02163,1257,keep,2014,2015-03-31
feature_r_overnight_lag2,0.00955,1256,drop,2014,2015-03-31
feature_r_overnight_lag3,0.01971,1255,keep,2014,2015-03-31
feature_r_overnight_lag4,0.01118,1254,keep,2014,2015-03-31
feature_r_overnight_lag5,0.02229,1253,keep,2014,2015-03-31
feature_r_overnight_ma5,0.02077,1255,keep,2014,2015-03-31
feature_r_overnight_ma10,0.0251,1253,keep,2014,2015-03-31
feature_r_overnight_ma20,0.0273,1248,keep,2014,2015-03-31
feature_r_overnight_std20,0.02454,1248,keep,2014,2015-03-31
feature_r_overnight_cum5,0.02039,1257,keep,2014,2015-03-31
feature_r_intraday_lag2,-0.02226,1256,flip,2014,2015-03-31
feature_r_intraday_lag3,-0.0172,1255,flip,2014,2015-03-31
feature_r_intraday_ma5,-0.03444,1255,flip,2014,2015-03-31
feature_r_intraday_sum5_rank,-0.03444,1255,flip,2014,2015-03-31
feature_r_intraday_sum10,-0.0254,1253,flip,2014,2015-03-31
feature_r_intraday_sum10_rank,-0.0254,1253,flip,2014,2015-03-31
feature_r_intraday_sum20_rank,-0.02149,1248,flip,2014,2015-03-31
feature_adv20_lag1,0.01039,1258,keep,2014,2015-03-31
feature_vol20_lag1,0.02614,1258,keep,2014,2015-03-31
feature_vol5_lag1,0.02106,1255,keep,2014,2015-03-31
feature_vol60_lag1,0.02939,1228,keep,2014,2015-03-31
feature_parkinson_vol20_lag1,0.02742,1248,keep,2014,2015-03-31
feature_gk_vol20_lag1,0.02725,1248,keep,2014,2015-03-31
feature_short_dsi,0.01083,1258,keep,2014,2015-03-31
feature_short_days_to_cover,-0.00762,1258,drop,2014,2015-03-31
feature_short_days_to_cover_chg,-0.00336,1258,drop,2014,2015-03-31
short_dsi_pct,0.01083,1258,keep,2014,2015-03-31
short_dtc_pct,-0.00762,1258,drop,2014,2015-03-31
feature_day_of_week,,0,keep (categorical),2014,2015-03-31
feature_month,,0,keep (categorical),2014,2015-03-31
feature_open_to_prev_high,-0.02091,1257,flip,2014,2015-03-31
feature_open_to_prev_low,-0.00279,1257,drop,2014,2015-03-31
feature_open_in_prev_range,-0.00453,1257,drop,2014,2015-03-31
feature_close_position_lag1,-0.02852,1257,flip,2014,2015-03-31
feature_range_ratio_lag1,0.02312,1257,keep,2014,2015-03-31
feature_rel_volume_lag1,0.00518,1258,drop,2014,2015-03-31
feature_vol_sign_x_id_lag1,-0.00774,1255,drop,2014,2015-03-31
feature_ds_lag1,0.03248,1257,keep,2014,2015-03-31
feature_ds_ma5,0.03615,1255,keep,2014,2015-03-31
feature_ds_ma10,0.0295,1253,keep,2014,2015-03-31
feature_ds_ma10_rank,0.0295,1253,keep,2014,2015-03-31
feature_ds_ma20,0.02833,1248,keep,2014,2015-03-31
feature_ds_ma20_rank,0.02833,1248,keep,2014,2015-03-31
feature_seor_lag1,0.02412,1228,keep,2014,2015-03-31
feature_beta_on,0.03409,1228,keep,2014,2015-03-31
feature_beta_id,0.03093,1228,keep,2014,2015-03-31
feature_orj_lag1,-0.00476,1084,drop,2014,2015-03-31
feature_pead_lag1,,0,keep (few days),2014,2015-03-31
feature_pre,-0.00958,1257,drop,2014,2015-03-31
feature_mom,-0.02983,1257,flip,2014,2015-03-31
feature_hlv,0.02773,1248,keep,2014,2015-03-31
feature_vol,0.01039,1248,keep,2014,2015-03-31
feature_mom5d_lag1,-0.0258,1255,flip,2014,2015-03-31
feature_mom5d_rank,-0.0258,1255,flip,2014,2015-03-31
feature_r_overnight_sum20_rank,0.0273,1248,keep,2014,2015-03-31
feature_on_pos_frac20,0.0407,1249,keep,2014,2015-03-31
feature_r_overnight_lag10,0.02097,1248,keep,2014,2015-03-31
feature_r_overnight_lag20,0.00698,1238,drop,2014,2015-03-31
feature_r_overnight_t,0.0195,1258,keep,2014,2015-06-30
feature_earnings_today,,0,keep (categorical),2014,2015-06-30
feature_r_overnight_t_norm,0.03312,1258,keep,2014,2015-06-30
feature_r_overnight_t_rank,0.0195,1258,keep,2014,2015-06-30
feature_r_overnight_t_norm_rank,0.03312,1258,keep,2014,2015-06-30
feature_abs_r_overnight_t_norm,0.005,1258,drop,2014,2015-06-30
feature_r_intraday_lag1,-0.02982,1258,flip,2014,2015-06-30
feature_r_close_to_close_lag1,-0.02207,1258,flip,2014,2015-06-30
feature_r_overnight_lag1,0.02163,1257,keep,2014,2015-06-30
feature_r_overnight_lag2,0.00955,1256,drop,2014,2015-06-30
feature_r_overnight_lag3,0.01971,1255,keep,2014,2015-06-30
feature_r_overnight_lag4,0.01118,1254,keep,2014,2015-06-30
feature_r_overnight_lag5,0.02229,1253,keep,2014,2015-06-30
feature_r_overnight_ma5,0.02077,1255,keep,2014,2015-06-30
feature_r_overnight_ma10,0.0251,1253,keep,2014,2015-06-30
feature_r_overnight_ma20,0.0273,1248,keep,2014,2015-06-30
feature_r_overnight_std20,0.02454,1248,keep,2014,2015-06-30
feature_r_overnight_cum5,0.02039,1257,keep,2014,2015-06-30
feature_r_intraday_lag2,-0.02226,1256,flip,2014,2015-06-30
feature_r_intraday_lag3,-0.0172,1255,flip,2014,2015-06-30
feature_r_intraday_ma5,-0.03444,1255,flip,2014,2015-06-30
feature_r_intraday_sum5_rank,-0.03444,1255,flip,2014,2015-06-30
feature_r_intraday_sum10,-0.0254,1253,flip,2014,2015-06-30
feature_r_intraday_sum10_rank,-0.0254,1253,flip,2014,2015-06-30
feature_r_intraday_sum20_rank,-0.02149,1248,flip,2014,2015-06-30
feature_adv20_lag1,0.01039,1258,keep,2014,2015-06-30
feature_vol20_lag1,0.02614,1258,keep,2014,2015-06-30
feature_vol5_lag1,0.02106,1255,keep,2014,2015-06-30
feature_vol60_lag1,0.02939,1228,keep,2014,2015-06-30
feature_parkinson_vol20_lag1,0.02742,1248,keep,2014,2015-06-30
feature_gk_vol20_lag1,0.02725,1248,keep,2014,2015-06-30
feature_short_dsi,0.01083,1258,keep,2014,2015-06-30
feature_short_days_to_cover,-0.00762,1258,drop,2014,2015-06-30
feature_short_days_to_cover_chg,-0.00336,1258,drop,2014,2015-06-30
short_dsi_pct,0.01083,1258,keep,2014,2015-06-30
short_dtc_pct,-0.00762,1258,drop,2014,2015-06-30
feature_day_of_week,,0,keep (categorical),2014,2015-06-30
feature_month,,0,keep (categorical),2014,2015-06-30
feature_open_to_prev_high,-0.02091,1257,flip,2014,2015-06-30
feature_open_to_prev_low,-0.00279,1257,drop,2014,2015-06-30
feature_open_in_prev_range,-0.00453,1257,drop,2014,2015-06-30
feature_close_position_lag1,-0.02852,1257,flip,2014,2015-06-30
feature_range_ratio_lag1,0.02312,1257,keep,2014,2015-06-30
feature_rel_volume_lag1,0.00518,1258,drop,2014,2015-06-30
feature_vol_sign_x_id_lag1,-0.00774,1255,drop,2014,2015-06-30
feature_ds_lag1,0.03248,1257,keep,2014,2015-06-30
feature_ds_ma5,0.03615,1255,keep,2014,2015-06-30
feature_ds_ma10,0.0295,1253,keep,2014,2015-06-30
feature_ds_ma10_rank,0.0295,1253,keep,2014,2015-06-30
feature_ds_ma20,0.02833,1248,keep,2014,2015-06-30
feature_ds_ma20_rank,0.02833,1248,keep,2014,2015-06-30
feature_seor_lag1,0.02412,1228,keep,2014,2015-06-30
feature_beta_on,0.03409,1228,keep,2014,2015-06-30
feature_beta_id,0.03093,1228,keep,2014,2015-06-30
feature_orj_lag1,-0.00476,1084,drop,2014,2015-06-30
feature_pead_lag1,,0,keep (few days),2014,2015-06-30
feature_pre,-0.00958,1257,drop,2014,2015-06-30
feature_mom,-0.02983,1257,flip,2014,2015-06-30
feature_hlv,0.02773,1248,keep,2014,2015-06-30
feature_vol,0.01039,1248,keep,2014,2015-06-30
feature_mom5d_lag1,-0.0258,1255,flip,2014,2015-06-30
feature_mom5d_rank,-0.0258,1255,flip,2014,2015-06-30
feature_r_overnight_sum20_rank,0.0273,1248,keep,2014,2015-06-30
feature_on_pos_frac20,0.0407,1249,keep,2014,2015-06-30
feature_r_overnight_lag10,0.02097,1248,keep,2014,2015-06-30
feature_r_overnight_lag20,0.00698,1238,drop,2014,2015-06-30
feature_r_overnight_t,0.0195,1258,keep,2014,2015-09-30
feature_earnings_today,,0,keep (categorical),2014,2015-09-30
feature_r_overnight_t_norm,0.03312,1258,keep,2014,2015-09-30
feature_r_overnight_t_rank,0.0195,1258,keep,2014,2015-09-30
feature_r_overnight_t_norm_rank,0.03312,1258,keep,2014,2015-09-30
feature_abs_r_overnight_t_norm,0.005,1258,drop,2014,2015-09-30
feature_r_intraday_lag1,-0.02982,1258,flip,2014,2015-09-30
feature_r_close_to_close_lag1,-0.02207,1258,flip,2014,2015-09-30
feature_r_overnight_lag1,0.02163,1257,keep,2014,2015-09-30
feature_r_overnight_lag2,0.00955,1256,drop,2014,2015-09-30
feature_r_overnight_lag3,0.01971,1255,keep,2014,2015-09-30
feature_r_overnight_lag4,0.01118,1254,keep,2014,2015-09-30
feature_r_overnight_lag5,0.02229,1253,keep,2014,2015-09-30
feature_r_overnight_ma5,0.02077,1255,keep,2014,2015-09-30
feature_r_overnight_ma10,0.0251,1253,keep,2014,2015-09-30
feature_r_overnight_ma20,0.0273,1248,keep,2014,2015-09-30
feature_r_overnight_std20,0.02454,1248,keep,2014,2015-09-30
feature_r_overnight_cum5,0.02039,1257,keep,2014,2015-09-30
feature_r_intraday_lag2,-0.02226,1256,flip,2014,2015-09-30
feature_r_intraday_lag3,-0.0172,1255,flip,2014,2015-09-30
feature_r_intraday_ma5,-0.03444,1255,flip,2014,2015-09-30
feature_r_intraday_sum5_rank,-0.03444,1255,flip,2014,2015-09-30
feature_r_intraday_sum10,-0.0254,1253,flip,2014,2015-09-30
feature_r_intraday_sum10_rank,-0.0254,1253,flip,2014,2015-09-30
feature_r_intraday_sum20_rank,-0.02149,1248,flip,2014,2015-09-30
feature_adv20_lag1,0.01039,1258,keep,2014,2015-09-30
feature_vol20_lag1,0.02614,1258,keep,2014,2015-09-30
feature_vol5_lag1,0.02106,1255,keep,2014,2015-09-30
feature_vol60_lag1,0.02939,1228,keep,2014,2015-09-30
feature_parkinson_vol20_lag1,0.02742,1248,keep,2014,2015-09-30
feature_gk_vol20_lag1,0.02725,1248,keep,2014,2015-09-30
feature_short_dsi,0.01083,1258,keep,2014,2015-09-30
feature_short_days_to_cover,-0.00762,1258,drop,2014,2015-09-30
feature_short_days_to_cover_chg,-0.00336,1258,drop,2014,2015-09-30
short_dsi_pct,0.01083,1258,keep,2014,2015-09-30
short_dtc_pct,-0.00762,1258,drop,2014,2015-09-30
feature_day_of_week,,0,keep (categorical),2014,2015-09-30
feature_month,,0,keep (categorical),2014,2015-09-30
feature_open_to_prev_high,-0.02091,1257,flip,2014,2015-09-30
feature_open_to_prev_low,-0.00279,1257,drop,2014,2015-09-30
feature_open_in_prev_range,-0.00453,1257,drop,2014,2015-09-30
feature_close_position_lag1,-0.02852,1257,flip,2014,2015-09-30
feature_range_ratio_lag1,0.02312,1257,keep,2014,2015-09-30
feature_rel_volume_lag1,0.00518,1258,drop,2014,2015-09-30
feature_vol_sign_x_id_lag1,-0.00774,1255,drop,2014,2015-09-30
feature_ds_lag1,0.03248,1257,keep,2014,2015-09-30
feature_ds_ma5,0.03615,1255,keep,2014,2015-09-30
feature_ds_ma10,0.0295,1253,keep,2014,2015-09-30
feature_ds_ma10_rank,0.0295,1253,keep,2014,2015-09-30
feature_ds_ma20,0.02833,1248,keep,2014,2015-09-30
feature_ds_ma20_rank,0.02833,1248,keep,2014,2015-09-30
feature_seor_lag1,0.02412,1228,keep,2014,2015-09-30
feature_beta_on,0.03409,1228,keep,2014,2015-09-30
feature_beta_id,0.03093,1228,keep,2014,2015-09-30
feature_orj_lag1,-0.00476,1084,drop,2014,2015-09-30
feature_pead_lag1,,0,keep (few days),2014,2015-09-30
feature_pre,-0.00958,1257,drop,2014,2015-09-30
feature_mom,-0.02983,1257,flip,2014,2015-09-30
feature_hlv,0.02773,1248,keep,2014,2015-09-30
feature_vol,0.01039,1248,keep,2014,2015-09-30
feature_mom5d_lag1,-0.0258,1255,flip,2014,2015-09-30
feature_mom5d_rank,-0.0258,1255,flip,2014,2015-09-30
feature_r_overnight_sum20_rank,0.0273,1248,keep,2014,2015-09-30
feature_on_pos_frac20,0.0407,1249,keep,2014,2015-09-30
feature_r_overnight_lag10,0.02097,1248,keep,2014,2015-09-30
feature_r_overnight_lag20,0.00698,1238,drop,2014,2015-09-30
feature_r_overnight_t,0.01807,1510,keep,2015,2015-12-31
feature_earnings_today,,0,keep (categorical),2015,2015-12-31
feature_r_overnight_t_norm,0.03012,1510,keep,2015,2015-12-31
feature_r_overnight_t_rank,0.01807,1510,keep,2015,2015-12-31
feature_r_overnight_t_norm_rank,0.03012,1510,keep,2015,2015-12-31
feature_abs_r_overnight_t_norm,0.00632,1510,drop,2015,2015-12-31
feature_r_intraday_lag1,-0.02894,1510,flip,2015,2015-12-31
feature_r_close_to_close_lag1,-0.02232,1510,flip,2015,2015-12-31
feature_r_overnight_lag1,0.01882,1509,keep,2015,2015-12-31
feature_r_overnight_lag2,0.01162,1508,keep,2015,2015-12-31
feature_r_overnight_lag3,0.02002,1507,keep,2015,2015-12-31
feature_r_overnight_lag4,0.01044,1506,keep,2015,2015-12-31
feature_r_overnight_lag5,0.02457,1505,keep,2015,2015-12-31
feature_r_overnight_ma5,0.02265,1507,keep,2015,2015-12-31
feature_r_overnight_ma10,0.0249,1505,keep,2015,2015-12-31
feature_r_overnight_ma20,0.02787,1500,keep,2015,2015-12-31
feature_r_overnight_std20,0.02068,1500,keep,2015,2015-12-31
feature_r_overnight_cum5,0.02237,1509,keep,2015,2015-12-31
feature_r_intraday_lag2,-0.02058,1508,flip,2015,2015-12-31
feature_r_intraday_lag3,-0.01531,1507,flip,2015,2015-12-31
feature_r_intraday_ma5,-0.03128,1507,flip,2015,2015-12-31
feature_r_intraday_sum5_rank,-0.03128,1507,flip,2015,2015-12-31
feature_r_intraday_sum10,-0.0236,1505,flip,2015,2015-12-31
feature_r_intraday_sum10_rank,-0.0236,1505,flip,2015,2015-12-31
feature_r_intraday_sum20_rank,-0.01889,1500,flip,2015,2015-12-31
feature_adv20_lag1,0.0119,1510,keep,2015,2015-12-31
feature_vol20_lag1,0.02105,1510,keep,2015,2015-12-31
feature_vol5_lag1,0.0166,1507,keep,2015,2015-12-31
feature_vol60_lag1,0.02314,1480,keep,2015,2015-12-31
feature_parkinson_vol20_lag1,0.02252,1500,keep,2015,2015-12-31
feature_gk_vol20_lag1,0.02253,1500,keep,2015,2015-12-31
feature_short_dsi,0.0073,1510,drop,2015,2015-12-31
feature_short_days_to_cover,-0.00748,1510,drop,2015,2015-12-31
feature_short_days_to_cover_chg,-0.00408,1510,drop,2015,2015-12-31
short_dsi_pct,0.0073,1510,drop,2015,2015-12-31
short_dtc_pct,-0.00748,1510,drop,2015,2015-12-31
feature_day_of_week,,0,keep (categorical),2015,2015-12-31
feature_month,,0,keep (categorical),2015,2015-12-31
feature_open_to_prev_high,-0.01959,1509,flip,2015,2015-12-31
feature_open_to_prev_low,-0.00423,1509,drop,2015,2015-12-31
feature_open_in_prev_range,-0.00546,1509,drop,2015,2015-12-31
feature_close_position_lag1,-0.02785,1509,flip,2015,2015-12-31
feature_range_ratio_lag1,0.01928,1509,keep,2015,2015-12-31
feature_rel_volume_lag1,0.00611,1510,drop,2015,2015-12-31
feature_vol_sign_x_id_lag1,-0.00697,1507,drop,2015,2015-12-31
feature_ds_lag1,0.03082,1509,keep,2015,2015-12-31
feature_ds_ma5,0.03404,1507,keep,2015,2015-12-31
feature_ds_ma10,0.02796,1505,keep,2015,2015-12-31
feature_ds_ma10_rank,0.02796,1505,keep,2015,2015-12-31
feature_ds_ma20,0.02675,1500,keep,2015,2015-12-31
feature_ds_ma20_rank,0.02675,1500,keep,2015,2015-12-31
feature_seor_lag1,0.02195,1480,keep,2015,2015-12-31
feature_beta_on,0.02674,1480,keep,2015,2015-12-31
feature_beta_id,0.02364,1480,keep,2015,2015-12-31
feature_orj_lag1,-0.00428,1294,drop,2015,2015-12-31
feature_pead_lag1,,0,keep (few days),2015,2015-12-31
feature_pre,-0.00463,1509,drop,2015,2015-12-31
feature_mom,-0.02895,1509,flip,2015,2015-12-31
feature_hlv,0.02275,1500,keep,2015,2015-12-31
feature_vol,0.01191,1500,keep,2015,2015-12-31
feature_mom5d_lag1,-0.02213,1507,flip,2015,2015-12-31
feature_mom5d_rank,-0.02213,1507,flip,2015,2015-12-31
feature_r_overnight_sum20_rank,0.02787,1500,keep,2015,2015-12-31
feature_on_pos_frac20,0.04129,1501,keep,2015,2015-12-31
feature_r_overnight_lag10,0.01827,1500,keep,2015,2015-12-31
feature_r_overnight_lag20,0.00802,1490,drop,2015,2015-12-31
feature_r_overnight_t,0.01807,1510,keep,2015,2016-03-31
feature_earnings_today,,0,keep (categorical),2015,2016-03-31
feature_r_overnight_t_norm,0.03012,1510,keep,2015,2016-03-31
feature_r_overnight_t_rank,0.01807,1510,keep,2015,2016-03-31
feature_r_overnight_t_norm_rank,0.03012,1510,keep,2015,2016-03-31
feature_abs_r_overnight_t_norm,0.00632,1510,drop,2015,2016-03-31
feature_r_intraday_lag1,-0.02894,1510,flip,2015,2016-03-31
feature_r_close_to_close_lag1,-0.02232,1510,flip,2015,2016-03-31
feature_r_overnight_lag1,0.01882,1509,keep,2015,2016-03-31
feature_r_overnight_lag2,0.01162,1508,keep,2015,2016-03-31
feature_r_overnight_lag3,0.02002,1507,keep,2015,2016-03-31
feature_r_overnight_lag4,0.01044,1506,keep,2015,2016-03-31
feature_r_overnight_lag5,0.02457,1505,keep,2015,2016-03-31
feature_r_overnight_ma5,0.02265,1507,keep,2015,2016-03-31
feature_r_overnight_ma10,0.0249,1505,keep,2015,2016-03-31
feature_r_overnight_ma20,0.02787,1500,keep,2015,2016-03-31
feature_r_overnight_std20,0.02068,1500,keep,2015,2016-03-31
feature_r_overnight_cum5,0.02237,1509,keep,2015,2016-03-31
feature_r_intraday_lag2,-0.02058,1508,flip,2015,2016-03-31
feature_r_intraday_lag3,-0.01531,1507,flip,2015,2016-03-31
feature_r_intraday_ma5,-0.03128,1507,flip,2015,2016-03-31
feature_r_intraday_sum5_rank,-0.03128,1507,flip,2015,2016-03-31
feature_r_intraday_sum10,-0.0236,1505,flip,2015,2016-03-31
feature_r_intraday_sum10_rank,-0.0236,1505,flip,2015,2016-03-31
feature_r_intraday_sum20_rank,-0.01889,1500,flip,2015,2016-03-31
feature_adv20_lag1,0.0119,1510,keep,2015,2016-03-31
feature_vol20_lag1,0.02105,1510,keep,2015,2016-03-31
feature_vol5_lag1,0.0166,1507,keep,2015,2016-03-31
feature_vol60_lag1,0.02314,1480,keep,2015,2016-03-31
feature_parkinson_vol20_lag1,0.02252,1500,keep,2015,2016-03-31
feature_gk_vol20_lag1,0.02253,1500,keep,2015,2016-03-31
feature_short_dsi,0.0073,1510,drop,2015,2016-03-31
feature_short_days_to_cover,-0.00748,1510,drop,2015,2016-03-31
feature_short_days_to_cover_chg,-0.00408,1510,drop,2015,2016-03-31
short_dsi_pct,0.0073,1510,drop,2015,2016-03-31
short_dtc_pct,-0.00748,1510,drop,2015,2016-03-31
feature_day_of_week,,0,keep (categorical),2015,2016-03-31
feature_month,,0,keep (categorical),2015,2016-03-31
feature_open_to_prev_high,-0.01959,1509,flip,2015,2016-03-31
feature_open_to_prev_low,-0.00423,1509,drop,2015,2016-03-31
feature_open_in_prev_range,-0.00546,1509,drop,2015,2016-03-31
feature_close_position_lag1,-0.02785,1509,flip,2015,2016-03-31
feature_range_ratio_lag1,0.01928,1509,keep,2015,2016-03-31
feature_rel_volume_lag1,0.00611,1510,drop,2015,2016-03-31
feature_vol_sign_x_id_lag1,-0.00697,1507,drop,2015,2016-03-31
feature_ds_lag1,0.03082,1509,keep,2015,2016-03-31
feature_ds_ma5,0.03404,1507,keep,2015,2016-03-31
feature_ds_ma10,0.02796,1505,keep,2015,2016-03-31
feature_ds_ma10_rank,0.02796,1505,keep,2015,2016-03-31
feature_ds_ma20,0.02675,1500,keep,2015,2016-03-31
feature_ds_ma20_rank,0.02675,1500,keep,2015,2016-03-31
feature_seor_lag1,0.02195,1480,keep,2015,2016-03-31
feature_beta_on,0.02674,1480,keep,2015,2016-03-31
feature_beta_id,0.02364,1480,keep,2015,2016-03-31
feature_orj_lag1,-0.00428,1294,drop,2015,2016-03-31
feature_pead_lag1,,0,keep (few days),2015,2016-03-31
feature_pre,-0.00463,1509,drop,2015,2016-03-31
feature_mom,-0.02895,1509,flip,2015,2016-03-31
feature_hlv,0.02275,1500,keep,2015,2016-03-31
feature_vol,0.01191,1500,keep,2015,2016-03-31
feature_mom5d_lag1,-0.02213,1507,flip,2015,2016-03-31
feature_mom5d_rank,-0.02213,1507,flip,2015,2016-03-31
feature_r_overnight_sum20_rank,0.02787,1500,keep,2015,2016-03-31
feature_on_pos_frac20,0.04129,1501,keep,2015,2016-03-31
feature_r_overnight_lag10,0.01827,1500,keep,2015,2016-03-31
feature_r_overnight_lag20,0.00802,1490,drop,2015,2016-03-31
feature_r_overnight_t,0.01807,1510,keep,2015,2016-06-30
feature_earnings_today,,0,keep (categorical),2015,2016-06-30
feature_r_overnight_t_norm,0.03012,1510,keep,2015,2016-06-30
feature_r_overnight_t_rank,0.01807,1510,keep,2015,2016-06-30
feature_r_overnight_t_norm_rank,0.03012,1510,keep,2015,2016-06-30
feature_abs_r_overnight_t_norm,0.00632,1510,drop,2015,2016-06-30
feature_r_intraday_lag1,-0.02894,1510,flip,2015,2016-06-30
feature_r_close_to_close_lag1,-0.02232,1510,flip,2015,2016-06-30
feature_r_overnight_lag1,0.01882,1509,keep,2015,2016-06-30
feature_r_overnight_lag2,0.01162,1508,keep,2015,2016-06-30
feature_r_overnight_lag3,0.02002,1507,keep,2015,2016-06-30
feature_r_overnight_lag4,0.01044,1506,keep,2015,2016-06-30
feature_r_overnight_lag5,0.02457,1505,keep,2015,2016-06-30
feature_r_overnight_ma5,0.02265,1507,keep,2015,2016-06-30
feature_r_overnight_ma10,0.0249,1505,keep,2015,2016-06-30
feature_r_overnight_ma20,0.02787,1500,keep,2015,2016-06-30
feature_r_overnight_std20,0.02068,1500,keep,2015,2016-06-30
feature_r_overnight_cum5,0.02237,1509,keep,2015,2016-06-30
feature_r_intraday_lag2,-0.02058,1508,flip,2015,2016-06-30
feature_r_intraday_lag3,-0.01531,1507,flip,2015,2016-06-30
feature_r_intraday_ma5,-0.03128,1507,flip,2015,2016-06-30
feature_r_intraday_sum5_rank,-0.03128,1507,flip,2015,2016-06-30
feature_r_intraday_sum10,-0.0236,1505,flip,2015,2016-06-30
feature_r_intraday_sum10_rank,-0.0236,1505,flip,2015,2016-06-30
feature_r_intraday_sum20_rank,-0.01889,1500,flip,2015,2016-06-30
feature_adv20_lag1,0.0119,1510,keep,2015,2016-06-30
feature_vol20_lag1,0.02105,1510,keep,2015,2016-06-30
feature_vol5_lag1,0.0166,1507,keep,2015,2016-06-30
feature_vol60_lag1,0.02314,1480,keep,2015,2016-06-30
feature_parkinson_vol20_lag1,0.02252,1500,keep,2015,2016-06-30
feature_gk_vol20_lag1,0.02253,1500,keep,2015,2016-06-30
feature_short_dsi,0.0073,1510,drop,2015,2016-06-30
feature_short_days_to_cover,-0.00748,1510,drop,2015,2016-06-30
feature_short_days_to_cover_chg,-0.00408,1510,drop,2015,2016-06-30
short_dsi_pct,0.0073,1510,drop,2015,2016-06-30
short_dtc_pct,-0.00748,1510,drop,2015,2016-06-30
feature_day_of_week,,0,keep (categorical),2015,2016-06-30
feature_month,,0,keep (categorical),2015,2016-06-30
feature_open_to_prev_high,-0.01959,1509,flip,2015,2016-06-30
feature_open_to_prev_low,-0.00423,1509,drop,2015,2016-06-30
feature_open_in_prev_range,-0.00546,1509,drop,2015,2016-06-30
feature_close_position_lag1,-0.02785,1509,flip,2015,2016-06-30
feature_range_ratio_lag1,0.01928,1509,keep,2015,2016-06-30
feature_rel_volume_lag1,0.00611,1510,drop,2015,2016-06-30
feature_vol_sign_x_id_lag1,-0.00697,1507,drop,2015,2016-06-30
feature_ds_lag1,0.03082,1509,keep,2015,2016-06-30
feature_ds_ma5,0.03404,1507,keep,2015,2016-06-30
feature_ds_ma10,0.02796,1505,keep,2015,2016-06-30
feature_ds_ma10_rank,0.02796,1505,keep,2015,2016-06-30
feature_ds_ma20,0.02675,1500,keep,2015,2016-06-30
feature_ds_ma20_rank,0.02675,1500,keep,2015,2016-06-30
feature_seor_lag1,0.02195,1480,keep,2015,2016-06-30
feature_beta_on,0.02674,1480,keep,2015,2016-06-30
feature_beta_id,0.02364,1480,keep,2015,2016-06-30
feature_orj_lag1,-0.00428,1294,drop,2015,2016-06-30
feature_pead_lag1,,0,keep (few days),2015,2016-06-30
feature_pre,-0.00463,1509,drop,2015,2016-06-30
feature_mom,-0.02895,1509,flip,2015,2016-06-30
feature_hlv,0.02275,1500,keep,2015,2016-06-30
feature_vol,0.01191,1500,keep,2015,2016-06-30
feature_mom5d_lag1,-0.02213,1507,flip,2015,2016-06-30
feature_mom5d_rank,-0.02213,1507,flip,2015,2016-06-30
feature_r_overnight_sum20_rank,0.02787,1500,keep,2015,2016-06-30
feature_on_pos_frac20,0.04129,1501,keep,2015,2016-06-30
feature_r_overnight_lag10,0.01827,1500,keep,2015,2016-06-30
feature_r_overnight_lag20,0.00802,1490,drop,2015,2016-06-30
feature_r_overnight_t,0.01807,1510,keep,2015,2016-09-30
feature_earnings_today,,0,keep (categorical),2015,2016-09-30
feature_r_overnight_t_norm,0.03012,1510,keep,2015,2016-09-30
feature_r_overnight_t_rank,0.01807,1510,keep,2015,2016-09-30
feature_r_overnight_t_norm_rank,0.03012,1510,keep,2015,2016-09-30
feature_abs_r_overnight_t_norm,0.00632,1510,drop,2015,2016-09-30
feature_r_intraday_lag1,-0.02894,1510,flip,2015,2016-09-30
feature_r_close_to_close_lag1,-0.02232,1510,flip,2015,2016-09-30
feature_r_overnight_lag1,0.01882,1509,keep,2015,2016-09-30
feature_r_overnight_lag2,0.01162,1508,keep,2015,2016-09-30
feature_r_overnight_lag3,0.02002,1507,keep,2015,2016-09-30
feature_r_overnight_lag4,0.01044,1506,keep,2015,2016-09-30
feature_r_overnight_lag5,0.02457,1505,keep,2015,2016-09-30
feature_r_overnight_ma5,0.02265,1507,keep,2015,2016-09-30
feature_r_overnight_ma10,0.0249,1505,keep,2015,2016-09-30
feature_r_overnight_ma20,0.02787,1500,keep,2015,2016-09-30
feature_r_overnight_std20,0.02068,1500,keep,2015,2016-09-30
feature_r_overnight_cum5,0.02237,1509,keep,2015,2016-09-30
feature_r_intraday_lag2,-0.02058,1508,flip,2015,2016-09-30
feature_r_intraday_lag3,-0.01531,1507,flip,2015,2016-09-30
feature_r_intraday_ma5,-0.03128,1507,flip,2015,2016-09-30
feature_r_intraday_sum5_rank,-0.03128,1507,flip,2015,2016-09-30
feature_r_intraday_sum10,-0.0236,1505,flip,2015,2016-09-30
feature_r_intraday_sum10_rank,-0.0236,1505,flip,2015,2016-09-30
feature_r_intraday_sum20_rank,-0.01889,1500,flip,2015,2016-09-30
feature_adv20_lag1,0.0119,1510,keep,2015,2016-09-30
feature_vol20_lag1,0.02105,1510,keep,2015,2016-09-30
feature_vol5_lag1,0.0166,1507,keep,2015,2016-09-30
feature_vol60_lag1,0.02314,1480,keep,2015,2016-09-30
feature_parkinson_vol20_lag1,0.02252,1500,keep,2015,2016-09-30
feature_gk_vol20_lag1,0.02253,1500,keep,2015,2016-09-30
feature_short_dsi,0.0073,1510,drop,2015,2016-09-30
feature_short_days_to_cover,-0.00748,1510,drop,2015,2016-09-30
feature_short_days_to_cover_chg,-0.00408,1510,drop,2015,2016-09-30
short_dsi_pct,0.0073,1510,drop,2015,2016-09-30
short_dtc_pct,-0.00748,1510,drop,2015,2016-09-30
feature_day_of_week,,0,keep (categorical),2015,2016-09-30
feature_month,,0,keep (categorical),2015,2016-09-30
feature_open_to_prev_high,-0.01959,1509,flip,2015,2016-09-30
feature_open_to_prev_low,-0.00423,1509,drop,2015,2016-09-30
feature_open_in_prev_range,-0.00546,1509,drop,2015,2016-09-30
feature_close_position_lag1,-0.02785,1509,flip,2015,2016-09-30
feature_range_ratio_lag1,0.01928,1509,keep,2015,2016-09-30
feature_rel_volume_lag1,0.00611,1510,drop,2015,2016-09-30
feature_vol_sign_x_id_lag1,-0.00697,1507,drop,2015,2016-09-30
feature_ds_lag1,0.03082,1509,keep,2015,2016-09-30
feature_ds_ma5,0.03404,1507,keep,2015,2016-09-30
feature_ds_ma10,0.02796,1505,keep,2015,2016-09-30
feature_ds_ma10_rank,0.02796,1505,keep,2015,2016-09-30
feature_ds_ma20,0.02675,1500,keep,2015,2016-09-30
feature_ds_ma20_rank,0.02675,1500,keep,2015,2016-09-30
feature_seor_lag1,0.02195,1480,keep,2015,2016-09-30
feature_beta_on,0.02674,1480,keep,2015,2016-09-30
feature_beta_id,0.02364,1480,keep,2015,2016-09-30
feature_orj_lag1,-0.00428,1294,drop,2015,2016-09-30
feature_pead_lag1,,0,keep (few days),2015,2016-09-30
feature_pre,-0.00463,1509,drop,2015,2016-09-30
feature_mom,-0.02895,1509,flip,2015,2016-09-30
feature_hlv,0.02275,1500,keep,2015,2016-09-30
feature_vol,0.01191,1500,keep,2015,2016-09-30
feature_mom5d_lag1,-0.02213,1507,flip,2015,2016-09-30
feature_mom5d_rank,-0.02213,1507,flip,2015,2016-09-30
feature_r_overnight_sum20_rank,0.02787,1500,keep,2015,2016-09-30
feature_on_pos_frac20,0.04129,1501,keep,2015,2016-09-30
feature_r_overnight_lag10,0.01827,1500,keep,2015,2016-09-30
feature_r_overnight_lag20,0.00802,1490,drop,2015,2016-09-30
feature_r_overnight_t,0.01658,1762,keep,2016,2016-12-31
feature_earnings_today,,0,keep (categorical),2016,2016-12-31
feature_r_overnight_t_norm,0.02677,1762,keep,2016,2016-12-31
feature_r_overnight_t_rank,0.01658,1762,keep,2016,2016-12-31
feature_r_overnight_t_norm_rank,0.02677,1762,keep,2016,2016-12-31
feature_abs_r_overnight_t_norm,0.00552,1762,drop,2016,2016-12-31
feature_r_intraday_lag1,-0.02929,1762,flip,2016,2016-12-31
feature_r_close_to_close_lag1,-0.02308,1762,flip,2016,2016-12-31
feature_r_overnight_lag1,0.01712,1761,keep,2016,2016-12-31
feature_r_overnight_lag2,0.01111,1760,keep,2016,2016-12-31
feature_r_overnight_lag3,0.01332,1759,keep,2016,2016-12-31
feature_r_overnight_lag4,0.00871,1758,drop,2016,2016-12-31
feature_r_overnight_lag5,0.02099,1757,keep,2016,2016-12-31
feature_r_overnight_ma5,0.01748,1759,keep,2016,2016-12-31
feature_r_overnight_ma10,0.02071,1757,keep,2016,2016-12-31
feature_r_overnight_ma20,0.02275,1752,keep,2016,2016-12-31
feature_r_overnight_std20,0.02141,1752,keep,2016,2016-12-31
feature_r_overnight_cum5,0.01722,1761,keep,2016,2016-12-31
feature_r_intraday_lag2,-0.02009,1760,flip,2016,2016-12-31
feature_r_intraday_lag3,-0.01469,1759,flip,2016,2016-12-31
feature_r_intraday_ma5,-0.0309,1759,flip,2016,2016-12-31
feature_r_intraday_sum5_rank,-0.0309,1759,flip,2016,2016-12-31
feature_r_intraday_sum10,-0.02598,1757,flip,2016,2016-12-31
feature_r_intraday_sum10_rank,-0.02598,1757,flip,2016,2016-12-31
feature_r_intraday_sum20_rank,-0.02065,1752,flip,2016,2016-12-31
feature_adv20_lag1,0.01067,1762,keep,2016,2016-12-31
feature_vol20_lag1,0.02129,1762,keep,2016,2016-12-31
feature_vol5_lag1,0.01663,1759,keep,2016,2016-12-31
feature_vol60_lag1,0.02249,1732,keep,2016,2016-12-31
feature_parkinson_vol20_lag1,0.02225,1752,keep,2016,2016-12-31
feature_gk_vol20_lag1,0.0223,1752,keep,2016,2016-12-31
feature_short_dsi,0.00714,1762,drop,2016,2016-12-31
feature_short_days_to_cover,-0.00744,1762,drop,2016,2016-12-31
feature_short_days_to_cover_chg,-0.00462,1762,drop,2016,2016-12-31
short_dsi_pct,0.00714,1762,drop,2016,2016-12-31
short_dtc_pct,-0.00744,1762,drop,2016,2016-12-31
feature_day_of_week,,0,keep (categorical),2016,2016-12-31
feature_month,,0,keep (categorical),2016,2016-12-31
feature_open_to_prev_high,-0.01969,1761,flip,2016,2016-12-31
feature_open_to_prev_low,-0.00406,1761,drop,2016,2016-12-31
feature_open_in_prev_range,-0.00671,1761,drop,2016,2016-12-31
feature_close_position_lag1,-0.02831,1761,flip,2016,2016-12-31
feature_range_ratio_lag1,0.01951,1761,keep,2016,2016-12-31
feature_rel_volume_lag1,0.0061,1762,drop,2016,2016-12-31
feature_vol_sign_x_id_lag1,-0.00658,1759,drop,2016,2016-12-31
feature_ds_lag1,0.03059,1761,keep,2016,2016-12-31
feature_ds_ma5,0.03166,1759,keep,2016,2016-12-31
feature_ds_ma10,0.02869,1757,keep,2016,2016-12-31
feature_ds_ma10_rank,0.02869,1757,keep,2016,2016-12-31
feature_ds_ma20,0.02614,1752,keep,2016,2016-12-31
feature_ds_ma20_rank,0.02614,1752,keep,2016,2016-12-31
feature_seor_lag1,0.01959,1732,keep,2016,2016-12-31
feature_beta_on,0.02666,1732,keep,2016,2016-12-31
feature_beta_id,0.02268,1732,keep,2016,2016-12-31
feature_orj_lag1,-0.00443,1518,drop,2016,2016-12-31
feature_pead_lag1,,0,keep (few days),2016,2016-12-31
feature_pre,-0.00542,1761,drop,2016,2016-12-31
feature_mom,-0.0293,1761,flip,2016,2016-12-31
feature_hlv,0.02251,1752,keep,2016,2016-12-31
feature_vol,0.01066,1752,keep,2016,2016-12-31
feature_mom5d_lag1,-0.0239,1759,flip,2016,2016-12-31
feature_mom5d_rank,-0.0239,1759,flip,2016,2016-12-31
feature_r_overnight_sum20_rank,0.02275,1752,keep,2016,2016-12-31
feature_on_pos_frac20,0.03665,1753,keep,2016,2016-12-31
feature_r_overnight_lag10,0.01583,1752,keep,2016,2016-12-31
feature_r_overnight_lag20,0.00639,1742,drop,2016,2016-12-31
feature_r_overnight_t,0.01658,1762,keep,2016,2017-03-31
feature_earnings_today,,0,keep (categorical),2016,2017-03-31
feature_r_overnight_t_norm,0.02677,1762,keep,2016,2017-03-31
feature_r_overnight_t_rank,0.01658,1762,keep,2016,2017-03-31
feature_r_overnight_t_norm_rank,0.02677,1762,keep,2016,2017-03-31
feature_abs_r_overnight_t_norm,0.00552,1762,drop,2016,2017-03-31
feature_r_intraday_lag1,-0.02929,1762,flip,2016,2017-03-31
feature_r_close_to_close_lag1,-0.02308,1762,flip,2016,2017-03-31
feature_r_overnight_lag1,0.01712,1761,keep,2016,2017-03-31
feature_r_overnight_lag2,0.01111,1760,keep,2016,2017-03-31
feature_r_overnight_lag3,0.01332,1759,keep,2016,2017-03-31
feature_r_overnight_lag4,0.00871,1758,drop,2016,2017-03-31
feature_r_overnight_lag5,0.02099,1757,keep,2016,2017-03-31
feature_r_overnight_ma5,0.01748,1759,keep,2016,2017-03-31
feature_r_overnight_ma10,0.02071,1757,keep,2016,2017-03-31
feature_r_overnight_ma20,0.02275,1752,keep,2016,2017-03-31
feature_r_overnight_std20,0.02141,1752,keep,2016,2017-03-31
feature_r_overnight_cum5,0.01722,1761,keep,2016,2017-03-31
feature_r_intraday_lag2,-0.02009,1760,flip,2016,2017-03-31
feature_r_intraday_lag3,-0.01469,1759,flip,2016,2017-03-31
feature_r_intraday_ma5,-0.0309,1759,flip,2016,2017-03-31
feature_r_intraday_sum5_rank,-0.0309,1759,flip,2016,2017-03-31
feature_r_intraday_sum10,-0.02598,1757,flip,2016,2017-03-31
feature_r_intraday_sum10_rank,-0.02598,1757,flip,2016,2017-03-31
feature_r_intraday_sum20_rank,-0.02065,1752,flip,2016,2017-03-31
feature_adv20_lag1,0.01067,1762,keep,2016,2017-03-31
feature_vol20_lag1,0.02129,1762,keep,2016,2017-03-31
feature_vol5_lag1,0.01663,1759,keep,2016,2017-03-31
feature_vol60_lag1,0.02249,1732,keep,2016,2017-03-31
feature_parkinson_vol20_lag1,0.02225,1752,keep,2016,2017-03-31
feature_gk_vol20_lag1,0.0223,1752,keep,2016,2017-03-31
feature_short_dsi,0.00714,1762,drop,2016,2017-03-31
feature_short_days_to_cover,-0.00744,1762,drop,2016,2017-03-31
feature_short_days_to_cover_chg,-0.00462,1762,drop,2016,2017-03-31
short_dsi_pct,0.00714,1762,drop,2016,2017-03-31
short_dtc_pct,-0.00744,1762,drop,2016,2017-03-31
feature_day_of_week,,0,keep (categorical),2016,2017-03-31
feature_month,,0,keep (categorical),2016,2017-03-31
feature_open_to_prev_high,-0.01969,1761,flip,2016,2017-03-31
feature_open_to_prev_low,-0.00406,1761,drop,2016,2017-03-31
feature_open_in_prev_range,-0.00671,1761,drop,2016,2017-03-31
feature_close_position_lag1,-0.02831,1761,flip,2016,2017-03-31
feature_range_ratio_lag1,0.01951,1761,keep,2016,2017-03-31
feature_rel_volume_lag1,0.0061,1762,drop,2016,2017-03-31
feature_vol_sign_x_id_lag1,-0.00658,1759,drop,2016,2017-03-31
feature_ds_lag1,0.03059,1761,keep,2016,2017-03-31
feature_ds_ma5,0.03166,1759,keep,2016,2017-03-31
feature_ds_ma10,0.02869,1757,keep,2016,2017-03-31
feature_ds_ma10_rank,0.02869,1757,keep,2016,2017-03-31
feature_ds_ma20,0.02614,1752,keep,2016,2017-03-31
feature_ds_ma20_rank,0.02614,1752,keep,2016,2017-03-31
feature_seor_lag1,0.01959,1732,keep,2016,2017-03-31
feature_beta_on,0.02666,1732,keep,2016,2017-03-31
feature_beta_id,0.02268,1732,keep,2016,2017-03-31
feature_orj_lag1,-0.00443,1518,drop,2016,2017-03-31
feature_pead_lag1,,0,keep (few days),2016,2017-03-31
feature_pre,-0.00542,1761,drop,2016,2017-03-31
feature_mom,-0.0293,1761,flip,2016,2017-03-31
feature_hlv,0.02251,1752,keep,2016,2017-03-31
feature_vol,0.01066,1752,keep,2016,2017-03-31
feature_mom5d_lag1,-0.0239,1759,flip,2016,2017-03-31
feature_mom5d_rank,-0.0239,1759,flip,2016,2017-03-31
feature_r_overnight_sum20_rank,0.02275,1752,keep,2016,2017-03-31
feature_on_pos_frac20,0.03665,1753,keep,2016,2017-03-31
feature_r_overnight_lag10,0.01583,1752,keep,2016,2017-03-31
feature_r_overnight_lag20,0.00639,1742,drop,2016,2017-03-31
feature_r_overnight_t,0.01658,1762,keep,2016,2017-06-30
feature_earnings_today,,0,keep (categorical),2016,2017-06-30
feature_r_overnight_t_norm,0.02677,1762,keep,2016,2017-06-30
feature_r_overnight_t_rank,0.01658,1762,keep,2016,2017-06-30
feature_r_overnight_t_norm_rank,0.02677,1762,keep,2016,2017-06-30
feature_abs_r_overnight_t_norm,0.00552,1762,drop,2016,2017-06-30
feature_r_intraday_lag1,-0.02929,1762,flip,2016,2017-06-30
feature_r_close_to_close_lag1,-0.02308,1762,flip,2016,2017-06-30
feature_r_overnight_lag1,0.01712,1761,keep,2016,2017-06-30
feature_r_overnight_lag2,0.01111,1760,keep,2016,2017-06-30
feature_r_overnight_lag3,0.01332,1759,keep,2016,2017-06-30
feature_r_overnight_lag4,0.00871,1758,drop,2016,2017-06-30
feature_r_overnight_lag5,0.02099,1757,keep,2016,2017-06-30
feature_r_overnight_ma5,0.01748,1759,keep,2016,2017-06-30
feature_r_overnight_ma10,0.02071,1757,keep,2016,2017-06-30
feature_r_overnight_ma20,0.02275,1752,keep,2016,2017-06-30
feature_r_overnight_std20,0.02141,1752,keep,2016,2017-06-30
feature_r_overnight_cum5,0.01722,1761,keep,2016,2017-06-30
feature_r_intraday_lag2,-0.02009,1760,flip,2016,2017-06-30
feature_r_intraday_lag3,-0.01469,1759,flip,2016,2017-06-30
feature_r_intraday_ma5,-0.0309,1759,flip,2016,2017-06-30
feature_r_intraday_sum5_rank,-0.0309,1759,flip,2016,2017-06-30
feature_r_intraday_sum10,-0.02598,1757,flip,2016,2017-06-30
feature_r_intraday_sum10_rank,-0.02598,1757,flip,2016,2017-06-30
feature_r_intraday_sum20_rank,-0.02065,1752,flip,2016,2017-06-30
feature_adv20_lag1,0.01067,1762,keep,2016,2017-06-30
feature_vol20_lag1,0.02129,1762,keep,2016,2017-06-30
feature_vol5_lag1,0.01663,1759,keep,2016,2017-06-30
feature_vol60_lag1,0.02249,1732,keep,2016,2017-06-30
feature_parkinson_vol20_lag1,0.02225,1752,keep,2016,2017-06-30
feature_gk_vol20_lag1,0.0223,1752,keep,2016,2017-06-30
feature_short_dsi,0.00714,1762,drop,2016,2017-06-30
feature_short_days_to_cover,-0.00744,1762,drop,2016,2017-06-30
feature_short_days_to_cover_chg,-0.00462,1762,drop,2016,2017-06-30
short_dsi_pct,0.00714,1762,drop,2016,2017-06-30
short_dtc_pct,-0.00744,1762,drop,2016,2017-06-30
feature_day_of_week,,0,keep (categorical),2016,2017-06-30
feature_month,,0,keep (categorical),2016,2017-06-30
feature_open_to_prev_high,-0.01969,1761,flip,2016,2017-06-30
feature_open_to_prev_low,-0.00406,1761,drop,2016,2017-06-30
feature_open_in_prev_range,-0.00671,1761,drop,2016,2017-06-30
feature_close_position_lag1,-0.02831,1761,flip,2016,2017-06-30
feature_range_ratio_lag1,0.01951,1761,keep,2016,2017-06-30
feature_rel_volume_lag1,0.0061,1762,drop,2016,2017-06-30
feature_vol_sign_x_id_lag1,-0.00658,1759,drop,2016,2017-06-30
feature_ds_lag1,0.03059,1761,keep,2016,2017-06-30
feature_ds_ma5,0.03166,1759,keep,2016,2017-06-30
feature_ds_ma10,0.02869,1757,keep,2016,2017-06-30
feature_ds_ma10_rank,0.02869,1757,keep,2016,2017-06-30
feature_ds_ma20,0.02614,1752,keep,2016,2017-06-30
feature_ds_ma20_rank,0.02614,1752,keep,2016,2017-06-30
feature_seor_lag1,0.01959,1732,keep,2016,2017-06-30
feature_beta_on,0.02666,1732,keep,2016,2017-06-30
feature_beta_id,0.02268,1732,keep,2016,2017-06-30
feature_orj_lag1,-0.00443,1518,drop,2016,2017-06-30
feature_pead_lag1,,0,keep (few days),2016,2017-06-30
feature_pre,-0.00542,1761,drop,2016,2017-06-30
feature_mom,-0.0293,1761,flip,2016,2017-06-30
feature_hlv,0.02251,1752,keep,2016,2017-06-30
feature_vol,0.01066,1752,keep,2016,2017-06-30
feature_mom5d_lag1,-0.0239,1759,flip,2016,2017-06-30
feature_mom5d_rank,-0.0239,1759,flip,2016,2017-06-30
feature_r_overnight_sum20_rank,0.02275,1752,keep,2016,2017-06-30
feature_on_pos_frac20,0.03665,1753,keep,2016,2017-06-30
feature_r_overnight_lag10,0.01583,1752,keep,2016,2017-06-30
feature_r_overnight_lag20,0.00639,1742,drop,2016,2017-06-30
feature_r_overnight_t,0.01658,1762,keep,2016,2017-09-30
feature_earnings_today,,0,keep (categorical),2016,2017-09-30
feature_r_overnight_t_norm,0.02677,1762,keep,2016,2017-09-30
feature_r_overnight_t_rank,0.01658,1762,keep,2016,2017-09-30
feature_r_overnight_t_norm_rank,0.02677,1762,keep,2016,2017-09-30
feature_abs_r_overnight_t_norm,0.00552,1762,drop,2016,2017-09-30
feature_r_intraday_lag1,-0.02929,1762,flip,2016,2017-09-30
feature_r_close_to_close_lag1,-0.02308,1762,flip,2016,2017-09-30
feature_r_overnight_lag1,0.01712,1761,keep,2016,2017-09-30
feature_r_overnight_lag2,0.01111,1760,keep,2016,2017-09-30
feature_r_overnight_lag3,0.01332,1759,keep,2016,2017-09-30
feature_r_overnight_lag4,0.00871,1758,drop,2016,2017-09-30
feature_r_overnight_lag5,0.02099,1757,keep,2016,2017-09-30
feature_r_overnight_ma5,0.01748,1759,keep,2016,2017-09-30
feature_r_overnight_ma10,0.02071,1757,keep,2016,2017-09-30
feature_r_overnight_ma20,0.02275,1752,keep,2016,2017-09-30
feature_r_overnight_std20,0.02141,1752,keep,2016,2017-09-30
feature_r_overnight_cum5,0.01722,1761,keep,2016,2017-09-30
feature_r_intraday_lag2,-0.02009,1760,flip,2016,2017-09-30
feature_r_intraday_lag3,-0.01469,1759,flip,2016,2017-09-30
feature_r_intraday_ma5,-0.0309,1759,flip,2016,2017-09-30
feature_r_intraday_sum5_rank,-0.0309,1759,flip,2016,2017-09-30
feature_r_intraday_sum10,-0.02598,1757,flip,2016,2017-09-30
feature_r_intraday_sum10_rank,-0.02598,1757,flip,2016,2017-09-30
feature_r_intraday_sum20_rank,-0.02065,1752,flip,2016,2017-09-30
feature_adv20_lag1,0.01067,1762,keep,2016,2017-09-30
feature_vol20_lag1,0.02129,1762,keep,2016,2017-09-30
feature_vol5_lag1,0.01663,1759,keep,2016,2017-09-30
feature_vol60_lag1,0.02249,1732,keep,2016,2017-09-30
feature_parkinson_vol20_lag1,0.02225,1752,keep,2016,2017-09-30
feature_gk_vol20_lag1,0.0223,1752,keep,2016,2017-09-30
feature_short_dsi,0.00714,1762,drop,2016,2017-09-30
feature_short_days_to_cover,-0.00744,1762,drop,2016,2017-09-30
feature_short_days_to_cover_chg,-0.00462,1762,drop,2016,2017-09-30
short_dsi_pct,0.00714,1762,drop,2016,2017-09-30
short_dtc_pct,-0.00744,1762,drop,2016,2017-09-30
feature_day_of_week,,0,keep (categorical),2016,2017-09-30
feature_month,,0,keep (categorical),2016,2017-09-30
feature_open_to_prev_high,-0.01969,1761,flip,2016,2017-09-30
feature_open_to_prev_low,-0.00406,1761,drop,2016,2017-09-30
feature_open_in_prev_range,-0.00671,1761,drop,2016,2017-09-30
feature_close_position_lag1,-0.02831,1761,flip,2016,2017-09-30
feature_range_ratio_lag1,0.01951,1761,keep,2016,2017-09-30
feature_rel_volume_lag1,0.0061,1762,drop,2016,2017-09-30
feature_vol_sign_x_id_lag1,-0.00658,1759,drop,2016,2017-09-30
feature_ds_lag1,0.03059,1761,keep,2016,2017-09-30
feature_ds_ma5,0.03166,1759,keep,2016,2017-09-30
feature_ds_ma10,0.02869,1757,keep,2016,2017-09-30
feature_ds_ma10_rank,0.02869,1757,keep,2016,2017-09-30
feature_ds_ma20,0.02614,1752,keep,2016,2017-09-30
feature_ds_ma20_rank,0.02614,1752,keep,2016,2017-09-30
feature_seor_lag1,0.01959,1732,keep,2016,2017-09-30
feature_beta_on,0.02666,1732,keep,2016,2017-09-30
feature_beta_id,0.02268,1732,keep,2016,2017-09-30
feature_orj_lag1,-0.00443,1518,drop,2016,2017-09-30
feature_pead_lag1,,0,keep (few days),2016,2017-09-30
feature_pre,-0.00542,1761,drop,2016,2017-09-30
feature_mom,-0.0293,1761,flip,2016,2017-09-30
feature_hlv,0.02251,1752,keep,2016,2017-09-30
feature_vol,0.01066,1752,keep,2016,2017-09-30
feature_mom5d_lag1,-0.0239,1759,flip,2016,2017-09-30
feature_mom5d_rank,-0.0239,1759,flip,2016,2017-09-30
feature_r_overnight_sum20_rank,0.02275,1752,keep,2016,2017-09-30
feature_on_pos_frac20,0.03665,1753,keep,2016,2017-09-30
feature_r_overnight_lag10,0.01583,1752,keep,2016,2017-09-30
feature_r_overnight_lag20,0.00639,1742,drop,2016,2017-09-30
feature_r_overnight_t,0.01583,2013,keep,2017,2017-12-31
feature_earnings_today,,0,keep (categorical),2017,2017-12-31
feature_r_overnight_t_norm,0.02473,2013,keep,2017,2017-12-31
feature_r_overnight_t_rank,0.01583,2013,keep,2017,2017-12-31
feature_r_overnight_t_norm_rank,0.02473,2013,keep,2017,2017-12-31
feature_abs_r_overnight_t_norm,0.00817,2013,drop,2017,2017-12-31
feature_r_intraday_lag1,-0.02513,2013,flip,2017,2017-12-31
feature_r_close_to_close_lag1,-0.01859,2013,flip,2017,2017-12-31
feature_r_overnight_lag1,0.01822,2012,keep,2017,2017-12-31
feature_r_overnight_lag2,0.01007,2011,keep,2017,2017-12-31
feature_r_overnight_lag3,0.01599,2010,keep,2017,2017-12-31
feature_r_overnight_lag4,0.00737,2009,drop,2017,2017-12-31
feature_r_overnight_lag5,0.02213,2008,keep,2017,2017-12-31
feature_r_overnight_ma5,0.01859,2010,keep,2017,2017-12-31
feature_r_overnight_ma10,0.01969,2008,keep,2017,2017-12-31
feature_r_overnight_ma20,0.02211,2003,keep,2017,2017-12-31
feature_r_overnight_std20,0.02239,2003,keep,2017,2017-12-31
feature_r_overnight_cum5,0.01834,2012,keep,2017,2017-12-31
feature_r_intraday_lag2,-0.0201,2011,flip,2017,2017-12-31
feature_r_intraday_lag3,-0.01332,2010,flip,2017,2017-12-31
feature_r_intraday_ma5,-0.02845,2010,flip,2017,2017-12-31
feature_r_intraday_sum5_rank,-0.02845,2010,flip,2017,2017-12-31
feature_r_intraday_sum10,-0.02396,2008,flip,2017,2017-12-31
feature_r_intraday_sum10_rank,-0.02396,2008,flip,2017,2017-12-31
feature_r_intraday_sum20_rank,-0.01755,2003,flip,2017,2017-12-31
feature_adv20_lag1,0.01005,2013,keep,2017,2017-12-31
feature_vol20_lag1,0.02184,2013,keep,2017,2017-12-31
feature_vol5_lag1,0.01878,2010,keep,2017,2017-12-31
feature_vol60_lag1,0.02319,1983,keep,2017,2017-12-31
feature_parkinson_vol20_lag1,0.02273,2003,keep,2017,2017-12-31
feature_gk_vol20_lag1,0.02283,2003,keep,2017,2017-12-31
feature_short_dsi,0.00694,2013,drop,2017,2017-12-31
feature_short_days_to_cover,-0.00759,2013,drop,2017,2017-12-31
feature_short_days_to_cover_chg,-0.00418,2013,drop,2017,2017-12-31
short_dsi_pct,0.00694,2013,drop,2017,2017-12-31
short_dtc_pct,-0.00759,2013,drop,2017,2017-12-31
feature_day_of_week,,0,keep (categorical),2017,2017-12-31
feature_month,,0,keep (categorical),2017,2017-12-31
feature_open_to_prev_high,-0.01765,2012,flip,2017,2017-12-31
feature_open_to_prev_low,-0.00136,2012,drop,2017,2017-12-31
feature_open_in_prev_range,-0.00511,2012,drop,2017,2017-12-31
feature_close_position_lag1,-0.02532,2012,flip,2017,2017-12-31
feature_range_ratio_lag1,0.02022,2012,keep,2017,2017-12-31
feature_rel_volume_lag1,0.00558,2013,drop,2017,2017-12-31
feature_vol_sign_x_id_lag1,-0.00605,2010,drop,2017,2017-12-31
feature_ds_lag1,0.02738,2012,keep,2017,2017-12-31
feature_ds_ma5,0.03004,2010,keep,2017,2017-12-31
feature_ds_ma10,0.02646,2008,keep,2017,2017-12-31
feature_ds_ma10_rank,0.02646,2008,keep,2017,2017-12-31
feature_ds_ma20,0.02335,2003,keep,2017,2017-12-31
feature_ds_ma20_rank,0.02335,2003,keep,2017,2017-12-31
feature_seor_lag1,0.01953,1983,keep,2017,2017-12-31
feature_beta_on,0.02924,1983,keep,2017,2017-12-31
feature_beta_id,0.02505,1983,keep,2017,2017-12-31
feature_orj_lag1,-0.00293,1756,drop,2017,2017-12-31
feature_pead_lag1,,0,keep (few days),2017,2017-12-31
feature_pre,-0.00486,2012,drop,2017,2017-12-31
feature_mom,-0.02514,2012,flip,2017,2017-12-31
feature_hlv,0.02298,2003,keep,2017,2017-12-31
feature_vol,0.01003,2003,keep,2017,2017-12-31
feature_mom5d_lag1,-0.02077,2010,flip,2017,2017-12-31
feature_mom5d_rank,-0.02077,2010,flip,2017,2017-12-31
feature_r_overnight_sum20_rank,0.02211,2003,keep,2017,2017-12-31
feature_on_pos_frac20,0.03482,2004,keep,2017,2017-12-31
feature_r_overnight_lag10,0.01485,2003,keep,2017,2017-12-31
feature_r_overnight_lag20,0.00619,1993,drop,2017,2017-12-31
feature_r_overnight_t,0.01583,2013,keep,2017,2018-03-31
feature_earnings_today,,0,keep (categorical),2017,2018-03-31
feature_r_overnight_t_norm,0.02473,2013,keep,2017,2018-03-31
feature_r_overnight_t_rank,0.01583,2013,keep,2017,2018-03-31
feature_r_overnight_t_norm_rank,0.02473,2013,keep,2017,2018-03-31
feature_abs_r_overnight_t_norm,0.00817,2013,drop,2017,2018-03-31
feature_r_intraday_lag1,-0.02513,2013,flip,2017,2018-03-31
feature_r_close_to_close_lag1,-0.01859,2013,flip,2017,2018-03-31
feature_r_overnight_lag1,0.01822,2012,keep,2017,2018-03-31
feature_r_overnight_lag2,0.01007,2011,keep,2017,2018-03-31
feature_r_overnight_lag3,0.01599,2010,keep,2017,2018-03-31
feature_r_overnight_lag4,0.00737,2009,drop,2017,2018-03-31
feature_r_overnight_lag5,0.02213,2008,keep,2017,2018-03-31
feature_r_overnight_ma5,0.01859,2010,keep,2017,2018-03-31
feature_r_overnight_ma10,0.01969,2008,keep,2017,2018-03-31
feature_r_overnight_ma20,0.02211,2003,keep,2017,2018-03-31
feature_r_overnight_std20,0.02239,2003,keep,2017,2018-03-31
feature_r_overnight_cum5,0.01834,2012,keep,2017,2018-03-31
feature_r_intraday_lag2,-0.0201,2011,flip,2017,2018-03-31
feature_r_intraday_lag3,-0.01332,2010,flip,2017,2018-03-31
feature_r_intraday_ma5,-0.02845,2010,flip,2017,2018-03-31
feature_r_intraday_sum5_rank,-0.02845,2010,flip,2017,2018-03-31
feature_r_intraday_sum10,-0.02396,2008,flip,2017,2018-03-31
feature_r_intraday_sum10_rank,-0.02396,2008,flip,2017,2018-03-31
feature_r_intraday_sum20_rank,-0.01755,2003,flip,2017,2018-03-31
feature_adv20_lag1,0.01005,2013,keep,2017,2018-03-31
feature_vol20_lag1,0.02184,2013,keep,2017,2018-03-31
feature_vol5_lag1,0.01878,2010,keep,2017,2018-03-31
feature_vol60_lag1,0.02319,1983,keep,2017,2018-03-31
feature_parkinson_vol20_lag1,0.02273,2003,keep,2017,2018-03-31
feature_gk_vol20_lag1,0.02283,2003,keep,2017,2018-03-31
feature_short_dsi,0.00694,2013,drop,2017,2018-03-31
feature_short_days_to_cover,-0.00759,2013,drop,2017,2018-03-31
feature_short_days_to_cover_chg,-0.00418,2013,drop,2017,2018-03-31
short_dsi_pct,0.00694,2013,drop,2017,2018-03-31
short_dtc_pct,-0.00759,2013,drop,2017,2018-03-31
feature_day_of_week,,0,keep (categorical),2017,2018-03-31
feature_month,,0,keep (categorical),2017,2018-03-31
feature_open_to_prev_high,-0.01765,2012,flip,2017,2018-03-31
feature_open_to_prev_low,-0.00136,2012,drop,2017,2018-03-31
feature_open_in_prev_range,-0.00511,2012,drop,2017,2018-03-31
feature_close_position_lag1,-0.02532,2012,flip,2017,2018-03-31
feature_range_ratio_lag1,0.02022,2012,keep,2017,2018-03-31
feature_rel_volume_lag1,0.00558,2013,drop,2017,2018-03-31
feature_vol_sign_x_id_lag1,-0.00605,2010,drop,2017,2018-03-31
feature_ds_lag1,0.02738,2012,keep,2017,2018-03-31
feature_ds_ma5,0.03004,2010,keep,2017,2018-03-31
feature_ds_ma10,0.02646,2008,keep,2017,2018-03-31
feature_ds_ma10_rank,0.02646,2008,keep,2017,2018-03-31
feature_ds_ma20,0.02335,2003,keep,2017,2018-03-31
feature_ds_ma20_rank,0.02335,2003,keep,2017,2018-03-31
feature_seor_lag1,0.01953,1983,keep,2017,2018-03-31
feature_beta_on,0.02924,1983,keep,2017,2018-03-31
feature_beta_id,0.02505,1983,keep,2017,2018-03-31
feature_orj_lag1,-0.00293,1756,drop,2017,2018-03-31
feature_pead_lag1,,0,keep (few days),2017,2018-03-31
feature_pre,-0.00486,2012,drop,2017,2018-03-31
feature_mom,-0.02514,2012,flip,2017,2018-03-31
feature_hlv,0.02298,2003,keep,2017,2018-03-31
feature_vol,0.01003,2003,keep,2017,2018-03-31
feature_mom5d_lag1,-0.02077,2010,flip,2017,2018-03-31
feature_mom5d_rank,-0.02077,2010,flip,2017,2018-03-31
feature_r_overnight_sum20_rank,0.02211,2003,keep,2017,2018-03-31
feature_on_pos_frac20,0.03482,2004,keep,2017,2018-03-31
feature_r_overnight_lag10,0.01485,2003,keep,2017,2018-03-31
feature_r_overnight_lag20,0.00619,1993,drop,2017,2018-03-31
feature_r_overnight_t,0.01583,2013,keep,2017,2018-06-30
feature_earnings_today,,0,keep (categorical),2017,2018-06-30
feature_r_overnight_t_norm,0.02473,2013,keep,2017,2018-06-30
feature_r_overnight_t_rank,0.01583,2013,keep,2017,2018-06-30
feature_r_overnight_t_norm_rank,0.02473,2013,keep,2017,2018-06-30
feature_abs_r_overnight_t_norm,0.00817,2013,drop,2017,2018-06-30
feature_r_intraday_lag1,-0.02513,2013,flip,2017,2018-06-30
feature_r_close_to_close_lag1,-0.01859,2013,flip,2017,2018-06-30
feature_r_overnight_lag1,0.01822,2012,keep,2017,2018-06-30
feature_r_overnight_lag2,0.01007,2011,keep,2017,2018-06-30
feature_r_overnight_lag3,0.01599,2010,keep,2017,2018-06-30
feature_r_overnight_lag4,0.00737,2009,drop,2017,2018-06-30
feature_r_overnight_lag5,0.02213,2008,keep,2017,2018-06-30
feature_r_overnight_ma5,0.01859,2010,keep,2017,2018-06-30
feature_r_overnight_ma10,0.01969,2008,keep,2017,2018-06-30
feature_r_overnight_ma20,0.02211,2003,keep,2017,2018-06-30
feature_r_overnight_std20,0.02239,2003,keep,2017,2018-06-30
feature_r_overnight_cum5,0.01834,2012,keep,2017,2018-06-30
feature_r_intraday_lag2,-0.0201,2011,flip,2017,2018-06-30
feature_r_intraday_lag3,-0.01332,2010,flip,2017,2018-06-30
feature_r_intraday_ma5,-0.02845,2010,flip,2017,2018-06-30
feature_r_intraday_sum5_rank,-0.02845,2010,flip,2017,2018-06-30
feature_r_intraday_sum10,-0.02396,2008,flip,2017,2018-06-30
feature_r_intraday_sum10_rank,-0.02396,2008,flip,2017,2018-06-30
feature_r_intraday_sum20_rank,-0.01755,2003,flip,2017,2018-06-30
feature_adv20_lag1,0.01005,2013,keep,2017,2018-06-30
feature_vol20_lag1,0.02184,2013,keep,2017,2018-06-30
feature_vol5_lag1,0.01878,2010,keep,2017,2018-06-30
feature_vol60_lag1,0.02319,1983,keep,2017,2018-06-30
feature_parkinson_vol20_lag1,0.02273,2003,keep,2017,2018-06-30
feature_gk_vol20_lag1,0.02283,2003,keep,2017,2018-06-30
feature_short_dsi,0.00694,2013,drop,2017,2018-06-30
feature_short_days_to_cover,-0.00759,2013,drop,2017,2018-06-30
feature_short_days_to_cover_chg,-0.00418,2013,drop,2017,2018-06-30
short_dsi_pct,0.00694,2013,drop,2017,2018-06-30
short_dtc_pct,-0.00759,2013,drop,2017,2018-06-30
feature_day_of_week,,0,keep (categorical),2017,2018-06-30
feature_month,,0,keep (categorical),2017,2018-06-30
feature_open_to_prev_high,-0.01765,2012,flip,2017,2018-06-30
feature_open_to_prev_low,-0.00136,2012,drop,2017,2018-06-30
feature_open_in_prev_range,-0.00511,2012,drop,2017,2018-06-30
feature_close_position_lag1,-0.02532,2012,flip,2017,2018-06-30
feature_range_ratio_lag1,0.02022,2012,keep,2017,2018-06-30
feature_rel_volume_lag1,0.00558,2013,drop,2017,2018-06-30
feature_vol_sign_x_id_lag1,-0.00605,2010,drop,2017,2018-06-30
feature_ds_lag1,0.02738,2012,keep,2017,2018-06-30
feature_ds_ma5,0.03004,2010,keep,2017,2018-06-30
feature_ds_ma10,0.02646,2008,keep,2017,2018-06-30
feature_ds_ma10_rank,0.02646,2008,keep,2017,2018-06-30
feature_ds_ma20,0.02335,2003,keep,2017,2018-06-30
feature_ds_ma20_rank,0.02335,2003,keep,2017,2018-06-30
feature_seor_lag1,0.01953,1983,keep,2017,2018-06-30
feature_beta_on,0.02924,1983,keep,2017,2018-06-30
feature_beta_id,0.02505,1983,keep,2017,2018-06-30
feature_orj_lag1,-0.00293,1756,drop,2017,2018-06-30
feature_pead_lag1,,0,keep (few days),2017,2018-06-30
feature_pre,-0.00486,2012,drop,2017,2018-06-30
feature_mom,-0.02514,2012,flip,2017,2018-06-30
feature_hlv,0.02298,2003,keep,2017,2018-06-30
feature_vol,0.01003,2003,keep,2017,2018-06-30
feature_mom5d_lag1,-0.02077,2010,flip,2017,2018-06-30
feature_mom5d_rank,-0.02077,2010,flip,2017,2018-06-30
feature_r_overnight_sum20_rank,0.02211,2003,keep,2017,2018-06-30
feature_on_pos_frac20,0.03482,2004,keep,2017,2018-06-30
feature_r_overnight_lag10,0.01485,2003,keep,2017,2018-06-30
feature_r_overnight_lag20,0.00619,1993,drop,2017,2018-06-30
feature_r_overnight_t,0.01583,2013,keep,2017,2018-09-30
feature_earnings_today,,0,keep (categorical),2017,2018-09-30
feature_r_overnight_t_norm,0.02473,2013,keep,2017,2018-09-30
feature_r_overnight_t_rank,0.01583,2013,keep,2017,2018-09-30
feature_r_overnight_t_norm_rank,0.02473,2013,keep,2017,2018-09-30
feature_abs_r_overnight_t_norm,0.00817,2013,drop,2017,2018-09-30
feature_r_intraday_lag1,-0.02513,2013,flip,2017,2018-09-30
feature_r_close_to_close_lag1,-0.01859,2013,flip,2017,2018-09-30
feature_r_overnight_lag1,0.01822,2012,keep,2017,2018-09-30
feature_r_overnight_lag2,0.01007,2011,keep,2017,2018-09-30
feature_r_overnight_lag3,0.01599,2010,keep,2017,2018-09-30
feature_r_overnight_lag4,0.00737,2009,drop,2017,2018-09-30
feature_r_overnight_lag5,0.02213,2008,keep,2017,2018-09-30
feature_r_overnight_ma5,0.01859,2010,keep,2017,2018-09-30
feature_r_overnight_ma10,0.01969,2008,keep,2017,2018-09-30
feature_r_overnight_ma20,0.02211,2003,keep,2017,2018-09-30
feature_r_overnight_std20,0.02239,2003,keep,2017,2018-09-30
feature_r_overnight_cum5,0.01834,2012,keep,2017,2018-09-30
feature_r_intraday_lag2,-0.0201,2011,flip,2017,2018-09-30
feature_r_intraday_lag3,-0.01332,2010,flip,2017,2018-09-30
feature_r_intraday_ma5,-0.02845,2010,flip,2017,2018-09-30
feature_r_intraday_sum5_rank,-0.02845,2010,flip,2017,2018-09-30
feature_r_intraday_sum10,-0.02396,2008,flip,2017,2018-09-30
feature_r_intraday_sum10_rank,-0.02396,2008,flip,2017,2018-09-30
feature_r_intraday_sum20_rank,-0.01755,2003,flip,2017,2018-09-30
feature_adv20_lag1,0.01005,2013,keep,2017,2018-09-30
feature_vol20_lag1,0.02184,2013,keep,2017,2018-09-30
feature_vol5_lag1,0.01878,2010,keep,2017,2018-09-30
feature_vol60_lag1,0.02319,1983,keep,2017,2018-09-30
feature_parkinson_vol20_lag1,0.02273,2003,keep,2017,2018-09-30
feature_gk_vol20_lag1,0.02283,2003,keep,2017,2018-09-30
feature_short_dsi,0.00694,2013,drop,2017,2018-09-30
feature_short_days_to_cover,-0.00759,2013,drop,2017,2018-09-30
feature_short_days_to_cover_chg,-0.00418,2013,drop,2017,2018-09-30
short_dsi_pct,0.00694,2013,drop,2017,2018-09-30
short_dtc_pct,-0.00759,2013,drop,2017,2018-09-30
feature_day_of_week,,0,keep (categorical),2017,2018-09-30
feature_month,,0,keep (categorical),2017,2018-09-30
feature_open_to_prev_high,-0.01765,2012,flip,2017,2018-09-30
feature_open_to_prev_low,-0.00136,2012,drop,2017,2018-09-30
feature_open_in_prev_range,-0.00511,2012,drop,2017,2018-09-30
feature_close_position_lag1,-0.02532,2012,flip,2017,2018-09-30
feature_range_ratio_lag1,0.02022,2012,keep,2017,2018-09-30
feature_rel_volume_lag1,0.00558,2013,drop,2017,2018-09-30
feature_vol_sign_x_id_lag1,-0.00605,2010,drop,2017,2018-09-30
feature_ds_lag1,0.02738,2012,keep,2017,2018-09-30
feature_ds_ma5,0.03004,2010,keep,2017,2018-09-30
feature_ds_ma10,0.02646,2008,keep,2017,2018-09-30
feature_ds_ma10_rank,0.02646,2008,keep,2017,2018-09-30
feature_ds_ma20,0.02335,2003,keep,2017,2018-09-30
feature_ds_ma20_rank,0.02335,2003,keep,2017,2018-09-30
feature_seor_lag1,0.01953,1983,keep,2017,2018-09-30
feature_beta_on,0.02924,1983,keep,2017,2018-09-30
feature_beta_id,0.02505,1983,keep,2017,2018-09-30
feature_orj_lag1,-0.00293,1756,drop,2017,2018-09-30
feature_pead_lag1,,0,keep (few days),2017,2018-09-30
feature_pre,-0.00486,2012,drop,2017,2018-09-30
feature_mom,-0.02514,2012,flip,2017,2018-09-30
feature_hlv,0.02298,2003,keep,2017,2018-09-30
feature_vol,0.01003,2003,keep,2017,2018-09-30
feature_mom5d_lag1,-0.02077,2010,flip,2017,2018-09-30
feature_mom5d_rank,-0.02077,2010,flip,2017,2018-09-30
feature_r_overnight_sum20_rank,0.02211,2003,keep,2017,2018-09-30
feature_on_pos_frac20,0.03482,2004,keep,2017,2018-09-30
feature_r_overnight_lag10,0.01485,2003,keep,2017,2018-09-30
feature_r_overnight_lag20,0.00619,1993,drop,2017,2018-09-30
feature_r_overnight_t,0.0107,2264,keep,2018,2018-12-31
feature_earnings_today,,0,keep (categorical),2018,2018-12-31
feature_r_overnight_t_norm,0.01909,2264,keep,2018,2018-12-31
feature_r_overnight_t_rank,0.0107,2264,keep,2018,2018-12-31
feature_r_overnight_t_norm_rank,0.01909,2264,keep,2018,2018-12-31
feature_abs_r_overnight_t_norm,0.00791,2264,drop,2018,2018-12-31
feature_r_intraday_lag1,-0.02471,2264,flip,2018,2018-12-31
feature_r_close_to_close_lag1,-0.0181,2264,flip,2018,2018-12-31
feature_r_overnight_lag1,0.01856,2263,keep,2018,2018-12-31
feature_r_overnight_lag2,0.00976,2262,drop,2018,2018-12-31
feature_r_overnight_lag3,0.01256,2261,keep,2018,2018-12-31
feature_r_overnight_lag4,0.00821,2260,drop,2018,2018-12-31
feature_r_overnight_lag5,0.01939,2259,keep,2018,2018-12-31
feature_r_overnight_ma5,0.01749,2261,keep,2018,2018-12-31
feature_r_overnight_ma10,0.01858,2259,keep,2018,2018-12-31
feature_r_overnight_ma20,0.02151,2254,keep,2018,2018-12-31
feature_r_overnight_std20,0.02106,2254,keep,2018,2018-12-31
feature_r_overnight_cum5,0.01726,2263,keep,2018,2018-12-31
feature_r_intraday_lag2,-0.01707,2262,flip,2018,2018-12-31
feature_r_intraday_lag3,-0.01172,2261,flip,2018,2018-12-31
feature_r_intraday_ma5,-0.02621,2261,flip,2018,2018-12-31
feature_r_intraday_sum5_rank,-0.02621,2261,flip,2018,2018-12-31
feature_r_intraday_sum10,-0.02286,2259,flip,2018,2018-12-31
feature_r_intraday_sum10_rank,-0.02286,2259,flip,2018,2018-12-31
feature_r_intraday_sum20_rank,-0.01628,2254,flip,2018,2018-12-31
feature_adv20_lag1,0.01057,2264,keep,2018,2018-12-31
feature_vol20_lag1,0.02074,2264,keep,2018,2018-12-31
feature_vol5_lag1,0.01885,2261,keep,2018,2018-12-31
feature_vol60_lag1,0.02145,2234,keep,2018,2018-12-31
feature_parkinson_vol20_lag1,0.02104,2254,keep,2018,2018-12-31
feature_gk_vol20_lag1,0.02075,2254,keep,2018,2018-12-31
feature_short_dsi,0.00578,2264,drop,2018,2018-12-31
feature_short_days_to_cover,-0.00741,2264,drop,2018,2018-12-31
feature_short_days_to_cover_chg,-0.00374,2264,drop,2018,2018-12-31
short_dsi_pct,0.00578,2264,drop,2018,2018-12-31
short_dtc_pct,-0.00741,2264,drop,2018,2018-12-31
feature_day_of_week,,0,keep (categorical),2018,2018-12-31
feature_month,,0,keep (categorical),2018,2018-12-31
feature_open_to_prev_high,-0.01926,2263,flip,2018,2018-12-31
feature_open_to_prev_low,-0.004,2263,drop,2018,2018-12-31
feature_open_in_prev_range,-0.00764,2263,drop,2018,2018-12-31
feature_close_position_lag1,-0.02426,2263,flip,2018,2018-12-31
feature_range_ratio_lag1,0.01898,2263,keep,2018,2018-12-31
feature_rel_volume_lag1,0.00533,2264,drop,2018,2018-12-31
feature_vol_sign_x_id_lag1,-0.0046,2261,drop,2018,2018-12-31
feature_ds_lag1,0.02715,2263,keep,2018,2018-12-31
feature_ds_ma5,0.02793,2261,keep,2018,2018-12-31
feature_ds_ma10,0.02515,2259,keep,2018,2018-12-31
feature_ds_ma10_rank,0.02515,2259,keep,2018,2018-12-31
feature_ds_ma20,0.02191,2254,keep,2018,2018-12-31
feature_ds_ma20_rank,0.02191,2254,keep,2018,2018-12-31
feature_seor_lag1,0.01966,2234,keep,2018,2018-12-31
feature_beta_on,0.02817,2234,keep,2018,2018-12-31
feature_beta_id,0.02483,2234,keep,2018,2018-12-31
feature_orj_lag1,-0.00283,1992,drop,2018,2018-12-31
feature_pead_lag1,,0,keep (few days),2018,2018-12-31
feature_pre,-0.0027,2263,drop,2018,2018-12-31
feature_mom,-0.02471,2263,flip,2018,2018-12-31
feature_hlv,0.02127,2254,keep,2018,2018-12-31
feature_vol,0.01056,2254,keep,2018,2018-12-31
feature_mom5d_lag1,-0.01884,2261,flip,2018,2018-12-31
feature_mom5d_rank,-0.01884,2261,flip,2018,2018-12-31
feature_r_overnight_sum20_rank,0.02151,2254,keep,2018,2018-12-31
feature_on_pos_frac20,0.03293,2255,keep,2018,2018-12-31
feature_r_overnight_lag10,0.01538,2254,keep,2018,2018-12-31
feature_r_overnight_lag20,0.00653,2244,drop,2018,2018-12-31
feature_r_overnight_t,0.0107,2264,keep,2018,2019-03-31
feature_earnings_today,,0,keep (categorical),2018,2019-03-31
feature_r_overnight_t_norm,0.01909,2264,keep,2018,2019-03-31
feature_r_overnight_t_rank,0.0107,2264,keep,2018,2019-03-31
feature_r_overnight_t_norm_rank,0.01909,2264,keep,2018,2019-03-31
feature_abs_r_overnight_t_norm,0.00791,2264,drop,2018,2019-03-31
feature_r_intraday_lag1,-0.02471,2264,flip,2018,2019-03-31
feature_r_close_to_close_lag1,-0.0181,2264,flip,2018,2019-03-31
feature_r_overnight_lag1,0.01856,2263,keep,2018,2019-03-31
feature_r_overnight_lag2,0.00976,2262,drop,2018,2019-03-31
feature_r_overnight_lag3,0.01256,2261,keep,2018,2019-03-31
feature_r_overnight_lag4,0.00821,2260,drop,2018,2019-03-31
feature_r_overnight_lag5,0.01939,2259,keep,2018,2019-03-31
feature_r_overnight_ma5,0.01749,2261,keep,2018,2019-03-31
feature_r_overnight_ma10,0.01858,2259,keep,2018,2019-03-31
feature_r_overnight_ma20,0.02151,2254,keep,2018,2019-03-31
feature_r_overnight_std20,0.02106,2254,keep,2018,2019-03-31
feature_r_overnight_cum5,0.01726,2263,keep,2018,2019-03-31
feature_r_intraday_lag2,-0.01707,2262,flip,2018,2019-03-31
feature_r_intraday_lag3,-0.01172,2261,flip,2018,2019-03-31
feature_r_intraday_ma5,-0.02621,2261,flip,2018,2019-03-31
feature_r_intraday_sum5_rank,-0.02621,2261,flip,2018,2019-03-31
feature_r_intraday_sum10,-0.02286,2259,flip,2018,2019-03-31
feature_r_intraday_sum10_rank,-0.02286,2259,flip,2018,2019-03-31
feature_r_intraday_sum20_rank,-0.01628,2254,flip,2018,2019-03-31
feature_adv20_lag1,0.01057,2264,keep,2018,2019-03-31
feature_vol20_lag1,0.02074,2264,keep,2018,2019-03-31
feature_vol5_lag1,0.01885,2261,keep,2018,2019-03-31
feature_vol60_lag1,0.02145,2234,keep,2018,2019-03-31
feature_parkinson_vol20_lag1,0.02104,2254,keep,2018,2019-03-31
feature_gk_vol20_lag1,0.02075,2254,keep,2018,2019-03-31
feature_short_dsi,0.00578,2264,drop,2018,2019-03-31
feature_short_days_to_cover,-0.00741,2264,drop,2018,2019-03-31
feature_short_days_to_cover_chg,-0.00374,2264,drop,2018,2019-03-31
short_dsi_pct,0.00578,2264,drop,2018,2019-03-31
short_dtc_pct,-0.00741,2264,drop,2018,2019-03-31
feature_day_of_week,,0,keep (categorical),2018,2019-03-31
feature_month,,0,keep (categorical),2018,2019-03-31
feature_open_to_prev_high,-0.01926,2263,flip,2018,2019-03-31
feature_open_to_prev_low,-0.004,2263,drop,2018,2019-03-31
feature_open_in_prev_range,-0.00764,2263,drop,2018,2019-03-31
feature_close_position_lag1,-0.02426,2263,flip,2018,2019-03-31
feature_range_ratio_lag1,0.01898,2263,keep,2018,2019-03-31
feature_rel_volume_lag1,0.00533,2264,drop,2018,2019-03-31
feature_vol_sign_x_id_lag1,-0.0046,2261,drop,2018,2019-03-31
feature_ds_lag1,0.02715,2263,keep,2018,2019-03-31
feature_ds_ma5,0.02793,2261,keep,2018,2019-03-31
feature_ds_ma10,0.02515,2259,keep,2018,2019-03-31
feature_ds_ma10_rank,0.02515,2259,keep,2018,2019-03-31
feature_ds_ma20,0.02191,2254,keep,2018,2019-03-31
feature_ds_ma20_rank,0.02191,2254,keep,2018,2019-03-31
feature_seor_lag1,0.01966,2234,keep,2018,2019-03-31
feature_beta_on,0.02817,2234,keep,2018,2019-03-31
feature_beta_id,0.02483,2234,keep,2018,2019-03-31
feature_orj_lag1,-0.00283,1992,drop,2018,2019-03-31
feature_pead_lag1,,0,keep (few days),2018,2019-03-31
feature_pre,-0.0027,2263,drop,2018,2019-03-31
feature_mom,-0.02471,2263,flip,2018,2019-03-31
feature_hlv,0.02127,2254,keep,2018,2019-03-31
feature_vol,0.01056,2254,keep,2018,2019-03-31
feature_mom5d_lag1,-0.01884,2261,flip,2018,2019-03-31
feature_mom5d_rank,-0.01884,2261,flip,2018,2019-03-31
feature_r_overnight_sum20_rank,0.02151,2254,keep,2018,2019-03-31
feature_on_pos_frac20,0.03293,2255,keep,2018,2019-03-31
feature_r_overnight_lag10,0.01538,2254,keep,2018,2019-03-31
feature_r_overnight_lag20,0.00653,2244,drop,2018,2019-03-31
feature_r_overnight_t,0.0107,2264,keep,2018,2019-06-30
feature_earnings_today,,0,keep (categorical),2018,2019-06-30
feature_r_overnight_t_norm,0.01909,2264,keep,2018,2019-06-30
feature_r_overnight_t_rank,0.0107,2264,keep,2018,2019-06-30
feature_r_overnight_t_norm_rank,0.01909,2264,keep,2018,2019-06-30
feature_abs_r_overnight_t_norm,0.00791,2264,drop,2018,2019-06-30
feature_r_intraday_lag1,-0.02471,2264,flip,2018,2019-06-30
feature_r_close_to_close_lag1,-0.0181,2264,flip,2018,2019-06-30
feature_r_overnight_lag1,0.01856,2263,keep,2018,2019-06-30
feature_r_overnight_lag2,0.00976,2262,drop,2018,2019-06-30
feature_r_overnight_lag3,0.01256,2261,keep,2018,2019-06-30
feature_r_overnight_lag4,0.00821,2260,drop,2018,2019-06-30
feature_r_overnight_lag5,0.01939,2259,keep,2018,2019-06-30
feature_r_overnight_ma5,0.01749,2261,keep,2018,2019-06-30
feature_r_overnight_ma10,0.01858,2259,keep,2018,2019-06-30
feature_r_overnight_ma20,0.02151,2254,keep,2018,2019-06-30
feature_r_overnight_std20,0.02106,2254,keep,2018,2019-06-30
feature_r_overnight_cum5,0.01726,2263,keep,2018,2019-06-30
feature_r_intraday_lag2,-0.01707,2262,flip,2018,2019-06-30
feature_r_intraday_lag3,-0.01172,2261,flip,2018,2019-06-30
feature_r_intraday_ma5,-0.02621,2261,flip,2018,2019-06-30
feature_r_intraday_sum5_rank,-0.02621,2261,flip,2018,2019-06-30
feature_r_intraday_sum10,-0.02286,2259,flip,2018,2019-06-30
feature_r_intraday_sum10_rank,-0.02286,2259,flip,2018,2019-06-30
feature_r_intraday_sum20_rank,-0.01628,2254,flip,2018,2019-06-30
feature_adv20_lag1,0.01057,2264,keep,2018,2019-06-30
feature_vol20_lag1,0.02074,2264,keep,2018,2019-06-30
feature_vol5_lag1,0.01885,2261,keep,2018,2019-06-30
feature_vol60_lag1,0.02145,2234,keep,2018,2019-06-30
feature_parkinson_vol20_lag1,0.02104,2254,keep,2018,2019-06-30
feature_gk_vol20_lag1,0.02075,2254,keep,2018,2019-06-30
feature_short_dsi,0.00578,2264,drop,2018,2019-06-30
feature_short_days_to_cover,-0.00741,2264,drop,2018,2019-06-30
feature_short_days_to_cover_chg,-0.00374,2264,drop,2018,2019-06-30
short_dsi_pct,0.00578,2264,drop,2018,2019-06-30
short_dtc_pct,-0.00741,2264,drop,2018,2019-06-30
feature_day_of_week,,0,keep (categorical),2018,2019-06-30
feature_month,,0,keep (categorical),2018,2019-06-30
feature_open_to_prev_high,-0.01926,2263,flip,2018,2019-06-30
feature_open_to_prev_low,-0.004,2263,drop,2018,2019-06-30
feature_open_in_prev_range,-0.00764,2263,drop,2018,2019-06-30
feature_close_position_lag1,-0.02426,2263,flip,2018,2019-06-30
feature_range_ratio_lag1,0.01898,2263,keep,2018,2019-06-30
feature_rel_volume_lag1,0.00533,2264,drop,2018,2019-06-30
feature_vol_sign_x_id_lag1,-0.0046,2261,drop,2018,2019-06-30
feature_ds_lag1,0.02715,2263,keep,2018,2019-06-30
feature_ds_ma5,0.02793,2261,keep,2018,2019-06-30
feature_ds_ma10,0.02515,2259,keep,2018,2019-06-30
feature_ds_ma10_rank,0.02515,2259,keep,2018,2019-06-30
feature_ds_ma20,0.02191,2254,keep,2018,2019-06-30
feature_ds_ma20_rank,0.02191,2254,keep,2018,2019-06-30
feature_seor_lag1,0.01966,2234,keep,2018,2019-06-30
feature_beta_on,0.02817,2234,keep,2018,2019-06-30
feature_beta_id,0.02483,2234,keep,2018,2019-06-30
feature_orj_lag1,-0.00283,1992,drop,2018,2019-06-30
feature_pead_lag1,,0,keep (few days),2018,2019-06-30
feature_pre,-0.0027,2263,drop,2018,2019-06-30
feature_mom,-0.02471,2263,flip,2018,2019-06-30
feature_hlv,0.02127,2254,keep,2018,2019-06-30
feature_vol,0.01056,2254,keep,2018,2019-06-30
feature_mom5d_lag1,-0.01884,2261,flip,2018,2019-06-30
feature_mom5d_rank,-0.01884,2261,flip,2018,2019-06-30
feature_r_overnight_sum20_rank,0.02151,2254,keep,2018,2019-06-30
feature_on_pos_frac20,0.03293,2255,keep,2018,2019-06-30
feature_r_overnight_lag10,0.01538,2254,keep,2018,2019-06-30
feature_r_overnight_lag20,0.00653,2244,drop,2018,2019-06-30
feature_r_overnight_t,0.0107,2264,keep,2018,2019-09-30
feature_earnings_today,,0,keep (categorical),2018,2019-09-30
feature_r_overnight_t_norm,0.01909,2264,keep,2018,2019-09-30
feature_r_overnight_t_rank,0.0107,2264,keep,2018,2019-09-30
feature_r_overnight_t_norm_rank,0.01909,2264,keep,2018,2019-09-30
feature_abs_r_overnight_t_norm,0.00791,2264,drop,2018,2019-09-30
feature_r_intraday_lag1,-0.02471,2264,flip,2018,2019-09-30
feature_r_close_to_close_lag1,-0.0181,2264,flip,2018,2019-09-30
feature_r_overnight_lag1,0.01856,2263,keep,2018,2019-09-30
feature_r_overnight_lag2,0.00976,2262,drop,2018,2019-09-30
feature_r_overnight_lag3,0.01256,2261,keep,2018,2019-09-30
feature_r_overnight_lag4,0.00821,2260,drop,2018,2019-09-30
feature_r_overnight_lag5,0.01939,2259,keep,2018,2019-09-30
feature_r_overnight_ma5,0.01749,2261,keep,2018,2019-09-30
feature_r_overnight_ma10,0.01858,2259,keep,2018,2019-09-30
feature_r_overnight_ma20,0.02151,2254,keep,2018,2019-09-30
feature_r_overnight_std20,0.02106,2254,keep,2018,2019-09-30
feature_r_overnight_cum5,0.01726,2263,keep,2018,2019-09-30
feature_r_intraday_lag2,-0.01707,2262,flip,2018,2019-09-30
feature_r_intraday_lag3,-0.01172,2261,flip,2018,2019-09-30
feature_r_intraday_ma5,-0.02621,2261,flip,2018,2019-09-30
feature_r_intraday_sum5_rank,-0.02621,2261,flip,2018,2019-09-30
feature_r_intraday_sum10,-0.02286,2259,flip,2018,2019-09-30
feature_r_intraday_sum10_rank,-0.02286,2259,flip,2018,2019-09-30
feature_r_intraday_sum20_rank,-0.01628,2254,flip,2018,2019-09-30
feature_adv20_lag1,0.01057,2264,keep,2018,2019-09-30
feature_vol20_lag1,0.02074,2264,keep,2018,2019-09-30
feature_vol5_lag1,0.01885,2261,keep,2018,2019-09-30
feature_vol60_lag1,0.02145,2234,keep,2018,2019-09-30
feature_parkinson_vol20_lag1,0.02104,2254,keep,2018,2019-09-30
feature_gk_vol20_lag1,0.02075,2254,keep,2018,2019-09-30
feature_short_dsi,0.00578,2264,drop,2018,2019-09-30
feature_short_days_to_cover,-0.00741,2264,drop,2018,2019-09-30
feature_short_days_to_cover_chg,-0.00374,2264,drop,2018,2019-09-30
short_dsi_pct,0.00578,2264,drop,2018,2019-09-30
short_dtc_pct,-0.00741,2264,drop,2018,2019-09-30
feature_day_of_week,,0,keep (categorical),2018,2019-09-30
feature_month,,0,keep (categorical),2018,2019-09-30
feature_open_to_prev_high,-0.01926,2263,flip,2018,2019-09-30
feature_open_to_prev_low,-0.004,2263,drop,2018,2019-09-30
feature_open_in_prev_range,-0.00764,2263,drop,2018,2019-09-30
feature_close_position_lag1,-0.02426,2263,flip,2018,2019-09-30
feature_range_ratio_lag1,0.01898,2263,keep,2018,2019-09-30
feature_rel_volume_lag1,0.00533,2264,drop,2018,2019-09-30
feature_vol_sign_x_id_lag1,-0.0046,2261,drop,2018,2019-09-30
feature_ds_lag1,0.02715,2263,keep,2018,2019-09-30
feature_ds_ma5,0.02793,2261,keep,2018,2019-09-30
feature_ds_ma10,0.02515,2259,keep,2018,2019-09-30
feature_ds_ma10_rank,0.02515,2259,keep,2018,2019-09-30
feature_ds_ma20,0.02191,2254,keep,2018,2019-09-30
feature_ds_ma20_rank,0.02191,2254,keep,2018,2019-09-30
feature_seor_lag1,0.01966,2234,keep,2018,2019-09-30
feature_beta_on,0.02817,2234,keep,2018,2019-09-30
feature_beta_id,0.02483,2234,keep,2018,2019-09-30
feature_orj_lag1,-0.00283,1992,drop,2018,2019-09-30
feature_pead_lag1,,0,keep (few days),2018,2019-09-30
feature_pre,-0.0027,2263,drop,2018,2019-09-30
feature_mom,-0.02471,2263,flip,2018,2019-09-30
feature_hlv,0.02127,2254,keep,2018,2019-09-30
feature_vol,0.01056,2254,keep,2018,2019-09-30
feature_mom5d_lag1,-0.01884,2261,flip,2018,2019-09-30
feature_mom5d_rank,-0.01884,2261,flip,2018,2019-09-30
feature_r_overnight_sum20_rank,0.02151,2254,keep,2018,2019-09-30
feature_on_pos_frac20,0.03293,2255,keep,2018,2019-09-30
feature_r_overnight_lag10,0.01538,2254,keep,2018,2019-09-30
feature_r_overnight_lag20,0.00653,2244,drop,2018,2019-09-30
feature_r_overnight_t,0.00791,2516,drop,2019,2019-12-31
feature_earnings_today,,0,keep (categorical),2019,2019-12-31
feature_r_overnight_t_norm,0.0152,2516,keep,2019,2019-12-31
feature_r_overnight_t_rank,0.00791,2516,drop,2019,2019-12-31
feature_r_overnight_t_norm_rank,0.0152,2516,keep,2019,2019-12-31
feature_abs_r_overnight_t_norm,0.00628,2516,drop,2019,2019-12-31
feature_r_intraday_lag1,-0.02409,2516,flip,2019,2019-12-31
feature_r_close_to_close_lag1,-0.01739,2516,flip,2019,2019-12-31
feature_r_overnight_lag1,0.01829,2515,keep,2019,2019-12-31
feature_r_overnight_lag2,0.00935,2514,drop,2019,2019-12-31
feature_r_overnight_lag3,0.01265,2513,keep,2019,2019-12-31
feature_r_overnight_lag4,0.00726,2512,drop,2019,2019-12-31
feature_r_overnight_lag5,0.01974,2511,keep,2019,2019-12-31
feature_r_overnight_ma5,0.0172,2513,keep,2019,2019-12-31
feature_r_overnight_ma10,0.01783,2511,keep,2019,2019-12-31
feature_r_overnight_ma20,0.01959,2506,keep,2019,2019-12-31
feature_r_overnight_std20,0.02101,2506,keep,2019,2019-12-31
feature_r_overnight_cum5,0.01697,2515,keep,2019,2019-12-31
feature_r_intraday_lag2,-0.01689,2514,flip,2019,2019-12-31
feature_r_intraday_lag3,-0.01027,2513,flip,2019,2019-12-31
feature_r_intraday_ma5,-0.02634,2513,flip,2019,2019-12-31
feature_r_intraday_sum5_rank,-0.02634,2513,flip,2019,2019-12-31
feature_r_intraday_sum10,-0.024,2511,flip,2019,2019-12-31
feature_r_intraday_sum10_rank,-0.024,2511,flip,2019,2019-12-31
feature_r_intraday_sum20_rank,-0.01858,2506,flip,2019,2019-12-31
feature_adv20_lag1,0.01102,2516,keep,2019,2019-12-31
feature_vol20_lag1,0.0205,2516,keep,2019,2019-12-31
feature_vol5_lag1,0.0188,2513,keep,2019,2019-12-31
feature_vol60_lag1,0.02101,2486,keep,2019,2019-12-31
feature_parkinson_vol20_lag1,0.02042,2506,keep,2019,2019-12-31
feature_gk_vol20_lag1,0.02012,2506,keep,2019,2019-12-31
feature_short_dsi,0.00542,2516,drop,2019,2019-12-31
feature_short_days_to_cover,-0.00699,2516,drop,2019,2019-12-31
feature_short_days_to_cover_chg,-0.00371,2516,drop,2019,2019-12-31
short_dsi_pct,0.00542,2516,drop,2019,2019-12-31
short_dtc_pct,-0.00699,2516,drop,2019,2019-12-31
feature_day_of_week,,0,keep (categorical),2019,2019-12-31
feature_month,,0,keep (categorical),2019,2019-12-31
feature_open_to_prev_high,-0.02042,2515,flip,2019,2019-12-31
feature_open_to_prev_low,-0.00508,2515,drop,2019,2019-12-31
feature_open_in_prev_range,-0.00932,2515,drop,2019,2019-12-31
feature_close_position_lag1,-0.02363,2515,flip,2019,2019-12-31
feature_range_ratio_lag1,0.01938,2515,keep,2019,2019-12-31
feature_rel_volume_lag1,0.00462,2516,drop,2019,2019-12-31
feature_vol_sign_x_id_lag1,-0.00422,2513,drop,2019,2019-12-31
feature_ds_lag1,0.02657,2515,keep,2019,2019-12-31
feature_ds_ma5,0.02827,2513,keep,2019,2019-12-31
feature_ds_ma10,0.0262,2511,keep,2019,2019-12-31
feature_ds_ma10_rank,0.0262,2511,keep,2019,2019-12-31
feature_ds_ma20,0.02321,2506,keep,2019,2019-12-31
feature_ds_ma20_rank,0.02321,2506,keep,2019,2019-12-31
feature_seor_lag1,0.01867,2486,keep,2019,2019-12-31
feature_beta_on,0.02751,2486,keep,2019,2019-12-31
feature_beta_id,0.02401,2486,keep,2019,2019-12-31
feature_orj_lag1,-0.00318,2207,drop,2019,2019-12-31
feature_pead_lag1,,0,keep (few days),2019,2019-12-31
feature_pre,-0.00118,2515,drop,2019,2019-12-31
feature_mom,-0.0241,2515,flip,2019,2019-12-31
feature_hlv,0.02064,2506,keep,2019,2019-12-31
feature_vol,0.01102,2506,keep,2019,2019-12-31
feature_mom5d_lag1,-0.01882,2513,flip,2019,2019-12-31
feature_mom5d_rank,-0.01882,2513,flip,2019,2019-12-31
feature_r_overnight_sum20_rank,0.01959,2506,keep,2019,2019-12-31
feature_on_pos_frac20,0.03027,2507,keep,2019,2019-12-31
feature_r_overnight_lag10,0.01496,2506,keep,2019,2019-12-31
feature_r_overnight_lag20,0.0054,2496,drop,2019,2019-12-31
feature_r_overnight_t,0.00791,2516,drop,2019,2020-03-31
feature_earnings_today,,0,keep (categorical),2019,2020-03-31
feature_r_overnight_t_norm,0.0152,2516,keep,2019,2020-03-31
feature_r_overnight_t_rank,0.00791,2516,drop,2019,2020-03-31
feature_r_overnight_t_norm_rank,0.0152,2516,keep,2019,2020-03-31
feature_abs_r_overnight_t_norm,0.00628,2516,drop,2019,2020-03-31
feature_r_intraday_lag1,-0.02409,2516,flip,2019,2020-03-31
feature_r_close_to_close_lag1,-0.01739,2516,flip,2019,2020-03-31
feature_r_overnight_lag1,0.01829,2515,keep,2019,2020-03-31
feature_r_overnight_lag2,0.00935,2514,drop,2019,2020-03-31
feature_r_overnight_lag3,0.01265,2513,keep,2019,2020-03-31
feature_r_overnight_lag4,0.00726,2512,drop,2019,2020-03-31
feature_r_overnight_lag5,0.01974,2511,keep,2019,2020-03-31
feature_r_overnight_ma5,0.0172,2513,keep,2019,2020-03-31
feature_r_overnight_ma10,0.01783,2511,keep,2019,2020-03-31
feature_r_overnight_ma20,0.01959,2506,keep,2019,2020-03-31
feature_r_overnight_std20,0.02101,2506,keep,2019,2020-03-31
feature_r_overnight_cum5,0.01697,2515,keep,2019,2020-03-31
feature_r_intraday_lag2,-0.01689,2514,flip,2019,2020-03-31
feature_r_intraday_lag3,-0.01027,2513,flip,2019,2020-03-31
feature_r_intraday_ma5,-0.02634,2513,flip,2019,2020-03-31
feature_r_intraday_sum5_rank,-0.02634,2513,flip,2019,2020-03-31
feature_r_intraday_sum10,-0.024,2511,flip,2019,2020-03-31
feature_r_intraday_sum10_rank,-0.024,2511,flip,2019,2020-03-31
feature_r_intraday_sum20_rank,-0.01858,2506,flip,2019,2020-03-31
feature_adv20_lag1,0.01102,2516,keep,2019,2020-03-31
feature_vol20_lag1,0.0205,2516,keep,2019,2020-03-31
feature_vol5_lag1,0.0188,2513,keep,2019,2020-03-31
feature_vol60_lag1,0.02101,2486,keep,2019,2020-03-31
feature_parkinson_vol20_lag1,0.02042,2506,keep,2019,2020-03-31
feature_gk_vol20_lag1,0.02012,2506,keep,2019,2020-03-31
feature_short_dsi,0.00542,2516,drop,2019,2020-03-31
feature_short_days_to_cover,-0.00699,2516,drop,2019,2020-03-31
feature_short_days_to_cover_chg,-0.00371,2516,drop,2019,2020-03-31
short_dsi_pct,0.00542,2516,drop,2019,2020-03-31
short_dtc_pct,-0.00699,2516,drop,2019,2020-03-31
feature_day_of_week,,0,keep (categorical),2019,2020-03-31
feature_month,,0,keep (categorical),2019,2020-03-31
feature_open_to_prev_high,-0.02042,2515,flip,2019,2020-03-31
feature_open_to_prev_low,-0.00508,2515,drop,2019,2020-03-31
feature_open_in_prev_range,-0.00932,2515,drop,2019,2020-03-31
feature_close_position_lag1,-0.02363,2515,flip,2019,2020-03-31
feature_range_ratio_lag1,0.01938,2515,keep,2019,2020-03-31
feature_rel_volume_lag1,0.00462,2516,drop,2019,2020-03-31
feature_vol_sign_x_id_lag1,-0.00422,2513,drop,2019,2020-03-31
feature_ds_lag1,0.02657,2515,keep,2019,2020-03-31
feature_ds_ma5,0.02827,2513,keep,2019,2020-03-31
feature_ds_ma10,0.0262,2511,keep,2019,2020-03-31
feature_ds_ma10_rank,0.0262,2511,keep,2019,2020-03-31
feature_ds_ma20,0.02321,2506,keep,2019,2020-03-31
feature_ds_ma20_rank,0.02321,2506,keep,2019,2020-03-31
feature_seor_lag1,0.01867,2486,keep,2019,2020-03-31
feature_beta_on,0.02751,2486,keep,2019,2020-03-31
feature_beta_id,0.02401,2486,keep,2019,2020-03-31
feature_orj_lag1,-0.00318,2207,drop,2019,2020-03-31
feature_pead_lag1,,0,keep (few days),2019,2020-03-31
feature_pre,-0.00118,2515,drop,2019,2020-03-31
feature_mom,-0.0241,2515,flip,2019,2020-03-31
feature_hlv,0.02064,2506,keep,2019,2020-03-31
feature_vol,0.01102,2506,keep,2019,2020-03-31
feature_mom5d_lag1,-0.01882,2513,flip,2019,2020-03-31
feature_mom5d_rank,-0.01882,2513,flip,2019,2020-03-31
feature_r_overnight_sum20_rank,0.01959,2506,keep,2019,2020-03-31
feature_on_pos_frac20,0.03027,2507,keep,2019,2020-03-31
feature_r_overnight_lag10,0.01496,2506,keep,2019,2020-03-31
feature_r_overnight_lag20,0.0054,2496,drop,2019,2020-03-31
feature_r_overnight_t,0.00791,2516,drop,2019,2020-06-30
feature_earnings_today,,0,keep (categorical),2019,2020-06-30
feature_r_overnight_t_norm,0.0152,2516,keep,2019,2020-06-30
feature_r_overnight_t_rank,0.00791,2516,drop,2019,2020-06-30
feature_r_overnight_t_norm_rank,0.0152,2516,keep,2019,2020-06-30
feature_abs_r_overnight_t_norm,0.00628,2516,drop,2019,2020-06-30
feature_r_intraday_lag1,-0.02409,2516,flip,2019,2020-06-30
feature_r_close_to_close_lag1,-0.01739,2516,flip,2019,2020-06-30
feature_r_overnight_lag1,0.01829,2515,keep,2019,2020-06-30
feature_r_overnight_lag2,0.00935,2514,drop,2019,2020-06-30
feature_r_overnight_lag3,0.01265,2513,keep,2019,2020-06-30
feature_r_overnight_lag4,0.00726,2512,drop,2019,2020-06-30
feature_r_overnight_lag5,0.01974,2511,keep,2019,2020-06-30
feature_r_overnight_ma5,0.0172,2513,keep,2019,2020-06-30
feature_r_overnight_ma10,0.01783,2511,keep,2019,2020-06-30
feature_r_overnight_ma20,0.01959,2506,keep,2019,2020-06-30
feature_r_overnight_std20,0.02101,2506,keep,2019,2020-06-30
feature_r_overnight_cum5,0.01697,2515,keep,2019,2020-06-30
feature_r_intraday_lag2,-0.01689,2514,flip,2019,2020-06-30
feature_r_intraday_lag3,-0.01027,2513,flip,2019,2020-06-30
feature_r_intraday_ma5,-0.02634,2513,flip,2019,2020-06-30
feature_r_intraday_sum5_rank,-0.02634,2513,flip,2019,2020-06-30
feature_r_intraday_sum10,-0.024,2511,flip,2019,2020-06-30
feature_r_intraday_sum10_rank,-0.024,2511,flip,2019,2020-06-30
feature_r_intraday_sum20_rank,-0.01858,2506,flip,2019,2020-06-30
feature_adv20_lag1,0.01102,2516,keep,2019,2020-06-30
feature_vol20_lag1,0.0205,2516,keep,2019,2020-06-30
feature_vol5_lag1,0.0188,2513,keep,2019,2020-06-30
feature_vol60_lag1,0.02101,2486,keep,2019,2020-06-30
feature_parkinson_vol20_lag1,0.02042,2506,keep,2019,2020-06-30
feature_gk_vol20_lag1,0.02012,2506,keep,2019,2020-06-30
feature_short_dsi,0.00542,2516,drop,2019,2020-06-30
feature_short_days_to_cover,-0.00699,2516,drop,2019,2020-06-30
feature_short_days_to_cover_chg,-0.00371,2516,drop,2019,2020-06-30
short_dsi_pct,0.00542,2516,drop,2019,2020-06-30
short_dtc_pct,-0.00699,2516,drop,2019,2020-06-30
feature_day_of_week,,0,keep (categorical),2019,2020-06-30
feature_month,,0,keep (categorical),2019,2020-06-30
feature_open_to_prev_high,-0.02042,2515,flip,2019,2020-06-30
feature_open_to_prev_low,-0.00508,2515,drop,2019,2020-06-30
feature_open_in_prev_range,-0.00932,2515,drop,2019,2020-06-30
feature_close_position_lag1,-0.02363,2515,flip,2019,2020-06-30
feature_range_ratio_lag1,0.01938,2515,keep,2019,2020-06-30
feature_rel_volume_lag1,0.00462,2516,drop,2019,2020-06-30
feature_vol_sign_x_id_lag1,-0.00422,2513,drop,2019,2020-06-30
feature_ds_lag1,0.02657,2515,keep,2019,2020-06-30
feature_ds_ma5,0.02827,2513,keep,2019,2020-06-30
feature_ds_ma10,0.0262,2511,keep,2019,2020-06-30
feature_ds_ma10_rank,0.0262,2511,keep,2019,2020-06-30
feature_ds_ma20,0.02321,2506,keep,2019,2020-06-30
feature_ds_ma20_rank,0.02321,2506,keep,2019,2020-06-30
feature_seor_lag1,0.01867,2486,keep,2019,2020-06-30
feature_beta_on,0.02751,2486,keep,2019,2020-06-30
feature_beta_id,0.02401,2486,keep,2019,2020-06-30
feature_orj_lag1,-0.00318,2207,drop,2019,2020-06-30
feature_pead_lag1,,0,keep (few days),2019,2020-06-30
feature_pre,-0.00118,2515,drop,2019,2020-06-30
feature_mom,-0.0241,2515,flip,2019,2020-06-30
feature_hlv,0.02064,2506,keep,2019,2020-06-30
feature_vol,0.01102,2506,keep,2019,2020-06-30
feature_mom5d_lag1,-0.01882,2513,flip,2019,2020-06-30
feature_mom5d_rank,-0.01882,2513,flip,2019,2020-06-30
feature_r_overnight_sum20_rank,0.01959,2506,keep,2019,2020-06-30
feature_on_pos_frac20,0.03027,2507,keep,2019,2020-06-30
feature_r_overnight_lag10,0.01496,2506,keep,2019,2020-06-30
feature_r_overnight_lag20,0.0054,2496,drop,2019,2020-06-30
feature_r_overnight_t,0.00791,2516,drop,2019,2020-09-30
feature_earnings_today,,0,keep (categorical),2019,2020-09-30
feature_r_overnight_t_norm,0.0152,2516,keep,2019,2020-09-30
feature_r_overnight_t_rank,0.00791,2516,drop,2019,2020-09-30
feature_r_overnight_t_norm_rank,0.0152,2516,keep,2019,2020-09-30
feature_abs_r_overnight_t_norm,0.00628,2516,drop,2019,2020-09-30
feature_r_intraday_lag1,-0.02409,2516,flip,2019,2020-09-30
feature_r_close_to_close_lag1,-0.01739,2516,flip,2019,2020-09-30
feature_r_overnight_lag1,0.01829,2515,keep,2019,2020-09-30
feature_r_overnight_lag2,0.00935,2514,drop,2019,2020-09-30
feature_r_overnight_lag3,0.01265,2513,keep,2019,2020-09-30
feature_r_overnight_lag4,0.00726,2512,drop,2019,2020-09-30
feature_r_overnight_lag5,0.01974,2511,keep,2019,2020-09-30
feature_r_overnight_ma5,0.0172,2513,keep,2019,2020-09-30
feature_r_overnight_ma10,0.01783,2511,keep,2019,2020-09-30
feature_r_overnight_ma20,0.01959,2506,keep,2019,2020-09-30
feature_r_overnight_std20,0.02101,2506,keep,2019,2020-09-30
feature_r_overnight_cum5,0.01697,2515,keep,2019,2020-09-30
feature_r_intraday_lag2,-0.01689,2514,flip,2019,2020-09-30
feature_r_intraday_lag3,-0.01027,2513,flip,2019,2020-09-30
feature_r_intraday_ma5,-0.02634,2513,flip,2019,2020-09-30
feature_r_intraday_sum5_rank,-0.02634,2513,flip,2019,2020-09-30
feature_r_intraday_sum10,-0.024,2511,flip,2019,2020-09-30
feature_r_intraday_sum10_rank,-0.024,2511,flip,2019,2020-09-30
feature_r_intraday_sum20_rank,-0.01858,2506,flip,2019,2020-09-30
feature_adv20_lag1,0.01102,2516,keep,2019,2020-09-30
feature_vol20_lag1,0.0205,2516,keep,2019,2020-09-30
feature_vol5_lag1,0.0188,2513,keep,2019,2020-09-30
feature_vol60_lag1,0.02101,2486,keep,2019,2020-09-30
feature_parkinson_vol20_lag1,0.02042,2506,keep,2019,2020-09-30
feature_gk_vol20_lag1,0.02012,2506,keep,2019,2020-09-30
feature_short_dsi,0.00542,2516,drop,2019,2020-09-30
feature_short_days_to_cover,-0.00699,2516,drop,2019,2020-09-30
feature_short_days_to_cover_chg,-0.00371,2516,drop,2019,2020-09-30
short_dsi_pct,0.00542,2516,drop,2019,2020-09-30
short_dtc_pct,-0.00699,2516,drop,2019,2020-09-30
feature_day_of_week,,0,keep (categorical),2019,2020-09-30
feature_month,,0,keep (categorical),2019,2020-09-30
feature_open_to_prev_high,-0.02042,2515,flip,2019,2020-09-30
feature_open_to_prev_low,-0.00508,2515,drop,2019,2020-09-30
feature_open_in_prev_range,-0.00932,2515,drop,2019,2020-09-30
feature_close_position_lag1,-0.02363,2515,flip,2019,2020-09-30
feature_range_ratio_lag1,0.01938,2515,keep,2019,2020-09-30
feature_rel_volume_lag1,0.00462,2516,drop,2019,2020-09-30
feature_vol_sign_x_id_lag1,-0.00422,2513,drop,2019,2020-09-30
feature_ds_lag1,0.02657,2515,keep,2019,2020-09-30
feature_ds_ma5,0.02827,2513,keep,2019,2020-09-30
feature_ds_ma10,0.0262,2511,keep,2019,2020-09-30
feature_ds_ma10_rank,0.0262,2511,keep,2019,2020-09-30
feature_ds_ma20,0.02321,2506,keep,2019,2020-09-30
feature_ds_ma20_rank,0.02321,2506,keep,2019,2020-09-30
feature_seor_lag1,0.01867,2486,keep,2019,2020-09-30
feature_beta_on,0.02751,2486,keep,2019,2020-09-30
feature_beta_id,0.02401,2486,keep,2019,2020-09-30
feature_orj_lag1,-0.00318,2207,drop,2019,2020-09-30
feature_pead_lag1,,0,keep (few days),2019,2020-09-30
feature_pre,-0.00118,2515,drop,2019,2020-09-30
feature_mom,-0.0241,2515,flip,2019,2020-09-30
feature_hlv,0.02064,2506,keep,2019,2020-09-30
feature_vol,0.01102,2506,keep,2019,2020-09-30
feature_mom5d_lag1,-0.01882,2513,flip,2019,2020-09-30
feature_mom5d_rank,-0.01882,2513,flip,2019,2020-09-30
feature_r_overnight_sum20_rank,0.01959,2506,keep,2019,2020-09-30
feature_on_pos_frac20,0.03027,2507,keep,2019,2020-09-30
feature_r_overnight_lag10,0.01496,2506,keep,2019,2020-09-30
feature_r_overnight_lag20,0.0054,2496,drop,2019,2020-09-30
feature_r_overnight_t,0.00938,2769,drop,2020,2020-12-31
feature_earnings_today,,0,keep (categorical),2020,2020-12-31
feature_r_overnight_t_norm,0.01723,2769,keep,2020,2020-12-31
feature_r_overnight_t_rank,0.00938,2769,drop,2020,2020-12-31
feature_r_overnight_t_norm_rank,0.01723,2769,keep,2020,2020-12-31
feature_abs_r_overnight_t_norm,0.00628,2769,drop,2020,2020-12-31
feature_r_intraday_lag1,-0.02185,2769,flip,2020,2020-12-31
feature_r_close_to_close_lag1,-0.01646,2769,flip,2020,2020-12-31
feature_r_overnight_lag1,0.01536,2768,keep,2020,2020-12-31
feature_r_overnight_lag2,0.0057,2767,drop,2020,2020-12-31
feature_r_overnight_lag3,0.01152,2766,keep,2020,2020-12-31
feature_r_overnight_lag4,0.008,2765,drop,2020,2020-12-31
feature_r_overnight_lag5,0.01626,2764,keep,2020,2020-12-31
feature_r_overnight_ma5,0.01366,2766,keep,2020,2020-12-31
feature_r_overnight_ma10,0.01667,2764,keep,2020,2020-12-31
feature_r_overnight_ma20,0.01911,2759,keep,2020,2020-12-31
feature_r_overnight_std20,0.02014,2759,keep,2020,2020-12-31
feature_r_overnight_cum5,0.01341,2768,keep,2020,2020-12-31
feature_r_intraday_lag2,-0.01501,2767,flip,2020,2020-12-31
feature_r_intraday_lag3,-0.01095,2766,flip,2020,2020-12-31
feature_r_intraday_ma5,-0.02472,2766,flip,2020,2020-12-31
feature_r_intraday_sum5_rank,-0.02472,2766,flip,2020,2020-12-31
feature_r_intraday_sum10,-0.02175,2764,flip,2020,2020-12-31
feature_r_intraday_sum10_rank,-0.02175,2764,flip,2020,2020-12-31
feature_r_intraday_sum20_rank,-0.01532,2759,flip,2020,2020-12-31
feature_adv20_lag1,0.01071,2769,keep,2020,2020-12-31
feature_vol20_lag1,0.02001,2769,keep,2020,2020-12-31
feature_vol5_lag1,0.01872,2766,keep,2020,2020-12-31
feature_vol60_lag1,0.02053,2739,keep,2020,2020-12-31
feature_parkinson_vol20_lag1,0.0206,2759,keep,2020,2020-12-31
feature_gk_vol20_lag1,0.02042,2759,keep,2020,2020-12-31
feature_short_dsi,0.00698,2769,drop,2020,2020-12-31
feature_short_days_to_cover,-0.00547,2769,drop,2020,2020-12-31
feature_short_days_to_cover_chg,-0.00339,2769,drop,2020,2020-12-31
short_dsi_pct,0.00698,2769,drop,2020,2020-12-31
short_dtc_pct,-0.00547,2769,drop,2020,2020-12-31
feature_day_of_week,,0,keep (categorical),2020,2020-12-31
feature_month,,0,keep (categorical),2020,2020-12-31
feature_open_to_prev_high,-0.01847,2768,flip,2020,2020-12-31
feature_open_to_prev_low,-0.00364,2768,drop,2020,2020-12-31
feature_open_in_prev_range,-0.00738,2768,drop,2020,2020-12-31
feature_close_position_lag1,-0.02226,2768,flip,2020,2020-12-31
feature_range_ratio_lag1,0.01936,2768,keep,2020,2020-12-31
feature_rel_volume_lag1,0.00369,2769,drop,2020,2020-12-31
feature_vol_sign_x_id_lag1,-0.00382,2766,drop,2020,2020-12-31
feature_ds_lag1,0.02337,2768,keep,2020,2020-12-31
feature_ds_ma5,0.02479,2766,keep,2020,2020-12-31
feature_ds_ma10,0.0239,2764,keep,2020,2020-12-31
feature_ds_ma10_rank,0.0239,2764,keep,2020,2020-12-31
feature_ds_ma20,0.02005,2759,keep,2020,2020-12-31
feature_ds_ma20_rank,0.02005,2759,keep,2020,2020-12-31
feature_seor_lag1,0.01648,2739,keep,2020,2020-12-31
feature_beta_on,0.0246,2739,keep,2020,2020-12-31
feature_beta_id,0.02036,2739,keep,2020,2020-12-31
feature_orj_lag1,-0.00298,2398,drop,2020,2020-12-31
feature_pead_lag1,,0,keep (few days),2020,2020-12-31
feature_pre,0.00122,2768,drop,2020,2020-12-31
feature_mom,-0.02186,2768,flip,2020,2020-12-31
feature_hlv,0.02082,2759,keep,2020,2020-12-31
feature_vol,0.0107,2759,keep,2020,2020-12-31
feature_mom5d_lag1,-0.01867,2766,flip,2020,2020-12-31
feature_mom5d_rank,-0.01867,2766,flip,2020,2020-12-31
feature_r_overnight_sum20_rank,0.01911,2759,keep,2020,2020-12-31
feature_on_pos_frac20,0.03035,2760,keep,2020,2020-12-31
feature_r_overnight_lag10,0.01591,2759,keep,2020,2020-12-31
feature_r_overnight_lag20,0.00506,2749,drop,2020,2020-12-31
feature_r_overnight_t,0.00938,2769,drop,2020,2021-03-31
feature_earnings_today,,0,keep (categorical),2020,2021-03-31
feature_r_overnight_t_norm,0.01723,2769,keep,2020,2021-03-31
feature_r_overnight_t_rank,0.00938,2769,drop,2020,2021-03-31
feature_r_overnight_t_norm_rank,0.01723,2769,keep,2020,2021-03-31
feature_abs_r_overnight_t_norm,0.00628,2769,drop,2020,2021-03-31
feature_r_intraday_lag1,-0.02185,2769,flip,2020,2021-03-31
feature_r_close_to_close_lag1,-0.01646,2769,flip,2020,2021-03-31
feature_r_overnight_lag1,0.01536,2768,keep,2020,2021-03-31
feature_r_overnight_lag2,0.0057,2767,drop,2020,2021-03-31
feature_r_overnight_lag3,0.01152,2766,keep,2020,2021-03-31
feature_r_overnight_lag4,0.008,2765,drop,2020,2021-03-31
feature_r_overnight_lag5,0.01626,2764,keep,2020,2021-03-31
feature_r_overnight_ma5,0.01366,2766,keep,2020,2021-03-31
feature_r_overnight_ma10,0.01667,2764,keep,2020,2021-03-31
feature_r_overnight_ma20,0.01911,2759,keep,2020,2021-03-31
feature_r_overnight_std20,0.02014,2759,keep,2020,2021-03-31
feature_r_overnight_cum5,0.01341,2768,keep,2020,2021-03-31
feature_r_intraday_lag2,-0.01501,2767,flip,2020,2021-03-31
feature_r_intraday_lag3,-0.01095,2766,flip,2020,2021-03-31
feature_r_intraday_ma5,-0.02472,2766,flip,2020,2021-03-31
feature_r_intraday_sum5_rank,-0.02472,2766,flip,2020,2021-03-31
feature_r_intraday_sum10,-0.02175,2764,flip,2020,2021-03-31
feature_r_intraday_sum10_rank,-0.02175,2764,flip,2020,2021-03-31
feature_r_intraday_sum20_rank,-0.01532,2759,flip,2020,2021-03-31
feature_adv20_lag1,0.01071,2769,keep,2020,2021-03-31
feature_vol20_lag1,0.02001,2769,keep,2020,2021-03-31
feature_vol5_lag1,0.01872,2766,keep,2020,2021-03-31
feature_vol60_lag1,0.02053,2739,keep,2020,2021-03-31
feature_parkinson_vol20_lag1,0.0206,2759,keep,2020,2021-03-31
feature_gk_vol20_lag1,0.02042,2759,keep,2020,2021-03-31
feature_short_dsi,0.00698,2769,drop,2020,2021-03-31
feature_short_days_to_cover,-0.00547,2769,drop,2020,2021-03-31
feature_short_days_to_cover_chg,-0.00339,2769,drop,2020,2021-03-31
short_dsi_pct,0.00698,2769,drop,2020,2021-03-31
short_dtc_pct,-0.00547,2769,drop,2020,2021-03-31
feature_day_of_week,,0,keep (categorical),2020,2021-03-31
feature_month,,0,keep (categorical),2020,2021-03-31
feature_open_to_prev_high,-0.01847,2768,flip,2020,2021-03-31
feature_open_to_prev_low,-0.00364,2768,drop,2020,2021-03-31
feature_open_in_prev_range,-0.00738,2768,drop,2020,2021-03-31
feature_close_position_lag1,-0.02226,2768,flip,2020,2021-03-31
feature_range_ratio_lag1,0.01936,2768,keep,2020,2021-03-31
feature_rel_volume_lag1,0.00369,2769,drop,2020,2021-03-31
feature_vol_sign_x_id_lag1,-0.00382,2766,drop,2020,2021-03-31
feature_ds_lag1,0.02337,2768,keep,2020,2021-03-31
feature_ds_ma5,0.02479,2766,keep,2020,2021-03-31
feature_ds_ma10,0.0239,2764,keep,2020,2021-03-31
feature_ds_ma10_rank,0.0239,2764,keep,2020,2021-03-31
feature_ds_ma20,0.02005,2759,keep,2020,2021-03-31
feature_ds_ma20_rank,0.02005,2759,keep,2020,2021-03-31
feature_seor_lag1,0.01648,2739,keep,2020,2021-03-31
feature_beta_on,0.0246,2739,keep,2020,2021-03-31
feature_beta_id,0.02036,2739,keep,2020,2021-03-31
feature_orj_lag1,-0.00298,2398,drop,2020,2021-03-31
feature_pead_lag1,,0,keep (few days),2020,2021-03-31
feature_pre,0.00122,2768,drop,2020,2021-03-31
feature_mom,-0.02186,2768,flip,2020,2021-03-31
feature_hlv,0.02082,2759,keep,2020,2021-03-31
feature_vol,0.0107,2759,keep,2020,2021-03-31
feature_mom5d_lag1,-0.01867,2766,flip,2020,2021-03-31
feature_mom5d_rank,-0.01867,2766,flip,2020,2021-03-31
feature_r_overnight_sum20_rank,0.01911,2759,keep,2020,2021-03-31
feature_on_pos_frac20,0.03035,2760,keep,2020,2021-03-31
feature_r_overnight_lag10,0.01591,2759,keep,2020,2021-03-31
feature_r_overnight_lag20,0.00506,2749,drop,2020,2021-03-31
feature_r_overnight_t,0.00938,2769,drop,2020,2021-06-30
feature_earnings_today,,0,keep (categorical),2020,2021-06-30
feature_r_overnight_t_norm,0.01723,2769,keep,2020,2021-06-30
feature_r_overnight_t_rank,0.00938,2769,drop,2020,2021-06-30
feature_r_overnight_t_norm_rank,0.01723,2769,keep,2020,2021-06-30
feature_abs_r_overnight_t_norm,0.00628,2769,drop,2020,2021-06-30
feature_r_intraday_lag1,-0.02185,2769,flip,2020,2021-06-30
feature_r_close_to_close_lag1,-0.01646,2769,flip,2020,2021-06-30
feature_r_overnight_lag1,0.01536,2768,keep,2020,2021-06-30
feature_r_overnight_lag2,0.0057,2767,drop,2020,2021-06-30
feature_r_overnight_lag3,0.01152,2766,keep,2020,2021-06-30
feature_r_overnight_lag4,0.008,2765,drop,2020,2021-06-30
feature_r_overnight_lag5,0.01626,2764,keep,2020,2021-06-30
feature_r_overnight_ma5,0.01366,2766,keep,2020,2021-06-30
feature_r_overnight_ma10,0.01667,2764,keep,2020,2021-06-30
feature_r_overnight_ma20,0.01911,2759,keep,2020,2021-06-30
feature_r_overnight_std20,0.02014,2759,keep,2020,2021-06-30
feature_r_overnight_cum5,0.01341,2768,keep,2020,2021-06-30
feature_r_intraday_lag2,-0.01501,2767,flip,2020,2021-06-30
feature_r_intraday_lag3,-0.01095,2766,flip,2020,2021-06-30
feature_r_intraday_ma5,-0.02472,2766,flip,2020,2021-06-30
feature_r_intraday_sum5_rank,-0.02472,2766,flip,2020,2021-06-30
feature_r_intraday_sum10,-0.02175,2764,flip,2020,2021-06-30
feature_r_intraday_sum10_rank,-0.02175,2764,flip,2020,2021-06-30
feature_r_intraday_sum20_rank,-0.01532,2759,flip,2020,2021-06-30
feature_adv20_lag1,0.01071,2769,keep,2020,2021-06-30
feature_vol20_lag1,0.02001,2769,keep,2020,2021-06-30
feature_vol5_lag1,0.01872,2766,keep,2020,2021-06-30
feature_vol60_lag1,0.02053,2739,keep,2020,2021-06-30
feature_parkinson_vol20_lag1,0.0206,2759,keep,2020,2021-06-30
feature_gk_vol20_lag1,0.02042,2759,keep,2020,2021-06-30
feature_short_dsi,0.00698,2769,drop,2020,2021-06-30
feature_short_days_to_cover,-0.00547,2769,drop,2020,2021-06-30
feature_short_days_to_cover_chg,-0.00339,2769,drop,2020,2021-06-30
short_dsi_pct,0.00698,2769,drop,2020,2021-06-30
short_dtc_pct,-0.00547,2769,drop,2020,2021-06-30
feature_day_of_week,,0,keep (categorical),2020,2021-06-30
feature_month,,0,keep (categorical),2020,2021-06-30
feature_open_to_prev_high,-0.01847,2768,flip,2020,2021-06-30
feature_open_to_prev_low,-0.00364,2768,drop,2020,2021-06-30
feature_open_in_prev_range,-0.00738,2768,drop,2020,2021-06-30
feature_close_position_lag1,-0.02226,2768,flip,2020,2021-06-30
feature_range_ratio_lag1,0.01936,2768,keep,2020,2021-06-30
feature_rel_volume_lag1,0.00369,2769,drop,2020,2021-06-30
feature_vol_sign_x_id_lag1,-0.00382,2766,drop,2020,2021-06-30
feature_ds_lag1,0.02337,2768,keep,2020,2021-06-30
feature_ds_ma5,0.02479,2766,keep,2020,2021-06-30
feature_ds_ma10,0.0239,2764,keep,2020,2021-06-30
feature_ds_ma10_rank,0.0239,2764,keep,2020,2021-06-30
feature_ds_ma20,0.02005,2759,keep,2020,2021-06-30
feature_ds_ma20_rank,0.02005,2759,keep,2020,2021-06-30
feature_seor_lag1,0.01648,2739,keep,2020,2021-06-30
feature_beta_on,0.0246,2739,keep,2020,2021-06-30
feature_beta_id,0.02036,2739,keep,2020,2021-06-30
feature_orj_lag1,-0.00298,2398,drop,2020,2021-06-30
feature_pead_lag1,,0,keep (few days),2020,2021-06-30
feature_pre,0.00122,2768,drop,2020,2021-06-30
feature_mom,-0.02186,2768,flip,2020,2021-06-30
feature_hlv,0.02082,2759,keep,2020,2021-06-30
feature_vol,0.0107,2759,keep,2020,2021-06-30
feature_mom5d_lag1,-0.01867,2766,flip,2020,2021-06-30
feature_mom5d_rank,-0.01867,2766,flip,2020,2021-06-30
feature_r_overnight_sum20_rank,0.01911,2759,keep,2020,2021-06-30
feature_on_pos_frac20,0.03035,2760,keep,2020,2021-06-30
feature_r_overnight_lag10,0.01591,2759,keep,2020,2021-06-30
feature_r_overnight_lag20,0.00506,2749,drop,2020,2021-06-30
feature_r_overnight_t,0.00938,2769,drop,2020,2021-09-30
feature_earnings_today,,0,keep (categorical),2020,2021-09-30
feature_r_overnight_t_norm,0.01723,2769,keep,2020,2021-09-30
feature_r_overnight_t_rank,0.00938,2769,drop,2020,2021-09-30
feature_r_overnight_t_norm_rank,0.01723,2769,keep,2020,2021-09-30
feature_abs_r_overnight_t_norm,0.00628,2769,drop,2020,2021-09-30
feature_r_intraday_lag1,-0.02185,2769,flip,2020,2021-09-30
feature_r_close_to_close_lag1,-0.01646,2769,flip,2020,2021-09-30
feature_r_overnight_lag1,0.01536,2768,keep,2020,2021-09-30
feature_r_overnight_lag2,0.0057,2767,drop,2020,2021-09-30
feature_r_overnight_lag3,0.01152,2766,keep,2020,2021-09-30
feature_r_overnight_lag4,0.008,2765,drop,2020,2021-09-30
feature_r_overnight_lag5,0.01626,2764,keep,2020,2021-09-30
feature_r_overnight_ma5,0.01366,2766,keep,2020,2021-09-30
feature_r_overnight_ma10,0.01667,2764,keep,2020,2021-09-30
feature_r_overnight_ma20,0.01911,2759,keep,2020,2021-09-30
feature_r_overnight_std20,0.02014,2759,keep,2020,2021-09-30
feature_r_overnight_cum5,0.01341,2768,keep,2020,2021-09-30
feature_r_intraday_lag2,-0.01501,2767,flip,2020,2021-09-30
feature_r_intraday_lag3,-0.01095,2766,flip,2020,2021-09-30
feature_r_intraday_ma5,-0.02472,2766,flip,2020,2021-09-30
feature_r_intraday_sum5_rank,-0.02472,2766,flip,2020,2021-09-30
feature_r_intraday_sum10,-0.02175,2764,flip,2020,2021-09-30
feature_r_intraday_sum10_rank,-0.02175,2764,flip,2020,2021-09-30
feature_r_intraday_sum20_rank,-0.01532,2759,flip,2020,2021-09-30
feature_adv20_lag1,0.01071,2769,keep,2020,2021-09-30
feature_vol20_lag1,0.02001,2769,keep,2020,2021-09-30
feature_vol5_lag1,0.01872,2766,keep,2020,2021-09-30
feature_vol60_lag1,0.02053,2739,keep,2020,2021-09-30
feature_parkinson_vol20_lag1,0.0206,2759,keep,2020,2021-09-30
feature_gk_vol20_lag1,0.02042,2759,keep,2020,2021-09-30
feature_short_dsi,0.00698,2769,drop,2020,2021-09-30
feature_short_days_to_cover,-0.00547,2769,drop,2020,2021-09-30
feature_short_days_to_cover_chg,-0.00339,2769,drop,2020,2021-09-30
short_dsi_pct,0.00698,2769,drop,2020,2021-09-30
short_dtc_pct,-0.00547,2769,drop,2020,2021-09-30
feature_day_of_week,,0,keep (categorical),2020,2021-09-30
feature_month,,0,keep (categorical),2020,2021-09-30
feature_open_to_prev_high,-0.01847,2768,flip,2020,2021-09-30
feature_open_to_prev_low,-0.00364,2768,drop,2020,2021-09-30
feature_open_in_prev_range,-0.00738,2768,drop,2020,2021-09-30
feature_close_position_lag1,-0.02226,2768,flip,2020,2021-09-30
feature_range_ratio_lag1,0.01936,2768,keep,2020,2021-09-30
feature_rel_volume_lag1,0.00369,2769,drop,2020,2021-09-30
feature_vol_sign_x_id_lag1,-0.00382,2766,drop,2020,2021-09-30
feature_ds_lag1,0.02337,2768,keep,2020,2021-09-30
feature_ds_ma5,0.02479,2766,keep,2020,2021-09-30
feature_ds_ma10,0.0239,2764,keep,2020,2021-09-30
feature_ds_ma10_rank,0.0239,2764,keep,2020,2021-09-30
feature_ds_ma20,0.02005,2759,keep,2020,2021-09-30
feature_ds_ma20_rank,0.02005,2759,keep,2020,2021-09-30
feature_seor_lag1,0.01648,2739,keep,2020,2021-09-30
feature_beta_on,0.0246,2739,keep,2020,2021-09-30
feature_beta_id,0.02036,2739,keep,2020,2021-09-30
feature_orj_lag1,-0.00298,2398,drop,2020,2021-09-30
feature_pead_lag1,,0,keep (few days),2020,2021-09-30
feature_pre,0.00122,2768,drop,2020,2021-09-30
feature_mom,-0.02186,2768,flip,2020,2021-09-30
feature_hlv,0.02082,2759,keep,2020,2021-09-30
feature_vol,0.0107,2759,keep,2020,2021-09-30
feature_mom5d_lag1,-0.01867,2766,flip,2020,2021-09-30
feature_mom5d_rank,-0.01867,2766,flip,2020,2021-09-30
feature_r_overnight_sum20_rank,0.01911,2759,keep,2020,2021-09-30
feature_on_pos_frac20,0.03035,2760,keep,2020,2021-09-30
feature_r_overnight_lag10,0.01591,2759,keep,2020,2021-09-30
feature_r_overnight_lag20,0.00506,2749,drop,2020,2021-09-30
feature_r_overnight_t,0.00416,3021,drop,2021,2021-12-31
feature_earnings_today,,0,keep (categorical),2021,2021-12-31
feature_r_overnight_t_norm,0.01207,3021,keep,2021,2021-12-31
feature_r_overnight_t_rank,0.00416,3021,drop,2021,2021-12-31
feature_r_overnight_t_norm_rank,0.01207,3021,keep,2021,2021-12-31
feature_abs_r_overnight_t_norm,0.00674,3021,drop,2021,2021-12-31
feature_r_intraday_lag1,-0.01915,3021,flip,2021,2021-12-31
feature_r_close_to_close_lag1,-0.01405,3021,flip,2021,2021-12-31
feature_r_overnight_lag1,0.01549,3020,keep,2021,2021-12-31
feature_r_overnight_lag2,0.0041,3019,drop,2021,2021-12-31
feature_r_overnight_lag3,0.01097,3018,keep,2021,2021-12-31
feature_r_overnight_lag4,0.00789,3017,drop,2021,2021-12-31
feature_r_overnight_lag5,0.01634,3016,keep,2021,2021-12-31
feature_r_overnight_ma5,0.01268,3018,keep,2021,2021-12-31
feature_r_overnight_ma10,0.01505,3016,keep,2021,2021-12-31
feature_r_overnight_ma20,0.01832,3011,keep,2021,2021-12-31
feature_r_overnight_std20,0.02126,3011,keep,2021,2021-12-31
feature_r_overnight_cum5,0.01241,3020,keep,2021,2021-12-31
feature_r_intraday_lag2,-0.01379,3019,flip,2021,2021-12-31
feature_r_intraday_lag3,-0.01119,3018,flip,2021,2021-12-31
feature_r_intraday_ma5,-0.02315,3018,flip,2021,2021-12-31
feature_r_intraday_sum5_rank,-0.02315,3018,flip,2021,2021-12-31
feature_r_intraday_sum10,-0.02097,3016,flip,2021,2021-12-31
feature_r_intraday_sum10_rank,-0.02097,3016,flip,2021,2021-12-31
feature_r_intraday_sum20_rank,-0.01407,3011,flip,2021,2021-12-31
feature_adv20_lag1,0.00909,3021,drop,2021,2021-12-31
feature_vol20_lag1,0.0208,3021,keep,2021,2021-12-31
feature_vol5_lag1,0.01924,3018,keep,2021,2021-12-31
feature_vol60_lag1,0.02161,2991,keep,2021,2021-12-31
feature_parkinson_vol20_lag1,0.02163,3011,keep,2021,2021-12-31
feature_gk_vol20_lag1,0.02152,3011,keep,2021,2021-12-31
feature_short_dsi,0.0074,3021,drop,2021,2021-12-31
feature_short_days_to_cover,-0.00486,3021,drop,2021,2021-12-31
feature_short_days_to_cover_chg,-0.00329,3021,drop,2021,2021-12-31
short_dsi_pct,0.0074,3021,drop,2021,2021-12-31
short_dtc_pct,-0.00486,3021,drop,2021,2021-12-31
feature_day_of_week,,0,keep (categorical),2021,2021-12-31
feature_month,,0,keep (categorical),2021,2021-12-31
feature_open_to_prev_high,-0.02025,3020,flip,2021,2021-12-31
feature_open_to_prev_low,-0.00434,3020,drop,2021,2021-12-31
feature_open_in_prev_range,-0.00864,3020,drop,2021,2021-12-31
feature_close_position_lag1,-0.01964,3020,flip,2021,2021-12-31
feature_range_ratio_lag1,0.02064,3020,keep,2021,2021-12-31
feature_rel_volume_lag1,0.00344,3021,drop,2021,2021-12-31
feature_vol_sign_x_id_lag1,-0.00375,3018,drop,2021,2021-12-31
feature_ds_lag1,0.02096,3020,keep,2021,2021-12-31
feature_ds_ma5,0.0231,3018,keep,2021,2021-12-31
feature_ds_ma10,0.02271,3016,keep,2021,2021-12-31
feature_ds_ma10_rank,0.02271,3016,keep,2021,2021-12-31
feature_ds_ma20,0.01869,3011,keep,2021,2021-12-31
feature_ds_ma20_rank,0.01869,3011,keep,2021,2021-12-31
feature_seor_lag1,0.01597,2991,keep,2021,2021-12-31
feature_beta_on,0.02591,2991,keep,2021,2021-12-31
feature_beta_id,0.02234,2991,keep,2021,2021-12-31
feature_orj_lag1,-0.00247,2621,drop,2021,2021-12-31
feature_pead_lag1,,0,keep (few days),2021,2021-12-31
feature_pre,0.0013,3020,drop,2021,2021-12-31
feature_mom,-0.01916,3020,flip,2021,2021-12-31
feature_hlv,0.02182,3011,keep,2021,2021-12-31
feature_vol,0.00908,3011,drop,2021,2021-12-31
feature_mom5d_lag1,-0.01786,3018,flip,2021,2021-12-31
feature_mom5d_rank,-0.01786,3018,flip,2021,2021-12-31
feature_r_overnight_sum20_rank,0.01832,3011,keep,2021,2021-12-31
feature_on_pos_frac20,0.02917,3012,keep,2021,2021-12-31
feature_r_overnight_lag10,0.01419,3011,keep,2021,2021-12-31
feature_r_overnight_lag20,0.00675,3001,drop,2021,2021-12-31
feature_r_overnight_t,0.00416,3021,drop,2021,2022-03-31
feature_earnings_today,,0,keep (categorical),2021,2022-03-31
feature_r_overnight_t_norm,0.01207,3021,keep,2021,2022-03-31
feature_r_overnight_t_rank,0.00416,3021,drop,2021,2022-03-31
feature_r_overnight_t_norm_rank,0.01207,3021,keep,2021,2022-03-31
feature_abs_r_overnight_t_norm,0.00674,3021,drop,2021,2022-03-31
feature_r_intraday_lag1,-0.01915,3021,flip,2021,2022-03-31
feature_r_close_to_close_lag1,-0.01405,3021,flip,2021,2022-03-31
feature_r_overnight_lag1,0.01549,3020,keep,2021,2022-03-31
feature_r_overnight_lag2,0.0041,3019,drop,2021,2022-03-31
feature_r_overnight_lag3,0.01097,3018,keep,2021,2022-03-31
feature_r_overnight_lag4,0.00789,3017,drop,2021,2022-03-31
feature_r_overnight_lag5,0.01634,3016,keep,2021,2022-03-31
feature_r_overnight_ma5,0.01268,3018,keep,2021,2022-03-31
feature_r_overnight_ma10,0.01505,3016,keep,2021,2022-03-31
feature_r_overnight_ma20,0.01832,3011,keep,2021,2022-03-31
feature_r_overnight_std20,0.02126,3011,keep,2021,2022-03-31
feature_r_overnight_cum5,0.01241,3020,keep,2021,2022-03-31
feature_r_intraday_lag2,-0.01379,3019,flip,2021,2022-03-31
feature_r_intraday_lag3,-0.01119,3018,flip,2021,2022-03-31
feature_r_intraday_ma5,-0.02315,3018,flip,2021,2022-03-31
feature_r_intraday_sum5_rank,-0.02315,3018,flip,2021,2022-03-31
feature_r_intraday_sum10,-0.02097,3016,flip,2021,2022-03-31
feature_r_intraday_sum10_rank,-0.02097,3016,flip,2021,2022-03-31
feature_r_intraday_sum20_rank,-0.01407,3011,flip,2021,2022-03-31
feature_adv20_lag1,0.00909,3021,drop,2021,2022-03-31
feature_vol20_lag1,0.0208,3021,keep,2021,2022-03-31
feature_vol5_lag1,0.01924,3018,keep,2021,2022-03-31
feature_vol60_lag1,0.02161,2991,keep,2021,2022-03-31
feature_parkinson_vol20_lag1,0.02163,3011,keep,2021,2022-03-31
feature_gk_vol20_lag1,0.02152,3011,keep,2021,2022-03-31
feature_short_dsi,0.0074,3021,drop,2021,2022-03-31
feature_short_days_to_cover,-0.00486,3021,drop,2021,2022-03-31
feature_short_days_to_cover_chg,-0.00329,3021,drop,2021,2022-03-31
short_dsi_pct,0.0074,3021,drop,2021,2022-03-31
short_dtc_pct,-0.00486,3021,drop,2021,2022-03-31
feature_day_of_week,,0,keep (categorical),2021,2022-03-31
feature_month,,0,keep (categorical),2021,2022-03-31
feature_open_to_prev_high,-0.02025,3020,flip,2021,2022-03-31
feature_open_to_prev_low,-0.00434,3020,drop,2021,2022-03-31
feature_open_in_prev_range,-0.00864,3020,drop,2021,2022-03-31
feature_close_position_lag1,-0.01964,3020,flip,2021,2022-03-31
feature_range_ratio_lag1,0.02064,3020,keep,2021,2022-03-31
feature_rel_volume_lag1,0.00344,3021,drop,2021,2022-03-31
feature_vol_sign_x_id_lag1,-0.00375,3018,drop,2021,2022-03-31
feature_ds_lag1,0.02096,3020,keep,2021,2022-03-31
feature_ds_ma5,0.0231,3018,keep,2021,2022-03-31
feature_ds_ma10,0.02271,3016,keep,2021,2022-03-31
feature_ds_ma10_rank,0.02271,3016,keep,2021,2022-03-31
feature_ds_ma20,0.01869,3011,keep,2021,2022-03-31
feature_ds_ma20_rank,0.01869,3011,keep,2021,2022-03-31
feature_seor_lag1,0.01597,2991,keep,2021,2022-03-31
feature_beta_on,0.02591,2991,keep,2021,2022-03-31
feature_beta_id,0.02234,2991,keep,2021,2022-03-31
feature_orj_lag1,-0.00247,2621,drop,2021,2022-03-31
feature_pead_lag1,,0,keep (few days),2021,2022-03-31
feature_pre,0.0013,3020,drop,2021,2022-03-31
feature_mom,-0.01916,3020,flip,2021,2022-03-31
feature_hlv,0.02182,3011,keep,2021,2022-03-31
feature_vol,0.00908,3011,drop,2021,2022-03-31
feature_mom5d_lag1,-0.01786,3018,flip,2021,2022-03-31
feature_mom5d_rank,-0.01786,3018,flip,2021,2022-03-31
feature_r_overnight_sum20_rank,0.01832,3011,keep,2021,2022-03-31
feature_on_pos_frac20,0.02917,3012,keep,2021,2022-03-31
feature_r_overnight_lag10,0.01419,3011,keep,2021,2022-03-31
feature_r_overnight_lag20,0.00675,3001,drop,2021,2022-03-31
feature_r_overnight_t,0.00416,3021,drop,2021,2022-06-30
feature_earnings_today,,0,keep (categorical),2021,2022-06-30
feature_r_overnight_t_norm,0.01207,3021,keep,2021,2022-06-30
feature_r_overnight_t_rank,0.00416,3021,drop,2021,2022-06-30
feature_r_overnight_t_norm_rank,0.01207,3021,keep,2021,2022-06-30
feature_abs_r_overnight_t_norm,0.00674,3021,drop,2021,2022-06-30
feature_r_intraday_lag1,-0.01915,3021,flip,2021,2022-06-30
feature_r_close_to_close_lag1,-0.01405,3021,flip,2021,2022-06-30
feature_r_overnight_lag1,0.01549,3020,keep,2021,2022-06-30
feature_r_overnight_lag2,0.0041,3019,drop,2021,2022-06-30
feature_r_overnight_lag3,0.01097,3018,keep,2021,2022-06-30
feature_r_overnight_lag4,0.00789,3017,drop,2021,2022-06-30
feature_r_overnight_lag5,0.01634,3016,keep,2021,2022-06-30
feature_r_overnight_ma5,0.01268,3018,keep,2021,2022-06-30
feature_r_overnight_ma10,0.01505,3016,keep,2021,2022-06-30
feature_r_overnight_ma20,0.01832,3011,keep,2021,2022-06-30
feature_r_overnight_std20,0.02126,3011,keep,2021,2022-06-30
feature_r_overnight_cum5,0.01241,3020,keep,2021,2022-06-30
feature_r_intraday_lag2,-0.01379,3019,flip,2021,2022-06-30
feature_r_intraday_lag3,-0.01119,3018,flip,2021,2022-06-30
feature_r_intraday_ma5,-0.02315,3018,flip,2021,2022-06-30
feature_r_intraday_sum5_rank,-0.02315,3018,flip,2021,2022-06-30
feature_r_intraday_sum10,-0.02097,3016,flip,2021,2022-06-30
feature_r_intraday_sum10_rank,-0.02097,3016,flip,2021,2022-06-30
feature_r_intraday_sum20_rank,-0.01407,3011,flip,2021,2022-06-30
feature_adv20_lag1,0.00909,3021,drop,2021,2022-06-30
feature_vol20_lag1,0.0208,3021,keep,2021,2022-06-30
feature_vol5_lag1,0.01924,3018,keep,2021,2022-06-30
feature_vol60_lag1,0.02161,2991,keep,2021,2022-06-30
feature_parkinson_vol20_lag1,0.02163,3011,keep,2021,2022-06-30
feature_gk_vol20_lag1,0.02152,3011,keep,2021,2022-06-30
feature_short_dsi,0.0074,3021,drop,2021,2022-06-30
feature_short_days_to_cover,-0.00486,3021,drop,2021,2022-06-30
feature_short_days_to_cover_chg,-0.00329,3021,drop,2021,2022-06-30
short_dsi_pct,0.0074,3021,drop,2021,2022-06-30
short_dtc_pct,-0.00486,3021,drop,2021,2022-06-30
feature_day_of_week,,0,keep (categorical),2021,2022-06-30
feature_month,,0,keep (categorical),2021,2022-06-30
feature_open_to_prev_high,-0.02025,3020,flip,2021,2022-06-30
feature_open_to_prev_low,-0.00434,3020,drop,2021,2022-06-30
feature_open_in_prev_range,-0.00864,3020,drop,2021,2022-06-30
feature_close_position_lag1,-0.01964,3020,flip,2021,2022-06-30
feature_range_ratio_lag1,0.02064,3020,keep,2021,2022-06-30
feature_rel_volume_lag1,0.00344,3021,drop,2021,2022-06-30
feature_vol_sign_x_id_lag1,-0.00375,3018,drop,2021,2022-06-30
feature_ds_lag1,0.02096,3020,keep,2021,2022-06-30
feature_ds_ma5,0.0231,3018,keep,2021,2022-06-30
feature_ds_ma10,0.02271,3016,keep,2021,2022-06-30
feature_ds_ma10_rank,0.02271,3016,keep,2021,2022-06-30
feature_ds_ma20,0.01869,3011,keep,2021,2022-06-30
feature_ds_ma20_rank,0.01869,3011,keep,2021,2022-06-30
feature_seor_lag1,0.01597,2991,keep,2021,2022-06-30
feature_beta_on,0.02591,2991,keep,2021,2022-06-30
feature_beta_id,0.02234,2991,keep,2021,2022-06-30
feature_orj_lag1,-0.00247,2621,drop,2021,2022-06-30
feature_pead_lag1,,0,keep (few days),2021,2022-06-30
feature_pre,0.0013,3020,drop,2021,2022-06-30
feature_mom,-0.01916,3020,flip,2021,2022-06-30
feature_hlv,0.02182,3011,keep,2021,2022-06-30
feature_vol,0.00908,3011,drop,2021,2022-06-30
feature_mom5d_lag1,-0.01786,3018,flip,2021,2022-06-30
feature_mom5d_rank,-0.01786,3018,flip,2021,2022-06-30
feature_r_overnight_sum20_rank,0.01832,3011,keep,2021,2022-06-30
feature_on_pos_frac20,0.02917,3012,keep,2021,2022-06-30
feature_r_overnight_lag10,0.01419,3011,keep,2021,2022-06-30
feature_r_overnight_lag20,0.00675,3001,drop,2021,2022-06-30
feature_r_overnight_t,0.00416,3021,drop,2021,2022-09-30
feature_earnings_today,,0,keep (categorical),2021,2022-09-30
feature_r_overnight_t_norm,0.01207,3021,keep,2021,2022-09-30
feature_r_overnight_t_rank,0.00416,3021,drop,2021,2022-09-30
feature_r_overnight_t_norm_rank,0.01207,3021,keep,2021,2022-09-30
feature_abs_r_overnight_t_norm,0.00674,3021,drop,2021,2022-09-30
feature_r_intraday_lag1,-0.01915,3021,flip,2021,2022-09-30
feature_r_close_to_close_lag1,-0.01405,3021,flip,2021,2022-09-30
feature_r_overnight_lag1,0.01549,3020,keep,2021,2022-09-30
feature_r_overnight_lag2,0.0041,3019,drop,2021,2022-09-30
feature_r_overnight_lag3,0.01097,3018,keep,2021,2022-09-30
feature_r_overnight_lag4,0.00789,3017,drop,2021,2022-09-30
feature_r_overnight_lag5,0.01634,3016,keep,2021,2022-09-30
feature_r_overnight_ma5,0.01268,3018,keep,2021,2022-09-30
feature_r_overnight_ma10,0.01505,3016,keep,2021,2022-09-30
feature_r_overnight_ma20,0.01832,3011,keep,2021,2022-09-30
feature_r_overnight_std20,0.02126,3011,keep,2021,2022-09-30
feature_r_overnight_cum5,0.01241,3020,keep,2021,2022-09-30
feature_r_intraday_lag2,-0.01379,3019,flip,2021,2022-09-30
feature_r_intraday_lag3,-0.01119,3018,flip,2021,2022-09-30
feature_r_intraday_ma5,-0.02315,3018,flip,2021,2022-09-30
feature_r_intraday_sum5_rank,-0.02315,3018,flip,2021,2022-09-30
feature_r_intraday_sum10,-0.02097,3016,flip,2021,2022-09-30
feature_r_intraday_sum10_rank,-0.02097,3016,flip,2021,2022-09-30
feature_r_intraday_sum20_rank,-0.01407,3011,flip,2021,2022-09-30
feature_adv20_lag1,0.00909,3021,drop,2021,2022-09-30
feature_vol20_lag1,0.0208,3021,keep,2021,2022-09-30
feature_vol5_lag1,0.01924,3018,keep,2021,2022-09-30
feature_vol60_lag1,0.02161,2991,keep,2021,2022-09-30
feature_parkinson_vol20_lag1,0.02163,3011,keep,2021,2022-09-30
feature_gk_vol20_lag1,0.02152,3011,keep,2021,2022-09-30
feature_short_dsi,0.0074,3021,drop,2021,2022-09-30
feature_short_days_to_cover,-0.00486,3021,drop,2021,2022-09-30
feature_short_days_to_cover_chg,-0.00329,3021,drop,2021,2022-09-30
short_dsi_pct,0.0074,3021,drop,2021,2022-09-30
short_dtc_pct,-0.00486,3021,drop,2021,2022-09-30
feature_day_of_week,,0,keep (categorical),2021,2022-09-30
feature_month,,0,keep (categorical),2021,2022-09-30
feature_open_to_prev_high,-0.02025,3020,flip,2021,2022-09-30
feature_open_to_prev_low,-0.00434,3020,drop,2021,2022-09-30
feature_open_in_prev_range,-0.00864,3020,drop,2021,2022-09-30
feature_close_position_lag1,-0.01964,3020,flip,2021,2022-09-30
feature_range_ratio_lag1,0.02064,3020,keep,2021,2022-09-30
feature_rel_volume_lag1,0.00344,3021,drop,2021,2022-09-30
feature_vol_sign_x_id_lag1,-0.00375,3018,drop,2021,2022-09-30
feature_ds_lag1,0.02096,3020,keep,2021,2022-09-30
feature_ds_ma5,0.0231,3018,keep,2021,2022-09-30
feature_ds_ma10,0.02271,3016,keep,2021,2022-09-30
feature_ds_ma10_rank,0.02271,3016,keep,2021,2022-09-30
feature_ds_ma20,0.01869,3011,keep,2021,2022-09-30
feature_ds_ma20_rank,0.01869,3011,keep,2021,2022-09-30
feature_seor_lag1,0.01597,2991,keep,2021,2022-09-30
feature_beta_on,0.02591,2991,keep,2021,2022-09-30
feature_beta_id,0.02234,2991,keep,2021,2022-09-30
feature_orj_lag1,-0.00247,2621,drop,2021,2022-09-30
feature_pead_lag1,,0,keep (few days),2021,2022-09-30
feature_pre,0.0013,3020,drop,2021,2022-09-30
feature_mom,-0.01916,3020,flip,2021,2022-09-30
feature_hlv,0.02182,3011,keep,2021,2022-09-30
feature_vol,0.00908,3011,drop,2021,2022-09-30
feature_mom5d_lag1,-0.01786,3018,flip,2021,2022-09-30
feature_mom5d_rank,-0.01786,3018,flip,2021,2022-09-30
feature_r_overnight_sum20_rank,0.01832,3011,keep,2021,2022-09-30
feature_on_pos_frac20,0.02917,3012,keep,2021,2022-09-30
feature_r_overnight_lag10,0.01419,3011,keep,2021,2022-09-30
feature_r_overnight_lag20,0.00675,3001,drop,2021,2022-09-30
feature_r_overnight_t,0.00268,3272,drop,2022,2022-12-31
feature_earnings_today,,0,keep (categorical),2022,2022-12-31
feature_r_overnight_t_norm,0.01154,3272,keep,2022,2022-12-31
feature_r_overnight_t_rank,0.00268,3272,drop,2022,2022-12-31
feature_r_overnight_t_norm_rank,0.01154,3272,keep,2022,2022-12-31
feature_abs_r_overnight_t_norm,0.00593,3272,drop,2022,2022-12-31
feature_r_intraday_lag1,-0.01924,3272,flip,2022,2022-12-31
feature_r_close_to_close_lag1,-0.01507,3272,flip,2022,2022-12-31
feature_r_overnight_lag1,0.01307,3271,keep,2022,2022-12-31
feature_r_overnight_lag2,0.00486,3270,drop,2022,2022-12-31
feature_r_overnight_lag3,0.01003,3269,keep,2022,2022-12-31
feature_r_overnight_lag4,0.01018,3268,keep,2022,2022-12-31
feature_r_overnight_lag5,0.01318,3267,keep,2022,2022-12-31
feature_r_overnight_ma5,0.01151,3269,keep,2022,2022-12-31
feature_r_overnight_ma10,0.0123,3267,keep,2022,2022-12-31
feature_r_overnight_ma20,0.01757,3262,keep,2022,2022-12-31
feature_r_overnight_std20,0.01546,3262,keep,2022,2022-12-31
feature_r_overnight_cum5,0.0113,3271,keep,2022,2022-12-31
feature_r_intraday_lag2,-0.01341,3270,flip,2022,2022-12-31
feature_r_intraday_lag3,-0.01185,3269,flip,2022,2022-12-31
feature_r_intraday_ma5,-0.0236,3269,flip,2022,2022-12-31
feature_r_intraday_sum5_rank,-0.0236,3269,flip,2022,2022-12-31
feature_r_intraday_sum10,-0.02102,3267,flip,2022,2022-12-31
feature_r_intraday_sum10_rank,-0.02102,3267,flip,2022,2022-12-31
feature_r_intraday_sum20_rank,-0.01481,3262,flip,2022,2022-12-31
feature_adv20_lag1,0.00872,3272,drop,2022,2022-12-31
feature_vol20_lag1,0.01441,3272,keep,2022,2022-12-31
feature_vol5_lag1,0.01453,3269,keep,2022,2022-12-31
feature_vol60_lag1,0.0149,3242,keep,2022,2022-12-31
feature_parkinson_vol20_lag1,0.01529,3262,keep,2022,2022-12-31
feature_gk_vol20_lag1,0.01527,3262,keep,2022,2022-12-31
feature_short_dsi,0.00413,3272,drop,2022,2022-12-31
feature_short_days_to_cover,-0.00523,3272,drop,2022,2022-12-31
feature_short_days_to_cover_chg,-0.00323,3272,drop,2022,2022-12-31
short_dsi_pct,0.00413,3272,drop,2022,2022-12-31
short_dtc_pct,-0.00523,3272,drop,2022,2022-12-31
feature_day_of_week,,0,keep (categorical),2022,2022-12-31
feature_month,,0,keep (categorical),2022,2022-12-31
feature_open_to_prev_high,-0.01882,3271,flip,2022,2022-12-31
feature_open_to_prev_low,-0.00722,3271,drop,2022,2022-12-31
feature_open_in_prev_range,-0.00884,3271,drop,2022,2022-12-31
feature_close_position_lag1,-0.01944,3271,flip,2022,2022-12-31
feature_range_ratio_lag1,0.01561,3271,keep,2022,2022-12-31
feature_rel_volume_lag1,0.0035,3272,drop,2022,2022-12-31
feature_vol_sign_x_id_lag1,-0.00355,3269,drop,2022,2022-12-31
feature_ds_lag1,0.02023,3271,keep,2022,2022-12-31
feature_ds_ma5,0.02283,3269,keep,2022,2022-12-31
feature_ds_ma10,0.02173,3267,keep,2022,2022-12-31
feature_ds_ma10_rank,0.02173,3267,keep,2022,2022-12-31
feature_ds_ma20,0.01915,3262,keep,2022,2022-12-31
feature_ds_ma20_rank,0.01915,3262,keep,2022,2022-12-31
feature_seor_lag1,0.01558,3242,keep,2022,2022-12-31
feature_beta_on,0.01947,3242,keep,2022,2022-12-31
feature_beta_id,0.0154,3242,keep,2022,2022-12-31
feature_orj_lag1,-0.00257,2807,drop,2022,2022-12-31
feature_pead_lag1,,0,keep (few days),2022,2022-12-31
feature_pre,0.00094,3271,drop,2022,2022-12-31
feature_mom,-0.01925,3271,flip,2022,2022-12-31
feature_hlv,0.01549,3262,keep,2022,2022-12-31
feature_vol,0.00871,3262,drop,2022,2022-12-31
feature_mom5d_lag1,-0.01904,3269,flip,2022,2022-12-31
feature_mom5d_rank,-0.01904,3269,flip,2022,2022-12-31
feature_r_overnight_sum20_rank,0.01757,3262,keep,2022,2022-12-31
feature_on_pos_frac20,0.02889,3263,keep,2022,2022-12-31
feature_r_overnight_lag10,0.01281,3262,keep,2022,2022-12-31
feature_r_overnight_lag20,0.0078,3252,drop,2022,2022-12-31
feature_r_overnight_t,0.00268,3272,drop,2022,2023-03-31
feature_earnings_today,,0,keep (categorical),2022,2023-03-31
feature_r_overnight_t_norm,0.01154,3272,keep,2022,2023-03-31
feature_r_overnight_t_rank,0.00268,3272,drop,2022,2023-03-31
feature_r_overnight_t_norm_rank,0.01154,3272,keep,2022,2023-03-31
feature_abs_r_overnight_t_norm,0.00593,3272,drop,2022,2023-03-31
feature_r_intraday_lag1,-0.01924,3272,flip,2022,2023-03-31
feature_r_close_to_close_lag1,-0.01507,3272,flip,2022,2023-03-31
feature_r_overnight_lag1,0.01307,3271,keep,2022,2023-03-31
feature_r_overnight_lag2,0.00486,3270,drop,2022,2023-03-31
feature_r_overnight_lag3,0.01003,3269,keep,2022,2023-03-31
feature_r_overnight_lag4,0.01018,3268,keep,2022,2023-03-31
feature_r_overnight_lag5,0.01318,3267,keep,2022,2023-03-31
feature_r_overnight_ma5,0.01151,3269,keep,2022,2023-03-31
feature_r_overnight_ma10,0.0123,3267,keep,2022,2023-03-31
feature_r_overnight_ma20,0.01757,3262,keep,2022,2023-03-31
feature_r_overnight_std20,0.01546,3262,keep,2022,2023-03-31
feature_r_overnight_cum5,0.0113,3271,keep,2022,2023-03-31
feature_r_intraday_lag2,-0.01341,3270,flip,2022,2023-03-31
feature_r_intraday_lag3,-0.01185,3269,flip,2022,2023-03-31
feature_r_intraday_ma5,-0.0236,3269,flip,2022,2023-03-31
feature_r_intraday_sum5_rank,-0.0236,3269,flip,2022,2023-03-31
feature_r_intraday_sum10,-0.02102,3267,flip,2022,2023-03-31
feature_r_intraday_sum10_rank,-0.02102,3267,flip,2022,2023-03-31
feature_r_intraday_sum20_rank,-0.01481,3262,flip,2022,2023-03-31
feature_adv20_lag1,0.00872,3272,drop,2022,2023-03-31
feature_vol20_lag1,0.01441,3272,keep,2022,2023-03-31
feature_vol5_lag1,0.01453,3269,keep,2022,2023-03-31
feature_vol60_lag1,0.0149,3242,keep,2022,2023-03-31
feature_parkinson_vol20_lag1,0.01529,3262,keep,2022,2023-03-31
feature_gk_vol20_lag1,0.01527,3262,keep,2022,2023-03-31
feature_short_dsi,0.00413,3272,drop,2022,2023-03-31
feature_short_days_to_cover,-0.00523,3272,drop,2022,2023-03-31
feature_short_days_to_cover_chg,-0.00323,3272,drop,2022,2023-03-31
short_dsi_pct,0.00413,3272,drop,2022,2023-03-31
short_dtc_pct,-0.00523,3272,drop,2022,2023-03-31
feature_day_of_week,,0,keep (categorical),2022,2023-03-31
feature_month,,0,keep (categorical),2022,2023-03-31
feature_open_to_prev_high,-0.01882,3271,flip,2022,2023-03-31
feature_open_to_prev_low,-0.00722,3271,drop,2022,2023-03-31
feature_open_in_prev_range,-0.00884,3271,drop,2022,2023-03-31
feature_close_position_lag1,-0.01944,3271,flip,2022,2023-03-31
feature_range_ratio_lag1,0.01561,3271,keep,2022,2023-03-31
feature_rel_volume_lag1,0.0035,3272,drop,2022,2023-03-31
feature_vol_sign_x_id_lag1,-0.00355,3269,drop,2022,2023-03-31
feature_ds_lag1,0.02023,3271,keep,2022,2023-03-31
feature_ds_ma5,0.02283,3269,keep,2022,2023-03-31
feature_ds_ma10,0.02173,3267,keep,2022,2023-03-31
feature_ds_ma10_rank,0.02173,3267,keep,2022,2023-03-31
feature_ds_ma20,0.01915,3262,keep,2022,2023-03-31
feature_ds_ma20_rank,0.01915,3262,keep,2022,2023-03-31
feature_seor_lag1,0.01558,3242,keep,2022,2023-03-31
feature_beta_on,0.01947,3242,keep,2022,2023-03-31
feature_beta_id,0.0154,3242,keep,2022,2023-03-31
feature_orj_lag1,-0.00257,2807,drop,2022,2023-03-31
feature_pead_lag1,,0,keep (few days),2022,2023-03-31
feature_pre,0.00094,3271,drop,2022,2023-03-31
feature_mom,-0.01925,3271,flip,2022,2023-03-31
feature_hlv,0.01549,3262,keep,2022,2023-03-31
feature_vol,0.00871,3262,drop,2022,2023-03-31
feature_mom5d_lag1,-0.01904,3269,flip,2022,2023-03-31
feature_mom5d_rank,-0.01904,3269,flip,2022,2023-03-31
feature_r_overnight_sum20_rank,0.01757,3262,keep,2022,2023-03-31
feature_on_pos_frac20,0.02889,3263,keep,2022,2023-03-31
feature_r_overnight_lag10,0.01281,3262,keep,2022,2023-03-31
feature_r_overnight_lag20,0.0078,3252,drop,2022,2023-03-31
feature_r_overnight_t,0.00268,3272,drop,2022,2023-06-30
feature_earnings_today,,0,keep (categorical),2022,2023-06-30
feature_r_overnight_t_norm,0.01154,3272,keep,2022,2023-06-30
feature_r_overnight_t_rank,0.00268,3272,drop,2022,2023-06-30
feature_r_overnight_t_norm_rank,0.01154,3272,keep,2022,2023-06-30
feature_abs_r_overnight_t_norm,0.00593,3272,drop,2022,2023-06-30
feature_r_intraday_lag1,-0.01924,3272,flip,2022,2023-06-30
feature_r_close_to_close_lag1,-0.01507,3272,flip,2022,2023-06-30
feature_r_overnight_lag1,0.01307,3271,keep,2022,2023-06-30
feature_r_overnight_lag2,0.00486,3270,drop,2022,2023-06-30
feature_r_overnight_lag3,0.01003,3269,keep,2022,2023-06-30
feature_r_overnight_lag4,0.01018,3268,keep,2022,2023-06-30
feature_r_overnight_lag5,0.01318,3267,keep,2022,2023-06-30
feature_r_overnight_ma5,0.01151,3269,keep,2022,2023-06-30
feature_r_overnight_ma10,0.0123,3267,keep,2022,2023-06-30
feature_r_overnight_ma20,0.01757,3262,keep,2022,2023-06-30
feature_r_overnight_std20,0.01546,3262,keep,2022,2023-06-30
feature_r_overnight_cum5,0.0113,3271,keep,2022,2023-06-30
feature_r_intraday_lag2,-0.01341,3270,flip,2022,2023-06-30
feature_r_intraday_lag3,-0.01185,3269,flip,2022,2023-06-30
feature_r_intraday_ma5,-0.0236,3269,flip,2022,2023-06-30
feature_r_intraday_sum5_rank,-0.0236,3269,flip,2022,2023-06-30
feature_r_intraday_sum10,-0.02102,3267,flip,2022,2023-06-30
feature_r_intraday_sum10_rank,-0.02102,3267,flip,2022,2023-06-30
feature_r_intraday_sum20_rank,-0.01481,3262,flip,2022,2023-06-30
feature_adv20_lag1,0.00872,3272,drop,2022,2023-06-30
feature_vol20_lag1,0.01441,3272,keep,2022,2023-06-30
feature_vol5_lag1,0.01453,3269,keep,2022,2023-06-30
feature_vol60_lag1,0.0149,3242,keep,2022,2023-06-30
feature_parkinson_vol20_lag1,0.01529,3262,keep,2022,2023-06-30
feature_gk_vol20_lag1,0.01527,3262,keep,2022,2023-06-30
feature_short_dsi,0.00413,3272,drop,2022,2023-06-30
feature_short_days_to_cover,-0.00523,3272,drop,2022,2023-06-30
feature_short_days_to_cover_chg,-0.00323,3272,drop,2022,2023-06-30
short_dsi_pct,0.00413,3272,drop,2022,2023-06-30
short_dtc_pct,-0.00523,3272,drop,2022,2023-06-30
feature_day_of_week,,0,keep (categorical),2022,2023-06-30
feature_month,,0,keep (categorical),2022,2023-06-30
feature_open_to_prev_high,-0.01882,3271,flip,2022,2023-06-30
feature_open_to_prev_low,-0.00722,3271,drop,2022,2023-06-30
feature_open_in_prev_range,-0.00884,3271,drop,2022,2023-06-30
feature_close_position_lag1,-0.01944,3271,flip,2022,2023-06-30
feature_range_ratio_lag1,0.01561,3271,keep,2022,2023-06-30
feature_rel_volume_lag1,0.0035,3272,drop,2022,2023-06-30
feature_vol_sign_x_id_lag1,-0.00355,3269,drop,2022,2023-06-30
feature_ds_lag1,0.02023,3271,keep,2022,2023-06-30
feature_ds_ma5,0.02283,3269,keep,2022,2023-06-30
feature_ds_ma10,0.02173,3267,keep,2022,2023-06-30
feature_ds_ma10_rank,0.02173,3267,keep,2022,2023-06-30
feature_ds_ma20,0.01915,3262,keep,2022,2023-06-30
feature_ds_ma20_rank,0.01915,3262,keep,2022,2023-06-30
feature_seor_lag1,0.01558,3242,keep,2022,2023-06-30
feature_beta_on,0.01947,3242,keep,2022,2023-06-30
feature_beta_id,0.0154,3242,keep,2022,2023-06-30
feature_orj_lag1,-0.00257,2807,drop,2022,2023-06-30
feature_pead_lag1,,0,keep (few days),2022,2023-06-30
feature_pre,0.00094,3271,drop,2022,2023-06-30
feature_mom,-0.01925,3271,flip,2022,2023-06-30
feature_hlv,0.01549,3262,keep,2022,2023-06-30
feature_vol,0.00871,3262,drop,2022,2023-06-30
feature_mom5d_lag1,-0.01904,3269,flip,2022,2023-06-30
feature_mom5d_rank,-0.01904,3269,flip,2022,2023-06-30
feature_r_overnight_sum20_rank,0.01757,3262,keep,2022,2023-06-30
feature_on_pos_frac20,0.02889,3263,keep,2022,2023-06-30
feature_r_overnight_lag10,0.01281,3262,keep,2022,2023-06-30
feature_r_overnight_lag20,0.0078,3252,drop,2022,2023-06-30
feature_r_overnight_t,0.00268,3272,drop,2022,2023-09-30
feature_earnings_today,,0,keep (categorical),2022,2023-09-30
feature_r_overnight_t_norm,0.01154,3272,keep,2022,2023-09-30
feature_r_overnight_t_rank,0.00268,3272,drop,2022,2023-09-30
feature_r_overnight_t_norm_rank,0.01154,3272,keep,2022,2023-09-30
feature_abs_r_overnight_t_norm,0.00593,3272,drop,2022,2023-09-30
feature_r_intraday_lag1,-0.01924,3272,flip,2022,2023-09-30
feature_r_close_to_close_lag1,-0.01507,3272,flip,2022,2023-09-30
feature_r_overnight_lag1,0.01307,3271,keep,2022,2023-09-30
feature_r_overnight_lag2,0.00486,3270,drop,2022,2023-09-30
feature_r_overnight_lag3,0.01003,3269,keep,2022,2023-09-30
feature_r_overnight_lag4,0.01018,3268,keep,2022,2023-09-30
feature_r_overnight_lag5,0.01318,3267,keep,2022,2023-09-30
feature_r_overnight_ma5,0.01151,3269,keep,2022,2023-09-30
feature_r_overnight_ma10,0.0123,3267,keep,2022,2023-09-30
feature_r_overnight_ma20,0.01757,3262,keep,2022,2023-09-30
feature_r_overnight_std20,0.01546,3262,keep,2022,2023-09-30
feature_r_overnight_cum5,0.0113,3271,keep,2022,2023-09-30
feature_r_intraday_lag2,-0.01341,3270,flip,2022,2023-09-30
feature_r_intraday_lag3,-0.01185,3269,flip,2022,2023-09-30
feature_r_intraday_ma5,-0.0236,3269,flip,2022,2023-09-30
feature_r_intraday_sum5_rank,-0.0236,3269,flip,2022,2023-09-30
feature_r_intraday_sum10,-0.02102,3267,flip,2022,2023-09-30
feature_r_intraday_sum10_rank,-0.02102,3267,flip,2022,2023-09-30
feature_r_intraday_sum20_rank,-0.01481,3262,flip,2022,2023-09-30
feature_adv20_lag1,0.00872,3272,drop,2022,2023-09-30
feature_vol20_lag1,0.01441,3272,keep,2022,2023-09-30
feature_vol5_lag1,0.01453,3269,keep,2022,2023-09-30
feature_vol60_lag1,0.0149,3242,keep,2022,2023-09-30
feature_parkinson_vol20_lag1,0.01529,3262,keep,2022,2023-09-30
feature_gk_vol20_lag1,0.01527,3262,keep,2022,2023-09-30
feature_short_dsi,0.00413,3272,drop,2022,2023-09-30
feature_short_days_to_cover,-0.00523,3272,drop,2022,2023-09-30
feature_short_days_to_cover_chg,-0.00323,3272,drop,2022,2023-09-30
short_dsi_pct,0.00413,3272,drop,2022,2023-09-30
short_dtc_pct,-0.00523,3272,drop,2022,2023-09-30
feature_day_of_week,,0,keep (categorical),2022,2023-09-30
feature_month,,0,keep (categorical),2022,2023-09-30
feature_open_to_prev_high,-0.01882,3271,flip,2022,2023-09-30
feature_open_to_prev_low,-0.00722,3271,drop,2022,2023-09-30
feature_open_in_prev_range,-0.00884,3271,drop,2022,2023-09-30
feature_close_position_lag1,-0.01944,3271,flip,2022,2023-09-30
feature_range_ratio_lag1,0.01561,3271,keep,2022,2023-09-30
feature_rel_volume_lag1,0.0035,3272,drop,2022,2023-09-30
feature_vol_sign_x_id_lag1,-0.00355,3269,drop,2022,2023-09-30
feature_ds_lag1,0.02023,3271,keep,2022,2023-09-30
feature_ds_ma5,0.02283,3269,keep,2022,2023-09-30
feature_ds_ma10,0.02173,3267,keep,2022,2023-09-30
feature_ds_ma10_rank,0.02173,3267,keep,2022,2023-09-30
feature_ds_ma20,0.01915,3262,keep,2022,2023-09-30
feature_ds_ma20_rank,0.01915,3262,keep,2022,2023-09-30
feature_seor_lag1,0.01558,3242,keep,2022,2023-09-30
feature_beta_on,0.01947,3242,keep,2022,2023-09-30
feature_beta_id,0.0154,3242,keep,2022,2023-09-30
feature_orj_lag1,-0.00257,2807,drop,2022,2023-09-30
feature_pead_lag1,,0,keep (few days),2022,2023-09-30
feature_pre,0.00094,3271,drop,2022,2023-09-30
feature_mom,-0.01925,3271,flip,2022,2023-09-30
feature_hlv,0.01549,3262,keep,2022,2023-09-30
feature_vol,0.00871,3262,drop,2022,2023-09-30
feature_mom5d_lag1,-0.01904,3269,flip,2022,2023-09-30
feature_mom5d_rank,-0.01904,3269,flip,2022,2023-09-30
feature_r_overnight_sum20_rank,0.01757,3262,keep,2022,2023-09-30
feature_on_pos_frac20,0.02889,3263,keep,2022,2023-09-30
feature_r_overnight_lag10,0.01281,3262,keep,2022,2023-09-30
feature_r_overnight_lag20,0.0078,3252,drop,2022,2023-09-30
feature_r_overnight_t,0.00198,3522,drop,2023,2023-12-31
feature_earnings_today,,0,keep (categorical),2023,2023-12-31
feature_r_overnight_t_norm,0.01024,3522,keep,2023,2023-12-31
feature_r_overnight_t_rank,0.00198,3522,drop,2023,2023-12-31
feature_r_overnight_t_norm_rank,0.01024,3522,keep,2023,2023-12-31
feature_abs_r_overnight_t_norm,0.0056,3522,drop,2023,2023-12-31
feature_r_intraday_lag1,-0.01801,3522,flip,2023,2023-12-31
feature_r_close_to_close_lag1,-0.01455,3522,flip,2023,2023-12-31
feature_r_overnight_lag1,0.01138,3521,keep,2023,2023-12-31
feature_r_overnight_lag2,0.00477,3520,drop,2023,2023-12-31
feature_r_overnight_lag3,0.0104,3519,keep,2023,2023-12-31
feature_r_overnight_lag4,0.01035,3518,keep,2023,2023-12-31
feature_r_overnight_lag5,0.01122,3517,keep,2023,2023-12-31
feature_r_overnight_ma5,0.01059,3519,keep,2023,2023-12-31
feature_r_overnight_ma10,0.01212,3517,keep,2023,2023-12-31
feature_r_overnight_ma20,0.0161,3512,keep,2023,2023-12-31
feature_r_overnight_std20,0.01384,3512,keep,2023,2023-12-31
feature_r_overnight_cum5,0.01039,3521,keep,2023,2023-12-31
feature_r_intraday_lag2,-0.01237,3520,flip,2023,2023-12-31
feature_r_intraday_lag3,-0.01098,3519,flip,2023,2023-12-31
feature_r_intraday_ma5,-0.02263,3519,flip,2023,2023-12-31
feature_r_intraday_sum5_rank,-0.02263,3519,flip,2023,2023-12-31
feature_r_intraday_sum10,-0.02104,3517,flip,2023,2023-12-31
feature_r_intraday_sum10_rank,-0.02104,3517,flip,2023,2023-12-31
feature_r_intraday_sum20_rank,-0.01613,3512,flip,2023,2023-12-31
feature_adv20_lag1,0.00857,3522,drop,2023,2023-12-31
feature_vol20_lag1,0.01267,3522,keep,2023,2023-12-31
feature_vol5_lag1,0.01336,3519,keep,2023,2023-12-31
feature_vol60_lag1,0.01278,3492,keep,2023,2023-12-31
feature_parkinson_vol20_lag1,0.01343,3512,keep,2023,2023-12-31
feature_gk_vol20_lag1,0.01351,3512,keep,2023,2023-12-31
feature_short_dsi,0.00335,3522,drop,2023,2023-12-31
feature_short_days_to_cover,-0.00525,3522,drop,2023,2023-12-31
feature_short_days_to_cover_chg,-0.0034,3522,drop,2023,2023-12-31
short_dsi_pct,0.00335,3522,drop,2023,2023-12-31
short_dtc_pct,-0.00525,3522,drop,2023,2023-12-31
feature_day_of_week,,0,keep (categorical),2023,2023-12-31
feature_month,,0,keep (categorical),2023,2023-12-31
feature_open_to_prev_high,-0.01773,3521,flip,2023,2023-12-31
feature_open_to_prev_low,-0.00735,3521,drop,2023,2023-12-31
feature_open_in_prev_range,-0.00868,3521,drop,2023,2023-12-31
feature_close_position_lag1,-0.01826,3521,flip,2023,2023-12-31
feature_range_ratio_lag1,0.0142,3521,keep,2023,2023-12-31
feature_rel_volume_lag1,0.00323,3522,drop,2023,2023-12-31
feature_vol_sign_x_id_lag1,-0.00347,3519,drop,2023,2023-12-31
feature_ds_lag1,0.01847,3521,keep,2023,2023-12-31
feature_ds_ma5,0.02171,3519,keep,2023,2023-12-31
feature_ds_ma10,0.02179,3517,keep,2023,2023-12-31
feature_ds_ma10_rank,0.02179,3517,keep,2023,2023-12-31
feature_ds_ma20,0.01942,3512,keep,2023,2023-12-31
feature_ds_ma20_rank,0.01942,3512,keep,2023,2023-12-31
feature_seor_lag1,0.01431,3492,keep,2023,2023-12-31
feature_beta_on,0.01683,3492,keep,2023,2023-12-31
feature_beta_id,0.01362,3492,keep,2023,2023-12-31
feature_orj_lag1,-0.00242,3027,drop,2023,2023-12-31
feature_pead_lag1,,0,keep (few days),2023,2023-12-31
feature_pre,0.00097,3521,drop,2023,2023-12-31
feature_mom,-0.01801,3521,flip,2023,2023-12-31
feature_hlv,0.01366,3512,keep,2023,2023-12-31
feature_vol,0.00857,3512,drop,2023,2023-12-31
feature_mom5d_lag1,-0.01851,3519,flip,2023,2023-12-31
feature_mom5d_rank,-0.01851,3519,flip,2023,2023-12-31
feature_r_overnight_sum20_rank,0.0161,3512,keep,2023,2023-12-31
feature_on_pos_frac20,0.02671,3513,keep,2023,2023-12-31
feature_r_overnight_lag10,0.01175,3512,keep,2023,2023-12-31
feature_r_overnight_lag20,0.00778,3502,drop,2023,2023-12-31
feature_r_overnight_t,0.00198,3522,drop,2023,2024-03-31
feature_earnings_today,,0,keep (categorical),2023,2024-03-31
feature_r_overnight_t_norm,0.01024,3522,keep,2023,2024-03-31
feature_r_overnight_t_rank,0.00198,3522,drop,2023,2024-03-31
feature_r_overnight_t_norm_rank,0.01024,3522,keep,2023,2024-03-31
feature_abs_r_overnight_t_norm,0.0056,3522,drop,2023,2024-03-31
feature_r_intraday_lag1,-0.01801,3522,flip,2023,2024-03-31
feature_r_close_to_close_lag1,-0.01455,3522,flip,2023,2024-03-31
feature_r_overnight_lag1,0.01138,3521,keep,2023,2024-03-31
feature_r_overnight_lag2,0.00477,3520,drop,2023,2024-03-31
feature_r_overnight_lag3,0.0104,3519,keep,2023,2024-03-31
feature_r_overnight_lag4,0.01035,3518,keep,2023,2024-03-31
feature_r_overnight_lag5,0.01122,3517,keep,2023,2024-03-31
feature_r_overnight_ma5,0.01059,3519,keep,2023,2024-03-31
feature_r_overnight_ma10,0.01212,3517,keep,2023,2024-03-31
feature_r_overnight_ma20,0.0161,3512,keep,2023,2024-03-31
feature_r_overnight_std20,0.01384,3512,keep,2023,2024-03-31
feature_r_overnight_cum5,0.01039,3521,keep,2023,2024-03-31
feature_r_intraday_lag2,-0.01237,3520,flip,2023,2024-03-31
feature_r_intraday_lag3,-0.01098,3519,flip,2023,2024-03-31
feature_r_intraday_ma5,-0.02263,3519,flip,2023,2024-03-31
feature_r_intraday_sum5_rank,-0.02263,3519,flip,2023,2024-03-31
feature_r_intraday_sum10,-0.02104,3517,flip,2023,2024-03-31
feature_r_intraday_sum10_rank,-0.02104,3517,flip,2023,2024-03-31
feature_r_intraday_sum20_rank,-0.01613,3512,flip,2023,2024-03-31
feature_adv20_lag1,0.00857,3522,drop,2023,2024-03-31
feature_vol20_lag1,0.01267,3522,keep,2023,2024-03-31
feature_vol5_lag1,0.01336,3519,keep,2023,2024-03-31
feature_vol60_lag1,0.01278,3492,keep,2023,2024-03-31
feature_parkinson_vol20_lag1,0.01343,3512,keep,2023,2024-03-31
feature_gk_vol20_lag1,0.01351,3512,keep,2023,2024-03-31
feature_short_dsi,0.00335,3522,drop,2023,2024-03-31
feature_short_days_to_cover,-0.00525,3522,drop,2023,2024-03-31
feature_short_days_to_cover_chg,-0.0034,3522,drop,2023,2024-03-31
short_dsi_pct,0.00335,3522,drop,2023,2024-03-31
short_dtc_pct,-0.00525,3522,drop,2023,2024-03-31
feature_day_of_week,,0,keep (categorical),2023,2024-03-31
feature_month,,0,keep (categorical),2023,2024-03-31
feature_open_to_prev_high,-0.01773,3521,flip,2023,2024-03-31
feature_open_to_prev_low,-0.00735,3521,drop,2023,2024-03-31
feature_open_in_prev_range,-0.00868,3521,drop,2023,2024-03-31
feature_close_position_lag1,-0.01826,3521,flip,2023,2024-03-31
feature_range_ratio_lag1,0.0142,3521,keep,2023,2024-03-31
feature_rel_volume_lag1,0.00323,3522,drop,2023,2024-03-31
feature_vol_sign_x_id_lag1,-0.00347,3519,drop,2023,2024-03-31
feature_ds_lag1,0.01847,3521,keep,2023,2024-03-31
feature_ds_ma5,0.02171,3519,keep,2023,2024-03-31
feature_ds_ma10,0.02179,3517,keep,2023,2024-03-31
feature_ds_ma10_rank,0.02179,3517,keep,2023,2024-03-31
feature_ds_ma20,0.01942,3512,keep,2023,2024-03-31
feature_ds_ma20_rank,0.01942,3512,keep,2023,2024-03-31
feature_seor_lag1,0.01431,3492,keep,2023,2024-03-31
feature_beta_on,0.01683,3492,keep,2023,2024-03-31
feature_beta_id,0.01362,3492,keep,2023,2024-03-31
feature_orj_lag1,-0.00242,3027,drop,2023,2024-03-31
feature_pead_lag1,,0,keep (few days),2023,2024-03-31
feature_pre,0.00097,3521,drop,2023,2024-03-31
feature_mom,-0.01801,3521,flip,2023,2024-03-31
feature_hlv,0.01366,3512,keep,2023,2024-03-31
feature_vol,0.00857,3512,drop,2023,2024-03-31
feature_mom5d_lag1,-0.01851,3519,flip,2023,2024-03-31
feature_mom5d_rank,-0.01851,3519,flip,2023,2024-03-31
feature_r_overnight_sum20_rank,0.0161,3512,keep,2023,2024-03-31
feature_on_pos_frac20,0.02671,3513,keep,2023,2024-03-31
feature_r_overnight_lag10,0.01175,3512,keep,2023,2024-03-31
feature_r_overnight_lag20,0.00778,3502,drop,2023,2024-03-31
feature_r_overnight_t,0.00198,3522,drop,2023,2024-06-30
feature_earnings_today,,0,keep (categorical),2023,2024-06-30
feature_r_overnight_t_norm,0.01024,3522,keep,2023,2024-06-30
feature_r_overnight_t_rank,0.00198,3522,drop,2023,2024-06-30
feature_r_overnight_t_norm_rank,0.01024,3522,keep,2023,2024-06-30
feature_abs_r_overnight_t_norm,0.0056,3522,drop,2023,2024-06-30
feature_r_intraday_lag1,-0.01801,3522,flip,2023,2024-06-30
feature_r_close_to_close_lag1,-0.01455,3522,flip,2023,2024-06-30
feature_r_overnight_lag1,0.01138,3521,keep,2023,2024-06-30
feature_r_overnight_lag2,0.00477,3520,drop,2023,2024-06-30
feature_r_overnight_lag3,0.0104,3519,keep,2023,2024-06-30
feature_r_overnight_lag4,0.01035,3518,keep,2023,2024-06-30
feature_r_overnight_lag5,0.01122,3517,keep,2023,2024-06-30
feature_r_overnight_ma5,0.01059,3519,keep,2023,2024-06-30
feature_r_overnight_ma10,0.01212,3517,keep,2023,2024-06-30
feature_r_overnight_ma20,0.0161,3512,keep,2023,2024-06-30
feature_r_overnight_std20,0.01384,3512,keep,2023,2024-06-30
feature_r_overnight_cum5,0.01039,3521,keep,2023,2024-06-30
feature_r_intraday_lag2,-0.01237,3520,flip,2023,2024-06-30
feature_r_intraday_lag3,-0.01098,3519,flip,2023,2024-06-30
feature_r_intraday_ma5,-0.02263,3519,flip,2023,2024-06-30
feature_r_intraday_sum5_rank,-0.02263,3519,flip,2023,2024-06-30
feature_r_intraday_sum10,-0.02104,3517,flip,2023,2024-06-30
feature_r_intraday_sum10_rank,-0.02104,3517,flip,2023,2024-06-30
feature_r_intraday_sum20_rank,-0.01613,3512,flip,2023,2024-06-30
feature_adv20_lag1,0.00857,3522,drop,2023,2024-06-30
feature_vol20_lag1,0.01267,3522,keep,2023,2024-06-30
feature_vol5_lag1,0.01336,3519,keep,2023,2024-06-30
feature_vol60_lag1,0.01278,3492,keep,2023,2024-06-30
feature_parkinson_vol20_lag1,0.01343,3512,keep,2023,2024-06-30
feature_gk_vol20_lag1,0.01351,3512,keep,2023,2024-06-30
feature_short_dsi,0.00335,3522,drop,2023,2024-06-30
feature_short_days_to_cover,-0.00525,3522,drop,2023,2024-06-30
feature_short_days_to_cover_chg,-0.0034,3522,drop,2023,2024-06-30
short_dsi_pct,0.00335,3522,drop,2023,2024-06-30
short_dtc_pct,-0.00525,3522,drop,2023,2024-06-30
feature_day_of_week,,0,keep (categorical),2023,2024-06-30
feature_month,,0,keep (categorical),2023,2024-06-30
feature_open_to_prev_high,-0.01773,3521,flip,2023,2024-06-30
feature_open_to_prev_low,-0.00735,3521,drop,2023,2024-06-30
feature_open_in_prev_range,-0.00868,3521,drop,2023,2024-06-30
feature_close_position_lag1,-0.01826,3521,flip,2023,2024-06-30
feature_range_ratio_lag1,0.0142,3521,keep,2023,2024-06-30
feature_rel_volume_lag1,0.00323,3522,drop,2023,2024-06-30
feature_vol_sign_x_id_lag1,-0.00347,3519,drop,2023,2024-06-30
feature_ds_lag1,0.01847,3521,keep,2023,2024-06-30
feature_ds_ma5,0.02171,3519,keep,2023,2024-06-30
feature_ds_ma10,0.02179,3517,keep,2023,2024-06-30
feature_ds_ma10_rank,0.02179,3517,keep,2023,2024-06-30
feature_ds_ma20,0.01942,3512,keep,2023,2024-06-30
feature_ds_ma20_rank,0.01942,3512,keep,2023,2024-06-30
feature_seor_lag1,0.01431,3492,keep,2023,2024-06-30
feature_beta_on,0.01683,3492,keep,2023,2024-06-30
feature_beta_id,0.01362,3492,keep,2023,2024-06-30
feature_orj_lag1,-0.00242,3027,drop,2023,2024-06-30
feature_pead_lag1,,0,keep (few days),2023,2024-06-30
feature_pre,0.00097,3521,drop,2023,2024-06-30
feature_mom,-0.01801,3521,flip,2023,2024-06-30
feature_hlv,0.01366,3512,keep,2023,2024-06-30
feature_vol,0.00857,3512,drop,2023,2024-06-30
feature_mom5d_lag1,-0.01851,3519,flip,2023,2024-06-30
feature_mom5d_rank,-0.01851,3519,flip,2023,2024-06-30
feature_r_overnight_sum20_rank,0.0161,3512,keep,2023,2024-06-30
feature_on_pos_frac20,0.02671,3513,keep,2023,2024-06-30
feature_r_overnight_lag10,0.01175,3512,keep,2023,2024-06-30
feature_r_overnight_lag20,0.00778,3502,drop,2023,2024-06-30
feature_r_overnight_t,0.00198,3522,drop,2023,2024-09-30
feature_earnings_today,,0,keep (categorical),2023,2024-09-30
feature_r_overnight_t_norm,0.01024,3522,keep,2023,2024-09-30
feature_r_overnight_t_rank,0.00198,3522,drop,2023,2024-09-30
feature_r_overnight_t_norm_rank,0.01024,3522,keep,2023,2024-09-30
feature_abs_r_overnight_t_norm,0.0056,3522,drop,2023,2024-09-30
feature_r_intraday_lag1,-0.01801,3522,flip,2023,2024-09-30
feature_r_close_to_close_lag1,-0.01455,3522,flip,2023,2024-09-30
feature_r_overnight_lag1,0.01138,3521,keep,2023,2024-09-30
feature_r_overnight_lag2,0.00477,3520,drop,2023,2024-09-30
feature_r_overnight_lag3,0.0104,3519,keep,2023,2024-09-30
feature_r_overnight_lag4,0.01035,3518,keep,2023,2024-09-30
feature_r_overnight_lag5,0.01122,3517,keep,2023,2024-09-30
feature_r_overnight_ma5,0.01059,3519,keep,2023,2024-09-30
feature_r_overnight_ma10,0.01212,3517,keep,2023,2024-09-30
feature_r_overnight_ma20,0.0161,3512,keep,2023,2024-09-30
feature_r_overnight_std20,0.01384,3512,keep,2023,2024-09-30
feature_r_overnight_cum5,0.01039,3521,keep,2023,2024-09-30
feature_r_intraday_lag2,-0.01237,3520,flip,2023,2024-09-30
feature_r_intraday_lag3,-0.01098,3519,flip,2023,2024-09-30
feature_r_intraday_ma5,-0.02263,3519,flip,2023,2024-09-30
feature_r_intraday_sum5_rank,-0.02263,3519,flip,2023,2024-09-30
feature_r_intraday_sum10,-0.02104,3517,flip,2023,2024-09-30
feature_r_intraday_sum10_rank,-0.02104,3517,flip,2023,2024-09-30
feature_r_intraday_sum20_rank,-0.01613,3512,flip,2023,2024-09-30
feature_adv20_lag1,0.00857,3522,drop,2023,2024-09-30
feature_vol20_lag1,0.01267,3522,keep,2023,2024-09-30
feature_vol5_lag1,0.01336,3519,keep,2023,2024-09-30
feature_vol60_lag1,0.01278,3492,keep,2023,2024-09-30
feature_parkinson_vol20_lag1,0.01343,3512,keep,2023,2024-09-30
feature_gk_vol20_lag1,0.01351,3512,keep,2023,2024-09-30
feature_short_dsi,0.00335,3522,drop,2023,2024-09-30
feature_short_days_to_cover,-0.00525,3522,drop,2023,2024-09-30
feature_short_days_to_cover_chg,-0.0034,3522,drop,2023,2024-09-30
short_dsi_pct,0.00335,3522,drop,2023,2024-09-30
short_dtc_pct,-0.00525,3522,drop,2023,2024-09-30
feature_day_of_week,,0,keep (categorical),2023,2024-09-30
feature_month,,0,keep (categorical),2023,2024-09-30
feature_open_to_prev_high,-0.01773,3521,flip,2023,2024-09-30
feature_open_to_prev_low,-0.00735,3521,drop,2023,2024-09-30
feature_open_in_prev_range,-0.00868,3521,drop,2023,2024-09-30
feature_close_position_lag1,-0.01826,3521,flip,2023,2024-09-30
feature_range_ratio_lag1,0.0142,3521,keep,2023,2024-09-30
feature_rel_volume_lag1,0.00323,3522,drop,2023,2024-09-30
feature_vol_sign_x_id_lag1,-0.00347,3519,drop,2023,2024-09-30
feature_ds_lag1,0.01847,3521,keep,2023,2024-09-30
feature_ds_ma5,0.02171,3519,keep,2023,2024-09-30
feature_ds_ma10,0.02179,3517,keep,2023,2024-09-30
feature_ds_ma10_rank,0.02179,3517,keep,2023,2024-09-30
feature_ds_ma20,0.01942,3512,keep,2023,2024-09-30
feature_ds_ma20_rank,0.01942,3512,keep,2023,2024-09-30
feature_seor_lag1,0.01431,3492,keep,2023,2024-09-30
feature_beta_on,0.01683,3492,keep,2023,2024-09-30
feature_beta_id,0.01362,3492,keep,2023,2024-09-30
feature_orj_lag1,-0.00242,3027,drop,2023,2024-09-30
feature_pead_lag1,,0,keep (few days),2023,2024-09-30
feature_pre,0.00097,3521,drop,2023,2024-09-30
feature_mom,-0.01801,3521,flip,2023,2024-09-30
feature_hlv,0.01366,3512,keep,2023,2024-09-30
feature_vol,0.00857,3512,drop,2023,2024-09-30
feature_mom5d_lag1,-0.01851,3519,flip,2023,2024-09-30
feature_mom5d_rank,-0.01851,3519,flip,2023,2024-09-30
feature_r_overnight_sum20_rank,0.0161,3512,keep,2023,2024-09-30
feature_on_pos_frac20,0.02671,3513,keep,2023,2024-09-30
feature_r_overnight_lag10,0.01175,3512,keep,2023,2024-09-30
feature_r_overnight_lag20,0.00778,3502,drop,2023,2024-09-30
