date,alpha_spread,spread_threshold,rolling_ic,trade_allowed
2013-01-02,0.08245606108724808,,,False
2013-01-03,0.07495241085858939,,,False
2013-01-04,0.06018904323234439,,,False
2013-01-07,0.07118913999913658,,,False
2013-01-08,0.06461094573699071,,,False
2013-01-09,0.06206822780708739,,,False
2013-01-10,0.05506204974298985,,,False
2013-01-11,0.05636214275261947,,,False
2013-01-14,0.06060752955432857,,,False
2013-01-15,0.07540556364972678,,,False
2013-01-16,0.08386694971156253,,,False
2013-01-17,0.05510842785905139,,,False
2013-01-18,0.05206901457186941,,,False
2013-01-22,0.058242216134794064,,,False
2013-01-23,0.06371557838466402,,,False
2013-01-24,0.05821905394974685,,,False
2013-01-25,0.052881455547611436,,,False
2013-01-28,0.06390120791410912,,,False
2013-01-29,0.06300539852729203,,,False
2013-01-30,0.06397397801222901,,,False
2013-01-31,0.07341364831395222,,0.06567103954740831,False
2013-02-01,0.06645157468964469,,0.0682070325212289,False
2013-02-04,0.08047858941087022,,0.07559706432051498,False
2013-02-05,0.06101882097830279,,0.07593735230605252,False
2013-02-06,0.0781451026338286,,0.08134627473607106,False
2013-02-07,0.06793658437470096,,0.07981594350578798,False
2013-02-08,0.06390666166795969,,0.07672159291576462,False
2013-02-11,0.06294286031517453,,0.07435450455480096,False
2013-02-12,0.06074312524405865,,0.07230081404128928,False
2013-02-13,0.06274901076287252,,0.07297970097226908,False
2013-02-14,0.06675970133862079,,0.07393571178639127,False
2013-02-15,0.0617497980975249,,0.0741175751138673,False
2013-02-19,0.0587420629590801,,0.07305830149272086,False
2013-02-20,0.05645102117594997,,0.0731477796343585,False
2013-02-21,0.07638589495802997,,0.07009443598692583,False
2013-02-22,0.05674314096607418,,0.07940122796127994,False
2013-02-25,0.056073912800396454,,0.08045718165731651,False
2013-02-26,0.05858521361148121,,0.07996845411566122,False
2013-02-27,0.0677044877468557,,0.07982373262179199,False
2013-02-28,0.05897365195410802,,0.07952358434927441,False
2013-03-01,0.06891383068920556,,0.07730910202047216,False
2013-03-04,0.05481312320062627,,0.07270126955549489,False
2013-03-05,0.06204217452372987,,0.0770827693925207,False
2013-03-06,0.06066622270492241,,0.0730196707317887,False
2013-03-07,0.05403812670921743,,0.07322439000716377,False
2013-03-08,0.07048735492575973,,0.07239344271644453,False
2013-03-11,0.06031760756413167,,0.07429252981551636,False
2013-03-12,0.0575420376211351,,0.07441772909882617,False
2013-03-13,0.06300361746195969,,0.07582840317039573,False
2013-03-14,0.053858394980534005,,0.07627948613602835,False
2013-03-15,0.052945913214088376,,0.07491741213555086,False
2013-03-18,0.07017024665768443,,0.07126148946330202,False
2013-03-19,0.06542903096798791,,0.07063262750344701,False
2013-03-20,0.050166329835047235,,0.07253210168321676,False
2013-03-21,0.07389060164141552,,0.07290731273655442,False
2013-03-22,0.06617090105277948,,0.07585458655623296,False
2013-03-25,0.06108014692138553,,0.07849854547417934,False
2013-03-26,0.05442581068617115,,0.07873184938417768,False
2013-03-27,0.09786489874592266,,0.07618090140648662,False
2013-03-28,0.05907300093253534,,0.07556219460786408,False
2013-04-01,0.06456770411203995,0.07023366831129949,0.07387437831422461,False
2013-04-02,0.0594220217189344,0.07017024665768443,0.07383370653480807,False
2013-04-03,0.06852771158784983,0.06991896346398865,0.07430570770778176,False
2013-04-04,0.05943129243698385,0.06966768027029288,0.07349468408431802,False
2013-04-05,0.08423822768528075,0.06941639707659712,0.06874849658319009,True
2013-04-08,0.08000849645407887,0.07023366831129949,0.06967289572117068,True
2013-04-09,0.05727546440827316,0.07048735492575973,0.07033177193342857,False
2013-04-10,0.0569966804465248,0.07042393327214468,0.07084072589086642,False
2013-04-11,0.05944786567293861,0.07036051161852962,0.06792891941200001,False
2013-04-12,0.06891651730869695,0.07029708996491456,0.06923242862751734,False
2013-04-15,0.06996524652906552,0.07023366831129949,0.06719747896090948,False
2013-04-16,0.0661289190538001,0.07017024665768443,0.07102223466274912,False
2013-04-17,0.07201612001475555,0.07012924663196064,0.07268470326774083,True
2013-04-18,0.07966850563684917,0.07036051161852962,0.07333215516179488,True
2013-04-19,0.06372354412649475,0.07076806895511048,0.07394457363238013,False
2013-04-22,0.06342552516999453,0.0706277119404351,0.07499406229721252,False
2013-04-23,0.05229761135776208,0.07048735492575973,0.07517192386197423,False
2013-04-24,0.06282877592616352,0.07042393327214468,0.07365346779597828,False
2013-04-25,0.05878910534202045,0.07036051161852962,0.07289283920151302,False
2013-04-26,0.0632702868397628,0.07029708996491456,0.07385341538702532,False
2013-04-29,0.061031491362691606,0.07023366831129949,0.07335167868031438,False
2013-04-30,0.0625225352668507,0.07017024665768443,0.07359039079802375,False
2013-05-01,0.058040838487326774,0.07012924663196064,0.07169245072064236,False
2013-05-02,0.058227110977151705,0.07008824660623687,0.07280735101829396,False
2013-05-03,0.07630868455389062,0.07004724658051309,0.0738016475206148,True
2013-05-06,0.06762664308388033,0.07023366831129949,0.07241354523482293,False
2013-05-07,0.06436863607922333,0.07017024665768443,0.07338374614647578,False
2013-05-08,0.0683868181367606,0.07012924663196064,0.07316728577404515,False
2013-05-09,0.06012666298782672,0.07008824660623687,0.0732451549977868,False
2013-05-10,0.06083135408958354,0.07004724658051309,0.0724869984352581,False
2013-05-13,0.06027199871206154,0.0700062465547893,0.07288623403912242,False
2013-05-14,0.059936279260624434,0.06996524652906552,0.07276916934045041,False
2013-05-15,0.06079300467578412,0.06975550068499181,0.07266409264369732,False
2013-05-16,0.062005169689167,0.0695457548409181,0.07419516845308187,False
2013-05-17,0.06329391641222265,0.06933600899684439,0.07532595845042808,False
2013-05-20,0.06077934552620311,0.06912626315277066,0.0752389034670497,False
2013-05-21,0.0547465631882748,0.06891651730869695,0.0750409814841862,False
2013-05-22,0.06549298680102693,0.06891597998479868,0.07552416431181984,False
2013-05-23,0.10798418481218199,0.0689154426609004,0.07313855878611134,True
2013-05-24,0.08391594596993643,0.06933600899684439,0.06934800103187347,True
2013-05-28,0.07416683224435719,0.0700062465547893,0.07306588462717026,True
2013-05-29,0.08456965770661722,0.07017024665768443,0.07204985476256538,True
2013-05-30,0.06651484102277899,0.07042393327214468,0.0724467397248366,False
2013-05-31,0.09531579417944408,0.07036051161852962,0.0712204159301169,True
2013-06-03,0.061827957507382084,0.07076806895511048,0.072203861712346,False
2013-06-04,0.07594316759878186,0.0706277119404351,0.0721428313590182,True
2013-06-05,0.0859827400993387,0.07118913999913658,0.07078975865460213,True
2013-06-06,0.08981434988046473,0.07185072401163176,0.06933203959287033,True
2013-06-07,0.06055550395583114,0.07285463699427357,0.07135792914770354,False
2013-06-10,0.049522723664372194,0.07257513133443423,0.07029628655756755,False
2013-06-11,0.09636283813881255,0.07229562567459488,0.06888093988414261,True
2013-06-12,0.05234410996176905,0.07341364831395222,0.0717402522533302,False
2013-06-13,0.06279230368398017,0.0731341426541129,0.07218535502460514,False
2013-06-14,0.05250938933183562,0.07285463699427357,0.07173040900731946,False
2013-06-17,0.04473515399852605,0.07257513133443423,0.07273394354727158,False
2013-06-18,0.05251278392534853,0.07229562567459488,0.07223547510442119,False
2013-06-19,0.04713691284531693,0.07201612001475555,0.07233898487096325,False
2013-06-20,0.07633545164839584,0.07185072401163176,0.0702439500908957,True
2013-06-21,0.05756238777499316,0.07285463699427357,0.07001666693572682,False
2013-06-24,0.0898313038757101,0.07257513133443423,0.07022050802649775,True
2013-06-25,0.06422233762915289,0.07350903897944489,0.0735161214971206,False
2013-06-26,0.05846889954153277,0.07341364831395222,0.07287268225187928,False
2013-06-27,0.05342480410663673,0.0731341426541129,0.0711711382712817,False
2013-06-28,0.05542645772055823,0.07285463699427357,0.07036510575678215,False
2013-07-01,0.05680614402082419,0.07257513133443423,0.07068132426936083,False
2013-07-02,0.0628252875963188,0.07229562567459488,0.07007891182894276,False
2013-07-03,0.06313957406938052,0.07201612001475555,0.06940420594949497,False
2013-07-05,0.06226617537087897,0.07185072401163176,0.07036737139017084,False
2013-07-08,0.05621058748037393,0.07168532800850796,0.06934062100737166,False
2013-07-09,0.049839018491997164,0.07151993200538417,0.06861486239205893,False
2013-07-10,0.058792696151401765,0.07135453600226037,0.06733175541152438,False
2013-07-11,0.07060133768251767,0.07118913999913658,0.06715382129042755,False
2013-07-12,0.07378834981543927,0.0710715795358128,0.06696022494651112,True
2013-07-15,0.0608479126708476,0.07168532800850796,0.06818449969234218,False
2013-07-16,0.06692535548024427,0.07151993200538417,0.06922834509440275,False
2013-07-17,0.050659653326053516,0.07135453600226037,0.0693021020673089,False
2013-07-18,0.06338426147945787,0.07118913999913658,0.07010151132316579,False
2013-07-19,0.06070302218326355,0.0710715795358128,0.06841815110255495,False
2013-07-22,0.06352793036804336,0.07095401907248902,0.06854168395725961,False
2013-07-23,0.05749519516665221,0.07083645860916524,0.06828049612631513,False
2013-07-24,0.0703191583943433,0.07071889814584145,0.06844347230363561,False
2013-07-25,0.08382604138889299,0.07060133768251767,0.06970610725397802,True
2013-07-26,0.07811385203177654,0.0710715795358128,0.06779485719278787,True
2013-07-29,0.0780081214043542,0.07168532800850796,0.06761156354195669,True
2013-07-30,0.05426394432025344,0.07257513133443423,0.0671455044725413,False
2013-07-31,0.059567461054934934,0.07229562567459488,0.06742523556631515,False
2013-08-01,0.06565290253356496,0.07201612001475555,0.06892017756187471,False
2013-08-02,0.07253461060187388,0.07185072401163176,0.06856179484436371,True
2013-08-05,0.06351115122693611,0.07232721436702655,0.0684547462863852,False
2013-08-06,0.06550220747955875,0.07222351624960288,0.06813840642375972,False
2013-08-07,0.06810379423684043,0.07211981813217921,0.06638498008602435,False
2013-08-08,0.052131279638134326,0.07201612001475555,0.06796251627156993,False
2013-08-09,0.06282477094911361,0.07185072401163176,0.06900968747102441,False
2013-08-12,0.06398152480905465,0.07168532800850796,0.06855126336101378,False
2013-08-13,0.06227872697880166,0.07151993200538417,0.0701412456280975,False
2013-08-14,0.05366309497348201,0.07135453600226037,0.06946737252932497,False
2013-08-15,0.08707630817519488,0.07118913999913658,0.06788875021718957,True
2013-08-16,0.09169622941011005,0.07185072401163176,0.06801262100569459,True
2013-08-19,0.0678019053512903,0.07232721436702655,0.06827944885575149,False
2013-08-20,0.07301942328421016,0.07222351624960288,0.06972478654329108,True
2013-08-21,0.06090550590033916,0.07263157313834114,0.06917254447712083,False
2013-08-22,0.061497526816333636,0.07253461060187388,0.06844882781574428,False
2013-08-23,0.045847221575903194,0.07243091248445022,0.06860323500089907,False
2013-08-26,0.04400804569195494,0.07232721436702655,0.06829624540376918,False
2013-08-27,0.07624076107837763,0.07222351624960288,0.06786764470106088,True
2013-08-28,0.07879293589157038,0.07263157313834115,0.0672697772655915,True
2013-08-29,0.0631464713422468,0.07301942328421016,0.06785396961002962,False
2013-08-30,0.07128630677815448,0.0729224607477429,0.06890388872900809,False
2013-09-03,0.058156768809825954,0.07282549821127564,0.07074009506524309,False
2013-09-04,0.059075279513974836,0.0727285356748084,0.07131469792261143,False
2013-09-05,0.043539696529545244,0.07263157313834115,0.07111692389159334,False
2013-09-06,0.05389321473894091,0.07253461060187388,0.0721564884226357,False
2013-09-09,0.04398818857013427,0.07243091248445022,0.07107259459160975,False
2013-09-10,0.05103888096536581,0.07232721436702655,0.0705686108197687,False
2013-09-11,0.060778729883899096,0.07222351624960288,0.06992704841921722,False
2013-09-12,0.05137590763890525,0.07211981813217923,0.07011581829460696,False
2013-09-13,0.05079110473673755,0.07201612001475555,0.07039305023781066,False
2013-09-16,0.0685390036785474,0.07187015736743534,0.07201334971125033,False
2013-09-17,0.07236516430525902,0.07172419472011511,0.07141321489897308,True
2013-09-18,0.058722557998332085,0.07215573773095695,0.07010731854640168,False
2013-09-19,0.06388652441132603,0.07208592887285625,0.06988110975752261,False
2013-09-20,0.058494201791880834,0.07201612001475555,0.06866855929007734,False
2013-09-23,0.06195268504888664,0.07187015736743534,0.06747927804381362,False
2013-09-24,0.05912113597185552,0.07172419472011511,0.06762116287230939,False
2013-09-25,0.05160027784374163,0.07157823207279491,0.06922052478506076,False
2013-09-26,0.05473940003611559,0.0714322694254747,0.06984290738616436,False
2013-09-27,0.08136531874663053,0.07128630677815448,0.07104199706332859,True
2013-09-30,0.10653283910057662,0.07187015736743534,0.06819740739632778,True
2013-10-01,0.0640552759896319,0.07222554658905762,0.0677661182865159,False
2013-10-02,0.0636823751529308,0.07215573773095695,0.06757229777981529,False
2013-10-03,0.0682091747549954,0.07208592887285625,0.0702014448987494,False
2013-10-04,0.06824238017721004,0.07201612001475555,0.06948635180013844,False
2013-10-07,0.06057188043861554,0.07187015736743534,0.06694353687493886,False
2013-10-08,0.06838416071426494,0.07172419472011514,0.06626486733973556,False
2013-10-09,0.06928201330061491,0.07157823207279491,0.06823900252191172,False
2013-10-10,0.06117842660009541,0.0714322694254747,0.070464185666525,False
2013-10-11,0.06595607932411632,0.07128630677815448,0.07109077586169554,False
2013-10-14,0.05345547242415765,0.0712668734223509,0.06716477486514022,False
2013-10-15,0.08840815795254311,0.07124744006654732,0.0660425518822244,True
2013-10-16,0.052433238089909406,0.07157823207279491,0.06664061400778515,False
2013-10-17,0.060424862860385356,0.0714322694254747,0.06639843597107668,False
2013-10-18,0.0513557206803259,0.07128630677815448,0.06714452856708251,False
2013-10-21,0.06246514879670152,0.0712668734223509,0.06733898510860163,False
2013-10-22,0.05217610912820246,0.07124744006654732,0.06849084137103643,False
2013-10-23,0.0702810275944338,0.07122800671074374,0.06866006307236404,False
2013-10-24,0.06275946125821937,0.07120857335494016,0.06844891691910446,False
2013-10-25,0.05651230638220406,0.07118913999913658,0.069540576183683,False
2013-10-28,0.06207574317560399,0.0710715795358128,0.07069502355949289,False
2013-10-29,0.0577706602098526,0.07095401907248902,0.07214456062387088,False
2013-10-30,0.060073129299336545,0.07083645860916524,0.071669426886572,False
2013-10-31,0.059657858323639346,0.07071889814584147,0.07038761229184116,False
2013-11-01,0.05914442833937954,0.07060133768251767,0.07153603868579755,False
2013-11-04,0.05314691622957801,0.07057854113116609,0.07113326279790613,False
2013-11-05,0.07045858285430032,0.07055574457981449,0.0711373513142655,False
2013-11-06,0.05592605053519355,0.07053294802846291,0.07141503326868265,False
2013-11-07,0.05517353805383608,0.07051015147711133,0.07173582057909682,False
2013-11-08,0.06195281305707523,0.07048735492575973,0.07127642782005938,False
2013-11-11,0.06193946068581772,0.07048160051146785,0.07100279065827668,False
2013-11-12,0.05863038302176793,0.07047584609717597,0.07159817905128936,False
2013-11-13,0.07184187307144115,0.07047009168288408,0.06966828969644197,True
2013-11-14,0.05449518567105619,0.07051015147711133,0.06872226566741448,False
2013-11-15,0.05799861656192554,0.07048735492575973,0.06865637850131429,False
2013-11-18,0.05346128187760163,0.07048160051146785,0.06900921810373792,False
2013-11-19,0.05904758501432009,0.07047584609717597,0.06803706015031565,False
2013-11-20,0.05554089633674773,0.07047009168288408,0.07035082162005352,False
2013-11-21,0.0525132200241108,0.0704643372685922,0.0734322510726471,False
2013-11-22,0.05473560303952829,0.07045858285430032,0.07112930351995783,False
2013-11-25,0.05642100245116492,0.07043069796230891,0.07193298968461444,False
2013-11-26,0.05836264655266708,0.07040281307031751,0.0721814552283834,False
2013-11-27,0.056934526003260905,0.07037492817832611,0.07314766496755475,False
2013-11-29,0.049728666569982136,0.0703470432863347,0.07277569390401675,False
2013-12-02,0.054667984376883576,0.0703191583943433,0.07259847766756743,False
2013-12-03,0.07262840919589685,0.0703115322343614,0.0731670979432086,True
2013-12-04,0.08165437387538341,0.07040281307031751,0.07412483040121588,True
2013-12-05,0.08505177881832082,0.07047009168288408,0.07167121845724655,True
2013-12-06,0.057084452429336116,0.07051015147711133,0.07423889356239508,False
2013-12-09,0.06491363610622661,0.07048735492575973,0.07500525638711632,False
2013-12-10,0.06487453128092135,0.07048160051146785,0.07232033299094333,False
2013-12-11,0.07207193917368553,0.07047584609717597,0.07147391549531251,True
2013-12-12,0.060526022267450075,0.07053294802846291,0.07210933736788074,False
2013-12-13,0.060165838807303994,0.07051015147711133,0.07191376767003828,False
2013-12-16,0.056275234468028096,0.07048735492575973,0.07253511684673729,False
2013-12-17,0.06157093480894524,0.07048160051146785,0.07245710754354551,False
2013-12-18,0.061218183312715446,0.07047584609717597,0.07417104851811372,False
2013-12-19,0.06455246275140405,0.07047009168288408,0.07380959635814877,False
2013-12-20,0.06285983474815338,0.0704643372685922,0.07328978470409245,False
2013-12-23,0.055024827457020316,0.07045858285430032,0.0699630915500189,False
2013-12-24,0.05803189161914668,0.07043069796230891,0.070763875079708,False
2013-12-26,0.05525345822447236,0.07040281307031751,0.07248898192692126,False
2013-12-27,0.05448133331867085,0.07037492817832611,0.07284944816836422,False
2013-12-30,0.058685748256199384,0.0703470432863347,0.07237565420721304,False
2013-12-31,0.057626581998658846,0.0703191583943433,0.07273790272410562,False
2014-01-02,0.061677974956377474,0.0703115322343614,0.07281677512941585,False
2014-01-03,0.06026628464135767,0.07025887140708392,0.07145625404215687,False
2014-01-06,0.06215666434705375,0.07012924663196064,0.07236706252695847,False
2014-01-07,0.06257001173651516,0.07012924663196064,0.07367431125941223,False
2014-01-08,0.07403625063664733,0.0698285998833754,0.07514243534256716,True
2014-01-09,0.06737606166646716,0.07012924663196064,0.07637571853310096,False
2014-01-10,0.06543846282241708,0.07012924663196064,0.075471106262461,False
2014-01-13,0.07073548130092405,0.07012924663196064,0.07527123274312801,True
2014-01-14,0.07197826207713715,0.07025887140708392,0.07585155373544637,True
2014-01-15,0.0675114279469601,0.0703115322343614,0.07663069746655757,False
2014-01-16,0.06937992047817407,0.07025887140708392,0.0761748297739422,False
2014-01-17,0.07108361739993913,0.07012924663196064,0.07693086385891978,True
2014-01-21,0.06222796296544528,0.07025887140708392,0.07781581970228402,False
2014-01-22,0.06771791119055207,0.07025887140708392,0.07839602635093432,False
2014-01-23,0.07422190632623568,0.07025887140708392,0.07771616432105595,True
2014-01-24,0.08118665126349234,0.0703115322343614,0.07517497934530488,True
2014-01-27,0.07786929234052647,0.07043069796230891,0.07757895060144888,True
2014-01-28,0.07738165557471402,0.07048160051146785,0.07896154866971995,True
2014-01-29,0.08593840327879984,0.07057854113116609,0.07642016642043553,True
2014-01-30,0.06226884911861423,0.07070865257724278,0.07800537044196897,False
2014-01-31,0.08211512114133807,0.07070865257724278,0.07576016455828231,True
2014-02-03,0.07031988083774954,0.07070865257724278,0.07541996883005087,False
2014-02-04,0.06025812931856789,0.07070865257724278,0.07457996016665937,False
2014-02-05,0.07809454942217411,0.07057854113116609,0.07411025913477134,True
2014-02-06,0.06826924312350255,0.07070865257724278,0.07498953502931853,False
2014-02-07,0.06185206848739842,0.07057854113116609,0.0738961075405402,False
2014-02-10,0.057767553340521915,0.07057854113116609,0.07341610926104897,False
2014-02-11,0.05909323792203759,0.07057854113116609,0.07445432966522215,False
2014-02-12,0.0648538184236689,0.07057854113116609,0.07370550733111805,False
2014-02-13,0.07145703997196373,0.07057854113116609,0.0738728350521238,True
2014-02-14,0.06098729502780555,0.07070865257724278,0.07510455591225959,False
2014-02-18,0.061322951423681375,0.07070865257724278,0.07592593272361171,False
2014-02-19,0.06881274037780502,0.07070865257724278,0.07598560681092763,False
2014-02-20,0.061500779160693284,0.07070865257724278,0.07499977615489037,False
2014-02-21,0.05918524510010076,0.07070865257724278,0.07640280727855793,False
2014-02-24,0.060219098269660376,0.07057854113116609,0.07418527982840838,False
2014-02-25,0.05987455352211251,0.07057854113116609,0.07372769159353003,False
2014-02-26,0.06008654523484801,0.07057854113116609,0.07410989337442528,False
2014-02-27,0.06269802211315834,0.07057854113116609,0.07459546552873557,False
2014-02-28,0.0603327157429156,0.07057854113116609,0.07522082142153115,False
2014-03-03,0.06454946068498273,0.07057854113116609,0.0757893715981359,False
2014-03-04,0.06419923418081588,0.07057854113116609,0.07764734830685965,False
2014-03-05,0.06238453815230474,0.07057854113116609,0.07389134987816205,False
2014-03-06,0.05482108076824964,0.07057854113116609,0.07453107314300804,False
2014-03-07,0.05808938890944784,0.07057854113116609,0.07444423386794838,False
2014-03-10,0.060684169082826755,0.07057854113116609,0.073897535408858,False
2014-03-11,0.06015299018025029,0.0705727867168742,0.07387208212763129,False
2014-03-12,0.08889622141945812,0.0705727867168742,0.07359576165688009,True
2014-03-13,0.05400315849290246,0.07070865257724278,0.07539333184374501,False
2014-03-14,0.08056837761756208,0.07070865257724278,0.07490823803428868,True
2014-03-17,0.05646715369618038,0.07101399018013611,0.07685815192187338,False
2014-03-18,0.066449179558018,0.07101399018013611,0.07643310515462264,False
2014-03-19,0.05319285513608756,0.07101399018013611,0.07729760021689576,False
2014-03-20,0.06605734161782324,0.07101399018013611,0.0780277729333312,False
2014-03-21,0.05364235598569865,0.07101399018013611,0.07717625292299518,False
2014-03-24,0.05821907667255084,0.07070865257724278,0.07697612432104203,False
2014-03-25,0.0511323896561631,0.07070865257724278,0.07739211164438227,False
2014-03-26,0.05939723758489247,0.07070865257724278,0.07629497596393713,False
2014-03-27,0.06710254324692774,0.07070865257724278,0.07520049591853481,False
2014-03-28,0.06489627033853587,0.0705727867168742,0.07439713705357451,False
2014-03-31,0.057479542003590595,0.0705727867168742,0.07525318415060521,False
2014-04-01,0.07674537432016643,0.0705727867168742,0.07849138964113159,True
2014-04-02,0.07186239973169817,0.07070865257724278,0.07947374131242765,True
2014-04-03,0.0698905816901802,0.07101399018013611,0.07979741399002725,False
2014-04-04,0.06762686337278472,0.07101399018013611,0.07862303082272504,False
2014-04-07,0.07917831912889557,0.07070865257724278,0.0794625890383664,True
2014-04-08,0.07503405851712053,0.07070865257724278,0.08217011537617487,True
2014-04-09,0.07694862750879938,0.07101399018013611,0.08401571766325303,True
2014-04-10,0.07496048690708615,0.07124576890251141,0.08282796515956496,True
2014-04-11,0.09275373059161175,0.07142289333320188,0.07743912428882314,True
2014-04-14,0.06451053771128304,0.07176490645154567,0.08091875438963933,False
2014-04-15,0.08396650440960704,0.07176490645154567,0.08268297613317281,True
2014-04-16,0.06541045521249081,0.07185829439964676,0.08480100036680147,False
2014-04-17,0.09098859746521157,0.07176490645154567,0.08346723631881814,True
2014-04-21,0.07809074540679155,0.07176490645154567,0.08372263579066777,True
2014-04-22,0.07322927462720322,0.07185829439964676,0.08234087527602352,True
2014-04-23,0.06646522874344006,0.07195508960804935,0.08198803605554868,False
2014-04-24,0.07352470194319784,0.07195508960804935,0.08171901593942263,True
2014-04-25,0.07441712198757522,0.07205320375437585,0.08220025617140914,True
2014-04-28,0.07043641491609715,0.07230651927894433,0.08257378129155236,False
2014-04-29,0.07422522748938824,0.07230651927894433,0.08192512581988438,True
2014-04-30,0.0770256113213644,0.07250072134255091,0.07953953729432181,True
2014-05-01,0.06729900358780332,0.07260964947709225,0.07889555156043743,False
2014-05-02,0.06489242460757497,0.07260964947709225,0.07905817963640277,False
2014-05-05,0.07536820588779078,0.07260964947709225,0.07831629634760079,True
2014-05-06,0.06760512593987422,0.07260964947709225,0.0770193538727593,False
2014-05-07,0.06688303187457655,0.07260964947709225,0.07665607612039323,False
2014-05-08,0.07285315178998744,0.07260964947709225,0.07637380864959095,True
2014-05-09,0.07024225259015567,0.07280820327116932,0.0744653006398047,False
2014-05-12,0.05694036145388405,0.07280820327116932,0.07583617266488787,False
2014-05-13,0.060546935969838775,0.07280820327116932,0.07622779435937783,False
2014-05-14,0.058062778890789354,0.07280820327116932,0.07703826801962431,False
2014-05-15,0.07996002696771595,0.07280820327116932,0.07613055299301341,True
2014-05-16,0.06943447007433323,0.07298616898536561,0.07691024825701542,False
2014-05-19,0.06633165600079376,0.07298616898536561,0.07525100695537056,False
2014-05-20,0.061791556979403084,0.07298616898536561,0.0747569381086452,False
2014-05-21,0.055423279551489846,0.07298616898536561,0.07530903745874386,False
2014-05-22,0.05452715196023654,0.07298616898536561,0.07579562373486398,False
2014-05-23,0.05307448025585511,0.07298616898536561,0.07491544576549787,False
2014-05-27,0.061174414307118216,0.07280820327116932,0.07527411015227917,False
2014-05-28,0.055976838154741165,0.07260964947709225,0.0746268033660678,False
2014-05-29,0.056021817975904636,0.07250072134255091,0.07398046706593393,False
2014-05-30,0.059304527596084525,0.07230651927894433,0.07349327516381214,False
2014-06-02,0.06028184932497249,0.07230651927894433,0.07363782816069439,False
2014-06-03,0.08241830566440948,0.07205320375437585,0.07228662797783729,True
2014-06-04,0.07721302862900649,0.07230651927894433,0.07093652369692863,True
2014-06-05,0.06539650758358825,0.07230651927894433,0.07193884008174165,False
2014-06-06,0.06273546446147864,0.07205320375437585,0.07267915979119881,False
2014-06-09,0.062195545688830636,0.07195508960804935,0.07279049499794914,False
2014-06-10,0.06788660518527262,0.07195508960804935,0.07178412590887887,False
2014-06-11,0.07252515059427717,0.07195508960804935,0.07222160010475955,True
2014-06-12,0.07121382235340956,0.07195508960804935,0.07204826773982023,False
2014-06-13,0.06697171329781597,0.07195508960804935,0.07340745717341374,False
2014-06-16,0.07972025110025624,0.07195508960804935,0.07260159925709489,True
2014-06-17,0.07993933260066854,0.07205320375437585,0.07150519574293296,True
2014-06-18,0.06569065588646258,0.07230651927894433,0.07160368951581025,False
2014-06-19,0.05942105946724248,0.07230651927894433,0.07200713940271605,False
2014-06-20,0.06531863917513601,0.07230651927894433,0.07198867631932195,False
2014-06-23,0.06550434492066344,0.07205320375437585,0.07248418123380047,False
2014-06-24,0.07840107599036836,0.07205320375437585,0.07331920715423529,True
2014-06-25,0.10567182617826198,0.07205320375437585,0.07292901172912336,True
2014-06-26,0.07443770045823339,0.07230651927894433,0.07311131453958017,True
2014-06-27,0.09334925291156734,0.07249315333647353,0.07156442333911885,True
2014-06-30,0.07229500682538664,0.07253271860035454,0.07156252854977098,False
2014-07-01,0.06308038841100422,0.07253271860035454,0.07238369206698145,False
2014-07-02,0.060902789374323724,0.07253271860035454,0.07228584496859908,False
2014-07-03,0.058782839514691904,0.07253271860035454,0.07317920663127746,False
2014-07-07,0.06991670021513,0.07253271860035454,0.07329139020521629,False
2014-07-08,0.0811498626769099,0.07253271860035454,0.07276081233206294,True
2014-07-09,0.07380528969962298,0.07260964947709225,0.07200890492402817,True
2014-07-10,0.09563654201020072,0.07280820327116932,0.06796914698242143,True
2014-07-11,0.10328169112914205,0.07298616898536561,0.06707021821816715,True
2014-07-14,0.055312123419150705,0.07318730435860461,0.0710362143561735,False
2014-07-15,0.06761556439204158,0.07298616898536561,0.06957145457960257,False
2014-07-16,0.055960397055612704,0.07298616898536561,0.07004095648291349,False
2014-07-17,0.09889681581559862,0.07298616898536561,0.06935047229423358,True
2014-07-18,0.06907134627561592,0.07318730435860461,0.0690060103167675,False
2014-07-21,0.0825233301800486,0.07318730435860461,0.06725695279496258,True
2014-07-22,0.05728426484648182,0.07346561647999891,0.06841937523337066,False
2014-07-23,0.06126413819656504,0.07346561647999891,0.0678819001453922,False
2014-07-24,0.059337172631088085,0.07346561647999891,0.06935156831593188,False
2014-07-25,0.07428332149025091,0.07346561647999891,0.07187544533062996,True
2014-07-28,0.05719551377669356,0.07346561647999891,0.07178564702457495,False
2014-07-29,0.0695954856964737,0.07318730435860461,0.0717350240917747,False
2014-07-30,0.05917636692050805,0.07298616898536561,0.07529743224426234,False
2014-07-31,0.07876281485444167,0.07298616898536561,0.07238249287735324,True
2014-08-01,0.07184871629593073,0.07318730435860461,0.07288752673486704,False
2014-08-04,0.061650086774222866,0.07318730435860461,0.07426260121704954,False
2014-08-05,0.0821943638339053,0.07318730435860461,0.07268631976449526,True
2014-08-06,0.07916143439981932,0.07346561647999891,0.07122495143905104,True
2014-08-07,0.057006102252516844,0.07374917214833795,0.07258112612715802,False
2014-08-08,0.05334891039168705,0.07374917214833795,0.07200522375200696,False
2014-08-11,0.049977785730178845,0.07374917214833795,0.07294865838087104,False
2014-08-12,0.05505485390954592,0.07374917214833795,0.07285502454701763,False
2014-08-13,0.049875854710808895,0.07374917214833795,0.07334723409897734,False
2014-08-14,0.05467297200908095,0.07374917214833795,0.07401610067149096,False
2014-08-15,0.051218436002613346,0.07374917214833795,0.07413960398946372,False
2014-08-18,0.04905607247335432,0.07346561647999891,0.07237193547639696,False
2014-08-19,0.05639904263048012,0.07318730435860461,0.07192806076996422,False
2014-08-20,0.06503320133227711,0.07318730435860461,0.07131970212958018,False
2014-08-21,0.06019070467005661,0.07315405005976007,0.07151634297716276,False
2014-08-22,0.06391473111341667,0.07315405005976007,0.07157434832438195,False
2014-08-25,0.05037856244346494,0.07315405005976007,0.07234624208060396,False
2014-08-26,0.059519740466240284,0.07315405005976007,0.0724280321571333,False
2014-08-27,0.05301910042487658,0.07315405005976007,0.0721138167125243,False
2014-08-28,0.07082071726329782,0.07280820327116932,0.07254590649058874,False
2014-08-29,0.06038676032769102,0.07260775747557291,0.07301760334930715,False
2014-09-02,0.06714557859842823,0.07260775747557291,0.07257384883862009,False
2014-09-03,0.05602385162694942,0.07260775747557291,0.07309001687007992,False
2014-09-04,0.06789777725867555,0.07260775747557291,0.07342801265638389,False
2014-09-05,0.07792534025998009,0.07260775747557291,0.07187666570388095,True
2014-09-08,0.07576672449885466,0.07280820327116932,0.07116985104132095,True
2014-09-09,0.07193378977372991,0.07315405005976007,0.07230121190532793,False
2014-09-10,0.06917076840782321,0.07315405005976007,0.07330139671156007,False
2014-09-11,0.07062129745216034,0.07315405005976007,0.06923124419640968,False
2014-09-12,0.05737256446331342,0.07315405005976007,0.06951789151359329,False
2014-09-15,0.06297425845923744,0.07315405005976007,0.06664760724084114,False
2014-09-16,0.0759055480124201,0.07315405005976007,0.06644120142812321,True
2014-09-17,0.05966868307315405,0.07346561647999891,0.06651161783360106,False
2014-09-18,0.050030480121888314,0.07346561647999891,0.06652422143340973,False
2014-09-19,0.05031877509525636,0.07346561647999891,0.06710092644263127,False
2014-09-22,0.07378234397357061,0.07346561647999891,0.06787322711280679,True
2014-09-23,0.07910135844188597,0.07373081556749606,0.06571041328968805,True
2014-09-24,0.07563887675907052,0.07380070055441251,0.06704744523540165,True
2014-09-25,0.06468299135129987,0.07399005844924246,0.06652722002157015,False
2014-09-26,0.07765088722625701,0.07399005844924246,0.06781443720757077,True
2014-09-29,0.09200344726377983,0.07418477518831801,0.06269734049430886,True
2014-09-30,0.07109408972686299,0.07418477518831801,0.06210871179230652,False
2014-10-01,0.06797889761450122,0.07399005844924246,0.060459552661631735,False
2014-10-02,0.07152120965937214,0.07399005844924246,0.059724592476497446,False
2014-10-03,0.05074712764967913,0.07399005844924246,0.06235665043808522,False
2014-10-06,0.04933784015640438,0.07399005844924246,0.061813475824150754,False
2014-10-07,0.0773560685015709,0.07399005844924246,0.05985738652125087,True
2014-10-08,0.07203115680332542,0.07418477518831801,0.05707394858854537,False
2014-10-09,0.05286757455439736,0.07418477518831801,0.056946301960227055,False
2014-10-10,0.07240195320589538,0.07418477518831801,0.05724332882031261,False
2014-10-13,0.060481574767628526,0.07418477518831801,0.054723647921410365,False
2014-10-14,0.05821640439134336,0.07418477518831801,0.0550131858808513,False
2014-10-15,0.09272092822210838,0.07418477518831801,0.052773212183208226,True
2014-10-16,0.08728817124056325,0.07418477518831801,0.05010692138335351,True
2014-10-17,0.06903512723821313,0.07422456325675773,0.05101339242532039,False
2014-10-20,0.07220485648613045,0.07422456325675773,0.04981600174730135,False
2014-10-21,0.06692024252390218,0.07422456325675773,0.051424201190276755,False
2014-10-22,0.06499689858876613,0.07422456325675773,0.051024958883385825,False
2014-10-23,0.062218302111843836,0.07422456325675773,0.051477505497288426,False
2014-10-24,0.059963114259153016,0.07422456325675773,0.0503435473103348,False
2014-10-27,0.056256806271687484,0.07422456325675773,0.04834676233027897,False
2014-10-28,0.05899116291490063,0.07422456325675773,0.04960497904185122,False
2014-10-29,0.06102681138879215,0.07422456325675773,0.050450977092440806,False
2014-10-30,0.0669156238614106,0.07422456325675773,0.0504294304180509,False
2014-10-31,0.05716986425449895,0.07422456325675773,0.05103103270640623,False
2014-11-03,0.06144192963217958,0.07422456325675773,0.05159342954973597,False
2014-11-04,0.06823946499393767,0.07422456325675773,0.05093029460702952,False
2014-11-05,0.05839860595241922,0.07422456325675773,0.052263244215069095,False
2014-11-06,0.06513478785790726,0.07422456325675773,0.05365021840819599,False
2014-11-07,0.06316449504615079,0.07422456325675773,0.051998026047578055,False
2014-11-10,0.06212735593606052,0.07422456325675773,0.05237522841510563,False
2014-11-11,0.05938491137525177,0.07422456325675773,0.05195089833341611,False
2014-11-12,0.06265220817043242,0.07422456325675773,0.05166608370907599,False
2014-11-13,0.05622700340186543,0.07422456325675773,0.0505560801689106,False
2014-11-14,0.05909170737880942,0.07422456325675773,0.05235911325338785,False
2014-11-17,0.05535361278332792,0.07422456325675773,0.051686873025223325,False
2014-11-18,0.05933833113440727,0.07422456325675773,0.051633873270139546,False
2014-11-19,0.0645280184752101,0.07422456325675773,0.051665412668203445,False
2014-11-20,0.07129295817392997,0.07422456325675773,0.052063092825065126,False
2014-11-21,0.05928576978467168,0.07422456325675773,0.05430129963007367,False
2014-11-24,0.057369803289947965,0.07422456325675773,0.05364594989795576,False
2014-11-25,0.05153687165217524,0.07422456325675773,0.054377240195330585,False
2014-11-26,0.05564991272104482,0.07422456325675773,0.05441388247203834,False
2014-11-28,0.05461457555775738,0.07422456325675773,0.053607147966390364,False
2014-12-01,0.08697256549290244,0.07422456325675773,0.0544797641616134,True
2014-12-02,0.0684251443336272,0.07427170269007838,0.056147198008794925,False
2014-12-03,0.0758940126205901,0.07427170269007838,0.056578213659318886,True
2014-12-04,0.0602038264637615,0.07439036188811037,0.05400923052705175,False
2014-12-05,0.060650082718297874,0.07427170269007838,0.05544428143217655,False
2014-12-08,0.0789467384073795,0.07422456325675773,0.05435590564455034,True
2014-12-09,0.08019119762778947,0.07427170269007838,0.052515643558054666,True
2014-12-10,0.07925262228773813,0.07439036188811037,0.051272040106852546,True
2014-12-11,0.05835099877874282,0.07443358476410175,0.05001614507938771,False
2014-12-12,0.08493094436941362,0.07443358476410175,0.048965916741092144,True
2014-12-15,0.06325415191832162,0.0748559296173156,0.05105131193042023,False
2014-12-16,0.07830840886788666,0.0748559296173156,0.04901147491877658,True
2014-12-17,0.06389040587156421,0.07501934419511365,0.0477852304007867,False
2014-12-18,0.05188822120016261,0.07501934419511365,0.05025406152354231,False
2014-12-19,0.06156050555709438,0.07501934419511365,0.050124422960208005,False
2014-12-22,0.05407699620204977,0.07501934419511365,0.04852867665331409,False
2014-12-23,0.06321640346155331,0.07501934419511365,0.049016360017825826,False
2014-12-24,0.05385174394820131,0.07501934419511365,0.04777611241799403,False
2014-12-26,0.05825251287149533,0.07501934419511365,0.048762278262276824,False
2014-12-29,0.05328957901012886,0.07501934419511365,0.04959055117338789,False
2014-12-30,0.05938616249602608,0.07501934419511365,0.0483721906646612,False
2014-12-31,0.05086419442296343,0.07501934419511365,0.04817817041976496,False
2015-01-02,0.050776845023059784,0.07501934419511365,0.04824909888565947,False
2015-01-05,0.10048365824154135,0.07501934419511365,0.049203298175307886,True
2015-01-06,0.059062867090147256,0.07530137641365674,0.04843727843138911,False
2015-01-07,0.05867174279244684,0.07530137641365674,0.04876059092708679,False
2015-01-08,0.06607510749453438,0.07530137641365674,0.05144470340769106,False
2015-01-09,0.07289650330075542,0.07530137641365674,0.05165588052876309,False
2015-01-12,0.06761088728623423,0.07530137641365674,0.047841220943325394,False
2015-01-13,0.06340236209805203,0.07530137641365674,0.04888050226601153,False
2015-01-14,0.09051083800092392,0.07530137641365674,0.046888530316650426,True
2015-01-15,0.06608997206766884,0.07558474258481458,0.04777759465331352,False
2015-01-16,0.08145355068726298,0.07558474258481458,0.04817475561166829,True
2015-01-20,0.07219053048206024,0.07574115495089784,0.04936364730533196,False
2015-01-21,0.07879940059919233,0.07574115495089784,0.046174473507932724,True
2015-01-22,0.06300969612675868,0.07586855499624302,0.047348326917100114,False
2015-01-23,0.06772370447073148,0.07586855499624302,0.047406851975066444,False
2015-01-26,0.05721682633672034,0.07586855499624302,0.04703922842171501,False
2015-01-27,0.06701204717134801,0.07574115495089784,0.04694266492222542,False
2015-01-28,0.05561820323502867,0.07558474258481458,0.046546828223662386,False
2015-01-29,0.05338329722024802,0.07530137641365674,0.04490755915917035,False
2015-01-30,0.08061272018083562,0.07501934419511365,0.045019909329950064,True
2015-02-02,0.07506326116028925,0.07530137641365674,0.04741197046696452,False
2015-02-03,0.05983666120361385,0.0750574206316555,0.0472319754423171,False
2015-02-04,0.0669733371361545,0.0750574206316555,0.047782639298458746,False
2015-02-05,0.054960716245263844,0.0750574206316555,0.050499970461779904,False
2015-02-06,0.055136855369840254,0.07501934419511365,0.04842099771042911,False
2015-02-09,0.07070398713403292,0.07501934419511365,0.048591783698852135,False
2015-02-10,0.06018309801101196,0.07501934419511365,0.047274499957786285,False
2015-02-11,0.06081206812672042,0.07501934419511365,0.046963077779126304,False
2015-02-12,0.057708455050945184,0.07501934419511365,0.0469655360614314,False
2015-02-13,0.06144209028220517,0.07501934419511365,0.04745554862877699,False
2015-02-17,0.06617700398368469,0.07501934419511365,0.04739541882748985,False
2015-02-18,0.0685554190364997,0.07501934419511365,0.04783018360089982,False
2015-02-19,0.0637083921869142,0.07501934419511365,0.04734879138984488,False
2015-02-20,0.06286670715871132,0.07501934419511365,0.04702911166702402,False
2015-02-23,0.05990556529306919,0.07501934419511365,0.04565184075153937,False
2015-02-24,0.06402496268906979,0.07501934419511365,0.04616612278109027,False
2015-02-25,0.059426432467536365,0.07501934419511365,0.04501369101505852,False
2015-02-26,0.056626431875355335,0.07501934419511365,0.04403883986544755,False
2015-02-27,0.06464906201706687,0.07501934419511365,0.044352214852955686,False
2015-03-02,0.058676146383717306,0.07501934419511365,0.04322819630397386,False
2015-03-03,0.06804511784129307,0.07501934419511365,0.04204854204084595,False
2015-03-04,0.06978898395409043,0.07501934419511365,0.04041245271563342,False
2015-03-05,0.05525433229872057,0.07501934419511365,0.039002603810770003,False
2015-03-06,0.06260096164176135,0.07501934419511365,0.03825889438537462,False
2015-03-09,0.05660261468967549,0.07501934419511365,0.03983200369150798,False
2015-03-10,0.07150984968309876,0.07501934419511365,0.03929000965393032,False
2015-03-11,0.058108950296678064,0.07501934419511365,0.03808291784432554,False
2015-03-12,0.04931154656227223,0.07501934419511365,0.03775785053354523,False
2015-03-13,0.052274944851067706,0.0748559296173156,0.039282372951324536,False
2015-03-16,0.048314117119367866,0.0748559296173156,0.038643271363875076,False
2015-03-17,0.056400076752263335,0.07443358476410175,0.03904256401935494,False
2015-03-18,0.05591805953718772,0.07443358476410175,0.038629449876579236,False
2015-03-19,0.07034355458164651,0.07443358476410175,0.03847078922112588,False
2015-03-20,0.054609696092714356,0.07443358476410175,0.03892206387354057,False
2015-03-23,0.06025397900459685,0.07443358476410175,0.03857588595124127,False
2015-03-24,0.06209981596727626,0.07443358476410175,0.038467247019325614,False
2015-03-25,0.05757377029238944,0.07443358476410175,0.040425360121762816,False
2015-03-26,0.058845692598643015,0.07443358476410175,0.03989148580749501,False
2015-03-27,0.056685943769889946,0.07443358476410175,0.03962715651901281,False
2015-03-30,0.04691860508634341,0.07443358476410175,0.039969379839860535,False
2015-03-31,0.05591378442959778,0.07443358476410175,0.04342479068771202,False
2015-04-01,0.061553965216671586,0.07443358476410175,0.04397440768519119,False
2015-04-02,0.05814129597574246,0.07439036188811037,0.04482125161048523,False
2015-04-06,0.05536798514221854,0.07439036188811037,0.0458688992798053,False
2015-04-07,0.061399366220058454,0.07439036188811037,0.04426464271634687,False
2015-04-08,0.0579457984265242,0.07439036188811037,0.04531379172949196,False
2015-04-09,0.05493544280018536,0.07427170269007838,0.04635504525429255,False
2015-04-10,0.05896269560576077,0.07414123993143519,0.0479114277482343,False
2015-04-13,0.06475119916446248,0.07380070055441251,0.049201309287298316,False
2015-04-14,0.05937765271949858,0.07373081556749606,0.053019849699056536,False
2015-04-15,0.05543514609968196,0.07346561647999891,0.05341951308432723,False
2015-04-16,0.05964293874557258,0.07346561647999891,0.052462419141787585,False
2015-04-17,0.06993065452313801,0.07316272036191367,0.0532404109190437,False
2015-04-20,0.05163489897365002,0.07316272036191367,0.05607382883121508,False
2015-04-21,0.04931508533408456,0.07288783299860183,0.05423239408369258,False
2015-04-22,0.05316795401748385,0.07278755155084539,0.055500916174455434,False
2015-04-23,0.0633926079663069,0.07250051111660082,0.054134477901150724,False
2015-04-24,0.051375484189345635,0.07250051111660082,0.05412088285861387,False
2015-04-27,0.05295598708079242,0.07238056392979363,0.053558910693957164,False
2015-04-28,0.0608552823333611,0.0722769767575354,0.05402136563067488,False
2015-04-29,0.06758382287784795,0.0722769767575354,0.05601873476508283,False
2015-04-30,0.06614323842470152,0.07220199128531642,0.05540356644298327,False
2015-05-01,0.05098523777665305,0.07215865574631328,0.054475872474381036,False
2015-05-04,0.051692493825586494,0.07215865574631328,0.053985565355072034,False
2015-05-05,0.06105353555316122,0.07215865574631328,0.05442181368578527,False
2015-05-06,0.058713350661080174,0.07201168339740632,0.05612375724764373,False
2015-05-07,0.054868187091097476,0.07201168339740632,0.05590894391702732,False
2015-05-08,0.04799376899802217,0.07201168339740632,0.0556951671879807,False
2015-05-11,0.0582532966800022,0.07191677507817007,0.05592411764857686,False
2015-05-12,0.06089146179692407,0.07191677507817007,0.0562524865365681,False
2015-05-13,0.05362729684015638,0.07191677507817007,0.057038983629115476,False
2015-05-14,0.04541297068677888,0.07191677507817007,0.056831730726501446,False
2015-05-15,0.052496500671345175,0.07191677507817007,0.05787241043830366,False
2015-05-18,0.0579220901357555,0.07178321496861902,0.05862444432106824,False
2015-05-19,0.0535077877957143,0.07178321496861902,0.05979928133084925,False
2015-05-20,0.05294493186030358,0.07178321496861902,0.06015450813276394,False
2015-05-21,0.05365951003926814,0.07178321496861902,0.05904771897627717,False
2015-05-22,0.0553159425466395,0.07178321496861902,0.059075821234929986,False
2015-05-26,0.053863755020218854,0.07178321496861902,0.05867354918590711,False
2015-05-27,0.04563646433396709,0.07178321496861902,0.05599716464961256,False
2015-05-28,0.0480212391950115,0.07178321496861902,0.056015048175228545,False
2015-05-29,0.05288206599623862,0.07178321496861902,0.05551397892598667,False
2015-06-01,0.04915977868335511,0.07178321496861902,0.05525332331605745,False
2015-06-02,0.05328244189372469,0.07178321496861902,0.0557440098798223,False
2015-06-03,0.047580567850029676,0.07178321496861902,0.05601056469367428,False
2015-06-04,0.05581050224247103,0.07151893766411746,0.05536604017725098,False
2015-06-05,0.049754109885436645,0.07146647138126501,0.052895105025487714,False
2015-06-08,0.05555703386156951,0.07146647138126501,0.054181301657744194,False
2015-06-09,0.0483877774792044,0.07146647138126501,0.052350738279897835,False
2015-06-10,0.04382713406801028,0.07146647138126501,0.05207663011864247,False
2015-06-11,0.047809078630526955,0.07146647138126501,0.05333929088316006,False
2015-06-12,0.056657579952417186,0.07127713100982588,0.05463471061274624,False
2015-06-15,0.0645202979163173,0.07125318448451658,0.0538301782720501,False
2015-06-16,0.051722977409984175,0.07125318448451658,0.05470934309068836,False
2015-06-17,0.04537186405857958,0.07103941523414996,0.052041776311733234,False
2015-06-18,0.047422879079706735,0.07079737123744484,0.053370059455065955,False
2015-06-19,0.05361003265466171,0.07079737123744484,0.05353117362528468,False
2015-06-22,0.05015430911825002,0.07079737123744484,0.05175170114736974,False
2015-06-23,0.04738229311423943,0.07079737123744484,0.05232109976277106,False
2015-06-24,0.05556099567110275,0.07079737123744484,0.052260965526143746,False
2015-06-25,0.04891332315580681,0.0706874491976584,0.05205151629748931,False
2015-06-26,0.048688964639101606,0.07056574887805757,0.05298169157679389,False
2015-06-29,0.058142973040951285,0.07026097456994482,0.05242038312986187,False
2015-06-30,0.04920403167019698,0.06992786366153642,0.05315075248758131,False
2015-07-01,0.05497334903830637,0.06989115696292209,0.05435390651874178,False
2015-07-02,0.05238127262170482,0.06989115696292209,0.05299057407203812,False
2015-07-06,0.07433251563655077,0.06989115696292209,0.0495836656263852,True
2015-07-07,0.054829828944776046,0.06992786366153642,0.046809957440605426,False
2015-07-08,0.06973329652760143,0.0699023204093285,0.047038608118382015,False
2015-07-09,0.06001957190754986,0.06977784646879263,0.048544694054838376,False
2015-07-10,0.05232508434703999,0.06970573436137589,0.04934928928244241,False
2015-07-13,0.04961306044922771,0.0695105422387436,0.04935567354896964,False
2015-07-14,0.05232357310554216,0.06915088398138175,0.0499054048371165,False
2015-07-15,0.0626603759773866,0.06915088398138175,0.04973332066227417,False
2015-07-16,0.05821879803168968,0.06915088398138175,0.04965807513620442,False
2015-07-17,0.0702792556993394,0.06915088398138175,0.049753348748756816,True
2015-07-20,0.059462179521610925,0.06915088398138175,0.05136579462799811,False
2015-07-21,0.05772877537166863,0.0691436401739012,0.05135997335224486,False
2015-07-22,0.05786520786758536,0.06893918559787045,0.05088307004880621,False
2015-07-23,0.05329176375270519,0.06893918559787045,0.04991072523522548,False
2015-07-24,0.05687732891582059,0.06893918559787045,0.049207066549523636,False
2015-07-27,0.07266226197699628,0.06893918559787045,0.04764476803594239,True
2015-07-28,0.05832424151681458,0.06893918559787045,0.04904866776738323,False
2015-07-29,0.06009173241815276,0.06893918559787045,0.04968834865366088,False
2015-07-30,0.06485549412528563,0.06852936409592521,0.05008327291237283,False
2015-07-31,0.050626303260420544,0.06852936409592521,0.04870209421731324,False
2015-08-03,0.05529707215899128,0.06838800846568929,0.0474234985467219,False
2015-08-04,0.05646655854154618,0.06820059556340875,0.04645819001696736,False
2015-08-05,0.05222382113753295,0.06820059556340875,0.04829416948005376,False
2015-08-06,0.05351331120569658,0.0680318737959347,0.047939135907849956,False
2015-08-07,0.07315043902331782,0.06796267354333609,0.04849814786718108,True
2015-08-10,0.05676351957261892,0.0680318737959347,0.05059697732715189,False
2015-08-11,0.07180839427059917,0.0680318737959347,0.05042780895582263,True
2015-08-12,0.07654083962454075,0.06820059556340875,0.04834314604667282,True
2015-08-13,0.06352811004057261,0.06838800846568929,0.04792108374519866,False
2015-08-14,0.06867802012860624,0.06838800846568929,0.04676299869744308,True
2015-08-17,0.07046240272636362,0.06852936409592521,0.04507179776868917,True
2015-08-18,0.06460041083697163,0.06865349991018493,0.0451677971572926,False
2015-08-19,0.06865778739110397,0.06865349991018493,0.04533678301401451,True
2015-08-20,0.0735137429584781,0.06867397358110579,0.04421636090581344,True
2015-08-21,0.08640718794633334,0.06896370581629176,0.042087760520331974,True
2015-08-24,0.13242073530811932,0.0691436401739012,0.03828130311895472,True
2015-08-25,0.12193128123914851,0.0696207909036458,0.04257743792587007,True
2015-08-26,0.10692845926540573,0.06977784646879263,0.045124266011237764,True
2015-08-27,0.1297561858342951,0.0699023204093285,0.0452961052860728,True
2015-08-28,0.09723996909945512,0.07020953546409912,0.044249874041616725,True
2015-08-31,0.07682359001878335,0.07020953546409912,0.04264272333000196,True
2015-09-01,0.09058294080613799,0.07033069480518508,0.04455261273192176,True
2015-09-02,0.07105113901084248,0.0704386330974202,0.04631911211338598,True
2015-09-03,0.0554432589933254,0.070589518507001,0.0472098272442101,False
2015-09-04,0.06854325846916709,0.070589518507001,0.04660819568346045,False
2015-09-08,0.0902046364519248,0.0704386330974202,0.049146363152547244,True
2015-09-09,0.07100998378173179,0.0704386330974202,0.051147143413882996,True
2015-09-10,0.1025913638008215,0.0704386330974202,0.05018791012609491,True
2015-09-11,0.07343112026141806,0.070589518507001,0.04866591630852447,True
2015-09-14,0.05461476089895874,0.07065567025249907,0.04699839869536144,False
2015-09-15,0.0520245748391234,0.07065567025249907,0.0466532220667545,False
2015-09-16,0.05588749368087217,0.07065567025249907,0.04700673082924349,False
2015-09-17,0.05550693544431139,0.0704386330974202,0.046117950336246806,False
2015-09-18,0.0545304211159747,0.0704386330974202,0.045080190122883224,False
2015-09-21,0.05207005974227742,0.0704386330974202,0.046399156834083306,False
2015-09-22,0.09269227294448912,0.0704386330974202,0.04547619021915645,True
2015-09-23,0.0718178647387551,0.0704386330974202,0.045148870188928755,True
2015-09-24,0.088241909777662,0.0704386330974202,0.04205477731745459,True
2015-09-25,0.07143128857851219,0.0704386330974202,0.04635204070612318,True
2015-09-28,0.08433846071709636,0.07065567025249907,0.042820091309923404,True
2015-09-29,0.059104203812742645,0.07065567025249907,0.043701366827586026,False
2015-09-30,0.06392497323793264,0.0704386330974202,0.044369276290179,False
2015-10-01,0.0582607003808959,0.07033069480518508,0.043283412239957166,False
2015-10-02,0.08721383446200809,0.07033069480518508,0.042151587548562006,True
2015-10-05,0.0538932448620397,0.07033069480518508,0.043442169553409384,False
2015-10-06,0.06306097567191063,0.07033069480518508,0.0415242726927721,False
2015-10-07,0.05327848111491397,0.07033069480518508,0.04219772715179299,False
2015-10-08,0.05888402047290842,0.07020953546409912,0.04131438831414992,False
2015-10-09,0.0594862447945191,0.0699023204093285,0.040881444955061345,False
2015-10-12,0.0657885528105539,0.0699023204093285,0.03971613251252432,False
2015-10-13,0.0721302065629918,0.06977784646879263,0.03792191002655802,True
2015-10-14,0.05833639219526138,0.0699023204093285,0.038530652044760666,False
2015-10-15,0.04478907396413084,0.0699023204093285,0.03718310959822852,False
2015-10-16,0.0551534949670997,0.06977784646879263,0.03720515963041913,False
2015-10-19,0.06574619792353018,0.06959366266972378,0.038138209353052205,False
2015-10-20,0.0545608161137314,0.0695222412478024,0.03715237401681538,False
2015-10-21,0.048528399585515546,0.06867397358110579,0.03591803091702739,False
2015-10-22,0.04601521247376977,0.06867397358110579,0.03683751884695058,False
2015-10-23,0.05402536613193669,0.06867397358110579,0.0359557315067497,False
2015-10-26,0.06219937793572415,0.06867397358110579,0.03519874623799002,False
2015-10-27,0.06437294841328017,0.06867397358110579,0.036260646697495555,False
2015-10-28,0.05789351612984036,0.06867397358110579,0.03696478689977946,False
2015-10-29,0.06107751595393088,0.06867397358110579,0.03645101938241403,False
2015-10-30,0.05682631367211436,0.06867397358110579,0.03689424793499752,False
2015-11-02,0.053442965470929714,0.06867397358110579,0.03661913439267574,False
2015-11-03,0.059520540709158895,0.06867397358110579,0.03455485662514799,False
2015-11-04,0.05560617282785243,0.06867397358110579,0.03524567871172205,False
2015-11-05,0.05861030661917663,0.06867397358110579,0.034659719417724694,False
2015-11-06,0.05567191395815535,0.06867397358110579,0.035287367050221265,False
2015-11-09,0.06264396923450702,0.06867397358110579,0.035121009514446334,False
2015-11-10,0.05400919726728084,0.06867397358110579,0.032849934235403756,False
2015-11-11,0.055425305181417105,0.06867397358110579,0.033130676238747415,False
2015-11-12,0.06731224483483018,0.06867397358110579,0.03234799345251951,False
2015-11-13,0.05950062889801411,0.06867397358110579,0.03057406540820283,False
2015-11-16,0.06809951102288937,0.06867397358110579,0.028646813955862525,False
2015-11-17,0.05500655234379746,0.06867397358110579,0.03052064054282051,False
2015-11-18,0.05279847735347963,0.06867397358110579,0.0310975211977274,False
2015-11-19,0.05249089655848788,0.06867397358110579,0.03024135179326993,False
2015-11-20,0.05041302481101982,0.06867397358110579,0.030072521319743795,False
2015-11-23,0.052665032412966134,0.06863731372018311,0.030793535106072984,False
2015-11-24,0.05852545787851031,0.06863731372018311,0.03112136625528339,False
2015-11-25,0.053179624470947304,0.06863731372018311,0.03111854844398534,False
2015-11-27,0.054684951711707286,0.06863731372018311,0.0318390710658693,False
2015-11-30,0.04960545050704408,0.06863731372018311,0.030722206413187805,False
2015-12-01,0.05304845353060285,0.06863731372018311,0.030237198179445944,False
2015-12-02,0.05895850224649834,0.06855298692303317,0.03185468904874263,False
2015-12-03,0.04999119411019927,0.06855298692303317,0.03320815091110456,False
2015-12-04,0.05403702058232137,0.06845450897991155,0.03344083786715679,False
2015-12-07,0.06207822338308529,0.06845450897991155,0.03480472437149495,False
2015-12-08,0.09673553032692075,0.06845450897991155,0.03314491479786281,True
2015-12-09,0.06183250621434262,0.06845450897991155,0.0339785590154606,False
2015-12-10,0.06255119798140948,0.0680886323865701,0.033687848059993954,False
2015-12-11,0.072415922754318,0.06798083516718074,0.03178425815106063,True
2015-12-14,0.07762269661635446,0.0680886323865701,0.03176570058947153,True
2015-12-15,0.05360450298312144,0.0680886323865701,0.034777259555974986,False
2015-12-16,0.057012000441582875,0.0680886323865701,0.035671685638490006,False
2015-12-17,0.05950545261730593,0.06798083516718074,0.0363901423283209,False
2015-12-18,0.08659584117121852,0.06798083516718074,0.03469765693166439,True
2015-12-21,0.057185870444127276,0.0680886323865701,0.03447460975968849,False
2015-12-22,0.06054243597288943,0.0680886323865701,0.036026244594676904,False
2015-12-23,0.04745434434824354,0.0680886323865701,0.036263264578217304,False
2015-12-24,0.05495079494532501,0.0680886323865701,0.03557625843217366,False
2015-12-28,0.05512367864529655,0.0680886323865701,0.036084747687091155,False
2015-12-29,0.04791572795443501,0.0680886323865701,0.03453674310211268,False
2015-12-30,0.06052787657464836,0.0680886323865701,0.03430707600590308,False
2015-12-31,0.057743976815866085,0.0680886323865701,0.034123037778163966,False
2016-01-04,0.07358772879260982,0.0680886323865701,0.03477586994000162,True
2016-01-05,0.05486691920420556,0.06845450897991155,0.03684349654725275,False
2016-01-06,0.0988086759989828,0.0680886323865701,0.038017346924360124,True
2016-01-07,0.10526861526304443,0.06845450897991155,0.0321907137783937,True
2016-01-08,0.14352174759159514,0.06855298692303317,0.0345790268972476,True
2016-01-11,0.09597830912183221,0.06863731372018311,0.03585504911274619,True
2016-01-12,0.07618668377268846,0.06863731372018311,0.0382525586750998,True
2016-01-13,0.06717519942931582,0.06867397358110579,0.03935814417020929,False
2016-01-14,0.10206931385966006,0.06867397358110579,0.040956690447396485,True
2016-01-15,0.10077088159557837,0.06867397358110579,0.03624091650434651,True
2016-01-19,0.07389814007900165,0.0695222412478024,0.03653175612731402,True
2016-01-20,0.13229635625448927,0.0695222412478024,0.03520120858494647,True
2016-01-21,0.08385740912552052,0.0695222412478024,0.03581916969554662,True
2016-01-22,0.1093249068745761,0.0695222412478024,0.037726188345903536,True
2016-01-25,0.08940690923232077,0.06977784646879263,0.03514524725438948,True
2016-01-26,0.05322825644986087,0.0699023204093285,0.036605873060216704,False
2016-01-27,0.0678419656992143,0.0699023204093285,0.03482120117240889,False
2016-01-28,0.05082197115882467,0.0699023204093285,0.03379616981366726,False
2016-01-29,0.05626667944891407,0.0699023204093285,0.034247711115426537,False
2016-02-01,0.06592555158759127,0.0699023204093285,0.03574430525037985,False
2016-02-02,0.08777110863944415,0.06977784646879263,0.033898950694136766,True
2016-02-03,0.06971544930345382,0.06977784646879263,0.034976796904771616,False
2016-02-04,0.06541208247876025,0.06977784646879263,0.03343352430873858,False
2016-02-05,0.07851278452083152,0.06977784646879263,0.03319967139386174,True
2016-02-08,0.10363928334886992,0.0699023204093285,0.03102081922823209,True
2016-02-09,0.09641376586770452,0.07020953546409912,0.02538182007114371,True
2016-02-10,0.07606871988372851,0.07020953546409912,0.02675415686117709,True
2016-02-11,0.10022796262233713,0.07033069480518508,0.02790666435359199,True
2016-02-12,0.10044479538057692,0.0704386330974202,0.02938677643511795,True
2016-02-16,0.07742611918744016,0.07090046757065815,0.031658872824589415,True
2016-02-17,0.0807339930525352,0.07104290796502034,0.032963770040962924,True
2016-02-18,0.07516178337425515,0.07135525866497826,0.03169693705926961,True
2016-02-19,0.08393128741057837,0.07149413746218145,0.031626978568653624,True
2016-02-22,0.06990570629687026,0.07174868535309908,0.03358694691298461,False
2016-02-23,0.07444569006910451,0.07174868535309908,0.03621797222086315,True
2016-02-24,0.06745613799609684,0.0718159706451239,0.03768766738145187,False
2016-02-25,0.06236214917108896,0.0718159706451239,0.03297691886720801,False
2016-02-26,0.06408475770446939,0.0718159706451239,0.03247453749278916,False
2016-02-29,0.05790848291216984,0.0718159706451239,0.031519057364631314,False
2016-03-01,0.06660824158688221,0.0718159706451239,0.033395891026890084,False
2016-03-02,0.05973178354600866,0.0718159706451239,0.03526217679771159,False
2016-03-03,0.05785058670765693,0.0718159706451239,0.03399257243121807,False
2016-03-04,0.05730519252012904,0.0718159706451239,0.033640178144842714,False
2016-03-07,0.06500766512358999,0.0718159706451239,0.03304115367468125,False
2016-03-08,0.0659904951302405,0.0718159706451239,0.03112512071858816,False
2016-03-09,0.05798577095548874,0.0718159706451239,0.030826178059160485,False
2016-03-10,0.05853767389785715,0.0718159706451239,0.029442369279752252,False
2016-03-11,0.0505578559084102,0.0718159706451239,0.030894981534563843,False
2016-03-14,0.06225282406258696,0.0718159706451239,0.03326617354379732,False
2016-03-15,0.0763111997896947,0.0718159706451239,0.03461260569611726,True
2016-03-16,0.07125059977457171,0.07206773819814445,0.03526860889625164,False
2016-03-17,0.0595547386887537,0.07206773819814445,0.03436799596157155,False
2016-03-18,0.0585545142512557,0.07206773819814445,0.036923559727133605,False
2016-03-21,0.06251215950331497,0.07206773819814445,0.036713782033442804,False
2016-03-22,0.060906573727903576,0.07206773819814445,0.03501508880832419,False
2016-03-23,0.059155674251310145,0.07206773819814445,0.03425126686252286,False
2016-03-24,0.06746033015456007,0.07206773819814445,0.033342591035608576,False
2016-03-28,0.05757698454479401,0.07206773819814445,0.03677551437464785,False
2016-03-29,0.06051085926360369,0.07206773819814445,0.03365481874323472,False
2016-03-30,0.060807358161209704,0.07206773819814445,0.03736944916938052,False
2016-03-31,0.057048290879803815,0.07206773819814445,0.036839020306064764,False
2016-04-01,0.0556486197179367,0.07206773819814445,0.03531339641997618,False
2016-04-04,0.06454006008826439,0.07206773819814445,0.03606239747973397,False
2016-04-05,0.054181224523614305,0.07206773819814445,0.03598610385654002,False
2016-04-06,0.05342904929315437,0.07206773819814445,0.03508814056918383,False
2016-04-07,0.06120087465848095,0.07206773819814445,0.036016858686579965,False
2016-04-08,0.054380342885809854,0.07206773819814445,0.037636186775216976,False
2016-04-11,0.052128959083098905,0.07206773819814445,0.03745399973935745,False
2016-04-12,0.04827931138054761,0.07206773819814445,0.03702001113951286,False
2016-04-13,0.04761134755544157,0.07206773819814445,0.03527350832530028,False
2016-04-14,0.060616399752999706,0.07206773819814445,0.03527453056864535,False
2016-04-15,0.054842254024137366,0.07206773819814445,0.03474616017737657,False
2016-04-18,0.05205626529778104,0.07206773819814445,0.03536595330938937,False
2016-04-19,0.05331766952739354,0.07206773819814445,0.03534312969491828,False
2016-04-20,0.05298293001355932,0.07206773819814445,0.034906263049496525,False
2016-04-21,0.05290379636977536,0.07206773819814445,0.03510139124289906,False
2016-04-22,0.05057972139040635,0.07206773819814445,0.035279058298434,False
2016-04-25,0.05693955758875427,0.07206773819814445,0.034716726094447696,False
2016-04-26,0.05059660285080022,0.07206773819814445,0.03493206105939688,False
2016-04-27,0.05253011160810332,0.07206773819814445,0.03561871365612254,False
2016-04-28,0.05723962747867157,0.07206773819814445,0.03440403025807887,False
2016-04-29,0.06237301380364561,0.07206773819814445,0.03430378829501488,False
2016-05-02,0.05183138994578083,0.07206773819814445,0.0356329756421868,False
2016-05-03,0.0769072927822322,0.07206773819814445,0.03384724680683388,True
2016-05-04,0.07337378085164559,0.07235877951605277,0.032801650753275964,True
2016-05-05,0.07198536300898681,0.07261299413246063,0.0360471778437873,False
2016-05-06,0.0705954991826893,0.07261299413246063,0.033389723274554244,False
2016-05-09,0.060756962938811936,0.07261299413246063,0.030945572395231154,False
2016-05-10,0.06018058646655181,0.07261299413246063,0.030884898503728983,False
2016-05-11,0.05334878596501971,0.07261299413246063,0.03110649030095393,False
2016-05-12,0.04817564680849933,0.07261299413246063,0.03120330938107451,False
2016-05-13,0.0536446518318301,0.07261299413246063,0.03079824519426829,False
2016-05-16,0.046986503717177,0.07261299413246063,0.03239304428993426,False
2016-05-17,0.05144231012636391,0.07261299413246063,0.03389318464829374,False
2016-05-18,0.049758867964767466,0.07261299413246063,0.03362338653782708,False
2016-05-19,0.0675106974515089,0.07261299413246063,0.031172134445173406,False
2016-05-20,0.04731074310876171,0.07261299413246063,0.03194443548667303,False
2016-05-23,0.05003208170627116,0.07261299413246063,0.03348123215154762,False
2016-05-24,0.043606449687836626,0.07261299413246063,0.033718769808750895,False
2016-05-25,0.04640458218445519,0.07261299413246063,0.031868392085125964,False
2016-05-26,0.049889003415194824,0.07261299413246063,0.03199002279950807,False
2016-05-27,0.04847562338153676,0.07261299413246063,0.031598671368547965,False
2016-05-31,0.049134125716388505,0.07261299413246063,0.03155928744714104,False
2016-06-01,0.06277414271936507,0.07261299413246063,0.03368541930239833,False
2016-06-02,0.049903668657546335,0.07261299413246063,0.032254414431876634,False
2016-06-03,0.054816554300645894,0.07261299413246063,0.03052810125092276,False
2016-06-06,0.05167531387572535,0.07261299413246063,0.03118951832471708,False
2016-06-07,0.0531251985357042,0.07261299413246063,0.032443305873534584,False
2016-06-08,0.05439440876079736,0.07261299413246063,0.031133747360694682,False
2016-06-09,0.05650647386028565,0.07261299413246063,0.032377031220678074,False
2016-06-10,0.07293531155236482,0.07261299413246063,0.0293278033370772,True
2016-06-13,0.06349926729167804,0.07288070163729111,0.026607005239085896,False
2016-06-14,0.0589568228874693,0.07288070163729111,0.028261600161557567,False
2016-06-15,0.06307992503552118,0.07288070163729111,0.02951492656111539,False
2016-06-16,0.0675054883035138,0.07288070163729111,0.024550841736991905,False
2016-06-17,0.05224363737593016,0.07288070163729111,0.025423115114474242,False
2016-06-20,0.05059410229684878,0.07288070163729111,0.026106952526819868,False
2016-06-21,0.046819750518534264,0.07288070163729111,0.027523945826320187,False
2016-06-22,0.05467073051239095,0.07288070163729111,0.0271943123845115,False
2016-06-23,0.05431499772622901,0.07288070163729111,0.026588102592685015,False
2016-06-24,0.10277319334618287,0.07288070163729111,0.02923033891415288,True
2016-06-27,0.09013834082549502,0.07310741352912722,0.026768556099230886,True
2016-06-28,0.11737189869698716,0.07332911248598004,0.031216774840768766,True
2016-06-29,0.09596288113525184,0.07341965237946356,0.034113693347479705,True
2016-06-30,0.07817126490067554,0.07349721841906609,0.0347472468916271,True
2016-07-01,0.0909891769995201,0.07357293162578347,0.0348492286118462,True
2016-07-05,0.0678150460866726,0.07383605782172328,0.03882108346105019,False
2016-07-06,0.07398096423967732,0.07357293162578347,0.035688429592741204,True
2016-07-07,0.053474493394450914,0.07383605782172328,0.03755443568501221,False
2016-07-08,0.06074263536860375,0.07383605782172328,0.04092129178302267,False
2016-07-11,0.05183172427237956,0.07383605782172328,0.03825877304285799,False
2016-07-12,0.048141650321416526,0.07383605782172328,0.03608891717637691,False
2016-07-13,0.05521307263416543,0.07383605782172328,0.032569759735278016,False
2016-07-14,0.05150585878681166,0.07383605782172328,0.028932868834123864,False
2016-07-15,0.0593129056020167,0.07383605782172328,0.028299889327928894,False
2016-07-18,0.058711851635555846,0.07383605782172328,0.03251991699825153,False
2016-07-19,0.05573494129184814,0.07383605782172328,0.0295161498537951,False
2016-07-20,0.05623730272477495,0.07383605782172328,0.03190931232788504,False
2016-07-21,0.05276041477974612,0.07383605782172328,0.03258216752941596,False
2016-07-22,0.05382795503230452,0.07383605782172328,0.03047493131200133,False
2016-07-25,0.051542111123771814,0.07383605782172328,0.0323498476372467,False
2016-07-26,0.059156321857333063,0.07383605782172328,0.0318789919176967,False
2016-07-27,0.05407499429187311,0.07383605782172328,0.03219749362091216,False
2016-07-28,0.05657567354412822,0.07383605782172328,0.03231162213619638,False
2016-07-29,0.052225633796883775,0.07383605782172328,0.03124191233508282,False
2016-08-01,0.0550446618010902,0.07383605782172328,0.03143468290609263,False
2016-08-02,0.054728008088684374,0.07383605782172328,0.032132969025548325,False
2016-08-03,0.05187009370367308,0.07383605782172328,0.03002134296867784,False
2016-08-04,0.05134211553103197,0.07383605782172328,0.029727410713962926,False
2016-08-05,0.05058011597182503,0.07383605782172328,0.029228178782986287,False
2016-08-08,0.05245817347073305,0.07383605782172328,0.029903630800624564,False
2016-08-09,0.050796697240739666,0.07383605782172328,0.03311777169688861,False
2016-08-10,0.047256837071300586,0.07383605782172328,0.031390490923449574,False
2016-08-11,0.04930245818551536,0.07383605782172328,0.032135646674469526,False
2016-08-12,0.052642216090928846,0.07357293162578347,0.02980784205684987,False
2016-08-15,0.0497259746743271,0.07357293162578347,0.028296925851801887,False
2016-08-16,0.053294912091722976,0.07357293162578347,0.02888417218000679,False
2016-08-17,0.04824202677405219,0.07357293162578347,0.02973631015528207,False
2016-08-18,0.05035910638492054,0.07357293162578347,0.030138439324022513,False
2016-08-19,0.05410365685419331,0.07357293162578347,0.02922334983714308,False
2016-08-22,0.052566864500333044,0.07355640708637147,0.029163439222533536,False
2016-08-23,0.049469333305818874,0.07341965237946356,0.031276323072641755,False
2016-08-24,0.04792052761935403,0.07328608699178944,0.031183786161832473,False
2016-08-25,0.050942652354115686,0.07283143379275546,0.031057165303446134,False
2016-08-26,0.04958512906074236,0.07235877951605277,0.03226650321288414,False
2016-08-29,0.04744682582637629,0.0721012378521908,0.03261261296519564,False
2016-08-30,0.04985133630894459,0.07195186335494047,0.031988464718809104,False
2016-08-31,0.050707411587278525,0.07174054950670652,0.03185585434673888,False
2016-09-01,0.047946089898989165,0.0713951508177241,0.030867829407725575,False
2016-09-02,0.049997079205199246,0.0713951508177241,0.030621741440559406,False
2016-09-06,0.04739841977437089,0.0713951508177241,0.033198105034600446,False
2016-09-07,0.052288508000850484,0.0713951508177241,0.031621170211376205,False
2016-09-08,0.05338213621602691,0.07120247657600373,0.032179204804409806,False
2016-09-09,0.05515537583182049,0.07111957965619524,0.03132726784411636,False
2016-09-12,0.06383766842536004,0.0704575406055255,0.02876021252982285,False
2016-09-13,0.06441302363615808,0.06986765489818697,0.027054737496306987,False
2016-09-14,0.05998358450671355,0.06986765489818697,0.02637609114751992,False
2016-09-15,0.06094320311637827,0.06986765489818697,0.028530192963301743,False
2016-09-16,0.05218776983079737,0.06986765489818697,0.02465480473080624,False
2016-09-19,0.05315714561781924,0.06986765489818697,0.02632684011362722,False
2016-09-20,0.04453478414636715,0.06986765489818697,0.02738669324053148,False
2016-09-21,0.04123474733945021,0.06986765489818697,0.027861148894225446,False
2016-09-22,0.04497336666878337,0.06939226164734094,0.02864073895775261,False
2016-09-23,0.05736623475746955,0.06804800195815436,0.027721521028258252,False
2016-09-26,0.056764840362157606,0.06783658177670596,0.027410266359918063,False
2016-09-27,0.0466733560999891,0.06775417635963986,0.022836481100226028,False
2016-09-28,0.04748690716464385,0.06750965562190987,0.0225059052965512,False
2016-09-29,0.05136837851102992,0.06750965562190987,0.02257335444656743,False
2016-09-30,0.0468985930958295,0.06750965562190987,0.0229474724539879,False
2016-10-03,0.04797411026247352,0.06750965562190987,0.02443957691643199,False
2016-10-04,0.04497169061943085,0.06749645667372306,0.023135459324280332,False
2016-10-05,0.04304782281216689,0.06749645667372306,0.02215489163121015,False
2016-10-06,0.045524419955445636,0.06749645667372306,0.019675927574770307,False
2016-10-07,0.04573369686759621,0.06749645667372306,0.020733772547559294,False
2016-10-10,0.045451431937490586,0.06749645667372306,0.02111200670984725,False
2016-10-11,0.04977111773524522,0.06749645667372306,0.022481019431311783,False
2016-10-12,0.04494842647543012,0.06749645667372306,0.02260505634039912,False
2016-10-13,0.05778026215755124,0.06745949172286743,0.021638612921100666,False
2016-10-14,0.04667992842243389,0.06745949172286743,0.02381884737965792,False
2016-10-17,0.05358611731872083,0.06745949172286743,0.022746699908900284,False
2016-10-18,0.0454153396146859,0.06745949172286743,0.024864389849872354,False
2016-10-19,0.053653660578201944,0.06745949172286743,0.02601875524391246,False
2016-10-20,0.0472557216849397,0.06745949172286743,0.02447022274830676,False
2016-10-21,0.05534023072440297,0.06745949172286743,0.02480037267380794,False
2016-10-24,0.0455763663699164,0.06745949172286743,0.02454884661215013,False
2016-10-25,0.05597066405428735,0.06745949172286743,0.024757711133366143,False
2016-10-26,0.05142419548357899,0.06745949172286743,0.022978842500618445,False
2016-10-27,0.05162933476793117,0.06745949172286743,0.02403887146088781,False
2016-10-28,0.04915828744809362,0.06745949172286743,0.023416577751890308,False
2016-10-31,0.04306615810324656,0.06745949172286743,0.023909477476114827,False
2016-11-01,0.05684146795199509,0.06745949172286743,0.02672028511236531,False
2016-11-02,0.04837088386724654,0.06745949172286743,0.02232891993893814,False
2016-11-03,0.04754716434472334,0.06745949172286743,0.025011607431000546,False
2016-11-04,0.04777696644209713,0.06745949172286743,0.026117498849768266,False
2016-11-07,0.05777939137949749,0.06745949172286743,0.02539650781344745,False
2016-11-08,0.05501254725537799,0.06745949172286743,0.026300976167994622,False
2016-11-09,0.051748342222894,0.06745949172286743,0.026607032382158283,False
2016-11-10,0.06142269270702877,0.06745949172286743,0.027277293444355165,False
2016-11-11,0.05881309265826272,0.06745949172286743,0.025268027099946546,False
2016-11-14,0.06059243448895595,0.06745949172286743,0.02522993830807529,False
2016-11-15,0.060164901299978535,0.06745949172286743,0.027236967370522395,False
2016-11-16,0.061383318365323944,0.06739995028274064,0.02872289720655928,False
2016-11-17,0.04951986514302921,0.06739995028274064,0.027168555088261843,False
2016-11-18,0.05297837333228553,0.06739995028274064,0.02611545444038052,False
2016-11-21,0.05623576531821371,0.06739995028274064,0.0262570004728414,False
2016-11-22,0.05827505751740496,0.06739995028274064,0.02696213996404411,False
2016-11-23,0.05696162977947865,0.06739995028274064,0.025967289221044326,False
2016-11-25,0.050277551876609816,0.06739995028274064,0.025922504621147854,False
2016-11-28,0.05092012558486746,0.06739995028274064,0.025151291028546664,False
2016-11-29,0.05216308885690239,0.06739995028274064,0.023642203614758037,False
2016-11-30,0.05485343652378351,0.06739995028274064,0.027034284960071896,False
2016-12-01,0.05079717490875506,0.06739995028274064,0.02988588995958202,False
2016-12-02,0.05511553093036524,0.06739995028274064,0.02737629371794677,False
2016-12-05,0.05055818103988824,0.06739995028274064,0.026367435557440227,False
2016-12-06,0.05400367330416566,0.06739995028274064,0.027294050461938866,False
2016-12-07,0.05240687729333406,0.06739995028274064,0.02700263418222645,False
2016-12-08,0.05820366638679213,0.0670618078608291,0.03097407002381873,False
2016-12-09,0.05832316329431099,0.0670618078608291,0.034294215655870854,False
2016-12-12,0.05692414519209174,0.0670618078608291,0.03581614634576452,False
2016-12-13,0.0591182484104035,0.06648469229555387,0.0362147477501561,False
2016-12-14,0.05948357819000415,0.06597750642171064,0.036102386847182366,False
2016-12-15,0.044453947114309236,0.06597750642171064,0.03487241967444942,False
2016-12-16,0.04775097612942746,0.06597750642171064,0.03334265564194401,False
2016-12-19,0.050997338032441025,0.06597750642171064,0.032810250765677104,False
2016-12-20,0.05460395869297826,0.06582285776582507,0.03438519807974814,False
2016-12-21,0.05006980137308033,0.06582285776582507,0.03383593188567792,False
2016-12-22,0.04548575993036075,0.06582285776582507,0.03069619938690324,False
2016-12-23,0.048504814344180955,0.06582285776582507,0.03284279709096393,False
2016-12-27,0.04579475287168905,0.06582285776582507,0.02949970048322946,False
2016-12-28,0.048242672053586594,0.06582285776582507,0.027227317562484657,False
2016-12-29,0.04161193261534443,0.06582285776582507,0.025110289125595087,False
2016-12-30,0.05372938546703158,0.06582285776582507,0.027849817957519986,False
2017-01-03,0.049079653189011835,0.06582285776582507,0.02819920885536845,False
2017-01-04,0.0568333781924552,0.0653311990077262,0.030093219290490653,False
2017-01-05,0.054949385276771096,0.0653311990077262,0.026861005296250826,False
2017-01-06,0.05841844031178492,0.06491414411652488,0.028399693681684265,False
2017-01-09,0.05905850606069343,0.06451465279784313,0.026724927995661594,False
2017-01-10,0.05294907952505541,0.06434737044982035,0.02852339728727709,False
2017-01-11,0.051301556421728636,0.06403533984864752,0.02998770869345324,False
2017-01-12,0.055003606298144526,0.06376998819862364,0.03287444606252166,False
2017-01-13,0.049361926697307025,0.06341539884044667,0.03228156764085377,False
2017-01-17,0.052953738565288504,0.06301876857228995,0.0312819424194955,False
2017-01-18,0.05273237078460505,0.06272174607615505,0.03236974457191092,False
2017-01-19,0.05955202006106791,0.0624843303633811,0.03333335041086735,False
2017-01-20,0.05170495657363,0.062370840877134286,0.03429742872477929,False
2017-01-23,0.056331903528447025,0.06234028414938856,0.03271726503537833,False
2017-01-24,0.05185481338578475,0.062086797791475336,0.03501305820725436,False
2017-01-25,0.04965885939978353,0.0614148178386878,0.03681300457544466,False
2017-01-26,0.05678752330079914,0.0614148178386878,0.03614334098762983,False
2017-01-27,0.05296823326296453,0.06134682962395535,0.03484417184713231,False
2017-01-30,0.055504342824839806,0.06134682962395535,0.033950280201755535,False
2017-01-31,0.05442934611817178,0.06134682962395535,0.032991708960247924,False
2017-02-01,0.054778864299022734,0.06114934035006042,0.03497578092633122,False
2017-02-02,0.056853887577499866,0.06093587723868333,0.03448995514904272,False
2017-02-03,0.05118678921782667,0.0608867306145648,0.03609763403312475,False
2017-02-06,0.05631919671595546,0.06079727911673015,0.03510738998916026,False
2017-02-07,0.05035985050769268,0.060754097424770295,0.03634063129940394,False
2017-02-08,0.06229638234432064,0.060717388245482944,0.03631121007680233,True
2017-02-09,0.053319165160963536,0.060717388245482944,0.03850874365182778,False
2017-02-10,0.05644232580035904,0.06061160670019095,0.040381112778529356,False
2017-02-13,0.05444681829196363,0.0605761194438855,0.04185457797074048,False
2017-02-14,0.06095773184343391,0.06044480470419332,0.04230423633924451,True
2017-02-15,0.054858730776320724,0.06044480470419332,0.04341553713046049,False
2017-02-16,0.051812132970528516,0.060177449433237155,0.043325552095904996,False
2017-02-17,0.057770796565843316,0.06012863794132554,0.04253239653778585,False
2017-02-21,0.056956584571972196,0.05993322431457258,0.04548327328160142,False
2017-02-22,0.058663337596855825,0.05969637457455767,0.04462276815410039,False
2017-02-23,0.05198142743654456,0.059554194963216546,0.04445403887354954,False
2017-02-24,0.06571603685499078,0.05953833168685516,0.04368368461454555,True
2017-02-27,0.05445612204022229,0.05953833168685516,0.04295694354178625,False
2017-02-28,0.05789137080783331,0.059449443672406656,0.04186597869680041,False
2017-03-01,0.05130096226112072,0.059449443672406656,0.04275197404352712,False
2017-03-02,0.05798530227295421,0.05928158885307997,0.04351578083191911,False
2017-03-03,0.051671487528146015,0.05915619233612848,0.04423924810083038,False
2017-03-06,0.06153113035166982,0.05915619233612848,0.04386889238567815,True
2017-03-07,0.04977328770353049,0.05928158885307997,0.04444707013346073,False
2017-03-08,0.05784727067639865,0.05915619233612848,0.04611537067973602,False
2017-03-09,0.06570230239156716,0.05914818908312881,0.04586026610671392,True
2017-03-10,0.05046695477230716,0.05915619233612848,0.04613214325952745,False
2017-03-13,0.05513289682760654,0.05915619233612848,0.04691063455533865,False
2017-03-14,0.05310828368874704,0.05915619233612848,0.04773601237111407,False
2017-03-15,0.048212401352440794,0.05914818908312881,0.05041624195900853,False
2017-03-16,0.05344282250895448,0.05910629994046149,0.052665306848672884,False
2017-03-17,0.05149161946989145,0.05903816942604861,0.05106337477508177,False
2017-03-20,0.05191093960974106,0.058928076841627985,0.05149593766139104,False
2017-03-21,0.04656977951343945,0.058928076841627985,0.05145581700753305,False
2017-03-22,0.06021790448088314,0.05879284445372135,0.05039457867658737,True
2017-03-23,0.05780030768932508,0.05879284445372135,0.05058336369430418,False
2017-03-24,0.04306115895561237,0.05870214882781584,0.05203163364553262,False
2017-03-27,0.06129108186169799,0.058614358139841644,0.05020827549352762,True
2017-03-28,0.060254664255432425,0.05870214882781584,0.050470314747808324,True
2017-03-29,0.048045427133180725,0.05870214882781584,0.053419075058469316,False
2017-03-30,0.053910338019970735,0.058614358139841644,0.05389980529895838,False
2017-03-31,0.045321331349240046,0.058614358139841644,0.05259368161916876,False
2017-04-03,0.04366785740240811,0.058614358139841644,0.05274965110420515,False
2017-04-04,0.05128286763178341,0.058399384908290136,0.05150387258918317,False
2017-04-05,0.043059550698345224,0.058399384908290136,0.05449910611369631,False
2017-04-06,0.04623191274789744,0.058399384908290136,0.055342683153130824,False
2017-04-07,0.05964346885333001,0.05831354213892978,0.05427682207433357,True
2017-04-10,0.052155761474862096,0.058399384908290136,0.05466246145474195,False
2017-04-11,0.053830338811513584,0.058399384908290136,0.05368195860134792,False
2017-04-12,0.054627453714432415,0.058399384908290136,0.05342164707731245,False
2017-04-13,0.06017442995768128,0.058399384908290136,0.05323608899863399,True
2017-04-17,0.04556385945235198,0.058399384908290136,0.055193531931656235,False
2017-04-18,0.06847318581478998,0.058399384908290136,0.0529389214648919,True
2017-04-19,0.04033772851678114,0.058614358139841644,0.05703939540131797,False
2017-04-20,0.04225164973973912,0.058614358139841644,0.05560303074687629,False
2017-04-21,0.051865108803807625,0.058614358139841644,0.055316834898265096,False
2017-04-24,0.05475318761581367,0.058614358139841644,0.05859948700675366,False
2017-04-25,0.04691691406082704,0.058614358139841644,0.0563488150804024,False
2017-04-26,0.054296673571863366,0.058614358139841644,0.056628977398502374,False
2017-04-27,0.04733374791633067,0.058614358139841644,0.056993571066375724,False
2017-04-28,0.052497590658311645,0.058614358139841644,0.05874111257596249,False
2017-05-01,0.04974873843915917,0.058614358139841644,0.05793128248112781,False
2017-05-02,0.051762861460695676,0.058399384908290136,0.057752054688272,False
2017-05-03,0.05843910004203341,0.058399384908290136,0.05684941407949806,True
2017-05-04,0.044670420389223496,0.058399384908290136,0.05657367861028832,False
2017-05-05,0.050788711633419865,0.05831354213892978,0.05936123595074325,False
2017-05-08,0.057856744543347716,0.05826077929128239,0.05956575544050846,False
2017-05-09,0.04686618115245298,0.05815999356402455,0.061793479882904,False
2017-05-10,0.05083071440831484,0.05796651597993003,0.06093041774129862,False
2017-05-11,0.0619917075648092,0.057884445554936194,0.05905023154696024,True
2017-05-12,0.06557573129191069,0.05796651597993003,0.056439822325194816,True
2017-05-15,0.047127628731082394,0.05815999356402455,0.058333335400291106,False
2017-05-16,0.05171063612118659,0.05815999356402455,0.059868520538937216,False
2017-05-17,0.05938025829586505,0.05815999356402455,0.05907926109589077,True
2017-05-18,0.07146701249087957,0.05826077929128239,0.05586777982346155,True
2017-05-19,0.05251931883258269,0.05831354213892978,0.057752924313938504,False
2017-05-22,0.055968572464039495,0.05826077929128239,0.060340266514879906,False
2017-05-23,0.047215520110741795,0.05826077929128239,0.060817517146717404,False
2017-05-24,0.0500756193453568,0.05826077929128239,0.060612142378286646,False
2017-05-25,0.04373474109991006,0.05826077929128239,0.061719844294277446,False
2017-05-26,0.05478970340921349,0.05826077929128239,0.06208189407528404,False
2017-05-30,0.062133394644138695,0.05826077929128239,0.06208065791865405,True
2017-05-31,0.04622523087255853,0.05831354213892978,0.061254596532460716,False
2017-06-01,0.047717859591761135,0.05831354213892978,0.06179949808082693,False
2017-06-02,0.0521126960069043,0.05826077929128239,0.05934930429006097,False
2017-06-05,0.0516957007971541,0.05826077929128239,0.05699119194194419,False
2017-06-06,0.056312446538991895,0.05826077929128239,0.05712522389558747,False
2017-06-07,0.04657662291698035,0.05826077929128239,0.05812668405206924,False
2017-06-08,0.05420494976478045,0.05826077929128239,0.058400338735013095,False
2017-06-09,0.0423180717090305,0.05826077929128239,0.061122389582023956,False
2017-06-12,0.04988677882894729,0.05826077929128239,0.05846079889492038,False
2017-06-13,0.05200607232920218,0.05815999356402455,0.059618941476550134,False
2017-06-14,0.055155917996486566,0.05796651597993003,0.06080330459941001,False
2017-06-15,0.057371086823167584,0.057884445554936194,0.057529136525349335,False
2017-06-16,0.05985645697691323,0.0578548497699579,0.05965822977597954,True
2017-06-19,0.049565272396830215,0.0578548497699579,0.061893085128868555,False
2017-06-20,0.06129633495474035,0.0578548497699579,0.063040145225704,True
2017-06-21,0.04459740487422857,0.057884445554936194,0.06448497678525258,False
2017-06-22,0.047556042896071626,0.057884445554936194,0.06279342669857067,False
2017-06-23,0.04574888314758762,0.057884445554936194,0.06297105667977597,False
2017-06-26,0.04830831101992023,0.057884445554936194,0.06406003549361995,False
2017-06-27,0.04675225114604146,0.0578548497699579,0.06503155707699416,False
2017-06-28,0.04894230201683502,0.05783787807898394,0.06475950493566847,False
2017-06-29,0.04612071168822448,0.057796298582970314,0.0635651615966054,False
2017-06-30,0.046606664929546425,0.05778008800194049,0.06399636722144496,False
2017-07-03,0.05466510747366743,0.05777767241676665,0.06332491656267306,False
2017-07-05,0.05756732038020878,0.05769085461730818,0.06188087079685798,False
2017-07-06,0.07395413490420356,0.05752807366880054,0.06153284669092427,True
2017-07-07,0.05176263794306955,0.05752807366880054,0.06363498819806977,False
2017-07-10,0.0630756665097438,0.05752807366880054,0.06140707575450564,True
2017-07-11,0.04812422897489409,0.05752807366880054,0.06232744536962187,False
2017-07-12,0.044980751588964515,0.05752807366880054,0.059793414988501055,False
2017-07-13,0.04771149593934992,0.05752807366880054,0.06001467782681925,False
2017-07-14,0.045562249485682105,0.05752807366880054,0.05836901344523394,False
2017-07-17,0.052115317628561,0.05752807366880054,0.05921900830420871,False
2017-07-18,0.0609806029525856,0.057370116410027976,0.060112552428011605,True
2017-07-19,0.051310603587798764,0.057370116410027976,0.061296385923731066,False
2017-07-20,0.05824975642257989,0.057370116410027976,0.059875449317868645,True
2017-07-21,0.05239416267668633,0.05752807366880054,0.058424025381814106,False
2017-07-24,0.05848288508334457,0.05752807366880054,0.05983554914955977,True
2017-07-25,0.05018116759777609,0.057730101328716414,0.05900136341479573,False
2017-07-26,0.06133790793748991,0.057730101328716414,0.05812456865768931,True
2017-07-27,0.05362108502129667,0.057730101328716414,0.05939434570634121,False
2017-07-28,0.07046495173502704,0.057730101328716414,0.05952946557964591,True
2017-07-31,0.0490208465244839,0.05777767241676665,0.061983985235709166,False
2017-08-01,0.05209445338932969,0.05777767241676665,0.06363880984407355,False
2017-08-02,0.05922444912916586,0.05777767241676665,0.06278582910521162,True
2017-08-03,0.06025845069618418,0.05778008800194049,0.06430889292184701,True
2017-08-04,0.049705108401549895,0.057796298582970314,0.06354920541513563,False
2017-08-07,0.062286427270498615,0.057796298582970314,0.0656262759671344,True
2017-08-08,0.06734380132270225,0.05783787807898394,0.0656914849659788,True
2017-08-09,0.06234242113298542,0.0578548497699579,0.06235289221180228,True
2017-08-10,0.056903796240452845,0.057884445554936194,0.05780427625634111,False
2017-08-11,0.0567659770916487,0.057884445554936194,0.05454446847969232,False
2017-08-14,0.05155621090105328,0.057884445554936194,0.05533637122487781,False
2017-08-15,0.0523555998634101,0.057884445554936194,0.05491583890438367,False
2017-08-16,0.04595347609792518,0.057884445554936194,0.0545659947845969,False
2017-08-17,0.06065577818057995,0.057884445554936194,0.054401806589000935,True
2017-08-18,0.0602284137652189,0.05796651597993003,0.05337592568908602,True
2017-08-21,0.06669986693366359,0.05815999356402455,0.04925122517372423,True
2017-08-22,0.044334883199638256,0.05824053841542234,0.05312728227973313,False
2017-08-23,0.06072952429048259,0.05824053841542234,0.05081499813726014,True
2017-08-24,0.043385943414653017,0.05826999729843994,0.05439933640202461,False
2017-08-25,0.04103519290767436,0.05826999729843994,0.05293465699415926,False
2017-08-28,0.04228259116765466,0.05826999729843994,0.05273435422101825,False
2017-08-29,0.052975328170549105,0.05826999729843994,0.04918071762819943,False
2017-08-30,0.04220354364387119,0.05826999729843994,0.049673046755190936,False
2017-08-31,0.044527153206019576,0.05826999729843994,0.048321553299464484,False
2017-09-01,0.041705236073526664,0.05826999729843994,0.04948270993085872,False
2017-09-05,0.044995602049546085,0.05826999729843994,0.04862078818621279,False
2017-09-06,0.04500613795616501,0.05826999729843994,0.047928842363013265,False
2017-09-07,0.0426733429476168,0.05826999729843994,0.04724104590620487,False
2017-09-08,0.061117457559213065,0.05826999729843994,0.04632275355218922,True
2017-09-11,0.050972440294573304,0.05831354213892978,0.04794836934096572,False
2017-09-12,0.05176868301723392,0.05831354213892978,0.05096315906394271,False
2017-09-13,0.05233147092264238,0.05826999729843994,0.050304498746342234,False
2017-09-14,0.04718702108969605,0.05824053841542234,0.04865378768291061,False
2017-09-15,0.0473739895144914,0.05815999356402455,0.04885993818248115,False
2017-09-18,0.04675160957778813,0.05796651597993003,0.050177093377066107,False
2017-09-19,0.05276156495760449,0.05796651597993003,0.049379866417903165,False
2017-09-20,0.05010986113077434,0.05796651597993003,0.04996258451690045,False
2017-09-21,0.04853898867382155,0.05796651597993003,0.049699016944063173,False
2017-09-22,0.05025992477066866,0.05796651597993003,0.0477410512516973,False
2017-09-25,0.052824442421883604,0.05796651597993003,0.05003489016734389,False
2017-09-26,0.04692262336768775,0.05796651597993003,0.049785151560679836,False
2017-09-27,0.04762928297706251,0.05796651597993003,0.04882428651576511,False
2017-09-28,0.04870418806879602,0.05796651597993003,0.04764473142248866,False
2017-09-29,0.049605560305336166,0.05796651597993003,0.048425483392845144,False
2017-10-02,0.046424058425972206,0.05796651597993003,0.0478555583755089,False
2017-10-03,0.04727061691017602,0.05796651597993003,0.04884063859040517,False
2017-10-04,0.048868298067458765,0.05796651597993003,0.04589449541154521,False
2017-10-05,0.04710115512243944,0.05796651597993003,0.04595238676856495,False
2017-10-06,0.04841363812704608,0.05796651597993003,0.046649955694941105,False
2017-10-09,0.048059730860090646,0.05796651597993003,0.04603670994822654,False
2017-10-10,0.046314123499605314,0.05796651597993003,0.04705278826292797,False
2017-10-11,0.051132494488855054,0.05796651597993003,0.0461583411770239,False
2017-10-12,0.051757976649688356,0.05796651597993003,0.045434958758559116,False
2017-10-13,0.050235375451129764,0.05796651597993003,0.04445869563851368,False
2017-10-16,0.051172623317922286,0.05796651597993003,0.04551624095101522,False
2017-10-17,0.05563432537780498,0.05796651597993003,0.043131977705827274,False
2017-10-18,0.05093402094613175,0.05796651597993003,0.04400728142819697,False
2017-10-19,0.05825749826494299,0.05796651597993003,0.04095403059084935,True
2017-10-20,0.05377156053740384,0.05815999356402455,0.04214858982412435,False
2017-10-23,0.05654826544221189,0.05815999356402455,0.043805559280764295,False
2017-10-24,0.05090277043010165,0.05815999356402455,0.04579809756934514,False
2017-10-25,0.059549562691014586,0.05815999356402455,0.04538797293271578,True
2017-10-26,0.04789930750433781,0.05824053841542234,0.04450862172963319,False
2017-10-27,0.062490362504053126,0.05824053841542234,0.044549517627709666,True
2017-10-30,0.060961793191995045,0.05825594989647037,0.044485388858742834,True
2017-10-31,0.052273466327800326,0.05827154566691256,0.04672836188863936,False
2017-11-01,0.0516685223061766,0.05827154566691256,0.04604040415124113,False
2017-11-02,0.05045338015415197,0.05827154566691256,0.04426951811951765,False
2017-11-03,0.05598392174864291,0.05827154566691256,0.044905619246537604,False
2017-11-06,0.056857487106420856,0.05827154566691256,0.04364254023650726,False
2017-11-07,0.04952585374986694,0.05827154566691256,0.04381741727914306,False
2017-11-08,0.06812896579647361,0.05827154566691256,0.04467313353310729,True
2017-11-09,0.06300667233678946,0.05831354213892978,0.04463561931487575,True
2017-11-10,0.05136766527575347,0.058399384908290136,0.044000199233747636,False
2017-11-13,0.060526356906129744,0.05831354213892978,0.0402504082536645,True
2017-11-14,0.06075633873103991,0.05831354213892978,0.03929939570210506,True
2017-11-15,0.06464219324587056,0.05831354213892978,0.03736417227466334,True
2017-11-16,0.04708576491856668,0.05831354213892978,0.036717400659743035,False
2017-11-17,0.05965438346398999,0.05827154566691256,0.03455301246976952,True
2017-11-20,0.04348824827643315,0.05831354213892978,0.034706034259717064,False
2017-11-21,0.04660716524065774,0.05831354213892978,0.03519850830873656,False
2017-11-22,0.04530470409957519,0.05831354213892978,0.03493452780317958,False
2017-11-24,0.044214087750003024,0.05831003028843739,0.03506528047651234,False
2017-11-27,0.04547413458507363,0.05831003028843739,0.034781662130205046,False
2017-11-28,0.045440397060207874,0.05831003028843739,0.03510092301892803,False
2017-11-29,0.0493456240603491,0.05831003028843739,0.03557028432575222,False
2017-11-30,0.04904253855868677,0.05831003028843739,0.036572050048794366,False
2017-12-01,0.06000709692753406,0.05831003028843739,0.03568141764138645,True
2017-12-04,0.051296984526340725,0.058399384908290136,0.03885060737332069,False
2017-12-05,0.056951614623616746,0.058399384908290136,0.03777427011245462,False
2017-12-06,0.061109433285605946,0.058399384908290136,0.036027067888436834,True
2017-12-07,0.059302406202395484,0.05843496809598371,0.03480439370078704,True
2017-12-08,0.05011722573040306,0.05847412807508234,0.03826560841469033,False
2017-12-11,0.06338829573149121,0.05847412807508234,0.03725591536547584,True
2017-12-12,0.04878351233106052,0.058627247094153574,0.035721397792879875,False
2017-12-13,0.05201176331943887,0.058627247094153574,0.037222771301610606,False
2017-12-14,0.05301608886003613,0.05847412807508234,0.038423459779067935,False
2017-12-15,0.05406451955850898,0.05843496809598371,0.03545650526664965,False
2017-12-18,0.05855568848888773,0.05843496809598371,0.03676472995291292,True
2017-12-19,0.06505776299622996,0.05847412807508234,0.03660704063890845,True
2017-12-20,0.06187847332383001,0.0585411278077791,0.03826798462663572,True
2017-12-21,0.06804186292736103,0.058641807775262206,0.03956885949231991,True
2017-12-22,0.07089577523058797,0.05897947236792592,0.03949507928444063,True
2017-12-26,0.06887487513263475,0.059191260515471376,0.038933172280097635,True
2017-12-27,0.05266770236169037,0.05928681478774956,0.03755087658166591,False
2017-12-28,0.0539351095650116,0.05928681478774956,0.03811903516214687,False
2017-12-29,0.050883528363232615,0.05928681478774956,0.03897553653042894,False
2018-01-02,0.06409520926992889,0.05928681478774956,0.039460677358899444,True
2018-01-03,0.05904816465549889,0.05936468787717114,0.038600455780309934,False
2018-01-04,0.06638709856438621,0.05936468787717114,0.0408415392619018,True
2018-01-05,0.06470832587738971,0.05951570181198468,0.04009665211799558,True
2018-01-08,0.07066089605367211,0.05955152858705725,0.04126838089499203,True
2018-01-09,0.0730934771810497,0.05962517909487759,0.04323716442553747,True
2018-01-10,0.06873947552611072,0.05965220054185799,0.04507849338206026,True
2018-01-11,0.07084412585174853,0.05981604227432859,0.04659863890459854,True
2018-01-12,0.07684478178290749,0.0599769689374099,0.04920342751757941,True
2018-01-16,0.06914725081352668,0.06014096335165184,0.0495830502462824,True
2018-01-17,0.07496005073483664,0.06020920957624277,0.04961913132415197,True
2018-01-18,0.07915521854049806,0.060226311908351746,0.04953598454637957,True
2018-01-19,0.07564863226409073,0.06024941415738972,0.0491368895357944,True
2018-01-22,0.0667510697850076,0.06025769340803383,0.04924990416921882,True
2018-01-23,0.06496577723479316,0.06047277566414063,0.04841812126237241,True
2018-01-24,0.062270353838461356,0.06062989392568991,0.048159505421652656,True
2018-01-25,0.059640509489330924,0.060714775068502064,0.04884292852503703,False
2018-01-26,0.07169137524581302,0.060714775068502064,0.048805359015021296,True
2018-01-29,0.07097915758489301,0.06075097584292845,0.049811775600249686,True
2018-01-30,0.06168679148827039,0.06091745322095511,0.04561731571005379,True
2018-01-31,0.06064353550956798,0.06096098092228282,0.04615701932094201,False
2018-02-01,0.07791967050896115,0.06096098092228282,0.04377097967410139,True
2018-02-02,0.06499345670592624,0.06097684100046749,0.042366764751196904,True
2018-02-05,0.07568460941693667,0.06108366721900188,0.03899460147820835,True
2018-02-06,0.12235469405317705,0.061115852704491644,0.035587637724282875,True
2018-02-07,0.08447522936780891,0.061256357001201,0.03376558927987728,True
2018-02-08,0.08082190941409848,0.06129528433613188,0.03846834235679259,True
2018-02-09,0.08430958962142143,0.06129528433613188,0.04442428981272561,True
2018-02-12,0.06753546527467678,0.06132959334094,0.047979341291655625,True
2018-02-13,0.05280000529755871,0.061492485868833845,0.044535654974055004,False
2018-02-14,0.05528930779387965,0.061492485868833845,0.04446260382622431,False
2018-02-15,0.044052010942161296,0.061492485868833845,0.04480097218284994,False
2018-02-16,0.0695790955526932,0.061492485868833845,0.04596056294629185,True
2018-02-20,0.043489546326076434,0.06165565926095028,0.04702376114731828,False
2018-02-21,0.05510395418233873,0.06165565926095028,0.04893831425963833,False
2018-02-22,0.04458769296607182,0.06165565926095028,0.04551018279550178,False
2018-02-23,0.04366345646422659,0.06165565926095028,0.04708205786171291,False
2018-02-26,0.046140697983042135,0.06165565926095028,0.045953676900399545,False
2018-02-27,0.042003905691620894,0.061492485868833845,0.04672119239486676,False
2018-02-28,0.04260260942473909,0.061492485868833845,0.04732878586652525,False
2018-03-01,0.043467460570638355,0.061492485868833845,0.0492090947112825,False
2018-03-02,0.07057905403785852,0.061492485868833845,0.04718413799839054,True
2018-03-05,0.054741819624406204,0.06165565926095028,0.04500593767149387,False
2018-03-06,0.04366724966551286,0.06165565926095028,0.046918631023848294,False
2018-03-07,0.061445016251542806,0.06161701477811429,0.04635877475678825,False
2018-03-08,0.04079742098282538,0.06163843644092487,0.04567166476205399,False
2018-03-09,0.04625874072120662,0.06163843644092487,0.04611353293846115,False
2018-03-12,0.04361770236017967,0.06142359458873223,0.04569348833310541,False
2018-03-13,0.04482443209447441,0.06142359458873223,0.043446151421366874,False
2018-03-14,0.04430509748485702,0.06142359458873223,0.043607627982039536,False
2018-03-15,0.05310593424681273,0.06142359458873223,0.04374216788155707,False
2018-03-16,0.054634372389352176,0.06142359458873223,0.04393705575650222,False
2018-03-19,0.05494260818605803,0.06142359458873223,0.042848869092595374,False
2018-03-20,0.05094416277606194,0.06142359458873223,0.04405975510499739,False
2018-03-21,0.05192169857032066,0.06142359458873223,0.04386861196832725,False
2018-03-22,0.052086309320069406,0.06142359458873223,0.04170707383378497,False
2018-03-23,0.05720618562131316,0.06142359458873223,0.0423574093162007,False
2018-03-26,0.06136351436179721,0.06142359458873223,0.04493287070803572,False
2018-03-27,0.06201266030603441,0.061428715873593685,0.04507044155972351,True
2018-03-28,0.05625026886396856,0.06163843644092487,0.04419100579832439,False
2018-03-29,0.05751638200910557,0.06163843644092487,0.04576634651229378,False
2018-04-02,0.05375493941184188,0.06163843644092487,0.045320124251628055,False
2018-04-03,0.04876366550445356,0.06163843644092487,0.047546555806109725,False
2018-04-04,0.10008820963056198,0.06163843644092487,0.04620545896559349,True
2018-04-05,0.048319530075757566,0.061840136956718084,0.049101680379051105,False
2018-04-06,0.07599619831036818,0.061840136956718084,0.047484606343328226,True
2018-04-09,0.05079405637081087,0.061969060716613365,0.05036817056003655,False
2018-04-10,0.0804852246820111,0.061969060716613365,0.05142112333230413,True
2018-04-11,0.05184066256877517,0.06200846975778937,0.048477133685514796,False
2018-04-12,0.048437744330575155,0.06200846975778937,0.05000900487267716,False
2018-04-13,0.046996148426605905,0.06200846975778937,0.05221452798182092,False
2018-04-16,0.04207067797078748,0.06200846975778937,0.05432186290676386,False
2018-04-17,0.05733871494345141,0.06200846975778937,0.05622772715845285,False
2018-04-18,0.05629993450655492,0.06200846975778937,0.055662013566608,False
2018-04-19,0.06087780018442037,0.061969060716613365,0.056048983054324285,False
2018-04-20,0.05725511841792194,0.061969060716613365,0.05419582688680052,False
2018-04-23,0.057134290830159626,0.061969060716613365,0.05682278064248602,False
2018-04-24,0.054167580287348596,0.061969060716613365,0.055845319243294445,False
2018-04-25,0.051823767720652655,0.061969060716613365,0.05616359331315011,False
2018-04-26,0.05534175322720878,0.061969060716613365,0.054595220619165885,False
2018-04-27,0.053543380506422045,0.061969060716613365,0.05427961387584028,False
2018-04-30,0.05112565010851772,0.061969060716613365,0.054683764914902185,False
2018-05-01,0.05438643664398962,0.061969060716613365,0.05312677240310494,False
2018-05-02,0.04901161236098214,0.061969060716613365,0.0537285535916714,False
2018-05-03,0.053525262178458245,0.061969060716613365,0.05241955057718498,False
2018-05-04,0.05474537124677922,0.061969060716613365,0.04983169846482445,False
2018-05-07,0.0462814043955255,0.061969060716613365,0.05054091856233596,False
2018-05-08,0.04842375795504501,0.061969060716613365,0.050043039749536805,False
2018-05-09,0.03857145274383296,0.061969060716613365,0.05102863574888132,False
2018-05-10,0.044053787849729256,0.061969060716613365,0.05148744381062998,False
2018-05-11,0.04652236762422066,0.061969060716613365,0.05190340801912366,False
2018-05-14,0.0435938051413462,0.061840136956718084,0.05474320160991132,False
2018-05-15,0.044424356572526844,0.06163843644092487,0.0524681172052858,False
2018-05-16,0.043924406323068835,0.06163843644092487,0.05467879045533873,False
2018-05-17,0.0395997853200346,0.06163843644092487,0.056289225594154134,False
2018-05-18,0.038838268814030574,0.06163843644092487,0.0602764953149179,False
2018-05-21,0.04168081522850894,0.061428715873593685,0.0585459799088863,False
2018-05-22,0.03998216099423538,0.061428715873593685,0.05913353009299265,False
2018-05-23,0.049186001171813376,0.061428715873593685,0.057512183217276906,False
2018-05-24,0.04805131442291469,0.061428715873593685,0.055954646143205396,False
2018-05-25,0.04993564564840354,0.061428715873593685,0.05343799957526541,False
2018-05-29,0.05444909616038379,0.061428715873593685,0.051958511558860235,False
2018-05-30,0.04612570506652101,0.061428715873593685,0.05507454744419047,False
2018-05-31,0.05213882965517492,0.061358393076935754,0.054389276861043244,False
2018-06-01,0.04800504454584509,0.061358393076935754,0.056364800478115415,False
2018-06-04,0.04722686815374781,0.061358393076935754,0.05635907161056043,False
2018-06-05,0.0468670089097611,0.061358393076935754,0.05677582518548136,False
2018-06-06,0.05151342529242237,0.061358393076935754,0.05551806226134681,False
2018-06-07,0.045950622346253314,0.061358393076935754,0.055721072443950526,False
2018-06-08,0.050635749836198535,0.061358393076935754,0.056332387308955845,False
2018-06-11,0.04852482639344536,0.061358393076935754,0.05631723753749214,False
2018-06-12,0.042760583488813064,0.061358393076935754,0.05452764617745209,False
2018-06-13,0.04405193949835395,0.061358393076935754,0.05431088968591258,False
2018-06-14,0.04395130851692859,0.061358393076935754,0.054965010966135715,False
2018-06-15,0.05927633523282291,0.061358393076935754,0.055152989989008444,False
2018-06-18,0.05729953831292681,0.061358393076935754,0.05203632001860628,False
2018-06-19,0.06255974965424285,0.061358393076935754,0.04855137692096995,True
2018-06-20,0.04998809828834951,0.061428715873593685,0.04826664103662729,False
2018-06-21,0.0570450073236967,0.061428715873593685,0.04661864687208407,False
2018-06-22,0.04940706599706303,0.061428715873593685,0.04733940154270452,False
2018-06-25,0.0559423373811166,0.061428715873593685,0.043424211985640206,False
2018-06-26,0.05566251891180793,0.061428715873593685,0.04430789084160717,False
2018-06-27,0.06275303218488143,0.061428715873593685,0.044794638332290485,True
2018-06-28,0.05208554474558632,0.06163843644092487,0.04431055317796137,False
2018-06-29,0.05720287540629647,0.06163843644092487,0.046577296968197957,False
2018-07-02,0.061449200549269084,0.06163843644092487,0.044342096736707415,False
2018-07-03,0.04737091466862126,0.06163927330047013,0.04544693588529112,False
2018-07-05,0.05739216915195823,0.06163927330047013,0.045753757140664944,False
2018-07-06,0.054214528759782936,0.06163927330047013,0.041854575186873764,False
2018-07-09,0.053813046467423443,0.061448363689723826,0.04436348237621146,False
2018-07-10,0.0454936994694326,0.061448363689723826,0.045203928487791784,False
2018-07-11,0.06048301176416408,0.061428715873593685,0.04516955547512072,False
2018-07-12,0.05004582529114112,0.061428715873593685,0.04644498897780256,False
2018-07-13,0.06415272073830026,0.061428715873593685,0.04338891503078328,True
2018-07-16,0.04625326059356935,0.061448363689723826,0.04130630979939502,False
2018-07-17,0.050038155248514835,0.061448363689723826,0.03872104534259388,False
2018-07-18,0.0416479150141673,0.061448363689723826,0.03849134764048978,False
2018-07-19,0.05579638664825273,0.061448363689723826,0.03659121496058672,False
2018-07-20,0.03875131261318867,0.061448363689723826,0.03645042066862509,False
2018-07-23,0.0483406675880344,0.061448363689723826,0.03657954968909276,False
2018-07-24,0.04376886903596044,0.061448363689723826,0.04007483603954094,False
2018-07-25,0.0490519424352804,0.061448363689723826,0.039186925232193144,False
2018-07-26,0.05057992644165408,0.061448363689723826,0.0353583850486606,False
2018-07-27,0.04799034086924003,0.061448363689723826,0.03479011875652868,False
2018-07-30,0.04848393201879196,0.061448363689723826,0.034729563898259104,False
2018-07-31,0.04829667870084889,0.061428715873593685,0.03765514694218321,False
2018-08-01,0.05387987141897954,0.061428715873593685,0.03741079334427626,False
2018-08-02,0.05683528151549608,0.061428715873593685,0.03684520207944017,False
2018-08-03,0.04759612246054044,0.061428715873593685,0.03862789846557666,False
2018-08-06,0.06121627476922445,0.061428715873593685,0.04146180874142704,False
2018-08-07,0.04296138304502803,0.061428715873593685,0.04631858103640578,False
2018-08-08,0.045663361032007715,0.06133406644328266,0.046911380059248727,False
2018-08-09,0.04654163889284123,0.061196511327222175,0.04554904909055324,False
2018-08-10,0.057704722400280864,0.061115852704491644,0.04242530351956499,False
2018-08-13,0.045789055745314985,0.061115852704491644,0.040313058998196656,False
2018-08-14,0.060678839477555924,0.061115852704491644,0.041995147229335575,False
2018-08-15,0.05923736606917082,0.061115852704491644,0.03752797608895717,False
2018-08-16,0.04533152721172355,0.061115852704491644,0.0387887219770193,False
2018-08-17,0.07227917584821841,0.061115852704491644,0.038271612848064435,True
2018-08-20,0.04208527886255288,0.061196511327222175,0.03960514773950408,False
2018-08-21,0.05167242422240041,0.061196511327222175,0.04075056228431562,False
2018-08-22,0.04404630774016698,0.061115852704491644,0.042120873282989746,False
2018-08-23,0.05113368457282978,0.061115852704491644,0.04274548298798812,False
2018-08-24,0.04669698913508097,0.061115852704491644,0.04278619858302845,False
2018-08-27,0.0527841264226982,0.061115852704491644,0.04264557353111641,False
2018-08-28,0.04873621773871911,0.061115852704491644,0.044340460382155104,False
2018-08-29,0.05041838557944417,0.061115852704491644,0.044000622812646786,False
2018-08-30,0.04698554058102336,0.061115852704491644,0.043604258778517146,False
2018-08-31,0.04977608750779454,0.061115852704491644,0.04429539051876054,False
2018-09-04,0.057436375414681926,0.061115852704491644,0.04185998083300962,False
2018-09-05,0.051667238730581766,0.061115852704491644,0.04217277239132199,False
2018-09-06,0.05248278329254454,0.061115852704491644,0.041841153615107735,False
2018-09-07,0.055384438595671104,0.061115852704491644,0.041658041609690964,False
2018-09-10,0.04549525469996828,0.061115852704491644,0.042380041210204264,False
2018-09-11,0.06177756012977639,0.06107990526688377,0.04195559798662628,True
2018-09-12,0.04726996833316259,0.06119490647250075,0.03992533938073035,False
2018-09-13,0.05199433430554053,0.06119490647250075,0.039996273989221794,False
2018-09-14,0.05065360318302353,0.06119490647250075,0.040929371836111346,False
2018-09-17,0.056616908790754525,0.06119490647250075,0.04200456336116535,False
2018-09-18,0.05371874549401516,0.06119490647250075,0.04221912990809714,False
2018-09-19,0.05146831756519877,0.06119490647250075,0.041734992260390034,False
2018-09-20,0.04944347119713506,0.06119490647250075,0.04582327864073157,False
2018-09-21,0.05105400401165559,0.06119490647250075,0.04674913982308826,False
2018-09-24,0.058959260533201024,0.06119490647250075,0.04399073179818387,False
2018-09-25,0.04860409660077962,0.06119490647250075,0.04468463868286568,False
2018-09-26,0.050029358687141756,0.06119490647250075,0.04470679629411517,False
2018-09-27,0.05276576905805139,0.06119490647250075,0.044448442116938915,False
2018-09-28,0.05274287058456492,0.06119490647250075,0.04244875690270898,False
2018-10-01,0.0493775909073324,0.06119490647250075,0.042684885204256486,False
2018-10-02,0.051820612771272215,0.06119490647250075,0.04328026570767169,False
2018-10-03,0.046969509532408464,0.06119490647250075,0.042058395432629424,False
2018-10-04,0.05611615669676813,0.06119490647250075,0.04434509222773837,False
2018-10-05,0.052365783917585326,0.06119490647250075,0.04083720306079918,False
2018-10-08,0.06904343633680585,0.06119490647250075,0.03801231751608431,True
2018-10-09,0.06572702251682626,0.06133406644328266,0.03883927398858491,True
2018-10-10,0.06655470530685412,0.061428715873593685,0.035979405276251326,True
2018-10-11,0.06872129408516771,0.061448363689723826,0.03238707596033305,True
2018-10-12,0.08066143700198089,0.06163927330047013,0.03405722315381795,True
2018-10-15,0.0650258055318084,0.061759406401475196,0.033017449258265386,True
2018-10-16,0.057324137977423376,0.06185829068501929,0.034314250562710244,False
2018-10-17,0.07759747817466524,0.06185829068501929,0.03344035782409839,True
2018-10-18,0.06271104185660328,0.06198582290959353,0.03160646285521945,True
2018-10-19,0.056653416704886925,0.06221881513197597,0.03197579812412016,False
2018-10-22,0.05117904846622885,0.06221881513197597,0.03089755382387226,False
2018-10-23,0.10624669478647338,0.06221881513197597,0.0303106093232161,True
2018-10-24,0.0649570775113214,0.062446360770934774,0.028929064405629267,True
2018-10-25,0.06680093870037335,0.06254587222420491,0.031114318178999956,True
2018-10-26,0.15596333387415312,0.0626807834161312,0.030253383487257226,True
2018-10-29,0.06437504927891032,0.0627446341192258,0.03515334499784308,True
2018-10-30,0.09598825462390922,0.06295594430640786,0.0356440626276059,True
2018-10-31,0.06789728505031396,0.06331197105255086,0.04019718616671766,True
2018-11-01,0.062606230570044,0.06395382656224136,0.0422068613310871,False
2018-11-02,0.05669920761933246,0.06395382656224136,0.04263093180828699,False
2018-11-05,0.06152040577847906,0.06395382656224136,0.04222246623065352,False
2018-11-06,0.06114913767246304,0.06395382656224136,0.041094270951513884,False
2018-11-07,0.06135216547357648,0.06395382656224136,0.04168759585703493,False
2018-11-08,0.06541118764969989,0.06395382656224136,0.04074463863102057,True
2018-11-09,0.05808962097520232,0.06395382656224136,0.03812625662131304,False
2018-11-12,0.06438304034834322,0.06395382656224136,0.038186384149534805,True
2018-11-13,0.0499329271500077,0.06414121844462599,0.03922703492633931,False
2018-11-14,0.06004437067117494,0.06414121844462599,0.040637812465149435,False
2018-11-15,0.05649868805426733,0.06414121844462599,0.040376932393988166,False
2018-11-16,0.06218698521511089,0.06395382656224136,0.03870742646079873,False
2018-11-19,0.05630627050452723,0.06395382656224136,0.03668144875928004,False
2018-11-20,0.09322134551798787,0.06395382656224136,0.03452248169234681,True
2018-11-21,0.07580696742710706,0.06414121844462599,0.0403968386435433,True
2018-11-23,0.08428702693049032,0.0643305835707883,0.03868897500967825,True
2018-11-26,0.07193514727759392,0.06438144213445664,0.04371448150685875,True
2018-11-27,0.07348823400847429,0.06464326877158041,0.039559615619752665,True
2018-11-28,0.058349696311437674,0.06490732718453507,0.042857927436499854,False
2018-11-29,0.07430983331942319,0.06490732718453507,0.03984704144025848,True
2018-11-30,0.051275228334757596,0.06496403729009881,0.036845281146839076,False
2018-12-03,0.057440555114117144,0.06496403729009881,0.039091065693687074,False
2018-12-04,0.057286943951850175,0.06496403729009881,0.03728361844477966,False
2018-12-06,0.06716148251369862,0.06496403729009881,0.03499701360443501,True
2018-12-07,0.102838263922835,0.06498792081169963,0.03496023785578737,True
2018-12-10,0.06052170979982115,0.06501933576663196,0.031167471989228167,False
2018-12-11,0.11249783605149452,0.06501933576663196,0.03379446152816398,True
2018-12-12,0.05486608328861552,0.06505137150334565,0.03762709608984039,False
2018-12-13,0.06312358130419202,0.06505137150334565,0.03613162249271399,False
2018-12-14,0.07281521406365342,0.06505137150334565,0.03472920218783815,True
2018-12-17,0.06380193043837079,0.0653405027190059,0.03541141573639643,False
2018-12-18,0.07237104504925151,0.0653405027190059,0.04074304975406349,True
2018-12-19,0.05971375732174118,0.06566385554340098,0.039205933497304356,False
2018-12-20,0.06948899904842135,0.06566385554340098,0.04004393271834232,True
2018-12-21,0.06236495971324963,0.06625508335487423,0.03656230259373165,False
2018-12-24,0.07395866736108105,0.06625508335487423,0.03955598965174762,True
2018-12-26,0.07843417670063332,0.06625508335487423,0.0404316663183301,True
2018-12-27,0.11228487604421455,0.06625508335487423,0.03877117304453396,True
2018-12-28,0.06554261424721552,0.06625508335487423,0.040738987046879324,False
2018-12-31,0.05090513377741214,0.06625508335487423,0.03960642005968524,False
2019-01-02,0.13779016039348446,0.06625508335487423,0.03976180769391278,True
2019-01-03,0.07071611832245883,0.06652118395836054,0.034132277104969445,True
2019-01-04,0.07558918873890062,0.06671179688937691,0.03576357521697604,True
2019-01-07,0.059606645667165045,0.0667909649173002,0.0389511990995867,False
2019-01-08,0.0485685699739499,0.0667909649173002,0.03585140816139996,False
2019-01-09,0.06804209216979075,0.0667909649173002,0.03449109388623978,True
2019-01-10,0.053575060376654327,0.0667909649173002,0.03290673148898285,False
2019-01-11,0.068288844019187,0.06671179688937691,0.029913376926501412,True
2019-01-14,0.05159803870659881,0.06671179688937691,0.030131002721927317,False
2019-01-15,0.052844652000171605,0.06638916874884855,0.03187212574063202,False
2019-01-16,0.049050721580678275,0.06569014086290412,0.032632938104170416,False
2019-01-17,0.061405680889000114,0.0655163289277124,0.03267686264741974,False
2019-01-18,0.050305588190935356,0.0653341112261216,0.03645594495015025,False
2019-01-22,0.05441937346063315,0.06501933576663196,0.03669078102072498,False
2019-01-23,0.05244318520335157,0.06498792081169963,0.038499093713042006,False
2019-01-24,0.05397738012665215,0.06496403729009881,0.03705306984449871,False
2019-01-25,0.04963039598506396,0.06484227007872577,0.03924129461197189,False
2019-01-28,0.08449803739396505,0.06484227007872577,0.040673624439627666,True
2019-01-29,0.05132343343000607,0.06498618086700528,0.04077983975126444,False
2019-01-30,0.056387867243089855,0.06484227007872577,0.0403864651887736,False
2019-01-31,0.05886612463896204,0.06438144213445664,0.042241848409420975,False
2019-02-01,0.05010445710364367,0.06438144213445664,0.04060761302494422,False
2019-02-04,0.04782648636762249,0.06438144213445664,0.0426904571615976,False
2019-02-05,0.04618572503367205,0.0643305835707883,0.04202877952343335,False
2019-02-06,0.05456452488596919,0.06408256267831437,0.0424301201059558,False
2019-02-07,0.052215799268312824,0.06366626061153505,0.038069683186700044,False
2019-02-08,0.0666914605022699,0.06304947148032991,0.037472107464996615,True
2019-02-11,0.04553710252913014,0.06304947148032991,0.03904943876415687,False
2019-02-12,0.054714900502154676,0.0627446341192258,0.040238741961710726,False
2019-02-13,0.04985675693889845,0.06269007959929143,0.04277484146438609,False
2019-02-14,0.05517928658339013,0.06259693438688377,0.04070326413320165,False
2019-02-15,0.043023624195943765,0.06259693438688377,0.04618519992701675,False
2019-02-19,0.0513689294671037,0.06259693438688377,0.04326300888194572,False
2019-02-20,0.05137911547425354,0.06259693438688377,0.044278001234977535,False
2019-02-21,0.04859174862213865,0.06252079166604421,0.04361761823395237,False
2019-02-22,0.04235128781693952,0.06252079166604421,0.043084311973327724,False
2019-02-25,0.04989916891482902,0.06252079166604421,0.04278117620679936,False
2019-02-26,0.042585360398384925,0.06252079166604421,0.04262155917877427,False
2019-02-27,0.03951934054569932,0.06252079166604421,0.041246928352206946,False
2019-02-28,0.04043160279940046,0.06252079166604421,0.041051551338276246,False
2019-03-01,0.044091444984455136,0.06252079166604421,0.04014293294744393,False
2019-03-04,0.0520263398235324,0.06252079166604421,0.041121566225541493,False
2019-03-05,0.04134561003620096,0.06252079166604421,0.04336722190148344,False
2019-03-06,0.0449860830122783,0.06232936481362188,0.04512710408153421,False
2019-03-07,0.04924373110113051,0.06232936481362188,0.0439782535719073,False
2019-03-08,0.08026345877184445,0.06232936481362188,0.04136475481357589,True
2019-03-11,0.05200824217753672,0.06252079166604421,0.04287070228829487,False
2019-03-12,0.04071598950592095,0.06252079166604421,0.04484098621912248,False
2019-03-13,0.03547392100838554,0.06252079166604421,0.04591144756212122,False
2019-03-14,0.04453978784854444,0.06252079166604421,0.04609890064880997,False
2019-03-15,0.038764461944908846,0.06252079166604421,0.04645826547183675,False
2019-03-18,0.041394757499055045,0.06252079166604421,0.0458693788991918,False
2019-03-19,0.03757429580002593,0.06252079166604421,0.04697350932563555,False
2019-03-20,0.04605616481966637,0.06252079166604421,0.04755534312698518,False
2019-03-21,0.0464668469872096,0.06252079166604421,0.04504204484285686,False
2019-03-22,0.05284564173496571,0.06252079166604421,0.04222766978597741,False
2019-03-25,0.05454293892182778,0.06252079166604421,0.03976497124061858,False
2019-03-26,0.047084486389313764,0.06252079166604421,0.04219555171613671,False
2019-03-27,0.04983717963259615,0.06252079166604421,0.04330218068284171,False
2019-03-28,0.04086936975478797,0.06252079166604421,0.04232890317862119,False
2019-03-29,0.05152084048377001,0.06252079166604421,0.043169344671157094,False
2019-04-01,0.047153462739463345,0.06252079166604421,0.041631297734431257,False
2019-04-02,0.05275009643149012,0.06252079166604421,0.04483004920112586,False
2019-04-03,0.045483154585948135,0.06252079166604421,0.04510987631741237,False
2019-04-04,0.05112489789762678,0.06252079166604421,0.04508240453976281,False
2019-04-05,0.051070023100328134,0.06232936481362188,0.044354543477957996,False
2019-04-08,0.06975724900814334,0.06232936481362188,0.044189942923852144,True
2019-04-09,0.055443907804015674,0.06232936481362188,0.04166646290402038,False
2019-04-10,0.04970258224143065,0.06232936481362188,0.04390201052044317,False
2019-04-11,0.04471727352019395,0.062105100198043994,0.04623184665824666,False
2019-04-12,0.05082335665068369,0.062105100198043994,0.04795842745938787,False
2019-04-15,0.053523177298509805,0.062105100198043994,0.049871144760168774,False
2019-04-16,0.05091083951157172,0.062105100198043994,0.04985966515143769,False
2019-04-17,0.056537414581736,0.062105100198043994,0.050483357803233694,False
2019-04-18,0.05917156852175553,0.062105100198043994,0.04887376418325788,False
2019-04-22,0.06791032681871928,0.062105100198043994,0.046772415807127286,True
2019-04-23,0.06507081976201357,0.06232936481362188,0.04797963126560523,True
2019-04-24,0.05991939656185785,0.06252079166604421,0.046343184857361296,False
2019-04-25,0.06452177765468403,0.06252079166604421,0.04625108610965633,True
2019-04-26,0.06238812776810662,0.06259693438688377,0.044101723821215674,False
2019-04-29,0.05684990288906283,0.06259693438688377,0.04652462108264092,False
2019-04-30,0.04922348608938429,0.06259693438688377,0.04309678334531922,False
2019-05-01,0.04770860706836871,0.06259693438688377,0.046209405621302456,False
2019-05-02,0.05573590318463196,0.06259693438688377,0.0412154608116222,False
2019-05-03,0.04988223489951396,0.06259693438688377,0.04243187024132928,False
2019-05-06,0.06443071425199888,0.06259693438688377,0.03693510396213223,True
2019-05-07,0.08776205824148273,0.06269007959929143,0.034174945649875096,True
2019-05-08,0.055673052780930946,0.0627446341192258,0.03154015961594561,False
2019-05-09,0.0671915792461103,0.0627446341192258,0.028308805198254097,True
2019-05-10,0.06117474385105875,0.06304947148032991,0.02607312571722739,False
2019-05-13,0.07824350231175092,0.06304947148032991,0.021103887140945483,True
2019-05-14,0.11750217201568341,0.06366626061153505,0.02397653989043826,True
2019-05-15,0.11741726439519395,0.06408256267831437,0.021956960791390298,True
2019-05-16,0.10079728970117316,0.0643305835707883,0.023502478023268956,True
2019-05-17,0.10543716890690735,0.06438144213445664,0.019278478331989844,False
2019-05-20,0.10679292126365013,0.06442117947126774,0.01411006439129737,False
2019-05-21,0.0609710445464229,0.064503564974147,0.017335352795011062,False
2019-05-22,0.11791865909407565,0.064503564974147,0.01693062627146019,False
2019-05-23,0.1225492948869637,0.06487001753999394,0.012758744144284967,False
2019-05-24,0.09394396229511298,0.065012059927711,0.019852941787845003,False
2019-05-28,0.08206957883029806,0.06506181691597253,0.015274116637585374,False
2019-05-29,0.11343227383117094,0.06534311407216263,0.014871519980825577,False
2019-05-30,0.06656829447967283,0.0655163289277124,0.01191399475290518,False
2019-05-31,0.10932632682534146,0.06569014086290412,0.009948523885543988,False
2019-06-03,0.0957830512152575,0.06638916874884855,0.0065471330279260435,False
2019-06-04,0.07881275306242985,0.06656557664510909,0.010217608385436422,False
2019-06-05,0.08208023874452196,0.06666682729775049,0.013457208127008334,False
2019-06-06,0.05876971500856676,0.06677904306075266,0.010512774859504978,False
2019-06-07,0.055358099376371,0.06677904306075266,0.012208093518200862,False
2019-06-10,0.05282080720823313,0.06677904306075266,0.013934217579758632,False
2019-06-11,0.05874405550380846,0.06677904306075266,0.017125876921196066,False
2019-06-12,0.053977707107034825,0.06677904306075266,0.018642266997412706,False
2019-06-13,0.04741411753586346,0.06677904306075266,0.0164628296031291,False
2019-06-14,0.05792347305051842,0.06677904306075266,0.011771852574003823,False
2019-06-17,0.050985925778270005,0.06677904306075266,0.012862101088444922,False
2019-06-18,0.05032040725472173,0.06677904306075266,0.016657192984843045,False
2019-06-19,0.04386850946607922,0.06677904306075266,0.02029930566073687,False
2019-06-20,0.05562653050899577,0.06677904306075266,0.018656259955656014,False
2019-06-21,0.05471962260443114,0.06677904306075266,0.018301772861325144,False
2019-06-24,0.05694700253541189,0.06677904306075266,0.01749759243977771,False
2019-06-25,0.05159270518331758,0.06677904306075266,0.01849503879481018,False
2019-06-26,0.049389950048817494,0.06677904306075266,0.019309800426616404,False
2019-06-27,0.059081928684184916,0.06677904306075266,0.0176592061983416,False
2019-06-28,0.05381641315533747,0.06677904306075266,0.01935370209779049,False
2019-07-01,0.07152751336288496,0.06677904306075266,0.019104607626049236,False
2019-07-02,0.06589423596107886,0.06708937375103356,0.016113168636647905,False
2019-07-03,0.0630567071525998,0.06708937375103356,0.017910567434811713,False
2019-07-05,0.05898479440576333,0.06708937375103356,0.02098899583478959,False
2019-07-08,0.06027179376193621,0.06708937375103356,0.016699885656315496,False
2019-07-09,0.0662269854130006,0.06708937375103356,0.013245589089534614,False
2019-07-10,0.04618622997170965,0.06708937375103356,0.015109732774814108,False
2019-07-11,0.049155688747615556,0.06708937375103356,0.016512821050287386,False
2019-07-12,0.04732960546393954,0.06708937375103356,0.01763467278132884,False
2019-07-15,0.04783150538419374,0.06708937375103356,0.018674731288177777,False
2019-07-16,0.050395518065850894,0.06708937375103356,0.01958581151853139,False
2019-07-17,0.05208014794822006,0.06708937375103356,0.017159400027289082,False
2019-07-18,0.049172969397183075,0.06708937375103356,0.016917126302753126,False
2019-07-19,0.04427998098319187,0.06708937375103356,0.018765311603027347,False
2019-07-22,0.041215938971769256,0.06708937375103356,0.016501200609275388,False
2019-07-23,0.03977962528775373,0.06708937375103356,0.01715350778318377,False
2019-07-24,0.05130175309001005,0.06708937375103356,0.015330544717002258,False
2019-07-25,0.042819180252965425,0.06708937375103356,0.012830249144038687,False
2019-07-26,0.04340062879115954,0.06708937375103356,0.011390253789785008,False
2019-07-29,0.05007813584327307,0.06708937375103356,0.011960415724366121,False
2019-07-30,0.05239086890604028,0.06708937375103356,0.009358761930682899,False
2019-07-31,0.04350628095391559,0.06708937375103356,0.010283313020368978,False
2019-08-01,0.04268782377591007,0.06708937375103356,0.009664919966678405,False
2019-08-02,0.06849723942793937,0.06708937375103356,0.009227986590969248,False
2019-08-05,0.09497742735213308,0.06718555989962796,0.0039647484390617485,False
2019-08-06,0.07877011495852318,0.06775614388947324,0.007464534840789926,False
2019-08-07,0.08476535320494719,0.06790771846503822,0.006454520192440265,False
2019-08-08,0.06107305709333511,0.06801573909957646,0.011246062130181912,False
2019-08-09,0.05941377849155651,0.06801573909957646,0.01197173571740717,False
2019-08-12,0.0706988574297991,0.06801573909957646,0.007427332665969231,False
2019-08-13,0.05690202125276003,0.06823949364930776,0.004945705777672032,False
2019-08-14,0.09847728538160073,0.06823949364930776,-0.0008023999852719266,False
2019-08-15,0.06428369345839595,0.0684555603461889,0.0014573431000052398,False
2019-08-16,0.048134016736573706,0.0684555603461889,4.545638032192887e-05,False
2019-08-19,0.061493638721946756,0.0684555603461889,0.00019103125530882154,False
2019-08-20,0.05514770271139955,0.0684555603461889,-0.0024011942664288258,False
2019-08-21,0.04806102619287386,0.06823949364930776,0.00040077797015414826,False
2019-08-22,0.048726297011266274,0.06823949364930776,-0.0009752599018584057,False
2019-08-23,0.0659138194163357,0.06823949364930776,-0.003438848330565468,False
2019-08-26,0.05654696249982028,0.06823949364930776,6.943228849923575e-05,False
2019-08-27,0.04578857307942054,0.06823949364930776,-0.0002902535734328649,False
2019-08-28,0.05735461401841027,0.06823949364930776,-0.0009755614556577261,False
2019-08-29,0.04696305683422244,0.06823949364930776,0.00029584266946802186,False
2019-08-30,0.04512654077304694,0.06823949364930776,0.000739331083497568,False
2019-09-03,0.058593644667935346,0.06823949364930776,-0.00022700305437771626,False
2019-09-04,0.05003909024695467,0.06823949364930776,0.0031495714416911093,False
2019-09-05,0.04241460647121846,0.06823949364930776,0.006138330344683031,False
2019-09-06,0.058513082357941226,0.06823949364930776,0.00875437581984764,False
2019-09-09,0.04871998766083491,0.06823949364930776,0.009382133963786538,False
2019-09-10,0.062039923464519794,0.06823949364930776,0.00774394430597386,False
2019-09-11,0.06693769170454394,0.06823949364930776,0.0068188763914357,False
2019-09-12,0.0762801162780306,0.06823949364930776,0.007023893009013922,False
2019-09-13,0.062155524904931536,0.0684555603461889,0.005770442106569421,False
2019-09-16,0.05546707683253513,0.0684555603461889,0.004523801844855758,False
2019-09-17,0.04960457478550169,0.0684555603461889,0.00145719641807661,False
2019-09-18,0.05201898648908611,0.0684555603461889,0.00042052916243200583,False
2019-09-19,0.049871399051307726,0.0684555603461889,0.0014958098441515241,False
2019-09-20,0.049138697288171385,0.0684555603461889,0.004189901521676946,False
2019-09-23,0.050847649832793315,0.0684555603461889,0.0031851221314468303,False
2019-09-24,0.04601652885318269,0.0684555603461889,-0.0006369376305968235,False
2019-09-25,0.05449120803562692,0.0684555603461889,-0.001450435904400025,False
2019-09-26,0.05469584404515139,0.0684555603461889,-0.0039658387207123285,False
2019-09-27,0.05164087672550183,0.0684555603461889,-0.0033492008534823617,False
2019-09-30,0.04837108438666249,0.0684555603461889,-0.0008704985684637139,False
2019-10-01,0.04828020460345449,0.0684555603461889,0.0001568709435822576,False
2019-10-02,0.07870388945872883,0.0684555603461889,-0.004683566754287849,False
2019-10-03,0.07253457498320531,0.06867648315372205,-0.006520778023962658,False
2019-10-04,0.05605079191938227,0.06897900788647822,-0.00809773383903246,False
2019-10-07,0.04941683490717662,0.06897900788647822,-0.008980527618858886,False
2019-10-08,0.08129435204470756,0.06897900788647822,-0.009547845140687588,False
2019-10-09,0.05360241580184695,0.06939988650609825,-0.005531721089616314,False
2019-10-10,0.03828784887989582,0.06933545805577063,-0.008074265520671694,False
2019-10-11,0.05214077937086919,0.06933545805577063,-0.007923875316059273,False
2019-10-14,0.0464181565832547,0.06933545805577063,-0.009893535108464186,False
2019-10-15,0.03915003588374453,0.06929064712432496,-0.011574843286603239,False
2019-10-16,0.04396975407156632,0.0684555603461889,-0.013220503763329573,False
2019-10-17,0.043605959752745865,0.0684555603461889,-0.012490765418445408,False
2019-10-18,0.048814897651276244,0.0684555603461889,-0.012005771537264898,False
2019-10-21,0.04023192998879312,0.06823949364930776,-0.009316476450379365,False
2019-10-22,0.051730071197959575,0.06823949364930776,-0.008102180995225809,False
2019-10-23,0.04718670482984044,0.06823949364930776,-0.009408235572097773,False
2019-10-24,0.04547601709827078,0.06823949364930776,-0.0059312263298920325,False
2019-10-25,0.04555222879873978,0.06801573909957646,-0.007838090684047281,False
2019-10-28,0.03765162581223723,0.06801573909957646,-0.0054900249198342205,False
2019-10-29,0.04439534895730593,0.06801573909957646,-0.0068916301230611075,False
2019-10-30,0.043295491230496634,0.06790771846503822,-0.005587945058430541,False
2019-10-31,0.050125216610846055,0.06790771846503822,-0.007586746764679571,False
2019-11-01,0.04093342410331906,0.06775614388947324,-0.004143212780858498,False
2019-11-04,0.046066777450098774,0.06718555989962796,-0.00016676563556892085,False
2019-11-05,0.045672359399918996,0.06718555989962796,0.001888058351480197,False
2019-11-06,0.05171299418697374,0.06718555989962796,0.005268601488843465,False
2019-11-07,0.045650244928431616,0.06718555989962796,0.0074888790981991245,False
2019-11-08,0.05362108751927646,0.06718555989962796,0.01100719431858004,False
2019-11-11,0.05066659468120692,0.06718555989962796,0.00758614733108861,False
2019-11-12,0.041315241743741266,0.06718555989962796,0.012739526126067373,False
2019-11-13,0.04331040019312814,0.06718555989962796,0.01053060710079934,False
2019-11-14,0.04477070484939716,0.06718555989962796,0.013354443271168156,False
2019-11-15,0.03931333451096513,0.06718555989962796,0.01895251407131634,False
2019-11-18,0.04495790013064528,0.06718555989962796,0.015977164373331968,False
2019-11-19,0.04100791266960466,0.06718555989962796,0.019584066946966256,False
2019-11-20,0.04601858856898614,0.06718555989962796,0.024780017408512156,False
2019-11-21,0.04171923987949345,0.06718555989962796,0.022186430003275658,False
2019-11-22,0.04666247328234238,0.06711672435186769,0.023021518506454085,False
2019-11-25,0.04169527966574266,0.06688844546408913,0.02731234675659012,False
2019-11-26,0.047495127419829156,0.06666682729775049,0.02706181182834024,False
2019-11-27,0.04292596894067828,0.06650003266633839,0.03220539219626981,False
2019-11-29,0.05246118534715306,0.06616435221366762,0.03262183009431248,False
2019-12-02,0.04176592119197563,0.06616435221366762,0.031584004348154504,False
2019-12-03,0.06706673528236931,0.06590990272528434,0.02794702224099379,True
2019-12-04,0.048024254122858843,0.06616435221366762,0.03258944508430879,False
2019-12-05,0.04555654754496783,0.06616435221366762,0.03350718818912908,False
2019-12-06,0.053426390525297233,0.06616435221366762,0.036487553802530326,False
2019-12-09,0.056883212832236046,0.06590990272528434,0.0323379811256194,False
2019-12-10,0.04417287920436059,0.0658239116183062,0.033609993669413335,False
2019-12-11,0.04969476244892876,0.0658239116183062,0.032452565710136286,False
2019-12-12,0.04552951564569142,0.06544825535017514,0.03366115991527021,False
2019-12-13,0.04541763589481311,0.06544825535017514,0.03404034566367419,False
2019-12-16,0.043016520425610716,0.06544825535017514,0.03353700042122726,False
2019-12-17,0.04708018905468922,0.06496101134054766,0.0321036443628562,False
2019-12-18,0.045640055075492486,0.06496101134054766,0.032572390935477515,False
2019-12-19,0.04275073330976094,0.064503564974147,0.03288401413603839,False
2019-12-20,0.05128889767644778,0.064503564974147,0.03346594934320685,False
2019-12-23,0.04209518720467893,0.06440131009327829,0.033814465381059595,False
2019-12-24,0.044870267086825184,0.06440131009327829,0.03323011111457667,False
2019-12-26,0.051187215041249595,0.06403829619723674,0.032234111315486855,False
2019-12-27,0.05210982297491437,0.06292299127570117,0.031733022107371604,False
2019-12-30,0.05186359726267399,0.062341607195471604,0.03156695035869832,False
2019-12-31,0.06951567591013376,0.06213240461684919,0.03210377286589941,True
2020-01-02,0.06594375741423658,0.062341607195471604,0.034691163304741576,True
2020-01-03,0.0663256662819757,0.062341607195471604,0.03190230712281512,True
2020-01-06,0.06904523392181962,0.062341607195471604,0.031106261606414748,True
2020-01-07,0.06805299794144914,0.062341607195471604,0.03480628598081374,True
2020-01-08,0.051641776960948335,0.06292299127570117,0.032905150394974596,False
2020-01-09,0.04247246350990837,0.06292299127570117,0.03269400394580975,False
2020-01-10,0.051982745301187586,0.062341607195471604,0.03134278276629986,False
2020-01-13,0.04896269898904233,0.062341607195471604,0.03231470027687866,False
2020-01-14,0.05563932981886417,0.06213240461684919,0.032362660826058355,False
2020-01-15,0.05977131628135843,0.06213240461684919,0.031061614211880854,False
2020-01-16,0.05194216988992039,0.06213240461684919,0.034736953674406684,False
2020-01-17,0.04768376681989342,0.06213240461684919,0.03337626576096451,False
2020-01-21,0.05469236739232816,0.06213240461684919,0.03194364966372364,False
2020-01-22,0.06179241095301141,0.06213240461684919,0.03220614459423196,False
2020-01-23,0.05614452165498035,0.06213240461684919,0.031148837811140494,False
2020-01-24,0.06107846809287561,0.06213240461684919,0.03313420697925596,False
2020-01-27,0.0675791913897808,0.06213240461684919,0.02823370263024115,True
2020-01-28,0.07090858900670571,0.062341607195471604,0.031285051815457515,True
2020-01-29,0.04682424309463378,0.062341607195471604,0.034872896833733215,False
2020-01-30,0.06769614064395538,0.062341607195471604,0.03172605348944238,True
2020-01-31,0.06893724615766537,0.06292299127570117,0.027653480640626126,True
2020-02-03,0.07099275742275112,0.06403829619723674,0.0300636765485957,True
2020-02-04,0.05248380023620809,0.06440131009327829,0.036449200910434305,False
2020-02-05,0.05257072181209439,0.06440131009327829,0.03320833227822278,False
2020-02-06,0.051914909072522115,0.06440131009327829,0.03408661507472889,False
2020-02-07,0.06561407002087744,0.06440131009327829,0.030027507910251095,True
2020-02-10,0.06135189705341952,0.064503564974147,0.029283383580867635,False
2020-02-11,0.05273862050593866,0.06440131009327829,0.03425889211255359,False
2020-02-12,0.04810211269994491,0.06440131009327829,0.037710963057188844,False
2020-02-13,0.05708557007533465,0.06440131009327829,0.03972766825595689,False
2020-02-14,0.05474126224957515,0.06440131009327829,0.03874379573794743,False
2020-02-18,0.0519441016186942,0.06440131009327829,0.03727584677566914,False
2020-02-19,0.051848122507012546,0.06440131009327829,0.03837787479264212,False
2020-02-20,0.046387705937292134,0.06440131009327829,0.0393565850944648,False
2020-02-21,0.053853770445015915,0.06440131009327829,0.03488620757983933,False
2020-02-24,0.07984735441260804,0.06440131009327829,0.033029167477948256,True
2020-02-25,0.06521179030776172,0.064503564974147,0.037567499320585236,True
2020-02-26,0.07480425577352827,0.06496101134054766,0.03478935099731814,True
2020-02-27,0.1455702537641136,0.0651835961986121,0.03294046102740139,True
2020-02-28,0.1374533287289375,0.0655336140782543,0.029706707400501412,True
2020-03-02,0.11970829826121078,0.06583820277303858,0.028383421874380022,True
2020-03-03,0.069822541002617,0.06590990272528434,0.02792939875776203,True
2020-03-04,0.0929486830641999,0.0659377698146564,0.027283682061747257,True
2020-03-05,0.10404905675791665,0.0661703398132478,0.021235679448685707,True
2020-03-06,0.14946691281593777,0.06630593010818067,0.016660767427731107,False
2020-03-09,0.15763631843519338,0.0665197688401334,0.01355814560707167,False
2020-03-10,0.1941356860705981,0.0665197688401334,0.014311670263912593,False
2020-03-11,0.11326894962463706,0.06686381225956972,0.010830333846825408,False
2020-03-12,0.30259879027049497,0.06704092656680424,0.007813770677184143,False
2020-03-13,0.17450018242649243,0.0671666104533621,0.011993732791215135,False
2020-03-16,0.21472355691626116,0.0675016689610467,0.012395865944747212,False
2020-03-17,0.12722350466279517,0.06767275079312046,0.013670051245158462,False
2020-03-18,0.24104538835152678,0.0678674895837665,0.014007236980167176,False
2020-03-19,0.13536197506595674,0.06802446371690317,0.013723799490080468,False
2020-03-20,0.12834530386973178,0.06840839113064133,0.016024407696857968,False
2020-03-23,0.2454349098061607,0.06884924481172018,0.014944007321926777,False
2020-03-24,0.16687148301041266,0.06902363636898877,0.020701457729708238,True
2020-03-25,0.16562138203922133,0.06942158751247093,0.0225952511082712,True
2020-03-26,0.13649998896425175,0.06970893438854142,0.022397841968917993,True
2020-03-27,0.18840414160550956,0.06980948260372227,0.02443991890121332,True
2020-03-30,0.13755190818882979,0.0705235941443627,0.025888819199544555,True
2020-03-31,0.16103843140237575,0.0708666426913244,0.02338717309334147,True
2020-04-01,0.13951752128557524,0.07097592373954204,0.02193341381786294,True
2020-04-02,0.08850954735613413,0.07142056217485819,0.02505319274132051,True
2020-04-03,0.07951475197335758,0.07233316265914125,0.02852847196056548,True
2020-04-06,0.10631341622087859,0.0743503196154637,0.029932371926125894,True
2020-04-07,0.10936175862883774,0.07598494417713014,0.0341344277437529,True
2020-04-08,0.08648154353494213,0.07785082510500688,0.038368718160046625,True
2020-04-09,0.15637221157507203,0.07861181202933326,0.03377738721053382,True
2020-04-13,0.1781727303307754,0.07875686985856431,0.03604260680733068,True
2020-04-14,0.13792594230547614,0.07880422544164851,0.033471730046863865,True
2020-04-15,0.14305853508387517,0.07937435219117205,0.038699518336323846,True
2020-04-16,0.10479022825944768,0.07978083392475795,0.0386054036052213,True
2020-04-17,0.1477867124375015,0.08100495251828767,0.0412228393300089,True
2020-04-20,0.11316528631383893,0.08191453347317997,0.04131172012469932,True
2020-04-21,0.11561057344422812,0.08207810676167718,0.042544714294115056,True
2020-04-22,0.16667034260472147,0.08422833031286217,0.03966439769541713,True
2020-04-23,0.09278377769210112,0.08613830546894316,0.03704408498011696,True
2020-04-24,0.10763216098163728,0.08750595530017462,0.03841476408181109,True
2020-04-27,0.1040717854287963,0.08836004953320385,0.03628766300235498,True
2020-04-28,0.12308826978182663,0.09192893162490777,0.03440968193274336,True
2020-04-29,0.23428539168024956,0.09291570198978015,0.03061558343445826,True
2020-04-30,0.22196665140926586,0.09374490644893038,0.033399439339169425,True
2020-05-01,0.16576371500171577,0.09477073434072907,0.03777373037635175,True
2020-05-04,0.1249406507793143,0.09562192644263262,0.040051167565039784,True
2020-05-05,0.16525256375762915,0.09793843854833212,0.03644078665250666,True
2020-05-06,0.15817228162214372,0.1003332888372587,0.03419736304033585,True
2020-05-07,0.1017202210027763,0.10339870334656799,0.03165006991942829,False
2020-05-08,0.11927269793950951,0.1035832896068886,0.031758248525790664,True
2020-05-11,0.13691664710228502,0.10406723969462037,0.033677157466826806,True
2020-05-12,0.11553622996309976,0.10464653969331741,0.0330292543335313,True
2020-05-13,0.09124591759962329,0.10530778077741543,0.03398436627944933,False
2020-05-14,0.12010050779950913,0.10464653969331741,0.035511107884618434,True
2020-05-15,0.09398360639930886,0.10464653969331741,0.034331047810077134,False
2020-05-18,0.11732350196562588,0.10464653969331741,0.034704588927697955,True
2020-05-19,0.11097870622561933,0.10464653969331741,0.03216835888767413,True
2020-05-20,0.11541189576107252,0.10464653969331741,0.030631399247996214,True
2020-05-21,0.13395297191313787,0.10600877862859243,0.029611464033688573,True
2020-05-22,0.14217041455688076,0.10600877862859243,0.029152472490702616,True
2020-05-26,0.20635034699244487,0.10600877862859243,0.02258818499591186,True
2020-05-27,0.1822272364807553,0.10736841202948555,0.017542347205311122,False
2020-05-28,0.22846774702239203,0.10898749365660064,0.015590829129609043,False
2020-05-29,0.1384011401929086,0.10898749365660064,0.021023248117473598,True
2020-06-01,0.11362661954862413,0.10935467226813848,0.017822732975043852,False
2020-06-02,0.17760367970321053,0.11065531670626302,0.016025813086084563,False
2020-06-03,0.13029070413945737,0.11272797029619504,0.008790153635426094,False
2020-06-04,0.14463518998665198,0.11324821696247743,0.012260412938864634,False
2020-06-05,0.17034134340163723,0.11355508556382672,0.00451027122248936,False
2020-06-08,0.21810057062279295,0.11505484051858286,-0.0011931569404877824,False
2020-06-09,0.17134822293608123,0.11551136312269432,0.002122715808785282,False
2020-06-10,0.14710265025010047,0.11559570474800245,0.007193523773880798,False
2020-06-11,0.10781408318817826,0.11698091626134635,0.011646815827187079,False
2020-06-12,0.11349911470499596,0.11698091626134635,0.012757927929890438,False
2020-06-15,0.1387981723718501,0.11698091626134635,0.010825136793456116,False
2020-06-16,0.1445297174118618,0.11888285874473281,0.007604080722250169,False
2020-06-17,0.125232766268064,0.11962117819687053,0.005733019752093981,False
2020-06-18,0.11663261778922655,0.12002206589184947,0.006313366867916179,False
2020-06-19,0.13794556218021198,0.12002206589184947,0.0045037912817693085,False
2020-06-22,0.10439876253741234,0.12249071738536317,0.005743320342948128,False
2020-06-23,0.11835916628295824,0.12249071738536317,0.0037650279977423395,False
2020-06-24,0.11342096819030112,0.12249071738536317,0.005951055038553722,False
2020-06-25,0.0964718422113442,0.12249071738536317,0.008278290644749222,False
2020-06-26,0.0807705044657058,0.12249071738536317,0.006928032808325478,False
2020-06-29,0.07341208180845082,0.12249071738536317,0.004836329653808423,False
2020-06-30,0.08223752874662979,0.12249071738536317,0.004122533660962704,False
2020-07-01,0.05657640117940097,0.12249071738536317,0.005910802144934905,False
2020-07-02,0.06795848767386882,0.12249071738536317,0.003082337090596639,False
2020-07-06,0.07336082077558813,0.12249071738536317,0.0036557480246561273,False
2020-07-07,0.06301739095148162,0.12249071738536317,0.005714388690381445,False
2020-07-08,0.06447831512573038,0.12249071738536317,0.006097967514671246,False
2020-07-09,0.05712790753193632,0.12249071738536317,0.007780316712054443,False
2020-07-10,0.050218415141624895,0.12249071738536317,0.006735941141755384,False
2020-07-13,0.07376090546389331,0.12249071738536317,0.006726504533063082,False
2020-07-14,0.07614084805207978,0.12249071738536317,0.005162144893218333,False
2020-07-15,0.06350694920726876,0.12249071738536317,0.006232502141762138,False
2020-07-16,0.06697612074601916,0.12249071738536317,0.006895287483757484,False
2020-07-17,0.058044208189201224,0.12249071738536317,0.004121216986534015,False
2020-07-20,0.06884408082374079,0.12249071738536317,0.002829007891539813,False
2020-07-21,0.048372092175076,0.12249071738536317,0.0015753699753708068,False
2020-07-22,0.0513379548215297,0.12249071738536317,-0.0005219866761345582,False
2020-07-23,0.04980975439629361,0.12249071738536317,4.642468674634722e-05,False
2020-07-24,0.04808672152737111,0.12249071738536317,-0.002950436033042194,False
2020-07-27,0.055936795732594025,0.12249071738536317,0.002785421332231062,False
2020-07-28,0.04671478682127759,0.12249071738536317,9.09895917228165e-05,False
2020-07-29,0.045102175280550355,0.12249071738536317,-0.002589799853802314,False
2020-07-30,0.058876270742386924,0.12249071738536317,-0.0002682243375539164,False
2020-07-31,0.05620622897499927,0.12249071738536317,0.002689971401059887,False
2020-08-03,0.04770699095530369,0.12249071738536317,0.0009126588091207026,False
2020-08-04,0.05004969464192177,0.12249071738536317,-0.00027211696060308214,False
2020-08-05,0.0469114440336454,0.12249071738536317,0.00031876928018617824,False
2020-08-06,0.04904635323781989,0.12249071738536317,-3.355738639774347e-05,False
2020-08-07,0.04381905571475408,0.12249071738536317,0.00012336406135703368,False
2020-08-10,0.04834158900007332,0.12249071738536317,0.0020154178600698116,False
2020-08-11,0.04908663443088983,0.12249071738536317,-0.001787366858943715,False
2020-08-12,0.05338437836415616,0.12249071738536317,-0.003172327924480244,False
2020-08-13,0.0507213919658534,0.12249071738536317,-0.0013799036095609866,False
2020-08-14,0.04448287979339806,0.12249071738536317,-0.0014577161637442913,False
2020-08-17,0.04230224016458849,0.12249071738536317,-0.00044264396537981135,False
2020-08-18,0.046525217880163616,0.12249071738536317,-0.0007174192362675353,False
2020-08-19,0.04643596123783978,0.12249071738536317,-0.000518733967140967,False
2020-08-20,0.04663366548914938,0.12249071738536317,-0.0006583783487666695,False
2020-08-21,0.04634359435615171,0.12249071738536317,0.0006719341385980168,False
2020-08-24,0.03583652440338571,0.12249071738536317,-0.00041882085448724515,False
2020-08-25,0.04655350120276758,0.12249071738536317,-0.0014547953824838701,False
2020-08-26,0.04921723065375437,0.12249071738536317,0.0008054204353656031,False
2020-08-27,0.03786588352717956,0.12249071738536317,0.00537282063620892,False
2020-08-28,0.03615255468820487,0.12249071738536317,0.005301926183487506,False
2020-08-31,0.05449327966023424,0.12249071738536317,0.004492440759070264,False
2020-09-01,0.049745664838812764,0.12249071738536317,0.003995260592214267,False
2020-09-02,0.040094920783705267,0.12249071738536317,0.006758318243959148,False
2020-09-03,0.04141720524508498,0.12249071738536317,0.008898492352353415,False
2020-09-04,0.04809314015427725,0.12249071738536317,0.012682314362157696,False
2020-09-08,0.05097703742351467,0.12249071738536317,0.007186749421144799,False
2020-09-09,0.06169510940823885,0.12249071738536317,0.012702342487399956,False
2020-09-10,0.038124176115159024,0.12249071738536317,0.01547863123195891,False
2020-09-11,0.05314170379285767,0.12249071738536317,0.010802956601049069,False
2020-09-14,0.044163303941828026,0.12249071738536317,0.012040656423140441,False
2020-09-15,0.053163649684375605,0.12249071738536317,0.011996297616927817,False
2020-09-16,0.04266957100640886,0.12249071738536317,0.012318530695393884,False
2020-09-17,0.05443341906408558,0.12249071738536317,0.0127671554445894,False
2020-09-18,0.05169103144569381,0.12249071738536317,0.011182437108434773,False
2020-09-21,0.07287912806341834,0.12249071738536317,0.011071045730589741,False
2020-09-22,0.07477320554495173,0.12249071738536317,0.008347308048196037,False
2020-09-23,0.04179940242221704,0.12249071738536317,0.007181607158011478,False
2020-09-24,0.08356457857793172,0.12249071738536317,0.006949384925367965,False
2020-09-25,0.04554225164314352,0.12249071738536317,0.005385668672377049,False
2020-09-28,0.04932694019019337,0.12249071738536317,0.0054443865187783535,False
2020-09-29,0.05102776818701958,0.12249071738536317,0.006621722110841005,False
2020-09-30,0.04022623908944095,0.12249071738536317,0.007360699287920288,False
2020-10-01,0.04392374443086133,0.12249071738536317,0.007707098655975118,False
2020-10-02,0.05435737406047,0.12249071738536317,0.006312065317882019,False
2020-10-05,0.05490650578050539,0.12249071738536317,0.005449039916072656,False
2020-10-06,0.04338858869415049,0.12249071738536317,-1.1032806468365298e-05,False
2020-10-07,0.05727707066349482,0.12249071738536317,0.00020503747603666496,False
2020-10-08,0.053672055574939426,0.12249071738536317,0.002344108563813652,False
2020-10-09,0.05603558209731817,0.12249071738536317,0.001797316996518054,False
2020-10-12,0.056210478798205246,0.12249071738536317,0.00511895511854585,False
2020-10-13,0.052036699093802645,0.12249071738536317,0.0033901850545596263,False
2020-10-14,0.04489784784424186,0.12249071738536317,0.004158273389379352,False
2020-10-15,0.053722077042266544,0.12249071738536317,0.0011332852257198418,False
2020-10-16,0.04765089146791247,0.12249071738536317,0.0009727816075016446,False
2020-10-19,0.04095095560826687,0.12249071738536317,0.0015294843842119327,False
2020-10-20,0.04914552855623074,0.12249071738536317,0.0009620647940287765,False
2020-10-21,0.03571260309091143,0.12249071738536317,0.0031801170496716896,False
2020-10-22,0.04284883586333989,0.12249071738536317,0.0024737563033936662,False
2020-10-23,0.04124884542932504,0.12249071738536317,0.003407491871039357,False
2020-10-26,0.05137506142192916,0.12249071738536317,0.004784976956953383,False
2020-10-27,0.04942663939965283,0.12249071738536317,0.007514490050423295,False
2020-10-28,0.0684288374059521,0.12249071738536317,0.0018475368887538933,False
2020-10-29,0.0682306203137624,0.12249071738536317,-0.0029704866073340477,False
2020-10-30,0.04555194235089623,0.12249071738536317,-0.005609026284216967,False
2020-11-02,0.0695250340981606,0.12249071738536317,-0.0038808357910608674,False
2020-11-03,0.052124203695012805,0.12249071738536317,-0.0035492295530450825,False
2020-11-04,0.06147677845842076,0.12249071738536317,0.0006426945999106704,False
2020-11-05,0.060057521802965676,0.12249071738536317,0.0025441423867805803,False
2020-11-06,0.046409526188073216,0.12249071738536317,0.0009254300624513114,False
2020-11-09,0.06983687362690057,0.12249071738536317,0.0013268427114333926,False
2020-11-10,0.19943693119754727,0.12249071738536317,0.002145064622666931,False
2020-11-11,0.09994974213966308,0.12457017457981678,0.0022069239383915007,False
2020-11-12,0.10012939164506729,0.12457017457981678,0.008272495028839484,False
2020-11-13,0.0639469715081197,0.12457017457981678,0.006127634866021952,False
2020-11-16,0.08221249284624291,0.12457017457981678,0.0054464586086890076,False
2020-11-17,0.08097112631695855,0.12457017457981678,0.006254393837452743,False
2020-11-18,0.06353089410196802,0.12457017457981678,0.006275096661769612,False
2020-11-19,0.05976420770773064,0.12457017457981678,0.0075085688275486045,False
2020-11-20,0.05600613062069097,0.12457017457981678,0.013785275528532641,False
2020-11-23,0.06001814152457651,0.12457017457981678,0.01760150354944903,False
2020-11-24,0.05759480163993573,0.12457017457981678,0.018152550582843978,False
2020-11-25,0.05959978398277381,0.12457017457981678,0.013518172821639442,False
2020-11-27,0.0626907407269136,0.12457017457981678,0.016371149067970308,False
2020-11-30,0.06812104514252636,0.12457017457981678,0.02061695557139822,False
2020-12-01,0.06639043782536941,0.12457017457981678,0.02256695551411983,False
2020-12-02,0.06932169931091994,0.12457017457981678,0.0228272106377854,False
2020-12-03,0.06291915644457838,0.12457017457981678,0.025510437097367902,False
2020-12-04,0.05799110433710565,0.12457017457981678,0.029485279803593806,False
2020-12-07,0.0666029420019408,0.12457017457981678,0.025242972994132244,False
2020-12-08,0.055565619548145276,0.12457017457981678,0.024038002616570207,False
2020-12-09,0.04556343835513337,0.12457017457981678,0.01938497656603744,False
2020-12-10,0.04651038590609108,0.12457017457981678,0.01865799121785603,False
2020-12-11,0.04380110442494235,0.12457017457981678,0.02014925926173704,False
2020-12-14,0.04754680279692575,0.12457017457981678,0.023559600696178986,False
2020-12-15,0.05224239202394261,0.12457017457981678,0.024639977295150484,False
2020-12-16,0.04129831935644788,0.12457017457981678,0.022464155890269365,False
2020-12-17,0.04538079274229885,0.12457017457981678,0.024405962720898552,False
2020-12-18,0.05490584197430888,0.12457017457981678,0.023566793576584016,False
2020-12-21,0.06410521404116075,0.12457017457981678,0.025756228149547082,False
2020-12-22,0.04892099445375615,0.12457017457981678,0.02435532593642718,False
2020-12-23,0.04164827432848282,0.12457017457981678,0.02245068695938733,False
2020-12-24,0.042052680300095194,0.12457017457981678,0.024295622154249564,False
2020-12-28,0.038325670351065794,0.12457017457981678,0.026912273821338775,False
2020-12-29,0.0442596512232775,0.12457017457981678,0.027511999235656247,False
2020-12-30,0.04026672067954719,0.12457017457981678,0.02745590161729768,False
2020-12-31,0.04070333698011292,0.12457017457981678,0.02768248483414516,False
2021-01-04,0.04489243342907512,0.12457017457981678,0.031751243385507756,False
2021-01-05,0.058279376723211276,0.12457017457981678,0.03217822731002391,False
2021-01-06,0.04659331210357961,0.12457017457981678,0.029553696967118657,False
2021-01-07,0.0540814819498873,0.12457017457981678,0.02861759440148211,False
2021-01-08,0.04987227065184775,0.12457017457981678,0.029625161186083764,False
2021-01-11,0.0679781956431509,0.12457017457981678,0.03027163918321749,False
2021-01-12,0.058394337446326015,0.12457017457981678,0.03260351129424071,False
2021-01-13,0.055227741068009525,0.12457017457981678,0.03079267405104005,False
2021-01-14,0.05199384661810298,0.12457017457981678,0.03272402095297656,False
2021-01-15,0.05301807978314578,0.12457017457981678,0.03227526297508936,False
2021-01-19,0.06520993673741296,0.12457017457981678,0.034365895963711035,False
2021-01-20,0.05012950881516871,0.12457017457981678,0.03823644507628968,False
2021-01-21,0.05728585515359595,0.12457017457981678,0.04092887529920573,False
2021-01-22,0.06987935110863629,0.12457017457981678,0.04203577147584886,False
2021-01-25,0.060566221724049005,0.12457017457981678,0.044464796055990734,False
2021-01-26,0.052476274451269754,0.12457017457981678,0.04448869767541028,False
2021-01-27,0.07401511942558175,0.12457017457981678,0.04254676047092548,False
2021-01-28,0.07739337549216187,0.12457017457981678,0.04515810219363585,False
2021-01-29,0.05298500577301706,0.12457017457981678,0.04551716796823512,False
2021-02-01,0.06108441163150066,0.12457017457981678,0.04589315352204331,False
2021-02-02,0.05658108294867851,0.12457017457981678,0.04624169588980056,False
2021-02-03,0.06254253509957076,0.12457017457981678,0.04651587893381109,False
2021-02-04,0.06116118805572754,0.12457017457981678,0.04557558798220648,False
2021-02-05,0.055911266831948594,0.12457017457981678,0.04623168031763072,False
2021-02-08,0.05055065215408716,0.12457017457981678,0.04738842071028702,False
2021-02-09,0.0571790218011977,0.12457017457981678,0.0468685816173588,False
2021-02-10,0.0570473276626534,0.12457017457981678,0.04946599765729771,False
2021-02-11,0.05840666284930965,0.12457017457981678,0.04932811446296816,False
2021-02-12,0.052265227113637625,0.12457017457981678,0.04848635189130882,False
2021-02-16,0.051076849377777025,0.12457017457981678,0.04950841400418135,False
2021-02-17,0.05966556111084599,0.12457017457981678,0.048764501617063555,False
2021-02-18,0.06329004907053137,0.12457017457981678,0.04690907285607901,False
2021-02-19,0.04976389948714763,0.12457017457981678,0.049352760141771645,False
2021-02-22,0.04309002077345499,0.12457017457981678,0.049850265717093216,False
2021-02-23,0.06292331771341289,0.12457017457981678,0.04833920263454816,False
2021-02-24,0.042108408960920864,0.12457017457981678,0.04665193925185389,False
2021-02-25,0.04491686594493652,0.12457017457981678,0.046808967545470294,False
2021-02-26,0.04746842340553245,0.12457017457981678,0.046814860718073635,False
2021-03-01,0.04439121328697498,0.12249071738536317,0.04792986055845123,False
2021-03-02,0.050737170494360384,0.12002206589184947,0.04704600722846138,False
2021-03-03,0.03830235496276088,0.11993494582750922,0.04721812325980543,False
2021-03-04,0.05183883759137954,0.11993494582750922,0.048082301673558425,False
2021-03-05,0.047257760740926774,0.11993494582750922,0.047222733403593425,False
2021-03-08,0.05848827716699674,0.11993494582750922,0.047360963463924106,False
2021-03-09,0.05229140865420322,0.11908999160819926,0.04651227097544933,False
2021-03-10,0.057696709842919525,0.11815203341949178,0.04906358733714749,False
2021-03-11,0.04959256392898839,0.11718532513034602,0.046656830864468604,False
2021-03-12,0.0560614869028318,0.11718532513034602,0.04650405032692036,False
2021-03-15,0.04933581502171221,0.11642820892022687,0.047069445019704864,False
2021-03-16,0.05185918084674759,0.11559570474800245,0.046243073347064276,False
2021-03-17,0.06521872160303906,0.11551136312269432,0.04459793040593775,False
2021-03-18,0.054040264262909865,0.11505484051858286,0.042857402330151576,False
2021-03-19,0.056970914777075714,0.1136011185798985,0.044087141138537136,False
2021-03-22,0.047844832289233585,0.113483485402057,0.04358418473194964,False
2021-03-23,0.06751244352770688,0.11336983181500869,0.043026185974748936,False
2021-03-24,0.05220279166194466,0.11272797029619504,0.045259889496557466,False
2021-03-25,0.08205818032114348,0.11065531670626302,0.04307431819272393,False
2021-03-26,0.04330013831866386,0.10905222354070586,0.04688972789936871,False
2021-03-29,0.05219218105827016,0.10777769874687006,0.0488879807089392,False
2021-03-30,0.05766175858344738,0.10736841202948555,0.04738558910070465,False
2021-03-31,0.04665231318399669,0.10600877862859243,0.04910144365893837,False
2021-04-01,0.05541645654550079,0.10471193511504062,0.04880049114812342,False
2021-04-05,0.04426915770481937,0.10433336711568914,0.050508252454737924,False
2021-04-06,0.05092582809187199,0.10433336711568914,0.051277776789020416,False
2021-04-07,0.051413843824192715,0.10433336711568914,0.050444848881110414,False
2021-04-08,0.05050264851439919,0.10360147254359234,0.05273460757772797,False
2021-04-09,0.04860970427155192,0.10140205513123451,0.05030820621562682,False
2021-04-12,0.045275612942670934,0.10140205513123451,0.049562979787950566,False
2021-04-13,0.04581866104038404,0.10009346174398645,0.04911171742622282,False
2021-04-14,0.04162303311961512,0.09925416215399935,0.04815945953498336,False
2021-04-15,0.03888844493069034,0.09597419504893716,0.047812531834622855,False
2021-04-16,0.046717011428244734,0.09374364065786733,0.0469481390219448,False
2021-04-19,0.05004005052097931,0.09247620567360558,0.046508785839513976,False
2021-04-20,0.05447690968957834,0.08970964979528506,0.0443312622840044,False
2021-04-21,0.059852975421594026,0.08329916861167135,0.040919838225792225,False
2021-04-22,0.04534922017303479,0.08223252156655242,0.04349223897406988,False
2021-04-23,0.05161609460606628,0.08218163034122303,0.046088412643070426,False
2021-04-26,0.04502518581622795,0.0818407695203065,0.04885329587456369,False
2021-04-27,0.042450000100999086,0.080931001946708,0.050125758332629874,False
2021-04-28,0.04602429604258812,0.08009507867099705,0.04981586523942633,False
2021-04-29,0.03837847637706839,0.07714287000414546,0.05061218382859056,False
2021-04-30,0.06261455258236334,0.07586731955065419,0.0515804563462672,False
2021-05-03,0.041517999525699845,0.07462158832107775,0.053434169361408684,False
2021-05-04,0.056515630195595475,0.07396427663324406,0.052745744304843856,False
2021-05-05,0.04132026236831893,0.07369114073280482,0.05565019599904843,False
2021-05-06,0.0541439188753738,0.07340182960187829,0.05495675375521899,False
2021-05-07,0.048363581957542076,0.07326448223315418,0.05558611663785688,False
2021-05-10,0.05262544784443139,0.07227917267246196,0.051908443050554476,False
2021-05-11,0.1063171007845343,0.06987085561228915,0.04690922672781033,True
2021-05-12,0.08397978909374532,0.06987085561228915,0.0443202947247452,True
2021-05-13,0.05286626272931108,0.06987085561228915,0.04664523371524096,False
2021-05-14,0.06226404207246582,0.06977450572115258,0.04497368461024521,False
2021-05-17,0.06732037588927803,0.06948436714071247,0.03848204420590155,False
2021-05-18,0.045440158695009794,0.06922617561348411,0.04384564269427256,False
2021-05-19,0.07179392249260305,0.06876103214018306,0.044353033113353625,True
2021-05-20,0.05109217417491407,0.06876103214018306,0.04697875018288965,False
2021-05-21,0.04346999413593375,0.06838919398751415,0.04913777649526916,False
2021-05-24,0.056404119400960795,0.06820870527951518,0.05024292949362609,False
2021-05-25,0.03689013090988739,0.06809247524265127,0.050947919586897525,False
2021-05-26,0.048384644813489856,0.06797425404929448,0.05133215358458534,False
2021-05-27,0.03545387235217071,0.06786927884463644,0.0546790060079366,False
2021-05-28,0.04063903835125124,0.06747403000002111,0.0536742561083984,False
2021-06-01,0.03923481830665311,0.06725152486062626,0.05451440521479264,False
2021-06-02,0.04210547788578047,0.0669014849972035,0.05316783149779896,False
2021-06-03,0.04675929301306442,0.06656044116662653,0.05468313814794882,False
2021-06-04,0.04908469567607973,0.06615609458090335,0.053935878785801486,False
2021-06-07,0.04413666434637856,0.06521696462991383,0.05496571700178777,False
2021-06-08,0.045024235774899155,0.06506361241507645,0.05699910801960899,False
2021-06-09,0.04452187194834796,0.06440369490881646,0.05460311542722722,False
2021-06-10,0.04287617864489353,0.06407356553455254,0.05164500743367235,False
2021-06-11,0.04614777673729362,0.06386375602688937,0.05264332660046768,False
2021-06-14,0.04650664579606201,0.06352610512302817,0.05254053133644559,False
2021-06-15,0.05097248544028128,0.06346356917992128,0.05199385061591088,False
2021-06-16,0.05635970869311918,0.06323551744672143,0.04886996346758548,False
2021-06-17,0.04120424734440626,0.06299857630386788,0.047143953679075326,False
2021-06-18,0.08597455632940706,0.06292248545964599,0.047381360965704465,True
2021-06-21,0.04981487898379762,0.06292248545964599,0.04998642866211673,False
2021-06-22,0.0542696733961908,0.06287347330104542,0.04852708399167646,False
2021-06-23,0.04533124017053759,0.06267550309800354,0.05014735178288416,False
2021-06-24,0.04486711337032185,0.06260014908580483,0.050601695228671986,False
2021-06-25,0.043443632652875784,0.06248683649414978,0.05112407800451265,False
2021-06-28,0.04649779548557109,0.06215025553962043,0.0505327774178386,False
2021-06-29,0.03890264088746209,0.06165144321827524,0.05209228629950042,False
2021-06-30,0.045105468857249705,0.06141366037788212,0.05163376358667363,False
2021-07-01,0.03494808165776637,0.06114583277088217,0.05403573695801904,False
2021-07-02,0.03954715950471495,0.06114583277088217,0.0539329952043376,False
2021-07-06,0.04233832144784519,0.06098077365001034,0.052204292657225954,False
2021-07-07,0.050609769938602986,0.06046448173983234,0.05352612542350419,False
2021-07-08,0.09640953677420866,0.06004964574728784,0.05014623953477931,True
2021-07-09,0.049479455415689766,0.06004964574728784,0.051747568067627585,False
2021-07-12,0.06875882225384791,0.06004964574728784,0.04934625915415894,True
2021-07-13,0.07228515811351131,0.06046448173983234,0.04655857494144243,True
2021-07-14,0.03917700520417369,0.06046448173983234,0.04822913079370926,False
2021-07-15,0.07814748382329126,0.06004964574728784,0.046893396010183,True
2021-07-16,0.04326442189813159,0.06004964574728784,0.04947272605146486,False
2021-07-19,0.10912156478558607,0.05998510830398002,0.04611143383024402,True
2021-07-20,0.059529093631855906,0.06004964574728784,0.04480215923993938,False
2021-07-21,0.043032960860406796,0.05998510830398002,0.04561493453578298,False
2021-07-22,0.05688343246425352,0.05998510830398002,0.04333101449073967,False
2021-07-23,0.03905045172061805,0.05998510830398002,0.04460882443909633,False
2021-07-26,0.04621092889949632,0.05998510830398002,0.04540690961765486,False
2021-07-27,0.06538583601612659,0.05998510830398002,0.041539841031012874,True
2021-07-28,0.04776636282739801,0.06004964574728784,0.046310427500294724,False
2021-07-29,0.035327804126441265,0.06004964574728784,0.04628724102758994,False
2021-07-30,0.054303795957151166,0.06004964574728784,0.04326490352567727,False
2021-08-02,0.037124590169375755,0.06004964574728784,0.04437695112710401,False
2021-08-03,0.037754058637448906,0.06004964574728784,0.04427001189576052,False
2021-08-04,0.05500794362442057,0.06004964574728784,0.04328970041305819,False
2021-08-05,0.040187035222642456,0.06004964574728784,0.044376334667323256,False
2021-08-06,0.03627201021255706,0.06004964574728784,0.04651351575571924,False
2021-08-09,0.05844665793846355,0.06004964574728784,0.04463872721123137,False
2021-08-10,0.034368221009926286,0.06004964574728784,0.045132036877172856,False
2021-08-11,0.04193274207152775,0.06004964574728784,0.04434223970430236,False
2021-08-12,0.04504350401006227,0.06004964574728784,0.04304257764012469,False
2021-08-13,0.03895566717636256,0.06004964574728784,0.042256454634084215,False
2021-08-16,0.052178656802203426,0.06004964574728784,0.03902947228988429,False
2021-08-17,0.053950898796772055,0.06004964574728784,0.03612291888271456,False
2021-08-18,0.045638366543221925,0.06004964574728784,0.036882272188126286,False
2021-08-19,0.06519395381759031,0.06004964574728784,0.031030671317087855,True
2021-08-20,0.05263512452465373,0.06046448173983234,0.031714428274364465,False
2021-08-23,0.03677230081857333,0.06046448173983234,0.0373894863978124,False
2021-08-24,0.05000623999199401,0.06046448173983234,0.03758535086943005,False
2021-08-25,0.04441351779278017,0.06046448173983234,0.03888581988623277,False
2021-08-26,0.048815409156649225,0.06046448173983234,0.03791226006823865,False
2021-08-27,0.04262919889928189,0.06046448173983234,0.03607428805898623,False
2021-08-30,0.04182104659046676,0.06046448173983234,0.03708843460290389,False
2021-08-31,0.047008312103087466,0.06046448173983234,0.03651104329636505,False
2021-09-01,0.03858968106650576,0.06046448173983234,0.036924537107535044,False
2021-09-02,0.0360860650120766,0.06046448173983234,0.03871621216409727,False
2021-09-03,0.04073136716552758,0.06046448173983234,0.03998311690445067,False
2021-09-07,0.040786255306110075,0.06046448173983234,0.04058552640596455,False
2021-09-08,0.04538642981616906,0.06046448173983234,0.039740871953451974,False
2021-09-09,0.05095065367915564,0.06046448173983234,0.04054962319534734,False
2021-09-10,0.036955311687578596,0.06004964574728784,0.042899219434365116,False
2021-09-13,0.04318404675012033,0.06004964574728784,0.04407160116515489,False
2021-09-14,0.03929488331444808,0.06004964574728784,0.044119764277175524,False
2021-09-15,0.0390388984743347,0.06004964574728784,0.04645390492624294,False
2021-09-16,0.03830069178686607,0.06004964574728784,0.048104201977375007,False
2021-09-17,0.04385388957437708,0.06004964574728784,0.04703005024152039,False
2021-09-20,0.09078745623299847,0.06004964574728784,0.043102991869916736,True
2021-09-21,0.04375362147547084,0.06046448173983234,0.047651798343003635,False
2021-09-22,0.04108525406841022,0.06004964574728784,0.04555766240544821,False
2021-09-23,0.05725949466210134,0.05998510830398002,0.04924783404633247,False
2021-09-24,0.04795742305613657,0.05998510830398002,0.0442510636763153,False
2021-09-27,0.04011848450978544,0.05983522187882135,0.04495413733965704,False
2021-09-28,0.04739576928928741,0.05983522187882135,0.04274421854622381,False
2021-09-29,0.041698526273588894,0.05983522187882135,0.042759214382469504,False
2021-09-30,0.037942244939384556,0.05983522187882135,0.043294518286162466,False
2021-10-01,0.03901653398478049,0.05983522187882135,0.04114508667976876,False
2021-10-04,0.03895138694957085,0.05983522187882135,0.040655296559257224,False
2021-10-05,0.03779617659783139,0.05983522187882135,0.04188417193448124,False
2021-10-06,0.051506540052173366,0.05983522187882135,0.039521862827297055,False
2021-10-07,0.037278317815667504,0.05983522187882135,0.043530933800291965,False
2021-10-08,0.03904748066325314,0.05983522187882135,0.043583915839628104,False
2021-10-11,0.04059244966385443,0.05983522187882135,0.04485149177046378,False
2021-10-12,0.03849009663168143,0.05983522187882135,0.04441925545003484,False
2021-10-13,0.03495892881693396,0.05983522187882135,0.04235662864539124,False
2021-10-14,0.034152222728029605,0.05983522187882135,0.042003130095212636,False
2021-10-15,0.034334173736138326,0.05983522187882135,0.04465020714334536,False
2021-10-18,0.04225548335048528,0.05983522187882135,0.047207473280020056,False
2021-10-19,0.033875770087926,0.05983522187882135,0.050342028353132916,False
2021-10-20,0.034103618814582515,0.05983522187882135,0.048029668716739936,False
2021-10-21,0.04389974992566747,0.05983522187882135,0.045026873201302546,False
2021-10-22,0.03493830086513701,0.05983522187882135,0.041680289116005305,False
2021-10-25,0.03499917258097388,0.05983522187882135,0.041461715725628075,False
2021-10-26,0.036611322374811045,0.05983522187882135,0.04229623694660434,False
2021-10-27,0.03802138559725084,0.05983522187882135,0.038908909411177445,False
2021-10-28,0.03419819571041692,0.05983522187882135,0.041934919758737366,False
2021-10-29,0.0356433697633601,0.05974447838835371,0.04021230967248773,False
2021-11-01,0.0319343326865046,0.05965240568523156,0.04268547380595687,False
2021-11-02,0.04325162741839737,0.05965240568523156,0.03882586895728556,False
2021-11-03,0.037828641490940125,0.05958564591259023,0.03919244488402687,False
2021-11-04,0.035840864829056004,0.05958564591259023,0.03770038347807332,False
2021-11-05,0.039612840018263304,0.05932093033888408,0.03964922722178116,False
2021-11-08,0.044858685771070696,0.0584799533212901,0.04492074002994429,False
2021-11-09,0.042541540389946196,0.0584799533212901,0.04841454631160637,False
2021-11-10,0.03942190307065006,0.05843865892063277,0.04373534235312471,False
2021-11-11,0.03569930469786355,0.058404197768712925,0.043996997742552627,False
2021-11-12,0.039345091032052075,0.05837134530170307,0.04608384045361915,False
2021-11-15,0.03682985019881645,0.058221722245990155,0.043136451613652566,False
2021-11-16,0.037423590606043326,0.057932225438268425,0.0443455057954354,False
2021-11-17,0.03652905003801621,0.0576897195910251,0.04280002768366755,False
2021-11-18,0.03375270812055402,0.05764836719474505,0.04009480462577034,False
2021-11-19,0.042161941641246536,0.05753301234266778,0.03787361061034479,False
2021-11-22,0.03804999296828822,0.05728058305529703,0.037736938072819595,False
2021-11-23,0.04439460416255868,0.05728058305529703,0.03750974656385992,False
2021-11-24,0.05572424283008213,0.05724340008992061,0.031878348278681995,False
2021-11-26,0.09456402556918064,0.05715268297348884,0.029033764715801727,True
2021-11-29,0.06239801631787477,0.05715268297348884,0.030455990067834303,True
2021-11-30,0.07424321618288285,0.05715268297348884,0.027474526540459114,True
2021-12-01,0.06778235618319622,0.05715268297348884,0.03371721724061113,True
2021-12-02,0.05742397322660905,0.05715268297348884,0.0347442467087605,True
2021-12-03,0.06322101422653509,0.05715268297348884,0.034830632769068455,True
2021-12-06,0.05814028174240435,0.05715268297348884,0.03438620235783656,True
2021-12-07,0.058047753070658334,0.05715268297348884,0.03414677350238856,True
2021-12-08,0.048101746018819086,0.05715268297348884,0.03347844949414638,False
2021-12-09,0.05418361029608149,0.05715268297348884,0.03402356224633202,False
2021-12-10,0.04576304179519338,0.05715268297348884,0.03485644395956527,False
2021-12-13,0.05454339555724903,0.05715268297348884,0.03553175466854043,False
2021-12-14,0.06694448787156845,0.05715268297348884,0.03632814720287568,True
2021-12-15,0.044178297622865445,0.05724340008992061,0.03571067926295425,False
2021-12-16,0.0410802379807253,0.05724340008992061,0.03687969963656877,False
2021-12-17,0.06184782742556276,0.05724340008992061,0.03289876376482528,True
2021-12-20,0.07458630043607559,0.05728058305529703,0.029216162300905242,True
2021-12-21,0.05537428861220285,0.05739634961200643,0.031034486100957246,False
2021-12-22,0.04544933205131152,0.05728058305529703,0.029200733970712794,False
2021-12-23,0.04821382763823963,0.05728058305529703,0.029197275747155808,False
2021-12-27,0.04270038379252797,0.05728058305529703,0.028811226664537545,False
2021-12-28,0.04387314842217139,0.05728058305529703,0.025222021316513084,False
2021-12-29,0.041351403861281666,0.05728058305529703,0.025261497518816844,False
2021-12-30,0.035876211316235404,0.05728058305529703,0.022114135706541457,False
2021-12-31,0.03655648900320631,0.05728058305529703,0.021374362256194605,False
2022-01-03,0.03291455595055011,0.05728058305529703,0.023225793783498854,False
2022-01-04,0.038505335806331364,0.05728058305529703,0.022668860099960064,False
2022-01-05,0.042151619012071186,0.05724340008992061,0.027924605454643148,False
2022-01-06,0.04169907621984825,0.05724340008992061,0.02445731285829932,False
2022-01-07,0.038824524077058525,0.05724340008992061,0.025459198195025626,False
2022-01-10,0.06233374327907604,0.05724340008992061,0.027220471471086447,True
2022-01-11,0.048443756605663246,0.05724340008992061,0.022827266155166937,False
2022-01-12,0.03781607618821326,0.05715268297348884,0.026072705787483823,False
2022-01-13,0.03933964207048381,0.05715268297348884,0.023621513954525913,False
2022-01-14,0.054613729752675276,0.05715268297348884,0.025184954326591638,False
2022-01-18,0.057092407267671466,0.05715268297348884,0.023388892782518253,False
2022-01-19,0.04540077277443907,0.05708339134666785,0.022114919195903707,False
2022-01-20,0.05316662656946242,0.05708339134666785,0.0233356865302597,False
2022-01-21,0.08190350746606055,0.057032045085537865,0.01928160768710598,False
2022-01-24,0.09382593939095857,0.057032045085537865,0.013874472476820797,False
2022-01-25,0.12244193626572444,0.057032045085537865,0.012879698822509375,False
2022-01-26,0.06614993684504203,0.05708339134666785,0.014382429597224172,False
2022-01-27,0.10170455636044456,0.05708339134666785,0.01540062206070083,False
2022-01-28,0.068277579958512,0.05708339134666785,0.017661382527036494,False
2022-01-31,0.0771626783243128,0.057161698894492456,0.015325725030260137,False
2022-02-01,0.06174801722530231,0.057161698894492456,0.013172646841190872,False
2022-02-02,0.06188099400270462,0.05724340008992061,0.011425661537985878,False
2022-02-03,0.07482449371441642,0.05724340008992061,0.011660441162739638,False
2022-02-04,0.05786870258610388,0.05724340008992061,0.009581458931380618,False
2022-02-07,0.04998537854831872,0.057391077513707506,0.011313593881685052,False
2022-02-08,0.04985850679693643,0.057391077513707506,0.00980087943114844,False
2022-02-09,0.044624663481063254,0.057391077513707506,0.012239516150556629,False
2022-02-10,0.059657880723714765,0.057391077513707506,0.012168016596980412,False
2022-02-11,0.04735844611924286,0.057391077513707506,0.01352472639718638,False
2022-02-14,0.044180203823407836,0.057391077513707506,0.015575571016873164,False
2022-02-15,0.04826589065021576,0.057391077513707506,0.021713185880466907,False
2022-02-16,0.05368110428363339,0.05722607718321537,0.019884534815761457,False
2022-02-17,0.04922329575447959,0.05706810876955232,0.0215909723371359,False
2022-02-18,0.05022309440378596,0.05706810876955232,0.021871301095153655,False
2022-02-22,0.052829253860655165,0.05706810876955232,0.017120917105598973,False
2022-02-23,0.04560470356728506,0.05695341831451128,0.02000190223073781,False
2022-02-24,0.1277453696268202,0.05695341831451128,0.016260329467843247,False
2022-02-25,0.07370372550668347,0.05706810876955232,0.015693850191468305,False
2022-02-28,0.0700589566531122,0.05722607718321537,0.015963590609095798,False
2022-03-01,0.0824693176393613,0.057391077513707506,0.013656993365651937,False
2022-03-02,0.06019000797686845,0.057614201512079716,0.016779833423585418,False
2022-03-03,0.06899506577399953,0.0576897195910251,0.01636801464528114,False
2022-03-04,0.09060678871718103,0.05783430403746701,0.013300993639520683,False
2022-03-07,0.06913484109304793,0.05801194297374745,0.01229598613936733,False
2022-03-08,0.07327539728547375,0.05801194297374745,0.014205560783002403,False
2022-03-09,0.08838845960677127,0.05812177600805515,0.017596390901809277,False
2022-03-10,0.11181389478100974,0.05838538269925171,0.013664214924270864,False
2022-03-11,0.05275564108577489,0.05931260649317745,0.014354676918159438,False
2022-03-14,0.06136438021095577,0.05931260649317745,0.01213768362309989,False
2022-03-15,0.06884025938296179,0.059632123305342996,0.01162408654374341,False
2022-03-16,0.053024885394049516,0.05981395648201818,0.010473383336702257,False
2022-03-17,0.0708800923913402,0.059632123305342996,0.012580586794558105,False
2022-03-18,0.051081030078846325,0.05981395648201818,0.01223817046777971,False
2022-03-21,0.04771194665966268,0.05981395648201818,0.01620138746079696,False
2022-03-22,0.05022696945146078,0.05981395648201818,0.012821304571266392,False
2022-03-23,0.05295553624387811,0.059632123305342996,0.011441708036212495,False
2022-03-24,0.043637008053011475,0.059632123305342996,0.008707533197467515,False
2022-03-25,0.04058465652538942,0.05931260649317745,0.009851607734087553,False
2022-03-28,0.04353210560071587,0.05931260649317745,0.0076265454134669414,False
2022-03-29,0.04313505344552038,0.05931260649317745,0.010105343701361109,False
2022-03-30,0.047124544367562075,0.05931260649317745,0.009660246034823392,False
2022-03-31,0.03880236077697169,0.05931260649317745,0.007566560257936472,False
2022-04-01,0.0385908586393285,0.05931260649317745,0.008139570681966394,False
2022-04-04,0.03650527986747952,0.05931260649317745,0.007914014623038843,False
2022-04-05,0.04690504417492948,0.05931260649317745,0.005442469377578562,False
2022-04-06,0.0486720105576718,0.05931260649317745,0.004758701180497579,False
2022-04-07,0.05171732194375256,0.05931260649317745,0.0006688677978745435,False
2022-04-08,0.04418835046750301,0.05931260649317745,-0.002336022283785261,False
2022-04-11,0.05081373773287012,0.05931260649317745,-0.006001110224244137,False
2022-04-12,0.04320429442912725,0.05931260649317745,-0.0036463815887205334,False
2022-04-13,0.05793185608291287,0.05931260649317745,-0.0025761154747977084,False
2022-04-14,0.04391679343133845,0.05931260649317745,-0.0035905707883610344,False
2022-04-18,0.04421258666617691,0.05931260649317745,-0.0057713373405191915,False
2022-04-19,0.035941940078678986,0.05931260649317745,-0.0071228869445355576,False
2022-04-20,0.04415982135918614,0.05931260649317745,-0.007184758322620521,False
2022-04-21,0.044733145842526564,0.05838538269925171,-0.0040325239362156455,False
2022-04-22,0.04685329066016064,0.05838538269925171,-0.003337281470126237,False
2022-04-25,0.046381016927225314,0.05838538269925171,-0.0038276498797468117,False
2022-04-26,0.054185179002192205,0.05838538269925171,-0.005147449367272623,False
2022-04-27,0.05127722414171793,0.05838538269925171,-0.0052969041839646,False
2022-04-28,0.05058234038719288,0.05838538269925171,-0.0011700209286739803,False
2022-04-29,0.05997957481210158,0.05838538269925171,-0.0019279202292231074,False
2022-05-02,0.04521055759745181,0.05838538269925171,-0.0033964930092469114,False
2022-05-03,0.04321534352314983,0.05838538269925171,-0.004769898783525446,False
2022-05-04,0.04581406734073114,0.05838538269925171,-0.00344806003377998,False
2022-05-05,0.0734440361394634,0.05838538269925171,-0.003335232580970583,False
2022-05-06,0.05081260838657177,0.05931260649317745,-0.004608323316677939,False
2022-05-09,0.07575694554719906,0.05931260649317745,-0.008227104469232136,False
2022-05-10,0.07447618463350718,0.059632123305342996,-0.005160316814319567,False
2022-05-11,0.06570412416333266,0.059632123305342996,-0.005845457127170092,False
2022-05-12,0.09304197437056196,0.059632123305342996,-0.006879884205220148,False
2022-05-13,0.05406340702923827,0.05991523599442422,-0.0035571470306998893,False
2022-05-16,0.07228859788240405,0.059632123305342996,-0.003246235319867518,False
2022-05-17,0.054780172320599375,0.059632123305342996,-3.449662246540708e-05,False
2022-05-18,0.06812428798863653,0.059632123305342996,0.0011684638922911706,False
2022-05-19,0.06965012213713366,0.059632123305342996,-0.001445957072117949,False
2022-05-20,0.06402460520176492,0.05991523599442422,0.0006612333946130592,False
2022-05-23,0.0736879906496152,0.06014792134391508,0.0027359988104831232,False
2022-05-24,0.06685112993180897,0.06112950576413832,-0.0020346153197085435,False
2022-05-25,0.05643799547048127,0.061671289822433,-0.0030538639267554545,False
2022-05-26,0.0401303730313616,0.061671289822433,0.0005308910795234685,False
2022-05-27,0.05601895382728411,0.061671289822433,0.002779899921224056,False
2022-05-31,0.05089847041378012,0.061671289822433,-0.0009520854517117703,False
2022-06-01,0.052744047930910504,0.061671289822433,0.0012360942840312665,False
2022-06-02,0.043437224424387216,0.061671289822433,-0.0035588620117750764,False
2022-06-03,0.04937022026023663,0.061671289822433,-0.005345408994904546,False
2022-06-06,0.0431027862097067,0.061671289822433,-0.004541354380151941,False
2022-06-07,0.038567554542196666,0.061671289822433,-0.004558309268181777,False
2022-06-08,0.05357659161439899,0.061671289822433,-0.004126715098183783,False
2022-06-09,0.04089273553384404,0.061671289822433,-0.004528418214756684,False
2022-06-10,0.06876710712593491,0.061671289822433,-0.006065661277111146,False
2022-06-13,0.18960375166625396,0.06182786538551067,-0.011135851342899662,False
2022-06-14,0.10566322473809914,0.06187436068727625,-0.009891441887137604,False
2022-06-15,0.08178520619052404,0.06224319342380176,-0.005870670960495843,False
2022-06-16,0.09624352172539408,0.062385161710115024,-0.008547377605724573,False
2022-06-17,0.10720538121298889,0.06305641464480304,-0.008350673255129042,False
2022-06-21,0.05870147918127004,0.06305641464480304,-0.004136333292497201,False
2022-06-22,0.08402863612974074,0.06305641464480304,-0.001548621310209974,False
2022-06-23,0.06502182832395173,0.06386388700671897,-0.005695725993104658,False
2022-06-24,0.06061205099217349,0.06482238369951437,-0.00359596604627286,False
2022-06-27,0.06360499701966438,0.06482238369951437,-0.0030397953952289525,False
2022-06-28,0.06510316484558548,0.06482238369951437,-0.0005205086046901068,False
2022-06-29,0.04950282969405428,0.06508689754125874,0.0015953398939951725,False
2022-06-30,0.06865681623424785,0.06508689754125874,-0.001220092870508558,False
2022-07-01,0.08995932360945734,0.06517579602318935,-0.0026835107195495736,False
2022-07-05,0.0890178368378325,0.06534745957641934,-0.00685324127833452,False
2022-07-06,0.10701678383928315,0.06564046653389144,-0.011077517645094037,False
2022-07-07,0.055285248509757794,0.06606077430870017,-0.006798928459036936,False
2022-07-08,0.06412328578003336,0.06606077430870017,-0.005922574125873452,False
2022-07-11,0.04207045842314787,0.06564046653389144,-0.006337771737261945,False
2022-07-12,0.062254179378872135,0.06564046653389144,-0.006275430349428427,False
2022-07-13,0.05595314225720741,0.06534745957641934,-0.007355745080990908,False
2022-07-14,0.09406875216338469,0.06517579602318935,-0.00804380924386583,False
2022-07-15,0.07511028321227264,0.06534745957641934,-0.006929107583685528,False
2022-07-18,0.04851179470159393,0.06534745957641934,-0.004791695998340969,False
2022-07-19,0.04999340076562453,0.06534745957641934,-0.003245578158837677,False
2022-07-20,0.04861035913202056,0.06517579602318935,-0.002316459626324929,False
2022-07-21,0.04874511249642562,0.06517579602318935,-0.003361196854433857,False
2022-07-22,0.07650509843915426,0.06517579602318935,-0.0038952406876439447,False
2022-07-25,0.05701615278664944,0.06534745957641934,-0.000374849556937787,False
2022-07-26,0.04723742656154788,0.06534745957641934,0.005567649697251814,False
2022-07-27,0.05009889681858464,0.06534745957641934,0.0088321768607625,False
2022-07-28,0.046637699115826214,0.06517579602318935,0.003748733550202902,False
2022-07-29,0.049925645934578176,0.06517579602318935,0.0013537651579273657,False
2022-08-01,0.04365018942008685,0.06517579602318935,0.003697722703971955,False
2022-08-02,0.05955695333108106,0.06517579602318935,0.004642781889205962,False
2022-08-03,0.046276048231672154,0.06517579602318935,0.006146679569072674,False
2022-08-04,0.039625732137034395,0.06517579602318935,0.007045246895162626,False
2022-08-05,0.042422329398082825,0.06517579602318935,0.005006349159835691,False
2022-08-08,0.04678103062007496,0.06517579602318935,0.005023735117533002,False
2022-08-09,0.036812344372548475,0.06517579602318935,0.005874787315028304,False
2022-08-10,0.06461344955808661,0.06517579602318935,0.006433526272418016,False
2022-08-11,0.04844921524398599,0.06517579602318935,0.0023739422108509244,False
2022-08-12,0.040297363689230765,0.06517579602318935,0.0020262931149118745,False
2022-08-15,0.04113873812321363,0.06517579602318935,0.0009659881344471172,False
2022-08-16,0.03982583132951479,0.06517579602318935,0.001994676365996069,False
2022-08-17,0.059956750247566915,0.06517579602318935,0.0010790404504383404,False
2022-08-18,0.044371908708350775,0.06517579602318935,0.0028873185440148586,False
2022-08-19,0.04625394975858353,0.06517579602318935,0.003081630489529899,False
2022-08-22,0.06834956591227628,0.06508689754125874,0.001118529124842683,False
2022-08-23,0.05996232876456198,0.06558393229978322,0.003241246470973564,False
2022-08-24,0.04365534616989164,0.06558393229978322,-6.972966317985656e-06,False
2022-08-25,0.03475814219934362,0.06558393229978322,0.003957542212727997,False
2022-08-26,0.033935196730396036,0.06558393229978322,0.005966253511332558,False
2022-08-29,0.05169871809553893,0.06558393229978322,0.004430882806532825,False
2022-08-30,0.03405548664636544,0.06558393229978322,0.008737511938139025,False
2022-08-31,0.04013606891574362,0.06558393229978322,0.00565881105648402,False
2022-09-01,0.048967309584117616,0.06558393229978322,0.0040217405241406035,False
2022-09-02,0.039712307335604866,0.06558393229978322,0.00909596811841474,False
2022-09-06,0.04171402866182475,0.06558393229978322,0.01029226609838062,False
2022-09-07,0.040048205340751375,0.06558393229978322,0.008120825219035548,False
2022-09-08,0.040026008163824844,0.06558393229978322,0.00461897875921492,False
2022-09-09,0.0395722951423815,0.06558393229978322,0.010288214898129899,False
2022-09-12,0.055627979535983606,0.06558393229978322,0.007877654073904521,False
2022-09-13,0.07836575090486526,0.06558393229978322,0.01008843354529018,False
2022-09-14,0.06171683423408213,0.06606077430870017,0.011224404572382366,False
2022-09-15,0.03422810684970284,0.06606077430870017,0.011208816390974052,False
2022-09-16,0.05946777499830225,0.06606077430870017,0.0083102825363306,False
2022-09-19,0.06370157036783192,0.06606077430870017,0.005743508587115821,False
2022-09-20,0.06678978528280126,0.06606077430870017,0.003399016932088747,False
2022-09-21,0.04609891524633737,0.06606077430870017,0.005289458060047648,False
2022-09-22,0.0422611813208358,0.06606077430870017,0.00461933225103145,False
2022-09-23,0.06481876686166753,0.06606077430870017,0.003332641413555871,False
2022-09-26,0.08938940974037304,0.06606077430870017,0.0032155377286429213,False
2022-09-27,0.08288054684798798,0.06666181559524942,0.00806369287301692,False
2022-09-28,0.045656713062871127,0.06683886100200744,0.0064684482372879635,False
2022-09-29,0.05633109675118938,0.06683886100200744,0.003974261923844312,False
2022-09-30,0.06759122005442267,0.06683886100200744,0.003107929404983845,False
2022-10-03,0.0489885676405173,0.06692581628361656,0.0036265659817497293,False
2022-10-04,0.06543927306647582,0.06692581628361656,0.0016943115743235666,False
2022-10-05,0.05245478419361388,0.06692581628361656,0.005096089433574816,False
2022-10-06,0.052414034266122435,0.06692581628361656,0.00849935999086223,False
2022-10-07,0.05719457262693299,0.06692581628361656,0.009447495532246783,False
2022-10-10,0.05833044486892838,0.06692581628361656,0.012028189282359603,False
2022-10-11,0.04339837752411947,0.06692581628361656,0.015980704001366575,False
2022-10-12,0.052251512103198686,0.06692581628361656,0.013183270064025275,False
2022-10-13,0.049580819186281724,0.06692581628361656,0.010717177162075403,False
2022-10-14,0.08094814317287384,0.06692581628361656,0.013242151629424503,False
2022-10-17,0.05153576739657358,0.06746187361785183,0.016271375376298556,False
2022-10-18,0.07147813770076321,0.06746187361785183,0.017470678315117113,False
2022-10-19,0.0537347778383373,0.06774412895744152,0.015658864689164376,False
2022-10-20,0.05959124451824628,0.06774412895744152,0.013134418391963566,False
2022-10-21,0.04854178009932255,0.06774412895744152,0.012238500823421898,False
2022-10-24,0.04071488298622937,0.06774412895744152,0.015264258904276632,False
2022-10-25,0.04743185432913387,0.06774412895744152,0.015942620568792965,False
2022-10-26,0.03846315783193716,0.06774412895744152,0.018039990484753583,False
2022-10-27,0.046501363800844304,0.06774412895744152,0.015258809068350941,False
2022-10-28,0.0463247926131707,0.06774412895744152,0.014568239302987127,False
2022-10-31,0.05125037071383766,0.06774412895744152,0.01589105732535961,False
2022-11-01,0.05078401307378301,0.06774412895744152,0.016528800540790235,False
2022-11-02,0.04758308773177982,0.06774412895744152,0.01638997930141734,False
2022-11-03,0.03981819612359802,0.06774412895744152,0.01868934113350636,False
2022-11-04,0.04880620714798539,0.06774412895744152,0.020513574090194938,False
2022-11-07,0.04740950453201069,0.06774412895744152,0.023165127029161344,False
2022-11-08,0.04649885560828987,0.06774412895744152,0.02008205372820771,False
2022-11-09,0.04015338108212009,0.06774412895744152,0.021672928201909025,False
2022-11-10,0.08518871466047132,0.06774412895744152,0.025471427724278285,True
2022-11-11,0.13163629417028277,0.06805590162754847,0.021438408519340778,True
2022-11-14,0.05751814033610373,0.0682469215645369,0.024535574427756626,False
2022-11-15,0.09827290321985048,0.0682469215645369,0.01946296039589179,False
2022-11-16,0.07472280828779193,0.06833516872152343,0.022325190451421024,True
2022-11-17,0.05490587590292011,0.06859536616985354,0.028483270243480265,False
2022-11-18,0.07367620041056538,0.06859536616985354,0.026753229858589272,True
2022-11-21,0.0461298492670658,0.0687450489475975,0.027740936665343826,False
2022-11-22,0.05203245465291348,0.0687450489475975,0.03150386122374958,False
2022-11-23,0.06098001243203781,0.0687450489475975,0.03234025913046678,False
2022-11-25,0.056387476470813734,0.0687450489475975,0.035017731166802124,False
2022-11-28,0.031024650383355806,0.0687450489475975,0.03519842116572138,False
2022-11-29,0.03802230969394086,0.06859536616985354,0.03594231079241624,False
2022-11-30,0.028831126141692608,0.06859536616985354,0.03619778496181221,False
2022-12-01,0.038263547507429545,0.06833516872152343,0.03634163314661917,False
2022-12-02,0.041174549032345596,0.06833516872152343,0.03514815476909224,False
2022-12-05,0.050799823398650135,0.06833516872152343,0.03357415196916726,False
2022-12-06,0.04194815310242421,0.06833516872152343,0.032505986074207245,False
2022-12-07,0.04081684592495097,0.06833516872152343,0.032551361468388856,False
2022-12-08,0.034927016346614,0.06833516872152343,0.03527999668808038,False
2022-12-09,0.04820722748445003,0.06833516872152343,0.03654073197666945,False
2022-12-12,0.042723065039373315,0.06833516872152343,0.03945498413001526,False
2022-12-13,0.061426348462136876,0.06833516872152343,0.03848779307918564,False
2022-12-14,0.05492546469236771,0.06833516872152343,0.03509266150040877,False
2022-12-15,0.048322358975569205,0.06833516872152343,0.04207703174551418,False
2022-12-16,0.05359126158316847,0.06833516872152343,0.04054999535658119,False
2022-12-19,0.04099413005177624,0.06833516872152343,0.03755597529997779,False
2022-12-20,0.04424640339604542,0.06833516872152343,0.03945012066643757,False
2022-12-21,0.038091892446374696,0.0682469215645369,0.03993849414083683,False
2022-12-22,0.054739700700973073,0.0682469215645369,0.038878250319022256,False
2022-12-23,0.047003729399182154,0.0682469215645369,0.03478796250390198,False
2022-12-27,0.035998447972262426,0.0682469215645369,0.031094376440138398,False
2022-12-28,0.05238909643450962,0.0682469215645369,0.030229763885687756,False
2022-12-29,0.036835063003580484,0.0682469215645369,0.0356593499609916,False
2022-12-30,0.03915577315822111,0.0682469215645369,0.037795308672734416,False
2023-01-03,0.03398230706694694,0.0682469215645369,0.04340982111947251,False
2023-01-04,0.03271808047095251,0.0682469215645369,0.04626618812576171,False
2023-01-05,0.03914154295807321,0.0682469215645369,0.04219139570816687,False
2023-01-06,0.05640307297374692,0.0682469215645369,0.041235367947864934,False
2023-01-09,0.04521391401892566,0.0682469215645369,0.04117557821685938,False
2023-01-10,0.05183331390441252,0.0682469215645369,0.04170556666380401,False
2023-01-11,0.05405704502412164,0.0682469215645369,0.04319666137172703,False
2023-01-12,0.042020143036807914,0.0682469215645369,0.042598750973573865,False
2023-01-13,0.042839357542462375,0.0682469215645369,0.04190773172881971,False
2023-01-17,0.05342563867866338,0.0682469215645369,0.03960350333224029,False
2023-01-18,0.04131667651932697,0.0682469215645369,0.037891656285900494,False
2023-01-19,0.03825489630336991,0.0682469215645369,0.0410356558465802,False
2023-01-20,0.051733067155402185,0.0682469215645369,0.04109193785124259,False
2023-01-23,0.03797197067046621,0.0682469215645369,0.039487354252438454,False
2023-01-24,0.03624930591445323,0.0682469215645369,0.03991207576234112,False
2023-01-25,0.040379300031050266,0.06801767440179377,0.03610091515204673,False
2023-01-26,0.03489698522052809,0.06744320202989994,0.03662024942712961,False
2023-01-27,0.039141801175957766,0.06683886100200744,0.03666365652464867,False
2023-01-30,0.03614924033010555,0.06683886100200744,0.033662816894223895,False
2023-01-31,0.05602035104296431,0.06657265305890755,0.031835956979977896,False
2023-02-01,0.038585903791290566,0.06565115394396129,0.03016271159360277,False
2023-02-02,0.03821675962046542,0.06537205142229775,0.032559114905053824,False
2023-02-03,0.04271621616753814,0.06537205142229775,0.0351223127445558,False
2023-02-06,0.050128337922112534,0.06537205142229775,0.037618846307461117,False
2023-02-07,0.046289701497454316,0.06508689754125874,0.03793046122846962,False
2023-02-08,0.04331692394061792,0.06508689754125874,0.03791464081226786,False
2023-02-09,0.04750935643832752,0.06508689754125874,0.03949867296431464,False
2023-02-10,0.04422377252835006,0.06508689754125874,0.04200993581705993,False
2023-02-13,0.04714298068894938,0.06508689754125874,0.043102378934193344,False
2023-02-14,0.03964031279176791,0.06508689754125874,0.044504575694900635,False
2023-02-15,0.04815793758134821,0.06508689754125874,0.0445421926154469,False
2023-02-16,0.056784629873573966,0.06508689754125874,0.04088941965558359,False
2023-02-17,0.06713995079889006,0.06508689754125874,0.03952953524115247,True
2023-02-21,0.059915294875905696,0.06537205142229775,0.03917443449594633,False
2023-02-22,0.0675535372228473,0.06537205142229775,0.0420609470032782,True
2023-02-23,0.060484834133374035,0.06565115394396129,0.041283435763654855,False
2023-02-24,0.07391038509558218,0.06565115394396129,0.04426733494887148,True
2023-02-27,0.06753627882837604,0.06657265305890755,0.046625354788022155,True
2023-02-28,0.04714847937443527,0.06657265305890755,0.04581578109446669,False
2023-03-01,0.046038791877582724,0.06565115394396129,0.04683959945358696,False
2023-03-02,0.05727180330282106,0.06537205142229775,0.042716925386969494,False
2023-03-03,0.06126396184488994,0.06508689754125874,0.0435921093216525,False
2023-03-06,0.04250359409011503,0.06508689754125874,0.04730835547641081,False
2023-03-07,0.04893315432900014,0.0649812160314949,0.0445928703813198,False
2023-03-08,0.03466709630473255,0.06477770340095135,0.04440067663042485,False
2023-03-09,0.03613919490690699,0.06451541680247597,0.044411940652536896,False
2023-03-10,0.04273372806986614,0.06410354966437967,0.04401159918600598,False
2023-03-13,0.05601040344211625,0.06395999823497832,0.04135129117485806,False
2023-03-14,0.07762103447295751,0.06368225569819841,0.04264253905829075,True
2023-03-15,0.07088222392527353,0.06395999823497832,0.0403817995020767,True
2023-03-16,0.16425620242780747,0.06410354966437967,0.036714884220505305,True
2023-03-17,0.0662227509090827,0.06410354966437967,0.03368457165556486,True
2023-03-20,0.08894596073614823,0.06451541680247597,0.035986673580129636,True
2023-03-21,0.08430782013300506,0.06451541680247597,0.043668948543782136,True
2023-03-22,0.05548960982149738,0.06477770340095135,0.045963217744544635,False
2023-03-23,0.0334822593075388,0.06477770340095135,0.044630139078919814,False
2023-03-24,0.04520794751989978,0.06477770340095135,0.04512086753714583,False
2023-03-27,0.04895810042453559,0.06477770340095135,0.04870544710417542,False
2023-03-28,0.040993397247358426,0.06477770340095135,0.04986131186599545,False
2023-03-29,0.03469251446095851,0.06477770340095135,0.045697259304652106,False
2023-03-30,0.03957911939620411,0.06477770340095135,0.045638277942596006,False
2023-03-31,0.055553085241699746,0.06477770340095135,0.04601440665725399,False
2023-04-03,0.03885053591593007,0.06477770340095135,0.046523065214462075,False
2023-04-04,0.04106457073914108,0.06477770340095135,0.04406940640964811,False
2023-04-05,0.0455030277986259,0.06477770340095135,0.047329459584967225,False
2023-04-06,0.03169843674276248,0.06477770340095135,0.04435440875328419,False
2023-04-10,0.03226446196137619,0.06477770340095135,0.04239247421358666,False
2023-04-11,0.03174045840871258,0.06477770340095135,0.043804996034283845,False
2023-04-12,0.030951799924313364,0.06477770340095135,0.04369257791193029,False
2023-04-13,0.03240022607759015,0.06477770340095135,0.042385654256874,False
2023-04-14,0.02788769729387431,0.06477770340095135,0.04317117742324913,False
2023-04-17,0.037153209774591245,0.06477770340095135,0.04550498839993832,False
2023-04-18,0.029972228549078564,0.06477770340095135,0.04434220679518296,False
2023-04-19,0.040916871979423994,0.06477770340095135,0.04125979872688451,False
2023-04-20,0.04127924039588654,0.06477770340095135,0.036601162476367154,False
2023-04-21,0.0308600073202162,0.06477770340095135,0.036512915874083965,False
2023-04-24,0.03240161555814635,0.06477770340095135,0.03683667676836653,False
2023-04-25,0.047631281246196644,0.06477770340095135,0.0368262155310763,False
2023-04-26,0.039037062197215325,0.06477770340095135,0.03728801483043445,False
2023-04-27,0.03775211137708455,0.06477770340095135,0.037321882044504984,False
2023-04-28,0.04306922682214,0.06477770340095135,0.03612597096479972,False
2023-05-01,0.035326872627622734,0.06477770340095135,0.03699773767863471,False
2023-05-02,0.04365180394852747,0.06477770340095135,0.03559349031555935,False
2023-05-03,0.04062590011963013,0.06477770340095135,0.03443725602399901,False
2023-05-04,0.042651714285038805,0.06477770340095135,0.032706112210721686,False
2023-05-05,0.055855011877214845,0.06477770340095135,0.03454097934226013,False
2023-05-08,0.04039642526586629,0.06477770340095135,0.032186215702596103,False
2023-05-09,0.04467675926552253,0.06451541680247597,0.030094360575048138,False
2023-05-10,0.04786629488617938,0.06451541680247597,0.0327101862979015,False
2023-05-11,0.056141064821703654,0.06410354966437967,0.03129998494065047,False
2023-05-12,0.03676501484258613,0.06395999823497832,0.03264155369216401,False
2023-05-15,0.03903591903661585,0.06368225569819841,0.03099098702867994,False
2023-05-16,0.04100012322451281,0.06333483349150594,0.030261911021030295,False
2023-05-17,0.03993194866080863,0.06333483349150594,0.029217254765135172,False
2023-05-18,0.036627865686979774,0.06214671034991414,0.029180580369927385,False
2023-05-19,0.03760420060358265,0.06214671034991414,0.02573821386862155,False
2023-05-22,0.03547723263346025,0.06165873707969308,0.021266758411585582,False
2023-05-23,0.03344020013733529,0.06139387113868749,0.02065368252858531,False
2023-05-24,0.03910845480026447,0.06120717196231952,0.01782399242597846,False
2023-05-25,0.034074913291864094,0.06090642014406495,0.017207432266577564,False
2023-05-26,0.031751645869559725,0.0605866076204136,0.01732991843763348,False
2023-05-30,0.03349058074815264,0.0605866076204136,0.01428943948977454,False
2023-05-31,0.04265489161028551,0.0605866076204136,0.013686786820274816,False
2023-06-01,0.034237531578671536,0.0605866076204136,0.01366245120497348,False
2023-06-02,0.033738962311346786,0.0605866076204136,0.014570534766576495,False
2023-06-05,0.04642622397319472,0.0605866076204136,0.014679222901975323,False
2023-06-06,0.038024385742406554,0.0605866076204136,0.015499776391253457,False
2023-06-07,0.03623982722208604,0.0605866076204136,0.01850473620259534,False
2023-06-08,0.0439515486852909,0.0605866076204136,0.017430989700315418,False
2023-06-09,0.044394088302609144,0.0605866076204136,0.017507155444679835,False
2023-06-12,0.037059307156782226,0.0605866076204136,0.016798217828628382,False
2023-06-13,0.03308067081296222,0.0605866076204136,0.017715226480235543,False
2023-06-14,0.03926944093582989,0.06038033305961163,0.019616550559083405,False
2023-06-15,0.03714792586993225,0.05996121306116296,0.016875576832518308,False
2023-06-16,0.040341023410482915,0.05994845917323467,0.017655182192697173,False
2023-06-20,0.036575088037290225,0.05985048480437382,0.014315005210137042,False
2023-06-21,0.03736859660573669,0.05958438628081324,0.014081410971829677,False
2023-06-22,0.044877958377483665,0.0595391176645253,0.012302911651616231,False
2023-06-23,0.0528005072119289,0.0595391176645253,0.0089464877105104,False
2023-06-26,0.038385195935853204,0.059240308972427484,0.010098353994204739,False
2023-06-27,0.04156003728103566,0.05816798396236346,0.009517398280605096,False
2023-06-28,0.05028969594024746,0.0574688729294472,0.010472853690324118,False
2023-06-29,0.04570411469714174,0.05725635716764345,0.013687839078496154,False
2023-06-30,0.04286357480612055,0.057158888658876285,0.01457994112057896,False
2023-07-03,0.038963533820240495,0.057158888658876285,0.013812658909372583,False
2023-07-05,0.043820895912334956,0.05696984820403435,0.013102341511261448,False
2023-07-06,0.05206919807623973,0.056708318493608564,0.009299684990962056,False
2023-07-07,0.044676685130679294,0.05639995367316029,0.010705911129281383,False
2023-07-10,0.04242707221433381,0.05637620052688886,0.008991175617262818,False
2023-07-11,0.04459075235669595,0.05637620052688886,0.008575796272489881,False
2023-07-12,0.05248248711659406,0.05629309036529224,0.009238221813889785,False
2023-07-13,0.036171632147470476,0.05629309036529224,0.008243435726967167,False
2023-07-14,0.035747140865126883,0.05611692206595579,0.009111953637053267,False
2023-07-17,0.036403818312182604,0.05611692206595579,0.01087168582862891,False
2023-07-18,0.03939103502193329,0.0560183615227947,0.008403999168661544,False
2023-07-19,0.03819543685205535,0.05597932512913597,0.008413770447188818,False
2023-07-20,0.03544243570130926,0.05597932512913597,0.01191584188039055,False
2023-07-21,0.03300772688093948,0.05597932512913597,0.009912290761908558,False
2023-07-24,0.034009158724950514,0.05597932512913597,0.009737487022753028,False
2023-07-25,0.03826508232448057,0.05597932512913597,0.010983178510158816,False
2023-07-26,0.03791724214962614,0.0558096054089686,0.009334792100333573,False
2023-07-27,0.03531230200321697,0.055613000677126836,0.013897033383405694,False
2023-07-28,0.03627255366131921,0.055613000677126836,0.014455723953471198,False
2023-07-31,0.03330406293281174,0.055613000677126836,0.015488424041572385,False
2023-08-01,0.041003651663354665,0.055613000677126836,0.018202129595882514,False
2023-08-02,0.05211148853085039,0.055613000677126836,0.015326996313713833,False
2023-08-03,0.04072841621179997,0.055613000677126836,0.014832480424319054,False
2023-08-04,0.036996721249318035,0.055540390157659277,0.013311577059087679,False
2023-08-07,0.03574058295279127,0.055540390157659277,0.011614316783435453,False
2023-08-08,0.044591234894576656,0.055540390157659277,0.009606107465089043,False
2023-08-09,0.04182828208020428,0.055540390157659277,0.008061034977118594,False
2023-08-10,0.03687173882218118,0.055540390157659277,0.007834160925778117,False
2023-08-11,0.057519076340070016,0.055540390157659277,0.005643054633088482,False
2023-08-14,0.039128885243667574,0.055540390157659277,0.0013041982498641865,False
2023-08-15,0.054611883219881946,0.055540390157659277,-0.00019589083409703433,False
2023-08-16,0.05266684415053978,0.055540390157659277,-0.0016897044634041677,False
2023-08-17,0.03966507529020551,0.055540390157659277,-0.0011727268301049165,False
2023-08-18,0.056283052561186,0.055540390157659277,0.0016745174527411182,False
2023-08-21,0.04331097192086944,0.055540390157659277,0.005368313947350114,False
2023-08-22,0.04511122310895227,0.055540390157659277,0.008372586202782136,False
2023-08-23,0.04296277727602947,0.055540390157659277,0.006545461253122524,False
2023-08-24,0.037967780784928684,0.05537678079567145,0.005541726470188952,False
2023-08-25,0.040360879776202827,0.05492154693447819,0.003220857718807289,False
2023-08-28,0.03013628260134677,0.05492154693447819,0.00165111885157194,False
2023-08-29,0.03839393550784657,0.05492154693447819,0.001838692557565526,False
2023-08-30,0.029022614738829635,0.05492154693447819,0.0012674605250865847,False
2023-08-31,0.02889041333675247,0.05492154693447819,0.0026579557730751035,False
2023-09-01,0.03132582030482112,0.05492154693447819,0.0031617237819770477,False
2023-09-05,0.03410393715357398,0.05492154693447819,0.0020715761078205874,False
2023-09-06,0.030986413967602523,0.05492154693447819,-8.276235453448808e-05,False
2023-09-07,0.030818473845640595,0.05492154693447819,-0.0008223092208532868,False
2023-09-08,0.0341517944435232,0.05492154693447819,-0.0010238670723480014,False
2023-09-11,0.036061206431400115,0.05492154693447819,0.0013684714407785439,False
2023-09-12,0.04705875400090279,0.05492154693447819,0.0021677351183682757,False
2023-09-13,0.03449403230334984,0.05492154693447819,-0.0006450652331180649,False
2023-09-14,0.031753120365680634,0.0548726408625307,0.0021477622046978525,False
2023-09-15,0.042838556178758966,0.05471413720475485,0.004615358901359172,False
2023-09-18,0.04148511016331868,0.05450091558072989,0.007256365788225855,False
2023-09-19,0.03131959011930857,0.05450091558072989,0.004831334022489254,False
2023-09-20,0.03686625405969539,0.053992591586964775,0.0002598061981143131,False
2023-09-21,0.05499711082540268,0.05370607458730354,-0.0012535752150044839,False
2023-09-22,0.03389109420743064,0.05370607458730354,0.002114511700708601,False
2023-09-25,0.045531187901672154,0.05370607458730354,0.0018906491820667643,False
2023-09-26,0.05158582914478929,0.05370607458730354,-0.003470020982591234,False
2023-09-27,0.03810709961049835,0.053558137002267456,-0.0008522808391778927,False
2023-09-28,0.046795560123001546,0.05330061238531649,-0.0005333365535378906,False
2023-09-29,0.034783451353869,0.05277377459965108,0.002880142544954887,False
2023-10-02,0.03562884797398991,0.05277377459965108,0.002745035881012994,False
2023-10-03,0.04705339432917699,0.05262997274375064,0.0025361315963071734,False
2023-10-04,0.0347711164376363,0.052476946531998026,0.0038000428429492343,False
2023-10-05,0.03923353918208367,0.052476946531998026,0.0018600233853978052,False
2023-10-06,0.051006848794603016,0.05244663420811559,0.0007368574495093041,False
2023-10-09,0.05300155083621526,0.05240904669979987,-0.0006886355446069328,False
2023-10-10,0.035727896055956915,0.052463808980177176,-0.0003272280396132128,False
2023-10-11,0.035087774254564705,0.052361579568247434,-2.475423827171129e-05,False
2023-10-12,0.0330785368424635,0.05222350738872903,0.0007051977658393553,False
2023-10-13,0.034820091616813945,0.05222350738872903,0.0003068306683525418,False
2023-10-16,0.036285259671069214,0.052103030439928255,0.0011095278800667555,False
2023-10-17,0.04751676671604981,0.052103030439928255,0.001048304401561726,False
2023-10-18,0.04665647958711716,0.052061849391574475,-0.0013287722782434255,False
2023-10-19,0.035137866308027316,0.052061849391574475,0.00250530248886643,False
2023-10-20,0.03662261005748063,0.05199262650321329,0.0034648745297210077,False
2023-10-23,0.037686575864385216,0.05181326455461046,0.004063763939591012,False
2023-10-24,0.04049115568311029,0.05170361955327961,0.0054374549171126284,False
2023-10-25,0.051795119671829974,0.05170361955327961,0.004703447897205763,False
2023-10-26,0.03537336866134977,0.05178270916854442,0.0058736275949754215,False
2023-10-27,0.03760889318437005,0.05178270916854442,0.006224498094588471,False
2023-10-30,0.039840515815112144,0.05178270916854442,0.00642949929364639,False
2023-10-31,0.04014646167355378,0.05178270916854442,0.006987229067073079,False
2023-11-01,0.03581077129141354,0.05178270916854442,0.009343392489561451,False
2023-11-02,0.03848070936233418,0.05178270916854442,0.010256192698239033,False
2023-11-03,0.05736680121773072,0.05178270916854442,0.006934804302115495,False
2023-11-06,0.058193599955530056,0.051825675057896016,0.00847429263084571,False
2023-11-07,0.04529934417379003,0.05199262650321329,0.009386624644332882,False
2023-11-08,0.03599447044078623,0.05199262650321329,0.006881300067306664,False
2023-11-09,0.037900223878576667,0.05199262650321329,0.008067534798310304,False
2023-11-10,0.03660903668436563,0.05199262650321329,0.005726932430735181,False
2023-11-13,0.03293060459675986,0.05199262650321329,0.0075988004633446155,False
2023-11-14,0.04182228461294363,0.051825675057896016,0.009389948010199746,False
2023-11-15,0.04544142778753954,0.05178270916854442,0.006261214981033085,False
2023-11-16,0.0375556056631217,0.05170361955327961,0.010478757032910133,False
2023-11-17,0.06711697144762391,0.05147003307475204,0.009804571312608508,False
2023-11-20,0.034508397746082366,0.05147003307475204,0.010146668890972835,False
2023-11-21,0.032740411060015975,0.050965443715412444,0.011538999756131537,False
2023-11-22,0.0362481528653347,0.050697797906969606,0.011632554996842603,False
2023-11-24,0.032638811038218855,0.050697797906969606,0.013227794188894887,False
2023-11-27,0.0304304534726972,0.050257424336620476,0.01367470962714458,False
2023-11-28,0.04100590403760689,0.04989429042259716,0.013886819752535189,False
2023-11-29,0.042063069545283445,0.0489531112054285,0.012335167540531862,False
2023-11-30,0.03337903226629499,0.0489531112054285,0.011526560159175202,False
2023-12-01,0.031917970926823566,0.0489531112054285,0.011616616889942347,False
2023-12-04,0.033609771783002146,0.0489531112054285,0.011683663931613401,False
2023-12-05,0.03792650068701628,0.0489531112054285,0.011838017699197996,False
2023-12-06,0.038362955995325736,0.0489531112054285,0.010382839050642523,False
2023-12-07,0.029605569333075225,0.048810995258313956,0.011814436165308001,False
2023-12-08,0.030697871406088952,0.048810995258313956,0.012457604062599896,False
2023-12-11,0.03380206826055575,0.048810995258313956,0.012050505673863047,False
2023-12-12,0.0317735670018864,0.048810995258313956,0.011374640610495044,False
2023-12-13,0.03306840645599528,0.048810995258313956,0.01070297762126535,False
2023-12-14,0.046751391785239835,0.048810995258313956,0.013343331184872256,False
2023-12-15,0.04521972875414278,0.04828947469672501,0.011702135715087164,False
2023-12-18,0.04071036404806419,0.048099609042314445,0.012739294446644536,False
2023-12-19,0.03492371264435484,0.047819292158182834,0.012787650424646376,False
2023-12-20,0.03806847239886072,0.047608378340167276,0.015314900268613934,False
2023-12-21,0.04187191044981656,0.047608378340167276,0.017566579018685694,False
2023-12-22,0.03413402445719545,0.047608378340167276,0.016728896453213623,False
2023-12-26,0.029035956530798497,0.047608378340167276,0.015529375391928796,False
2023-12-27,0.027146123761440752,0.04751528466050536,0.015258396254213914,False
2023-12-28,0.03162691074176102,0.04751528466050536,0.013626446328969583,False
2023-12-29,0.03392986867064855,0.04751528466050536,0.012458794074468751,False
2024-01-02,0.03538836694512639,0.04743718102554908,0.010794409452786837,False
2024-01-03,0.048291819076682105,0.04743718102554908,0.007586192373737188,False
2024-01-04,0.03745955713733129,0.04751528466050536,0.008206886472301715,False
2024-01-05,0.03309026848732653,0.04751528466050536,0.004272635894523967,False
2024-01-08,0.04217616152349539,0.04751528466050536,0.005139577665899082,False
2024-01-09,0.0489253231547144,0.04751528466050536,0.0031154484107407286,False
2024-01-10,0.044951772254841094,0.04751528466050536,0.004203170828589739,False
2024-01-11,0.03288844176971209,0.04751528466050536,0.004135899662229874,False
2024-01-12,0.03527220192610046,0.04743718102554908,0.005161545318228383,False
2024-01-16,0.03705244711353603,0.04714737963733809,0.006027159561293588,False
2024-01-17,0.07106278661267659,0.04714737963733809,0.0038179540657154874,False
2024-01-18,0.04218511842255811,0.04743718102554908,0.005903611657492351,False
2024-01-19,0.04376890286461492,0.04714737963733809,0.004839261916990804,False
2024-01-22,0.05632400853694528,0.04714737963733809,0.00538529480347197,False
2024-01-23,0.03770344589907354,0.04743718102554908,0.0025791752571317572,False
2024-01-24,0.04172327707951762,0.04714737963733809,0.003388799422229632,False
2024-01-25,0.04305860347618865,0.04714737963733809,0.004943290419400873,False
2024-01-26,0.04356148865061695,0.04714737963733809,0.0017329662042656264,False
2024-01-29,0.03445291194430957,0.04714737963733809,0.00042747094908739716,False
2024-01-30,0.037466584312202886,0.04714737963733809,0.0001423014536628148,False
2024-01-31,0.0394828670336931,0.04714737963733809,0.0004946669271269178,False
2024-02-01,0.0379360662611986,0.04714737963733809,0.0027300267878209686,False
2024-02-02,0.045385737124780064,0.04712613535134006,0.005258508672078481,False
2024-02-05,0.05441377986345849,0.04712613535134006,0.002334980840327799,False
2024-02-06,0.03770185925546403,0.04714737963733809,0.0018957145250028643,False
2024-02-07,0.035418353910632416,0.04714737963733809,0.0016666282508771852,False
2024-02-08,0.032259527145826555,0.04712613535134006,0.0019969686275886256,False
2024-02-09,0.031380292646884286,0.04712613535134006,0.002128054769068388,False
2024-02-12,0.03366996334892132,0.04712613535134006,0.0039061390818712627,False
2024-02-13,0.06821438961658509,0.04705768206655763,0.006220865302821137,False
2024-02-14,0.048825265633256155,0.04712613535134006,0.011504617474388558,False
2024-02-15,0.037704158568887695,0.04713053429972877,0.012728686643302947,False
2024-02-16,0.03372351550031045,0.04713053429972877,0.012559065341877626,False
2024-02-20,0.052444020419118234,0.04705768206655763,0.010573651780225618,False
2024-02-21,0.05599573578018262,0.04705768206655763,0.006630845439935164,False
2024-02-22,0.03757522974102043,0.04705768206655763,0.007628942033155529,False
2024-02-23,0.042864704621100806,0.047001827487941905,0.008658920691935502,False
2024-02-26,0.04032763013246504,0.04678672645544921,0.010745682000307392,False
2024-02-27,0.04179670297390285,0.0467324093456153,0.009361028039650917,False
2024-02-28,0.04709880909587225,0.04661042846433268,0.008404992168622488,False
2024-02-29,0.03651903823927332,0.04661042846433268,0.01016264480764898,False
2024-03-01,0.03709240044803951,0.046348737554072324,0.011655203957700321,False
2024-03-04,0.03821678654278035,0.04628180211798413,0.011374980509344858,False
2024-03-05,0.04374427827118576,0.04566952933804782,0.00987434595815003,False
2024-03-06,0.042746150514123435,0.045525555881062905,0.009703322878193952,False
2024-03-07,0.041922617173514136,0.045525555881062905,0.012383220833938795,False
2024-03-08,0.035489836044274775,0.04549070779640863,0.01047288286865463,False
2024-03-11,0.03877066683639513,0.04549070779640863,0.011440635834821833,False
2024-03-12,0.03506444764981598,0.04549070779640863,0.011346606951543976,False
2024-03-13,0.03304567034167535,0.04549070779640863,0.010674954661259936,False
2024-03-14,0.029937146530401366,0.045430289654987646,0.011421012596187304,False
2024-03-15,0.03525977232080968,0.04536845853458206,0.009743116974220112,False
2024-03-18,0.03659677638799816,0.04528342108986058,0.011928016286646675,False
2024-03-19,0.036041621443015634,0.04521737250729418,0.010908779754281943,False
2024-03-20,0.031537395685739086,0.04518860263771028,0.012812280854610388,False
2024-03-21,0.03165712358683253,0.04507933293813004,0.014847160843099137,False
2024-03-22,0.03855476322793017,0.044937009479369606,0.01627475929112941,False
2024-03-25,0.02748106368756608,0.044837718555091444,0.012418450688490614,False
2024-03-26,0.028244917271819228,0.044837718555091444,0.012177706174476537,False
2024-03-27,0.03279506209984241,0.044676744438553885,0.015893157774139157,False
2024-03-28,0.031499824066638704,0.04465959508345877,0.012816675937791724,False
2024-04-01,0.026341521515155765,0.04465959508345877,0.012818205314119474,False
2024-04-02,0.04157411812264698,0.04465959508345877,0.011127414846564867,False
2024-04-03,0.03275483403344577,0.04465959508345877,0.009953600218153773,False
2024-04-04,0.03240556579225041,0.04459113838700052,0.012540362040411581,False
2024-04-05,0.03238857258656985,0.04459113838700052,0.012310856251039205,False
2024-04-08,0.03480327451669213,0.04459113838700052,0.012845159901208656,False
2024-04-09,0.034056382455313394,0.04455141954587859,0.014811801341647847,False
2024-04-10,0.07215782844978133,0.04455141954587859,0.017313176827334652,False
2024-04-11,0.048085006013653266,0.04459113838700052,0.01696546205233091,False
2024-04-12,0.03411479802247355,0.04465959508345877,0.01457002347211467,False
2024-04-15,0.04219680231988884,0.04465959508345877,0.01434549617465438,False
2024-04-16,0.044033770892604185,0.04465959508345877,0.013219520722559058,False
2024-04-17,0.047276522382107,0.04465959508345877,0.01221135856197817,False
2024-04-18,0.03527329908550634,0.044676744438553885,0.011917458735908222,False
2024-04-19,0.03323759596205127,0.044676744438553885,0.015553938591472555,False
2024-04-22,0.03264687188261582,0.044676744438553885,0.014602201234225417,False
2024-04-23,0.03443987909280674,0.044676744438553885,0.014703182600399309,False
2024-04-24,0.035941515391821784,0.044676744438553885,0.013248210328020506,False
2024-04-25,0.04394941230886477,0.044676744438553885,0.011222520950012624,False
2024-04-26,0.03151817700161282,0.04465959508345877,0.01168311825048934,False
2024-04-29,0.034477038033472684,0.04465959508345877,0.009483037855677846,False
2024-04-30,0.035852079651906996,0.04465959508345877,0.007987069053830658,False
2024-05-01,0.03558384002660843,0.04465959508345877,0.007870204374056422,False
2024-05-02,0.039806500231674966,0.04465959508345877,0.008259136026144304,False
2024-05-03,0.03767749682276248,0.04465959508345877,0.007089656430204528,False
2024-05-06,0.03632174194128005,0.04465959508345877,0.005805496271305445,False
2024-05-07,0.04240387108271362,0.04465959508345877,0.007488463768965845,False
2024-05-08,0.03373792650100298,0.04459113838700052,0.00908899322335189,False
2024-05-09,0.030815645913029117,0.04459113838700052,0.00887054603110294,False
2024-05-10,0.0354120146030057,0.04455141954587859,0.008527837488470814,False
2024-05-13,0.030748250790516428,0.04432202482060816,0.006756459751532136,False
2024-05-14,0.03269231563294518,0.04401732645114153,0.005183387024777772,False
2024-05-15,0.03630277874834884,0.04401732645114153,0.003006118862971199,False
2024-05-16,0.03465599234973471,0.04401732645114153,0.0030460902965671302,False
2024-05-17,0.030774779517019735,0.04401732645114153,0.0034935714721738586,False
2024-05-20,0.028957894601795986,0.04401732645114153,0.0009453595283561227,False
2024-05-21,0.024718923359273677,0.04401732645114153,0.0013888289784820666,False
2024-05-22,0.02550881814247189,0.04401732645114153,0.0011337369601992413,False
2024-05-23,0.025017913390823987,0.04401732645114153,-0.00021513763972367262,False
2024-05-24,0.031032346513535466,0.04401732645114153,-0.0007502897682682791,False
2024-05-28,0.030824058455448167,0.04401732645114153,-0.0034396831709735593,False
2024-05-29,0.047877010525625846,0.04401732645114153,-0.002298923655058136,False
2024-05-30,0.03395614720981208,0.04432202482060816,-0.0011609988158617236,False
2024-05-31,0.03188408893761362,0.04432202482060816,0.0016252720443917657,False
2024-06-03,0.027435304955986832,0.04432202482060816,0.002340391407735153,False
2024-06-04,0.04033786623476024,0.04432202482060816,0.0015010787685022897,False
2024-06-05,0.034131700280773,0.04432202482060816,0.0026711446517803184,False
2024-06-06,0.03126671362820205,0.04401732645114153,0.002897403863462176,False
2024-06-07,0.03679481508982897,0.04401732645114153,0.0006758797743320044,False
2024-06-10,0.047733043033662104,0.04401732645114153,-0.002068088489226185,False
2024-06-11,0.043126461969192835,0.04432202482060816,-0.004271238095940962,False
2024-06-12,0.040353684061221876,0.0440168991758563,-4.7630713673667346e-05,False
2024-06-13,0.032795953128026654,0.0440168991758563,-0.001962838912650069,False
2024-06-14,0.043998557458234874,0.0440168991758563,-0.0024341102226297937,False
2024-06-17,0.04168614367384874,0.04402672820573032,-0.002764294642551293,False
2024-06-18,0.04648724746461011,0.04402672820573032,-0.001040552664122192,False
2024-06-20,0.03208194687091251,0.0444793560638776,-0.0029240328254386285,False
2024-06-21,0.03608297274499046,0.0444793560638776,-0.0028431846263073765,False
2024-06-24,0.03323655599888915,0.0444793560638776,-0.004189741370939693,False
2024-06-25,0.029617494156970202,0.04402672820573032,-0.0036597759296477413,False
2024-06-26,0.02837496091388534,0.04398872842836085,-0.0045127920467853255,False
2024-06-27,0.03712629491236597,0.04398872842836085,-0.004148058896521781,False
2024-06-28,0.027929736687860883,0.04398872842836085,-0.0017179912269739703,False
2024-07-01,0.02501710714625273,0.043923709029558805,-0.0028461702839964118,False
2024-07-02,0.025401488977581675,0.04381049730279095,-0.0022690931558704695,False
2024-07-03,0.030172281814322494,0.04381049730279095,-0.0034180495564101127,False
2024-07-05,0.025286724581291158,0.04381049730279095,-0.00025149088380112,False
2024-07-08,0.02561037726395251,0.04376397794592909,0.0015273380203341454,False
2024-07-09,0.025997431756944807,0.043707720347072,0.003137083138221672,False
2024-07-10,0.022759597764770576,0.04351138530466745,0.003259849243742412,False
2024-07-11,0.022581911776210675,0.04351138530466745,0.005396999034967845,False
2024-07-12,0.03896746015569069,0.04327406993053412,0.005768068416781434,False
2024-07-15,0.030190218080309347,0.043112890270592,0.00667516758977439,False
2024-07-16,0.03304314268607721,0.043112890270592,0.00546910562904866,False
2024-07-17,0.03612375172810081,0.043112890270592,0.005395327960337238,False
2024-07-18,0.034509917407071995,0.043112890270592,0.00923187367199965,False
2024-07-19,0.03166687951613735,0.043112890270592,0.006529099563925031,False
2024-07-22,0.028395801649383337,0.043112890270592,0.008034793877321592,False
2024-07-23,0.03160613596560854,0.043112890270592,0.007420353042775466,False
2024-07-24,0.03911888291930739,0.043112890270592,0.007000443721786902,False
2024-07-25,0.033935457101605795,0.043112890270592,0.005658876150803542,False
2024-07-26,0.032794453493389844,0.043112890270592,0.005828923610099428,False
2024-07-29,0.03465337390165662,0.043112890270592,0.0063546237392582494,False
2024-07-30,0.031569244755535436,0.043112890270592,0.0059895840846870985,False
2024-07-31,0.04095561517405008,0.043112890270592,0.006241511762417862,False
2024-08-01,0.03997238061641134,0.043112890270592,0.006297766379054807,False
2024-08-02,0.10984558128148086,0.043112890270592,0.00694278730259972,False
2024-08-05,0.178668262775329,0.043112890270592,0.001651210556926853,False
2024-08-06,0.06966908275890013,0.04327406993053412,0.00548994096952039,False
2024-08-07,0.06315110526464984,0.04351138530466745,0.009991886125576476,False
2024-08-08,0.0674403542172369,0.043707720347072,0.0073520066477796514,False
2024-08-09,0.05463181380138091,0.043707720347072,0.00662864264657173,False
2024-08-12,0.05208370666603197,0.04376397794592909,0.006874859521833055,False
2024-08-13,0.04384900813060318,0.0439133104200148,0.0064734389383706665,False
2024-08-14,0.039623107102656305,0.04383298707740553,0.008059743751905287,False
2024-08-15,0.041848547117900634,0.04383298707740553,0.0022319606563958303,False
2024-08-16,0.04460625919670706,0.04376397794592909,0.002721151661094838,False
2024-08-19,0.049190970238899914,0.04376397794592909,0.0014398434581543872,False
2024-08-20,0.032477001523751575,0.04383298707740553,0.0029755031363055684,False
2024-08-21,0.03485149226062327,0.04376397794592909,0.005072866915286665,False
2024-08-22,0.03521614019856548,0.04376397794592909,0.0031333723692985632,False
2024-08-23,0.024727024552847802,0.043707720347072,0.002665862506423775,False
2024-08-26,0.032488672079534354,0.043707720347072,0.0006732533461512153,False
2024-08-27,0.02968358916180562,0.043707720347072,0.0035531586728490576,False
2024-08-28,0.028788674800032943,0.043707720347072,0.0018221844530764953,False
2024-08-29,0.033417115022077906,0.043707720347072,0.0013839403277420826,False
2024-08-30,0.028967382736008483,0.043707720347072,-0.0012290963972860609,False
2024-09-03,0.03480700139848694,0.043707720347072,-0.0007121764881708951,False
2024-09-04,0.04086414834216456,0.043707720347072,-0.0014582047681826237,False
2024-09-05,0.034020626447726576,0.043707720347072,-0.002576136172954851,False
2024-09-06,0.03195763209050827,0.043707720347072,-0.004003467076385726,False
2024-09-09,0.03890905244911989,0.043707720347072,-0.001812822338261782,False
2024-09-10,0.04582898918504074,0.043707720347072,-0.0017841628512906083,False
2024-09-11,0.03208654128634662,0.04376397794592909,-0.00327350715880654,False
2024-09-12,0.03447216564198425,0.04376397794592909,-0.0014840093252297389,False
2024-09-13,0.03298709049519731,0.043707720347072,-0.001311381944936591,False
2024-09-16,0.0402028068242839,0.043707720347072,-0.0006027032846903439,False
2024-09-17,0.03316162148689194,0.043707720347072,-0.0011532673950836547,False
2024-09-18,0.03579962418821826,0.043707720347072,0.001011327464436526,False
2024-09-19,0.03489902968523813,0.043707720347072,0.0006120050077890898,False
2024-09-20,0.055971209869205216,0.043707720347072,-0.0012155231622501645,False
2024-09-23,0.03496487139555644,0.04376397794592909,-0.0015076873300502803,False
2024-09-24,0.04214766560545488,0.043707720347072,-0.0017432024898763538,False
2024-09-25,0.03632109225914666,0.043707720347072,-0.0006316294976076326,False
2024-09-26,0.04321585053161474,0.04347448331433213,0.000753834444660053,False
2024-09-27,0.057676449884397116,0.04319797281913036,0.00012495658792517045,False
2024-09-30,0.038805766212677686,0.043492361026816515,0.0016410124843854329,False
2024-10-01,0.034834700281187805,0.04319797281913036,0.001039179346407849,False
2024-10-02,0.03151397248324131,0.04319797281913036,0.003450099830767515,False
2024-10-03,0.04222961219089899,0.04319797281913036,0.0029897951966432784,False
2024-10-04,0.03150948673773087,0.043112890270592,0.00570354620447529,False
2024-10-07,0.04105032111709498,0.043112890270592,0.005624033780118105,False
2024-10-08,0.035033988105849914,0.043112890270592,0.006438343640399918,False
2024-10-09,0.035295162558551404,0.04301982370517109,0.0059670131300972665,False
2024-10-10,0.042887734421378554,0.04284099379970533,0.005984483420602468,False
2024-10-11,0.03254670512944051,0.04288312846132301,0.006272374040303373,False
2024-10-14,0.030831724799291232,0.04288312846132301,0.007167952477591402,False
2024-10-15,0.029952646591431535,0.04288312846132301,0.008698610593148215,False
2024-10-16,0.029537243627993284,0.04288312846132301,0.009488209768062321,False
2024-10-17,0.03562810159632478,0.04288312846132301,0.008889935706584926,False
2024-10-18,0.031244972426676874,0.04284099379970533,0.008413146678896791,False
2024-10-21,0.030119135473778504,0.042677694627841475,0.008186756654810966,False
2024-10-22,0.034185107304940114,0.042677694627841475,0.008437706927126172,False
2024-10-23,0.031057971583996938,0.042677694627841475,0.00899666732351836,False
2024-10-24,0.0304784694623723,0.042677694627841475,0.011334094057312801,False
2024-10-25,0.030393650428036448,0.042677694627841475,0.009777255862796198,False
2024-10-28,0.030284093505009588,0.0423690193043507,0.01048789691934664,False
2024-10-29,0.03441342730398145,0.0423690193043507,0.011717762350443871,False
2024-10-30,0.03345280564589743,0.0423690193043507,0.012169053308854698,False
2024-10-31,0.031165691746016508,0.0423690193043507,0.011464950777892446,False
2024-11-01,0.03053660662804083,0.0423690193043507,0.011473704630692291,False
2024-11-04,0.03577578789898947,0.0423690193043507,0.012242355203129893,False
2024-11-05,0.03532264259966826,0.0423690193043507,0.011881585432508153,False
2024-11-06,0.037922857607139135,0.042223050216696964,0.009892149644863374,False
2024-11-07,0.09282377564140977,0.04219446554042269,0.010087465391598539,False
2024-11-08,0.0398221065202181,0.04219446554042269,0.011531034731534147,False
2024-11-11,0.06145861017381185,0.04219446554042269,0.011373594847156438,False
2024-11-12,0.05312728232343374,0.042223050216696964,0.015081367855714121,False
2024-11-13,0.0460017076119477,0.0423690193043507,0.01491174849893851,False
2024-11-14,0.03991114535540048,0.042677694627841475,0.013624149796997529,False
2024-11-15,0.03513117088216193,0.042677694627841475,0.013277279827907247,False
2024-11-18,0.036702960751645586,0.0423690193043507,0.01336140798458575,False
2024-11-19,0.03923390036429447,0.0423690193043507,0.014772886006919863,False
2024-11-20,0.040937845668209696,0.042223050216696964,0.015046679529181366,False
2024-11-21,0.03397283224767475,0.042223050216696964,0.01574910222481266,False
2024-11-22,0.03396306499574262,0.042223050216696964,0.016516369490454343,False
2024-11-25,0.04669186853074148,0.042223050216696964,0.016422282110257435,False
2024-11-26,0.04268125451890529,0.0423690193043507,0.016345726675833415,False
2024-11-27,0.02894387754771475,0.04262577783166696,0.014870908355920826,False
2024-11-29,0.029809322999766796,0.04262577783166696,0.01416262842435851,False
2024-12-02,0.031788465523834734,0.04262577783166696,0.013315748066548798,False
2024-12-03,0.02743428961194913,0.04262577783166696,0.012879361150035082,False
2024-12-04,0.035543216295013697,0.04262577783166696,0.01049923889861016,False
2024-12-05,0.028690370359600443,0.04262577783166696,0.010280211407229376,False
2024-12-06,0.032516568360515856,0.04262577783166696,0.010899455389342758,False
2024-12-09,0.03109146311133809,0.04262577783166696,0.014117725117337146,False
2024-12-10,0.03426024475278672,0.04262577783166696,0.01615385144216098,False
2024-12-11,0.03196321430105212,0.04262577783166696,0.012637721384396708,False
2024-12-12,0.037839631939159096,0.04262577783166696,0.013271145929146086,False
2024-12-13,0.030397624773138496,0.04262577783166696,0.01367248964640089,False
2024-12-16,0.03464227786427834,0.04262577783166696,0.013257041358146142,False
2024-12-17,0.03702642436399735,0.0423690193043507,0.010943087130731539,False
2024-12-18,0.03154696064408357,0.042223050216696964,0.013552187785889312,False
2024-12-19,0.04979255927269763,0.042223050216696964,0.016571381178059754,False
2024-12-20,0.044235510590730914,0.0423690193043507,0.017012085103549044,False
2024-12-23,0.040434273107161425,0.04262577783166696,0.017479796619620184,False
2024-12-24,0.03491917652250928,0.04262577783166696,0.01833419418610465,False
2024-12-26,0.04203433503817197,0.04262577783166696,0.01820074784547313,False
2024-12-27,0.04081134487359906,0.04262577783166696,0.01590500030750828,False
2024-12-30,0.0465330150787053,0.04262577783166696,0.015415868649257113,False
2024-12-31,,0.04273317131507981,0.016018124659730373,False
