gross_pnl,trade_cost,borrow_cost,net_pnl,gross_long,gross_short,gross_notional,turnover_$,n_long,n_short
0.0,0.0,0.0,0.0,0.0,0.0,0.0,0.0,0,0
0.0,0.0,0.0,0.0,0.0,0.0,0.0,0.0,0,0
0.0,0.0,0.0,0.0,0.0,0.0,0.0,0.0,0,0
0.0,0.0,0.0,0.0,0.0,0.0,0.0,0.0,0,0
0.0,0.0,0.0,0.0,0.0,0.0,0.0,0.0,0,0
0.0,0.0,0.0,0.0,0.0,0.0,0.0,0.0,0,0
0.0,0.0,0.0,0.0,0.0,0.0,0.0,0.0,0,0
0.0,0.0,0.0,0.0,0.0,0.0,0.0,0.0,0,0
0.0,0.0,0.0,0.0,0.0,0.0,0.0,0.0,0,0
0.0,0.0,0.0,0.0,0.0,0.0,0.0,0.0,0,0
0.0,0.0,0.0,0.0,0.0,0.0,0.0,0.0,0,0
0.0,0.0,0.0,0.0,0.0,0.0,0.0,0.0,0,0
0.0,0.0,0.0,0.0,0.0,0.0,0.0,0.0,0,0
0.0,0.0,0.0,0.0,0.0,0.0,0.0,0.0,0,0
0.0,0.0,0.0,0.0,0.0,0.0,0.0,0.0,0,0
0.0,0.0,0.0,0.0,0.0,0.0,0.0,0.0,0,0
0.0,0.0,0.0,0.0,0.0,0.0,0.0,0.0,0,0
0.0,0.0,0.0,0.0,0.0,0.0,0.0,0.0,0,0
0.0,0.0,0.0,0.0,0.0,0.0,0.0,0.0,0,0
0.0,0.0,0.0,0.0,0.0,0.0,0.0,0.0,0,0
0.0,0.0,0.0,0.0,0.0,0.0,0.0,0.0,0,0
0.0,0.0,0.0,0.0,0.0,0.0,0.0,0.0,0,0
0.0,0.0,0.0,0.0,0.0,0.0,0.0,0.0,0,0
0.0,0.0,0.0,0.0,0.0,0.0,0.0,0.0,0,0
0.0,0.0,0.0,0.0,0.0,0.0,0.0,0.0,0,0
0.0,0.0,0.0,0.0,0.0,0.0,0.0,0.0,0,0
0.0,0.0,0.0,0.0,0.0,0.0,0.0,0.0,0,0
0.0,0.0,0.0,0.0,0.0,0.0,0.0,0.0,0,0
0.0,0.0,0.0,0.0,0.0,0.0,0.0,0.0,0,0
0.0,0.0,0.0,0.0,0.0,0.0,0.0,0.0,0,0
0.0,0.0,0.0,0.0,0.0,0.0,0.0,0.0,0,0
0.0,0.0,0.0,0.0,0.0,0.0,0.0,0.0,0,0
0.0,0.0,0.0,0.0,0.0,0.0,0.0,0.0,0,0
0.0,0.0,0.0,0.0,0.0,0.0,0.0,0.0,0,0
0.0,0.0,0.0,0.0,0.0,0.0,0.0,0.0,0,0
0.0,0.0,0.0,0.0,0.0,0.0,0.0,0.0,0,0
0.0,0.0,0.0,0.0,0.0,0.0,0.0,0.0,0,0
0.0,0.0,0.0,0.0,0.0,0.0,0.0,0.0,0,0
0.0,0.0,0.0,0.0,0.0,0.0,0.0,0.0,0,0
0.0,0.0,0.0,0.0,0.0,0.0,0.0,0.0,0,0
0.0,0.0,0.0,0.0,0.0,0.0,0.0,0.0,0,0
0.0,0.0,0.0,0.0,0.0,0.0,0.0,0.0,0,0
0.0,0.0,0.0,0.0,0.0,0.0,0.0,0.0,0,0
0.0,0.0,0.0,0.0,0.0,0.0,0.0,0.0,0,0
0.0,0.0,0.0,0.0,0.0,0.0,0.0,0.0,0,0
0.0,0.0,0.0,0.0,0.0,0.0,0.0,0.0,0,0
0.0,0.0,0.0,0.0,0.0,0.0,0.0,0.0,0,0
0.0,0.0,0.0,0.0,0.0,0.0,0.0,0.0,0,0
0.0,0.0,0.0,0.0,0.0,0.0,0.0,0.0,0,0
0.0,0.0,0.0,0.0,0.0,0.0,0.0,0.0,0,0
0.0,0.0,0.0,0.0,0.0,0.0,0.0,0.0,0,0
0.0,0.0,0.0,0.0,0.0,0.0,0.0,0.0,0,0
0.0,0.0,0.0,0.0,0.0,0.0,0.0,0.0,0,0
0.0,0.0,0.0,0.0,0.0,0.0,0.0,0.0,0,0
0.0,0.0,0.0,0.0,0.0,0.0,0.0,0.0,0,0
0.0,0.0,0.0,0.0,0.0,0.0,0.0,0.0,0,0
0.0,0.0,0.0,0.0,0.0,0.0,0.0,0.0,0,0
0.0,0.0,0.0,0.0,0.0,0.0,0.0,0.0,0,0
0.0,0.0,0.0,0.0,0.0,0.0,0.0,0.0,0,0
0.0,0.0,0.0,0.0,0.0,0.0,0.0,0.0,0,0
0.0,0.0,0.0,0.0,0.0,0.0,0.0,0.0,0,0
0.0,0.0,0.0,0.0,0.0,0.0,0.0,0.0,0,0
0.0,0.0,0.0,0.0,0.0,0.0,0.0,0.0,0,0
0.0,0.0,0.0,0.0,0.0,0.0,0.0,0.0,0,0
189896.32863215156,50000.00000000001,1984.1269841269846,137912.20164802458,125000000.00000001,125000000.00000001,250000000.00000003,250000000.00000003,30,30
83402.71617585844,103277.97396990296,1984.126984126984,-21859.3847781715,125000000.00000001,125000000.0,250000000.0,367060749.0139576,30,30
0.0,50000.00000000001,0.0,-50000.00000000001,0.0,0.0,0.0,250000000.00000003,0,0
0.0,0.0,0.0,0.0,0.0,0.0,0.0,0.0,0,0
0.0,0.0,0.0,0.0,0.0,0.0,0.0,0.0,0,0
0.0,0.0,0.0,0.0,0.0,0.0,0.0,0.0,0,0
0.0,0.0,0.0,0.0,0.0,0.0,0.0,0.0,0,0
0.0,0.0,0.0,0.0,0.0,0.0,0.0,0.0,0,0
336107.48077094834,50000.0,1984.126984126984,284123.35378682136,125000000.0,125000000.00000001,250000000.0,250000000.0,29,29
344332.23565562046,100000.00000000003,1984.1269841269848,242348.10867149345,125000000.00000001,125000000.00000004,250000000.00000006,296391766.562509,29,29
0.0,50000.00000000001,0.0,-50000.00000000001,0.0,0.0,0.0,250000000.00000006,0,0
0.0,0.0,0.0,0.0,0.0,0.0,0.0,0.0,0,0
0.0,0.0,0.0,0.0,0.0,0.0,0.0,0.0,0,0
0.0,0.0,0.0,0.0,0.0,0.0,0.0,0.0,0,0
0.0,0.0,0.0,0.0,0.0,0.0,0.0,0.0,0,0
0.0,0.0,0.0,0.0,0.0,0.0,0.0,0.0,0,0
0.0,0.0,0.0,0.0,0.0,0.0,0.0,0.0,0,0
0.0,0.0,0.0,0.0,0.0,0.0,0.0,0.0,0,0
0.0,0.0,0.0,0.0,0.0,0.0,0.0,0.0,0,0
0.0,0.0,0.0,0.0,0.0,0.0,0.0,0.0,0,0
-171380.43241168937,50000.000000000015,1984.1269841269848,-223364.55939581635,124999999.99999997,125000000.0,249999999.99999997,249999999.99999997,29,29
0.0,50000.000000000015,0.0,-50000.000000000015,0.0,0.0,0.0,249999999.99999997,0,0
0.0,0.0,0.0,0.0,0.0,0.0,0.0,0.0,0,0
0.0,0.0,0.0,0.0,0.0,0.0,0.0,0.0,0,0
0.0,0.0,0.0,0.0,0.0,0.0,0.0,0.0,0,0
0.0,0.0,0.0,0.0,0.0,0.0,0.0,0.0,0,0
0.0,0.0,0.0,0.0,0.0,0.0,0.0,0.0,0,0
0.0,0.0,0.0,0.0,0.0,0.0,0.0,0.0,0,0
0.0,0.0,0.0,0.0,0.0,0.0,0.0,0.0,0,0
0.0,0.0,0.0,0.0,0.0,0.0,0.0,0.0,0,0
0.0,0.0,0.0,0.0,0.0,0.0,0.0,0.0,0,0
0.0,0.0,0.0,0.0,0.0,0.0,0.0,0.0,0,0
0.0,0.0,0.0,0.0,0.0,0.0,0.0,0.0,0,0
0.0,0.0,0.0,0.0,0.0,0.0,0.0,0.0,0,0
-473185.1339334227,50000.00000000001,1984.126984126984,-525169.2609175497,125000000.0,125000000.00000001,250000000.0,250000000.0,30,30
1099893.250912688,100000.00000000003,1984.1269841269839,997909.123928561,125000000.0,125000000.0,250000000.0,279823327.1327243,31,31
222011.5346578883,103643.42738227254,1984.1269841269836,116383.98029148877,125000000.00000001,125000000.0,250000000.0,404157291.6508816,31,31
498379.72789816925,102713.26419126845,1984.1269841269839,393682.33672277385,125000000.00000004,125000000.00000001,250000000.00000006,396509234.4757021,31,31
0.0,50000.000000000015,0.0,-50000.000000000015,0.0,0.0,0.0,250000000.00000006,0,0
471153.69499534793,50000.000000000015,1984.1269841269846,419169.56801122095,125000000.00000001,125000000.00000003,250000000.00000006,250000000.00000006,31,31
0.0,50000.000000000015,0.0,-50000.000000000015,0.0,0.0,0.0,250000000.00000006,0,0
-182607.65115898883,49999.99999999999,1984.1269841269839,-234591.7781431158,125000000.0,124999999.99999997,249999999.99999997,249999999.99999997,31,31
-136592.34170090454,100000.00000000001,1984.1269841269836,-238576.46868503152,125000000.0,125000000.0,250000000.0,300533885.7388107,31,31
489995.8236400108,99999.99999999999,1984.1269841269839,388011.6966558838,125000000.0,125000000.0,250000000.0,294822268.5781573,31,31
0.0,50000.00000000001,0.0,-50000.00000000001,0.0,0.0,0.0,250000000.0,0,0
0.0,0.0,0.0,0.0,0.0,0.0,0.0,0.0,0,0
481227.97833212663,50000.00000000001,1984.126984126984,429243.85134799965,125000000.0,125000000.00000001,250000000.0,250000000.0,31,31
0.0,50000.00000000001,0.0,-50000.00000000001,0.0,0.0,0.0,250000000.0,0,0
0.0,0.0,0.0,0.0,0.0,0.0,0.0,0.0,0,0
0.0,0.0,0.0,0.0,0.0,0.0,0.0,0.0,0,0
0.0,0.0,0.0,0.0,0.0,0.0,0.0,0.0,0,0
0.0,0.0,0.0,0.0,0.0,0.0,0.0,0.0,0,0
0.0,0.0,0.0,0.0,0.0,0.0,0.0,0.0,0,0
412837.24843627145,50000.00000000002,1984.1269841269836,360853.12145214446,125000000.00000001,124999999.99999999,250000000.0,250000000.0,30,30
0.0,50000.00000000002,0.0,-50000.00000000002,0.0,0.0,0.0,250000000.0,0,0
1077096.4277363645,50000.00000000001,1984.1269841269843,1025112.3007522376,125000000.0,125000000.00000003,250000000.00000003,250000000.00000003,30,30
0.0,50000.00000000001,0.0,-50000.00000000001,0.0,0.0,0.0,250000000.00000003,0,0
0.0,0.0,0.0,0.0,0.0,0.0,0.0,0.0,0,0
0.0,0.0,0.0,0.0,0.0,0.0,0.0,0.0,0,0
0.0,0.0,0.0,0.0,0.0,0.0,0.0,0.0,0,0
0.0,0.0,0.0,0.0,0.0,0.0,0.0,0.0,0,0
0.0,0.0,0.0,0.0,0.0,0.0,0.0,0.0,0,0
0.0,0.0,0.0,0.0,0.0,0.0,0.0,0.0,0,0
0.0,0.0,0.0,0.0,0.0,0.0,0.0,0.0,0,0
0.0,0.0,0.0,0.0,0.0,0.0,0.0,0.0,0,0
0.0,0.0,0.0,0.0,0.0,0.0,0.0,0.0,0,0
0.0,0.0,0.0,0.0,0.0,0.0,0.0,0.0,0,0
0.0,0.0,0.0,0.0,0.0,0.0,0.0,0.0,0,0
398754.4510149676,50000.0,1984.1269841269846,346770.3240308406,125000000.0,125000000.00000001,250000000.0,250000000.0,30,30
0.0,50000.0,0.0,-50000.0,0.0,0.0,0.0,250000000.0,0,0
0.0,0.0,0.0,0.0,0.0,0.0,0.0,0.0,0,0
0.0,0.0,0.0,0.0,0.0,0.0,0.0,0.0,0,0
0.0,0.0,0.0,0.0,0.0,0.0,0.0,0.0,0,0
0.0,0.0,0.0,0.0,0.0,0.0,0.0,0.0,0,0
0.0,0.0,0.0,0.0,0.0,0.0,0.0,0.0,0,0
0.0,0.0,0.0,0.0,0.0,0.0,0.0,0.0,0,0
0.0,0.0,0.0,0.0,0.0,0.0,0.0,0.0,0,0
-290574.21174770035,50000.000000000015,1984.1269841269836,-342558.33873182733,125000000.0,124999999.99999999,250000000.0,249999999.99999997,27,27
-41376.93003109665,101440.37180959014,1984.1269841269836,-144801.42882481377,125000000.00000001,125000000.00000001,250000000.00000003,331595653.41135454,27,27
-186419.4591943404,103411.14008635897,1984.1269841269843,-291814.7262648264,125000000.00000001,125000000.00000001,250000000.00000003,362673770.6264979,28,28
0.0,50000.000000000015,0.0,-50000.000000000015,0.0,0.0,0.0,250000000.00000003,0,0
0.0,0.0,0.0,0.0,0.0,0.0,0.0,0.0,0,0
0.0,0.0,0.0,0.0,0.0,0.0,0.0,0.0,0,0
479929.124462614,49999.999999999985,1984.1269841269836,427944.997478487,124999999.99999999,125000000.0,250000000.0,250000000.0,29,29
0.0,49999.999999999985,0.0,-49999.999999999985,0.0,0.0,0.0,250000000.0,0,0
0.0,0.0,0.0,0.0,0.0,0.0,0.0,0.0,0,0
0.0,0.0,0.0,0.0,0.0,0.0,0.0,0.0,0,0
0.0,0.0,0.0,0.0,0.0,0.0,0.0,0.0,0,0
0.0,0.0,0.0,0.0,0.0,0.0,0.0,0.0,0,0
0.0,0.0,0.0,0.0,0.0,0.0,0.0,0.0,0,0
0.0,0.0,0.0,0.0,0.0,0.0,0.0,0.0,0,0
0.0,0.0,0.0,0.0,0.0,0.0,0.0,0.0,0,0
336585.4925071556,50000.00000000002,1984.1269841269843,284601.3655230286,125000000.0,125000000.00000001,250000000.0,250000000.0,30,30
199473.2144653762,100000.00000000007,1984.1269841269848,97489.08748124914,125000000.00000001,125000000.00000004,250000000.00000006,298139873.5070708,30,30
0.0,50000.00000000002,0.0,-50000.00000000002,0.0,0.0,0.0,250000000.00000006,0,0
-316514.36973138346,50000.000000000015,1984.1269841269843,-368498.49671551044,125000000.0,125000000.0,250000000.0,250000000.0,30,30
0.0,50000.000000000015,0.0,-50000.000000000015,0.0,0.0,0.0,250000000.0,0,0
0.0,0.0,0.0,0.0,0.0,0.0,0.0,0.0,0,0
0.0,0.0,0.0,0.0,0.0,0.0,0.0,0.0,0,0
0.0,0.0,0.0,0.0,0.0,0.0,0.0,0.0,0,0
-160109.55352012653,50000.0,1984.1269841269832,-212093.6805042535,125000000.0,124999999.99999999,250000000.0,249999999.99999997,30,30
86845.83596369614,100000.0,1984.1269841269839,-15138.291020430845,125000000.00000001,125000000.0,250000000.0,323583334.10556555,30,30
0.0,50000.00000000001,0.0,-50000.00000000001,0.0,0.0,0.0,250000000.0,0,0
0.0,0.0,0.0,0.0,0.0,0.0,0.0,0.0,0,0
0.0,0.0,0.0,0.0,0.0,0.0,0.0,0.0,0,0
0.0,0.0,0.0,0.0,0.0,0.0,0.0,0.0,0,0
0.0,0.0,0.0,0.0,0.0,0.0,0.0,0.0,0,0
0.0,0.0,0.0,0.0,0.0,0.0,0.0,0.0,0,0
0.0,0.0,0.0,0.0,0.0,0.0,0.0,0.0,0,0
0.0,0.0,0.0,0.0,0.0,0.0,0.0,0.0,0,0
0.0,0.0,0.0,0.0,0.0,0.0,0.0,0.0,0,0
0.0,0.0,0.0,0.0,0.0,0.0,0.0,0.0,0,0
0.0,0.0,0.0,0.0,0.0,0.0,0.0,0.0,0,0
0.0,0.0,0.0,0.0,0.0,0.0,0.0,0.0,0,0
-49246.515895701006,50000.000000000015,1984.126984126984,-101230.642879828,125000000.00000003,125000000.00000001,250000000.00000006,250000000.00000003,29,29
0.0,50000.000000000015,0.0,-50000.000000000015,0.0,0.0,0.0,250000000.00000003,0,0
0.0,0.0,0.0,0.0,0.0,0.0,0.0,0.0,0,0
0.0,0.0,0.0,0.0,0.0,0.0,0.0,0.0,0,0
0.0,0.0,0.0,0.0,0.0,0.0,0.0,0.0,0,0
0.0,0.0,0.0,0.0,0.0,0.0,0.0,0.0,0,0
0.0,0.0,0.0,0.0,0.0,0.0,0.0,0.0,0,0
0.0,0.0,0.0,0.0,0.0,0.0,0.0,0.0,0,0
-511585.39633982553,50000.00000000001,1984.1269841269846,-563569.5233239526,124999999.99999999,125000000.00000001,250000000.0,250000000.0,31,31
-259065.30678528274,99999.99999999996,1984.126984126984,-361049.43376940966,124999999.99999997,124999999.99999999,249999999.99999994,314593614.280962,30,30
0.0,49999.99999999999,0.0,-49999.99999999999,0.0,0.0,0.0,249999999.99999997,0,0
0.0,0.0,0.0,0.0,0.0,0.0,0.0,0.0,0,0
0.0,0.0,0.0,0.0,0.0,0.0,0.0,0.0,0,0
0.0,0.0,0.0,0.0,0.0,0.0,0.0,0.0,0,0
0.0,0.0,0.0,0.0,0.0,0.0,0.0,0.0,0,0
0.0,0.0,0.0,0.0,0.0,0.0,0.0,0.0,0,0
0.0,0.0,0.0,0.0,0.0,0.0,0.0,0.0,0,0
0.0,0.0,0.0,0.0,0.0,0.0,0.0,0.0,0,0
0.0,0.0,0.0,0.0,0.0,0.0,0.0,0.0,0,0
0.0,0.0,0.0,0.0,0.0,0.0,0.0,0.0,0,0
158935.82535937522,50000.00000000001,1984.1269841269846,106951.69837524823,124999999.99999999,125000000.0,250000000.0,249999999.99999997,31,31
0.0,50000.00000000001,0.0,-50000.00000000001,0.0,0.0,0.0,249999999.99999997,0,0
0.0,0.0,0.0,0.0,0.0,0.0,0.0,0.0,0,0
0.0,0.0,0.0,0.0,0.0,0.0,0.0,0.0,0,0
0.0,0.0,0.0,0.0,0.0,0.0,0.0,0.0,0,0
0.0,0.0,0.0,0.0,0.0,0.0,0.0,0.0,0,0
0.0,0.0,0.0,0.0,0.0,0.0,0.0,0.0,0,0
0.0,0.0,0.0,0.0,0.0,0.0,0.0,0.0,0,0
0.0,0.0,0.0,0.0,0.0,0.0,0.0,0.0,0,0
0.0,0.0,0.0,0.0,0.0,0.0,0.0,0.0,0,0
0.0,0.0,0.0,0.0,0.0,0.0,0.0,0.0,0,0
0.0,0.0,0.0,0.0,0.0,0.0,0.0,0.0,0,0
0.0,0.0,0.0,0.0,0.0,0.0,0.0,0.0,0,0
0.0,0.0,0.0,0.0,0.0,0.0,0.0,0.0,0,0
0.0,0.0,0.0,0.0,0.0,0.0,0.0,0.0,0,0
0.0,0.0,0.0,0.0,0.0,0.0,0.0,0.0,0,0
0.0,0.0,0.0,0.0,0.0,0.0,0.0,0.0,0,0
0.0,0.0,0.0,0.0,0.0,0.0,0.0,0.0,0,0
0.0,0.0,0.0,0.0,0.0,0.0,0.0,0.0,0,0
0.0,0.0,0.0,0.0,0.0,0.0,0.0,0.0,0,0
0.0,0.0,0.0,0.0,0.0,0.0,0.0,0.0,0,0
189303.19735644248,49999.999999999985,1984.1269841269836,137319.07037231553,125000000.0,124999999.99999999,250000000.0,249999999.99999997,32,32
0.0,49999.999999999985,0.0,-49999.999999999985,0.0,0.0,0.0,249999999.99999997,0,0
0.0,0.0,0.0,0.0,0.0,0.0,0.0,0.0,0,0
0.0,0.0,0.0,0.0,0.0,0.0,0.0,0.0,0,0
0.0,0.0,0.0,0.0,0.0,0.0,0.0,0.0,0,0
0.0,0.0,0.0,0.0,0.0,0.0,0.0,0.0,0,0
0.0,0.0,0.0,0.0,0.0,0.0,0.0,0.0,0,0
0.0,0.0,0.0,0.0,0.0,0.0,0.0,0.0,0,0
0.0,0.0,0.0,0.0,0.0,0.0,0.0,0.0,0,0
0.0,0.0,0.0,0.0,0.0,0.0,0.0,0.0,0,0
0.0,0.0,0.0,0.0,0.0,0.0,0.0,0.0,0,0
0.0,0.0,0.0,0.0,0.0,0.0,0.0,0.0,0,0
0.0,0.0,0.0,0.0,0.0,0.0,0.0,0.0,0,0
-105906.60648705221,50000.000000000015,1984.1269841269839,-157890.7334711792,125000000.0,125000000.0,250000000.0,250000000.0,31,31
94030.29839483462,100000.0,1984.126984126984,-7953.828589292361,125000000.0,125000000.0,250000000.0,324109112.47085804,31,31
448045.81482514413,100000.0,1984.126984126984,346061.68784101715,124999999.99999999,125000000.0,250000000.0,305956436.7375291,30,30
0.0,49999.99999999999,0.0,-49999.99999999999,0.0,0.0,0.0,250000000.0,0,0
0.0,0.0,0.0,0.0,0.0,0.0,0.0,0.0,0,0
0.0,0.0,0.0,0.0,0.0,0.0,0.0,0.0,0,0
18827.13795812836,49999.999999999985,1984.126984126984,-33156.989025998606,125000000.0,125000000.0,250000000.0,250000000.0,30,30
0.0,49999.999999999985,0.0,-49999.999999999985,0.0,0.0,0.0,250000000.0,0,0
0.0,0.0,0.0,0.0,0.0,0.0,0.0,0.0,0,0
0.0,0.0,0.0,0.0,0.0,0.0,0.0,0.0,0,0
0.0,0.0,0.0,0.0,0.0,0.0,0.0,0.0,0,0
0.0,0.0,0.0,0.0,0.0,0.0,0.0,0.0,0,0
0.0,0.0,0.0,0.0,0.0,0.0,0.0,0.0,0,0
0.0,0.0,0.0,0.0,0.0,0.0,0.0,0.0,0,0
0.0,0.0,0.0,0.0,0.0,0.0,0.0,0.0,0,0
0.0,0.0,0.0,0.0,0.0,0.0,0.0,0.0,0,0
0.0,0.0,0.0,0.0,0.0,0.0,0.0,0.0,0,0
0.0,0.0,0.0,0.0,0.0,0.0,0.0,0.0,0,0
0.0,0.0,0.0,0.0,0.0,0.0,0.0,0.0,0,0
0.0,0.0,0.0,0.0,0.0,0.0,0.0,0.0,0,0
0.0,0.0,0.0,0.0,0.0,0.0,0.0,0.0,0,0
0.0,0.0,0.0,0.0,0.0,0.0,0.0,0.0,0,0
0.0,0.0,0.0,0.0,0.0,0.0,0.0,0.0,0,0
0.0,0.0,0.0,0.0,0.0,0.0,0.0,0.0,0,0
444247.8583268413,50000.000000000015,1984.1269841269846,392263.73134271434,125000000.0,125000000.0,250000000.0,250000000.0,33,33
0.0,50000.000000000015,0.0,-50000.000000000015,0.0,0.0,0.0,250000000.0,0,0
0.0,0.0,0.0,0.0,0.0,0.0,0.0,0.0,0,0
663262.391418226,50000.0,1984.1269841269836,611278.264434099,125000000.00000001,124999999.99999999,250000000.0,250000000.0,34,34
242528.26096752213,99999.99999999999,1984.1269841269839,140544.13398339518,125000000.0,124999999.99999999,250000000.0,315913071.1634223,34,34
0.0,50000.0,0.0,-50000.0,0.0,0.0,0.0,250000000.0,0,0
0.0,0.0,0.0,0.0,0.0,0.0,0.0,0.0,0,0
617295.476343543,50000.0,1984.126984126984,565311.349359416,125000000.0,125000000.0,250000000.0,250000000.0,33,33
0.0,50000.0,0.0,-50000.0,0.0,0.0,0.0,250000000.0,0,0
0.0,0.0,0.0,0.0,0.0,0.0,0.0,0.0,0,0
-171252.60039993966,50000.00000000002,1984.126984126984,-223236.72738406667,125000000.0,125000000.00000001,250000000.0,250000000.0,32,32
223253.6715598656,99999.99999999997,1984.1269841269839,121269.54457573863,125000000.00000001,125000000.00000001,250000000.00000003,299409617.5123803,33,33
723962.1910304803,100000.0,1984.1269841269839,621978.0640463533,125000000.00000001,125000000.0,250000000.0,369422776.98905206,33,33
423772.7719404383,100000.0,1984.1269841269843,321788.6449563113,125000000.0,125000000.0,250000000.0,377144348.0957489,33,33
1390282.3406733605,100000.00000000001,1984.126984126984,1288298.2136892334,125000000.0,125000000.0,250000000.0,370794621.87893003,32,32
0.0,49999.99999999999,0.0,-49999.99999999999,0.0,0.0,0.0,250000000.0,0,0
393494.8541638562,50000.000000000015,1984.126984126984,341510.7271797292,125000000.00000003,124999999.99999999,250000000.0,250000000.0,33,33
0.0,50000.000000000015,0.0,-50000.000000000015,0.0,0.0,0.0,250000000.0,0,0
0.0,0.0,0.0,0.0,0.0,0.0,0.0,0.0,0,0
-228569.6190295329,49999.99999999999,1984.1269841269832,-280553.74601365987,125000000.0,124999999.99999999,250000000.0,249999999.99999997,34,34
0.0,49999.99999999999,0.0,-49999.99999999999,0.0,0.0,0.0,249999999.99999997,0,0
0.0,0.0,0.0,0.0,0.0,0.0,0.0,0.0,0,0
0.0,0.0,0.0,0.0,0.0,0.0,0.0,0.0,0,0
0.0,0.0,0.0,0.0,0.0,0.0,0.0,0.0,0,0
0.0,0.0,0.0,0.0,0.0,0.0,0.0,0.0,0,0
315160.3989973586,50000.0,1984.1269841269846,263176.27201323165,124999999.99999999,125000000.00000001,250000000.0,250000000.0,34,34
0.0,50000.0,0.0,-50000.0,0.0,0.0,0.0,250000000.0,0,0
0.0,0.0,0.0,0.0,0.0,0.0,0.0,0.0,0,0
0.0,0.0,0.0,0.0,0.0,0.0,0.0,0.0,0,0
0.0,0.0,0.0,0.0,0.0,0.0,0.0,0.0,0,0
0.0,0.0,0.0,0.0,0.0,0.0,0.0,0.0,0,0
0.0,0.0,0.0,0.0,0.0,0.0,0.0,0.0,0,0
0.0,0.0,0.0,0.0,0.0,0.0,0.0,0.0,0,0
0.0,0.0,0.0,0.0,0.0,0.0,0.0,0.0,0,0
0.0,0.0,0.0,0.0,0.0,0.0,0.0,0.0,0,0
0.0,0.0,0.0,0.0,0.0,0.0,0.0,0.0,0,0
0.0,0.0,0.0,0.0,0.0,0.0,0.0,0.0,0,0
0.0,0.0,0.0,0.0,0.0,0.0,0.0,0.0,0,0
0.0,0.0,0.0,0.0,0.0,0.0,0.0,0.0,0,0
0.0,0.0,0.0,0.0,0.0,0.0,0.0,0.0,0,0
0.0,0.0,0.0,0.0,0.0,0.0,0.0,0.0,0,0
0.0,0.0,0.0,0.0,0.0,0.0,0.0,0.0,0,0
0.0,0.0,0.0,0.0,0.0,0.0,0.0,0.0,0,0
467613.38542991626,50000.00000000001,1984.126984126984,415629.2584457893,125000000.0,125000000.0,250000000.0,250000000.0,35,35
0.0,50000.00000000001,0.0,-50000.00000000001,0.0,0.0,0.0,250000000.0,0,0
542222.9004688156,50000.0,1984.1269841269846,490238.7734846886,125000000.0,125000000.00000001,250000000.0,250000000.0,36,36
0.0,50000.0,0.0,-50000.0,0.0,0.0,0.0,250000000.0,0,0
0.0,0.0,0.0,0.0,0.0,0.0,0.0,0.0,0,0
0.0,0.0,0.0,0.0,0.0,0.0,0.0,0.0,0,0
0.0,0.0,0.0,0.0,0.0,0.0,0.0,0.0,0,0
0.0,0.0,0.0,0.0,0.0,0.0,0.0,0.0,0,0
0.0,0.0,0.0,0.0,0.0,0.0,0.0,0.0,0,0
0.0,0.0,0.0,0.0,0.0,0.0,0.0,0.0,0,0
0.0,0.0,0.0,0.0,0.0,0.0,0.0,0.0,0,0
0.0,0.0,0.0,0.0,0.0,0.0,0.0,0.0,0,0
0.0,0.0,0.0,0.0,0.0,0.0,0.0,0.0,0,0
0.0,0.0,0.0,0.0,0.0,0.0,0.0,0.0,0,0
202284.76662028956,50000.0,1984.1269841269846,150300.63963616258,125000000.0,125000000.00000001,250000000.0,250000000.00000003,35,35
180290.21776280057,99999.99999999999,1984.1269841269846,78306.0907786736,124999999.99999999,125000000.0,250000000.0,320121744.94758654,35,35
0.0,50000.00000000001,0.0,-50000.00000000001,0.0,0.0,0.0,249999999.99999997,0,0
0.0,0.0,0.0,0.0,0.0,0.0,0.0,0.0,0,0
537349.1695019047,50000.00000000001,1984.1269841269832,485365.04251777777,125000000.00000001,124999999.99999999,250000000.0,250000000.0,35,35
1024614.6445832826,100000.00000000007,1984.1269841269836,922630.5175991555,125000000.00000001,125000000.00000001,250000000.00000003,330989954.32082856,35,35
123718.21166549485,101649.17322650923,1984.1269841269836,20084.911454858637,125000000.00000001,125000000.0,250000000.0,291021154.06191635,35,35
-662522.3760616039,99999.99999999993,1984.1269841269843,-764506.5030457308,125000000.00000001,125000000.00000001,250000000.00000003,314525056.0943634,35,35
749674.7866232964,100000.00000000003,1984.126984126984,647690.6596391695,125000000.0,125000000.0,250000000.0,339319916.01284254,35,35
0.0,49999.99999999999,0.0,-49999.99999999999,0.0,0.0,0.0,250000000.0,0,0
942794.1329188324,50000.0,1984.126984126984,890810.0059347054,124999999.99999999,125000000.0,250000000.0,250000000.0,35,35
0.0,50000.0,0.0,-50000.0,0.0,0.0,0.0,250000000.0,0,0
503805.426035453,49999.99999999999,1984.1269841269839,451821.299051326,125000000.0,125000000.0,250000000.0,250000000.0,34,34
353530.81203686557,102244.42206495522,1984.1269841269839,249302.26298778335,125000000.00000001,125000000.0,250000000.0,392468072.6782473,34,34
389341.17447561247,101473.98674199058,1984.1269841269843,285883.06074949494,125000000.0,125000000.00000001,250000000.0,343784147.76783067,33,33
0.0,49999.99999999999,0.0,-49999.99999999999,0.0,0.0,0.0,250000000.0,0,0
-522269.786322904,50000.00000000001,1984.1269841269834,-574253.913307031,125000000.00000001,125000000.0,250000000.0,250000000.0,32,32
301159.5722578033,104788.70791758913,1984.1269841269839,194386.7373560872,125000000.0,125000000.0,250000000.0,365201699.8495591,32,32
0.0,50000.00000000001,0.0,-50000.00000000001,0.0,0.0,0.0,250000000.0,0,0
-594820.3917230096,50000.0,1984.1269841269836,-646804.5187071366,124999999.99999999,124999999.99999999,249999999.99999997,249999999.99999997,33,33
106314.3041649178,100000.00000000001,1984.1269841269848,4330.177180790805,124999999.99999999,125000000.0,250000000.0,380025452.360494,31,31
0.0,49999.99999999999,0.0,-49999.99999999999,0.0,0.0,0.0,250000000.0,0,0
0.0,0.0,0.0,0.0,0.0,0.0,0.0,0.0,0,0
-130758.93055643613,50000.00000000001,1984.1269841269839,-182743.0575405631,125000000.0,124999999.99999999,250000000.0,250000000.0,34,34
0.0,50000.00000000001,0.0,-50000.00000000001,0.0,0.0,0.0,250000000.0,0,0
0.0,0.0,0.0,0.0,0.0,0.0,0.0,0.0,0,0
-521346.3739202437,50000.00000000003,1984.1269841269839,-573330.5009043707,125000000.00000001,125000000.0,250000000.0,250000000.0,33,33
0.0,50000.00000000003,0.0,-50000.00000000003,0.0,0.0,0.0,250000000.0,0,0
0.0,0.0,0.0,0.0,0.0,0.0,0.0,0.0,0,0
0.0,0.0,0.0,0.0,0.0,0.0,0.0,0.0,0,0
0.0,0.0,0.0,0.0,0.0,0.0,0.0,0.0,0,0
166573.15289841717,50000.0,1984.1269841269839,114589.02591429019,125000000.0,125000000.0,250000000.0,250000000.0,35,35
0.0,50000.0,0.0,-50000.0,0.0,0.0,0.0,250000000.0,0,0
0.0,0.0,0.0,0.0,0.0,0.0,0.0,0.0,0,0
0.0,0.0,0.0,0.0,0.0,0.0,0.0,0.0,0,0
0.0,0.0,0.0,0.0,0.0,0.0,0.0,0.0,0,0
0.0,0.0,0.0,0.0,0.0,0.0,0.0,0.0,0,0
0.0,0.0,0.0,0.0,0.0,0.0,0.0,0.0,0,0
0.0,0.0,0.0,0.0,0.0,0.0,0.0,0.0,0,0
0.0,0.0,0.0,0.0,0.0,0.0,0.0,0.0,0,0
0.0,0.0,0.0,0.0,0.0,0.0,0.0,0.0,0,0
0.0,0.0,0.0,0.0,0.0,0.0,0.0,0.0,0,0
0.0,0.0,0.0,0.0,0.0,0.0,0.0,0.0,0,0
-218929.70290186105,50000.0,1984.1269841269834,-270913.82988598803,125000000.0,125000000.0,250000000.0,250000000.0,34,34
428694.23194704775,99999.99999999999,1984.1269841269843,326710.10496292077,125000000.0,125000000.00000001,250000000.0,352161867.3512314,34,34
0.0,50000.000000000015,0.0,-50000.000000000015,0.0,0.0,0.0,250000000.0,0,0
0.0,0.0,0.0,0.0,0.0,0.0,0.0,0.0,0,0
0.0,0.0,0.0,0.0,0.0,0.0,0.0,0.0,0,0
0.0,0.0,0.0,0.0,0.0,0.0,0.0,0.0,0,0
11408.480143645553,50000.00000000001,1984.1269841269839,-40575.64684048144,124999999.99999997,125000000.0,249999999.99999997,249999999.99999997,34,34
0.0,50000.00000000001,0.0,-50000.00000000001,0.0,0.0,0.0,249999999.99999997,0,0
0.0,0.0,0.0,0.0,0.0,0.0,0.0,0.0,0,0
237971.33527834257,50000.00000000001,1984.1269841269843,185987.20829421558,125000000.00000001,125000000.0,250000000.0,250000000.00000003,33,33
285703.1976651473,101144.059407743,1984.126984126984,182575.01127327734,125000000.0,125000000.00000001,250000000.0,307324626.71411544,33,33
0.0,50000.00000000001,0.0,-50000.00000000001,0.0,0.0,0.0,250000000.0,0,0
0.0,0.0,0.0,0.0,0.0,0.0,0.0,0.0,0,0
0.0,0.0,0.0,0.0,0.0,0.0,0.0,0.0,0,0
0.0,0.0,0.0,0.0,0.0,0.0,0.0,0.0,0,0
97271.40862007646,50000.0,1984.1269841269843,45287.281635949475,124999999.99999999,125000000.0,250000000.0,249999999.99999997,33,33
218064.51204334822,99999.99999999993,1984.1269841269839,116080.38505922131,125000000.00000001,125000000.0,250000000.0,341891046.94798833,33,33
-55656.52890043254,99999.99999999999,1984.1269841269839,-157640.6558845595,125000000.0,125000000.0,250000000.0,369158259.22648907,33,33
294072.26644057565,100000.0,1984.1269841269846,192088.13945644867,125000000.0,124999999.99999999,250000000.0,345471103.59041154,33,33
0.0,50000.00000000001,0.0,-50000.00000000001,0.0,0.0,0.0,250000000.0,0,0
0.0,0.0,0.0,0.0,0.0,0.0,0.0,0.0,0,0
0.0,0.0,0.0,0.0,0.0,0.0,0.0,0.0,0,0
0.0,0.0,0.0,0.0,0.0,0.0,0.0,0.0,0,0
0.0,0.0,0.0,0.0,0.0,0.0,0.0,0.0,0,0
209738.28293545172,50000.000000000015,1984.1269841269843,157754.15595132473,125000000.00000001,125000000.0,250000000.0,250000000.00000003,34,34
-1255866.7576935377,100000.0,1984.1269841269843,-1357850.8846776648,124999999.99999999,125000000.00000001,250000000.0,354172182.7148644,34,34
275934.2646095561,99999.99999999996,1984.1269841269846,173950.1376254292,125000000.0,125000000.00000001,250000000.0,313804393.0094004,34,34
719601.7123676374,100000.0,1984.1269841269834,617617.5853835104,125000000.00000001,125000000.0,250000000.0,330571398.0086932,34,34
0.0,49999.99999999999,0.0,-49999.99999999999,0.0,0.0,0.0,250000000.0,0,0
0.0,0.0,0.0,0.0,0.0,0.0,0.0,0.0,0,0
0.0,0.0,0.0,0.0,0.0,0.0,0.0,0.0,0,0
-68291.51419876934,49999.99999999999,1984.1269841269839,-120275.6411828963,125000000.0,125000000.00000001,250000000.0,250000000.00000003,33,33
0.0,49999.99999999999,0.0,-49999.99999999999,0.0,0.0,0.0,250000000.00000003,0,0
542623.0264548938,49999.999999999985,1984.126984126984,490638.8994707668,125000000.0,125000000.0,250000000.0,250000000.0,33,33
0.0,49999.999999999985,0.0,-49999.999999999985,0.0,0.0,0.0,250000000.0,0,0
0.0,0.0,0.0,0.0,0.0,0.0,0.0,0.0,0,0
0.0,0.0,0.0,0.0,0.0,0.0,0.0,0.0,0,0
301160.3538305403,50000.00000000002,1984.1269841269836,249176.2268464133,125000000.0,125000000.0,250000000.0,250000000.0,32,32
0.0,50000.00000000002,0.0,-50000.00000000002,0.0,0.0,0.0,250000000.0,0,0
0.0,0.0,0.0,0.0,0.0,0.0,0.0,0.0,0,0
0.0,0.0,0.0,0.0,0.0,0.0,0.0,0.0,0,0
-9911.95665327594,50000.00000000002,1984.1269841269848,-61896.083637402946,124999999.99999999,125000000.00000003,250000000.0,250000000.00000003,29,29
0.0,50000.00000000002,0.0,-50000.00000000002,0.0,0.0,0.0,250000000.00000003,0,0
0.0,0.0,0.0,0.0,0.0,0.0,0.0,0.0,0,0
-661094.9775628179,50000.00000000001,1984.126984126984,-713079.1045469448,125000000.0,124999999.99999999,250000000.0,250000000.0,33,33
775454.8858410192,99999.99999999997,1984.1269841269836,673470.7588568922,125000000.00000003,125000000.0,250000000.00000003,300131529.94063854,33,33
0.0,50000.000000000015,0.0,-50000.000000000015,0.0,0.0,0.0,250000000.00000003,0,0
0.0,0.0,0.0,0.0,0.0,0.0,0.0,0.0,0,0
0.0,0.0,0.0,0.0,0.0,0.0,0.0,0.0,0,0
0.0,0.0,0.0,0.0,0.0,0.0,0.0,0.0,0,0
0.0,0.0,0.0,0.0,0.0,0.0,0.0,0.0,0,0
0.0,0.0,0.0,0.0,0.0,0.0,0.0,0.0,0,0
0.0,0.0,0.0,0.0,0.0,0.0,0.0,0.0,0,0
0.0,0.0,0.0,0.0,0.0,0.0,0.0,0.0,0,0
0.0,0.0,0.0,0.0,0.0,0.0,0.0,0.0,0,0
0.0,0.0,0.0,0.0,0.0,0.0,0.0,0.0,0,0
0.0,0.0,0.0,0.0,0.0,0.0,0.0,0.0,0,0
0.0,0.0,0.0,0.0,0.0,0.0,0.0,0.0,0,0
0.0,0.0,0.0,0.0,0.0,0.0,0.0,0.0,0,0
0.0,0.0,0.0,0.0,0.0,0.0,0.0,0.0,0,0
0.0,0.0,0.0,0.0,0.0,0.0,0.0,0.0,0,0
0.0,0.0,0.0,0.0,0.0,0.0,0.0,0.0,0,0
0.0,0.0,0.0,0.0,0.0,0.0,0.0,0.0,0,0
0.0,0.0,0.0,0.0,0.0,0.0,0.0,0.0,0,0
0.0,0.0,0.0,0.0,0.0,0.0,0.0,0.0,0,0
0.0,0.0,0.0,0.0,0.0,0.0,0.0,0.0,0,0
484.37457681963133,50000.0,1984.1269841269846,-51499.75240730735,125000000.0,125000000.00000001,250000000.0,250000000.0,32,32
4568.1382335106355,99999.99999999996,1984.1269841269846,-97415.9887506163,125000000.00000001,125000000.0,250000000.0,311276221.676094,32,32
0.0,50000.00000000001,0.0,-50000.00000000001,0.0,0.0,0.0,250000000.00000003,0,0
0.0,0.0,0.0,0.0,0.0,0.0,0.0,0.0,0,0
0.0,0.0,0.0,0.0,0.0,0.0,0.0,0.0,0,0
0.0,0.0,0.0,0.0,0.0,0.0,0.0,0.0,0,0
0.0,0.0,0.0,0.0,0.0,0.0,0.0,0.0,0,0
109622.23412335594,50000.000000000015,1984.1269841269846,57638.107139228945,124999999.99999999,125000000.00000003,250000000.0,250000000.00000003,31,31
0.0,50000.000000000015,0.0,-50000.000000000015,0.0,0.0,0.0,250000000.00000003,0,0
0.0,0.0,0.0,0.0,0.0,0.0,0.0,0.0,0,0
0.0,0.0,0.0,0.0,0.0,0.0,0.0,0.0,0,0
-297313.34070004686,49999.999999999985,1984.1269841269834,-349297.46768417384,125000000.0,125000000.00000001,250000000.0,250000000.0,33,33
394382.95976034447,100000.00000000006,1984.1269841269839,292398.83277621743,125000000.0,125000000.0,250000000.0,363342033.268083,33,33
-61954.67223365525,100000.00000000007,1984.1269841269848,-163938.7992177823,125000000.0,125000000.00000001,250000000.0,281262855.186057,33,33
0.0,50000.00000000001,0.0,-50000.00000000001,0.0,0.0,0.0,250000000.0,0,0
-585026.1277202835,49999.999999999985,1984.1269841269839,-637010.2547044104,124999999.99999999,125000000.0,250000000.0,249999999.99999997,33,33
97899.28298028233,100000.00000000001,1984.1269841269846,-4084.844003844674,125000000.0,125000000.0,250000000.0,332506295.1548884,33,33
0.0,49999.99999999999,0.0,-49999.99999999999,0.0,0.0,0.0,250000000.0,0,0
0.0,0.0,0.0,0.0,0.0,0.0,0.0,0.0,0,0
0.0,0.0,0.0,0.0,0.0,0.0,0.0,0.0,0,0
0.0,0.0,0.0,0.0,0.0,0.0,0.0,0.0,0,0
0.0,0.0,0.0,0.0,0.0,0.0,0.0,0.0,0,0
-120231.65700932062,50000.00000000001,1984.126984126984,-172215.7839934476,124999999.99999999,125000000.0,250000000.0,250000000.0,34,34
0.0,50000.00000000001,0.0,-50000.00000000001,0.0,0.0,0.0,250000000.0,0,0
0.0,0.0,0.0,0.0,0.0,0.0,0.0,0.0,0,0
0.0,0.0,0.0,0.0,0.0,0.0,0.0,0.0,0,0
0.0,0.0,0.0,0.0,0.0,0.0,0.0,0.0,0,0
0.0,0.0,0.0,0.0,0.0,0.0,0.0,0.0,0,0
-830339.5200522201,50000.00000000001,1984.1269841269843,-882323.6470363471,124999999.99999999,125000000.00000001,250000000.0,250000000.0,34,34
571723.3952438323,100000.00000000001,1984.1269841269846,469739.2682597053,125000000.0,125000000.00000001,250000000.0,351141724.37655646,34,34
0.0,50000.00000000003,0.0,-50000.00000000003,0.0,0.0,0.0,250000000.00000003,0,0
0.0,0.0,0.0,0.0,0.0,0.0,0.0,0.0,0,0
0.0,0.0,0.0,0.0,0.0,0.0,0.0,0.0,0,0
0.0,0.0,0.0,0.0,0.0,0.0,0.0,0.0,0,0
0.0,0.0,0.0,0.0,0.0,0.0,0.0,0.0,0,0
0.0,0.0,0.0,0.0,0.0,0.0,0.0,0.0,0,0
0.0,0.0,0.0,0.0,0.0,0.0,0.0,0.0,0,0
0.0,0.0,0.0,0.0,0.0,0.0,0.0,0.0,0,0
0.0,0.0,0.0,0.0,0.0,0.0,0.0,0.0,0,0
0.0,0.0,0.0,0.0,0.0,0.0,0.0,0.0,0,0
0.0,0.0,0.0,0.0,0.0,0.0,0.0,0.0,0,0
0.0,0.0,0.0,0.0,0.0,0.0,0.0,0.0,0,0
0.0,0.0,0.0,0.0,0.0,0.0,0.0,0.0,0,0
0.0,0.0,0.0,0.0,0.0,0.0,0.0,0.0,0,0
0.0,0.0,0.0,0.0,0.0,0.0,0.0,0.0,0,0
0.0,0.0,0.0,0.0,0.0,0.0,0.0,0.0,0,0
0.0,0.0,0.0,0.0,0.0,0.0,0.0,0.0,0,0
0.0,0.0,0.0,0.0,0.0,0.0,0.0,0.0,0,0
0.0,0.0,0.0,0.0,0.0,0.0,0.0,0.0,0,0
0.0,0.0,0.0,0.0,0.0,0.0,0.0,0.0,0,0
0.0,0.0,0.0,0.0,0.0,0.0,0.0,0.0,0,0
0.0,0.0,0.0,0.0,0.0,0.0,0.0,0.0,0,0
0.0,0.0,0.0,0.0,0.0,0.0,0.0,0.0,0,0
0.0,0.0,0.0,0.0,0.0,0.0,0.0,0.0,0,0
0.0,0.0,0.0,0.0,0.0,0.0,0.0,0.0,0,0
0.0,0.0,0.0,0.0,0.0,0.0,0.0,0.0,0,0
0.0,0.0,0.0,0.0,0.0,0.0,0.0,0.0,0,0
0.0,0.0,0.0,0.0,0.0,0.0,0.0,0.0,0,0
0.0,0.0,0.0,0.0,0.0,0.0,0.0,0.0,0,0
0.0,0.0,0.0,0.0,0.0,0.0,0.0,0.0,0,0
-306431.1931218429,50000.00000000001,1984.1269841269839,-358415.3201059699,125000000.0,125000000.0,250000000.0,250000000.0,34,34
0.0,50000.00000000001,0.0,-50000.00000000001,0.0,0.0,0.0,250000000.0,0,0
-1066527.1464307706,49999.999999999985,1984.1269841269836,-1118511.2734148977,125000000.0,124999999.99999999,250000000.0,249999999.99999997,33,33
0.0,49999.999999999985,0.0,-49999.999999999985,0.0,0.0,0.0,249999999.99999997,0,0
0.0,0.0,0.0,0.0,0.0,0.0,0.0,0.0,0,0
-620612.2390031801,50000.00000000001,1984.1269841269839,-672596.365987307,125000000.00000001,125000000.0,250000000.0,250000000.00000003,34,34
502.6974667330687,100319.59951199107,1984.1269841269839,-101801.02902938498,125000000.0,125000000.0,250000000.0,332598917.72738796,33,33
143998.20622010858,100319.59951199107,1984.1269841269843,41694.47972399053,125000000.0,125000000.0,250000000.0,345936114.94054884,33,33
0.0,50000.00000000001,0.0,-50000.00000000001,0.0,0.0,0.0,250000000.0,0,0
388073.39933761087,50000.0,1984.1269841269836,336089.2723534839,125000000.0,124999999.99999999,250000000.0,250000000.0,33,33
0.0,50000.0,0.0,-50000.0,0.0,0.0,0.0,250000000.0,0,0
-37302.66533404129,50000.0,1984.1269841269834,-89286.79231816827,125000000.0,124999999.99999999,250000000.0,250000000.0,34,34
0.0,50000.0,0.0,-50000.0,0.0,0.0,0.0,250000000.0,0,0
0.0,0.0,0.0,0.0,0.0,0.0,0.0,0.0,0,0
0.0,0.0,0.0,0.0,0.0,0.0,0.0,0.0,0,0
0.0,0.0,0.0,0.0,0.0,0.0,0.0,0.0,0,0
0.0,0.0,0.0,0.0,0.0,0.0,0.0,0.0,0,0
0.0,0.0,0.0,0.0,0.0,0.0,0.0,0.0,0,0
0.0,0.0,0.0,0.0,0.0,0.0,0.0,0.0,0,0
0.0,0.0,0.0,0.0,0.0,0.0,0.0,0.0,0,0
0.0,0.0,0.0,0.0,0.0,0.0,0.0,0.0,0,0
0.0,0.0,0.0,0.0,0.0,0.0,0.0,0.0,0,0
0.0,0.0,0.0,0.0,0.0,0.0,0.0,0.0,0,0
-25586.468528501224,50000.0,1984.1269841269839,-77570.5955126282,125000000.0,125000000.0,250000000.0,250000000.0,36,36
0.0,50000.0,0.0,-50000.0,0.0,0.0,0.0,250000000.0,0,0
0.0,0.0,0.0,0.0,0.0,0.0,0.0,0.0,0,0
0.0,0.0,0.0,0.0,0.0,0.0,0.0,0.0,0,0
0.0,0.0,0.0,0.0,0.0,0.0,0.0,0.0,0,0
0.0,0.0,0.0,0.0,0.0,0.0,0.0,0.0,0,0
0.0,0.0,0.0,0.0,0.0,0.0,0.0,0.0,0,0
235711.74295803177,49999.999999999985,1984.1269841269839,183727.6159739048,125000000.00000001,125000000.0,250000000.0,250000000.00000003,36,36
0.0,49999.999999999985,0.0,-49999.999999999985,0.0,0.0,0.0,250000000.00000003,0,0
4491.0589858113335,50000.00000000001,1984.1269841269839,-47493.06799831566,124999999.99999999,125000000.0,250000000.0,250000000.0,35,35
0.0,50000.00000000001,0.0,-50000.00000000001,0.0,0.0,0.0,250000000.0,0,0
495417.81669013464,50000.00000000001,1984.1269841269839,443433.68970600766,125000000.00000001,124999999.99999999,250000000.0,250000000.0,34,34
0.0,50000.00000000001,0.0,-50000.00000000001,0.0,0.0,0.0,250000000.0,0,0
0.0,0.0,0.0,0.0,0.0,0.0,0.0,0.0,0,0
0.0,0.0,0.0,0.0,0.0,0.0,0.0,0.0,0,0
0.0,0.0,0.0,0.0,0.0,0.0,0.0,0.0,0,0
0.0,0.0,0.0,0.0,0.0,0.0,0.0,0.0,0,0
0.0,0.0,0.0,0.0,0.0,0.0,0.0,0.0,0,0
1234367.1060615045,49999.99999999999,1984.1269841269848,1182382.9790773774,124999999.99999999,125000000.00000001,250000000.0,250000000.0,32,32
0.0,49999.99999999999,0.0,-49999.99999999999,0.0,0.0,0.0,250000000.0,0,0
0.0,0.0,0.0,0.0,0.0,0.0,0.0,0.0,0,0
0.0,0.0,0.0,0.0,0.0,0.0,0.0,0.0,0,0
0.0,0.0,0.0,0.0,0.0,0.0,0.0,0.0,0,0
0.0,0.0,0.0,0.0,0.0,0.0,0.0,0.0,0,0
0.0,0.0,0.0,0.0,0.0,0.0,0.0,0.0,0,0
0.0,0.0,0.0,0.0,0.0,0.0,0.0,0.0,0,0
0.0,0.0,0.0,0.0,0.0,0.0,0.0,0.0,0,0
0.0,0.0,0.0,0.0,0.0,0.0,0.0,0.0,0,0
0.0,0.0,0.0,0.0,0.0,0.0,0.0,0.0,0,0
0.0,0.0,0.0,0.0,0.0,0.0,0.0,0.0,0,0
0.0,0.0,0.0,0.0,0.0,0.0,0.0,0.0,0,0
0.0,0.0,0.0,0.0,0.0,0.0,0.0,0.0,0,0
0.0,0.0,0.0,0.0,0.0,0.0,0.0,0.0,0,0
0.0,0.0,0.0,0.0,0.0,0.0,0.0,0.0,0,0
0.0,0.0,0.0,0.0,0.0,0.0,0.0,0.0,0,0
0.0,0.0,0.0,0.0,0.0,0.0,0.0,0.0,0,0
0.0,0.0,0.0,0.0,0.0,0.0,0.0,0.0,0,0
0.0,0.0,0.0,0.0,0.0,0.0,0.0,0.0,0,0
0.0,0.0,0.0,0.0,0.0,0.0,0.0,0.0,0,0
0.0,0.0,0.0,0.0,0.0,0.0,0.0,0.0,0,0
0.0,0.0,0.0,0.0,0.0,0.0,0.0,0.0,0,0
0.0,0.0,0.0,0.0,0.0,0.0,0.0,0.0,0,0
0.0,0.0,0.0,0.0,0.0,0.0,0.0,0.0,0,0
0.0,0.0,0.0,0.0,0.0,0.0,0.0,0.0,0,0
0.0,0.0,0.0,0.0,0.0,0.0,0.0,0.0,0,0
0.0,0.0,0.0,0.0,0.0,0.0,0.0,0.0,0,0
0.0,0.0,0.0,0.0,0.0,0.0,0.0,0.0,0,0
0.0,0.0,0.0,0.0,0.0,0.0,0.0,0.0,0,0
0.0,0.0,0.0,0.0,0.0,0.0,0.0,0.0,0,0
0.0,0.0,0.0,0.0,0.0,0.0,0.0,0.0,0,0
0.0,0.0,0.0,0.0,0.0,0.0,0.0,0.0,0,0
0.0,0.0,0.0,0.0,0.0,0.0,0.0,0.0,0,0
0.0,0.0,0.0,0.0,0.0,0.0,0.0,0.0,0,0
0.0,0.0,0.0,0.0,0.0,0.0,0.0,0.0,0,0
0.0,0.0,0.0,0.0,0.0,0.0,0.0,0.0,0,0
0.0,0.0,0.0,0.0,0.0,0.0,0.0,0.0,0,0
0.0,0.0,0.0,0.0,0.0,0.0,0.0,0.0,0,0
0.0,0.0,0.0,0.0,0.0,0.0,0.0,0.0,0,0
0.0,0.0,0.0,0.0,0.0,0.0,0.0,0.0,0,0
0.0,0.0,0.0,0.0,0.0,0.0,0.0,0.0,0,0
0.0,0.0,0.0,0.0,0.0,0.0,0.0,0.0,0,0
0.0,0.0,0.0,0.0,0.0,0.0,0.0,0.0,0,0
0.0,0.0,0.0,0.0,0.0,0.0,0.0,0.0,0,0
0.0,0.0,0.0,0.0,0.0,0.0,0.0,0.0,0,0
0.0,0.0,0.0,0.0,0.0,0.0,0.0,0.0,0,0
0.0,0.0,0.0,0.0,0.0,0.0,0.0,0.0,0,0
0.0,0.0,0.0,0.0,0.0,0.0,0.0,0.0,0,0
0.0,0.0,0.0,0.0,0.0,0.0,0.0,0.0,0,0
0.0,0.0,0.0,0.0,0.0,0.0,0.0,0.0,0,0
0.0,0.0,0.0,0.0,0.0,0.0,0.0,0.0,0,0
0.0,0.0,0.0,0.0,0.0,0.0,0.0,0.0,0,0
0.0,0.0,0.0,0.0,0.0,0.0,0.0,0.0,0,0
0.0,0.0,0.0,0.0,0.0,0.0,0.0,0.0,0,0
0.0,0.0,0.0,0.0,0.0,0.0,0.0,0.0,0,0
0.0,0.0,0.0,0.0,0.0,0.0,0.0,0.0,0,0
0.0,0.0,0.0,0.0,0.0,0.0,0.0,0.0,0,0
0.0,0.0,0.0,0.0,0.0,0.0,0.0,0.0,0,0
0.0,0.0,0.0,0.0,0.0,0.0,0.0,0.0,0,0
0.0,0.0,0.0,0.0,0.0,0.0,0.0,0.0,0,0
0.0,0.0,0.0,0.0,0.0,0.0,0.0,0.0,0,0
0.0,0.0,0.0,0.0,0.0,0.0,0.0,0.0,0,0
0.0,0.0,0.0,0.0,0.0,0.0,0.0,0.0,0,0
0.0,0.0,0.0,0.0,0.0,0.0,0.0,0.0,0,0
0.0,0.0,0.0,0.0,0.0,0.0,0.0,0.0,0,0
0.0,0.0,0.0,0.0,0.0,0.0,0.0,0.0,0,0
0.0,0.0,0.0,0.0,0.0,0.0,0.0,0.0,0,0
0.0,0.0,0.0,0.0,0.0,0.0,0.0,0.0,0,0
0.0,0.0,0.0,0.0,0.0,0.0,0.0,0.0,0,0
0.0,0.0,0.0,0.0,0.0,0.0,0.0,0.0,0,0
0.0,0.0,0.0,0.0,0.0,0.0,0.0,0.0,0,0
0.0,0.0,0.0,0.0,0.0,0.0,0.0,0.0,0,0
0.0,0.0,0.0,0.0,0.0,0.0,0.0,0.0,0,0
0.0,0.0,0.0,0.0,0.0,0.0,0.0,0.0,0,0
0.0,0.0,0.0,0.0,0.0,0.0,0.0,0.0,0,0
0.0,0.0,0.0,0.0,0.0,0.0,0.0,0.0,0,0
0.0,0.0,0.0,0.0,0.0,0.0,0.0,0.0,0,0
0.0,0.0,0.0,0.0,0.0,0.0,0.0,0.0,0,0
0.0,0.0,0.0,0.0,0.0,0.0,0.0,0.0,0,0
0.0,0.0,0.0,0.0,0.0,0.0,0.0,0.0,0,0
0.0,0.0,0.0,0.0,0.0,0.0,0.0,0.0,0,0
0.0,0.0,0.0,0.0,0.0,0.0,0.0,0.0,0,0
0.0,0.0,0.0,0.0,0.0,0.0,0.0,0.0,0,0
0.0,0.0,0.0,0.0,0.0,0.0,0.0,0.0,0,0
0.0,0.0,0.0,0.0,0.0,0.0,0.0,0.0,0,0
0.0,0.0,0.0,0.0,0.0,0.0,0.0,0.0,0,0
0.0,0.0,0.0,0.0,0.0,0.0,0.0,0.0,0,0
0.0,0.0,0.0,0.0,0.0,0.0,0.0,0.0,0,0
0.0,0.0,0.0,0.0,0.0,0.0,0.0,0.0,0,0
0.0,0.0,0.0,0.0,0.0,0.0,0.0,0.0,0,0
0.0,0.0,0.0,0.0,0.0,0.0,0.0,0.0,0,0
0.0,0.0,0.0,0.0,0.0,0.0,0.0,0.0,0,0
0.0,0.0,0.0,0.0,0.0,0.0,0.0,0.0,0,0
0.0,0.0,0.0,0.0,0.0,0.0,0.0,0.0,0,0
0.0,0.0,0.0,0.0,0.0,0.0,0.0,0.0,0,0
0.0,0.0,0.0,0.0,0.0,0.0,0.0,0.0,0,0
0.0,0.0,0.0,0.0,0.0,0.0,0.0,0.0,0,0
0.0,0.0,0.0,0.0,0.0,0.0,0.0,0.0,0,0
0.0,0.0,0.0,0.0,0.0,0.0,0.0,0.0,0,0
0.0,0.0,0.0,0.0,0.0,0.0,0.0,0.0,0,0
0.0,0.0,0.0,0.0,0.0,0.0,0.0,0.0,0,0
0.0,0.0,0.0,0.0,0.0,0.0,0.0,0.0,0,0
0.0,0.0,0.0,0.0,0.0,0.0,0.0,0.0,0,0
0.0,0.0,0.0,0.0,0.0,0.0,0.0,0.0,0,0
0.0,0.0,0.0,0.0,0.0,0.0,0.0,0.0,0,0
0.0,0.0,0.0,0.0,0.0,0.0,0.0,0.0,0,0
-294066.93424906203,50000.000000000015,1984.1269841269836,-346051.061233189,125000000.00000001,125000000.0,250000000.0,250000000.0,38,38
0.0,50000.000000000015,0.0,-50000.000000000015,0.0,0.0,0.0,250000000.0,0,0
0.0,0.0,0.0,0.0,0.0,0.0,0.0,0.0,0,0
0.0,0.0,0.0,0.0,0.0,0.0,0.0,0.0,0,0
0.0,0.0,0.0,0.0,0.0,0.0,0.0,0.0,0,0
0.0,0.0,0.0,0.0,0.0,0.0,0.0,0.0,0,0
0.0,0.0,0.0,0.0,0.0,0.0,0.0,0.0,0,0
0.0,0.0,0.0,0.0,0.0,0.0,0.0,0.0,0,0
0.0,0.0,0.0,0.0,0.0,0.0,0.0,0.0,0,0
784821.040525179,50000.0,1984.1269841269834,732836.913541052,124999999.99999999,125000000.00000001,250000000.0,250000000.0,37,37
0.0,50000.0,0.0,-50000.0,0.0,0.0,0.0,250000000.0,0,0
0.0,0.0,0.0,0.0,0.0,0.0,0.0,0.0,0,0
0.0,0.0,0.0,0.0,0.0,0.0,0.0,0.0,0,0
0.0,0.0,0.0,0.0,0.0,0.0,0.0,0.0,0,0
0.0,0.0,0.0,0.0,0.0,0.0,0.0,0.0,0,0
476614.80079679406,49999.999999999985,1984.1269841269836,424630.6738126671,125000000.0,125000000.0,250000000.0,250000000.0,35,35
0.0,49999.999999999985,0.0,-49999.999999999985,0.0,0.0,0.0,250000000.0,0,0
0.0,0.0,0.0,0.0,0.0,0.0,0.0,0.0,0,0
0.0,0.0,0.0,0.0,0.0,0.0,0.0,0.0,0,0
0.0,0.0,0.0,0.0,0.0,0.0,0.0,0.0,0,0
0.0,0.0,0.0,0.0,0.0,0.0,0.0,0.0,0,0
0.0,0.0,0.0,0.0,0.0,0.0,0.0,0.0,0,0
0.0,0.0,0.0,0.0,0.0,0.0,0.0,0.0,0,0
0.0,0.0,0.0,0.0,0.0,0.0,0.0,0.0,0,0
832544.2042484921,50000.0,1984.126984126984,780560.0772643652,124999999.99999999,125000000.0,250000000.0,249999999.99999997,35,35
0.0,50000.0,0.0,-50000.0,0.0,0.0,0.0,249999999.99999997,0,0
-708516.529702504,49999.99999999999,1984.126984126984,-760500.656686631,124999999.99999999,125000000.00000001,250000000.0,250000000.0,37,37
-827712.8761059693,102034.37838461682,1984.1269841269846,-931731.3814747131,124999999.99999999,125000000.0,250000000.0,354217735.24630934,37,37
0.0,50000.00000000005,0.0,-50000.00000000005,0.0,0.0,0.0,250000000.0,0,0
-343430.434075114,49999.99999999999,1984.126984126984,-395414.561059241,125000000.00000001,125000000.00000001,250000000.00000003,250000000.00000003,37,37
778869.2530053997,100000.00000000001,1984.126984126984,676885.1260212727,125000000.00000003,124999999.99999999,250000000.0,291197830.7502405,37,37
0.0,50000.00000000001,0.0,-50000.00000000001,0.0,0.0,0.0,250000000.00000003,0,0
-285774.0885786012,49999.99999999999,1984.1269841269839,-337758.2155627282,125000000.00000001,124999999.99999999,250000000.0,250000000.0,37,37
-1657674.4371411148,99999.99999999999,1984.126984126984,-1759658.564125242,125000000.0,125000000.0,250000000.0,306923476.0820546,37,37
-4822160.415489195,100613.83792973243,1984.1269841269836,-4924758.380403054,124999999.99999999,125000000.0,250000000.0,320401908.4581597,37,37
3808349.3918454275,100000.00000000003,1984.126984126984,3706365.2648613006,125000000.00000001,125000000.00000001,250000000.00000003,329849801.61578155,37,37
1076558.3656532136,100490.28443378289,1984.126984126984,974083.9542353037,124999999.99999999,125000000.0,250000000.0,406161626.95815724,37,37
167622.78494283996,102043.72968857904,1984.126984126984,63594.92827013394,125000000.00000001,124999999.99999999,250000000.0,401076540.8472315,37,37
-640710.1026248268,103615.71537335595,1984.1269841269846,-746309.9449823097,124999999.99999999,125000000.00000003,250000000.0,396466817.5716859,37,37
-681812.3677189825,101613.98324960744,1984.126984126984,-785410.477952717,125000000.00000001,125000000.0,250000000.0,359865246.3419778,37,37
299613.9721352137,101884.79682126631,1984.1269841269839,195745.04832982045,125000000.00000003,124999999.99999999,250000000.0,421337942.9353542,37,37
609453.972854131,102705.6545718311,1984.126984126984,504764.1912981729,124999999.99999999,124999999.99999999,249999999.99999997,451438168.51000124,37,37
95673.90559048131,103885.24780197577,1984.1269841269846,-10195.46919562144,125000000.0,125000000.00000001,250000000.0,446881565.40496397,37,37
0.0,49999.99999999999,0.0,-49999.99999999999,0.0,0.0,0.0,250000000.0,0,0
0.0,0.0,0.0,0.0,0.0,0.0,0.0,0.0,0,0
648005.7097320034,50000.00000000003,1984.126984126984,596021.5827478764,125000000.00000003,125000000.0,250000000.00000003,250000000.00000003,37,37
-154329.10418874235,107061.49832528597,1984.1269841269834,-263374.7294981553,124999999.99999999,124999999.99999997,249999999.99999994,477673485.72142106,37,37
-633011.2129840553,107151.7715546254,1984.126984126984,-742147.1115228076,125000000.0,125000000.00000001,250000000.0,473882382.00360936,37,37
-100231.22740692117,102286.50783791146,1984.1269841269843,-204501.86222895962,125000000.0,125000000.00000003,250000000.00000003,393941813.1356075,37,37
0.0,50000.000000000015,0.0,-50000.000000000015,0.0,0.0,0.0,250000000.00000003,0,0
0.0,0.0,0.0,0.0,0.0,0.0,0.0,0.0,0,0
0.0,0.0,0.0,0.0,0.0,0.0,0.0,0.0,0,0
0.0,0.0,0.0,0.0,0.0,0.0,0.0,0.0,0,0
0.0,0.0,0.0,0.0,0.0,0.0,0.0,0.0,0,0
0.0,0.0,0.0,0.0,0.0,0.0,0.0,0.0,0,0
269939.06887487834,50000.00000000002,1984.1269841269846,217954.94189075133,124999999.99999999,125000000.0,250000000.0,250000000.0,37,37
-693359.5513252658,102151.02606023122,1984.126984126984,-797494.704369624,125000000.0,125000000.0,250000000.0,352143878.12452626,36,36
1243970.0213617662,99999.99999999996,1984.1269841269846,1141985.894377639,124999999.99999999,125000000.0,250000000.0,346952289.13510174,36,36
-532258.7390587878,100480.22870836193,1984.1269841269843,-634723.0947512768,125000000.00000003,125000000.0,250000000.00000003,320306739.1194653,36,36
305021.1326138124,100815.32642225377,1984.1269841269839,202221.67920743165,124999999.99999999,125000000.00000001,250000000.0,336452348.1159516,36,36
0.0,49999.999999999985,0.0,-49999.999999999985,0.0,0.0,0.0,250000000.0,0,0
0.0,0.0,0.0,0.0,0.0,0.0,0.0,0.0,0,0
0.0,0.0,0.0,0.0,0.0,0.0,0.0,0.0,0,0
54262.23553977483,50000.00000000001,1984.126984126984,2278.108555647841,124999999.99999999,125000000.0,250000000.0,250000000.0,36,36
0.0,50000.00000000001,0.0,-50000.00000000001,0.0,0.0,0.0,250000000.0,0,0
0.0,0.0,0.0,0.0,0.0,0.0,0.0,0.0,0,0
0.0,0.0,0.0,0.0,0.0,0.0,0.0,0.0,0,0
0.0,0.0,0.0,0.0,0.0,0.0,0.0,0.0,0,0
0.0,0.0,0.0,0.0,0.0,0.0,0.0,0.0,0,0
0.0,0.0,0.0,0.0,0.0,0.0,0.0,0.0,0,0
276658.3830925936,50000.00000000001,1984.1269841269839,224674.2561084666,124999999.99999999,124999999.99999999,249999999.99999997,249999999.99999997,36,36
0.0,50000.00000000001,0.0,-50000.00000000001,0.0,0.0,0.0,249999999.99999997,0,0
0.0,0.0,0.0,0.0,0.0,0.0,0.0,0.0,0,0
0.0,0.0,0.0,0.0,0.0,0.0,0.0,0.0,0,0
0.0,0.0,0.0,0.0,0.0,0.0,0.0,0.0,0,0
0.0,0.0,0.0,0.0,0.0,0.0,0.0,0.0,0,0
0.0,0.0,0.0,0.0,0.0,0.0,0.0,0.0,0,0
0.0,0.0,0.0,0.0,0.0,0.0,0.0,0.0,0,0
0.0,0.0,0.0,0.0,0.0,0.0,0.0,0.0,0,0
0.0,0.0,0.0,0.0,0.0,0.0,0.0,0.0,0,0
0.0,0.0,0.0,0.0,0.0,0.0,0.0,0.0,0,0
0.0,0.0,0.0,0.0,0.0,0.0,0.0,0.0,0,0
0.0,0.0,0.0,0.0,0.0,0.0,0.0,0.0,0,0
0.0,0.0,0.0,0.0,0.0,0.0,0.0,0.0,0,0
0.0,0.0,0.0,0.0,0.0,0.0,0.0,0.0,0,0
0.0,0.0,0.0,0.0,0.0,0.0,0.0,0.0,0,0
0.0,0.0,0.0,0.0,0.0,0.0,0.0,0.0,0,0
0.0,0.0,0.0,0.0,0.0,0.0,0.0,0.0,0,0
0.0,0.0,0.0,0.0,0.0,0.0,0.0,0.0,0,0
0.0,0.0,0.0,0.0,0.0,0.0,0.0,0.0,0,0
0.0,0.0,0.0,0.0,0.0,0.0,0.0,0.0,0,0
0.0,0.0,0.0,0.0,0.0,0.0,0.0,0.0,0,0
0.0,0.0,0.0,0.0,0.0,0.0,0.0,0.0,0,0
0.0,0.0,0.0,0.0,0.0,0.0,0.0,0.0,0,0
0.0,0.0,0.0,0.0,0.0,0.0,0.0,0.0,0,0
0.0,0.0,0.0,0.0,0.0,0.0,0.0,0.0,0,0
0.0,0.0,0.0,0.0,0.0,0.0,0.0,0.0,0,0
0.0,0.0,0.0,0.0,0.0,0.0,0.0,0.0,0,0
0.0,0.0,0.0,0.0,0.0,0.0,0.0,0.0,0,0
0.0,0.0,0.0,0.0,0.0,0.0,0.0,0.0,0,0
0.0,0.0,0.0,0.0,0.0,0.0,0.0,0.0,0,0
0.0,0.0,0.0,0.0,0.0,0.0,0.0,0.0,0,0
0.0,0.0,0.0,0.0,0.0,0.0,0.0,0.0,0,0
0.0,0.0,0.0,0.0,0.0,0.0,0.0,0.0,0,0
0.0,0.0,0.0,0.0,0.0,0.0,0.0,0.0,0,0
0.0,0.0,0.0,0.0,0.0,0.0,0.0,0.0,0,0
0.0,0.0,0.0,0.0,0.0,0.0,0.0,0.0,0,0
0.0,0.0,0.0,0.0,0.0,0.0,0.0,0.0,0,0
0.0,0.0,0.0,0.0,0.0,0.0,0.0,0.0,0,0
756667.7140189757,50000.000000000015,1984.1269841269839,704683.5870348488,125000000.0,125000000.0,250000000.0,250000000.0,35,35
0.0,50000.000000000015,0.0,-50000.000000000015,0.0,0.0,0.0,250000000.0,0,0
0.0,0.0,0.0,0.0,0.0,0.0,0.0,0.0,0,0
-366820.4137665224,50000.00000000004,1984.126984126984,-418804.54075064947,124999999.99999999,125000000.00000001,250000000.0,250000000.0,36,36
913795.5054248411,100434.5500184798,1984.1269841269839,811376.8284222343,125000000.00000001,124999999.99999999,250000000.0,350486810.7624651,36,36
0.0,49999.99999999999,0.0,-49999.99999999999,0.0,0.0,0.0,250000000.0,0,0
0.0,0.0,0.0,0.0,0.0,0.0,0.0,0.0,0,0
0.0,0.0,0.0,0.0,0.0,0.0,0.0,0.0,0,0
-87562.26935193158,49999.99999999999,1984.126984126984,-139546.39633605856,125000000.00000001,125000000.0,250000000.0,250000000.00000003,36,36
0.0,49999.99999999999,0.0,-49999.99999999999,0.0,0.0,0.0,250000000.00000003,0,0
0.0,0.0,0.0,0.0,0.0,0.0,0.0,0.0,0,0
0.0,0.0,0.0,0.0,0.0,0.0,0.0,0.0,0,0
0.0,0.0,0.0,0.0,0.0,0.0,0.0,0.0,0,0
0.0,0.0,0.0,0.0,0.0,0.0,0.0,0.0,0,0
0.0,0.0,0.0,0.0,0.0,0.0,0.0,0.0,0,0
0.0,0.0,0.0,0.0,0.0,0.0,0.0,0.0,0,0
0.0,0.0,0.0,0.0,0.0,0.0,0.0,0.0,0,0
-25779.596259359558,49999.99999999999,1984.1269841269839,-77763.72324348653,125000000.00000001,125000000.0,250000000.0,250000000.0,38,38
0.0,49999.99999999999,0.0,-49999.99999999999,0.0,0.0,0.0,250000000.0,0,0
-1212236.799441395,50000.000000000015,1984.1269841269839,-1264220.9264255222,125000000.0,125000000.0,250000000.0,250000000.0,38,38
1057881.1170858857,100000.0,1984.126984126984,955896.9901017587,124999999.99999999,124999999.99999999,249999999.99999997,298194047.41829383,38,38
615766.0147283679,100283.73335240124,1984.1269841269836,513498.1543918397,125000000.0,125000000.0,250000000.0,279779086.1942777,38,38
1224123.5206752347,100323.21279355665,1984.1269841269855,1121816.180897551,125000000.0,125000000.00000003,250000000.00000003,222750280.2090338,38,38
373790.2309655713,99999.99999999997,1984.1269841269836,271806.1039814444,124999999.99999999,124999999.99999999,249999999.99999997,312685850.9065176,38,38
0.0,50000.00000000001,0.0,-50000.00000000001,0.0,0.0,0.0,249999999.99999997,0,0
-3935614.593053781,49999.99999999999,1984.1269841269836,-3987598.720037908,124999999.99999999,124999999.99999999,249999999.99999997,249999999.99999997,38,38
774456.1742301885,101337.19223463515,1984.1269841269836,671134.8550114264,125000000.0,124999999.99999997,249999999.99999997,349873254.609718,37,37
-608044.1631129285,100000.00000000003,1984.1269841269843,-710028.2900970555,125000000.00000001,125000000.00000001,250000000.00000003,456510973.86026776,37,37
-1620587.3952905294,100000.00000000006,1984.1269841269839,-1722571.5222746565,125000000.00000001,125000000.00000001,250000000.00000003,425476965.2059446,36,36
1875316.2798745553,101241.871826746,1984.1269841269839,1772090.2810636822,124999999.99999999,125000000.0,250000000.0,400788105.0738776,35,35
-1615640.0633442628,100000.0,1984.1269841269843,-1717624.1903283899,125000000.00000001,124999999.99999999,250000000.0,377309774.12704283,36,36
926431.9452552476,103385.4182543885,1984.126984126984,821062.4000167322,125000000.00000001,125000000.0,250000000.0,432582710.61862594,36,36
0.0,50000.00000000001,0.0,-50000.00000000001,0.0,0.0,0.0,250000000.0,0,0
0.0,0.0,0.0,0.0,0.0,0.0,0.0,0.0,0,0
0.0,0.0,0.0,0.0,0.0,0.0,0.0,0.0,0,0
0.0,0.0,0.0,0.0,0.0,0.0,0.0,0.0,0,0
0.0,0.0,0.0,0.0,0.0,0.0,0.0,0.0,0,0
1130719.0026688117,50000.00000000001,1984.1269841269839,1078734.8756846846,125000000.0,125000000.00000001,250000000.0,250000000.0,35,35
0.0,50000.00000000001,0.0,-50000.00000000001,0.0,0.0,0.0,250000000.0,0,0
0.0,0.0,0.0,0.0,0.0,0.0,0.0,0.0,0,0
-941591.597797811,49999.99999999998,1984.1269841269832,-993575.724781938,124999999.99999997,124999999.99999999,249999999.99999994,249999999.99999997,35,35
-1877790.507272921,103111.145537606,1984.1269841269839,-1982885.779794654,125000000.0,124999999.99999997,249999999.99999997,411771834.53936625,37,37
937164.5649662936,100000.0,1984.126984126984,835180.4379821667,125000000.0,125000000.0,250000000.0,377147568.30211776,37,37
153628.35120044256,102131.67539185546,1984.1269841269843,49512.548824460115,125000000.0,125000000.0,250000000.0,373251267.1996306,36,36
891958.6170772997,101384.95548206576,1984.1269841269836,788589.534611107,125000000.00000001,124999999.99999999,250000000.0,408511791.77568126,36,36
1868186.2667039067,99999.99999999999,1984.1269841269839,1766202.1397197796,125000000.00000001,124999999.99999997,250000000.0,377148904.811893,37,37
726620.0099423864,102708.56690486848,1984.1269841269846,621927.316053391,125000000.0,125000000.00000001,250000000.0,411667827.502017,38,38
-490458.08522202156,107639.38426435582,1984.1269841269834,-600081.5964705044,125000000.0,124999999.99999999,250000000.0,420556005.8742724,37,37
20549.667040108325,106128.77723613403,1984.1269841269839,-87563.23718015269,125000000.0,125000000.0,250000000.0,454387341.9719806,36,36
917686.6428022186,107621.82015097953,1984.1269841269836,808080.695667112,125000000.0,125000000.0,250000000.0,420779432.13447654,37,37
0.0,50000.000000000015,0.0,-50000.000000000015,0.0,0.0,0.0,250000000.0,0,0
-303214.86449351616,50000.0,1984.1269841269839,-355198.99147764314,124999999.99999999,125000000.0,250000000.0,249999999.99999997,37,37
0.0,50000.0,0.0,-50000.0,0.0,0.0,0.0,249999999.99999997,0,0
0.0,0.0,0.0,0.0,0.0,0.0,0.0,0.0,0,0
0.0,0.0,0.0,0.0,0.0,0.0,0.0,0.0,0,0
0.0,0.0,0.0,0.0,0.0,0.0,0.0,0.0,0,0
0.0,0.0,0.0,0.0,0.0,0.0,0.0,0.0,0,0
0.0,0.0,0.0,0.0,0.0,0.0,0.0,0.0,0,0
0.0,0.0,0.0,0.0,0.0,0.0,0.0,0.0,0,0
0.0,0.0,0.0,0.0,0.0,0.0,0.0,0.0,0,0
0.0,0.0,0.0,0.0,0.0,0.0,0.0,0.0,0,0
0.0,0.0,0.0,0.0,0.0,0.0,0.0,0.0,0,0
0.0,0.0,0.0,0.0,0.0,0.0,0.0,0.0,0,0
0.0,0.0,0.0,0.0,0.0,0.0,0.0,0.0,0,0
0.0,0.0,0.0,0.0,0.0,0.0,0.0,0.0,0,0
0.0,0.0,0.0,0.0,0.0,0.0,0.0,0.0,0,0
210326.6466843366,50000.00000000001,1984.126984126984,158342.5197002096,125000000.00000001,124999999.99999999,250000000.0,250000000.0,39,39
0.0,50000.00000000001,0.0,-50000.00000000001,0.0,0.0,0.0,250000000.0,0,0
0.0,0.0,0.0,0.0,0.0,0.0,0.0,0.0,0,0
0.0,0.0,0.0,0.0,0.0,0.0,0.0,0.0,0,0
0.0,0.0,0.0,0.0,0.0,0.0,0.0,0.0,0,0
0.0,0.0,0.0,0.0,0.0,0.0,0.0,0.0,0,0
0.0,0.0,0.0,0.0,0.0,0.0,0.0,0.0,0,0
0.0,0.0,0.0,0.0,0.0,0.0,0.0,0.0,0,0
0.0,0.0,0.0,0.0,0.0,0.0,0.0,0.0,0,0
0.0,0.0,0.0,0.0,0.0,0.0,0.0,0.0,0,0
0.0,0.0,0.0,0.0,0.0,0.0,0.0,0.0,0,0
0.0,0.0,0.0,0.0,0.0,0.0,0.0,0.0,0,0
0.0,0.0,0.0,0.0,0.0,0.0,0.0,0.0,0,0
0.0,0.0,0.0,0.0,0.0,0.0,0.0,0.0,0,0
0.0,0.0,0.0,0.0,0.0,0.0,0.0,0.0,0,0
0.0,0.0,0.0,0.0,0.0,0.0,0.0,0.0,0,0
0.0,0.0,0.0,0.0,0.0,0.0,0.0,0.0,0,0
0.0,0.0,0.0,0.0,0.0,0.0,0.0,0.0,0,0
0.0,0.0,0.0,0.0,0.0,0.0,0.0,0.0,0,0
0.0,0.0,0.0,0.0,0.0,0.0,0.0,0.0,0,0
0.0,0.0,0.0,0.0,0.0,0.0,0.0,0.0,0,0
0.0,0.0,0.0,0.0,0.0,0.0,0.0,0.0,0,0
0.0,0.0,0.0,0.0,0.0,0.0,0.0,0.0,0,0
0.0,0.0,0.0,0.0,0.0,0.0,0.0,0.0,0,0
0.0,0.0,0.0,0.0,0.0,0.0,0.0,0.0,0,0
0.0,0.0,0.0,0.0,0.0,0.0,0.0,0.0,0,0
0.0,0.0,0.0,0.0,0.0,0.0,0.0,0.0,0,0
0.0,0.0,0.0,0.0,0.0,0.0,0.0,0.0,0,0
0.0,0.0,0.0,0.0,0.0,0.0,0.0,0.0,0,0
0.0,0.0,0.0,0.0,0.0,0.0,0.0,0.0,0,0
0.0,0.0,0.0,0.0,0.0,0.0,0.0,0.0,0,0
0.0,0.0,0.0,0.0,0.0,0.0,0.0,0.0,0,0
0.0,0.0,0.0,0.0,0.0,0.0,0.0,0.0,0,0
0.0,0.0,0.0,0.0,0.0,0.0,0.0,0.0,0,0
352191.3009702639,50000.00000000002,1984.1269841269846,300207.1739861369,125000000.0,125000000.0,250000000.0,250000000.0,34,34
1636677.1533129879,100000.0,1984.1269841269843,1534693.0263288608,124999999.99999999,125000000.0,250000000.0,315956214.7744495,32,32
0.0,49999.999999999985,0.0,-49999.999999999985,0.0,0.0,0.0,250000000.0,0,0
0.0,0.0,0.0,0.0,0.0,0.0,0.0,0.0,0,0
0.0,0.0,0.0,0.0,0.0,0.0,0.0,0.0,0,0
0.0,0.0,0.0,0.0,0.0,0.0,0.0,0.0,0,0
0.0,0.0,0.0,0.0,0.0,0.0,0.0,0.0,0,0
0.0,0.0,0.0,0.0,0.0,0.0,0.0,0.0,0,0
0.0,0.0,0.0,0.0,0.0,0.0,0.0,0.0,0,0
0.0,0.0,0.0,0.0,0.0,0.0,0.0,0.0,0,0
0.0,0.0,0.0,0.0,0.0,0.0,0.0,0.0,0,0
0.0,0.0,0.0,0.0,0.0,0.0,0.0,0.0,0,0
0.0,0.0,0.0,0.0,0.0,0.0,0.0,0.0,0,0
0.0,0.0,0.0,0.0,0.0,0.0,0.0,0.0,0,0
0.0,0.0,0.0,0.0,0.0,0.0,0.0,0.0,0,0
0.0,0.0,0.0,0.0,0.0,0.0,0.0,0.0,0,0
0.0,0.0,0.0,0.0,0.0,0.0,0.0,0.0,0,0
0.0,0.0,0.0,0.0,0.0,0.0,0.0,0.0,0,0
0.0,0.0,0.0,0.0,0.0,0.0,0.0,0.0,0,0
0.0,0.0,0.0,0.0,0.0,0.0,0.0,0.0,0,0
0.0,0.0,0.0,0.0,0.0,0.0,0.0,0.0,0,0
0.0,0.0,0.0,0.0,0.0,0.0,0.0,0.0,0,0
0.0,0.0,0.0,0.0,0.0,0.0,0.0,0.0,0,0
0.0,0.0,0.0,0.0,0.0,0.0,0.0,0.0,0,0
0.0,0.0,0.0,0.0,0.0,0.0,0.0,0.0,0,0
0.0,0.0,0.0,0.0,0.0,0.0,0.0,0.0,0,0
0.0,0.0,0.0,0.0,0.0,0.0,0.0,0.0,0,0
-931699.5135555258,50000.00000000001,1984.126984126984,-983683.6405396528,125000000.0,125000000.0,250000000.0,250000000.0,36,36
0.0,50000.00000000001,0.0,-50000.00000000001,0.0,0.0,0.0,250000000.0,0,0
0.0,0.0,0.0,0.0,0.0,0.0,0.0,0.0,0,0
0.0,0.0,0.0,0.0,0.0,0.0,0.0,0.0,0,0
0.0,0.0,0.0,0.0,0.0,0.0,0.0,0.0,0,0
0.0,0.0,0.0,0.0,0.0,0.0,0.0,0.0,0,0
0.0,0.0,0.0,0.0,0.0,0.0,0.0,0.0,0,0
0.0,0.0,0.0,0.0,0.0,0.0,0.0,0.0,0,0
0.0,0.0,0.0,0.0,0.0,0.0,0.0,0.0,0,0
0.0,0.0,0.0,0.0,0.0,0.0,0.0,0.0,0,0
-685293.5369238746,49999.99999999999,1984.126984126984,-737277.6639080016,125000000.0,125000000.0,250000000.0,250000000.0,37,37
2870718.1000201385,100000.00000000006,1984.126984126984,2768733.9730360117,124999999.99999999,125000000.00000001,250000000.0,366962954.1126149,38,38
1075869.9731762698,100533.1948791586,1984.1269841269839,973352.6513129842,125000000.00000001,124999999.99999999,250000000.0,370146153.9471978,38,38
285254.2238804024,100000.00000000003,1984.1269841269846,183270.09689627538,124999999.99999999,125000000.00000001,250000000.0,399998977.67531115,38,38
-199866.63943757524,99999.99999999997,1984.1269841269846,-301850.7664217022,124999999.99999999,125000000.00000003,250000000.0,413335557.740989,38,38
884822.405962442,107370.96467160166,1984.1269841269834,775467.3143067134,125000000.0,124999999.99999999,250000000.0,463934552.98354,38,38
0.0,49999.99999999999,0.0,-49999.99999999999,0.0,0.0,0.0,250000000.0,0,0
1092981.1377163178,50000.00000000001,1984.1269841269839,1040997.0107321908,125000000.0,125000000.0,250000000.0,250000000.0,38,38
0.0,50000.00000000001,0.0,-50000.00000000001,0.0,0.0,0.0,250000000.0,0,0
0.0,0.0,0.0,0.0,0.0,0.0,0.0,0.0,0,0
0.0,0.0,0.0,0.0,0.0,0.0,0.0,0.0,0,0
0.0,0.0,0.0,0.0,0.0,0.0,0.0,0.0,0,0
0.0,0.0,0.0,0.0,0.0,0.0,0.0,0.0,0,0
0.0,0.0,0.0,0.0,0.0,0.0,0.0,0.0,0,0
0.0,0.0,0.0,0.0,0.0,0.0,0.0,0.0,0,0
0.0,0.0,0.0,0.0,0.0,0.0,0.0,0.0,0,0
0.0,0.0,0.0,0.0,0.0,0.0,0.0,0.0,0,0
0.0,0.0,0.0,0.0,0.0,0.0,0.0,0.0,0,0
0.0,0.0,0.0,0.0,0.0,0.0,0.0,0.0,0,0
0.0,0.0,0.0,0.0,0.0,0.0,0.0,0.0,0,0
0.0,0.0,0.0,0.0,0.0,0.0,0.0,0.0,0,0
0.0,0.0,0.0,0.0,0.0,0.0,0.0,0.0,0,0
0.0,0.0,0.0,0.0,0.0,0.0,0.0,0.0,0,0
0.0,0.0,0.0,0.0,0.0,0.0,0.0,0.0,0,0
0.0,0.0,0.0,0.0,0.0,0.0,0.0,0.0,0,0
0.0,0.0,0.0,0.0,0.0,0.0,0.0,0.0,0,0
0.0,0.0,0.0,0.0,0.0,0.0,0.0,0.0,0,0
0.0,0.0,0.0,0.0,0.0,0.0,0.0,0.0,0,0
0.0,0.0,0.0,0.0,0.0,0.0,0.0,0.0,0,0
0.0,0.0,0.0,0.0,0.0,0.0,0.0,0.0,0,0
0.0,0.0,0.0,0.0,0.0,0.0,0.0,0.0,0,0
0.0,0.0,0.0,0.0,0.0,0.0,0.0,0.0,0,0
0.0,0.0,0.0,0.0,0.0,0.0,0.0,0.0,0,0
0.0,0.0,0.0,0.0,0.0,0.0,0.0,0.0,0,0
0.0,0.0,0.0,0.0,0.0,0.0,0.0,0.0,0,0
0.0,0.0,0.0,0.0,0.0,0.0,0.0,0.0,0,0
0.0,0.0,0.0,0.0,0.0,0.0,0.0,0.0,0,0
0.0,0.0,0.0,0.0,0.0,0.0,0.0,0.0,0,0
0.0,0.0,0.0,0.0,0.0,0.0,0.0,0.0,0,0
0.0,0.0,0.0,0.0,0.0,0.0,0.0,0.0,0,0
0.0,0.0,0.0,0.0,0.0,0.0,0.0,0.0,0,0
0.0,0.0,0.0,0.0,0.0,0.0,0.0,0.0,0,0
0.0,0.0,0.0,0.0,0.0,0.0,0.0,0.0,0,0
0.0,0.0,0.0,0.0,0.0,0.0,0.0,0.0,0,0
0.0,0.0,0.0,0.0,0.0,0.0,0.0,0.0,0,0
0.0,0.0,0.0,0.0,0.0,0.0,0.0,0.0,0,0
0.0,0.0,0.0,0.0,0.0,0.0,0.0,0.0,0,0
0.0,0.0,0.0,0.0,0.0,0.0,0.0,0.0,0,0
0.0,0.0,0.0,0.0,0.0,0.0,0.0,0.0,0,0
0.0,0.0,0.0,0.0,0.0,0.0,0.0,0.0,0,0
0.0,0.0,0.0,0.0,0.0,0.0,0.0,0.0,0,0
0.0,0.0,0.0,0.0,0.0,0.0,0.0,0.0,0,0
0.0,0.0,0.0,0.0,0.0,0.0,0.0,0.0,0,0
0.0,0.0,0.0,0.0,0.0,0.0,0.0,0.0,0,0
0.0,0.0,0.0,0.0,0.0,0.0,0.0,0.0,0,0
0.0,0.0,0.0,0.0,0.0,0.0,0.0,0.0,0,0
0.0,0.0,0.0,0.0,0.0,0.0,0.0,0.0,0,0
0.0,0.0,0.0,0.0,0.0,0.0,0.0,0.0,0,0
0.0,0.0,0.0,0.0,0.0,0.0,0.0,0.0,0,0
0.0,0.0,0.0,0.0,0.0,0.0,0.0,0.0,0,0
0.0,0.0,0.0,0.0,0.0,0.0,0.0,0.0,0,0
0.0,0.0,0.0,0.0,0.0,0.0,0.0,0.0,0,0
0.0,0.0,0.0,0.0,0.0,0.0,0.0,0.0,0,0
0.0,0.0,0.0,0.0,0.0,0.0,0.0,0.0,0,0
0.0,0.0,0.0,0.0,0.0,0.0,0.0,0.0,0,0
0.0,0.0,0.0,0.0,0.0,0.0,0.0,0.0,0,0
0.0,0.0,0.0,0.0,0.0,0.0,0.0,0.0,0,0
0.0,0.0,0.0,0.0,0.0,0.0,0.0,0.0,0,0
0.0,0.0,0.0,0.0,0.0,0.0,0.0,0.0,0,0
0.0,0.0,0.0,0.0,0.0,0.0,0.0,0.0,0,0
0.0,0.0,0.0,0.0,0.0,0.0,0.0,0.0,0,0
0.0,0.0,0.0,0.0,0.0,0.0,0.0,0.0,0,0
0.0,0.0,0.0,0.0,0.0,0.0,0.0,0.0,0,0
0.0,0.0,0.0,0.0,0.0,0.0,0.0,0.0,0,0
0.0,0.0,0.0,0.0,0.0,0.0,0.0,0.0,0,0
0.0,0.0,0.0,0.0,0.0,0.0,0.0,0.0,0,0
0.0,0.0,0.0,0.0,0.0,0.0,0.0,0.0,0,0
0.0,0.0,0.0,0.0,0.0,0.0,0.0,0.0,0,0
0.0,0.0,0.0,0.0,0.0,0.0,0.0,0.0,0,0
0.0,0.0,0.0,0.0,0.0,0.0,0.0,0.0,0,0
0.0,0.0,0.0,0.0,0.0,0.0,0.0,0.0,0,0
0.0,0.0,0.0,0.0,0.0,0.0,0.0,0.0,0,0
0.0,0.0,0.0,0.0,0.0,0.0,0.0,0.0,0,0
0.0,0.0,0.0,0.0,0.0,0.0,0.0,0.0,0,0
0.0,0.0,0.0,0.0,0.0,0.0,0.0,0.0,0,0
0.0,0.0,0.0,0.0,0.0,0.0,0.0,0.0,0,0
0.0,0.0,0.0,0.0,0.0,0.0,0.0,0.0,0,0
0.0,0.0,0.0,0.0,0.0,0.0,0.0,0.0,0,0
0.0,0.0,0.0,0.0,0.0,0.0,0.0,0.0,0,0
0.0,0.0,0.0,0.0,0.0,0.0,0.0,0.0,0,0
0.0,0.0,0.0,0.0,0.0,0.0,0.0,0.0,0,0
0.0,0.0,0.0,0.0,0.0,0.0,0.0,0.0,0,0
0.0,0.0,0.0,0.0,0.0,0.0,0.0,0.0,0,0
0.0,0.0,0.0,0.0,0.0,0.0,0.0,0.0,0,0
0.0,0.0,0.0,0.0,0.0,0.0,0.0,0.0,0,0
0.0,0.0,0.0,0.0,0.0,0.0,0.0,0.0,0,0
0.0,0.0,0.0,0.0,0.0,0.0,0.0,0.0,0,0
0.0,0.0,0.0,0.0,0.0,0.0,0.0,0.0,0,0
0.0,0.0,0.0,0.0,0.0,0.0,0.0,0.0,0,0
0.0,0.0,0.0,0.0,0.0,0.0,0.0,0.0,0,0
0.0,0.0,0.0,0.0,0.0,0.0,0.0,0.0,0,0
0.0,0.0,0.0,0.0,0.0,0.0,0.0,0.0,0,0
0.0,0.0,0.0,0.0,0.0,0.0,0.0,0.0,0,0
0.0,0.0,0.0,0.0,0.0,0.0,0.0,0.0,0,0
0.0,0.0,0.0,0.0,0.0,0.0,0.0,0.0,0,0
0.0,0.0,0.0,0.0,0.0,0.0,0.0,0.0,0,0
0.0,0.0,0.0,0.0,0.0,0.0,0.0,0.0,0,0
0.0,0.0,0.0,0.0,0.0,0.0,0.0,0.0,0,0
0.0,0.0,0.0,0.0,0.0,0.0,0.0,0.0,0,0
0.0,0.0,0.0,0.0,0.0,0.0,0.0,0.0,0,0
0.0,0.0,0.0,0.0,0.0,0.0,0.0,0.0,0,0
0.0,0.0,0.0,0.0,0.0,0.0,0.0,0.0,0,0
0.0,0.0,0.0,0.0,0.0,0.0,0.0,0.0,0,0
0.0,0.0,0.0,0.0,0.0,0.0,0.0,0.0,0,0
0.0,0.0,0.0,0.0,0.0,0.0,0.0,0.0,0,0
0.0,0.0,0.0,0.0,0.0,0.0,0.0,0.0,0,0
0.0,0.0,0.0,0.0,0.0,0.0,0.0,0.0,0,0
0.0,0.0,0.0,0.0,0.0,0.0,0.0,0.0,0,0
0.0,0.0,0.0,0.0,0.0,0.0,0.0,0.0,0,0
0.0,0.0,0.0,0.0,0.0,0.0,0.0,0.0,0,0
0.0,0.0,0.0,0.0,0.0,0.0,0.0,0.0,0,0
0.0,0.0,0.0,0.0,0.0,0.0,0.0,0.0,0,0
0.0,0.0,0.0,0.0,0.0,0.0,0.0,0.0,0,0
0.0,0.0,0.0,0.0,0.0,0.0,0.0,0.0,0,0
0.0,0.0,0.0,0.0,0.0,0.0,0.0,0.0,0,0
0.0,0.0,0.0,0.0,0.0,0.0,0.0,0.0,0,0
0.0,0.0,0.0,0.0,0.0,0.0,0.0,0.0,0,0
0.0,0.0,0.0,0.0,0.0,0.0,0.0,0.0,0,0
0.0,0.0,0.0,0.0,0.0,0.0,0.0,0.0,0,0
0.0,0.0,0.0,0.0,0.0,0.0,0.0,0.0,0,0
0.0,0.0,0.0,0.0,0.0,0.0,0.0,0.0,0,0
0.0,0.0,0.0,0.0,0.0,0.0,0.0,0.0,0,0
0.0,0.0,0.0,0.0,0.0,0.0,0.0,0.0,0,0
0.0,0.0,0.0,0.0,0.0,0.0,0.0,0.0,0,0
0.0,0.0,0.0,0.0,0.0,0.0,0.0,0.0,0,0
0.0,0.0,0.0,0.0,0.0,0.0,0.0,0.0,0,0
0.0,0.0,0.0,0.0,0.0,0.0,0.0,0.0,0,0
0.0,0.0,0.0,0.0,0.0,0.0,0.0,0.0,0,0
0.0,0.0,0.0,0.0,0.0,0.0,0.0,0.0,0,0
0.0,0.0,0.0,0.0,0.0,0.0,0.0,0.0,0,0
0.0,0.0,0.0,0.0,0.0,0.0,0.0,0.0,0,0
0.0,0.0,0.0,0.0,0.0,0.0,0.0,0.0,0,0
0.0,0.0,0.0,0.0,0.0,0.0,0.0,0.0,0,0
0.0,0.0,0.0,0.0,0.0,0.0,0.0,0.0,0,0
0.0,0.0,0.0,0.0,0.0,0.0,0.0,0.0,0,0
0.0,0.0,0.0,0.0,0.0,0.0,0.0,0.0,0,0
0.0,0.0,0.0,0.0,0.0,0.0,0.0,0.0,0,0
0.0,0.0,0.0,0.0,0.0,0.0,0.0,0.0,0,0
0.0,0.0,0.0,0.0,0.0,0.0,0.0,0.0,0,0
0.0,0.0,0.0,0.0,0.0,0.0,0.0,0.0,0,0
0.0,0.0,0.0,0.0,0.0,0.0,0.0,0.0,0,0
0.0,0.0,0.0,0.0,0.0,0.0,0.0,0.0,0,0
0.0,0.0,0.0,0.0,0.0,0.0,0.0,0.0,0,0
0.0,0.0,0.0,0.0,0.0,0.0,0.0,0.0,0,0
0.0,0.0,0.0,0.0,0.0,0.0,0.0,0.0,0,0
0.0,0.0,0.0,0.0,0.0,0.0,0.0,0.0,0,0
0.0,0.0,0.0,0.0,0.0,0.0,0.0,0.0,0,0
636432.7256338611,50000.00000000002,1984.1269841269843,584448.5986497342,125000000.00000001,125000000.00000001,250000000.00000003,250000000.00000003,35,35
0.0,50000.00000000002,0.0,-50000.00000000002,0.0,0.0,0.0,250000000.00000003,0,0
0.0,0.0,0.0,0.0,0.0,0.0,0.0,0.0,0,0
0.0,0.0,0.0,0.0,0.0,0.0,0.0,0.0,0,0
504013.66335645126,50000.0,1984.126984126984,452029.5363723243,124999999.99999999,124999999.99999999,249999999.99999997,249999999.99999997,38,38
0.0,50000.0,0.0,-50000.0,0.0,0.0,0.0,249999999.99999997,0,0
0.0,0.0,0.0,0.0,0.0,0.0,0.0,0.0,0,0
0.0,0.0,0.0,0.0,0.0,0.0,0.0,0.0,0,0
0.0,0.0,0.0,0.0,0.0,0.0,0.0,0.0,0,0
0.0,0.0,0.0,0.0,0.0,0.0,0.0,0.0,0,0
0.0,0.0,0.0,0.0,0.0,0.0,0.0,0.0,0,0
228022.7022383143,50000.00000000001,1984.126984126985,176038.5752541873,125000000.0,125000000.00000003,250000000.00000003,250000000.00000003,38,38
0.0,50000.00000000001,0.0,-50000.00000000001,0.0,0.0,0.0,250000000.00000003,0,0
0.0,0.0,0.0,0.0,0.0,0.0,0.0,0.0,0,0
0.0,0.0,0.0,0.0,0.0,0.0,0.0,0.0,0,0
0.0,0.0,0.0,0.0,0.0,0.0,0.0,0.0,0,0
0.0,0.0,0.0,0.0,0.0,0.0,0.0,0.0,0,0
490286.17975073797,49999.99999999999,1984.1269841269839,438302.052766611,125000000.0,124999999.99999999,250000000.0,250000000.0,40,40
0.0,49999.99999999999,0.0,-49999.99999999999,0.0,0.0,0.0,250000000.0,0,0
0.0,0.0,0.0,0.0,0.0,0.0,0.0,0.0,0,0
435621.8743899579,50000.000000000015,1984.126984126984,383637.74740583095,125000000.0,125000000.00000001,250000000.0,250000000.00000003,40,40
0.0,50000.000000000015,0.0,-50000.000000000015,0.0,0.0,0.0,250000000.00000003,0,0
0.0,0.0,0.0,0.0,0.0,0.0,0.0,0.0,0,0
0.0,0.0,0.0,0.0,0.0,0.0,0.0,0.0,0,0
0.0,0.0,0.0,0.0,0.0,0.0,0.0,0.0,0,0
0.0,0.0,0.0,0.0,0.0,0.0,0.0,0.0,0,0
0.0,0.0,0.0,0.0,0.0,0.0,0.0,0.0,0,0
0.0,0.0,0.0,0.0,0.0,0.0,0.0,0.0,0,0
0.0,0.0,0.0,0.0,0.0,0.0,0.0,0.0,0,0
-106721.07008231676,49999.99999999999,1984.1269841269843,-158705.19706644374,125000000.0,125000000.0,250000000.0,250000000.0,40,40
0.0,49999.99999999999,0.0,-49999.99999999999,0.0,0.0,0.0,250000000.0,0,0
0.0,0.0,0.0,0.0,0.0,0.0,0.0,0.0,0,0
182068.3001663608,50000.00000000001,1984.1269841269839,130084.17318223382,124999999.99999999,124999999.99999999,249999999.99999997,249999999.99999997,41,41
182798.75918303512,99999.99999999997,1984.126984126984,80814.63219890816,125000000.00000001,125000000.0,250000000.0,337979352.77829105,41,41
0.0,50000.00000000002,0.0,-50000.00000000002,0.0,0.0,0.0,250000000.00000003,0,0
0.0,0.0,0.0,0.0,0.0,0.0,0.0,0.0,0,0
0.0,0.0,0.0,0.0,0.0,0.0,0.0,0.0,0,0
0.0,0.0,0.0,0.0,0.0,0.0,0.0,0.0,0,0
0.0,0.0,0.0,0.0,0.0,0.0,0.0,0.0,0,0
0.0,0.0,0.0,0.0,0.0,0.0,0.0,0.0,0,0
0.0,0.0,0.0,0.0,0.0,0.0,0.0,0.0,0,0
185829.5083910013,50000.00000000002,1984.126984126984,133845.38140687428,125000000.0,124999999.99999999,250000000.0,249999999.99999997,40,40
0.0,50000.00000000002,0.0,-50000.00000000002,0.0,0.0,0.0,249999999.99999997,0,0
0.0,0.0,0.0,0.0,0.0,0.0,0.0,0.0,0,0
0.0,0.0,0.0,0.0,0.0,0.0,0.0,0.0,0,0
179898.44346532636,49999.99999999999,1984.1269841269836,127914.31648119938,125000000.0,124999999.99999999,250000000.0,249999999.99999997,40,40
0.0,49999.99999999999,0.0,-49999.99999999999,0.0,0.0,0.0,249999999.99999997,0,0
1090313.497165327,49999.999999999985,1984.126984126984,1038329.3701812,124999999.99999997,125000000.0,249999999.99999997,249999999.99999997,38,38
0.0,49999.999999999985,0.0,-49999.999999999985,0.0,0.0,0.0,249999999.99999997,0,0
0.0,0.0,0.0,0.0,0.0,0.0,0.0,0.0,0,0
0.0,0.0,0.0,0.0,0.0,0.0,0.0,0.0,0,0
0.0,0.0,0.0,0.0,0.0,0.0,0.0,0.0,0,0
0.0,0.0,0.0,0.0,0.0,0.0,0.0,0.0,0,0
0.0,0.0,0.0,0.0,0.0,0.0,0.0,0.0,0,0
0.0,0.0,0.0,0.0,0.0,0.0,0.0,0.0,0,0
0.0,0.0,0.0,0.0,0.0,0.0,0.0,0.0,0,0
0.0,0.0,0.0,0.0,0.0,0.0,0.0,0.0,0,0
0.0,0.0,0.0,0.0,0.0,0.0,0.0,0.0,0,0
302091.69411728944,50000.00000000001,1984.1269841269843,250107.56713316246,125000000.0,124999999.99999999,250000000.0,250000000.0,33,33
0.0,50000.00000000001,0.0,-50000.00000000001,0.0,0.0,0.0,250000000.0,0,0
0.0,0.0,0.0,0.0,0.0,0.0,0.0,0.0,0,0
0.0,0.0,0.0,0.0,0.0,0.0,0.0,0.0,0,0
0.0,0.0,0.0,0.0,0.0,0.0,0.0,0.0,0,0
0.0,0.0,0.0,0.0,0.0,0.0,0.0,0.0,0,0
-247116.26535003085,50000.00000000001,1984.126984126984,-299100.39233415783,125000000.0,125000000.0,250000000.0,250000000.0,40,40
578005.5192654117,100000.0,1984.1269841269834,476021.3922812847,125000000.0,124999999.99999999,250000000.0,271663709.31106323,41,41
0.0,49999.99999999999,0.0,-49999.99999999999,0.0,0.0,0.0,249999999.99999997,0,0
0.0,0.0,0.0,0.0,0.0,0.0,0.0,0.0,0,0
-979147.0506818048,50000.0,1984.1269841269836,-1031131.1776659318,124999999.99999999,125000000.00000001,250000000.0,250000000.0,40,40
566167.6188802061,100000.0,1984.1269841269839,464183.49189607915,125000000.0,125000000.0,250000000.0,328883602.6827784,40,40
0.0,50000.0,0.0,-50000.0,0.0,0.0,0.0,250000000.0,0,0
0.0,0.0,0.0,0.0,0.0,0.0,0.0,0.0,0,0
0.0,0.0,0.0,0.0,0.0,0.0,0.0,0.0,0,0
0.0,0.0,0.0,0.0,0.0,0.0,0.0,0.0,0,0
0.0,0.0,0.0,0.0,0.0,0.0,0.0,0.0,0,0
0.0,0.0,0.0,0.0,0.0,0.0,0.0,0.0,0,0
-362738.4698415089,50000.00000000001,1984.1269841269836,-414722.5968256359,125000000.00000001,125000000.0,250000000.0,250000000.00000003,40,40
0.0,50000.00000000001,0.0,-50000.00000000001,0.0,0.0,0.0,250000000.00000003,0,0
0.0,0.0,0.0,0.0,0.0,0.0,0.0,0.0,0,0
0.0,0.0,0.0,0.0,0.0,0.0,0.0,0.0,0,0
0.0,0.0,0.0,0.0,0.0,0.0,0.0,0.0,0,0
0.0,0.0,0.0,0.0,0.0,0.0,0.0,0.0,0,0
0.0,0.0,0.0,0.0,0.0,0.0,0.0,0.0,0,0
0.0,0.0,0.0,0.0,0.0,0.0,0.0,0.0,0,0
0.0,0.0,0.0,0.0,0.0,0.0,0.0,0.0,0,0
0.0,0.0,0.0,0.0,0.0,0.0,0.0,0.0,0,0
0.0,0.0,0.0,0.0,0.0,0.0,0.0,0.0,0,0
0.0,0.0,0.0,0.0,0.0,0.0,0.0,0.0,0,0
0.0,0.0,0.0,0.0,0.0,0.0,0.0,0.0,0,0
1540106.5538879344,49999.999999999985,1984.1269841269834,1488122.4269038073,124999999.99999999,124999999.99999999,249999999.99999997,249999999.99999997,40,40
0.0,49999.999999999985,0.0,-49999.999999999985,0.0,0.0,0.0,249999999.99999997,0,0
496624.34029448003,50000.0,1984.126984126984,444640.21331035305,125000000.0,125000000.0,250000000.0,250000000.0,40,40
0.0,50000.0,0.0,-50000.0,0.0,0.0,0.0,250000000.0,0,0
0.0,0.0,0.0,0.0,0.0,0.0,0.0,0.0,0,0
0.0,0.0,0.0,0.0,0.0,0.0,0.0,0.0,0,0
0.0,0.0,0.0,0.0,0.0,0.0,0.0,0.0,0,0
0.0,0.0,0.0,0.0,0.0,0.0,0.0,0.0,0,0
0.0,0.0,0.0,0.0,0.0,0.0,0.0,0.0,0,0
0.0,0.0,0.0,0.0,0.0,0.0,0.0,0.0,0,0
0.0,0.0,0.0,0.0,0.0,0.0,0.0,0.0,0,0
0.0,0.0,0.0,0.0,0.0,0.0,0.0,0.0,0,0
0.0,0.0,0.0,0.0,0.0,0.0,0.0,0.0,0,0
511305.26402700203,49999.99999999999,1984.1269841269839,459321.13704287505,125000000.00000001,125000000.0,250000000.0,250000000.00000003,41,41
0.0,49999.99999999999,0.0,-49999.99999999999,0.0,0.0,0.0,250000000.00000003,0,0
-172241.04800827405,50000.00000000001,1984.1269841269836,-224225.17499240104,125000000.00000001,125000000.00000001,250000000.00000003,250000000.00000003,40,40
0.0,50000.00000000001,0.0,-50000.00000000001,0.0,0.0,0.0,250000000.00000003,0,0
0.0,0.0,0.0,0.0,0.0,0.0,0.0,0.0,0,0
0.0,0.0,0.0,0.0,0.0,0.0,0.0,0.0,0,0
0.0,0.0,0.0,0.0,0.0,0.0,0.0,0.0,0,0
0.0,0.0,0.0,0.0,0.0,0.0,0.0,0.0,0,0
-60238.24933760874,50000.00000000001,1984.126984126984,-112222.37632173573,125000000.00000001,124999999.99999999,250000000.0,250000000.0,39,39
0.0,50000.00000000001,0.0,-50000.00000000001,0.0,0.0,0.0,250000000.0,0,0
-78988.18911279026,49999.99999999999,1984.1269841269836,-130972.31609691723,124999999.99999997,124999999.99999997,249999999.99999994,249999999.99999994,36,36
0.0,49999.99999999999,0.0,-49999.99999999999,0.0,0.0,0.0,249999999.99999994,0,0
638121.9954716816,50000.0,1984.126984126984,586137.8684875546,125000000.0,125000000.0,250000000.0,250000000.0,36,36
0.0,50000.0,0.0,-50000.0,0.0,0.0,0.0,250000000.0,0,0
761653.6210190991,50000.000000000015,1984.1269841269839,709669.4940349722,125000000.0,125000000.0,250000000.0,250000000.0,30,30
0.0,50000.000000000015,0.0,-50000.000000000015,0.0,0.0,0.0,250000000.0,0,0
458972.4903108771,50000.0,1984.126984126984,406988.3633267501,125000000.0,124999999.99999999,250000000.0,250000000.0,32,32
0.0,50000.0,0.0,-50000.0,0.0,0.0,0.0,250000000.0,0,0
0.0,0.0,0.0,0.0,0.0,0.0,0.0,0.0,0,0
51345.74343908733,50000.0,1984.1269841269843,-638.383545039653,125000000.00000001,125000000.00000001,250000000.00000003,250000000.00000003,32,32
151335.4725454985,100000.00000000004,1984.1269841269839,49351.34556137146,125000000.0,125000000.0,250000000.0,324286683.4785391,33,33
0.0,50000.00000000001,0.0,-50000.00000000001,0.0,0.0,0.0,250000000.0,0,0
55473.87690698901,50000.000000000015,1984.126984126984,3489.7499228620127,124999999.99999997,125000000.0,249999999.99999997,249999999.99999997,37,37
-1353570.6616059286,99999.99999999999,1984.126984126984,-1455554.7885900557,125000000.00000001,125000000.0,250000000.0,307227656.7052384,38,38
-601804.2274152889,100407.70068073759,1984.1269841269848,-704196.0550801535,124999999.99999999,125000000.00000001,250000000.0,320905238.6572316,38,38
0.0,49999.99999999999,0.0,-49999.99999999999,0.0,0.0,0.0,250000000.0,0,0
0.0,0.0,0.0,0.0,0.0,0.0,0.0,0.0,0,0
0.0,0.0,0.0,0.0,0.0,0.0,0.0,0.0,0,0
0.0,0.0,0.0,0.0,0.0,0.0,0.0,0.0,0,0
0.0,0.0,0.0,0.0,0.0,0.0,0.0,0.0,0,0
-204564.49658659686,50000.00000000001,1984.1269841269848,-256548.62357072384,125000000.0,125000000.00000001,250000000.0,250000000.00000003,40,40
-170201.41312639962,99999.99999999997,1984.1269841269843,-272185.5401105266,124999999.99999999,125000000.0,250000000.0,275654537.9445753,40,40
609496.7812864013,100000.0,1984.1269841269836,507512.65430227434,124999999.99999999,125000000.0,250000000.0,268886173.8412446,40,40
0.0,50000.00000000002,0.0,-50000.00000000002,0.0,0.0,0.0,250000000.0,0,0
619274.543050574,49999.999999999985,1984.126984126984,567290.416066447,125000000.00000001,125000000.0,250000000.0,250000000.0,39,39
0.0,49999.999999999985,0.0,-49999.999999999985,0.0,0.0,0.0,250000000.0,0,0
0.0,0.0,0.0,0.0,0.0,0.0,0.0,0.0,0,0
0.0,0.0,0.0,0.0,0.0,0.0,0.0,0.0,0,0
0.0,0.0,0.0,0.0,0.0,0.0,0.0,0.0,0,0
0.0,0.0,0.0,0.0,0.0,0.0,0.0,0.0,0,0
0.0,0.0,0.0,0.0,0.0,0.0,0.0,0.0,0,0
0.0,0.0,0.0,0.0,0.0,0.0,0.0,0.0,0,0
0.0,0.0,0.0,0.0,0.0,0.0,0.0,0.0,0,0
0.0,0.0,0.0,0.0,0.0,0.0,0.0,0.0,0,0
0.0,0.0,0.0,0.0,0.0,0.0,0.0,0.0,0,0
693673.3647729332,49999.99999999999,1984.1269841269836,641689.2377888062,124999999.99999999,124999999.99999999,249999999.99999997,249999999.99999997,38,38
0.0,49999.99999999999,0.0,-49999.99999999999,0.0,0.0,0.0,249999999.99999997,0,0
0.0,0.0,0.0,0.0,0.0,0.0,0.0,0.0,0,0
0.0,0.0,0.0,0.0,0.0,0.0,0.0,0.0,0,0
0.0,0.0,0.0,0.0,0.0,0.0,0.0,0.0,0,0
0.0,0.0,0.0,0.0,0.0,0.0,0.0,0.0,0,0
0.0,0.0,0.0,0.0,0.0,0.0,0.0,0.0,0,0
0.0,0.0,0.0,0.0,0.0,0.0,0.0,0.0,0,0
0.0,0.0,0.0,0.0,0.0,0.0,0.0,0.0,0,0
0.0,0.0,0.0,0.0,0.0,0.0,0.0,0.0,0,0
0.0,0.0,0.0,0.0,0.0,0.0,0.0,0.0,0,0
0.0,0.0,0.0,0.0,0.0,0.0,0.0,0.0,0,0
0.0,0.0,0.0,0.0,0.0,0.0,0.0,0.0,0,0
0.0,0.0,0.0,0.0,0.0,0.0,0.0,0.0,0,0
0.0,0.0,0.0,0.0,0.0,0.0,0.0,0.0,0,0
0.0,0.0,0.0,0.0,0.0,0.0,0.0,0.0,0,0
0.0,0.0,0.0,0.0,0.0,0.0,0.0,0.0,0,0
0.0,0.0,0.0,0.0,0.0,0.0,0.0,0.0,0,0
0.0,0.0,0.0,0.0,0.0,0.0,0.0,0.0,0,0
0.0,0.0,0.0,0.0,0.0,0.0,0.0,0.0,0,0
0.0,0.0,0.0,0.0,0.0,0.0,0.0,0.0,0,0
0.0,0.0,0.0,0.0,0.0,0.0,0.0,0.0,0,0
0.0,0.0,0.0,0.0,0.0,0.0,0.0,0.0,0,0
0.0,0.0,0.0,0.0,0.0,0.0,0.0,0.0,0,0
0.0,0.0,0.0,0.0,0.0,0.0,0.0,0.0,0,0
0.0,0.0,0.0,0.0,0.0,0.0,0.0,0.0,0,0
0.0,0.0,0.0,0.0,0.0,0.0,0.0,0.0,0,0
0.0,0.0,0.0,0.0,0.0,0.0,0.0,0.0,0,0
0.0,0.0,0.0,0.0,0.0,0.0,0.0,0.0,0,0
1087814.9065772246,50000.0,1984.1269841269836,1035830.7795930976,125000000.00000001,124999999.99999999,250000000.0,250000000.0,37,37
0.0,50000.0,0.0,-50000.0,0.0,0.0,0.0,250000000.0,0,0
0.0,0.0,0.0,0.0,0.0,0.0,0.0,0.0,0,0
0.0,0.0,0.0,0.0,0.0,0.0,0.0,0.0,0,0
295537.7705268609,50000.00000000001,1984.126984126983,243553.64354273392,124999999.99999999,124999999.99999997,249999999.99999994,249999999.99999997,31,31
0.0,50000.00000000001,0.0,-50000.00000000001,0.0,0.0,0.0,249999999.99999997,0,0
-76043.95310130583,50000.00000000001,1984.126984126984,-128028.08008543283,125000000.00000001,125000000.00000001,250000000.00000003,250000000.00000003,32,32
428030.5552376823,100000.00000000001,1984.126984126984,326046.4282535553,125000000.0,125000000.0,250000000.0,356517934.7090508,35,35
0.0,50000.0,0.0,-50000.0,0.0,0.0,0.0,250000000.0,0,0
0.0,0.0,0.0,0.0,0.0,0.0,0.0,0.0,0,0
0.0,0.0,0.0,0.0,0.0,0.0,0.0,0.0,0,0
0.0,0.0,0.0,0.0,0.0,0.0,0.0,0.0,0,0
0.0,0.0,0.0,0.0,0.0,0.0,0.0,0.0,0,0
0.0,0.0,0.0,0.0,0.0,0.0,0.0,0.0,0,0
-708571.2849502353,50000.00000000003,1984.126984126984,-760555.4119343623,125000000.0,124999999.99999999,250000000.0,250000000.0,38,38
721306.1442406797,100000.00000000003,1984.1269841269843,619322.0172565527,125000000.00000001,125000000.0,250000000.0,302129460.6543954,39,39
0.0,50000.000000000015,0.0,-50000.000000000015,0.0,0.0,0.0,250000000.00000003,0,0
-492618.35216764477,50000.00000000002,1984.1269841269839,-544602.4791517718,124999999.99999999,125000000.00000001,250000000.0,250000000.0,41,41
-1058332.4796058186,100000.0,1984.1269841269839,-1160316.6065899457,124999999.99999999,124999999.99999999,249999999.99999997,330621312.55392915,41,41
392690.8430273461,99999.99999999991,1984.126984126984,290706.7160432192,125000000.00000001,124999999.99999999,250000000.0,350161312.82635283,41,41
0.0,49999.99999999999,0.0,-49999.99999999999,0.0,0.0,0.0,250000000.0,0,0
176060.23558154958,49999.999999999985,1984.1269841269834,124076.10859742262,124999999.99999999,125000000.0,250000000.0,249999999.99999997,41,41
0.0,49999.999999999985,0.0,-49999.999999999985,0.0,0.0,0.0,249999999.99999997,0,0
0.0,0.0,0.0,0.0,0.0,0.0,0.0,0.0,0,0
0.0,0.0,0.0,0.0,0.0,0.0,0.0,0.0,0,0
0.0,0.0,0.0,0.0,0.0,0.0,0.0,0.0,0,0
0.0,0.0,0.0,0.0,0.0,0.0,0.0,0.0,0,0
0.0,0.0,0.0,0.0,0.0,0.0,0.0,0.0,0,0
0.0,0.0,0.0,0.0,0.0,0.0,0.0,0.0,0,0
0.0,0.0,0.0,0.0,0.0,0.0,0.0,0.0,0,0
557170.2936813623,49999.999999999985,1984.1269841269839,505186.1666972353,125000000.0,124999999.99999999,250000000.0,249999999.99999997,40,40
0.0,49999.999999999985,0.0,-49999.999999999985,0.0,0.0,0.0,249999999.99999997,0,0
0.0,0.0,0.0,0.0,0.0,0.0,0.0,0.0,0,0
520978.75667160336,49999.999999999985,1984.1269841269832,468994.6296874764,124999999.99999999,124999999.99999999,249999999.99999997,249999999.99999997,40,40
868293.7903873656,100000.00000000001,1984.1269841269839,766309.6634032386,125000000.0,124999999.99999999,250000000.0,379920968.3748069,40,40
0.0,49999.99999999999,0.0,-49999.99999999999,0.0,0.0,0.0,250000000.0,0,0
254652.61950145735,50000.00000000003,1984.1269841269846,202668.49251733033,125000000.00000001,125000000.00000001,250000000.00000003,250000000.00000003,41,41
0.0,50000.00000000003,0.0,-50000.00000000003,0.0,0.0,0.0,250000000.00000003,0,0
0.0,0.0,0.0,0.0,0.0,0.0,0.0,0.0,0,0
0.0,0.0,0.0,0.0,0.0,0.0,0.0,0.0,0,0
0.0,0.0,0.0,0.0,0.0,0.0,0.0,0.0,0,0
3748.3935006731663,50000.0,1984.1269841269846,-48235.73348345382,125000000.00000001,124999999.99999999,250000000.0,250000000.0,41,41
681116.5871187117,101506.47160067716,1984.126984126984,577625.9885339076,125000000.00000001,124999999.99999999,250000000.0,432924230.86190146,42,42
174759.84029397226,100000.00000000004,1984.1269841269839,72775.71330984523,125000000.0,125000000.00000001,250000000.0,314552987.2176309,42,42
267983.8112828952,100675.69980936572,1984.1269841269846,165323.9844894025,125000000.0,125000000.00000001,250000000.0,285104048.8781928,41,41
-39529.16401133672,101265.64141441225,1984.1269841269836,-142778.93240987597,125000000.0,124999999.99999999,250000000.0,281337238.87613124,42,42
-61960.98941683236,99999.99999999985,1984.126984126985,-163945.1164009592,125000000.0,125000000.00000003,250000000.00000003,270614832.49870765,42,42
0.0,50000.0,0.0,-50000.0,0.0,0.0,0.0,250000000.00000003,0,0
0.0,0.0,0.0,0.0,0.0,0.0,0.0,0.0,0,0
0.0,0.0,0.0,0.0,0.0,0.0,0.0,0.0,0,0
381576.1455983676,50000.0,1984.1269841269848,329592.01861424063,125000000.0,125000000.00000001,250000000.0,250000000.0,42,42
0.0,50000.0,0.0,-50000.0,0.0,0.0,0.0,250000000.0,0,0
245037.78165554104,50000.00000000001,1984.1269841269843,193053.65467141406,125000000.0,125000000.00000001,250000000.0,250000000.0,42,42
353438.4605027159,100000.00000000004,1984.126984126984,251454.33351858886,125000000.0,125000000.0,250000000.0,320783625.2640563,42,42
370116.4335172081,100000.00000000004,1984.126984126984,268132.30653308105,125000000.0,124999999.99999999,250000000.0,300287973.7484422,42,42
230377.1851715381,99999.99999999997,1984.126984126984,128393.05818741114,125000000.0,125000000.0,250000000.0,327982243.78426534,42,42
429807.2574057012,100000.00000000001,1984.1269841269836,327823.1304215742,125000000.00000001,124999999.99999999,250000000.0,306282261.1246698,42,42
476183.2083877211,100000.00000000003,1984.126984126984,374199.0814035941,125000000.00000001,125000000.0,250000000.0,285404717.8072639,42,42
255882.640579207,99999.99999999999,1984.1269841269839,153898.51359508006,124999999.99999999,124999999.99999999,249999999.99999997,272791832.62226886,42,42
140862.09929127712,100000.0,1984.1269841269846,38877.972307150136,125000000.0,125000000.0,250000000.0,265725239.4899575,42,42
46524.462994795664,100000.00000000001,1984.1269841269839,-55459.66398933133,125000000.0,125000000.0,250000000.0,339102684.44009006,41,41
109201.14661697901,101267.88026352703,1984.126984126984,5949.1393693249975,125000000.0,125000000.0,250000000.0,372659451.0864355,40,40
228082.2670188284,100000.00000000004,1984.1269841269839,126098.14003470137,125000000.0,125000000.0,250000000.0,291860836.8955337,40,40
-98384.10143991945,100000.00000000001,1984.1269841269843,-200368.22842404645,125000000.0,125000000.0,250000000.0,284811969.1852668,40,40
339460.58893025207,100000.00000000001,1984.1269841269839,237476.46194612508,125000000.0,125000000.0,250000000.0,317024031.45237005,40,40
500661.4326373661,99999.99999999994,1984.1269841269843,398677.3056532392,124999999.99999999,125000000.0,250000000.0,287112170.3888167,38,38
0.0,49999.99999999999,0.0,-49999.99999999999,0.0,0.0,0.0,249999999.99999997,0,0
379835.8613602165,50000.00000000001,1984.1269841269843,327851.73437608953,125000000.0,125000000.0,250000000.0,250000000.0,40,40
-1649134.5949763726,100000.00000000006,1984.1269841269843,-1751118.7219604996,125000000.00000001,125000000.0,250000000.0,343895204.9764681,40,40
700929.2202920052,100897.7198328773,1984.1269841269843,598047.373475001,125000000.00000001,125000000.0,250000000.0,360813312.9326793,40,40
0.0,50000.00000000001,0.0,-50000.00000000001,0.0,0.0,0.0,250000000.00000003,0,0
-145003.92592486984,50000.000000000015,1984.1269841269839,-196988.05290899682,125000000.0,125000000.00000001,250000000.0,250000000.0,37,37
-1023690.322629997,100000.0,1984.1269841269846,-1125674.4496141241,124999999.99999999,125000000.00000003,250000000.0,411585692.82110023,39,39
-1259778.093766783,100601.0073493189,1984.126984126984,-1362363.2281002288,125000000.0,125000000.0,250000000.0,354533897.2271529,40,40
-261821.75056403148,100601.00734931893,1984.1269841269836,-364406.8848974774,124999999.99999999,125000000.00000001,250000000.0,322649418.0331221,40,40
302873.81110916793,101243.59046946204,1984.1269841269839,199646.0936555789,125000000.0,124999999.99999997,249999999.99999997,358430916.0231914,39,39
1046892.7602362758,100000.00000000003,1984.126984126984,944908.6332521489,125000000.00000001,125000000.00000001,250000000.00000003,349801865.4603831,39,39
776399.2879106891,101528.30098071489,1984.126984126984,672886.8599458473,125000000.0,125000000.0,250000000.0,346325694.91800034,41,41
-376599.8024496522,101528.82310006046,1984.126984126984,-480112.75253383967,125000000.0,125000000.0,250000000.0,343696559.58905196,42,42
0.0,50000.00000000001,0.0,-50000.00000000001,0.0,0.0,0.0,250000000.0,0,0
0.0,0.0,0.0,0.0,0.0,0.0,0.0,0.0,0,0
0.0,0.0,0.0,0.0,0.0,0.0,0.0,0.0,0,0
-223756.6869201479,50000.00000000002,1984.126984126984,-275740.8139042749,125000000.0,125000000.00000001,250000000.0,250000000.0,41,41
0.0,50000.00000000002,0.0,-50000.00000000002,0.0,0.0,0.0,250000000.0,0,0
0.0,0.0,0.0,0.0,0.0,0.0,0.0,0.0,0,0
0.0,0.0,0.0,0.0,0.0,0.0,0.0,0.0,0,0
0.0,0.0,0.0,0.0,0.0,0.0,0.0,0.0,0,0
0.0,0.0,0.0,0.0,0.0,0.0,0.0,0.0,0,0
0.0,0.0,0.0,0.0,0.0,0.0,0.0,0.0,0,0
0.0,0.0,0.0,0.0,0.0,0.0,0.0,0.0,0,0
0.0,0.0,0.0,0.0,0.0,0.0,0.0,0.0,0,0
-629978.2894825193,50000.00000000001,1984.1269841269839,-681962.4164666462,125000000.00000001,124999999.99999999,250000000.0,250000000.0,43,43
0.0,50000.00000000001,0.0,-50000.00000000001,0.0,0.0,0.0,250000000.0,0,0
0.0,0.0,0.0,0.0,0.0,0.0,0.0,0.0,0,0
0.0,0.0,0.0,0.0,0.0,0.0,0.0,0.0,0,0
0.0,0.0,0.0,0.0,0.0,0.0,0.0,0.0,0,0
0.0,0.0,0.0,0.0,0.0,0.0,0.0,0.0,0,0
0.0,0.0,0.0,0.0,0.0,0.0,0.0,0.0,0,0
0.0,0.0,0.0,0.0,0.0,0.0,0.0,0.0,0,0
0.0,0.0,0.0,0.0,0.0,0.0,0.0,0.0,0,0
0.0,0.0,0.0,0.0,0.0,0.0,0.0,0.0,0,0
0.0,0.0,0.0,0.0,0.0,0.0,0.0,0.0,0,0
0.0,0.0,0.0,0.0,0.0,0.0,0.0,0.0,0,0
0.0,0.0,0.0,0.0,0.0,0.0,0.0,0.0,0,0
0.0,0.0,0.0,0.0,0.0,0.0,0.0,0.0,0,0
0.0,0.0,0.0,0.0,0.0,0.0,0.0,0.0,0,0
0.0,0.0,0.0,0.0,0.0,0.0,0.0,0.0,0,0
0.0,0.0,0.0,0.0,0.0,0.0,0.0,0.0,0,0
-523879.1523065067,49999.99999999999,1984.1269841269843,-575863.2792906336,124999999.99999999,124999999.99999999,249999999.99999997,249999999.99999997,44,44
0.0,49999.99999999999,0.0,-49999.99999999999,0.0,0.0,0.0,249999999.99999997,0,0
0.0,0.0,0.0,0.0,0.0,0.0,0.0,0.0,0,0
0.0,0.0,0.0,0.0,0.0,0.0,0.0,0.0,0,0
0.0,0.0,0.0,0.0,0.0,0.0,0.0,0.0,0,0
1068616.5250503235,50000.00000000001,1984.126984126985,1016632.3980661965,124999999.99999997,125000000.00000003,250000000.0,250000000.0,44,44
0.0,50000.00000000001,0.0,-50000.00000000001,0.0,0.0,0.0,250000000.0,0,0
1139367.4617734458,50000.000000000015,1984.1269841269839,1087383.3347893187,125000000.00000001,125000000.00000001,250000000.00000003,250000000.00000003,44,44
0.0,50000.000000000015,0.0,-50000.000000000015,0.0,0.0,0.0,250000000.00000003,0,0
-630388.6586867488,50000.00000000002,1984.1269841269839,-682372.7856708758,125000000.0,125000000.0,250000000.0,250000000.0,43,43
0.0,50000.00000000002,0.0,-50000.00000000002,0.0,0.0,0.0,250000000.0,0,0
0.0,0.0,0.0,0.0,0.0,0.0,0.0,0.0,0,0
0.0,0.0,0.0,0.0,0.0,0.0,0.0,0.0,0,0
0.0,0.0,0.0,0.0,0.0,0.0,0.0,0.0,0,0
0.0,0.0,0.0,0.0,0.0,0.0,0.0,0.0,0,0
0.0,0.0,0.0,0.0,0.0,0.0,0.0,0.0,0,0
0.0,0.0,0.0,0.0,0.0,0.0,0.0,0.0,0,0
0.0,0.0,0.0,0.0,0.0,0.0,0.0,0.0,0,0
0.0,0.0,0.0,0.0,0.0,0.0,0.0,0.0,0,0
0.0,0.0,0.0,0.0,0.0,0.0,0.0,0.0,0,0
0.0,0.0,0.0,0.0,0.0,0.0,0.0,0.0,0,0
0.0,0.0,0.0,0.0,0.0,0.0,0.0,0.0,0,0
0.0,0.0,0.0,0.0,0.0,0.0,0.0,0.0,0,0
0.0,0.0,0.0,0.0,0.0,0.0,0.0,0.0,0,0
0.0,0.0,0.0,0.0,0.0,0.0,0.0,0.0,0,0
0.0,0.0,0.0,0.0,0.0,0.0,0.0,0.0,0,0
0.0,0.0,0.0,0.0,0.0,0.0,0.0,0.0,0,0
0.0,0.0,0.0,0.0,0.0,0.0,0.0,0.0,0,0
0.0,0.0,0.0,0.0,0.0,0.0,0.0,0.0,0,0
0.0,0.0,0.0,0.0,0.0,0.0,0.0,0.0,0,0
0.0,0.0,0.0,0.0,0.0,0.0,0.0,0.0,0,0
0.0,0.0,0.0,0.0,0.0,0.0,0.0,0.0,0,0
0.0,0.0,0.0,0.0,0.0,0.0,0.0,0.0,0,0
0.0,0.0,0.0,0.0,0.0,0.0,0.0,0.0,0,0
0.0,0.0,0.0,0.0,0.0,0.0,0.0,0.0,0,0
0.0,0.0,0.0,0.0,0.0,0.0,0.0,0.0,0,0
0.0,0.0,0.0,0.0,0.0,0.0,0.0,0.0,0,0
0.0,0.0,0.0,0.0,0.0,0.0,0.0,0.0,0,0
0.0,0.0,0.0,0.0,0.0,0.0,0.0,0.0,0,0
0.0,0.0,0.0,0.0,0.0,0.0,0.0,0.0,0,0
0.0,0.0,0.0,0.0,0.0,0.0,0.0,0.0,0,0
0.0,0.0,0.0,0.0,0.0,0.0,0.0,0.0,0,0
0.0,0.0,0.0,0.0,0.0,0.0,0.0,0.0,0,0
0.0,0.0,0.0,0.0,0.0,0.0,0.0,0.0,0,0
0.0,0.0,0.0,0.0,0.0,0.0,0.0,0.0,0,0
0.0,0.0,0.0,0.0,0.0,0.0,0.0,0.0,0,0
0.0,0.0,0.0,0.0,0.0,0.0,0.0,0.0,0,0
0.0,0.0,0.0,0.0,0.0,0.0,0.0,0.0,0,0
0.0,0.0,0.0,0.0,0.0,0.0,0.0,0.0,0,0
0.0,0.0,0.0,0.0,0.0,0.0,0.0,0.0,0,0
0.0,0.0,0.0,0.0,0.0,0.0,0.0,0.0,0,0
0.0,0.0,0.0,0.0,0.0,0.0,0.0,0.0,0,0
0.0,0.0,0.0,0.0,0.0,0.0,0.0,0.0,0,0
0.0,0.0,0.0,0.0,0.0,0.0,0.0,0.0,0,0
0.0,0.0,0.0,0.0,0.0,0.0,0.0,0.0,0,0
0.0,0.0,0.0,0.0,0.0,0.0,0.0,0.0,0,0
0.0,0.0,0.0,0.0,0.0,0.0,0.0,0.0,0,0
0.0,0.0,0.0,0.0,0.0,0.0,0.0,0.0,0,0
573707.8181312053,50000.0,1984.126984126984,521723.6911470783,125000000.0,125000000.0,250000000.0,250000000.0,43,43
0.0,50000.0,0.0,-50000.0,0.0,0.0,0.0,250000000.0,0,0
0.0,0.0,0.0,0.0,0.0,0.0,0.0,0.0,0,0
0.0,0.0,0.0,0.0,0.0,0.0,0.0,0.0,0,0
0.0,0.0,0.0,0.0,0.0,0.0,0.0,0.0,0,0
0.0,0.0,0.0,0.0,0.0,0.0,0.0,0.0,0,0
-180545.8736347451,50000.000000000015,1984.126984126984,-232530.00061887212,124999999.99999999,124999999.99999999,249999999.99999997,249999999.99999997,43,43
0.0,50000.000000000015,0.0,-50000.000000000015,0.0,0.0,0.0,249999999.99999997,0,0
0.0,0.0,0.0,0.0,0.0,0.0,0.0,0.0,0,0
0.0,0.0,0.0,0.0,0.0,0.0,0.0,0.0,0,0
0.0,0.0,0.0,0.0,0.0,0.0,0.0,0.0,0,0
0.0,0.0,0.0,0.0,0.0,0.0,0.0,0.0,0,0
0.0,0.0,0.0,0.0,0.0,0.0,0.0,0.0,0,0
0.0,0.0,0.0,0.0,0.0,0.0,0.0,0.0,0,0
0.0,0.0,0.0,0.0,0.0,0.0,0.0,0.0,0,0
0.0,0.0,0.0,0.0,0.0,0.0,0.0,0.0,0,0
0.0,0.0,0.0,0.0,0.0,0.0,0.0,0.0,0,0
-298.41826345195096,50000.00000000001,1984.126984126984,-52282.54524757894,124999999.99999999,124999999.99999999,249999999.99999997,249999999.99999997,43,43
0.0,50000.00000000001,0.0,-50000.00000000001,0.0,0.0,0.0,249999999.99999997,0,0
0.0,0.0,0.0,0.0,0.0,0.0,0.0,0.0,0,0
0.0,0.0,0.0,0.0,0.0,0.0,0.0,0.0,0,0
0.0,0.0,0.0,0.0,0.0,0.0,0.0,0.0,0,0
0.0,0.0,0.0,0.0,0.0,0.0,0.0,0.0,0,0
0.0,0.0,0.0,0.0,0.0,0.0,0.0,0.0,0,0
0.0,0.0,0.0,0.0,0.0,0.0,0.0,0.0,0,0
0.0,0.0,0.0,0.0,0.0,0.0,0.0,0.0,0,0
0.0,0.0,0.0,0.0,0.0,0.0,0.0,0.0,0,0
0.0,0.0,0.0,0.0,0.0,0.0,0.0,0.0,0,0
0.0,0.0,0.0,0.0,0.0,0.0,0.0,0.0,0,0
0.0,0.0,0.0,0.0,0.0,0.0,0.0,0.0,0,0
0.0,0.0,0.0,0.0,0.0,0.0,0.0,0.0,0,0
0.0,0.0,0.0,0.0,0.0,0.0,0.0,0.0,0,0
0.0,0.0,0.0,0.0,0.0,0.0,0.0,0.0,0,0
0.0,0.0,0.0,0.0,0.0,0.0,0.0,0.0,0,0
0.0,0.0,0.0,0.0,0.0,0.0,0.0,0.0,0,0
0.0,0.0,0.0,0.0,0.0,0.0,0.0,0.0,0,0
0.0,0.0,0.0,0.0,0.0,0.0,0.0,0.0,0,0
0.0,0.0,0.0,0.0,0.0,0.0,0.0,0.0,0,0
0.0,0.0,0.0,0.0,0.0,0.0,0.0,0.0,0,0
0.0,0.0,0.0,0.0,0.0,0.0,0.0,0.0,0,0
0.0,0.0,0.0,0.0,0.0,0.0,0.0,0.0,0,0
0.0,0.0,0.0,0.0,0.0,0.0,0.0,0.0,0,0
213112.05304446604,50000.00000000001,1984.1269841269839,161127.92606033906,125000000.0,124999999.99999999,250000000.0,250000000.0,43,43
0.0,50000.00000000001,0.0,-50000.00000000001,0.0,0.0,0.0,250000000.0,0,0
0.0,0.0,0.0,0.0,0.0,0.0,0.0,0.0,0,0
0.0,0.0,0.0,0.0,0.0,0.0,0.0,0.0,0,0
0.0,0.0,0.0,0.0,0.0,0.0,0.0,0.0,0,0
0.0,0.0,0.0,0.0,0.0,0.0,0.0,0.0,0,0
0.0,0.0,0.0,0.0,0.0,0.0,0.0,0.0,0,0
0.0,0.0,0.0,0.0,0.0,0.0,0.0,0.0,0,0
0.0,0.0,0.0,0.0,0.0,0.0,0.0,0.0,0,0
0.0,0.0,0.0,0.0,0.0,0.0,0.0,0.0,0,0
0.0,0.0,0.0,0.0,0.0,0.0,0.0,0.0,0,0
0.0,0.0,0.0,0.0,0.0,0.0,0.0,0.0,0,0
0.0,0.0,0.0,0.0,0.0,0.0,0.0,0.0,0,0
0.0,0.0,0.0,0.0,0.0,0.0,0.0,0.0,0,0
0.0,0.0,0.0,0.0,0.0,0.0,0.0,0.0,0,0
0.0,0.0,0.0,0.0,0.0,0.0,0.0,0.0,0,0
-327590.53267725767,49999.99999999999,1984.1269841269846,-379574.65966138465,125000000.0,125000000.0,250000000.0,250000000.0,40,40
0.0,49999.99999999999,0.0,-49999.99999999999,0.0,0.0,0.0,250000000.0,0,0
0.0,0.0,0.0,0.0,0.0,0.0,0.0,0.0,0,0
0.0,0.0,0.0,0.0,0.0,0.0,0.0,0.0,0,0
0.0,0.0,0.0,0.0,0.0,0.0,0.0,0.0,0,0
0.0,0.0,0.0,0.0,0.0,0.0,0.0,0.0,0,0
0.0,0.0,0.0,0.0,0.0,0.0,0.0,0.0,0,0
0.0,0.0,0.0,0.0,0.0,0.0,0.0,0.0,0,0
0.0,0.0,0.0,0.0,0.0,0.0,0.0,0.0,0,0
0.0,0.0,0.0,0.0,0.0,0.0,0.0,0.0,0,0
0.0,0.0,0.0,0.0,0.0,0.0,0.0,0.0,0,0
0.0,0.0,0.0,0.0,0.0,0.0,0.0,0.0,0,0
0.0,0.0,0.0,0.0,0.0,0.0,0.0,0.0,0,0
0.0,0.0,0.0,0.0,0.0,0.0,0.0,0.0,0,0
0.0,0.0,0.0,0.0,0.0,0.0,0.0,0.0,0,0
0.0,0.0,0.0,0.0,0.0,0.0,0.0,0.0,0,0
0.0,0.0,0.0,0.0,0.0,0.0,0.0,0.0,0,0
0.0,0.0,0.0,0.0,0.0,0.0,0.0,0.0,0,0
0.0,0.0,0.0,0.0,0.0,0.0,0.0,0.0,0,0
-641047.1275314053,49999.999999999985,1984.126984126984,-693031.2545155323,124999999.99999999,125000000.0,250000000.0,249999999.99999997,43,43
-259462.02664357694,100510.63499183176,1984.1269841269839,-361956.7886195357,124999999.99999999,125000000.0,250000000.0,242472668.2957245,43,43
-961874.4268957725,100000.00000000003,1984.1269841269836,-1063858.5538798997,125000000.0,125000000.00000001,250000000.0,300042904.6060873,43,43
2605925.5512684723,100457.63591323707,1984.126984126984,2503483.7883711085,124999999.99999999,124999999.99999999,249999999.99999997,363073282.641223,43,43
319175.6903587097,99999.99999999999,1984.126984126984,217191.56337458274,125000000.0,124999999.99999999,250000000.0,381888386.4660788,43,43
827293.5654882804,102421.4402416284,1984.1269841269839,722887.998262525,125000000.0,125000000.0,250000000.0,376862849.42833346,43,43
0.0,50000.00000000003,0.0,-50000.00000000003,0.0,0.0,0.0,250000000.0,0,0
86269.51845116209,50000.000000000015,1984.126984126984,34285.39146703509,125000000.0,125000000.00000001,250000000.0,250000000.0,41,41
223411.22946646952,99999.99999999999,1984.1269841269839,121427.10248234255,125000000.00000001,125000000.0,250000000.0,320859632.64333665,41,41
0.0,50000.0,0.0,-50000.0,0.0,0.0,0.0,250000000.00000003,0,0
0.0,0.0,0.0,0.0,0.0,0.0,0.0,0.0,0,0
-392759.4419369768,49999.99999999999,1984.126984126984,-444743.5689211038,124999999.99999999,125000000.0,250000000.0,249999999.99999997,39,39
1572522.069781545,102760.93750570883,1984.126984126984,1467777.0052917092,125000000.0,125000000.0,250000000.0,370040920.7474562,35,35
-1414537.4671605958,105413.12861098729,1984.1269841269836,-1521934.7227557101,124999999.99999999,124999999.99999999,249999999.99999997,427876547.9559071,34,34
2058947.3581353733,103119.44475284975,1984.1269841269843,1953843.7863983966,125000000.00000001,125000000.00000001,250000000.00000003,418304100.24285376,36,36
369967.63786684995,106315.5210100032,1984.1269841269839,261667.98987271974,125000000.0,125000000.00000001,250000000.0,469420760.720727,38,38
3174264.010628728,108330.0605017291,1984.1269841269832,3063949.823142872,124999999.99999999,124999999.99999999,249999999.99999997,469289566.3521114,39,39
114351.38045159899,100000.00000000001,1984.1269841269848,12367.253467471992,125000000.00000001,125000000.0,250000000.0,380409985.9849087,36,36
0.0,49999.999999999985,0.0,-49999.999999999985,0.0,0.0,0.0,250000000.00000003,0,0
0.0,0.0,0.0,0.0,0.0,0.0,0.0,0.0,0,0
0.0,0.0,0.0,0.0,0.0,0.0,0.0,0.0,0,0
0.0,0.0,0.0,0.0,0.0,0.0,0.0,0.0,0,0
0.0,0.0,0.0,0.0,0.0,0.0,0.0,0.0,0,0
-981427.9721918002,49999.99999999999,1984.1269841269836,-1033412.0991759272,125000000.00000001,124999999.99999999,250000000.0,250000000.0,40,40
0.0,49999.99999999999,0.0,-49999.99999999999,0.0,0.0,0.0,250000000.0,0,0
-230811.36478080924,50000.00000000001,1984.126984126984,-282795.49176493625,125000000.0,125000000.00000001,250000000.0,250000000.00000003,43,43
0.0,50000.00000000001,0.0,-50000.00000000001,0.0,0.0,0.0,250000000.00000003,0,0
0.0,0.0,0.0,0.0,0.0,0.0,0.0,0.0,0,0
0.0,0.0,0.0,0.0,0.0,0.0,0.0,0.0,0,0
0.0,0.0,0.0,0.0,0.0,0.0,0.0,0.0,0,0
0.0,0.0,0.0,0.0,0.0,0.0,0.0,0.0,0,0
2416650.741810293,50000.000000000015,1984.1269841269839,2364666.614826166,125000000.00000001,125000000.0,250000000.0,250000000.0,43,43
-1183960.4202764921,100481.3314237843,1984.1269841269839,-1286425.8786844036,125000000.00000001,125000000.00000001,250000000.00000003,303498433.698517,43,43
1684804.0975000528,100000.00000000001,1984.126984126984,1582819.9705159257,125000000.00000001,125000000.0,250000000.0,333943849.8909432,44,44
-587593.7836361057,101361.01430387417,1984.1269841269843,-690938.9249241069,125000000.0,125000000.0,250000000.0,346115175.6158312,43,43
940724.4907947587,101086.84757463627,1984.1269841269843,837653.5162359955,125000000.0,125000000.0,250000000.0,357086359.1285506,43,43
0.0,50000.00000000002,0.0,-50000.00000000002,0.0,0.0,0.0,250000000.0,0,0
-725585.5071665754,49999.99999999999,1984.1269841269843,-777569.6341507024,124999999.99999999,125000000.0,250000000.0,249999999.99999997,42,42
0.0,49999.99999999999,0.0,-49999.99999999999,0.0,0.0,0.0,249999999.99999997,0,0
0.0,0.0,0.0,0.0,0.0,0.0,0.0,0.0,0,0
0.0,0.0,0.0,0.0,0.0,0.0,0.0,0.0,0,0
-217382.55835170826,50000.00000000003,1984.1269841269846,-269366.68533583527,125000000.00000001,124999999.99999999,250000000.0,250000000.0,42,42
-1214795.4577549915,101347.21326590022,1984.1269841269843,-1318126.7980050188,124999999.99999999,125000000.0,250000000.0,391529717.56585544,42,42
0.0,49999.99999999998,0.0,-49999.99999999998,0.0,0.0,0.0,249999999.99999997,0,0
1499371.1207311747,49999.99999999997,1984.1269841269843,1447386.9937470476,124999999.99999999,125000000.0,250000000.0,250000000.0,43,43
0.0,49999.99999999997,0.0,-49999.99999999997,0.0,0.0,0.0,250000000.0,0,0
0.0,0.0,0.0,0.0,0.0,0.0,0.0,0.0,0,0
-645569.1704012844,49999.99999999997,1984.126984126984,-697553.2973854113,125000000.00000001,124999999.99999999,250000000.0,250000000.0,43,43
0.0,49999.99999999997,0.0,-49999.99999999997,0.0,0.0,0.0,250000000.0,0,0
188517.23585327546,50000.000000000015,1984.1269841269843,136533.10886914848,125000000.00000001,124999999.99999999,250000000.0,250000000.0,42,42
0.0,50000.000000000015,0.0,-50000.000000000015,0.0,0.0,0.0,250000000.0,0,0
-101081.17017324344,49999.999999999985,1984.126984126984,-153065.29715737043,124999999.99999999,125000000.00000001,250000000.0,250000000.0,42,42
0.0,49999.999999999985,0.0,-49999.999999999985,0.0,0.0,0.0,250000000.0,0,0
825776.8456714791,50000.000000000015,1984.1269841269832,773792.7186873521,125000000.0,124999999.99999997,249999999.99999997,249999999.99999997,43,43
-614010.6464253142,102374.84577784046,1984.1269841269843,-718369.6191872817,125000000.00000001,125000000.0,250000000.0,403283704.34034747,44,44
178246.02864671286,104381.02343415427,1984.126984126984,71880.87822843161,125000000.0,125000000.00000001,250000000.0,424190652.6010057,44,44
0.0,50000.0,0.0,-50000.0,0.0,0.0,0.0,250000000.00000003,0,0
0.0,0.0,0.0,0.0,0.0,0.0,0.0,0.0,0,0
-1428227.2299306502,50000.0,1984.1269841269843,-1480211.3569147773,125000000.00000001,125000000.0,250000000.0,250000000.00000003,44,44
2032284.9926943914,101168.22551912068,1984.126984126984,1929132.6401911436,125000000.0,125000000.0,250000000.0,352062399.967886,44,44
792904.3759714643,101170.88440806745,1984.1269841269839,689749.3645792699,125000000.00000001,125000000.00000001,250000000.00000003,448413918.7555496,44,44
0.0,49999.999999999985,0.0,-49999.999999999985,0.0,0.0,0.0,250000000.00000003,0,0
0.0,0.0,0.0,0.0,0.0,0.0,0.0,0.0,0,0
-279299.45479509054,50000.00000000001,1984.1269841269843,-331283.5817792175,125000000.0,125000000.0,250000000.0,250000000.0,44,44
0.0,50000.00000000001,0.0,-50000.00000000001,0.0,0.0,0.0,250000000.0,0,0
-1628674.2795611038,50000.00000000001,1984.1269841269839,-1680658.406545231,125000000.0,124999999.99999999,250000000.0,250000000.0,44,44
0.0,50000.00000000001,0.0,-50000.00000000001,0.0,0.0,0.0,250000000.0,0,0
0.0,0.0,0.0,0.0,0.0,0.0,0.0,0.0,0,0
0.0,0.0,0.0,0.0,0.0,0.0,0.0,0.0,0,0
0.0,0.0,0.0,0.0,0.0,0.0,0.0,0.0,0,0
0.0,0.0,0.0,0.0,0.0,0.0,0.0,0.0,0,0
0.0,0.0,0.0,0.0,0.0,0.0,0.0,0.0,0,0
0.0,0.0,0.0,0.0,0.0,0.0,0.0,0.0,0,0
0.0,0.0,0.0,0.0,0.0,0.0,0.0,0.0,0,0
0.0,0.0,0.0,0.0,0.0,0.0,0.0,0.0,0,0
430240.65824695624,50000.0,1984.126984126984,378256.53126282926,125000000.0,124999999.99999999,250000000.0,250000000.0,40,40
0.0,50000.0,0.0,-50000.0,0.0,0.0,0.0,250000000.0,0,0
0.0,0.0,0.0,0.0,0.0,0.0,0.0,0.0,0,0
0.0,0.0,0.0,0.0,0.0,0.0,0.0,0.0,0,0
0.0,0.0,0.0,0.0,0.0,0.0,0.0,0.0,0,0
0.0,0.0,0.0,0.0,0.0,0.0,0.0,0.0,0,0
0.0,0.0,0.0,0.0,0.0,0.0,0.0,0.0,0,0
0.0,0.0,0.0,0.0,0.0,0.0,0.0,0.0,0,0
0.0,0.0,0.0,0.0,0.0,0.0,0.0,0.0,0,0
247223.24825117248,50000.00000000002,1984.1269841269848,195239.12126704547,125000000.0,125000000.00000001,250000000.0,250000000.00000003,38,38
0.0,50000.00000000002,0.0,-50000.00000000002,0.0,0.0,0.0,250000000.00000003,0,0
0.0,0.0,0.0,0.0,0.0,0.0,0.0,0.0,0,0
0.0,0.0,0.0,0.0,0.0,0.0,0.0,0.0,0,0
0.0,0.0,0.0,0.0,0.0,0.0,0.0,0.0,0,0
0.0,0.0,0.0,0.0,0.0,0.0,0.0,0.0,0,0
0.0,0.0,0.0,0.0,0.0,0.0,0.0,0.0,0,0
0.0,0.0,0.0,0.0,0.0,0.0,0.0,0.0,0,0
0.0,0.0,0.0,0.0,0.0,0.0,0.0,0.0,0,0
0.0,0.0,0.0,0.0,0.0,0.0,0.0,0.0,0,0
0.0,0.0,0.0,0.0,0.0,0.0,0.0,0.0,0,0
0.0,0.0,0.0,0.0,0.0,0.0,0.0,0.0,0,0
0.0,0.0,0.0,0.0,0.0,0.0,0.0,0.0,0,0
0.0,0.0,0.0,0.0,0.0,0.0,0.0,0.0,0,0
0.0,0.0,0.0,0.0,0.0,0.0,0.0,0.0,0,0
0.0,0.0,0.0,0.0,0.0,0.0,0.0,0.0,0,0
0.0,0.0,0.0,0.0,0.0,0.0,0.0,0.0,0,0
0.0,0.0,0.0,0.0,0.0,0.0,0.0,0.0,0,0
0.0,0.0,0.0,0.0,0.0,0.0,0.0,0.0,0,0
389233.814896387,50000.000000000015,1984.1269841269834,337249.68791226,125000000.0,125000000.0,250000000.0,250000000.0,43,43
0.0,50000.000000000015,0.0,-50000.000000000015,0.0,0.0,0.0,250000000.0,0,0
0.0,0.0,0.0,0.0,0.0,0.0,0.0,0.0,0,0
0.0,0.0,0.0,0.0,0.0,0.0,0.0,0.0,0,0
0.0,0.0,0.0,0.0,0.0,0.0,0.0,0.0,0,0
0.0,0.0,0.0,0.0,0.0,0.0,0.0,0.0,0,0
0.0,0.0,0.0,0.0,0.0,0.0,0.0,0.0,0,0
0.0,0.0,0.0,0.0,0.0,0.0,0.0,0.0,0,0
0.0,0.0,0.0,0.0,0.0,0.0,0.0,0.0,0,0
0.0,0.0,0.0,0.0,0.0,0.0,0.0,0.0,0,0
0.0,0.0,0.0,0.0,0.0,0.0,0.0,0.0,0,0
0.0,0.0,0.0,0.0,0.0,0.0,0.0,0.0,0,0
0.0,0.0,0.0,0.0,0.0,0.0,0.0,0.0,0,0
0.0,0.0,0.0,0.0,0.0,0.0,0.0,0.0,0,0
0.0,0.0,0.0,0.0,0.0,0.0,0.0,0.0,0,0
0.0,0.0,0.0,0.0,0.0,0.0,0.0,0.0,0,0
0.0,0.0,0.0,0.0,0.0,0.0,0.0,0.0,0,0
0.0,0.0,0.0,0.0,0.0,0.0,0.0,0.0,0,0
0.0,0.0,0.0,0.0,0.0,0.0,0.0,0.0,0,0
0.0,0.0,0.0,0.0,0.0,0.0,0.0,0.0,0,0
0.0,0.0,0.0,0.0,0.0,0.0,0.0,0.0,0,0
-711367.1322811511,49999.99999999999,1984.1269841269836,-763351.2592652781,125000000.0,125000000.0,250000000.0,250000000.0,43,43
0.0,49999.99999999999,0.0,-49999.99999999999,0.0,0.0,0.0,250000000.0,0,0
0.0,0.0,0.0,0.0,0.0,0.0,0.0,0.0,0,0
0.0,0.0,0.0,0.0,0.0,0.0,0.0,0.0,0,0
0.0,0.0,0.0,0.0,0.0,0.0,0.0,0.0,0,0
0.0,0.0,0.0,0.0,0.0,0.0,0.0,0.0,0,0
0.0,0.0,0.0,0.0,0.0,0.0,0.0,0.0,0,0
0.0,0.0,0.0,0.0,0.0,0.0,0.0,0.0,0,0
0.0,0.0,0.0,0.0,0.0,0.0,0.0,0.0,0,0
-4259.09957591022,49999.99999999999,1984.1269841269832,-56243.2265600372,125000000.0,125000000.0,250000000.0,250000000.0,38,38
-183454.65290741072,100389.65307030153,1984.1269841269834,-285828.43296183925,125000000.0,125000000.0,250000000.0,332461907.8820837,38,38
0.0,50000.00000000001,0.0,-50000.00000000001,0.0,0.0,0.0,250000000.0,0,0
-844741.2797265882,50000.00000000001,1984.1269841269839,-896725.4067107151,125000000.0,124999999.99999999,250000000.0,249999999.99999997,34,34
0.0,50000.00000000001,0.0,-50000.00000000001,0.0,0.0,0.0,249999999.99999997,0,0
0.0,0.0,0.0,0.0,0.0,0.0,0.0,0.0,0,0
0.0,0.0,0.0,0.0,0.0,0.0,0.0,0.0,0,0
0.0,0.0,0.0,0.0,0.0,0.0,0.0,0.0,0,0
0.0,0.0,0.0,0.0,0.0,0.0,0.0,0.0,0,0
0.0,0.0,0.0,0.0,0.0,0.0,0.0,0.0,0,0
-1302843.3923204117,50000.00000000001,1984.1269841269848,-1354827.5193045388,124999999.99999999,125000000.00000001,250000000.0,250000000.0,38,38
-510996.661001703,100582.60808109313,1984.126984126984,-613563.3960669232,125000000.0,125000000.0,250000000.0,390583551.8659563,40,40
0.0,50000.00000000002,0.0,-50000.00000000002,0.0,0.0,0.0,250000000.0,0,0
-551314.8411888116,50000.00000000001,1984.1269841269839,-603298.9681729386,125000000.0,124999999.99999999,250000000.0,250000000.0,40,40
0.0,50000.00000000001,0.0,-50000.00000000001,0.0,0.0,0.0,250000000.0,0,0
1075490.6247952913,50000.0,1984.1269841269839,1023506.4978111644,125000000.0,124999999.99999999,250000000.0,250000000.0,43,43
-1294915.8345359864,100545.53808348869,1984.1269841269839,-1397445.499603602,125000000.00000001,125000000.0,250000000.0,313693090.4365747,43,43
-25706.580621064124,100000.00000000004,1984.1269841269846,-127690.70760519116,125000000.00000001,125000000.00000001,250000000.00000003,272173102.8329926,43,43
-739934.6750620957,102094.00094633327,1984.1269841269843,-844012.802992556,125000000.0,125000000.0,250000000.0,299138543.5913041,43,43
0.0,50000.000000000015,0.0,-50000.000000000015,0.0,0.0,0.0,250000000.0,0,0
0.0,0.0,0.0,0.0,0.0,0.0,0.0,0.0,0,0
0.0,0.0,0.0,0.0,0.0,0.0,0.0,0.0,0,0
0.0,0.0,0.0,0.0,0.0,0.0,0.0,0.0,0,0
0.0,0.0,0.0,0.0,0.0,0.0,0.0,0.0,0,0
0.0,0.0,0.0,0.0,0.0,0.0,0.0,0.0,0,0
0.0,0.0,0.0,0.0,0.0,0.0,0.0,0.0,0,0
0.0,0.0,0.0,0.0,0.0,0.0,0.0,0.0,0,0
0.0,0.0,0.0,0.0,0.0,0.0,0.0,0.0,0,0
0.0,0.0,0.0,0.0,0.0,0.0,0.0,0.0,0,0
0.0,0.0,0.0,0.0,0.0,0.0,0.0,0.0,0,0
0.0,0.0,0.0,0.0,0.0,0.0,0.0,0.0,0,0
0.0,0.0,0.0,0.0,0.0,0.0,0.0,0.0,0,0
0.0,0.0,0.0,0.0,0.0,0.0,0.0,0.0,0,0
0.0,0.0,0.0,0.0,0.0,0.0,0.0,0.0,0,0
0.0,0.0,0.0,0.0,0.0,0.0,0.0,0.0,0,0
0.0,0.0,0.0,0.0,0.0,0.0,0.0,0.0,0,0
0.0,0.0,0.0,0.0,0.0,0.0,0.0,0.0,0,0
0.0,0.0,0.0,0.0,0.0,0.0,0.0,0.0,0,0
0.0,0.0,0.0,0.0,0.0,0.0,0.0,0.0,0,0
0.0,0.0,0.0,0.0,0.0,0.0,0.0,0.0,0,0
0.0,0.0,0.0,0.0,0.0,0.0,0.0,0.0,0,0
0.0,0.0,0.0,0.0,0.0,0.0,0.0,0.0,0,0
0.0,0.0,0.0,0.0,0.0,0.0,0.0,0.0,0,0
0.0,0.0,0.0,0.0,0.0,0.0,0.0,0.0,0,0
0.0,0.0,0.0,0.0,0.0,0.0,0.0,0.0,0,0
0.0,0.0,0.0,0.0,0.0,0.0,0.0,0.0,0,0
0.0,0.0,0.0,0.0,0.0,0.0,0.0,0.0,0,0
0.0,0.0,0.0,0.0,0.0,0.0,0.0,0.0,0,0
0.0,0.0,0.0,0.0,0.0,0.0,0.0,0.0,0,0
0.0,0.0,0.0,0.0,0.0,0.0,0.0,0.0,0,0
0.0,0.0,0.0,0.0,0.0,0.0,0.0,0.0,0,0
0.0,0.0,0.0,0.0,0.0,0.0,0.0,0.0,0,0
0.0,0.0,0.0,0.0,0.0,0.0,0.0,0.0,0,0
0.0,0.0,0.0,0.0,0.0,0.0,0.0,0.0,0,0
0.0,0.0,0.0,0.0,0.0,0.0,0.0,0.0,0,0
0.0,0.0,0.0,0.0,0.0,0.0,0.0,0.0,0,0
0.0,0.0,0.0,0.0,0.0,0.0,0.0,0.0,0,0
0.0,0.0,0.0,0.0,0.0,0.0,0.0,0.0,0,0
0.0,0.0,0.0,0.0,0.0,0.0,0.0,0.0,0,0
0.0,0.0,0.0,0.0,0.0,0.0,0.0,0.0,0,0
0.0,0.0,0.0,0.0,0.0,0.0,0.0,0.0,0,0
0.0,0.0,0.0,0.0,0.0,0.0,0.0,0.0,0,0
0.0,0.0,0.0,0.0,0.0,0.0,0.0,0.0,0,0
0.0,0.0,0.0,0.0,0.0,0.0,0.0,0.0,0,0
0.0,0.0,0.0,0.0,0.0,0.0,0.0,0.0,0,0
0.0,0.0,0.0,0.0,0.0,0.0,0.0,0.0,0,0
0.0,0.0,0.0,0.0,0.0,0.0,0.0,0.0,0,0
0.0,0.0,0.0,0.0,0.0,0.0,0.0,0.0,0,0
0.0,0.0,0.0,0.0,0.0,0.0,0.0,0.0,0,0
0.0,0.0,0.0,0.0,0.0,0.0,0.0,0.0,0,0
0.0,0.0,0.0,0.0,0.0,0.0,0.0,0.0,0,0
0.0,0.0,0.0,0.0,0.0,0.0,0.0,0.0,0,0
0.0,0.0,0.0,0.0,0.0,0.0,0.0,0.0,0,0
0.0,0.0,0.0,0.0,0.0,0.0,0.0,0.0,0,0
0.0,0.0,0.0,0.0,0.0,0.0,0.0,0.0,0,0
0.0,0.0,0.0,0.0,0.0,0.0,0.0,0.0,0,0
0.0,0.0,0.0,0.0,0.0,0.0,0.0,0.0,0,0
0.0,0.0,0.0,0.0,0.0,0.0,0.0,0.0,0,0
0.0,0.0,0.0,0.0,0.0,0.0,0.0,0.0,0,0
0.0,0.0,0.0,0.0,0.0,0.0,0.0,0.0,0,0
0.0,0.0,0.0,0.0,0.0,0.0,0.0,0.0,0,0
0.0,0.0,0.0,0.0,0.0,0.0,0.0,0.0,0,0
0.0,0.0,0.0,0.0,0.0,0.0,0.0,0.0,0,0
0.0,0.0,0.0,0.0,0.0,0.0,0.0,0.0,0,0
0.0,0.0,0.0,0.0,0.0,0.0,0.0,0.0,0,0
0.0,0.0,0.0,0.0,0.0,0.0,0.0,0.0,0,0
0.0,0.0,0.0,0.0,0.0,0.0,0.0,0.0,0,0
0.0,0.0,0.0,0.0,0.0,0.0,0.0,0.0,0,0
0.0,0.0,0.0,0.0,0.0,0.0,0.0,0.0,0,0
0.0,0.0,0.0,0.0,0.0,0.0,0.0,0.0,0,0
0.0,0.0,0.0,0.0,0.0,0.0,0.0,0.0,0,0
0.0,0.0,0.0,0.0,0.0,0.0,0.0,0.0,0,0
0.0,0.0,0.0,0.0,0.0,0.0,0.0,0.0,0,0
0.0,0.0,0.0,0.0,0.0,0.0,0.0,0.0,0,0
0.0,0.0,0.0,0.0,0.0,0.0,0.0,0.0,0,0
0.0,0.0,0.0,0.0,0.0,0.0,0.0,0.0,0,0
0.0,0.0,0.0,0.0,0.0,0.0,0.0,0.0,0,0
0.0,0.0,0.0,0.0,0.0,0.0,0.0,0.0,0,0
0.0,0.0,0.0,0.0,0.0,0.0,0.0,0.0,0,0
0.0,0.0,0.0,0.0,0.0,0.0,0.0,0.0,0,0
0.0,0.0,0.0,0.0,0.0,0.0,0.0,0.0,0,0
0.0,0.0,0.0,0.0,0.0,0.0,0.0,0.0,0,0
0.0,0.0,0.0,0.0,0.0,0.0,0.0,0.0,0,0
0.0,0.0,0.0,0.0,0.0,0.0,0.0,0.0,0,0
0.0,0.0,0.0,0.0,0.0,0.0,0.0,0.0,0,0
0.0,0.0,0.0,0.0,0.0,0.0,0.0,0.0,0,0
0.0,0.0,0.0,0.0,0.0,0.0,0.0,0.0,0,0
0.0,0.0,0.0,0.0,0.0,0.0,0.0,0.0,0,0
0.0,0.0,0.0,0.0,0.0,0.0,0.0,0.0,0,0
0.0,0.0,0.0,0.0,0.0,0.0,0.0,0.0,0,0
0.0,0.0,0.0,0.0,0.0,0.0,0.0,0.0,0,0
0.0,0.0,0.0,0.0,0.0,0.0,0.0,0.0,0,0
0.0,0.0,0.0,0.0,0.0,0.0,0.0,0.0,0,0
0.0,0.0,0.0,0.0,0.0,0.0,0.0,0.0,0,0
0.0,0.0,0.0,0.0,0.0,0.0,0.0,0.0,0,0
0.0,0.0,0.0,0.0,0.0,0.0,0.0,0.0,0,0
0.0,0.0,0.0,0.0,0.0,0.0,0.0,0.0,0,0
0.0,0.0,0.0,0.0,0.0,0.0,0.0,0.0,0,0
0.0,0.0,0.0,0.0,0.0,0.0,0.0,0.0,0,0
0.0,0.0,0.0,0.0,0.0,0.0,0.0,0.0,0,0
0.0,0.0,0.0,0.0,0.0,0.0,0.0,0.0,0,0
0.0,0.0,0.0,0.0,0.0,0.0,0.0,0.0,0,0
0.0,0.0,0.0,0.0,0.0,0.0,0.0,0.0,0,0
0.0,0.0,0.0,0.0,0.0,0.0,0.0,0.0,0,0
0.0,0.0,0.0,0.0,0.0,0.0,0.0,0.0,0,0
0.0,0.0,0.0,0.0,0.0,0.0,0.0,0.0,0,0
0.0,0.0,0.0,0.0,0.0,0.0,0.0,0.0,0,0
0.0,0.0,0.0,0.0,0.0,0.0,0.0,0.0,0,0
0.0,0.0,0.0,0.0,0.0,0.0,0.0,0.0,0,0
0.0,0.0,0.0,0.0,0.0,0.0,0.0,0.0,0,0
0.0,0.0,0.0,0.0,0.0,0.0,0.0,0.0,0,0
0.0,0.0,0.0,0.0,0.0,0.0,0.0,0.0,0,0
0.0,0.0,0.0,0.0,0.0,0.0,0.0,0.0,0,0
0.0,0.0,0.0,0.0,0.0,0.0,0.0,0.0,0,0
0.0,0.0,0.0,0.0,0.0,0.0,0.0,0.0,0,0
0.0,0.0,0.0,0.0,0.0,0.0,0.0,0.0,0,0
0.0,0.0,0.0,0.0,0.0,0.0,0.0,0.0,0,0
0.0,0.0,0.0,0.0,0.0,0.0,0.0,0.0,0,0
0.0,0.0,0.0,0.0,0.0,0.0,0.0,0.0,0,0
0.0,0.0,0.0,0.0,0.0,0.0,0.0,0.0,0,0
0.0,0.0,0.0,0.0,0.0,0.0,0.0,0.0,0,0
0.0,0.0,0.0,0.0,0.0,0.0,0.0,0.0,0,0
0.0,0.0,0.0,0.0,0.0,0.0,0.0,0.0,0,0
0.0,0.0,0.0,0.0,0.0,0.0,0.0,0.0,0,0
0.0,0.0,0.0,0.0,0.0,0.0,0.0,0.0,0,0
0.0,0.0,0.0,0.0,0.0,0.0,0.0,0.0,0,0
0.0,0.0,0.0,0.0,0.0,0.0,0.0,0.0,0,0
0.0,0.0,0.0,0.0,0.0,0.0,0.0,0.0,0,0
0.0,0.0,0.0,0.0,0.0,0.0,0.0,0.0,0,0
0.0,0.0,0.0,0.0,0.0,0.0,0.0,0.0,0,0
0.0,0.0,0.0,0.0,0.0,0.0,0.0,0.0,0,0
0.0,0.0,0.0,0.0,0.0,0.0,0.0,0.0,0,0
0.0,0.0,0.0,0.0,0.0,0.0,0.0,0.0,0,0
0.0,0.0,0.0,0.0,0.0,0.0,0.0,0.0,0,0
0.0,0.0,0.0,0.0,0.0,0.0,0.0,0.0,0,0
0.0,0.0,0.0,0.0,0.0,0.0,0.0,0.0,0,0
0.0,0.0,0.0,0.0,0.0,0.0,0.0,0.0,0,0
1428473.4977042484,49999.99999999999,1984.126984126984,1376489.3707201213,125000000.0,124999999.99999999,250000000.0,250000000.0,42,42
0.0,49999.99999999999,0.0,-49999.99999999999,0.0,0.0,0.0,250000000.0,0,0
0.0,0.0,0.0,0.0,0.0,0.0,0.0,0.0,0,0
0.0,0.0,0.0,0.0,0.0,0.0,0.0,0.0,0,0
0.0,0.0,0.0,0.0,0.0,0.0,0.0,0.0,0,0
0.0,0.0,0.0,0.0,0.0,0.0,0.0,0.0,0,0
0.0,0.0,0.0,0.0,0.0,0.0,0.0,0.0,0,0
0.0,0.0,0.0,0.0,0.0,0.0,0.0,0.0,0,0
0.0,0.0,0.0,0.0,0.0,0.0,0.0,0.0,0,0
0.0,0.0,0.0,0.0,0.0,0.0,0.0,0.0,0,0
0.0,0.0,0.0,0.0,0.0,0.0,0.0,0.0,0,0
0.0,0.0,0.0,0.0,0.0,0.0,0.0,0.0,0,0
0.0,0.0,0.0,0.0,0.0,0.0,0.0,0.0,0,0
0.0,0.0,0.0,0.0,0.0,0.0,0.0,0.0,0,0
0.0,0.0,0.0,0.0,0.0,0.0,0.0,0.0,0,0
0.0,0.0,0.0,0.0,0.0,0.0,0.0,0.0,0,0
0.0,0.0,0.0,0.0,0.0,0.0,0.0,0.0,0,0
0.0,0.0,0.0,0.0,0.0,0.0,0.0,0.0,0,0
0.0,0.0,0.0,0.0,0.0,0.0,0.0,0.0,0,0
802503.9769348963,50000.000000000015,1984.1269841269836,750519.8499507693,125000000.0,125000000.0,250000000.0,250000000.0,43,43
-1071697.8724559026,99999.99999999999,1984.1269841269843,-1173681.9994400297,125000000.00000001,125000000.0,250000000.0,366164344.59344745,43,43
-852961.502082688,99999.99999999997,1984.1269841269839,-954945.629066815,125000000.0,125000000.0,250000000.0,372761181.2790261,43,43
638168.7331416758,100000.0,1984.1269841269836,536184.6061575488,124999999.99999999,125000000.0,250000000.0,359208434.64111084,43,43
90233.71849063098,100000.00000000006,1984.126984126984,-11750.408493496057,125000000.00000001,125000000.00000001,250000000.00000003,386144997.5503311,43,43
0.0,50000.00000000001,0.0,-50000.00000000001,0.0,0.0,0.0,250000000.00000003,0,0
0.0,0.0,0.0,0.0,0.0,0.0,0.0,0.0,0,0
0.0,0.0,0.0,0.0,0.0,0.0,0.0,0.0,0,0
0.0,0.0,0.0,0.0,0.0,0.0,0.0,0.0,0,0
0.0,0.0,0.0,0.0,0.0,0.0,0.0,0.0,0,0
0.0,0.0,0.0,0.0,0.0,0.0,0.0,0.0,0,0
0.0,0.0,0.0,0.0,0.0,0.0,0.0,0.0,0,0
0.0,0.0,0.0,0.0,0.0,0.0,0.0,0.0,0,0
0.0,0.0,0.0,0.0,0.0,0.0,0.0,0.0,0,0
0.0,0.0,0.0,0.0,0.0,0.0,0.0,0.0,0,0
0.0,0.0,0.0,0.0,0.0,0.0,0.0,0.0,0,0
0.0,0.0,0.0,0.0,0.0,0.0,0.0,0.0,0,0
1059967.8306646766,49999.999999999985,1984.1269841269839,1007983.7036805496,125000000.0,124999999.99999999,250000000.0,249999999.99999997,41,41
367053.7032384536,100510.80885792695,1984.126984126984,264558.76739639963,124999999.99999999,125000000.0,250000000.0,375949410.1533325,40,40
0.0,50000.0,0.0,-50000.0,0.0,0.0,0.0,249999999.99999997,0,0
-751458.5948522507,50000.000000000015,1984.1269841269839,-803442.7218363776,125000000.0,125000000.0,250000000.0,250000000.0,36,36
297387.9278822791,100685.66246220206,1984.126984126984,194718.13843595004,125000000.00000001,124999999.99999999,250000000.0,315031311.41391265,38,38
1834058.756525745,101383.43170238743,1984.1269841269836,1730691.1978392303,125000000.00000001,125000000.0,250000000.0,376144160.72491217,39,39
0.0,50000.00000000001,0.0,-50000.00000000001,0.0,0.0,0.0,250000000.0,0,0
0.0,0.0,0.0,0.0,0.0,0.0,0.0,0.0,0,0
0.0,0.0,0.0,0.0,0.0,0.0,0.0,0.0,0,0
-415016.5773182447,50000.00000000002,1984.1269841269839,-467000.70430237165,125000000.00000001,125000000.00000001,250000000.00000003,250000000.00000003,40,40
0.0,50000.00000000002,0.0,-50000.00000000002,0.0,0.0,0.0,250000000.00000003,0,0
0.0,0.0,0.0,0.0,0.0,0.0,0.0,0.0,0,0
0.0,0.0,0.0,0.0,0.0,0.0,0.0,0.0,0,0
0.0,0.0,0.0,0.0,0.0,0.0,0.0,0.0,0,0
0.0,0.0,0.0,0.0,0.0,0.0,0.0,0.0,0,0
0.0,0.0,0.0,0.0,0.0,0.0,0.0,0.0,0,0
0.0,0.0,0.0,0.0,0.0,0.0,0.0,0.0,0,0
0.0,0.0,0.0,0.0,0.0,0.0,0.0,0.0,0,0
0.0,0.0,0.0,0.0,0.0,0.0,0.0,0.0,0,0
1067656.7680402219,50000.0,1984.1269841269839,1015672.6410560949,125000000.00000003,125000000.0,250000000.00000003,250000000.00000003,41,41
150377.4941730679,101619.9328791231,1984.1269841269834,46773.434309817836,125000000.0,124999999.99999999,250000000.0,380965906.1862635,41,41
-1697173.0933557434,105763.13053151166,1984.1269841269846,-1804920.3508713823,125000000.0,125000000.0,250000000.0,404286210.3761177,40,40
-2029585.4120061267,100000.00000000006,1984.1269841269843,-2131569.5389902536,125000000.0,125000000.0,250000000.0,382724334.3773501,40,40
795626.94154685,100000.0,1984.1269841269839,693642.814562723,125000000.0,125000000.0,250000000.0,396433580.8670971,41,41
863333.7988923052,102176.21424151024,1984.1269841269834,759173.457666668,125000000.00000003,125000000.00000001,250000000.00000006,411648408.48395383,43,43
-65357.59260286653,104132.83676882912,1984.1269841269843,-171474.55635582263,124999999.99999999,125000000.0,250000000.0,425591061.47575665,44,44
-980871.6587136865,103274.59929276328,1984.1269841269843,-1086130.384990577,124999999.99999997,125000000.0,249999999.99999997,428114710.79185146,44,44
-1688657.3383730212,100510.72745974435,1984.1269841269843,-1791152.1928168926,124999999.99999997,125000000.0,249999999.99999997,405976437.2272671,44,44
0.0,50000.00000000001,0.0,-50000.00000000001,0.0,0.0,0.0,249999999.99999997,0,0
0.0,0.0,0.0,0.0,0.0,0.0,0.0,0.0,0,0
0.0,0.0,0.0,0.0,0.0,0.0,0.0,0.0,0,0
0.0,0.0,0.0,0.0,0.0,0.0,0.0,0.0,0,0
0.0,0.0,0.0,0.0,0.0,0.0,0.0,0.0,0,0
0.0,0.0,0.0,0.0,0.0,0.0,0.0,0.0,0,0
0.0,0.0,0.0,0.0,0.0,0.0,0.0,0.0,0,0
0.0,0.0,0.0,0.0,0.0,0.0,0.0,0.0,0,0
0.0,0.0,0.0,0.0,0.0,0.0,0.0,0.0,0,0
0.0,0.0,0.0,0.0,0.0,0.0,0.0,0.0,0,0
0.0,0.0,0.0,0.0,0.0,0.0,0.0,0.0,0,0
0.0,0.0,0.0,0.0,0.0,0.0,0.0,0.0,0,0
2704065.3833981166,50000.00000000001,1984.1269841269846,2652081.2564139897,125000000.0,125000000.00000001,250000000.0,250000000.00000003,40,40
-613076.0250365051,100000.00000000001,1984.1269841269848,-715060.152020632,125000000.0,125000000.00000001,250000000.0,428390342.5872573,36,36
15327.817832909597,102386.97667601083,1984.126984126984,-89043.28582722822,125000000.0,125000000.0,250000000.0,439994498.2332938,35,35
1552439.0934914723,106654.98906183151,1984.126984126984,1443799.9774455137,125000000.00000001,125000000.00000001,250000000.00000003,473097309.5833718,35,35
727610.6831433931,106527.62285340084,1984.1269841269843,619098.9333058653,125000000.0,124999999.99999999,250000000.0,456851825.6841383,34,34
137655.18217905305,107528.58569154223,1984.1269841269839,28142.469503383836,125000000.0,125000000.0,250000000.0,467568517.3108789,34,34
-157681.32657488342,100000.0,1984.1269841269843,-259665.4535590104,125000000.0,125000000.00000001,250000000.0,443159551.50504625,35,35
1894069.046812456,100000.00000000001,1984.1269841269839,1792084.919828329,124999999.99999999,125000000.0,250000000.0,402850481.898524,34,34
1580032.2972356235,99999.99999999997,1984.126984126984,1478048.1702514964,125000000.00000001,125000000.0,250000000.0,353239350.3585241,34,34
5828703.264685871,99999.99999999994,1984.126984126985,5726719.137701744,125000000.00000001,125000000.00000003,250000000.00000006,395784879.56288815,34,34
2258883.866241609,100984.36555741531,1984.1269841269839,2155915.373700067,125000000.00000001,125000000.0,250000000.0,364784886.71299833,34,34
70802.91904745146,103577.54262097506,1984.126984126985,-34758.75055765058,125000000.0,125000000.0,250000000.0,413944965.3413188,34,34
179613.61643182105,100000.00000000001,1984.1269841269839,77629.48944769405,125000000.0,125000000.0,250000000.0,397775027.3685311,34,34
-462928.15351044224,99999.99999999997,1984.1269841269843,-564912.2804945692,125000000.0,125000000.00000001,250000000.0,367644053.71676284,36,36
2294820.12020527,101053.13722220756,1984.1269841269839,2191782.8559989356,125000000.0,124999999.99999999,250000000.0,399757824.96323895,36,36
597114.6690660764,99999.99999999994,1984.1269841269836,495130.5420819495,125000000.0,125000000.0,250000000.0,397692556.0438169,38,38
1530613.774314526,101235.69906416048,1984.1269841269839,1427393.9482662384,125000000.0,125000000.0,250000000.0,447952118.52808577,38,38
496095.38430573454,100000.00000000003,1984.126984126983,394111.25732160755,125000000.0,124999999.99999999,250000000.0,475032369.28989124,40,40
-51447.51350024465,101138.40658025893,1984.1269841269839,-154570.04706463055,125000000.0,125000000.0,250000000.0,438280580.81711763,40,40
-913234.043774596,102371.03089131348,1984.126984126984,-1017589.2016500364,125000000.0,124999999.99999999,250000000.0,417361013.3209543,39,39
-447688.41697178624,101812.0161627701,1984.126984126984,-551484.5601186833,125000000.00000001,125000000.00000001,250000000.00000003,456870736.48037755,37,37
431739.50798533286,104179.67220191601,1984.126984126984,325575.7087992899,125000000.0,124999999.99999997,249999999.99999997,430965895.6798875,39,39
404274.7808221559,100000.00000000001,1984.1269841269843,302290.6538380289,125000000.0,124999999.99999999,250000000.0,410735062.5662993,40,40
-1901738.7619489636,100000.0,1984.1269841269839,-2003722.8889330907,125000000.0,125000000.0,250000000.0,387246176.02724814,40,40
-1706365.139652629,102877.79878763674,1984.126984126984,-1811227.0654243927,125000000.00000001,125000000.00000001,250000000.00000003,442949065.6609625,38,38
2226340.1218568333,102078.62162319162,1984.126984126983,2122277.373249515,125000000.0,125000000.0,250000000.0,423078404.3831537,34,34
2936550.8478880175,100000.00000000009,1984.1269841269839,2834566.7209038907,125000000.0,125000000.00000001,250000000.0,327933170.38881713,34,34
1186291.2986795479,100000.00000000009,1984.1269841269834,1084307.1716954208,125000000.0,124999999.99999999,250000000.0,368153451.3353671,37,37
-631740.8251018067,100000.00000000001,1984.126984126984,-733724.9520859336,125000000.0,125000000.00000001,250000000.0,371301600.13879675,37,37
-365365.4003996905,99999.99999999999,1984.1269841269834,-467349.5273838175,125000000.0,124999999.99999997,249999999.99999997,383848444.37136877,37,37
-1030134.5641081203,100000.00000000003,1984.1269841269846,-1132118.6910922474,125000000.0,125000000.00000001,250000000.0,391650937.2592373,33,33
0.0,50000.000000000015,0.0,-50000.000000000015,0.0,0.0,0.0,250000000.00000003,0,0
1029838.1186715884,49999.99999999999,1984.1269841269839,977853.9916874614,125000000.0,125000000.00000001,250000000.0,250000000.00000003,35,35
-444789.21317907074,99999.99999999999,1984.126984126984,-546773.3401631977,124999999.99999997,125000000.0,249999999.99999997,361928186.1773206,39,39
400536.2873461724,100000.0,1984.1269841269843,298552.1603620454,125000000.0,125000000.0,250000000.0,383931239.6479838,42,42
0.0,50000.00000000001,0.0,-50000.00000000001,0.0,0.0,0.0,250000000.0,0,0
-1143257.4329798468,50000.0,1984.126984126984,-1195241.559963974,125000000.0,125000000.0,250000000.0,250000000.0,43,43
0.0,50000.0,0.0,-50000.0,0.0,0.0,0.0,250000000.0,0,0
-19718.807921932774,49999.99999999998,1984.1269841269843,-71702.93490605973,125000000.00000001,125000000.0,250000000.0,250000000.00000003,43,43
-252795.1249987637,104287.10814495455,1984.1269841269852,-359066.3601278452,124999999.99999999,125000000.00000003,250000000.0,455102606.57086694,43,43
172653.86300497592,102588.20190818272,1984.126984126984,68081.53411266622,124999999.99999999,124999999.99999997,249999999.99999994,437097307.7256507,43,43
30853.309844166353,100879.01799694318,1984.1269841269846,-72009.8351369038,124999999.99999999,125000000.00000003,250000000.0,330437357.8411211,43,43
-5220814.243531589,99999.99999999996,1984.1269841269839,-5322798.370515716,125000000.0,125000000.00000001,250000000.0,343186682.56845874,43,43
-4939256.759141454,100000.00000000001,1984.1269841269843,-5041240.88612558,124999999.99999999,125000000.00000001,250000000.0,310896761.657331,43,43
0.0,49999.999999999985,0.0,-49999.999999999985,0.0,0.0,0.0,250000000.0,0,0
0.0,0.0,0.0,0.0,0.0,0.0,0.0,0.0,0,0
-441407.125420958,50000.000000000015,1984.1269841269832,-493391.25240508496,125000000.0,124999999.99999999,250000000.0,250000000.0,43,43
0.0,50000.000000000015,0.0,-50000.000000000015,0.0,0.0,0.0,250000000.0,0,0
0.0,0.0,0.0,0.0,0.0,0.0,0.0,0.0,0,0
0.0,0.0,0.0,0.0,0.0,0.0,0.0,0.0,0,0
0.0,0.0,0.0,0.0,0.0,0.0,0.0,0.0,0,0
0.0,0.0,0.0,0.0,0.0,0.0,0.0,0.0,0,0
0.0,0.0,0.0,0.0,0.0,0.0,0.0,0.0,0,0
0.0,0.0,0.0,0.0,0.0,0.0,0.0,0.0,0,0
0.0,0.0,0.0,0.0,0.0,0.0,0.0,0.0,0,0
0.0,0.0,0.0,0.0,0.0,0.0,0.0,0.0,0,0
0.0,0.0,0.0,0.0,0.0,0.0,0.0,0.0,0,0
0.0,0.0,0.0,0.0,0.0,0.0,0.0,0.0,0,0
0.0,0.0,0.0,0.0,0.0,0.0,0.0,0.0,0,0
0.0,0.0,0.0,0.0,0.0,0.0,0.0,0.0,0,0
0.0,0.0,0.0,0.0,0.0,0.0,0.0,0.0,0,0
0.0,0.0,0.0,0.0,0.0,0.0,0.0,0.0,0,0
0.0,0.0,0.0,0.0,0.0,0.0,0.0,0.0,0,0
0.0,0.0,0.0,0.0,0.0,0.0,0.0,0.0,0,0
0.0,0.0,0.0,0.0,0.0,0.0,0.0,0.0,0,0
0.0,0.0,0.0,0.0,0.0,0.0,0.0,0.0,0,0
0.0,0.0,0.0,0.0,0.0,0.0,0.0,0.0,0,0
0.0,0.0,0.0,0.0,0.0,0.0,0.0,0.0,0,0
0.0,0.0,0.0,0.0,0.0,0.0,0.0,0.0,0,0
0.0,0.0,0.0,0.0,0.0,0.0,0.0,0.0,0,0
0.0,0.0,0.0,0.0,0.0,0.0,0.0,0.0,0,0
0.0,0.0,0.0,0.0,0.0,0.0,0.0,0.0,0,0
0.0,0.0,0.0,0.0,0.0,0.0,0.0,0.0,0,0
0.0,0.0,0.0,0.0,0.0,0.0,0.0,0.0,0,0
0.0,0.0,0.0,0.0,0.0,0.0,0.0,0.0,0,0
0.0,0.0,0.0,0.0,0.0,0.0,0.0,0.0,0,0
0.0,0.0,0.0,0.0,0.0,0.0,0.0,0.0,0,0
0.0,0.0,0.0,0.0,0.0,0.0,0.0,0.0,0,0
0.0,0.0,0.0,0.0,0.0,0.0,0.0,0.0,0,0
0.0,0.0,0.0,0.0,0.0,0.0,0.0,0.0,0,0
0.0,0.0,0.0,0.0,0.0,0.0,0.0,0.0,0,0
0.0,0.0,0.0,0.0,0.0,0.0,0.0,0.0,0,0
0.0,0.0,0.0,0.0,0.0,0.0,0.0,0.0,0,0
0.0,0.0,0.0,0.0,0.0,0.0,0.0,0.0,0,0
0.0,0.0,0.0,0.0,0.0,0.0,0.0,0.0,0,0
0.0,0.0,0.0,0.0,0.0,0.0,0.0,0.0,0,0
0.0,0.0,0.0,0.0,0.0,0.0,0.0,0.0,0,0
0.0,0.0,0.0,0.0,0.0,0.0,0.0,0.0,0,0
0.0,0.0,0.0,0.0,0.0,0.0,0.0,0.0,0,0
0.0,0.0,0.0,0.0,0.0,0.0,0.0,0.0,0,0
0.0,0.0,0.0,0.0,0.0,0.0,0.0,0.0,0,0
0.0,0.0,0.0,0.0,0.0,0.0,0.0,0.0,0,0
0.0,0.0,0.0,0.0,0.0,0.0,0.0,0.0,0,0
0.0,0.0,0.0,0.0,0.0,0.0,0.0,0.0,0,0
0.0,0.0,0.0,0.0,0.0,0.0,0.0,0.0,0,0
0.0,0.0,0.0,0.0,0.0,0.0,0.0,0.0,0,0
0.0,0.0,0.0,0.0,0.0,0.0,0.0,0.0,0,0
0.0,0.0,0.0,0.0,0.0,0.0,0.0,0.0,0,0
0.0,0.0,0.0,0.0,0.0,0.0,0.0,0.0,0,0
0.0,0.0,0.0,0.0,0.0,0.0,0.0,0.0,0,0
0.0,0.0,0.0,0.0,0.0,0.0,0.0,0.0,0,0
0.0,0.0,0.0,0.0,0.0,0.0,0.0,0.0,0,0
0.0,0.0,0.0,0.0,0.0,0.0,0.0,0.0,0,0
0.0,0.0,0.0,0.0,0.0,0.0,0.0,0.0,0,0
0.0,0.0,0.0,0.0,0.0,0.0,0.0,0.0,0,0
0.0,0.0,0.0,0.0,0.0,0.0,0.0,0.0,0,0
0.0,0.0,0.0,0.0,0.0,0.0,0.0,0.0,0,0
0.0,0.0,0.0,0.0,0.0,0.0,0.0,0.0,0,0
0.0,0.0,0.0,0.0,0.0,0.0,0.0,0.0,0,0
0.0,0.0,0.0,0.0,0.0,0.0,0.0,0.0,0,0
0.0,0.0,0.0,0.0,0.0,0.0,0.0,0.0,0,0
0.0,0.0,0.0,0.0,0.0,0.0,0.0,0.0,0,0
0.0,0.0,0.0,0.0,0.0,0.0,0.0,0.0,0,0
0.0,0.0,0.0,0.0,0.0,0.0,0.0,0.0,0,0
0.0,0.0,0.0,0.0,0.0,0.0,0.0,0.0,0,0
0.0,0.0,0.0,0.0,0.0,0.0,0.0,0.0,0,0
0.0,0.0,0.0,0.0,0.0,0.0,0.0,0.0,0,0
0.0,0.0,0.0,0.0,0.0,0.0,0.0,0.0,0,0
0.0,0.0,0.0,0.0,0.0,0.0,0.0,0.0,0,0
0.0,0.0,0.0,0.0,0.0,0.0,0.0,0.0,0,0
0.0,0.0,0.0,0.0,0.0,0.0,0.0,0.0,0,0
0.0,0.0,0.0,0.0,0.0,0.0,0.0,0.0,0,0
0.0,0.0,0.0,0.0,0.0,0.0,0.0,0.0,0,0
0.0,0.0,0.0,0.0,0.0,0.0,0.0,0.0,0,0
0.0,0.0,0.0,0.0,0.0,0.0,0.0,0.0,0,0
0.0,0.0,0.0,0.0,0.0,0.0,0.0,0.0,0,0
0.0,0.0,0.0,0.0,0.0,0.0,0.0,0.0,0,0
0.0,0.0,0.0,0.0,0.0,0.0,0.0,0.0,0,0
0.0,0.0,0.0,0.0,0.0,0.0,0.0,0.0,0,0
0.0,0.0,0.0,0.0,0.0,0.0,0.0,0.0,0,0
0.0,0.0,0.0,0.0,0.0,0.0,0.0,0.0,0,0
0.0,0.0,0.0,0.0,0.0,0.0,0.0,0.0,0,0
0.0,0.0,0.0,0.0,0.0,0.0,0.0,0.0,0,0
0.0,0.0,0.0,0.0,0.0,0.0,0.0,0.0,0,0
0.0,0.0,0.0,0.0,0.0,0.0,0.0,0.0,0,0
0.0,0.0,0.0,0.0,0.0,0.0,0.0,0.0,0,0
0.0,0.0,0.0,0.0,0.0,0.0,0.0,0.0,0,0
0.0,0.0,0.0,0.0,0.0,0.0,0.0,0.0,0,0
0.0,0.0,0.0,0.0,0.0,0.0,0.0,0.0,0,0
0.0,0.0,0.0,0.0,0.0,0.0,0.0,0.0,0,0
0.0,0.0,0.0,0.0,0.0,0.0,0.0,0.0,0,0
0.0,0.0,0.0,0.0,0.0,0.0,0.0,0.0,0,0
0.0,0.0,0.0,0.0,0.0,0.0,0.0,0.0,0,0
0.0,0.0,0.0,0.0,0.0,0.0,0.0,0.0,0,0
0.0,0.0,0.0,0.0,0.0,0.0,0.0,0.0,0,0
0.0,0.0,0.0,0.0,0.0,0.0,0.0,0.0,0,0
0.0,0.0,0.0,0.0,0.0,0.0,0.0,0.0,0,0
0.0,0.0,0.0,0.0,0.0,0.0,0.0,0.0,0,0
0.0,0.0,0.0,0.0,0.0,0.0,0.0,0.0,0,0
0.0,0.0,0.0,0.0,0.0,0.0,0.0,0.0,0,0
0.0,0.0,0.0,0.0,0.0,0.0,0.0,0.0,0,0
0.0,0.0,0.0,0.0,0.0,0.0,0.0,0.0,0,0
0.0,0.0,0.0,0.0,0.0,0.0,0.0,0.0,0,0
0.0,0.0,0.0,0.0,0.0,0.0,0.0,0.0,0,0
0.0,0.0,0.0,0.0,0.0,0.0,0.0,0.0,0,0
0.0,0.0,0.0,0.0,0.0,0.0,0.0,0.0,0,0
0.0,0.0,0.0,0.0,0.0,0.0,0.0,0.0,0,0
0.0,0.0,0.0,0.0,0.0,0.0,0.0,0.0,0,0
0.0,0.0,0.0,0.0,0.0,0.0,0.0,0.0,0,0
0.0,0.0,0.0,0.0,0.0,0.0,0.0,0.0,0,0
0.0,0.0,0.0,0.0,0.0,0.0,0.0,0.0,0,0
0.0,0.0,0.0,0.0,0.0,0.0,0.0,0.0,0,0
0.0,0.0,0.0,0.0,0.0,0.0,0.0,0.0,0,0
0.0,0.0,0.0,0.0,0.0,0.0,0.0,0.0,0,0
0.0,0.0,0.0,0.0,0.0,0.0,0.0,0.0,0,0
0.0,0.0,0.0,0.0,0.0,0.0,0.0,0.0,0,0
0.0,0.0,0.0,0.0,0.0,0.0,0.0,0.0,0,0
0.0,0.0,0.0,0.0,0.0,0.0,0.0,0.0,0,0
0.0,0.0,0.0,0.0,0.0,0.0,0.0,0.0,0,0
0.0,0.0,0.0,0.0,0.0,0.0,0.0,0.0,0,0
0.0,0.0,0.0,0.0,0.0,0.0,0.0,0.0,0,0
0.0,0.0,0.0,0.0,0.0,0.0,0.0,0.0,0,0
0.0,0.0,0.0,0.0,0.0,0.0,0.0,0.0,0,0
0.0,0.0,0.0,0.0,0.0,0.0,0.0,0.0,0,0
0.0,0.0,0.0,0.0,0.0,0.0,0.0,0.0,0,0
0.0,0.0,0.0,0.0,0.0,0.0,0.0,0.0,0,0
0.0,0.0,0.0,0.0,0.0,0.0,0.0,0.0,0,0
0.0,0.0,0.0,0.0,0.0,0.0,0.0,0.0,0,0
0.0,0.0,0.0,0.0,0.0,0.0,0.0,0.0,0,0
0.0,0.0,0.0,0.0,0.0,0.0,0.0,0.0,0,0
0.0,0.0,0.0,0.0,0.0,0.0,0.0,0.0,0,0
0.0,0.0,0.0,0.0,0.0,0.0,0.0,0.0,0,0
0.0,0.0,0.0,0.0,0.0,0.0,0.0,0.0,0,0
0.0,0.0,0.0,0.0,0.0,0.0,0.0,0.0,0,0
0.0,0.0,0.0,0.0,0.0,0.0,0.0,0.0,0,0
0.0,0.0,0.0,0.0,0.0,0.0,0.0,0.0,0,0
0.0,0.0,0.0,0.0,0.0,0.0,0.0,0.0,0,0
0.0,0.0,0.0,0.0,0.0,0.0,0.0,0.0,0,0
0.0,0.0,0.0,0.0,0.0,0.0,0.0,0.0,0,0
0.0,0.0,0.0,0.0,0.0,0.0,0.0,0.0,0,0
0.0,0.0,0.0,0.0,0.0,0.0,0.0,0.0,0,0
0.0,0.0,0.0,0.0,0.0,0.0,0.0,0.0,0,0
0.0,0.0,0.0,0.0,0.0,0.0,0.0,0.0,0,0
0.0,0.0,0.0,0.0,0.0,0.0,0.0,0.0,0,0
0.0,0.0,0.0,0.0,0.0,0.0,0.0,0.0,0,0
0.0,0.0,0.0,0.0,0.0,0.0,0.0,0.0,0,0
0.0,0.0,0.0,0.0,0.0,0.0,0.0,0.0,0,0
0.0,0.0,0.0,0.0,0.0,0.0,0.0,0.0,0,0
0.0,0.0,0.0,0.0,0.0,0.0,0.0,0.0,0,0
0.0,0.0,0.0,0.0,0.0,0.0,0.0,0.0,0,0
0.0,0.0,0.0,0.0,0.0,0.0,0.0,0.0,0,0
0.0,0.0,0.0,0.0,0.0,0.0,0.0,0.0,0,0
0.0,0.0,0.0,0.0,0.0,0.0,0.0,0.0,0,0
0.0,0.0,0.0,0.0,0.0,0.0,0.0,0.0,0,0
0.0,0.0,0.0,0.0,0.0,0.0,0.0,0.0,0,0
0.0,0.0,0.0,0.0,0.0,0.0,0.0,0.0,0,0
0.0,0.0,0.0,0.0,0.0,0.0,0.0,0.0,0,0
0.0,0.0,0.0,0.0,0.0,0.0,0.0,0.0,0,0
0.0,0.0,0.0,0.0,0.0,0.0,0.0,0.0,0,0
0.0,0.0,0.0,0.0,0.0,0.0,0.0,0.0,0,0
0.0,0.0,0.0,0.0,0.0,0.0,0.0,0.0,0,0
0.0,0.0,0.0,0.0,0.0,0.0,0.0,0.0,0,0
0.0,0.0,0.0,0.0,0.0,0.0,0.0,0.0,0,0
0.0,0.0,0.0,0.0,0.0,0.0,0.0,0.0,0,0
0.0,0.0,0.0,0.0,0.0,0.0,0.0,0.0,0,0
0.0,0.0,0.0,0.0,0.0,0.0,0.0,0.0,0,0
0.0,0.0,0.0,0.0,0.0,0.0,0.0,0.0,0,0
0.0,0.0,0.0,0.0,0.0,0.0,0.0,0.0,0,0
0.0,0.0,0.0,0.0,0.0,0.0,0.0,0.0,0,0
0.0,0.0,0.0,0.0,0.0,0.0,0.0,0.0,0,0
0.0,0.0,0.0,0.0,0.0,0.0,0.0,0.0,0,0
0.0,0.0,0.0,0.0,0.0,0.0,0.0,0.0,0,0
0.0,0.0,0.0,0.0,0.0,0.0,0.0,0.0,0,0
0.0,0.0,0.0,0.0,0.0,0.0,0.0,0.0,0,0
0.0,0.0,0.0,0.0,0.0,0.0,0.0,0.0,0,0
0.0,0.0,0.0,0.0,0.0,0.0,0.0,0.0,0,0
0.0,0.0,0.0,0.0,0.0,0.0,0.0,0.0,0,0
0.0,0.0,0.0,0.0,0.0,0.0,0.0,0.0,0,0
0.0,0.0,0.0,0.0,0.0,0.0,0.0,0.0,0,0
0.0,0.0,0.0,0.0,0.0,0.0,0.0,0.0,0,0
0.0,0.0,0.0,0.0,0.0,0.0,0.0,0.0,0,0
0.0,0.0,0.0,0.0,0.0,0.0,0.0,0.0,0,0
0.0,0.0,0.0,0.0,0.0,0.0,0.0,0.0,0,0
0.0,0.0,0.0,0.0,0.0,0.0,0.0,0.0,0,0
0.0,0.0,0.0,0.0,0.0,0.0,0.0,0.0,0,0
0.0,0.0,0.0,0.0,0.0,0.0,0.0,0.0,0,0
0.0,0.0,0.0,0.0,0.0,0.0,0.0,0.0,0,0
0.0,0.0,0.0,0.0,0.0,0.0,0.0,0.0,0,0
0.0,0.0,0.0,0.0,0.0,0.0,0.0,0.0,0,0
0.0,0.0,0.0,0.0,0.0,0.0,0.0,0.0,0,0
0.0,0.0,0.0,0.0,0.0,0.0,0.0,0.0,0,0
0.0,0.0,0.0,0.0,0.0,0.0,0.0,0.0,0,0
0.0,0.0,0.0,0.0,0.0,0.0,0.0,0.0,0,0
0.0,0.0,0.0,0.0,0.0,0.0,0.0,0.0,0,0
0.0,0.0,0.0,0.0,0.0,0.0,0.0,0.0,0,0
0.0,0.0,0.0,0.0,0.0,0.0,0.0,0.0,0,0
0.0,0.0,0.0,0.0,0.0,0.0,0.0,0.0,0,0
0.0,0.0,0.0,0.0,0.0,0.0,0.0,0.0,0,0
0.0,0.0,0.0,0.0,0.0,0.0,0.0,0.0,0,0
0.0,0.0,0.0,0.0,0.0,0.0,0.0,0.0,0,0
0.0,0.0,0.0,0.0,0.0,0.0,0.0,0.0,0,0
0.0,0.0,0.0,0.0,0.0,0.0,0.0,0.0,0,0
0.0,0.0,0.0,0.0,0.0,0.0,0.0,0.0,0,0
0.0,0.0,0.0,0.0,0.0,0.0,0.0,0.0,0,0
0.0,0.0,0.0,0.0,0.0,0.0,0.0,0.0,0,0
0.0,0.0,0.0,0.0,0.0,0.0,0.0,0.0,0,0
0.0,0.0,0.0,0.0,0.0,0.0,0.0,0.0,0,0
0.0,0.0,0.0,0.0,0.0,0.0,0.0,0.0,0,0
0.0,0.0,0.0,0.0,0.0,0.0,0.0,0.0,0,0
0.0,0.0,0.0,0.0,0.0,0.0,0.0,0.0,0,0
0.0,0.0,0.0,0.0,0.0,0.0,0.0,0.0,0,0
0.0,0.0,0.0,0.0,0.0,0.0,0.0,0.0,0,0
0.0,0.0,0.0,0.0,0.0,0.0,0.0,0.0,0,0
0.0,0.0,0.0,0.0,0.0,0.0,0.0,0.0,0,0
0.0,0.0,0.0,0.0,0.0,0.0,0.0,0.0,0,0
0.0,0.0,0.0,0.0,0.0,0.0,0.0,0.0,0,0
0.0,0.0,0.0,0.0,0.0,0.0,0.0,0.0,0,0
0.0,0.0,0.0,0.0,0.0,0.0,0.0,0.0,0,0
0.0,0.0,0.0,0.0,0.0,0.0,0.0,0.0,0,0
0.0,0.0,0.0,0.0,0.0,0.0,0.0,0.0,0,0
0.0,0.0,0.0,0.0,0.0,0.0,0.0,0.0,0,0
0.0,0.0,0.0,0.0,0.0,0.0,0.0,0.0,0,0
0.0,0.0,0.0,0.0,0.0,0.0,0.0,0.0,0,0
0.0,0.0,0.0,0.0,0.0,0.0,0.0,0.0,0,0
0.0,0.0,0.0,0.0,0.0,0.0,0.0,0.0,0,0
0.0,0.0,0.0,0.0,0.0,0.0,0.0,0.0,0,0
0.0,0.0,0.0,0.0,0.0,0.0,0.0,0.0,0,0
0.0,0.0,0.0,0.0,0.0,0.0,0.0,0.0,0,0
0.0,0.0,0.0,0.0,0.0,0.0,0.0,0.0,0,0
0.0,0.0,0.0,0.0,0.0,0.0,0.0,0.0,0,0
0.0,0.0,0.0,0.0,0.0,0.0,0.0,0.0,0,0
0.0,0.0,0.0,0.0,0.0,0.0,0.0,0.0,0,0
0.0,0.0,0.0,0.0,0.0,0.0,0.0,0.0,0,0
0.0,0.0,0.0,0.0,0.0,0.0,0.0,0.0,0,0
0.0,0.0,0.0,0.0,0.0,0.0,0.0,0.0,0,0
-2344254.3652511667,50000.000000000015,1984.1269841269843,-2396238.4922352936,124999999.99999999,124999999.99999999,249999999.99999997,249999999.99999997,44,44
1709371.2542077603,99999.99999999997,1984.126984126984,1607387.1272236332,125000000.0,125000000.0,250000000.0,342285035.17882836,45,45
0.0,50000.00000000002,0.0,-50000.00000000002,0.0,0.0,0.0,250000000.0,0,0
0.0,0.0,0.0,0.0,0.0,0.0,0.0,0.0,0,0
0.0,0.0,0.0,0.0,0.0,0.0,0.0,0.0,0,0
0.0,0.0,0.0,0.0,0.0,0.0,0.0,0.0,0,0
1042540.4518788155,49999.999999999985,1984.1269841269839,990556.3248946886,125000000.00000001,124999999.99999997,250000000.0,250000000.0,45,45
0.0,49999.999999999985,0.0,-49999.999999999985,0.0,0.0,0.0,250000000.0,0,0
0.0,0.0,0.0,0.0,0.0,0.0,0.0,0.0,0,0
0.0,0.0,0.0,0.0,0.0,0.0,0.0,0.0,0,0
0.0,0.0,0.0,0.0,0.0,0.0,0.0,0.0,0,0
0.0,0.0,0.0,0.0,0.0,0.0,0.0,0.0,0,0
0.0,0.0,0.0,0.0,0.0,0.0,0.0,0.0,0,0
0.0,0.0,0.0,0.0,0.0,0.0,0.0,0.0,0,0
0.0,0.0,0.0,0.0,0.0,0.0,0.0,0.0,0,0
0.0,0.0,0.0,0.0,0.0,0.0,0.0,0.0,0,0
0.0,0.0,0.0,0.0,0.0,0.0,0.0,0.0,0,0
0.0,0.0,0.0,0.0,0.0,0.0,0.0,0.0,0,0
0.0,0.0,0.0,0.0,0.0,0.0,0.0,0.0,0,0
0.0,0.0,0.0,0.0,0.0,0.0,0.0,0.0,0,0
0.0,0.0,0.0,0.0,0.0,0.0,0.0,0.0,0,0
0.0,0.0,0.0,0.0,0.0,0.0,0.0,0.0,0,0
0.0,0.0,0.0,0.0,0.0,0.0,0.0,0.0,0,0
0.0,0.0,0.0,0.0,0.0,0.0,0.0,0.0,0,0
0.0,0.0,0.0,0.0,0.0,0.0,0.0,0.0,0,0
0.0,0.0,0.0,0.0,0.0,0.0,0.0,0.0,0,0
0.0,0.0,0.0,0.0,0.0,0.0,0.0,0.0,0,0
829735.3704094453,50000.000000000015,1984.1269841269839,777751.2434253183,125000000.00000001,125000000.00000001,250000000.00000003,250000000.00000003,45,45
0.0,50000.000000000015,0.0,-50000.000000000015,0.0,0.0,0.0,250000000.00000003,0,0
0.0,0.0,0.0,0.0,0.0,0.0,0.0,0.0,0,0
0.0,0.0,0.0,0.0,0.0,0.0,0.0,0.0,0,0
0.0,0.0,0.0,0.0,0.0,0.0,0.0,0.0,0,0
0.0,0.0,0.0,0.0,0.0,0.0,0.0,0.0,0,0
0.0,0.0,0.0,0.0,0.0,0.0,0.0,0.0,0,0
0.0,0.0,0.0,0.0,0.0,0.0,0.0,0.0,0,0
0.0,0.0,0.0,0.0,0.0,0.0,0.0,0.0,0,0
0.0,0.0,0.0,0.0,0.0,0.0,0.0,0.0,0,0
0.0,0.0,0.0,0.0,0.0,0.0,0.0,0.0,0,0
0.0,0.0,0.0,0.0,0.0,0.0,0.0,0.0,0,0
0.0,0.0,0.0,0.0,0.0,0.0,0.0,0.0,0,0
947253.0553805328,50000.00000000001,1984.126984126984,895268.9283964058,124999999.99999999,125000000.00000001,250000000.0,250000000.0,47,47
0.0,50000.00000000001,0.0,-50000.00000000001,0.0,0.0,0.0,250000000.0,0,0
-349877.2232857996,50000.00000000001,1984.126984126984,-401861.3502699266,125000000.0,125000000.0,250000000.0,250000000.0,46,46
998794.1250870243,100000.00000000001,1984.1269841269843,896809.9981028973,125000000.00000003,125000000.00000001,250000000.00000006,338247092.8247235,46,46
0.0,50000.0,0.0,-50000.0,0.0,0.0,0.0,250000000.00000003,0,0
953426.9014008169,50000.00000000003,1984.1269841269852,901442.7744166899,125000000.0,125000000.00000001,250000000.0,250000000.0,46,46
0.0,50000.00000000003,0.0,-50000.00000000003,0.0,0.0,0.0,250000000.0,0,0
238257.5991161926,49999.99999999999,1984.1269841269846,186273.47213206562,124999999.99999999,125000000.0,250000000.0,249999999.99999997,45,45
0.0,49999.99999999999,0.0,-49999.99999999999,0.0,0.0,0.0,249999999.99999997,0,0
0.0,0.0,0.0,0.0,0.0,0.0,0.0,0.0,0,0
0.0,0.0,0.0,0.0,0.0,0.0,0.0,0.0,0,0
0.0,0.0,0.0,0.0,0.0,0.0,0.0,0.0,0,0
0.0,0.0,0.0,0.0,0.0,0.0,0.0,0.0,0,0
1456950.5792024157,49999.999999999985,1984.1269841269839,1404966.4522182886,125000000.0,125000000.0,250000000.0,250000000.0,39,39
0.0,49999.999999999985,0.0,-49999.999999999985,0.0,0.0,0.0,250000000.0,0,0
0.0,0.0,0.0,0.0,0.0,0.0,0.0,0.0,0,0
0.0,0.0,0.0,0.0,0.0,0.0,0.0,0.0,0,0
0.0,0.0,0.0,0.0,0.0,0.0,0.0,0.0,0,0
0.0,0.0,0.0,0.0,0.0,0.0,0.0,0.0,0,0
0.0,0.0,0.0,0.0,0.0,0.0,0.0,0.0,0,0
0.0,0.0,0.0,0.0,0.0,0.0,0.0,0.0,0,0
0.0,0.0,0.0,0.0,0.0,0.0,0.0,0.0,0,0
0.0,0.0,0.0,0.0,0.0,0.0,0.0,0.0,0,0
0.0,0.0,0.0,0.0,0.0,0.0,0.0,0.0,0,0
0.0,0.0,0.0,0.0,0.0,0.0,0.0,0.0,0,0
0.0,0.0,0.0,0.0,0.0,0.0,0.0,0.0,0,0
0.0,0.0,0.0,0.0,0.0,0.0,0.0,0.0,0,0
0.0,0.0,0.0,0.0,0.0,0.0,0.0,0.0,0,0
0.0,0.0,0.0,0.0,0.0,0.0,0.0,0.0,0,0
0.0,0.0,0.0,0.0,0.0,0.0,0.0,0.0,0,0
-360061.33559508744,50000.000000000015,1984.1269841269846,-412045.4625792144,125000000.00000001,125000000.00000001,250000000.00000003,250000000.00000003,43,43
0.0,50000.000000000015,0.0,-50000.000000000015,0.0,0.0,0.0,250000000.00000003,0,0
0.0,0.0,0.0,0.0,0.0,0.0,0.0,0.0,0,0
0.0,0.0,0.0,0.0,0.0,0.0,0.0,0.0,0,0
0.0,0.0,0.0,0.0,0.0,0.0,0.0,0.0,0,0
0.0,0.0,0.0,0.0,0.0,0.0,0.0,0.0,0,0
0.0,0.0,0.0,0.0,0.0,0.0,0.0,0.0,0,0
0.0,0.0,0.0,0.0,0.0,0.0,0.0,0.0,0,0
0.0,0.0,0.0,0.0,0.0,0.0,0.0,0.0,0,0
0.0,0.0,0.0,0.0,0.0,0.0,0.0,0.0,0,0
0.0,0.0,0.0,0.0,0.0,0.0,0.0,0.0,0,0
0.0,0.0,0.0,0.0,0.0,0.0,0.0,0.0,0,0
0.0,0.0,0.0,0.0,0.0,0.0,0.0,0.0,0,0
0.0,0.0,0.0,0.0,0.0,0.0,0.0,0.0,0,0
0.0,0.0,0.0,0.0,0.0,0.0,0.0,0.0,0,0
0.0,0.0,0.0,0.0,0.0,0.0,0.0,0.0,0,0
0.0,0.0,0.0,0.0,0.0,0.0,0.0,0.0,0,0
0.0,0.0,0.0,0.0,0.0,0.0,0.0,0.0,0,0
0.0,0.0,0.0,0.0,0.0,0.0,0.0,0.0,0,0
0.0,0.0,0.0,0.0,0.0,0.0,0.0,0.0,0,0
0.0,0.0,0.0,0.0,0.0,0.0,0.0,0.0,0,0
1234793.8189940865,50000.0,1984.1269841269843,1182809.6920099594,124999999.99999999,125000000.00000001,250000000.0,250000000.0,45,45
0.0,50000.0,0.0,-50000.0,0.0,0.0,0.0,250000000.0,0,0
0.0,0.0,0.0,0.0,0.0,0.0,0.0,0.0,0,0
0.0,0.0,0.0,0.0,0.0,0.0,0.0,0.0,0,0
0.0,0.0,0.0,0.0,0.0,0.0,0.0,0.0,0,0
0.0,0.0,0.0,0.0,0.0,0.0,0.0,0.0,0,0
0.0,0.0,0.0,0.0,0.0,0.0,0.0,0.0,0,0
0.0,0.0,0.0,0.0,0.0,0.0,0.0,0.0,0,0
0.0,0.0,0.0,0.0,0.0,0.0,0.0,0.0,0,0
0.0,0.0,0.0,0.0,0.0,0.0,0.0,0.0,0,0
0.0,0.0,0.0,0.0,0.0,0.0,0.0,0.0,0,0
0.0,0.0,0.0,0.0,0.0,0.0,0.0,0.0,0,0
0.0,0.0,0.0,0.0,0.0,0.0,0.0,0.0,0,0
0.0,0.0,0.0,0.0,0.0,0.0,0.0,0.0,0,0
0.0,0.0,0.0,0.0,0.0,0.0,0.0,0.0,0,0
0.0,0.0,0.0,0.0,0.0,0.0,0.0,0.0,0,0
0.0,0.0,0.0,0.0,0.0,0.0,0.0,0.0,0,0
0.0,0.0,0.0,0.0,0.0,0.0,0.0,0.0,0,0
0.0,0.0,0.0,0.0,0.0,0.0,0.0,0.0,0,0
0.0,0.0,0.0,0.0,0.0,0.0,0.0,0.0,0,0
0.0,0.0,0.0,0.0,0.0,0.0,0.0,0.0,0,0
0.0,0.0,0.0,0.0,0.0,0.0,0.0,0.0,0,0
0.0,0.0,0.0,0.0,0.0,0.0,0.0,0.0,0,0
0.0,0.0,0.0,0.0,0.0,0.0,0.0,0.0,0,0
0.0,0.0,0.0,0.0,0.0,0.0,0.0,0.0,0,0
0.0,0.0,0.0,0.0,0.0,0.0,0.0,0.0,0,0
0.0,0.0,0.0,0.0,0.0,0.0,0.0,0.0,0,0
0.0,0.0,0.0,0.0,0.0,0.0,0.0,0.0,0,0
0.0,0.0,0.0,0.0,0.0,0.0,0.0,0.0,0,0
0.0,0.0,0.0,0.0,0.0,0.0,0.0,0.0,0,0
0.0,0.0,0.0,0.0,0.0,0.0,0.0,0.0,0,0
0.0,0.0,0.0,0.0,0.0,0.0,0.0,0.0,0,0
0.0,0.0,0.0,0.0,0.0,0.0,0.0,0.0,0,0
0.0,0.0,0.0,0.0,0.0,0.0,0.0,0.0,0,0
0.0,0.0,0.0,0.0,0.0,0.0,0.0,0.0,0,0
0.0,0.0,0.0,0.0,0.0,0.0,0.0,0.0,0,0
0.0,0.0,0.0,0.0,0.0,0.0,0.0,0.0,0,0
0.0,0.0,0.0,0.0,0.0,0.0,0.0,0.0,0,0
0.0,0.0,0.0,0.0,0.0,0.0,0.0,0.0,0,0
0.0,0.0,0.0,0.0,0.0,0.0,0.0,0.0,0,0
0.0,0.0,0.0,0.0,0.0,0.0,0.0,0.0,0,0
0.0,0.0,0.0,0.0,0.0,0.0,0.0,0.0,0,0
0.0,0.0,0.0,0.0,0.0,0.0,0.0,0.0,0,0
0.0,0.0,0.0,0.0,0.0,0.0,0.0,0.0,0,0
0.0,0.0,0.0,0.0,0.0,0.0,0.0,0.0,0,0
0.0,0.0,0.0,0.0,0.0,0.0,0.0,0.0,0,0
0.0,0.0,0.0,0.0,0.0,0.0,0.0,0.0,0,0
0.0,0.0,0.0,0.0,0.0,0.0,0.0,0.0,0,0
1962952.9739156212,49999.999999999985,1984.1269841269836,1910968.846931494,125000000.00000001,125000000.0,250000000.0,250000000.0,46,46
-1226667.4227507622,100539.29141282939,1984.126984126984,-1329190.8411477187,124999999.99999997,124999999.99999999,249999999.99999994,408990963.7970692,46,46
2635572.5651476076,101086.3148707418,1984.1269841269832,2532502.123292739,125000000.00000001,124999999.99999999,250000000.0,418856966.471409,46,46
266965.29128047504,102987.30990929392,1984.126984126984,161993.85438705413,125000000.0,125000000.00000001,250000000.0,429177567.33526915,45,45
-439804.0278681609,103875.85491302128,1984.1269841269839,-545664.0097653092,124999999.99999997,125000000.00000001,250000000.0,399075594.90101916,45,45
27300.674922860257,100641.39142393407,1984.1269841269839,-75324.84348520079,125000000.0,124999999.99999997,249999999.99999997,380259865.3395665,45,45
441644.6060104482,102576.18806120653,1984.126984126984,337084.29096511466,125000000.00000001,124999999.99999999,250000000.0,440212250.24407864,45,45
-274671.6020561021,101177.32477824038,1984.1269841269843,-377833.0538184695,124999999.99999999,125000000.00000001,250000000.0,309495197.71686023,45,45
0.0,49999.99999999999,0.0,-49999.99999999999,0.0,0.0,0.0,250000000.0,0,0
0.0,0.0,0.0,0.0,0.0,0.0,0.0,0.0,0,0
0.0,0.0,0.0,0.0,0.0,0.0,0.0,0.0,0,0
0.0,0.0,0.0,0.0,0.0,0.0,0.0,0.0,0,0
-431888.78709550435,50000.00000000002,1984.1269841269836,-483872.91407963133,125000000.00000001,124999999.99999999,250000000.0,250000000.0,46,46
0.0,50000.00000000002,0.0,-50000.00000000002,0.0,0.0,0.0,250000000.0,0,0
0.0,0.0,0.0,0.0,0.0,0.0,0.0,0.0,0,0
-1964487.8761550223,50000.0,1984.1269841269846,-2016472.0031391494,125000000.00000001,125000000.00000001,250000000.00000003,250000000.00000003,46,46
1896912.7923672807,100289.23736372252,1984.1269841269852,1794639.4280194312,124999999.99999999,125000000.00000001,250000000.0,323363203.2383484,47,47
0.0,50000.0,0.0,-50000.0,0.0,0.0,0.0,250000000.0,0,0
0.0,0.0,0.0,0.0,0.0,0.0,0.0,0.0,0,0
0.0,0.0,0.0,0.0,0.0,0.0,0.0,0.0,0,0
0.0,0.0,0.0,0.0,0.0,0.0,0.0,0.0,0,0
0.0,0.0,0.0,0.0,0.0,0.0,0.0,0.0,0,0
0.0,0.0,0.0,0.0,0.0,0.0,0.0,0.0,0,0
0.0,0.0,0.0,0.0,0.0,0.0,0.0,0.0,0,0
0.0,0.0,0.0,0.0,0.0,0.0,0.0,0.0,0,0
0.0,0.0,0.0,0.0,0.0,0.0,0.0,0.0,0,0
0.0,0.0,0.0,0.0,0.0,0.0,0.0,0.0,0,0
0.0,0.0,0.0,0.0,0.0,0.0,0.0,0.0,0,0
0.0,0.0,0.0,0.0,0.0,0.0,0.0,0.0,0,0
0.0,0.0,0.0,0.0,0.0,0.0,0.0,0.0,0,0
-285211.38616083877,49999.99999999999,1984.1269841269839,-337195.51314496575,124999999.99999999,125000000.0,250000000.0,250000000.0,47,47
0.0,49999.99999999999,0.0,-49999.99999999999,0.0,0.0,0.0,250000000.0,0,0
0.0,0.0,0.0,0.0,0.0,0.0,0.0,0.0,0,0
0.0,0.0,0.0,0.0,0.0,0.0,0.0,0.0,0,0
0.0,0.0,0.0,0.0,0.0,0.0,0.0,0.0,0,0
0.0,0.0,0.0,0.0,0.0,0.0,0.0,0.0,0,0
0.0,0.0,0.0,0.0,0.0,0.0,0.0,0.0,0,0
0.0,0.0,0.0,0.0,0.0,0.0,0.0,0.0,0,0
0.0,0.0,0.0,0.0,0.0,0.0,0.0,0.0,0,0
0.0,0.0,0.0,0.0,0.0,0.0,0.0,0.0,0,0
0.0,0.0,0.0,0.0,0.0,0.0,0.0,0.0,0,0
0.0,0.0,0.0,0.0,0.0,0.0,0.0,0.0,0,0
0.0,0.0,0.0,0.0,0.0,0.0,0.0,0.0,0,0
0.0,0.0,0.0,0.0,0.0,0.0,0.0,0.0,0,0
0.0,0.0,0.0,0.0,0.0,0.0,0.0,0.0,0,0
0.0,0.0,0.0,0.0,0.0,0.0,0.0,0.0,0,0
0.0,0.0,0.0,0.0,0.0,0.0,0.0,0.0,0,0
0.0,0.0,0.0,0.0,0.0,0.0,0.0,0.0,0,0
0.0,0.0,0.0,0.0,0.0,0.0,0.0,0.0,0,0
0.0,0.0,0.0,0.0,0.0,0.0,0.0,0.0,0,0
0.0,0.0,0.0,0.0,0.0,0.0,0.0,0.0,0,0
0.0,0.0,0.0,0.0,0.0,0.0,0.0,0.0,0,0
0.0,0.0,0.0,0.0,0.0,0.0,0.0,0.0,0,0
0.0,0.0,0.0,0.0,0.0,0.0,0.0,0.0,0,0
0.0,0.0,0.0,0.0,0.0,0.0,0.0,0.0,0,0
0.0,0.0,0.0,0.0,0.0,0.0,0.0,0.0,0,0
0.0,0.0,0.0,0.0,0.0,0.0,0.0,0.0,0,0
0.0,0.0,0.0,0.0,0.0,0.0,0.0,0.0,0,0
0.0,0.0,0.0,0.0,0.0,0.0,0.0,0.0,0,0
0.0,0.0,0.0,0.0,0.0,0.0,0.0,0.0,0,0
0.0,0.0,0.0,0.0,0.0,0.0,0.0,0.0,0,0
0.0,0.0,0.0,0.0,0.0,0.0,0.0,0.0,0,0
0.0,0.0,0.0,0.0,0.0,0.0,0.0,0.0,0,0
0.0,0.0,0.0,0.0,0.0,0.0,0.0,0.0,0,0
0.0,0.0,0.0,0.0,0.0,0.0,0.0,0.0,0,0
0.0,0.0,0.0,0.0,0.0,0.0,0.0,0.0,0,0
0.0,0.0,0.0,0.0,0.0,0.0,0.0,0.0,0,0
0.0,0.0,0.0,0.0,0.0,0.0,0.0,0.0,0,0
0.0,0.0,0.0,0.0,0.0,0.0,0.0,0.0,0,0
0.0,0.0,0.0,0.0,0.0,0.0,0.0,0.0,0,0
0.0,0.0,0.0,0.0,0.0,0.0,0.0,0.0,0,0
0.0,0.0,0.0,0.0,0.0,0.0,0.0,0.0,0,0
0.0,0.0,0.0,0.0,0.0,0.0,0.0,0.0,0,0
0.0,0.0,0.0,0.0,0.0,0.0,0.0,0.0,0,0
0.0,0.0,0.0,0.0,0.0,0.0,0.0,0.0,0,0
0.0,0.0,0.0,0.0,0.0,0.0,0.0,0.0,0,0
0.0,0.0,0.0,0.0,0.0,0.0,0.0,0.0,0,0
0.0,0.0,0.0,0.0,0.0,0.0,0.0,0.0,0,0
0.0,0.0,0.0,0.0,0.0,0.0,0.0,0.0,0,0
0.0,0.0,0.0,0.0,0.0,0.0,0.0,0.0,0,0
0.0,0.0,0.0,0.0,0.0,0.0,0.0,0.0,0,0
0.0,0.0,0.0,0.0,0.0,0.0,0.0,0.0,0,0
0.0,0.0,0.0,0.0,0.0,0.0,0.0,0.0,0,0
0.0,0.0,0.0,0.0,0.0,0.0,0.0,0.0,0,0
0.0,0.0,0.0,0.0,0.0,0.0,0.0,0.0,0,0
0.0,0.0,0.0,0.0,0.0,0.0,0.0,0.0,0,0
0.0,0.0,0.0,0.0,0.0,0.0,0.0,0.0,0,0
0.0,0.0,0.0,0.0,0.0,0.0,0.0,0.0,0,0
0.0,0.0,0.0,0.0,0.0,0.0,0.0,0.0,0,0
0.0,0.0,0.0,0.0,0.0,0.0,0.0,0.0,0,0
0.0,0.0,0.0,0.0,0.0,0.0,0.0,0.0,0,0
0.0,0.0,0.0,0.0,0.0,0.0,0.0,0.0,0,0
0.0,0.0,0.0,0.0,0.0,0.0,0.0,0.0,0,0
0.0,0.0,0.0,0.0,0.0,0.0,0.0,0.0,0,0
0.0,0.0,0.0,0.0,0.0,0.0,0.0,0.0,0,0
0.0,0.0,0.0,0.0,0.0,0.0,0.0,0.0,0,0
0.0,0.0,0.0,0.0,0.0,0.0,0.0,0.0,0,0
0.0,0.0,0.0,0.0,0.0,0.0,0.0,0.0,0,0
0.0,0.0,0.0,0.0,0.0,0.0,0.0,0.0,0,0
0.0,0.0,0.0,0.0,0.0,0.0,0.0,0.0,0,0
0.0,0.0,0.0,0.0,0.0,0.0,0.0,0.0,0,0
0.0,0.0,0.0,0.0,0.0,0.0,0.0,0.0,0,0
0.0,0.0,0.0,0.0,0.0,0.0,0.0,0.0,0,0
0.0,0.0,0.0,0.0,0.0,0.0,0.0,0.0,0,0
0.0,0.0,0.0,0.0,0.0,0.0,0.0,0.0,0,0
0.0,0.0,0.0,0.0,0.0,0.0,0.0,0.0,0,0
0.0,0.0,0.0,0.0,0.0,0.0,0.0,0.0,0,0
0.0,0.0,0.0,0.0,0.0,0.0,0.0,0.0,0,0
0.0,0.0,0.0,0.0,0.0,0.0,0.0,0.0,0,0
0.0,0.0,0.0,0.0,0.0,0.0,0.0,0.0,0,0
0.0,0.0,0.0,0.0,0.0,0.0,0.0,0.0,0,0
0.0,0.0,0.0,0.0,0.0,0.0,0.0,0.0,0,0
0.0,0.0,0.0,0.0,0.0,0.0,0.0,0.0,0,0
0.0,0.0,0.0,0.0,0.0,0.0,0.0,0.0,0,0
0.0,0.0,0.0,0.0,0.0,0.0,0.0,0.0,0,0
0.0,0.0,0.0,0.0,0.0,0.0,0.0,0.0,0,0
0.0,0.0,0.0,0.0,0.0,0.0,0.0,0.0,0,0
0.0,0.0,0.0,0.0,0.0,0.0,0.0,0.0,0,0
0.0,0.0,0.0,0.0,0.0,0.0,0.0,0.0,0,0
0.0,0.0,0.0,0.0,0.0,0.0,0.0,0.0,0,0
0.0,0.0,0.0,0.0,0.0,0.0,0.0,0.0,0,0
0.0,0.0,0.0,0.0,0.0,0.0,0.0,0.0,0,0
0.0,0.0,0.0,0.0,0.0,0.0,0.0,0.0,0,0
0.0,0.0,0.0,0.0,0.0,0.0,0.0,0.0,0,0
0.0,0.0,0.0,0.0,0.0,0.0,0.0,0.0,0,0
0.0,0.0,0.0,0.0,0.0,0.0,0.0,0.0,0,0
0.0,0.0,0.0,0.0,0.0,0.0,0.0,0.0,0,0
0.0,0.0,0.0,0.0,0.0,0.0,0.0,0.0,0,0
0.0,0.0,0.0,0.0,0.0,0.0,0.0,0.0,0,0
0.0,0.0,0.0,0.0,0.0,0.0,0.0,0.0,0,0
0.0,0.0,0.0,0.0,0.0,0.0,0.0,0.0,0,0
0.0,0.0,0.0,0.0,0.0,0.0,0.0,0.0,0,0
0.0,0.0,0.0,0.0,0.0,0.0,0.0,0.0,0,0
0.0,0.0,0.0,0.0,0.0,0.0,0.0,0.0,0,0
0.0,0.0,0.0,0.0,0.0,0.0,0.0,0.0,0,0
0.0,0.0,0.0,0.0,0.0,0.0,0.0,0.0,0,0
0.0,0.0,0.0,0.0,0.0,0.0,0.0,0.0,0,0
0.0,0.0,0.0,0.0,0.0,0.0,0.0,0.0,0,0
0.0,0.0,0.0,0.0,0.0,0.0,0.0,0.0,0,0
0.0,0.0,0.0,0.0,0.0,0.0,0.0,0.0,0,0
0.0,0.0,0.0,0.0,0.0,0.0,0.0,0.0,0,0
0.0,0.0,0.0,0.0,0.0,0.0,0.0,0.0,0,0
0.0,0.0,0.0,0.0,0.0,0.0,0.0,0.0,0,0
0.0,0.0,0.0,0.0,0.0,0.0,0.0,0.0,0,0
0.0,0.0,0.0,0.0,0.0,0.0,0.0,0.0,0,0
0.0,0.0,0.0,0.0,0.0,0.0,0.0,0.0,0,0
0.0,0.0,0.0,0.0,0.0,0.0,0.0,0.0,0,0
0.0,0.0,0.0,0.0,0.0,0.0,0.0,0.0,0,0
0.0,0.0,0.0,0.0,0.0,0.0,0.0,0.0,0,0
0.0,0.0,0.0,0.0,0.0,0.0,0.0,0.0,0,0
0.0,0.0,0.0,0.0,0.0,0.0,0.0,0.0,0,0
0.0,0.0,0.0,0.0,0.0,0.0,0.0,0.0,0,0
0.0,0.0,0.0,0.0,0.0,0.0,0.0,0.0,0,0
0.0,0.0,0.0,0.0,0.0,0.0,0.0,0.0,0,0
0.0,0.0,0.0,0.0,0.0,0.0,0.0,0.0,0,0
0.0,0.0,0.0,0.0,0.0,0.0,0.0,0.0,0,0
0.0,0.0,0.0,0.0,0.0,0.0,0.0,0.0,0,0
0.0,0.0,0.0,0.0,0.0,0.0,0.0,0.0,0,0
0.0,0.0,0.0,0.0,0.0,0.0,0.0,0.0,0,0
0.0,0.0,0.0,0.0,0.0,0.0,0.0,0.0,0,0
0.0,0.0,0.0,0.0,0.0,0.0,0.0,0.0,0,0
0.0,0.0,0.0,0.0,0.0,0.0,0.0,0.0,0,0
0.0,0.0,0.0,0.0,0.0,0.0,0.0,0.0,0,0
0.0,0.0,0.0,0.0,0.0,0.0,0.0,0.0,0,0
0.0,0.0,0.0,0.0,0.0,0.0,0.0,0.0,0,0
0.0,0.0,0.0,0.0,0.0,0.0,0.0,0.0,0,0
0.0,0.0,0.0,0.0,0.0,0.0,0.0,0.0,0,0
0.0,0.0,0.0,0.0,0.0,0.0,0.0,0.0,0,0
0.0,0.0,0.0,0.0,0.0,0.0,0.0,0.0,0,0
0.0,0.0,0.0,0.0,0.0,0.0,0.0,0.0,0,0
0.0,0.0,0.0,0.0,0.0,0.0,0.0,0.0,0,0
0.0,0.0,0.0,0.0,0.0,0.0,0.0,0.0,0,0
0.0,0.0,0.0,0.0,0.0,0.0,0.0,0.0,0,0
0.0,0.0,0.0,0.0,0.0,0.0,0.0,0.0,0,0
0.0,0.0,0.0,0.0,0.0,0.0,0.0,0.0,0,0
0.0,0.0,0.0,0.0,0.0,0.0,0.0,0.0,0,0
0.0,0.0,0.0,0.0,0.0,0.0,0.0,0.0,0,0
0.0,0.0,0.0,0.0,0.0,0.0,0.0,0.0,0,0
0.0,0.0,0.0,0.0,0.0,0.0,0.0,0.0,0,0
0.0,0.0,0.0,0.0,0.0,0.0,0.0,0.0,0,0
0.0,0.0,0.0,0.0,0.0,0.0,0.0,0.0,0,0
0.0,0.0,0.0,0.0,0.0,0.0,0.0,0.0,0,0
0.0,0.0,0.0,0.0,0.0,0.0,0.0,0.0,0,0
0.0,0.0,0.0,0.0,0.0,0.0,0.0,0.0,0,0
0.0,0.0,0.0,0.0,0.0,0.0,0.0,0.0,0,0
0.0,0.0,0.0,0.0,0.0,0.0,0.0,0.0,0,0
0.0,0.0,0.0,0.0,0.0,0.0,0.0,0.0,0,0
0.0,0.0,0.0,0.0,0.0,0.0,0.0,0.0,0,0
0.0,0.0,0.0,0.0,0.0,0.0,0.0,0.0,0,0
0.0,0.0,0.0,0.0,0.0,0.0,0.0,0.0,0,0
0.0,0.0,0.0,0.0,0.0,0.0,0.0,0.0,0,0
0.0,0.0,0.0,0.0,0.0,0.0,0.0,0.0,0,0
0.0,0.0,0.0,0.0,0.0,0.0,0.0,0.0,0,0
0.0,0.0,0.0,0.0,0.0,0.0,0.0,0.0,0,0
0.0,0.0,0.0,0.0,0.0,0.0,0.0,0.0,0,0
0.0,0.0,0.0,0.0,0.0,0.0,0.0,0.0,0,0
0.0,0.0,0.0,0.0,0.0,0.0,0.0,0.0,0,0
0.0,0.0,0.0,0.0,0.0,0.0,0.0,0.0,0,0
0.0,0.0,0.0,0.0,0.0,0.0,0.0,0.0,0,0
0.0,0.0,0.0,0.0,0.0,0.0,0.0,0.0,0,0
0.0,0.0,0.0,0.0,0.0,0.0,0.0,0.0,0,0
0.0,0.0,0.0,0.0,0.0,0.0,0.0,0.0,0,0
0.0,0.0,0.0,0.0,0.0,0.0,0.0,0.0,0,0
0.0,0.0,0.0,0.0,0.0,0.0,0.0,0.0,0,0
0.0,0.0,0.0,0.0,0.0,0.0,0.0,0.0,0,0
0.0,0.0,0.0,0.0,0.0,0.0,0.0,0.0,0,0
0.0,0.0,0.0,0.0,0.0,0.0,0.0,0.0,0,0
0.0,0.0,0.0,0.0,0.0,0.0,0.0,0.0,0,0
0.0,0.0,0.0,0.0,0.0,0.0,0.0,0.0,0,0
0.0,0.0,0.0,0.0,0.0,0.0,0.0,0.0,0,0
0.0,0.0,0.0,0.0,0.0,0.0,0.0,0.0,0,0
0.0,0.0,0.0,0.0,0.0,0.0,0.0,0.0,0,0
0.0,0.0,0.0,0.0,0.0,0.0,0.0,0.0,0,0
0.0,0.0,0.0,0.0,0.0,0.0,0.0,0.0,0,0
0.0,0.0,0.0,0.0,0.0,0.0,0.0,0.0,0,0
0.0,0.0,0.0,0.0,0.0,0.0,0.0,0.0,0,0
0.0,0.0,0.0,0.0,0.0,0.0,0.0,0.0,0,0
0.0,0.0,0.0,0.0,0.0,0.0,0.0,0.0,0,0
0.0,0.0,0.0,0.0,0.0,0.0,0.0,0.0,0,0
0.0,0.0,0.0,0.0,0.0,0.0,0.0,0.0,0,0
0.0,0.0,0.0,0.0,0.0,0.0,0.0,0.0,0,0
0.0,0.0,0.0,0.0,0.0,0.0,0.0,0.0,0,0
0.0,0.0,0.0,0.0,0.0,0.0,0.0,0.0,0,0
0.0,0.0,0.0,0.0,0.0,0.0,0.0,0.0,0,0
0.0,0.0,0.0,0.0,0.0,0.0,0.0,0.0,0,0
0.0,0.0,0.0,0.0,0.0,0.0,0.0,0.0,0,0
0.0,0.0,0.0,0.0,0.0,0.0,0.0,0.0,0,0
0.0,0.0,0.0,0.0,0.0,0.0,0.0,0.0,0,0
0.0,0.0,0.0,0.0,0.0,0.0,0.0,0.0,0,0
0.0,0.0,0.0,0.0,0.0,0.0,0.0,0.0,0,0
0.0,0.0,0.0,0.0,0.0,0.0,0.0,0.0,0,0
0.0,0.0,0.0,0.0,0.0,0.0,0.0,0.0,0,0
0.0,0.0,0.0,0.0,0.0,0.0,0.0,0.0,0,0
0.0,0.0,0.0,0.0,0.0,0.0,0.0,0.0,0,0
0.0,0.0,0.0,0.0,0.0,0.0,0.0,0.0,0,0
0.0,0.0,0.0,0.0,0.0,0.0,0.0,0.0,0,0
0.0,0.0,0.0,0.0,0.0,0.0,0.0,0.0,0,0
0.0,0.0,0.0,0.0,0.0,0.0,0.0,0.0,0,0
0.0,0.0,0.0,0.0,0.0,0.0,0.0,0.0,0,0
0.0,0.0,0.0,0.0,0.0,0.0,0.0,0.0,0,0
0.0,0.0,0.0,0.0,0.0,0.0,0.0,0.0,0,0
273253.1383878019,50000.0,1984.1269841269839,221269.0114036749,124999999.99999999,125000000.00000001,250000000.0,250000000.0,44,44
493561.09104907606,110232.1755254381,1984.1269841269836,381344.788539511,125000000.0,124999999.99999997,249999999.99999997,479245689.753392,45,45
0.0,50000.000000000015,0.0,-50000.000000000015,0.0,0.0,0.0,249999999.99999997,0,0
0.0,0.0,0.0,0.0,0.0,0.0,0.0,0.0,0,0
1921456.4433117893,50000.00000000001,1984.1269841269839,1869472.3163276622,125000000.0,125000000.0,250000000.0,250000000.0,45,45
0.0,50000.00000000001,0.0,-50000.00000000001,0.0,0.0,0.0,250000000.0,0,0
545477.8281930771,50000.0,1984.126984126984,493493.70120895014,125000000.0,125000000.0,250000000.0,250000000.0,45,45
0.0,50000.0,0.0,-50000.0,0.0,0.0,0.0,250000000.0,0,0
0.0,0.0,0.0,0.0,0.0,0.0,0.0,0.0,0,0
0.0,0.0,0.0,0.0,0.0,0.0,0.0,0.0,0,0
0.0,0.0,0.0,0.0,0.0,0.0,0.0,0.0,0,0
0.0,0.0,0.0,0.0,0.0,0.0,0.0,0.0,0,0
0.0,0.0,0.0,0.0,0.0,0.0,0.0,0.0,0,0
0.0,0.0,0.0,0.0,0.0,0.0,0.0,0.0,0,0
0.0,0.0,0.0,0.0,0.0,0.0,0.0,0.0,0,0
0.0,0.0,0.0,0.0,0.0,0.0,0.0,0.0,0,0
0.0,0.0,0.0,0.0,0.0,0.0,0.0,0.0,0,0
0.0,0.0,0.0,0.0,0.0,0.0,0.0,0.0,0,0
0.0,0.0,0.0,0.0,0.0,0.0,0.0,0.0,0,0
0.0,0.0,0.0,0.0,0.0,0.0,0.0,0.0,0,0
0.0,0.0,0.0,0.0,0.0,0.0,0.0,0.0,0,0
0.0,0.0,0.0,0.0,0.0,0.0,0.0,0.0,0,0
0.0,0.0,0.0,0.0,0.0,0.0,0.0,0.0,0,0
0.0,0.0,0.0,0.0,0.0,0.0,0.0,0.0,0,0
0.0,0.0,0.0,0.0,0.0,0.0,0.0,0.0,0,0
0.0,0.0,0.0,0.0,0.0,0.0,0.0,0.0,0,0
0.0,0.0,0.0,0.0,0.0,0.0,0.0,0.0,0,0
0.0,0.0,0.0,0.0,0.0,0.0,0.0,0.0,0,0
0.0,0.0,0.0,0.0,0.0,0.0,0.0,0.0,0,0
0.0,0.0,0.0,0.0,0.0,0.0,0.0,0.0,0,0
0.0,0.0,0.0,0.0,0.0,0.0,0.0,0.0,0,0
0.0,0.0,0.0,0.0,0.0,0.0,0.0,0.0,0,0
0.0,0.0,0.0,0.0,0.0,0.0,0.0,0.0,0,0
0.0,0.0,0.0,0.0,0.0,0.0,0.0,0.0,0,0
0.0,0.0,0.0,0.0,0.0,0.0,0.0,0.0,0,0
0.0,0.0,0.0,0.0,0.0,0.0,0.0,0.0,0,0
0.0,0.0,0.0,0.0,0.0,0.0,0.0,0.0,0,0
0.0,0.0,0.0,0.0,0.0,0.0,0.0,0.0,0,0
0.0,0.0,0.0,0.0,0.0,0.0,0.0,0.0,0,0
0.0,0.0,0.0,0.0,0.0,0.0,0.0,0.0,0,0
0.0,0.0,0.0,0.0,0.0,0.0,0.0,0.0,0,0
0.0,0.0,0.0,0.0,0.0,0.0,0.0,0.0,0,0
0.0,0.0,0.0,0.0,0.0,0.0,0.0,0.0,0,0
0.0,0.0,0.0,0.0,0.0,0.0,0.0,0.0,0,0
0.0,0.0,0.0,0.0,0.0,0.0,0.0,0.0,0,0
0.0,0.0,0.0,0.0,0.0,0.0,0.0,0.0,0,0
0.0,0.0,0.0,0.0,0.0,0.0,0.0,0.0,0,0
0.0,0.0,0.0,0.0,0.0,0.0,0.0,0.0,0,0
0.0,0.0,0.0,0.0,0.0,0.0,0.0,0.0,0,0
0.0,0.0,0.0,0.0,0.0,0.0,0.0,0.0,0,0
0.0,0.0,0.0,0.0,0.0,0.0,0.0,0.0,0,0
0.0,0.0,0.0,0.0,0.0,0.0,0.0,0.0,0,0
0.0,0.0,0.0,0.0,0.0,0.0,0.0,0.0,0,0
0.0,0.0,0.0,0.0,0.0,0.0,0.0,0.0,0,0
0.0,0.0,0.0,0.0,0.0,0.0,0.0,0.0,0,0
0.0,0.0,0.0,0.0,0.0,0.0,0.0,0.0,0,0
0.0,0.0,0.0,0.0,0.0,0.0,0.0,0.0,0,0
0.0,0.0,0.0,0.0,0.0,0.0,0.0,0.0,0,0
0.0,0.0,0.0,0.0,0.0,0.0,0.0,0.0,0,0
0.0,0.0,0.0,0.0,0.0,0.0,0.0,0.0,0,0
0.0,0.0,0.0,0.0,0.0,0.0,0.0,0.0,0,0
0.0,0.0,0.0,0.0,0.0,0.0,0.0,0.0,0,0
0.0,0.0,0.0,0.0,0.0,0.0,0.0,0.0,0,0
0.0,0.0,0.0,0.0,0.0,0.0,0.0,0.0,0,0
0.0,0.0,0.0,0.0,0.0,0.0,0.0,0.0,0,0
0.0,0.0,0.0,0.0,0.0,0.0,0.0,0.0,0,0
0.0,0.0,0.0,0.0,0.0,0.0,0.0,0.0,0,0
-1374823.3350075167,50000.00000000001,1984.1269841269836,-1426807.4619916438,125000000.0,124999999.99999999,250000000.0,250000000.0,42,42
0.0,50000.00000000001,0.0,-50000.00000000001,0.0,0.0,0.0,250000000.0,0,0
-2971.2378331560794,49999.999999999985,1984.1269841269836,-54955.36481728304,125000000.0,125000000.0,250000000.0,250000000.0,42,42
0.0,49999.999999999985,0.0,-49999.999999999985,0.0,0.0,0.0,250000000.0,0,0
788837.979040099,50000.0,1984.1269841269834,736853.852055972,125000000.00000001,124999999.99999999,250000000.0,250000000.0,42,42
-200199.86869192022,100000.0,1984.1269841269836,-302183.99567604717,124999999.99999997,125000000.0,249999999.99999997,427000733.84987307,44,44
0.0,49999.999999999985,0.0,-49999.999999999985,0.0,0.0,0.0,249999999.99999997,0,0
0.0,0.0,0.0,0.0,0.0,0.0,0.0,0.0,0,0
0.0,0.0,0.0,0.0,0.0,0.0,0.0,0.0,0,0
0.0,0.0,0.0,0.0,0.0,0.0,0.0,0.0,0,0
0.0,0.0,0.0,0.0,0.0,0.0,0.0,0.0,0,0
0.0,0.0,0.0,0.0,0.0,0.0,0.0,0.0,0,0
0.0,0.0,0.0,0.0,0.0,0.0,0.0,0.0,0,0
0.0,0.0,0.0,0.0,0.0,0.0,0.0,0.0,0,0
0.0,0.0,0.0,0.0,0.0,0.0,0.0,0.0,0,0
0.0,0.0,0.0,0.0,0.0,0.0,0.0,0.0,0,0
-1247414.0975289706,49999.99999999999,1984.1269841269846,-1299398.2245130977,125000000.00000001,125000000.0,250000000.0,250000000.0,47,47
-1416514.2163642435,108319.7889703269,1984.1269841269843,-1526818.1323186976,125000000.00000001,125000000.0,250000000.0,441985984.9246886,47,47
-1887110.8433155192,100000.00000000007,1984.1269841269834,-1989094.9702996463,125000000.0,124999999.99999997,249999999.99999997,346006173.46161556,47,47
2428966.043295329,100673.46908556817,1984.1269841269843,2326308.447225634,124999999.99999997,125000000.0,249999999.99999997,328989688.34785664,47,47
3282131.1724749384,101741.0514696857,1984.1269841269834,3178405.994021126,125000000.0,124999999.99999999,250000000.0,375904123.53545696,48,48
230716.69600123633,114497.26906496147,1984.1269841269836,114235.29995214788,125000000.0,125000000.00000001,250000000.0,496989367.11567384,48,48
0.0,50000.000000000015,0.0,-50000.000000000015,0.0,0.0,0.0,250000000.00000003,0,0
0.0,0.0,0.0,0.0,0.0,0.0,0.0,0.0,0,0
0.0,0.0,0.0,0.0,0.0,0.0,0.0,0.0,0,0
0.0,0.0,0.0,0.0,0.0,0.0,0.0,0.0,0,0
0.0,0.0,0.0,0.0,0.0,0.0,0.0,0.0,0,0
0.0,0.0,0.0,0.0,0.0,0.0,0.0,0.0,0,0
0.0,0.0,0.0,0.0,0.0,0.0,0.0,0.0,0,0
0.0,0.0,0.0,0.0,0.0,0.0,0.0,0.0,0,0
0.0,0.0,0.0,0.0,0.0,0.0,0.0,0.0,0,0
0.0,0.0,0.0,0.0,0.0,0.0,0.0,0.0,0,0
0.0,0.0,0.0,0.0,0.0,0.0,0.0,0.0,0,0
0.0,0.0,0.0,0.0,0.0,0.0,0.0,0.0,0,0
0.0,0.0,0.0,0.0,0.0,0.0,0.0,0.0,0,0
0.0,0.0,0.0,0.0,0.0,0.0,0.0,0.0,0,0
0.0,0.0,0.0,0.0,0.0,0.0,0.0,0.0,0,0
0.0,0.0,0.0,0.0,0.0,0.0,0.0,0.0,0,0
0.0,0.0,0.0,0.0,0.0,0.0,0.0,0.0,0,0
0.0,0.0,0.0,0.0,0.0,0.0,0.0,0.0,0,0
0.0,0.0,0.0,0.0,0.0,0.0,0.0,0.0,0,0
0.0,0.0,0.0,0.0,0.0,0.0,0.0,0.0,0,0
0.0,0.0,0.0,0.0,0.0,0.0,0.0,0.0,0,0
0.0,0.0,0.0,0.0,0.0,0.0,0.0,0.0,0,0
0.0,0.0,0.0,0.0,0.0,0.0,0.0,0.0,0,0
0.0,0.0,0.0,0.0,0.0,0.0,0.0,0.0,0,0
0.0,0.0,0.0,0.0,0.0,0.0,0.0,0.0,0,0
0.0,0.0,0.0,0.0,0.0,0.0,0.0,0.0,0,0
0.0,0.0,0.0,0.0,0.0,0.0,0.0,0.0,0,0
0.0,0.0,0.0,0.0,0.0,0.0,0.0,0.0,0,0
0.0,0.0,0.0,0.0,0.0,0.0,0.0,0.0,0,0
0.0,0.0,0.0,0.0,0.0,0.0,0.0,0.0,0,0
0.0,0.0,0.0,0.0,0.0,0.0,0.0,0.0,0,0
0.0,0.0,0.0,0.0,0.0,0.0,0.0,0.0,0,0
0.0,0.0,0.0,0.0,0.0,0.0,0.0,0.0,0,0
0.0,0.0,0.0,0.0,0.0,0.0,0.0,0.0,0,0
0.0,0.0,0.0,0.0,0.0,0.0,0.0,0.0,0,0
0.0,0.0,0.0,0.0,0.0,0.0,0.0,0.0,0,0
0.0,0.0,0.0,0.0,0.0,0.0,0.0,0.0,0,0
0.0,0.0,0.0,0.0,0.0,0.0,0.0,0.0,0,0
0.0,0.0,0.0,0.0,0.0,0.0,0.0,0.0,0,0
0.0,0.0,0.0,0.0,0.0,0.0,0.0,0.0,0,0
0.0,0.0,0.0,0.0,0.0,0.0,0.0,0.0,0,0
0.0,0.0,0.0,0.0,0.0,0.0,0.0,0.0,0,0
0.0,0.0,0.0,0.0,0.0,0.0,0.0,0.0,0,0
0.0,0.0,0.0,0.0,0.0,0.0,0.0,0.0,0,0
0.0,0.0,0.0,0.0,0.0,0.0,0.0,0.0,0,0
0.0,0.0,0.0,0.0,0.0,0.0,0.0,0.0,0,0
0.0,0.0,0.0,0.0,0.0,0.0,0.0,0.0,0,0
0.0,0.0,0.0,0.0,0.0,0.0,0.0,0.0,0,0
0.0,0.0,0.0,0.0,0.0,0.0,0.0,0.0,0,0
0.0,0.0,0.0,0.0,0.0,0.0,0.0,0.0,0,0
0.0,0.0,0.0,0.0,0.0,0.0,0.0,0.0,0,0
0.0,0.0,0.0,0.0,0.0,0.0,0.0,0.0,0,0
0.0,0.0,0.0,0.0,0.0,0.0,0.0,0.0,0,0
0.0,0.0,0.0,0.0,0.0,0.0,0.0,0.0,0,0
0.0,0.0,0.0,0.0,0.0,0.0,0.0,0.0,0,0
0.0,0.0,0.0,0.0,0.0,0.0,0.0,0.0,0,0
0.0,0.0,0.0,0.0,0.0,0.0,0.0,0.0,0,0
0.0,0.0,0.0,0.0,0.0,0.0,0.0,0.0,0,0
0.0,0.0,0.0,0.0,0.0,0.0,0.0,0.0,0,0
0.0,0.0,0.0,0.0,0.0,0.0,0.0,0.0,0,0
0.0,0.0,0.0,0.0,0.0,0.0,0.0,0.0,0,0
0.0,0.0,0.0,0.0,0.0,0.0,0.0,0.0,0,0
0.0,0.0,0.0,0.0,0.0,0.0,0.0,0.0,0,0
0.0,0.0,0.0,0.0,0.0,0.0,0.0,0.0,0,0
0.0,0.0,0.0,0.0,0.0,0.0,0.0,0.0,0,0
0.0,0.0,0.0,0.0,0.0,0.0,0.0,0.0,0,0
0.0,0.0,0.0,0.0,0.0,0.0,0.0,0.0,0,0
0.0,0.0,0.0,0.0,0.0,0.0,0.0,0.0,0,0
0.0,0.0,0.0,0.0,0.0,0.0,0.0,0.0,0,0
0.0,0.0,0.0,0.0,0.0,0.0,0.0,0.0,0,0
0.0,0.0,0.0,0.0,0.0,0.0,0.0,0.0,0,0
0.0,0.0,0.0,0.0,0.0,0.0,0.0,0.0,0,0
0.0,0.0,0.0,0.0,0.0,0.0,0.0,0.0,0,0
0.0,0.0,0.0,0.0,0.0,0.0,0.0,0.0,0,0
0.0,0.0,0.0,0.0,0.0,0.0,0.0,0.0,0,0
0.0,0.0,0.0,0.0,0.0,0.0,0.0,0.0,0,0
0.0,0.0,0.0,0.0,0.0,0.0,0.0,0.0,0,0
0.0,0.0,0.0,0.0,0.0,0.0,0.0,0.0,0,0
0.0,0.0,0.0,0.0,0.0,0.0,0.0,0.0,0,0
0.0,0.0,0.0,0.0,0.0,0.0,0.0,0.0,0,0
0.0,0.0,0.0,0.0,0.0,0.0,0.0,0.0,0,0
0.0,0.0,0.0,0.0,0.0,0.0,0.0,0.0,0,0
0.0,0.0,0.0,0.0,0.0,0.0,0.0,0.0,0,0
0.0,0.0,0.0,0.0,0.0,0.0,0.0,0.0,0,0
0.0,0.0,0.0,0.0,0.0,0.0,0.0,0.0,0,0
0.0,0.0,0.0,0.0,0.0,0.0,0.0,0.0,0,0
0.0,0.0,0.0,0.0,0.0,0.0,0.0,0.0,0,0
0.0,0.0,0.0,0.0,0.0,0.0,0.0,0.0,0,0
0.0,0.0,0.0,0.0,0.0,0.0,0.0,0.0,0,0
0.0,0.0,0.0,0.0,0.0,0.0,0.0,0.0,0,0
0.0,0.0,0.0,0.0,0.0,0.0,0.0,0.0,0,0
0.0,0.0,0.0,0.0,0.0,0.0,0.0,0.0,0,0
0.0,0.0,0.0,0.0,0.0,0.0,0.0,0.0,0,0
0.0,0.0,0.0,0.0,0.0,0.0,0.0,0.0,0,0
0.0,0.0,0.0,0.0,0.0,0.0,0.0,0.0,0,0
0.0,0.0,0.0,0.0,0.0,0.0,0.0,0.0,0,0
0.0,0.0,0.0,0.0,0.0,0.0,0.0,0.0,0,0
0.0,0.0,0.0,0.0,0.0,0.0,0.0,0.0,0,0
0.0,0.0,0.0,0.0,0.0,0.0,0.0,0.0,0,0
0.0,0.0,0.0,0.0,0.0,0.0,0.0,0.0,0,0
0.0,0.0,0.0,0.0,0.0,0.0,0.0,0.0,0,0
0.0,0.0,0.0,0.0,0.0,0.0,0.0,0.0,0,0
0.0,0.0,0.0,0.0,0.0,0.0,0.0,0.0,0,0
0.0,0.0,0.0,0.0,0.0,0.0,0.0,0.0,0,0
0.0,0.0,0.0,0.0,0.0,0.0,0.0,0.0,0,0
0.0,0.0,0.0,0.0,0.0,0.0,0.0,0.0,0,0
0.0,0.0,0.0,0.0,0.0,0.0,0.0,0.0,0,0
0.0,0.0,0.0,0.0,0.0,0.0,0.0,0.0,0,0
0.0,0.0,0.0,0.0,0.0,0.0,0.0,0.0,0,0
0.0,0.0,0.0,0.0,0.0,0.0,0.0,0.0,0,0
0.0,0.0,0.0,0.0,0.0,0.0,0.0,0.0,0,0
0.0,0.0,0.0,0.0,0.0,0.0,0.0,0.0,0,0
0.0,0.0,0.0,0.0,0.0,0.0,0.0,0.0,0,0
0.0,0.0,0.0,0.0,0.0,0.0,0.0,0.0,0,0
0.0,0.0,0.0,0.0,0.0,0.0,0.0,0.0,0,0
0.0,0.0,0.0,0.0,0.0,0.0,0.0,0.0,0,0
0.0,0.0,0.0,0.0,0.0,0.0,0.0,0.0,0,0
0.0,0.0,0.0,0.0,0.0,0.0,0.0,0.0,0,0
0.0,0.0,0.0,0.0,0.0,0.0,0.0,0.0,0,0
0.0,0.0,0.0,0.0,0.0,0.0,0.0,0.0,0,0
0.0,0.0,0.0,0.0,0.0,0.0,0.0,0.0,0,0
0.0,0.0,0.0,0.0,0.0,0.0,0.0,0.0,0,0
0.0,0.0,0.0,0.0,0.0,0.0,0.0,0.0,0,0
0.0,0.0,0.0,0.0,0.0,0.0,0.0,0.0,0,0
0.0,0.0,0.0,0.0,0.0,0.0,0.0,0.0,0,0
0.0,0.0,0.0,0.0,0.0,0.0,0.0,0.0,0,0
0.0,0.0,0.0,0.0,0.0,0.0,0.0,0.0,0,0
0.0,0.0,0.0,0.0,0.0,0.0,0.0,0.0,0,0
0.0,0.0,0.0,0.0,0.0,0.0,0.0,0.0,0,0
0.0,0.0,0.0,0.0,0.0,0.0,0.0,0.0,0,0
0.0,0.0,0.0,0.0,0.0,0.0,0.0,0.0,0,0
0.0,0.0,0.0,0.0,0.0,0.0,0.0,0.0,0,0
0.0,0.0,0.0,0.0,0.0,0.0,0.0,0.0,0,0
0.0,0.0,0.0,0.0,0.0,0.0,0.0,0.0,0,0
0.0,0.0,0.0,0.0,0.0,0.0,0.0,0.0,0,0
0.0,0.0,0.0,0.0,0.0,0.0,0.0,0.0,0,0
0.0,0.0,0.0,0.0,0.0,0.0,0.0,0.0,0,0
0.0,0.0,0.0,0.0,0.0,0.0,0.0,0.0,0,0
0.0,0.0,0.0,0.0,0.0,0.0,0.0,0.0,0,0
0.0,0.0,0.0,0.0,0.0,0.0,0.0,0.0,0,0
0.0,0.0,0.0,0.0,0.0,0.0,0.0,0.0,0,0
0.0,0.0,0.0,0.0,0.0,0.0,0.0,0.0,0,0
0.0,0.0,0.0,0.0,0.0,0.0,0.0,0.0,0,0
0.0,0.0,0.0,0.0,0.0,0.0,0.0,0.0,0,0
0.0,0.0,0.0,0.0,0.0,0.0,0.0,0.0,0,0
0.0,0.0,0.0,0.0,0.0,0.0,0.0,0.0,0,0
0.0,0.0,0.0,0.0,0.0,0.0,0.0,0.0,0,0
0.0,0.0,0.0,0.0,0.0,0.0,0.0,0.0,0,0
0.0,0.0,0.0,0.0,0.0,0.0,0.0,0.0,0,0
0.0,0.0,0.0,0.0,0.0,0.0,0.0,0.0,0,0
0.0,0.0,0.0,0.0,0.0,0.0,0.0,0.0,0,0
0.0,0.0,0.0,0.0,0.0,0.0,0.0,0.0,0,0
0.0,0.0,0.0,0.0,0.0,0.0,0.0,0.0,0,0
0.0,0.0,0.0,0.0,0.0,0.0,0.0,0.0,0,0
0.0,0.0,0.0,0.0,0.0,0.0,0.0,0.0,0,0
0.0,0.0,0.0,0.0,0.0,0.0,0.0,0.0,0,0
0.0,0.0,0.0,0.0,0.0,0.0,0.0,0.0,0,0
0.0,0.0,0.0,0.0,0.0,0.0,0.0,0.0,0,0
0.0,0.0,0.0,0.0,0.0,0.0,0.0,0.0,0,0
0.0,0.0,0.0,0.0,0.0,0.0,0.0,0.0,0,0
0.0,0.0,0.0,0.0,0.0,0.0,0.0,0.0,0,0
0.0,0.0,0.0,0.0,0.0,0.0,0.0,0.0,0,0
0.0,0.0,0.0,0.0,0.0,0.0,0.0,0.0,0,0
0.0,0.0,0.0,0.0,0.0,0.0,0.0,0.0,0,0
0.0,0.0,0.0,0.0,0.0,0.0,0.0,0.0,0,0
0.0,0.0,0.0,0.0,0.0,0.0,0.0,0.0,0,0
0.0,0.0,0.0,0.0,0.0,0.0,0.0,0.0,0,0
0.0,0.0,0.0,0.0,0.0,0.0,0.0,0.0,0,0
0.0,0.0,0.0,0.0,0.0,0.0,0.0,0.0,0,0
0.0,0.0,0.0,0.0,0.0,0.0,0.0,0.0,0,0
0.0,0.0,0.0,0.0,0.0,0.0,0.0,0.0,0,0
0.0,0.0,0.0,0.0,0.0,0.0,0.0,0.0,0,0
0.0,0.0,0.0,0.0,0.0,0.0,0.0,0.0,0,0
0.0,0.0,0.0,0.0,0.0,0.0,0.0,0.0,0,0
0.0,0.0,0.0,0.0,0.0,0.0,0.0,0.0,0,0
0.0,0.0,0.0,0.0,0.0,0.0,0.0,0.0,0,0
0.0,0.0,0.0,0.0,0.0,0.0,0.0,0.0,0,0
0.0,0.0,0.0,0.0,0.0,0.0,0.0,0.0,0,0
0.0,0.0,0.0,0.0,0.0,0.0,0.0,0.0,0,0
0.0,0.0,0.0,0.0,0.0,0.0,0.0,0.0,0,0
0.0,0.0,0.0,0.0,0.0,0.0,0.0,0.0,0,0
0.0,0.0,0.0,0.0,0.0,0.0,0.0,0.0,0,0
0.0,0.0,0.0,0.0,0.0,0.0,0.0,0.0,0,0
0.0,0.0,0.0,0.0,0.0,0.0,0.0,0.0,0,0
0.0,0.0,0.0,0.0,0.0,0.0,0.0,0.0,0,0
0.0,0.0,0.0,0.0,0.0,0.0,0.0,0.0,0,0
0.0,0.0,0.0,0.0,0.0,0.0,0.0,0.0,0,0
0.0,0.0,0.0,0.0,0.0,0.0,0.0,0.0,0,0
0.0,0.0,0.0,0.0,0.0,0.0,0.0,0.0,0,0
0.0,0.0,0.0,0.0,0.0,0.0,0.0,0.0,0,0
0.0,0.0,0.0,0.0,0.0,0.0,0.0,0.0,0,0
0.0,0.0,0.0,0.0,0.0,0.0,0.0,0.0,0,0
0.0,0.0,0.0,0.0,0.0,0.0,0.0,0.0,0,0
0.0,0.0,0.0,0.0,0.0,0.0,0.0,0.0,0,0
0.0,0.0,0.0,0.0,0.0,0.0,0.0,0.0,0,0
0.0,0.0,0.0,0.0,0.0,0.0,0.0,0.0,0,0
0.0,0.0,0.0,0.0,0.0,0.0,0.0,0.0,0,0
0.0,0.0,0.0,0.0,0.0,0.0,0.0,0.0,0,0
0.0,0.0,0.0,0.0,0.0,0.0,0.0,0.0,0,0
0.0,0.0,0.0,0.0,0.0,0.0,0.0,0.0,0,0
0.0,0.0,0.0,0.0,0.0,0.0,0.0,0.0,0,0
0.0,0.0,0.0,0.0,0.0,0.0,0.0,0.0,0,0
0.0,0.0,0.0,0.0,0.0,0.0,0.0,0.0,0,0
0.0,0.0,0.0,0.0,0.0,0.0,0.0,0.0,0,0
0.0,0.0,0.0,0.0,0.0,0.0,0.0,0.0,0,0
0.0,0.0,0.0,0.0,0.0,0.0,0.0,0.0,0,0
0.0,0.0,0.0,0.0,0.0,0.0,0.0,0.0,0,0
0.0,0.0,0.0,0.0,0.0,0.0,0.0,0.0,0,0
0.0,0.0,0.0,0.0,0.0,0.0,0.0,0.0,0,0
0.0,0.0,0.0,0.0,0.0,0.0,0.0,0.0,0,0
0.0,0.0,0.0,0.0,0.0,0.0,0.0,0.0,0,0
0.0,0.0,0.0,0.0,0.0,0.0,0.0,0.0,0,0
0.0,0.0,0.0,0.0,0.0,0.0,0.0,0.0,0,0
0.0,0.0,0.0,0.0,0.0,0.0,0.0,0.0,0,0
0.0,0.0,0.0,0.0,0.0,0.0,0.0,0.0,0,0
0.0,0.0,0.0,0.0,0.0,0.0,0.0,0.0,0,0
0.0,0.0,0.0,0.0,0.0,0.0,0.0,0.0,0,0
0.0,0.0,0.0,0.0,0.0,0.0,0.0,0.0,0,0
0.0,0.0,0.0,0.0,0.0,0.0,0.0,0.0,0,0
0.0,0.0,0.0,0.0,0.0,0.0,0.0,0.0,0,0
0.0,0.0,0.0,0.0,0.0,0.0,0.0,0.0,0,0
0.0,0.0,0.0,0.0,0.0,0.0,0.0,0.0,0,0
0.0,0.0,0.0,0.0,0.0,0.0,0.0,0.0,0,0
0.0,0.0,0.0,0.0,0.0,0.0,0.0,0.0,0,0
0.0,0.0,0.0,0.0,0.0,0.0,0.0,0.0,0,0
0.0,0.0,0.0,0.0,0.0,0.0,0.0,0.0,0,0
0.0,0.0,0.0,0.0,0.0,0.0,0.0,0.0,0,0
0.0,0.0,0.0,0.0,0.0,0.0,0.0,0.0,0,0
0.0,0.0,0.0,0.0,0.0,0.0,0.0,0.0,0,0
0.0,0.0,0.0,0.0,0.0,0.0,0.0,0.0,0,0
0.0,0.0,0.0,0.0,0.0,0.0,0.0,0.0,0,0
0.0,0.0,0.0,0.0,0.0,0.0,0.0,0.0,0,0
0.0,0.0,0.0,0.0,0.0,0.0,0.0,0.0,0,0
0.0,0.0,0.0,0.0,0.0,0.0,0.0,0.0,0,0
0.0,0.0,0.0,0.0,0.0,0.0,0.0,0.0,0,0
0.0,0.0,0.0,0.0,0.0,0.0,0.0,0.0,0,0
0.0,0.0,0.0,0.0,0.0,0.0,0.0,0.0,0,0
0.0,0.0,0.0,0.0,0.0,0.0,0.0,0.0,0,0
0.0,0.0,0.0,0.0,0.0,0.0,0.0,0.0,0,0
0.0,0.0,0.0,0.0,0.0,0.0,0.0,0.0,0,0
0.0,0.0,0.0,0.0,0.0,0.0,0.0,0.0,0,0
0.0,0.0,0.0,0.0,0.0,0.0,0.0,0.0,0,0
0.0,0.0,0.0,0.0,0.0,0.0,0.0,0.0,0,0
0.0,0.0,0.0,0.0,0.0,0.0,0.0,0.0,0,0
0.0,0.0,0.0,0.0,0.0,0.0,0.0,0.0,0,0
0.0,0.0,0.0,0.0,0.0,0.0,0.0,0.0,0,0
0.0,0.0,0.0,0.0,0.0,0.0,0.0,0.0,0,0
0.0,0.0,0.0,0.0,0.0,0.0,0.0,0.0,0,0
0.0,0.0,0.0,0.0,0.0,0.0,0.0,0.0,0,0
0.0,0.0,0.0,0.0,0.0,0.0,0.0,0.0,0,0
0.0,0.0,0.0,0.0,0.0,0.0,0.0,0.0,0,0
0.0,0.0,0.0,0.0,0.0,0.0,0.0,0.0,0,0
0.0,0.0,0.0,0.0,0.0,0.0,0.0,0.0,0,0
0.0,0.0,0.0,0.0,0.0,0.0,0.0,0.0,0,0
0.0,0.0,0.0,0.0,0.0,0.0,0.0,0.0,0,0
0.0,0.0,0.0,0.0,0.0,0.0,0.0,0.0,0,0
0.0,0.0,0.0,0.0,0.0,0.0,0.0,0.0,0,0
0.0,0.0,0.0,0.0,0.0,0.0,0.0,0.0,0,0
0.0,0.0,0.0,0.0,0.0,0.0,0.0,0.0,0,0
0.0,0.0,0.0,0.0,0.0,0.0,0.0,0.0,0,0
0.0,0.0,0.0,0.0,0.0,0.0,0.0,0.0,0,0
0.0,0.0,0.0,0.0,0.0,0.0,0.0,0.0,0,0
0.0,0.0,0.0,0.0,0.0,0.0,0.0,0.0,0,0
0.0,0.0,0.0,0.0,0.0,0.0,0.0,0.0,0,0
0.0,0.0,0.0,0.0,0.0,0.0,0.0,0.0,0,0
0.0,0.0,0.0,0.0,0.0,0.0,0.0,0.0,0,0
0.0,0.0,0.0,0.0,0.0,0.0,0.0,0.0,0,0
0.0,0.0,0.0,0.0,0.0,0.0,0.0,0.0,0,0
0.0,0.0,0.0,0.0,0.0,0.0,0.0,0.0,0,0
0.0,0.0,0.0,0.0,0.0,0.0,0.0,0.0,0,0
0.0,0.0,0.0,0.0,0.0,0.0,0.0,0.0,0,0
0.0,0.0,0.0,0.0,0.0,0.0,0.0,0.0,0,0
0.0,0.0,0.0,0.0,0.0,0.0,0.0,0.0,0,0
0.0,0.0,0.0,0.0,0.0,0.0,0.0,0.0,0,0
0.0,0.0,0.0,0.0,0.0,0.0,0.0,0.0,0,0
0.0,0.0,0.0,0.0,0.0,0.0,0.0,0.0,0,0
0.0,0.0,0.0,0.0,0.0,0.0,0.0,0.0,0,0
0.0,0.0,0.0,0.0,0.0,0.0,0.0,0.0,0,0
0.0,0.0,0.0,0.0,0.0,0.0,0.0,0.0,0,0
0.0,0.0,0.0,0.0,0.0,0.0,0.0,0.0,0,0
0.0,0.0,0.0,0.0,0.0,0.0,0.0,0.0,0,0
0.0,0.0,0.0,0.0,0.0,0.0,0.0,0.0,0,0
0.0,0.0,0.0,0.0,0.0,0.0,0.0,0.0,0,0
0.0,0.0,0.0,0.0,0.0,0.0,0.0,0.0,0,0
0.0,0.0,0.0,0.0,0.0,0.0,0.0,0.0,0,0
0.0,0.0,0.0,0.0,0.0,0.0,0.0,0.0,0,0
0.0,0.0,0.0,0.0,0.0,0.0,0.0,0.0,0,0
0.0,0.0,0.0,0.0,0.0,0.0,0.0,0.0,0,0
0.0,0.0,0.0,0.0,0.0,0.0,0.0,0.0,0,0
0.0,0.0,0.0,0.0,0.0,0.0,0.0,0.0,0,0
0.0,0.0,0.0,0.0,0.0,0.0,0.0,0.0,0,0
0.0,0.0,0.0,0.0,0.0,0.0,0.0,0.0,0,0
0.0,0.0,0.0,0.0,0.0,0.0,0.0,0.0,0,0
0.0,0.0,0.0,0.0,0.0,0.0,0.0,0.0,0,0
0.0,0.0,0.0,0.0,0.0,0.0,0.0,0.0,0,0
0.0,0.0,0.0,0.0,0.0,0.0,0.0,0.0,0,0
0.0,0.0,0.0,0.0,0.0,0.0,0.0,0.0,0,0
0.0,0.0,0.0,0.0,0.0,0.0,0.0,0.0,0,0
0.0,0.0,0.0,0.0,0.0,0.0,0.0,0.0,0,0
0.0,0.0,0.0,0.0,0.0,0.0,0.0,0.0,0,0
0.0,0.0,0.0,0.0,0.0,0.0,0.0,0.0,0,0
0.0,0.0,0.0,0.0,0.0,0.0,0.0,0.0,0,0
0.0,0.0,0.0,0.0,0.0,0.0,0.0,0.0,0,0
0.0,0.0,0.0,0.0,0.0,0.0,0.0,0.0,0,0
0.0,0.0,0.0,0.0,0.0,0.0,0.0,0.0,0,0
0.0,0.0,0.0,0.0,0.0,0.0,0.0,0.0,0,0
0.0,0.0,0.0,0.0,0.0,0.0,0.0,0.0,0,0
0.0,0.0,0.0,0.0,0.0,0.0,0.0,0.0,0,0
0.0,0.0,0.0,0.0,0.0,0.0,0.0,0.0,0,0
0.0,0.0,0.0,0.0,0.0,0.0,0.0,0.0,0,0
0.0,0.0,0.0,0.0,0.0,0.0,0.0,0.0,0,0
0.0,0.0,0.0,0.0,0.0,0.0,0.0,0.0,0,0
0.0,0.0,0.0,0.0,0.0,0.0,0.0,0.0,0,0
0.0,0.0,0.0,0.0,0.0,0.0,0.0,0.0,0,0
0.0,0.0,0.0,0.0,0.0,0.0,0.0,0.0,0,0
0.0,0.0,0.0,0.0,0.0,0.0,0.0,0.0,0,0
0.0,0.0,0.0,0.0,0.0,0.0,0.0,0.0,0,0
0.0,0.0,0.0,0.0,0.0,0.0,0.0,0.0,0,0
0.0,0.0,0.0,0.0,0.0,0.0,0.0,0.0,0,0
0.0,0.0,0.0,0.0,0.0,0.0,0.0,0.0,0,0
0.0,0.0,0.0,0.0,0.0,0.0,0.0,0.0,0,0
0.0,0.0,0.0,0.0,0.0,0.0,0.0,0.0,0,0
0.0,0.0,0.0,0.0,0.0,0.0,0.0,0.0,0,0
0.0,0.0,0.0,0.0,0.0,0.0,0.0,0.0,0,0
0.0,0.0,0.0,0.0,0.0,0.0,0.0,0.0,0,0
0.0,0.0,0.0,0.0,0.0,0.0,0.0,0.0,0,0
0.0,0.0,0.0,0.0,0.0,0.0,0.0,0.0,0,0
0.0,0.0,0.0,0.0,0.0,0.0,0.0,0.0,0,0
0.0,0.0,0.0,0.0,0.0,0.0,0.0,0.0,0,0
0.0,0.0,0.0,0.0,0.0,0.0,0.0,0.0,0,0
0.0,0.0,0.0,0.0,0.0,0.0,0.0,0.0,0,0
0.0,0.0,0.0,0.0,0.0,0.0,0.0,0.0,0,0
0.0,0.0,0.0,0.0,0.0,0.0,0.0,0.0,0,0
0.0,0.0,0.0,0.0,0.0,0.0,0.0,0.0,0,0
0.0,0.0,0.0,0.0,0.0,0.0,0.0,0.0,0,0
0.0,0.0,0.0,0.0,0.0,0.0,0.0,0.0,0,0
0.0,0.0,0.0,0.0,0.0,0.0,0.0,0.0,0,0
0.0,0.0,0.0,0.0,0.0,0.0,0.0,0.0,0,0
0.0,0.0,0.0,0.0,0.0,0.0,0.0,0.0,0,0
0.0,0.0,0.0,0.0,0.0,0.0,0.0,0.0,0,0
0.0,0.0,0.0,0.0,0.0,0.0,0.0,0.0,0,0
0.0,0.0,0.0,0.0,0.0,0.0,0.0,0.0,0,0
0.0,0.0,0.0,0.0,0.0,0.0,0.0,0.0,0,0
0.0,0.0,0.0,0.0,0.0,0.0,0.0,0.0,0,0
0.0,0.0,0.0,0.0,0.0,0.0,0.0,0.0,0,0
0.0,0.0,0.0,0.0,0.0,0.0,0.0,0.0,0,0
0.0,0.0,0.0,0.0,0.0,0.0,0.0,0.0,0,0
0.0,0.0,0.0,0.0,0.0,0.0,0.0,0.0,0,0
0.0,0.0,0.0,0.0,0.0,0.0,0.0,0.0,0,0
0.0,0.0,0.0,0.0,0.0,0.0,0.0,0.0,0,0
0.0,0.0,0.0,0.0,0.0,0.0,0.0,0.0,0,0
0.0,0.0,0.0,0.0,0.0,0.0,0.0,0.0,0,0
0.0,0.0,0.0,0.0,0.0,0.0,0.0,0.0,0,0
0.0,0.0,0.0,0.0,0.0,0.0,0.0,0.0,0,0
0.0,0.0,0.0,0.0,0.0,0.0,0.0,0.0,0,0
0.0,0.0,0.0,0.0,0.0,0.0,0.0,0.0,0,0
0.0,0.0,0.0,0.0,0.0,0.0,0.0,0.0,0,0
0.0,0.0,0.0,0.0,0.0,0.0,0.0,0.0,0,0
0.0,0.0,0.0,0.0,0.0,0.0,0.0,0.0,0,0
0.0,0.0,0.0,0.0,0.0,0.0,0.0,0.0,0,0
0.0,0.0,0.0,0.0,0.0,0.0,0.0,0.0,0,0
0.0,0.0,0.0,0.0,0.0,0.0,0.0,0.0,0,0
0.0,0.0,0.0,0.0,0.0,0.0,0.0,0.0,0,0
0.0,0.0,0.0,0.0,0.0,0.0,0.0,0.0,0,0
0.0,0.0,0.0,0.0,0.0,0.0,0.0,0.0,0,0
0.0,0.0,0.0,0.0,0.0,0.0,0.0,0.0,0,0
0.0,0.0,0.0,0.0,0.0,0.0,0.0,0.0,0,0
0.0,0.0,0.0,0.0,0.0,0.0,0.0,0.0,0,0
0.0,0.0,0.0,0.0,0.0,0.0,0.0,0.0,0,0
0.0,0.0,0.0,0.0,0.0,0.0,0.0,0.0,0,0
0.0,0.0,0.0,0.0,0.0,0.0,0.0,0.0,0,0
0.0,0.0,0.0,0.0,0.0,0.0,0.0,0.0,0,0
0.0,0.0,0.0,0.0,0.0,0.0,0.0,0.0,0,0
0.0,0.0,0.0,0.0,0.0,0.0,0.0,0.0,0,0
0.0,0.0,0.0,0.0,0.0,0.0,0.0,0.0,0,0
0.0,0.0,0.0,0.0,0.0,0.0,0.0,0.0,0,0
0.0,0.0,0.0,0.0,0.0,0.0,0.0,0.0,0,0
0.0,0.0,0.0,0.0,0.0,0.0,0.0,0.0,0,0
0.0,0.0,0.0,0.0,0.0,0.0,0.0,0.0,0,0
0.0,0.0,0.0,0.0,0.0,0.0,0.0,0.0,0,0
0.0,0.0,0.0,0.0,0.0,0.0,0.0,0.0,0,0
0.0,0.0,0.0,0.0,0.0,0.0,0.0,0.0,0,0
0.0,0.0,0.0,0.0,0.0,0.0,0.0,0.0,0,0
0.0,0.0,0.0,0.0,0.0,0.0,0.0,0.0,0,0
0.0,0.0,0.0,0.0,0.0,0.0,0.0,0.0,0,0
0.0,0.0,0.0,0.0,0.0,0.0,0.0,0.0,0,0
0.0,0.0,0.0,0.0,0.0,0.0,0.0,0.0,0,0
0.0,0.0,0.0,0.0,0.0,0.0,0.0,0.0,0,0
0.0,0.0,0.0,0.0,0.0,0.0,0.0,0.0,0,0
0.0,0.0,0.0,0.0,0.0,0.0,0.0,0.0,0,0
0.0,0.0,0.0,0.0,0.0,0.0,0.0,0.0,0,0
0.0,0.0,0.0,0.0,0.0,0.0,0.0,0.0,0,0
0.0,0.0,0.0,0.0,0.0,0.0,0.0,0.0,0,0
0.0,0.0,0.0,0.0,0.0,0.0,0.0,0.0,0,0
0.0,0.0,0.0,0.0,0.0,0.0,0.0,0.0,0,0
0.0,0.0,0.0,0.0,0.0,0.0,0.0,0.0,0,0
0.0,0.0,0.0,0.0,0.0,0.0,0.0,0.0,0,0
0.0,0.0,0.0,0.0,0.0,0.0,0.0,0.0,0,0
0.0,0.0,0.0,0.0,0.0,0.0,0.0,0.0,0,0
0.0,0.0,0.0,0.0,0.0,0.0,0.0,0.0,0,0
0.0,0.0,0.0,0.0,0.0,0.0,0.0,0.0,0,0
0.0,0.0,0.0,0.0,0.0,0.0,0.0,0.0,0,0
0.0,0.0,0.0,0.0,0.0,0.0,0.0,0.0,0,0
0.0,0.0,0.0,0.0,0.0,0.0,0.0,0.0,0,0
0.0,0.0,0.0,0.0,0.0,0.0,0.0,0.0,0,0
0.0,0.0,0.0,0.0,0.0,0.0,0.0,0.0,0,0
0.0,0.0,0.0,0.0,0.0,0.0,0.0,0.0,0,0
0.0,0.0,0.0,0.0,0.0,0.0,0.0,0.0,0,0
0.0,0.0,0.0,0.0,0.0,0.0,0.0,0.0,0,0
0.0,0.0,0.0,0.0,0.0,0.0,0.0,0.0,0,0
0.0,0.0,0.0,0.0,0.0,0.0,0.0,0.0,0,0
0.0,0.0,0.0,0.0,0.0,0.0,0.0,0.0,0,0
0.0,0.0,0.0,0.0,0.0,0.0,0.0,0.0,0,0
0.0,0.0,0.0,0.0,0.0,0.0,0.0,0.0,0,0
0.0,0.0,0.0,0.0,0.0,0.0,0.0,0.0,0,0
0.0,0.0,0.0,0.0,0.0,0.0,0.0,0.0,0,0
0.0,0.0,0.0,0.0,0.0,0.0,0.0,0.0,0,0
0.0,0.0,0.0,0.0,0.0,0.0,0.0,0.0,0,0
0.0,0.0,0.0,0.0,0.0,0.0,0.0,0.0,0,0
0.0,0.0,0.0,0.0,0.0,0.0,0.0,0.0,0,0
0.0,0.0,0.0,0.0,0.0,0.0,0.0,0.0,0,0
0.0,0.0,0.0,0.0,0.0,0.0,0.0,0.0,0,0
0.0,0.0,0.0,0.0,0.0,0.0,0.0,0.0,0,0
0.0,0.0,0.0,0.0,0.0,0.0,0.0,0.0,0,0
0.0,0.0,0.0,0.0,0.0,0.0,0.0,0.0,0,0
0.0,0.0,0.0,0.0,0.0,0.0,0.0,0.0,0,0
0.0,0.0,0.0,0.0,0.0,0.0,0.0,0.0,0,0
0.0,0.0,0.0,0.0,0.0,0.0,0.0,0.0,0,0
0.0,0.0,0.0,0.0,0.0,0.0,0.0,0.0,0,0
0.0,0.0,0.0,0.0,0.0,0.0,0.0,0.0,0,0
0.0,0.0,0.0,0.0,0.0,0.0,0.0,0.0,0,0
0.0,0.0,0.0,0.0,0.0,0.0,0.0,0.0,0,0
0.0,0.0,0.0,0.0,0.0,0.0,0.0,0.0,0,0
0.0,0.0,0.0,0.0,0.0,0.0,0.0,0.0,0,0
0.0,0.0,0.0,0.0,0.0,0.0,0.0,0.0,0,0
0.0,0.0,0.0,0.0,0.0,0.0,0.0,0.0,0,0
0.0,0.0,0.0,0.0,0.0,0.0,0.0,0.0,0,0
0.0,0.0,0.0,0.0,0.0,0.0,0.0,0.0,0,0
0.0,0.0,0.0,0.0,0.0,0.0,0.0,0.0,0,0
0.0,0.0,0.0,0.0,0.0,0.0,0.0,0.0,0,0
0.0,0.0,0.0,0.0,0.0,0.0,0.0,0.0,0,0
0.0,0.0,0.0,0.0,0.0,0.0,0.0,0.0,0,0
0.0,0.0,0.0,0.0,0.0,0.0,0.0,0.0,0,0
0.0,0.0,0.0,0.0,0.0,0.0,0.0,0.0,0,0
0.0,0.0,0.0,0.0,0.0,0.0,0.0,0.0,0,0
0.0,0.0,0.0,0.0,0.0,0.0,0.0,0.0,0,0
0.0,0.0,0.0,0.0,0.0,0.0,0.0,0.0,0,0
0.0,0.0,0.0,0.0,0.0,0.0,0.0,0.0,0,0
