gross_pnl,trade_cost,borrow_cost,net_pnl,gross_long,gross_short,gross_notional,turnover_$,n_long,n_short
0.0,0.0,0.0,0.0,0.0,0.0,0.0,0.0,0,0
0.0,0.0,0.0,0.0,0.0,0.0,0.0,0.0,0,0
0.0,0.0,0.0,0.0,0.0,0.0,0.0,0.0,0,0
0.0,0.0,0.0,0.0,0.0,0.0,0.0,0.0,0,0
0.0,0.0,0.0,0.0,0.0,0.0,0.0,0.0,0,0
0.0,0.0,0.0,0.0,0.0,0.0,0.0,0.0,0,0
0.0,0.0,0.0,0.0,0.0,0.0,0.0,0.0,0,0
0.0,0.0,0.0,0.0,0.0,0.0,0.0,0.0,0,0
0.0,0.0,0.0,0.0,0.0,0.0,0.0,0.0,0,0
0.0,0.0,0.0,0.0,0.0,0.0,0.0,0.0,0,0
0.0,0.0,0.0,0.0,0.0,0.0,0.0,0.0,0,0
0.0,0.0,0.0,0.0,0.0,0.0,0.0,0.0,0,0
0.0,0.0,0.0,0.0,0.0,0.0,0.0,0.0,0,0
0.0,0.0,0.0,0.0,0.0,0.0,0.0,0.0,0,0
0.0,0.0,0.0,0.0,0.0,0.0,0.0,0.0,0,0
0.0,0.0,0.0,0.0,0.0,0.0,0.0,0.0,0,0
0.0,0.0,0.0,0.0,0.0,0.0,0.0,0.0,0,0
0.0,0.0,0.0,0.0,0.0,0.0,0.0,0.0,0,0
0.0,0.0,0.0,0.0,0.0,0.0,0.0,0.0,0,0
0.0,0.0,0.0,0.0,0.0,0.0,0.0,0.0,0,0
0.0,0.0,0.0,0.0,0.0,0.0,0.0,0.0,0,0
0.0,0.0,0.0,0.0,0.0,0.0,0.0,0.0,0,0
0.0,0.0,0.0,0.0,0.0,0.0,0.0,0.0,0,0
0.0,0.0,0.0,0.0,0.0,0.0,0.0,0.0,0,0
0.0,0.0,0.0,0.0,0.0,0.0,0.0,0.0,0,0
0.0,0.0,0.0,0.0,0.0,0.0,0.0,0.0,0,0
0.0,0.0,0.0,0.0,0.0,0.0,0.0,0.0,0,0
0.0,0.0,0.0,0.0,0.0,0.0,0.0,0.0,0,0
0.0,0.0,0.0,0.0,0.0,0.0,0.0,0.0,0,0
0.0,0.0,0.0,0.0,0.0,0.0,0.0,0.0,0,0
0.0,0.0,0.0,0.0,0.0,0.0,0.0,0.0,0,0
0.0,0.0,0.0,0.0,0.0,0.0,0.0,0.0,0,0
0.0,0.0,0.0,0.0,0.0,0.0,0.0,0.0,0,0
0.0,0.0,0.0,0.0,0.0,0.0,0.0,0.0,0,0
0.0,0.0,0.0,0.0,0.0,0.0,0.0,0.0,0,0
0.0,0.0,0.0,0.0,0.0,0.0,0.0,0.0,0,0
0.0,0.0,0.0,0.0,0.0,0.0,0.0,0.0,0,0
0.0,0.0,0.0,0.0,0.0,0.0,0.0,0.0,0,0
0.0,0.0,0.0,0.0,0.0,0.0,0.0,0.0,0,0
0.0,0.0,0.0,0.0,0.0,0.0,0.0,0.0,0,0
0.0,0.0,0.0,0.0,0.0,0.0,0.0,0.0,0,0
0.0,0.0,0.0,0.0,0.0,0.0,0.0,0.0,0,0
0.0,0.0,0.0,0.0,0.0,0.0,0.0,0.0,0,0
0.0,0.0,0.0,0.0,0.0,0.0,0.0,0.0,0,0
0.0,0.0,0.0,0.0,0.0,0.0,0.0,0.0,0,0
0.0,0.0,0.0,0.0,0.0,0.0,0.0,0.0,0,0
0.0,0.0,0.0,0.0,0.0,0.0,0.0,0.0,0,0
0.0,0.0,0.0,0.0,0.0,0.0,0.0,0.0,0,0
0.0,0.0,0.0,0.0,0.0,0.0,0.0,0.0,0,0
0.0,0.0,0.0,0.0,0.0,0.0,0.0,0.0,0,0
0.0,0.0,0.0,0.0,0.0,0.0,0.0,0.0,0,0
0.0,0.0,0.0,0.0,0.0,0.0,0.0,0.0,0,0
0.0,0.0,0.0,0.0,0.0,0.0,0.0,0.0,0,0
0.0,0.0,0.0,0.0,0.0,0.0,0.0,0.0,0,0
0.0,0.0,0.0,0.0,0.0,0.0,0.0,0.0,0,0
0.0,0.0,0.0,0.0,0.0,0.0,0.0,0.0,0,0
0.0,0.0,0.0,0.0,0.0,0.0,0.0,0.0,0,0
0.0,0.0,0.0,0.0,0.0,0.0,0.0,0.0,0,0
0.0,0.0,0.0,0.0,0.0,0.0,0.0,0.0,0,0
0.0,0.0,0.0,0.0,0.0,0.0,0.0,0.0,0,0
0.0,0.0,0.0,0.0,0.0,0.0,0.0,0.0,0,0
0.0,0.0,0.0,0.0,0.0,0.0,0.0,0.0,0,0
0.0,0.0,0.0,0.0,0.0,0.0,0.0,0.0,0,0
0.0,0.0,0.0,0.0,0.0,0.0,0.0,0.0,0,0
97626.85615710163,122102.84150053277,5154.377530336801,-29630.36287376794,285788423.09144527,324725784.4112185,610514207.5026639,610514207.5026639,28,28
442656.22233024257,270319.51888549246,4695.917965793127,167640.78547895697,353764148.47183126,295842831.844967,649606980.3167982,979957610.6138916,27,27
0.0,129921.39606335967,0.0,-129921.39606335967,0.0,0.0,0.0,649606980.3167983,0,0
0.0,0.0,0.0,0.0,0.0,0.0,0.0,0.0,0,0
0.0,0.0,0.0,0.0,0.0,0.0,0.0,0.0,0,0
0.0,0.0,0.0,0.0,0.0,0.0,0.0,0.0,0,0
0.0,0.0,0.0,0.0,0.0,0.0,0.0,0.0,0,0
0.0,0.0,0.0,0.0,0.0,0.0,0.0,0.0,0,0
-778294.8168551124,100382.5762571014,5244.971747275301,-883922.3648594891,171479661.207163,330433220.078344,501912881.28550696,501912881.285507,26,26
430997.068654433,181658.68609769718,4124.445672109762,245213.93688462608,146540471.86006376,259840077.342915,406380549.20297873,559712704.4091773,26,26
0.0,81276.10984059576,0.0,-81276.10984059576,0.0,0.0,0.0,406380549.2029788,0,0
0.0,0.0,0.0,0.0,0.0,0.0,0.0,0.0,0,0
0.0,0.0,0.0,0.0,0.0,0.0,0.0,0.0,0,0
0.0,0.0,0.0,0.0,0.0,0.0,0.0,0.0,0,0
0.0,0.0,0.0,0.0,0.0,0.0,0.0,0.0,0,0
0.0,0.0,0.0,0.0,0.0,0.0,0.0,0.0,0,0
0.0,0.0,0.0,0.0,0.0,0.0,0.0,0.0,0,0
0.0,0.0,0.0,0.0,0.0,0.0,0.0,0.0,0,0
0.0,0.0,0.0,0.0,0.0,0.0,0.0,0.0,0,0
0.0,0.0,0.0,0.0,0.0,0.0,0.0,0.0,0,0
-124791.44428563426,96658.42704358729,4527.64066318631,-225977.51199240788,198050773.437199,285241361.7807375,483292135.2179365,483292135.2179365,26,26
0.0,96658.42704358729,0.0,-96658.42704358729,0.0,0.0,0.0,483292135.2179365,0,0
0.0,0.0,0.0,0.0,0.0,0.0,0.0,0.0,0,0
0.0,0.0,0.0,0.0,0.0,0.0,0.0,0.0,0,0
0.0,0.0,0.0,0.0,0.0,0.0,0.0,0.0,0,0
0.0,0.0,0.0,0.0,0.0,0.0,0.0,0.0,0,0
0.0,0.0,0.0,0.0,0.0,0.0,0.0,0.0,0,0
0.0,0.0,0.0,0.0,0.0,0.0,0.0,0.0,0,0
0.0,0.0,0.0,0.0,0.0,0.0,0.0,0.0,0,0
0.0,0.0,0.0,0.0,0.0,0.0,0.0,0.0,0,0
0.0,0.0,0.0,0.0,0.0,0.0,0.0,0.0,0,0
0.0,0.0,0.0,0.0,0.0,0.0,0.0,0.0,0,0
0.0,0.0,0.0,0.0,0.0,0.0,0.0,0.0,0,0
0.0,0.0,0.0,0.0,0.0,0.0,0.0,0.0,0,0
608186.7787739724,109633.18743276692,5992.749170171871,492560.84217103367,170622739.44300675,377543197.72082776,548165937.1638346,548165937.1638346,28,28
2256394.3836094323,232733.29555567986,5359.467729174488,2018301.620324578,277854073.6765718,337646466.93799275,615500540.6145645,641803138.6344085,28,28
1517171.7306509935,264264.03447172977,6219.475225102223,1246688.2209541616,294702265.8392775,391826939.18144,686529205.0207175,839863576.867975,28,28
672441.5785773782,267323.5255358665,5670.09854980958,399447.9544917021,284034966.92182875,357216208.6380035,641251175.5598323,863891069.1117837,28,28
0.0,128250.23511196645,0.0,-128250.23511196645,0.0,0.0,0.0,641251175.5598323,0,0
498086.6057063096,140422.2023485784,7936.507936507937,349727.89542122325,202111011.74289176,500000000.00000006,702111011.7428918,702111011.7428918,28,28
0.0,140422.2023485784,0.0,-140422.2023485784,0.0,0.0,0.0,702111011.7428918,0,0
468835.9366840043,164233.65837756966,7661.951789287737,296940.3265171469,338465329.1627205,482702962.7251275,821168291.887848,821168291.887848,28,28
395688.9698628896,314761.01389593387,7105.897442781087,73822.05852417466,304965238.696612,447671538.89520854,752636777.5918205,737636531.7882866,28,28
845303.3215777997,289254.0739650509,6432.138485267738,549617.109127481,288408867.661566,405224724.5718675,693633592.2334335,803558940.4574195,28,28
0.0,138726.71844668675,0.0,-138726.71844668675,0.0,0.0,0.0,693633592.2334336,0,0
0.0,0.0,0.0,0.0,0.0,0.0,0.0,0.0,0,0
853342.0120713956,169460.89677105402,7253.077387264314,676628.0379130773,390360608.45761853,456943875.3976518,847304483.8552704,847304483.8552703,28,28
0.0,169460.89677105402,0.0,-169460.89677105402,0.0,0.0,0.0,847304483.8552703,0,0
0.0,0.0,0.0,0.0,0.0,0.0,0.0,0.0,0,0
0.0,0.0,0.0,0.0,0.0,0.0,0.0,0.0,0,0
0.0,0.0,0.0,0.0,0.0,0.0,0.0,0.0,0,0
0.0,0.0,0.0,0.0,0.0,0.0,0.0,0.0,0,0
0.0,0.0,0.0,0.0,0.0,0.0,0.0,0.0,0,0
-109611.05845433596,102186.20156142597,4624.774381894751,-216422.0343976567,219570221.74776077,291360786.05936927,510931007.80713004,510931007.80713004,28,28
0.0,102186.20156142597,0.0,-102186.20156142597,0.0,0.0,0.0,510931007.80713004,0,0
1287750.12811392,155288.6417208944,7936.507936507936,1124524.9784565177,276443208.60447174,500000000.0,776443208.6044717,776443208.6044717,28,28
0.0,155288.6417208944,0.0,-155288.6417208944,0.0,0.0,0.0,776443208.6044717,0,0
0.0,0.0,0.0,0.0,0.0,0.0,0.0,0.0,0,0
0.0,0.0,0.0,0.0,0.0,0.0,0.0,0.0,0,0
0.0,0.0,0.0,0.0,0.0,0.0,0.0,0.0,0,0
0.0,0.0,0.0,0.0,0.0,0.0,0.0,0.0,0,0
0.0,0.0,0.0,0.0,0.0,0.0,0.0,0.0,0,0
0.0,0.0,0.0,0.0,0.0,0.0,0.0,0.0,0,0
0.0,0.0,0.0,0.0,0.0,0.0,0.0,0.0,0,0
0.0,0.0,0.0,0.0,0.0,0.0,0.0,0.0,0,0
0.0,0.0,0.0,0.0,0.0,0.0,0.0,0.0,0,0
0.0,0.0,0.0,0.0,0.0,0.0,0.0,0.0,0,0
117884.76962787735,73557.78637095897,2439.9669028488365,41887.01635406954,214071016.975318,153717914.87947676,367788931.85479474,367788931.85479474,28,28
1754652.2320228207,274105.307720749,7936.507936507935,1472610.4163655639,500000000.0,500000000.0,1000000000.0,1262020479.2541196,28,28
0.0,200000.0,0.0,-200000.0,0.0,0.0,0.0,1000000000.0,0,0
0.0,0.0,0.0,0.0,0.0,0.0,0.0,0.0,0,0
0.0,0.0,0.0,0.0,0.0,0.0,0.0,0.0,0,0
0.0,0.0,0.0,0.0,0.0,0.0,0.0,0.0,0,0
0.0,0.0,0.0,0.0,0.0,0.0,0.0,0.0,0,0
0.0,0.0,0.0,0.0,0.0,0.0,0.0,0.0,0,0
0.0,0.0,0.0,0.0,0.0,0.0,0.0,0.0,0,0
4183083.9743810543,69290.7235256612,2890.5816666662854,4110902.669188727,164346972.62833002,182106644.999976,346453617.62830603,346453617.62830603,24,24
-520940.8420238721,188762.94524565287,4924.80328644656,-714628.5905559716,244716550.29502478,310262607.0461333,554979157.341158,651881081.0785445,24,24
78772.92126055522,206813.60679304195,4320.8570416293405,-132361.5425741161,190241706.65640277,272213993.62264854,462455700.2790513,712540882.8218218,25,25
-353483.88589564024,217308.0067154782,4331.348749427662,-575123.2413605462,289512460.5140968,272874971.21394277,562387431.7280395,775457483.0391278,26,26
0.0,112477.4863456079,0.0,-112477.4863456079,0.0,0.0,0.0,562387431.7280395,0,0
0.0,0.0,0.0,0.0,0.0,0.0,0.0,0.0,0,0
0.0,0.0,0.0,0.0,0.0,0.0,0.0,0.0,0,0
641972.3104534597,75597.2422985742,2468.340400098024,563906.7277547875,222480766.2866955,155505445.2061755,377986211.49287105,377986211.492871,26,26
0.0,75597.2422985742,0.0,-75597.2422985742,0.0,0.0,0.0,377986211.492871,0,0
0.0,0.0,0.0,0.0,0.0,0.0,0.0,0.0,0,0
0.0,0.0,0.0,0.0,0.0,0.0,0.0,0.0,0,0
0.0,0.0,0.0,0.0,0.0,0.0,0.0,0.0,0,0
0.0,0.0,0.0,0.0,0.0,0.0,0.0,0.0,0,0
0.0,0.0,0.0,0.0,0.0,0.0,0.0,0.0,0,0
0.0,0.0,0.0,0.0,0.0,0.0,0.0,0.0,0,0
0.0,0.0,0.0,0.0,0.0,0.0,0.0,0.0,0,0
881323.3304821016,85040.41059787686,4238.583192544329,792044.3366916805,158171311.85909152,267030741.13029277,425202052.9893843,425202052.9893843,27,27
-866722.461556037,273095.80026594445,6988.522989529176,-1146806.7848115107,499999999.99999994,440276948.340338,940276948.340338,933557632.0722708,28,28
0.0,188055.3896680676,0.0,-188055.3896680676,0.0,0.0,0.0,940276948.340338,0,0
-122821.28644633845,87479.32993646608,5225.066005129654,-215525.68238793418,108217491.359162,329179158.3231683,437396649.68233025,437396649.68233025,27,27
0.0,87479.32993646608,0.0,-87479.32993646608,0.0,0.0,0.0,437396649.68233025,0,0
0.0,0.0,0.0,0.0,0.0,0.0,0.0,0.0,0,0
0.0,0.0,0.0,0.0,0.0,0.0,0.0,0.0,0,0
0.0,0.0,0.0,0.0,0.0,0.0,0.0,0.0,0,0
-479206.89150375,122358.88008699405,7113.886310253215,-608679.6579009972,163619562.88901752,448174837.5459525,611794400.43497,611794400.43497,27,27
768944.6541502251,211126.3516344479,3452.5996990908616,554365.7028166864,226323576.694545,217513781.04272425,443837357.7372693,821445559.3645397,27,27
0.0,88767.47154745385,0.0,-88767.47154745385,0.0,0.0,0.0,443837357.7372693,0,0
0.0,0.0,0.0,0.0,0.0,0.0,0.0,0.0,0,0
0.0,0.0,0.0,0.0,0.0,0.0,0.0,0.0,0,0
0.0,0.0,0.0,0.0,0.0,0.0,0.0,0.0,0,0
0.0,0.0,0.0,0.0,0.0,0.0,0.0,0.0,0,0
0.0,0.0,0.0,0.0,0.0,0.0,0.0,0.0,0,0
0.0,0.0,0.0,0.0,0.0,0.0,0.0,0.0,0,0
0.0,0.0,0.0,0.0,0.0,0.0,0.0,0.0,0,0
0.0,0.0,0.0,0.0,0.0,0.0,0.0,0.0,0,0
0.0,0.0,0.0,0.0,0.0,0.0,0.0,0.0,0,0
0.0,0.0,0.0,0.0,0.0,0.0,0.0,0.0,0,0
0.0,0.0,0.0,0.0,0.0,0.0,0.0,0.0,0,0
-793328.8106964338,112552.37772574344,4348.679250183167,-910229.8676723604,288795095.8671775,273966792.7615395,562761888.628717,562761888.6287171,27,27
0.0,112552.37772574344,0.0,-112552.37772574344,0.0,0.0,0.0,562761888.6287171,0,0
0.0,0.0,0.0,0.0,0.0,0.0,0.0,0.0,0,0
0.0,0.0,0.0,0.0,0.0,0.0,0.0,0.0,0,0
0.0,0.0,0.0,0.0,0.0,0.0,0.0,0.0,0,0
0.0,0.0,0.0,0.0,0.0,0.0,0.0,0.0,0,0
0.0,0.0,0.0,0.0,0.0,0.0,0.0,0.0,0,0
0.0,0.0,0.0,0.0,0.0,0.0,0.0,0.0,0,0
-1049128.5172836771,95009.4669905709,3806.0863436433765,-1147944.0706178916,235263895.30332175,239783439.64953277,475047334.9528545,475047334.9528545,27,27
-841705.9895667813,229507.545192305,4404.271739781377,-1075617.8064988677,395021271.4024435,277469119.60622674,672490391.0086703,767036241.4916533,27,27
0.0,134498.07820173405,0.0,-134498.07820173405,0.0,0.0,0.0,672490391.0086702,0,0
0.0,0.0,0.0,0.0,0.0,0.0,0.0,0.0,0,0
0.0,0.0,0.0,0.0,0.0,0.0,0.0,0.0,0,0
0.0,0.0,0.0,0.0,0.0,0.0,0.0,0.0,0,0
0.0,0.0,0.0,0.0,0.0,0.0,0.0,0.0,0,0
0.0,0.0,0.0,0.0,0.0,0.0,0.0,0.0,0,0
0.0,0.0,0.0,0.0,0.0,0.0,0.0,0.0,0,0
0.0,0.0,0.0,0.0,0.0,0.0,0.0,0.0,0,0
0.0,0.0,0.0,0.0,0.0,0.0,0.0,0.0,0,0
0.0,0.0,0.0,0.0,0.0,0.0,0.0,0.0,0,0
2212040.3246824,150345.09096850123,3995.6421403572467,2057699.5915735415,500000000.0,251725454.8425065,751725454.8425065,751725454.8425065,28,28
0.0,150345.09096850123,0.0,-150345.09096850123,0.0,0.0,0.0,751725454.8425065,0,0
0.0,0.0,0.0,0.0,0.0,0.0,0.0,0.0,0,0
0.0,0.0,0.0,0.0,0.0,0.0,0.0,0.0,0,0
0.0,0.0,0.0,0.0,0.0,0.0,0.0,0.0,0,0
0.0,0.0,0.0,0.0,0.0,0.0,0.0,0.0,0,0
0.0,0.0,0.0,0.0,0.0,0.0,0.0,0.0,0,0
0.0,0.0,0.0,0.0,0.0,0.0,0.0,0.0,0,0
0.0,0.0,0.0,0.0,0.0,0.0,0.0,0.0,0,0
0.0,0.0,0.0,0.0,0.0,0.0,0.0,0.0,0,0
0.0,0.0,0.0,0.0,0.0,0.0,0.0,0.0,0,0
0.0,0.0,0.0,0.0,0.0,0.0,0.0,0.0,0,0
0.0,0.0,0.0,0.0,0.0,0.0,0.0,0.0,0,0
0.0,0.0,0.0,0.0,0.0,0.0,0.0,0.0,0,0
0.0,0.0,0.0,0.0,0.0,0.0,0.0,0.0,0,0
0.0,0.0,0.0,0.0,0.0,0.0,0.0,0.0,0,0
0.0,0.0,0.0,0.0,0.0,0.0,0.0,0.0,0,0
0.0,0.0,0.0,0.0,0.0,0.0,0.0,0.0,0,0
0.0,0.0,0.0,0.0,0.0,0.0,0.0,0.0,0,0
0.0,0.0,0.0,0.0,0.0,0.0,0.0,0.0,0,0
0.0,0.0,0.0,0.0,0.0,0.0,0.0,0.0,0,0
-577207.8631045553,105447.53248188877,5143.926874380833,-687799.3224608249,203170269.32345152,324067393.0859925,527237662.40944403,527237662.40944403,29,29
0.0,105447.53248188877,0.0,-105447.53248188877,0.0,0.0,0.0,527237662.40944403,0,0
0.0,0.0,0.0,0.0,0.0,0.0,0.0,0.0,0,0
0.0,0.0,0.0,0.0,0.0,0.0,0.0,0.0,0,0
0.0,0.0,0.0,0.0,0.0,0.0,0.0,0.0,0,0
0.0,0.0,0.0,0.0,0.0,0.0,0.0,0.0,0,0
0.0,0.0,0.0,0.0,0.0,0.0,0.0,0.0,0,0
0.0,0.0,0.0,0.0,0.0,0.0,0.0,0.0,0,0
0.0,0.0,0.0,0.0,0.0,0.0,0.0,0.0,0,0
0.0,0.0,0.0,0.0,0.0,0.0,0.0,0.0,0,0
0.0,0.0,0.0,0.0,0.0,0.0,0.0,0.0,0,0
0.0,0.0,0.0,0.0,0.0,0.0,0.0,0.0,0,0
0.0,0.0,0.0,0.0,0.0,0.0,0.0,0.0,0,0
-1122874.1123502178,122147.92099918527,5133.752129179241,-1250155.7854785821,287313220.85763407,323426384.13829225,610739604.9959264,610739604.9959263,28,28
516495.3441536389,234648.80460316164,5412.87912022583,276433.6604302514,221493033.44565475,341011384.5742273,562504418.019882,796555679.6107543,28,28
2852125.7047800347,269931.8978970592,4558.017007387528,2577635.789875588,500000000.0,287155071.4654143,787155071.4654143,799586732.0130273,27,27
0.0,157431.0142930829,0.0,-157431.0142930829,0.0,0.0,0.0,787155071.4654143,0,0
0.0,0.0,0.0,0.0,0.0,0.0,0.0,0.0,0,0
0.0,0.0,0.0,0.0,0.0,0.0,0.0,0.0,0,0
-24161.32438402545,117156.31170093677,4732.341157909488,-146049.9772428717,287644065.5563863,298137492.94829774,585781558.504684,585781558.5046841,28,28
0.0,117156.31170093677,0.0,-117156.31170093677,0.0,0.0,0.0,585781558.5046841,0,0
0.0,0.0,0.0,0.0,0.0,0.0,0.0,0.0,0,0
0.0,0.0,0.0,0.0,0.0,0.0,0.0,0.0,0,0
0.0,0.0,0.0,0.0,0.0,0.0,0.0,0.0,0,0
0.0,0.0,0.0,0.0,0.0,0.0,0.0,0.0,0,0
0.0,0.0,0.0,0.0,0.0,0.0,0.0,0.0,0,0
0.0,0.0,0.0,0.0,0.0,0.0,0.0,0.0,0,0
0.0,0.0,0.0,0.0,0.0,0.0,0.0,0.0,0,0
0.0,0.0,0.0,0.0,0.0,0.0,0.0,0.0,0,0
0.0,0.0,0.0,0.0,0.0,0.0,0.0,0.0,0,0
0.0,0.0,0.0,0.0,0.0,0.0,0.0,0.0,0,0
0.0,0.0,0.0,0.0,0.0,0.0,0.0,0.0,0,0
0.0,0.0,0.0,0.0,0.0,0.0,0.0,0.0,0,0
0.0,0.0,0.0,0.0,0.0,0.0,0.0,0.0,0,0
0.0,0.0,0.0,0.0,0.0,0.0,0.0,0.0,0,0
0.0,0.0,0.0,0.0,0.0,0.0,0.0,0.0,0,0
0.0,0.0,0.0,0.0,0.0,0.0,0.0,0.0,0,0
2289254.9768880047,168625.36618101088,5446.457633413555,2115183.1530735805,500000000.0,343126830.90505403,843126830.9050541,843126830.9050541,30,30
0.0,168625.36618101088,0.0,-168625.36618101088,0.0,0.0,0.0,843126830.9050541,0,0
0.0,0.0,0.0,0.0,0.0,0.0,0.0,0.0,0,0
2526693.47322035,130673.34822043886,4288.3735926508525,2391731.7514072605,383199204.76519024,270167536.33700377,653366741.1021941,653366741.1021941,30,30
1310687.2878085102,301780.06153687055,5643.389945748547,1003263.8363258912,500000000.0,355533566.5821585,855533566.5821586,1065824819.946022,30,30
0.0,171106.71331643168,0.0,-171106.71331643168,0.0,0.0,0.0,855533566.5821586,0,0
0.0,0.0,0.0,0.0,0.0,0.0,0.0,0.0,0,0
2116307.62349856,200000.00000000003,7936.507936507936,1908371.115562052,499999999.99999994,500000000.00000006,1000000000.0,1000000000.0,30,30
0.0,200000.00000000003,0.0,-200000.00000000003,0.0,0.0,0.0,1000000000.0,0,0
0.0,0.0,0.0,0.0,0.0,0.0,0.0,0.0,0,0
-4362131.892337554,178945.89043805888,7936.507936507937,-4549014.290712121,394729452.1902948,500000000.0,894729452.1902947,894729452.1902947,29,29
-1776134.8021144737,378945.890438059,7936.507936507937,-2163017.2004890405,500000000.0,500000000.00000006,1000000000.0,1269789283.739664,30,30
3066726.481695742,374192.00238010904,5888.254157151509,2686646.2251584814,500000000.0,370960011.90054506,870960011.9005451,1555574715.272345,30,30
-1481131.5254859258,333743.22677348484,4726.287650267921,-1819601.0399096785,500000000.0,297756121.966879,797756121.966879,1071640664.9787414,30,30
31096537.713668,313966.21740399685,5544.0569508492845,30777027.439313155,422799377.1496,349275587.903505,772074965.0531051,1163932868.7490342,29,29
0.0,154414.99301062105,0.0,-154414.99301062105,0.0,0.0,0.0,772074965.053105,0,0
2332691.2955644685,146785.22569486024,4294.746207112118,2181611.323662496,463357117.4262378,270569011.0480635,733926128.4743013,733926128.4743013,29,29
0.0,146785.22569486024,0.0,-146785.22569486024,0.0,0.0,0.0,733926128.4743013,0,0
0.0,0.0,0.0,0.0,0.0,0.0,0.0,0.0,0,0
-1622172.834303123,189588.40629893998,7110.19097610635,-1818871.4315781693,500000000.0,447942031.4947,947942031.4947,947942031.4947,30,30
0.0,189588.40629893998,0.0,-189588.40629893998,0.0,0.0,0.0,947942031.4947,0,0
0.0,0.0,0.0,0.0,0.0,0.0,0.0,0.0,0,0
0.0,0.0,0.0,0.0,0.0,0.0,0.0,0.0,0,0
0.0,0.0,0.0,0.0,0.0,0.0,0.0,0.0,0,0
0.0,0.0,0.0,0.0,0.0,0.0,0.0,0.0,0,0
0.0,0.0,0.0,0.0,0.0,0.0,0.0,0.0,0,0
0.0,0.0,0.0,0.0,0.0,0.0,0.0,0.0,0,0
0.0,0.0,0.0,0.0,0.0,0.0,0.0,0.0,0,0
0.0,0.0,0.0,0.0,0.0,0.0,0.0,0.0,0,0
0.0,0.0,0.0,0.0,0.0,0.0,0.0,0.0,0,0
0.0,0.0,0.0,0.0,0.0,0.0,0.0,0.0,0,0
0.0,0.0,0.0,0.0,0.0,0.0,0.0,0.0,0,0
0.0,0.0,0.0,0.0,0.0,0.0,0.0,0.0,0,0
0.0,0.0,0.0,0.0,0.0,0.0,0.0,0.0,0,0
0.0,0.0,0.0,0.0,0.0,0.0,0.0,0.0,0,0
0.0,0.0,0.0,0.0,0.0,0.0,0.0,0.0,0,0
0.0,0.0,0.0,0.0,0.0,0.0,0.0,0.0,0,0
0.0,0.0,0.0,0.0,0.0,0.0,0.0,0.0,0,0
0.0,0.0,0.0,0.0,0.0,0.0,0.0,0.0,0,0
0.0,0.0,0.0,0.0,0.0,0.0,0.0,0.0,0,0
0.0,0.0,0.0,0.0,0.0,0.0,0.0,0.0,0,0
0.0,0.0,0.0,0.0,0.0,0.0,0.0,0.0,0,0
0.0,0.0,0.0,0.0,0.0,0.0,0.0,0.0,0,0
2482613.6561550107,177062.44331498045,6116.06692976035,2299435.14591027,500000000.0,385312216.57490206,885312216.574902,885312216.574902,32,32
0.0,177062.44331498045,0.0,-177062.44331498045,0.0,0.0,0.0,885312216.574902,0,0
2213071.853838725,192219.5288830732,7319.01022881533,2013533.3147268365,500000000.0,461097644.4153658,961097644.4153658,961097644.4153658,31,31
0.0,192219.5288830732,0.0,-192219.5288830732,0.0,0.0,0.0,961097644.4153658,0,0
0.0,0.0,0.0,0.0,0.0,0.0,0.0,0.0,0,0
0.0,0.0,0.0,0.0,0.0,0.0,0.0,0.0,0,0
0.0,0.0,0.0,0.0,0.0,0.0,0.0,0.0,0,0
0.0,0.0,0.0,0.0,0.0,0.0,0.0,0.0,0,0
0.0,0.0,0.0,0.0,0.0,0.0,0.0,0.0,0,0
0.0,0.0,0.0,0.0,0.0,0.0,0.0,0.0,0,0
0.0,0.0,0.0,0.0,0.0,0.0,0.0,0.0,0,0
0.0,0.0,0.0,0.0,0.0,0.0,0.0,0.0,0,0
0.0,0.0,0.0,0.0,0.0,0.0,0.0,0.0,0,0
0.0,0.0,0.0,0.0,0.0,0.0,0.0,0.0,0,0
29426.24066397865,168214.9579043596,5413.88554796505,-144202.60278834598,500000000.0,341074789.52179825,841074789.5217983,841074789.5217983,31,31
782947.4644849183,365313.7728300884,7706.255152835611,409927.43650199426,500000000.0,485494074.6286435,985494074.6286435,1049792470.9103615,31,31
1506099.144243952,356927.40516334353,4748.300812509118,1144423.4382680992,500000000.0,299142951.1880745,799142951.1880746,1097945381.951744,31,31
0.0,159828.59023761493,0.0,-159828.59023761493,0.0,0.0,0.0,799142951.1880746,0,0
3736683.837267399,135850.69603999722,2845.29333650771,3597987.847890894,500000000.00000006,179253480.19998577,679253480.1999859,679253480.1999859,31,31
17562630.84422858,334113.1548413291,7798.607841375547,17220719.081545874,500000000.0,491312294.0066595,991312294.0066595,1230408510.2668672,31,31
2877799.989773589,455248.43653637916,7936.507936507936,2414615.045300702,500000000.0,500000000.0,1000000000.0,1302210329.3867126,31,31
-2753730.792421353,386492.89698443736,6864.515633685498,-3147088.205039476,499999999.99999994,432464484.9221863,932464484.9221863,1326070722.6048822,31,31
4906157.73359443,365233.1770964931,6249.228580321888,4534675.327917615,500000000.0,393701400.560279,893701400.560279,1066047565.6496178,31,31
0.0,178740.28011205586,0.0,-178740.28011205586,0.0,0.0,0.0,893701400.560279,0,0
4363505.9601127235,178049.26918700815,6194.386443413348,4179262.304482302,499999999.99999994,390246345.935041,890246345.935041,890246345.935041,31,31
0.0,178049.26918700815,0.0,-178049.26918700815,0.0,0.0,0.0,890246345.935041,0,0
1226541.9269827108,171756.1269180068,5694.9307077783205,1049090.8693569256,499999999.99999994,358780634.59003425,858780634.5900342,858780634.5900342,30,30
1787748.4768022557,397828.53050165257,7936.507936507935,1381983.4383640953,343957223.03799003,500000000.00000006,843957223.0379901,1485082624.2059512,30,30
3901039.515425631,332930.98634708906,7793.253276418749,3560315.275802123,322947550.00849855,490974956.41438127,813922506.4228798,1123784890.8413262,30,30
0.0,162784.50128457593,0.0,-162784.50128457593,0.0,0.0,0.0,813922506.4228798,0,0
2812073.2126406804,159635.29666448804,7936.507936507935,2644501.4080396844,298176483.32244,500000000.0,798176483.32244,798176483.32244,28,28
3201254.1339441603,390448.68218685524,3673.0441881797024,2807132.4075691258,500000000.00000006,231401783.85532126,731401783.8553213,1045581326.9537693,28,28
0.0,146280.35677106422,0.0,-146280.35677106422,0.0,0.0,0.0,731401783.8553213,0,0
-1819701.3348102074,200000.0,7936.507936507936,-2027637.8427467153,500000000.00000006,500000000.0,1000000000.0,1000000000.0000001,29,29
3579756.664685479,378035.73355790274,6193.312187135133,3195527.618940441,500000000.00000006,390178667.7895133,890178667.7895133,1418008394.013953,27,27
0.0,178035.73355790274,0.0,-178035.73355790274,0.0,0.0,0.0,890178667.7895133,0,0
0.0,0.0,0.0,0.0,0.0,0.0,0.0,0.0,0,0
-439552.2070436033,160352.75759787636,5603.062824437873,-605508.0274659175,448770830.04979604,352992957.93958604,801763787.989382,801763787.989382,30,30
0.0,160352.75759787636,0.0,-160352.75759787636,0.0,0.0,0.0,801763787.989382,0,0
0.0,0.0,0.0,0.0,0.0,0.0,0.0,0.0,0,0
0.0,0.0,0.0,0.0,0.0,0.0,0.0,0.0,0,0
0.0,0.0,0.0,0.0,0.0,0.0,0.0,0.0,0,0
0.0,0.0,0.0,0.0,0.0,0.0,0.0,0.0,0,0
0.0,0.0,0.0,0.0,0.0,0.0,0.0,0.0,0,0
0.0,0.0,0.0,0.0,0.0,0.0,0.0,0.0,0,0
1041647.3369653464,161487.17405832757,4879.934449073617,875280.2284579452,500000000.0,307435870.2916378,807435870.2916378,807435870.2916378,31,31
0.0,161487.17405832757,0.0,-161487.17405832757,0.0,0.0,0.0,807435870.2916378,0,0
0.0,0.0,0.0,0.0,0.0,0.0,0.0,0.0,0,0
0.0,0.0,0.0,0.0,0.0,0.0,0.0,0.0,0,0
0.0,0.0,0.0,0.0,0.0,0.0,0.0,0.0,0,0
0.0,0.0,0.0,0.0,0.0,0.0,0.0,0.0,0,0
0.0,0.0,0.0,0.0,0.0,0.0,0.0,0.0,0,0
0.0,0.0,0.0,0.0,0.0,0.0,0.0,0.0,0,0
0.0,0.0,0.0,0.0,0.0,0.0,0.0,0.0,0,0
0.0,0.0,0.0,0.0,0.0,0.0,0.0,0.0,0,0
0.0,0.0,0.0,0.0,0.0,0.0,0.0,0.0,0,0
0.0,0.0,0.0,0.0,0.0,0.0,0.0,0.0,0,0
-776574.2842175144,147031.7122460128,3732.6755750803763,-927338.6720386075,500000000.00000006,235158561.23006377,735158561.2300638,735158561.2300638,30,30
587047.5445728216,304759.46634419094,4581.567785569702,277706.51044306095,500000000.0,288638770.4908913,788638770.4908912,1088415939.158987,30,30
0.0,157727.7540981783,0.0,-157727.7540981783,0.0,0.0,0.0,788638770.4908913,0,0
0.0,0.0,0.0,0.0,0.0,0.0,0.0,0.0,0,0
0.0,0.0,0.0,0.0,0.0,0.0,0.0,0.0,0,0
0.0,0.0,0.0,0.0,0.0,0.0,0.0,0.0,0,0
-420623.82982139447,151622.44305826048,4097.019290338135,-576343.2921699932,500000000.00000006,258112215.29130253,758112215.2913026,758112215.2913026,30,30
0.0,151622.44305826048,0.0,-151622.44305826048,0.0,0.0,0.0,758112215.2913026,0,0
0.0,0.0,0.0,0.0,0.0,0.0,0.0,0.0,0,0
1220381.5418253958,200000.0000000001,7936.507936507936,1012445.0338888877,500000000.0,499999999.99999994,1000000000.0,1000000000.0,30,30
1316945.8537661997,404626.28713500005,7936.5079365079355,904383.0586946916,500000000.0,500000000.0,1000000000.0,1166794512.717129,30,30
0.0,200000.0,0.0,-200000.0,0.0,0.0,0.0,1000000000.0,0,0
0.0,0.0,0.0,0.0,0.0,0.0,0.0,0.0,0,0
0.0,0.0,0.0,0.0,0.0,0.0,0.0,0.0,0,0
0.0,0.0,0.0,0.0,0.0,0.0,0.0,0.0,0,0
-217137.85506614408,142660.40875806502,3385.7467268305554,-363184.01055103965,500000000.0,213302043.79032502,713302043.790325,713302043.790325,30,30
1401347.9728963636,250641.2568109528,5188.188657263374,1145518.5274281474,213048354.8568465,326855885.40759254,539904240.2644391,938710465.220426,30,30
-49651.88420804349,261809.42789075934,4272.109510942176,-315733.421609745,500000000.0,269142899.18935704,769142899.189357,1029685569.200171,30,30
1666290.5520251158,306844.77509222296,4207.634543996158,1355238.1423888968,500000000.0,265080976.27175802,765080976.2717581,829966082.8622321,30,30
0.0,153016.19525435157,0.0,-153016.19525435157,0.0,0.0,0.0,765080976.271758,0,0
0.0,0.0,0.0,0.0,0.0,0.0,0.0,0.0,0,0
0.0,0.0,0.0,0.0,0.0,0.0,0.0,0.0,0,0
0.0,0.0,0.0,0.0,0.0,0.0,0.0,0.0,0,0
0.0,0.0,0.0,0.0,0.0,0.0,0.0,0.0,0,0
2453650.845113307,154099.79952477606,4293.634882918738,2295257.410705612,499999999.99999994,270498997.6238805,770498997.6238804,770498997.6238805,31,31
0.0,154099.79952477606,0.0,-154099.79952477606,0.0,0.0,0.0,770498997.6238805,0,0
3159907.0667253714,150398.99085903657,3999.9199094473456,3005508.1559568876,500000000.0,251994954.29518276,751994954.2951827,751994954.2951828,31,31
3095419.898100101,306871.4569383598,4481.941752327241,2784066.499409414,500000000.0,282362330.3966163,782362330.3966162,924434481.2606721,31,31
0.0,156472.4660793233,0.0,-156472.4660793233,0.0,0.0,0.0,782362330.3966163,0,0
0.0,0.0,0.0,0.0,0.0,0.0,0.0,0.0,0,0
0.0,0.0,0.0,0.0,0.0,0.0,0.0,0.0,0,0
1699924.3209579412,175948.0577280642,6027.623629211448,1517948.6396006655,500000000.0,379740288.64032125,879740288.6403213,879740288.6403213,30,30
0.0,175948.0577280642,0.0,-175948.0577280642,0.0,0.0,0.0,879740288.6403213,0,0
1798358.294751803,145585.19158436687,3617.872347965623,1649155.2308194705,499999999.99999994,227925957.92183426,727925957.9218342,727925957.9218342,30,30
0.0,145585.19158436687,0.0,-145585.19158436687,0.0,0.0,0.0,727925957.9218342,0,0
0.0,0.0,0.0,0.0,0.0,0.0,0.0,0.0,0,0
0.0,0.0,0.0,0.0,0.0,0.0,0.0,0.0,0,0
0.0,0.0,0.0,0.0,0.0,0.0,0.0,0.0,0,0
0.0,0.0,0.0,0.0,0.0,0.0,0.0,0.0,0,0
0.0,0.0,0.0,0.0,0.0,0.0,0.0,0.0,0,0
0.0,0.0,0.0,0.0,0.0,0.0,0.0,0.0,0,0
-1337884.1171325312,132219.2136793627,4226.756821578543,-1474330.0876334726,394810388.6373653,266285679.75944826,661096068.3968135,661096068.3968135,26,26
0.0,132219.2136793627,0.0,-132219.2136793627,0.0,0.0,0.0,661096068.3968135,0,0
0.0,0.0,0.0,0.0,0.0,0.0,0.0,0.0,0,0
-262723.8224356461,98605.20697895874,4801.3113032452375,-366130.3407178501,190543422.79034352,302482612.10445005,493026034.89479357,493026034.89479357,30,30
1221802.2523042064,184979.29412618838,3363.4315246901506,1033459.5266533279,219974249.68066877,211896186.05547953,431870435.7361483,447263697.4442578,29,29
0.0,86374.08714722967,0.0,-86374.08714722967,0.0,0.0,0.0,431870435.7361483,0,0
0.0,0.0,0.0,0.0,0.0,0.0,0.0,0.0,0,0
0.0,0.0,0.0,0.0,0.0,0.0,0.0,0.0,0,0
0.0,0.0,0.0,0.0,0.0,0.0,0.0,0.0,0,0
0.0,0.0,0.0,0.0,0.0,0.0,0.0,0.0,0,0
0.0,0.0,0.0,0.0,0.0,0.0,0.0,0.0,0,0
0.0,0.0,0.0,0.0,0.0,0.0,0.0,0.0,0,0
0.0,0.0,0.0,0.0,0.0,0.0,0.0,0.0,0,0
0.0,0.0,0.0,0.0,0.0,0.0,0.0,0.0,0,0
0.0,0.0,0.0,0.0,0.0,0.0,0.0,0.0,0,0
0.0,0.0,0.0,0.0,0.0,0.0,0.0,0.0,0,0
0.0,0.0,0.0,0.0,0.0,0.0,0.0,0.0,0,0
0.0,0.0,0.0,0.0,0.0,0.0,0.0,0.0,0,0
0.0,0.0,0.0,0.0,0.0,0.0,0.0,0.0,0,0
0.0,0.0,0.0,0.0,0.0,0.0,0.0,0.0,0,0
0.0,0.0,0.0,0.0,0.0,0.0,0.0,0.0,0,0
0.0,0.0,0.0,0.0,0.0,0.0,0.0,0.0,0,0
0.0,0.0,0.0,0.0,0.0,0.0,0.0,0.0,0,0
0.0,0.0,0.0,0.0,0.0,0.0,0.0,0.0,0,0
0.0,0.0,0.0,0.0,0.0,0.0,0.0,0.0,0,0
161784.07976686666,117388.69405015238,3099.0747145986747,41296.31100211561,391701763.2310453,195241707.0197165,586943470.2507617,586943470.2507617,29,29
-26579.63593657178,257451.2680118249,3179.5693620375005,-287210.4733104342,500000000.0,200312869.8083625,700312869.8083625,696230625.6663243,29,29
1469900.1957246237,279199.07202610694,3106.071274955115,1187595.0524235617,500000000.0,195682490.32217225,695682490.3221723,965959289.2819307,29,29
0.0,139136.49806443442,0.0,-139136.49806443442,0.0,0.0,0.0,695682490.3221723,0,0
0.0,0.0,0.0,0.0,0.0,0.0,0.0,0.0,0,0
0.0,0.0,0.0,0.0,0.0,0.0,0.0,0.0,0,0
0.0,0.0,0.0,0.0,0.0,0.0,0.0,0.0,0,0
0.0,0.0,0.0,0.0,0.0,0.0,0.0,0.0,0,0
0.0,0.0,0.0,0.0,0.0,0.0,0.0,0.0,0,0
0.0,0.0,0.0,0.0,0.0,0.0,0.0,0.0,0,0
0.0,0.0,0.0,0.0,0.0,0.0,0.0,0.0,0,0
0.0,0.0,0.0,0.0,0.0,0.0,0.0,0.0,0,0
1719808.1488131566,146224.71653380038,5105.963299590488,1568477.468979766,409447894.79480106,321675687.87420076,731123582.6690018,731123582.6690018,29,29
363043.29225191625,303205.5379784642,7936.507936507938,51901.2463369441,284904107.22331953,500000000.00000006,784904107.2233195,754517408.7565898,30,30
0.0,156980.82144466386,0.0,-156980.82144466386,0.0,0.0,0.0,784904107.2233195,0,0
-594570.2908750861,123782.51753565476,5437.912857422794,-723790.7212681636,276324077.6606375,342588510.017636,618912587.6782734,618912587.6782736,30,30
928313.5525191675,264722.6802946507,5491.3444103517695,658099.527814165,358746115.94281805,345954697.8521615,704700813.7949796,843736384.664432,30,30
0.0,140940.16275899587,0.0,-140940.16275899587,0.0,0.0,0.0,704700813.7949796,0,0
0.0,0.0,0.0,0.0,0.0,0.0,0.0,0.0,0,0
2251073.422812619,180623.48109745732,7004.594236667254,2063445.3474784943,461827968.57724977,441289436.910037,903117405.4872868,903117405.4872868,30,30
0.0,180623.48109745732,0.0,-180623.48109745732,0.0,0.0,0.0,903117405.4872868,0,0
0.0,0.0,0.0,0.0,0.0,0.0,0.0,0.0,0,0
615507.8671768465,146815.39082525016,5087.112114913148,463605.3642366832,413588890.88672227,320488063.23952824,734076954.1262505,734076954.1262505,31,31
0.0,146815.39082525016,0.0,-146815.39082525016,0.0,0.0,0.0,734076954.1262505,0,0
0.0,0.0,0.0,0.0,0.0,0.0,0.0,0.0,0,0
0.0,0.0,0.0,0.0,0.0,0.0,0.0,0.0,0,0
0.0,0.0,0.0,0.0,0.0,0.0,0.0,0.0,0,0
0.0,0.0,0.0,0.0,0.0,0.0,0.0,0.0,0,0
-8833915.022612128,134752.72358814403,3026.9704800397185,-8971694.716680313,483064477.6982178,190699140.24250227,673763617.9407201,673763617.9407201,31,31
4590167.925864937,264055.5781742448,4724.203923322612,4321388.14376737,348889425.76117975,297624847.1693245,646514272.9305043,1060626779.9860889,30,30
0.0,129302.85458610088,0.0,-129302.85458610088,0.0,0.0,0.0,646514272.9305043,0,0
0.0,0.0,0.0,0.0,0.0,0.0,0.0,0.0,0,0
0.0,0.0,0.0,0.0,0.0,0.0,0.0,0.0,0,0
0.0,0.0,0.0,0.0,0.0,0.0,0.0,0.0,0,0
0.0,0.0,0.0,0.0,0.0,0.0,0.0,0.0,0,0
0.0,0.0,0.0,0.0,0.0,0.0,0.0,0.0,0,0
0.0,0.0,0.0,0.0,0.0,0.0,0.0,0.0,0,0
0.0,0.0,0.0,0.0,0.0,0.0,0.0,0.0,0,0
0.0,0.0,0.0,0.0,0.0,0.0,0.0,0.0,0,0
0.0,0.0,0.0,0.0,0.0,0.0,0.0,0.0,0,0
0.0,0.0,0.0,0.0,0.0,0.0,0.0,0.0,0,0
0.0,0.0,0.0,0.0,0.0,0.0,0.0,0.0,0,0
0.0,0.0,0.0,0.0,0.0,0.0,0.0,0.0,0,0
0.0,0.0,0.0,0.0,0.0,0.0,0.0,0.0,0,0
0.0,0.0,0.0,0.0,0.0,0.0,0.0,0.0,0,0
0.0,0.0,0.0,0.0,0.0,0.0,0.0,0.0,0,0
0.0,0.0,0.0,0.0,0.0,0.0,0.0,0.0,0,0
0.0,0.0,0.0,0.0,0.0,0.0,0.0,0.0,0,0
0.0,0.0,0.0,0.0,0.0,0.0,0.0,0.0,0,0
0.0,0.0,0.0,0.0,0.0,0.0,0.0,0.0,0,0
0.0,0.0,0.0,0.0,0.0,0.0,0.0,0.0,0,0
0.0,0.0,0.0,0.0,0.0,0.0,0.0,0.0,0,0
0.0,0.0,0.0,0.0,0.0,0.0,0.0,0.0,0,0
0.0,0.0,0.0,0.0,0.0,0.0,0.0,0.0,0,0
0.0,0.0,0.0,0.0,0.0,0.0,0.0,0.0,0,0
0.0,0.0,0.0,0.0,0.0,0.0,0.0,0.0,0,0
0.0,0.0,0.0,0.0,0.0,0.0,0.0,0.0,0,0
0.0,0.0,0.0,0.0,0.0,0.0,0.0,0.0,0,0
0.0,0.0,0.0,0.0,0.0,0.0,0.0,0.0,0,0
0.0,0.0,0.0,0.0,0.0,0.0,0.0,0.0,0,0
-1656923.111849521,166241.4911866014,5801.373725113364,-1828965.9767612359,465720911.25086504,365486544.682142,831207455.933007,831207455.933007,31,31
0.0,166241.4911866014,0.0,-166241.4911866014,0.0,0.0,0.0,831207455.933007,0,0
-2271830.6469308343,138953.09786938404,4534.581126826678,-2415318.325927045,409086878.35683954,285678610.9900808,694765489.3469203,694765489.3469203,30,30
0.0,138953.09786938404,0.0,-138953.09786938404,0.0,0.0,0.0,694765489.3469203,0,0
0.0,0.0,0.0,0.0,0.0,0.0,0.0,0.0,0,0
-2754673.602829026,146812.6737431583,4821.087926852805,-2906307.364499037,430334829.32406455,303728539.39172673,734063368.7157912,734063368.7157912,30,30
-2282336.7362422836,284675.03638345416,4219.432251541802,-2571231.2048772797,423487581.35434556,265824231.84713352,689311813.2014791,840578442.4862334,30,30
738974.3457273224,279242.38708875264,3861.335220629964,455870.62341793976,463636003.34259576,243264118.89968777,706900122.2422836,843493707.878978,30,30
0.0,141380.02444845668,0.0,-141380.02444845668,0.0,0.0,0.0,706900122.2422836,0,0
1224170.129595654,179794.74464589445,7793.727576504165,1036581.6573732555,407968885.90970975,491004837.3197625,898973723.2294723,898973723.2294723,30,30
0.0,179794.74464589445,0.0,-179794.74464589445,0.0,0.0,0.0,898973723.2294723,0,0
1001238.2251043041,121911.95265608492,4557.048197516397,874769.2242507029,322465726.83689153,287094036.443533,609559763.2804246,609559763.2804245,31,31
0.0,121911.95265608492,0.0,-121911.95265608492,0.0,0.0,0.0,609559763.2804245,0,0
0.0,0.0,0.0,0.0,0.0,0.0,0.0,0.0,0,0
0.0,0.0,0.0,0.0,0.0,0.0,0.0,0.0,0,0
0.0,0.0,0.0,0.0,0.0,0.0,0.0,0.0,0,0
0.0,0.0,0.0,0.0,0.0,0.0,0.0,0.0,0,0
0.0,0.0,0.0,0.0,0.0,0.0,0.0,0.0,0,0
0.0,0.0,0.0,0.0,0.0,0.0,0.0,0.0,0,0
0.0,0.0,0.0,0.0,0.0,0.0,0.0,0.0,0,0
0.0,0.0,0.0,0.0,0.0,0.0,0.0,0.0,0,0
0.0,0.0,0.0,0.0,0.0,0.0,0.0,0.0,0,0
0.0,0.0,0.0,0.0,0.0,0.0,0.0,0.0,0,0
-469087.66262609244,149868.03699188912,3957.7807136419924,-622913.4803316236,500000000.0,249340184.9594455,749340184.9594455,749340184.9594455,33,33
0.0,149868.03699188912,0.0,-149868.03699188912,0.0,0.0,0.0,749340184.9594455,0,0
0.0,0.0,0.0,0.0,0.0,0.0,0.0,0.0,0,0
0.0,0.0,0.0,0.0,0.0,0.0,0.0,0.0,0,0
0.0,0.0,0.0,0.0,0.0,0.0,0.0,0.0,0,0
0.0,0.0,0.0,0.0,0.0,0.0,0.0,0.0,0,0
0.0,0.0,0.0,0.0,0.0,0.0,0.0,0.0,0,0
919680.1537196325,150216.1480583229,3985.4085760573776,765478.5970852523,500000000.0,251080740.29161477,751080740.2916148,751080740.2916148,33,33
0.0,150216.1480583229,0.0,-150216.1480583229,0.0,0.0,0.0,751080740.2916148,0,0
1176522.7217082274,126423.88666441006,2097.133862254766,1048001.7011815625,500000000.0,132119433.32205026,632119433.3220502,632119433.3220502,32,32
0.0,126423.88666441006,0.0,-126423.88666441006,0.0,0.0,0.0,632119433.3220502,0,0
3318049.7856231295,143078.23765162466,3418.907750128936,3171552.640221376,500000000.0,215391188.258123,715391188.258123,715391188.258123,31,31
0.0,143078.23765162466,0.0,-143078.23765162466,0.0,0.0,0.0,715391188.258123,0,0
0.0,0.0,0.0,0.0,0.0,0.0,0.0,0.0,0,0
0.0,0.0,0.0,0.0,0.0,0.0,0.0,0.0,0,0
0.0,0.0,0.0,0.0,0.0,0.0,0.0,0.0,0,0
0.0,0.0,0.0,0.0,0.0,0.0,0.0,0.0,0,0
0.0,0.0,0.0,0.0,0.0,0.0,0.0,0.0,0,0
3117701.0081835617,161330.50509787688,4867.5004045934,2951503.0026810914,500000000.0,306652525.4893843,806652525.4893843,806652525.4893843,29,29
2915899.8779513165,304811.9743508605,3450.9102581733055,2607636.9933422827,500000000.0,217407346.26491827,717407346.2649183,1135604558.9309814,31,31
0.0,143481.4692529836,0.0,-143481.4692529836,0.0,0.0,0.0,717407346.2649182,0,0
0.0,0.0,0.0,0.0,0.0,0.0,0.0,0.0,0,0
0.0,0.0,0.0,0.0,0.0,0.0,0.0,0.0,0,0
0.0,0.0,0.0,0.0,0.0,0.0,0.0,0.0,0,0
0.0,0.0,0.0,0.0,0.0,0.0,0.0,0.0,0,0
0.0,0.0,0.0,0.0,0.0,0.0,0.0,0.0,0,0
0.0,0.0,0.0,0.0,0.0,0.0,0.0,0.0,0,0
0.0,0.0,0.0,0.0,0.0,0.0,0.0,0.0,0,0
0.0,0.0,0.0,0.0,0.0,0.0,0.0,0.0,0,0
0.0,0.0,0.0,0.0,0.0,0.0,0.0,0.0,0,0
0.0,0.0,0.0,0.0,0.0,0.0,0.0,0.0,0,0
0.0,0.0,0.0,0.0,0.0,0.0,0.0,0.0,0,0
0.0,0.0,0.0,0.0,0.0,0.0,0.0,0.0,0,0
0.0,0.0,0.0,0.0,0.0,0.0,0.0,0.0,0,0
0.0,0.0,0.0,0.0,0.0,0.0,0.0,0.0,0,0
0.0,0.0,0.0,0.0,0.0,0.0,0.0,0.0,0,0
0.0,0.0,0.0,0.0,0.0,0.0,0.0,0.0,0,0
0.0,0.0,0.0,0.0,0.0,0.0,0.0,0.0,0,0
0.0,0.0,0.0,0.0,0.0,0.0,0.0,0.0,0,0
0.0,0.0,0.0,0.0,0.0,0.0,0.0,0.0,0,0
0.0,0.0,0.0,0.0,0.0,0.0,0.0,0.0,0,0
0.0,0.0,0.0,0.0,0.0,0.0,0.0,0.0,0,0
0.0,0.0,0.0,0.0,0.0,0.0,0.0,0.0,0,0
0.0,0.0,0.0,0.0,0.0,0.0,0.0,0.0,0,0
0.0,0.0,0.0,0.0,0.0,0.0,0.0,0.0,0,0
0.0,0.0,0.0,0.0,0.0,0.0,0.0,0.0,0,0
0.0,0.0,0.0,0.0,0.0,0.0,0.0,0.0,0,0
0.0,0.0,0.0,0.0,0.0,0.0,0.0,0.0,0,0
0.0,0.0,0.0,0.0,0.0,0.0,0.0,0.0,0,0
0.0,0.0,0.0,0.0,0.0,0.0,0.0,0.0,0,0
0.0,0.0,0.0,0.0,0.0,0.0,0.0,0.0,0,0
0.0,0.0,0.0,0.0,0.0,0.0,0.0,0.0,0,0
0.0,0.0,0.0,0.0,0.0,0.0,0.0,0.0,0,0
0.0,0.0,0.0,0.0,0.0,0.0,0.0,0.0,0,0
0.0,0.0,0.0,0.0,0.0,0.0,0.0,0.0,0,0
0.0,0.0,0.0,0.0,0.0,0.0,0.0,0.0,0,0
0.0,0.0,0.0,0.0,0.0,0.0,0.0,0.0,0,0
0.0,0.0,0.0,0.0,0.0,0.0,0.0,0.0,0,0
0.0,0.0,0.0,0.0,0.0,0.0,0.0,0.0,0,0
0.0,0.0,0.0,0.0,0.0,0.0,0.0,0.0,0,0
0.0,0.0,0.0,0.0,0.0,0.0,0.0,0.0,0,0
0.0,0.0,0.0,0.0,0.0,0.0,0.0,0.0,0,0
0.0,0.0,0.0,0.0,0.0,0.0,0.0,0.0,0,0
0.0,0.0,0.0,0.0,0.0,0.0,0.0,0.0,0,0
0.0,0.0,0.0,0.0,0.0,0.0,0.0,0.0,0,0
0.0,0.0,0.0,0.0,0.0,0.0,0.0,0.0,0,0
0.0,0.0,0.0,0.0,0.0,0.0,0.0,0.0,0,0
0.0,0.0,0.0,0.0,0.0,0.0,0.0,0.0,0,0
0.0,0.0,0.0,0.0,0.0,0.0,0.0,0.0,0,0
0.0,0.0,0.0,0.0,0.0,0.0,0.0,0.0,0,0
0.0,0.0,0.0,0.0,0.0,0.0,0.0,0.0,0,0
0.0,0.0,0.0,0.0,0.0,0.0,0.0,0.0,0,0
0.0,0.0,0.0,0.0,0.0,0.0,0.0,0.0,0,0
0.0,0.0,0.0,0.0,0.0,0.0,0.0,0.0,0,0
0.0,0.0,0.0,0.0,0.0,0.0,0.0,0.0,0,0
0.0,0.0,0.0,0.0,0.0,0.0,0.0,0.0,0,0
0.0,0.0,0.0,0.0,0.0,0.0,0.0,0.0,0,0
0.0,0.0,0.0,0.0,0.0,0.0,0.0,0.0,0,0
0.0,0.0,0.0,0.0,0.0,0.0,0.0,0.0,0,0
0.0,0.0,0.0,0.0,0.0,0.0,0.0,0.0,0,0
0.0,0.0,0.0,0.0,0.0,0.0,0.0,0.0,0,0
0.0,0.0,0.0,0.0,0.0,0.0,0.0,0.0,0,0
0.0,0.0,0.0,0.0,0.0,0.0,0.0,0.0,0,0
0.0,0.0,0.0,0.0,0.0,0.0,0.0,0.0,0,0
0.0,0.0,0.0,0.0,0.0,0.0,0.0,0.0,0,0
0.0,0.0,0.0,0.0,0.0,0.0,0.0,0.0,0,0
0.0,0.0,0.0,0.0,0.0,0.0,0.0,0.0,0,0
0.0,0.0,0.0,0.0,0.0,0.0,0.0,0.0,0,0
0.0,0.0,0.0,0.0,0.0,0.0,0.0,0.0,0,0
0.0,0.0,0.0,0.0,0.0,0.0,0.0,0.0,0,0
0.0,0.0,0.0,0.0,0.0,0.0,0.0,0.0,0,0
0.0,0.0,0.0,0.0,0.0,0.0,0.0,0.0,0,0
0.0,0.0,0.0,0.0,0.0,0.0,0.0,0.0,0,0
0.0,0.0,0.0,0.0,0.0,0.0,0.0,0.0,0,0
0.0,0.0,0.0,0.0,0.0,0.0,0.0,0.0,0,0
0.0,0.0,0.0,0.0,0.0,0.0,0.0,0.0,0,0
0.0,0.0,0.0,0.0,0.0,0.0,0.0,0.0,0,0
0.0,0.0,0.0,0.0,0.0,0.0,0.0,0.0,0,0
0.0,0.0,0.0,0.0,0.0,0.0,0.0,0.0,0,0
0.0,0.0,0.0,0.0,0.0,0.0,0.0,0.0,0,0
0.0,0.0,0.0,0.0,0.0,0.0,0.0,0.0,0,0
0.0,0.0,0.0,0.0,0.0,0.0,0.0,0.0,0,0
0.0,0.0,0.0,0.0,0.0,0.0,0.0,0.0,0,0
0.0,0.0,0.0,0.0,0.0,0.0,0.0,0.0,0,0
0.0,0.0,0.0,0.0,0.0,0.0,0.0,0.0,0,0
0.0,0.0,0.0,0.0,0.0,0.0,0.0,0.0,0,0
0.0,0.0,0.0,0.0,0.0,0.0,0.0,0.0,0,0
0.0,0.0,0.0,0.0,0.0,0.0,0.0,0.0,0,0
0.0,0.0,0.0,0.0,0.0,0.0,0.0,0.0,0,0
0.0,0.0,0.0,0.0,0.0,0.0,0.0,0.0,0,0
0.0,0.0,0.0,0.0,0.0,0.0,0.0,0.0,0,0
0.0,0.0,0.0,0.0,0.0,0.0,0.0,0.0,0,0
0.0,0.0,0.0,0.0,0.0,0.0,0.0,0.0,0,0
0.0,0.0,0.0,0.0,0.0,0.0,0.0,0.0,0,0
0.0,0.0,0.0,0.0,0.0,0.0,0.0,0.0,0,0
0.0,0.0,0.0,0.0,0.0,0.0,0.0,0.0,0,0
0.0,0.0,0.0,0.0,0.0,0.0,0.0,0.0,0,0
0.0,0.0,0.0,0.0,0.0,0.0,0.0,0.0,0,0
0.0,0.0,0.0,0.0,0.0,0.0,0.0,0.0,0,0
0.0,0.0,0.0,0.0,0.0,0.0,0.0,0.0,0,0
0.0,0.0,0.0,0.0,0.0,0.0,0.0,0.0,0,0
0.0,0.0,0.0,0.0,0.0,0.0,0.0,0.0,0,0
0.0,0.0,0.0,0.0,0.0,0.0,0.0,0.0,0,0
0.0,0.0,0.0,0.0,0.0,0.0,0.0,0.0,0,0
0.0,0.0,0.0,0.0,0.0,0.0,0.0,0.0,0,0
0.0,0.0,0.0,0.0,0.0,0.0,0.0,0.0,0,0
0.0,0.0,0.0,0.0,0.0,0.0,0.0,0.0,0,0
0.0,0.0,0.0,0.0,0.0,0.0,0.0,0.0,0,0
0.0,0.0,0.0,0.0,0.0,0.0,0.0,0.0,0,0
0.0,0.0,0.0,0.0,0.0,0.0,0.0,0.0,0,0
0.0,0.0,0.0,0.0,0.0,0.0,0.0,0.0,0,0
0.0,0.0,0.0,0.0,0.0,0.0,0.0,0.0,0,0
0.0,0.0,0.0,0.0,0.0,0.0,0.0,0.0,0,0
0.0,0.0,0.0,0.0,0.0,0.0,0.0,0.0,0,0
2701544.1127819493,177564.2287977679,6155.8911744260195,2517823.9928097557,500000000.0,387821143.98883927,887821143.9888393,887821143.9888393,33,33
0.0,177564.2287977679,0.0,-177564.2287977679,0.0,0.0,0.0,887821143.9888393,0,0
0.0,0.0,0.0,0.0,0.0,0.0,0.0,0.0,0,0
0.0,0.0,0.0,0.0,0.0,0.0,0.0,0.0,0,0
0.0,0.0,0.0,0.0,0.0,0.0,0.0,0.0,0,0
0.0,0.0,0.0,0.0,0.0,0.0,0.0,0.0,0,0
3279950.411714967,153733.269261156,4264.545179456825,3121952.5972743537,500000000.0,268666346.30578,768666346.3057799,768666346.3057799,32,32
0.0,153733.269261156,0.0,-153733.269261156,0.0,0.0,0.0,768666346.3057799,0,0
0.0,0.0,0.0,0.0,0.0,0.0,0.0,0.0,0,0
0.0,0.0,0.0,0.0,0.0,0.0,0.0,0.0,0,0
0.0,0.0,0.0,0.0,0.0,0.0,0.0,0.0,0,0
0.0,0.0,0.0,0.0,0.0,0.0,0.0,0.0,0,0
0.0,0.0,0.0,0.0,0.0,0.0,0.0,0.0,0,0
0.0,0.0,0.0,0.0,0.0,0.0,0.0,0.0,0,0
0.0,0.0,0.0,0.0,0.0,0.0,0.0,0.0,0,0
2904071.2543358793,200000.00000000003,7936.5079365079355,2696134.7463993714,500000000.00000006,499999999.99999994,1000000000.0,1000000000.0,31,31
0.0,200000.00000000003,0.0,-200000.00000000003,0.0,0.0,0.0,1000000000.0,0,0
-2655973.510049823,166570.77429029605,5283.394784944135,-2827827.6791250636,500000000.0,332853871.4514805,832853871.4514805,832853871.4514805,33,33
76207.31965233253,316360.03578506276,3237.58876553704,-243390.3048982673,499999999.99999994,203968092.2288335,703968092.2288334,1332331874.8204439,33,33
0.0,140793.61844576674,0.0,-140793.61844576674,0.0,0.0,0.0,703968092.2288334,0,0
-2203357.516353961,142278.628373477,3355.4466963076948,-2348991.5914237457,499999999.99999994,211393141.86738476,711393141.8673847,711393141.8673847,33,33
556579.9609012136,290419.7815983338,3820.726446417202,262339.45285646257,500000000.0,240705766.12428376,740705766.1242838,969977561.4529299,33,33
0.0,148141.15322485674,0.0,-148141.15322485674,0.0,0.0,0.0,740705766.1242838,0,0
-3048082.5362439686,147045.9294374656,3733.8039236083814,-3198862.2696050424,500000000.00000006,235229647.187328,735229647.1873281,735229647.1873281,33,33
-9231709.293748159,285029.36337983486,3014.558249394377,-9519753.215377387,500000000.00000006,189917169.71184576,689917169.7118459,932745589.9391224,33,33
-33071045.091413137,279630.59173667355,3218.056663278131,-33353893.73981309,500000000.0,202737569.78652227,702737569.7865223,693291510.7954519,33,33
14239860.028625265,340547.51395730453,7936.507936507936,13891376.006731452,500000000.0,500000000.0,1000000000.0,1109518198.304536,33,33
8440503.381026365,351877.9024596335,3825.8052779955074,8084799.673288736,500000000.0,241025732.513717,741025732.5137169,1424056158.2293348,33,33
5463190.807271783,293423.8983461472,3075.996364007453,5166690.912561628,500000000.0,193787770.93246952,693787770.9324695,1070963377.5548517,33,33
-4089488.418456869,289956.0724519015,3736.5127384045795,-4383181.003647176,500000000.0,235400302.5194885,735400302.5194886,952337343.8681344,33,33
-3705343.698631381,310877.1906624342,4399.568277885425,-4020620.4575717007,500000000.0,277172801.50678176,777172801.5067818,1012269785.9025677,33,33
-5273536.772607528,320042.5673702538,4487.07474652825,-5598066.41472431,500000000.0,282685709.03127974,782685709.0312798,1118365585.9641316,33,33
3560523.7516094493,344201.3039071433,6405.788591499781,3209916.659110806,500000000.00000006,403564681.26448625,903564681.2644863,1404823204.4653957,33,33
1403715.4275161354,344623.39082593814,3642.6112322373688,1055449.4254579598,500000000.00000006,229484507.63095427,729484507.6309543,1414384911.1101496,33,33
0.0,145896.90152619086,0.0,-145896.90152619086,0.0,0.0,0.0,729484507.6309543,0,0
0.0,0.0,0.0,0.0,0.0,0.0,0.0,0.0,0,0
4816768.897777381,140934.17669722595,3248.7441823195154,4672585.976897836,500000000.0,204670883.48612952,704670883.4861295,704670883.4861295,33,33
228606.7137116638,359980.03289618634,7178.620741509623,-138551.93992603218,499999999.99999994,452253106.71510625,952253106.7151062,1539244455.1216137,33,33
-2977433.714427017,374624.5286557982,3226.1478211568933,-3355284.390903972,500000000.00000006,203247312.73288426,703247312.7328843,1626999087.0636406,33,33
0.0,140649.46254657683,0.0,-140649.46254657683,0.0,0.0,0.0,703247312.7328843,0,0
0.0,0.0,0.0,0.0,0.0,0.0,0.0,0.0,0,0
0.0,0.0,0.0,0.0,0.0,0.0,0.0,0.0,0,0
0.0,0.0,0.0,0.0,0.0,0.0,0.0,0.0,0,0
0.0,0.0,0.0,0.0,0.0,0.0,0.0,0.0,0,0
0.0,0.0,0.0,0.0,0.0,0.0,0.0,0.0,0,0
0.0,0.0,0.0,0.0,0.0,0.0,0.0,0.0,0,0
503307.4497023482,144324.98435644148,3517.8559013048766,355464.60944460187,500000000.0,221624921.78220725,721624921.7822073,721624921.7822073,33,33
-3885474.9101933367,288430.1081858301,3257.293845268937,-4177162.3122244356,500000000.0,205209512.25194302,705209512.251943,1122137392.6723042,32,32
6286537.199376587,268388.2337007261,2170.3437500267855,6015978.621925834,500000000.0,136731656.2516875,636731656.2516875,887440340.0107483,32,32
-3241931.6349106766,262002.95429405847,2688.342988073099,-3506622.932192808,500000000.0,169365608.24860525,669365608.2486053,715887182.9770393,32,32
947468.6515468985,274581.427725562,3017.165846098492,669870.0579752381,499999999.9999999,190081448.304205,690081448.304205,814528737.1743404,32,32
0.0,138016.28966084096,0.0,-138016.28966084096,0.0,0.0,0.0,690081448.304205,0,0
0.0,0.0,0.0,0.0,0.0,0.0,0.0,0.0,0,0
0.0,0.0,0.0,0.0,0.0,0.0,0.0,0.0,0,0
1151612.8155229473,134688.5578942804,2753.0601503397143,1014171.1974783272,500000000.0,173442789.47140202,673442789.471402,673442789.4714019,32,32
0.0,134688.5578942804,0.0,-134688.5578942804,0.0,0.0,0.0,673442789.4714019,0,0
0.0,0.0,0.0,0.0,0.0,0.0,0.0,0.0,0,0
0.0,0.0,0.0,0.0,0.0,0.0,0.0,0.0,0,0
0.0,0.0,0.0,0.0,0.0,0.0,0.0,0.0,0,0
0.0,0.0,0.0,0.0,0.0,0.0,0.0,0.0,0,0
0.0,0.0,0.0,0.0,0.0,0.0,0.0,0.0,0,0
1828625.9356516881,143606.1300396956,4893.016096230337,1680126.7895157621,409770636.13596654,308260014.06251127,718030650.1984777,718030650.1984779,32,32
0.0,143606.1300396956,0.0,-143606.1300396956,0.0,0.0,0.0,718030650.1984779,0,0
0.0,0.0,0.0,0.0,0.0,0.0,0.0,0.0,0,0
0.0,0.0,0.0,0.0,0.0,0.0,0.0,0.0,0,0
0.0,0.0,0.0,0.0,0.0,0.0,0.0,0.0,0,0
0.0,0.0,0.0,0.0,0.0,0.0,0.0,0.0,0,0
0.0,0.0,0.0,0.0,0.0,0.0,0.0,0.0,0,0
0.0,0.0,0.0,0.0,0.0,0.0,0.0,0.0,0,0
0.0,0.0,0.0,0.0,0.0,0.0,0.0,0.0,0,0
0.0,0.0,0.0,0.0,0.0,0.0,0.0,0.0,0,0
0.0,0.0,0.0,0.0,0.0,0.0,0.0,0.0,0,0
0.0,0.0,0.0,0.0,0.0,0.0,0.0,0.0,0,0
0.0,0.0,0.0,0.0,0.0,0.0,0.0,0.0,0,0
0.0,0.0,0.0,0.0,0.0,0.0,0.0,0.0,0,0
0.0,0.0,0.0,0.0,0.0,0.0,0.0,0.0,0,0
0.0,0.0,0.0,0.0,0.0,0.0,0.0,0.0,0,0
0.0,0.0,0.0,0.0,0.0,0.0,0.0,0.0,0,0
0.0,0.0,0.0,0.0,0.0,0.0,0.0,0.0,0,0
0.0,0.0,0.0,0.0,0.0,0.0,0.0,0.0,0,0
0.0,0.0,0.0,0.0,0.0,0.0,0.0,0.0,0,0
0.0,0.0,0.0,0.0,0.0,0.0,0.0,0.0,0,0
0.0,0.0,0.0,0.0,0.0,0.0,0.0,0.0,0,0
0.0,0.0,0.0,0.0,0.0,0.0,0.0,0.0,0,0
0.0,0.0,0.0,0.0,0.0,0.0,0.0,0.0,0,0
419046.6818288319,151980.43230254663,4125.431135122745,262940.81839116255,500000000.0,259902161.512733,759902161.512733,759902161.512733,33,33
0.0,151980.43230254663,0.0,-151980.43230254663,0.0,0.0,0.0,759902161.512733,0,0
0.0,0.0,0.0,0.0,0.0,0.0,0.0,0.0,0,0
0.0,0.0,0.0,0.0,0.0,0.0,0.0,0.0,0,0
0.0,0.0,0.0,0.0,0.0,0.0,0.0,0.0,0,0
0.0,0.0,0.0,0.0,0.0,0.0,0.0,0.0,0,0
0.0,0.0,0.0,0.0,0.0,0.0,0.0,0.0,0,0
0.0,0.0,0.0,0.0,0.0,0.0,0.0,0.0,0,0
0.0,0.0,0.0,0.0,0.0,0.0,0.0,0.0,0,0
0.0,0.0,0.0,0.0,0.0,0.0,0.0,0.0,0,0
0.0,0.0,0.0,0.0,0.0,0.0,0.0,0.0,0,0
0.0,0.0,0.0,0.0,0.0,0.0,0.0,0.0,0,0
0.0,0.0,0.0,0.0,0.0,0.0,0.0,0.0,0,0
0.0,0.0,0.0,0.0,0.0,0.0,0.0,0.0,0,0
0.0,0.0,0.0,0.0,0.0,0.0,0.0,0.0,0,0
1661334.8691298955,160328.11623595073,4787.945733011961,1496218.8071609328,500000000.00000006,301640581.1797535,801640581.1797535,801640581.1797535,31,31
0.0,160328.11623595073,0.0,-160328.11623595073,0.0,0.0,0.0,801640581.1797535,0,0
0.0,0.0,0.0,0.0,0.0,0.0,0.0,0.0,0,0
25520.65384684857,151657.51714338188,4099.802947887453,-130236.66624442076,499999999.99999994,258287585.7169095,758287585.7169094,758287585.7169095,31,31
3593884.0374344434,285662.919651186,2698.841468873325,3305522.276314384,499999999.99999994,170027012.5390195,670027012.5390195,950971150.0345982,31,31
0.0,134005.4025078039,0.0,-134005.4025078039,0.0,0.0,0.0,670027012.5390195,0,0
0.0,0.0,0.0,0.0,0.0,0.0,0.0,0.0,0,0
0.0,0.0,0.0,0.0,0.0,0.0,0.0,0.0,0,0
1450677.134884496,144019.39799528543,3493.603015498841,1303164.1338737116,500000000.0,220096989.97642702,720096989.9764271,720096989.976427,31,31
0.0,144019.39799528543,0.0,-144019.39799528543,0.0,0.0,0.0,720096989.976427,0,0
0.0,0.0,0.0,0.0,0.0,0.0,0.0,0.0,0,0
0.0,0.0,0.0,0.0,0.0,0.0,0.0,0.0,0,0
0.0,0.0,0.0,0.0,0.0,0.0,0.0,0.0,0,0
0.0,0.0,0.0,0.0,0.0,0.0,0.0,0.0,0,0
0.0,0.0,0.0,0.0,0.0,0.0,0.0,0.0,0,0
0.0,0.0,0.0,0.0,0.0,0.0,0.0,0.0,0,0
0.0,0.0,0.0,0.0,0.0,0.0,0.0,0.0,0,0
0.0,0.0,0.0,0.0,0.0,0.0,0.0,0.0,0,0
0.0,0.0,0.0,0.0,0.0,0.0,0.0,0.0,0,0
-7652663.1037153015,152330.36299082276,4153.203411970055,-7809146.670118094,500000000.0,261651814.9541135,761651814.9541135,761651814.9541135,33,33
5626653.600561328,317258.11519873736,5152.996206977369,5304242.489155614,500000000.0,324638761.03957427,824638761.0395743,1009997994.9894466,33,33
2707839.8370149904,320352.94530006207,4263.570221678346,2383223.32149325,500000000.0,268604923.9657358,768604923.9657358,922015110.1283756,33,33
5013450.86396154,292348.40280138486,2824.8269278379803,4718277.634232317,499999999.99999994,177964096.45379275,677964096.4537927,486218791.3303491,33,33
2597851.7088557165,312329.27085779374,6090.1945688123005,2279432.2434291104,500000000.0,383682257.83517504,883682257.835175,824949185.841348,34,34
0.0,176736.45156703502,0.0,-176736.45156703502,0.0,0.0,0.0,883682257.835175,0,0
-12147972.125113752,164997.5076707721,5158.5323548231745,-12318128.165139345,500000000.00000006,324987538.35386,824987538.3538601,824987538.35386,33,33
4552469.614934291,309871.48967289424,3269.6420935811307,4239328.483167815,500000000.0,205987451.89561126,705987451.8956113,1102862715.0537643,33,33
-5799070.2188691115,296618.35808586143,4398.481564026918,-6100087.058519,500000000.0,277104338.53369576,777104338.5336957,1208164084.9904103,33,33
-1789762.305081298,325109.86990837246,5530.873190605806,-2120403.0481802765,500000000.00000006,348445011.0081658,848445011.0081658,1434971493.3376746,32,32
8338817.8641112065,336638.71364329115,5044.312737750634,7997134.837730165,500000000.0,317791702.47829,817791702.4782901,1241592666.9804823,31,31
-3990636.764219816,301958.7748430025,3047.6535196305035,-4295643.192582449,500000000.0,192002171.73672175,692002171.7367218,1045804300.4074528,31,31
2139358.9827161,313242.45206920354,4397.317609105488,1821719.2130377907,500000000.0,277031009.3736458,777031009.3736458,1150934417.417944,32,32
0.0,155406.2018747291,0.0,-155406.2018747291,0.0,0.0,0.0,777031009.3736458,0,0
0.0,0.0,0.0,0.0,0.0,0.0,0.0,0.0,0,0
0.0,0.0,0.0,0.0,0.0,0.0,0.0,0.0,0,0
0.0,0.0,0.0,0.0,0.0,0.0,0.0,0.0,0,0
0.0,0.0,0.0,0.0,0.0,0.0,0.0,0.0,0,0
3353474.237672055,182482.8638533,6546.259035976186,3164445.114782779,500000000.0,412414319.26649976,912414319.2664998,912414319.2664998,31,31
0.0,182482.8638533,0.0,-182482.8638533,0.0,0.0,0.0,912414319.2664998,0,0
0.0,0.0,0.0,0.0,0.0,0.0,0.0,0.0,0,0
-7117699.470547781,162496.091395975,4960.007253648809,-7285155.569197405,499999999.99999994,312480456.979875,812480456.979875,812480456.979875,31,31
-9012175.594695562,330169.5644882692,4837.990655816997,-9347183.149839649,500000000.0,304793411.31647074,804793411.3164707,1169104281.2988229,32,32
4936026.982340812,314097.7828612293,4217.388936344058,4617711.810543239,500000000.0,265695502.98967552,765695502.9896755,1031074640.0722873,32,32
-6058784.176041166,318804.9032558612,4885.678566748892,-6382474.757863777,499999999.9999999,307797749.7051803,807797749.7051802,1076491353.1566074,31,31
3329700.386313901,332097.6387947312,4738.108111614068,2992864.6394075556,500000000.00000006,298500811.03168625,798500811.0316863,1228550596.2594955,32,32
8473691.976256814,339805.8682134921,6357.595714853561,8127528.512328468,500000000.0,400528530.0357743,900528530.0357742,1171343317.8526049,32,32
3804887.1307749464,349748.7250006443,4031.3806777648456,3451107.0250965375,500000000.0,253976982.69918525,753976982.6991853,1184902464.9862542,33,33
-456247.3679862583,348639.33913180156,6138.977279804762,-811025.6843978646,499999999.99999994,386755568.6277,886755568.6276999,1218057625.1399932,32,32
1942562.7977186975,392843.48635496246,7936.507936507937,1541782.803427227,499999999.99999994,500000000.00000006,1000000000.0,1649356010.3668306,32,32
3778986.3242544173,429946.20663149003,7936.507936507936,3341103.6096864194,500000000.0,500000000.0,1000000000.0,1439054392.490901,33,33
0.0,200000.0,0.0,-200000.0,0.0,0.0,0.0,1000000000.0,0,0
-102465.56588014736,200000.00000000003,7936.507936507937,-310402.0738166553,500000000.0,499999999.99999994,1000000000.0,1000000000.0,33,33
0.0,200000.00000000003,0.0,-200000.00000000003,0.0,0.0,0.0,1000000000.0,0,0
0.0,0.0,0.0,0.0,0.0,0.0,0.0,0.0,0,0
0.0,0.0,0.0,0.0,0.0,0.0,0.0,0.0,0,0
0.0,0.0,0.0,0.0,0.0,0.0,0.0,0.0,0,0
0.0,0.0,0.0,0.0,0.0,0.0,0.0,0.0,0,0
0.0,0.0,0.0,0.0,0.0,0.0,0.0,0.0,0,0
0.0,0.0,0.0,0.0,0.0,0.0,0.0,0.0,0,0
0.0,0.0,0.0,0.0,0.0,0.0,0.0,0.0,0,0
0.0,0.0,0.0,0.0,0.0,0.0,0.0,0.0,0,0
0.0,0.0,0.0,0.0,0.0,0.0,0.0,0.0,0,0
0.0,0.0,0.0,0.0,0.0,0.0,0.0,0.0,0,0
0.0,0.0,0.0,0.0,0.0,0.0,0.0,0.0,0,0
0.0,0.0,0.0,0.0,0.0,0.0,0.0,0.0,0,0
0.0,0.0,0.0,0.0,0.0,0.0,0.0,0.0,0,0
-254034.74926845852,186389.94910788565,6856.345167292509,-447281.0435436367,499999999.99999994,431949745.53942806,931949745.539428,931949745.539428,34,34
0.0,186389.94910788565,0.0,-186389.94910788565,0.0,0.0,0.0,931949745.539428,0,0
0.0,0.0,0.0,0.0,0.0,0.0,0.0,0.0,0,0
0.0,0.0,0.0,0.0,0.0,0.0,0.0,0.0,0,0
0.0,0.0,0.0,0.0,0.0,0.0,0.0,0.0,0,0
0.0,0.0,0.0,0.0,0.0,0.0,0.0,0.0,0,0
0.0,0.0,0.0,0.0,0.0,0.0,0.0,0.0,0,0
0.0,0.0,0.0,0.0,0.0,0.0,0.0,0.0,0,0
0.0,0.0,0.0,0.0,0.0,0.0,0.0,0.0,0,0
0.0,0.0,0.0,0.0,0.0,0.0,0.0,0.0,0,0
0.0,0.0,0.0,0.0,0.0,0.0,0.0,0.0,0,0
0.0,0.0,0.0,0.0,0.0,0.0,0.0,0.0,0,0
0.0,0.0,0.0,0.0,0.0,0.0,0.0,0.0,0,0
0.0,0.0,0.0,0.0,0.0,0.0,0.0,0.0,0,0
0.0,0.0,0.0,0.0,0.0,0.0,0.0,0.0,0,0
0.0,0.0,0.0,0.0,0.0,0.0,0.0,0.0,0,0
0.0,0.0,0.0,0.0,0.0,0.0,0.0,0.0,0,0
0.0,0.0,0.0,0.0,0.0,0.0,0.0,0.0,0,0
0.0,0.0,0.0,0.0,0.0,0.0,0.0,0.0,0,0
0.0,0.0,0.0,0.0,0.0,0.0,0.0,0.0,0,0
0.0,0.0,0.0,0.0,0.0,0.0,0.0,0.0,0,0
0.0,0.0,0.0,0.0,0.0,0.0,0.0,0.0,0,0
0.0,0.0,0.0,0.0,0.0,0.0,0.0,0.0,0,0
0.0,0.0,0.0,0.0,0.0,0.0,0.0,0.0,0,0
0.0,0.0,0.0,0.0,0.0,0.0,0.0,0.0,0,0
0.0,0.0,0.0,0.0,0.0,0.0,0.0,0.0,0,0
0.0,0.0,0.0,0.0,0.0,0.0,0.0,0.0,0,0
0.0,0.0,0.0,0.0,0.0,0.0,0.0,0.0,0,0
0.0,0.0,0.0,0.0,0.0,0.0,0.0,0.0,0,0
0.0,0.0,0.0,0.0,0.0,0.0,0.0,0.0,0,0
0.0,0.0,0.0,0.0,0.0,0.0,0.0,0.0,0,0
0.0,0.0,0.0,0.0,0.0,0.0,0.0,0.0,0,0
0.0,0.0,0.0,0.0,0.0,0.0,0.0,0.0,0,0
0.0,0.0,0.0,0.0,0.0,0.0,0.0,0.0,0,0
-272393.33822903875,150311.53329431094,3992.9788328818163,-426697.8503562315,500000000.0,251557666.47155452,751557666.4715545,751557666.4715545,30,30
2171410.9725786545,350311.53329431085,7936.507936507936,1813162.9313478358,499999999.99999994,500000000.0,1000000000.0,969930935.2966444,28,28
0.0,199999.99999999985,0.0,-199999.99999999985,0.0,0.0,0.0,1000000000.0,0,0
0.0,0.0,0.0,0.0,0.0,0.0,0.0,0.0,0,0
0.0,0.0,0.0,0.0,0.0,0.0,0.0,0.0,0,0
0.0,0.0,0.0,0.0,0.0,0.0,0.0,0.0,0,0
0.0,0.0,0.0,0.0,0.0,0.0,0.0,0.0,0,0
0.0,0.0,0.0,0.0,0.0,0.0,0.0,0.0,0,0
0.0,0.0,0.0,0.0,0.0,0.0,0.0,0.0,0,0
0.0,0.0,0.0,0.0,0.0,0.0,0.0,0.0,0,0
0.0,0.0,0.0,0.0,0.0,0.0,0.0,0.0,0,0
0.0,0.0,0.0,0.0,0.0,0.0,0.0,0.0,0,0
0.0,0.0,0.0,0.0,0.0,0.0,0.0,0.0,0,0
0.0,0.0,0.0,0.0,0.0,0.0,0.0,0.0,0,0
0.0,0.0,0.0,0.0,0.0,0.0,0.0,0.0,0,0
0.0,0.0,0.0,0.0,0.0,0.0,0.0,0.0,0,0
0.0,0.0,0.0,0.0,0.0,0.0,0.0,0.0,0,0
0.0,0.0,0.0,0.0,0.0,0.0,0.0,0.0,0,0
0.0,0.0,0.0,0.0,0.0,0.0,0.0,0.0,0,0
0.0,0.0,0.0,0.0,0.0,0.0,0.0,0.0,0,0
0.0,0.0,0.0,0.0,0.0,0.0,0.0,0.0,0,0
0.0,0.0,0.0,0.0,0.0,0.0,0.0,0.0,0,0
0.0,0.0,0.0,0.0,0.0,0.0,0.0,0.0,0,0
0.0,0.0,0.0,0.0,0.0,0.0,0.0,0.0,0,0
0.0,0.0,0.0,0.0,0.0,0.0,0.0,0.0,0,0
0.0,0.0,0.0,0.0,0.0,0.0,0.0,0.0,0,0
0.0,0.0,0.0,0.0,0.0,0.0,0.0,0.0,0,0
0.0,0.0,0.0,0.0,0.0,0.0,0.0,0.0,0,0
0.0,0.0,0.0,0.0,0.0,0.0,0.0,0.0,0,0
0.0,0.0,0.0,0.0,0.0,0.0,0.0,0.0,0,0
0.0,0.0,0.0,0.0,0.0,0.0,0.0,0.0,0,0
0.0,0.0,0.0,0.0,0.0,0.0,0.0,0.0,0,0
0.0,0.0,0.0,0.0,0.0,0.0,0.0,0.0,0,0
0.0,0.0,0.0,0.0,0.0,0.0,0.0,0.0,0,0
0.0,0.0,0.0,0.0,0.0,0.0,0.0,0.0,0,0
0.0,0.0,0.0,0.0,0.0,0.0,0.0,0.0,0,0
0.0,0.0,0.0,0.0,0.0,0.0,0.0,0.0,0,0
-206454.03946181835,155505.1961095479,7936.507936507936,-369895.7435078742,277525980.54773927,500000000.0,777525980.5477393,777525980.5477393,32,32
11631919.619942825,320297.83669551153,5142.273062378067,11306479.510184936,500000000.00000006,323963202.9298183,823963202.9298184,1118153824.7396524,33,33
6021257.142845312,332230.02601244225,5282.136318528862,5683744.980514341,500000000.0,332774588.06731826,832774588.0673182,1209641730.2565958,33,33
341733.73383850657,327561.3935165244,4841.783801830219,9330.556520151944,500000000.0,305032379.5153038,805032379.5153039,1236535124.995619,33,33
-434641.54166405473,313520.6953273003,4167.79519239996,-752330.032183755,500000000.0,262571097.12119752,762571097.1211975,1224538538.6643388,33,33
1697022.3312580038,369184.82903031074,5541.922256251453,1322295.5799714415,500000000.0,349141102.1438415,849141102.1438415,1370099734.4889257,33,33
0.0,169828.2204287683,0.0,-169828.2204287683,0.0,0.0,0.0,849141102.1438415,0,0
2693685.2284591356,152285.3878244433,6093.636652673115,2535306.2039820193,377527830.0038103,383899109.11840624,761426939.1222165,761426939.1222166,34,34
0.0,152285.3878244433,0.0,-152285.3878244433,0.0,0.0,0.0,761426939.1222166,0,0
0.0,0.0,0.0,0.0,0.0,0.0,0.0,0.0,0,0
0.0,0.0,0.0,0.0,0.0,0.0,0.0,0.0,0,0
0.0,0.0,0.0,0.0,0.0,0.0,0.0,0.0,0,0
0.0,0.0,0.0,0.0,0.0,0.0,0.0,0.0,0,0
0.0,0.0,0.0,0.0,0.0,0.0,0.0,0.0,0,0
0.0,0.0,0.0,0.0,0.0,0.0,0.0,0.0,0,0
0.0,0.0,0.0,0.0,0.0,0.0,0.0,0.0,0,0
0.0,0.0,0.0,0.0,0.0,0.0,0.0,0.0,0,0
0.0,0.0,0.0,0.0,0.0,0.0,0.0,0.0,0,0
0.0,0.0,0.0,0.0,0.0,0.0,0.0,0.0,0,0
0.0,0.0,0.0,0.0,0.0,0.0,0.0,0.0,0,0
0.0,0.0,0.0,0.0,0.0,0.0,0.0,0.0,0,0
0.0,0.0,0.0,0.0,0.0,0.0,0.0,0.0,0,0
0.0,0.0,0.0,0.0,0.0,0.0,0.0,0.0,0,0
0.0,0.0,0.0,0.0,0.0,0.0,0.0,0.0,0,0
0.0,0.0,0.0,0.0,0.0,0.0,0.0,0.0,0,0
0.0,0.0,0.0,0.0,0.0,0.0,0.0,0.0,0,0
0.0,0.0,0.0,0.0,0.0,0.0,0.0,0.0,0,0
0.0,0.0,0.0,0.0,0.0,0.0,0.0,0.0,0,0
0.0,0.0,0.0,0.0,0.0,0.0,0.0,0.0,0,0
0.0,0.0,0.0,0.0,0.0,0.0,0.0,0.0,0,0
0.0,0.0,0.0,0.0,0.0,0.0,0.0,0.0,0,0
0.0,0.0,0.0,0.0,0.0,0.0,0.0,0.0,0,0
0.0,0.0,0.0,0.0,0.0,0.0,0.0,0.0,0,0
0.0,0.0,0.0,0.0,0.0,0.0,0.0,0.0,0,0
0.0,0.0,0.0,0.0,0.0,0.0,0.0,0.0,0,0
0.0,0.0,0.0,0.0,0.0,0.0,0.0,0.0,0,0
0.0,0.0,0.0,0.0,0.0,0.0,0.0,0.0,0,0
0.0,0.0,0.0,0.0,0.0,0.0,0.0,0.0,0,0
0.0,0.0,0.0,0.0,0.0,0.0,0.0,0.0,0,0
0.0,0.0,0.0,0.0,0.0,0.0,0.0,0.0,0,0
0.0,0.0,0.0,0.0,0.0,0.0,0.0,0.0,0,0
0.0,0.0,0.0,0.0,0.0,0.0,0.0,0.0,0,0
0.0,0.0,0.0,0.0,0.0,0.0,0.0,0.0,0,0
0.0,0.0,0.0,0.0,0.0,0.0,0.0,0.0,0,0
0.0,0.0,0.0,0.0,0.0,0.0,0.0,0.0,0,0
0.0,0.0,0.0,0.0,0.0,0.0,0.0,0.0,0,0
0.0,0.0,0.0,0.0,0.0,0.0,0.0,0.0,0,0
0.0,0.0,0.0,0.0,0.0,0.0,0.0,0.0,0,0
0.0,0.0,0.0,0.0,0.0,0.0,0.0,0.0,0,0
0.0,0.0,0.0,0.0,0.0,0.0,0.0,0.0,0,0
0.0,0.0,0.0,0.0,0.0,0.0,0.0,0.0,0,0
0.0,0.0,0.0,0.0,0.0,0.0,0.0,0.0,0,0
0.0,0.0,0.0,0.0,0.0,0.0,0.0,0.0,0,0
0.0,0.0,0.0,0.0,0.0,0.0,0.0,0.0,0,0
0.0,0.0,0.0,0.0,0.0,0.0,0.0,0.0,0,0
0.0,0.0,0.0,0.0,0.0,0.0,0.0,0.0,0,0
0.0,0.0,0.0,0.0,0.0,0.0,0.0,0.0,0,0
0.0,0.0,0.0,0.0,0.0,0.0,0.0,0.0,0,0
0.0,0.0,0.0,0.0,0.0,0.0,0.0,0.0,0,0
0.0,0.0,0.0,0.0,0.0,0.0,0.0,0.0,0,0
0.0,0.0,0.0,0.0,0.0,0.0,0.0,0.0,0,0
0.0,0.0,0.0,0.0,0.0,0.0,0.0,0.0,0,0
0.0,0.0,0.0,0.0,0.0,0.0,0.0,0.0,0,0
0.0,0.0,0.0,0.0,0.0,0.0,0.0,0.0,0,0
0.0,0.0,0.0,0.0,0.0,0.0,0.0,0.0,0,0
0.0,0.0,0.0,0.0,0.0,0.0,0.0,0.0,0,0
0.0,0.0,0.0,0.0,0.0,0.0,0.0,0.0,0,0
0.0,0.0,0.0,0.0,0.0,0.0,0.0,0.0,0,0
0.0,0.0,0.0,0.0,0.0,0.0,0.0,0.0,0,0
0.0,0.0,0.0,0.0,0.0,0.0,0.0,0.0,0,0
0.0,0.0,0.0,0.0,0.0,0.0,0.0,0.0,0,0
0.0,0.0,0.0,0.0,0.0,0.0,0.0,0.0,0,0
0.0,0.0,0.0,0.0,0.0,0.0,0.0,0.0,0,0
0.0,0.0,0.0,0.0,0.0,0.0,0.0,0.0,0,0
0.0,0.0,0.0,0.0,0.0,0.0,0.0,0.0,0,0
0.0,0.0,0.0,0.0,0.0,0.0,0.0,0.0,0,0
0.0,0.0,0.0,0.0,0.0,0.0,0.0,0.0,0,0
0.0,0.0,0.0,0.0,0.0,0.0,0.0,0.0,0,0
0.0,0.0,0.0,0.0,0.0,0.0,0.0,0.0,0,0
0.0,0.0,0.0,0.0,0.0,0.0,0.0,0.0,0,0
0.0,0.0,0.0,0.0,0.0,0.0,0.0,0.0,0,0
0.0,0.0,0.0,0.0,0.0,0.0,0.0,0.0,0,0
0.0,0.0,0.0,0.0,0.0,0.0,0.0,0.0,0,0
0.0,0.0,0.0,0.0,0.0,0.0,0.0,0.0,0,0
0.0,0.0,0.0,0.0,0.0,0.0,0.0,0.0,0,0
0.0,0.0,0.0,0.0,0.0,0.0,0.0,0.0,0,0
0.0,0.0,0.0,0.0,0.0,0.0,0.0,0.0,0,0
0.0,0.0,0.0,0.0,0.0,0.0,0.0,0.0,0,0
0.0,0.0,0.0,0.0,0.0,0.0,0.0,0.0,0,0
0.0,0.0,0.0,0.0,0.0,0.0,0.0,0.0,0,0
0.0,0.0,0.0,0.0,0.0,0.0,0.0,0.0,0,0
0.0,0.0,0.0,0.0,0.0,0.0,0.0,0.0,0,0
0.0,0.0,0.0,0.0,0.0,0.0,0.0,0.0,0,0
0.0,0.0,0.0,0.0,0.0,0.0,0.0,0.0,0,0
0.0,0.0,0.0,0.0,0.0,0.0,0.0,0.0,0,0
0.0,0.0,0.0,0.0,0.0,0.0,0.0,0.0,0,0
0.0,0.0,0.0,0.0,0.0,0.0,0.0,0.0,0,0
0.0,0.0,0.0,0.0,0.0,0.0,0.0,0.0,0,0
0.0,0.0,0.0,0.0,0.0,0.0,0.0,0.0,0,0
0.0,0.0,0.0,0.0,0.0,0.0,0.0,0.0,0,0
0.0,0.0,0.0,0.0,0.0,0.0,0.0,0.0,0,0
0.0,0.0,0.0,0.0,0.0,0.0,0.0,0.0,0,0
0.0,0.0,0.0,0.0,0.0,0.0,0.0,0.0,0,0
0.0,0.0,0.0,0.0,0.0,0.0,0.0,0.0,0,0
0.0,0.0,0.0,0.0,0.0,0.0,0.0,0.0,0,0
0.0,0.0,0.0,0.0,0.0,0.0,0.0,0.0,0,0
0.0,0.0,0.0,0.0,0.0,0.0,0.0,0.0,0,0
0.0,0.0,0.0,0.0,0.0,0.0,0.0,0.0,0,0
0.0,0.0,0.0,0.0,0.0,0.0,0.0,0.0,0,0
0.0,0.0,0.0,0.0,0.0,0.0,0.0,0.0,0,0
0.0,0.0,0.0,0.0,0.0,0.0,0.0,0.0,0,0
0.0,0.0,0.0,0.0,0.0,0.0,0.0,0.0,0,0
0.0,0.0,0.0,0.0,0.0,0.0,0.0,0.0,0,0
0.0,0.0,0.0,0.0,0.0,0.0,0.0,0.0,0,0
0.0,0.0,0.0,0.0,0.0,0.0,0.0,0.0,0,0
0.0,0.0,0.0,0.0,0.0,0.0,0.0,0.0,0,0
0.0,0.0,0.0,0.0,0.0,0.0,0.0,0.0,0,0
0.0,0.0,0.0,0.0,0.0,0.0,0.0,0.0,0,0
0.0,0.0,0.0,0.0,0.0,0.0,0.0,0.0,0,0
0.0,0.0,0.0,0.0,0.0,0.0,0.0,0.0,0,0
0.0,0.0,0.0,0.0,0.0,0.0,0.0,0.0,0,0
0.0,0.0,0.0,0.0,0.0,0.0,0.0,0.0,0,0
0.0,0.0,0.0,0.0,0.0,0.0,0.0,0.0,0,0
0.0,0.0,0.0,0.0,0.0,0.0,0.0,0.0,0,0
0.0,0.0,0.0,0.0,0.0,0.0,0.0,0.0,0,0
0.0,0.0,0.0,0.0,0.0,0.0,0.0,0.0,0,0
0.0,0.0,0.0,0.0,0.0,0.0,0.0,0.0,0,0
0.0,0.0,0.0,0.0,0.0,0.0,0.0,0.0,0,0
0.0,0.0,0.0,0.0,0.0,0.0,0.0,0.0,0,0
0.0,0.0,0.0,0.0,0.0,0.0,0.0,0.0,0,0
0.0,0.0,0.0,0.0,0.0,0.0,0.0,0.0,0,0
0.0,0.0,0.0,0.0,0.0,0.0,0.0,0.0,0,0
0.0,0.0,0.0,0.0,0.0,0.0,0.0,0.0,0,0
0.0,0.0,0.0,0.0,0.0,0.0,0.0,0.0,0,0
0.0,0.0,0.0,0.0,0.0,0.0,0.0,0.0,0,0
0.0,0.0,0.0,0.0,0.0,0.0,0.0,0.0,0,0
0.0,0.0,0.0,0.0,0.0,0.0,0.0,0.0,0,0
0.0,0.0,0.0,0.0,0.0,0.0,0.0,0.0,0,0
0.0,0.0,0.0,0.0,0.0,0.0,0.0,0.0,0,0
0.0,0.0,0.0,0.0,0.0,0.0,0.0,0.0,0,0
0.0,0.0,0.0,0.0,0.0,0.0,0.0,0.0,0,0
0.0,0.0,0.0,0.0,0.0,0.0,0.0,0.0,0,0
0.0,0.0,0.0,0.0,0.0,0.0,0.0,0.0,0,0
0.0,0.0,0.0,0.0,0.0,0.0,0.0,0.0,0,0
0.0,0.0,0.0,0.0,0.0,0.0,0.0,0.0,0,0
0.0,0.0,0.0,0.0,0.0,0.0,0.0,0.0,0,0
0.0,0.0,0.0,0.0,0.0,0.0,0.0,0.0,0,0
0.0,0.0,0.0,0.0,0.0,0.0,0.0,0.0,0,0
0.0,0.0,0.0,0.0,0.0,0.0,0.0,0.0,0,0
0.0,0.0,0.0,0.0,0.0,0.0,0.0,0.0,0,0
0.0,0.0,0.0,0.0,0.0,0.0,0.0,0.0,0,0
0.0,0.0,0.0,0.0,0.0,0.0,0.0,0.0,0,0
0.0,0.0,0.0,0.0,0.0,0.0,0.0,0.0,0,0
0.0,0.0,0.0,0.0,0.0,0.0,0.0,0.0,0,0
0.0,0.0,0.0,0.0,0.0,0.0,0.0,0.0,0,0
0.0,0.0,0.0,0.0,0.0,0.0,0.0,0.0,0,0
0.0,0.0,0.0,0.0,0.0,0.0,0.0,0.0,0,0
2226584.417848046,200000.0,7936.5079365079355,2018647.909911538,500000000.00000006,499999999.99999994,1000000000.0,1000000000.0,32,32
0.0,200000.0,0.0,-200000.0,0.0,0.0,0.0,1000000000.0,0,0
0.0,0.0,0.0,0.0,0.0,0.0,0.0,0.0,0,0
0.0,0.0,0.0,0.0,0.0,0.0,0.0,0.0,0,0
2271826.482257864,178699.66106881291,6246.004846731175,2086880.8163423198,500000000.0,393498305.344064,893498305.344064,893498305.344064,34,34
0.0,178699.66106881291,0.0,-178699.66106881291,0.0,0.0,0.0,893498305.344064,0,0
0.0,0.0,0.0,0.0,0.0,0.0,0.0,0.0,0,0
0.0,0.0,0.0,0.0,0.0,0.0,0.0,0.0,0,0
0.0,0.0,0.0,0.0,0.0,0.0,0.0,0.0,0,0
0.0,0.0,0.0,0.0,0.0,0.0,0.0,0.0,0,0
0.0,0.0,0.0,0.0,0.0,0.0,0.0,0.0,0,0
1318858.0536950373,144806.4555780081,7197.707690378187,1166853.8904266509,270576693.39621454,453455584.4938258,724032277.8900404,724032277.8900403,34,34
0.0,144806.4555780081,0.0,-144806.4555780081,0.0,0.0,0.0,724032277.8900403,0,0
5924002.345089585,159536.47556110407,4725.11710802413,5759740.752420457,500000000.00000006,297682377.80552024,797682377.8055203,797682377.8055203,35,35
0.0,159536.47556110407,0.0,-159536.47556110407,0.0,0.0,0.0,797682377.8055203,0,0
0.0,0.0,0.0,0.0,0.0,0.0,0.0,0.0,0,0
0.0,0.0,0.0,0.0,0.0,0.0,0.0,0.0,0,0
1325611.746204413,169789.09182336763,5538.816811378381,1150283.837569667,500000000.0,348945459.11683804,848945459.116838,848945459.116838,36,36
0.0,169789.09182336763,0.0,-169789.09182336763,0.0,0.0,0.0,848945459.116838,0,0
-747687.8315591541,179269.63850629085,6291.241151292927,-933248.7112167379,499999999.99999994,396348192.53145427,896348192.5314542,896348192.5314542,36,36
1180078.714285149,364460.58966400224,7936.507936507936,807681.6166846389,425954755.7885563,500000000.0,925954755.7885563,1057071217.9725884,36,36
0.0,185190.95115771124,0.0,-185190.95115771124,0.0,0.0,0.0,925954755.7885563,0,0
0.0,0.0,0.0,0.0,0.0,0.0,0.0,0.0,0,0
0.0,0.0,0.0,0.0,0.0,0.0,0.0,0.0,0,0
0.0,0.0,0.0,0.0,0.0,0.0,0.0,0.0,0,0
0.0,0.0,0.0,0.0,0.0,0.0,0.0,0.0,0,0
0.0,0.0,0.0,0.0,0.0,0.0,0.0,0.0,0,0
0.0,0.0,0.0,0.0,0.0,0.0,0.0,0.0,0,0
0.0,0.0,0.0,0.0,0.0,0.0,0.0,0.0,0,0
176457.51533464468,194779.05876350382,7522.147520913,-25843.69094977215,500000000.0,473895293.817519,973895293.817519,973895293.8175191,36,36
2377642.625094883,335824.48956688156,3257.573873283948,2038560.5616547174,499999999.99999994,205227154.01688877,705227154.0168887,999074308.6574646,36,36
0.0,141045.43080337776,0.0,-141045.43080337776,0.0,0.0,0.0,705227154.0168887,0,0
450806.411927301,170741.44748088092,5890.858745528358,274174.1057008917,482583136.43611777,371124100.9682865,853707237.4044043,853707237.4044043,36,36
1477515.4184714742,362882.72560077935,7312.799850785601,1107319.8930199093,499999999.99999994,460706390.5994928,960706390.5994928,1144703136.1132855,36,36
0.0,192141.27811989852,0.0,-192141.27811989852,0.0,0.0,0.0,960706390.5994928,0,0
0.0,0.0,0.0,0.0,0.0,0.0,0.0,0.0,0,0
0.0,0.0,0.0,0.0,0.0,0.0,0.0,0.0,0,0
0.0,0.0,0.0,0.0,0.0,0.0,0.0,0.0,0,0
0.0,0.0,0.0,0.0,0.0,0.0,0.0,0.0,0,0
0.0,0.0,0.0,0.0,0.0,0.0,0.0,0.0,0,0
0.0,0.0,0.0,0.0,0.0,0.0,0.0,0.0,0,0
679459.6250278575,144861.31424664002,3560.4217656063493,531037.889015611,500000000.00000006,224306571.2332,724306571.2332001,724306571.2332001,36,36
0.0,144861.31424664002,0.0,-144861.31424664002,0.0,0.0,0.0,724306571.2332001,0,0
0.0,0.0,0.0,0.0,0.0,0.0,0.0,0.0,0,0
0.0,0.0,0.0,0.0,0.0,0.0,0.0,0.0,0,0
1794929.2082214053,165888.65757067496,5229.25853735516,1623811.2921133752,499999999.99999994,329443287.853375,829443287.853375,829443287.853375,36,36
0.0,165888.65757067496,0.0,-165888.65757067496,0.0,0.0,0.0,829443287.853375,0,0
3025549.569499164,153514.17476188266,4247.156727133547,2867788.238010148,499999999.99999994,267570873.80941352,767570873.8094134,767570873.8094134,34,34
0.0,153514.17476188266,0.0,-153514.17476188266,0.0,0.0,0.0,767570873.8094134,0,0
0.0,0.0,0.0,0.0,0.0,0.0,0.0,0.0,0,0
0.0,0.0,0.0,0.0,0.0,0.0,0.0,0.0,0,0
0.0,0.0,0.0,0.0,0.0,0.0,0.0,0.0,0,0
0.0,0.0,0.0,0.0,0.0,0.0,0.0,0.0,0,0
0.0,0.0,0.0,0.0,0.0,0.0,0.0,0.0,0,0
0.0,0.0,0.0,0.0,0.0,0.0,0.0,0.0,0,0
0.0,0.0,0.0,0.0,0.0,0.0,0.0,0.0,0,0
0.0,0.0,0.0,0.0,0.0,0.0,0.0,0.0,0,0
0.0,0.0,0.0,0.0,0.0,0.0,0.0,0.0,0,0
-807624.1664486433,165385.88807223432,5189.3561962090635,-978199.4107170868,500000000.00000006,326929440.361171,826929440.361171,826929440.3611711,30,30
0.0,165385.88807223432,0.0,-165385.88807223432,0.0,0.0,0.0,826929440.3611711,0,0
0.0,0.0,0.0,0.0,0.0,0.0,0.0,0.0,0,0
1742945.6814421464,148972.5340872401,3886.7090545428655,1590086.4383003635,500000000.0,244862670.4362005,744862670.4362005,744862670.4362005,34,34
0.0,148972.5340872401,0.0,-148972.5340872401,0.0,0.0,0.0,744862670.4362005,0,0
0.0,0.0,0.0,0.0,0.0,0.0,0.0,0.0,0,0
126873.43764251795,178847.01133135005,6257.699312011904,-58231.273000844,500000000.0,394235056.65675,894235056.65675,894235056.6567501,36,36
870113.4050260587,357957.7623149899,6278.631030447619,505877.0116806212,500000000.0,395553754.9182,895553754.9182,882936060.8682431,37,37
0.0,179110.75098364003,0.0,-179110.75098364003,0.0,0.0,0.0,895553754.9182,0,0
0.0,0.0,0.0,0.0,0.0,0.0,0.0,0.0,0,0
-7665831.915583375,164463.9725533226,5116.188297882742,-7835412.076434581,500000000.0,322319862.76661277,822319862.7666128,822319862.7666128,36,36
733989.4654175851,328676.1502292676,5096.204577455953,400217.11061086156,500000000.0,321060888.37972504,821060888.379725,1148164020.3450112,36,36
0.0,164212.17767594501,0.0,-164212.17767594501,0.0,0.0,0.0,821060888.379725,0,0
0.0,0.0,0.0,0.0,0.0,0.0,0.0,0.0,0,0
0.0,0.0,0.0,0.0,0.0,0.0,0.0,0.0,0,0
0.0,0.0,0.0,0.0,0.0,0.0,0.0,0.0,0,0
0.0,0.0,0.0,0.0,0.0,0.0,0.0,0.0,0,0
0.0,0.0,0.0,0.0,0.0,0.0,0.0,0.0,0,0
627381.937453976,161364.66614507814,4870.211598815726,461147.05971008213,500000000.0,306823330.72539073,806823330.7253907,806823330.7253908,36,36
0.0,161364.66614507814,0.0,-161364.66614507814,0.0,0.0,0.0,806823330.7253908,0,0
0.0,0.0,0.0,0.0,0.0,0.0,0.0,0.0,0,0
0.0,0.0,0.0,0.0,0.0,0.0,0.0,0.0,0,0
0.0,0.0,0.0,0.0,0.0,0.0,0.0,0.0,0,0
0.0,0.0,0.0,0.0,0.0,0.0,0.0,0.0,0,0
0.0,0.0,0.0,0.0,0.0,0.0,0.0,0.0,0,0
0.0,0.0,0.0,0.0,0.0,0.0,0.0,0.0,0,0
0.0,0.0,0.0,0.0,0.0,0.0,0.0,0.0,0,0
0.0,0.0,0.0,0.0,0.0,0.0,0.0,0.0,0,0
0.0,0.0,0.0,0.0,0.0,0.0,0.0,0.0,0,0
0.0,0.0,0.0,0.0,0.0,0.0,0.0,0.0,0,0
0.0,0.0,0.0,0.0,0.0,0.0,0.0,0.0,0,0
6829528.521795926,170131.23081538203,5565.970699633493,6653831.3202809105,500000000.00000006,350656154.07691,850656154.07691,850656154.07691,35,35
0.0,170131.23081538203,0.0,-170131.23081538203,0.0,0.0,0.0,850656154.07691,0,0
0.0,0.0,0.0,0.0,0.0,0.0,0.0,0.0,0,0
0.0,0.0,0.0,0.0,0.0,0.0,0.0,0.0,0,0
0.0,0.0,0.0,0.0,0.0,0.0,0.0,0.0,0,0
0.0,0.0,0.0,0.0,0.0,0.0,0.0,0.0,0,0
0.0,0.0,0.0,0.0,0.0,0.0,0.0,0.0,0,0
0.0,0.0,0.0,0.0,0.0,0.0,0.0,0.0,0,0
0.0,0.0,0.0,0.0,0.0,0.0,0.0,0.0,0,0
0.0,0.0,0.0,0.0,0.0,0.0,0.0,0.0,0,0
0.0,0.0,0.0,0.0,0.0,0.0,0.0,0.0,0,0
0.0,0.0,0.0,0.0,0.0,0.0,0.0,0.0,0,0
-2376652.436589881,154019.38680116998,4287.252920727777,-2534959.0763117787,499999999.99999994,270096934.00585,770096934.00585,770096934.00585,36,36
2059633.7613857298,314317.678314206,4785.5786915107965,1740530.504380013,499999999.99999994,301491457.56518024,801491457.5651802,1021881514.1768897,36,36
0.0,160298.2915130361,0.0,-160298.2915130361,0.0,0.0,0.0,801491457.5651802,0,0
-383313.85313060606,165775.38072347085,5220.26831138657,-554309.5021654635,500000000.0,328876903.61735374,828876903.6173537,828876903.6173538,36,36
0.0,165775.38072347085,0.0,-165775.38072347085,0.0,0.0,0.0,828876903.6173538,0,0
0.0,0.0,0.0,0.0,0.0,0.0,0.0,0.0,0,0
0.0,0.0,0.0,0.0,0.0,0.0,0.0,0.0,0,0
0.0,0.0,0.0,0.0,0.0,0.0,0.0,0.0,0,0
0.0,0.0,0.0,0.0,0.0,0.0,0.0,0.0,0,0
1484715.3456945834,146685.8972660547,3705.229941750369,1334324.2184867782,500000000.0,233429486.33027327,733429486.3302733,733429486.3302733,34,34
0.0,146685.8972660547,0.0,-146685.8972660547,0.0,0.0,0.0,733429486.3302733,0,0
208771.58202594423,200000.00000000003,7936.507936507936,835.0740894362607,500000000.00000006,500000000.0,1000000000.0,1000000000.0,32,32
0.0,200000.00000000003,0.0,-200000.00000000003,0.0,0.0,0.0,1000000000.0,0,0
-70045.47003297851,200000.0,7936.507936507934,-277981.97796948644,499999999.99999994,499999999.99999994,999999999.9999999,999999999.9999999,32,32
0.0,200000.0,0.0,-200000.0,0.0,0.0,0.0,999999999.9999999,0,0
373765.8153566489,76715.73699304006,2317.4257802346347,294732.6525833742,237580860.81041828,145997824.154782,383578684.9652003,383578684.96520025,26,26
0.0,76715.73699304006,0.0,-76715.73699304006,0.0,0.0,0.0,383578684.96520025,0,0
1611633.651807105,163497.69307092763,5039.4994500736175,1443096.4592861037,500000000.0,317488465.35463804,817488465.3546381,817488465.354638,28,28
0.0,163497.69307092763,0.0,-163497.69307092763,0.0,0.0,0.0,817488465.354638,0,0
0.0,0.0,0.0,0.0,0.0,0.0,0.0,0.0,0,0
-579361.0768149821,162072.0330709921,4926.351831031115,-746359.4617170054,500000000.0,310360165.35496026,810360165.3549602,810360165.3549603,29,29
1283034.942367216,327853.2005148123,5220.727574906374,949961.0142774974,500000000.0,328905837.21910155,828905837.2191015,839745945.3655355,29,29
0.0,165781.1674438203,0.0,-165781.1674438203,0.0,0.0,0.0,828905837.2191015,0,0
39786.0803023814,162232.47505655274,4939.085321948631,-127385.48007611997,500000000.0,311162375.2827638,811162375.2827637,811162375.2827637,33,33
-6607601.53879487,331175.18200996274,5471.643409000793,-6944248.364213833,499999999.99999994,344713534.76705,844713534.76705,1197377411.0993211,33,33
-3117396.882065925,325164.21224048047,4462.024229132587,-3447023.1185355377,499999999.99999994,281107526.43535304,781107526.435353,959825778.8905458,33,33
0.0,156221.50528707064,0.0,-156221.50528707064,0.0,0.0,0.0,781107526.4353529,0,0
0.0,0.0,0.0,0.0,0.0,0.0,0.0,0.0,0,0
0.0,0.0,0.0,0.0,0.0,0.0,0.0,0.0,0,0
0.0,0.0,0.0,0.0,0.0,0.0,0.0,0.0,0,0
0.0,0.0,0.0,0.0,0.0,0.0,0.0,0.0,0,0
39880.32891912269,158384.56121089778,4633.695334198234,-123137.92762597332,500000000.0,291922806.0544888,791922806.0544888,791922806.0544888,35,35
123927.4291804448,316808.1519700283,4636.792917391309,-197517.5157069748,500000000.00000006,292117953.7956525,792117953.7956526,825650195.0958812,35,35
2683666.1459615943,308126.1612245198,3944.648449634076,2371595.3362874403,499999999.99999994,248512852.32694677,748512852.3269467,783673735.2301085,35,35
0.0,149702.57046538938,0.0,-149702.57046538938,0.0,0.0,0.0,748512852.3269467,0,0
1795791.9161473317,148081.46102142558,3815.9889699544087,1643894.4661559516,500000000.0,240407305.10712776,740407305.1071278,740407305.1071278,34,34
0.0,148081.46102142558,0.0,-148081.46102142558,0.0,0.0,0.0,740407305.1071278,0,0
0.0,0.0,0.0,0.0,0.0,0.0,0.0,0.0,0,0
0.0,0.0,0.0,0.0,0.0,0.0,0.0,0.0,0,0
0.0,0.0,0.0,0.0,0.0,0.0,0.0,0.0,0,0
0.0,0.0,0.0,0.0,0.0,0.0,0.0,0.0,0,0
0.0,0.0,0.0,0.0,0.0,0.0,0.0,0.0,0,0
0.0,0.0,0.0,0.0,0.0,0.0,0.0,0.0,0,0
0.0,0.0,0.0,0.0,0.0,0.0,0.0,0.0,0,0
0.0,0.0,0.0,0.0,0.0,0.0,0.0,0.0,0,0
0.0,0.0,0.0,0.0,0.0,0.0,0.0,0.0,0,0
2065150.304163271,173966.90923384952,5870.389621734087,1885313.0053076874,500000000.0,369834546.1692475,869834546.1692475,869834546.1692475,33,33
0.0,173966.90923384952,0.0,-173966.90923384952,0.0,0.0,0.0,869834546.1692475,0,0
0.0,0.0,0.0,0.0,0.0,0.0,0.0,0.0,0,0
0.0,0.0,0.0,0.0,0.0,0.0,0.0,0.0,0,0
0.0,0.0,0.0,0.0,0.0,0.0,0.0,0.0,0,0
0.0,0.0,0.0,0.0,0.0,0.0,0.0,0.0,0,0
0.0,0.0,0.0,0.0,0.0,0.0,0.0,0.0,0,0
0.0,0.0,0.0,0.0,0.0,0.0,0.0,0.0,0,0
0.0,0.0,0.0,0.0,0.0,0.0,0.0,0.0,0,0
0.0,0.0,0.0,0.0,0.0,0.0,0.0,0.0,0,0
0.0,0.0,0.0,0.0,0.0,0.0,0.0,0.0,0,0
0.0,0.0,0.0,0.0,0.0,0.0,0.0,0.0,0,0
0.0,0.0,0.0,0.0,0.0,0.0,0.0,0.0,0,0
0.0,0.0,0.0,0.0,0.0,0.0,0.0,0.0,0,0
0.0,0.0,0.0,0.0,0.0,0.0,0.0,0.0,0,0
0.0,0.0,0.0,0.0,0.0,0.0,0.0,0.0,0,0
0.0,0.0,0.0,0.0,0.0,0.0,0.0,0.0,0,0
0.0,0.0,0.0,0.0,0.0,0.0,0.0,0.0,0,0
0.0,0.0,0.0,0.0,0.0,0.0,0.0,0.0,0,0
0.0,0.0,0.0,0.0,0.0,0.0,0.0,0.0,0,0
0.0,0.0,0.0,0.0,0.0,0.0,0.0,0.0,0,0
0.0,0.0,0.0,0.0,0.0,0.0,0.0,0.0,0,0
0.0,0.0,0.0,0.0,0.0,0.0,0.0,0.0,0,0
0.0,0.0,0.0,0.0,0.0,0.0,0.0,0.0,0,0
0.0,0.0,0.0,0.0,0.0,0.0,0.0,0.0,0,0
0.0,0.0,0.0,0.0,0.0,0.0,0.0,0.0,0,0
0.0,0.0,0.0,0.0,0.0,0.0,0.0,0.0,0,0
0.0,0.0,0.0,0.0,0.0,0.0,0.0,0.0,0,0
0.0,0.0,0.0,0.0,0.0,0.0,0.0,0.0,0,0
4491022.915963192,156269.88965733888,4465.864258518959,4330287.162047333,500000000.0,281349448.2866945,781349448.2866945,781349448.2866945,32,32
0.0,156269.88965733888,0.0,-156269.88965733888,0.0,0.0,0.0,781349448.2866945,0,0
0.0,0.0,0.0,0.0,0.0,0.0,0.0,0.0,0,0
0.0,0.0,0.0,0.0,0.0,0.0,0.0,0.0,0,0
1947883.2515575339,141107.57321114524,3262.50581040835,1803513.1725359801,500000000.00000006,205537866.05572602,705537866.055726,705537866.055726,27,27
0.0,141107.57321114524,0.0,-141107.57321114524,0.0,0.0,0.0,705537866.055726,0,0
631203.6821597383,135382.5023464045,2808.135106857504,493013.04470647627,499999999.99999994,176912511.73202276,676912511.7320228,676912511.7320226,28,28
1651315.181758024,317458.0185877966,6513.929860427956,1327343.2333097993,500000000.00000006,410377581.2069613,910377581.2069614,990437309.7102278,30,30
0.0,182075.5162413923,0.0,-182075.5162413923,0.0,0.0,0.0,910377581.2069614,0,0
0.0,0.0,0.0,0.0,0.0,0.0,0.0,0.0,0,0
0.0,0.0,0.0,0.0,0.0,0.0,0.0,0.0,0,0
0.0,0.0,0.0,0.0,0.0,0.0,0.0,0.0,0,0
0.0,0.0,0.0,0.0,0.0,0.0,0.0,0.0,0,0
0.0,0.0,0.0,0.0,0.0,0.0,0.0,0.0,0,0
-3349578.632477767,167668.90949840398,5370.548372889207,-3522618.09034906,499999999.99999994,338344547.49202,838344547.4920199,838344547.49202,33,33
811898.1042700671,321754.8707192584,4292.536604829715,485850.69694597897,500000000.0,270429806.104272,770429806.104272,1129947071.4996884,34,34
0.0,154085.9612208544,0.0,-154085.9612208544,0.0,0.0,0.0,770429806.104272,0,0
-1188759.5687953848,185425.25409363434,6779.782070923362,-1380964.6049599426,500000000.0,427126270.4681718,927126270.4681718,927126270.4681717,36,36
-3144178.618580175,350604.3339667389,5117.8834762781435,-3499900.8360231924,500000000.0,322426659.005523,822426659.005523,1089311304.5230477,36,36
2083968.3038151895,319982.8907455385,4404.56817019317,1759580.8448994579,500000000.0,277487794.72216976,777487794.7221698,979892317.062229,36,36
0.0,155497.55894443407,0.0,-155497.55894443407,0.0,0.0,0.0,777487794.7221698,0,0
1880419.0522571318,200000.0,7936.507936507936,1672482.5443206239,499999999.99999994,499999999.99999994,999999999.9999999,999999999.9999999,37,37
0.0,200000.0,0.0,-200000.0,0.0,0.0,0.0,999999999.9999999,0,0
0.0,0.0,0.0,0.0,0.0,0.0,0.0,0.0,0,0
0.0,0.0,0.0,0.0,0.0,0.0,0.0,0.0,0,0
0.0,0.0,0.0,0.0,0.0,0.0,0.0,0.0,0,0
0.0,0.0,0.0,0.0,0.0,0.0,0.0,0.0,0,0
0.0,0.0,0.0,0.0,0.0,0.0,0.0,0.0,0,0
0.0,0.0,0.0,0.0,0.0,0.0,0.0,0.0,0,0
0.0,0.0,0.0,0.0,0.0,0.0,0.0,0.0,0,0
750284.877506884,172636.58624379605,5764.80843204731,571883.4828310407,499999999.99999994,363182931.2189805,863182931.2189804,863182931.2189804,35,35
0.0,172636.58624379605,0.0,-172636.58624379605,0.0,0.0,0.0,863182931.2189804,0,0
0.0,0.0,0.0,0.0,0.0,0.0,0.0,0.0,0,0
3946264.717313027,200000.00000000003,7936.507936507937,3738328.209376519,500000000.0,500000000.0,1000000000.0,1000000000.0,36,36
2959528.313465608,373843.4505697199,5860.591315057134,2579824.2715808307,500000000.00000006,369217252.8485995,869217252.8485996,1336638382.6199203,36,36
0.0,173843.4505697199,0.0,-173843.4505697199,0.0,0.0,0.0,869217252.8485996,0,0
-961077.5685949118,182366.3106376155,6537.008780763135,-1149980.8880132902,499999999.99999994,411831553.1880775,911831553.1880774,911831553.1880774,36,36
0.0,182366.3106376155,0.0,-182366.3106376155,0.0,0.0,0.0,911831553.1880774,0,0
0.0,0.0,0.0,0.0,0.0,0.0,0.0,0.0,0,0
0.0,0.0,0.0,0.0,0.0,0.0,0.0,0.0,0,0
0.0,0.0,0.0,0.0,0.0,0.0,0.0,0.0,0,0
87003.55075999585,167044.5477420408,5320.995852542921,-85361.99283458787,500000000.0,335222738.710204,835222738.710204,835222738.710204,37,37
3404042.4553247546,355332.1392563272,6956.450212033829,3041753.8658563937,499999999.99999994,438256363.35813123,938256363.3581312,1462583090.8231173,37,37
778650.5227162732,387651.2726716265,7936.507936507937,383062.7421081388,500000000.0,500000000.0,1000000000.0,1023493090.9628348,37,37
961418.3477854575,366146.21118683874,4971.598847391961,590300.5377512267,500000000.0,313210727.3856935,813210727.3856936,939329682.7188474,37,37
1448906.199949039,348308.61469783314,6686.0727562971815,1093911.5124949086,499999999.99999994,421222583.6467225,921222583.6467224,917054990.1183045,37,37
444424.7467510802,357461.5078833795,5810.872313812297,81152.36655388838,499999999.99999994,366084955.7701748,866084955.7701747,1101560765.863202,37,37
0.0,173216.99115403497,0.0,-173216.99115403497,0.0,0.0,0.0,866084955.7701747,0,0
0.0,0.0,0.0,0.0,0.0,0.0,0.0,0.0,0,0
0.0,0.0,0.0,0.0,0.0,0.0,0.0,0.0,0,0
900112.0376859404,145736.40779030975,3629.8736341515637,750745.7562614791,500000000.0,228682038.95154852,728682038.9515486,728682038.9515485,38,38
2031705.0218703984,300154.7679995018,4318.9174769200035,1727231.3363939766,500000000.00000006,272091801.04596025,772091801.0459603,1200773700.3677788,37,37
-486291.71107590944,355288.33289719204,7936.507936507937,-849516.5519096095,500000000.0,500000000.0,1000000000.0,1229690613.7665358,37,37
1998252.882808099,400000.0,7936.507936507936,1590316.374871591,499999999.99999994,500000000.0,1000000000.0,1403345555.2688255,37,37
1908162.4419491729,399999.9999999999,7936.507936507936,1500225.934012665,500000000.0,500000000.00000006,1000000000.0,1307869748.972931,38,38
-1161384.5322588559,367525.86135662557,5359.195345763928,-1534269.5889612453,500000000.00000006,337629306.78312755,837629306.7831275,1134709605.6496851,37,37
815704.8794365537,334153.7211780955,7936.507936507936,473614.65032195026,333139299.10735,500000000.0,833139299.10735,1354488381.9115686,37,37
660787.9989483722,277921.34071315,5032.043970798219,377834.614264424,239448634.29811227,317018770.1602878,556467404.4584,951091996.64164,37,37
1841050.2020073982,235205.85523360773,3832.2166299440473,1602012.1301438464,378132224.02316326,241429647.686475,619561871.7096382,733283877.2219763,37,37
4032210.0033347164,282546.0076231976,4653.462958830964,3745010.532752688,500000000.00000006,293168166.4063508,793168166.4063509,841851419.4644209,37,37
567813.7321744891,308227.97777264134,5259.890431931776,254325.86396991595,416598625.2451543,331373097.211702,747971722.4568563,1105849942.4369824,37,37
1195942.169314773,351493.760463763,7936.507936507935,836511.9009145021,500000000.0,499999999.99999994,1000000000.0,1357871960.2104313,36,36
2444568.1166262734,400000.0000000001,7936.507936507938,2036631.6086897654,500000000.0,500000000.0,1000000000.0,1431510956.116675,36,36
816219.8347042922,373155.4864020168,5805.9909842870165,437258.35731798847,500000000.0,365777432.010082,865777432.010082,1087259772.821998,36,36
1836182.0642774152,313200.4027335007,3178.167962816206,1519803.4935810983,499999999.99999994,200224581.65742102,700224581.657421,1058395788.4704741,35,35
2500750.710396675,291827.6084116072,4109.737466676429,2204813.364518391,500000000.00000006,258913460.400615,758913460.4006151,763716594.1388757,34,34
0.0,151782.69208012303,0.0,-151782.69208012303,0.0,0.0,0.0,758913460.4006151,0,0
845400.3713829605,148848.51302512008,3876.8661131047634,692674.9922447357,500000000.00000006,244242565.1256,744242565.1256001,744242565.1256001,35,35
-4305211.379846615,300326.5185114834,4085.5559909812264,-4609623.454349079,500000000.00000006,257390027.43181726,757390027.4318173,859156259.4104103,36,36
3072309.5278755,340707.95535797114,6954.0252276209285,2724647.547289908,500000000.00000006,438103589.3401185,938103589.3401186,1114567947.4410584,35,35
0.0,187620.7178680237,0.0,-187620.7178680237,0.0,0.0,0.0,938103589.3401185,0,0
-2897303.362166434,149622.13517439354,3938.264696380441,-3050863.7620372083,500000000.0,248110675.87196776,748110675.8719678,748110675.8719678,33,33
-6120103.2222702345,305302.1362051079,4419.047700850329,-6429824.406176193,500000000.0,278400005.1535708,778400005.1535708,1092773347.9341092,34,34
176966.02402462234,367749.3002958944,7936.507936507938,-198719.78420777997,500000000.0000001,500000000.0,1000000000.0000001,1344408987.3526175,36,36
-1323955.870981061,353587.2669165556,3799.9354151566035,-1681343.0733127731,500000000.00000006,239395931.154866,739395931.1548661,1177644128.2143548,36,36
1790113.8743825767,307212.88756885275,4552.261591565047,1478348.725222159,499999999.99999994,286792480.268598,786792480.268598,1102989548.0121455,35,35
5075211.264017285,330040.9479337751,5768.448561909168,4739401.8675216,499999999.99999994,363412259.4002775,863412259.4002774,1042378816.9595395,35,35
3817721.2399596847,342860.15128247254,4987.131860581071,3469873.956816631,500000000.0,314189307.2166075,814189307.2166076,1035596678.4443283,36,36
-1548607.748841996,326668.3338711455,4355.5037587421775,-1879631.5864718838,500000000.0,274396736.8007573,774396736.8007573,1012647211.2039838,38,38
0.0,154879.3473601514,0.0,-154879.3473601514,0.0,0.0,0.0,774396736.8007573,0,0
0.0,0.0,0.0,0.0,0.0,0.0,0.0,0.0,0,0
0.0,0.0,0.0,0.0,0.0,0.0,0.0,0.0,0,0
-995857.3688848045,186456.56521562755,6861.632159970441,-1189175.5662604026,500000000.0,432282826.07813776,932282826.0781378,932282826.0781378,37,37
0.0,186456.56521562755,0.0,-186456.56521562755,0.0,0.0,0.0,932282826.0781378,0,0
0.0,0.0,0.0,0.0,0.0,0.0,0.0,0.0,0,0
0.0,0.0,0.0,0.0,0.0,0.0,0.0,0.0,0,0
0.0,0.0,0.0,0.0,0.0,0.0,0.0,0.0,0,0
0.0,0.0,0.0,0.0,0.0,0.0,0.0,0.0,0,0
0.0,0.0,0.0,0.0,0.0,0.0,0.0,0.0,0,0
0.0,0.0,0.0,0.0,0.0,0.0,0.0,0.0,0,0
0.0,0.0,0.0,0.0,0.0,0.0,0.0,0.0,0,0
-1420479.1345947962,200000.0,7936.5079365079355,-1628415.6425313042,499999999.9999999,500000000.0,999999999.9999999,999999999.9999999,39,39
0.0,200000.0,0.0,-200000.0,0.0,0.0,0.0,999999999.9999999,0,0
0.0,0.0,0.0,0.0,0.0,0.0,0.0,0.0,0,0
0.0,0.0,0.0,0.0,0.0,0.0,0.0,0.0,0,0
0.0,0.0,0.0,0.0,0.0,0.0,0.0,0.0,0,0
0.0,0.0,0.0,0.0,0.0,0.0,0.0,0.0,0,0
0.0,0.0,0.0,0.0,0.0,0.0,0.0,0.0,0,0
0.0,0.0,0.0,0.0,0.0,0.0,0.0,0.0,0,0
0.0,0.0,0.0,0.0,0.0,0.0,0.0,0.0,0,0
0.0,0.0,0.0,0.0,0.0,0.0,0.0,0.0,0,0
0.0,0.0,0.0,0.0,0.0,0.0,0.0,0.0,0,0
0.0,0.0,0.0,0.0,0.0,0.0,0.0,0.0,0,0
0.0,0.0,0.0,0.0,0.0,0.0,0.0,0.0,0,0
0.0,0.0,0.0,0.0,0.0,0.0,0.0,0.0,0,0
0.0,0.0,0.0,0.0,0.0,0.0,0.0,0.0,0,0
0.0,0.0,0.0,0.0,0.0,0.0,0.0,0.0,0,0
0.0,0.0,0.0,0.0,0.0,0.0,0.0,0.0,0,0
-1812811.8313256898,147382.97485613005,3760.553560010318,-1963955.3597418303,500000000.00000006,236914874.28065002,736914874.2806501,736914874.28065,39,39
0.0,147382.97485613005,0.0,-147382.97485613005,0.0,0.0,0.0,736914874.28065,0,0
0.0,0.0,0.0,0.0,0.0,0.0,0.0,0.0,0,0
0.0,0.0,0.0,0.0,0.0,0.0,0.0,0.0,0,0
0.0,0.0,0.0,0.0,0.0,0.0,0.0,0.0,0,0
4915465.296861196,147293.42905712943,3753.4467505658204,4764418.421053501,500000000.00000006,236467145.28564677,736467145.2856468,736467145.2856468,39,39
0.0,147293.42905712943,0.0,-147293.42905712943,0.0,0.0,0.0,736467145.2856468,0,0
5031531.013514159,167901.73622716294,5389.026684695468,4858240.2506023,500000000.0,339508681.1358145,839508681.1358144,839508681.1358145,39,39
0.0,167901.73622716294,0.0,-167901.73622716294,0.0,0.0,0.0,839508681.1358145,0,0
-3178827.19935809,147451.85783456182,3766.02046306046,-3330045.077655712,499999999.9999999,237259289.172809,737259289.1728089,737259289.1728089,39,39
0.0,147451.85783456182,0.0,-147451.85783456182,0.0,0.0,0.0,737259289.1728089,0,0
0.0,0.0,0.0,0.0,0.0,0.0,0.0,0.0,0,0
0.0,0.0,0.0,0.0,0.0,0.0,0.0,0.0,0,0
0.0,0.0,0.0,0.0,0.0,0.0,0.0,0.0,0,0
0.0,0.0,0.0,0.0,0.0,0.0,0.0,0.0,0,0
0.0,0.0,0.0,0.0,0.0,0.0,0.0,0.0,0,0
0.0,0.0,0.0,0.0,0.0,0.0,0.0,0.0,0,0
0.0,0.0,0.0,0.0,0.0,0.0,0.0,0.0,0,0
0.0,0.0,0.0,0.0,0.0,0.0,0.0,0.0,0,0
0.0,0.0,0.0,0.0,0.0,0.0,0.0,0.0,0,0
0.0,0.0,0.0,0.0,0.0,0.0,0.0,0.0,0,0
0.0,0.0,0.0,0.0,0.0,0.0,0.0,0.0,0,0
0.0,0.0,0.0,0.0,0.0,0.0,0.0,0.0,0,0
0.0,0.0,0.0,0.0,0.0,0.0,0.0,0.0,0,0
0.0,0.0,0.0,0.0,0.0,0.0,0.0,0.0,0,0
0.0,0.0,0.0,0.0,0.0,0.0,0.0,0.0,0,0
0.0,0.0,0.0,0.0,0.0,0.0,0.0,0.0,0,0
0.0,0.0,0.0,0.0,0.0,0.0,0.0,0.0,0,0
0.0,0.0,0.0,0.0,0.0,0.0,0.0,0.0,0,0
0.0,0.0,0.0,0.0,0.0,0.0,0.0,0.0,0,0
0.0,0.0,0.0,0.0,0.0,0.0,0.0,0.0,0,0
0.0,0.0,0.0,0.0,0.0,0.0,0.0,0.0,0,0
0.0,0.0,0.0,0.0,0.0,0.0,0.0,0.0,0,0
0.0,0.0,0.0,0.0,0.0,0.0,0.0,0.0,0,0
0.0,0.0,0.0,0.0,0.0,0.0,0.0,0.0,0,0
0.0,0.0,0.0,0.0,0.0,0.0,0.0,0.0,0,0
0.0,0.0,0.0,0.0,0.0,0.0,0.0,0.0,0,0
0.0,0.0,0.0,0.0,0.0,0.0,0.0,0.0,0,0
0.0,0.0,0.0,0.0,0.0,0.0,0.0,0.0,0,0
0.0,0.0,0.0,0.0,0.0,0.0,0.0,0.0,0,0
0.0,0.0,0.0,0.0,0.0,0.0,0.0,0.0,0,0
0.0,0.0,0.0,0.0,0.0,0.0,0.0,0.0,0,0
0.0,0.0,0.0,0.0,0.0,0.0,0.0,0.0,0,0
0.0,0.0,0.0,0.0,0.0,0.0,0.0,0.0,0,0
0.0,0.0,0.0,0.0,0.0,0.0,0.0,0.0,0,0
0.0,0.0,0.0,0.0,0.0,0.0,0.0,0.0,0,0
0.0,0.0,0.0,0.0,0.0,0.0,0.0,0.0,0,0
0.0,0.0,0.0,0.0,0.0,0.0,0.0,0.0,0,0
0.0,0.0,0.0,0.0,0.0,0.0,0.0,0.0,0,0
0.0,0.0,0.0,0.0,0.0,0.0,0.0,0.0,0,0
0.0,0.0,0.0,0.0,0.0,0.0,0.0,0.0,0,0
0.0,0.0,0.0,0.0,0.0,0.0,0.0,0.0,0,0
0.0,0.0,0.0,0.0,0.0,0.0,0.0,0.0,0,0
0.0,0.0,0.0,0.0,0.0,0.0,0.0,0.0,0,0
0.0,0.0,0.0,0.0,0.0,0.0,0.0,0.0,0,0
0.0,0.0,0.0,0.0,0.0,0.0,0.0,0.0,0,0
0.0,0.0,0.0,0.0,0.0,0.0,0.0,0.0,0,0
0.0,0.0,0.0,0.0,0.0,0.0,0.0,0.0,0,0
0.0,0.0,0.0,0.0,0.0,0.0,0.0,0.0,0,0
0.0,0.0,0.0,0.0,0.0,0.0,0.0,0.0,0,0
0.0,0.0,0.0,0.0,0.0,0.0,0.0,0.0,0,0
0.0,0.0,0.0,0.0,0.0,0.0,0.0,0.0,0,0
0.0,0.0,0.0,0.0,0.0,0.0,0.0,0.0,0,0
0.0,0.0,0.0,0.0,0.0,0.0,0.0,0.0,0,0
-1316490.570464415,165800.77868193007,5222.2840223754,-1487513.6331687206,500000000.00000006,329003893.40965027,829003893.4096503,829003893.4096503,39,39
0.0,165800.77868193007,0.0,-165800.77868193007,0.0,0.0,0.0,829003893.4096503,0,0
0.0,0.0,0.0,0.0,0.0,0.0,0.0,0.0,0,0
2155907.6093441825,166714.67233113435,5294.815264375739,1983898.1217486726,500000000.00000006,333573361.65567154,833573361.6556716,833573361.6556716,39,39
0.0,166714.67233113435,0.0,-166714.67233113435,0.0,0.0,0.0,833573361.6556716,0,0
0.0,0.0,0.0,0.0,0.0,0.0,0.0,0.0,0,0
0.0,0.0,0.0,0.0,0.0,0.0,0.0,0.0,0,0
0.0,0.0,0.0,0.0,0.0,0.0,0.0,0.0,0,0
0.0,0.0,0.0,0.0,0.0,0.0,0.0,0.0,0,0
0.0,0.0,0.0,0.0,0.0,0.0,0.0,0.0,0,0
0.0,0.0,0.0,0.0,0.0,0.0,0.0,0.0,0,0
-1959699.4821188697,179678.4319509076,6323.685075468854,-2145701.599145246,500000000.0,398392159.75453776,898392159.7545378,898392159.7545378,39,39
0.0,179678.4319509076,0.0,-179678.4319509076,0.0,0.0,0.0,898392159.7545378,0,0
0.0,0.0,0.0,0.0,0.0,0.0,0.0,0.0,0,0
0.0,0.0,0.0,0.0,0.0,0.0,0.0,0.0,0,0
0.0,0.0,0.0,0.0,0.0,0.0,0.0,0.0,0,0
0.0,0.0,0.0,0.0,0.0,0.0,0.0,0.0,0,0
0.0,0.0,0.0,0.0,0.0,0.0,0.0,0.0,0,0
0.0,0.0,0.0,0.0,0.0,0.0,0.0,0.0,0,0
0.0,0.0,0.0,0.0,0.0,0.0,0.0,0.0,0,0
0.0,0.0,0.0,0.0,0.0,0.0,0.0,0.0,0,0
0.0,0.0,0.0,0.0,0.0,0.0,0.0,0.0,0,0
0.0,0.0,0.0,0.0,0.0,0.0,0.0,0.0,0,0
0.0,0.0,0.0,0.0,0.0,0.0,0.0,0.0,0,0
0.0,0.0,0.0,0.0,0.0,0.0,0.0,0.0,0,0
0.0,0.0,0.0,0.0,0.0,0.0,0.0,0.0,0,0
0.0,0.0,0.0,0.0,0.0,0.0,0.0,0.0,0,0
0.0,0.0,0.0,0.0,0.0,0.0,0.0,0.0,0,0
0.0,0.0,0.0,0.0,0.0,0.0,0.0,0.0,0,0
0.0,0.0,0.0,0.0,0.0,0.0,0.0,0.0,0,0
0.0,0.0,0.0,0.0,0.0,0.0,0.0,0.0,0,0
0.0,0.0,0.0,0.0,0.0,0.0,0.0,0.0,0,0
0.0,0.0,0.0,0.0,0.0,0.0,0.0,0.0,0,0
-1777006.1133737385,200000.00000000015,7936.507936507937,-1984942.6213102466,500000000.0,500000000.00000006,1000000000.0,1000000000.0,39,39
0.0,200000.00000000015,0.0,-200000.00000000015,0.0,0.0,0.0,1000000000.0,0,0
0.0,0.0,0.0,0.0,0.0,0.0,0.0,0.0,0,0
1351350.6452444724,183913.270371655,6659.783362829753,1160777.5915099876,500000000.0,419566351.8582745,919566351.8582745,919566351.8582746,39,39
0.0,183913.270371655,0.0,-183913.270371655,0.0,0.0,0.0,919566351.8582746,0,0
0.0,0.0,0.0,0.0,0.0,0.0,0.0,0.0,0,0
0.0,0.0,0.0,0.0,0.0,0.0,0.0,0.0,0,0
0.0,0.0,0.0,0.0,0.0,0.0,0.0,0.0,0,0
0.0,0.0,0.0,0.0,0.0,0.0,0.0,0.0,0,0
0.0,0.0,0.0,0.0,0.0,0.0,0.0,0.0,0,0
0.0,0.0,0.0,0.0,0.0,0.0,0.0,0.0,0,0
0.0,0.0,0.0,0.0,0.0,0.0,0.0,0.0,0,0
0.0,0.0,0.0,0.0,0.0,0.0,0.0,0.0,0,0
0.0,0.0,0.0,0.0,0.0,0.0,0.0,0.0,0,0
0.0,0.0,0.0,0.0,0.0,0.0,0.0,0.0,0,0
0.0,0.0,0.0,0.0,0.0,0.0,0.0,0.0,0,0
0.0,0.0,0.0,0.0,0.0,0.0,0.0,0.0,0,0
0.0,0.0,0.0,0.0,0.0,0.0,0.0,0.0,0,0
0.0,0.0,0.0,0.0,0.0,0.0,0.0,0.0,0,0
0.0,0.0,0.0,0.0,0.0,0.0,0.0,0.0,0,0
0.0,0.0,0.0,0.0,0.0,0.0,0.0,0.0,0,0
0.0,0.0,0.0,0.0,0.0,0.0,0.0,0.0,0,0
0.0,0.0,0.0,0.0,0.0,0.0,0.0,0.0,0,0
0.0,0.0,0.0,0.0,0.0,0.0,0.0,0.0,0,0
0.0,0.0,0.0,0.0,0.0,0.0,0.0,0.0,0,0
0.0,0.0,0.0,0.0,0.0,0.0,0.0,0.0,0,0
0.0,0.0,0.0,0.0,0.0,0.0,0.0,0.0,0,0
0.0,0.0,0.0,0.0,0.0,0.0,0.0,0.0,0,0
0.0,0.0,0.0,0.0,0.0,0.0,0.0,0.0,0,0
0.0,0.0,0.0,0.0,0.0,0.0,0.0,0.0,0,0
0.0,0.0,0.0,0.0,0.0,0.0,0.0,0.0,0,0
0.0,0.0,0.0,0.0,0.0,0.0,0.0,0.0,0,0
0.0,0.0,0.0,0.0,0.0,0.0,0.0,0.0,0,0
0.0,0.0,0.0,0.0,0.0,0.0,0.0,0.0,0,0
0.0,0.0,0.0,0.0,0.0,0.0,0.0,0.0,0,0
0.0,0.0,0.0,0.0,0.0,0.0,0.0,0.0,0,0
0.0,0.0,0.0,0.0,0.0,0.0,0.0,0.0,0,0
0.0,0.0,0.0,0.0,0.0,0.0,0.0,0.0,0,0
-1936626.817263817,176256.94312734384,6052.138343439983,-2118935.8987346007,499999999.9999999,381284715.63671905,881284715.636719,881284715.6367189,39,39
-2010142.9099905924,350136.8432025387,5557.555561223412,-2365837.3087543547,500000000.0,350126000.35707504,850126000.357075,822403572.9655322,39,39
-4013291.6354074487,359831.2555100785,7127.464717354244,-4380250.355634882,499999999.99999994,449030277.1933173,949030277.1933172,886222912.0781223,39,39
13849816.450155776,329918.44944689417,3066.94326446275,13516831.05744442,500000000.00000006,193217425.66115326,693217425.6611533,1209471192.8472497,39,39
510609.33245555416,296101.29206182325,4560.143407110532,209947.89698662038,500000000.0,287289034.6479635,787289034.6479635,1093348149.4469097,39,39
4239710.806797213,332105.571620116,4652.132429409084,3902953.1027476876,500000000.0,293084343.0527723,793084343.0527723,1130098347.8092701,39,39
0.0,158616.8686105544,0.0,-158616.8686105544,0.0,0.0,0.0,793084343.0527723,0,0
-1250713.366768607,146194.98920556443,3666.2689845686077,-1400574.6249587398,500000000.0,230974946.02782226,730974946.0278223,730974946.0278223,37,37
2043905.6769982094,312279.3814453342,5244.793034902355,1726381.502517973,500000000.0,330421961.19884855,830421961.1988485,987233121.4460899,37,37
0.0,166084.3922397697,0.0,-166084.3922397697,0.0,0.0,0.0,830421961.1988485,0,0
0.0,0.0,0.0,0.0,0.0,0.0,0.0,0.0,0,0
-741093.1417703405,161516.62497941926,4882.2718237634335,-907492.0385735232,500000000.00000006,307583124.8970963,807583124.8970964,807583124.8970963,35,35
4961903.620524881,333331.55518319376,4681.9056246313185,4623890.159717057,500000000.0,294960054.351773,794960054.351773,1164601453.4997392,32,32
-2221508.101488613,383266.7209944803,7936.507936507936,-2612711.3304196014,500000000.0,500000000.0,1000000000.0,1455803900.2156544,31,31
8711983.53776333,376707.10291375796,4568.325531020437,8330708.109318551,500000000.0,287804508.4542875,787804508.4542875,1322920416.4505444,33,33
918402.8182938749,330267.3394873723,3759.5774060131075,584375.9014004894,500000000.0,236853376.57882577,736853376.5788257,1402513241.4769607,34,34
12921005.016869567,324041.45661851444,4599.126820188826,12592364.433430865,500000000.0,289744989.671896,789744989.671896,1365076626.2073648,35,35
1982007.363449306,324668.3411190889,5295.185967040446,1652043.8363631766,500000000.00000006,333596715.923548,833596715.923548,999629600.4724126,33,33
0.0,166719.34318470958,0.0,-166719.34318470958,0.0,0.0,0.0,833596715.9235481,0,0
0.0,0.0,0.0,0.0,0.0,0.0,0.0,0.0,0,0
0.0,0.0,0.0,0.0,0.0,0.0,0.0,0.0,0,0
0.0,0.0,0.0,0.0,0.0,0.0,0.0,0.0,0,0
0.0,0.0,0.0,0.0,0.0,0.0,0.0,0.0,0,0
-2166855.1350391638,199999.99999999997,7936.507936507936,-2374791.6429756717,500000000.0,500000000.0,1000000000.0,1000000000.0,37,37
0.0,199999.99999999997,0.0,-199999.99999999997,0.0,0.0,0.0,1000000000.0,0,0
0.0,0.0,0.0,0.0,0.0,0.0,0.0,0.0,0,0
0.0,0.0,0.0,0.0,0.0,0.0,0.0,0.0,0,0
0.0,0.0,0.0,0.0,0.0,0.0,0.0,0.0,0,0
0.0,0.0,0.0,0.0,0.0,0.0,0.0,0.0,0,0
-1838304.7237743684,200000.0,7936.507936507934,-2046241.2317108763,499999999.9999999,500000000.0,999999999.9999999,999999999.9999999,40,40
0.0,200000.0,0.0,-200000.0,0.0,0.0,0.0,999999999.9999999,0,0
9398061.90056843,172783.79992775203,5776.4920577581,9219501.60858292,500000000.0,363918999.63876027,863918999.6387603,863918999.6387603,39,39
-5174007.395327178,327700.69059371983,4204.746246981564,-5505912.832167879,500000000.00000006,264899013.55983853,764899013.5598385,818798220.4967405,39,39
7565067.537325697,299908.02061685757,3724.461738483305,7261435.054970357,499999999.9999999,234641089.52444828,734641089.5244482,1026878214.3787681,40,40
-2911838.4973666207,330627.7423339264,6248.063636508457,-3248714.3033370553,500000000.0000001,393628009.10003275,893628009.1000328,1192056743.8080976,39,39
4681939.234553348,365941.678070103,6650.8044761187575,4309346.752007127,499999999.9999999,419000681.9954817,919000681.9954816,1005320336.8438379,39,39
0.0,183800.13639909634,0.0,-183800.13639909634,0.0,0.0,0.0,919000681.9954816,0,0
-2162651.062645097,200000.0000000001,7936.507936507939,-2370587.5705816047,499999999.99999994,500000000.0000001,1000000000.0,1000000000.0,38,38
0.0,200000.0000000001,0.0,-200000.0000000001,0.0,0.0,0.0,1000000000.0,0,0
0.0,0.0,0.0,0.0,0.0,0.0,0.0,0.0,0,0
0.0,0.0,0.0,0.0,0.0,0.0,0.0,0.0,0,0
-103278.17635505622,200000.00000000003,7936.5079365079355,-311214.68429156416,500000000.0,500000000.0,1000000000.0,1000000000.0,38,38
-4981943.481329738,413895.1090974797,7936.507936507936,-5403775.098363726,500000000.0,500000000.00000006,1000000000.0,1485278598.7844884,38,38
0.0,199999.99999999997,0.0,-199999.99999999997,0.0,0.0,0.0,1000000000.0000001,0,0
7399828.718107328,174735.6890539995,5931.403893174564,7219161.625160154,499999999.99999994,373678445.26999754,873678445.2699975,873678445.2699975,39,39
0.0,174735.6890539995,0.0,-174735.6890539995,0.0,0.0,0.0,873678445.2699975,0,0
0.0,0.0,0.0,0.0,0.0,0.0,0.0,0.0,0,0
-1080539.8523500084,165829.86407543498,5224.592386939282,-1251594.3088123829,499999999.99999994,329149320.3771748,829149320.3771747,829149320.3771747,39,39
0.0,165829.86407543498,0.0,-165829.86407543498,0.0,0.0,0.0,829149320.3771747,0,0
-523298.7148872827,160335.81044094096,4788.556384201658,-688423.0817124252,499999999.99999994,301679052.20470446,801679052.2047044,801679052.2047044,39,39
0.0,160335.81044094096,0.0,-160335.81044094096,0.0,0.0,0.0,801679052.2047044,0,0
-81264.45410596719,180011.46616366028,6350.116362195263,-267626.03663182276,500000000.00000006,400057330.8183015,900057330.8183016,900057330.8183016,39,39
0.0,180011.46616366028,0.0,-180011.46616366028,0.0,0.0,0.0,900057330.8183016,0,0
3057888.416925142,199999.9999999999,7936.507936507936,2849951.908988634,499999999.99999994,500000000.0,1000000000.0,999999999.9999999,40,40
-2973978.4555882434,413167.05924247194,7590.590803762618,-3394736.105634478,500000000.00000006,478207220.637045,978207220.6370451,1541725100.9889195,40,40
1161676.9681162797,427411.7381652927,7936.507936507936,726328.7220144791,500000000.0,500000000.00000006,1000000000.0,1730188950.4055765,40,40
0.0,200000.00000000006,0.0,-200000.00000000006,0.0,0.0,0.0,1000000000.0000001,0,0
0.0,0.0,0.0,0.0,0.0,0.0,0.0,0.0,0,0
-6949238.474428551,200000.00000000003,7936.5079365079355,-7157174.98236506,500000000.00000006,500000000.0,1000000000.0,1000000000.0000001,41,41
5217391.430864798,399828.5371618767,7439.70650655213,4810123.187196369,500000000.0,468701509.9127843,968701509.9127843,1328103498.6334336,41,41
1257169.6424598645,348281.15843047225,3904.5551057075713,904983.9289236846,500000000.0,245986971.659577,745986971.659577,1465864682.5836623,41,41
0.0,149197.3943319154,0.0,-149197.3943319154,0.0,0.0,0.0,745986971.659577,0,0
0.0,0.0,0.0,0.0,0.0,0.0,0.0,0.0,0,0
-1578791.0070435042,168658.40162358282,5449.079493935142,-1752898.4881610223,500000000.00000006,343292008.117914,843292008.1179141,843292008.1179141,40,40
0.0,168658.40162358282,0.0,-168658.40162358282,0.0,0.0,0.0,843292008.1179141,0,0
0.0,0.0,0.0,0.0,0.0,0.0,0.0,0.0,0,0
0.0,0.0,0.0,0.0,0.0,0.0,0.0,0.0,0,0
0.0,0.0,0.0,0.0,0.0,0.0,0.0,0.0,0,0
0.0,0.0,0.0,0.0,0.0,0.0,0.0,0.0,0,0
0.0,0.0,0.0,0.0,0.0,0.0,0.0,0.0,0,0
0.0,0.0,0.0,0.0,0.0,0.0,0.0,0.0,0,0
0.0,0.0,0.0,0.0,0.0,0.0,0.0,0.0,0,0
0.0,0.0,0.0,0.0,0.0,0.0,0.0,0.0,0,0
0.0,0.0,0.0,0.0,0.0,0.0,0.0,0.0,0,0
0.0,0.0,0.0,0.0,0.0,0.0,0.0,0.0,0,0
476013.86664198013,166562.4492293651,5282.734065822619,304168.6833467924,500000000.0000001,332812246.146825,832812246.1468251,832812246.1468251,36,36
0.0,166562.4492293651,0.0,-166562.4492293651,0.0,0.0,0.0,832812246.1468251,0,0
0.0,0.0,0.0,0.0,0.0,0.0,0.0,0.0,0,0
0.0,0.0,0.0,0.0,0.0,0.0,0.0,0.0,0,0
0.0,0.0,0.0,0.0,0.0,0.0,0.0,0.0,0,0
0.0,0.0,0.0,0.0,0.0,0.0,0.0,0.0,0,0
0.0,0.0,0.0,0.0,0.0,0.0,0.0,0.0,0,0
0.0,0.0,0.0,0.0,0.0,0.0,0.0,0.0,0,0
0.0,0.0,0.0,0.0,0.0,0.0,0.0,0.0,0,0
0.0,0.0,0.0,0.0,0.0,0.0,0.0,0.0,0,0
0.0,0.0,0.0,0.0,0.0,0.0,0.0,0.0,0,0
0.0,0.0,0.0,0.0,0.0,0.0,0.0,0.0,0,0
0.0,0.0,0.0,0.0,0.0,0.0,0.0,0.0,0,0
0.0,0.0,0.0,0.0,0.0,0.0,0.0,0.0,0,0
0.0,0.0,0.0,0.0,0.0,0.0,0.0,0.0,0,0
0.0,0.0,0.0,0.0,0.0,0.0,0.0,0.0,0,0
0.0,0.0,0.0,0.0,0.0,0.0,0.0,0.0,0,0
0.0,0.0,0.0,0.0,0.0,0.0,0.0,0.0,0,0
0.0,0.0,0.0,0.0,0.0,0.0,0.0,0.0,0,0
0.0,0.0,0.0,0.0,0.0,0.0,0.0,0.0,0,0
0.0,0.0,0.0,0.0,0.0,0.0,0.0,0.0,0,0
0.0,0.0,0.0,0.0,0.0,0.0,0.0,0.0,0,0
0.0,0.0,0.0,0.0,0.0,0.0,0.0,0.0,0,0
0.0,0.0,0.0,0.0,0.0,0.0,0.0,0.0,0,0
0.0,0.0,0.0,0.0,0.0,0.0,0.0,0.0,0,0
0.0,0.0,0.0,0.0,0.0,0.0,0.0,0.0,0,0
0.0,0.0,0.0,0.0,0.0,0.0,0.0,0.0,0,0
0.0,0.0,0.0,0.0,0.0,0.0,0.0,0.0,0,0
2359239.7694560876,150389.44430963174,3999.162246796166,2204851.1628996595,499999999.99999994,251947221.54815853,751947221.5481584,751947221.5481584,40,40
0.0,150389.44430963174,0.0,-150389.44430963174,0.0,0.0,0.0,751947221.5481584,0,0
0.0,0.0,0.0,0.0,0.0,0.0,0.0,0.0,0,0
0.0,0.0,0.0,0.0,0.0,0.0,0.0,0.0,0,0
0.0,0.0,0.0,0.0,0.0,0.0,0.0,0.0,0,0
0.0,0.0,0.0,0.0,0.0,0.0,0.0,0.0,0,0
0.0,0.0,0.0,0.0,0.0,0.0,0.0,0.0,0,0
0.0,0.0,0.0,0.0,0.0,0.0,0.0,0.0,0,0
0.0,0.0,0.0,0.0,0.0,0.0,0.0,0.0,0,0
0.0,0.0,0.0,0.0,0.0,0.0,0.0,0.0,0,0
0.0,0.0,0.0,0.0,0.0,0.0,0.0,0.0,0,0
0.0,0.0,0.0,0.0,0.0,0.0,0.0,0.0,0,0
0.0,0.0,0.0,0.0,0.0,0.0,0.0,0.0,0,0
0.0,0.0,0.0,0.0,0.0,0.0,0.0,0.0,0,0
0.0,0.0,0.0,0.0,0.0,0.0,0.0,0.0,0,0
0.0,0.0,0.0,0.0,0.0,0.0,0.0,0.0,0,0
0.0,0.0,0.0,0.0,0.0,0.0,0.0,0.0,0,0
0.0,0.0,0.0,0.0,0.0,0.0,0.0,0.0,0,0
0.0,0.0,0.0,0.0,0.0,0.0,0.0,0.0,0,0
0.0,0.0,0.0,0.0,0.0,0.0,0.0,0.0,0,0
0.0,0.0,0.0,0.0,0.0,0.0,0.0,0.0,0,0
-2928244.139404694,145103.03885098192,3579.606258014437,-3076926.78451369,500000000.0,225515194.25490952,725515194.2549095,725515194.2549095,40,40
0.0,145103.03885098192,0.0,-145103.03885098192,0.0,0.0,0.0,725515194.2549095,0,0
0.0,0.0,0.0,0.0,0.0,0.0,0.0,0.0,0,0
0.0,0.0,0.0,0.0,0.0,0.0,0.0,0.0,0,0
0.0,0.0,0.0,0.0,0.0,0.0,0.0,0.0,0,0
0.0,0.0,0.0,0.0,0.0,0.0,0.0,0.0,0,0
0.0,0.0,0.0,0.0,0.0,0.0,0.0,0.0,0,0
0.0,0.0,0.0,0.0,0.0,0.0,0.0,0.0,0,0
0.0,0.0,0.0,0.0,0.0,0.0,0.0,0.0,0,0
44318.32825172767,138964.76499147183,3092.441665989825,-97738.878405734,500000000.0,194823824.95735902,694823824.9573591,694823824.9573591,36,36
-582077.996708517,284859.226619526,3411.6730970238327,-870348.8964250669,499999999.99999994,214935405.1125015,714935405.1125014,972976683.715845,35,35
0.0,142987.0810225003,0.0,-142987.0810225003,0.0,0.0,0.0,714935405.1125015,0,0
-1551307.1237260886,145243.6791644144,3590.7681876519364,-1700141.5710781547,500000000.0,226218395.822072,726218395.822072,726218395.822072,31,31
2263948.9205871187,319553.00921157317,5513.875262376215,1938882.0361131693,500000000.0,347374141.52970153,847374141.5297015,732936969.7421187,33,33
0.0,169474.82830594032,0.0,-169474.82830594032,0.0,0.0,0.0,847374141.5297016,0,0
0.0,0.0,0.0,0.0,0.0,0.0,0.0,0.0,0,0
0.0,0.0,0.0,0.0,0.0,0.0,0.0,0.0,0,0
0.0,0.0,0.0,0.0,0.0,0.0,0.0,0.0,0,0
0.0,0.0,0.0,0.0,0.0,0.0,0.0,0.0,0,0
-3864637.955662186,153032.2876938211,4208.9117217318335,-4021879.1550777387,500000000.00000006,265161438.4691055,765161438.4691056,765161438.4691056,36,36
-1824588.0898507203,291121.58494724357,2786.059527097024,-2118495.7343250606,499999999.99999994,175521750.20711252,675521750.2071124,1137950446.3093135,37,37
0.0,135104.35004142253,0.0,-135104.35004142253,0.0,0.0,0.0,675521750.2071124,0,0
-1927616.758244032,162573.58640741892,4966.157651382453,-2095156.5023028334,500000000.0,312867932.03709453,812867932.0370946,812867932.0370945,37,37
0.0,162573.58640741892,0.0,-162573.58640741892,0.0,0.0,0.0,812867932.0370945,0,0
3886453.048084628,195332.05653774558,7566.036233154409,3683554.9553137277,500000000.00000006,476660282.6887278,976660282.6887279,976660282.6887279,40,40
-4764907.168460962,341771.83982011385,3632.0291408546195,-5110311.037421931,500000000.0,228817835.87384102,728817835.873841,1143697096.240153,40,40
-1572181.3959786023,298500.8436817159,4185.49813547203,-1874867.7377957902,500000000.0,263686382.534738,763686382.5347381,847047810.6356363,40,40
-3821162.7424180345,322220.311404599,4860.666370527904,-4148243.720193161,500000000.00000006,306221981.343258,806221981.3432581,944203746.2458843,40,40
-6862585.424486292,319150.1376569424,4595.693760975448,-7186331.255904209,499999999.99999994,289528706.9414533,789528706.9414532,1014894776.439776,40,40
0.0,157905.74138829065,0.0,-157905.74138829065,0.0,0.0,0.0,789528706.9414532,0,0
0.0,0.0,0.0,0.0,0.0,0.0,0.0,0.0,0,0
0.0,0.0,0.0,0.0,0.0,0.0,0.0,0.0,0,0
0.0,0.0,0.0,0.0,0.0,0.0,0.0,0.0,0,0
1028384.1105018259,163130.0260470775,5010.31952754583,860243.7649272026,500000000.0,315650130.23538727,815650130.2353873,815650130.2353873,39,39
0.0,163130.0260470775,0.0,-163130.0260470775,0.0,0.0,0.0,815650130.2353873,0,0
0.0,0.0,0.0,0.0,0.0,0.0,0.0,0.0,0,0
0.0,0.0,0.0,0.0,0.0,0.0,0.0,0.0,0,0
0.0,0.0,0.0,0.0,0.0,0.0,0.0,0.0,0,0
0.0,0.0,0.0,0.0,0.0,0.0,0.0,0.0,0,0
0.0,0.0,0.0,0.0,0.0,0.0,0.0,0.0,0,0
0.0,0.0,0.0,0.0,0.0,0.0,0.0,0.0,0,0
0.0,0.0,0.0,0.0,0.0,0.0,0.0,0.0,0,0
0.0,0.0,0.0,0.0,0.0,0.0,0.0,0.0,0,0
0.0,0.0,0.0,0.0,0.0,0.0,0.0,0.0,0,0
0.0,0.0,0.0,0.0,0.0,0.0,0.0,0.0,0,0
0.0,0.0,0.0,0.0,0.0,0.0,0.0,0.0,0,0
0.0,0.0,0.0,0.0,0.0,0.0,0.0,0.0,0,0
0.0,0.0,0.0,0.0,0.0,0.0,0.0,0.0,0,0
0.0,0.0,0.0,0.0,0.0,0.0,0.0,0.0,0,0
0.0,0.0,0.0,0.0,0.0,0.0,0.0,0.0,0,0
0.0,0.0,0.0,0.0,0.0,0.0,0.0,0.0,0,0
0.0,0.0,0.0,0.0,0.0,0.0,0.0,0.0,0,0
0.0,0.0,0.0,0.0,0.0,0.0,0.0,0.0,0,0
0.0,0.0,0.0,0.0,0.0,0.0,0.0,0.0,0,0
0.0,0.0,0.0,0.0,0.0,0.0,0.0,0.0,0,0
0.0,0.0,0.0,0.0,0.0,0.0,0.0,0.0,0,0
0.0,0.0,0.0,0.0,0.0,0.0,0.0,0.0,0,0
0.0,0.0,0.0,0.0,0.0,0.0,0.0,0.0,0,0
152062.60675619286,174351.91151460298,5900.945358301821,-28190.250116711937,500000000.0,371759557.5730148,871759557.5730147,871759557.5730147,40,40
0.0,174351.91151460298,0.0,-174351.91151460298,0.0,0.0,0.0,871759557.5730147,0,0
0.0,0.0,0.0,0.0,0.0,0.0,0.0,0.0,0,0
0.0,0.0,0.0,0.0,0.0,0.0,0.0,0.0,0,0
0.0,0.0,0.0,0.0,0.0,0.0,0.0,0.0,0,0
0.0,0.0,0.0,0.0,0.0,0.0,0.0,0.0,0,0
0.0,0.0,0.0,0.0,0.0,0.0,0.0,0.0,0,0
0.0,0.0,0.0,0.0,0.0,0.0,0.0,0.0,0,0
0.0,0.0,0.0,0.0,0.0,0.0,0.0,0.0,0,0
0.0,0.0,0.0,0.0,0.0,0.0,0.0,0.0,0,0
0.0,0.0,0.0,0.0,0.0,0.0,0.0,0.0,0,0
0.0,0.0,0.0,0.0,0.0,0.0,0.0,0.0,0,0
0.0,0.0,0.0,0.0,0.0,0.0,0.0,0.0,0,0
0.0,0.0,0.0,0.0,0.0,0.0,0.0,0.0,0,0
0.0,0.0,0.0,0.0,0.0,0.0,0.0,0.0,0,0
0.0,0.0,0.0,0.0,0.0,0.0,0.0,0.0,0,0
0.0,0.0,0.0,0.0,0.0,0.0,0.0,0.0,0,0
0.0,0.0,0.0,0.0,0.0,0.0,0.0,0.0,0,0
0.0,0.0,0.0,0.0,0.0,0.0,0.0,0.0,0,0
0.0,0.0,0.0,0.0,0.0,0.0,0.0,0.0,0,0
0.0,0.0,0.0,0.0,0.0,0.0,0.0,0.0,0,0
0.0,0.0,0.0,0.0,0.0,0.0,0.0,0.0,0,0
0.0,0.0,0.0,0.0,0.0,0.0,0.0,0.0,0,0
0.0,0.0,0.0,0.0,0.0,0.0,0.0,0.0,0,0
0.0,0.0,0.0,0.0,0.0,0.0,0.0,0.0,0,0
0.0,0.0,0.0,0.0,0.0,0.0,0.0,0.0,0,0
0.0,0.0,0.0,0.0,0.0,0.0,0.0,0.0,0,0
0.0,0.0,0.0,0.0,0.0,0.0,0.0,0.0,0,0
0.0,0.0,0.0,0.0,0.0,0.0,0.0,0.0,0,0
0.0,0.0,0.0,0.0,0.0,0.0,0.0,0.0,0,0
0.0,0.0,0.0,0.0,0.0,0.0,0.0,0.0,0,0
0.0,0.0,0.0,0.0,0.0,0.0,0.0,0.0,0,0
0.0,0.0,0.0,0.0,0.0,0.0,0.0,0.0,0,0
0.0,0.0,0.0,0.0,0.0,0.0,0.0,0.0,0,0
0.0,0.0,0.0,0.0,0.0,0.0,0.0,0.0,0,0
0.0,0.0,0.0,0.0,0.0,0.0,0.0,0.0,0,0
0.0,0.0,0.0,0.0,0.0,0.0,0.0,0.0,0,0
0.0,0.0,0.0,0.0,0.0,0.0,0.0,0.0,0,0
0.0,0.0,0.0,0.0,0.0,0.0,0.0,0.0,0,0
0.0,0.0,0.0,0.0,0.0,0.0,0.0,0.0,0,0
0.0,0.0,0.0,0.0,0.0,0.0,0.0,0.0,0,0
0.0,0.0,0.0,0.0,0.0,0.0,0.0,0.0,0,0
0.0,0.0,0.0,0.0,0.0,0.0,0.0,0.0,0,0
0.0,0.0,0.0,0.0,0.0,0.0,0.0,0.0,0,0
0.0,0.0,0.0,0.0,0.0,0.0,0.0,0.0,0,0
0.0,0.0,0.0,0.0,0.0,0.0,0.0,0.0,0,0
0.0,0.0,0.0,0.0,0.0,0.0,0.0,0.0,0,0
0.0,0.0,0.0,0.0,0.0,0.0,0.0,0.0,0,0
0.0,0.0,0.0,0.0,0.0,0.0,0.0,0.0,0,0
0.0,0.0,0.0,0.0,0.0,0.0,0.0,0.0,0,0
0.0,0.0,0.0,0.0,0.0,0.0,0.0,0.0,0,0
0.0,0.0,0.0,0.0,0.0,0.0,0.0,0.0,0,0
0.0,0.0,0.0,0.0,0.0,0.0,0.0,0.0,0,0
0.0,0.0,0.0,0.0,0.0,0.0,0.0,0.0,0,0
0.0,0.0,0.0,0.0,0.0,0.0,0.0,0.0,0,0
0.0,0.0,0.0,0.0,0.0,0.0,0.0,0.0,0,0
0.0,0.0,0.0,0.0,0.0,0.0,0.0,0.0,0,0
0.0,0.0,0.0,0.0,0.0,0.0,0.0,0.0,0,0
0.0,0.0,0.0,0.0,0.0,0.0,0.0,0.0,0,0
0.0,0.0,0.0,0.0,0.0,0.0,0.0,0.0,0,0
0.0,0.0,0.0,0.0,0.0,0.0,0.0,0.0,0,0
0.0,0.0,0.0,0.0,0.0,0.0,0.0,0.0,0,0
0.0,0.0,0.0,0.0,0.0,0.0,0.0,0.0,0,0
0.0,0.0,0.0,0.0,0.0,0.0,0.0,0.0,0,0
0.0,0.0,0.0,0.0,0.0,0.0,0.0,0.0,0,0
0.0,0.0,0.0,0.0,0.0,0.0,0.0,0.0,0,0
0.0,0.0,0.0,0.0,0.0,0.0,0.0,0.0,0,0
0.0,0.0,0.0,0.0,0.0,0.0,0.0,0.0,0,0
0.0,0.0,0.0,0.0,0.0,0.0,0.0,0.0,0,0
0.0,0.0,0.0,0.0,0.0,0.0,0.0,0.0,0,0
0.0,0.0,0.0,0.0,0.0,0.0,0.0,0.0,0,0
0.0,0.0,0.0,0.0,0.0,0.0,0.0,0.0,0,0
0.0,0.0,0.0,0.0,0.0,0.0,0.0,0.0,0,0
0.0,0.0,0.0,0.0,0.0,0.0,0.0,0.0,0,0
0.0,0.0,0.0,0.0,0.0,0.0,0.0,0.0,0,0
0.0,0.0,0.0,0.0,0.0,0.0,0.0,0.0,0,0
0.0,0.0,0.0,0.0,0.0,0.0,0.0,0.0,0,0
0.0,0.0,0.0,0.0,0.0,0.0,0.0,0.0,0,0
0.0,0.0,0.0,0.0,0.0,0.0,0.0,0.0,0,0
0.0,0.0,0.0,0.0,0.0,0.0,0.0,0.0,0,0
0.0,0.0,0.0,0.0,0.0,0.0,0.0,0.0,0,0
0.0,0.0,0.0,0.0,0.0,0.0,0.0,0.0,0,0
0.0,0.0,0.0,0.0,0.0,0.0,0.0,0.0,0,0
0.0,0.0,0.0,0.0,0.0,0.0,0.0,0.0,0,0
0.0,0.0,0.0,0.0,0.0,0.0,0.0,0.0,0,0
0.0,0.0,0.0,0.0,0.0,0.0,0.0,0.0,0,0
0.0,0.0,0.0,0.0,0.0,0.0,0.0,0.0,0,0
0.0,0.0,0.0,0.0,0.0,0.0,0.0,0.0,0,0
0.0,0.0,0.0,0.0,0.0,0.0,0.0,0.0,0,0
0.0,0.0,0.0,0.0,0.0,0.0,0.0,0.0,0,0
0.0,0.0,0.0,0.0,0.0,0.0,0.0,0.0,0,0
0.0,0.0,0.0,0.0,0.0,0.0,0.0,0.0,0,0
0.0,0.0,0.0,0.0,0.0,0.0,0.0,0.0,0,0
0.0,0.0,0.0,0.0,0.0,0.0,0.0,0.0,0,0
0.0,0.0,0.0,0.0,0.0,0.0,0.0,0.0,0,0
0.0,0.0,0.0,0.0,0.0,0.0,0.0,0.0,0,0
0.0,0.0,0.0,0.0,0.0,0.0,0.0,0.0,0,0
0.0,0.0,0.0,0.0,0.0,0.0,0.0,0.0,0,0
0.0,0.0,0.0,0.0,0.0,0.0,0.0,0.0,0,0
0.0,0.0,0.0,0.0,0.0,0.0,0.0,0.0,0,0
0.0,0.0,0.0,0.0,0.0,0.0,0.0,0.0,0,0
0.0,0.0,0.0,0.0,0.0,0.0,0.0,0.0,0,0
0.0,0.0,0.0,0.0,0.0,0.0,0.0,0.0,0,0
0.0,0.0,0.0,0.0,0.0,0.0,0.0,0.0,0,0
0.0,0.0,0.0,0.0,0.0,0.0,0.0,0.0,0,0
0.0,0.0,0.0,0.0,0.0,0.0,0.0,0.0,0,0
0.0,0.0,0.0,0.0,0.0,0.0,0.0,0.0,0,0
0.0,0.0,0.0,0.0,0.0,0.0,0.0,0.0,0,0
0.0,0.0,0.0,0.0,0.0,0.0,0.0,0.0,0,0
0.0,0.0,0.0,0.0,0.0,0.0,0.0,0.0,0,0
0.0,0.0,0.0,0.0,0.0,0.0,0.0,0.0,0,0
0.0,0.0,0.0,0.0,0.0,0.0,0.0,0.0,0,0
0.0,0.0,0.0,0.0,0.0,0.0,0.0,0.0,0,0
0.0,0.0,0.0,0.0,0.0,0.0,0.0,0.0,0,0
0.0,0.0,0.0,0.0,0.0,0.0,0.0,0.0,0,0
0.0,0.0,0.0,0.0,0.0,0.0,0.0,0.0,0,0
0.0,0.0,0.0,0.0,0.0,0.0,0.0,0.0,0,0
0.0,0.0,0.0,0.0,0.0,0.0,0.0,0.0,0,0
0.0,0.0,0.0,0.0,0.0,0.0,0.0,0.0,0,0
0.0,0.0,0.0,0.0,0.0,0.0,0.0,0.0,0,0
0.0,0.0,0.0,0.0,0.0,0.0,0.0,0.0,0,0
0.0,0.0,0.0,0.0,0.0,0.0,0.0,0.0,0,0
0.0,0.0,0.0,0.0,0.0,0.0,0.0,0.0,0,0
0.0,0.0,0.0,0.0,0.0,0.0,0.0,0.0,0,0
0.0,0.0,0.0,0.0,0.0,0.0,0.0,0.0,0,0
0.0,0.0,0.0,0.0,0.0,0.0,0.0,0.0,0,0
0.0,0.0,0.0,0.0,0.0,0.0,0.0,0.0,0,0
4280963.6431680815,173315.06921931653,5818.656287247346,4101829.917661518,500000000.00000006,366575346.0965828,866575346.0965829,866575346.0965828,39,39
-5486838.123085369,327626.42553955637,4310.425104780932,-5818774.973729706,499999999.99999994,271556781.60119873,771556781.6011987,1253436065.3089075,39,39
-3986464.6004126295,318323.9416622947,5080.363916036109,-4309868.90599096,499999999.99999994,320062926.710275,820062926.7102749,1161869858.6113415,39,39
3599296.437496027,323434.91485982586,4716.05789823578,3271145.4647379653,500000000.0,297111647.58885425,797111647.5888543,1164624046.3087504,39,39
-58179.83618984981,359422.32951777073,7936.507936507934,-425538.6736441285,500000000.0,500000000.0,1000000000.0,1506497858.4534488,39,39
0.0,200000.00000000006,0.0,-200000.00000000006,0.0,0.0,0.0,1000000000.0,0,0
0.0,0.0,0.0,0.0,0.0,0.0,0.0,0.0,0,0
0.0,0.0,0.0,0.0,0.0,0.0,0.0,0.0,0,0
0.0,0.0,0.0,0.0,0.0,0.0,0.0,0.0,0,0
0.0,0.0,0.0,0.0,0.0,0.0,0.0,0.0,0,0
0.0,0.0,0.0,0.0,0.0,0.0,0.0,0.0,0,0
0.0,0.0,0.0,0.0,0.0,0.0,0.0,0.0,0,0
0.0,0.0,0.0,0.0,0.0,0.0,0.0,0.0,0,0
0.0,0.0,0.0,0.0,0.0,0.0,0.0,0.0,0,0
-633822.609295376,199999.99999999997,7936.507936507936,-841759.1172318839,500000000.00000006,500000000.0,1000000000.0,1000000000.0,37,37
0.0,199999.99999999997,0.0,-199999.99999999997,0.0,0.0,0.0,1000000000.0,0,0
0.0,0.0,0.0,0.0,0.0,0.0,0.0,0.0,0,0
4334896.829787497,154667.7313707956,4338.708838952031,4175890.3895777497,500000000.00000006,273338656.853978,773338656.853978,773338656.853978,37,37
1788695.9088907447,310372.7516082236,4323.823304399048,1473999.3339781219,500000000.0,272400868.17714,772400868.17714,1180021690.6393356,36,36
0.0,154480.1736354281,0.0,-154480.1736354281,0.0,0.0,0.0,772400868.17714,0,0
-2080799.803985465,150498.93013819013,4007.8515982690587,-2235306.585721924,499999999.99999994,252494650.69095075,752494650.6909506,752494650.6909508,32,32
3419702.0621668925,301671.7433747283,3971.5173693141232,3114058.80142285,500000000.00000006,250205594.26678976,750205594.2667898,1070947011.9412191,34,34
5542181.409730654,332777.41937924107,6225.154112171685,5203178.836239242,500000000.0,392184709.0668163,892184709.0668163,1292148761.3112204,35,35
0.0,178436.9418133633,0.0,-178436.9418133633,0.0,0.0,0.0,892184709.0668162,0,0
0.0,0.0,0.0,0.0,0.0,0.0,0.0,0.0,0,0
0.0,0.0,0.0,0.0,0.0,0.0,0.0,0.0,0,0
-1847767.4253632135,169887.43243088442,5546.621621498763,-2023201.4794155967,500000000.0,349437162.154422,849437162.154422,849437162.154422,36,36
0.0,169887.43243088442,0.0,-169887.43243088442,0.0,0.0,0.0,849437162.154422,0,0
0.0,0.0,0.0,0.0,0.0,0.0,0.0,0.0,0,0
0.0,0.0,0.0,0.0,0.0,0.0,0.0,0.0,0,0
0.0,0.0,0.0,0.0,0.0,0.0,0.0,0.0,0,0
0.0,0.0,0.0,0.0,0.0,0.0,0.0,0.0,0,0
0.0,0.0,0.0,0.0,0.0,0.0,0.0,0.0,0,0
0.0,0.0,0.0,0.0,0.0,0.0,0.0,0.0,0,0
0.0,0.0,0.0,0.0,0.0,0.0,0.0,0.0,0,0
0.0,0.0,0.0,0.0,0.0,0.0,0.0,0.0,0,0
4171897.61795646,154187.9317132555,4300.629501052023,4013409.056742152,500000000.00000006,270939658.5662775,770939658.5662775,770939658.5662776,38,38
161271.0925313974,313820.66541976744,4426.940164837461,-156976.5130532075,499999999.99999994,278897230.38476,778897230.3847599,1219514158.5422935,38,38
-9481923.598420912,343243.7527083341,5785.373944343825,-9830952.72507359,499999999.99999994,364478558.49366105,864478558.4936609,1338620581.7688344,36,36
-5783077.942220385,372895.7116987321,7936.5079365079355,-6163910.161855626,500000000.0,500000000.0,1000000000.0,1364402368.371301,37,37
4168812.6116050286,342300.43338048115,3357.177252419143,3823155.000972128,500000000.0,211502166.902406,711502166.902406,1375967394.1418946,38,38
3280330.44413398,299498.05037509697,3292.045318761194,2977540.348440122,500000000.0,207398855.08195525,707398855.0819552,1085513350.2029526,40,40
-2503644.947786329,365587.84618543746,7936.507936507937,-2877169.301908274,499999999.99999994,500000000.0,1000000000.0,1438943224.297724,41,41
-7069566.931082487,386787.47358947876,5402.044735219279,-7461756.449407185,500000000.0,340328818.3188145,840328818.3188145,1537758012.5851057,40,40
0.0,168065.76366376295,0.0,-168065.76366376295,0.0,0.0,0.0,840328818.3188145,0,0
0.0,0.0,0.0,0.0,0.0,0.0,0.0,0.0,0,0
0.0,0.0,0.0,0.0,0.0,0.0,0.0,0.0,0,0
0.0,0.0,0.0,0.0,0.0,0.0,0.0,0.0,0,0
0.0,0.0,0.0,0.0,0.0,0.0,0.0,0.0,0,0
0.0,0.0,0.0,0.0,0.0,0.0,0.0,0.0,0,0
0.0,0.0,0.0,0.0,0.0,0.0,0.0,0.0,0,0
0.0,0.0,0.0,0.0,0.0,0.0,0.0,0.0,0,0
0.0,0.0,0.0,0.0,0.0,0.0,0.0,0.0,0,0
0.0,0.0,0.0,0.0,0.0,0.0,0.0,0.0,0,0
0.0,0.0,0.0,0.0,0.0,0.0,0.0,0.0,0,0
0.0,0.0,0.0,0.0,0.0,0.0,0.0,0.0,0,0
0.0,0.0,0.0,0.0,0.0,0.0,0.0,0.0,0,0
0.0,0.0,0.0,0.0,0.0,0.0,0.0,0.0,0,0
-1887557.8578308169,200000.00000000006,7936.507936507936,-2095494.3657673248,500000000.00000006,500000000.0,1000000000.0,1000000000.0000001,34,34
-2196965.6220716606,404598.14593473834,7936.507936507936,-2609500.2759429067,499999999.99999994,500000000.0,1000000000.0,1821837267.6037052,33,33
6576394.656334129,441502.64287270076,7936.507936507935,6126955.50552492,500000000.0,499999999.99999994,1000000000.0,1975959506.588575,32,32
5254371.450173975,432237.88562248,7936.507936507937,4814197.056614987,499999999.99999994,500000000.0,1000000000.0,1856295930.9457786,32,32
4488213.070194468,430878.38754238735,7936.5079365079355,4049398.1747155725,499999999.99999994,500000000.0,1000000000.0,1845535860.5203557,32,32
0.0,200000.00000000003,0.0,-200000.00000000003,0.0,0.0,0.0,999999999.9999999,0,0
8624183.840698661,200000.0,7936.507936507935,8416247.332762154,500000000.0,500000000.0,1000000000.0,1000000000.0,32,32
6158877.224366385,399999.99999999994,7936.507936507936,5750940.716429876,500000000.0,500000000.00000006,1000000000.0,1281162202.0032866,32,32
22982394.639179874,400000.0,7936.507936507936,22574458.131243367,499999999.99999994,499999999.99999994,999999999.9999999,1465196496.1717794,32,32
5669923.565364792,400851.28925533,7936.507936507936,5261135.768172953,500000000.0,500000000.0,1000000000.0,1439061789.2988074,31,31
-401422.15035131737,427586.8741724304,7936.507936507937,-836945.5324602558,499999999.99999994,500000000.0,1000000000.0,1596423996.691019,32,32
1847027.6931273912,376458.6504329567,6068.146859758469,1464500.895834676,500000000.0,382293252.16478354,882293252.1647835,1368759826.8717086,32,32
7614031.029138357,315037.1299948253,3061.78409221179,7295932.11505132,500000000.0,192892397.80934277,692892397.8093427,1251044624.8247643,33,33
6453526.27534513,338578.4795618686,7936.507936507934,6107011.287846752,499999999.99999994,499999999.99999994,999999999.9999999,1362264572.1708436,34,34
2133549.949110677,324990.0993683464,3726.474589612703,1804833.3751527178,390182597.696132,234767899.14560026,624950496.8417323,1519968770.1584342,35,35
7915023.720697679,337779.6703899679,7936.507936507937,7569307.542371202,500000000.0,500000000.0,1000000000.0,1446219455.4499323,35,35
-2111728.530364302,365963.7568788216,5235.218799906492,-2482927.50604303,500000000.00000006,329818784.394109,829818784.394109,1795947627.699109,37,37
-2195048.628077379,351472.2806166598,6700.047894954716,-2553220.9565889933,499999999.99999994,422103017.382147,922103017.382147,1615100603.737177,37,37
4111843.4512003674,335104.8319649172,3866.0503436101385,3772872.56889184,500000000.0,243561171.64743876,743561171.6474388,1341068154.220809,36,36
1297748.094554444,294546.7720799677,3025.4544022603172,1000175.868072216,500000000.00000006,190603627.3424,690603627.3424001,1312323649.4590604,35,35
2576964.5355315763,303515.4841910388,4729.26675420704,2268719.7845863304,500000000.0,297943805.5150435,797943805.5150435,1296594242.593171,36,36
5765441.90333177,305262.40828682313,3065.8347665725714,5457113.660278374,500000000.0,193147590.294072,693147590.294072,1269538527.88505,37,37
-7865590.654106142,329985.8097573451,7250.499341153229,-8202826.963204641,500000000.00000006,456781458.4926533,956781458.4926534,1316520946.0822191,37,37
5920685.669078117,341698.0005865672,3121.1965860583573,5575866.471905491,500000000.0,196635384.92167652,696635384.9216765,1457238617.6846602,34,34
-542332.3300825742,272160.21060811094,2605.804255855202,-817098.3449465403,500000000.00000006,164165668.11887777,664165668.1188779,1116319389.5454497,31,31
995212.5101112677,262069.7310222113,2320.3648728917146,730822.4142161647,500000000.00000006,146182986.992178,646182986.9921781,883014999.6291085,31,31
-3361455.8147707838,265359.10403725755,2866.8656062557016,-3629681.784414297,500000000.0,180612533.19410926,680612533.1941092,900874087.437644,34,34
2458846.3417271352,275531.8299353906,3127.7240711562386,2180186.7877205885,500000000.0,197046616.482843,697046616.482843,933724458.454162,34,34
631447.6102592666,284154.2149495416,3551.1818772200672,343742.2134325049,500000000.0,223724458.26486427,723724458.2648642,1086544396.0376997,34,34
1873180.6855221796,277003.9535131571,2560.2430047765247,1593616.489004246,500000000.0,161295309.300921,661295309.300921,974884314.8900557,31,31
0.0,132259.06186018427,0.0,-132259.06186018427,0.0,0.0,0.0,661295309.300921,0,0
396748.17958047125,154036.0576501796,4288.576003982512,238423.54592630913,500000000.0,270180288.25089824,770180288.2508982,770180288.2508982,33,33
-28299.778299558562,295599.5254399053,3298.687919819493,-327197.99165928335,500000000.00000006,207817338.948628,707817338.9486281,1056303314.9167902,36,36
257717.5572173094,316124.1548242851,5917.514844012663,-64324.112450988396,500000000.0,372803435.1727978,872803435.1727978,1041020846.3920771,39,39
0.0,174560.68703455947,0.0,-174560.68703455947,0.0,0.0,0.0,872803435.1727978,0,0
-6153976.694491248,184671.14148252402,6719.931863692381,-6345367.767837464,500000000.0,423355707.41262,923355707.4126201,923355707.4126201,40,40
0.0,184671.14148252402,0.0,-184671.14148252402,0.0,0.0,0.0,923355707.4126201,0,0
1912146.0831339224,200000.0,7936.5079365079355,1704209.5751974145,499999999.99999994,500000000.00000006,1000000000.0,1000000000.0,39,39
0.0,200000.0,0.0,-200000.0,0.0,0.0,0.0,1000000000.0,0,0
-812554.4440462929,141610.25429121664,3302.40113422354,-957467.0994717331,500000000.0,208051271.456083,708051271.456083,708051271.456083,39,39
-2091546.4547616565,344475.34085721674,7936.507936507935,-2443958.303555381,500000000.0,500000000.0,1000000000.0,1200333497.1289341,39,39
-4911751.370814994,337060.5826544692,2941.3160836880397,-5251753.269553151,500000000.0,185302913.2723465,685302913.2723465,1295440266.1787872,39,39
-7189104.980815114,275502.665874852,3050.958985744667,-7467658.605675711,500000000.00000006,192210416.10191402,692210416.101914,854036093.6561675,40,40
0.0,138442.08322038277,0.0,-138442.08322038277,0.0,0.0,0.0,692210416.101914,0,0
0.0,0.0,0.0,0.0,0.0,0.0,0.0,0.0,0,0
0.0,0.0,0.0,0.0,0.0,0.0,0.0,0.0,0,0
0.0,0.0,0.0,0.0,0.0,0.0,0.0,0.0,0,0
0.0,0.0,0.0,0.0,0.0,0.0,0.0,0.0,0,0
0.0,0.0,0.0,0.0,0.0,0.0,0.0,0.0,0,0
0.0,0.0,0.0,0.0,0.0,0.0,0.0,0.0,0,0
0.0,0.0,0.0,0.0,0.0,0.0,0.0,0.0,0,0
0.0,0.0,0.0,0.0,0.0,0.0,0.0,0.0,0,0
0.0,0.0,0.0,0.0,0.0,0.0,0.0,0.0,0,0
0.0,0.0,0.0,0.0,0.0,0.0,0.0,0.0,0,0
0.0,0.0,0.0,0.0,0.0,0.0,0.0,0.0,0,0
0.0,0.0,0.0,0.0,0.0,0.0,0.0,0.0,0,0
0.0,0.0,0.0,0.0,0.0,0.0,0.0,0.0,0,0
0.0,0.0,0.0,0.0,0.0,0.0,0.0,0.0,0,0
0.0,0.0,0.0,0.0,0.0,0.0,0.0,0.0,0,0
0.0,0.0,0.0,0.0,0.0,0.0,0.0,0.0,0,0
0.0,0.0,0.0,0.0,0.0,0.0,0.0,0.0,0,0
0.0,0.0,0.0,0.0,0.0,0.0,0.0,0.0,0,0
0.0,0.0,0.0,0.0,0.0,0.0,0.0,0.0,0,0
0.0,0.0,0.0,0.0,0.0,0.0,0.0,0.0,0,0
0.0,0.0,0.0,0.0,0.0,0.0,0.0,0.0,0,0
0.0,0.0,0.0,0.0,0.0,0.0,0.0,0.0,0,0
0.0,0.0,0.0,0.0,0.0,0.0,0.0,0.0,0,0
0.0,0.0,0.0,0.0,0.0,0.0,0.0,0.0,0,0
0.0,0.0,0.0,0.0,0.0,0.0,0.0,0.0,0,0
0.0,0.0,0.0,0.0,0.0,0.0,0.0,0.0,0,0
0.0,0.0,0.0,0.0,0.0,0.0,0.0,0.0,0,0
0.0,0.0,0.0,0.0,0.0,0.0,0.0,0.0,0,0
0.0,0.0,0.0,0.0,0.0,0.0,0.0,0.0,0,0
0.0,0.0,0.0,0.0,0.0,0.0,0.0,0.0,0,0
0.0,0.0,0.0,0.0,0.0,0.0,0.0,0.0,0,0
0.0,0.0,0.0,0.0,0.0,0.0,0.0,0.0,0,0
0.0,0.0,0.0,0.0,0.0,0.0,0.0,0.0,0,0
0.0,0.0,0.0,0.0,0.0,0.0,0.0,0.0,0,0
0.0,0.0,0.0,0.0,0.0,0.0,0.0,0.0,0,0
0.0,0.0,0.0,0.0,0.0,0.0,0.0,0.0,0,0
0.0,0.0,0.0,0.0,0.0,0.0,0.0,0.0,0,0
0.0,0.0,0.0,0.0,0.0,0.0,0.0,0.0,0,0
0.0,0.0,0.0,0.0,0.0,0.0,0.0,0.0,0,0
0.0,0.0,0.0,0.0,0.0,0.0,0.0,0.0,0,0
0.0,0.0,0.0,0.0,0.0,0.0,0.0,0.0,0,0
0.0,0.0,0.0,0.0,0.0,0.0,0.0,0.0,0,0
0.0,0.0,0.0,0.0,0.0,0.0,0.0,0.0,0,0
0.0,0.0,0.0,0.0,0.0,0.0,0.0,0.0,0,0
0.0,0.0,0.0,0.0,0.0,0.0,0.0,0.0,0,0
0.0,0.0,0.0,0.0,0.0,0.0,0.0,0.0,0,0
0.0,0.0,0.0,0.0,0.0,0.0,0.0,0.0,0,0
0.0,0.0,0.0,0.0,0.0,0.0,0.0,0.0,0,0
0.0,0.0,0.0,0.0,0.0,0.0,0.0,0.0,0,0
0.0,0.0,0.0,0.0,0.0,0.0,0.0,0.0,0,0
0.0,0.0,0.0,0.0,0.0,0.0,0.0,0.0,0,0
0.0,0.0,0.0,0.0,0.0,0.0,0.0,0.0,0,0
0.0,0.0,0.0,0.0,0.0,0.0,0.0,0.0,0,0
0.0,0.0,0.0,0.0,0.0,0.0,0.0,0.0,0,0
0.0,0.0,0.0,0.0,0.0,0.0,0.0,0.0,0,0
0.0,0.0,0.0,0.0,0.0,0.0,0.0,0.0,0,0
0.0,0.0,0.0,0.0,0.0,0.0,0.0,0.0,0,0
0.0,0.0,0.0,0.0,0.0,0.0,0.0,0.0,0,0
0.0,0.0,0.0,0.0,0.0,0.0,0.0,0.0,0,0
0.0,0.0,0.0,0.0,0.0,0.0,0.0,0.0,0,0
0.0,0.0,0.0,0.0,0.0,0.0,0.0,0.0,0,0
0.0,0.0,0.0,0.0,0.0,0.0,0.0,0.0,0,0
0.0,0.0,0.0,0.0,0.0,0.0,0.0,0.0,0,0
0.0,0.0,0.0,0.0,0.0,0.0,0.0,0.0,0,0
0.0,0.0,0.0,0.0,0.0,0.0,0.0,0.0,0,0
0.0,0.0,0.0,0.0,0.0,0.0,0.0,0.0,0,0
0.0,0.0,0.0,0.0,0.0,0.0,0.0,0.0,0,0
0.0,0.0,0.0,0.0,0.0,0.0,0.0,0.0,0,0
0.0,0.0,0.0,0.0,0.0,0.0,0.0,0.0,0,0
0.0,0.0,0.0,0.0,0.0,0.0,0.0,0.0,0,0
0.0,0.0,0.0,0.0,0.0,0.0,0.0,0.0,0,0
0.0,0.0,0.0,0.0,0.0,0.0,0.0,0.0,0,0
0.0,0.0,0.0,0.0,0.0,0.0,0.0,0.0,0,0
0.0,0.0,0.0,0.0,0.0,0.0,0.0,0.0,0,0
0.0,0.0,0.0,0.0,0.0,0.0,0.0,0.0,0,0
0.0,0.0,0.0,0.0,0.0,0.0,0.0,0.0,0,0
0.0,0.0,0.0,0.0,0.0,0.0,0.0,0.0,0,0
0.0,0.0,0.0,0.0,0.0,0.0,0.0,0.0,0,0
0.0,0.0,0.0,0.0,0.0,0.0,0.0,0.0,0,0
0.0,0.0,0.0,0.0,0.0,0.0,0.0,0.0,0,0
0.0,0.0,0.0,0.0,0.0,0.0,0.0,0.0,0,0
0.0,0.0,0.0,0.0,0.0,0.0,0.0,0.0,0,0
0.0,0.0,0.0,0.0,0.0,0.0,0.0,0.0,0,0
0.0,0.0,0.0,0.0,0.0,0.0,0.0,0.0,0,0
0.0,0.0,0.0,0.0,0.0,0.0,0.0,0.0,0,0
0.0,0.0,0.0,0.0,0.0,0.0,0.0,0.0,0,0
0.0,0.0,0.0,0.0,0.0,0.0,0.0,0.0,0,0
0.0,0.0,0.0,0.0,0.0,0.0,0.0,0.0,0,0
0.0,0.0,0.0,0.0,0.0,0.0,0.0,0.0,0,0
0.0,0.0,0.0,0.0,0.0,0.0,0.0,0.0,0,0
0.0,0.0,0.0,0.0,0.0,0.0,0.0,0.0,0,0
0.0,0.0,0.0,0.0,0.0,0.0,0.0,0.0,0,0
0.0,0.0,0.0,0.0,0.0,0.0,0.0,0.0,0,0
0.0,0.0,0.0,0.0,0.0,0.0,0.0,0.0,0,0
0.0,0.0,0.0,0.0,0.0,0.0,0.0,0.0,0,0
0.0,0.0,0.0,0.0,0.0,0.0,0.0,0.0,0,0
0.0,0.0,0.0,0.0,0.0,0.0,0.0,0.0,0,0
0.0,0.0,0.0,0.0,0.0,0.0,0.0,0.0,0,0
0.0,0.0,0.0,0.0,0.0,0.0,0.0,0.0,0,0
0.0,0.0,0.0,0.0,0.0,0.0,0.0,0.0,0,0
0.0,0.0,0.0,0.0,0.0,0.0,0.0,0.0,0,0
0.0,0.0,0.0,0.0,0.0,0.0,0.0,0.0,0,0
0.0,0.0,0.0,0.0,0.0,0.0,0.0,0.0,0,0
0.0,0.0,0.0,0.0,0.0,0.0,0.0,0.0,0,0
0.0,0.0,0.0,0.0,0.0,0.0,0.0,0.0,0,0
0.0,0.0,0.0,0.0,0.0,0.0,0.0,0.0,0,0
0.0,0.0,0.0,0.0,0.0,0.0,0.0,0.0,0,0
0.0,0.0,0.0,0.0,0.0,0.0,0.0,0.0,0,0
0.0,0.0,0.0,0.0,0.0,0.0,0.0,0.0,0,0
0.0,0.0,0.0,0.0,0.0,0.0,0.0,0.0,0,0
0.0,0.0,0.0,0.0,0.0,0.0,0.0,0.0,0,0
0.0,0.0,0.0,0.0,0.0,0.0,0.0,0.0,0,0
0.0,0.0,0.0,0.0,0.0,0.0,0.0,0.0,0,0
0.0,0.0,0.0,0.0,0.0,0.0,0.0,0.0,0,0
0.0,0.0,0.0,0.0,0.0,0.0,0.0,0.0,0,0
0.0,0.0,0.0,0.0,0.0,0.0,0.0,0.0,0,0
0.0,0.0,0.0,0.0,0.0,0.0,0.0,0.0,0,0
0.0,0.0,0.0,0.0,0.0,0.0,0.0,0.0,0,0
0.0,0.0,0.0,0.0,0.0,0.0,0.0,0.0,0,0
0.0,0.0,0.0,0.0,0.0,0.0,0.0,0.0,0,0
0.0,0.0,0.0,0.0,0.0,0.0,0.0,0.0,0,0
0.0,0.0,0.0,0.0,0.0,0.0,0.0,0.0,0,0
0.0,0.0,0.0,0.0,0.0,0.0,0.0,0.0,0,0
0.0,0.0,0.0,0.0,0.0,0.0,0.0,0.0,0,0
0.0,0.0,0.0,0.0,0.0,0.0,0.0,0.0,0,0
0.0,0.0,0.0,0.0,0.0,0.0,0.0,0.0,0,0
0.0,0.0,0.0,0.0,0.0,0.0,0.0,0.0,0,0
0.0,0.0,0.0,0.0,0.0,0.0,0.0,0.0,0,0
0.0,0.0,0.0,0.0,0.0,0.0,0.0,0.0,0,0
0.0,0.0,0.0,0.0,0.0,0.0,0.0,0.0,0,0
0.0,0.0,0.0,0.0,0.0,0.0,0.0,0.0,0,0
0.0,0.0,0.0,0.0,0.0,0.0,0.0,0.0,0,0
0.0,0.0,0.0,0.0,0.0,0.0,0.0,0.0,0,0
0.0,0.0,0.0,0.0,0.0,0.0,0.0,0.0,0,0
0.0,0.0,0.0,0.0,0.0,0.0,0.0,0.0,0,0
0.0,0.0,0.0,0.0,0.0,0.0,0.0,0.0,0,0
0.0,0.0,0.0,0.0,0.0,0.0,0.0,0.0,0,0
0.0,0.0,0.0,0.0,0.0,0.0,0.0,0.0,0,0
0.0,0.0,0.0,0.0,0.0,0.0,0.0,0.0,0,0
0.0,0.0,0.0,0.0,0.0,0.0,0.0,0.0,0,0
0.0,0.0,0.0,0.0,0.0,0.0,0.0,0.0,0,0
0.0,0.0,0.0,0.0,0.0,0.0,0.0,0.0,0,0
0.0,0.0,0.0,0.0,0.0,0.0,0.0,0.0,0,0
0.0,0.0,0.0,0.0,0.0,0.0,0.0,0.0,0,0
0.0,0.0,0.0,0.0,0.0,0.0,0.0,0.0,0,0
0.0,0.0,0.0,0.0,0.0,0.0,0.0,0.0,0,0
0.0,0.0,0.0,0.0,0.0,0.0,0.0,0.0,0,0
0.0,0.0,0.0,0.0,0.0,0.0,0.0,0.0,0,0
0.0,0.0,0.0,0.0,0.0,0.0,0.0,0.0,0,0
0.0,0.0,0.0,0.0,0.0,0.0,0.0,0.0,0,0
0.0,0.0,0.0,0.0,0.0,0.0,0.0,0.0,0,0
0.0,0.0,0.0,0.0,0.0,0.0,0.0,0.0,0,0
0.0,0.0,0.0,0.0,0.0,0.0,0.0,0.0,0,0
0.0,0.0,0.0,0.0,0.0,0.0,0.0,0.0,0,0
0.0,0.0,0.0,0.0,0.0,0.0,0.0,0.0,0,0
0.0,0.0,0.0,0.0,0.0,0.0,0.0,0.0,0,0
0.0,0.0,0.0,0.0,0.0,0.0,0.0,0.0,0,0
0.0,0.0,0.0,0.0,0.0,0.0,0.0,0.0,0,0
0.0,0.0,0.0,0.0,0.0,0.0,0.0,0.0,0,0
0.0,0.0,0.0,0.0,0.0,0.0,0.0,0.0,0,0
0.0,0.0,0.0,0.0,0.0,0.0,0.0,0.0,0,0
0.0,0.0,0.0,0.0,0.0,0.0,0.0,0.0,0,0
0.0,0.0,0.0,0.0,0.0,0.0,0.0,0.0,0,0
0.0,0.0,0.0,0.0,0.0,0.0,0.0,0.0,0,0
0.0,0.0,0.0,0.0,0.0,0.0,0.0,0.0,0,0
0.0,0.0,0.0,0.0,0.0,0.0,0.0,0.0,0,0
0.0,0.0,0.0,0.0,0.0,0.0,0.0,0.0,0,0
0.0,0.0,0.0,0.0,0.0,0.0,0.0,0.0,0,0
0.0,0.0,0.0,0.0,0.0,0.0,0.0,0.0,0,0
0.0,0.0,0.0,0.0,0.0,0.0,0.0,0.0,0,0
0.0,0.0,0.0,0.0,0.0,0.0,0.0,0.0,0,0
0.0,0.0,0.0,0.0,0.0,0.0,0.0,0.0,0,0
0.0,0.0,0.0,0.0,0.0,0.0,0.0,0.0,0,0
0.0,0.0,0.0,0.0,0.0,0.0,0.0,0.0,0,0
0.0,0.0,0.0,0.0,0.0,0.0,0.0,0.0,0,0
0.0,0.0,0.0,0.0,0.0,0.0,0.0,0.0,0,0
0.0,0.0,0.0,0.0,0.0,0.0,0.0,0.0,0,0
0.0,0.0,0.0,0.0,0.0,0.0,0.0,0.0,0,0
0.0,0.0,0.0,0.0,0.0,0.0,0.0,0.0,0,0
0.0,0.0,0.0,0.0,0.0,0.0,0.0,0.0,0,0
0.0,0.0,0.0,0.0,0.0,0.0,0.0,0.0,0,0
0.0,0.0,0.0,0.0,0.0,0.0,0.0,0.0,0,0
0.0,0.0,0.0,0.0,0.0,0.0,0.0,0.0,0,0
0.0,0.0,0.0,0.0,0.0,0.0,0.0,0.0,0,0
0.0,0.0,0.0,0.0,0.0,0.0,0.0,0.0,0,0
0.0,0.0,0.0,0.0,0.0,0.0,0.0,0.0,0,0
0.0,0.0,0.0,0.0,0.0,0.0,0.0,0.0,0,0
0.0,0.0,0.0,0.0,0.0,0.0,0.0,0.0,0,0
0.0,0.0,0.0,0.0,0.0,0.0,0.0,0.0,0,0
0.0,0.0,0.0,0.0,0.0,0.0,0.0,0.0,0,0
0.0,0.0,0.0,0.0,0.0,0.0,0.0,0.0,0,0
0.0,0.0,0.0,0.0,0.0,0.0,0.0,0.0,0,0
0.0,0.0,0.0,0.0,0.0,0.0,0.0,0.0,0,0
0.0,0.0,0.0,0.0,0.0,0.0,0.0,0.0,0,0
0.0,0.0,0.0,0.0,0.0,0.0,0.0,0.0,0,0
0.0,0.0,0.0,0.0,0.0,0.0,0.0,0.0,0,0
0.0,0.0,0.0,0.0,0.0,0.0,0.0,0.0,0,0
0.0,0.0,0.0,0.0,0.0,0.0,0.0,0.0,0,0
0.0,0.0,0.0,0.0,0.0,0.0,0.0,0.0,0,0
0.0,0.0,0.0,0.0,0.0,0.0,0.0,0.0,0,0
0.0,0.0,0.0,0.0,0.0,0.0,0.0,0.0,0,0
0.0,0.0,0.0,0.0,0.0,0.0,0.0,0.0,0,0
0.0,0.0,0.0,0.0,0.0,0.0,0.0,0.0,0,0
0.0,0.0,0.0,0.0,0.0,0.0,0.0,0.0,0,0
0.0,0.0,0.0,0.0,0.0,0.0,0.0,0.0,0,0
0.0,0.0,0.0,0.0,0.0,0.0,0.0,0.0,0,0
0.0,0.0,0.0,0.0,0.0,0.0,0.0,0.0,0,0
0.0,0.0,0.0,0.0,0.0,0.0,0.0,0.0,0,0
0.0,0.0,0.0,0.0,0.0,0.0,0.0,0.0,0,0
0.0,0.0,0.0,0.0,0.0,0.0,0.0,0.0,0,0
0.0,0.0,0.0,0.0,0.0,0.0,0.0,0.0,0,0
0.0,0.0,0.0,0.0,0.0,0.0,0.0,0.0,0,0
0.0,0.0,0.0,0.0,0.0,0.0,0.0,0.0,0,0
0.0,0.0,0.0,0.0,0.0,0.0,0.0,0.0,0,0
0.0,0.0,0.0,0.0,0.0,0.0,0.0,0.0,0,0
0.0,0.0,0.0,0.0,0.0,0.0,0.0,0.0,0,0
0.0,0.0,0.0,0.0,0.0,0.0,0.0,0.0,0,0
0.0,0.0,0.0,0.0,0.0,0.0,0.0,0.0,0,0
0.0,0.0,0.0,0.0,0.0,0.0,0.0,0.0,0,0
0.0,0.0,0.0,0.0,0.0,0.0,0.0,0.0,0,0
0.0,0.0,0.0,0.0,0.0,0.0,0.0,0.0,0,0
0.0,0.0,0.0,0.0,0.0,0.0,0.0,0.0,0,0
0.0,0.0,0.0,0.0,0.0,0.0,0.0,0.0,0,0
0.0,0.0,0.0,0.0,0.0,0.0,0.0,0.0,0,0
0.0,0.0,0.0,0.0,0.0,0.0,0.0,0.0,0,0
0.0,0.0,0.0,0.0,0.0,0.0,0.0,0.0,0,0
0.0,0.0,0.0,0.0,0.0,0.0,0.0,0.0,0,0
0.0,0.0,0.0,0.0,0.0,0.0,0.0,0.0,0,0
0.0,0.0,0.0,0.0,0.0,0.0,0.0,0.0,0,0
0.0,0.0,0.0,0.0,0.0,0.0,0.0,0.0,0,0
0.0,0.0,0.0,0.0,0.0,0.0,0.0,0.0,0,0
0.0,0.0,0.0,0.0,0.0,0.0,0.0,0.0,0,0
0.0,0.0,0.0,0.0,0.0,0.0,0.0,0.0,0,0
0.0,0.0,0.0,0.0,0.0,0.0,0.0,0.0,0,0
0.0,0.0,0.0,0.0,0.0,0.0,0.0,0.0,0,0
0.0,0.0,0.0,0.0,0.0,0.0,0.0,0.0,0,0
0.0,0.0,0.0,0.0,0.0,0.0,0.0,0.0,0,0
0.0,0.0,0.0,0.0,0.0,0.0,0.0,0.0,0,0
0.0,0.0,0.0,0.0,0.0,0.0,0.0,0.0,0,0
0.0,0.0,0.0,0.0,0.0,0.0,0.0,0.0,0,0
-9329074.944011064,200000.00000000003,7936.507936507937,-9537011.451947572,500000000.0,500000000.0,1000000000.0,1000000000.0,43,43
6972946.513833267,399999.9999999999,7936.507936507937,6565010.005896758,500000000.0,500000000.0,1000000000.0,1200316617.0853708,43,43
0.0,200000.0000000001,0.0,-200000.0000000001,0.0,0.0,0.0,1000000000.0,0,0
0.0,0.0,0.0,0.0,0.0,0.0,0.0,0.0,0,0
0.0,0.0,0.0,0.0,0.0,0.0,0.0,0.0,0,0
0.0,0.0,0.0,0.0,0.0,0.0,0.0,0.0,0,0
4433604.970562142,200000.0000000001,7936.50793650794,4225668.462625634,500000000.0,500000000.00000006,1000000000.0,1000000000.0000001,44,44
0.0,200000.0000000001,0.0,-200000.0000000001,0.0,0.0,0.0,1000000000.0000001,0,0
0.0,0.0,0.0,0.0,0.0,0.0,0.0,0.0,0,0
0.0,0.0,0.0,0.0,0.0,0.0,0.0,0.0,0,0
0.0,0.0,0.0,0.0,0.0,0.0,0.0,0.0,0,0
0.0,0.0,0.0,0.0,0.0,0.0,0.0,0.0,0,0
0.0,0.0,0.0,0.0,0.0,0.0,0.0,0.0,0,0
0.0,0.0,0.0,0.0,0.0,0.0,0.0,0.0,0,0
0.0,0.0,0.0,0.0,0.0,0.0,0.0,0.0,0,0
0.0,0.0,0.0,0.0,0.0,0.0,0.0,0.0,0,0
0.0,0.0,0.0,0.0,0.0,0.0,0.0,0.0,0,0
0.0,0.0,0.0,0.0,0.0,0.0,0.0,0.0,0,0
0.0,0.0,0.0,0.0,0.0,0.0,0.0,0.0,0,0
0.0,0.0,0.0,0.0,0.0,0.0,0.0,0.0,0,0
0.0,0.0,0.0,0.0,0.0,0.0,0.0,0.0,0,0
0.0,0.0,0.0,0.0,0.0,0.0,0.0,0.0,0,0
0.0,0.0,0.0,0.0,0.0,0.0,0.0,0.0,0,0
0.0,0.0,0.0,0.0,0.0,0.0,0.0,0.0,0,0
0.0,0.0,0.0,0.0,0.0,0.0,0.0,0.0,0,0
0.0,0.0,0.0,0.0,0.0,0.0,0.0,0.0,0,0
0.0,0.0,0.0,0.0,0.0,0.0,0.0,0.0,0,0
730539.4103339895,200000.00000000006,7936.507936507938,522602.9023974815,500000000.00000006,500000000.0,1000000000.0,1000000000.0,43,43
0.0,200000.00000000006,0.0,-200000.00000000006,0.0,0.0,0.0,1000000000.0,0,0
0.0,0.0,0.0,0.0,0.0,0.0,0.0,0.0,0,0
0.0,0.0,0.0,0.0,0.0,0.0,0.0,0.0,0,0
0.0,0.0,0.0,0.0,0.0,0.0,0.0,0.0,0,0
0.0,0.0,0.0,0.0,0.0,0.0,0.0,0.0,0,0
0.0,0.0,0.0,0.0,0.0,0.0,0.0,0.0,0,0
0.0,0.0,0.0,0.0,0.0,0.0,0.0,0.0,0,0
0.0,0.0,0.0,0.0,0.0,0.0,0.0,0.0,0,0
0.0,0.0,0.0,0.0,0.0,0.0,0.0,0.0,0,0
0.0,0.0,0.0,0.0,0.0,0.0,0.0,0.0,0,0
0.0,0.0,0.0,0.0,0.0,0.0,0.0,0.0,0,0
0.0,0.0,0.0,0.0,0.0,0.0,0.0,0.0,0,0
3819515.987114399,200000.0000000001,7936.507936507938,3611579.4791778913,499999999.99999994,500000000.00000006,1000000000.0,1000000000.0,45,45
0.0,200000.0000000001,0.0,-200000.0000000001,0.0,0.0,0.0,1000000000.0,0,0
-1547065.1251323633,200000.0,7936.507936507938,-1755001.6330688712,500000000.00000006,500000000.00000006,1000000000.0000001,1000000000.0000001,45,45
3650251.88961895,399999.9999999999,7936.5079365079355,3242315.381682442,500000000.00000006,500000000.0,1000000000.0,1224924996.9958563,44,44
0.0,200000.0000000001,0.0,-200000.0000000001,0.0,0.0,0.0,1000000000.0,0,0
3181091.3560648956,199999.99999999994,7936.507936507936,2973154.8481283877,499999999.99999994,500000000.00000006,1000000000.0,1000000000.0,44,44
0.0,199999.99999999994,0.0,-199999.99999999994,0.0,0.0,0.0,1000000000.0,0,0
1329049.2510660284,200000.0,7936.507936507934,1121112.7431295204,499999999.99999994,499999999.99999994,999999999.9999999,999999999.9999999,43,43
0.0,200000.0,0.0,-200000.0,0.0,0.0,0.0,999999999.9999999,0,0
0.0,0.0,0.0,0.0,0.0,0.0,0.0,0.0,0,0
0.0,0.0,0.0,0.0,0.0,0.0,0.0,0.0,0,0
0.0,0.0,0.0,0.0,0.0,0.0,0.0,0.0,0,0
0.0,0.0,0.0,0.0,0.0,0.0,0.0,0.0,0,0
7414895.560751562,199999.99999999994,7936.507936507936,7206959.052815054,500000000.0,499999999.99999994,1000000000.0,999999999.9999999,37,37
0.0,199999.99999999994,0.0,-199999.99999999994,0.0,0.0,0.0,999999999.9999999,0,0
0.0,0.0,0.0,0.0,0.0,0.0,0.0,0.0,0,0
0.0,0.0,0.0,0.0,0.0,0.0,0.0,0.0,0,0
0.0,0.0,0.0,0.0,0.0,0.0,0.0,0.0,0,0
0.0,0.0,0.0,0.0,0.0,0.0,0.0,0.0,0,0
0.0,0.0,0.0,0.0,0.0,0.0,0.0,0.0,0,0
0.0,0.0,0.0,0.0,0.0,0.0,0.0,0.0,0,0
0.0,0.0,0.0,0.0,0.0,0.0,0.0,0.0,0,0
0.0,0.0,0.0,0.0,0.0,0.0,0.0,0.0,0,0
0.0,0.0,0.0,0.0,0.0,0.0,0.0,0.0,0,0
0.0,0.0,0.0,0.0,0.0,0.0,0.0,0.0,0,0
0.0,0.0,0.0,0.0,0.0,0.0,0.0,0.0,0,0
0.0,0.0,0.0,0.0,0.0,0.0,0.0,0.0,0,0
0.0,0.0,0.0,0.0,0.0,0.0,0.0,0.0,0,0
0.0,0.0,0.0,0.0,0.0,0.0,0.0,0.0,0,0
0.0,0.0,0.0,0.0,0.0,0.0,0.0,0.0,0,0
13490.490419065034,200000.00000000006,7936.507936507936,-194446.01751744296,500000000.0,500000000.0,1000000000.0,1000000000.0,42,42
0.0,200000.00000000006,0.0,-200000.00000000006,0.0,0.0,0.0,1000000000.0,0,0
0.0,0.0,0.0,0.0,0.0,0.0,0.0,0.0,0,0
0.0,0.0,0.0,0.0,0.0,0.0,0.0,0.0,0,0
0.0,0.0,0.0,0.0,0.0,0.0,0.0,0.0,0,0
0.0,0.0,0.0,0.0,0.0,0.0,0.0,0.0,0,0
0.0,0.0,0.0,0.0,0.0,0.0,0.0,0.0,0,0
0.0,0.0,0.0,0.0,0.0,0.0,0.0,0.0,0,0
0.0,0.0,0.0,0.0,0.0,0.0,0.0,0.0,0,0
0.0,0.0,0.0,0.0,0.0,0.0,0.0,0.0,0,0
0.0,0.0,0.0,0.0,0.0,0.0,0.0,0.0,0,0
0.0,0.0,0.0,0.0,0.0,0.0,0.0,0.0,0,0
0.0,0.0,0.0,0.0,0.0,0.0,0.0,0.0,0,0
0.0,0.0,0.0,0.0,0.0,0.0,0.0,0.0,0,0
0.0,0.0,0.0,0.0,0.0,0.0,0.0,0.0,0,0
0.0,0.0,0.0,0.0,0.0,0.0,0.0,0.0,0,0
0.0,0.0,0.0,0.0,0.0,0.0,0.0,0.0,0,0
0.0,0.0,0.0,0.0,0.0,0.0,0.0,0.0,0,0
0.0,0.0,0.0,0.0,0.0,0.0,0.0,0.0,0,0
0.0,0.0,0.0,0.0,0.0,0.0,0.0,0.0,0,0
0.0,0.0,0.0,0.0,0.0,0.0,0.0,0.0,0,0
5046484.783952223,200000.00000000003,7936.507936507937,4838548.276015715,500000000.0,499999999.99999994,1000000000.0,1000000000.0,44,44
0.0,200000.00000000003,0.0,-200000.00000000003,0.0,0.0,0.0,1000000000.0,0,0
0.0,0.0,0.0,0.0,0.0,0.0,0.0,0.0,0,0
0.0,0.0,0.0,0.0,0.0,0.0,0.0,0.0,0,0
0.0,0.0,0.0,0.0,0.0,0.0,0.0,0.0,0,0
0.0,0.0,0.0,0.0,0.0,0.0,0.0,0.0,0,0
0.0,0.0,0.0,0.0,0.0,0.0,0.0,0.0,0,0
0.0,0.0,0.0,0.0,0.0,0.0,0.0,0.0,0,0
0.0,0.0,0.0,0.0,0.0,0.0,0.0,0.0,0,0
0.0,0.0,0.0,0.0,0.0,0.0,0.0,0.0,0,0
0.0,0.0,0.0,0.0,0.0,0.0,0.0,0.0,0,0
0.0,0.0,0.0,0.0,0.0,0.0,0.0,0.0,0,0
0.0,0.0,0.0,0.0,0.0,0.0,0.0,0.0,0,0
0.0,0.0,0.0,0.0,0.0,0.0,0.0,0.0,0,0
0.0,0.0,0.0,0.0,0.0,0.0,0.0,0.0,0,0
0.0,0.0,0.0,0.0,0.0,0.0,0.0,0.0,0,0
0.0,0.0,0.0,0.0,0.0,0.0,0.0,0.0,0,0
0.0,0.0,0.0,0.0,0.0,0.0,0.0,0.0,0,0
0.0,0.0,0.0,0.0,0.0,0.0,0.0,0.0,0,0
0.0,0.0,0.0,0.0,0.0,0.0,0.0,0.0,0,0
0.0,0.0,0.0,0.0,0.0,0.0,0.0,0.0,0,0
0.0,0.0,0.0,0.0,0.0,0.0,0.0,0.0,0,0
0.0,0.0,0.0,0.0,0.0,0.0,0.0,0.0,0,0
0.0,0.0,0.0,0.0,0.0,0.0,0.0,0.0,0,0
0.0,0.0,0.0,0.0,0.0,0.0,0.0,0.0,0,0
0.0,0.0,0.0,0.0,0.0,0.0,0.0,0.0,0,0
0.0,0.0,0.0,0.0,0.0,0.0,0.0,0.0,0,0
0.0,0.0,0.0,0.0,0.0,0.0,0.0,0.0,0,0
0.0,0.0,0.0,0.0,0.0,0.0,0.0,0.0,0,0
0.0,0.0,0.0,0.0,0.0,0.0,0.0,0.0,0,0
0.0,0.0,0.0,0.0,0.0,0.0,0.0,0.0,0,0
0.0,0.0,0.0,0.0,0.0,0.0,0.0,0.0,0,0
0.0,0.0,0.0,0.0,0.0,0.0,0.0,0.0,0,0
0.0,0.0,0.0,0.0,0.0,0.0,0.0,0.0,0,0
0.0,0.0,0.0,0.0,0.0,0.0,0.0,0.0,0,0
0.0,0.0,0.0,0.0,0.0,0.0,0.0,0.0,0,0
0.0,0.0,0.0,0.0,0.0,0.0,0.0,0.0,0,0
0.0,0.0,0.0,0.0,0.0,0.0,0.0,0.0,0,0
0.0,0.0,0.0,0.0,0.0,0.0,0.0,0.0,0,0
0.0,0.0,0.0,0.0,0.0,0.0,0.0,0.0,0,0
0.0,0.0,0.0,0.0,0.0,0.0,0.0,0.0,0,0
0.0,0.0,0.0,0.0,0.0,0.0,0.0,0.0,0,0
0.0,0.0,0.0,0.0,0.0,0.0,0.0,0.0,0,0
0.0,0.0,0.0,0.0,0.0,0.0,0.0,0.0,0,0
0.0,0.0,0.0,0.0,0.0,0.0,0.0,0.0,0,0
0.0,0.0,0.0,0.0,0.0,0.0,0.0,0.0,0,0
0.0,0.0,0.0,0.0,0.0,0.0,0.0,0.0,0,0
0.0,0.0,0.0,0.0,0.0,0.0,0.0,0.0,0,0
7747204.424666293,199999.99999999994,7936.507936507938,7539267.916729785,500000000.00000006,499999999.99999994,1000000000.0,1000000000.0,44,44
-2013507.5103590311,409779.28431897005,7936.507936507934,-2431223.302614509,500000000.00000006,499999999.99999994,1000000000.0,1579615877.442687,45,45
9610354.55161434,410082.5802322501,7936.507936507936,9192335.463445583,500000000.00000006,500000000.00000006,1000000000.0000001,1653515048.6677756,44,44
460789.71318593074,413905.95621902373,7936.507936507935,38947.24903039907,499999999.99999994,500000000.0,1000000000.0,1689010183.122041,44,44
-1645099.3616490948,410158.0893651001,7936.507936507938,-2063193.9589507028,500000000.0,500000000.0,1000000000.0,1560036929.495473,44,44
-780626.6637110115,400691.17076099996,7936.507936507937,-1189254.3424085195,500000000.0,500000000.0,1000000000.0,1445753997.221977,44,44
3813916.9781936426,383617.4447711563,5830.381847471825,3424469.1515750145,500000000.0,367314056.390725,867314056.390725,1612094276.749448,44,44
-901198.8621695574,348735.62282243924,5818.37486702254,-1255752.859859019,500000000.0,366557616.62242,866557616.6224201,1040952962.8072363,44,44
0.0,173311.52332448398,0.0,-173311.52332448398,0.0,0.0,0.0,866557616.6224201,0,0
0.0,0.0,0.0,0.0,0.0,0.0,0.0,0.0,0,0
0.0,0.0,0.0,0.0,0.0,0.0,0.0,0.0,0,0
0.0,0.0,0.0,0.0,0.0,0.0,0.0,0.0,0,0
-783618.2637666239,200000.0,7936.507936507935,-991554.7717031318,500000000.00000006,499999999.99999994,1000000000.0,1000000000.0,45,45
0.0,200000.0,0.0,-200000.0,0.0,0.0,0.0,1000000000.0,0,0
0.0,0.0,0.0,0.0,0.0,0.0,0.0,0.0,0,0
-9094745.895802163,200000.0000000001,7936.507936507936,-9302682.40373867,500000000.00000006,500000000.00000006,1000000000.0000001,1000000000.0000001,45,45
7252229.876708699,401638.0526884517,7936.507936507937,6842655.3160837395,500000000.00000006,500000000.0,1000000000.0,1205772983.0420635,45,45
0.0,200000.0,0.0,-200000.0,0.0,0.0,0.0,1000000000.0,0,0
0.0,0.0,0.0,0.0,0.0,0.0,0.0,0.0,0,0
0.0,0.0,0.0,0.0,0.0,0.0,0.0,0.0,0,0
0.0,0.0,0.0,0.0,0.0,0.0,0.0,0.0,0,0
0.0,0.0,0.0,0.0,0.0,0.0,0.0,0.0,0,0
0.0,0.0,0.0,0.0,0.0,0.0,0.0,0.0,0,0
0.0,0.0,0.0,0.0,0.0,0.0,0.0,0.0,0,0
0.0,0.0,0.0,0.0,0.0,0.0,0.0,0.0,0,0
0.0,0.0,0.0,0.0,0.0,0.0,0.0,0.0,0,0
0.0,0.0,0.0,0.0,0.0,0.0,0.0,0.0,0,0
0.0,0.0,0.0,0.0,0.0,0.0,0.0,0.0,0,0
0.0,0.0,0.0,0.0,0.0,0.0,0.0,0.0,0,0
0.0,0.0,0.0,0.0,0.0,0.0,0.0,0.0,0,0
-2078508.5059098857,200000.00000000003,7936.5079365079355,-2286445.0138463937,500000000.0,500000000.0,1000000000.0,1000000000.0,46,46
0.0,200000.00000000003,0.0,-200000.00000000003,0.0,0.0,0.0,1000000000.0,0,0
0.0,0.0,0.0,0.0,0.0,0.0,0.0,0.0,0,0
0.0,0.0,0.0,0.0,0.0,0.0,0.0,0.0,0,0
0.0,0.0,0.0,0.0,0.0,0.0,0.0,0.0,0,0
0.0,0.0,0.0,0.0,0.0,0.0,0.0,0.0,0,0
0.0,0.0,0.0,0.0,0.0,0.0,0.0,0.0,0,0
0.0,0.0,0.0,0.0,0.0,0.0,0.0,0.0,0,0
0.0,0.0,0.0,0.0,0.0,0.0,0.0,0.0,0,0
0.0,0.0,0.0,0.0,0.0,0.0,0.0,0.0,0,0
0.0,0.0,0.0,0.0,0.0,0.0,0.0,0.0,0,0
0.0,0.0,0.0,0.0,0.0,0.0,0.0,0.0,0,0
0.0,0.0,0.0,0.0,0.0,0.0,0.0,0.0,0,0
0.0,0.0,0.0,0.0,0.0,0.0,0.0,0.0,0,0
0.0,0.0,0.0,0.0,0.0,0.0,0.0,0.0,0,0
0.0,0.0,0.0,0.0,0.0,0.0,0.0,0.0,0,0
0.0,0.0,0.0,0.0,0.0,0.0,0.0,0.0,0,0
0.0,0.0,0.0,0.0,0.0,0.0,0.0,0.0,0,0
0.0,0.0,0.0,0.0,0.0,0.0,0.0,0.0,0,0
0.0,0.0,0.0,0.0,0.0,0.0,0.0,0.0,0,0
0.0,0.0,0.0,0.0,0.0,0.0,0.0,0.0,0,0
0.0,0.0,0.0,0.0,0.0,0.0,0.0,0.0,0,0
0.0,0.0,0.0,0.0,0.0,0.0,0.0,0.0,0,0
0.0,0.0,0.0,0.0,0.0,0.0,0.0,0.0,0,0
0.0,0.0,0.0,0.0,0.0,0.0,0.0,0.0,0,0
0.0,0.0,0.0,0.0,0.0,0.0,0.0,0.0,0,0
0.0,0.0,0.0,0.0,0.0,0.0,0.0,0.0,0,0
0.0,0.0,0.0,0.0,0.0,0.0,0.0,0.0,0,0
0.0,0.0,0.0,0.0,0.0,0.0,0.0,0.0,0,0
0.0,0.0,0.0,0.0,0.0,0.0,0.0,0.0,0,0
0.0,0.0,0.0,0.0,0.0,0.0,0.0,0.0,0,0
0.0,0.0,0.0,0.0,0.0,0.0,0.0,0.0,0,0
0.0,0.0,0.0,0.0,0.0,0.0,0.0,0.0,0,0
0.0,0.0,0.0,0.0,0.0,0.0,0.0,0.0,0,0
0.0,0.0,0.0,0.0,0.0,0.0,0.0,0.0,0,0
0.0,0.0,0.0,0.0,0.0,0.0,0.0,0.0,0,0
0.0,0.0,0.0,0.0,0.0,0.0,0.0,0.0,0,0
0.0,0.0,0.0,0.0,0.0,0.0,0.0,0.0,0,0
0.0,0.0,0.0,0.0,0.0,0.0,0.0,0.0,0,0
0.0,0.0,0.0,0.0,0.0,0.0,0.0,0.0,0,0
0.0,0.0,0.0,0.0,0.0,0.0,0.0,0.0,0,0
0.0,0.0,0.0,0.0,0.0,0.0,0.0,0.0,0,0
0.0,0.0,0.0,0.0,0.0,0.0,0.0,0.0,0,0
0.0,0.0,0.0,0.0,0.0,0.0,0.0,0.0,0,0
0.0,0.0,0.0,0.0,0.0,0.0,0.0,0.0,0,0
0.0,0.0,0.0,0.0,0.0,0.0,0.0,0.0,0,0
0.0,0.0,0.0,0.0,0.0,0.0,0.0,0.0,0,0
0.0,0.0,0.0,0.0,0.0,0.0,0.0,0.0,0,0
0.0,0.0,0.0,0.0,0.0,0.0,0.0,0.0,0,0
0.0,0.0,0.0,0.0,0.0,0.0,0.0,0.0,0,0
0.0,0.0,0.0,0.0,0.0,0.0,0.0,0.0,0,0
0.0,0.0,0.0,0.0,0.0,0.0,0.0,0.0,0,0
0.0,0.0,0.0,0.0,0.0,0.0,0.0,0.0,0,0
0.0,0.0,0.0,0.0,0.0,0.0,0.0,0.0,0,0
0.0,0.0,0.0,0.0,0.0,0.0,0.0,0.0,0,0
0.0,0.0,0.0,0.0,0.0,0.0,0.0,0.0,0,0
0.0,0.0,0.0,0.0,0.0,0.0,0.0,0.0,0,0
0.0,0.0,0.0,0.0,0.0,0.0,0.0,0.0,0,0
0.0,0.0,0.0,0.0,0.0,0.0,0.0,0.0,0,0
0.0,0.0,0.0,0.0,0.0,0.0,0.0,0.0,0,0
0.0,0.0,0.0,0.0,0.0,0.0,0.0,0.0,0,0
0.0,0.0,0.0,0.0,0.0,0.0,0.0,0.0,0,0
0.0,0.0,0.0,0.0,0.0,0.0,0.0,0.0,0,0
0.0,0.0,0.0,0.0,0.0,0.0,0.0,0.0,0,0
0.0,0.0,0.0,0.0,0.0,0.0,0.0,0.0,0,0
0.0,0.0,0.0,0.0,0.0,0.0,0.0,0.0,0,0
0.0,0.0,0.0,0.0,0.0,0.0,0.0,0.0,0,0
0.0,0.0,0.0,0.0,0.0,0.0,0.0,0.0,0,0
0.0,0.0,0.0,0.0,0.0,0.0,0.0,0.0,0,0
0.0,0.0,0.0,0.0,0.0,0.0,0.0,0.0,0,0
0.0,0.0,0.0,0.0,0.0,0.0,0.0,0.0,0,0
0.0,0.0,0.0,0.0,0.0,0.0,0.0,0.0,0,0
0.0,0.0,0.0,0.0,0.0,0.0,0.0,0.0,0,0
0.0,0.0,0.0,0.0,0.0,0.0,0.0,0.0,0,0
0.0,0.0,0.0,0.0,0.0,0.0,0.0,0.0,0,0
0.0,0.0,0.0,0.0,0.0,0.0,0.0,0.0,0,0
0.0,0.0,0.0,0.0,0.0,0.0,0.0,0.0,0,0
0.0,0.0,0.0,0.0,0.0,0.0,0.0,0.0,0,0
0.0,0.0,0.0,0.0,0.0,0.0,0.0,0.0,0,0
0.0,0.0,0.0,0.0,0.0,0.0,0.0,0.0,0,0
0.0,0.0,0.0,0.0,0.0,0.0,0.0,0.0,0,0
0.0,0.0,0.0,0.0,0.0,0.0,0.0,0.0,0,0
0.0,0.0,0.0,0.0,0.0,0.0,0.0,0.0,0,0
0.0,0.0,0.0,0.0,0.0,0.0,0.0,0.0,0,0
0.0,0.0,0.0,0.0,0.0,0.0,0.0,0.0,0,0
0.0,0.0,0.0,0.0,0.0,0.0,0.0,0.0,0,0
0.0,0.0,0.0,0.0,0.0,0.0,0.0,0.0,0,0
0.0,0.0,0.0,0.0,0.0,0.0,0.0,0.0,0,0
0.0,0.0,0.0,0.0,0.0,0.0,0.0,0.0,0,0
0.0,0.0,0.0,0.0,0.0,0.0,0.0,0.0,0,0
0.0,0.0,0.0,0.0,0.0,0.0,0.0,0.0,0,0
0.0,0.0,0.0,0.0,0.0,0.0,0.0,0.0,0,0
0.0,0.0,0.0,0.0,0.0,0.0,0.0,0.0,0,0
0.0,0.0,0.0,0.0,0.0,0.0,0.0,0.0,0,0
0.0,0.0,0.0,0.0,0.0,0.0,0.0,0.0,0,0
0.0,0.0,0.0,0.0,0.0,0.0,0.0,0.0,0,0
0.0,0.0,0.0,0.0,0.0,0.0,0.0,0.0,0,0
0.0,0.0,0.0,0.0,0.0,0.0,0.0,0.0,0,0
0.0,0.0,0.0,0.0,0.0,0.0,0.0,0.0,0,0
0.0,0.0,0.0,0.0,0.0,0.0,0.0,0.0,0,0
0.0,0.0,0.0,0.0,0.0,0.0,0.0,0.0,0,0
0.0,0.0,0.0,0.0,0.0,0.0,0.0,0.0,0,0
0.0,0.0,0.0,0.0,0.0,0.0,0.0,0.0,0,0
0.0,0.0,0.0,0.0,0.0,0.0,0.0,0.0,0,0
0.0,0.0,0.0,0.0,0.0,0.0,0.0,0.0,0,0
0.0,0.0,0.0,0.0,0.0,0.0,0.0,0.0,0,0
0.0,0.0,0.0,0.0,0.0,0.0,0.0,0.0,0,0
0.0,0.0,0.0,0.0,0.0,0.0,0.0,0.0,0,0
0.0,0.0,0.0,0.0,0.0,0.0,0.0,0.0,0,0
0.0,0.0,0.0,0.0,0.0,0.0,0.0,0.0,0,0
0.0,0.0,0.0,0.0,0.0,0.0,0.0,0.0,0,0
0.0,0.0,0.0,0.0,0.0,0.0,0.0,0.0,0,0
0.0,0.0,0.0,0.0,0.0,0.0,0.0,0.0,0,0
0.0,0.0,0.0,0.0,0.0,0.0,0.0,0.0,0,0
0.0,0.0,0.0,0.0,0.0,0.0,0.0,0.0,0,0
0.0,0.0,0.0,0.0,0.0,0.0,0.0,0.0,0,0
0.0,0.0,0.0,0.0,0.0,0.0,0.0,0.0,0,0
0.0,0.0,0.0,0.0,0.0,0.0,0.0,0.0,0,0
0.0,0.0,0.0,0.0,0.0,0.0,0.0,0.0,0,0
0.0,0.0,0.0,0.0,0.0,0.0,0.0,0.0,0,0
0.0,0.0,0.0,0.0,0.0,0.0,0.0,0.0,0,0
0.0,0.0,0.0,0.0,0.0,0.0,0.0,0.0,0,0
0.0,0.0,0.0,0.0,0.0,0.0,0.0,0.0,0,0
0.0,0.0,0.0,0.0,0.0,0.0,0.0,0.0,0,0
0.0,0.0,0.0,0.0,0.0,0.0,0.0,0.0,0,0
0.0,0.0,0.0,0.0,0.0,0.0,0.0,0.0,0,0
0.0,0.0,0.0,0.0,0.0,0.0,0.0,0.0,0,0
0.0,0.0,0.0,0.0,0.0,0.0,0.0,0.0,0,0
0.0,0.0,0.0,0.0,0.0,0.0,0.0,0.0,0,0
0.0,0.0,0.0,0.0,0.0,0.0,0.0,0.0,0,0
0.0,0.0,0.0,0.0,0.0,0.0,0.0,0.0,0,0
0.0,0.0,0.0,0.0,0.0,0.0,0.0,0.0,0,0
0.0,0.0,0.0,0.0,0.0,0.0,0.0,0.0,0,0
0.0,0.0,0.0,0.0,0.0,0.0,0.0,0.0,0,0
0.0,0.0,0.0,0.0,0.0,0.0,0.0,0.0,0,0
0.0,0.0,0.0,0.0,0.0,0.0,0.0,0.0,0,0
0.0,0.0,0.0,0.0,0.0,0.0,0.0,0.0,0,0
0.0,0.0,0.0,0.0,0.0,0.0,0.0,0.0,0,0
0.0,0.0,0.0,0.0,0.0,0.0,0.0,0.0,0,0
0.0,0.0,0.0,0.0,0.0,0.0,0.0,0.0,0,0
0.0,0.0,0.0,0.0,0.0,0.0,0.0,0.0,0,0
0.0,0.0,0.0,0.0,0.0,0.0,0.0,0.0,0,0
0.0,0.0,0.0,0.0,0.0,0.0,0.0,0.0,0,0
0.0,0.0,0.0,0.0,0.0,0.0,0.0,0.0,0,0
0.0,0.0,0.0,0.0,0.0,0.0,0.0,0.0,0,0
0.0,0.0,0.0,0.0,0.0,0.0,0.0,0.0,0,0
0.0,0.0,0.0,0.0,0.0,0.0,0.0,0.0,0,0
0.0,0.0,0.0,0.0,0.0,0.0,0.0,0.0,0,0
0.0,0.0,0.0,0.0,0.0,0.0,0.0,0.0,0,0
0.0,0.0,0.0,0.0,0.0,0.0,0.0,0.0,0,0
0.0,0.0,0.0,0.0,0.0,0.0,0.0,0.0,0,0
0.0,0.0,0.0,0.0,0.0,0.0,0.0,0.0,0,0
0.0,0.0,0.0,0.0,0.0,0.0,0.0,0.0,0,0
0.0,0.0,0.0,0.0,0.0,0.0,0.0,0.0,0,0
0.0,0.0,0.0,0.0,0.0,0.0,0.0,0.0,0,0
0.0,0.0,0.0,0.0,0.0,0.0,0.0,0.0,0,0
0.0,0.0,0.0,0.0,0.0,0.0,0.0,0.0,0,0
0.0,0.0,0.0,0.0,0.0,0.0,0.0,0.0,0,0
0.0,0.0,0.0,0.0,0.0,0.0,0.0,0.0,0,0
0.0,0.0,0.0,0.0,0.0,0.0,0.0,0.0,0,0
0.0,0.0,0.0,0.0,0.0,0.0,0.0,0.0,0,0
0.0,0.0,0.0,0.0,0.0,0.0,0.0,0.0,0,0
0.0,0.0,0.0,0.0,0.0,0.0,0.0,0.0,0,0
0.0,0.0,0.0,0.0,0.0,0.0,0.0,0.0,0,0
0.0,0.0,0.0,0.0,0.0,0.0,0.0,0.0,0,0
0.0,0.0,0.0,0.0,0.0,0.0,0.0,0.0,0,0
0.0,0.0,0.0,0.0,0.0,0.0,0.0,0.0,0,0
0.0,0.0,0.0,0.0,0.0,0.0,0.0,0.0,0,0
0.0,0.0,0.0,0.0,0.0,0.0,0.0,0.0,0,0
0.0,0.0,0.0,0.0,0.0,0.0,0.0,0.0,0,0
0.0,0.0,0.0,0.0,0.0,0.0,0.0,0.0,0,0
0.0,0.0,0.0,0.0,0.0,0.0,0.0,0.0,0,0
0.0,0.0,0.0,0.0,0.0,0.0,0.0,0.0,0,0
0.0,0.0,0.0,0.0,0.0,0.0,0.0,0.0,0,0
0.0,0.0,0.0,0.0,0.0,0.0,0.0,0.0,0,0
0.0,0.0,0.0,0.0,0.0,0.0,0.0,0.0,0,0
0.0,0.0,0.0,0.0,0.0,0.0,0.0,0.0,0,0
0.0,0.0,0.0,0.0,0.0,0.0,0.0,0.0,0,0
0.0,0.0,0.0,0.0,0.0,0.0,0.0,0.0,0,0
0.0,0.0,0.0,0.0,0.0,0.0,0.0,0.0,0,0
0.0,0.0,0.0,0.0,0.0,0.0,0.0,0.0,0,0
0.0,0.0,0.0,0.0,0.0,0.0,0.0,0.0,0,0
0.0,0.0,0.0,0.0,0.0,0.0,0.0,0.0,0,0
0.0,0.0,0.0,0.0,0.0,0.0,0.0,0.0,0,0
0.0,0.0,0.0,0.0,0.0,0.0,0.0,0.0,0,0
0.0,0.0,0.0,0.0,0.0,0.0,0.0,0.0,0,0
0.0,0.0,0.0,0.0,0.0,0.0,0.0,0.0,0,0
0.0,0.0,0.0,0.0,0.0,0.0,0.0,0.0,0,0
0.0,0.0,0.0,0.0,0.0,0.0,0.0,0.0,0,0
0.0,0.0,0.0,0.0,0.0,0.0,0.0,0.0,0,0
0.0,0.0,0.0,0.0,0.0,0.0,0.0,0.0,0,0
0.0,0.0,0.0,0.0,0.0,0.0,0.0,0.0,0,0
0.0,0.0,0.0,0.0,0.0,0.0,0.0,0.0,0,0
0.0,0.0,0.0,0.0,0.0,0.0,0.0,0.0,0,0
0.0,0.0,0.0,0.0,0.0,0.0,0.0,0.0,0,0
0.0,0.0,0.0,0.0,0.0,0.0,0.0,0.0,0,0
0.0,0.0,0.0,0.0,0.0,0.0,0.0,0.0,0,0
0.0,0.0,0.0,0.0,0.0,0.0,0.0,0.0,0,0
0.0,0.0,0.0,0.0,0.0,0.0,0.0,0.0,0,0
0.0,0.0,0.0,0.0,0.0,0.0,0.0,0.0,0,0
0.0,0.0,0.0,0.0,0.0,0.0,0.0,0.0,0,0
0.0,0.0,0.0,0.0,0.0,0.0,0.0,0.0,0,0
0.0,0.0,0.0,0.0,0.0,0.0,0.0,0.0,0,0
0.0,0.0,0.0,0.0,0.0,0.0,0.0,0.0,0,0
0.0,0.0,0.0,0.0,0.0,0.0,0.0,0.0,0,0
0.0,0.0,0.0,0.0,0.0,0.0,0.0,0.0,0,0
0.0,0.0,0.0,0.0,0.0,0.0,0.0,0.0,0,0
0.0,0.0,0.0,0.0,0.0,0.0,0.0,0.0,0,0
0.0,0.0,0.0,0.0,0.0,0.0,0.0,0.0,0,0
0.0,0.0,0.0,0.0,0.0,0.0,0.0,0.0,0,0
0.0,0.0,0.0,0.0,0.0,0.0,0.0,0.0,0,0
3730419.783173722,200000.00000000003,7936.507936507937,3522483.2752372143,500000000.00000006,500000000.00000006,1000000000.0000001,1000000000.0000001,42,42
3132495.7714719796,443585.337286859,7936.507936507936,2680973.926248613,464624259.7426875,500000000.00000006,964624259.7426876,1880366748.6651025,43,43
0.0,192924.85194853754,0.0,-192924.85194853754,0.0,0.0,0.0,964624259.7426876,0,0
0.0,0.0,0.0,0.0,0.0,0.0,0.0,0.0,0,0
9519165.277299283,199999.99999999988,7936.507936507936,9311228.769362776,499999999.99999994,500000000.0,1000000000.0,999999999.9999999,44,44
0.0,199999.99999999988,0.0,-199999.99999999988,0.0,0.0,0.0,999999999.9999999,0,0
2176809.4523626063,179586.01626497004,7936.5079365079355,1989286.9281611284,397930081.32485,499999999.99999994,897930081.32485,897930081.32485,43,43
0.0,179586.01626497004,0.0,-179586.01626497004,0.0,0.0,0.0,897930081.32485,0,0
0.0,0.0,0.0,0.0,0.0,0.0,0.0,0.0,0,0
0.0,0.0,0.0,0.0,0.0,0.0,0.0,0.0,0,0
0.0,0.0,0.0,0.0,0.0,0.0,0.0,0.0,0,0
0.0,0.0,0.0,0.0,0.0,0.0,0.0,0.0,0,0
0.0,0.0,0.0,0.0,0.0,0.0,0.0,0.0,0,0
0.0,0.0,0.0,0.0,0.0,0.0,0.0,0.0,0,0
0.0,0.0,0.0,0.0,0.0,0.0,0.0,0.0,0,0
0.0,0.0,0.0,0.0,0.0,0.0,0.0,0.0,0,0
0.0,0.0,0.0,0.0,0.0,0.0,0.0,0.0,0,0
0.0,0.0,0.0,0.0,0.0,0.0,0.0,0.0,0,0
0.0,0.0,0.0,0.0,0.0,0.0,0.0,0.0,0,0
0.0,0.0,0.0,0.0,0.0,0.0,0.0,0.0,0,0
0.0,0.0,0.0,0.0,0.0,0.0,0.0,0.0,0,0
0.0,0.0,0.0,0.0,0.0,0.0,0.0,0.0,0,0
0.0,0.0,0.0,0.0,0.0,0.0,0.0,0.0,0,0
0.0,0.0,0.0,0.0,0.0,0.0,0.0,0.0,0,0
0.0,0.0,0.0,0.0,0.0,0.0,0.0,0.0,0,0
0.0,0.0,0.0,0.0,0.0,0.0,0.0,0.0,0,0
0.0,0.0,0.0,0.0,0.0,0.0,0.0,0.0,0,0
0.0,0.0,0.0,0.0,0.0,0.0,0.0,0.0,0,0
0.0,0.0,0.0,0.0,0.0,0.0,0.0,0.0,0,0
0.0,0.0,0.0,0.0,0.0,0.0,0.0,0.0,0,0
0.0,0.0,0.0,0.0,0.0,0.0,0.0,0.0,0,0
0.0,0.0,0.0,0.0,0.0,0.0,0.0,0.0,0,0
0.0,0.0,0.0,0.0,0.0,0.0,0.0,0.0,0,0
0.0,0.0,0.0,0.0,0.0,0.0,0.0,0.0,0,0
0.0,0.0,0.0,0.0,0.0,0.0,0.0,0.0,0,0
0.0,0.0,0.0,0.0,0.0,0.0,0.0,0.0,0,0
0.0,0.0,0.0,0.0,0.0,0.0,0.0,0.0,0,0
0.0,0.0,0.0,0.0,0.0,0.0,0.0,0.0,0,0
0.0,0.0,0.0,0.0,0.0,0.0,0.0,0.0,0,0
0.0,0.0,0.0,0.0,0.0,0.0,0.0,0.0,0,0
0.0,0.0,0.0,0.0,0.0,0.0,0.0,0.0,0,0
0.0,0.0,0.0,0.0,0.0,0.0,0.0,0.0,0,0
0.0,0.0,0.0,0.0,0.0,0.0,0.0,0.0,0,0
0.0,0.0,0.0,0.0,0.0,0.0,0.0,0.0,0,0
0.0,0.0,0.0,0.0,0.0,0.0,0.0,0.0,0,0
0.0,0.0,0.0,0.0,0.0,0.0,0.0,0.0,0,0
0.0,0.0,0.0,0.0,0.0,0.0,0.0,0.0,0,0
0.0,0.0,0.0,0.0,0.0,0.0,0.0,0.0,0,0
0.0,0.0,0.0,0.0,0.0,0.0,0.0,0.0,0,0
0.0,0.0,0.0,0.0,0.0,0.0,0.0,0.0,0,0
0.0,0.0,0.0,0.0,0.0,0.0,0.0,0.0,0,0
0.0,0.0,0.0,0.0,0.0,0.0,0.0,0.0,0,0
0.0,0.0,0.0,0.0,0.0,0.0,0.0,0.0,0,0
0.0,0.0,0.0,0.0,0.0,0.0,0.0,0.0,0,0
0.0,0.0,0.0,0.0,0.0,0.0,0.0,0.0,0,0
0.0,0.0,0.0,0.0,0.0,0.0,0.0,0.0,0,0
0.0,0.0,0.0,0.0,0.0,0.0,0.0,0.0,0,0
0.0,0.0,0.0,0.0,0.0,0.0,0.0,0.0,0,0
0.0,0.0,0.0,0.0,0.0,0.0,0.0,0.0,0,0
0.0,0.0,0.0,0.0,0.0,0.0,0.0,0.0,0,0
0.0,0.0,0.0,0.0,0.0,0.0,0.0,0.0,0,0
0.0,0.0,0.0,0.0,0.0,0.0,0.0,0.0,0,0
0.0,0.0,0.0,0.0,0.0,0.0,0.0,0.0,0,0
0.0,0.0,0.0,0.0,0.0,0.0,0.0,0.0,0,0
0.0,0.0,0.0,0.0,0.0,0.0,0.0,0.0,0,0
0.0,0.0,0.0,0.0,0.0,0.0,0.0,0.0,0,0
0.0,0.0,0.0,0.0,0.0,0.0,0.0,0.0,0,0
-3529879.529929486,199999.99999999994,7936.507936507938,-3737816.037865994,500000000.0,500000000.0,1000000000.0,1000000000.0,41,41
0.0,199999.99999999994,0.0,-199999.99999999994,0.0,0.0,0.0,1000000000.0,0,0
-538175.3340945699,200000.00000000015,7936.50793650794,-746111.842031078,500000000.0,500000000.00000006,1000000000.0,1000000000.0,40,40
0.0,200000.00000000015,0.0,-200000.00000000015,0.0,0.0,0.0,1000000000.0,0,0
3739503.9574599257,200000.0000000001,7936.5079365079355,3531567.4495234177,500000000.0,500000000.0,1000000000.0,1000000000.0,41,41
-908557.5545998664,399999.9999999997,7936.507936507936,-1316494.062536374,500000000.0,499999999.99999994,1000000000.0,1697762131.9424722,42,42
0.0,199999.99999999997,0.0,-199999.99999999997,0.0,0.0,0.0,1000000000.0,0,0
0.0,0.0,0.0,0.0,0.0,0.0,0.0,0.0,0,0
0.0,0.0,0.0,0.0,0.0,0.0,0.0,0.0,0,0
0.0,0.0,0.0,0.0,0.0,0.0,0.0,0.0,0,0
0.0,0.0,0.0,0.0,0.0,0.0,0.0,0.0,0,0
0.0,0.0,0.0,0.0,0.0,0.0,0.0,0.0,0,0
0.0,0.0,0.0,0.0,0.0,0.0,0.0,0.0,0,0
0.0,0.0,0.0,0.0,0.0,0.0,0.0,0.0,0,0
0.0,0.0,0.0,0.0,0.0,0.0,0.0,0.0,0,0
0.0,0.0,0.0,0.0,0.0,0.0,0.0,0.0,0,0
-2257139.5948981945,171748.56306506004,7936.507936507936,-2436824.6658997624,358742815.32530004,500000000.0,858742815.3253,858742815.3253,45,45
-4590978.400646311,416316.53837060893,7936.507936507937,-5015231.446953429,467488530.121675,500000000.00000006,967488530.121675,1628066559.6275363,45,45
-5011163.864477596,368285.4133440599,7936.507936507933,-5387385.785758165,373938536.598625,500000000.0,873938536.598625,1060262431.5005507,45,45
4871882.527393461,342947.61500851007,7936.507936507936,4520998.404448443,313595532.913925,500000000.0,813595532.9139249,1259022622.1088545,45,45
7308890.964608693,346001.8196452379,7936.5079365079355,6954952.637026946,375215988.05025005,499999999.99999994,875215988.05025,1349377836.8347306,46,46
861541.3166182501,430144.41260337405,7936.507936507934,423460.3960783681,500000000.0,499999999.99999994,1000000000.0,1827409347.8781056,46,46
0.0,200000.00000000003,0.0,-200000.00000000003,0.0,0.0,0.0,1000000000.0,0,0
0.0,0.0,0.0,0.0,0.0,0.0,0.0,0.0,0,0
0.0,0.0,0.0,0.0,0.0,0.0,0.0,0.0,0,0
0.0,0.0,0.0,0.0,0.0,0.0,0.0,0.0,0,0
0.0,0.0,0.0,0.0,0.0,0.0,0.0,0.0,0,0
0.0,0.0,0.0,0.0,0.0,0.0,0.0,0.0,0,0
0.0,0.0,0.0,0.0,0.0,0.0,0.0,0.0,0,0
0.0,0.0,0.0,0.0,0.0,0.0,0.0,0.0,0,0
0.0,0.0,0.0,0.0,0.0,0.0,0.0,0.0,0,0
0.0,0.0,0.0,0.0,0.0,0.0,0.0,0.0,0,0
0.0,0.0,0.0,0.0,0.0,0.0,0.0,0.0,0,0
0.0,0.0,0.0,0.0,0.0,0.0,0.0,0.0,0,0
0.0,0.0,0.0,0.0,0.0,0.0,0.0,0.0,0,0
0.0,0.0,0.0,0.0,0.0,0.0,0.0,0.0,0,0
0.0,0.0,0.0,0.0,0.0,0.0,0.0,0.0,0,0
0.0,0.0,0.0,0.0,0.0,0.0,0.0,0.0,0,0
0.0,0.0,0.0,0.0,0.0,0.0,0.0,0.0,0,0
0.0,0.0,0.0,0.0,0.0,0.0,0.0,0.0,0,0
0.0,0.0,0.0,0.0,0.0,0.0,0.0,0.0,0,0
0.0,0.0,0.0,0.0,0.0,0.0,0.0,0.0,0,0
0.0,0.0,0.0,0.0,0.0,0.0,0.0,0.0,0,0
0.0,0.0,0.0,0.0,0.0,0.0,0.0,0.0,0,0
0.0,0.0,0.0,0.0,0.0,0.0,0.0,0.0,0,0
0.0,0.0,0.0,0.0,0.0,0.0,0.0,0.0,0,0
0.0,0.0,0.0,0.0,0.0,0.0,0.0,0.0,0,0
0.0,0.0,0.0,0.0,0.0,0.0,0.0,0.0,0,0
0.0,0.0,0.0,0.0,0.0,0.0,0.0,0.0,0,0
0.0,0.0,0.0,0.0,0.0,0.0,0.0,0.0,0,0
0.0,0.0,0.0,0.0,0.0,0.0,0.0,0.0,0,0
0.0,0.0,0.0,0.0,0.0,0.0,0.0,0.0,0,0
0.0,0.0,0.0,0.0,0.0,0.0,0.0,0.0,0,0
0.0,0.0,0.0,0.0,0.0,0.0,0.0,0.0,0,0
0.0,0.0,0.0,0.0,0.0,0.0,0.0,0.0,0,0
0.0,0.0,0.0,0.0,0.0,0.0,0.0,0.0,0,0
0.0,0.0,0.0,0.0,0.0,0.0,0.0,0.0,0,0
0.0,0.0,0.0,0.0,0.0,0.0,0.0,0.0,0,0
0.0,0.0,0.0,0.0,0.0,0.0,0.0,0.0,0,0
0.0,0.0,0.0,0.0,0.0,0.0,0.0,0.0,0,0
0.0,0.0,0.0,0.0,0.0,0.0,0.0,0.0,0,0
0.0,0.0,0.0,0.0,0.0,0.0,0.0,0.0,0,0
0.0,0.0,0.0,0.0,0.0,0.0,0.0,0.0,0,0
0.0,0.0,0.0,0.0,0.0,0.0,0.0,0.0,0,0
0.0,0.0,0.0,0.0,0.0,0.0,0.0,0.0,0,0
0.0,0.0,0.0,0.0,0.0,0.0,0.0,0.0,0,0
0.0,0.0,0.0,0.0,0.0,0.0,0.0,0.0,0,0
0.0,0.0,0.0,0.0,0.0,0.0,0.0,0.0,0,0
0.0,0.0,0.0,0.0,0.0,0.0,0.0,0.0,0,0
0.0,0.0,0.0,0.0,0.0,0.0,0.0,0.0,0,0
0.0,0.0,0.0,0.0,0.0,0.0,0.0,0.0,0,0
0.0,0.0,0.0,0.0,0.0,0.0,0.0,0.0,0,0
0.0,0.0,0.0,0.0,0.0,0.0,0.0,0.0,0,0
0.0,0.0,0.0,0.0,0.0,0.0,0.0,0.0,0,0
0.0,0.0,0.0,0.0,0.0,0.0,0.0,0.0,0,0
0.0,0.0,0.0,0.0,0.0,0.0,0.0,0.0,0,0
0.0,0.0,0.0,0.0,0.0,0.0,0.0,0.0,0,0
0.0,0.0,0.0,0.0,0.0,0.0,0.0,0.0,0,0
0.0,0.0,0.0,0.0,0.0,0.0,0.0,0.0,0,0
0.0,0.0,0.0,0.0,0.0,0.0,0.0,0.0,0,0
0.0,0.0,0.0,0.0,0.0,0.0,0.0,0.0,0,0
0.0,0.0,0.0,0.0,0.0,0.0,0.0,0.0,0,0
0.0,0.0,0.0,0.0,0.0,0.0,0.0,0.0,0,0
0.0,0.0,0.0,0.0,0.0,0.0,0.0,0.0,0,0
0.0,0.0,0.0,0.0,0.0,0.0,0.0,0.0,0,0
0.0,0.0,0.0,0.0,0.0,0.0,0.0,0.0,0,0
0.0,0.0,0.0,0.0,0.0,0.0,0.0,0.0,0,0
0.0,0.0,0.0,0.0,0.0,0.0,0.0,0.0,0,0
0.0,0.0,0.0,0.0,0.0,0.0,0.0,0.0,0,0
0.0,0.0,0.0,0.0,0.0,0.0,0.0,0.0,0,0
0.0,0.0,0.0,0.0,0.0,0.0,0.0,0.0,0,0
0.0,0.0,0.0,0.0,0.0,0.0,0.0,0.0,0,0
0.0,0.0,0.0,0.0,0.0,0.0,0.0,0.0,0,0
0.0,0.0,0.0,0.0,0.0,0.0,0.0,0.0,0,0
0.0,0.0,0.0,0.0,0.0,0.0,0.0,0.0,0,0
0.0,0.0,0.0,0.0,0.0,0.0,0.0,0.0,0,0
0.0,0.0,0.0,0.0,0.0,0.0,0.0,0.0,0,0
0.0,0.0,0.0,0.0,0.0,0.0,0.0,0.0,0,0
0.0,0.0,0.0,0.0,0.0,0.0,0.0,0.0,0,0
0.0,0.0,0.0,0.0,0.0,0.0,0.0,0.0,0,0
0.0,0.0,0.0,0.0,0.0,0.0,0.0,0.0,0,0
0.0,0.0,0.0,0.0,0.0,0.0,0.0,0.0,0,0
0.0,0.0,0.0,0.0,0.0,0.0,0.0,0.0,0,0
0.0,0.0,0.0,0.0,0.0,0.0,0.0,0.0,0,0
0.0,0.0,0.0,0.0,0.0,0.0,0.0,0.0,0,0
0.0,0.0,0.0,0.0,0.0,0.0,0.0,0.0,0,0
0.0,0.0,0.0,0.0,0.0,0.0,0.0,0.0,0,0
0.0,0.0,0.0,0.0,0.0,0.0,0.0,0.0,0,0
0.0,0.0,0.0,0.0,0.0,0.0,0.0,0.0,0,0
0.0,0.0,0.0,0.0,0.0,0.0,0.0,0.0,0,0
0.0,0.0,0.0,0.0,0.0,0.0,0.0,0.0,0,0
0.0,0.0,0.0,0.0,0.0,0.0,0.0,0.0,0,0
0.0,0.0,0.0,0.0,0.0,0.0,0.0,0.0,0,0
0.0,0.0,0.0,0.0,0.0,0.0,0.0,0.0,0,0
0.0,0.0,0.0,0.0,0.0,0.0,0.0,0.0,0,0
0.0,0.0,0.0,0.0,0.0,0.0,0.0,0.0,0,0
0.0,0.0,0.0,0.0,0.0,0.0,0.0,0.0,0,0
0.0,0.0,0.0,0.0,0.0,0.0,0.0,0.0,0,0
0.0,0.0,0.0,0.0,0.0,0.0,0.0,0.0,0,0
0.0,0.0,0.0,0.0,0.0,0.0,0.0,0.0,0,0
0.0,0.0,0.0,0.0,0.0,0.0,0.0,0.0,0,0
0.0,0.0,0.0,0.0,0.0,0.0,0.0,0.0,0,0
0.0,0.0,0.0,0.0,0.0,0.0,0.0,0.0,0,0
0.0,0.0,0.0,0.0,0.0,0.0,0.0,0.0,0,0
0.0,0.0,0.0,0.0,0.0,0.0,0.0,0.0,0,0
0.0,0.0,0.0,0.0,0.0,0.0,0.0,0.0,0,0
0.0,0.0,0.0,0.0,0.0,0.0,0.0,0.0,0,0
0.0,0.0,0.0,0.0,0.0,0.0,0.0,0.0,0,0
0.0,0.0,0.0,0.0,0.0,0.0,0.0,0.0,0,0
0.0,0.0,0.0,0.0,0.0,0.0,0.0,0.0,0,0
0.0,0.0,0.0,0.0,0.0,0.0,0.0,0.0,0,0
0.0,0.0,0.0,0.0,0.0,0.0,0.0,0.0,0,0
0.0,0.0,0.0,0.0,0.0,0.0,0.0,0.0,0,0
0.0,0.0,0.0,0.0,0.0,0.0,0.0,0.0,0,0
0.0,0.0,0.0,0.0,0.0,0.0,0.0,0.0,0,0
0.0,0.0,0.0,0.0,0.0,0.0,0.0,0.0,0,0
0.0,0.0,0.0,0.0,0.0,0.0,0.0,0.0,0,0
0.0,0.0,0.0,0.0,0.0,0.0,0.0,0.0,0,0
0.0,0.0,0.0,0.0,0.0,0.0,0.0,0.0,0,0
0.0,0.0,0.0,0.0,0.0,0.0,0.0,0.0,0,0
0.0,0.0,0.0,0.0,0.0,0.0,0.0,0.0,0,0
0.0,0.0,0.0,0.0,0.0,0.0,0.0,0.0,0,0
0.0,0.0,0.0,0.0,0.0,0.0,0.0,0.0,0,0
0.0,0.0,0.0,0.0,0.0,0.0,0.0,0.0,0,0
0.0,0.0,0.0,0.0,0.0,0.0,0.0,0.0,0,0
0.0,0.0,0.0,0.0,0.0,0.0,0.0,0.0,0,0
0.0,0.0,0.0,0.0,0.0,0.0,0.0,0.0,0,0
0.0,0.0,0.0,0.0,0.0,0.0,0.0,0.0,0,0
0.0,0.0,0.0,0.0,0.0,0.0,0.0,0.0,0,0
0.0,0.0,0.0,0.0,0.0,0.0,0.0,0.0,0,0
0.0,0.0,0.0,0.0,0.0,0.0,0.0,0.0,0,0
0.0,0.0,0.0,0.0,0.0,0.0,0.0,0.0,0,0
0.0,0.0,0.0,0.0,0.0,0.0,0.0,0.0,0,0
0.0,0.0,0.0,0.0,0.0,0.0,0.0,0.0,0,0
0.0,0.0,0.0,0.0,0.0,0.0,0.0,0.0,0,0
0.0,0.0,0.0,0.0,0.0,0.0,0.0,0.0,0,0
0.0,0.0,0.0,0.0,0.0,0.0,0.0,0.0,0,0
0.0,0.0,0.0,0.0,0.0,0.0,0.0,0.0,0,0
0.0,0.0,0.0,0.0,0.0,0.0,0.0,0.0,0,0
0.0,0.0,0.0,0.0,0.0,0.0,0.0,0.0,0,0
0.0,0.0,0.0,0.0,0.0,0.0,0.0,0.0,0,0
0.0,0.0,0.0,0.0,0.0,0.0,0.0,0.0,0,0
0.0,0.0,0.0,0.0,0.0,0.0,0.0,0.0,0,0
0.0,0.0,0.0,0.0,0.0,0.0,0.0,0.0,0,0
0.0,0.0,0.0,0.0,0.0,0.0,0.0,0.0,0,0
0.0,0.0,0.0,0.0,0.0,0.0,0.0,0.0,0,0
0.0,0.0,0.0,0.0,0.0,0.0,0.0,0.0,0,0
0.0,0.0,0.0,0.0,0.0,0.0,0.0,0.0,0,0
0.0,0.0,0.0,0.0,0.0,0.0,0.0,0.0,0,0
0.0,0.0,0.0,0.0,0.0,0.0,0.0,0.0,0,0
0.0,0.0,0.0,0.0,0.0,0.0,0.0,0.0,0,0
0.0,0.0,0.0,0.0,0.0,0.0,0.0,0.0,0,0
0.0,0.0,0.0,0.0,0.0,0.0,0.0,0.0,0,0
0.0,0.0,0.0,0.0,0.0,0.0,0.0,0.0,0,0
0.0,0.0,0.0,0.0,0.0,0.0,0.0,0.0,0,0
0.0,0.0,0.0,0.0,0.0,0.0,0.0,0.0,0,0
0.0,0.0,0.0,0.0,0.0,0.0,0.0,0.0,0,0
0.0,0.0,0.0,0.0,0.0,0.0,0.0,0.0,0,0
0.0,0.0,0.0,0.0,0.0,0.0,0.0,0.0,0,0
0.0,0.0,0.0,0.0,0.0,0.0,0.0,0.0,0,0
0.0,0.0,0.0,0.0,0.0,0.0,0.0,0.0,0,0
0.0,0.0,0.0,0.0,0.0,0.0,0.0,0.0,0,0
0.0,0.0,0.0,0.0,0.0,0.0,0.0,0.0,0,0
0.0,0.0,0.0,0.0,0.0,0.0,0.0,0.0,0,0
0.0,0.0,0.0,0.0,0.0,0.0,0.0,0.0,0,0
0.0,0.0,0.0,0.0,0.0,0.0,0.0,0.0,0,0
0.0,0.0,0.0,0.0,0.0,0.0,0.0,0.0,0,0
0.0,0.0,0.0,0.0,0.0,0.0,0.0,0.0,0,0
0.0,0.0,0.0,0.0,0.0,0.0,0.0,0.0,0,0
0.0,0.0,0.0,0.0,0.0,0.0,0.0,0.0,0,0
0.0,0.0,0.0,0.0,0.0,0.0,0.0,0.0,0,0
0.0,0.0,0.0,0.0,0.0,0.0,0.0,0.0,0,0
0.0,0.0,0.0,0.0,0.0,0.0,0.0,0.0,0,0
0.0,0.0,0.0,0.0,0.0,0.0,0.0,0.0,0,0
0.0,0.0,0.0,0.0,0.0,0.0,0.0,0.0,0,0
0.0,0.0,0.0,0.0,0.0,0.0,0.0,0.0,0,0
0.0,0.0,0.0,0.0,0.0,0.0,0.0,0.0,0,0
0.0,0.0,0.0,0.0,0.0,0.0,0.0,0.0,0,0
0.0,0.0,0.0,0.0,0.0,0.0,0.0,0.0,0,0
0.0,0.0,0.0,0.0,0.0,0.0,0.0,0.0,0,0
0.0,0.0,0.0,0.0,0.0,0.0,0.0,0.0,0,0
0.0,0.0,0.0,0.0,0.0,0.0,0.0,0.0,0,0
0.0,0.0,0.0,0.0,0.0,0.0,0.0,0.0,0,0
0.0,0.0,0.0,0.0,0.0,0.0,0.0,0.0,0,0
0.0,0.0,0.0,0.0,0.0,0.0,0.0,0.0,0,0
0.0,0.0,0.0,0.0,0.0,0.0,0.0,0.0,0,0
0.0,0.0,0.0,0.0,0.0,0.0,0.0,0.0,0,0
0.0,0.0,0.0,0.0,0.0,0.0,0.0,0.0,0,0
0.0,0.0,0.0,0.0,0.0,0.0,0.0,0.0,0,0
0.0,0.0,0.0,0.0,0.0,0.0,0.0,0.0,0,0
0.0,0.0,0.0,0.0,0.0,0.0,0.0,0.0,0,0
0.0,0.0,0.0,0.0,0.0,0.0,0.0,0.0,0,0
0.0,0.0,0.0,0.0,0.0,0.0,0.0,0.0,0,0
0.0,0.0,0.0,0.0,0.0,0.0,0.0,0.0,0,0
0.0,0.0,0.0,0.0,0.0,0.0,0.0,0.0,0,0
0.0,0.0,0.0,0.0,0.0,0.0,0.0,0.0,0,0
0.0,0.0,0.0,0.0,0.0,0.0,0.0,0.0,0,0
0.0,0.0,0.0,0.0,0.0,0.0,0.0,0.0,0,0
0.0,0.0,0.0,0.0,0.0,0.0,0.0,0.0,0,0
0.0,0.0,0.0,0.0,0.0,0.0,0.0,0.0,0,0
0.0,0.0,0.0,0.0,0.0,0.0,0.0,0.0,0,0
0.0,0.0,0.0,0.0,0.0,0.0,0.0,0.0,0,0
0.0,0.0,0.0,0.0,0.0,0.0,0.0,0.0,0,0
0.0,0.0,0.0,0.0,0.0,0.0,0.0,0.0,0,0
0.0,0.0,0.0,0.0,0.0,0.0,0.0,0.0,0,0
0.0,0.0,0.0,0.0,0.0,0.0,0.0,0.0,0,0
0.0,0.0,0.0,0.0,0.0,0.0,0.0,0.0,0,0
0.0,0.0,0.0,0.0,0.0,0.0,0.0,0.0,0,0
0.0,0.0,0.0,0.0,0.0,0.0,0.0,0.0,0,0
0.0,0.0,0.0,0.0,0.0,0.0,0.0,0.0,0,0
0.0,0.0,0.0,0.0,0.0,0.0,0.0,0.0,0,0
0.0,0.0,0.0,0.0,0.0,0.0,0.0,0.0,0,0
0.0,0.0,0.0,0.0,0.0,0.0,0.0,0.0,0,0
0.0,0.0,0.0,0.0,0.0,0.0,0.0,0.0,0,0
0.0,0.0,0.0,0.0,0.0,0.0,0.0,0.0,0,0
0.0,0.0,0.0,0.0,0.0,0.0,0.0,0.0,0,0
0.0,0.0,0.0,0.0,0.0,0.0,0.0,0.0,0,0
0.0,0.0,0.0,0.0,0.0,0.0,0.0,0.0,0,0
0.0,0.0,0.0,0.0,0.0,0.0,0.0,0.0,0,0
0.0,0.0,0.0,0.0,0.0,0.0,0.0,0.0,0,0
0.0,0.0,0.0,0.0,0.0,0.0,0.0,0.0,0,0
0.0,0.0,0.0,0.0,0.0,0.0,0.0,0.0,0,0
0.0,0.0,0.0,0.0,0.0,0.0,0.0,0.0,0,0
0.0,0.0,0.0,0.0,0.0,0.0,0.0,0.0,0,0
0.0,0.0,0.0,0.0,0.0,0.0,0.0,0.0,0,0
0.0,0.0,0.0,0.0,0.0,0.0,0.0,0.0,0,0
0.0,0.0,0.0,0.0,0.0,0.0,0.0,0.0,0,0
0.0,0.0,0.0,0.0,0.0,0.0,0.0,0.0,0,0
0.0,0.0,0.0,0.0,0.0,0.0,0.0,0.0,0,0
0.0,0.0,0.0,0.0,0.0,0.0,0.0,0.0,0,0
0.0,0.0,0.0,0.0,0.0,0.0,0.0,0.0,0,0
0.0,0.0,0.0,0.0,0.0,0.0,0.0,0.0,0,0
0.0,0.0,0.0,0.0,0.0,0.0,0.0,0.0,0,0
0.0,0.0,0.0,0.0,0.0,0.0,0.0,0.0,0,0
0.0,0.0,0.0,0.0,0.0,0.0,0.0,0.0,0,0
0.0,0.0,0.0,0.0,0.0,0.0,0.0,0.0,0,0
0.0,0.0,0.0,0.0,0.0,0.0,0.0,0.0,0,0
0.0,0.0,0.0,0.0,0.0,0.0,0.0,0.0,0,0
0.0,0.0,0.0,0.0,0.0,0.0,0.0,0.0,0,0
0.0,0.0,0.0,0.0,0.0,0.0,0.0,0.0,0,0
0.0,0.0,0.0,0.0,0.0,0.0,0.0,0.0,0,0
0.0,0.0,0.0,0.0,0.0,0.0,0.0,0.0,0,0
0.0,0.0,0.0,0.0,0.0,0.0,0.0,0.0,0,0
0.0,0.0,0.0,0.0,0.0,0.0,0.0,0.0,0,0
0.0,0.0,0.0,0.0,0.0,0.0,0.0,0.0,0,0
0.0,0.0,0.0,0.0,0.0,0.0,0.0,0.0,0,0
0.0,0.0,0.0,0.0,0.0,0.0,0.0,0.0,0,0
0.0,0.0,0.0,0.0,0.0,0.0,0.0,0.0,0,0
0.0,0.0,0.0,0.0,0.0,0.0,0.0,0.0,0,0
0.0,0.0,0.0,0.0,0.0,0.0,0.0,0.0,0,0
0.0,0.0,0.0,0.0,0.0,0.0,0.0,0.0,0,0
0.0,0.0,0.0,0.0,0.0,0.0,0.0,0.0,0,0
0.0,0.0,0.0,0.0,0.0,0.0,0.0,0.0,0,0
0.0,0.0,0.0,0.0,0.0,0.0,0.0,0.0,0,0
0.0,0.0,0.0,0.0,0.0,0.0,0.0,0.0,0,0
0.0,0.0,0.0,0.0,0.0,0.0,0.0,0.0,0,0
0.0,0.0,0.0,0.0,0.0,0.0,0.0,0.0,0,0
0.0,0.0,0.0,0.0,0.0,0.0,0.0,0.0,0,0
0.0,0.0,0.0,0.0,0.0,0.0,0.0,0.0,0,0
0.0,0.0,0.0,0.0,0.0,0.0,0.0,0.0,0,0
0.0,0.0,0.0,0.0,0.0,0.0,0.0,0.0,0,0
0.0,0.0,0.0,0.0,0.0,0.0,0.0,0.0,0,0
0.0,0.0,0.0,0.0,0.0,0.0,0.0,0.0,0,0
0.0,0.0,0.0,0.0,0.0,0.0,0.0,0.0,0,0
0.0,0.0,0.0,0.0,0.0,0.0,0.0,0.0,0,0
0.0,0.0,0.0,0.0,0.0,0.0,0.0,0.0,0,0
0.0,0.0,0.0,0.0,0.0,0.0,0.0,0.0,0,0
0.0,0.0,0.0,0.0,0.0,0.0,0.0,0.0,0,0
0.0,0.0,0.0,0.0,0.0,0.0,0.0,0.0,0,0
0.0,0.0,0.0,0.0,0.0,0.0,0.0,0.0,0,0
0.0,0.0,0.0,0.0,0.0,0.0,0.0,0.0,0,0
0.0,0.0,0.0,0.0,0.0,0.0,0.0,0.0,0,0
0.0,0.0,0.0,0.0,0.0,0.0,0.0,0.0,0,0
0.0,0.0,0.0,0.0,0.0,0.0,0.0,0.0,0,0
0.0,0.0,0.0,0.0,0.0,0.0,0.0,0.0,0,0
0.0,0.0,0.0,0.0,0.0,0.0,0.0,0.0,0,0
0.0,0.0,0.0,0.0,0.0,0.0,0.0,0.0,0,0
0.0,0.0,0.0,0.0,0.0,0.0,0.0,0.0,0,0
0.0,0.0,0.0,0.0,0.0,0.0,0.0,0.0,0,0
0.0,0.0,0.0,0.0,0.0,0.0,0.0,0.0,0,0
0.0,0.0,0.0,0.0,0.0,0.0,0.0,0.0,0,0
0.0,0.0,0.0,0.0,0.0,0.0,0.0,0.0,0,0
0.0,0.0,0.0,0.0,0.0,0.0,0.0,0.0,0,0
0.0,0.0,0.0,0.0,0.0,0.0,0.0,0.0,0,0
0.0,0.0,0.0,0.0,0.0,0.0,0.0,0.0,0,0
0.0,0.0,0.0,0.0,0.0,0.0,0.0,0.0,0,0
0.0,0.0,0.0,0.0,0.0,0.0,0.0,0.0,0,0
0.0,0.0,0.0,0.0,0.0,0.0,0.0,0.0,0,0
0.0,0.0,0.0,0.0,0.0,0.0,0.0,0.0,0,0
0.0,0.0,0.0,0.0,0.0,0.0,0.0,0.0,0,0
0.0,0.0,0.0,0.0,0.0,0.0,0.0,0.0,0,0
0.0,0.0,0.0,0.0,0.0,0.0,0.0,0.0,0,0
0.0,0.0,0.0,0.0,0.0,0.0,0.0,0.0,0,0
0.0,0.0,0.0,0.0,0.0,0.0,0.0,0.0,0,0
0.0,0.0,0.0,0.0,0.0,0.0,0.0,0.0,0,0
0.0,0.0,0.0,0.0,0.0,0.0,0.0,0.0,0,0
0.0,0.0,0.0,0.0,0.0,0.0,0.0,0.0,0,0
0.0,0.0,0.0,0.0,0.0,0.0,0.0,0.0,0,0
0.0,0.0,0.0,0.0,0.0,0.0,0.0,0.0,0,0
0.0,0.0,0.0,0.0,0.0,0.0,0.0,0.0,0,0
0.0,0.0,0.0,0.0,0.0,0.0,0.0,0.0,0,0
0.0,0.0,0.0,0.0,0.0,0.0,0.0,0.0,0,0
0.0,0.0,0.0,0.0,0.0,0.0,0.0,0.0,0,0
0.0,0.0,0.0,0.0,0.0,0.0,0.0,0.0,0,0
0.0,0.0,0.0,0.0,0.0,0.0,0.0,0.0,0,0
0.0,0.0,0.0,0.0,0.0,0.0,0.0,0.0,0,0
0.0,0.0,0.0,0.0,0.0,0.0,0.0,0.0,0,0
0.0,0.0,0.0,0.0,0.0,0.0,0.0,0.0,0,0
0.0,0.0,0.0,0.0,0.0,0.0,0.0,0.0,0,0
0.0,0.0,0.0,0.0,0.0,0.0,0.0,0.0,0,0
0.0,0.0,0.0,0.0,0.0,0.0,0.0,0.0,0,0
0.0,0.0,0.0,0.0,0.0,0.0,0.0,0.0,0,0
0.0,0.0,0.0,0.0,0.0,0.0,0.0,0.0,0,0
0.0,0.0,0.0,0.0,0.0,0.0,0.0,0.0,0,0
0.0,0.0,0.0,0.0,0.0,0.0,0.0,0.0,0,0
0.0,0.0,0.0,0.0,0.0,0.0,0.0,0.0,0,0
0.0,0.0,0.0,0.0,0.0,0.0,0.0,0.0,0,0
0.0,0.0,0.0,0.0,0.0,0.0,0.0,0.0,0,0
0.0,0.0,0.0,0.0,0.0,0.0,0.0,0.0,0,0
0.0,0.0,0.0,0.0,0.0,0.0,0.0,0.0,0,0
0.0,0.0,0.0,0.0,0.0,0.0,0.0,0.0,0,0
0.0,0.0,0.0,0.0,0.0,0.0,0.0,0.0,0,0
0.0,0.0,0.0,0.0,0.0,0.0,0.0,0.0,0,0
0.0,0.0,0.0,0.0,0.0,0.0,0.0,0.0,0,0
0.0,0.0,0.0,0.0,0.0,0.0,0.0,0.0,0,0
0.0,0.0,0.0,0.0,0.0,0.0,0.0,0.0,0,0
0.0,0.0,0.0,0.0,0.0,0.0,0.0,0.0,0,0
0.0,0.0,0.0,0.0,0.0,0.0,0.0,0.0,0,0
0.0,0.0,0.0,0.0,0.0,0.0,0.0,0.0,0,0
0.0,0.0,0.0,0.0,0.0,0.0,0.0,0.0,0,0
0.0,0.0,0.0,0.0,0.0,0.0,0.0,0.0,0,0
0.0,0.0,0.0,0.0,0.0,0.0,0.0,0.0,0,0
0.0,0.0,0.0,0.0,0.0,0.0,0.0,0.0,0,0
0.0,0.0,0.0,0.0,0.0,0.0,0.0,0.0,0,0
0.0,0.0,0.0,0.0,0.0,0.0,0.0,0.0,0,0
0.0,0.0,0.0,0.0,0.0,0.0,0.0,0.0,0,0
0.0,0.0,0.0,0.0,0.0,0.0,0.0,0.0,0,0
0.0,0.0,0.0,0.0,0.0,0.0,0.0,0.0,0,0
0.0,0.0,0.0,0.0,0.0,0.0,0.0,0.0,0,0
0.0,0.0,0.0,0.0,0.0,0.0,0.0,0.0,0,0
0.0,0.0,0.0,0.0,0.0,0.0,0.0,0.0,0,0
0.0,0.0,0.0,0.0,0.0,0.0,0.0,0.0,0,0
0.0,0.0,0.0,0.0,0.0,0.0,0.0,0.0,0,0
0.0,0.0,0.0,0.0,0.0,0.0,0.0,0.0,0,0
0.0,0.0,0.0,0.0,0.0,0.0,0.0,0.0,0,0
0.0,0.0,0.0,0.0,0.0,0.0,0.0,0.0,0,0
0.0,0.0,0.0,0.0,0.0,0.0,0.0,0.0,0,0
0.0,0.0,0.0,0.0,0.0,0.0,0.0,0.0,0,0
0.0,0.0,0.0,0.0,0.0,0.0,0.0,0.0,0,0
0.0,0.0,0.0,0.0,0.0,0.0,0.0,0.0,0,0
0.0,0.0,0.0,0.0,0.0,0.0,0.0,0.0,0,0
0.0,0.0,0.0,0.0,0.0,0.0,0.0,0.0,0,0
0.0,0.0,0.0,0.0,0.0,0.0,0.0,0.0,0,0
0.0,0.0,0.0,0.0,0.0,0.0,0.0,0.0,0,0
0.0,0.0,0.0,0.0,0.0,0.0,0.0,0.0,0,0
0.0,0.0,0.0,0.0,0.0,0.0,0.0,0.0,0,0
0.0,0.0,0.0,0.0,0.0,0.0,0.0,0.0,0,0
0.0,0.0,0.0,0.0,0.0,0.0,0.0,0.0,0,0
0.0,0.0,0.0,0.0,0.0,0.0,0.0,0.0,0,0
0.0,0.0,0.0,0.0,0.0,0.0,0.0,0.0,0,0
0.0,0.0,0.0,0.0,0.0,0.0,0.0,0.0,0,0
0.0,0.0,0.0,0.0,0.0,0.0,0.0,0.0,0,0
0.0,0.0,0.0,0.0,0.0,0.0,0.0,0.0,0,0
0.0,0.0,0.0,0.0,0.0,0.0,0.0,0.0,0,0
0.0,0.0,0.0,0.0,0.0,0.0,0.0,0.0,0,0
0.0,0.0,0.0,0.0,0.0,0.0,0.0,0.0,0,0
0.0,0.0,0.0,0.0,0.0,0.0,0.0,0.0,0,0
0.0,0.0,0.0,0.0,0.0,0.0,0.0,0.0,0,0
0.0,0.0,0.0,0.0,0.0,0.0,0.0,0.0,0,0
0.0,0.0,0.0,0.0,0.0,0.0,0.0,0.0,0,0
0.0,0.0,0.0,0.0,0.0,0.0,0.0,0.0,0,0
0.0,0.0,0.0,0.0,0.0,0.0,0.0,0.0,0,0
0.0,0.0,0.0,0.0,0.0,0.0,0.0,0.0,0,0
0.0,0.0,0.0,0.0,0.0,0.0,0.0,0.0,0,0
0.0,0.0,0.0,0.0,0.0,0.0,0.0,0.0,0,0
0.0,0.0,0.0,0.0,0.0,0.0,0.0,0.0,0,0
0.0,0.0,0.0,0.0,0.0,0.0,0.0,0.0,0,0
0.0,0.0,0.0,0.0,0.0,0.0,0.0,0.0,0,0
0.0,0.0,0.0,0.0,0.0,0.0,0.0,0.0,0,0
0.0,0.0,0.0,0.0,0.0,0.0,0.0,0.0,0,0
0.0,0.0,0.0,0.0,0.0,0.0,0.0,0.0,0,0
0.0,0.0,0.0,0.0,0.0,0.0,0.0,0.0,0,0
0.0,0.0,0.0,0.0,0.0,0.0,0.0,0.0,0,0
0.0,0.0,0.0,0.0,0.0,0.0,0.0,0.0,0,0
0.0,0.0,0.0,0.0,0.0,0.0,0.0,0.0,0,0
0.0,0.0,0.0,0.0,0.0,0.0,0.0,0.0,0,0
0.0,0.0,0.0,0.0,0.0,0.0,0.0,0.0,0,0
0.0,0.0,0.0,0.0,0.0,0.0,0.0,0.0,0,0
0.0,0.0,0.0,0.0,0.0,0.0,0.0,0.0,0,0
0.0,0.0,0.0,0.0,0.0,0.0,0.0,0.0,0,0
0.0,0.0,0.0,0.0,0.0,0.0,0.0,0.0,0,0
0.0,0.0,0.0,0.0,0.0,0.0,0.0,0.0,0,0
0.0,0.0,0.0,0.0,0.0,0.0,0.0,0.0,0,0
0.0,0.0,0.0,0.0,0.0,0.0,0.0,0.0,0,0
0.0,0.0,0.0,0.0,0.0,0.0,0.0,0.0,0,0
0.0,0.0,0.0,0.0,0.0,0.0,0.0,0.0,0,0
0.0,0.0,0.0,0.0,0.0,0.0,0.0,0.0,0,0
0.0,0.0,0.0,0.0,0.0,0.0,0.0,0.0,0,0
0.0,0.0,0.0,0.0,0.0,0.0,0.0,0.0,0,0
0.0,0.0,0.0,0.0,0.0,0.0,0.0,0.0,0,0
0.0,0.0,0.0,0.0,0.0,0.0,0.0,0.0,0,0
0.0,0.0,0.0,0.0,0.0,0.0,0.0,0.0,0,0
0.0,0.0,0.0,0.0,0.0,0.0,0.0,0.0,0,0
0.0,0.0,0.0,0.0,0.0,0.0,0.0,0.0,0,0
0.0,0.0,0.0,0.0,0.0,0.0,0.0,0.0,0,0
0.0,0.0,0.0,0.0,0.0,0.0,0.0,0.0,0,0
0.0,0.0,0.0,0.0,0.0,0.0,0.0,0.0,0,0
0.0,0.0,0.0,0.0,0.0,0.0,0.0,0.0,0,0
0.0,0.0,0.0,0.0,0.0,0.0,0.0,0.0,0,0
0.0,0.0,0.0,0.0,0.0,0.0,0.0,0.0,0,0
0.0,0.0,0.0,0.0,0.0,0.0,0.0,0.0,0,0
0.0,0.0,0.0,0.0,0.0,0.0,0.0,0.0,0,0
0.0,0.0,0.0,0.0,0.0,0.0,0.0,0.0,0,0
0.0,0.0,0.0,0.0,0.0,0.0,0.0,0.0,0,0
0.0,0.0,0.0,0.0,0.0,0.0,0.0,0.0,0,0
0.0,0.0,0.0,0.0,0.0,0.0,0.0,0.0,0,0
0.0,0.0,0.0,0.0,0.0,0.0,0.0,0.0,0,0
0.0,0.0,0.0,0.0,0.0,0.0,0.0,0.0,0,0
0.0,0.0,0.0,0.0,0.0,0.0,0.0,0.0,0,0
0.0,0.0,0.0,0.0,0.0,0.0,0.0,0.0,0,0
0.0,0.0,0.0,0.0,0.0,0.0,0.0,0.0,0,0
0.0,0.0,0.0,0.0,0.0,0.0,0.0,0.0,0,0
0.0,0.0,0.0,0.0,0.0,0.0,0.0,0.0,0,0
0.0,0.0,0.0,0.0,0.0,0.0,0.0,0.0,0,0
0.0,0.0,0.0,0.0,0.0,0.0,0.0,0.0,0,0
0.0,0.0,0.0,0.0,0.0,0.0,0.0,0.0,0,0
0.0,0.0,0.0,0.0,0.0,0.0,0.0,0.0,0,0
0.0,0.0,0.0,0.0,0.0,0.0,0.0,0.0,0,0
0.0,0.0,0.0,0.0,0.0,0.0,0.0,0.0,0,0
0.0,0.0,0.0,0.0,0.0,0.0,0.0,0.0,0,0
0.0,0.0,0.0,0.0,0.0,0.0,0.0,0.0,0,0
0.0,0.0,0.0,0.0,0.0,0.0,0.0,0.0,0,0
0.0,0.0,0.0,0.0,0.0,0.0,0.0,0.0,0,0
0.0,0.0,0.0,0.0,0.0,0.0,0.0,0.0,0,0
0.0,0.0,0.0,0.0,0.0,0.0,0.0,0.0,0,0
0.0,0.0,0.0,0.0,0.0,0.0,0.0,0.0,0,0
0.0,0.0,0.0,0.0,0.0,0.0,0.0,0.0,0,0
0.0,0.0,0.0,0.0,0.0,0.0,0.0,0.0,0,0
0.0,0.0,0.0,0.0,0.0,0.0,0.0,0.0,0,0
0.0,0.0,0.0,0.0,0.0,0.0,0.0,0.0,0,0
0.0,0.0,0.0,0.0,0.0,0.0,0.0,0.0,0,0
0.0,0.0,0.0,0.0,0.0,0.0,0.0,0.0,0,0
0.0,0.0,0.0,0.0,0.0,0.0,0.0,0.0,0,0
0.0,0.0,0.0,0.0,0.0,0.0,0.0,0.0,0,0
0.0,0.0,0.0,0.0,0.0,0.0,0.0,0.0,0,0
0.0,0.0,0.0,0.0,0.0,0.0,0.0,0.0,0,0
0.0,0.0,0.0,0.0,0.0,0.0,0.0,0.0,0,0
0.0,0.0,0.0,0.0,0.0,0.0,0.0,0.0,0,0
0.0,0.0,0.0,0.0,0.0,0.0,0.0,0.0,0,0
0.0,0.0,0.0,0.0,0.0,0.0,0.0,0.0,0,0
