instrument_id,ticker,universe_year,rank_date,universe_rank,market_cap,status
428,XOM,2010,2009-12-31,1,323717280685.44,1
32,MSFT,2010,2009-12-31,2,270635619601.44,1
288,WMT,2010,2009-12-31,3,203654072653.3467,1
102,GOOGL,2010,2009-12-31,4,196707620100.0,1
397,AAPL,2010,2009-12-31,5,191003502943.19278,1
228,JNJ,2010,2009-12-31,6,177713613351.66,1
35,PG,2010,2009-12-31,7,176105470801.02002,1
460,IBM,2010,2009-12-31,8,171950624322.4,1
385,T,2010,2009-12-31,9,165405030000.0,1
216,JPM,2010,2009-12-31,10,164207057763.78,1
511,GE,2010,2009-12-31,11,161097664099.5,1
12,CVX,2010,2009-12-31,12,154462561155.58,1
174,PFE,2010,2009-12-31,13,146784860913.21002,1
496,WFC,2010,2009-12-31,14,137995285883.44998,1
64,CSCO,2010,2009-12-31,15,137716890813.18,1
169,KO,2010,2009-12-31,16,132079343904.0,1
51,BAC,2010,2009-12-31,17,130280443130.16,1
419,ORCL,2010,2009-12-31,18,122925226600.0,1
220,HPQ,2010,2009-12-31,19,121778577383.07181,1
77,MDLZ,2010,2009-12-31,20,120339710248.50002,1
278,INTC,2010,2009-12-31,21,112648799999.99998,1
289,MRK,2010,2009-12-31,22,111610579348.8,1
126,PEP,2010,2009-12-31,23,94875031011.2,1
187,C,2010,2009-12-31,24,94155319946.76,1
337,VZ,2010,2009-12-31,25,94110671089.18001,1
239,PM,2010,2009-12-31,26,91786757235.08,1
273,GS,2010,2009-12-31,27,86797630712.52,1
384,ABT,2010,2009-12-31,28,83508407619.74,1
351,SLB,2010,2009-12-31,29,78157747571.01001,1
471,QCOM,2010,2009-12-31,30,77268682988.28,1
193,AZN,2010,2009-12-31,31,68055515370.06,1
144,MCD,2010,2009-12-31,32,67384412178.159996,1
85,V,2010,2009-12-31,33,64950160218.71999,1
156,OXY,2010,2009-12-31,34,63338209026.9851,1
346,RTX,2010,2009-12-31,35,60989001662.5674,1
42,DIS,2010,2009-12-31,36,60146600170.5,1
150,MMM,2010,2009-12-31,37,58526910015.56,1
202,AMZN,2010,2009-12-31,38,58244841682.32001,1
58,COP,2010,2009-12-31,39,57762444757.2445,1
125,AMGN,2010,2009-12-31,40,57256671211.38,1
213,UPS,2010,2009-12-31,41,56957181084.64,1
473,HD,2010,2009-12-31,42,49192915890.909996,1
283,BRKb,2010,2009-12-31,43,48855810962.0,1
268,MDT,2010,2009-12-31,44,48582560875.5,1
400,AXP,2010,2009-12-31,45,48185142386.16,1
504,CVS,2010,2009-12-31,46,45433590030.0,1
119,BLK,2010,2009-12-31,47,43824364291.799995,1
167,BMY,2010,2009-12-31,48,43220287135.0,1
25,USB,2010,2009-12-31,49,43048661471.270004,1
480,LLY,2010,2009-12-31,50,41031590082.55,1
454,CL,2010,2009-12-31,51,40844251165.200005,1
232,MO,2010,2009-12-31,52,40677508231.229996,1
110,MS,2010,2009-12-31,53,40239227722.4,1
218,BA,2010,2009-12-31,54,39330807334.32,1
297,GILD,2010,2009-12-31,55,38939756956.770004,1
463,ON,2010,2009-12-31,56,37502845417.8,1
93,TGT,2010,2009-12-31,57,36389369362.08,1
139,WBA,2010,2009-12-31,58,36175586966.64,1
71,CAT,2010,2009-12-31,59,35602947755.81,1
17,UNH,2010,2009-12-31,60,35418267309.12,1
482,BAX,2010,2009-12-31,61,35375930306.64,1
360,CMCSA,2010,2009-12-31,62,34942852908.7136,1
472,APA,2010,2009-12-31,63,34683108824.37,1
55,FCX,2010,2009-12-31,64,34514872664.58,1
62,LOW,2010,2009-12-31,65,34430832503.08,1
26,BK,2010,2009-12-31,66,33682703505.26,1
461,MA,2010,2009-12-31,67,33213774635.12,1
447,F,2010,2009-12-31,68,33071008760.0,1
57,TXN,2010,2009-12-31,69,32649880751.879997,1
6,DVN,2010,2009-12-31,70,32641350000.0,1
295,UNP,2010,2009-12-31,71,32240695030.2,1
408,EXC,2010,2009-12-31,72,32223706916.0814,1
296,NKE,2010,2009-12-31,73,32205979010.879997,1
219,EMR,2010,2009-12-31,74,32054170930.2,1
313,EBAY,2010,2009-12-31,75,30423388306.870003,1
234,ACN,2010,2009-12-31,76,30312578611.5,1
330,GLW,2010,2009-12-31,77,30048165851.89,1
287,MET,2010,2009-12-31,78,28940399641.597103,1
97,LMT,2010,2009-12-31,79,28691974787.3,1
514,TRV,2010,2009-12-31,80,27242173037.16,1
47,HAL,2010,2009-12-31,81,27139024532.94,1
381,HON,2010,2009-12-31,82,26877092169.096,1
388,ELV,2010,2009-12-31,83,26716964965.71,1
343,SO,2010,2009-12-31,84,26663043114.96,1
18,MOS,2010,2009-12-31,85,26576205036.48,1
304,KMB,2010,2009-12-31,86,26463825269.18,1
420,GD,2010,2009-12-31,87,26300073939.3,1
323,FDX,2010,2009-12-31,88,26112783954.7,1
512,COST,2010,2009-12-31,89,25995337160.2,1
1541,TRI,2010,2009-12-31,90,25219777870.182,1
311,LIN,2010,2009-12-31,91,24639855123.93,1
196,EOG,2010,2009-12-31,92,24554178279.399998,1
328,PNC,2010,2009-12-31,93,24351515464.899998,1
1197,OVV,2010,2009-12-31,94,24301395071.36,1
405,DHR,2010,2009-12-31,95,24156861246.4,1
70,BEN,2010,2009-12-31,96,24151510214.2998,1
53,ITW,2010,2009-12-31,97,24038666532.91,1
212,GIS,2010,2009-12-31,98,23334534867.61,1
100,D,2010,2009-12-31,99,23244612947.920002,1
80,PRU,2010,2009-12-31,100,23088640000.0,1
230,DE,2010,2009-12-31,101,22859922178.170002,1
158,SPG,2010,2009-12-31,102,22803615681.0,1
319,NEM,2010,2009-12-31,103,22727990118.75,1
197,DUK,2010,2009-12-31,104,22452270240.97,1
7,CME,2010,2009-12-31,105,22347749444.879997,1
206,NEE,2010,2009-12-31,106,21833002484.48,1
333,AFL,2010,2009-12-31,107,21640339711.25,1
203,ADP,2010,2009-12-31,108,21608287772.96,1
390,STT,2010,2009-12-31,109,21537723852.96,1
431,ADM,2010,2009-12-31,110,20112054583.3,1
28,SYK,2010,2009-12-31,111,20041330493.969997,1
265,AIG,2010,2009-12-31,112,19988275163.62,1
439,HES,2010,2009-12-31,113,19797384024.0,1
307,CCL,2010,2009-12-31,114,19783077606.510002,1
370,TMO,2010,2009-12-31,115,19472524704.7,1
246,NSC,2010,2009-12-31,116,19284999024.3,1
402,ADBE,2010,2009-12-31,117,19263897140.04,1
259,ASML,2010,2009-12-31,118,19198368292.7552,1
1579,CRH,2010,2009-12-31,119,19080349857.6,1
494,CSX,2010,2009-12-31,120,19035300040.927498,1
27,K,2010,2009-12-31,121,18940507942.979702,1
261,AMAT,2010,2009-12-31,122,18591973187.88,1
365,BDX,2010,2009-12-31,123,18587226145.8863,1
1241,NOV,2010,2009-12-31,124,18444465896.620003,1
191,MSI,2010,2009-12-31,125,17932921707.44,1
407,NOC,2010,2009-12-31,126,17523033897.100002,1
190,TFC,2010,2009-12-31,127,17444843721.29,1
45,AMT,2010,2009-12-31,128,17346752154.6,1
518,COF,2010,2009-12-31,129,17238024050.940002,1
315,APD,2010,2009-12-31,130,17160881145.66,1
134,SBUX,2010,2009-12-31,131,17069012000.0,1
61,CB,2010,2009-12-31,132,16955483176.8,1
516,MCK,2010,2009-12-31,133,16837029812.5,1
444,PEG,2010,2009-12-31,134,16823849098.0,1
306,AEP,2010,2009-12-31,135,16631512819.529999,1
98,PCG,2010,2009-12-31,136,16563373465.8,1
367,WM,2010,2009-12-31,137,16555133781.900002,1
352,SYY,2010,2009-12-31,138,16535986717.140001,1
536,KSS,2010,2009-12-31,139,16535035343.65,1
4,BBY,2010,2009-12-31,140,16495542720.0,1
210,YUM,2010,2009-12-31,141,16355548556.75,1
255,ALL,2010,2009-12-31,142,16115817654.68,1
466,L,2010,2009-12-31,143,15617111059.1,1
353,BIIB,2010,2009-12-31,144,15472120659.5,1
312,ETR,2010,2009-12-31,145,15462218695.44,1
434,TJX,2010,2009-12-31,146,15340350572.699999,1
38,NUE,2010,2009-12-31,147,14686044643.5,1
362,BX,2010,2009-12-31,148,14510245056.7248,1
151,GEN,2010,2009-12-31,149,14500926861.970001,1
572,GAP,2010,2009-12-31,150,14455351234.05,1
109,FE,2010,2009-12-31,151,14159604655.150002,1
410,JNPR,2010,2009-12-31,152,14013458130.0,1
157,PSA,2010,2009-12-31,153,13808971016.550001,1
122,SRE,2010,2009-12-31,154,13795871078.88,1
37,TROW,2010,2009-12-31,155,13711981446.75,1
40,BSX,2010,2009-12-31,156,13593869910.0,1
130,CTSH,2010,2009-12-31,157,13359360507.18,1
180,KR,2010,2009-12-31,158,13342263810.810001,1
950,WFRD,2010,2009-12-31,159,13203386450.37,1
391,PCAR,2010,2009-12-31,160,13184456595.570002,1
1196,WU,2010,2009-12-31,161,13046248749.95,1
507,MRVL,2010,2009-12-31,162,12965426929.0,1
3,ED,2010,2009-12-31,163,12747797333.81,1
1342,VNO,2010,2009-12-31,164,12674118420.34,1
493,NTRS,2010,2009-12-31,165,12654884008.0,1
326,ZBH,2010,2009-12-31,166,12589210992.7717,1
417,BKR,2010,2009-12-31,167,12544213008.8,1
36,WMB,2010,2009-12-31,168,12313144895.744,1
182,OMC,2010,2009-12-31,169,12185124300.0,1
107,PPL,2010,2009-12-31,170,12183081974.910002,1
138,PGR,2010,2009-12-31,171,12129369257.81,1
364,CAH,2010,2009-12-31,172,11693335417.92,1
500,CPB,2010,2009-12-31,173,11674851003.4,1
194,TPR,2010,2009-12-31,174,11650451602.66,1
236,NTAP,2010,2009-12-31,175,11644811740.56,1
153,IP,2010,2009-12-31,176,11598234550.7833,1
379,ISRG,2010,2009-12-31,177,11588564628.4626,1
322,FSLR,2010,2009-12-31,178,11523588537.6,1
266,TT,2010,2009-12-31,179,11438928245.52,1
487,CCI,2010,2009-12-31,180,11368683567.36,1
468,EIX,2010,2009-12-31,181,11331713744.68,1
382,TEL,2010,2009-12-31,182,11265231519.550001,1
277,DGX,2010,2009-12-31,183,11164301065.86,1
152,PAYX,2010,2009-12-31,184,11073505026.08,1
256,A,2010,2009-12-31,185,10838187807.460001,1
1046,LUMN,2010,2009-12-31,186,10773386260.86,1
14,RSG,2010,2009-12-31,187,10761879414.38,1
389,ECL,2010,2009-12-31,188,10590180724.5,1
445,SPGI,2010,2009-12-31,189,10552299000.0,1
406,ETN,2010,2009-12-31,190,10548196000.0,1
1446,ENS,2010,2009-12-31,191,10545935980.5,1
78,NVDA,2010,2009-12-31,192,10365532000.0,1
147,CCEP,2010,2009-12-31,193,10365312459.6,1
866,MUR,2010,2009-12-31,194,10348539332.0,1
308,CAG,2010,2009-12-31,195,10220443283.6397,1
340,IVZ,2010,2009-12-31,196,10072000223.369999,1
373,AMP,2010,2009-12-31,197,9899239596.72,1
9,LVS,2010,2009-12-31,198,9865031385.06,1
422,CHRW,2010,2009-12-31,199,9851455006.119999,1
154,PPG,2010,2009-12-31,200,9775319813.24,1
458,MAR,2010,2009-12-31,201,9734735990.5,1
118,INTU,2010,2009-12-31,202,9725103955.210001,1
2,XEL,2010,2009-12-31,203,9690019589.56,1
201,CI,2010,2009-12-31,204,9644122813.650002,1
217,BKNG,2010,2009-12-31,205,9599320874.02,1
1107,NLY,2010,2009-12-31,206,9590707512.85,1
178,EL,2010,2009-12-31,207,9514211282.16,1
433,VLO,2010,2009-12-31,208,9452854326.0,1
271,EQR,2010,2009-12-31,209,9328149758.58,1
84,BXP,2010,2009-12-31,210,9303888226.109999,1
186,CMI,2010,2009-12-31,211,9254216890.8,1
129,ADI,2010,2009-12-31,212,9216994601.859999,1
82,CRM,2010,2009-12-31,213,9213873000.0,1
165,J,2010,2009-12-31,214,9184558711.183601,1
1358,ITT,2010,2009-12-31,215,9087498000.0,1
317,STX,2010,2009-12-31,216,9057713883.34,1
83,ES,2010,2009-12-31,217,9050409651.1,1
904,CNX,2010,2009-12-31,218,9013541363.837101,1
300,DOC,2010,2009-12-31,219,8952452233.199999,1
274,HIG,2010,2009-12-31,220,8908775825.94,1
199,AES,2010,2009-12-31,221,8885527014.76,1
506,DAL,2010,2009-12-31,222,8870958095.380001,1
535,DXC,2010,2009-12-31,223,8768675019.1308,1
30,FIS,2010,2009-12-31,224,8730895711.84,1
240,PH,2010,2009-12-31,225,8663873342.28,1
56,BG,2010,2009-12-31,226,8558425208.84,1
320,CLX,2010,2009-12-31,227,8554636889.0,1
103,LUV,2010,2009-12-31,228,8480373182.73,1
329,LDOS,2010,2009-12-31,229,8331598033.1640005,1
344,VRTX,2010,2009-12-31,230,8244291065.3,1
251,ICE,2010,2009-12-31,231,8226760875.4,1
1117,JWN,2010,2009-12-31,232,8173403400.04,1
749,VFC,2010,2009-12-31,233,8128893397.6206,1
1274,FLR,2010,2009-12-31,234,8061677261.28,1
355,RL,2010,2009-12-31,235,8021233875.280001,1
132,DFS,2010,2009-12-31,236,7984804693.01,1
168,APH,2010,2009-12-31,237,7919737140.14,1
1485,X,2010,2009-12-31,238,7901475426.0,1
31,MTB,2010,2009-12-31,239,7899132876.43,1
837,RRC,2010,2009-12-31,240,7870232756.5,1
299,AZO,2010,2009-12-31,241,7823872395.57,1
155,FITB,2010,2009-12-31,242,7754332823.25,1
41,DOV,2010,2009-12-31,243,7738116746.647699,1
492,PFG,2010,2009-12-31,244,7667409216.44,1
1361,HRB,2010,2009-12-31,245,7589942871.42,1
954,LNC,2010,2009-12-31,246,7515755002.799999,1
341,COR,2010,2009-12-31,247,7510371283.47,1
485,HUM,2010,2009-12-31,248,7453947283.86,1
226,EXPE,2010,2009-12-31,249,7452689122.43,1
237,JCI,2010,2009-12-31,250,7429948464.311999,1
486,EXPD,2010,2009-12-31,251,7372970016.120001,1
198,HST,2010,2009-12-31,252,7367260321.95,1
651,XRX,2010,2009-12-31,253,7354963260.000001,1
95,SJM,2010,2009-12-31,254,7349909716.5,1
1075,MAT,2010,2009-12-31,255,7222375454.940001,1
233,GWW,2010,2009-12-31,256,7195963571.05,1
495,KDP,2010,2009-12-31,257,7190073460.0,1
309,DTE,2010,2009-12-31,258,7189213655.910001,1
479,TAP,2010,2009-12-31,259,7178923301.4,1
257,WYNN,2010,2009-12-31,260,7169580803.61,1
704,M,2010,2009-12-31,261,7056164404.960001,1
1145,IBKR,2010,2009-12-31,262,7048716691.48,1
33,SHW,2010,2009-12-31,263,6987467708.4736,1
361,VTR,2010,2009-12-31,264,6849936729.72,1
515,LH,2010,2009-12-31,265,6827916600.000001,1
279,ROK,2010,2009-12-31,266,6688135706.219999,1
69,AEE,2010,2009-12-31,267,6621942257.45,1
181,VMC,2010,2009-12-31,268,6604854131.62,1
453,AMD,2010,2009-12-31,269,6488500350.639999,1
1232,UNM,2010,2009-12-31,270,6476038765.12,1
272,MCO,2010,2009-12-31,271,6338200000.0,1
39,RF,2010,2009-12-31,272,6284689280.0,1
476,LHX,2010,2009-12-31,273,6263148628.049999,1
1322,NBR,2010,2009-12-31,274,6201227819.16,1
886,BBWI,2010,2009-12-31,275,6200901699.171301,1
115,KLAC,2010,2009-12-31,276,6179455949.44,1
510,FAST,2010,2009-12-31,277,6176490847.68,1
96,GRMN,2010,2009-12-31,278,6160539681.5,1
1550,FTI,2010,2009-12-31,279,6147094518.2984,1
937,FLG,2010,2009-12-31,280,6140539730.91,1
117,GPC,2010,2009-12-31,281,6056599803.8,1
5,NRG,2010,2009-12-31,282,6053823573.0,1
1050,CLF,2010,2009-12-31,283,6036640884.120001,1
19,DVA,2010,2009-12-31,284,6003228000.0,1
683,WHR,2010,2009-12-31,285,5991263157.36,1
430,HSY,2010,2009-12-31,286,5977329130.08,1
469,AVB,2010,2009-12-31,287,5943553457.0859,1
609,FLEX,2010,2009-12-31,288,5937680096.09,1
675,HOG,2010,2009-12-31,289,5907964406.4,1
582,URBN,2010,2009-12-31,290,5889127991.12,1
244,WAT,2010,2009-12-31,291,5867224130.4,1
636,WOLF,2010,2009-12-31,292,5841849256.44,1
499,ADSK,2010,2009-12-31,293,5837173308.12,1
335,WEC,2010,2009-12-31,294,5825675927.28,1
959,JEF,2010,2009-12-31,295,5784066744.3,1
286,EA,2010,2009-12-31,296,5777181818.0,1
260,EQT,2010,2009-12-31,297,5749724581.6707,1
426,CNP,2010,2009-12-31,298,5664289492.83,1
164,VTRS,2010,2009-12-31,299,5631916603.2699995,1
1051,MD,2010,2009-12-31,300,5594232845.12,1
1094,GNW,2010,2009-12-31,301,5545071828.4,1
738,OI,2010,2009-12-31,302,5541907145.549999,1
372,KIM,2010,2009-12-31,303,5486429666.5199995,1
1401,DLB,2010,2009-12-31,304,5455839412.62,1
342,WELL,2010,2009-12-31,305,5451888161.44,1
292,RCL,2010,2009-12-31,306,5407850553.92,1
462,KMX,2010,2009-12-31,307,5404325439.25,1
768,TDC,2010,2009-12-31,308,5380816000.0,1
653,SLM,2010,2009-12-31,309,5348685369.3564,1
845,XRAY,2010,2009-12-31,310,5347091840.9800005,1
23,MCHP,2010,2009-12-31,311,5333338826.900001,1
464,ROST,2010,2009-12-31,312,5290619075.96,1
963,FLS,2010,2009-12-31,313,5279413059.75,1
224,ORLY,2010,2009-12-31,314,5229760823.5054,1
302,EG,2010,2009-12-31,315,5173544325.6,1
263,HRL,2010,2009-12-31,316,5138022092.35,1
205,TXT,2010,2009-12-31,317,5099716074.42,1
501,LRCX,2010,2009-12-31,318,4989487909.53,1
46,MAS,2010,2009-12-31,319,4959171000.0,1
393,EW,2010,2009-12-31,320,4913027637.75,1
148,DRI,2010,2009-12-31,321,4903707043.41,1
442,ROP,2010,2009-12-31,322,4898722688.36,1
452,KEY,2010,2009-12-31,323,4876201833.75,1
396,BALL,2010,2009-12-31,324,4865132906.7,1
394,BFb,2010,2009-12-31,325,4836020661.01,1
517,HSIC,2010,2009-12-31,326,4757005454.084,1
176,AWK,2010,2009-12-31,327,4749843132.27,1
545,PBI,2010,2009-12-31,328,4714480499.12,1
105,OKE,2010,2009-12-31,329,4701714526.62,1
369,VRSN,2010,2009-12-31,330,4662449272.08,1
48,IRM,2010,2009-12-31,331,4632724189.320001,1
161,TSN,2010,2009-12-31,332,4619991774.69,1
338,CE,2010,2009-12-31,333,4609595310.0,1
1512,AVT,2010,2009-12-31,334,4562446972.72,1
424,CTRA,2010,2009-12-31,335,4518282785.67,1
579,CMA,2010,2009-12-31,336,4468760365.57,1
418,WTW,2010,2009-12-31,337,4440803795.5757,1
489,HAS,2010,2009-12-31,338,4437496606.76,1
585,MDU,2010,2009-12-31,339,4426339145.362801,1
440,CF,2010,2009-12-31,340,4408150615.8,1
640,ATI,2010,2009-12-31,341,4390871921.700001,1
368,PWR,2010,2009-12-31,342,4372929910.76,1
67,EMN,2010,2009-12-31,343,4365474850.08,1
208,GPN,2010,2009-12-31,344,4364746536.4,1
166,AKAM,2010,2009-12-31,345,4340221288.34,1
455,MKC,2010,2009-12-31,346,4325928251.91,1
1287,MAN,2010,2009-12-31,347,4282121002.54,1
1272,EPC,2010,2009-12-31,348,4275204418.2001,1
377,CINF,2010,2009-12-31,349,4269281875.8399997,1
443,DLTR,2010,2009-12-31,350,4263043973.9999995,1
387,CHD,2010,2009-12-31,351,4252359058.3500004,1
470,NI,2010,2009-12-31,352,4241078157.1601,1
131,ACGL,2010,2009-12-31,353,4237701008.3999996,1
189,NVR,2010,2009-12-31,354,4228803388.8100004,1
729,HP,2010,2009-12-31,355,4209477368.6000004,1
114,FFIV,2010,2009-12-31,356,4199026027.69,1
204,NDAQ,2010,2009-12-31,357,4183472705.823,1
1395,NWL,2010,2009-12-31,358,4168277000.0,1
75,WBD,2010,2009-12-31,359,4144017821.9484,1
229,FRT,2010,2009-12-31,360,4143556145.68,1
258,SWK,2010,2009-12-31,361,4142472368.91,1
92,EQIX,2010,2009-12-31,362,4138081965.6000004,1
1498,GHC,2010,2009-12-31,363,4132237301.6004,1
113,AME,2010,2009-12-31,364,4123760951.0655,1
175,AVY,2010,2009-12-31,365,4114052716.38,1
1461,CCK,2010,2009-12-31,366,4109729432.3399997,1
508,JBHT,2010,2009-12-31,367,4102721929.53,1
183,FMC,2010,2009-12-31,368,4043652748.7999997,1
1460,RHI,2010,2009-12-31,369,4035403160.91,1
957,NFG,2010,2009-12-31,370,4028033250.0,1
262,MGM,2010,2009-12-31,371,4023923125.9199996,1
345,SBAC,2010,2009-12-31,372,3992913824.4799995,1
44,CTAS,2010,2009-12-31,373,3985300565.4,1
59,MLM,2010,2009-12-31,374,3984501841.67,1
245,CBRE,2010,2009-12-31,375,3973534072.08,1
50,WRB,2010,2009-12-31,376,3960855295.6345,1
1186,AGO,2010,2009-12-31,377,3928308167.6800003,1
79,RMD,2010,2009-12-31,378,3918036365.5,1
378,EFX,2010,2009-12-31,379,3906702936.05,1
641,MAC,2010,2009-12-31,380,3906603455.5000005,1
851,GES,2010,2009-12-31,381,3897427501.7999997,1
1034,SLG,2010,2009-12-31,382,3879699998.7200003,1
474,BWA,2010,2009-12-31,383,3874975050.0438004,1
90,ANSS,2010,2009-12-31,384,3854921122.4,1
16,DLR,2010,2009-12-31,385,3842396029.5906997,1
840,ILMN,2010,2009-12-31,386,3837839924.88,1
953,AAP,2010,2009-12-31,387,3830671826.08,1
54,STLD,2010,2009-12-31,388,3820902678.64,1
513,PHM,2010,2009-12-31,389,3803671070.0,1
172,JBL,2010,2009-12-31,390,3768509183.76,1
223,HOLX,2010,2009-12-31,391,3740475535.0,1
1214,PRGO,2010,2009-12-31,392,3725974381.22,1
432,PNW,2010,2009-12-31,393,3704874928.8799996,1
569,ALV,2010,2009-12-31,394,3689075478.0375004,1
179,GL,2010,2009-12-31,395,3638384752.2000003,1
816,GME,2010,2009-12-31,396,3614995220.2000003,1
906,TNL,2010,2009-12-31,397,3601424205.522,1
386,WY,2010,2009-12-31,398,3600204455.0738997,1
298,CMS,2010,2009-12-31,399,3595644727.38,1
146,IPG,2010,2009-12-31,400,3587551747.74,1
747,OGE,2010,2009-12-31,401,3570626888.43,1
642,ARW,2010,2009-12-31,402,3546531502.29,1
303,MTD,2010,2009-12-31,403,3543522529.52,1
685,AEO,2010,2009-12-31,404,3527983026.96,1
923,TGNA,2010,2009-12-31,405,3508115113.7999997,1
1012,RGA,2010,2009-12-31,406,3477973500.0,1
822,SEE,2010,2009-12-31,407,3474866255.7999997,1
477,DHI,2010,2009-12-31,408,3453301561.3199997,1
354,AIZ,2010,2009-12-31,409,3443257986.08,1
1450,PDCO,2010,2009-12-31,410,3426686397.3,1
267,MNST,2010,2009-12-31,411,3421063718.4,1
1294,GT,2010,2009-12-31,412,3414371216.7,1
1455,RYN,2010,2009-12-31,413,3350222814.08,1
112,LNT,2010,2009-12-31,414,3348450560.0,1
731,AN,2010,2009-12-31,415,3341187019.7,1
520,SEIC,2010,2009-12-31,416,3337105005.6,1
325,ALB,2010,2009-12-31,417,3334401818.22,1
914,RNR,2010,2009-12-31,418,3316575891.85,1
1240,OSK,2010,2009-12-31,419,3313360119.7200003,1
782,DCI,2010,2009-12-31,420,3291582654.66,1
159,MSCI,2010,2009-12-31,421,3290458190.4,1
509,SNPS,2010,2009-12-31,422,3283095400.76,1
990,OC,2010,2009-12-31,423,3277621300.16,1
133,MHK,2010,2009-12-31,424,3259009017.6,1
437,IFF,2010,2009-12-31,425,3251821285.68,1
1501,G,2010,2009-12-31,426,3220573924.9,1
1445,OII,2010,2009-12-31,427,3211767907.04,1
101,PNR,2010,2009-12-31,428,3186572843.7999997,1
1245,RS,2010,2009-12-31,429,3178816780.62,1
171,STZ,2010,2009-12-31,430,3157285920.12,1
248,REG,2010,2009-12-31,431,3138447543.38,1
162,IDXX,2010,2009-12-31,432,3131747745.0,1
1327,TOL,2010,2009-12-31,433,3105662670.0,1
446,FDS,2010,2009-12-31,434,3103569651.5600004,1
833,LEG,2010,2009-12-31,435,3103004056.7999997,1
565,FNF,2010,2009-12-31,436,3101150717.0161,1
757,ACM,2010,2009-12-31,437,3096796725.0,1
1027,ASH,2010,2009-12-31,438,3092766123.5133,1
348,BR,2010,2009-12-31,439,3087640424.64,1
21,CPRT,2010,2009-12-31,440,3083261715.84,1
1269,ANF,2010,2009-12-31,441,3066191797.8,1
1415,CBSH,2010,2009-12-31,442,3056457314.2728,1
674,KBR,2010,2009-12-31,443,3046787750.0,1
481,TRMB,2010,2009-12-31,444,3033333576.0,1
141,NFLX,2010,2009-12-31,445,3010266012.46,1
415,UHS,2010,2009-12-31,446,3001222997.0,1
543,CFR,2010,2009-12-31,447,2997009200.0,1
911,AGCO,2010,2009-12-31,448,2989895868.9600005,1
849,STRA,2010,2009-12-31,449,2977149325.92,1
795,FHN,2010,2009-12-31,450,2973824413.0,1
730,MSM,2010,2009-12-31,451,2968068142.0,1
366,RJF,2010,2009-12-31,452,2945952834.3931,1
819,SON,2010,2009-12-31,453,2925385983.0,1
672,AFG,2010,2009-12-31,454,2899821983.5,1
726,LAMR,2010,2009-12-31,455,2859352274.4,1
1206,DKS,2010,2009-12-31,456,2850066037.98,1
398,ARE,2010,2009-12-31,457,2839931801.88,1
995,CXW,2010,2009-12-31,458,2835369721.25,1
827,UTHR,2010,2009-12-31,459,2834664838.2,1
624,AMG,2010,2009-12-31,460,2832327538.35,1
988,FHI,2010,2009-12-31,461,2817189017.5,1
143,CMG,2010,2009-12-31,462,2781985158.88,1
399,ATO,2010,2009-12-31,463,2732200182.6,1
435,CPT,2010,2009-12-31,464,2719093097.5699997,1
1384,VRE,2010,2009-12-31,465,2718867029.48,1
1112,CLB,2010,2009-12-31,466,2714528949.44,1
1207,ITRI,2010,2009-12-31,467,2711189220.9199996,1
451,O,2010,2009-12-31,468,2702060131.71,1
1260,SPXC,2010,2009-12-31,469,2696293082.8287997,1
679,BFH,2010,2009-12-31,470,2691265115.6702,1
188,TMUS,2010,2009-12-31,471,2688817356.2599998,1
1493,JOE,2010,2009-12-31,472,2668742900.01,1
1275,RPM,2010,2009-12-31,473,2632636928.08,1
1176,UGI,2010,2009-12-31,474,2631573827.2824,1
72,HBAN,2010,2009-12-31,475,2609931510.85,1
788,SMG,2010,2009-12-31,476,2605703485.51,1
1223,THC,2010,2009-12-31,477,2593288177.48,1
1297,NVRI,2010,2009-12-31,478,2588591416.0699997,1
774,RMBS,2010,2009-12-31,479,2572200249.2,1
497,TECH,2010,2009-12-31,480,2553628884.2400002,1
423,BRO,2010,2009-12-31,481,2553105720.0,1
1480,JLL,2010,2009-12-31,482,2527374398.7999997,1
111,IEX,2010,2009-12-31,483,2517767591.5,1
347,UDR,2010,2009-12-31,484,2512383454.32,1
1149,MYGN,2010,2009-12-31,485,2509896117.49,1
1352,TDW,2010,2009-12-31,486,2479385221.9500003,1
49,SWKS,2010,2009-12-31,487,2474434803.06,1
1023,GNTX,2010,2009-12-31,488,2460370297.3500004,1
293,HUBB,2010,2009-12-31,489,2455313768.6,1
947,FCN,2010,2009-12-31,490,2443511691.0,1
450,SNA,2010,2009-12-31,491,2439675082.5,1
301,ESS,2010,2009-12-31,492,2435695019.4500003,1
1295,ORI,2010,2009-12-31,493,2416172334.6,1
1288,ATR,2010,2009-12-31,494,2415416062.6,1
519,RVTY,2010,2009-12-31,495,2404172283.66,1
727,WTRG,2010,2009-12-31,496,2386098433.63,1
1511,HIW,2010,2009-12-31,497,2370521001.5,1
478,PKG,2010,2009-12-31,498,2369651301.42,1
291,EVRG,2010,2009-12-31,499,2368123541.88,1
793,RBA,2010,2009-12-31,500,2363642446.6,1
531,PTEN,2010,2009-12-31,501,2357816380.5499997,1
929,MORN,2010,2009-12-31,502,2348762724.26,1
876,CFFN,2010,2009-12-31,503,2331165708.3,1
425,TDG,2010,2009-12-31,504,2325945179.2200003,1
751,R,2010,2009-12-31,505,2307600814.14,1
459,AJG,2010,2009-12-31,506,2296791800.3700004,1
843,HBI,2010,2009-12-31,507,2294059917.97,1
403,MELI,2010,2009-12-31,508,2288625049.62,1
1381,SIG,2010,2009-12-31,509,2284862363.52,1
1056,LECO,2010,2009-12-31,510,2279387224.62,1
1404,BOH,2010,2009-12-31,511,2255994092.56,1
1514,AWI,2010,2009-12-31,512,2232859853.59,1
1167,INVX,2010,2009-12-31,513,2227668515.04,1
128,CRL,2010,2009-12-31,514,2220078453.5699997,1
693,SLGN,2010,2009-12-31,515,2212719176.88,1
946,SLAB,2010,2009-12-31,516,2209523792.2000003,1
1205,WSM,2010,2009-12-31,517,2197119895.4,1
878,FLO,2010,2009-12-31,518,2186391160.8,1
502,LII,2010,2009-12-31,519,2185178463.36,1
544,WEN,2010,2009-12-31,520,2171484979.86,1
1420,WAFD,2010,2009-12-31,521,2171308182.2,1
967,VLY,2010,2009-12-31,522,2161615666.05,1
1061,BIO,2010,2009-12-31,523,2156733513.48,1
13,UAL,2010,2009-12-31,524,2156383649.31,1
763,MCY,2010,2009-12-31,525,2150279543.88,1
1339,SM,2010,2009-12-31,526,2141254690.5600002,1
29,TFX,2010,2009-12-31,527,2140891856.19,1
792,TEX,2010,2009-12-31,528,2139479999.9999998,1
1251,PENN,2010,2009-12-31,529,2137927845.9522,1
530,CDP,2010,2009-12-31,530,2133658379.16,1
324,LULU,2010,2009-12-31,531,2116548592.9,1
1100,KMT,2010,2009-12-31,532,2109908139.8400002,1
1393,THG,2010,2009-12-31,533,2105982000.0,1
1220,PVH,2010,2009-12-31,534,2100897365.04,1
630,CSL,2010,2009-12-31,535,2099010263.58,1
847,SCI,2010,2009-12-31,536,2075222199.9599998,1
457,NDSN,2010,2009-12-31,537,2063842388.02,1
689,VMI,2010,2009-12-31,538,2061425315.4,1
556,WLY,2010,2009-12-31,539,2050539365.0400002,1
1178,PRDO,2010,2009-12-31,540,2016920267.4599998,1
247,ERIE,2010,2009-12-31,541,1998058705.3000002,1
427,SW,2010,2009-12-31,542,1984022549.6,1
1183,BRKR,2010,2009-12-31,543,1979968529.7,1
1439,LSTR,2010,2009-12-31,544,1970892296.2300003,1
242,JKHY,2010,2009-12-31,545,1959748999.52,1
1252,CADE,2010,2009-12-31,546,1957699464.0,1
221,LEN,2010,2009-12-31,547,1946526235.1378,1
475,REGN,2010,2009-12-31,548,1946353914.96,1
284,WAB,2010,2009-12-31,549,1942592826.2400002,1
1581,HE,2010,2009-12-31,550,1933681334.1999998,1
200,PTC,2010,2009-12-31,551,1926212403.04,1
1353,TDS,2010,2009-12-31,552,1921857881.5179,1
250,TSCO,2010,2009-12-31,553,1914806385.48,1
780,RRX,2010,2009-12-31,554,1913049976.74,1
358,ROL,2010,2009-12-31,555,1909494086.0436,1
1135,ADEA,2010,2009-12-31,556,1902664139.99,1
1072,BMRN,2010,2009-12-31,557,1894722233.58,1
924,CRK,2010,2009-12-31,558,1891432023.65,1
1126,CHH,2010,2009-12-31,559,1884681649.7,1
1326,PB,2010,2009-12-31,560,1877618964.6299999,1
356,TER,2010,2009-12-31,561,1876415735.23,1
893,KEX,2010,2009-12-31,562,1874306790.0,1
1076,OMI,2010,2009-12-31,563,1797250411.89,1
1194,SF,2010,2009-12-31,564,1795053108.4517999,1
666,CXT,2010,2009-12-31,565,1790827265.2668002,1
1137,RGLD,2010,2009-12-31,566,1786292517.65,1
1008,ELS,2010,2009-12-31,567,1779730120.6299999,1
723,VYX,2010,2009-12-31,568,1776348000.0000002,1
871,NYT,2010,2009-12-31,569,1776311442.48,1
964,EME,2010,2009-12-31,570,1773512776.6999998,1
916,ZION,2010,2009-12-31,571,1773232965.68,1
778,ODP,2010,2009-12-31,572,1771939626.9,1
716,SGI,2010,2009-12-31,573,1771715418.51,1
555,CMC,2010,2009-12-31,574,1764634576.95,1
715,VIAV,2010,2009-12-31,575,1762371453.222,1
711,WWD,2010,2009-12-31,576,1761605657.52,1
1210,MASI,2010,2009-12-31,577,1755413386.74,1
1093,EHC,2010,2009-12-31,578,1751344159.92,1
1015,NNN,2010,2009-12-31,579,1748480064.02,1
966,NEU,2010,2009-12-31,580,1745420897.53,1
1285,FL,2010,2009-12-31,581,1743573702.3000002,1
1412,PRA,2010,2009-12-31,582,1741008790.64,1
1184,THO,2010,2009-12-31,583,1740845013.6,1
1110,DEI,2010,2009-12-31,584,1732221279.0,1
411,COO,2010,2009-12-31,585,1724841332.8799999,1
136,IT,2010,2009-12-31,586,1723773594.3999999,1
1255,ORA,2010,2009-12-31,587,1718821418.16,1
1347,CBT,2010,2009-12-31,588,1713511550.69,1
1366,GGG,2010,2009-12-31,589,1713394042.8,1
972,TTEK,2010,2009-12-31,590,1669230384.25,1
76,ZBRA,2010,2009-12-31,591,1667238552.0,1
1082,OHI,2010,2009-12-31,592,1655443065.3,1
807,ELME,2010,2009-12-31,593,1645528054.3,1
1098,WLK,2010,2009-12-31,594,1644824385.09,1
648,TKR,2010,2009-12-31,595,1643682780.0244,1
413,STE,2010,2009-12-31,596,1642610021.02,1
1148,CASY,2010,2009-12-31,597,1624656549.92,1
1402,WABC,2010,2009-12-31,598,1617191091.6699998,1
863,HWC,2010,2009-12-31,599,1613196747.89,1
483,CDNS,2010,2009-12-31,600,1609928232.79,1
1185,CNK,2010,2009-12-31,601,1593917870.8799999,1
936,WKC,2010,2009-12-31,602,1591861800.0,1
752,UMBF,2010,2009-12-31,603,1589963193.2,1
961,JBLU,2010,2009-12-31,604,1582164359.15,1
1409,BRC,2010,2009-12-31,605,1571157764.74,1
777,SKT,2010,2009-12-31,606,1570450293.16,1
1433,CLH,2010,2009-12-31,607,1563023080.2,1
1041,NJR,2010,2009-12-31,608,1555288088.2,1
1372,AYI,2010,2009-12-31,609,1542020946.84,1
1389,FULT,2010,2009-12-31,610,1537022080.0,1
1341,POR,2010,2009-12-31,611,1534662229.6200001,1
865,EAT,2010,2009-12-31,612,1528963240.68,1
523,IDA,2010,2009-12-31,613,1522418650.2,1
599,DAN,2010,2009-12-31,614,1509441902.72,1
1398,CENX,2010,2009-12-31,615,1498061800.92,1
525,CRI,2010,2009-12-31,616,1490599897.5,1
1054,EPR,2010,2009-12-31,617,1481894832.3700001,1
1558,HL,2010,2009-12-31,618,1473356755.56,1
992,CACI,2010,2009-12-31,619,1469664902.15,1
1169,BDN,2010,2009-12-31,620,1465838607.6000001,1
550,EWBC,2010,2009-12-31,621,1449375712.0,1
1486,CW,2010,2009-12-31,622,1428560605.08,1
614,PII,2010,2009-12-31,623,1426706759.16,1
1073,WERN,2010,2009-12-31,624,1417210086.6000001,1
891,TRMK,2010,2009-12-31,625,1416536510.62,1
1495,UAA,2010,2009-12-31,626,1413431935.996,1
1068,ASB,2010,2009-12-31,627,1407824202.75,1
790,FDP,2010,2009-12-31,628,1405591183.1000001,1
1479,VSH,2010,2009-12-31,629,1401900812.6994,1
660,TTC,2010,2009-12-31,630,1399143428.25,1
820,SBH,2010,2009-12-31,631,1394700164.55,1
140,MAA,2010,2009-12-31,632,1393257529.08,1
943,PAG,2010,2009-12-31,633,1389406850.04,1
725,BKE,2010,2009-12-31,634,1387630537.4784,1
1491,HAE,2010,2009-12-31,635,1385552366.45,1
1397,HTLD,2010,2009-12-31,636,1384815242.67,1
1157,SATS,2010,2009-12-31,637,1382930727.6783998,1
339,TDY,2010,2009-12-31,638,1382153072.72,1
1370,OLN,2010,2009-12-31,639,1378824000.0,1
1045,KMPR,2010,2009-12-31,640,1374971100.3,1
852,MTN,2010,2009-12-31,641,1369998289.8,1
1138,WSO,2010,2009-12-31,642,1365551134.6,1
798,SKX,2010,2009-12-31,643,1365433778.9508,1
681,AMED,2010,2009-12-31,644,1359049914.0,1
574,LNW,2010,2009-12-31,645,1350023903.4,1
1405,WWW,2010,2009-12-31,646,1349254570.0,1
1457,CAR,2010,2009-12-31,647,1338092098.24,1
899,GEF,2010,2009-12-31,648,1328479864.12,1
414,ALGN,2010,2009-12-31,649,1326900740.22,1
1478,SSD,2010,2009-12-31,650,1325743149.4,1
895,GATX,2010,2009-12-31,651,1325375000.0,1
900,COLM,2010,2009-12-31,652,1319420552.32,1
173,AOS,2010,2009-12-31,653,1316755625.2416,1
1388,AMKR,2010,2009-12-31,654,1311099275.84,1
276,DECK,2010,2009-12-31,655,1307077967.1222,1
1505,GVA,2010,2009-12-31,656,1301256790.02,1
894,CAKE,2010,2009-12-31,657,1300508042.87,1
104,WST,2010,2009-12-31,658,1293635593.6000001,1
970,IBOC,2010,2009-12-31,659,1290375833.59,1
527,DINO,2010,2009-12-31,660,1287766406.85,1
1026,SXT,2010,2009-12-31,661,1287006253.7,1
697,SWX,2010,2009-12-31,662,1282575222.54,1
1071,QRVO,2010,2009-12-31,663,1279138258.8899999,1
962,PCH,2010,2009-12-31,664,1267933400.32,1
1033,EPAC,2010,2009-12-31,665,1257461661.68,1
973,HXL,2010,2009-12-31,666,1254520452.68,1
980,VECO,2010,2009-12-31,667,1248152872.96,1
1536,PEGA,2010,2009-12-31,668,1247066824.0,1
603,NWBI,2010,2009-12-31,669,1246951332.1299999,1
903,HNI,2010,2009-12-31,670,1244380239.81,1
1307,THS,2010,2009-12-31,671,1240748193.92,1
1348,CNO,2010,2009-12-31,672,1235168580.0,1
570,MATV,2010,2009-12-31,673,1225876397.55,1
1013,HLX,2010,2009-12-31,674,1225674037.0,1
1442,ALK,2010,2009-12-31,675,1218430183.68,1
1482,BHE,2010,2009-12-31,676,1217628742.1200001,1
1198,WEX,2010,2009-12-31,677,1214864587.98,1
1037,KBH,2010,2009-12-31,678,1204837627.68,1
598,MOGa,2010,2009-12-31,679,1204679870.91,1
605,NWN,2010,2009-12-31,680,1194342029.52,1
1261,GPK,2010,2009-12-31,681,1191061017.5,1
993,CRS,2010,2009-12-31,682,1186878970.2,1
1429,AVA,2010,2009-12-31,683,1182684676.79,1
1140,PRGS,2010,2009-12-31,684,1173592080.0,1
1070,UPBD,2010,2009-12-31,685,1171394527.9199998,1
1162,HI,2010,2009-12-31,686,1171319933.64,1
615,BCO,2010,2009-12-31,687,1164837676.2,1
1334,UNFI,2010,2009-12-31,688,1151893847.4399998,1
915,RLI,2010,2009-12-31,689,1151737593.75,1
467,ODFL,2010,2009-12-31,690,1144639522.5,1
1494,IDCC,2010,2009-12-31,691,1143624464.0,1
1128,WCC,2010,2009-12-31,692,1141946741.65,1
986,EXP,2010,2009-12-31,693,1141205068.8,1
1142,ALE,2010,2009-12-31,694,1140257978.2,1
881,WTS,2010,2009-12-31,695,1134258303.4,1
702,FFIN,2010,2009-12-31,696,1129218600.1799998,1
981,PLXS,2010,2009-12-31,697,1126610102.72,1
770,UVV,2010,2009-12-31,698,1125845221.75,1
562,GEO,2010,2009-12-31,699,1123893391.6408,1
772,TKO,2010,2009-12-31,700,1123697262.8700001,1
594,RWT,2010,2009-12-31,701,1123207496.8200002,1
741,BC,2010,2009-12-31,702,1122276082.99,1
145,MSTR,2010,2009-12-31,703,1120245949.5,1
1195,EEFT,2010,2009-12-31,704,1114374808.8,1
824,FUL,2010,2009-12-31,705,1106649498.5,1
1233,TXNM,2010,2009-12-31,706,1096415651.1000001,1
1267,SCHL,2010,2009-12-31,707,1086947031.5,1
649,JACK,2010,2009-12-31,708,1086742519.1000001,1
622,WPC,2010,2009-12-31,709,1084303057.8012,1
889,ONB,2010,2009-12-31,710,1083560390.0,1
977,FORM,2010,2009-12-31,711,1083116845.02,1
812,CHE,2010,2009-12-31,712,1082084426.28,1
305,INCY,2010,2009-12-31,713,1079903444.84,1
1101,MATW,2010,2009-12-31,714,1076456970.6299999,1
1268,ABM,2010,2009-12-31,715,1068336120.24,1
1437,RAMP,2010,2009-12-31,716,1061762235.6999999,1
626,DRH,2010,2009-12-31,717,1051974000.0000001,1
120,ULTA,2010,2009-12-31,718,1051654334.96,1
784,IART,2010,2009-12-31,719,1050086284.8599999,1
826,SMTC,2010,2009-12-31,720,1048834609.83,1
678,BLKB,2010,2009-12-31,721,1043495625.03,1
1317,SYNA,2010,2009-12-31,722,1042257050.5999999,1
706,SNX,2010,2009-12-31,723,1038520063.9066,1
745,BKH,2010,2009-12-31,724,1035007864.68,1
1136,WOR,2010,2009-12-31,725,1034680960.4358,1
108,FICO,2010,2009-12-31,726,1026736960.8299999,1
549,RES,2010,2009-12-31,727,1023224446.4,1
979,BDC,2010,2009-12-31,728,1022748423.5200001,1
664,MTX,2010,2009-12-31,729,1020372892.5,1
974,HUBG,2010,2009-12-31,730,1015009045.11,1
998,VSAT,2010,2009-12-31,731,1013156315.36,1
1309,SNV,2010,2009-12-31,732,1004148053.9499999,1
1122,EGP,2010,2009-12-31,733,1000288555.2,1
350,EXR,2010,2009-12-31,734,998292060.1500001,1
942,CVLT,2010,2009-12-31,735,998059092.6,1
539,CIEN,2010,2009-12-31,736,997698738.36,1
1081,TRN,2010,2009-12-31,737,995426862.5036,1
925,PIPR,2010,2009-12-31,738,987812407.47,1
761,POWI,2010,2009-12-31,739,982509375.6,1
1518,TR,2010,2009-12-31,740,980836482.4569,1
1488,CNS,2010,2009-12-31,741,964581209.68,1
252,CNC,2010,2009-12-31,742,961189321.73,1
667,MSA,2010,2009-12-31,743,954111734.59,1
1060,MTZ,2010,2009-12-31,744,947649887.5,1
1469,ESE,2010,2009-12-31,745,947235439.8000001,1
941,KRC,2010,2009-12-31,746,945264244.0102,1
1248,SKYW,2010,2009-12-31,747,940842149.7600001,1
1168,COHR,2010,2009-12-31,748,940457302.2,1
646,ALGT,2010,2009-12-31,749,936804879.2800001,1
1484,NWE,2010,2009-12-31,750,936279793.64,1
1387,MLI,2010,2009-12-31,751,935136774.72,1
184,POOL,2010,2009-12-31,752,934097747.3999999,1
644,AIT,2010,2009-12-31,753,934073950.94,1
663,HCSG,2010,2009-12-31,754,933123720.0,1
621,UNF,2010,2009-12-31,755,932501600.78,1
1523,RHP,2010,2009-12-31,756,927956080.5,1
623,WBS,2010,2009-12-31,757,924589909.9999999,1
1418,CVBF,2010,2009-12-31,758,917840255.0400001,1
1414,MIDD,2010,2009-12-31,759,909616933.74,1
1182,AIR,2010,2009-12-31,760,894647708.4,1
1095,MLKN,2010,2009-12-31,761,893678285.76,1
1085,ALKS,2010,2009-12-31,762,891741425.95,1
714,DIOD,2010,2009-12-31,763,890428315.01,1
969,OTTR,2010,2009-12-31,764,885819619.82,1
1130,MMS,2010,2009-12-31,765,882671800.0,1
1188,SIGI,2010,2009-12-31,766,873074406.4,1
910,SHO,2010,2009-12-31,767,872059032.48,1
1413,LPX,2010,2009-12-31,768,869332503.9200001,1
1313,CBRL,2010,2009-12-31,769,869329462.87,1
1331,UBSI,2010,2009-12-31,770,867159526.67,1
989,LOPE,2010,2009-12-31,771,867118223.94,1
1369,SANM,2010,2009-12-31,772,866957503.65,1
1014,MKSI,2010,2009-12-31,773,861432570.5999999,1
73,CSGP,2010,2009-12-31,774,859286174.5000001,1
934,GBCI,2010,2009-12-31,775,845423697.1600001,1
581,KALU,2010,2009-12-31,776,843910885.02,1
1468,PRK,2010,2009-12-31,777,840040253.44,1
1173,EZPW,2010,2009-12-31,778,838193306.8,1
10,MPWR,2010,2009-12-31,779,836585862.87,1
222,TTWO,2010,2009-12-31,780,836031229.35,1
838,CSR,2010,2009-12-31,781,833620860.0,1
655,INVA,2010,2009-12-31,782,830757692.6,1
1515,MGEE,2010,2009-12-31,783,826081422.12,1
611,AROC,2010,2009-12-31,784,811811596.2367,1
631,CALM,2010,2009-12-31,785,811345661.28,1
1344,TGI,2010,2009-12-31,786,804224052.0,1
1226,MPT,2010,2009-12-31,787,801648010.0,1
1520,MWA,2010,2009-12-31,788,800216305.2,1
999,ZD,2010,2009-12-31,789,798933219.2535,1
841,EXEL,2010,2009-12-31,790,791440104.29,1
1105,TXRH,2010,2009-12-31,791,789571428.83,1
1278,FNB,2010,2009-12-31,792,773992745.05,1
1262,IPGP,2010,2009-12-31,793,764364405.77,1
1314,CWT,2010,2009-12-31,794,763829132.64,1
610,DLX,2010,2009-12-31,795,757308579.8399999,1
1419,CUZ,2010,2009-12-31,796,755138818.63,1
1290,KFY,2010,2009-12-31,797,753436134.0,1
994,SR,2010,2009-12-31,798,751390098.2500001,1
1127,GFF,2010,2009-12-31,799,751030470.84,1
1150,NPK,2010,2009-12-31,800,748960290.21,1
1040,FFBC,2010,2009-12-31,801,748831312.32,1
1171,SHOO,2010,2009-12-31,802,747802977.8863,1
1092,ARCB,2010,2009-12-31,803,744201383.67,1
1180,WTFC,2010,2009-12-31,804,743980863.72,1
1394,LXP,2010,2009-12-31,805,740683377.92,1
728,HELE,2010,2009-12-31,806,737722112.08,1
1582,ALNY,2010,2009-12-31,807,736787189.4200001,1
1432,JJSF,2010,2009-12-31,808,735145918.2,1
907,FWRD,2010,2009-12-31,809,725126609.0,1
1270,MTG,2010,2009-12-31,810,723088502.26,1
1116,BYD,2010,2009-12-31,811,720847718.8199999,1
1165,UFPI,2010,2009-12-31,812,712485083.88,1
331,LYV,2010,2009-12-31,813,712286787.25,1
670,SCSC,2010,2009-12-31,814,709402179.0,1
1235,CGNX,2010,2009-12-31,815,702406280.73,1
797,LFUS,2010,2009-12-31,816,699793360.8,1
1465,NBTB,2010,2009-12-31,817,699472474.6800001,1
357,TYL,2010,2009-12-31,818,696448435.21,1
612,PRAA,2010,2009-12-31,819,694803866.25,1
908,HAIN,2010,2009-12-31,820,693511478.1,1
1047,AIN,2010,2009-12-31,821,692684704.9,1
1154,AVNT,2010,2009-12-31,822,690867850.3199999,1
985,DAR,2010,2009-12-31,823,689059662.2,1
1084,GPI,2010,2009-12-31,824,686333796.75,1
1153,ENTG,2010,2009-12-31,825,686257376.64,1
567,CUBE,2010,2009-12-31,826,679693175.88,1
1456,EIG,2010,2009-12-31,827,675028140.28,1
1121,FELE,2010,2009-12-31,828,671223722.4,1
661,CSGS,2010,2009-12-31,829,670569962.9399999,1
639,SAM,2010,2009-12-31,830,664162492.4,1
874,CNMD,2010,2009-12-31,831,663564063.6,1
541,FCFS,2010,2009-12-31,832,661944009.6500001,1
897,PZZA,2010,2009-12-31,833,659683012.8,1
1360,PPC,2010,2009-12-31,834,659096023.7,1
800,MNRO,2010,2009-12-31,835,658832004.16,1
1249,HTH,2010,2009-12-31,836,657490114.2,1
855,AWR,2010,2009-12-31,837,655511053.1199999,1
1158,NX,2010,2009-12-31,838,641935559.9,1
836,SCL,2010,2009-12-31,839,641801116.1,1
1302,PFS,2010,2009-12-31,840,641761683.45,1
987,FIZZ,2010,2009-12-31,841,637772529.24,1
1355,AEIS,2010,2009-12-31,842,633792599.96,1
1333,CBU,2010,2009-12-31,843,632263043.18,1
1020,FUN,2010,2009-12-31,844,629922641.04,1
786,AVAV,2010,2009-12-31,845,626261703.76,1
809,BCPC,2010,2009-12-31,846,625992971.31,1
1247,KOP,2010,2009-12-31,847,622646303.6800001,1
699,LTC,2010,2009-12-31,848,620996782.75,1
892,HOMB,2010,2009-12-31,849,618217100.9728,1
1237,MTH,2010,2009-12-31,850,614483457.64,1
691,PSMT,2010,2009-12-31,851,608034718.08,1
700,ASTE,2010,2009-12-31,852,607485469.6800001,1
1336,HLIT,2010,2009-12-31,853,607405884.32,1
1281,RDN,2010,2009-12-31,854,605089672.55,1
1246,NSP,2010,2009-12-31,855,604281251.28,1
576,LRN,2010,2009-12-31,856,598547235.48,1
1376,BMI,2010,2009-12-31,857,595285784.94,1
547,NTCT,2010,2009-12-31,858,594508118.6,1
1024,CVI,2010,2009-12-31,859,591675541.94,1
207,URI,2010,2009-12-31,860,590091630.12,1
1042,BFS,2010,2009-12-31,861,590073120.0,1
608,BRKL,2010,2009-12-31,862,584994098.26,1
65,MOH,2010,2009-12-31,863,584328500.0,1
1216,ACIW,2010,2009-12-31,864,583302061.3,1
1403,GTY,2010,2009-12-31,865,582749062.48,1
1308,WRLD,2010,2009-12-31,866,582230763.9599999,1
662,AXL,2010,2009-12-31,867,574739529.66,1
553,BANF,2010,2009-12-31,868,566819082.64,1
794,IRDM,2010,2009-12-31,869,564089039.03,1
1321,AZTA,2010,2009-12-31,870,553849699.26,1
1257,SAFT,2010,2009-12-31,871,545313490.05,1
808,SAH,2010,2009-12-31,872,541619624.26,1
532,MANH,2010,2009-12-31,873,541567037.88,1
1335,MMSI,2010,2009-12-31,874,540399863.64,1
687,ICUI,2010,2009-12-31,875,539648669.16,1
551,HALO,2010,2009-12-31,876,537969304.67,1
776,WDFC,2010,2009-12-31,877,535463541.15999997,1
705,HSII,2010,2009-12-31,878,533253679.2,1
787,EXLS,2010,2009-12-31,879,532684477.04999995,1
1177,NEOG,2010,2009-12-31,880,530864069.40000004,1
858,NPO,2010,2009-12-31,881,528097766.89,1
1211,RBC,2010,2009-12-31,882,528056446.59,1
1080,TILE,2010,2009-12-31,883,525677669.64000005,1
449,PODD,2010,2009-12-31,884,525350332.91999996,1
1131,NSIT,2010,2009-12-31,885,524054846.71999997,1
1087,ENOV,2010,2009-12-31,886,520478412.15999997,1
1166,CHCO,2010,2009-12-31,887,513581052.51000005,1
1079,NOG,2010,2009-12-31,888,512804418.56,1
765,CHDN,2010,2009-12-31,889,512118436.95000005,1
1086,ABR,2010,2009-12-31,890,505209458.99999994,1
1425,BJRI,2010,2009-12-31,891,504158016.53,1
804,TCBI,2010,2009-12-31,892,499833165.28000003,1
1382,TTMI,2010,2009-12-31,893,497761514.7,1
935,PRSU,2010,2009-12-31,894,495271653.1,1
1239,EVR,2010,2009-12-31,895,495008884.79999995,1
1416,COKE,2010,2009-12-31,896,495003032.58000004,1
877,LNN,2010,2009-12-31,897,494556352.8,1
1363,OZK,2010,2009-12-31,898,494233901.8,1
887,NHC,2010,2009-12-31,899,494085438.57,1
1088,CROX,2010,2009-12-31,900,492627547.0,1
769,LZB,2010,2009-12-31,901,491233904.15,1
1350,TNC,2010,2009-12-31,902,490100803.20000005,1
1503,HMN,2010,2009-12-31,903,489804537.5,1
376,DPZ,2010,2009-12-31,904,489677766.38000005,1
870,USNA,2010,2009-12-31,905,488232466.7,1
1354,CALY,2010,2009-12-31,906,486123358.76,1
1038,UFCS,2010,2009-12-31,907,484771266.73,1
1204,TRST,2010,2009-12-31,908,482904002.7,1
783,OSIS,2010,2009-12-31,909,482139872.72,1
1259,SHEN,2010,2009-12-31,910,481084378.50000006,1
86,MKTX,2010,2009-12-31,911,477580689.7,1
635,ROG,2010,2009-12-31,912,477113135.03,1
917,ROCK,2010,2009-12-31,913,474108979.63,1
1301,CENTA,2010,2009-12-31,914,472954106.23999995,1
546,ANDE,2010,2009-12-31,915,472506000.0,1
620,FIX,2010,2009-12-31,916,471680581.4,1
1292,STBA,2010,2009-12-31,917,471314678.94000006,1
1049,GTLS,2010,2009-12-31,918,470496191.47999996,1
1160,JBTM,2010,2009-12-31,919,469666392.93000007,1
1263,PNFP,2010,2009-12-31,920,468644800.14000005,1
1018,CATY,2010,2009-12-31,921,466813027.0,1
1244,SFNC,2010,2009-12-31,922,464138541.8,1
1490,COLB,2010,2009-12-31,923,454639441.54,1
1410,OLED,2010,2009-12-31,924,454302256.56,1
703,LCII,2010,2009-12-31,925,452446311.45,1
1506,SITC,2010,2009-12-31,926,447020039.39489996,1
1440,CRUS,2010,2009-12-31,927,445295388.78000003,1
1048,CCOI,2010,2009-12-31,928,439515554.03999996,1
1022,INDB,2010,2009-12-31,929,436603367.06,1
709,BGS,2010,2009-12-31,930,434831740.56,1
1192,HOPE,2010,2009-12-31,931,428912332.38,1
1502,CAL,2010,2009-12-31,932,423060692.03999996,1
983,QDEL,2010,2009-12-31,933,415416703.0,1
888,CRVL,2010,2009-12-31,934,411806501.34,1
1452,ITGR,2010,2009-12-31,935,406312058.8007,1
1118,AZZ,2010,2009-12-31,936,404058269.40000004,1
801,ECPG,2010,2009-12-31,937,403344997.79999995,1
1225,GIII,2010,2009-12-31,938,402449150.73,1
429,SMCI,2010,2009-12-31,939,398805000.08,1
1119,TMP,2010,2009-12-31,940,395780782.5,1
563,FCF,2010,2009-12-31,941,395537602.50000006,1
896,PBH,2010,2009-12-31,942,393234935.40000004,1
1386,MRTN,2010,2009-12-31,943,392839248.8573,1
1282,APOG,2010,2009-12-31,944,391650392.0,1
830,ETD,2010,2009-12-31,945,388065187.18,1
1380,VICR,2010,2009-12-31,946,387485076.6,1
713,EXPO,2010,2009-12-31,947,383132548.8,1
1227,UHT,2010,2009-12-31,948,381192841.57,1
559,BGC,2010,2009-12-31,949,378161426.7551,1
1329,KLIC,2010,2009-12-31,950,375817496.66999996,1
853,MTRN,2010,2009-12-31,951,375057544.14,1
696,OMCL,2010,2009-12-31,952,373128702.87,1
602,ABG,2010,2009-12-31,953,372158295.16999996,1
310,DXCM,2010,2009-12-31,954,371476278.99,1
857,IPAR,2010,2009-12-31,955,366068598.13,1
436,BLDR,2010,2009-12-31,956,364513351.68,1
1466,GPRE,2010,2009-12-31,957,361950967.4,1
796,POWL,2010,2009-12-31,958,361507530.3,1
1108,MYRG,2010,2009-12-31,959,357856852.47,1
1390,WGO,2010,2009-12-31,960,354712889.4,1
557,SSB,2010,2009-12-31,961,352353477.84000003,1
634,OXM,2010,2009-12-31,962,341616952.6,1
1463,AMSF,2010,2009-12-31,963,339270832.62,1
926,AAON,2010,2009-12-31,964,335578254.78999996,1
1320,OPCH,2010,2009-12-31,965,328685095.64,1
1492,COHU,2010,2009-12-31,966,327060121.5,1
573,CTS,2010,2009-12-31,967,326046831.23999995,1
1243,FR,2010,2009-12-31,968,322178344.94,1
586,SPTN,2010,2009-12-31,969,320550179.07,1
583,UCB,2010,2009-12-31,970,318460664.61,1
975,RUSHA,2010,2009-12-31,971,314279991.17730004,1
1481,DY,2010,2009-12-31,972,313323324.82,1
684,LSCC,2010,2009-12-31,973,311415483.6,1
1030,CPK,2010,2009-12-31,974,301088703.1314,1
209,TPL,2010,2009-12-31,975,299854543.6326,1
884,AMN,2010,2009-12-31,976,295634332.26,1
1090,FSS,2010,2009-12-31,977,293489153.02,1
921,SBSI,2010,2009-12-31,978,293025465.18,1
771,RNST,2010,2009-12-31,979,286672060.8,1
1499,TWI,2010,2009-12-31,980,285966231.51,1
1102,AMWD,2010,2009-12-31,981,278450765.28,1
810,LQDT,2010,2009-12-31,982,277142975.22,1
1164,DORM,2010,2009-12-31,983,276978234.67,1
1400,WAL,2010,2009-12-31,984,273983763.06,1
1426,LKFN,2010,2009-12-31,985,273267479.25,1
149,AXON,2010,2009-12-31,986,271432108.38,1
601,SCVL,2010,2009-12-31,987,264934264.60999998,1
1103,OFG,2010,2009-12-31,988,261724629.60000002,1
1576,PRIM,2010,2009-12-31,989,260161091.62,1
637,MRCY,2010,2009-12-31,990,258838560.06,1
1477,ASGN,2010,2009-12-31,991,258124645.35000002,1
560,CEVA,2010,2009-12-31,992,256411270.48,1
1057,KRG,2010,2009-12-31,993,256383907.23000002,1
1286,EXTR,2010,2009-12-31,994,256195417.52,1
1359,SNEX,2010,2009-12-31,995,254643076.66,1
1530,STRL,2010,2009-12-31,996,254336990.16,1
1411,SXI,2010,2009-12-31,997,250287950.15,1
735,UTL,2010,2009-12-31,998,248800484.46,1
1365,LGND,2010,2009-12-31,999,245245837.54999998,1
580,JAZZ,2010,2009-12-31,1000,244217653.44,1
428,XOM,2011,2010-12-31,1,368711734643.52,1
397,AAPL,2011,2010-12-31,2,295886577853.44,1
32,MSFT,2011,2010-12-31,3,238784653684.22,1
511,GE,2011,2010-12-31,4,194874792220.0,1
288,WMT,2011,2010-12-31,5,192098708474.8494,1
102,GOOGL,2011,2010-12-31,6,189942580414.63202,1
12,CVX,2011,2010-12-31,7,183634100077.5,1
460,IBM,2011,2010-12-31,8,182328920466.12,1
35,PG,2011,2010-12-31,9,180174408988.0,1
385,T,2011,2010-12-31,10,173635800000.0,1
228,JNJ,2011,2010-12-31,11,169855790850.2,1
216,JPM,2011,2010-12-31,12,165827476133.34,1
77,MDLZ,2011,2010-12-31,13,165122505477.57,1
496,WFC,2011,2010-12-31,14,163078157235.72,1
419,ORCL,2011,2010-12-31,15,158140746000.0,1
169,KO,2011,2010-12-31,16,152720157895.94,1
174,PFE,2011,2010-12-31,17,140254247035.37003,1
187,C,2011,2010-12-31,18,137446045226.49002,1
51,BAC,2011,2010-12-31,19,134535863621.31999,1
278,INTC,2011,2010-12-31,20,117305340000.0,1
351,SLB,2011,2010-12-31,21,113925707622.0,1
64,CSCO,2011,2010-12-31,22,112130067997.43001,1
289,MRK,2011,2010-12-31,23,111034945725.88,1
239,PM,2011,2010-12-31,24,106196455242.39,1
126,PEP,2011,2010-12-31,25,103537659851.47,1
337,VZ,2011,2010-12-31,26,101142282537.18001,1
220,HPQ,2011,2010-12-31,27,92216918181.0,1
273,GS,2011,2010-12-31,28,85970682072.31999,1
283,BRKb,2011,2010-12-31,29,83138070199.44,1
144,MCD,2011,2010-12-31,30,81097455366.64,1
202,AMZN,2011,2010-12-31,31,80790616260.0,1
471,QCOM,2011,2010-12-31,32,80060630870.57,1
156,OXY,2011,2010-12-31,33,76465949704.416,1
58,COP,2011,2010-12-31,34,76273027107.669,1
384,ABT,2011,2010-12-31,35,74060042883.15,1
213,UPS,2011,2010-12-31,36,71776866010.0,1
42,DIS,2011,2010-12-31,37,71028320610.94,1
346,RTX,2011,2010-12-31,38,68126851559.0038,1
193,AZN,2011,2010-12-31,39,65105091655.14,1
447,F,2011,2010-12-31,40,64102419675.46,1
150,MMM,2011,2010-12-31,41,61692338862.9,1
71,CAT,2011,2010-12-31,42,59832135393.24,1
473,HD,2011,2010-12-31,43,57457051638.4,1
55,FCX,2011,2010-12-31,44,56547895857.54,1
125,AMGN,2011,2010-12-31,45,51870365240.4,1
25,USB,2011,2010-12-31,46,51809370000.0,1
400,AXP,2011,2010-12-31,47,51665563756.0,1
232,MO,2011,2010-12-31,48,51402310538.76,1
85,V,2011,2010-12-31,49,50444927990.1,1
218,BA,2011,2010-12-31,50,47873462907.920006,1
504,CVS,2011,2010-12-31,51,47245476000.00001,1
295,UNP,2011,2010-12-31,52,45695160673.18,1
472,APA,2011,2010-12-31,53,45545860000.0,1
360,CMCSA,2011,2010-12-31,54,45517905194.97,1
167,BMY,2011,2010-12-31,55,45325428359.28,1
287,MET,2011,2010-12-31,56,43778808406.215996,1
219,EMR,2011,2010-12-31,57,43112669938.4,1
463,ON,2011,2010-12-31,58,42745738885.2,1
93,TGT,2011,2010-12-31,59,42576955026.200005,1
110,MS,2011,2010-12-31,60,41165393972.37,1
296,NKE,2011,2010-12-31,61,40873022142.94,1
480,LLY,2011,2010-12-31,62,40406141617.44,1
268,MDT,2011,2010-12-31,63,39815228956.990005,1
17,UNH,2011,2010-12-31,64,39718770243.61,1
454,CL,2011,2010-12-31,65,38793275306.1,1
265,AIG,2011,2010-12-31,66,38728854019.1,1
57,TXN,2011,2010-12-31,67,38160118490.0,1
26,BK,2011,2010-12-31,68,37461723151.799995,1
381,HON,2011,2010-12-31,69,37266740355.6028,1
47,HAL,2011,2010-12-31,70,37136306782.26,1
119,BLK,2011,2010-12-31,71,36426037186.240005,1
313,EBAY,2011,2010-12-31,72,36283182291.084,1
139,WBA,2011,2010-12-31,73,35937305230.72,1
230,DE,2011,2010-12-31,74,34972238896.1,1
62,LOW,2011,2010-12-31,75,34610498037.72,1
234,ACN,2011,2010-12-31,76,34479049094.62,1
18,MOS,2011,2010-12-31,77,34067863189.0,1
6,DVN,2011,2010-12-31,78,33908469000.000004,1
343,SO,2011,2010-12-31,79,32062398943.789997,1
328,PNC,2011,2010-12-31,80,31926357711.6,1
512,COST,2011,2010-12-31,81,31521451764.239998,1
9,LVS,2011,2010-12-31,82,31463347451.7,1
405,DHR,2011,2010-12-31,83,30846956718.584698,1
330,GLW,2011,2010-12-31,84,30194820058.2,1
319,NEM,2011,2010-12-31,85,29867135768.4,1
482,BAX,2011,2010-12-31,86,29497653344.379997,1
297,GILD,2011,2010-12-31,87,29422084252.08,1
461,MA,2011,2010-12-31,88,29331779232.81,1
323,FDX,2011,2010-12-31,89,29300060983.460003,1
311,LIN,2011,2010-12-31,90,29250068049.6,1
1541,TRI,2011,2010-12-31,91,29248217720.528698,1
158,SPG,2011,2010-12-31,92,29144005649.8,1
80,PRU,2011,2010-12-31,93,28494817715.04,1
1241,NOV,2011,2010-12-31,94,28220485895.5,1
307,CCL,2011,2010-12-31,95,27968988348.9,1
408,EXC,2011,2010-12-31,96,27498297527.4,1
420,GD,2011,2010-12-31,97,26804706860.159996,1
333,AFL,2011,2010-12-31,98,26593283849.22,1
53,ITW,2011,2010-12-31,99,26482712516.399998,1
439,HES,2011,2010-12-31,100,25846086901.2,1
304,KMB,2011,2010-12-31,101,25707276330.56,1
514,TRV,2011,2010-12-31,102,25573335557.58,1
70,BEN,2011,2010-12-31,103,25378586412.96,1
97,LMT,2011,2010-12-31,104,25176576723.64,1
100,D,2011,2010-12-31,105,25167661923.36,1
417,BKR,2011,2010-12-31,106,24655917772.02,1
494,CSX,2011,2010-12-31,107,24176143199.734203,1
134,SBUX,2011,2010-12-31,108,23811543000.0,1
197,DUK,2011,2010-12-31,109,23590212596.34,1
390,STT,2011,2010-12-31,110,23263837526.86,1
196,EOG,2011,2010-12-31,111,23219579250.45,1
210,YUM,2011,2010-12-31,112,22984025874.3,1
246,NSC,2011,2010-12-31,113,22827036578.4,1
203,ADP,2011,2010-12-31,114,22825844649.4,1
212,GIS,2011,2010-12-31,115,22628538972.440002,1
388,ELV,2011,2010-12-31,116,22380667613.579998,1
130,CTSH,2011,2010-12-31,117,22242227734.440002,1
370,TMO,2011,2010-12-31,118,22004361818.24,1
186,CMI,2011,2010-12-31,119,21761043226.83,1
206,NEE,2011,2010-12-31,120,21753673892.52,1
259,ASML,2011,2010-12-31,121,21738924580.4184,1
7,CME,2011,2010-12-31,122,21560990343.75,1
1197,OVV,2011,2010-12-31,123,21412093917.760002,1
28,SYK,2011,2010-12-31,124,21325351195.8,1
191,MSI,2011,2010-12-31,125,21311635585.16,1
61,CB,2011,2010-12-31,126,21127020839.25,1
391,PCAR,2011,2010-12-31,127,20911979309.9582,1
45,AMT,2011,2010-12-31,128,20608488824.56,1
491,SCHW,2011,2010-12-31,129,20443501108.61,1
236,NTAP,2011,2010-12-31,130,19863808684.56,1
217,BKNG,2011,2010-12-31,131,19616320384.7,1
315,APD,2011,2010-12-31,132,19504467062.3,1
518,COF,2011,2010-12-31,133,19446789669.440002,1
410,JNPR,2011,2010-12-31,134,19316617840.0,1
431,ADM,2011,2010-12-31,135,19217913141.12,1
407,NOC,2011,2010-12-31,136,18915023451.4,1
98,PCG,2011,2010-12-31,137,18756427537.120003,1
365,BDX,2011,2010-12-31,138,18688603996.276203,1
261,AMAT,2011,2010-12-31,139,18653977172.4,1
190,TFC,2011,2010-12-31,140,18238227004.36,1
516,MCK,2011,2010-12-31,141,17894821404.059998,1
27,K,2011,2010-12-31,142,17648454638.7316,1
434,TJX,2011,2010-12-31,143,17569652733.16,1
367,WM,2011,2010-12-31,144,17542773799.98,1
82,CRM,2011,2010-12-31,145,17344852800.0,1
306,AEP,2011,2010-12-31,146,17299441472.879997,1
352,SYY,2011,2010-12-31,147,17278631105.399998,1
157,PSA,2011,2010-12-31,148,17274404907.760002,1
255,ALL,2011,2010-12-31,149,17157303847.8,1
406,ETN,2011,2010-12-31,150,17084133000.0,1
950,WFRD,2011,2010-12-31,151,16904485189.2,1
37,TROW,2011,2010-12-31,152,16550342974.900002,1
194,TPR,2011,2010-12-31,153,16392846992.810001,1
466,L,2011,2010-12-31,154,16194926272.56,1
444,PEG,2011,2010-12-31,155,16094676127.23,1
651,XRX,2011,2010-12-31,156,15980511905.279999,1
353,BIIB,2011,2010-12-31,157,15978167136.449999,1
536,KSS,2011,2010-12-31,158,15888371364.580002,1
1446,ENS,2011,2010-12-31,159,15806437653.6,1
178,EL,2011,2010-12-31,160,15799372159.5,1
382,TEL,2011,2010-12-31,161,15706521003.599998,1
362,BX,2011,2010-12-31,162,15692128443.4412,1
402,ADBE,2011,2010-12-31,163,15658298979.480001,1
1342,VNO,2011,2010-12-31,164,15304544043.75,1
266,TT,2011,2010-12-31,165,15257663863.000002,1
458,MAR,2011,2010-12-31,166,15130749969.699999,1
118,INTU,2011,2010-12-31,167,15012135447.0,1
142,AON,2011,2010-12-31,168,14786111129.359999,1
271,EQR,2011,2010-12-31,169,14777024715.050001,1
1579,CRH,2011,2010-12-31,170,14750349910.4,1
36,WMB,2011,2010-12-31,171,14480072556.943,1
256,A,2011,2010-12-31,172,14432069281.83,1
3,ED,2011,2010-12-31,173,14401874179.58,1
866,MUR,2011,2010-12-31,174,14340940317.9,1
373,AMP,2011,2010-12-31,175,14270197906.8,1
180,KR,2011,2010-12-31,176,14219847299.32,1
1046,LUMN,2011,2010-12-31,177,14000895152.640001,1
240,PH,2011,2010-12-31,178,13970418412.3,1
38,NUE,2011,2010-12-31,179,13835249512.56,1
182,OMC,2011,2010-12-31,180,13796746200.0,1
154,PPG,2011,2010-12-31,181,13705028851.919998,1
572,GAP,2011,2010-12-31,182,13601939101.02,1
4,BBY,2011,2010-12-31,183,13516995241.8,1
300,DOC,2011,2010-12-31,184,13424489404.56,1
493,NTRS,2011,2010-12-31,185,13419967877.699999,1
364,CAH,2011,2010-12-31,186,13368666947.640001,1
422,CHRW,2011,2010-12-31,187,13312799624.52,1
138,PGR,2011,2010-12-31,188,13180766944.01,1
433,VLO,2011,2010-12-31,189,13090789742.480001,1
151,GEN,2011,2010-12-31,190,12994499794.32,1
257,WYNN,2011,2010-12-31,191,12870570604.32,1
312,ETR,2011,2010-12-31,192,12814221066.119999,1
487,CCI,2011,2010-12-31,193,12743840345.13,1
107,PPL,2011,2010-12-31,194,12720189425.3892,1
122,SRE,2011,2010-12-31,195,12598084405.759998,1
468,EIX,2011,2010-12-31,196,12576312551.6,1
1196,WU,2011,2010-12-31,197,12179455296.75,1
507,MRVL,2011,2010-12-31,198,12066775000.0,1
84,BXP,2011,2010-12-31,199,12063116181.9,1
299,AZO,2011,2010-12-31,200,11937381219.599998,1
153,IP,2011,2010-12-31,201,11916307514.519999,1
198,HST,2011,2010-12-31,202,11900264507.93,1
1274,FLR,2011,2010-12-31,203,11846762028.12,1
274,HIG,2011,2010-12-31,204,11775895619.789999,1
389,ECL,2011,2010-12-31,205,11704246347.06,1
155,FITB,2011,2010-12-31,206,11689280622.96,1
486,EXPD,2011,2010-12-31,207,11594657802.0,1
500,CPB,2011,2010-12-31,208,11590644756.5,1
40,BSX,2011,2010-12-31,209,11506979862.0,1
14,RSG,2011,2010-12-31,210,11473630290.28,1
165,J,2011,2010-12-31,211,11354475343.135601,1
109,FE,2011,2010-12-31,212,11285006767.140001,1
129,ADI,2011,2010-12-31,213,11250258283.980001,1
83,ES,2011,2010-12-31,214,11219121930.0,1
152,PAYX,2011,2010-12-31,215,11179637634.11,1
445,SPGI,2011,2010-12-31,216,11177869999.999998,1
322,FSLR,2011,2010-12-31,217,11155607176.859999,1
1107,NLY,2011,2010-12-31,218,11144057487.36,1
340,IVZ,2011,2010-12-31,219,11117055763.08,1
258,SWK,2011,2010-12-31,220,11100903068.880001,1
904,CNX,2011,2010-12-31,221,11017535115.4526,1
41,DOV,2011,2010-12-31,222,10905604389.5331,1
2,XEL,2011,2010-12-31,223,10835659313.1,1
704,M,2011,2010-12-31,224,10713960434.1,1
326,ZBH,2011,2010-12-31,225,10598744588.08,1
1050,CLF,2011,2010-12-31,226,10567195516.99,1
355,RL,2011,2010-12-31,227,10544304548.16,1
114,FFIV,2011,2010-12-31,228,10523447584.24,1
318,DG,2011,2010-12-31,229,10461586072.0,1
492,PFG,2011,2010-12-31,230,10430698498.880001,1
31,MTB,2011,2010-12-31,231,10391859426.6,1
279,ROK,2011,2010-12-31,232,10207643492.15,1
386,WY,2011,2010-12-31,233,10145389083.03,1
379,ISRG,2011,2010-12-31,234,10127889567.36,1
292,RCL,2011,2010-12-31,235,10115602495.0,1
132,DFS,2011,2010-12-31,236,10091241748.77,1
506,DAL,2011,2010-12-31,237,9940398224.4,1
201,CI,2011,2010-12-31,238,9931928409.779999,1
886,BBWI,2011,2010-12-31,239,9912024435.04,1
308,CAG,2011,2010-12-31,240,9838490108.38,1
490,KKR,2011,2010-12-31,241,9759001034.8,1
103,LUV,2011,2010-12-31,242,9697305145.44,1
440,CF,2011,2010-12-31,243,9613049075.85,1
199,AES,2011,2010-12-31,244,9599055661.44,1
1358,ITT,2011,2010-12-31,245,9567414360.0,1
1550,FTI,2011,2010-12-31,246,9543756794.6209,1
233,GWW,2011,2010-12-31,247,9538085560.43,1
56,BG,2011,2010-12-31,248,9493148311.92,1
341,COR,2011,2010-12-31,249,9394172559.88,1
749,VFC,2011,2010-12-31,250,9347425106.960001,1
1117,JWN,2011,2010-12-31,251,9281219110.02,1
393,EW,2011,2010-12-31,252,9230180442.867,1
168,APH,2011,2010-12-31,253,9216001620.28,1
485,HUM,2011,2010-12-31,254,9213757262.78,1
277,DGX,2011,2010-12-31,255,9196752560.94,1
164,VTRS,2011,2010-12-31,256,9196172546.71,1
141,NFLX,2011,2010-12-31,257,9181641871.5,1
1075,MAT,2011,2010-12-31,258,9125030624.8,1
33,SHW,2011,2010-12-31,259,9039560919.4596,1
78,NVDA,2011,2010-12-31,260,8947400000.0,1
237,JCI,2011,2010-12-31,261,8897921489.5494,1
510,FAST,2011,2010-12-31,262,8832514983.6352,1
954,LNC,2011,2010-12-31,263,8809111674.18,1
39,RF,2011,2010-12-31,264,8792588000.0,1
251,ICE,2011,2010-12-31,265,8715940220.2,1
320,CLX,2011,2010-12-31,266,8707993389.2,1
499,ADSK,2011,2010-12-31,267,8686486669.800001,1
166,AKAM,2011,2010-12-31,268,8579186865.499999,1
469,AVB,2011,2010-12-31,269,8532237031.9776,1
147,CCEP,2011,2010-12-31,270,8479830375.13,1
224,ORLY,2011,2010-12-31,271,8436897044.938499,1
1485,X,2011,2010-12-31,272,8389992506.24,1
361,VTR,2011,2010-12-31,273,8244412197.12,1
30,FIS,2011,2010-12-31,274,8243314641.21,1
474,BWA,2011,2010-12-31,275,8225096755.433799,1
937,FLG,2011,2010-12-31,276,8211283843.750001,1
675,HOG,2011,2010-12-31,277,8166021332.200001,1
117,GPC,2011,2010-12-31,278,8087833294.900001,1
479,TAP,2011,2010-12-31,279,8087783732.7,1
371,MU,2011,2010-12-31,280,7989890562.12,1
495,KDP,2011,2010-12-31,281,7984558939.199999,1
1276,H,2011,2010-12-31,282,7959710753.28,1
840,ILMN,2011,2010-12-31,283,7920285376.5,1
430,HSY,2011,2010-12-31,284,7862647856.95,1
95,SJM,2011,2010-12-31,285,7816015699.050001,1
452,KEY,2011,2010-12-31,286,7792170881.099999,1
515,LH,2011,2010-12-31,287,7681370490.000001,1
1232,UNM,2011,2010-12-31,288,7681232935.74,1
309,DTE,2011,2010-12-31,289,7664394177.88,1
535,DXC,2011,2010-12-31,290,7662432165.220799,1
13,UAL,2011,2010-12-31,291,7552652086.32,1
464,ROST,2011,2010-12-31,292,7532097155.0,1
1401,DLB,2011,2010-12-31,293,7487752005.0,1
579,CMA,2011,2010-12-31,294,7455006704.64,1
372,KIM,2011,2010-12-31,295,7323352468.08,1
442,ROP,2011,2010-12-31,296,7235667690.740001,1
837,RRC,2011,2010-12-31,297,7200029429.059999,1
462,KMX,2011,2010-12-31,298,7190639714.08,1
262,MGM,2011,2010-12-31,299,7163187089.849999,1
636,WOLF,2011,2010-12-31,300,7146439612.95,1
344,VRTX,2011,2010-12-31,301,7117893596.66,1
959,JEF,2011,2010-12-31,302,7099977604.5193,1
244,WAT,2011,2010-12-31,303,7097256631.299999,1
317,STX,2011,2010-12-31,304,7087478428.53,1
1145,IBKR,2011,2010-12-31,305,7073251649.64,1
443,DLTR,2011,2010-12-31,306,7022392950.96,1
569,ALV,2011,2010-12-31,307,7021793382.535,1
226,EXPE,2011,2010-12-31,308,6951393324.07,1
342,WELL,2011,2010-12-31,309,6924927628.08,1
768,TDC,2011,2010-12-31,310,6894299999.999999,1
335,WEC,2011,2010-12-31,311,6880551357.42,1
263,HRL,2011,2010-12-31,312,6823961101.099999,1
211,AVGO,2011,2010-12-31,313,6815224642.71,1
69,AEE,2011,2010-12-31,314,6760791434.37,1
19,DVA,2011,2010-12-31,315,6754427999.999999,1
683,WHR,2011,2010-12-31,316,6752817070.65,1
641,MAC,2011,2010-12-31,317,6722308722.12,1
1322,NBR,2011,2010-12-31,318,6695270842.440001,1
260,EQT,2011,2010-12-31,319,6687299122.632,1
426,CNP,2011,2010-12-31,320,6670108523.76,1
963,FLS,2011,2010-12-31,321,6656202459.54,1
245,CBRE,2011,2010-12-31,322,6612874690.56,1
143,CMG,2011,2010-12-31,323,6580851315.92,1
329,LDOS,2011,2010-12-31,324,6552115348.8437,1
205,TXT,2011,2010-12-31,325,6498649049.28,1
161,TSN,2011,2010-12-31,326,6494456771.879999,1
115,KLAC,2011,2010-12-31,327,6455370695.76,1
1094,GNW,2011,2010-12-31,328,6433286565.06,1
489,HAS,2011,2010-12-31,329,6425683025.16,1
1051,MD,2011,2010-12-31,330,6418015227.6,1
148,DRI,2011,2010-12-31,331,6413001860.88,1
338,CE,2011,2010-12-31,332,6408675105.38,1
23,MCHP,2011,2010-12-31,333,6391264366.08,1
501,LRCX,2011,2010-12-31,334,6367837500.24,1
113,AME,2011,2010-12-31,335,6281966886.970401,1
272,MCO,2011,2010-12-31,336,6215668000.0,1
394,BFb,2011,2010-12-31,337,6165889521.54,1
653,SLM,2011,2010-12-31,338,6113534614.7297,1
609,FLEX,2011,2010-12-31,339,6014672229.4,1
396,BALL,2011,2010-12-31,340,6010216353.65,1
96,GRMN,2011,2010-12-31,341,5994367034.25,1
67,EMN,2011,2010-12-31,342,5948507731.12,1
72,HBAN,2011,2010-12-31,343,5930622821.25,1
418,WTW,2011,2010-12-31,344,5908735844.1979,1
105,OKE,2011,2010-12-31,345,5907086223.03,1
582,URBN,2011,2010-12-31,346,5874409838.780001,1
121,VRSK,2011,2010-12-31,347,5871082481.759999,1
1214,PRGO,2011,2010-12-31,348,5841179220.0,1
476,LHX,2011,2010-12-31,349,5811051248.099999,1
75,WBD,2011,2010-12-31,350,5714901942.4649,1
183,FMC,2011,2010-12-31,351,5711004077.16,1
181,VMC,2011,2010-12-31,352,5695407770.12,1
517,HSIC,2011,2010-12-31,353,5661750810.7212,1
369,VRSN,2011,2010-12-31,354,5618837211.570001,1
455,MKC,2011,2010-12-31,355,5602176125.37,1
453,AMD,2011,2010-12-31,356,5576817397.24,1
953,AAP,2011,2010-12-31,357,5560104627.000001,1
640,ATI,2011,2010-12-31,358,5439900435.2,1
286,EA,2011,2010-12-31,359,5435453647.259999,1
957,NFG,2011,2010-12-31,360,5393364955.02,1
1461,CCK,2011,2010-12-31,361,5318897579.4800005,1
1034,SLG,2011,2010-12-31,362,5285983513.925099,1
1395,NWL,2011,2010-12-31,363,5277654000.0,1
49,SWKS,2011,2010-12-31,364,5247507754.79,1
906,TNL,2011,2010-12-31,365,5240162785.690001,1
79,RMD,2011,2010-12-31,366,5237278409.6,1
146,IPG,2011,2010-12-31,367,5190369746.219999,1
377,CINF,2011,2010-12-31,368,5157104600.56,1
1272,EPC,2011,2010-12-31,369,5149833001.200001,1
729,HP,2011,2010-12-31,370,5138190032.639999,1
1287,MAN,2011,2010-12-31,371,5119154271.24,1
624,AMG,2011,2010-12-31,372,5116956774.16,1
325,ALB,2011,2010-12-31,373,5107826029.16,1
1269,ANF,2011,2010-12-31,374,5062578926.46,1
508,JBHT,2011,2010-12-31,375,5030740481.690001,1
738,OI,2011,2010-12-31,376,5026065328.099999,1
1512,AVT,2011,2010-12-31,377,5019272028.18,1
1337,LEA,2011,2010-12-31,378,5015037754.12,1
48,IRM,2011,2010-12-31,379,5005232017.29,1
303,MTD,2011,2010-12-31,380,4963412907.14,1
545,PBI,2011,2010-12-31,381,4917094110.24,1
387,CHD,2011,2010-12-31,382,4909637621.0,1
470,NI,2011,2010-12-31,383,4903777189.5066,1
223,HOLX,2011,2010-12-31,384,4891131098.58,1
324,LULU,2011,2010-12-31,385,4857836489.22,1
845,XRAY,2011,2010-12-31,386,4855529971.530001,1
5,NRG,2011,2010-12-31,387,4830234225.92,1
481,TRMB,2011,2010-12-31,388,4795022240.58,1
229,FRT,2011,2010-12-31,389,4794432371.42,1
179,GL,2011,2010-12-31,390,4782438565.3877,1
90,ANSS,2011,2010-12-31,391,4738284032.43,1
911,AGCO,2011,2010-12-31,392,4713698353.58,1
345,SBAC,2011,2010-12-31,393,4706649086.4,1
204,NDAQ,2011,2010-12-31,394,4694875684.59,1
302,EG,2011,2010-12-31,395,4663616667.839999,1
16,DLR,2011,2010-12-31,396,4643403662.4532,1
175,AVY,2011,2010-12-31,397,4632730302.620001,1
267,MNST,2011,2010-12-31,398,4630805985.6906,1
159,MSCI,2011,2010-12-31,399,4627511947.04,1
674,KBR,2011,2010-12-31,400,4599809153.94,1
298,CMS,2011,2010-12-31,401,4549107982.8,1
46,MAS,2011,2010-12-31,402,4538610000.0,1
1460,RHI,2011,2010-12-31,403,4502937124.8,1
432,PNW,2011,2010-12-31,404,4494729069.400001,1
188,TMUS,2011,2010-12-31,405,4476258684.030001,1
782,DCI,2011,2010-12-31,406,4456571183.56,1
520,SEIC,2011,2010-12-31,407,4449294893.55,1
437,IFF,2011,2010-12-31,408,4444466973.240001,1
747,OGE,2011,2010-12-31,409,4439091422.7,1
176,AWK,2011,2010-12-31,410,4422542570.46,1
378,EFX,2011,2010-12-31,411,4393096532.8,1
172,JBL,2011,2010-12-31,412,4379270554.54,1
1206,DKS,2011,2010-12-31,413,4373214637.5,1
851,GES,2011,2010-12-31,414,4353951056.0,1
446,FDS,2011,2010-12-31,415,4345488625.6,1
916,ZION,2011,2010-12-31,416,4311917251.7,1
131,ACGL,2011,2010-12-31,417,4304549696.0319,1
347,UDR,2011,2010-12-31,418,4283863039.68,1
1455,RYN,2011,2010-12-31,419,4231273768.4046,1
1220,PVH,2011,2010-12-31,420,4223861991.8799996,1
415,UHS,2011,2010-12-31,421,4221779138.2000003,1
368,PWR,2011,2010-12-31,422,4215129050.8800006,1
59,MLM,2011,2010-12-31,423,4199554927.8399997,1
731,AN,2011,2010-12-31,424,4173514131.0,1
1023,GNTX,2011,2010-12-31,425,4149019252.64,1
171,STZ,2011,2010-12-31,426,4116197162.35,1
366,RJF,2011,2010-12-31,427,4110963100.2000003,1
354,AIZ,2011,2010-12-31,428,4104456150.9600005,1
730,MSM,2011,2010-12-31,429,4101659681.81,1
112,LNT,2011,2010-12-31,430,4076139269.2500005,1
822,SEE,2011,2010-12-31,431,4063865849.15,1
44,CTAS,2011,2010-12-31,432,4062618001.08,1
398,ARE,2011,2010-12-31,433,4054164883.5600004,1
1027,ASH,2011,2010-12-31,434,4019982130.72,1
509,SNPS,2011,2010-12-31,435,4017663000.0,1
451,O,2011,2010-12-31,436,4004715621.6000004,1
1112,CLB,2011,2010-12-31,437,4000482645.25,1
1445,OII,2011,2010-12-31,438,3984493487.66,1
162,IDXX,2011,2010-12-31,439,3980414351.18,1
54,STLD,2011,2010-12-31,440,3972039888.0,1
50,WRB,2011,2010-12-31,441,3971212003.9284,1
642,ARW,2011,2010-12-31,442,3966215828.5,1
424,CTRA,2011,2010-12-31,443,3935381229.4,1
1012,RGA,2011,2010-12-31,444,3932993435.15,1
189,NVR,2011,2010-12-31,445,3897119235.24,1
133,MHK,2011,2010-12-31,446,3893805587.7599998,1
990,OC,2011,2010-12-31,447,3883069163.3999996,1
1245,RS,2011,2010-12-31,448,3812380448.1,1
585,MDU,2011,2010-12-31,449,3812057843.7912,1
477,DHI,2011,2010-12-31,450,3809061782.5099998,1
1450,PDCO,2011,2010-12-31,451,3760056160.2599998,1
1205,WSM,2011,2010-12-31,452,3751472584.2099996,1
92,EQIX,2011,2010-12-31,453,3737501937.38,1
543,CFR,2011,2010-12-31,454,3724569310.08,1
1381,SIG,2011,2010-12-31,455,3721709798.7999997,1
1339,SM,2011,2010-12-31,456,3715847650.4,1
1498,GHC,2011,2010-12-31,457,3712239826.5,1
435,CPT,2011,2010-12-31,458,3707192341.08,1
208,GPN,2011,2010-12-31,459,3686391752.02,1
726,LAMR,2011,2010-12-31,460,3683005373.76,1
1361,HRB,2011,2010-12-31,461,3633862422.45,1
923,TGNA,2011,2010-12-31,462,3605426598.36,1
827,UTHR,2011,2010-12-31,463,3598298682.68,1
101,PNR,2011,2010-12-31,464,3592919599.9199996,1
1260,SPXC,2011,2010-12-31,465,3588921447.3503003,1
1480,JLL,2011,2010-12-31,466,3579025530.88,1
301,ESS,2011,2010-12-31,467,3578624535.6,1
425,TDG,2011,2010-12-31,468,3560779644.05,1
247,ERIE,2011,2010-12-31,469,3545011553.58,1
250,TSCO,2011,2010-12-31,470,3535499679.6600003,1
914,RNR,2011,2010-12-31,471,3495145300.02,1
1176,UGI,2011,2010-12-31,472,3488517827.4199996,1
672,AFG,2011,2010-12-31,473,3479434071.62,1
819,SON,2011,2010-12-31,474,3464714717.1000004,1
816,GME,2011,2010-12-31,475,3463962971.04,1
248,REG,2011,2010-12-31,476,3458085269.76,1
423,BRO,2011,2010-12-31,477,3414949118.28,1
792,TEX,2011,2010-12-31,478,3380256000.0,1
788,SMG,2011,2010-12-31,479,3379113867.15,1
1501,G,2011,2010-12-31,480,3353690243.2,1
833,LEG,2011,2010-12-31,481,3332861829.0400004,1
531,PTEN,2011,2010-12-31,482,3321419502.25,1
648,TKR,2011,2010-12-31,483,3317402407.9215,1
757,ACM,2011,2010-12-31,484,3315468562.15,1
1415,CBSH,2011,2010-12-31,485,3296924540.1162,1
450,SNA,2011,2010-12-31,486,3290552198.7,1
1295,ORI,2011,2010-12-31,487,3285912726.3100004,1
1186,AGO,2011,2010-12-31,488,3252268605.2999997,1
1223,THC,2011,2010-12-31,489,3248220640.32,1
1100,KMT,2011,2010-12-31,490,3239428174.58,1
111,IEX,2011,2010-12-31,491,3203360173.2,1
1240,OSK,2011,2010-12-31,492,3197734829.76,1
136,IT,2011,2010-12-31,493,3191106776.8,1
1288,ATR,2011,2010-12-31,494,3190719836.71,1
293,HUBB,2011,2010-12-31,495,3178217630.4900002,1
1327,TOL,2011,2010-12-31,496,3163652000.0,1
715,VIAV,2011,2010-12-31,497,3160558980.2952,1
457,NDSN,2011,2010-12-31,498,3122022586.12,1
565,FNF,2011,2010-12-31,499,3105063267.12,1
459,AJG,2011,2010-12-31,500,3102279379.72,1
1167,INVX,2011,2010-12-31,501,3097774563.08,1
727,WTRG,2011,2010-12-31,502,3091904797.52,1
276,DECK,2011,2010-12-31,503,3073532768.46,1
795,FHN,2011,2010-12-31,504,3073054007.02,1
21,CPRT,2011,2010-12-31,505,3064367200.48,1
519,RVTY,2011,2010-12-31,506,3047911262.16,1
1285,FL,2011,2010-12-31,507,3041835416.46,1
679,BFH,2011,2010-12-31,508,2944309733.8956,1
403,MELI,2011,2010-12-31,509,2941135553.52,1
1137,RGLD,2011,2010-12-31,510,2910181728.06,1
358,ROL,2011,2010-12-31,511,2906216611.8912,1
550,EWBC,2011,2010-12-31,512,2893495579.9500003,1
221,LEN,2011,2010-12-31,513,2890351119.324,1
1495,UAA,2011,2010-12-31,514,2889360546.87,1
1558,HL,2011,2010-12-31,515,2886620851.44,1
1294,GT,2011,2010-12-31,516,2878523375.25,1
1098,WLK,2011,2010-12-31,517,2877129458.91,1
513,PHM,2011,2010-12-31,518,2874356252.0,1
685,AEO,2011,2010-12-31,519,2862911372.86,1
1275,RPM,2011,2010-12-31,520,2848696298.5,1
399,ATO,2011,2010-12-31,521,2827938297.6,1
291,EVRG,2011,2010-12-31,522,2802594062.76,1
1352,TDW,2011,2010-12-31,523,2768516115.84,1
995,CXW,2011,2010-12-31,524,2762927750.24,1
1072,BMRN,2011,2010-12-31,525,2760247576.25,1
1056,LECO,2011,2010-12-31,526,2749224616.0,1
1251,PENN,2011,2010-12-31,527,2741859425.8728,1
348,BR,2011,2010-12-31,528,2741798118.42,1
1183,BRKR,2011,2010-12-31,529,2735166462.4,1
716,SGI,2011,2010-12-31,530,2730713735.7000003,1
751,R,2011,2010-12-31,531,2723469527.52,1
475,REGN,2011,2010-12-31,532,2701677843.97,1
988,FHI,2011,2010-12-31,533,2693562088.3900003,1
549,RES,2011,2010-12-31,534,2684414199.48,1
820,SBH,2011,2010-12-31,535,2659412721.29,1
200,PTC,2011,2010-12-31,536,2655275921.19,1
478,PKG,2011,2010-12-31,537,2649975721.6,1
614,PII,2011,2010-12-31,538,2644072131.42,1
929,MORN,2011,2010-12-31,539,2636315548.72,1
1384,VRE,2011,2010-12-31,540,2629257138.54,1
1068,ASB,2011,2010-12-31,541,2621835426.6,1
711,WWD,2011,2010-12-31,542,2586330443.28,1
411,COO,2011,2010-12-31,543,2582471172.06,1
780,RRX,2011,2010-12-31,544,2576954826.32,1
356,TER,2011,2010-12-31,545,2546856000.0,1
284,WAB,2011,2010-12-31,546,2535697124.94,1
502,LII,2011,2010-12-31,547,2527141943.34,1
936,WKC,2011,2010-12-31,548,2498800640.0,1
242,JKHY,2011,2010-12-31,549,2495924179.65,1
693,SLGN,2011,2010-12-31,550,2495221498.4100003,1
1514,AWI,2011,2010-12-31,551,2488025924.0,1
1372,AYI,2011,2010-12-31,552,2483048804.87,1
1347,CBT,2011,2010-12-31,553,2461864374.6,1
878,FLO,2011,2010-12-31,554,2456219157.21,1
723,VYX,2011,2010-12-31,555,2448425070.0,1
497,TECH,2011,2010-12-31,556,2435288220.75,1
793,RBA,2011,2010-12-31,557,2434186859.8,1
843,HBI,2011,2010-12-31,558,2432764171.7999997,1
599,DAN,2011,2010-12-31,559,2430307895.4900002,1
630,CSL,2011,2010-12-31,560,2423580063.4,1
1479,VSH,2011,2010-12-31,561,2421111169.72,1
666,CXT,2011,2010-12-31,562,2400408815.5526996,1
214,FTNT,2011,2010-12-31,563,2384120400.9,1
1366,GGG,2011,2010-12-31,564,2362187100.0,1
893,KEX,2011,2010-12-31,565,2357732200.0,1
763,MCY,2011,2010-12-31,566,2356958021.33,1
1061,BIO,2011,2010-12-31,567,2348673261.6,1
689,VMI,2011,2010-12-31,568,2338052358.7000003,1
530,CDP,2011,2010-12-31,569,2337945334.9500003,1
556,WLY,2011,2010-12-31,570,2315365692.12,1
967,VLY,2011,2010-12-31,571,2306385052.4,1
774,RMBS,2011,2010-12-31,572,2288215367.68,1
1511,HIW,2011,2010-12-31,573,2282314689.2000003,1
1297,NVRI,2011,2010-12-31,574,2279948158.08,1
1126,CHH,2011,2010-12-31,575,2279133110.8,1
1404,BOH,2011,2010-12-31,576,2276345436.82,1
1128,WCC,2011,2010-12-31,577,2243103878.4,1
1207,ITRI,2011,2010-12-31,578,2240512810.9,1
1433,CLH,2011,2010-12-31,579,2215876018.16,1
1015,NNN,2011,2010-12-31,580,2212266666.5,1
1082,OHI,2011,2010-12-31,581,2210071797.1200004,1
483,CDNS,2011,2010-12-31,582,2207166684.38,1
1194,SF,2011,2010-12-31,583,2183070716.64,1
140,MAA,2011,2010-12-31,584,2170384571.32,1
527,DINO,2011,2010-12-31,585,2169372352.32,1
427,SW,2011,2010-12-31,586,2167634960.5499997,1
1344,TGI,2011,2010-12-31,587,2166490491.24,1
413,STE,2011,2010-12-31,588,2156487952.8,1
1054,EPR,2011,2010-12-31,589,2152296012.5,1
29,TFX,2011,2010-12-31,590,2151520906.03,1
76,ZBRA,2011,2010-12-31,591,2147533328.8900003,1
1581,HE,2011,2010-12-31,592,2111678623.1699998,1
1149,MYGN,2011,2010-12-31,593,2110048984.04,1
1393,THG,2011,2010-12-31,594,2107524296.32,1
1442,ALK,2011,2010-12-31,595,2087418261.3899999,1
1309,SNV,2011,2010-12-31,596,2072695452.96,1
777,SKT,2011,2010-12-31,597,2072521032.4599998,1
1070,UPBD,2011,2010-12-31,598,2071327997.52,1
849,STRA,2011,2010-12-31,599,2062774319.4,1
1353,TDS,2011,2010-12-31,600,2060711807.1999998,1
1389,FULT,2011,2010-12-31,601,2057153340.0,1
128,CRL,2011,2010-12-31,602,2051376974.2,1
1110,DEI,2011,2010-12-31,603,2050043925.2000003,1
1270,MTG,2011,2010-12-31,604,2042581301.7199998,1
305,INCY,2011,2010-12-31,605,2038789864.8,1
900,COLM,2011,2010-12-31,606,2028353189.3999999,1
1493,JOE,2011,2010-12-31,607,2023849760.5500002,1
120,ULTA,2011,2010-12-31,608,2021504918.0,1
1071,QRVO,2011,2010-12-31,609,2020070486.6999998,1
847,SCI,2011,2010-12-31,610,2016519384.0,1
946,SLAB,2011,2010-12-31,611,2012503519.2600002,1
876,CFFN,2011,2010-12-31,612,1994890365.72,1
1008,ELS,2011,2010-12-31,613,1988294105.77,1
807,ELME,2011,2010-12-31,614,1986371794.1399999,1
331,LYV,2011,2010-12-31,615,1982171044.48,1
539,CIEN,2011,2010-12-31,616,1981788350.75,1
1185,CNK,2011,2010-12-31,617,1955757647.5599997,1
660,TTC,2011,2010-12-31,618,1943581627.0,1
961,JBLU,2011,2010-12-31,619,1942343998.5900002,1
1093,EHC,2011,2010-12-31,620,1935265293.14,1
544,WEN,2011,2010-12-31,621,1932857660.5800002,1
865,EAT,2011,2010-12-31,622,1927561149.36,1
964,EME,2011,2010-12-31,623,1925772932.16,1
1420,WAFD,2011,2010-12-31,624,1903548526.5600002,1
555,CMC,2011,2010-12-31,625,1897492265.76,1
1184,THO,2011,2010-12-31,626,1895358879.6000001,1
852,MTN,2011,2010-12-31,627,1872285388.52,1
1076,OMI,2011,2010-12-31,628,1863990458.01,1
1412,PRA,2011,2010-12-31,629,1861726899.6000001,1
655,INVA,2011,2010-12-31,630,1854930456.5451,1
626,DRH,2011,2010-12-31,631,1854846516.0,1
1494,IDCC,2011,2010-12-31,632,1845431042.76,1
1140,PRGS,2011,2010-12-31,633,1835368800.0,1
1135,ADEA,2011,2010-12-31,634,1834620008.4016,1
1326,PB,2011,2010-12-31,635,1832941651.52,1
1026,SXT,2011,2010-12-31,636,1825270867.6699998,1
1033,EPAC,2011,2010-12-31,637,1823558777.7,1
998,VSAT,2011,2010-12-31,638,1823407052.3899999,1
894,CAKE,2011,2010-12-31,639,1816891916.28,1
1307,THS,2011,2010-12-31,640,1808628762.3300002,1
725,BKE,2011,2010-12-31,641,1807888095.7341,1
467,ODFL,2011,2010-12-31,642,1789114155.9390001,1
1041,NJR,2011,2010-12-31,643,1779904728.54,1
523,IDA,2011,2010-12-31,644,1778655275.7399998,1
1138,WSO,2011,2010-12-31,645,1770907289.2,1
993,CRS,2011,2010-12-31,646,1769382738.5600002,1
1334,UNFI,2011,2010-12-31,647,1767647383.8799999,1
966,NEU,2011,2010-12-31,648,1763095721.14,1
1198,WEX,2011,2010-12-31,649,1761086954.0,1
973,HXL,2011,2010-12-31,650,1759349390.04,1
173,AOS,2011,2010-12-31,651,1744505728.0,1
947,FCN,2011,2010-12-31,652,1731348626.4,1
979,BDC,2011,2010-12-31,653,1728242395.18,1
1157,SATS,2011,2010-12-31,654,1722457546.4034,1
623,WBS,2011,2010-12-31,655,1718374401.8999999,1
1409,BRC,2011,2010-12-31,656,1714327037.73,1
980,VECO,2011,2010-12-31,657,1714275882.96,1
1210,MASI,2011,2010-12-31,658,1712566898.1,1
1523,RHP,2011,2010-12-31,659,1710443038.4399998,1
1348,CNO,2011,2010-12-31,660,1702094673.3600001,1
525,CRI,2011,2010-12-31,661,1696085390.8700001,1
1178,PRDO,2011,2010-12-31,662,1684504273.23,1
752,UMBF,2011,2010-12-31,663,1674452984.9599998,1
697,SWX,2011,2010-12-31,664,1670253814.1200001,1
741,BC,2011,2010-12-31,665,1661420973.4799998,1
1079,NOG,2011,2010-12-31,666,1647479761.29,1
598,MOGa,2011,2010-12-31,667,1644147631.6,1
1073,WERN,2011,2010-12-31,668,1641392754.8000002,1
1341,POR,2011,2010-12-31,669,1633984979.8999999,1
895,GATX,2011,2010-12-31,670,1633464000.0,1
1370,OLN,2011,2010-12-31,671,1632413462.76,1
992,CACI,2011,2010-12-31,672,1619252899.2,1
1402,WABC,2011,2010-12-31,673,1614813684.66,1
1148,CASY,2011,2010-12-31,674,1612461093.36,1
943,PAG,2011,2010-12-31,675,1604312877.44,1
1457,CAR,2011,2010-12-31,676,1600511791.8,1
339,TDY,2011,2010-12-31,677,1596102645.7,1
562,GEO,2011,2010-12-31,678,1589276188.44,1
891,TRMK,2011,2010-12-31,679,1586957923.8,1
1439,LSTR,2011,2010-12-31,680,1571525419.22,1
1169,BDN,2011,2010-12-31,681,1566423851.95,1
1491,HAE,2011,2010-12-31,682,1563502065.84,1
1414,MIDD,2011,2010-12-31,683,1557965528.28,1
1405,WWW,2011,2010-12-31,684,1556752268.76,1
972,TTEK,2011,2010-12-31,685,1547728404.6,1
1449,STWD,2011,2010-12-31,686,1538538294.0,1
899,GEF,2011,2010-12-31,687,1535416439.1,1
1486,CW,2011,2010-12-31,688,1530572788.0000002,1
1081,TRN,2011,2010-12-31,689,1527830190.3479998,1
1478,SSD,2011,2010-12-31,690,1527821643.7,1
350,EXR,2011,2010-12-31,691,1523310613.8,1
1360,PPC,2011,2010-12-31,692,1519258770.26,1
1086,ABR,2011,2010-12-31,693,1518453636.0,1
1045,KMPR,2011,2010-12-31,694,1507986386.52,1
778,ODP,2011,2010-12-31,695,1496161017.0,1
1088,CROX,2011,2010-12-31,696,1493688396.48,1
414,ALGN,2011,2010-12-31,697,1491122704.3,1
790,FDP,2011,2010-12-31,698,1480956626.05,1
1262,IPGP,2011,2010-12-31,699,1478404957.5,1
1397,HTLD,2011,2010-12-31,700,1452831708.42,1
812,CHE,2011,2010-12-31,701,1447547229.3,1
1095,MLKN,2011,2010-12-31,702,1444399162.8,1
1398,CENX,2011,2010-12-31,703,1440278399.11,1
1168,COHR,2011,2010-12-31,704,1435653995.4,1
826,SMTC,2011,2010-12-31,705,1434428674.48,1
871,NYT,2011,2010-12-31,706,1421846220.2,1
903,HNI,2011,2010-12-31,707,1397740593.6,1
1268,ABM,2011,2010-12-31,708,1384936697.0,1
644,AIT,2011,2010-12-31,709,1378115908.9599998,1
1437,RAMP,2011,2010-12-31,710,1375654390.6,1
207,URI,2011,2010-12-31,711,1374179829.75,1
104,WST,2011,2010-12-31,712,1371884727.6000001,1
1136,WOR,2011,2010-12-31,713,1364886869.804,1
941,KRC,2011,2010-12-31,714,1363708903.5,1
1388,AMKR,2011,2010-12-31,715,1361849384.22,1
1536,PEGA,2011,2010-12-31,716,1356687983.97,1
970,IBOC,2011,2010-12-31,717,1356155526.51,1
881,WTS,2011,2010-12-31,718,1355013942.63,1
1173,EZPW,2011,2010-12-31,719,1354401928.58,1
1255,ORA,2011,2010-12-31,720,1343845607.8799999,1
1261,GPK,2011,2010-12-31,721,1336711671.31,1
784,IART,2011,2010-12-31,722,1336529706.6,1
1142,ALE,2011,2010-12-31,723,1333899132.12,1
1252,CADE,2011,2010-12-31,724,1331533705.1499999,1
1024,CVI,2011,2010-12-31,725,1322473903.74,1
1018,CATY,2011,2010-12-31,726,1311385185.3,1
974,HUBG,2011,2010-12-31,727,1311254511.56,1
252,CNC,2011,2010-12-31,728,1310696878.82,1
603,NWBI,2011,2010-12-31,729,1305038216.7375,1
962,PCH,2011,2010-12-31,730,1302212258.55,1
1162,HI,2011,2010-12-31,731,1296358991.62,1
1592,AMRX,2011,2010-12-31,732,1291909314.74,1
863,HWC,2011,2010-12-31,733,1285960893.42,1
612,PRAA,2011,2010-12-31,734,1283055932.8,1
1013,HLX,2011,2010-12-31,735,1280230049.22,1
1313,CBRL,2011,2010-12-31,736,1278408642.3100002,1
1429,AVA,2011,2010-12-31,737,1274276229.04,1
1331,UBSI,2011,2010-12-31,738,1273293944.3999999,1
639,SAM,2011,2010-12-31,739,1272446835.0,1
981,PLXS,2011,2010-12-31,740,1253093854.74,1
1413,LPX,2011,2010-12-31,741,1248283865.6200001,1
986,EXP,2011,2010-12-31,742,1248038670.0,1
615,BCO,2011,2010-12-31,743,1247138054.3999999,1
605,NWN,2011,2010-12-31,744,1237981850.91,1
1387,MLI,2011,2010-12-31,745,1237253975.1000001,1
622,WPC,2011,2010-12-31,746,1233512923.1816,1
1014,MKSI,2011,2010-12-31,747,1233183416.5,1
942,CVLT,2011,2010-12-31,748,1232472962.52,1
1105,TXRH,2011,2010-12-31,749,1232244369.3000002,1
910,SHO,2011,2010-12-31,750,1219064228.58,1
664,MTX,2011,2010-12-31,751,1210966988.4399998,1
1226,MPT,2011,2010-12-31,752,1205037259.35,1
714,DIOD,2011,2010-12-31,753,1197672478.25,1
1382,TTMI,2011,2010-12-31,754,1194654381.48,1
73,CSGP,2011,2010-12-31,755,1194111900.96,1
1037,KBH,2011,2010-12-31,756,1187836575.31,1
610,DLX,2011,2010-12-31,757,1181013660.16,1
1410,OLED,2011,2010-12-31,758,1180723574.8,1
1235,CGNX,2011,2010-12-31,759,1177833965.9,1
745,BKH,2011,2010-12-31,760,1177467810.0,1
1374,SEM,2011,2010-12-31,761,1177202838.6,1
1085,ALKS,2011,2010-12-31,762,1174160673.2,1
1154,AVNT,2011,2010-12-31,763,1168392112.94,1
594,RWT,2011,2010-12-31,764,1165398743.74,1
924,CRK,2011,2010-12-31,765,1162114263.36,1
908,HAIN,2011,2010-12-31,766,1159669640.58,1
1171,SHOO,2011,2010-12-31,767,1157418997.8238,1
1394,LXP,2011,2010-12-31,768,1150006343.7,1
999,ZD,2011,2010-12-31,769,1147643626.8240001,1
1122,EGP,2011,2010-12-31,770,1141818145.6,1
691,PSMT,2011,2010-12-31,771,1136992189.32,1
678,BLKB,2011,2010-12-31,772,1136719350.2,1
1180,WTFC,2011,2010-12-31,773,1135104487.92,1
570,MATV,2011,2010-12-31,774,1133758563.08,1
667,MSA,2011,2010-12-31,775,1130855961.18,1
1130,MMS,2011,2010-12-31,776,1128656785.98,1
1233,TXNM,2011,2010-12-31,777,1128484725.48,1
1278,FNB,2011,2010-12-31,778,1125779667.48,1
761,POWI,2011,2010-12-31,779,1122448948.1599998,1
184,POOL,2011,2010-12-31,780,1120348603.78,1
706,SNX,2011,2010-12-31,781,1117991212.2393,1
1468,PRK,2011,2010-12-31,782,1113810110.53,1
1488,CNS,2011,2010-12-31,783,1112780468.7,1
1060,MTZ,2011,2010-12-31,784,1110687152.36,1
1482,BHE,2011,2010-12-31,785,1106357884.56,1
1440,CRUS,2011,2010-12-31,786,1104649875.48,1
915,RLI,2011,2010-12-31,787,1101225530.58,1
985,DAR,2011,2010-12-31,788,1095102252.32,1
621,UNF,2011,2010-12-31,789,1092021234.8999999,1
649,JACK,2011,2010-12-31,790,1091105467.33,1
1182,AIR,2011,2010-12-31,791,1089931365.44,1
934,GBCI,2011,2010-12-31,792,1086636753.03,1
1040,FFBC,2011,2010-12-31,793,1072910620.32,1
1281,RDN,2011,2010-12-31,794,1072848258.8100001,1
1290,KFY,2011,2010-12-31,795,1072356644.5799999,1
663,HCSG,2011,2010-12-31,796,1072257543.0899999,1
702,FFIN,2011,2010-12-31,797,1068681130.8608,1
1505,GVA,2011,2010-12-31,798,1063581078.8199999,1
1518,TR,2011,2010-12-31,799,1056223503.4817001,1
772,TKO,2011,2010-12-31,800,1052675666.72,1
222,TTWO,2011,2010-12-31,801,1046841887.5200001,1
797,LFUS,2011,2010-12-31,802,1045894005.5200001,1
800,MNRO,2011,2010-12-31,803,1044725678.6700001,1
1484,NWE,2011,2010-12-31,804,1043798654.8499999,1
889,ONB,2011,2010-12-31,805,1036534530.0,1
1101,MATW,2011,2010-12-31,806,1035577862.8799999,1
1080,TILE,2011,2010-12-31,807,1007881925.12,1
824,FUL,2011,2010-12-31,808,1005044216.76,1
1469,ESE,2011,2010-12-31,809,1004809452.2400001,1
1317,SYNA,2011,2010-12-31,810,1002230685.3,1
1084,GPI,2011,2010-12-31,811,990781056.0,1
1515,MGEE,2011,2010-12-31,812,988339160.88,1
1153,ENTG,2011,2010-12-31,813,985252505.13,1
681,AMED,2011,2010-12-31,814,972441953.0,1
1188,SIGI,2011,2010-12-31,815,971243253.7499999,1
1049,GTLS,2011,2010-12-31,816,969518665.26,1
547,NTCT,2011,2010-12-31,817,969218729.3100001,1
770,UVV,2011,2010-12-31,818,968377745.5000001,1
1425,BJRI,2011,2010-12-31,819,964447895.46,1
809,BCPC,2011,2010-12-31,820,964321618.47,1
581,KALU,2011,2010-12-31,821,962539257.6400001,1
1336,HLIT,2011,2010-12-31,822,959326074.24,1
376,DPZ,2011,2010-12-31,823,957666295.3,1
798,SKX,2011,2010-12-31,824,952560142.7768999,1
1177,NEOG,2011,2010-12-31,825,948149562.0,1
541,FCFS,2011,2010-12-31,826,939133077.0899999,1
1403,GTY,2011,2010-12-31,827,936572497.2800001,1
646,ALGT,2011,2010-12-31,828,935954609.36,1
145,MSTR,2011,2010-12-31,829,932734280.9399999,1
108,FICO,2011,2010-12-31,830,932567954.6700001,1
1333,CBU,2011,2010-12-31,831,921167834.1,1
1369,SANM,2011,2010-12-31,832,919118969.44,1
1418,CVBF,2011,2010-12-31,833,918309718.92,1
662,AXL,2011,2010-12-31,834,917976943.8399999,1
611,AROC,2011,2010-12-31,835,916614425.976,1
1116,BYD,2011,2010-12-31,836,914081894.6,1
567,CUBE,2011,2010-12-31,837,913788843.5899999,1
1302,PFS,2011,2010-12-31,838,913122038.0200001,1
574,LNW,2011,2010-12-31,839,912410192.0400001,1
1267,SCHL,2011,2010-12-31,840,911197634.1999999,1
728,HELE,2011,2010-12-31,841,911099085.9799999,1
1121,FELE,2011,2010-12-31,842,903314362.72,1
989,LOPE,2011,2010-12-31,843,895885472.25,1
841,EXEL,2011,2010-12-31,844,894766505.1800001,1
1432,JJSF,2011,2010-12-31,845,893903312.1600001,1
1150,NPK,2011,2010-12-31,846,892399040.8,1
1216,ACIW,2011,2010-12-31,847,892158859.82,1
838,CSR,2011,2010-12-31,848,891688746.3900001,1
576,LRN,2011,2010-12-31,849,891390714.28,1
1506,SITC,2011,2010-12-31,850,886368312.9612,1
1195,EEFT,2011,2010-12-31,851,886311891.84,1
1042,BFS,2011,2010-12-31,852,874885950.0,1
1248,SKYW,2011,2010-12-31,853,859750822.92,1
1211,RBC,2011,2010-12-31,854,858171827.88,1
1419,CUZ,2011,2010-12-31,855,855954641.34,1
858,NPO,2011,2010-12-31,856,855891627.2,1
670,SCSC,2011,2010-12-31,857,852509061.8,1
65,MOH,2011,2010-12-31,858,842156150.0,1
310,DXCM,2011,2010-12-31,859,840404756.1,1
1020,FUN,2011,2010-12-31,860,838863273.24,1
1465,NBTB,2011,2010-12-31,861,832457358.5999999,1
1490,COLB,2011,2010-12-31,862,828402786.9,1
1308,WRLD,2011,2010-12-31,863,826290326.4,1
907,FWRD,2011,2010-12-31,864,823475215.1999999,1
994,SR,2011,2010-12-31,865,817812921.24,1
734,PEB,2011,2010-12-31,866,810629824.0,1
969,OTTR,2011,2010-12-31,867,809914921.06,1
1311,WNC,2011,2010-12-31,868,809293782.9,1
1087,ENOV,2011,2010-12-31,869,798910252.91,1
551,HALO,2011,2010-12-31,870,795444447.6,1
1127,GFF,2011,2010-12-31,871,791383867.82,1
559,BGC,2011,2010-12-31,872,785625352.8216001,1
804,TCBI,2011,2010-12-31,873,785243904.06,1
853,MTRN,2011,2010-12-31,874,780815945.28,1
1314,CWT,2011,2010-12-31,875,776345392.8100001,1
836,SCL,2011,2010-12-31,876,766156480.13,1
580,JAZZ,2011,2010-12-31,877,765916965.6,1
1246,NSP,2011,2010-12-31,878,761522177.4,1
631,CALM,2011,2010-12-31,879,753280613.78,1
1165,UFPI,2011,2010-12-31,880,750440734.5486001,1
877,LNN,2011,2010-12-31,881,745442435.43,1
874,CNMD,2011,2010-12-31,882,743296546.02,1
563,FCF,2011,2010-12-31,883,742171860.72,1
1047,AIN,2011,2010-12-31,884,737957003.3000001,1
1363,OZK,2011,2010-12-31,885,736537741.5,1
699,LTC,2011,2010-12-31,886,736445005.92,1
1247,KOP,2011,2010-12-31,887,735837740.48,1
700,ASTE,2011,2010-12-31,888,733221833.6099999,1
1350,TNC,2011,2010-12-31,889,729414849.53,1
925,PIPR,2011,2010-12-31,890,727876805.4,1
765,CHDN,2011,2010-12-31,891,719467796.6,1
1158,NX,2011,2010-12-31,892,718250505.77,1
1257,SAFT,2011,2010-12-31,893,717683603.84,1
684,LSCC,2011,2010-12-31,894,714082784.5799999,1
897,PZZA,2011,2010-12-31,895,713932293.3,1
1237,MTH,2011,2010-12-31,896,713196889.1999999,1
1503,HMN,2011,2010-12-31,897,712506595.24,1
808,SAH,2011,2010-12-31,898,698238647.92,1
86,MKTX,2011,2010-12-31,899,697414790.4499999,1
1456,EIG,2011,2010-12-31,900,696241370.16,1
1092,ARCB,2011,2010-12-31,901,694268038.5600001,1
870,USNA,2011,2010-12-31,902,693846011.1,1
1499,TWI,2011,2010-12-31,903,690846020.5799999,1
1380,VICR,2011,2010-12-31,904,684274682.4,1
783,OSIS,2011,2010-12-31,905,678512978.28,1
1225,GIII,2011,2010-12-31,906,678354472.05,1
776,WDFC,2011,2010-12-31,907,673991746.2,1
1239,EVR,2011,2010-12-31,908,670945426.0,1
357,TYL,2011,2010-12-31,909,669613800.0,1
532,MANH,2011,2010-12-31,910,669198862.86,1
449,PODD,2011,2010-12-31,911,669157227.0,1
546,ANDE,2011,2010-12-31,912,668840000.0,1
1376,BMI,2011,2010-12-31,913,664836025.92,1
709,BGS,2011,2010-12-31,914,654037337.2,1
1048,CCOI,2011,2010-12-31,915,647591935.34,1
1164,DORM,2011,2010-12-31,916,646195729.9200001,1
1520,MWA,2011,2010-12-31,917,645906145.2,1
661,CSGS,2011,2010-12-31,918,645602419.98,1
855,AWR,2011,2010-12-31,919,641843636.85,1
608,BRKL,2011,2010-12-31,920,640927467.6,1
553,BANF,2011,2010-12-31,921,632623699.68,1
787,EXLS,2011,2010-12-31,922,629953626.0,1
1292,STBA,2011,2010-12-31,923,629146816.02,1
887,NHC,2011,2010-12-31,924,628150970.44,1
892,HOMB,2011,2010-12-31,925,626575453.5400001,1
1502,CAL,2011,2010-12-31,926,611064914.04,1
1131,NSIT,2011,2010-12-31,927,608966195.32,1
987,FIZZ,2011,2010-12-31,928,606665324.7,1
635,ROG,2011,2010-12-31,929,605338839.0,1
602,ABG,2011,2010-12-31,930,604949766.96,1
935,PRSU,2011,2010-12-31,931,600773780.8054,1
1400,WAL,2011,2010-12-31,932,599952151.6800001,1
896,PBH,2011,2010-12-31,933,598036447.4499999,1
1321,AZTA,2011,2010-12-31,934,592105535.99,1
10,MPWR,2011,2010-12-31,935,592092246.1999999,1
1355,AEIS,2011,2010-12-31,936,590858283.84,1
786,AVAV,2011,2010-12-31,937,585506770.37,1
1038,UFCS,2011,2010-12-31,938,585487280.88,1
794,IRDM,2011,2010-12-31,939,579570758.25,1
1103,OFG,2011,2010-12-31,940,578499429.92,1
830,ETD,2011,2010-12-31,941,574858785.75,1
857,IPAR,2011,2010-12-31,942,573904856.85,1
1022,INDB,2011,2010-12-31,943,573557975.1,1
888,CRVL,2011,2010-12-31,944,570906239.3194,1
1160,JBTM,2011,2010-12-31,945,568436395.23,1
1166,CHCO,2011,2010-12-31,946,561500474.37,1
801,ECPG,2011,2010-12-31,947,561128624.6999999,1
1249,HTH,2011,2010-12-31,948,560436034.56,1
1243,FR,2011,2010-12-31,949,558634511.88,1
975,RUSHA,2011,2010-12-31,950,545341684.0391,1
713,EXPO,2011,2010-12-31,951,520776840.9,1
1354,CALY,2011,2010-12-31,952,519698646.87,1
1481,DY,2011,2010-12-31,953,518203858.75,1
1452,ITGR,2011,2010-12-31,954,512177789.1461,1
1329,KLIC,2011,2010-12-31,955,511134199.2,1
1416,COKE,2011,2010-12-31,956,510538371.41999996,1
705,HSII,2011,2010-12-31,957,502450521.0,1
1118,AZZ,2011,2010-12-31,958,500047140.53999996,1
703,LCII,2011,2010-12-31,959,499258981.44,1
620,FIX,2011,2010-12-31,960,498689807.13,1
687,ICUI,2011,2010-12-31,961,496100882.5,1
1244,SFNC,2011,2010-12-31,962,491081220.0,1
1204,TRST,2011,2010-12-31,963,489003635.74,1
1044,IOSP,2011,2010-12-31,964,485844727.2,1
696,OMCL,2011,2010-12-31,965,476421311.84999996,1
1003,KWR,2011,2010-12-31,966,474047587.44,1
1386,MRTN,2011,2010-12-31,967,469224486.82,1
769,LZB,2011,2010-12-31,968,467820550.12,1
1483,WT,2011,2010-12-31,969,467086650.00000006,1
926,AAON,2011,2010-12-31,970,466242314.9096,1
1424,GBX,2011,2010-12-31,971,459278411.79999995,1
575,HWKN,2011,2010-12-31,972,458028357.59999996,1
1263,PNFP,2011,2010-12-31,973,457109073.96,1
1227,UHT,2011,2010-12-31,974,456363043.37,1
1576,PRIM,2011,2010-12-31,975,455572120.14,1
560,CEVA,2011,2010-12-31,976,451100716.5,1
977,FORM,2011,2010-12-31,977,448904273.04,1
1335,MMSI,2011,2010-12-31,978,448229631.83,1
637,MRCY,2011,2010-12-31,979,447648851.7,1
1259,SHEN,2011,2010-12-31,980,444612234.29,1
1390,WGO,2011,2010-12-31,981,442549368.0,1
429,SMCI,2011,2010-12-31,982,441070316.91999996,1
1301,CENTA,2011,2010-12-31,983,432346626.40000004,1
1090,FSS,2011,2010-12-31,984,426796937.42,1
1119,TMP,2011,2010-12-31,985,426163399.2,1
771,RNST,2011,2010-12-31,986,423461911.0,1
1108,MYRG,2011,2010-12-31,987,419403054.0,1
1473,NBIX,2011,2010-12-31,988,419225189.47999996,1
557,SSB,2011,2010-12-31,989,418726893.5,1
1582,ALNY,2011,2010-12-31,990,416090422.4,1
1359,SNEX,2011,2010-12-31,991,415657280.4522,1
983,QDEL,2011,2010-12-31,992,412024814.59999996,1
917,ROCK,2011,2010-12-31,993,411134401.71000004,1
1396,WSFS,2011,2010-12-31,994,403089899.84,1
1466,GPRE,2011,2010-12-31,995,402893643.38,1
828,KW,2011,2010-12-31,996,402548628.42,1
634,OXM,2011,2010-12-31,997,398727416.88,1
1492,COHU,2011,2010-12-31,998,395761018.71999997,1
1030,CPK,2011,2010-12-31,999,394877288.64000005,1
796,POWL,2011,2010-12-31,1000,384354278.16,1
428,XOM,2012,2011-12-30,1,406272285923.4,1
397,AAPL,2012,2011-12-30,2,377519223003.1236,1
32,MSFT,2012,2011-12-30,3,218380251910.92,1
460,IBM,2012,2011-12-30,4,216724308731.84,1
12,CVX,2012,2011-12-30,5,211893938883.2,1
102,GOOGL,2012,2011-12-30,6,209206055961.702,1
288,WMT,2012,2011-12-30,7,204659914592.16,1
77,MDLZ,2012,2011-12-30,8,198017192726.88,1
511,GE,2012,2011-12-30,9,189082156410.0,1
35,PG,2012,2011-12-30,10,183540566272.56,1
385,T,2012,2011-12-30,11,179202240000.0,1
228,JNJ,2012,2011-12-30,12,179089078600.44,1
174,PFE,2012,2011-12-30,13,166345961249.04,1
169,KO,2012,2011-12-30,14,158918117383.85,1
496,WFC,2012,2011-12-30,15,145338364295.8,1
239,PM,2012,2011-12-30,16,136318381655.76001,1
419,ORCL,2012,2011-12-30,17,128912719050.0,1
216,JPM,2012,2011-12-30,18,126342208693.75,1
278,INTC,2012,2011-12-30,19,123481000000.0,1
289,MRK,2012,2011-12-30,20,114906637043.90001,1
337,VZ,2012,2011-12-30,21,113583357118.71999,1
126,PEP,2012,2011-12-30,22,103732268362.4,1
144,MCD,2012,2011-12-30,23,102659493744.61,1
64,CSCO,2012,2011-12-30,24,97195620812.63998,1
471,QCOM,2012,2011-12-30,25,91949848102.20001,1
351,SLB,2012,2011-12-30,26,91680626991.69,1
384,ABT,2012,2011-12-30,27,87595001130.4978,1
283,BRKb,2012,2011-12-30,28,81428818703.4,1
202,AMZN,2012,2011-12-30,29,78717977119.5,1
187,C,2012,2011-12-30,30,76922762452.59,1
58,COP,2012,2011-12-30,31,73755889284.55,1
156,OXY,2012,2011-12-30,32,72964617569.38159,1
213,UPS,2012,2011-12-30,33,70627517610.13,1
85,V,2012,2011-12-30,34,69863313239.72,1
42,DIS,2012,2011-12-30,35,67369244512.5,1
473,HD,2012,2011-12-30,36,64807536250.68,1
346,RTX,2012,2011-12-30,37,62068002022.9359,1
232,MO,2012,2011-12-30,38,60972929674.899994,1
193,AZN,2012,2011-12-30,39,59822394205.17,1
167,BMY,2012,2011-12-30,40,59715290764.8,1
71,CAT,2012,2011-12-30,41,58583805431.399994,1
150,MMM,2012,2011-12-30,42,57280035778.130005,1
51,BAC,2012,2011-12-30,43,56355447285.84,1
125,AMGN,2012,2011-12-30,44,56282907897.74999,1
400,AXP,2012,2011-12-30,45,54787123251.39,1
218,BA,2012,2011-12-30,46,54516246614.1,1
17,UNH,2012,2011-12-30,47,54026222715.92,1
504,CVS,2012,2011-12-30,48,53080484001.020004,1
25,USB,2012,2011-12-30,49,51622329552.5,1
295,UNP,2012,2011-12-30,50,51177175049.32,1
220,HPQ,2012,2011-12-30,51,51108901286.0697,1
360,CMCSA,2012,2011-12-30,52,49615075261.66,1
480,LLY,2012,2011-12-30,53,48116594330.600006,1
461,MA,2012,2011-12-30,54,47323843693.42,1
454,CL,2012,2011-12-30,55,44716695049.83,1
273,GS,2012,2011-12-30,56,44519875622.46001,1
296,NKE,2012,2011-12-30,57,44225511534.340004,1
265,AIG,2012,2011-12-30,58,44062003852.799995,1
447,F,2012,2011-12-30,59,40889078216.56,1
268,MDT,2012,2011-12-30,60,40366799217.0,1
343,SO,2012,2011-12-30,61,39898651887.87,1
313,EBAY,2012,2011-12-30,62,39154166200.1193,1
158,SPG,2012,2011-12-30,63,37889047882.56,1
381,HON,2012,2011-12-30,64,37774981415.559,1
234,ACN,2012,2011-12-30,65,37621516729.53,1
512,COST,2012,2011-12-30,66,36238282363.64,1
55,FCX,2012,2011-12-30,67,34873649111.47,1
472,APA,2012,2011-12-30,68,34788109238.26,1
463,ON,2012,2011-12-30,69,34722054474.0,1
93,TGT,2012,2011-12-30,70,34399194549.72,1
134,SBUX,2012,2011-12-30,71,34295854000.0,1
219,EMR,2012,2011-12-30,72,34256490436.95,1
57,TXN,2012,2011-12-30,73,33262537832.14,1
287,MET,2012,2011-12-30,74,32972585994.8484,1
405,DHR,2012,2011-12-30,75,32285846332.3315,1
311,LIN,2012,2011-12-30,76,32044293863.9,1
119,BLK,2012,2011-12-30,77,31886420009.920002,1
62,LOW,2012,2011-12-30,78,31789995438.96,1
47,HAL,2012,2011-12-30,79,31754903226.129997,1
22,GM,2012,2011-12-30,80,31713669246.79,1
9,LVS,2012,2011-12-30,81,31309062231.409996,1
230,DE,2012,2011-12-30,82,31259129701.8,1
297,GILD,2012,2011-12-30,83,30744128765.76,1
328,PNC,2012,2011-12-30,84,30340883076.9,1
100,D,2012,2011-12-30,85,30234953472.399998,1
319,NEM,2012,2011-12-30,86,29297738342.7,1
197,DUK,2012,2011-12-30,87,29283902362.0,1
110,MS,2012,2011-12-30,88,29161594257.16,1
304,KMB,2012,2011-12-30,89,28989801801.600002,1
139,WBA,2012,2011-12-30,90,28877986897.56,1
1241,NOV,2012,2011-12-30,91,28817058713.949997,1
408,EXC,2012,2011-12-30,92,28754856765.59,1
482,BAX,2012,2011-12-30,93,27900096112.399998,1
210,YUM,2012,2011-12-30,94,27173897933.91,1
353,BIIB,2012,2011-12-30,95,26733054257.45,1
196,EOG,2012,2011-12-30,96,26484490140.780003,1
203,ADP,2012,2011-12-30,97,26394580438.27,1
323,FDX,2012,2011-12-30,98,26262566689.940002,1
97,LMT,2012,2011-12-30,99,26176852074.7,1
212,GIS,2012,2011-12-30,100,26050354183.8,1
206,NEE,2012,2011-12-30,101,25724003490.72,1
6,DVN,2012,2011-12-30,102,25041800000.0,1
246,NSC,2012,2011-12-30,103,24488698970.62,1
514,TRV,2012,2011-12-30,104,24423796101.83,1
434,TJX,2012,2011-12-30,105,24344394746.0,1
26,BK,2012,2011-12-30,106,24143505369.83,1
80,PRU,2012,2011-12-30,107,23656640000.0,1
420,GD,2012,2011-12-30,108,23649448059.55,1
61,CB,2012,2011-12-30,109,23644928755.36,1
45,AMT,2012,2011-12-30,110,23585438951.45,1
259,ASML,2012,2011-12-30,111,23532715228.3272,1
217,BKNG,2012,2011-12-30,112,23284232366.219997,1
388,ELV,2012,2011-12-30,113,23045788798.75,1
157,PSA,2012,2011-12-30,114,23000594753.52,1
1046,LUMN,2012,2011-12-30,115,22974944316.0,1
53,ITW,2012,2011-12-30,116,22569958996.29,1
494,CSX,2012,2011-12-30,117,22112010601.199997,1
178,EL,2012,2011-12-30,118,21630457330.559998,1
18,MOS,2012,2011-12-30,119,21453500684.25,1
417,BKR,2012,2011-12-30,120,21229700743.68,1
70,BEN,2012,2011-12-30,121,20883330937.38,1
1541,TRI,2012,2011-12-30,122,20808442104.78,1
330,GLW,2012,2011-12-30,123,20399096873.760002,1
333,AFL,2012,2011-12-30,124,20193235382.879997,1
306,AEP,2012,2011-12-30,125,19949104923.57,1
390,STT,2012,2011-12-30,126,19830535337.15,1
36,WMB,2012,2011-12-30,127,19495241147.6192,1
518,COF,2012,2011-12-30,128,19439744770.45,1
307,CCL,2012,2011-12-30,129,19434407550.72,1
130,CTSH,2012,2011-12-30,130,19429126520.440002,1
439,HES,2012,2011-12-30,131,19306308640.0,1
516,MCK,2012,2011-12-30,132,19131631332.239998,1
431,ADM,2012,2011-12-30,133,19104267696.8,1
28,SYK,2012,2011-12-30,134,19022674283.19,1
363,LYB,2012,2011-12-30,135,18761075212.23,1
109,FE,2012,2011-12-30,136,18526988159.1,1
3,ED,2012,2011-12-30,137,18168875191.38,1
379,ISRG,2012,2011-12-30,138,18054743217.8698,1
315,APD,2012,2011-12-30,139,17934374121.02,1
194,TPR,2012,2011-12-30,140,17813071919.44,1
190,TFC,2012,2011-12-30,141,17546519511.54,1
389,ECL,2012,2011-12-30,142,17366005431.690002,1
352,SYY,2012,2011-12-30,143,17188332433.09,1
27,K,2012,2011-12-30,144,17042145166.4451,1
107,PPL,2012,2011-12-30,145,17013545017.94,1
370,TMO,2012,2011-12-30,146,17011250880.48,1
186,CMI,2012,2011-12-30,147,16974796335.66,1
300,DOC,2012,2011-12-30,148,16927585445.43,1
271,EQR,2012,2011-12-30,149,16916730426.720001,1
98,PCG,2012,2011-12-30,150,16730497095.119999,1
444,PEG,2012,2011-12-30,151,16699919098.499998,1
7,CME,2012,2011-12-30,152,16176754213.199999,1
365,BDX,2012,2011-12-30,153,15960516060.64,1
361,VTR,2012,2011-12-30,154,15873102206.210001,1
118,INTU,2012,2011-12-30,155,15632305030.980001,1
1107,NLY,2012,2011-12-30,156,15482540017.560001,1
362,BX,2012,2011-12-30,157,15452158355.296,1
407,NOC,2012,2011-12-30,158,15279687675.119999,1
142,AON,2012,2011-12-30,159,15129943405.199999,1
191,MSI,2012,2011-12-30,160,15069064680.3,1
367,WM,2012,2011-12-30,161,15057394823.36,1
466,L,2012,2011-12-30,162,14930736255.0,1
84,BXP,2012,2011-12-30,163,14725806315.599998,1
406,ETN,2012,2011-12-30,164,14547726000.0,1
37,TROW,2012,2011-12-30,165,14387845778.95,1
485,HUM,2012,2011-12-30,166,14324568443.66,1
491,SCHW,2012,2011-12-30,167,14300053304.72,1
1579,CRH,2012,2011-12-30,168,14250158052.02,1
1342,VNO,2012,2011-12-30,169,14180347031.076199,1
318,DG,2012,2011-12-30,170,14080734542.16,1
364,CAH,2012,2011-12-30,171,14030997929.02,1
749,VFC,2012,2011-12-30,172,14014983135.2701,1
261,AMAT,2012,2011-12-30,173,13983373330.29,1
180,KR,2012,2011-12-30,174,13920907141.82,1
402,ADBE,2012,2011-12-30,175,13877625905.66,1
255,ALL,2012,2011-12-30,176,13851701773.66,1
257,WYNN,2012,2011-12-30,177,13806516387.42,1
82,CRM,2012,2011-12-30,178,13798560000.0,1
1197,OVV,2012,2011-12-30,179,13626494969.880001,1
704,M,2012,2011-12-30,180,13509910286.38,1
468,EIX,2012,2011-12-30,181,13488583928.4,1
391,PCAR,2012,2011-12-30,182,13422399720.51,1
2,XEL,2012,2011-12-30,183,13404176736.52,1
445,SPGI,2012,2011-12-30,184,13194198000.0,1
132,DFS,2012,2011-12-30,185,13191290160.0,1
122,SRE,2012,2011-12-30,186,13190024100.0,1
321,PLD,2012,2011-12-30,187,13128640501.65,1
382,TEL,2012,2011-12-30,188,13077342920.07,1
233,GWW,2012,2011-12-30,189,13056051184.91,1
236,NTAP,2012,2011-12-30,190,13006639075.95,1
153,IP,2012,2011-12-30,191,12937293371.2,1
154,PPG,2012,2011-12-30,192,12892721667.539999,1
510,FAST,2012,2011-12-30,193,12873840945.14,1
312,ETR,2012,2011-12-30,194,12865303239.15,1
299,AZO,2012,2011-12-30,195,12790763630.130001,1
83,ES,2012,2011-12-30,196,12771109689.16,1
487,CCI,2012,2011-12-30,197,12745428236.8,1
355,RL,2012,2011-12-30,198,12721244812.000002,1
38,NUE,2012,2011-12-30,199,12531977121.72,1
536,KSS,2012,2011-12-30,200,12506810621.550001,1
182,OMC,2012,2011-12-30,201,12298462920.0,1
256,A,2012,2011-12-30,202,12160012292.89,1
138,PGR,2012,2011-12-30,203,12108459986.45,1
201,CI,2012,2011-12-30,204,11989476072.0,1
886,BBWI,2012,2011-12-30,205,11957705472.300001,1
433,VLO,2012,2011-12-30,206,11782253097.4,1
155,FITB,2012,2011-12-30,207,11699582672.640001,1
151,GEN,2012,2011-12-30,208,11536597945.2,1
240,PH,2012,2011-12-30,209,11519861895.0,1
422,CHRW,2012,2011-12-30,210,11456320254.9,1
258,SWK,2012,2011-12-30,211,11417804673.599998,1
1196,WU,2012,2011-12-30,212,11305452265.580002,1
373,AMP,2012,2011-12-30,213,11231299689.2,1
651,XRX,2012,2011-12-30,214,11040944785.4,1
950,WFRD,2012,2011-12-30,215,11039557964.880001,1
469,AVB,2012,2011-12-30,216,11037945751.2204,1
152,PAYX,2012,2011-12-30,217,10912467464.619999,1
308,CAG,2012,2011-12-30,218,10892183997.571,1
464,ROST,2012,2011-12-30,219,10867305494.22,1
866,MUR,2012,2011-12-30,220,10786911319.140001,1
41,DOV,2012,2011-12-30,221,10748944494.390999,1
410,JNPR,2012,2011-12-30,222,10735823280.0,1
129,ADI,2012,2011-12-30,223,10661034490.04,1
500,CPB,2012,2011-12-30,224,10594440572.76,1
143,CMG,2012,2011-12-30,225,10570059645.6,1
279,ROK,2012,2011-12-30,226,10445145135.92,1
342,WELL,2012,2011-12-30,227,10438642073.79,1
198,HST,2012,2011-12-30,228,10431081157.49,1
1117,JWN,2012,2011-12-30,229,10410474148.53,1
224,ORLY,2012,2011-12-30,230,10259897477.212801,1
165,J,2012,2011-12-30,231,10212670363.25,1
14,RSG,2012,2011-12-30,232,10203525913.35,1
430,HSY,2012,2011-12-30,233,10162053009.66,1
386,WY,2012,2011-12-30,234,10014867713.94,1
837,RRC,2012,2011-12-30,235,9988183694.539999,1
443,DLTR,2012,2011-12-30,236,9892175728.56,1
458,MAR,2012,2011-12-30,237,9775628716.210001,1
341,COR,2012,2011-12-30,238,9607793612.109999,1
31,MTB,2012,2011-12-30,239,9590290519.48,1
326,ZBH,2012,2011-12-30,240,9571633844.24,1
493,NTRS,2012,2011-12-30,241,9557933365.619999,1
117,GPC,2012,2011-12-30,242,9525988692.0,1
266,TT,2012,2011-12-30,243,9512022586.44,1
440,CF,2012,2011-12-30,244,9479967317.92,1
237,JCI,2012,2011-12-30,245,9466703179.536798,1
1075,MAT,2012,2011-12-30,246,9400821843.2,1
33,SHW,2012,2011-12-30,247,9262735941.5744,1
309,DTE,2012,2011-12-30,248,9215713356.300001,1
277,DGX,2012,2011-12-30,249,9159500719.62,1
164,VTRS,2012,2011-12-30,250,9152949365.56,1
199,AES,2012,2011-12-30,251,9087771126.08,1
1214,PRGO,2012,2011-12-30,252,9067579556.699999,1
340,IVZ,2012,2011-12-30,253,9060487741.9,1
572,GAP,2012,2011-12-30,254,9058062127.800001,1
675,HOG,2012,2011-12-30,255,9032242501.099998,1
105,OKE,2012,2011-12-30,256,8928128633.289999,1
1050,CLF,2012,2011-12-30,257,8916779495.0,1
95,SJM,2012,2011-12-30,258,8861894481.5,1
320,CLX,2012,2011-12-30,259,8779583022.08,1
490,KKR,2012,2011-12-30,260,8767565470.11,1
251,ICE,2012,2011-12-30,261,8758359293.15,1
486,EXPD,2012,2011-12-30,262,8684732948.48,1
426,CNP,2012,2011-12-30,263,8556988364.89,1
1274,FLR,2012,2011-12-30,264,8525630120.25,1
495,KDP,2012,2011-12-30,265,8463775461.119999,1
78,NVDA,2012,2011-12-30,266,8463656622.96,1
114,FFIV,2012,2011-12-30,267,8434855238.88,1
442,ROP,2012,2011-12-30,268,8380979749.940001,1
904,CNX,2012,2011-12-30,269,8331811697.7474,1
56,BG,2012,2011-12-30,270,8325021733.6,1
260,EQT,2012,2011-12-30,271,8187318304.2308,1
4,BBY,2012,2011-12-30,272,8186899245.81,1
768,TDC,2012,2011-12-30,273,8120574000.0,1
335,WEC,2012,2011-12-30,274,8085119666.0,1
507,MRVL,2012,2011-12-30,275,8081475000.0,1
393,EW,2012,2011-12-30,276,8065092481.663799,1
147,CCEP,2012,2011-12-30,277,8043784235.68,1
115,KLAC,2012,2011-12-30,278,8041558602.75,1
69,AEE,2012,2011-12-30,279,8025405899.200001,1
267,MNST,2012,2011-12-30,280,8023474725.136199,1
30,FIS,2012,2011-12-30,281,7962938250.76,1
424,CTRA,2012,2011-12-30,282,7931122986.6,1
40,BSX,2012,2011-12-30,283,7911240656.94,1
263,HRL,2012,2011-12-30,284,7733658169.969999,1
96,GRMN,2012,2011-12-30,285,7729978283.13,1
161,TSN,2012,2011-12-30,286,7624997449.440001,1
317,STX,2012,2011-12-30,287,7623739784.799999,1
168,APH,2012,2011-12-30,288,7522970853.2,1
492,PFG,2012,2011-12-30,289,7506820109.400001,1
272,MCO,2012,2011-12-30,290,7476960000.0,1
452,KEY,2012,2011-12-30,291,7327709796.6,1
515,LH,2012,2011-12-30,292,7318980950.0,1
641,MAC,2012,2011-12-30,293,7273302847.8,1
274,HIG,2012,2011-12-30,294,7243271733.75,1
19,DVA,2012,2011-12-30,295,7088235000.0,1
211,AVGO,2012,2011-12-30,296,7053583595.76,1
1051,MD,2012,2011-12-30,297,7044236534.320001,1
23,MCHP,2012,2011-12-30,298,7001142815.700001,1
474,BWA,2012,2011-12-30,299,6988226997.6576,1
16,DLR,2012,2011-12-30,300,6962495146.754001,1
344,VRTX,2012,2011-12-30,301,6926483302.74,1
338,CE,2012,2011-12-30,302,6910622657.43,1
462,KMX,2012,2011-12-30,303,6901587070.56,1
394,BFb,2012,2011-12-30,304,6895477085.110001,1
499,ADSK,2012,2011-12-30,305,6878844000.0,1
506,DAL,2012,2011-12-30,306,6853398843.2,1
286,EA,2012,2011-12-30,307,6827364579.0,1
653,SLM,2012,2011-12-30,308,6817019244.7424,1
479,TAP,2012,2011-12-30,309,6804570310.3,1
113,AME,2012,2011-12-30,310,6740320103.723499,1
418,WTW,2012,2011-12-30,311,6733862192.8702,1
470,NI,2012,2011-12-30,312,6693253052.86,1
324,LULU,2012,2011-12-30,313,6687713502.5199995,1
103,LUV,2012,2011-12-30,314,6664151701.200001,1
244,WAT,2012,2011-12-30,315,6635375838.8,1
372,KIM,2012,2011-12-30,316,6608736342.32,1
121,VRSK,2012,2011-12-30,317,6562864092.610001,1
387,CHD,2012,2011-12-30,318,6545960358.08,1
729,HP,2012,2011-12-30,319,6276598916.28,1
13,UAL,2012,2011-12-30,320,6235786634.67,1
1276,H,2012,2011-12-30,321,6216571171.96,1
371,MU,2012,2011-12-30,322,6212458823.61,1
1232,UNM,2012,2011-12-30,323,6160455575.82,1
455,MKC,2012,2011-12-30,324,6077704698.900001,1
183,FMC,2012,2011-12-30,325,6059202736.6609,1
1145,IBKR,2012,2011-12-30,326,5950420957.08,1
954,LNC,2012,2011-12-30,327,5858325716.360001,1
148,DRI,2012,2011-12-30,328,5854475514.48,1
906,TNL,2012,2011-12-30,329,5824463818.1856,1
517,HSIC,2012,2011-12-30,330,5818979591.404499,1
396,BALL,2012,2011-12-30,331,5807981065.77,1
166,AKAM,2012,2011-12-30,332,5792038684.08,1
75,WBD,2012,2011-12-30,333,5780629396.1415,1
229,FRT,2012,2011-12-30,334,5762664657.75,1
1034,SLG,2012,2011-12-30,335,5741021624.165501,1
48,IRM,2012,2011-12-30,336,5717024513.2,1
369,VRSN,2012,2011-12-30,337,5681865845.96,1
1550,FTI,2012,2011-12-30,338,5651464365.45,1
298,CMS,2012,2011-12-30,339,5598621426.24,1
176,AWK,2012,2011-12-30,340,5591947661.28,1
959,JEF,2012,2011-12-30,341,5561808051.12,1
747,OGE,2012,2011-12-30,342,5560796704.62,1
404,CHTR,2012,2011-12-30,343,5540321312.1256,1
963,FLS,2012,2011-12-30,344,5517995823.169499,1
347,UDR,2012,2011-12-30,345,5497975309.1,1
1455,RYN,2012,2011-12-30,346,5437235902.7755995,1
39,RF,2012,2011-12-30,347,5413171100.0,1
937,FLG,2012,2011-12-30,348,5410700827.23,1
292,RCL,2012,2011-12-30,349,5381571392.51,1
67,EMN,2012,2011-12-30,350,5373745355.16,1
481,TRMB,2012,2011-12-30,351,5351697617.0,1
1112,CLB,2012,2011-12-30,352,5313109958.1,1
90,ANSS,2012,2011-12-30,353,5291549369.28,1
508,JBHT,2012,2011-12-30,354,5261044896.96,1
432,PNW,2012,2011-12-30,355,5260351805.94,1
731,AN,2012,2011-12-30,356,5158046117.82,1
205,TXT,2012,2011-12-30,357,5143326671.309999,1
475,REGN,2012,2011-12-30,358,5131470496.7,1
579,CMA,2012,2011-12-30,359,5126006358.6,1
262,MGM,2012,2011-12-30,360,5098507194.41,1
181,VMC,2012,2011-12-30,361,5085305328.400001,1
640,ATI,2012,2011-12-30,362,5083998631.2,1
1461,CCK,2012,2011-12-30,363,5076243905.0199995,1
1272,EPC,2012,2011-12-30,364,5064067436.3843,1
782,DCI,2012,2011-12-30,365,5045484504.96,1
953,AAP,2012,2011-12-30,366,5044405928.099999,1
131,ACGL,2012,2011-12-30,367,4995821175.96,1
245,CBRE,2012,2011-12-30,368,4991665700.06,1
1322,NBR,2012,2011-12-30,369,4986202607.58,1
1445,OII,2012,2011-12-30,370,4983653166.1,1
250,TSCO,2012,2011-12-30,371,4982394420.05,1
845,XRAY,2012,2011-12-30,372,4953048043.97,1
624,AMG,2012,2011-12-30,373,4938549762.3,1
377,CINF,2012,2011-12-30,374,4936917019.24,1
527,DINO,2012,2011-12-30,375,4896095794.2,1
112,LNT,2012,2011-12-30,376,4895394450.21,1
425,TDG,2012,2011-12-30,377,4816955923.52,1
92,EQIX,2012,2011-12-30,378,4807347230.400001,1
301,ESS,2012,2011-12-30,379,4794768719.889999,1
1361,HRB,2012,2011-12-30,380,4783106839.16,1
569,ALV,2012,2011-12-30,381,4774728164.985001,1
1220,PVH,2012,2011-12-30,382,4765714635.71,1
72,HBAN,2012,2011-12-30,383,4743771107.67,1
50,WRB,2012,2011-12-30,384,4714926098.8041,1
345,SBAC,2012,2011-12-30,385,4698054520.56,1
378,EFX,2012,2011-12-30,386,4690692080.1,1
1339,SM,2012,2011-12-30,387,4678448392.2,1
1395,NWL,2012,2011-12-30,388,4675425000.0,1
303,MTD,2012,2011-12-30,389,4665289183.52,1
329,LDOS,2012,2011-12-30,390,4659293082.4957,1
451,O,2012,2011-12-30,391,4656876236.32,1
890,ST,2012,2011-12-30,392,4627865715.4800005,1
1512,AVT,2012,2011-12-30,393,4612758632.8,1
223,HOLX,2012,2011-12-30,394,4607168146.490001,1
957,NFG,2012,2011-12-30,395,4604520097.8,1
325,ALB,2012,2011-12-30,396,4572081633.99,1
368,PWR,2012,2011-12-30,397,4526276602.38,1
302,EG,2012,2011-12-30,398,4516327078.860001,1
44,CTAS,2012,2011-12-30,399,4515666541.360001,1
730,MSM,2012,2011-12-30,400,4514875119.0,1
146,IPG,2012,2011-12-30,401,4487209650.9800005,1
1027,ASH,2012,2011-12-30,402,4465000907.5945,1
1206,DKS,2012,2011-12-30,403,4452164553.360001,1
435,CPT,2012,2011-12-30,404,4441301629.76,1
501,LRCX,2012,2011-12-30,405,4425745590.4800005,1
179,GL,2012,2011-12-30,406,4423195775.7507,1
204,NDAQ,2012,2011-12-30,407,4342641750.66,1
162,IDXX,2012,2011-12-30,408,4321201720.16,1
398,ARE,2012,2011-12-30,409,4272982208.5499997,1
1023,GNTX,2012,2011-12-30,410,4245348404.77,1
437,IFF,2012,2011-12-30,411,4240661889.7000003,1
247,ERIE,2012,2011-12-30,412,4232138430.24,1
1269,ANF,2012,2011-12-30,413,4198314141.1200004,1
642,ARW,2012,2011-12-30,414,4179916865.2799997,1
911,AGCO,2012,2011-12-30,415,4176138066.15,1
476,LHX,2012,2011-12-30,416,4173578682.7999997,1
5,NRG,2012,2011-12-30,417,4167010393.32,1
674,KBR,2012,2011-12-30,418,4148614462.53,1
679,BFH,2012,2011-12-30,419,4136534027.334,1
172,JBL,2012,2011-12-30,420,4119201537.0,1
133,MHK,2012,2011-12-30,421,4115600990.55,1
489,HAS,2012,2011-12-30,422,4113320456.61,1
1337,LEA,2012,2011-12-30,423,4072659494.3999996,1
1460,RHI,2012,2011-12-30,424,4068642283.04,1
585,MDU,2012,2011-12-30,425,4047394183.7447996,1
609,FLEX,2012,2011-12-30,426,4036721438.1267,1
120,ULTA,2012,2011-12-30,427,4017938336.28,1
477,DHI,2012,2011-12-30,428,3988867379.64,1
582,URBN,2012,2011-12-30,429,3974197859.8399997,1
159,MSCI,2012,2011-12-30,430,3970295809.92,1
1205,WSM,2012,2011-12-30,431,3960498234.0,1
446,FDS,2012,2011-12-30,432,3936328000.0,1
1072,BMRN,2012,2011-12-30,433,3926691312.6600003,1
509,SNPS,2012,2011-12-30,434,3922240000.0,1
820,SBH,2012,2011-12-30,435,3916439625.8599997,1
366,RJF,2012,2011-12-30,436,3913750814.4,1
226,EXPE,2012,2011-12-30,437,3874545663.9,1
614,PII,2012,2011-12-30,438,3864453792.8399997,1
914,RNR,2012,2011-12-30,439,3851376879.0,1
141,NFLX,2012,2011-12-30,440,3835979903.86,1
1495,UAA,2012,2011-12-30,441,3835577686.1,1
1012,RGA,2012,2011-12-30,442,3828234242.25,1
1381,SIG,2012,2011-12-30,443,3819578896.0,1
459,AJG,2012,2011-12-30,444,3816546090.72,1
1485,X,2012,2011-12-30,445,3810182290.7400002,1
456,NXPI,2012,2011-12-30,446,3796632907.48,1
354,AIZ,2012,2011-12-30,447,3781969138.42,1
453,AMD,2012,2011-12-30,448,3763382790.6000004,1
415,UHS,2012,2011-12-30,449,3750068458.34,1
46,MAS,2012,2011-12-30,450,3749744000.0,1
79,RMD,2012,2011-12-30,451,3736142083.2,1
208,GPN,2012,2011-12-30,452,3710601182.6000004,1
840,ILMN,2012,2011-12-30,453,3701469437.28,1
545,PBI,2012,2011-12-30,454,3701280659.04,1
171,STZ,2012,2011-12-30,455,3696592435.7700005,1
1137,RGLD,2012,2011-12-30,456,3694653892.05,1
535,DXC,2012,2011-12-30,457,3674955541.7760997,1
893,KEX,2012,2011-12-30,458,3665246960.0,1
1245,RS,2012,2011-12-30,459,3650414579.37,1
672,AFG,2012,2011-12-30,460,3642078649.86,1
683,WHR,2012,2011-12-30,461,3627037572.6000004,1
1285,FL,2012,2011-12-30,462,3605343773.92,1
403,MELI,2012,2011-12-30,463,3511056270.8,1
1451,IAC,2012,2011-12-30,464,3494594894.4,1
565,FNF,2012,2011-12-30,465,3491421049.5528,1
990,OC,2012,2011-12-30,466,3471772368.08,1
716,SGI,2012,2011-12-30,467,3463350071.94,1
1294,GT,2012,2011-12-30,468,3462527311.49,1
293,HUBB,2012,2011-12-30,469,3461275072.56,1
1288,ATR,2012,2011-12-30,470,3446884316.46,1
59,MLM,2012,2011-12-30,471,3445991163.3999996,1
189,NVR,2012,2011-12-30,472,3413815888.0,1
1327,TOL,2012,2011-12-30,473,3397193720.0000005,1
1176,UGI,2012,2011-12-30,474,3394474078.7999997,1
248,REG,2012,2011-12-30,475,3382596243.18,1
1433,CLH,2012,2011-12-30,476,3381637818.58,1
411,COO,2012,2011-12-30,477,3374141667.8399997,1
291,EVRG,2012,2011-12-30,478,3372461380.6200004,1
214,FTNT,2012,2011-12-30,479,3359335020.4199996,1
284,WAB,2012,2011-12-30,480,3355602507.8,1
1501,G,2012,2011-12-30,481,3319217881.85,1
1401,DLB,2012,2011-12-30,482,3316846749.3,1
822,SEE,2012,2011-12-30,483,3304358791.34,1
136,IT,2012,2011-12-30,484,3299473559.28,1
819,SON,2012,2011-12-30,485,3295394722.56,1
816,GME,2012,2011-12-30,486,3291915318.62,1
101,PNR,2012,2011-12-30,487,3281262905.67,1
1056,LECO,2012,2011-12-30,488,3278305291.2,1
1450,PDCO,2012,2011-12-30,489,3271597305.84,1
358,ROL,2012,2011-12-30,490,3250614669.9831,1
423,BRO,2012,2011-12-30,491,3244625311.8399997,1
543,CFR,2012,2011-12-30,492,3240485860.04,1
1415,CBSH,2012,2011-12-30,493,3228499057.2836003,1
1275,RPM,2012,2011-12-30,494,3216946688.75,1
1094,GNW,2012,2011-12-30,495,3215599405.85,1
833,LEG,2012,2011-12-30,496,3205604505.6,1
923,TGNA,2012,2011-12-30,497,3185912338.21,1
738,OI,2012,2011-12-30,498,3183072983.7599998,1
188,TMUS,2012,2011-12-30,499,3144414959.8399997,1
21,CPRT,2012,2011-12-30,500,3114143938.88,1
531,PTEN,2012,2011-12-30,501,3109536131.2200003,1
520,SEIC,2012,2011-12-30,502,3101906321.1000004,1
111,IEX,2012,2011-12-30,503,3096421661.1,1
1260,SPXC,2012,2011-12-30,504,3074874830.4783998,1
727,WTRG,2012,2011-12-30,505,3055426252.2000003,1
49,SWKS,2012,2011-12-30,506,3047572685.7599998,1
175,AVY,2012,2011-12-30,507,3045733631.04,1
1008,ELS,2012,2011-12-30,508,3045441464.91,1
221,LEN,2012,2011-12-30,509,3036055369.8252,1
399,ATO,2012,2011-12-30,510,3008788008.85,1
916,ZION,2012,2011-12-30,511,3000246637.52,1
936,WKC,2012,2011-12-30,512,2986583140.0,1
123,TSLA,2012,2011-12-30,513,2978768987.04,1
1251,PENN,2012,2011-12-30,514,2977788382.6472,1
929,MORN,2012,2011-12-30,515,2973107697.9,1
685,AEO,2012,2011-12-30,516,2962386676.04,1
450,SNA,2012,2011-12-30,517,2944874283.24,1
550,EWBC,2012,2011-12-30,518,2943770324.5,1
322,FSLR,2012,2011-12-30,519,2917703982.56,1
276,DECK,2012,2011-12-30,520,2917608298.1099997,1
1287,MAN,2012,2011-12-30,521,2916797204.75,1
242,JKHY,2012,2011-12-30,522,2909913400.7799997,1
1498,GHC,2012,2011-12-30,523,2908778784.3682,1
1100,KMT,2012,2011-12-30,524,2901801777.6000004,1
54,STLD,2012,2011-12-30,525,2875821905.15,1
1344,TGI,2012,2011-12-30,526,2868339587.05,1
856,BWXT,2012,2011-12-30,527,2849084190.2623,1
788,SMG,2012,2011-12-30,528,2846103433.8799996,1
483,CDNS,2012,2011-12-30,529,2832270064.0,1
711,WWD,2012,2011-12-30,530,2821577780.31,1
348,BR,2012,2011-12-30,531,2798785876.15,1
851,GES,2012,2011-12-30,532,2766601730.76,1
827,UTHR,2012,2011-12-30,533,2756310842.25,1
1015,NNN,2012,2011-12-30,534,2755400892.5,1
630,CSL,2012,2011-12-30,535,2729308735.3999996,1
751,R,2012,2011-12-30,536,2716803756.0,1
666,CXT,2012,2011-12-30,537,2716553360.34,1
863,HWC,2012,2011-12-30,538,2707969232.56,1
549,RES,2012,2011-12-30,539,2706740002.3708,1
648,TKR,2012,2011-12-30,540,2705836321.3496,1
693,SLGN,2012,2011-12-30,541,2697172038.96,1
457,NDSN,2012,2011-12-30,542,2690830752.28,1
1098,WLK,2012,2011-12-30,543,2680094338.08,1
1442,ALK,2012,2011-12-30,544,2667722430.0,1
1480,JLL,2012,2011-12-30,545,2662949043.72,1
966,NEU,2012,2011-12-30,546,2655631069.4100003,1
1167,INVX,2012,2011-12-30,547,2637752757.54,1
723,VYX,2012,2011-12-30,548,2590819740.0,1
878,FLO,2012,2011-12-30,549,2580645327.78,1
528,VC,2012,2011-12-30,550,2572303327.44,1
1514,AWI,2012,2011-12-30,551,2562203967.29,1
1352,TDW,2012,2011-12-30,552,2558599895.3999996,1
726,LAMR,2012,2011-12-30,553,2556332707.5,1
636,WOLF,2012,2011-12-30,554,2555328531.8399997,1
777,SKT,2012,2011-12-30,555,2541857993.92,1
1581,HE,2012,2011-12-30,556,2541418635.52,1
497,TECH,2012,2011-12-30,557,2525664846.82,1
478,PKG,2012,2011-12-30,558,2510426634.72,1
356,TER,2012,2011-12-30,559,2508685637.9900002,1
763,MCY,2012,2011-12-30,560,2501706229.74,1
29,TFX,2012,2011-12-30,561,2495595739.41,1
1366,GGG,2012,2011-12-30,562,2440519650.0,1
1412,PRA,2012,2011-12-30,563,2437356939.9399996,1
20,CPAY,2012,2011-12-30,564,2428963761.32,1
847,SCI,2012,2011-12-30,565,2428182928.05,1
513,PHM,2012,2011-12-30,566,2415346608.22,1
1295,ORI,2012,2011-12-30,567,2403757210.95,1
689,VMI,2012,2011-12-30,568,2400800734.71,1
1186,AGO,2012,2011-12-30,569,2394488600.1,1
973,HXL,2012,2011-12-30,570,2383760637.9900002,1
757,ACM,2012,2011-12-30,571,2372843957.44,1
140,MAA,2012,2011-12-30,572,2365888510.35,1
715,VIAV,2012,2011-12-30,573,2349105065.3796997,1
793,RBA,2012,2011-12-30,574,2347959357.12,1
1307,THS,2012,2011-12-30,575,2347847907.8599997,1
525,CRI,2012,2011-12-30,576,2332653454.4100003,1
1110,DEI,2012,2011-12-30,577,2331370844.16,1
467,ODFL,2012,2011-12-30,578,2328200899.0496,1
1384,VRE,2012,2011-12-30,579,2325848458.23,1
68,CBOE,2012,2011-12-30,580,2325347414.22,1
1128,WCC,2012,2011-12-30,581,2293131547.71,1
350,EXR,2012,2011-12-30,582,2286663920.19,1
1580,BAH,2012,2011-12-30,583,2276268220.5,1
993,CRS,2012,2011-12-30,584,2274541972.56,1
519,RVTY,2012,2011-12-30,585,2261670660.0,1
556,WLY,2012,2011-12-30,586,2256515936.4,1
1126,CHH,2012,2011-12-30,587,2251295408.25,1
1085,ALKS,2012,2011-12-30,588,2249598047.7599998,1
1439,LSTR,2012,2011-12-30,589,2247723731.6800003,1
1372,AYI,2012,2011-12-30,590,2229443728.0,1
1223,THC,2012,2011-12-30,591,2228210385.39,1
1061,BIO,2012,2011-12-30,592,2205664436.08,1
1070,UPBD,2012,2011-12-30,593,2173921939.0,1
200,PTC,2012,2011-12-30,594,2164630421.8,1
865,EAT,2012,2011-12-30,595,2153992358.88,1
1511,HIW,2012,2011-12-30,596,2153430234.27,1
843,HBI,2012,2011-12-30,597,2124148179.28,1
780,RRX,2012,2011-12-30,598,2116349376.87,1
1185,CNK,2012,2011-12-30,599,2111609845.9599998,1
523,IDA,2012,2011-12-30,600,2110665884.3799999,1
795,FHN,2012,2011-12-30,601,2108952320.0,1
967,VLY,2012,2011-12-30,602,2105456878.4124002,1
1198,WEX,2012,2011-12-30,603,2098637030.44,1
544,WEN,2012,2011-12-30,604,2085792592.24,1
691,PSMT,2012,2011-12-30,605,2079768479.75,1
1404,BOH,2012,2011-12-30,606,2066717060.3100002,1
1183,BRKR,2012,2011-12-30,607,2059848653.76,1
1347,CBT,2012,2011-12-30,608,2053880923.72,1
1054,EPR,2012,2011-12-30,609,2042377549.56,1
1041,NJR,2012,2011-12-30,610,2038153197.6000001,1
895,GATX,2012,2011-12-30,611,2034555999.9999998,1
339,TDY,2012,2011-12-30,612,2027491087.1000001,1
995,CXW,2012,2011-12-30,613,2026966308.3600001,1
1082,OHI,2012,2011-12-30,614,1996269511.0500002,1
252,CNC,2012,2011-12-30,615,1994492455.8700001,1
725,BKE,2012,2011-12-30,616,1984896571.0749998,1
1494,IDCC,2012,2011-12-30,617,1982216540.02,1
376,DPZ,2012,2011-12-30,618,1975832420.8000002,1
998,VSAT,2012,2011-12-30,619,1968153751.12,1
1389,FULT,2012,2011-12-30,620,1962127530.0,1
1148,CASY,2012,2011-12-30,621,1960556055.09,1
1240,OSK,2012,2011-12-30,622,1954595967.3799999,1
697,SWX,2012,2011-12-30,623,1950774153.7900002,1
1334,UNFI,2012,2011-12-30,624,1950644059.1299999,1
1068,ASB,2012,2011-12-30,625,1938111257.36,1
876,CFFN,2012,2011-12-30,626,1932928454.82,1
1341,POR,2012,2011-12-30,627,1905489794.07,1
1026,SXT,2012,2011-12-30,628,1898224342.5,1
305,INCY,2012,2011-12-30,629,1895846260.47,1
106,GNRC,2012,2011-12-30,630,1894919237.65,1
1326,PB,2012,2011-12-30,631,1892130290.4,1
655,INVA,2012,2011-12-30,632,1881333264.2,1
414,ALGN,2012,2011-12-30,633,1863865612.3500001,1
1138,WSO,2012,2011-12-30,634,1861446029.52,1
76,ZBRA,2012,2011-12-30,635,1859251811.64,1
942,CVLT,2012,2011-12-30,636,1859228910.72,1
173,AOS,2012,2011-12-30,637,1856795284.6799998,1
207,URI,2012,2011-12-30,638,1851258919.8,1
946,SLAB,2012,2011-12-30,639,1817157915.04,1
598,MOGa,2012,2011-12-30,640,1810069008.19,1
807,ELME,2012,2011-12-30,641,1806999266.0500002,1
660,TTC,2012,2011-12-30,642,1795356749.6999998,1
1358,ITT,2012,2011-12-30,643,1792857499.9999998,1
964,EME,2012,2011-12-30,644,1788522392.58,1
599,DAN,2012,2011-12-30,645,1787878052.55,1
623,WBS,2012,2011-12-30,646,1784196059.15,1
1149,MYGN,2012,2011-12-30,647,1770454594.2,1
1045,KMPR,2012,2011-12-30,648,1766048342.42,1
1076,OMI,2012,2011-12-30,649,1762665648.45,1
1414,MIDD,2012,2011-12-30,650,1758003508.4,1
1073,WERN,2012,2011-12-30,651,1755286169.1000001,1
502,LII,2012,2011-12-30,652,1740302820.0,1
947,FCN,2012,2011-12-30,653,1738002800.52,1
943,PAG,2012,2011-12-30,654,1737154014.75,1
1081,TRN,2012,2011-12-30,655,1734230083.0932,1
413,STE,2012,2011-12-30,656,1728551368.32,1
24,TRGP,2012,2011-12-30,657,1725289284.4199998,1
1194,SF,2012,2011-12-30,658,1721721140.7984002,1
1449,STWD,2012,2011-12-30,659,1721605104.6000001,1
1405,WWW,2012,2011-12-30,660,1721197625.4,1
817,PRG,2012,2011-12-30,661,1707732972.5491002,1
73,CSGP,2012,2011-12-30,662,1690738944.22,1
1410,OLED,2012,2011-12-30,663,1688696068.02,1
1093,EHC,2012,2011-12-30,664,1683183132.4800003,1
1013,HLX,2012,2011-12-30,665,1666479467.2,1
1297,NVRI,2012,2011-12-30,666,1661067571.8,1
1261,GPK,2012,2011-12-30,667,1658576190.84,1
1409,BRC,2012,2011-12-30,668,1655256582.98,1
1486,CW,2012,2011-12-30,669,1649355294.4299998,1
580,JAZZ,2012,2011-12-30,670,1628538391.8700001,1
622,WPC,2012,2011-12-30,671,1625286947.3204,1
894,CAKE,2012,2011-12-30,672,1624768042.1000001,1
1024,CVI,2012,2011-12-30,673,1621521617.54,1
1478,SSD,2012,2011-12-30,674,1621087579.9799998,1
826,SMTC,2012,2011-12-30,675,1615557999.5,1
908,HAIN,2012,2011-12-30,676,1615281099.12,1
626,DRH,2012,2011-12-30,677,1614722740.76,1
1262,IPGP,2012,2011-12-30,678,1610216040.8999999,1
741,BC,2012,2011-12-30,679,1609086383.9399998,1
555,CMC,2012,2011-12-30,680,1597839783.9,1
1049,GTLS,2012,2011-12-30,681,1592721552.13,1
941,KRC,2012,2011-12-30,682,1589816909.0748,1
1233,TXNM,2012,2011-12-30,683,1580051962.02,1
1370,OLN,2012,2011-12-30,684,1575199747.05,1
331,LYV,2012,2011-12-30,685,1574560542.93,1
988,FHI,2012,2011-12-30,686,1572061566.0,1
1393,THG,2012,2011-12-30,687,1568230545.6000001,1
900,COLM,2012,2011-12-30,688,1565057410.35,1
891,TRMK,2012,2011-12-30,689,1557456218.1499999,1
985,DAR,2012,2011-12-30,690,1555687277.49,1
1033,EPAC,2012,2011-12-30,691,1554835358.53,1
979,BDC,2012,2011-12-30,692,1550449871.3600001,1
1142,ALE,2012,2011-12-30,693,1545265370.78,1
961,JBLU,2012,2011-12-30,694,1545235016.0,1
915,RLI,2012,2011-12-30,695,1535990804.0,1
1348,CNO,2012,2011-12-30,696,1534921760.6,1
1491,HAE,2012,2011-12-30,697,1529364675.1,1
530,CDP,2012,2011-12-30,698,1528855540.5200002,1
852,MTN,2012,2011-12-30,699,1525056072.48,1
1079,NOG,2012,2011-12-30,700,1514747825.3600001,1
1025,PRI,2012,2011-12-30,701,1507885753.9199998,1
1420,WAFD,2012,2011-12-30,702,1506397172.9,1
1235,CGNX,2012,2011-12-30,703,1505860420.47,1
752,UMBF,2012,2011-12-30,704,1504573131.25,1
1184,THO,2012,2011-12-30,705,1504261474.3,1
1071,QRVO,2012,2011-12-30,706,1501005988.8000002,1
1429,AVA,2012,2011-12-30,707,1499050000.5,1
792,TEX,2012,2011-12-30,708,1482047000.0,1
1171,SHOO,2012,2011-12-30,709,1478893456.5,1
992,CACI,2012,2011-12-30,710,1477676437.68,1
644,AIT,2012,2011-12-30,711,1476357748.8600001,1
1060,MTZ,2012,2011-12-30,712,1470704577.21,1
1387,MLI,2012,2011-12-30,713,1468654561.26,1
1157,SATS,2012,2011-12-30,714,1467545884.164,1
1558,HL,2012,2011-12-30,715,1462417782.93,1
1353,TDS,2012,2011-12-30,716,1461839365.4007,1
1014,MKSI,2012,2011-12-30,717,1458971993.96,1
1207,ITRI,2012,2011-12-30,718,1456985249.65,1
790,FDP,2012,2011-12-30,719,1444471482.5700002,1
1278,FNB,2012,2011-12-30,720,1438866784.29,1
184,POOL,2012,2011-12-30,721,1433334067.2,1
1331,UBSI,2012,2011-12-30,722,1419314884.57,1
1135,ADEA,2012,2011-12-30,723,1416787213.4915,1
1479,VSH,2012,2011-12-30,724,1413052650.05,1
1162,HI,2012,2011-12-30,725,1394192953.44,1
1130,MMS,2012,2011-12-30,726,1388770927.9,1
639,SAM,2012,2011-12-30,727,1382708202.16,1
1493,JOE,2012,2011-12-30,728,1352718295.1,1
128,CRL,2012,2011-12-30,729,1351210750.77,1
972,TTEK,2012,2011-12-30,730,1350181861.48,1
1592,AMRX,2012,2011-12-30,731,1339898868.6200001,1
1362,FAF,2012,2011-12-30,732,1335989188.94,1
1088,CROX,2012,2011-12-30,733,1333124145.01,1
1173,EZPW,2012,2011-12-30,734,1327933682.91,1
745,BKH,2012,2011-12-30,735,1325344607.34,1
427,SW,2012,2011-12-30,736,1320084748.8500001,1
1139,GDOT,2012,2011-12-30,737,1317331771.28,1
567,CUBE,2012,2011-12-30,738,1304095919.8400002,1
1484,NWE,2012,2011-12-30,739,1297929682.71,1
1169,BDN,2012,2011-12-30,740,1288006608.5,1
108,FICO,2012,2011-12-30,741,1285055959.0400002,1
605,NWN,2012,2011-12-30,742,1279871243.18,1
104,WST,2012,2011-12-30,743,1279549979.4,1
615,BCO,2012,2011-12-30,744,1258816500.48,1
1374,SEM,2012,2011-12-30,745,1255971753.213,1
1425,BJRI,2012,2011-12-30,746,1255789328.2,1
962,PCH,2012,2011-12-30,747,1250230231.77,1
1402,WABC,2012,2011-12-30,748,1250214973.8999999,1
1488,CNS,2012,2011-12-30,749,1247409515.1,1
1087,ENOV,2012,2011-12-30,750,1244422435.84,1
881,WTS,2012,2011-12-30,751,1242588072.44,1
1140,PRGS,2012,2011-12-30,752,1238864400.0,1
1446,ENS,2012,2011-12-30,753,1238791515.99,1
678,BLKB,2012,2011-12-30,754,1235871731.6,1
1397,HTLD,2012,2011-12-30,755,1235718461.5,1
1360,PPC,2012,2011-12-30,756,1235415824.6399999,1
970,IBOC,2012,2011-12-30,757,1233539288.075,1
974,HUBG,2012,2011-12-30,758,1216809727.02,1
667,MSA,2012,2011-12-30,759,1213503717.6,1
603,NWBI,2012,2011-12-30,760,1212923859.9199998,1
800,MNRO,2012,2011-12-30,761,1195128317.43,1
1020,FUN,2012,2011-12-30,762,1189935947.0,1
663,HCSG,2012,2011-12-30,763,1180949020.0,1
539,CIEN,2012,2011-12-30,764,1179055556.8,1
1153,ENTG,2012,2011-12-30,765,1178819289.3,1
1084,GPI,2012,2011-12-30,766,1177678594.3999999,1
1122,EGP,2012,2011-12-30,767,1177454531.08,1
809,BCPC,2012,2011-12-30,768,1174482069.76,1
222,TTWO,2012,2011-12-30,769,1174239951.25,1
1018,CATY,2012,2011-12-30,770,1174195410.16,1
903,HNI,2012,2011-12-30,771,1169956851.3,1
1523,RHP,2012,2011-12-30,772,1168586838.76,1
849,STRA,2012,2011-12-30,773,1166760215.79,1
145,MSTR,2012,2011-12-30,774,1165674848.0,1
999,ZD,2012,2011-12-30,775,1160370683.66,1
1313,CBRL,2012,2011-12-30,776,1156886714.6799998,1
610,DLX,2012,2011-12-30,777,1156603113.6000001,1
1394,LXP,2012,2011-12-30,778,1155896152.46,1
612,PRAA,2012,2011-12-30,779,1155831194.56,1
986,EXP,2012,2011-12-30,780,1152116294.6,1
1168,COHR,2012,2011-12-30,781,1151441175.96,1
86,MKTX,2012,2011-12-30,782,1149123459.8,1
709,BGS,2012,2011-12-30,783,1148142177.24,1
804,TCBI,2012,2011-12-30,784,1146760612.34,1
824,FUL,2012,2011-12-30,785,1138777996.87,1
899,GEF,2012,2011-12-30,786,1137752363.8999999,1
1136,WOR,2012,2011-12-30,787,1137482614.5753,1
871,NYT,2012,2011-12-30,788,1133421979.24,1
621,UNF,2012,2011-12-30,789,1128584019.52,1
1457,CAR,2012,2011-12-30,790,1126062278.5600002,1
706,SNX,2012,2011-12-30,791,1121228831.4815,1
1210,MASI,2012,2011-12-30,792,1121161492.335,1
1536,PEGA,2012,2011-12-30,793,1108049073.6,1
1309,SNV,2012,2011-12-30,794,1107245190.57,1
889,ONB,2012,2011-12-30,795,1103860800.0,1
1226,MPT,2012,2011-12-30,796,1102481457.6299999,1
1268,ABM,2012,2011-12-30,797,1100149396.8200002,1
1413,LPX,2012,2011-12-30,798,1099731180.0,1
810,LQDT,2012,2011-12-30,799,1088408377.8,1
1515,MGEE,2012,2011-12-30,800,1081024849.26,1
1308,WRLD,2012,2011-12-30,801,1076228527.5,1
570,MATV,2012,2011-12-30,802,1074581239.32,1
1095,MLKN,2012,2011-12-30,803,1074280050.45,1
770,UVV,2012,2011-12-30,804,1067673136.5600001,1
541,FCFS,2012,2011-12-30,805,1055382033.9700001,1
702,FFIN,2012,2011-12-30,806,1051449987.84,1
562,GEO,2012,2011-12-30,807,1048760259.4679,1
1154,AVNT,2012,2011-12-30,808,1048344759.0000001,1
1418,CVBF,2012,2011-12-30,809,1047978241.1299999,1
1105,TXRH,2012,2011-12-30,810,1029087661.4,1
1333,CBU,2012,2011-12-30,811,1024337731.8000001,1
65,MOH,2012,2011-12-30,812,1020400611.9999999,1
812,CHE,2012,2011-12-30,813,1018131461.37,1
646,ALGT,2012,2011-12-30,814,1017093467.46,1
1363,OZK,2012,2011-12-30,815,1015635806.4,1
1440,CRUS,2012,2011-12-30,816,1013312737.55,1
1121,FELE,2012,2011-12-30,817,1011502578.24,1
1180,WTFC,2012,2011-12-30,818,1007970691.2,1
1468,PRK,2012,2011-12-30,819,1002309220.26,1
1432,JJSF,2012,2011-12-30,820,999070755.84,1
664,MTX,2012,2011-12-30,821,998408552.1,1
1222,TWO,2012,2011-12-30,822,990652350.6389999,1
797,LFUS,2012,2011-12-30,823,989198066.78,1
551,HALO,2012,2011-12-30,824,986107524.93,1
670,SCSC,2012,2011-12-30,825,978759720.0,1
734,PEB,2012,2011-12-30,826,976217655.84,1
714,DIOD,2012,2011-12-30,827,971692453.2,1
1317,SYNA,2012,2011-12-30,828,970751489.4,1
728,HELE,2012,2011-12-30,829,970460463.0,1
1040,FFBC,2012,2011-12-30,830,969531130.88,1
910,SHO,2012,2011-12-30,831,967178772.3000001,1
1188,SIGI,2012,2011-12-30,832,961331805.36,1
1216,ACIW,2012,2011-12-30,833,959541070.5600001,1
783,OSIS,2012,2011-12-30,834,958290173.1,1
1437,RAMP,2012,2011-12-30,835,955727835.48,1
981,PLXS,2012,2011-12-30,836,948048681.5799999,1
699,LTC,2012,2011-12-30,837,936310113.64,1
1267,SCHL,2012,2011-12-30,838,930688769.61,1
761,POWI,2012,2011-12-30,839,930218180.8799999,1
1195,EEFT,2012,2011-12-30,840,929901052.08,1
1211,RBC,2012,2011-12-30,841,920629581.6,1
649,JACK,2012,2011-12-30,842,920608508.5999999,1
1252,CADE,2012,2011-12-30,843,920048372.26,1
897,PZZA,2012,2011-12-30,844,918482178.72,1
1505,GVA,2012,2011-12-30,845,917227256.8,1
907,FWRD,2012,2011-12-30,846,914947118.5999999,1
994,SR,2012,2011-12-30,847,908995901.0699999,1
765,CHDN,2012,2011-12-30,848,895651264.3000001,1
357,TYL,2012,2011-12-30,849,894688540.0,1
574,LNW,2012,2011-12-30,850,893733458.9999999,1
449,PODD,2012,2011-12-30,851,892425705.92,1
1101,MATW,2012,2011-12-30,852,891966427.8,1
1382,TTMI,2012,2011-12-30,853,891415740.8800001,1
1243,FR,2012,2011-12-30,854,886148819.49,1
581,KALU,2012,2011-12-30,855,885238496.12,1
631,CALM,2012,2011-12-30,856,872965797.87,1
1518,TR,2012,2011-12-30,857,871225311.5100001,1
934,GBCI,2012,2011-12-30,858,865138328.1899999,1
1086,ABR,2012,2011-12-30,859,849635846.4000001,1
532,MANH,2012,2011-12-30,860,837580666.56,1
774,RMBS,2012,2011-12-30,861,830207996.1999999,1
1506,SITC,2012,2011-12-30,862,827776147.4697,1
784,IART,2012,2011-12-30,863,826898243.43,1
1499,TWI,2012,2011-12-30,864,821264172.26,1
836,SCL,2012,2011-12-30,865,819886099.1999999,1
1255,ORA,2012,2011-12-30,866,819118874.58,1
1290,KFY,2012,2011-12-30,867,814879344.6999999,1
1302,PFS,2012,2011-12-30,868,808599444.12,1
546,ANDE,2012,2011-12-30,869,807711850.0,1
980,VECO,2012,2011-12-30,870,805317739.2,1
594,RWT,2012,2011-12-30,871,801027816.68,1
969,OTTR,2012,2011-12-30,872,794085746.46,1
1388,AMKR,2012,2011-12-30,873,789830136.36,1
808,SAH,2012,2011-12-30,874,780330221.34,1
1482,BHE,2012,2011-12-30,875,778067529.1800001,1
1048,CCOI,2012,2011-12-30,876,774229746.15,1
1182,AIR,2012,2011-12-30,877,772227621.2700001,1
1469,ESE,2012,2011-12-30,878,767743453.52,1
559,BGC,2012,2011-12-30,879,767728600.1585,1
1314,CWT,2012,2011-12-30,880,763579004.32,1
1398,CENX,2012,2011-12-30,881,762519896.0799999,1
1576,PRIM,2012,2011-12-30,882,762312840.76,1
1490,COLB,2012,2011-12-30,883,761209571.51,1
838,CSR,2012,2011-12-30,884,755716238.465,1
1080,TILE,2012,2011-12-30,885,755630141.0999999,1
1369,SANM,2012,2011-12-30,886,755039584.88,1
1237,MTH,2012,2011-12-30,887,752134511.49,1
1270,MTG,2012,2011-12-30,888,750369799.4399999,1
662,AXL,2012,2011-12-30,889,744804902.32,1
634,OXM,2012,2011-12-30,890,744447558.7199999,1
987,FIZZ,2012,2011-12-30,891,743646561.85,1
1465,NBTB,2012,2011-12-30,892,732651912.77,1
892,HOMB,2012,2011-12-30,893,732428699.26,1
1239,EVR,2012,2011-12-30,894,731475593.64,1
1350,TNC,2012,2011-12-30,895,731095179.62,1
700,ASTE,2012,2011-12-30,896,730812013.59,1
547,NTCT,2012,2011-12-30,897,730602558.4000001,1
924,CRK,2012,2011-12-30,898,728971957.8000001,1
1047,AIN,2012,2011-12-30,899,721344000.0,1
1177,NEOG,2012,2011-12-30,900,720658717.7188,1
874,CNMD,2012,2011-12-30,901,716675005.59,1
928,FBP,2012,2011-12-30,902,712815734.0400001,1
560,CEVA,2012,2011-12-30,903,712008722.0,1
1247,KOP,2012,2011-12-30,904,707920763.64,1
989,LOPE,2012,2011-12-30,905,707523510.12,1
1481,DY,2012,2011-12-30,906,703949088.08,1
1483,WT,2012,2011-12-30,907,701567849.4,1
684,LSCC,2012,2011-12-30,908,697253422.1400001,1
877,LNN,2012,2011-12-30,909,697050195.82,1
787,EXLS,2012,2011-12-30,910,696848742.4300001,1
786,AVAV,2012,2011-12-30,911,695567531.73,1
772,TKO,2012,2011-12-30,912,693582964.36,1
858,NPO,2012,2011-12-30,913,685299730.9599999,1
602,ABG,2012,2011-12-30,914,685060138.8399999,1
830,ETD,2012,2011-12-30,915,683995516.58,1
1042,BFS,2012,2011-12-30,916,683039280.0,1
1329,KLIC,2012,2011-12-30,917,681373981.0,1
1321,AZTA,2012,2011-12-30,918,680433150.15,1
1131,NSIT,2012,2011-12-30,919,670865461.9699999,1
1164,DORM,2012,2011-12-30,920,666629671.17,1
1419,CUZ,2012,2011-12-30,921,664804067.03,1
1246,NSP,2012,2011-12-30,922,654283347.9000001,1
571,ARR,2012,2011-12-30,923,654003098.85,1
855,AWR,2012,2011-12-30,924,653860364.6,1
1044,IOSP,2012,2011-12-30,925,651911686.93,1
576,LRN,2012,2011-12-30,926,651058279.5600001,1
1424,GBX,2012,2011-12-30,927,647512175.48,1
776,WDFC,2012,2011-12-30,928,645054565.8599999,1
1116,BYD,2012,2011-12-30,929,643930303.1,1
1150,NPK,2012,2011-12-30,930,643373359.1999999,1
429,SMCI,2012,2011-12-30,931,643075639.36,1
841,EXEL,2012,2011-12-30,932,641894285.225,1
1248,SKYW,2012,2011-12-30,933,638600882.9399999,1
1099,RGR,2012,2011-12-30,934,637013320.3000001,1
1456,EIG,2012,2011-12-30,935,630950237.91,1
310,DXCM,2012,2011-12-30,936,628521302.64,1
687,ICUI,2012,2011-12-30,937,622381185.0,1
769,LZB,2012,2011-12-30,938,617091588.4,1
1257,SAFT,2012,2011-12-30,939,614761137.76,1
713,EXPO,2012,2011-12-30,940,608783698.05,1
798,SKX,2012,2011-12-30,941,604678507.92,1
1178,PRDO,2012,2011-12-30,942,604563242.17,1
1165,UFPI,2012,2011-12-30,943,603693966.96,1
778,ODP,2012,2011-12-30,944,603005539.9499999,1
635,ROG,2012,2011-12-30,945,596793219.74,1
1037,KBH,2012,2011-12-30,946,591716959.68,1
888,CRVL,2012,2011-12-30,947,591228158.0184,1
1022,INDB,2012,2011-12-30,948,586310285.73,1
1336,HLIT,2012,2011-12-30,949,584732282.4,1
887,NHC,2012,2011-12-30,950,579560590.5,1
1118,AZZ,2012,2011-12-30,951,571754025.6,1
975,RUSHA,2012,2011-12-30,952,569912665.3149,1
896,PBH,2012,2011-12-30,953,568382930.36,1
553,BANF,2012,2011-12-30,954,568006778.3199999,1
1115,LAD,2012,2011-12-30,955,566511649.56,1
794,IRDM,2012,2011-12-30,956,564410611.68,1
1127,GFF,2012,2011-12-30,957,563635647.19,1
1335,MMSI,2012,2011-12-30,958,560864298.4200001,1
1568,FIBK,2012,2011-12-30,959,560025907.9599999,1
1263,PNFP,2012,2011-12-30,960,554123296.0,1
1158,NX,2012,2011-12-30,961,552844339.26,1
563,FCF,2012,2011-12-30,962,551810788.4399999,1
1292,STBA,2012,2011-12-30,963,549497460.85,1
828,KW,2012,2011-12-30,964,548834389.48,1
696,OMCL,2012,2011-12-30,965,548767604.56,1
1503,HMN,2012,2011-12-30,966,547442219.4,1
703,LCII,2012,2011-12-30,967,540984889.83,1
698,CPF,2012,2011-12-30,968,539398578.72,1
1416,COKE,2012,2011-12-30,969,539126584.9499999,1
1311,WNC,2012,2011-12-30,970,537256877.92,1
1204,TRST,2012,2011-12-30,971,523497974.67,1
1103,OFG,2012,2011-12-30,972,521647768.46,1
801,ECPG,2012,2011-12-30,973,520881097.72,1
1038,UFCS,2012,2011-12-30,974,514643820.06,1
1400,WAL,2012,2011-12-30,975,512975377.81000006,1
10,MPWR,2012,2011-12-30,976,507769544.48,1
926,AAON,2012,2011-12-30,977,504900698.39640003,1
983,QDEL,2012,2011-12-30,978,503061863.61,1
1166,CHCO,2012,2011-12-30,979,501954584.21000004,1
1003,KWR,2012,2011-12-30,980,500713144.57,1
608,BRKL,2012,2011-12-30,981,499702412.67999995,1
661,CSGS,2012,2011-12-30,982,498599068.66,1
930,DVAX,2012,2011-12-30,983,496708642.84,1
1227,UHT,2012,2011-12-30,984,493947714.0,1
853,MTRN,2012,2011-12-30,985,493026256.52000004,1
1225,GIII,2012,2011-12-30,986,492413332.27,1
1092,ARCB,2012,2011-12-30,987,489879762.49,1
1249,HTH,2012,2011-12-30,988,477431996.59999996,1
857,IPAR,2012,2011-12-30,989,475192768.36,1
1452,ITGR,2012,2011-12-30,990,471701418.2796,1
1109,FN,2012,2011-12-30,991,470896407.36,1
1473,NBIX,2012,2011-12-30,992,469681788.5,1
1244,SFNC,2012,2011-12-30,993,469670461.93,1
1443,VRTS,2012,2011-12-30,994,469102099.84000003,1
1355,AEIS,2012,2011-12-30,995,468475705.72,1
814,HSTM,2012,2011-12-30,996,468114968.25,1
1403,GTY,2012,2011-12-30,997,465848741.25,1
1242,PMT,2012,2011-12-30,998,463269204.0,1
870,USNA,2012,2011-12-30,999,454322960.89,1
832,DXPE,2012,2011-12-30,1000,453945199.40000004,1
397,AAPL,2013,2012-12-31,1,499694012588.39996,1
428,XOM,2013,2012-12-31,2,389648100000.0,1
275,KMI,2013,2012-12-31,3,366270299784.7,1
102,GOOGL,2013,2012-12-31,4,232448845797.568,1
288,WMT,2013,2012-12-31,5,228245243640.5655,1
32,MSFT,2013,2012-12-31,6,224801188195.8627,1
511,GE,2013,2012-12-31,7,220107436999.99997,1
460,IBM,2013,2012-12-31,8,216438562138.35,1
12,CVX,2013,2012-12-31,9,211649564586.56,1
228,JNJ,2013,2012-12-31,10,194265436828.09998,1
385,T,2013,2012-12-31,11,188135510000.0,1
35,PG,2013,2012-12-31,12,185451789241.38,1
174,PFE,2013,2012-12-31,13,184653344082.24,1
496,WFC,2013,2012-12-31,14,180002134000.0,1
216,JPM,2013,2012-12-31,15,167261880000.0,1
169,KO,2013,2012-12-31,16,162587104592.5,1
419,ORCL,2013,2012-12-31,17,157746776040.0,1
239,PM,2013,2012-12-31,18,139725047650.68,1
51,BAC,2013,2012-12-31,19,125135645040.0,1
289,MRK,2013,2012-12-31,20,124460545100.78,1
337,VZ,2013,2012-12-31,21,123708930000.00002,1
187,C,2013,2012-12-31,22,119823284000.0,1
202,AMZN,2013,2012-12-31,23,113894980000.0,1
471,QCOM,2013,2012-12-31,24,106151760000.0,1
126,PEP,2013,2012-12-31,25,105851185141.86002,1
64,CSCO,2013,2012-12-31,26,104326730391.9,1
384,ABT,2013,2012-12-31,27,103533736773.5,1
278,INTC,2013,2012-12-31,28,102605120000.0,1
85,V,2013,2012-12-31,29,101309618936.24,1
283,BRKb,2013,2012-12-31,30,98651399000.7,1
473,HD,2013,2012-12-31,31,92476851765.75,1
351,SLB,2013,2012-12-31,32,92048125068.9,1
144,MCD,2013,2012-12-31,33,88560778796.93,1
42,DIS,2013,2012-12-31,34,88233961300.81,1
360,CMCSA,2013,2012-12-31,35,79288117575.73651,1
346,RTX,2013,2012-12-31,36,70446620621.06079,1
58,COP,2013,2012-12-31,37,70393750231.59,1
213,UPS,2013,2012-12-31,38,70339211639.01001,1
125,AMGN,2013,2012-12-31,39,66146023325.8,1
313,EBAY,2013,2012-12-31,40,65993126307.4594,1
150,MMM,2013,2012-12-31,41,65073428630.85,1
400,AXP,2013,2012-12-31,42,64323691347.35999,1
232,MO,2013,2012-12-31,43,63669335343.840004,1
461,MA,2013,2012-12-31,44,61046921481.119995,1
273,GS,2013,2012-12-31,45,59946008167.200005,1
25,USB,2013,2012-12-31,46,59695860000.0,1
156,OXY,2013,2012-12-31,47,59538633141.298,1
504,CVS,2013,2012-12-31,48,59518850000.0,1
295,UNP,2013,2012-12-31,49,59138331206.64,1
193,AZN,2013,2012-12-31,50,58935269233.96001,1
71,CAT,2013,2012-12-31,51,58697912884.9905,1
480,LLY,2013,2012-12-31,52,57233517645.24,1
218,BA,2013,2012-12-31,53,56827233902.88,1
297,GILD,2013,2012-12-31,54,55649256690.950005,1
17,UNH,2013,2012-12-31,55,55405759980.0,1
167,BMY,2013,2012-12-31,56,53795949914.810005,1
265,AIG,2013,2012-12-31,57,52113548744.1,1
454,CL,2013,2012-12-31,58,49393238381.560005,1
447,F,2013,2012-12-31,59,49373972848.2,1
158,SPG,2013,2012-12-31,60,48992695536.16,1
234,ACN,2013,2012-12-31,61,46283803426.0,1
296,NKE,2013,2012-12-31,62,46218727332.0,1
77,MDLZ,2013,2012-12-31,63,45226893468.4,1
197,DUK,2013,2012-12-31,64,44915200000.0,1
381,HON,2013,2012-12-31,65,44676811348.0124,1
512,COST,2013,2012-12-31,66,43010389670.4,1
268,MDT,2013,2012-12-31,67,41485894905.0,1
62,LOW,2013,2012-12-31,68,39948531622.08,1
134,SBUX,2013,2012-12-31,69,39879268000.0,1
22,GM,2013,2012-12-31,70,39392548754.579994,1
93,TGT,2013,2012-12-31,71,38507506186.42,1
405,DHR,2013,2012-12-31,72,38431250000.0,1
219,EMR,2013,2012-12-31,73,38320694057.6,1
9,LVS,2013,2012-12-31,74,38010415625.92,1
110,MS,2013,2012-12-31,75,37749000942.96,1
343,SO,2013,2012-12-31,76,37420457139.96,1
482,BAX,2013,2012-12-31,77,36621532147.2,1
287,MET,2013,2012-12-31,78,35955794520.0,1
119,BLK,2013,2012-12-31,79,35045033578.450005,1
139,WBA,2013,2012-12-31,80,34978326390.39,1
353,BIIB,2013,2012-12-31,81,34630691473.14,1
57,TXN,2013,2012-12-31,82,34621604052.2,1
518,COF,2013,2012-12-31,83,33726846000.0,1
230,DE,2013,2012-12-31,84,33540028914.8,1
304,KMB,2013,2012-12-31,85,33036241350.54,1
363,LYB,2013,2012-12-31,86,32837316274.29,1
196,EOG,2013,2012-12-31,87,32719715869.210003,1
311,LIN,2013,2012-12-31,88,32520488748.55,1
55,FCX,2013,2012-12-31,89,32466704122.800003,1
47,HAL,2013,2012-12-31,90,32191863479.6,1
463,ON,2013,2012-12-31,91,31604692666.5,1
434,TJX,2013,2012-12-31,92,30956777327.250004,1
217,BKNG,2013,2012-12-31,93,30936033349.79,1
328,PNC,2013,2012-12-31,94,30787680000.0,1
472,APA,2013,2012-12-31,95,30772000000.0,1
45,AMT,2013,2012-12-31,96,30548915569.469997,1
210,YUM,2013,2012-12-31,97,30000048116.736603,1
26,BK,2013,2012-12-31,98,29901693000.0,1
97,LMT,2013,2012-12-31,99,29863884560.730003,1
100,D,2013,2012-12-31,100,29764797741.0,1
206,NEE,2013,2012-12-31,101,29281628467.629997,1
1241,NOV,2013,2012-12-31,102,29180550808.699997,1
323,FDX,2013,2012-12-31,103,28842409330.32,1
53,ITW,2013,2012-12-31,104,28182348649.260002,1
220,HPQ,2013,2012-12-31,105,27761109726.75,1
203,ADP,2013,2012-12-31,106,27638030664.11,1
61,CB,2013,2012-12-31,107,27116702020.8,1
514,TRV,2013,2012-12-31,108,27104867999.999996,1
70,BEN,2013,2012-12-31,109,26685301371.9,1
259,ASML,2013,2012-12-31,110,26217368580.19,1
212,GIS,2013,2012-12-31,111,26135410239.16,1
408,EXC,2013,2012-12-31,112,25406464881.790203,1
406,ETN,2013,2012-12-31,113,25211037600.0,1
333,AFL,2013,2012-12-31,114,24908335218.559998,1
157,PSA,2013,2012-12-31,115,24882172358.4,1
80,PRU,2013,2012-12-31,116,24745120000.0,1
83,ES,2013,2012-12-31,117,24537800746.48,1
420,GD,2013,2012-12-31,118,24499015158.96,1
1046,LUMN,2013,2012-12-31,119,24421206232.559998,1
18,MOS,2013,2012-12-31,120,24106852675.22,1
82,CRM,2013,2012-12-31,121,23870200000.0,1
178,EL,2013,2012-12-31,122,23177559204.46,1
370,TMO,2013,2012-12-31,123,22974506130.66,1
319,NEM,2013,2012-12-31,124,22826935973.16,1
1541,TRI,2013,2012-12-31,125,22644090927.078197,1
516,MCK,2013,2012-12-31,126,22580953509.12,1
130,CTSH,2013,2012-12-31,127,22178858778.0825,1
36,WMB,2013,2012-12-31,128,22068909773.88,1
307,CCL,2013,2012-12-31,129,21859213486.77,1
390,STT,2013,2012-12-31,130,21850632494.79,1
281,MPC,2013,2012-12-31,131,21368535930.0,1
487,CCI,2013,2012-12-31,132,21154369315.2,1
6,DVN,2013,2012-12-31,133,21076200000.0,1
389,ECL,2013,2012-12-31,134,21060104756.800003,1
28,SYK,2013,2012-12-31,135,20842596508.26,1
154,PPG,2013,2012-12-31,136,20755972850.2,1
306,AEP,2013,2012-12-31,137,20728326031.6,1
186,CMI,2013,2012-12-31,138,20593650991.649998,1
300,DOC,2013,2012-12-31,139,20415300785.8,1
190,TFC,2013,2012-12-31,140,20369082080.0,1
494,CSX,2013,2012-12-31,141,20349189479.6619,1
246,NSC,2013,2012-12-31,142,19544110560.4,1
379,ISRG,2013,2012-12-31,143,19498699828.584602,1
132,DFS,2013,2012-12-31,144,19459109171.699997,1
255,ALL,2013,2012-12-31,145,19241430000.0,1
361,VTR,2013,2012-12-31,146,19128304390.8,1
433,VLO,2013,2012-12-31,147,18886787154.28,1
27,K,2013,2012-12-31,148,18783218292.8432,1
402,ADBE,2013,2012-12-31,149,18653658119.28,1
330,GLW,2013,2012-12-31,150,18650359073.76,1
352,SYY,2013,2012-12-31,151,18609846620.9,1
388,ELV,2013,2012-12-31,152,18498690074.920002,1
271,EQR,2013,2012-12-31,153,18420847242.18,1
491,SCHW,2013,2012-12-31,154,18310411889.559998,1
439,HES,2013,2012-12-31,155,18087302596.32,1
431,ADM,2013,2012-12-31,156,18038132025.21,1
417,BKR,2013,2012-12-31,157,17959575865.0,1
142,AON,2013,2012-12-31,158,17721093279.85,1
118,INTU,2013,2012-12-31,159,17614591112.16,1
153,IP,2013,2012-12-31,160,17495542058.88,1
109,FE,2013,2012-12-31,161,17464718409.12,1
315,APD,2013,2012-12-31,162,17444624689.38,1
362,BX,2013,2012-12-31,163,17437918754.9207,1
98,PCG,2013,2012-12-31,164,17276770138.32,1
122,SRE,2013,2012-12-31,165,17156958604.84,1
7,CME,2013,2012-12-31,166,16892591044.230001,1
321,PLD,2013,2012-12-31,167,16835058474.710001,1
749,VFC,2013,2012-12-31,168,16630486979.1088,1
107,PPL,2013,2012-12-31,169,16606025107.42,1
37,TROW,2013,2012-12-31,170,16596814530.560001,1
475,REGN,2013,2012-12-31,171,16518587114.789999,1
3,ED,2013,2012-12-31,172,16266543869.84,1
407,NOC,2013,2012-12-31,173,16165799094.96,1
84,BXP,2013,2012-12-31,174,16040923924.29,1
466,L,2013,2012-12-31,175,15965850000.0,1
391,PCAR,2013,2012-12-31,176,15960526627.32,1
342,WELL,2013,2012-12-31,177,15915931783.11,1
33,SHW,2013,2012-12-31,178,15859936895.525099,1
194,TPR,2013,2012-12-31,179,15747623629.01,1
382,TEL,2013,2012-12-31,180,15685896396.8,1
367,WM,2013,2012-12-31,181,15662108000.0,1
191,MSI,2013,2012-12-31,182,15618264220.8,1
444,PEG,2013,2012-12-31,183,15480384399.0,1
704,M,2013,2012-12-31,184,15423662574.44,1
201,CI,2013,2012-12-31,185,15283701478.98,1
445,SPGI,2013,2012-12-31,186,15181859000.0,1
365,BDX,2013,2012-12-31,187,15165841792.8051,1
386,WY,2013,2012-12-31,188,15089373260.0,1
1342,VNO,2013,2012-12-31,189,14953696983.4089,1
572,GAP,2013,2012-12-31,190,14881176686.08,1
1579,CRH,2013,2012-12-31,191,14775926630.58,1
468,EIX,2013,2012-12-31,192,14723408399.14,1
1197,OVV,2013,2012-12-31,193,14532367314.400002,1
318,DG,2013,2012-12-31,194,14492936285.410002,1
266,TT,2013,2012-12-31,195,14436079545.586498,1
256,A,2013,2012-12-31,196,14244440231.359999,1
233,GWW,2013,2012-12-31,197,14063616738.01,1
364,CAH,2013,2012-12-31,198,13992064175.82,1
510,FAST,2013,2012-12-31,199,13836390000.0,1
355,RL,2013,2012-12-31,200,13715432099.519999,1
38,NUE,2013,2012-12-31,201,13709274207.199999,1
261,AMAT,2013,2012-12-31,202,13701227013.76,1
1107,NLY,2013,2012-12-31,203,13688498631.599998,1
886,BBWI,2013,2012-12-31,204,13570796662.5807,1
469,AVB,2013,2012-12-31,205,13523786930.1744,1
180,KR,2013,2012-12-31,206,13489648803.02,1
155,FITB,2013,2012-12-31,207,13408710400.0,1
116,HCA,2013,2012-12-31,208,13319861912.0,1
182,OMC,2013,2012-12-31,209,13198462776.0,1
151,GEN,2013,2012-12-31,210,13059237145.6,1
2,XEL,2013,2012-12-31,211,13024317993.53,1
373,AMP,2013,2012-12-31,212,12890279253.1,1
299,AZO,2013,2012-12-31,213,12876972481.710001,1
440,CF,2013,2012-12-31,214,12772787642.28,1
138,PGR,2013,2012-12-31,215,12757060000.0,1
240,PH,2013,2012-12-31,216,12687403551.98,1
129,ADI,2013,2012-12-31,217,12676428742.560001,1
31,MTB,2013,2012-12-31,218,12604744320.98,1
1075,MAT,2013,2012-12-31,219,12565520316.259998,1
258,SWK,2013,2012-12-31,220,12485068538.93,1
237,JCI,2013,2012-12-31,221,12190664396.5048,1
484,APTV,2013,2012-12-31,222,12137169452.032,1
464,ROST,2013,2012-12-31,223,12028570278.03,1
493,NTRS,2013,2012-12-31,224,12028317840.0,1
236,NTAP,2013,2012-12-31,225,12020424945.65,1
308,CAG,2013,2012-12-31,226,11947121367.5,1
458,MAR,2013,2012-12-31,227,11760178595.250002,1
41,DOV,2013,2012-12-31,228,11749598778.934801,1
279,ROK,2013,2012-12-31,229,11742115198.71,1
430,HSY,2013,2012-12-31,230,11740946517.88,1
340,IVZ,2013,2012-12-31,231,11585056614.88,1
866,MUR,2013,2012-12-31,232,11572832723.55,1
326,ZBH,2013,2012-12-31,233,11565651185.88,1
317,STX,2013,2012-12-31,234,11483372408.04,1
198,HST,2013,2012-12-31,235,11356836809.25,1
312,ETR,2013,2012-12-31,236,11334750000.0,1
257,WYNN,2013,2012-12-31,237,11314428233.64,1
152,PAYX,2013,2012-12-31,238,11311580351.0,1
272,MCO,2013,2012-12-31,239,11236456000.0,1
164,VTRS,2013,2012-12-31,240,11186639345.25,1
675,HOG,2013,2012-12-31,241,11048173794.13,1
324,LULU,2013,2012-12-31,242,10973237301.18,1
500,CPB,2013,2012-12-31,243,10970020887.93,1
442,ROP,2013,2012-12-31,244,10964234249.880001,1
165,J,2013,2012-12-31,245,10873532466.394001,1
485,HUM,2013,2012-12-31,246,10858896305.65,1
1117,JWN,2013,2012-12-31,247,10705047511.0,1
14,RSG,2013,2012-12-31,248,10696732860.029999,1
56,BG,2013,2012-12-31,249,10625223489.84,1
19,DVA,2013,2012-12-31,250,10544562000.0,1
67,EMN,2013,2012-12-31,251,10476661295.3,1
768,TDC,2013,2012-12-31,252,10465599000.0,1
490,KKR,2013,2012-12-31,253,10458699407.41,1
424,CTRA,2013,2012-12-31,254,10457454687.960001,1
393,EW,2013,2012-12-31,255,10406582369.4798,1
168,APH,2013,2012-12-31,256,10374145904.2,1
412,WDC,2013,2012-12-31,257,10350641076.86,1
309,DTE,2013,2012-12-31,258,10333006348.9,1
224,ORLY,2013,2012-12-31,259,10249519335.7248,1
647,CPRI,2013,2012-12-31,260,10219986812.7,1
837,RRC,2013,2012-12-31,261,10217987986.58,1
30,FIS,2013,2012-12-31,262,10206229411.62,1
422,CHRW,2013,2012-12-31,263,10190588775.26,1
341,COR,2013,2012-12-31,264,10167841244.16,1
1583,FER,2013,2012-12-31,265,10151781929.2,1
410,JNPR,2013,2012-12-31,266,10141359364.85,1
101,PNR,2013,2012-12-31,267,10131656159.0,1
506,DAL,2013,2012-12-31,268,10094845310.269999,1
39,RF,2013,2012-12-31,269,10074711390.0,1
92,EQIX,2013,2012-12-31,270,10026525931.4,1
536,KSS,2013,2012-12-31,271,9885830057.88,1
117,GPC,2013,2012-12-31,272,9863203865.9,1
274,HIG,2013,2012-12-31,273,9790572000.0,1
1274,FLR,2013,2012-12-31,274,9780766855.2,1
1214,PRGO,2013,2012-12-31,275,9776739400.0,1
320,CLX,2013,2012-12-31,276,9552945598.28,1
527,DINO,2013,2012-12-31,277,9456410596.15,1
143,CMG,2013,2012-12-31,278,9368818602.519999,1
95,SJM,2013,2012-12-31,279,9353917508.32,1
277,DGX,2013,2012-12-31,280,9263041236.220001,1
443,DLTR,2013,2012-12-31,281,9215488947.6,1
75,WBD,2013,2012-12-31,282,9199965534.7032,1
113,AME,2013,2012-12-31,283,9128919625.02,1
147,CCEP,2013,2012-12-31,284,9108065626.710001,1
344,VRTX,2013,2012-12-31,285,9104325300.0,1
495,KDP,2013,2012-12-31,286,9069829586.26,1
267,MNST,2013,2012-12-31,287,9055183349.560001,1
251,ICE,2013,2012-12-31,288,9003307323.210001,1
345,SBAC,2013,2012-12-31,289,8973133385.58,1
260,EQT,2013,2012-12-31,290,8823805503.629,1
105,OKE,2013,2012-12-31,291,8747208742.5,1
641,MAC,2013,2012-12-31,292,8615932661.6,1
462,KMX,2013,2012-12-31,293,8565475634.62,1
950,WFRD,2013,2012-12-31,294,8557603089.99,1
121,VRSK,2013,2012-12-31,295,8501720768.28,1
335,WEC,2013,2012-12-31,296,8478082963.900001,1
474,BWA,2013,2012-12-31,297,8375786474.658401,1
492,PFG,2013,2012-12-31,298,8373099642.88,1
651,XRX,2013,2012-12-31,299,8346125040.0,1
16,DLR,2013,2012-12-31,300,8332868597.9742,1
226,EXPE,2013,2012-12-31,301,8286299258.88,1
486,EXPD,2013,2012-12-31,302,8265228607.999999,1
426,CNP,2013,2012-12-31,303,8228253456.5,1
263,HRL,2013,2012-12-31,304,8227340444.780001,1
394,BFb,2013,2012-12-31,305,8160738525.5,1
183,FMC,2013,2012-12-31,306,8056484287.5978,1
199,AES,2013,2012-12-31,307,7960383662.999999,1
115,KLAC,2013,2012-12-31,308,7952783336.639999,1
96,GRMN,2013,2012-12-31,309,7945027622.25,1
499,ADSK,2013,2012-12-31,310,7943145000.0,1
1051,MD,2013,2012-12-31,311,7924317179.5199995,1
683,WHR,2013,2012-12-31,312,7921619978.25,1
653,SLM,2013,2012-12-31,313,7916733754.041599,1
452,KEY,2013,2012-12-31,314,7882761900.0,1
372,KIM,2013,2012-12-31,315,7875277635.12,1
1220,PVH,2013,2012-12-31,316,7842415679.29,1
1196,WU,2013,2012-12-31,317,7786281000.0,1
211,AVGO,2013,2012-12-31,318,7769362590.15,1
40,BSX,2013,2012-12-31,319,7768227788.88,1
13,UAL,2013,2012-12-31,320,7763588681.66,1
470,NI,2013,2012-12-31,321,7709836410.114,1
114,FFIV,2013,2012-12-31,322,7679742862.6,1
78,NVDA,2013,2012-12-31,323,7660670783.48,1
455,MKC,2013,2012-12-31,324,7638328414.02,1
244,WAT,2013,2012-12-31,325,7575437707.200001,1
103,LUV,2013,2012-12-31,326,7556909424.64,1
481,TRMB,2013,2012-12-31,327,7543418807.400001,1
387,CHD,2013,2012-12-31,328,7484912039.88,1
906,TNL,2013,2012-12-31,329,7460983476.165,1
69,AEE,2013,2012-12-31,330,7453737093.12,1
292,RCL,2013,2012-12-31,331,7438228484.0,1
5,NRG,2013,2012-12-31,332,7409373554.99,1
963,FLS,2013,2012-12-31,333,7337679231.5775,1
904,CNX,2013,2012-12-31,334,7318315124.392799,1
166,AKAM,2013,2012-12-31,335,7281979999.999999,1
954,LNC,2013,2012-12-31,336,7122909997.0,1
338,CE,2013,2012-12-31,337,7103962275.56,1
517,HSIC,2013,2012-12-31,338,7061340299.2419,1
425,TDG,2013,2012-12-31,339,7049083155.800001,1
515,LH,2013,2012-12-31,340,7039460339.999999,1
508,JBHT,2013,2012-12-31,341,7017656590.0,1
513,PHM,2013,2012-12-31,342,7015529032.4800005,1
205,TXT,2013,2012-12-31,343,6986456004.25,1
404,CHTR,2013,2012-12-31,344,6964664439.744,1
1034,SLG,2013,2012-12-31,345,6926755788.251599,1
396,BALL,2013,2012-12-31,346,6884873643.75,1
161,TSN,2013,2012-12-31,347,6877970095.4,1
840,ILMN,2013,2012-12-31,348,6858909055.35,1
181,VMC,2013,2012-12-31,349,6745495690.95,1
624,AMG,2013,2012-12-31,350,6741953901.950001,1
229,FRT,2013,2012-12-31,351,6722348566.78,1
479,TAP,2013,2012-12-31,352,6694340300.67,1
456,NXPI,2013,2012-12-31,353,6626099480.0,1
176,AWK,2013,2012-12-31,354,6562979612.700001,1
245,CBRE,2013,2012-12-31,355,6551730570.799999,1
371,MU,2013,2012-12-31,356,6478089238.58,1
378,EFX,2013,2012-12-31,357,6472650092.04,1
298,CMS,2013,2012-12-31,358,6465667254.34,1
569,ALV,2013,2012-12-31,359,6431869481.7636,1
1395,NWL,2013,2012-12-31,360,6404852000.0,1
1455,RYN,2013,2012-12-31,361,6385732772.2,1
377,CINF,2013,2012-12-31,362,6370791239.559999,1
477,DHI,2013,2012-12-31,363,6352853387.780001,1
1027,ASH,2013,2012-12-31,364,6350751789.277499,1
23,MCHP,2013,2012-12-31,365,6342192267.3,1
1276,H,2013,2012-12-31,366,6325572336.58,1
94,LKQ,2013,2012-12-31,367,6271392555.6,1
120,ULTA,2013,2012-12-31,368,6266386075.200001,1
133,MHK,2013,2012-12-31,369,6247895564.11,1
90,ANSS,2013,2012-12-31,370,6238220091.740001,1
250,TSCO,2013,2012-12-31,371,6223794145.88,1
535,DXC,2013,2012-12-31,372,6222531931.8199005,1
501,LRCX,2013,2012-12-31,373,6190589314.27,1
221,LEN,2013,2012-12-31,374,6165564138.165,1
368,PWR,2013,2012-12-31,375,6132725109.98,1
1072,BMRN,2013,2012-12-31,376,6092242447.200001,1
369,VRSN,2013,2012-12-31,377,6055615884.12,1
131,ACGL,2013,2012-12-31,378,6010950095.8056,1
875,TRIP,2013,2012-12-31,379,5988696943.04,1
46,MAS,2013,2012-12-31,380,5949286000.0,1
347,UDR,2013,2012-12-31,381,5948315122.240001,1
79,RMD,2013,2012-12-31,382,5947645084.69,1
303,MTD,2013,2012-12-31,383,5923452725.6,1
729,HP,2013,2012-12-31,384,5921834073.57,1
48,IRM,2013,2012-12-31,385,5885683277.85,1
148,DRI,2013,2012-12-31,386,5830134141.9800005,1
959,JEF,2013,2012-12-31,387,5818619768.5199995,1
614,PII,2013,2012-12-31,388,5806738688.85,1
418,WTW,2013,2012-12-31,389,5806709187.9,1
1445,OII,2013,2012-12-31,390,5804348405.46,1
890,ST,2013,2012-12-31,391,5781083694.4,1
679,BFH,2013,2012-12-31,392,5753631680.0,1
937,FLG,2013,2012-12-31,393,5751567654.599999,1
582,URBN,2013,2012-12-31,394,5743039917.12,1
435,CPT,2013,2012-12-31,395,5737530601.009999,1
1232,UNM,2013,2012-12-31,396,5728054863.84,1
579,CMA,2013,2012-12-31,397,5703920000.0,1
262,MGM,2013,2012-12-31,398,5694301409.280001,1
302,EG,2013,2012-12-31,399,5685421812.150001,1
171,STZ,2013,2012-12-31,400,5667202529.17,1
845,XRAY,2013,2012-12-31,401,5621794658.309999,1
432,PNW,2013,2012-12-31,402,5581159228.46,1
1206,DKS,2013,2012-12-31,403,5579484833.530001,1
747,OGE,2013,2012-12-31,404,5560172549.97,1
476,LHX,2013,2012-12-31,405,5559928053.12,1
325,ALB,2013,2012-12-31,406,5544823435.0,1
1050,CLF,2013,2012-12-31,407,5496076389.79,1
1145,IBKR,2013,2012-12-31,408,5474841609.599999,1
1327,TOL,2013,2012-12-31,409,5465095530.0,1
437,IFF,2013,2012-12-31,410,5427368436.540001,1
72,HBAN,2013,2012-12-31,411,5385573210.509999,1
451,O,2013,2012-12-31,412,5366105362.31,1
366,RJF,2013,2012-12-31,413,5354504609.2293,1
301,ESS,2013,2012-12-31,414,5344365950.0,1
223,HOLX,2013,2012-12-31,415,5338098298.9796,1
953,AAP,2013,2012-12-31,416,5307890536.849999,1
565,FNF,2013,2012-12-31,417,5306699416.5598,1
1461,CCK,2013,2012-12-31,418,5304789959.400001,1
1098,WLK,2013,2012-12-31,419,5289165198.2,1
1495,UAA,2013,2012-12-31,420,5247161195.8704,1
1137,RGLD,2013,2012-12-31,421,5236843551.12,1
141,NFLX,2013,2012-12-31,422,5146815792.53,1
50,WRB,2013,2012-12-31,423,5133319320.0,1
1112,CLB,2013,2012-12-31,424,5100161275.940001,1
162,IDXX,2013,2012-12-31,425,5073625539.2,1
44,CTAS,2013,2012-12-31,426,5042406520.7,1
1361,HRB,2013,2012-12-31,427,5037906163.2300005,1
34,XYL,2013,2012-12-31,428,5035018484.0,1
1272,EPC,2013,2012-12-31,429,4962427688.978,1
1111,INGR,2013,2012-12-31,430,4932495992.700001,1
179,GL,2013,2012-12-31,431,4905056027.226,1
112,LNT,2013,2012-12-31,432,4873456734.0,1
1285,FL,2013,2012-12-31,433,4841285940.04,1
731,AN,2013,2012-12-31,434,4833990464.8,1
782,DCI,2013,2012-12-31,435,4814344000.000001,1
509,SNPS,2013,2012-12-31,436,4813512480.0,1
911,AGCO,2013,2012-12-31,437,4764587392.48,1
730,MSM,2013,2012-12-31,438,4760248884.5,1
1343,FBIN,2013,2012-12-31,439,4757131272.9,1
146,IPG,2013,2012-12-31,440,4753897324.84,1
1550,FTI,2013,2012-12-31,441,4739987122.5132,1
415,UHS,2013,2012-12-31,442,4699908794.55,1
1245,RS,2013,2012-12-31,443,4692117520.8,1
489,HAS,2013,2012-12-31,444,4664363755.3,1
450,SNA,2013,2012-12-31,445,4599682409.009999,1
1337,LEA,2013,2012-12-31,446,4538726864.160001,1
189,NVR,2013,2012-12-31,447,4520999600.0,1
411,COO,2013,2012-12-31,448,4483951154.88,1
1460,RHI,2013,2012-12-31,449,4478309856.9800005,1
286,EA,2013,2012-12-31,450,4430565470.76,1
398,ARE,2013,2012-12-31,451,4414859230.639999,1
674,KBR,2013,2012-12-31,452,4414811730.56,1
293,HUBB,2013,2012-12-31,453,4411965858.3,1
136,IT,2013,2012-12-31,454,4404850320.0,1
990,OC,2013,2012-12-31,455,4371101789.76,1
459,AJG,2013,2012-12-31,456,4352040000.0,1
20,CPAY,2013,2012-12-31,457,4347679686.8,1
59,MLM,2013,2012-12-31,458,4328335686.44,1
1381,SIG,2013,2012-12-31,459,4324743660.599999,1
329,LDOS,2013,2012-12-31,460,4299383037.3975,1
1205,WSM,2013,2012-12-31,461,4291485806.9100003,1
248,REG,2013,2012-12-31,462,4259093680.3199997,1
1024,CVI,2013,2012-12-31,463,4236486929.5,1
957,NFG,2013,2012-12-31,464,4226257713.6499996,1
207,URI,2013,2012-12-31,465,4218573510.8,1
820,SBH,2013,2012-12-31,466,4207367752.56,1
1512,AVT,2013,2012-12-31,467,4200715567.79,1
1322,NBR,2013,2012-12-31,468,4196046502.45,1
284,WAB,2013,2012-12-31,469,4192063346.1600003,1
923,TGNA,2013,2012-12-31,470,4138466319.36,1
204,NDAQ,2013,2012-12-31,471,4121788050.0299997,1
609,FLEX,2013,2012-12-31,472,4118597814.6,1
723,VYX,2013,2012-12-31,473,4074252000.0,1
457,NDSN,2013,2012-12-31,474,4064831678.8799996,1
685,AEO,2013,2012-12-31,475,4061541420.2300005,1
1056,LECO,2013,2012-12-31,476,4037753691.56,1
520,SEIC,2013,2012-12-31,477,4035454117.56,1
642,ARW,2013,2012-12-31,478,4035032883.8399997,1
585,MDU,2013,2012-12-31,479,4006662813.4807,1
4,BBY,2013,2012-12-31,480,4006341034.35,1
1012,RGA,2013,2012-12-31,481,3952650880.32,1
636,WOLF,2013,2012-12-31,482,3951311630.9999995,1
49,SWKS,2013,2012-12-31,483,3944726247.0,1
916,ZION,2013,2012-12-31,484,3941862837.2,1
172,JBL,2013,2012-12-31,485,3914320376.43,1
914,RNR,2013,2012-12-31,486,3913183294.5400004,1
350,EXR,2013,2012-12-31,487,3907671591.2400002,1
446,FDS,2013,2012-12-31,488,3891267841.44,1
507,MRVL,2013,2012-12-31,489,3884421000.0,1
1275,RPM,2013,2012-12-31,490,3884045028.3199997,1
833,LEG,2013,2012-12-31,491,3867962000.0,1
123,TSLA,2013,2012-12-31,492,3853690157.5499997,1
111,IEX,2013,2012-12-31,493,3846089535.75,1
1269,ANF,2013,2012-12-31,494,3816622671.0299997,1
1087,ENOV,2013,2012-12-31,495,3795620316.3,1
159,MSCI,2013,2012-12-31,496,3783734834.52,1
483,CDNS,2013,2012-12-31,497,3782911525.0499997,1
1251,PENN,2013,2012-12-31,498,3765551469.8475,1
1450,PDCO,2013,2012-12-31,499,3718534597.47,1
630,CSL,2013,2012-12-31,500,3709360089.24,1
478,PKG,2013,2012-12-31,501,3704661000.0,1
1480,JLL,2013,2012-12-31,502,3697896285.48,1
1094,GNW,2013,2012-12-31,503,3693657756.75,1
1176,UGI,2013,2012-12-31,504,3686584068.2063,1
21,CPRT,2013,2012-12-31,505,3683303624.16,1
247,ERIE,2013,2012-12-31,506,3680558571.9,1
423,BRO,2013,2012-12-31,507,3661601799.04,1
519,RVTY,2013,2012-12-31,508,3643121707.08,1
689,VMI,2013,2012-12-31,509,3636511252.15,1
726,LAMR,2013,2012-12-31,510,3629294116.25,1
291,EVRG,2013,2012-12-31,511,3619354088.34,1
188,TMUS,2013,2012-12-31,512,3619188143.8999996,1
622,WPC,2013,2012-12-31,513,3590094764.1526,1
208,GPN,2013,2012-12-31,514,3573231519.8999996,1
672,AFG,2013,2012-12-31,515,3566051869.1200004,1
1260,SPXC,2013,2012-12-31,516,3563988878.4185996,1
727,WTRG,2013,2012-12-31,517,3557312319.92,1
995,CXW,2013,2012-12-31,518,3550724350.0,1
966,NEU,2013,2012-12-31,519,3518167349.3999996,1
843,HBI,2013,2012-12-31,520,3505328937.72,1
738,OI,2013,2012-12-31,521,3499550419.98,1
175,AVY,2013,2012-12-31,522,3477789759.96,1
1501,G,2013,2012-12-31,523,3474634752.0,1
403,MELI,2013,2012-12-31,524,3468054766.0,1
893,KEX,2013,2012-12-31,525,3459898560.0,1
1223,THC,2013,2012-12-31,526,3457258640.7799997,1
1339,SM,2013,2012-12-31,527,3449905439.64,1
1485,X,2013,2012-12-31,528,3441106238.4,1
1015,NNN,2013,2012-12-31,529,3433149470.4,1
1262,IPGP,2013,2012-12-31,530,3417158630.05,1
822,SEE,2013,2012-12-31,531,3405935044.59,1
1294,GT,2013,2012-12-31,532,3382936088.4700003,1
242,JKHY,2013,2012-12-31,533,3379232418.64,1
214,FTNT,2013,2012-12-31,534,3361914563.94,1
543,CFR,2013,2012-12-31,535,3335599669.23,1
1287,MAN,2013,2012-12-31,536,3329688130.6,1
1110,DEI,2013,2012-12-31,537,3291031800.0,1
525,CRI,2013,2012-12-31,538,3285195687.9,1
648,TKR,2013,2012-12-31,539,3281582749.2111998,1
1433,CLH,2013,2012-12-31,540,3266839262.7999997,1
1344,TGI,2013,2012-12-31,541,3265224240.2,1
640,ATI,2013,2012-12-31,542,3258117737.16,1
358,ROL,2013,2012-12-31,543,3218689236.5469,1
777,SKT,2013,2012-12-31,544,3216899332.8,1
878,FLO,2013,2012-12-31,545,3215472032.89,1
1100,KMT,2013,2012-12-31,546,3185255880.0,1
356,TER,2013,2012-12-31,547,3172822019.67,1
1288,ATR,2013,2012-12-31,548,3169362453.2,1
399,ATO,2013,2012-12-31,549,3169245095.68,1
942,CVLT,2013,2012-12-31,550,3168262461.9888,1
715,VIAV,2013,2012-12-31,551,3156730296.5019,1
780,RRX,2013,2012-12-31,552,3136729421.79,1
1366,GGG,2013,2012-12-31,553,3124046702.7,1
856,BWXT,2013,2012-12-31,554,3118942154.4824,1
1449,STWD,2013,2012-12-31,555,3106252929.9249,1
792,TEX,2013,2012-12-31,556,3106155000.0,1
580,JAZZ,2013,2012-12-31,557,3082545585.0,1
1415,CBSH,2013,2012-12-31,558,3052360243.0624,1
816,GME,2013,2012-12-31,559,3040407228.69,1
1442,ALK,2013,2012-12-31,560,3032544930.0000005,1
550,EWBC,2013,2012-12-31,561,3015415037.74,1
54,STLD,2013,2012-12-31,562,3010210124.56,1
819,SON,2013,2012-12-31,563,2995029751.62,1
1401,DLB,2013,2012-12-31,564,2991324083.5099998,1
1185,CNK,2013,2012-12-31,565,2985314178.66,1
1514,AWI,2013,2012-12-31,566,2984066997.6299996,1
936,WKC,2013,2012-12-31,567,2967821790.0,1
929,MORN,2013,2012-12-31,568,2961259264.85,1
1167,INVX,2013,2012-12-31,569,2953805458.65,1
467,ODFL,2013,2012-12-31,570,2953750587.7434,1
1128,WCC,2013,2012-12-31,571,2949857917.38,1
847,SCI,2013,2012-12-31,572,2937484498.6,1
1198,WEX,2013,2012-12-31,573,2932495960.0,1
29,TFX,2013,2012-12-31,574,2918821842.12,1
173,AOS,2013,2012-12-31,575,2911839095.9,1
693,SLGN,2013,2012-12-31,576,2874732789.18,1
986,EXP,2013,2012-12-31,577,2862710077.5,1
1372,AYI,2013,2012-12-31,578,2861064138.27,1
528,VC,2013,2012-12-31,579,2841790884.66,1
348,BR,2013,2012-12-31,580,2796512896.3199997,1
1008,ELS,2013,2012-12-31,581,2788008738.15,1
531,PTEN,2013,2012-12-31,582,2782446799.8599997,1
1186,AGO,2013,2012-12-31,583,2761711782.52,1
140,MAA,2013,2012-12-31,584,2736823344.5,1
427,SW,2013,2012-12-31,585,2732951028.0,1
354,AIZ,2013,2012-12-31,586,2731179606.2000003,1
1295,ORI,2013,2012-12-31,587,2730579720.3,1
993,CRS,2013,2012-12-31,588,2717539009.29,1
943,PAG,2013,2012-12-31,589,2716059226.2599998,1
827,UTHR,2013,2012-12-31,590,2713773020.06,1
788,SMG,2013,2012-12-31,591,2703195117.8999996,1
1498,GHC,2013,2012-12-31,592,2694578544.02,1
200,PTC,2013,2012-12-31,593,2691882728.3300004,1
1023,GNTX,2013,2012-12-31,594,2690908960.3500004,1
863,HWC,2013,2012-12-31,595,2690139681.95,1
549,RES,2013,2012-12-31,596,2689399005.84,1
973,HXL,2013,2012-12-31,597,2688921463.28,1
322,FSLR,2013,2012-12-31,598,2685295263.3803997,1
1413,LPX,2013,2012-12-31,599,2673260834.16,1
1082,OHI,2013,2012-12-31,600,2672374540.9500003,1
1240,OSK,2013,2012-12-31,601,2653881008.2,1
1334,UNFI,2013,2012-12-31,602,2640945424.76,1
502,LII,2013,2012-12-31,603,2638214313.8,1
666,CXT,2013,2012-12-31,604,2634479049.7492,1
1511,HIW,2013,2012-12-31,605,2626825890.9,1
711,WWD,2013,2012-12-31,606,2609122730.1600003,1
741,BC,2013,2012-12-31,607,2604303602.06,1
1412,PRA,2013,2012-12-31,608,2593429678.74,1
1438,HR,2013,2012-12-31,609,2573654025.215,1
757,ACM,2013,2012-12-31,610,2572269799.4,1
68,CBOE,2013,2012-12-31,611,2571023781.1800003,1
1362,FAF,2013,2012-12-31,612,2569691598.21,1
751,R,2013,2012-12-31,613,2552046026.54,1
1183,BRKR,2013,2012-12-31,614,2534319020.76,1
941,KRC,2013,2012-12-31,615,2527287876.1223,1
73,CSGP,2013,2012-12-31,616,2525586637.4100003,1
1347,CBT,2013,2012-12-31,617,2525571650.38,1
497,TECH,2013,2012-12-31,618,2516882515.56,1
660,TTC,2013,2012-12-31,619,2507692684.56,1
908,HAIN,2013,2012-12-31,620,2498909740.58,1
1222,TWO,2013,2012-12-31,621,2495628212.6905,1
376,DPZ,2013,2012-12-31,622,2472215740.7999997,1
1581,HE,2013,2012-12-31,623,2451162469.44,1
1061,BIO,2013,2012-12-31,624,2443412576.0,1
1085,ALKS,2013,2012-12-31,625,2443344526.0,1
1439,LSTR,2013,2012-12-31,626,2437787871.6,1
1157,SATS,2013,2012-12-31,627,2421232898.8311996,1
795,FHN,2013,2012-12-31,628,2414056180.0,1
1353,TDS,2013,2012-12-31,629,2406665955.2400002,1
1414,MIDD,2013,2012-12-31,630,2402473341.8,1
339,TDY,2013,2012-12-31,631,2400825192.66,1
1326,PB,2013,2012-12-31,632,2370774000.0,1
106,GNRC,2013,2012-12-31,633,2343234387.6000004,1
951,VTLE,2013,2012-12-31,634,2328935537.84,1
691,PSMT,2013,2012-12-31,635,2326392894.81,1
526,BKU,2013,2012-12-31,636,2321964456.76,1
599,DAN,2013,2012-12-31,637,2311824266.08,1
964,EME,2013,2012-12-31,638,2302947565.67,1
1384,VRE,2013,2012-12-31,639,2282986519.17,1
865,EAT,2013,2012-12-31,640,2266619570.46,1
414,ALGN,2013,2012-12-31,641,2258423343.75,1
285,APO,2013,2012-12-31,642,2257221570.24,1
1068,ASB,2013,2012-12-31,643,2252209690.8799996,1
24,TRGP,2013,2012-12-31,644,2245325522.92,1
1138,WSO,2013,2012-12-31,645,2230138736.7000003,1
1352,TDW,2013,2012-12-31,646,2226122111.7599998,1
793,RBA,2013,2012-12-31,647,2226061608.79,1
1261,GPK,2013,2012-12-31,648,2225652792.16,1
1149,MYGN,2013,2012-12-31,649,2218232867.25,1
725,BKE,2013,2012-12-31,650,2196619137.7416,1
763,MCY,2013,2012-12-31,651,2179849298.1299996,1
305,INCY,2013,2012-12-31,652,2179358418.71,1
655,INVA,2013,2012-12-31,653,2176344305.92,1
1358,ITT,2013,2012-12-31,654,2174742000.0,1
1013,HLX,2013,2012-12-31,655,2174196175.68,1
523,IDA,2013,2012-12-31,656,2171657481.75,1
1054,EPR,2013,2012-12-31,657,2159893104.24,1
1130,MMS,2013,2012-12-31,658,2155089953.14,1
332,HII,2013,2012-12-31,659,2149286725.3,1
252,CNC,2013,2012-12-31,660,2145499168.0,1
1181,AL,2013,2012-12-31,661,2137486957.0,1
545,PBI,2013,2012-12-31,662,2135997790.0800002,1
1493,JOE,2013,2012-12-31,663,2130337060.9199998,1
1457,CAR,2013,2012-12-31,664,2109481803.96,1
1491,HAE,2013,2012-12-31,665,2106419627.44,1
988,FHI,2013,2012-12-31,666,2102274815.48,1
851,GES,2013,2012-12-31,667,2090346893.3999999,1
1341,POR,2013,2012-12-31,668,2066629610.8799999,1
1348,CNO,2013,2012-12-31,669,2066595000.0,1
1033,EPAC,2013,2012-12-31,670,2035810298.97,1
1081,TRN,2013,2012-12-31,671,2035579837.7772,1
1148,CASY,2013,2012-12-31,672,2034155171.7,1
895,GATX,2013,2012-12-31,673,2030769999.9999998,1
413,STE,2013,2012-12-31,674,2030751557.3099997,1
1070,UPBD,2013,2012-12-31,675,2021777893.8799999,1
1093,EHC,2013,2012-12-31,676,2019434301.7596,1
562,GEO,2013,2012-12-31,677,2010660000.0,1
1405,WWW,2013,2012-12-31,678,2008661500.9199998,1
1049,GTLS,2013,2012-12-31,679,2001693810.0537,1
571,ARR,2013,2012-12-31,680,1999320476.48,1
76,ZBRA,2013,2012-12-31,681,1999229984.8100002,1
979,BDC,2013,2012-12-31,682,1986797361.3400002,1
1184,THO,2013,2012-12-31,683,1982444354.07,1
184,POOL,2013,2012-12-31,684,1976515099.76,1
530,CDP,2013,2012-12-31,685,1973519920.0,1
1404,BOH,2013,2012-12-31,686,1971450481.7499998,1
556,WLY,2013,2012-12-31,687,1970971086.56,1
697,SWX,2013,2012-12-31,688,1956830819.08,1
1126,CHH,2013,2012-12-31,689,1951757863.12,1
852,MTN,2013,2012-12-31,690,1940688294.66,1
1171,SHOO,2013,2012-12-31,691,1940589375.032,1
1580,BAH,2013,2012-12-31,692,1930157264.16,1
1309,SNV,2013,2012-12-31,693,1927110014.2,1
826,SMTC,2013,2012-12-31,694,1916877843.1499999,1
1389,FULT,2013,2012-12-31,695,1914552250.0,1
1440,CRUS,2013,2012-12-31,696,1897157202.23,1
1060,MTZ,2013,2012-12-31,697,1894055553.36,1
1297,NVRI,2013,2012-12-31,698,1893738758.0,1
985,DAR,2013,2012-12-31,699,1888975798.84,1
1307,THS,2013,2012-12-31,700,1886282033.22,1
567,CUBE,2013,2012-12-31,701,1883988973.66,1
716,SGI,2013,2012-12-31,702,1876410343.51,1
1360,PPC,2013,2012-12-31,703,1875152998.92,1
104,WST,2013,2012-12-31,704,1868214813.75,1
1020,FUN,2013,2012-12-31,705,1857136774.8000002,1
967,VLY,2013,2012-12-31,706,1845475920.3000002,1
1394,LXP,2013,2012-12-31,707,1845380934.6499999,1
544,WEN,2013,2012-12-31,708,1838096116.0,1
1136,WOR,2013,2012-12-31,709,1832570748.9504,1
1446,ENS,2013,2012-12-31,710,1824427369.23,1
128,CRL,2013,2012-12-31,711,1819282746.03,1
804,TCBI,2013,2012-12-31,712,1819133184.24,1
1154,AVNT,2013,2012-12-31,713,1818920035.5600002,1
817,PRG,2013,2012-12-31,714,1812073374.8507,1
900,COLM,2013,2012-12-31,715,1811167424.48,1
1076,OMI,2013,2012-12-31,716,1807460501.22,1
612,PRAA,2013,2012-12-31,717,1806895740.0,1
1420,WAFD,2013,2012-12-31,718,1791361818.19,1
876,CFFN,2013,2012-12-31,719,1778234368.33,1
331,LYV,2013,2012-12-31,720,1775830447.7900002,1
1026,SXT,2013,2012-12-31,721,1769765335.24,1
752,UMBF,2013,2012-12-31,722,1767737273.96,1
644,AIT,2013,2012-12-31,723,1766342419.61,1
626,DRH,2013,2012-12-31,724,1756311363.0,1
894,CAKE,2013,2012-12-31,725,1755631596.46,1
623,WBS,2013,2012-12-31,726,1753757550.0,1
946,SLAB,2013,2012-12-31,727,1750512884.7,1
1169,BDN,2013,2012-12-31,728,1748576277.1899998,1
1207,ITRI,2013,2012-12-31,729,1746634650.75,1
1523,RHP,2013,2012-12-31,730,1740864478.02,1
807,ELME,2013,2012-12-31,731,1737327550.0,1
824,FUL,2013,2012-12-31,732,1737022824.78,1
639,SAM,2013,2012-12-31,733,1735343595.4499998,1
1370,OLN,2013,2012-12-31,734,1731518000.0,1
555,CMC,2013,2012-12-31,735,1730430624.28,1
1025,PRI,2013,2012-12-31,736,1727659284.53,1
1393,THG,2013,2012-12-31,737,1726776808.9,1
1045,KMPR,2013,2012-12-31,738,1721420285.0,1
1216,ACIW,2013,2012-12-31,739,1720689537.7099998,1
1194,SF,2013,2012-12-31,740,1717434187.6113,1
998,VSAT,2013,2012-12-31,741,1712138220.3999999,1
453,AMD,2013,2012-12-31,742,1708674736.8,1
1409,BRC,2013,2012-12-31,743,1707399048.8,1
598,MOGa,2013,2012-12-31,744,1698624767.4,1
972,TTEK,2013,2012-12-31,745,1689943691.9199998,1
1494,IDCC,2013,2012-12-31,746,1682647128.47,1
1558,HL,2013,2012-12-31,747,1664465862.84,1
1041,NJR,2013,2012-12-31,748,1651723053.26,1
610,DLX,2013,2012-12-31,749,1641103499.3600001,1
1233,TXNM,2013,2012-12-31,750,1633695828.24,1
961,JBLU,2013,2012-12-31,751,1626185360.8,1
1226,MPT,2013,2012-12-31,752,1621442686.7600002,1
745,BKH,2013,2012-12-31,753,1605502290.2,1
1122,EGP,2013,2012-12-31,754,1594700353.22,1
1142,ALE,2013,2012-12-31,755,1591879984.1999998,1
1478,SSD,2013,2012-12-31,756,1584639083.79,1
962,PCH,2013,2012-12-31,757,1580620998.1499999,1
1235,CGNX,2013,2012-12-31,758,1580540046.28,1
539,CIEN,2013,2012-12-31,759,1579587770.2,1
1073,WERN,2013,2012-12-31,760,1579381891.1200001,1
667,MSA,2013,2012-12-31,761,1578678497.27,1
663,HCSG,2013,2012-12-31,762,1573460820.0,1
1018,CATY,2013,2012-12-31,763,1538539964.64,1
1486,CW,2013,2012-12-31,764,1535785364.54,1
790,FDP,2013,2012-12-31,765,1531099740.2,1
1479,VSH,2013,2012-12-31,766,1522989449.43,1
1313,CBRL,2013,2012-12-31,767,1522254047.5800002,1
881,WTS,2013,2012-12-31,768,1504342105.6200001,1
1242,PMT,2013,2012-12-31,769,1489693059.99,1
709,BGS,2013,2012-12-31,770,1487995257.1499999,1
1278,FNB,2013,2012-12-31,771,1486048550.04,1
357,TYL,2013,2012-12-31,772,1480277960.0,1
108,FICO,2013,2012-12-31,773,1467508594.23,1
910,SHO,2013,2012-12-31,774,1464886275.3000002,1
621,UNF,2013,2012-12-31,775,1464812328.7199998,1
1121,FELE,2013,2012-12-31,776,1458283634.2341,1
891,TRMK,2013,2012-12-31,777,1455866498.44,1
1429,AVA,2013,2012-12-31,778,1440909485.47,1
767,VAC,2013,2012-12-31,779,1438374977.46,1
541,FCFS,2013,2012-12-31,780,1421156793.72,1
276,DECK,2013,2012-12-31,781,1419979844.8812,1
1162,HI,2013,2012-12-31,782,1416360717.1,1
646,ALGT,2013,2012-12-31,783,1416065025.51,1
664,MTX,2013,2012-12-31,784,1412439539.8400002,1
1135,ADEA,2013,2012-12-31,785,1410474418.2468002,1
1084,GPI,2013,2012-12-31,786,1408408894.63,1
1387,MLI,2013,2012-12-31,787,1405605107.3500001,1
734,PEB,2013,2012-12-31,788,1403814812.4,1
1592,AMRX,2013,2012-12-31,789,1399650836.28,1
1243,FR,2013,2012-12-31,790,1385102864.64,1
594,RWT,2013,2012-12-31,791,1376918605.68,1
915,RLI,2013,2012-12-31,792,1374865580.0,1
1252,CADE,2013,2012-12-31,793,1373167923.3999999,1
947,FCN,2013,2012-12-31,794,1368535872.0,1
808,SAH,2013,2012-12-31,795,1363474778.73,1
615,BCO,2013,2012-12-31,796,1362855903.66,1
797,LFUS,2013,2012-12-31,797,1359437112.66,1
903,HNI,2013,2012-12-31,798,1357165052.28,1
1014,MKSI,2013,2012-12-31,799,1356741513.06,1
1180,WTFC,2013,2012-12-31,800,1352833785.2,1
1140,PRGS,2013,2012-12-31,801,1341428920.0,1
1488,CNS,2013,2012-12-31,802,1333362263.86,1
1237,MTH,2013,2012-12-31,803,1329301477.3500001,1
1374,SEM,2013,2012-12-31,804,1325756684.08,1
812,CHE,2013,2012-12-31,805,1323023456.1200001,1
86,MKTX,2013,2012-12-31,806,1316461432.5,1
1088,CROX,2013,2012-12-31,807,1309189767.04,1
1437,RAMP,2013,2012-12-31,808,1301858124.66,1
1505,GVA,2013,2012-12-31,809,1301469972.4599998,1
1484,NWE,2013,2012-12-31,810,1292496259.8799999,1
1164,DORM,2013,2012-12-31,811,1287023287.44,1
706,SNX,2013,2012-12-31,812,1286263518.529,1
810,LQDT,2013,2012-12-31,813,1285207334.6399999,1
783,OSIS,2013,2012-12-31,814,1280204556.0800002,1
897,PZZA,2013,2012-12-31,815,1270539359.22,1
871,NYT,2013,2012-12-31,816,1266668559.84,1
1153,ENTG,2013,2012-12-31,817,1262327883.12,1
65,MOH,2013,2012-12-31,818,1260544098.0,1
992,CACI,2013,2012-12-31,819,1256191601.88,1
1095,MLKN,2013,2012-12-31,820,1254124739.14,1
1071,QRVO,2013,2012-12-31,821,1252183130.24,1
649,JACK,2013,2012-12-31,822,1235741678.6000001,1
974,HUBG,2013,2012-12-31,823,1235387496.0,1
702,FFIN,2013,2012-12-31,824,1228693327.81,1
1331,UBSI,2013,2012-12-31,825,1223700753.32,1
1037,KBH,2013,2012-12-31,826,1220104203.0,1
999,ZD,2013,2012-12-31,827,1219984039.9118998,1
970,IBOC,2013,2012-12-31,828,1216062930.33,1
1506,SITC,2013,2012-12-31,829,1211811580.0,1
570,MATV,2013,2012-12-31,830,1211307993.18,1
1210,MASI,2013,2012-12-31,831,1202448858.16,1
889,ONB,2013,2012-12-31,832,1200994730.0,1
1195,EEFT,2013,2012-12-31,833,1200027691.6000001,1
1432,JJSF,2013,2012-12-31,834,1199344828.0800002,1
1410,OLED,2013,2012-12-31,835,1191519331.8,1
581,KALU,2013,2012-12-31,836,1191433467.1499999,1
605,NWN,2013,2012-12-31,837,1189731400.0,1
1105,TXRH,2013,2012-12-31,838,1186786221.6000001,1
532,MANH,2013,2012-12-31,839,1183929148.78,1
1363,OZK,2013,2012-12-31,840,1180553840.0,1
1515,MGEE,2013,2012-12-31,841,1177639856.1000001,1
1507,ACHC,2013,2012-12-31,842,1177318978.5500002,1
770,UVV,2013,2012-12-31,843,1169890000.72,1
765,CHDN,2013,2012-12-31,844,1159965220.95,1
1402,WABC,2013,2012-12-31,845,1159020963.27,1
980,VECO,2013,2012-12-31,846,1154729136.6599998,1
836,SCL,2013,2012-12-31,847,1154391013.32,1
1168,COHR,2013,2012-12-31,848,1143046449.08,1
1211,RBC,2013,2012-12-31,849,1138611928.14,1
603,NWBI,2013,2012-12-31,850,1136946934.4,1
899,GEF,2013,2012-12-31,851,1127545361.0,1
939,CIVI,2013,2012-12-31,852,1113190921.92,1
1397,HTLD,2013,2012-12-31,853,1107943900.0,1
665,AAT,2013,2012-12-31,854,1106788031.16,1
800,MNRO,2013,2012-12-31,855,1092026793.3999999,1
978,SXC,2013,2012-12-31,856,1091124269.52,1
1418,CVBF,2013,2012-12-31,857,1090851694.4,1
547,NTCT,2013,2012-12-31,858,1086411940.48,1
1268,ABM,2013,2012-12-31,859,1085532028.35,1
1333,CBU,2013,2012-12-31,860,1084167360.0,1
1177,NEOG,2013,2012-12-31,861,1081130404.276,1
1173,EZPW,2013,2012-12-31,862,1077382445.49,1
699,LTC,2013,2012-12-31,863,1073227012.92,1
809,BCPC,2013,2012-12-31,864,1070608379.4000001,1
1079,NOG,2013,2012-12-31,865,1068618702.04,1
1048,CCOI,2013,2012-12-31,866,1068127081.12,1
1477,ASGN,2013,2012-12-31,867,1065119045.6400001,1
728,HELE,2013,2012-12-31,868,1062982420.5,1
1188,SIGI,2013,2012-12-31,869,1059876207.1999999,1
1080,TILE,2013,2012-12-31,870,1059757394.54,1
934,GBCI,2013,2012-12-31,871,1058196535.62,1
784,IART,2013,2012-12-31,872,1053935778.06,1
1517,MATX,2013,2012-12-31,873,1052007977.04,1
989,LOPE,2013,2012-12-31,874,1049155071.6099999,1
145,MSTR,2013,2012-12-31,875,1048207308.4,1
1499,TWI,2013,2012-12-31,876,1036936322.76,1
678,BLKB,2013,2012-12-31,877,1031079622.9499999,1
907,FWRD,2013,2012-12-31,878,1028504069.3699999,1
877,LNN,2013,2012-12-31,879,1028136855.44,1
449,PODD,2013,2012-12-31,880,1022058520.18,1
896,PBH,2013,2012-12-31,881,1011637183.0,1
602,ABG,2013,2012-12-31,882,1009245057.0400001,1
838,CSR,2013,2012-12-31,883,1002461936.58,1
222,TTWO,2013,2012-12-31,884,999192357.66,1
1468,PRK,2013,2012-12-31,885,996077430.7399999,1
1469,ESE,2013,2012-12-31,886,987348437.9399999,1
1317,SYNA,2013,2012-12-31,887,987241770.0,1
1118,AZZ,2013,2012-12-31,888,975236841.81,1
761,POWI,2013,2012-12-31,889,973666541.89,1
631,CALM,2013,2012-12-31,890,966703747.78,1
1308,WRLD,2013,2012-12-31,891,963697991.0400001,1
1518,TR,2013,2012-12-31,892,958989831.2358,1
1582,ALNY,2013,2012-12-31,893,956562836.5,1
1115,LAD,2013,2012-12-31,894,956135595.7800001,1
1443,VRTS,2013,2012-12-31,895,947856607.28,1
1267,SCHL,2013,2012-12-31,896,945802765.04,1
928,FBP,2013,2012-12-31,897,944556300.0,1
310,DXCM,2013,2012-12-31,898,941603276.79,1
778,ODP,2013,2012-12-31,899,935557083.04,1
798,SKX,2013,2012-12-31,900,934059818.4447,1
892,HOMB,2013,2012-12-31,901,928093140.0000001,1
855,AWR,2013,2012-12-31,902,922004167.4599999,1
1425,BJRI,2013,2012-12-31,903,921966306.8,1
1482,BHE,2013,2012-12-31,904,921503711.4000001,1
1400,WAL,2013,2012-12-31,905,910476450.0,1
1369,SANM,2013,2012-12-31,906,905139756.63,1
969,OTTR,2013,2012-12-31,907,904155450.0,1
1192,HOPE,2013,2012-12-31,908,902940282.27,1
981,PLXS,2013,2012-12-31,909,902175690.0,1
1329,KLIC,2013,2012-12-31,910,899861573.9300001,1
1419,CUZ,2013,2012-12-31,911,898961668.0,1
1302,PFS,2013,2012-12-31,912,897559075.8,1
828,KW,2013,2012-12-31,913,891540920.0400001,1
1101,MATW,2013,2012-12-31,914,888359956.5,1
1239,EVR,2013,2012-12-31,915,883969630.47,1
1520,MWA,2013,2012-12-31,916,883575000.0,1
687,ICUI,2013,2012-12-31,917,880925940.0,1
670,SCSC,2013,2012-12-31,918,878449459.14,1
1255,ORA,2013,2012-12-31,919,875907482.08,1
1099,RGR,2013,2012-12-31,920,869867268.8,1
994,SR,2013,2012-12-31,921,869767161.12,1
611,AROC,2013,2012-12-31,922,861241059.3149999,1
1536,PEGA,2013,2012-12-31,923,859292718.48,1
787,EXLS,2013,2012-12-31,924,853401230.0,1
1042,BFS,2013,2012-12-31,925,851521000.0,1
1040,FFBC,2013,2012-12-31,926,848635955.6999999,1
858,NPO,2013,2012-12-31,927,847145830.8,1
841,EXEL,2013,2012-12-31,928,839037970.1,1
662,AXL,2013,2012-12-31,929,838203150.4,1
1246,NSP,2013,2012-12-31,930,835301305.5200001,1
635,ROG,2013,2012-12-31,931,823730184.68,1
1350,TNC,2013,2012-12-31,932,816823935.0,1
1281,RDN,2013,2012-12-31,933,816555149.5400001,1
1476,SBRA,2013,2012-12-31,934,804752976.24,1
1044,IOSP,2013,2012-12-31,935,802918025.6600001,1
714,DIOD,2013,2012-12-31,936,798287640.2500001,1
546,ANDE,2013,2012-12-31,937,797940000.0,1
874,CNMD,2013,2012-12-31,938,796216401.5,1
10,MPWR,2013,2012-12-31,939,790395922.4000001,1
1502,CAL,2013,2012-12-31,940,787941250.36,1
1503,HMN,2013,2012-12-31,941,785991846.0400001,1
1247,KOP,2013,2012-12-31,942,785133332.9,1
1398,CENX,2013,2012-12-31,943,775282836.512,1
1131,NSIT,2013,2012-12-31,944,773933829.12,1
1576,PRIM,2013,2012-12-31,945,772855932.0370001,1
1290,KFY,2013,2012-12-31,946,770782344.54,1
1314,CWT,2013,2012-12-31,947,768965833.25,1
634,OXM,2013,2012-12-31,948,768304947.88,1
1483,WT,2013,2012-12-31,949,766664640.0,1
1249,HTH,2013,2012-12-31,950,763176832.9399999,1
700,ASTE,2013,2012-12-31,951,760191266.88,1
551,HALO,2013,2012-12-31,952,756251167.32,1
1158,NX,2013,2012-12-31,953,755932129.8100001,1
576,LRN,2013,2012-12-31,954,753680032.0,1
1382,TTMI,2013,2012-12-31,955,752928070.5899999,1
1165,UFPI,2013,2012-12-31,956,752827348.56,1
801,ECPG,2013,2012-12-31,957,750802400.0,1
769,LZB,2013,2012-12-31,958,742064657.8000001,1
1182,AIR,2013,2012-12-31,959,741499779.3199999,1
830,ETD,2013,2012-12-31,960,741462259.5,1
713,EXPO,2013,2012-12-31,961,738285088.98,1
574,LNW,2013,2012-12-31,962,737624473.98,1
776,WDFC,2013,2012-12-31,963,734723979.64,1
924,CRK,2013,2012-12-31,964,728204843.52,1
703,LCII,2013,2012-12-31,965,722023287.75,1
1047,AIN,2013,2012-12-31,966,712152000.0,1
1490,COLB,2013,2012-12-31,967,711966840.0,1
1257,SAFT,2013,2012-12-31,968,707343283.53,1
1003,KWR,2013,2012-12-31,969,704592049.62,1
1127,GFF,2013,2012-12-31,970,701516416.62,1
563,FCF,2013,2012-12-31,971,699828687.14,1
832,DXPE,2013,2012-12-31,972,695851463.44,1
1526,ANGI,2013,2012-12-31,973,693192353.92,1
1465,NBTB,2013,2012-12-31,974,688925915.55,1
1225,GIII,2013,2012-12-31,975,687964637.8499999,1
1282,APOG,2013,2012-12-31,976,682689929.55,1
1376,BMI,2013,2012-12-31,977,678230250.17,1
987,FIZZ,2013,2012-12-31,978,675623434.05,1
1568,FIBK,2013,2012-12-31,979,667969683.89,1
849,STRA,2013,2012-12-31,980,662382253.52,1
887,NHC,2013,2012-12-31,981,658421342.12,1
821,SRPT,2013,2012-12-31,982,656681853.0,1
1263,PNFP,2013,2012-12-31,983,653683887.48,1
1411,SXI,2013,2012-12-31,984,652720386.75,1
698,CPF,2013,2012-12-31,985,652596152.8,1
1388,AMKR,2013,2012-12-31,986,647636031.2800001,1
553,BANF,2013,2012-12-31,987,645664166.88,1
1481,DY,2013,2012-12-31,988,645434697.6,1
935,PRSU,2013,2012-12-31,989,642799398.6651,1
1227,UHT,2013,2012-12-31,990,642020544.06,1
1248,SKYW,2013,2012-12-31,991,638647168.32,1
814,HSTM,2013,2012-12-31,992,637520487.89,1
1456,EIG,2013,2012-12-31,993,632305805.88,1
1462,TREX,2013,2012-12-31,994,630599580.66,1
1022,INDB,2013,2012-12-31,995,627642311.1,1
604,STAG,2013,2012-12-31,996,626685330.75,1
983,QDEL,2013,2012-12-31,997,622650194.35,1
1320,OPCH,2013,2012-12-31,998,614180326.89,1
1311,WNC,2013,2012-12-31,999,613821656.76,1
1416,COKE,2013,2012-12-31,1000,613814218.5,1
397,AAPL,2014,2013-12-31,1,500739902985.83997,1
428,XOM,2014,2013-12-31,2,438702000000.0,1
102,GOOGL,2014,2013-12-31,3,374427795461.932,1
275,KMI,2014,2013-12-31,4,372905912160.0,1
32,MSFT,2014,2013-12-31,5,310503000000.0,1
511,GE,2014,2013-12-31,6,283590864806.9,1
228,JNJ,2014,2013-12-31,7,258415545162.57,1
288,WMT,2014,2013-12-31,8,254622932516.69998,1
12,CVX,2014,2013-12-31,9,240223541053.83,1
496,WFC,2014,2013-12-31,10,238676880000.0,1
35,PG,2014,2013-12-31,11,220735738387.00998,1
216,JPM,2014,2013-12-31,12,219656728000.0,1
460,IBM,2014,2013-12-31,13,203673706619.31,1
174,PFE,2014,2013-12-31,14,198515199982.35,1
385,T,2014,2013-12-31,15,183746159999.99997,1
202,AMZN,2014,2013-12-31,16,183044610000.0,1
169,KO,2014,2013-12-31,17,182421768100.23,1
419,ORCL,2014,2013-12-31,18,172070868340.0,1
51,BAC,2014,2013-12-31,19,164914455168.72,1
187,C,2014,2013-12-31,20,157851612000.0,1
289,MRK,2014,2013-12-31,21,146242540193.75,1
85,V,2014,2013-12-31,22,141581837225.36002,1
337,VZ,2014,2013-12-31,23,140638680000.0,1
239,PM,2014,2013-12-31,24,139596739873.31,1
282,META,2014,2013-12-31,25,138822639247.69998,1
283,BRKb,2014,2013-12-31,26,138699754003.2,1
42,DIS,2014,2013-12-31,27,134256162662.40001,1
278,INTC,2014,2013-12-31,28,129022304999.99998,1
126,PEP,2014,2013-12-31,29,127196744686.44,1
471,QCOM,2014,2013-12-31,30,125259750000.0,1
64,CSCO,2014,2013-12-31,31,119924630637.15,1
351,SLB,2014,2013-12-31,32,117803539550.59,1
473,HD,2014,2013-12-31,33,115953413485.52,1
297,GILD,2014,2013-12-31,34,115234491399.99998,1
360,CMCSA,2014,2013-12-31,35,111115550854.4967,1
218,BA,2014,2013-12-31,36,102565880981.03001,1
461,MA,2014,2013-12-31,37,99769679350.1244,1
346,RTX,2014,2013-12-31,38,97864887993.46799,1
213,UPS,2014,2013-12-31,39,97551028928.31999,1
144,MCD,2014,2013-12-31,40,96547776812.92,1
400,AXP,2014,2013-12-31,41,96536720000.0,1
150,MMM,2014,2013-12-31,42,93027297519.75,1
167,BMY,2014,2013-12-31,43,87513755241.3,1
58,COP,2014,2013-12-31,44,86553223013.70001,1
125,AMGN,2014,2013-12-31,45,86130400000.0,1
504,CVS,2014,2013-12-31,46,85186490732.18999,1
269,ABBV,2014,2013-12-31,47,84013412291.72,1
273,GS,2014,2013-12-31,48,80339791937.15999,1
295,UNP,2014,2013-12-31,49,77375531184.0,1
232,MO,2014,2013-12-31,50,76780568555.9,1
17,UNH,2014,2013-12-31,51,75808891782.3,1
265,AIG,2014,2013-12-31,52,74740432639.15,1
193,AZN,2014,2013-12-31,53,74638188065.19,1
25,USB,2014,2013-12-31,54,73782719737.59999,1
156,OXY,2014,2013-12-31,55,72614542800.0,1
313,EBAY,2014,2013-12-31,56,71034456709.6411,1
296,NKE,2014,2013-12-31,57,69954614400.88,1
353,BIIB,2014,2013-12-31,58,66038048840.1,1
9,LVS,2014,2013-12-31,59,64637801867.76,1
381,HON,2014,2013-12-31,60,64422573068.6808,1
77,MDLZ,2014,2013-12-31,61,61908699879.6,1
110,MS,2014,2013-12-31,62,60991091840.0,1
447,F,2014,2013-12-31,63,60862657818.1,1
287,MET,2014,2013-12-31,64,60490161600.0,1
454,CL,2014,2013-12-31,65,60332864869.84999,1
217,BKNG,2014,2013-12-31,66,59779405043.200005,1
384,ABT,2014,2013-12-31,67,59265295811.18,1
134,SBUX,2014,2013-12-31,68,59074704000.0,1
71,CAT,2014,2013-12-31,69,57920646877.020004,1
480,LLY,2014,2013-12-31,70,57459130365.0,1
268,MDT,2014,2013-12-31,71,57295320503.16,1
22,GM,2014,2013-12-31,72,56767355527.7,1
234,ACN,2014,2013-12-31,73,55669769686.52,1
139,WBA,2014,2013-12-31,74,54577838610.4,1
405,DHR,2014,2013-12-31,75,53893320000.0,1
220,HPQ,2014,2013-12-31,76,53407390925.3352,1
119,BLK,2014,2013-12-31,77,53396325746.61001,1
512,COST,2014,2013-12-31,78,52335760643.1,1
62,LOW,2014,2013-12-31,79,51820814512.95,1
219,EMR,2014,2013-12-31,80,49485024106.98,1
197,DUK,2014,2013-12-31,81,48721060000.0,1
57,TXN,2014,2013-12-31,82,48062266335.74,1
158,SPG,2014,2013-12-31,83,47817655293.2755,1
97,LMT,2014,2013-12-31,84,47616875487.68,1
74,PSX,2014,2013-12-31,85,46242245308.68,1
196,EOG,2014,2013-12-31,86,45816073815.840004,1
434,TJX,2014,2013-12-31,87,45324702264.39,1
323,FDX,2014,2013-12-31,88,44889045726.14,1
363,LYB,2014,2013-12-31,89,44445184631.64,1
518,COF,2014,2013-12-31,90,43874547000.0,1
47,HAL,2014,2013-12-31,91,43047491779.25,1
80,PRU,2014,2013-12-31,92,42697860000.0,1
328,PNC,2014,2013-12-31,93,41350140000.0,1
259,ASML,2014,2013-12-31,94,41307863695.8,1
370,TMO,2014,2013-12-31,95,40238248075.549995,1
93,TGT,2014,2013-12-31,96,39992188715.73,1
26,BK,2014,2013-12-31,97,39910215000.0,1
304,KMB,2014,2013-12-31,98,39778368000.0,1
55,FCX,2014,2013-12-31,99,39179975625.18,1
203,ADP,2014,2013-12-31,100,38802492938.4,1
311,LIN,2014,2013-12-31,101,38276072511.91,1
482,BAX,2014,2013-12-31,102,37744618288.65,1
100,D,2014,2013-12-31,103,37548378252.409996,1
53,ITW,2014,2013-12-31,104,37317888277.76,1
206,NEE,2014,2013-12-31,105,37260244824.72,1
516,MCK,2014,2013-12-31,106,37142464067.4,1
463,ON,2014,2013-12-31,107,36620841903.200005,1
343,SO,2014,2013-12-31,108,36505680000.0,1
70,BEN,2014,2013-12-31,109,36418173421.89,1
406,ETN,2014,2013-12-31,110,36118940000.0,1
362,BX,2014,2013-12-31,111,35546480838.8872,1
61,CB,2014,2013-12-31,112,35224318245.27,1
1241,NOV,2014,2013-12-31,113,34073332399.59,1
472,APA,2014,2013-12-31,114,34032240000.0,1
230,DE,2014,2013-12-31,115,33916964366.739998,1
420,GD,2014,2013-12-31,116,33767636966.7,1
210,YUM,2014,2013-12-31,117,33671444926.97,1
491,SCHW,2014,2013-12-31,118,33519647174.0,1
82,CRM,2014,2013-12-31,119,33279570000.0,1
390,STT,2014,2013-12-31,120,32218299609.19,1
514,TRV,2014,2013-12-31,121,32005890000.000004,1
45,AMT,2014,2013-12-31,122,31500160569.539997,1
389,ECL,2014,2013-12-31,123,31416472901.77,1
212,GIS,2014,2013-12-31,124,31170608429.94,1
333,AFL,2014,2013-12-31,125,30688788400.0,1
130,CTSH,2014,2013-12-31,126,30546156249.18,1
402,ADBE,2014,2013-12-31,127,29932753133.675,1
1541,TRI,2014,2013-12-31,128,29327524239.272404,1
178,EL,2014,2013-12-31,129,29220641878.12,1
494,CSX,2014,2013-12-31,130,29163411365.97,1
246,NSC,2014,2013-12-31,131,28673182057.66,1
431,ADM,2014,2013-12-31,132,28555901472.0,1
28,SYK,2014,2013-12-31,133,28434399527.3,1
749,VFC,2014,2013-12-31,134,27448602977.52,1
475,REGN,2014,2013-12-31,135,27363985372.64,1
388,ELV,2014,2013-12-31,136,27293589934.16,1
281,MPC,2014,2013-12-31,137,27216291000.0,1
433,VLO,2014,2013-12-31,138,27193937853.6,1
439,HES,2014,2013-12-31,139,27001076691.0,1
188,TMUS,2014,2013-12-31,140,26961171789.84,1
154,PPG,2014,2013-12-31,141,26936012764.44,1
186,CMI,2014,2013-12-31,142,26412732401.76,1
132,DFS,2014,2013-12-31,143,26408400000.0,1
190,TFC,2014,2013-12-31,144,26371058400.0,1
36,WMB,2014,2013-12-31,145,26359834082.26,1
7,CME,2014,2013-12-31,146,26311753619.3,1
251,ICE,2014,2013-12-31,147,25873904092.52,1
157,PSA,2014,2013-12-31,148,25855767321.320004,1
330,GLW,2014,2013-12-31,149,25789137875.82,1
142,AON,2014,2013-12-31,150,25254919572.26,1
6,DVN,2014,2013-12-31,151,25119220000.0,1
407,NOC,2014,2013-12-31,152,24939047750.3,1
487,CCI,2014,2013-12-31,153,24530793510.65,1
417,BKR,2014,2013-12-31,154,24492653397.719997,1
255,ALL,2014,2013-12-31,155,24488460000.0,1
201,CI,2014,2013-12-31,156,24180519660.48,1
307,CCL,2014,2013-12-31,157,23777536385.460003,1
315,APD,2014,2013-12-31,158,23660794973.52,1
506,DAL,2014,2013-12-31,159,23501845433.48,1
408,EXC,2014,2013-12-31,160,23470599793.08,1
371,MU,2014,2013-12-31,161,22999484952.0,1
364,CAH,2014,2013-12-31,162,22814049842.13,1
306,AEP,2014,2013-12-31,163,22798714367.280003,1
382,TEL,2014,2013-12-31,164,22615719241.17,1
373,AMP,2014,2013-12-31,165,22381904773.8,1
141,NFLX,2014,2013-12-31,166,21945509558.170002,1
122,SRE,2014,2013-12-31,167,21937336280.64,1
37,TROW,2014,2013-12-31,168,21856257212.329998,1
153,IP,2014,2013-12-31,169,21750852115.05,1
118,INTU,2014,2013-12-31,170,21743763989.76,1
116,HCA,2014,2013-12-31,171,21366350980.0,1
365,BDX,2014,2013-12-31,172,21326909625.75,1
261,AMAT,2014,2013-12-31,173,21289963696.56,1
445,SPGI,2014,2013-12-31,174,21176560000.0,1
367,WM,2014,2013-12-31,175,21052382954.329998,1
391,PCAR,2014,2013-12-31,176,20963966430.0,1
27,K,2014,2013-12-31,177,20755280780.183002,1
1214,PRGO,2014,2013-12-31,178,20521791458.0,1
180,KR,2014,2013-12-31,179,20418282899.68,1
18,MOS,2014,2013-12-31,180,20137300594.72,1
412,WDC,2014,2013-12-31,181,19981469204.5,1
704,M,2014,2013-12-31,182,19676938479.6,1
257,WYNN,2014,2013-12-31,183,19645371589.84,1
318,DG,2014,2013-12-31,184,19317791975.04,1
240,PH,2014,2013-12-31,185,19183934106.239998,1
182,OMC,2014,2013-12-31,186,19139928273.75,1
1238,AAL,2014,2013-12-31,187,19090526135.25,1
256,A,2014,2013-12-31,188,18976094934.15,1
107,PPL,2014,2013-12-31,189,18966358890.0,1
1046,LUMN,2014,2013-12-31,190,18825604884.45,1
1579,CRH,2014,2013-12-31,191,18735316672.8,1
271,EQR,2014,2013-12-31,192,18698059216.2,1
466,L,2014,2013-12-31,193,18678528000.0,1
33,SHW,2014,2013-12-31,194,18594641221.408703,1
484,APTV,2014,2013-12-31,195,18488963418.552002,1
123,TSLA,2014,2013-12-31,196,18441865886.003998,1
321,PLD,2014,2013-12-31,197,18427837020.0,1
386,WY,2014,2013-12-31,198,18422610360.0,1
317,STX,2014,2013-12-31,199,18420480000.0,1
98,PCG,2014,2013-12-31,200,18097614361.760002,1
155,FITB,2014,2013-12-31,201,17987085180.0,1
886,BBWI,2014,2013-12-31,202,17953916527.05,1
266,TT,2014,2013-12-31,203,17746132773.600002,1
233,GWW,2014,2013-12-31,204,17586672843.96,1
572,GAP,2014,2013-12-31,205,17545935223.079998,1
191,MSI,2014,2013-12-31,206,17463102457.5,1
344,VRTX,2014,2013-12-31,207,17370522700.0,1
237,JCI,2014,2013-12-31,208,17089220629.525,1
38,NUE,2014,2013-12-31,209,16986105582.1,1
490,KKR,2014,2013-12-31,210,16864877977.3,1
361,VTR,2014,2013-12-31,211,16844953150.08,1
272,MCO,2014,2013-12-31,212,16792580000.0,1
1342,VNO,2014,2013-12-31,213,16629007447.52,1
164,VTRS,2014,2013-12-31,214,16615987073.0,1
300,DOC,2014,2013-12-31,215,16596520429.6,1
152,PAYX,2014,2013-12-31,216,16582026000.0,1
647,CPRI,2014,2013-12-31,217,16553234708.01,1
352,SYY,2014,2013-12-31,218,16498548313.900002,1
143,CMG,2014,2013-12-31,219,16486557432.0,1
41,DOV,2014,2013-12-31,220,16428626556.892,1
274,HIG,2014,2013-12-31,221,16423058999.999998,1
151,GEN,2014,2013-12-31,222,16412423005.8,1
279,ROK,2014,2013-12-31,223,16398398526.16,1
424,CTRA,2014,2013-12-31,224,16355150995.199999,1
165,J,2014,2013-12-31,225,16293073416.9896,1
138,PGR,2014,2013-12-31,226,16247466000.0,1
444,PEG,2014,2013-12-31,227,16207794834.48,1
3,ED,2014,2013-12-31,228,16190859253.76,1
341,COR,2014,2013-12-31,229,16173556529.140001,1
340,IVZ,2014,2013-12-31,230,16135394293.199999,1
299,AZO,2014,2013-12-31,231,16110966923.02,1
464,ROST,2014,2013-12-31,232,16103605751.830002,1
1075,MAT,2014,2013-12-31,233,16102711273.74,1
485,HUM,2014,2013-12-31,234,16093370722.78,1
40,BSX,2014,2013-12-31,235,16049361312.14,1
355,RL,2014,2013-12-31,236,15951405487.42,1
326,ZBH,2014,2013-12-31,237,15933706529.779999,1
430,HSY,2014,2013-12-31,238,15845294438.82,1
129,ADI,2014,2013-12-31,239,15841526128.12,1
194,TPR,2014,2013-12-31,240,15742378928.550001,1
30,FIS,2014,2013-12-31,241,15628010690.16,1
342,WELL,2014,2013-12-31,242,15464088756.16,1
84,BXP,2014,2013-12-31,243,15354913847.37,1
101,PNR,2014,2013-12-31,244,15328652714.19,1
675,HOG,2014,2013-12-31,245,15309509541.96,1
469,AVB,2014,2013-12-31,246,15300935849.85,1
31,MTB,2014,2013-12-31,247,15200260880.0,1
468,EIX,2014,2013-12-31,248,15085058837.8,1
458,MAR,2014,2013-12-31,249,14782222310.1,1
198,HST,2014,2013-12-31,250,14702138584.560001,1
493,NTRS,2014,2013-12-31,251,14687858580.0,1
379,ISRG,2014,2013-12-31,252,14619710438.731499,1
492,PFG,2014,2013-12-31,253,14556312000.0,1
334,WDAY,2014,2013-12-31,254,14536368000.0,1
651,XRX,2014,2013-12-31,255,14461854400.0,1
258,SWK,2014,2013-12-31,256,14274281929.22,1
308,CAG,2014,2013-12-31,257,14167701644.900002,1
168,APH,2014,2013-12-31,258,14115506000.960001,1
510,FAST,2014,2013-12-31,259,14098760875.439999,1
236,NTAP,2014,2013-12-31,260,14021261529.66,1
840,ILMN,2014,2013-12-31,261,13978139169.5,1
2,XEL,2014,2013-12-31,262,13904047210.900002,1
4,BBY,2014,2013-12-31,263,13798784882.6,1
109,FE,2014,2013-12-31,264,13793210262.179998,1
837,RRC,2014,2013-12-31,265,13778074758.76,1
442,ROP,2014,2013-12-31,266,13772247007.2,1
13,UAL,2014,2013-12-31,267,13689602325.359999,1
224,ORLY,2014,2013-12-31,268,13635570845.7196,1
500,CPB,2014,2013-12-31,269,13633751214.08,1
1583,FER,2014,2013-12-31,270,13628620537.9,1
39,RF,2014,2013-12-31,271,13628420000.0,1
954,LNC,2014,2013-12-31,272,13542361792.939999,1
260,EQT,2014,2013-12-31,273,13530705471.487999,1
19,DVA,2014,2013-12-31,274,13508155025.76,1
1197,OVV,2014,2013-12-31,275,13359501693.9,1
83,ES,2014,2013-12-31,276,13356837839.25,1
440,CF,2014,2013-12-31,277,13356144150.72,1
75,WBD,2014,2013-12-31,278,13244489763.6383,1
211,AVGO,2014,2013-12-31,279,13162329918.08,1
103,LUV,2014,2013-12-31,280,13126214992.44,1
404,CHTR,2014,2013-12-31,281,13122698136.325,1
1274,FLR,2014,2013-12-31,282,13115576962.11,1
113,AME,2014,2013-12-31,283,12891180275.85,1
117,GPC,2014,2013-12-31,284,12840975301.619999,1
105,OKE,2014,2013-12-31,285,12826908249.6,1
474,BWA,2014,2013-12-31,286,12737721600.0,1
683,WHR,2014,2013-12-31,287,12312712210.04,1
67,EMN,2014,2013-12-31,288,12304100941.800001,1
536,KSS,2014,2013-12-31,289,12152440630.25,1
866,MUR,2014,2013-12-31,290,12131431736.8,1
56,BG,2014,2013-12-31,291,12110651379.539999,1
320,CLX,2014,2013-12-31,292,11970178580.16,1
14,RSG,2014,2013-12-31,293,11965280000.000002,1
452,KEY,2014,2013-12-31,294,11953516080.0,1
1117,JWN,2014,2013-12-31,295,11949475145.4,1
950,WFRD,2014,2013-12-31,296,11917931152.32,1
263,HRL,2014,2013-12-31,297,11909928775.17,1
875,TRIP,2014,2013-12-31,298,11767035881.039999,1
309,DTE,2014,2013-12-31,299,11756821199.7,1
443,DLTR,2014,2013-12-31,300,11740663254.32,1
171,STZ,2014,2013-12-31,301,11726822084.939999,1
456,NXPI,2014,2013-12-31,302,11562946395.0,1
345,SBAC,2014,2013-12-31,303,11534368666.48,1
262,MGM,2014,2013-12-31,304,11526359987.52,1
624,AMG,2014,2013-12-31,305,11490051252.96,1
653,SLM,2014,2013-12-31,306,11464976159.4729,1
147,CCEP,2014,2013-12-31,307,11458023966.300001,1
410,JNPR,2014,2013-12-31,308,11397945606.52,1
161,TSN,2014,2013-12-31,309,11385966615.52,1
319,NEM,2014,2013-12-31,310,11355150957.85,1
499,ADSK,2014,2013-12-31,311,11352192000.0,1
267,MNST,2014,2013-12-31,312,11303887854.779999,1
312,ETR,2014,2013-12-31,313,11287368000.0,1
1220,PVH,2014,2013-12-31,314,11102280208.2,1
1083,CG,2014,2013-12-31,315,11092784033.24,1
121,VRSK,2014,2013-12-31,316,11056201585.24,1
963,FLS,2014,2013-12-31,317,10994310053.32,1
95,SJM,2014,2013-12-31,318,10894426915.68,1
250,TSCO,2014,2013-12-31,319,10829164425.119999,1
133,MHK,2014,2013-12-31,320,10813839122.7,1
115,KLAC,2014,2013-12-31,321,10742221484.279999,1
199,AES,2014,2013-12-31,322,10569689400.73,1
462,KMX,2014,2013-12-31,323,10495980207.78,1
292,RCL,2014,2013-12-31,324,10429484191.62,1
205,TXT,2014,2013-12-31,325,10335092085.92,1
959,JEF,2014,2013-12-31,326,10331001592.08,1
470,NI,2014,2013-12-31,327,10301103141.2356,1
679,BFH,2014,2013-12-31,328,10210756360.8325,1
614,PII,2014,2013-12-31,329,10088008887.439999,1
183,FMC,2014,2013-12-31,330,10027554091.939999,1
1072,BMRN,2014,2013-12-31,331,10004660419.949999,1
426,CNP,2014,2013-12-31,332,9935879071.06,1
94,LKQ,2014,2013-12-31,333,9890399348.9,1
527,DINO,2014,2013-12-31,334,9889405266.98,1
517,HSIC,2014,2013-12-31,335,9804672046.3104,1
1145,IBKR,2014,2013-12-31,336,9792058500.62,1
394,BFb,2014,2013-12-31,337,9728539543.47,1
20,CPAY,2014,2013-12-31,338,9663217290.9,1
5,NRG,2014,2013-12-31,339,9649906932.4,1
495,KDP,2014,2013-12-31,340,9645584187.119999,1
906,TNL,2014,2013-12-31,341,9598946029.2316,1
1495,UAA,2014,2013-12-31,342,9527502397.166,1
1196,WU,2014,2013-12-31,343,9466800000.0,1
1107,NLY,2014,2013-12-31,344,9445615826.18,1
335,WEC,2014,2013-12-31,345,9364318982.460001,1
1395,NWL,2014,2013-12-31,346,9308151999.999998,1
387,CHD,2014,2013-12-31,347,9202852333.12,1
1232,UNM,2014,2013-12-31,348,9120800000.0,1
78,NVDA,2014,2013-12-31,349,9107940520.26,1
729,HP,2014,2013-12-31,350,9069144666.48,1
508,JBHT,2014,2013-12-31,351,9062729300.0,1
226,EXPE,2014,2013-12-31,352,9033926760.0,1
96,GRMN,2014,2013-12-31,353,9017294526.289999,1
486,EXPD,2014,2013-12-31,354,8962979985.0,1
481,TRMB,2014,2013-12-31,355,8947115560.900002,1
479,TAP,2014,2013-12-31,356,8946394323.6,1
23,MCHP,2014,2013-12-31,357,8876985273.5,1
422,CHRW,2014,2013-12-31,358,8846618550.0,1
92,EQIX,2014,2013-12-31,359,8832882335.55,1
501,LRCX,2014,2013-12-31,360,8830102050.0,1
1034,SLG,2014,2013-12-31,361,8775453340.0,1
69,AEE,2014,2013-12-31,362,8772416000.0,1
904,CNX,2014,2013-12-31,363,8724517667.0376,1
338,CE,2014,2013-12-31,364,8720855189.550001,1
245,CBRE,2014,2013-12-31,365,8715653468.4,1
569,ALV,2014,2013-12-31,366,8664390424.8,1
1112,CLB,2014,2013-12-31,367,8662503271.199999,1
579,CMA,2014,2013-12-31,368,8652280000.0,1
377,CINF,2014,2013-12-31,369,8579814649.29,1
324,LULU,2014,2013-12-31,370,8571546129.27,1
1445,OII,2014,2013-12-31,371,8534614382.719999,1
244,WAT,2014,2013-12-31,372,8513035900.0,1
425,TDG,2014,2013-12-31,373,8480779287.1,1
166,AKAM,2014,2013-12-31,374,8445220000.0,1
378,EFX,2014,2013-12-31,375,8422071000.0,1
641,MAC,2014,2013-12-31,376,8276405664.54,1
535,DXC,2014,2013-12-31,377,8226124727.0401,1
455,MKC,2014,2013-12-31,378,8201622526.56,1
305,INCY,2014,2013-12-31,379,8157483019.02,1
1098,WLK,2014,2013-12-31,380,8150711922.209999,1
46,MAS,2014,2013-12-31,381,8128600821.0,1
565,FNF,2014,2013-12-31,382,8103432788.550001,1
372,KIM,2014,2013-12-31,383,8092188395.5,1
90,ANSS,2014,2013-12-31,384,8079934385.6,1
953,AAP,2014,2013-12-31,385,8061056274.6,1
72,HBAN,2014,2013-12-31,386,8030894995.700001,1
418,WTW,2014,2013-12-31,387,8014779296.099999,1
369,VRSN,2014,2013-12-31,388,7994020720.0,1
415,UHS,2014,2013-12-31,389,7985383795.52,1
131,ACGL,2014,2013-12-31,390,7979067193.4484005,1
1361,HRB,2014,2013-12-31,391,7958303767.92,1
513,PHM,2014,2013-12-31,392,7802879441.700001,1
277,DGX,2014,2013-12-31,393,7786159063.62,1
146,IPG,2014,2013-12-31,394,7777432515.9,1
253,NOW,2014,2013-12-31,395,7768587000.0,1
1276,H,2014,2013-12-31,396,7743597670.72,1
181,VMC,2014,2013-12-31,397,7723974723.34,1
1094,GNW,2014,2013-12-31,398,7684244000.0,1
1343,FBIN,2014,2013-12-31,399,7596027465.1,1
1027,ASH,2014,2013-12-31,400,7550239977.2879,1
636,WOLF,2014,2013-12-31,401,7546335617.400001,1
176,AWK,2014,2013-12-31,402,7533867565.219999,1
396,BALL,2014,2013-12-31,403,7471766403.36,1
476,LHX,2014,2013-12-31,404,7460894394.33,1
768,TDC,2014,2013-12-31,405,7433066000.0,1
937,FLG,2014,2013-12-31,406,7427637800.250001,1
302,EG,2014,2013-12-31,407,7410527410.0,1
366,RJF,2014,2013-12-31,408,7331502458.5,1
451,O,2014,2013-12-31,409,7329638997.509999,1
580,JAZZ,2014,2013-12-31,410,7313866836.64,1
1206,DKS,2014,2013-12-31,411,7308283206.7,1
207,URI,2014,2013-12-31,412,7271527788.35,1
477,DHI,2014,2013-12-31,413,7218080223.12,1
303,MTD,2014,2013-12-31,414,7201599274.41,1
393,EW,2014,2013-12-31,415,7194573215.52,1
284,WAB,2014,2013-12-31,416,7152568190.879999,1
298,CMS,2014,2013-12-31,417,7150021572.64,1
44,CTAS,2014,2013-12-31,418,7141863347.29,1
489,HAS,2014,2013-12-31,419,7137799775.86,1
148,DRI,2014,2013-12-31,420,7136843960.009999,1
286,EA,2014,2013-12-31,421,7091270884.08,1
507,MRVL,2014,2013-12-31,422,7073522000.0,1
179,GL,2014,2013-12-31,423,7066292599.650001,1
437,IFF,2014,2013-12-31,424,7008504248.160001,1
843,HBI,2014,2013-12-31,425,6964412338.0199995,1
845,XRAY,2014,2013-12-31,426,6915780401.28,1
114,FFIV,2014,2013-12-31,427,6908994400.0,1
515,LH,2014,2013-12-31,428,6860331900.0,1
890,ST,2014,2013-12-31,429,6843728513.570001,1
368,PWR,2014,2013-12-31,430,6812550310.559999,1
221,LEN,2014,2013-12-31,431,6795506884.625799,1
1287,MAN,2014,2013-12-31,432,6782418572.22,1
1272,EPC,2014,2013-12-31,433,6780844712.4,1
923,TGNA,2014,2013-12-31,434,6741096681.299999,1
747,OGE,2014,2013-12-31,435,6727565547.9,1
79,RMD,2014,2013-12-31,436,6689193912.719999,1
822,SEE,2014,2013-12-31,437,6679637361.749999,1
204,NDAQ,2014,2013-12-31,438,6669542234.2017,1
229,FRT,2014,2013-12-31,439,6595803347.96,1
1327,TOL,2014,2013-12-31,440,6559471000.0,1
136,IT,2014,2013-12-31,441,6549213719.65,1
1337,LEA,2014,2013-12-31,442,6533964107.67,1
1087,ENOV,2014,2013-12-31,443,6491387531.969999,1
34,XYL,2014,2013-12-31,444,6383293034.8,1
450,SNA,2014,2013-12-31,445,6368559524.8,1
782,DCI,2014,2013-12-31,446,6314738000.0,1
1381,SIG,2014,2013-12-31,447,6312920500.0,1
16,DLR,2014,2013-12-31,448,6278332304.46,1
459,AJG,2014,2013-12-31,449,6269848000.0,1
509,SNPS,2014,2013-12-31,450,6261691453.0,1
478,PKG,2014,2013-12-31,451,6206243015.28,1
120,ULTA,2014,2013-12-31,452,6199712406.24,1
1461,CCK,2014,2013-12-31,453,6153302911.86,1
223,HOLX,2014,2013-12-31,454,6104427495.450001,1
1285,FL,2014,2013-12-31,455,6080866439.2,1
1512,AVT,2014,2013-12-31,456,6068312697.37,1
731,AN,2014,2013-12-31,457,6052848218.0,1
111,IEX,2014,2013-12-31,458,5990673671.849999,1
957,NFG,2014,2013-12-31,459,5981285885.400001,1
411,COO,2014,2013-12-31,460,5944390712.64,1
520,SEIC,2014,2013-12-31,461,5925217680.69,1
1294,GT,2014,2013-12-31,462,5914800000.0,1
738,OI,2014,2013-12-31,463,5903499345.76,1
1245,RS,2014,2013-12-31,464,5865739382.400001,1
347,UDR,2014,2013-12-31,465,5855004677.75,1
1550,FTI,2014,2013-12-31,466,5842586416.05,1
432,PNW,2014,2013-12-31,467,5823578859.84,1
1460,RHI,2014,2013-12-31,468,5819685006.72,1
48,IRM,2014,2013-12-31,469,5803310301.0,1
1056,LECO,2014,2013-12-31,470,5779259392.56,1
585,MDU,2014,2013-12-31,471,5762881148.4452,1
911,AGCO,2014,2013-12-31,472,5762675954.55,1
50,WRB,2014,2013-12-31,473,5737616316.6,1
427,SW,2014,2013-12-31,474,5737357200.27,1
112,LNT,2014,2013-12-31,475,5724693320.400001,1
816,GME,2014,2013-12-31,476,5704836904.62,1
827,UTHR,2014,2013-12-31,477,5679624267.24,1
723,VYX,2014,2013-12-31,478,5674396000.0,1
293,HUBB,2014,2013-12-31,479,5656422598.200001,1
893,KEX,2014,2013-12-31,480,5639285750.0,1
1339,SM,2014,2013-12-31,481,5567383650.5199995,1
1085,ALKS,2014,2013-12-31,482,5560758452.12,1
916,ZION,2014,2013-12-31,483,5532943772.16,1
162,IDXX,2014,2013-12-31,484,5519990096.06,1
1275,RPM,2014,2013-12-31,485,5518554504.82,1
1205,WSM,2014,2013-12-31,486,5495598504.72,1
1012,RGA,2014,2013-12-31,487,5478150880.0,1
642,ARW,2014,2013-12-31,488,5465237930.25,1
582,URBN,2014,2013-12-31,489,5465185232.5,1
322,FSLR,2014,2013-12-31,490,5433407064.0,1
1449,STWD,2014,2013-12-31,491,5408741472.5,1
1051,MD,2014,2013-12-31,492,5391380000.0,1
49,SWKS,2014,2013-12-31,493,5381124831.599999,1
301,ESS,2014,2013-12-31,494,5370287710.0,1
1455,RYN,2014,2013-12-31,495,5315375452.900001,1
73,CSGP,2014,2013-12-31,496,5307828255.84,1
1111,INGR,2014,2013-12-31,497,5249375879.999999,1
159,MSCI,2014,2013-12-31,498,5176619601.0,1
672,AFG,2014,2013-12-31,499,5165940000.0,1
325,ALB,2014,2013-12-31,500,5159901056.49,1
350,EXR,2014,2013-12-31,501,5131702494.490001,1
435,CPT,2014,2013-12-31,502,5104980000.0,1
242,JKHY,2014,2013-12-31,503,5067356818.27,1
630,CSL,2014,2013-12-31,504,5054506893.8,1
1442,ALK,2014,2013-12-31,505,5043894020.0,1
730,MSM,2014,2013-12-31,506,5025313637.67,1
1322,NBR,2014,2013-12-31,507,5014874859.339999,1
820,SBH,2014,2013-12-31,508,4959030923.95,1
726,LAMR,2014,2013-12-31,509,4944885869.0,1
173,AOS,2014,2013-12-31,510,4920633725.58,1
1498,GHC,2014,2013-12-31,511,4897682255.4800005,1
175,AVY,2014,2013-12-31,512,4849148909.219999,1
1250,YELP,2014,2013-12-31,513,4846228042.95,1
354,AIZ,2014,2013-12-31,514,4826224104.240001,1
550,EWBC,2014,2013-12-31,515,4817732377.51,1
990,OC,2014,2013-12-31,516,4793614023.5199995,1
1366,GGG,2014,2013-12-31,517,4783521960.0,1
457,NDSN,2014,2013-12-31,518,4777490148.599999,1
1023,GNTX,2014,2013-12-31,519,4773222905.32,1
68,CBOE,2014,2013-12-31,520,4772291764.32,1
403,MELI,2014,2013-12-31,521,4759244648.070001,1
1176,UGI,2014,2013-12-31,522,4746298925.400001,1
674,KBR,2014,2013-12-31,523,4723865604.33,1
609,FLEX,2014,2013-12-31,524,4722474655.92,1
348,BR,2014,2013-12-31,525,4710115756.320001,1
545,PBI,2014,2013-12-31,526,4706428115.900001,1
1372,AYI,2014,2013-12-31,527,4704630146.639999,1
792,TEX,2014,2013-12-31,528,4677686000.0,1
208,GPN,2014,2013-12-31,529,4674158593.03,1
446,FDS,2014,2013-12-31,530,4645294967.72,1
519,RVTY,2014,2013-12-31,531,4633946898.0,1
59,MLM,2014,2013-12-31,532,4622080986.46,1
21,CPRT,2014,2013-12-31,533,4600382905.28,1
414,ALGN,2014,2013-12-31,534,4589412975.02,1
1414,MIDD,2014,2013-12-31,535,4583321991.288,1
467,ODFL,2014,2013-12-31,536,4568463899.34,1
423,BRO,2014,2013-12-31,537,4564702410.0,1
1480,JLL,2014,2013-12-31,538,4551026419.62,1
189,NVR,2014,2013-12-31,539,4549046187.25,1
285,APO,2014,2013-12-31,540,4542581810.32,1
140,MAA,2014,2013-12-31,541,4541908149.46,1
398,ARE,2014,2013-12-31,542,4527962640.0,1
1260,SPXC,2014,2013-12-31,543,4517724198.3264,1
543,CFR,2014,2013-12-31,544,4502856166.38,1
1295,ORI,2014,2013-12-31,545,4490161142.5,1
878,FLO,2014,2013-12-31,546,4477064384.4,1
1167,INVX,2014,2013-12-31,547,4473403695.860001,1
1288,ATR,2014,2013-12-31,548,4465508543.45,1
973,HXL,2014,2013-12-31,549,4449529550.179999,1
332,HII,2014,2013-12-31,550,4444097843.79,1
966,NEU,2014,2013-12-31,551,4430964664.9,1
358,ROL,2014,2013-12-31,552,4418674788.84,1
1450,PDCO,2014,2013-12-31,553,4347960465.200001,1
908,HAIN,2014,2013-12-31,554,4338222963.36,1
54,STLD,2014,2013-12-31,555,4337571287.54,1
1457,CAR,2014,2013-12-31,556,4333487253.62,1
914,RNR,2014,2013-12-31,557,4323201621.42,1
833,LEG,2014,2013-12-31,558,4313036000.0,1
1186,AGO,2014,2013-12-31,559,4292646233.05,1
248,REG,2014,2013-12-31,560,4274761212.7999997,1
1485,X,2014,2013-12-31,561,4267672606.0,1
1240,OSK,2014,2013-12-31,562,4266787443.82,1
943,PAG,2014,2013-12-31,563,4253831528.3999996,1
819,SON,2014,2013-12-31,564,4253440318.68,1
1501,G,2014,2013-12-31,565,4248293521.1200004,1
200,PTC,2014,2013-12-31,566,4228912973.86,1
502,LII,2014,2013-12-31,567,4211049513.78,1
1360,PPC,2014,2013-12-31,568,4209221786.25,1
741,BC,2014,2013-12-31,569,4189031624.6800003,1
1326,PB,2014,2013-12-31,570,4186788488.4900002,1
622,WPC,2014,2013-12-31,571,4185709981.6833,1
1223,THC,2014,2013-12-31,572,4179428477.64,1
727,WTRG,2014,2013-12-31,573,4168580832.22,1
163,PANW,2014,2013-12-31,574,4166065815.7999997,1
399,ATO,2014,2013-12-31,575,4131262352.58,1
941,KRC,2014,2013-12-31,576,4120454978.38,1
1415,CBSH,2014,2013-12-31,577,4100962072.5645,1
1582,ALNY,2014,2013-12-31,578,4095910000.0,1
291,EVRG,2014,2013-12-31,579,4090549520.2200003,1
1100,KMT,2014,2013-12-31,580,4083269207.08,1
483,CDNS,2014,2013-12-31,581,4034162734.38,1
1262,IPGP,2014,2013-12-31,582,4030363202.58,1
1128,WCC,2014,2013-12-31,583,4024984908.4199996,1
1050,CLF,2014,2013-12-31,584,4013382687.21,1
689,VMI,2014,2013-12-31,585,3994475799.6800003,1
528,VC,2014,2013-12-31,586,3984130213.91,1
329,LDOS,2014,2013-12-31,587,3980799787.88,1
1344,TGI,2014,2013-12-31,588,3959604235.91,1
951,VTLE,2014,2013-12-31,589,3949099951.6800003,1
331,LYV,2014,2013-12-31,590,3943426847.36,1
655,INVA,2014,2013-12-31,591,3941395979.7999997,1
1358,ITT,2014,2013-12-31,592,3938194000.0,1
1401,DLB,2014,2013-12-31,593,3920404762.88,1
525,CRI,2014,2013-12-31,594,3914413930.26,1
666,CXT,2014,2013-12-31,595,3910653472.25,1
549,RES,2014,2013-12-31,596,3909862054.3500004,1
1348,CNO,2014,2013-12-31,597,3897528428.8700004,1
106,GNRC,2014,2013-12-31,598,3883006345.92,1
376,DPZ,2014,2013-12-31,599,3880818390.05,1
751,R,2014,2013-12-31,600,3880331165.48,1
986,EXP,2014,2013-12-31,601,3868780735.8300004,1
788,SMG,2014,2013-12-31,602,3865334374.08,1
29,TFX,2014,2013-12-31,603,3861955112.6,1
1198,WEX,2014,2013-12-31,604,3860882610.0,1
247,ERIE,2014,2013-12-31,605,3850827801.28,1
847,SCI,2014,2013-12-31,606,3849300719.4599996,1
648,TKR,2014,2013-12-31,607,3848857216.4148,1
640,ATI,2014,2013-12-31,608,3848040000.0000005,1
1185,CNK,2014,2013-12-31,609,3844132581.6299996,1
856,BWXT,2014,2013-12-31,610,3789450306.8715005,1
1024,CVI,2014,2013-12-31,611,3771072501.5,1
1334,UNFI,2014,2013-12-31,612,3740120140.05,1
24,TRGP,2014,2013-12-31,613,3732367208.79,1
995,CXW,2014,2013-12-31,614,3717650610.0,1
1015,NNN,2014,2013-12-31,615,3700017360.0,1
1082,OHI,2014,2013-12-31,616,3681194000.0,1
531,PTEN,2014,2013-12-31,617,3651878102.76,1
1157,SATS,2014,2013-12-31,618,3639091861.7936,1
1433,CLH,2014,2013-12-31,619,3637159569.36,1
660,TTC,2014,2013-12-31,620,3613008961.2000003,1
172,JBL,2014,2013-12-31,621,3600559974.88,1
929,MORN,2014,2013-12-31,622,3588470785.17,1
942,CVLT,2014,2013-12-31,623,3539660044.554,1
1309,SNV,2014,2013-12-31,624,3500465245.2000003,1
691,PSMT,2014,2013-12-31,625,3493179398.78,1
497,TECH,2014,2013-12-31,626,3490083487.27,1
339,TDY,2014,2013-12-31,627,3446581412.82,1
104,WST,2014,2013-12-31,628,3426127373.2400002,1
1405,WWW,2014,2013-12-31,629,3415781292.48,1
544,WEN,2014,2013-12-31,630,3415408964.8,1
1154,AVNT,2014,2013-12-31,631,3402113446.55,1
356,TER,2014,2013-12-31,632,3376186119.54,1
1235,CGNX,2014,2013-12-31,633,3332372735.3,1
526,BKU,2014,2013-12-31,634,3325348420.88,1
780,RRX,2014,2013-12-31,635,3322419005.04,1
1446,ENS,2014,2013-12-31,636,3322362023.3,1
1110,DEI,2014,2013-12-31,637,3321270450.0,1
1183,BRKR,2014,2013-12-31,638,3312472712.8199997,1
1347,CBT,2014,2013-12-31,639,3308116952.7999997,1
985,DAR,2014,2013-12-31,640,3303532666.08,1
993,CRS,2014,2013-12-31,641,3294777602.2000003,1
357,TYL,2014,2013-12-31,642,3293181850.0,1
618,GWRE,2014,2013-12-31,643,3286645005.28,1
716,SGI,2014,2013-12-31,644,3263780528.64,1
1511,HIW,2014,2013-12-31,645,3252078844.48,1
252,CNC,2014,2013-12-31,646,3228625711.8,1
1181,AL,2014,2013-12-31,647,3164648770.08,1
214,FTNT,2014,2013-12-31,648,3126993205.14,1
1514,AWI,2014,2013-12-31,649,3119807043.15,1
936,WKC,2014,2013-12-31,650,3118784759.9999995,1
1261,GPK,2014,2013-12-31,651,3117567763.2,1
865,EAT,2014,2013-12-31,652,3105940538.96,1
639,SAM,2014,2013-12-31,653,3101838558.13,1
711,WWD,2014,2013-12-31,654,3095698339.57,1
1081,TRN,2014,2013-12-31,655,3065150818.5024,1
979,BDC,2014,2013-12-31,656,3061317180.65,1
882,PBF,2014,2013-12-31,657,3047440444.62,1
1194,SF,2014,2013-12-31,658,3046440570.5334997,1
693,SLGN,2014,2013-12-31,659,3045209620.88,1
777,SKT,2014,2013-12-31,660,3026072033.7000003,1
715,VIAV,2014,2013-12-31,661,3021855886.8664002,1
1008,ELS,2014,2013-12-31,662,3018454517.7099996,1
1130,MMS,2014,2013-12-31,663,3014991019.0,1
988,FHI,2014,2013-12-31,664,3012325084.8,1
863,HWC,2014,2013-12-31,665,3011753204.88,1
1412,PRA,2014,2013-12-31,666,2989952271.8399997,1
652,BLMN,2014,2013-12-31,667,2988816373.48,1
1362,FAF,2014,2013-12-31,668,2980789124.4,1
1137,RGLD,2014,2013-12-31,669,2977491661.1,1
1136,WOR,2014,2013-12-31,670,2962634453.7455,1
1486,CW,2014,2013-12-31,671,2947705537.14,1
1184,THO,2014,2013-12-31,672,2943658426.1699996,1
1352,TDW,2014,2013-12-31,673,2938858438.23,1
862,SSTK,2014,2013-12-31,674,2927388199.72,1
1061,BIO,2014,2013-12-31,675,2917875360.56,1
276,DECK,2014,2013-12-31,676,2916979714.3674,1
1093,EHC,2014,2013-12-31,677,2913171278.3447995,1
752,UMBF,2014,2013-12-31,678,2906821114.36,1
1049,GTLS,2014,2013-12-31,679,2905192966.32,1
757,ACM,2014,2013-12-31,680,2889911635.02,1
1138,WSO,2014,2013-12-31,681,2885263347.2400002,1
599,DAN,2014,2013-12-31,682,2882260619.82,1
1126,CHH,2014,2013-12-31,683,2876414836.38,1
998,VSAT,2014,2013-12-31,684,2855844303.5499997,1
1270,MTG,2014,2013-12-31,685,2850677520.0,1
964,EME,2014,2013-12-31,686,2849068159.68,1
1068,ASB,2014,2013-12-31,687,2829640200.0,1
598,MOGa,2014,2013-12-31,688,2828897949.2,1
413,STE,2014,2013-12-31,689,2828830880.5499997,1
623,WBS,2014,2013-12-31,690,2817643060.0,1
778,ODP,2014,2013-12-31,691,2803700000.0,1
453,AMD,2014,2013-12-31,692,2800668032.1,1
1353,TDS,2014,2013-12-31,693,2796902723.52,1
1437,RAMP,2014,2013-12-31,694,2777868817.2,1
685,AEO,2014,2013-12-31,695,2776172817.6,1
1222,TWO,2014,2013-12-31,696,2773616757.3504,1
1020,FUN,2014,2013-12-31,697,2762359516.8399997,1
1580,BAH,2014,2013-12-31,698,2761769893.35,1
743,BERY,2014,2013-12-31,699,2757261000.0,1
795,FHN,2014,2013-12-31,700,2753710500.0,1
763,MCY,2014,2013-12-31,701,2732081086.32,1
556,WLY,2014,2013-12-31,702,2730589384.8,1
900,COLM,2014,2013-12-31,703,2724317347.5,1
76,ZBRA,2014,2013-12-31,704,2718469374.4,1
852,MTN,2014,2013-12-31,705,2717708801.59,1
1148,CASY,2014,2013-12-31,706,2703244166.0,1
184,POOL,2014,2013-12-31,707,2670793226.64,1
1033,EPAC,2014,2013-12-31,708,2666372125.6,1
1581,HE,2014,2013-12-31,709,2638830388.0,1
851,GES,2014,2013-12-31,710,2637286505.23,1
1404,BOH,2014,2013-12-31,711,2631161368.9,1
612,PRAA,2014,2013-12-31,712,2628770819.0800004,1
1439,LSTR,2014,2013-12-31,713,2626438777.5,1
610,DLX,2014,2013-12-31,714,2625157000.0,1
1313,CBRL,2014,2013-12-31,715,2620925641.08,1
695,RH,2014,2013-12-31,716,2618356503.9,1
824,FUL,2014,2013-12-31,717,2615772177.84,1
1413,LPX,2014,2013-12-31,718,2612154393.03,1
1393,THG,2014,2013-12-31,719,2609327000.0,1
523,IDA,2014,2013-12-31,720,2604065500.8,1
725,BKE,2014,2013-12-31,721,2601502382.3559003,1
697,SWX,2014,2013-12-31,722,2591476750.33,1
804,TCBI,2014,2013-12-31,723,2552462214.0,1
128,CRL,2014,2013-12-31,724,2552171294.4,1
1447,ZWS,2014,2013-12-31,725,2544185489.578,1
310,DXCM,2014,2013-12-31,726,2541860994.0499997,1
706,SNX,2014,2013-12-31,727,2540050736.4591,1
1054,EPR,2014,2013-12-31,728,2539260545.96,1
1060,MTZ,2014,2013-12-31,729,2527359450.64,1
894,CAKE,2014,2013-12-31,730,2524564491.27,1
1438,HR,2014,2013-12-31,731,2524266343.295,1
1389,FULT,2014,2013-12-31,732,2521814680.0,1
86,MKTX,2014,2013-12-31,733,2518248990.72,1
1269,ANF,2014,2013-12-31,734,2514304089.45,1
1307,THS,2014,2013-12-31,735,2509683135.88,1
1216,ACIW,2014,2013-12-31,736,2505554935.0,1
81,FANG,2014,2013-12-31,737,2488909094.08,1
539,CIEN,2014,2013-12-31,738,2481738183.2,1
1171,SHOO,2014,2013-12-31,739,2479939500.5200005,1
1013,HLX,2014,2013-12-31,740,2452472928.64,1
910,SHO,2014,2013-12-31,741,2450458830.8,1
793,RBA,2014,2013-12-31,742,2450098016.0,1
1281,RDN,2014,2013-12-31,743,2444165151.7999997,1
892,HOMB,2014,2013-12-31,744,2430812700.0,1
1026,SXT,2014,2013-12-31,745,2428777042.2000003,1
1252,CADE,2014,2013-12-31,746,2421552185.2200003,1
961,JBLU,2014,2013-12-31,747,2411174026.66,1
895,GATX,2014,2013-12-31,748,2410254000.0,1
1195,EEFT,2014,2013-12-31,749,2405336575.9500003,1
1507,ACHC,2014,2013-12-31,750,2391208815.8199997,1
555,CMC,2014,2013-12-31,751,2384876559.8599997,1
871,NYT,2014,2013-12-31,752,2376709228.3199997,1
1420,WAFD,2014,2013-12-31,753,2370564987.5899997,1
1341,POR,2014,2013-12-31,754,2357640100.6,1
1025,PRI,2014,2013-12-31,755,2352732858.0699997,1
867,FIVE,2014,2013-12-31,756,2339673271.978,1
745,BKH,2014,2013-12-31,757,2335912653.5099998,1
1394,LXP,2014,2013-12-31,758,2334649454.6200004,1
562,GEO,2014,2013-12-31,759,2321574757.02,1
1483,WT,2014,2013-12-31,760,2309384000.0,1
1076,OMI,2014,2013-12-31,761,2307711327.92,1
1370,OLN,2014,2013-12-31,762,2290690000.0,1
1045,KMPR,2014,2013-12-31,763,2275094640.0,1
1055,ACAD,2014,2013-12-31,764,2270753085.2999997,1
1297,NVRI,2014,2013-12-31,765,2261086676.01,1
626,DRH,2014,2013-12-31,766,2257687636.05,1
532,MANH,2014,2013-12-31,767,2256460798.6800003,1
567,CUBE,2014,2013-12-31,768,2217640082.74,1
934,GBCI,2014,2013-12-31,769,2215580487.84,1
1169,BDN,2014,2013-12-31,770,2208047986.1,1
108,FICO,2014,2013-12-31,771,2190701812.88,1
1491,HAE,2014,2013-12-31,772,2186076618.55,1
881,WTS,2014,2013-12-31,773,2184881449.0299997,1
649,JACK,2014,2013-12-31,774,2149332589.28,1
621,UNF,2014,2013-12-31,775,2142643007.0,1
1018,CATY,2014,2013-12-31,776,2127437198.3700001,1
1121,FELE,2014,2013-12-31,777,2126935385.28,1
1180,WTFC,2014,2013-12-31,778,2126896807.9599998,1
702,FFIN,2014,2013-12-31,779,2114043763.7,1
1523,RHP,2014,2013-12-31,780,2111008492.38,1
915,RLI,2014,2013-12-31,781,2092793580.0,1
797,LFUS,2014,2013-12-31,782,2087903938.63,1
1363,OZK,2014,2013-12-31,783,2085681040.0000002,1
1400,WAL,2014,2013-12-31,784,2080562628.34,1
644,AIT,2014,2013-12-31,785,2069873468.3000002,1
664,MTX,2014,2013-12-31,786,2068273533.92,1
530,CDP,2014,2013-12-31,787,2061266900.0,1
1164,DORM,2014,2013-12-31,788,2044449878.284,1
1142,ALE,2014,2013-12-31,789,2031922304.44,1
537,ALEX,2014,2013-12-31,790,2023922693.5199997,1
449,PODD,2014,2013-12-31,791,2023409514.0,1
999,ZD,2014,2013-12-31,792,2023044719.7622,1
967,VLY,2014,2013-12-31,793,2019882263.08,1
1249,HTH,2014,2013-12-31,794,2009025516.87,1
1278,FNB,2014,2013-12-31,795,2006166202.82,1
663,HCSG,2014,2013-12-31,796,1980367850.0,1
1226,MPT,2014,2013-12-31,797,1971204839.5,1
734,PEB,2014,2013-12-31,798,1970948230.4,1
1239,EVR,2014,2013-12-31,799,1961615719.14,1
989,LOPE,2014,2013-12-31,800,1961429232.4,1
1105,TXRH,2014,2013-12-31,801,1960926848.6000001,1
646,ALGT,2014,2013-12-31,802,1958867483.2,1
897,PZZA,2014,2013-12-31,803,1956240418.3999999,1
1419,CUZ,2014,2013-12-31,804,1953539024.9,1
1479,VSH,2014,2013-12-31,805,1952834636.22,1
1041,NJR,2014,2013-12-31,806,1943262819.2,1
996,PCRX,2014,2013-12-31,807,1928166423.38,1
1233,TXNM,2014,2013-12-31,808,1921245410.88,1
1243,FR,2014,2013-12-31,809,1919078582.5,1
1048,CCOI,2014,2013-12-31,810,1913773997.61,1
667,MSA,2014,2013-12-31,811,1904526017.1000001,1
817,PRG,2014,2013-12-31,812,1900466244.4752,1
1384,VRE,2014,2013-12-31,813,1890741235.8,1
1175,GMED,2014,2013-12-31,814,1881660267.42,1
1477,ASGN,2014,2013-12-31,815,1880083022.4,1
767,VAC,2014,2013-12-31,816,1869055025.32,1
1536,PEGA,2014,2013-12-31,817,1866936242.2,1
946,SLAB,2014,2013-12-31,818,1852758490.0,1
896,PBH,2014,2013-12-31,819,1851370114.1999998,1
1162,HI,2014,2013-12-31,820,1850401702.74,1
828,KW,2014,2013-12-31,821,1823731307.0,1
1443,VRTS,2014,2013-12-31,822,1820660251.3000002,1
709,BGS,2014,2013-12-31,823,1812350808.1,1
1224,PRLB,2014,2013-12-31,824,1812340530.14,1
1317,SYNA,2014,2013-12-31,825,1811876938.0800002,1
891,TRMK,2014,2013-12-31,826,1808290783.2,1
1418,CVBF,2014,2013-12-31,827,1798668801.9,1
1073,WERN,2014,2013-12-31,828,1798215241.6000001,1
1115,LAD,2014,2013-12-31,829,1797249784.2,1
972,TTEK,2014,2013-12-31,830,1795285692.46,1
541,FCFS,2014,2013-12-31,831,1787452734.0,1
1070,UPBD,2014,2013-12-31,832,1784422546.4800003,1
876,CFFN,2014,2013-12-31,833,1783962706.6799998,1
1387,MLI,2014,2013-12-31,834,1781557405.01,1
1478,SSD,2014,2013-12-31,835,1777457075.9499998,1
1122,EGP,2014,2013-12-31,836,1774076705.7,1
1488,CNS,2014,2013-12-31,837,1772725345.3600001,1
970,IBOC,2014,2013-12-31,838,1771523457.32,1
1493,JOE,2014,2013-12-31,839,1771101000.47,1
800,MNRO,2014,2013-12-31,840,1770041032.8,1
809,BCPC,2014,2013-12-31,841,1769379659.8000002,1
1135,ADEA,2014,2013-12-31,842,1757821851.8056,1
903,HNI,2014,2013-12-31,843,1757170184.6599998,1
939,CIVI,2014,2013-12-31,844,1751228898.93,1
1592,AMRX,2014,2013-12-31,845,1748672432.64,1
1095,MLKN,2014,2013-12-31,846,1741106603.52,1
1237,MTH,2014,2013-12-31,847,1739237791.29,1
678,BLKB,2014,2013-12-31,848,1736670819.75,1
826,SMTC,2014,2013-12-31,849,1735220287.04,1
1084,GPI,2014,2013-12-31,850,1730863787.9599998,1
1397,HTLD,2014,2013-12-31,851,1720771962.66,1
992,CACI,2014,2013-12-31,852,1715224701.82,1
551,HALO,2014,2013-12-31,853,1709288654.04,1
1356,NXST,2014,2013-12-31,854,1694553966.35,1
1429,AVA,2014,2013-12-31,855,1692419886.01,1
962,PCH,2014,2013-12-31,856,1692014380.0,1
222,TTWO,2014,2013-12-31,857,1686653992.98,1
798,SKX,2014,2013-12-31,858,1681217790.3162,1
1177,NEOG,2014,2013-12-31,859,1672102507.4357998,1
761,POWI,2014,2013-12-31,860,1670521455.88,1
546,ANDE,2014,2013-12-31,861,1667480870.0,1
1484,NWE,2014,2013-12-31,862,1666228509.84,1
602,ABG,2014,2013-12-31,863,1663656802.3600001,1
1432,JJSF,2014,2013-12-31,864,1654960597.98,1
947,FCN,2014,2013-12-31,865,1654554820.38,1
1210,MASI,2014,2013-12-31,866,1652459180.78,1
615,BCO,2014,2013-12-31,867,1647872490.18,1
832,DXPE,2014,2013-12-31,868,1638518976.0,1
1211,RBC,2014,2013-12-31,869,1633590544.25,1
769,LZB,2014,2013-12-31,870,1628566400.0,1
160,EPAM,2014,2013-12-31,871,1624806818.74,1
1207,ITRI,2014,2013-12-31,872,1621944934.35,1
1374,SEM,2014,2013-12-31,873,1620130104.8999999,1
1242,PMT,2014,2013-12-31,874,1617717562.72,1
570,MATV,2014,2013-12-31,875,1616131235.6,1
1409,BRC,2014,2013-12-31,876,1612966064.67,1
765,CHDN,2014,2013-12-31,877,1611641546.3500001,1
1391,POST,2014,2013-12-31,878,1610464654.5437999,1
1153,ENTG,2014,2013-12-31,879,1606427453.08,1
1576,PRIM,2014,2013-12-31,880,1605417495.22,1
1333,CBU,2014,2013-12-31,881,1604302080.0,1
557,SSB,2014,2013-12-31,882,1603165287.24,1
1149,MYGN,2014,2013-12-31,883,1601506034.16,1
594,RWT,2014,2013-12-31,884,1598121850.0,1
65,MOH,2014,2013-12-31,885,1594017250.0,1
1014,MKSI,2014,2013-12-31,886,1592591783.2,1
1410,OLED,2014,2013-12-31,887,1590295528.04,1
978,SXC,2014,2013-12-31,888,1588415065.85,1
790,FDP,2014,2013-12-31,889,1588071678.1000001,1
1268,ABM,2014,2013-12-31,890,1587411604.44,1
1331,UBSI,2014,2013-12-31,891,1585541560.2,1
728,HELE,2014,2013-12-31,892,1582406592.48,1
807,ELME,2014,2013-12-31,893,1554164160.0,1
662,AXL,2014,2013-12-31,894,1545304740.8,1
889,ONB,2014,2013-12-31,895,1534832830.0,1
784,IART,2014,2013-12-31,896,1532768196.7,1
1037,KBH,2014,2013-12-31,897,1530849971.8400002,1
1188,SIGI,2014,2013-12-31,898,1509267468.06,1
1225,GIII,2014,2013-12-31,899,1508770761.1599998,1
1402,WABC,2014,2013-12-31,900,1496754600.0,1
1520,MWA,2014,2013-12-31,901,1489868576.29,1
994,SR,2014,2013-12-31,902,1489602607.02,1
571,ARR,2014,2013-12-31,903,1487329619.4199998,1
974,HUBG,2014,2013-12-31,904,1487072558.4,1
836,SCL,2014,2013-12-31,905,1464773130.76,1
981,PLXS,2014,2013-12-31,906,1462639230.0,1
1071,QRVO,2014,2013-12-31,907,1456901149.44,1
1080,TILE,2014,2013-12-31,908,1455656502.96,1
631,CALM,2014,2013-12-31,909,1452048871.77,1
574,LNW,2014,2013-12-31,910,1442430836.35,1
1099,RGR,2014,2013-12-31,911,1414115499.28,1
1490,COLB,2014,2013-12-31,912,1409274850.0,1
1088,CROX,2014,2013-12-31,913,1407897665.36,1
1369,SANM,2014,2013-12-31,914,1406503458.8,1
145,MSTR,2014,2013-12-31,915,1403912000.0,1
603,NWBI,2014,2013-12-31,916,1392922078.1399999,1
611,AROC,2014,2013-12-31,917,1363942538.6748002,1
1505,GVA,2014,2013-12-31,918,1359965172.7199998,1
1506,SITC,2014,2013-12-31,919,1355836320.0,1
812,CHE,2014,2013-12-31,920,1351130565.1200001,1
907,FWRD,2014,2013-12-31,921,1344331171.6399999,1
1140,PRGS,2014,2013-12-31,922,1341026648.6399999,1
1388,AMKR,2014,2013-12-31,923,1335370154.31,1
1515,MGEE,2014,2013-12-31,924,1333980503.532,1
899,GEF,2014,2013-12-31,925,1333932337.6,1
10,MPWR,2014,2013-12-31,926,1327166059.9999998,1
1462,TREX,2014,2013-12-31,927,1326720573.42,1
634,OXM,2014,2013-12-31,928,1324011460.29,1
1192,HOPE,2014,2013-12-31,929,1317934899.75,1
581,KALU,2014,2013-12-31,930,1317844074.08,1
1468,PRK,2014,2013-12-31,931,1311094756.6399999,1
559,BGC,2014,2013-12-31,932,1309407550.0,1
1440,CRUS,2014,2013-12-31,933,1296950980.1000001,1
1290,KFY,2014,2013-12-31,934,1292230842.0,1
980,VECO,2014,2013-12-31,935,1291751825.1299999,1
808,SAH,2014,2013-12-31,936,1289847283.2,1
928,FBP,2014,2013-12-31,937,1281893290.0,1
801,ECPG,2014,2013-12-31,938,1277700823.98,1
1503,HMN,2014,2013-12-31,939,1277370000.0,1
665,AAT,2014,2013-12-31,940,1273309855.09,1
770,UVV,2014,2013-12-31,941,1267590651.6000001,1
1350,TNC,2014,2013-12-31,942,1254485000.0,1
1568,FIBK,2014,2013-12-31,943,1250832221.94,1
1118,AZZ,2014,2013-12-31,944,1247799627.9,1
1482,BHE,2014,2013-12-31,945,1246508102.0,1
772,TKO,2014,2013-12-31,946,1245168279.6,1
1255,ORA,2014,2013-12-31,947,1236797925.21,1
699,LTC,2014,2013-12-31,948,1229870094.9,1
547,NTCT,2014,2013-12-31,949,1228889832.61,1
671,MTDR,2014,2013-12-31,950,1223408197.68,1
1518,TR,2014,2013-12-31,951,1216221543.5085,1
1502,CAL,2014,2013-12-31,952,1214994645.48,1
1494,IDCC,2014,2013-12-31,953,1214763610.59,1
1116,BYD,2014,2013-12-31,954,1214007765.9,1
858,NPO,2014,2013-12-31,955,1207832068.0,1
670,SCSC,2014,2013-12-31,956,1193856134.68,1
703,LCII,2014,2013-12-31,957,1189718067.2,1
926,AAON,2014,2013-12-31,958,1174114223.55,1
874,CNMD,2014,2013-12-31,959,1173603330.0,1
1101,MATW,2014,2013-12-31,960,1164624317.6299999,1
1302,PFS,2014,2013-12-31,961,1157608978.68,1
605,NWN,2014,2013-12-31,962,1156249447.92,1
1263,PNFP,2014,2013-12-31,963,1145769740.73,1
776,WDFC,2014,2013-12-31,964,1140685321.44,1
1047,AIN,2014,2013-12-31,965,1138981000.0,1
841,EXEL,2014,2013-12-31,966,1129172929.09,1
1465,NBTB,2014,2013-12-31,967,1121881680.5,1
1139,GDOT,2014,2013-12-31,968,1121347155.2,1
1517,MATX,2014,2013-12-31,969,1115466459.1,1
855,AWR,2014,2013-12-31,970,1112355182.77,1
1182,AIR,2014,2013-12-31,971,1109206811.8600001,1
1251,PENN,2014,2013-12-31,972,1108379887.61,1
857,IPAR,2014,2013-12-31,973,1103056826.5900002,1
1314,CWT,2014,2013-12-31,974,1101339283.68,1
714,DIOD,2014,2013-12-31,975,1099803723.8799999,1
1168,COHR,2014,2013-12-31,976,1099656284.1599998,1
1044,IOSP,2014,2013-12-31,977,1097965528.8799999,1
635,ROG,2014,2013-12-31,978,1089804907.5,1
606,AX,2014,2013-12-31,979,1086496201.67,1
1267,SCHL,2014,2013-12-31,980,1081822491.53,1
1365,LGND,2014,2013-12-31,981,1073578992.2,1
877,LNN,2014,2013-12-31,982,1069297899.75,1
774,RMBS,2014,2013-12-31,983,1067327117.3900001,1
783,OSIS,2014,2013-12-31,984,1065043403.18,1
969,OTTR,2014,2013-12-31,985,1061643271.92,1
1558,HL,2014,2013-12-31,986,1055326213.48,1
583,UCB,2014,2013-12-31,987,1054910030.25,1
1436,SPSC,2014,2013-12-31,988,1050815501.3,1
983,QDEL,2014,2013-12-31,989,1048721492.66,1
870,USNA,2014,2013-12-31,990,1048473346.6999999,1
1165,UFPI,2014,2013-12-31,991,1037589441.24,1
1282,APOG,2014,2013-12-31,992,1035710797.5899999,1
1003,KWR,2014,2013-12-31,993,1016346752.3999999,1
713,EXPO,2014,2013-12-31,994,1012485268.51,1
1329,KLIC,2014,2013-12-31,995,1010670724.0,1
1308,WRLD,2014,2013-12-31,996,1005169398.89,1
1040,FFBC,2014,2013-12-31,997,1002685925.6880001,1
661,CSGS,2014,2013-12-31,998,992103000.0,1
1476,SBRA,2014,2013-12-31,999,990233990.02,1
1456,EIG,2014,2013-12-31,1000,987820205.8499999,1
275,KMI,2015,2014-12-31,1,899146883354.3,1
397,AAPL,2015,2014-12-31,2,647361039200.0,1
428,XOM,2015,2014-12-31,3,388382450000.0,1
32,MSFT,2015,2014-12-31,4,382880513814.15,1
228,JNJ,2015,2014-12-31,5,292702970554.33997,1
496,WFC,2015,2014-12-31,6,283435846000.0,1
288,WMT,2015,2014-12-31,7,276807870501.5895,1
511,GE,2015,2014-12-31,8,253766192117.97,1
35,PG,2015,2014-12-31,9,245989444422.66,1
216,JPM,2015,2014-12-31,10,233935851724.68,1
282,META,2015,2014-12-31,11,217507895888.69998,1
12,CVX,2015,2014-12-31,12,212067807509.30002,1
419,ORCL,2015,2014-12-31,13,197479773990.0,1
174,PFE,2015,2014-12-31,14,196265472932.55,1
337,VZ,2015,2014-12-31,15,194370900000.0,1
51,BAC,2015,2014-12-31,16,188140944895.64,1
169,KO,2015,2014-12-31,17,184928364569.22,1
283,BRKb,2015,2014-12-31,18,182572275835.95,1
102,GOOGL,2015,2014-12-31,19,179907738280.13998,1
177,GOOG,2015,2014-12-31,20,178628194360.0,1
278,INTC,2015,2014-12-31,21,175462150000.0,1
385,T,2015,2014-12-31,22,174231330000.00003,1
187,C,2015,2014-12-31,23,163925608233.52,1
85,V,2015,2014-12-31,24,162177786217.19998,1
289,MRK,2015,2014-12-31,25,161901098739.09,1
42,DIS,2015,2014-12-31,26,159719004207.98,1
460,IBM,2015,2014-12-31,27,158996040000.0,1
202,AMZN,2015,2014-12-31,28,144312750000.0,1
64,CSCO,2015,2014-12-31,29,142260022249.54,1
126,PEP,2015,2014-12-31,30,141519065251.2,1
297,GILD,2015,2014-12-31,31,141295740000.0,1
473,HD,2015,2014-12-31,32,138332336929.5,1
239,PM,2015,2014-12-31,33,126550098153.0,1
360,CMCSA,2015,2014-12-31,34,123627307374.62,1
471,QCOM,2015,2014-12-31,35,122941820000.0,1
125,AMGN,2015,2014-12-31,36,121060400000.0,1
504,CVS,2015,2014-12-31,37,110408192669.87,1
351,SLB,2015,2014-12-31,38,108924432425.64,1
295,UNP,2015,2014-12-31,39,105918397345.53,1
150,MMM,2015,2014-12-31,40,104365316486.08,1
269,ABBV,2015,2014-12-31,41,104275491877.92,1
213,UPS,2015,2014-12-31,42,100634009549.72,1
461,MA,2015,2014-12-31,43,100007610213.59999,1
346,RTX,2015,2014-12-31,44,98258443102.6675,1
167,BMY,2015,2014-12-31,45,97917576263.73,1
232,MO,2015,2014-12-31,46,97134549748.21,1
17,UNH,2015,2014-12-31,47,97025284017.53,1
400,AXP,2015,2014-12-31,48,95179920000.0,1
218,BA,2015,2014-12-31,49,92666701060.81999,1
144,MCD,2015,2014-12-31,50,91189179475.1,1
193,AZN,2015,2014-12-31,51,88900028128.43999,1
58,COP,2015,2014-12-31,52,85006842940.32,1
273,GS,2015,2014-12-31,53,84421789886.07,1
139,WBA,2015,2014-12-31,54,83056153369.2,1
296,NKE,2015,2014-12-31,55,82834039198.20001,1
25,USB,2015,2014-12-31,56,80280700000.0,1
353,BIIB,2015,2014-12-31,57,80162952906.15,1
265,AIG,2015,2014-12-31,58,77064159000.0,1
480,LLY,2015,2014-12-31,59,76815523074.83,1
110,MS,2015,2014-12-31,60,75698024000.0,1
220,HPQ,2015,2014-12-31,61,73601526970.8907,1
268,MDT,2015,2014-12-31,62,71067654837.8,1
381,HON,2015,2014-12-31,63,70283763938.7675,1
313,EBAY,2015,2014-12-31,64,69721526843.4332,1
384,ABT,2015,2014-12-31,65,67790692181.72,1
62,LOW,2015,2014-12-31,66,66936116358.399994,1
454,CL,2015,2014-12-31,67,63059649622.42,1
156,OXY,2015,2014-12-31,68,62481979298.5886,1
512,COST,2015,2014-12-31,69,62441498700.0,1
134,SBUX,2015,2014-12-31,70,61398015000.0,1
287,MET,2015,2014-12-31,71,61216208130.0,1
77,MDLZ,2015,2014-12-31,72,61031608766.1,1
97,LMT,2015,2014-12-31,73,60837708831.479996,1
405,DHR,2015,2014-12-31,74,60365552999.99999,1
217,BKNG,2015,2014-12-31,75,59696862125.04,1
119,BLK,2015,2014-12-31,76,59684581334.28,1
447,F,2015,2014-12-31,77,59654654963.5,1
234,ACN,2015,2014-12-31,78,59346197687.01,1
197,DUK,2015,2014-12-31,79,59062780000.00001,1
158,SPG,2015,2014-12-31,80,57229751106.950005,1
57,TXN,2015,2014-12-31,81,56480358166.09,1
22,GM,2015,2014-12-31,82,56089767379.17,1
71,CAT,2015,2014-12-31,83,55482425145.270004,1
196,EOG,2015,2014-12-31,84,50455226746.979996,1
370,TMO,2015,2014-12-31,85,50119191762.75,1
323,FDX,2015,2014-12-31,86,49200069589.2,1
93,TGT,2015,2014-12-31,87,48351966465.35,1
516,MCK,2015,2014-12-31,88,48134013872.58,1
328,PNC,2015,2014-12-31,89,47713290000.0,1
434,TJX,2015,2014-12-31,90,47244785385.78,1
259,ASML,2015,2014-12-31,91,46683412105.04,1
9,LVS,2015,2014-12-31,92,46644214439.6,1
206,NEE,2015,2014-12-31,93,46393704304.740005,1
26,BK,2015,2014-12-31,94,46341082500.0,1
420,GD,2015,2014-12-31,95,45712423029.14,1
518,COF,2015,2014-12-31,96,45683170000.0,1
100,D,2015,2014-12-31,97,44902728600.5,1
343,SO,2015,2014-12-31,98,44493660000.0,1
219,EMR,2015,2014-12-31,99,42732444471.46,1
304,KMB,2015,2014-12-31,100,42206762000.0,1
475,REGN,2015,2014-12-31,101,41708179889.25,1
80,PRU,2015,2014-12-31,102,41430680000.0,1
506,DAL,2015,2014-12-31,103,41169145596.78,1
203,ADP,2015,2014-12-31,104,40189075499.37,1
482,BAX,2015,2014-12-31,105,39721580812.200005,1
491,SCHW,2015,2014-12-31,106,39421163755.18,1
45,AMT,2015,2014-12-31,107,39213795000.0,1
74,PSX,2015,2014-12-31,108,39148200000.0,1
363,LYB,2015,2014-12-31,109,38662930000.0,1
1238,AAL,2015,2014-12-31,110,38466844883.69,1
362,BX,2015,2014-12-31,111,38417964412.0104,1
61,CB,2015,2014-12-31,112,38110008710.08,1
311,LIN,2015,2014-12-31,113,37750226411.96,1
371,MU,2015,2014-12-31,114,37617313418.909996,1
82,CRM,2015,2014-12-31,115,37424610000.0,1
53,ITW,2015,2014-12-31,116,37021414382.200005,1
402,ADBE,2015,2014-12-31,117,36258316139.8,1
494,CSX,2015,2014-12-31,118,36063343827.4203,1
28,SYK,2015,2014-12-31,119,35686973991.29,1
70,BEN,2015,2014-12-31,120,34468746799.76,1
514,TRV,2015,2014-12-31,121,34104870000.0,1
388,ELV,2015,2014-12-31,122,33923533852.95,1
246,NSC,2015,2014-12-31,123,33786200649.3,1
36,WMB,2015,2014-12-31,124,33594043140.0,1
47,HAL,2015,2014-12-31,125,33330613323.69,1
431,ADM,2015,2014-12-31,126,33108611172.0,1
390,STT,2015,2014-12-31,127,32773380108.0,1
749,VFC,2015,2014-12-31,128,32347232873.2,1
406,ETN,2015,2014-12-31,129,32253815999.999996,1
212,GIS,2015,2014-12-31,130,32197864147.71,1
130,CTSH,2015,2014-12-31,131,32065608188.399998,1
157,PSA,2015,2014-12-31,132,31876560656.899998,1
210,YUM,2015,2014-12-31,133,31871351208.499996,1
408,EXC,2015,2014-12-31,134,31868953745.76,1
154,PPG,2015,2014-12-31,135,31721882038.65,1
180,KR,2015,2014-12-31,136,31547939467.159996,1
389,ECL,2015,2014-12-31,137,31368173235.36,1
315,APD,2015,2014-12-31,138,30904745510.35,1
116,HCA,2015,2014-12-31,139,30858873081.0,1
261,AMAT,2015,2014-12-31,140,30439081816.36,1
1541,TRI,2015,2014-12-31,141,30352819836.8645,1
230,DE,2015,2014-12-31,142,30295045917.54,1
7,CME,2015,2014-12-31,143,29860713256.050003,1
306,AEP,2015,2014-12-31,144,29716523868.239998,1
132,DFS,2015,2014-12-31,145,29405009999.999996,1
330,GLW,2015,2014-12-31,146,29392777712.62,1
255,ALL,2015,2014-12-31,147,29364500000.0,1
407,NOC,2015,2014-12-31,148,29320328073.6,1
178,EL,2015,2014-12-31,149,28926589467.0,1
103,LUV,2015,2014-12-31,150,28724461442.16,1
344,VRTX,2015,2014-12-31,151,28721563200.0,1
190,TFC,2015,2014-12-31,152,28027945220.0,1
123,TSLA,2015,2014-12-31,153,27886103002.281002,1
1241,NOV,2015,2014-12-31,154,27455602652.24,1
122,SRE,2015,2014-12-31,155,27418864320.0,1
201,CI,2015,2014-12-31,156,27197466440.0,1
142,AON,2015,2014-12-31,157,27039512312.7,1
333,AFL,2015,2014-12-31,158,27028965050.0,1
307,CCL,2015,2014-12-31,159,26864796259.41,1
365,BDX,2015,2014-12-31,160,26849382841.0401,1
364,CAH,2015,2014-12-31,161,26718525608.58,1
186,CMI,2015,2014-12-31,162,26338677815.19,1
118,INTU,2015,2014-12-31,163,26322516469.41,1
487,CCI,2015,2014-12-31,164,26274516938.4,1
840,ILMN,2015,2014-12-31,165,26210360000.0,1
271,EQR,2015,2014-12-31,166,26067535815.36,1
433,VLO,2015,2014-12-31,167,25801629331.5,1
382,TEL,2015,2014-12-31,168,25722250548.5,1
412,WDC,2015,2014-12-31,169,25704663319.8,1
1,HLT,2015,2014-12-31,170,25684925506.863003,1
211,AVGO,2015,2014-12-31,171,25683798300.93,1
886,BBWI,2015,2014-12-31,172,25331669769.149998,1
98,PCG,2015,2014-12-31,173,25293686557.48,1
33,SHW,2015,2014-12-31,174,25251261966.0279,1
6,DVN,2015,2014-12-31,175,25034890000.0,1
342,WELL,2015,2014-12-31,176,24795098844.32,1
281,MPC,2015,2014-12-31,177,24731240000.0,1
251,ICE,2015,2014-12-31,178,24715565615.93,1
13,UAL,2015,2014-12-31,179,24687143203.29,1
55,FCX,2015,2014-12-31,180,24273799913.92,1
417,BKR,2015,2014-12-31,181,24255825257.16,1
373,AMP,2015,2014-12-31,182,24214975000.0,1
107,PPL,2015,2014-12-31,183,24190294170.0,1
445,SPGI,2015,2014-12-31,184,24158070000.0,1
391,PCAR,2015,2014-12-31,185,24157152000.0,1
472,APA,2015,2014-12-31,186,23594138157.93,1
1214,PRGO,2015,2014-12-31,187,23532284657.28,1
367,WM,2015,2014-12-31,188,23500504334.36,1
352,SYY,2015,2014-12-31,189,23333108895.18,1
430,HSY,2015,2014-12-31,190,22954968070.370003,1
153,IP,2015,2014-12-31,191,22697229600.78,1
1046,LUMN,2015,2014-12-31,192,22588515417.78,1
704,M,2015,2014-12-31,193,22394450000.0,1
37,TROW,2015,2014-12-31,194,22271081241.06,1
1342,VNO,2015,2014-12-31,195,22116256178.3298,1
458,MAR,2015,2014-12-31,196,22110644082.33,1
485,HUM,2015,2014-12-31,197,22023499299.39,1
27,K,2015,2014-12-31,198,21800607798.7485,1
317,STX,2015,2014-12-31,199,21761385786.0,1
188,TMUS,2015,2014-12-31,200,21750018644.52,1
469,AVB,2015,2014-12-31,201,21576937339.98,1
380,ZTS,2015,2014-12-31,202,21572007994.29,1
321,PLD,2015,2014-12-31,203,21514526670.0,1
484,APTV,2015,2014-12-31,204,21514488771.308197,1
318,DG,2015,2014-12-31,205,21452212544.0,1
468,EIX,2015,2014-12-31,206,21334117768.88,1
143,CMG,2015,2014-12-31,207,21228477950.13,1
361,VTR,2015,2014-12-31,208,21102627415.8,1
439,HES,2015,2014-12-31,209,21100337042.48,1
164,VTRS,2015,2014-12-31,210,21097801310.01,1
444,PEG,2015,2014-12-31,211,20955262742.94,1
141,NFLX,2015,2014-12-31,212,20638655444.010002,1
300,DOC,2015,2014-12-31,213,20242628136.010002,1
272,MCO,2015,2014-12-31,214,19985966000.0,1
299,AZO,2015,2014-12-31,215,19748225289.15,1
341,COR,2015,2014-12-31,216,19717258909.04,1
84,BXP,2015,2014-12-31,217,19704233582.05,1
464,ROST,2015,2014-12-31,218,19651928158.260002,1
224,ORLY,2015,2014-12-31,219,19540394775.759003,1
3,ED,2015,2014-12-31,220,19333530014.960003,1
456,NXPI,2015,2014-12-31,221,19233814600.0,1
182,OMC,2015,2014-12-31,222,19226479267.31,1
326,ZBH,2015,2014-12-31,223,19208111512.02,1
379,ISRG,2015,2014-12-31,224,19175121914.272503,1
490,KKR,2015,2014-12-31,225,18821669401.15,1
386,WY,2015,2014-12-31,226,18806360000.0,1
240,PH,2015,2014-12-31,227,18369617511.449997,1
292,RCL,2015,2014-12-31,228,18354962014.890003,1
267,MNST,2015,2014-12-31,229,18172645155.6,1
2,XEL,2015,2014-12-31,230,18164238354.16,1
198,HST,2015,2014-12-31,231,17965366000.0,1
572,GAP,2015,2014-12-31,232,17836785654.77,1
1579,CRH,2015,2014-12-31,233,17785419048.81,1
151,GEN,2015,2014-12-31,234,17705732393.615,1
274,HIG,2015,2014-12-31,235,17693236000.0,1
30,FIS,2015,2014-12-31,236,17649319912.8,1
40,BSX,2015,2014-12-31,237,17575991042.5,1
129,ADI,2015,2014-12-31,238,17278097491.52,1
233,GWW,2015,2014-12-31,239,17187752930.489998,1
340,IVZ,2015,2014-12-31,240,17026308965.12,1
83,ES,2015,2014-12-31,241,16965840000.000002,1
404,CHTR,2015,2014-12-31,242,16869896854.531502,1
266,TT,2015,2014-12-31,243,16828288893.6078,1
155,FITB,2015,2014-12-31,244,16794077860.0,1
18,MOS,2015,2014-12-31,245,16778213873.3,1
152,PAYX,2015,2014-12-31,246,16766510148.45,1
171,STZ,2015,2014-12-31,247,16697650579.29,1
168,APH,2015,2014-12-31,248,16652336294.980001,1
31,MTB,2015,2014-12-31,249,16626309480.0,1
237,JCI,2015,2014-12-31,250,16425065606.3822,1
109,FE,2015,2014-12-31,251,16406700159.85,1
161,TSN,2015,2014-12-31,252,16291923134.350002,1
117,GPC,2015,2014-12-31,253,16289932764.22,1
355,RL,2015,2014-12-31,254,16239453541.32,1
191,MSI,2015,2014-12-31,255,16147655707.56,1
19,DVA,2015,2014-12-31,256,16144984403.519999,1
442,ROP,2015,2014-12-31,257,15964203055.199999,1
138,PGR,2015,2014-12-31,258,15864722000.0,1
493,NTRS,2015,2014-12-31,259,15730553400.000002,1
312,ETR,2015,2014-12-31,260,15676416000.0,1
466,L,2015,2014-12-31,261,15669258000.000002,1
38,NUE,2015,2014-12-31,262,15646946909.849998,1
308,CAG,2015,2014-12-31,263,15636680000.0,1
651,XRX,2015,2014-12-31,264,15478085700.0,1
647,CPRI,2015,2014-12-31,265,15463906862.699999,1
309,DTE,2015,2014-12-31,266,15286736594.490002,1
492,PFG,2015,2014-12-31,267,15265166000.0,1
334,WDAY,2015,2014-12-31,268,15261070000.0,1
683,WHR,2015,2014-12-31,269,15111720000.0,1
1117,JWN,2015,2014-12-31,270,15103558330.22,1
257,WYNN,2015,2014-12-31,271,15076795801.72,1
279,ROK,2015,2014-12-31,272,15061378693.6,1
258,SWK,2015,2014-12-31,273,15051141262.24,1
1495,UAA,2015,2014-12-31,274,14991054318.543999,1
954,LNC,2015,2014-12-31,275,14982073556.09,1
286,EA,2015,2014-12-31,276,14620227177.000002,1
443,DLTR,2015,2014-12-31,277,14473950971.22,1
1583,FER,2015,2014-12-31,278,14428066727.8,1
345,SBAC,2015,2014-12-31,279,14302881840.0,1
39,RF,2015,2014-12-31,280,14298240000.0,1
14,RSG,2015,2014-12-31,281,14196175000.0,1
675,HOG,2015,2014-12-31,282,14122413898.32,1
510,FAST,2015,2014-12-31,283,14071474660.640001,1
462,KMX,2015,2014-12-31,284,13982572461.16,1
49,SWKS,2015,2014-12-31,285,13862425001.039999,1
495,KDP,2015,2014-12-31,286,13831207649.28,1
500,CPB,2015,2014-12-31,287,13787077832.0,1
263,HRL,2015,2014-12-31,288,13735537455.5,1
256,A,2015,2014-12-31,289,13728074573.88,1
4,BBY,2015,2014-12-31,290,13672624761.019999,1
499,ADSK,2015,2014-12-31,291,13664881470.24,1
20,CPAY,2015,2014-12-31,292,13631062414.53,1
393,EW,2015,2014-12-31,293,13626375506.699999,1
440,CF,2015,2014-12-31,294,13554837403.880001,1
679,BFH,2015,2014-12-31,295,13548467299.9076,1
320,CLX,2015,2014-12-31,296,13484966163.24,1
470,NI,2015,2014-12-31,297,13406339002.5621,1
1072,BMRN,2015,2014-12-31,298,13330885358.400002,1
301,ESS,2015,2014-12-31,299,13210440959.0,1
56,BG,2015,2014-12-31,300,13199713450.359999,1
641,MAC,2015,2014-12-31,301,13174262681.22,1
113,AME,2015,2014-12-31,302,12943441632.470001,1
236,NTAP,2015,2014-12-31,303,12919671078.050001,1
501,LRCX,2015,2014-12-31,304,12638385960.0,1
474,BWA,2015,2014-12-31,305,12484607824.8743,1
92,EQIX,2015,2014-12-31,306,12453513232.789999,1
305,INCY,2015,2014-12-31,307,12351339165.27,1
536,KSS,2015,2014-12-31,308,12330636379.6,1
424,CTRA,2015,2014-12-31,309,12229518646.8,1
101,PNR,2015,2014-12-31,310,12117810724.74,1
479,TAP,2015,2014-12-31,311,12048683333.76,1
452,KEY,2015,2014-12-31,312,11945701700.0,1
335,WEC,2015,2014-12-31,313,11893784564.34,1
41,DOV,2015,2014-12-31,314,11851335719.185799,1
1145,IBKR,2015,2014-12-31,315,11835575107.2,1
624,AMG,2015,2014-12-31,316,11794732444.32,1
953,AAP,2015,2014-12-31,317,11639226720.0,1
205,TXT,2015,2014-12-31,318,11624417915.7,1
115,KLAC,2015,2014-12-31,319,11566021233.599998,1
1034,SLG,2015,2014-12-31,320,11487396329.42,1
260,EQT,2015,2014-12-31,321,11468504230.2,1
517,HSIC,2015,2014-12-31,322,11459972103.086,1
165,J,2015,2014-12-31,323,11454426619.7952,1
245,CBRE,2015,2014-12-31,324,11400693551.25,1
133,MHK,2015,2014-12-31,325,11325262539.36,1
67,EMN,2015,2014-12-31,326,11276396012.16,1
166,AKAM,2015,2014-12-31,327,11206499973.44,1
69,AEE,2015,2014-12-31,328,11191138000.0,1
843,HBI,2015,2014-12-31,329,11149959327.36,1
394,BFb,2015,2014-12-31,330,11148682138.560001,1
415,UHS,2015,2014-12-31,331,11011398528.42,1
422,CHRW,2015,2014-12-31,332,10943999823.92,1
78,NVDA,2015,2014-12-31,333,10897914865.050001,1
226,EXPE,2015,2014-12-31,334,10846439120.0,1
241,NCLH,2015,2014-12-31,335,10760260632.8,1
451,O,2015,2014-12-31,336,10729081670.32,1
250,TSCO,2015,2014-12-31,337,10714701654.58,1
147,CCEP,2015,2014-12-31,338,10689495212.22,1
875,TRIP,2015,2014-12-31,339,10670503586.06,1
748,AR,2015,2014-12-31,340,10634688842.68,1
1220,PVH,2015,2014-12-31,341,10567727623.39,1
906,TNL,2015,2014-12-31,342,10567321387.140001,1
121,VRSK,2015,2014-12-31,343,10563142717.05,1
387,CHD,2015,2014-12-31,344,10560540000.0,1
1381,SIG,2015,2014-12-31,345,10549144056.789999,1
262,MGM,2015,2014-12-31,346,10503825461.46,1
1075,MAT,2015,2014-12-31,347,10486688686.25,1
1200,VOYA,2015,2014-12-31,348,10438133778.02,1
105,OKE,2015,2014-12-31,349,10372364678.13,1
372,KIM,2015,2014-12-31,350,10353150224.52,1
194,TPR,2015,2014-12-31,351,10351172081.16,1
1395,NWL,2015,2014-12-31,352,10326199000.0,1
425,TDG,2015,2014-12-31,353,10300334271.15,1
95,SJM,2015,2014-12-31,354,10281486516.84,1
1197,OVV,2015,2014-12-31,355,10277859242.279999,1
1107,NLY,2015,2014-12-31,356,10244021683.99,1
207,URI,2015,2014-12-31,357,10181431523.710001,1
96,GRMN,2015,2014-12-31,358,10133586450.0,1
426,CNP,2015,2014-12-31,359,10070116296.9,1
253,NOW,2015,2014-12-31,360,10062155000.0,1
614,PII,2015,2014-12-31,361,10041901941.2,1
580,JAZZ,2015,2014-12-31,362,9904302111.48,1
163,PANW,2015,2014-12-31,363,9872500001.7516,1
508,JBHT,2015,2014-12-31,364,9870247331.75,1
199,AES,2015,2014-12-31,365,9818648322.119999,1
277,DGX,2015,2014-12-31,366,9692466402.64,1
378,EFX,2015,2014-12-31,367,9655878000.0,1
410,JNPR,2015,2014-12-31,368,9654935236.56,1
114,FFIV,2015,2014-12-31,369,9626138495.43,1
298,CMS,2015,2014-12-31,370,9596175838.75,1
565,FNF,2015,2014-12-31,371,9573915097.5,1
176,AWK,2015,2014-12-31,372,9557172098.5,1
1274,FLR,2015,2014-12-31,373,9471653644.140001,1
319,NEM,2015,2014-12-31,374,9427237614.9,1
569,ALV,2015,2014-12-31,375,9414347590.323599,1
244,WAT,2015,2014-12-31,376,9386926967.28,1
1196,WU,2015,2014-12-31,377,9360250805.79,1
396,BALL,2015,2014-12-31,378,9333969331.5,1
1361,HRB,2015,2014-12-31,379,9267663494.08,1
477,DHI,2015,2014-12-31,380,9239465721.33,1
338,CE,2015,2014-12-31,381,9211802661.36,1
44,CTAS,2015,2014-12-31,382,9203199691.6,1
1276,H,2015,2014-12-31,383,9140177665.17,1
5,NRG,2015,2014-12-31,384,9112027659.35,1
229,FRT,2015,2014-12-31,385,9092979732.12,1
23,MCHP,2015,2014-12-31,386,9065560245.95,1
837,RRC,2015,2014-12-31,387,9017061822.2,1
46,MAS,2015,2014-12-31,388,8977757040.0,1
866,MUR,2015,2014-12-31,389,8967035881.44,1
822,SEE,2015,2014-12-31,390,8959417604.45,1
16,DLR,2015,2014-12-31,391,8947384542.5076,1
950,WFRD,2015,2014-12-31,392,8860391800.25,1
535,DXC,2015,2014-12-31,393,8857933527.949999,1
890,ST,2015,2014-12-31,394,8823834443.369999,1
1232,UNM,2015,2014-12-31,395,8804500288.0,1
1083,CG,2015,2014-12-31,396,8748792690.0,1
146,IPG,2015,2014-12-31,397,8686616994.64,1
181,VMC,2015,2014-12-31,398,8656843185.480001,1
455,MKC,2015,2014-12-31,399,8641486984.9,1
303,MTD,2015,2014-12-31,400,8634449931.06,1
1085,ALKS,2015,2014-12-31,401,8563316757.12,1
486,EXPD,2015,2014-12-31,402,8549760330.9,1
72,HBAN,2015,2014-12-31,403,8536503191.5199995,1
94,LKQ,2015,2014-12-31,404,8533088658.6,1
1360,PPC,2015,2014-12-31,405,8493561992.07,1
377,CINF,2015,2014-12-31,406,8484571000.0,1
579,CMA,2015,2014-12-31,407,8384360000.000001,1
284,WAB,2015,2014-12-31,408,8363581136.02,1
1027,ASH,2015,2014-12-31,409,8295134004.96,1
959,JEF,2015,2014-12-31,410,8260179121.64,1
120,ULTA,2015,2014-12-31,411,8228505335.2,1
437,IFF,2015,2014-12-31,412,8207281477.36,1
366,RJF,2015,2014-12-31,413,8159700406.45,1
963,FLS,2015,2014-12-31,414,8136880000.0,1
1098,WLK,2015,2014-12-31,415,8130017866.700001,1
48,IRM,2015,2014-12-31,416,8110125805.32,1
204,NDAQ,2015,2014-12-31,417,8041249542.3804,1
418,WTW,2015,2014-12-31,418,8007609680.099999,1
1272,EPC,2015,2014-12-31,419,7988671989.84,1
1285,FL,2015,2014-12-31,420,7982417772.24,1
513,PHM,2015,2014-12-31,421,7956672245.34,1
450,SNA,2015,2014-12-31,422,7945633497.4800005,1
1460,RHI,2015,2014-12-31,423,7937225062.62,1
324,LULU,2015,2014-12-31,424,7921759845.51,1
347,UDR,2015,2014-12-31,425,7862632064.46,1
1442,ALK,2015,2014-12-31,426,7857304560.0,1
1294,GT,2015,2014-12-31,427,7844250739.28,1
515,LH,2015,2014-12-31,428,7832634550.0,1
79,RMD,2015,2014-12-31,429,7817263827.52,1
411,COO,2015,2014-12-31,430,7806008671.56,1
904,CNX,2015,2014-12-31,431,7792252347.5589,1
1337,LEA,2015,2014-12-31,432,7773362276.0,1
459,AJG,2015,2014-12-31,433,7749368000.0,1
221,LEN,2015,2014-12-31,434,7725230030.595,1
302,EG,2015,2014-12-31,435,7705558650.400001,1
478,PKG,2015,2014-12-31,436,7678828428.599999,1
131,ACGL,2015,2014-12-31,437,7630421803.2,1
183,FMC,2015,2014-12-31,438,7603106777.13,1
432,PNW,2015,2014-12-31,439,7544840114.79,1
845,XRAY,2015,2014-12-31,440,7539289303.070001,1
90,ANSS,2015,2014-12-31,441,7536491260.0,1
438,IQV,2015,2014-12-31,442,7526659308.349999,1
476,LHX,2015,2014-12-31,443,7511777474.039999,1
1582,ALNY,2015,2014-12-31,444,7462315730.0,1
223,HOLX,2015,2014-12-31,445,7451476937.66,1
59,MLM,2015,2014-12-31,446,7421232467.599999,1
136,IT,2015,2014-12-31,447,7412812448.58,1
507,MRVL,2015,2014-12-31,448,7410950000.0,1
112,LNT,2015,2014-12-31,449,7368347865.6,1
534,BRX,2015,2014-12-31,450,7366351680.0,1
944,COTY,2015,2014-12-31,451,7348732662.8,1
527,DINO,2015,2014-12-31,452,7336184942.679999,1
1064,ARMK,2015,2014-12-31,453,7324950503.849999,1
729,HP,2015,2014-12-31,454,7315736918.64,1
622,WPC,2015,2014-12-31,455,7288157805.1988,1
148,DRI,2015,2014-12-31,456,7272815103.84,1
923,TGNA,2015,2014-12-31,457,7210779423.66,1
1343,FBIN,2015,2014-12-31,458,7142138799.3,1
937,FLG,2015,2014-12-31,459,7082358800.0,1
747,OGE,2015,2014-12-31,460,7071841526.079999,1
1461,CCK,2015,2014-12-31,461,7070972569.9,1
162,IDXX,2015,2014-12-31,462,7069864110.280001,1
1457,CAR,2015,2014-12-31,463,7047230518.349999,1
481,TRMB,2015,2014-12-31,464,7006560000.0,1
1205,WSM,2015,2014-12-31,465,6969303844.8,1
179,GL,2015,2014-12-31,466,6968600139.71,1
34,XYL,2015,2014-12-31,467,6923962862.19,1
489,HAS,2015,2014-12-31,468,6911268852.150001,1
731,AN,2015,2014-12-31,469,6826330000.0,1
350,EXR,2015,2014-12-31,470,6823364414.96,1
1275,RPM,2015,2014-12-31,471,6768573081.71,1
369,VRSN,2015,2014-12-31,472,6751764000.0,1
1480,JLL,2015,2014-12-31,473,6721178835.47,1
520,SEIC,2015,2014-12-31,474,6696126196.76,1
467,ODFL,2015,2014-12-31,475,6689844155.88,1
768,TDC,2015,2014-12-31,476,6683040000.0,1
509,SNPS,2015,2014-12-31,477,6655401624.69,1
1051,MD,2015,2014-12-31,478,6638496537.31,1
1176,UGI,2015,2014-12-31,479,6548716084.32,1
50,WRB,2015,2014-12-31,480,6497153740.0,1
609,FLEX,2015,2014-12-31,481,6472931410.66,1
1087,ENOV,2015,2014-12-31,482,6380785907.46,1
435,CPT,2015,2014-12-31,483,6379661621.84,1
398,ARE,2015,2014-12-31,484,6341715360.0,1
111,IEX,2015,2014-12-31,485,6180223637.84,1
368,PWR,2015,2014-12-31,486,6180081096.21,1
1445,OII,2015,2014-12-31,487,6175698556.68,1
827,UTHR,2015,2014-12-31,488,6151928755.900001,1
252,CNC,2015,2014-12-31,489,6149655125.799999,1
1111,INGR,2015,2014-12-31,490,6096856920.0,1
1372,AYI,2015,2014-12-31,491,6074759982.059999,1
87,CDW,2015,2014-12-31,492,6056691960.280001,1
1012,RGA,2015,2014-12-31,493,6025890260.0,1
1327,TOL,2015,2014-12-31,494,6012328800.000001,1
238,NWSA,2015,2014-12-31,495,5969190648.12,1
248,REG,2015,2014-12-31,496,5947091541.18,1
73,CSGP,2015,2014-12-31,497,5940295348.32,1
1206,DKS,2015,2014-12-31,498,5940288504.45,1
140,MAA,2015,2014-12-31,499,5933985200.360001,1
908,HAIN,2015,2014-12-31,500,5928093000.0,1
1512,AVT,2015,2014-12-31,501,5895846603.360001,1
833,LEG,2015,2014-12-31,502,5871658000.0,1
446,FDS,2015,2014-12-31,503,5870284881.25,1
957,NFG,2015,2014-12-31,504,5858909642.05,1
630,CSL,2015,2014-12-31,505,5837721164.16,1
941,KRC,2015,2014-12-31,506,5808320086.799999,1
916,ZION,2015,2014-12-31,507,5787954884.530001,1
1414,MIDD,2015,2014-12-31,508,5674731588.0,1
403,MELI,2015,2014-12-31,509,5637214207.24,1
399,ATO,2015,2014-12-31,510,5618755987.08,1
642,ARW,2015,2014-12-31,511,5610002904.31,1
550,EWBC,2015,2014-12-31,512,5556934500.95,1
483,CDNS,2015,2014-12-31,513,5552898400.0,1
348,BR,2015,2014-12-31,514,5542308355.0199995,1
293,HUBB,2015,2014-12-31,515,5542031447.64,1
208,GPN,2015,2014-12-31,516,5460348976.29,1
332,HII,2015,2014-12-31,517,5430539442.259999,1
1287,MAN,2015,2014-12-31,518,5394954303.38,1
291,EVRG,2015,2014-12-31,519,5391616190.84,1
68,CBOE,2015,2014-12-31,520,5334540004.5,1
672,AFG,2015,2014-12-31,521,5325144000.0,1
1056,LECO,2015,2014-12-31,522,5319733853.490001,1
159,MSCI,2015,2014-12-31,523,5318024000.0,1
409,ALLE,2015,2014-12-31,524,5309107379.56,1
1023,GNTX,2015,2014-12-31,525,5289105962.88,1
1550,FTI,2015,2014-12-31,526,5273309122.4800005,1
1112,CLB,2015,2014-12-31,527,5270490064.400001,1
782,DCI,2015,2014-12-31,528,5269132000.0,1
331,LYV,2015,2014-12-31,529,5239206594.44,1
427,SW,2015,2014-12-31,530,5215553450.24,1
1015,NNN,2015,2014-12-31,531,5197233700.0,1
376,DPZ,2015,2014-12-31,532,5179894302.6,1
1449,STWD,2015,2014-12-31,533,5168642977.679999,1
189,NVR,2015,2014-12-31,534,5163939978.33,1
1007,SFM,2015,2014-12-31,535,5159296689.32,1
726,LAMR,2015,2014-12-31,536,5118903123.4800005,1
75,WBD,2015,2014-12-31,537,5115517981.6,1
242,JKHY,2015,2014-12-31,538,5081537958.9,1
214,FTNT,2015,2014-12-31,539,5054483212.38,1
173,AOS,2015,2014-12-31,540,5051286136.94,1
966,NEU,2015,2014-12-31,541,5022481668.45,1
730,MSM,2015,2014-12-31,542,5021318493.75,1
1498,GHC,2015,2014-12-31,543,5004042657.966,1
1223,THC,2015,2014-12-31,544,4979855301.84,1
1082,OHI,2015,2014-12-31,545,4978581954.24,1
1450,PDCO,2015,2014-12-31,546,4959905958.8,1
519,RVTY,2015,2014-12-31,547,4939852398.96,1
751,R,2015,2014-12-31,548,4924726395.75,1
723,VYX,2015,2014-12-31,549,4907176000.0,1
545,PBI,2015,2014-12-31,550,4898126080.67,1
820,SBH,2015,2014-12-31,551,4853841634.92,1
818,PINC,2015,2014-12-31,552,4836715476.110001,1
1071,QRVO,2015,2014-12-31,553,4823150378.76,1
358,ROL,2015,2014-12-31,554,4816924325.0975,1
354,AIZ,2015,2014-12-31,555,4807552250.34,1
457,NDSN,2015,2014-12-31,556,4801088640.0,1
1366,GGG,2015,2014-12-31,557,4768230366.9,1
741,BC,2015,2014-12-31,558,4764807123.34,1
29,TFX,2015,2014-12-31,559,4755153298.42,1
247,ERIE,2015,2014-12-31,560,4746351318.36,1
54,STLD,2015,2014-12-31,561,4745808563.16,1
1245,RS,2015,2014-12-31,562,4738453368.77,1
528,VC,2015,2014-12-31,563,4733864766.54,1
175,AVY,2015,2014-12-31,564,4726322577.76,1
423,BRO,2015,2014-12-31,565,4722124259.999999,1
727,WTRG,2015,2014-12-31,566,4716123741.599999,1
325,ALB,2015,2014-12-31,567,4705395522.17,1
757,ACM,2015,2014-12-31,568,4671566426.02,1
847,SCI,2015,2014-12-31,569,4650475679.0,1
961,JBLU,2015,2014-12-31,570,4628131738.099999,1
582,URBN,2015,2014-12-31,571,4624639597.740001,1
525,CRI,2015,2014-12-31,572,4619180863.89,1
778,ODP,2015,2014-12-31,573,4615986057.89,1
21,CPRT,2015,2014-12-31,574,4608710029.44,1
893,KEX,2015,2014-12-31,575,4606943660.0,1
502,LII,2015,2014-12-31,576,4567181814.0,1
585,MDU,2015,2014-12-31,577,4556854453.012,1
414,ALGN,2015,2014-12-31,578,4489003500.74,1
322,FSLR,2015,2014-12-31,579,4472385368.49,1
24,TRGP,2015,2014-12-31,580,4469314251.15,1
543,CFR,2015,2014-12-31,581,4460845360.0,1
1261,GPK,2015,2014-12-31,582,4454198912.28,1
738,OI,2015,2014-12-31,583,4450914611.33,1
943,PAG,2015,2014-12-31,584,4427454739.61,1
819,SON,2015,2014-12-31,585,4425066632.200001,1
463,ON,2015,2014-12-31,586,4415436724.84,1
1401,DLB,2015,2014-12-31,587,4406698246.719999,1
1288,ATR,2015,2014-12-31,588,4326404347.320001,1
653,SLM,2015,2014-12-31,589,4312047712.17,1
1008,ELS,2015,2014-12-31,590,4294820049.35,1
356,TER,2015,2014-12-31,591,4284421247.08,1
200,PTC,2015,2014-12-31,592,4251223896.75,1
995,CXW,2015,2014-12-31,593,4232737840.0000005,1
1519,ESI,2015,2014-12-31,594,4224321836.1,1
1094,GNW,2015,2014-12-31,595,4221950000.0,1
172,JBL,2015,2014-12-31,596,4218073851.2599998,1
310,DXCM,2015,2014-12-31,597,4214730833.3999996,1
990,OC,2015,2014-12-31,598,4210541375.6400003,1
1186,AGO,2015,2014-12-31,599,4210094993.66,1
911,AGCO,2015,2014-12-31,600,4157422550.0000005,1
1501,G,2015,2014-12-31,601,4139692000.65,1
1185,CNK,2015,2014-12-31,602,4116567929.3999996,1
1110,DEI,2015,2014-12-31,603,4113073792.7999997,1
1137,RGLD,2015,2014-12-31,604,4063876736.7000003,1
1511,HIW,2015,2014-12-31,605,4041436662.7200003,1
878,FLO,2015,2014-12-31,606,4028498938.1000004,1
1415,CBSH,2015,2014-12-31,607,3989787024.3209996,1
1250,YELP,2015,2014-12-31,608,3968945057.74,1
973,HXL,2015,2014-12-31,609,3958263292.23,1
76,ZBRA,2015,2014-12-31,610,3941853364.19,1
1580,BAH,2015,2014-12-31,611,3924013221.31,1
1262,IPGP,2015,2014-12-31,612,3923537024.96,1
1157,SATS,2015,2014-12-31,613,3895811771.95,1
1485,X,2015,2014-12-31,614,3890258792.2799997,1
1334,UNFI,2015,2014-12-31,615,3866433724.2000003,1
1326,PB,2015,2014-12-31,616,3863020800.0,1
413,STE,2015,2014-12-31,617,3862517750.2999997,1
636,WOLF,2015,2014-12-31,618,3848529950.2799997,1
1198,WEX,2015,2014-12-31,619,3847691240.0,1
285,APO,2015,2014-12-31,620,3844568182.3199997,1
986,EXP,2015,2014-12-31,621,3822592622.75,1
1295,ORI,2015,2014-12-31,622,3816807591.52,1
1240,OSK,2015,2014-12-31,623,3800948751.95,1
695,RH,2015,2014-12-31,624,3799799387.21,1
788,SMG,2015,2014-12-31,625,3799218086.16,1
648,TKR,2015,2014-12-31,626,3785147246.32,1
104,WST,2015,2014-12-31,627,3783779524.36,1
639,SAM,2015,2014-12-31,628,3782462829.38,1
640,ATI,2015,2014-12-31,629,3779601501.9600005,1
1322,NBR,2015,2014-12-31,630,3756918648.34,1
339,TDY,2015,2014-12-31,631,3755667378.1,1
914,RNR,2015,2014-12-31,632,3745794629.88,1
865,EAT,2015,2014-12-31,633,3730082565.75,1
743,BERY,2015,2014-12-31,634,3729210000.0,1
1358,ITT,2015,2014-12-31,635,3706136000.0,1
1309,SNV,2015,2014-12-31,636,3687567816.87,1
1096,APAM,2015,2014-12-31,637,3685028747.79,1
816,GME,2015,2014-12-31,638,3667821398.7999997,1
1507,ACHC,2015,2014-12-31,639,3667615914.54,1
1362,FAF,2015,2014-12-31,640,3636273567.2999997,1
1307,THS,2015,2014-12-31,641,3620213855.43,1
357,TYL,2015,2014-12-31,642,3615240960.0,1
1130,MMS,2015,2014-12-31,643,3611742493.0800004,1
599,DAN,2015,2014-12-31,644,3610363039.18,1
1036,AMH,2015,2014-12-31,645,3601400619.1800003,1
1235,CGNX,2015,2014-12-31,646,3597576834.77,1
567,CUBE,2015,2014-12-31,647,3594498017.9900002,1
1181,AL,2015,2014-12-31,648,3572873908.6000004,1
660,TTC,2015,2014-12-31,649,3557957031.7200003,1
1218,BURL,2015,2014-12-31,650,3542317013.3399997,1
1455,RYN,2015,2014-12-31,651,3540728519.2400002,1
777,SKT,2015,2014-12-31,652,3530041505.76,1
1260,SPXC,2015,2014-12-31,653,3528932944.1863003,1
618,GWRE,2015,2014-12-31,654,3523284639.9900002,1
1348,CNO,2015,2014-12-31,655,3501247166.7599998,1
1148,CASY,2015,2014-12-31,656,3498021073.04,1
666,CXT,2015,2014-12-31,657,3462355195.0995,1
1154,AVNT,2015,2014-12-31,658,3446419177.9599996,1
988,FHI,2015,2014-12-31,659,3444431799.21,1
1581,HE,2015,2014-12-31,660,3433885105.68,1
497,TECH,2015,2014-12-31,661,3425857234.8,1
1344,TGI,2015,2014-12-31,662,3413906710.96,1
910,SHO,2015,2014-12-31,663,3411791500.0000005,1
81,FANG,2015,2014-12-31,664,3392683519.82,1
1486,CW,2015,2014-12-31,665,3390018536.5800004,1
1128,WCC,2015,2014-12-31,666,3389927036.74,1
1438,HR,2015,2014-12-31,667,3389685561.2,1
693,SLGN,2015,2014-12-31,668,3387700149.6,1
936,WKC,2015,2014-12-31,669,3381963520.0,1
1435,GLPI,2015,2014-12-31,670,3378092971.4765997,1
1093,EHC,2015,2014-12-31,671,3374986501.5530996,1
979,BDC,2015,2014-12-31,672,3374368128.57,1
1194,SF,2015,2014-12-31,673,3367862209.0098,1
1313,CBRL,2015,2014-12-31,674,3366117889.56,1
1024,CVI,2015,2014-12-31,675,3361229945.5,1
780,RRX,2015,2014-12-31,676,3360594451.2000003,1
716,SGI,2015,2014-12-31,677,3344624822.0299997,1
523,IDA,2015,2014-12-31,678,3327288430.12,1
852,MTN,2015,2014-12-31,679,3309495488.2599998,1
1183,BRKR,2015,2014-12-31,680,3305648997.1800003,1
544,WEN,2015,2014-12-31,681,3298361046.12,1
1054,EPR,2015,2014-12-31,682,3293593342.6200004,1
1126,CHH,2015,2014-12-31,683,3259364435.1400003,1
734,PEB,2015,2014-12-31,684,3259139541.84,1
1439,LSTR,2015,2014-12-31,685,3244796006.35,1
856,BWXT,2015,2014-12-31,686,3229662533.1605997,1
329,LDOS,2015,2014-12-31,687,3223390225.92,1
1138,WSO,2015,2014-12-31,688,3221400101.0,1
1091,MUSA,2015,2014-12-31,689,3220386913.04,1
106,GNRC,2015,2014-12-31,690,3220307472.7599998,1
711,WWD,2015,2014-12-31,691,3211487788.95,1
996,PCRX,2015,2014-12-31,692,3196692953.74,1
1281,RDN,2015,2014-12-31,693,3194422880.0,1
795,FHN,2015,2014-12-31,694,3180707600.0,1
715,VIAV,2015,2014-12-31,695,3179403781.8059998,1
1055,ACAD,2015,2014-12-31,696,3167707025.0,1
1270,MTG,2015,2014-12-31,697,3155379200.0,1
276,DECK,2015,2014-12-31,698,3153246865.4568,1
1393,THG,2015,2014-12-31,699,3140184439.24,1
1081,TRN,2015,2014-12-31,700,3138515564.2568,1
689,VMI,2015,2014-12-31,701,3124942696.0,1
763,MCY,2015,2014-12-31,702,3118910917.89,1
652,BLMN,2015,2014-12-31,703,3111354524.7200003,1
900,COLM,2015,2014-12-31,704,3110149586.9,1
649,JACK,2015,2014-12-31,705,3101886121.08,1
1135,ADEA,2015,2014-12-31,706,3097394739.9568,1
610,DLX,2015,2014-12-31,707,3093825000.0,1
706,SNX,2015,2014-12-31,708,3080267663.403,1
1363,OZK,2015,2014-12-31,709,3030718080.0,1
1167,INVX,2015,2014-12-31,710,3028773955.4700003,1
792,TEX,2015,2014-12-31,711,3022192000.0,1
532,MANH,2015,2014-12-31,712,3017517486.08,1
1222,TWO,2015,2014-12-31,713,3004510377.7056003,1
1405,WWW,2015,2014-12-31,714,2993167731.47,1
562,GEO,2015,2014-12-31,715,2992573715.6436,1
985,DAR,2015,2014-12-31,716,2990712742.0,1
128,CRL,2015,2014-12-31,717,2986096224.32,1
1184,THO,2015,2014-12-31,718,2982819014.81,1
626,DRH,2015,2014-12-31,719,2973465289.67,1
1341,POR,2015,2014-12-31,720,2958671891.7599998,1
998,VSAT,2015,2014-12-31,721,2957513640.51,1
526,BKU,2015,2014-12-31,722,2944994656.94,1
623,WBS,2015,2014-12-31,723,2935700655.9100003,1
556,WLY,2015,2014-12-31,724,2925636533.08,1
1026,SXT,2015,2014-12-31,725,2905789216.54,1
612,PRAA,2015,2014-12-31,726,2901105492.93,1
1195,EEFT,2015,2014-12-31,727,2887672802.4,1
793,RBA,2015,2014-12-31,728,2887084727.87,1
929,MORN,2015,2014-12-31,729,2884889572.2,1
1025,PRI,2015,2014-12-31,730,2883353176.72,1
964,EME,2015,2014-12-31,731,2880617832.15,1
1433,CLH,2015,2014-12-31,732,2880480161.8999996,1
1061,BIO,2015,2014-12-31,733,2876878070.0,1
697,SWX,2015,2014-12-31,734,2875311884.55,1
798,SKX,2015,2014-12-31,735,2867600579.9679003,1
1169,BDN,2015,2014-12-31,736,2859471347.3,1
549,RES,2015,2014-12-31,737,2850569675.7599998,1
1100,KMT,2015,2014-12-31,738,2831204885.2799997,1
1347,CBT,2015,2014-12-31,739,2809139753.64,1
1514,AWI,2015,2014-12-31,740,2805895059.12,1
1446,ENS,2015,2014-12-31,741,2799478354.96,1
1068,ASB,2015,2014-12-31,742,2786302800.0,1
1447,ZWS,2015,2014-12-31,743,2763726433.8304,1
691,PSMT,2015,2014-12-31,744,2755931068.74,1
184,POOL,2015,2014-12-31,745,2754868233.52,1
598,MOGa,2015,2014-12-31,746,2743773297.76,1
1353,TDS,2015,2014-12-31,747,2724566354.5,1
685,AEO,2015,2014-12-31,748,2699530485.7200003,1
1523,RHP,2015,2014-12-31,749,2690795591.1,1
86,MKTX,2015,2014-12-31,750,2680406139.6499996,1
1020,FUN,2015,2014-12-31,751,2671919350.22,1
65,MOH,2015,2014-12-31,752,2661886310.0,1
1484,NWE,2015,2014-12-31,753,2654309419.74,1
530,CDP,2015,2014-12-31,754,2645267908.4700003,1
646,ALGT,2015,2014-12-31,755,2628428799.69,1
993,CRS,2015,2014-12-31,756,2621954755.0,1
1339,SM,2015,2014-12-31,757,2600500370.58,1
1331,UBSI,2015,2014-12-31,758,2595129919.55,1
1404,BOH,2015,2014-12-31,759,2593282776.48,1
752,UMBF,2015,2014-12-31,760,2590326175.32,1
1041,NJR,2015,2014-12-31,761,2585651713.2000003,1
449,PODD,2015,2014-12-31,762,2583112231.84,1
1412,PRA,2015,2014-12-31,763,2581854936.15,1
999,ZD,2015,2014-12-31,764,2576382793.9986,1
1394,LXP,2015,2014-12-31,765,2561392846.26,1
895,GATX,2015,2014-12-31,766,2543268000.0,1
725,BKE,2015,2014-12-31,767,2540902001.56,1
1317,SYNA,2015,2014-12-31,768,2523813319.1200004,1
863,HWC,2015,2014-12-31,769,2504163265.2,1
894,CAKE,2015,2014-12-31,770,2490019192.44,1
1149,MYGN,2015,2014-12-31,771,2485880203.56,1
804,TCBI,2015,2014-12-31,772,2483003894.46,1
1419,CUZ,2015,2014-12-31,773,2472521634.08,1
882,PBF,2015,2014-12-31,774,2470986939.6,1
1400,WAL,2015,2014-12-31,775,2465609800.0,1
829,TPH,2015,2014-12-31,776,2460671222.5,1
862,SSTK,2015,2014-12-31,777,2460167300.0,1
674,KBR,2015,2014-12-31,778,2459088761.85,1
1142,ALE,2015,2014-12-31,779,2453687487.06,1
621,UNF,2015,2014-12-31,780,2439894307.9,1
767,VAC,2015,2014-12-31,781,2430872316.46,1
531,PTEN,2015,2014-12-31,782,2428989347.4,1
1293,ESNT,2015,2014-12-31,783,2425072405.32,1
1057,KRG,2015,2014-12-31,784,2398962431.7,1
828,KW,2015,2014-12-31,785,2398626638.1,1
664,MTX,2015,2014-12-31,786,2396355443.1,1
1226,MPT,2015,2014-12-31,787,2376425600.64,1
1397,HTLD,2015,2014-12-31,788,2370956085.77,1
745,BKH,2015,2014-12-31,789,2368520771.7599998,1
942,CVLT,2015,2014-12-31,790,2365564937.4,1
1233,TXNM,2015,2014-12-31,791,2360136879.12,1
222,TTWO,2015,2014-12-31,792,2357990366.27,1
1413,LPX,2015,2014-12-31,793,2355022804.3199997,1
1105,TXRH,2015,2014-12-31,794,2342711596.16,1
1216,ACIW,2015,2014-12-31,795,2318264384.3700004,1
1278,FNB,2015,2014-12-31,796,2317576876.56,1
746,TMHC,2015,2014-12-31,797,2310019488.84,1
160,EPAM,2015,2014-12-31,798,2306506975.25,1
994,SR,2015,2014-12-31,799,2298922236.8,1
108,FICO,2015,2014-12-31,800,2293615773.9,1
1013,HLX,2015,2014-12-31,801,2290174014.1,1
1398,CENX,2015,2014-12-31,802,2289966913.2,1
1115,LAD,2015,2014-12-31,803,2275696155.85,1
1243,FR,2015,2014-12-31,804,2272980432.8799996,1
1225,GIII,2015,2014-12-31,805,2269866113.9700003,1
903,HNI,2015,2014-12-31,806,2266798232.7000003,1
922,SAIC,2015,2014-12-31,807,2262921290.76,1
602,ABG,2015,2014-12-31,808,2260080017.52,1
1592,AMRX,2015,2014-12-31,809,2257150800.96,1
967,VLY,2015,2014-12-31,810,2247790796.1800003,1
1175,GMED,2015,2014-12-31,811,2245415579.05,1
1073,WERN,2015,2014-12-31,812,2243995163.2,1
897,PZZA,2015,2014-12-31,813,2240766012.6,1
824,FUL,2015,2014-12-31,814,2239436989.19,1
881,WTS,2015,2014-12-31,815,2222389161.2,1
867,FIVE,2015,2014-12-31,816,2220136557.9,1
1076,OMI,2015,2014-12-31,817,2214725563.5299997,1
1389,FULT,2015,2014-12-31,818,2211500640.0,1
1429,AVA,2015,2014-12-31,819,2200164239.35,1
1180,WTFC,2015,2014-12-31,820,2188604371.7999997,1
663,HCSG,2015,2014-12-31,821,2185854030.0,1
797,LFUS,2015,2014-12-31,822,2183343088.43,1
989,LOPE,2015,2014-12-31,823,2181075040.0,1
1084,GPI,2015,2014-12-31,824,2178157908.26,1
892,HOMB,2015,2014-12-31,825,2173083360.0,1
1162,HI,2015,2014-12-31,826,2169149239.5,1
1252,CADE,2015,2014-12-31,827,2166697866.53,1
1420,WAFD,2015,2014-12-31,828,2160867105.5499997,1
1239,EVR,2015,2014-12-31,829,2135755539.54,1
915,RLI,2015,2014-12-31,830,2129288200.0,1
1483,WT,2015,2014-12-31,831,2092417600.0,1
1479,VSH,2015,2014-12-31,832,2086467591.0,1
934,GBCI,2015,2014-12-31,833,2083474574.84,1
539,CIEN,2015,2014-12-31,834,2076584110.1100001,1
453,AMD,2015,2014-12-31,835,2070158892.03,1
992,CACI,2015,2014-12-31,836,2050874582.6000001,1
809,BCPC,2015,2014-12-31,837,2048646480.16,1
1136,WOR,2015,2014-12-31,838,2046776030.4116,1
1171,SHOO,2015,2014-12-31,839,2044359319.7099998,1
1018,CATY,2015,2014-12-31,840,2042454411.27,1
1432,JJSF,2015,2014-12-31,841,2031467595.79,1
1122,EGP,2015,2014-12-31,842,2021808359.84,1
946,SLAB,2015,2014-12-31,843,2018189839.1799998,1
559,BGC,2015,2014-12-31,844,2012575404.4,1
678,BLKB,2015,2014-12-31,845,2002534600.5,1
667,MSA,2015,2014-12-31,846,1987649410.8700001,1
1269,ANF,2015,2014-12-31,847,1985780261.92,1
871,NYT,2015,2014-12-31,848,1976257813.22,1
1494,IDCC,2015,2014-12-31,849,1965991628.7,1
1014,MKSI,2015,2014-12-31,850,1942327632.6000001,1
1387,MLI,2015,2014-12-31,851,1942228082.28,1
1369,SANM,2015,2014-12-31,852,1940626420.3300002,1
10,MPWR,2015,2014-12-31,853,1931503680.0,1
1491,HAE,2015,2014-12-31,854,1926814474.5600002,1
1070,UPBD,2015,2014-12-31,855,1921391705.28,1
555,CMC,2015,2014-12-31,856,1916778618.7199998,1
702,FFIN,2015,2014-12-31,857,1915006839.48,1
537,ALEX,2015,2014-12-31,858,1914118983.6599998,1
1045,KMPR,2015,2014-12-31,859,1892813980.0,1
790,FDP,2015,2014-12-31,860,1891059606.1499999,1
631,CALM,2015,2014-12-31,861,1888335955.6200001,1
1374,SEM,2015,2014-12-31,862,1885328409.6000001,1
1488,CNS,2015,2014-12-31,863,1884741065.9199998,1
644,AIT,2015,2014-12-31,864,1881984195.2400002,1
1391,POST,2015,2014-12-31,865,1878816831.3530002,1
817,PRG,2015,2014-12-31,866,1877733685.074,1
1060,MTZ,2015,2014-12-31,867,1851196259.71,1
728,HELE,2015,2014-12-31,868,1848258766.6200001,1
807,ELME,2015,2014-12-31,869,1848213540.0,1
1153,ENTG,2015,2014-12-31,870,1842810495.3300002,1
826,SMTC,2015,2014-12-31,871,1840355038.59,1
145,MSTR,2015,2014-12-31,872,1836744000.0,1
1177,NEOG,2015,2014-12-31,873,1832225405.1332,1
800,MNRO,2015,2014-12-31,874,1825041589.1999998,1
719,CWENa,2015,2014-12-31,875,1822550250.0,1
896,PBH,2015,2014-12-31,876,1811437081.44,1
1604,RITM,2015,2014-12-31,877,1806123736.85,1
1249,HTH,2015,2014-12-31,878,1799128665.6,1
876,CFFN,2015,2014-12-31,879,1797549915.24,1
812,CHE,2015,2014-12-31,880,1797495730.88,1
851,GES,2015,2014-12-31,881,1796638555.6399999,1
1476,SBRA,2015,2014-12-31,882,1793257420.3700001,1
1121,FELE,2015,2014-12-31,883,1784165579.01,1
784,IART,2015,2014-12-31,884,1778097903.78,1
970,IBOC,2015,2014-12-31,885,1767452160.44,1
1370,OLN,2015,2014-12-31,886,1762398000.0,1
1095,MLKN,2015,2014-12-31,887,1750644992.07,1
665,AAT,2015,2014-12-31,888,1739763442.89,1
889,ONB,2015,2014-12-31,889,1738683360.0,1
1477,ASGN,2015,2014-12-31,890,1737401609.79,1
1224,PRLB,2015,2014-12-31,891,1734170529.6399999,1
577,EVTC,2015,2014-12-31,892,1723775276.72,1
1164,DORM,2015,2014-12-31,893,1721528938.71,1
662,AXL,2015,2014-12-31,894,1711353770.01,1
1567,PTCT,2015,2014-12-31,895,1703149753.8400002,1
962,PCH,2015,2014-12-31,896,1700131350.0,1
1473,NBIX,2015,2014-12-31,897,1697955162.7,1
1493,JOE,2015,2014-12-31,898,1697445476.04,1
1384,VRE,2015,2014-12-31,899,1696927600.7399998,1
1418,CVBF,2015,2014-12-31,900,1696409320.32,1
1478,SSD,2015,2014-12-31,901,1693616958.2,1
1388,AMKR,2015,2014-12-31,902,1684674808.1999998,1
676,BXMT,2015,2014-12-31,903,1680780863.1200001,1
1033,EPAC,2015,2014-12-31,904,1680124655.3999999,1
972,TTEK,2015,2014-12-31,905,1671556116.6,1
891,TRMK,2015,2014-12-31,906,1656008083.6799998,1
1207,ITRI,2015,2014-12-31,907,1651797244.06,1
765,CHDN,2015,2014-12-31,908,1650833011.1,1
655,INVA,2015,2014-12-31,909,1644251253.3,1
594,RWT,2015,2014-12-31,910,1643827100.0,1
1520,MWA,2015,2014-12-31,911,1642206064.64,1
1048,CCOI,2015,2014-12-31,912,1642051019.31,1
1506,SITC,2015,2014-12-31,913,1626360230.0,1
429,SMCI,2015,2014-12-31,914,1620362677.7600002,1
557,SSB,2015,2014-12-31,915,1620029090.1599998,1
1352,TDW,2015,2014-12-31,916,1611687461.7199998,1
1548,PRKS,2015,2014-12-31,917,1610957469.6,1
1101,MATW,2015,2014-12-31,918,1604970683.97,1
709,BGS,2015,2014-12-31,919,1604544540.3,1
1356,NXST,2015,2014-12-31,920,1599787972.79,1
1268,ABM,2015,2014-12-31,921,1597236554.55,1
947,FCN,2015,2014-12-31,922,1590822030.0,1
1536,PEGA,2015,2014-12-31,923,1585766943.78,1
1515,MGEE,2015,2014-12-31,924,1581224355.7,1
604,STAG,2015,2014-12-31,925,1578653874.0,1
541,FCFS,2015,2014-12-31,926,1575849520.93,1
1242,PMT,2015,2014-12-31,927,1563603531.3,1
1437,RAMP,2015,2014-12-31,928,1561020267.2,1
1333,CBU,2015,2014-12-31,929,1553721240.0,1
1443,VRTS,2015,2014-12-31,930,1544635308.24,1
546,ANDE,2015,2014-12-31,931,1535746000.0,1
907,FWRD,2015,2014-12-31,932,1533769169.61,1
1188,SIGI,2015,2014-12-31,933,1533046057.4,1
699,LTC,2015,2014-12-31,934,1531688522.64,1
761,POWI,2015,2014-12-31,935,1527630277.94,1
1297,NVRI,2015,2014-12-31,936,1526491983.92,1
1037,KBH,2015,2014-12-31,937,1521837227.05,1
933,SPNT,2015,2014-12-31,938,1507415797.44,1
1211,RBC,2015,2014-12-31,939,1506583136.07,1
858,NPO,2015,2014-12-31,940,1506240000.0,1
547,NTCT,2015,2014-12-31,941,1505130577.02,1
635,ROG,2015,2014-12-31,942,1489384818.56,1
710,MTSI,2015,2014-12-31,943,1489059501.1200001,1
1440,CRUS,2015,2014-12-31,944,1488755916.9,1
1505,GVA,2015,2014-12-31,945,1488579836.94,1
951,VTLE,2015,2014-12-31,946,1487141820.0,1
1517,MATX,2015,2014-12-31,947,1485779462.4,1
671,MTDR,2015,2014-12-31,948,1484120542.8,1
1490,COLB,2015,2014-12-31,949,1469675302.59,1
1174,BCC,2015,2014-12-31,950,1464145063.6499999,1
1290,KFY,2015,2014-12-31,951,1449245160.0,1
1424,GBX,2015,2014-12-31,952,1448025273.09,1
855,AWR,2015,2014-12-31,953,1446145431.08,1
1263,PNFP,2015,2014-12-31,954,1412862377.82,1
1340,GOGO,2015,2014-12-31,955,1409447971.8000002,1
1237,MTH,2015,2014-12-31,956,1408108965.94,1
1502,CAL,2015,2014-12-31,957,1406904479.55,1
974,HUBG,2015,2014-12-31,958,1405518329.6,1
783,OSIS,2015,2014-12-31,959,1403299462.32,1
980,VECO,2015,2014-12-31,960,1402784551.3600001,1
1409,BRC,2015,2014-12-31,961,1401442357.86,1
1503,HMN,2015,2014-12-31,962,1390720090.62,1
149,AXON,2015,2014-12-31,963,1390644254.96,1
769,LZB,2015,2014-12-31,964,1389561070.48,1
1116,BYD,2015,2014-12-31,965,1385668586.1599998,1
981,PLXS,2015,2014-12-31,966,1384849687.0,1
808,SAH,2015,2014-12-31,967,1383779868.6399999,1
1210,MASI,2015,2014-12-31,968,1380521069.8799999,1
1203,SAIA,2015,2014-12-31,969,1370551118.4,1
1462,TREX,2015,2014-12-31,970,1362829744.3,1
1468,PRK,2015,2014-12-31,971,1361919463.52,1
605,NWN,2015,2014-12-31,972,1357603551.6,1
1140,PRGS,2015,2014-12-31,973,1356025233.6399999,1
1482,BHE,2015,2014-12-31,974,1351445075.04,1
611,AROC,2015,2014-12-31,975,1346300346.1824,1
1350,TNC,2015,2014-12-31,976,1327944454.76,1
571,ARR,2015,2014-12-31,977,1314784629.76,1
714,DIOD,2015,2014-12-31,978,1312086406.44,1
1425,BJRI,2015,2014-12-31,979,1309624467.6100001,1
1273,THRM,2015,2014-12-31,980,1307214692.04,1
570,MATV,2015,2014-12-31,981,1288700971.1999998,1
978,SXC,2015,2014-12-31,982,1280645715.08,1
687,ICUI,2015,2014-12-31,983,1277230500.0,1
1568,FIBK,2015,2014-12-31,984,1273833705.3,1
774,RMBS,2015,2014-12-31,985,1272612633.12,1
1089,QLYS,2015,2014-12-31,986,1268146508.75,1
1410,OLED,2015,2014-12-31,987,1267327376.25,1
870,USNA,2015,2014-12-31,988,1263297158.42,1
1402,WABC,2015,2014-12-31,989,1262019900.0,1
581,KALU,2015,2014-12-31,990,1257685938.93,1
928,FBP,2015,2014-12-31,991,1250221950.0,1
776,WDFC,2015,2014-12-31,992,1246371207.24,1
1255,ORA,2015,2014-12-31,993,1237692045.06,1
874,CNMD,2015,2014-12-31,994,1237596385.6,1
1282,APOG,2015,2014-12-31,995,1228569375.33,1
756,MMI,2015,2014-12-31,996,1227538196.5,1
1003,KWR,2015,2014-12-31,997,1221303242.64,1
926,AAON,2015,2014-12-31,998,1219616190.91,1
1047,AIN,2015,2014-12-31,999,1211881000.0,1
551,HALO,2015,2014-12-31,1000,1209985350.95,1
397,AAPL,2016,2015-12-31,1,583612701620.0,1
32,MSFT,2016,2015-12-31,2,443169421672.95996,1
428,XOM,2016,2015-12-31,3,324501057010.4,1
202,AMZN,2016,2015-12-31,4,316831551559.45,1
511,GE,2016,2015-12-31,5,314903805773.89996,1
282,META,2016,2015-12-31,6,295977857586.98,1
228,JNJ,2016,2015-12-31,7,284220449570.88,1
496,WFC,2016,2015-12-31,8,277660706417.27997,1
102,GOOGL,2016,2015-12-31,9,266251471465.43,1
177,GOOG,2016,2015-12-31,10,262196091456.48,1
216,JPM,2016,2015-12-31,11,243064999175.31,1
35,PG,2016,2015-12-31,12,214769551119.59998,1
385,T,2016,2015-12-31,13,211690319999.99997,1
174,PFE,2016,2015-12-31,14,199264503010.56,1
288,WMT,2016,2015-12-31,15,196275735054.87662,1
85,V,2016,2015-12-31,16,188405570971.19998,1
337,VZ,2016,2015-12-31,17,188063316392.13998,1
169,KO,2016,2015-12-31,18,186832402301.76,1
51,BAC,2016,2015-12-31,19,175242032862.93,1
42,DIS,2016,2015-12-31,20,173715932365.96,1
12,CVX,2016,2015-12-31,21,169308021891.84,1
473,HD,2016,2015-12-31,22,167677297031.75,1
283,BRKb,2016,2015-12-31,23,164833325132.84,1
278,INTC,2016,2015-12-31,24,162569550000.0,1
187,C,2016,2015-12-31,25,154162756305.0,1
419,ORCL,2016,2015-12-31,26,153470566600.0,1
289,MRK,2016,2015-12-31,27,147554948496.34,1
297,GILD,2016,2015-12-31,28,145833023021.34,1
126,PEP,2016,2015-12-31,29,145568529637.84,1
64,CSCO,2016,2015-12-31,30,137866314249.72,1
360,CMCSA,2016,2015-12-31,31,137824539624.09,1
239,PM,2016,2015-12-31,32,136202837105.79,1
460,IBM,2016,2015-12-31,33,133506555540.12001,1
125,AMGN,2016,2015-12-31,34,122450042487.78001,1
167,BMY,2016,2015-12-31,35,114761415746.43001,1
232,MO,2016,2015-12-31,36,114095062389.01,1
17,UNH,2016,2015-12-31,37,112123676293.4,1
461,MA,2016,2015-12-31,38,109312766181.52,1
144,MCD,2016,2015-12-31,39,108479671289.22,1
504,CVS,2016,2015-12-31,40,108262395702.33,1
268,MDT,2016,2015-12-31,41,108161498136.24,1
296,NKE,2016,2015-12-31,42,106524220000.0,1
218,BA,2016,2015-12-31,43,96872933206.29001,1
269,ABBV,2016,2015-12-31,44,96842407363.08,1
480,LLY,2016,2015-12-31,45,93366530018.74,1
150,MMM,2016,2015-12-31,46,92750996829.68,1
139,WBA,2016,2015-12-31,47,91860689800.005,1
134,SBUX,2016,2015-12-31,48,89132544000.0,1
421,KHC,2016,2015-12-31,49,88291037896.16,1
351,SLB,2016,2015-12-31,50,87631666605.0,1
193,AZN,2016,2015-12-31,51,85833929293.0,1
213,UPS,2016,2015-12-31,52,85684609179.21,1
346,RTX,2016,2015-12-31,53,79865945933.98079,1
273,GS,2016,2015-12-31,54,76874612657.48999,1
265,AIG,2016,2015-12-31,55,76657665368.64,1
471,QCOM,2016,2015-12-31,56,75139669259.96,1
25,USB,2016,2015-12-31,57,74637385235.54001,1
381,HON,2016,2015-12-31,58,71723317941.2484,1
77,MDLZ,2016,2015-12-31,59,71258269982.56001,1
512,COST,2016,2015-12-31,60,71024029428.0,1
62,LOW,2016,2015-12-31,61,69584554316.28,1
234,ACN,2016,2015-12-31,62,68752039125.0,1
400,AXP,2016,2015-12-31,63,68454303944.649994,1
353,BIIB,2016,2015-12-31,64,68286367442.15,1
384,ABT,2016,2015-12-31,65,66993140304.81,1
295,UNP,2016,2015-12-31,66,66792233578.8,1
97,LMT,2016,2015-12-31,67,66729216522.1,1
405,DHR,2016,2015-12-31,68,63649299964.32,1
217,BKNG,2016,2015-12-31,69,63471961630.85,1
110,MS,2016,2015-12-31,70,61591284135.79,1
158,SPG,2016,2015-12-31,71,61211056358.159996,1
454,CL,2016,2015-12-31,72,59752947437.340004,1
58,COP,2016,2015-12-31,73,57645434559.79,1
370,TMO,2016,2015-12-31,74,56612008603.15,1
475,REGN,2016,2015-12-31,75,56493783921.840004,1
119,BLK,2016,2015-12-31,76,56388797252.28,1
447,F,2016,2015-12-31,77,55917999151.659996,1
57,TXN,2016,2015-12-31,78,55599925611.51,1
287,MET,2016,2015-12-31,79,53584287076.8835,1
22,GM,2016,2015-12-31,80,52925576709.1,1
82,CRM,2016,2015-12-31,81,52057600000.0,1
156,OXY,2016,2015-12-31,82,51615332249.0317,1
197,DUK,2016,2015-12-31,83,49139911253.840004,1
141,NFLX,2016,2015-12-31,84,48884672381.439995,1
328,PNC,2016,2015-12-31,85,48398969749.590004,1
206,NEE,2016,2015-12-31,86,47845075274.340004,1
434,TJX,2016,2015-12-31,87,47476310537.39,1
402,ADBE,2016,2015-12-31,88,46857210845.06,1
304,KMB,2016,2015-12-31,89,46209188520.299995,1
516,MCK,2016,2015-12-31,90,45084208882.02,1
26,BK,2016,2015-12-31,91,45051522660.0,1
93,TGT,2016,2015-12-31,92,44731507402.1,1
74,PSX,2016,2015-12-31,93,43635414904.0,1
420,GD,2016,2015-12-31,94,43423364057.600006,1
491,SCHW,2016,2015-12-31,95,43353114343.59,1
157,PSA,2016,2015-12-31,96,42832591395.7,1
343,SO,2016,2015-12-31,97,42529252020.01,1
45,AMT,2016,2015-12-31,98,41065128175.4,1
323,FDX,2016,2015-12-31,99,41063915501.54,1
180,KR,2016,2015-12-31,100,40772653259.95,1
100,D,2016,2015-12-31,101,40268365380.4,1
211,AVGO,2016,2015-12-31,102,40132461811.25,1
506,DAL,2016,2015-12-31,103,39866347848.49,1
71,CAT,2016,2015-12-31,104,39574595644.399994,1
203,ADP,2016,2015-12-31,105,39073425185.28,1
363,LYB,2016,2015-12-31,106,39056668218.700005,1
196,EOG,2016,2015-12-31,107,38913772192.47,1
518,COF,2016,2015-12-31,108,38403026289.36,1
259,ASML,2016,2015-12-31,109,37992377761.14,1
61,CB,2016,2015-12-31,110,37880604886.35,1
201,CI,2016,2015-12-31,111,37694597464.240005,1
80,PRU,2016,2015-12-31,112,36553090000.0,1
130,CTSH,2016,2015-12-31,113,36496290936.520004,1
388,ELV,2016,2015-12-31,114,36403577931.84,1
28,SYK,2016,2015-12-31,115,34901036242.08,1
9,LVS,2016,2015-12-31,116,34892654154.880005,1
362,BX,2016,2015-12-31,117,34858948079.88,1
514,TRV,2016,2015-12-31,118,34334133316.56,1
407,NOC,2016,2015-12-31,119,34231835101.23,1
212,GIS,2016,2015-12-31,120,34212283482.42,1
433,VLO,2016,2015-12-31,121,34047108242.399998,1
389,ECL,2016,2015-12-31,122,33776815359.42,1
53,ITW,2016,2015-12-31,123,33688417614.320004,1
275,KMI,2016,2015-12-31,124,33294199249.4,1
313,EBAY,2016,2015-12-31,125,32993968594.920002,1
365,BDX,2016,2015-12-31,126,32638808491.34,1
178,EL,2016,2015-12-31,127,32515012333.440002,1
307,CCL,2016,2015-12-31,128,32149219440.719997,1
188,TMUS,2016,2015-12-31,129,31923382462.079998,1
210,YUM,2016,2015-12-31,130,31502200852.35,1
123,TSLA,2016,2015-12-31,131,31429691548.849503,1
219,EMR,2016,2015-12-31,132,31154845011.19,1
344,VRTX,2016,2015-12-31,133,30918606097.38,1
7,CME,2016,2015-12-31,134,30643932721.8,1
267,MNST,2016,2015-12-31,135,30197497246.0678,1
271,EQR,2016,2015-12-31,136,29760396675.960003,1
190,TFC,2016,2015-12-31,137,29497471500.0,1
364,CAH,2016,2015-12-31,138,29368141547.219997,1
311,LIN,2016,2015-12-31,139,29168181043.2,1
456,NXPI,2016,2015-12-31,140,29150741123.5,1
47,HAL,2016,2015-12-31,141,29131886365.92,1
487,CCI,2016,2015-12-31,142,28854529490.15,1
306,AEP,2016,2015-12-31,143,28613633894.870003,1
251,ICE,2016,2015-12-31,144,28128295359.239998,1
840,ILMN,2016,2015-12-31,145,28101480000.0,1
315,APD,2016,2015-12-31,146,28058268079.38,1
103,LUV,2016,2015-12-31,147,28004290950.480003,1
886,BBWI,2016,2015-12-31,148,27733603058.16,1
281,MPC,2016,2015-12-31,149,27629376151.68,1
116,HCA,2016,2015-12-31,150,27570566551.0,1
1541,TRI,2016,2015-12-31,151,27404762120.9874,1
390,STT,2016,2015-12-31,152,26775338392.32,1
1238,AAL,2016,2015-12-31,153,26694286576.65,1
445,SPGI,2016,2015-12-31,154,26646174000.0,1
154,PPG,2016,2015-12-31,155,26609182344.0,1
164,VTRS,2016,2015-12-31,156,26593231554.58,1
749,VFC,2016,2015-12-31,157,26537740292.25,1
485,HUM,2016,2015-12-31,158,26459453208.77,1
98,PCG,2016,2015-12-31,159,26087240600.64,1
333,AFL,2016,2015-12-31,160,25561646872.1,1
408,EXC,2016,2015-12-31,161,25536302832.6,1
118,INTU,2016,2015-12-31,162,25476417845.0,1
88,SYF,2016,2015-12-31,163,25356644858.75,1
494,CSX,2016,2015-12-31,164,25299817326.45,1
142,AON,2016,2015-12-31,165,25257870617.67,1
246,NSC,2016,2015-12-31,166,25256016421.350002,1
469,AVB,2016,2015-12-31,167,25203197915.35,1
171,STZ,2016,2015-12-31,168,25053604802.76,1
382,TEL,2016,2015-12-31,169,24959223746.73,1
40,BSX,2016,2015-12-31,170,24805396556.04,1
224,ORLY,2016,2015-12-31,171,24768680933.1423,1
33,SHW,2016,2015-12-31,172,24168912314.102997,1
230,DE,2016,2015-12-31,173,24118408598.579998,1
406,ETN,2016,2015-12-31,174,24084112000.0,1
342,WELL,2016,2015-12-31,175,24074423065.3,1
255,ALL,2016,2015-12-31,176,24047840467.84,1
27,K,2016,2015-12-31,177,24032806330.8045,1
484,APTV,2016,2015-12-31,178,23993641047.781998,1
380,ZTS,2016,2015-12-31,179,23860348634.88,1
367,WM,2016,2015-12-31,180,23829453627.3,1
1579,CRH,2016,2015-12-31,181,23722202860.62,1
122,SRE,2016,2015-12-31,182,23334264310.49,1
352,SYY,2016,2015-12-31,183,23145120453.0,1
107,PPL,2016,2015-12-31,184,22964219781.920002,1
132,DFS,2016,2015-12-31,185,22921681463.239998,1
321,PLD,2016,2015-12-31,186,22503428120.0,1
299,AZO,2016,2015-12-31,187,22411844304.46,1
292,RCL,2016,2015-12-31,188,22265733523.109997,1
70,BEN,2016,2015-12-31,189,22146842469.5,1
431,ADM,2016,2015-12-31,190,21836654405.16,1
464,ROST,2016,2015-12-31,191,21793321310.02,1
330,GLW,2016,2015-12-31,192,21624956203.0,1
31,MTB,2016,2015-12-31,193,21544124566.38,1
261,AMAT,2016,2015-12-31,194,21454320372.63,1
13,UAL,2016,2015-12-31,195,21362028241.8,1
286,EA,2016,2015-12-31,196,21358714902.239998,1
341,COR,2016,2015-12-31,197,21326192518.53,1
1214,PRGO,2016,2015-12-31,198,21184378950.199997,1
1,HLT,2016,2015-12-31,199,21128310000.8416,1
220,HPQ,2016,2015-12-31,200,20914175171.2,1
318,DG,2016,2015-12-31,201,20909463233.7,1
326,ZBH,2016,2015-12-31,202,20905782505.75,1
263,HRL,2016,2015-12-31,203,20895208759.2,1
482,BAX,2016,2015-12-31,204,20868725255.0,1
379,ISRG,2016,2015-12-31,205,20407401776.204998,1
305,INCY,2016,2015-12-31,206,20171896836.75,1
417,BKR,2016,2015-12-31,207,20125400051.25,1
272,MCO,2016,2015-12-31,208,19837218000.0,1
84,BXP,2016,2015-12-31,209,19587588863.64,1
444,PEG,2016,2015-12-31,210,19575664208.64,1
161,TSN,2016,2015-12-31,211,19415392222.14,1
430,HSY,2016,2015-12-31,212,19353136462.68,1
468,EIX,2016,2015-12-31,213,19291281507.260002,1
36,WMB,2016,2015-12-31,214,19268953740.899998,1
442,ROP,2016,2015-12-31,215,19131816820.309998,1
152,PAYX,2016,2015-12-31,216,19090445205.57,1
1342,VNO,2016,2015-12-31,217,18850142225.879997,1
3,ED,2016,2015-12-31,218,18843466421.66,1
361,VTR,2016,2015-12-31,219,18790217993.25,1
226,EXPE,2016,2015-12-31,220,18678235209.7,1
404,CHTR,2016,2015-12-31,221,18611144663.7472,1
138,PGR,2016,2015-12-31,222,18588506991.0,1
373,AMP,2016,2015-12-31,223,18528952428.04,1
182,OMC,2016,2015-12-31,224,18329028810.3,1
308,CAG,2016,2015-12-31,225,18302900352.399998,1
2,XEL,2016,2015-12-31,226,18224216479.98,1
443,DLTR,2016,2015-12-31,227,18130943027.34,1
92,EQIX,2016,2015-12-31,228,18110685499.199997,1
1495,UAA,2016,2015-12-31,229,17973643196.0532,1
37,TROW,2016,2015-12-31,230,17950807786.829998,1
274,HIG,2016,2015-12-31,231,17801646514.760002,1
300,DOC,2016,2015-12-31,232,17783215372.32,1
1145,IBKR,2016,2015-12-31,233,17757120152.8,1
78,NVDA,2016,2015-12-31,234,17732480000.0,1
495,KDP,2016,2015-12-31,235,17506828638.8,1
129,ADI,2016,2015-12-31,236,17263196928.24,1
458,MAR,2016,2015-12-31,237,17237921791.2,1
1583,FER,2016,2015-12-31,238,17201183445.5,1
30,FIS,2016,2015-12-31,239,17098510462.800001,1
393,EW,2016,2015-12-31,240,17036770359.805798,1
1072,BMRN,2016,2015-12-31,241,16892729663.400002,1
472,APA,2016,2015-12-31,242,16810290406.72,1
391,PCAR,2016,2015-12-31,243,16753802644.8,1
493,NTRS,2016,2015-12-31,244,16668671715.36,1
320,CLX,2016,2015-12-31,245,16372622310.55,1
500,CPB,2016,2015-12-31,246,16292104824.449999,1
83,ES,2016,2015-12-31,247,16198957086.43,1
335,WEC,2016,2015-12-31,248,16197720179.76,1
168,APH,2016,2015-12-31,249,16100485139.73,1
258,SWK,2016,2015-12-31,250,15980289599.95,1
301,ESS,2016,2015-12-31,251,15809472867.4,1
155,FITB,2016,2015-12-31,252,15780114311.400002,1
186,CMI,2016,2015-12-31,253,15632448676.78,1
153,IP,2016,2015-12-31,254,15629172959.400002,1
386,WY,2016,2015-12-31,255,15304156912.34,1
479,TAP,2016,2015-12-31,256,15299848820.800001,1
334,WDAY,2016,2015-12-31,257,15298560000.000002,1
14,RSG,2016,2015-12-31,258,15275014752.560001,1
163,PANW,2016,2015-12-31,259,15131984918.9304,1
143,CMG,2016,2015-12-31,260,14965323314.550001,1
95,SJM,2016,2015-12-31,261,14760703152.720001,1
49,SWKS,2016,2015-12-31,262,14686138167.869999,1
371,MU,2016,2015-12-31,263,14658997323.84,1
19,DVA,2016,2015-12-31,264,14621968558.369999,1
266,TT,2016,2015-12-31,265,14433398933.55,1
309,DTE,2016,2015-12-31,266,14392150368.75,1
340,IVZ,2016,2015-12-31,267,14190909803.999998,1
151,GEN,2016,2015-12-31,268,14186048184.0,1
133,MHK,2016,2015-12-31,269,14000989833.96,1
412,WDC,2016,2015-12-31,270,13914536131.949999,1
256,A,2016,2015-12-31,271,13888064910.900002,1
439,HES,2016,2015-12-31,272,13869991916.64,1
185,CFG,2016,2015-12-31,273,13818804361.11,1
1046,LUMN,2016,2015-12-31,274,13812945797.8,1
253,NOW,2016,2015-12-31,275,13763040000.0,1
499,ADSK,2016,2015-12-31,276,13728940199.73,1
466,L,2016,2015-12-31,277,13606756531.199999,1
279,ROK,2016,2015-12-31,278,13485321828.36,1
679,BFH,2016,2015-12-31,279,13480140757.202,1
109,FE,2016,2015-12-31,280,13423115742.86,1
241,NCLH,2016,2015-12-31,281,13349976638.6,1
345,SBAC,2016,2015-12-31,282,13254699018.96,1
20,CPAY,2016,2015-12-31,283,13203349418.62,1
378,EFX,2016,2015-12-31,284,13168870029.77,1
492,PFG,2016,2015-12-31,285,13167946277.199999,1
6,DVN,2016,2015-12-31,286,13152000000.0,1
517,HSIC,2016,2015-12-31,287,13111317912.852402,1
240,PH,2016,2015-12-31,288,13102247820.480001,1
121,VRSK,2016,2015-12-31,289,13025392539.279999,1
117,GPC,2016,2015-12-31,290,12949053309.36,1
490,KKR,2016,2015-12-31,291,12929587624.45,1
451,O,2016,2015-12-31,292,12929017163.91,1
38,NUE,2016,2015-12-31,293,12880480389.4,1
262,MGM,2016,2015-12-31,294,12833139648.96,1
641,MAC,2016,2015-12-31,295,12775462839.21,1
113,AME,2016,2015-12-31,296,12748127569.380001,1
233,GWW,2016,2015-12-31,297,12720327482.34,1
181,VMC,2016,2015-12-31,298,12661304575.27,1
1241,NOV,2016,2015-12-31,299,12584362951.060001,1
501,LRCX,2016,2015-12-31,300,12579531794.06,1
39,RF,2016,2015-12-31,301,12532499462.4,1
954,LNC,2016,2015-12-31,302,12437892158.439999,1
875,TRIP,2016,2015-12-31,303,12381975127.5,1
425,TDG,2016,2015-12-31,304,12264897495.599998,1
312,ETR,2016,2015-12-31,305,12194521648.0,1
191,MSI,2016,2015-12-31,306,12085646311.5,1
237,JCI,2016,2015-12-31,307,12064903774.7913,1
1085,ALKS,2016,2015-12-31,308,11911608405.9,1
477,DHI,2016,2015-12-31,309,11837356183.24,1
510,FAST,2016,2015-12-31,310,11820724259.24,1
120,ULTA,2016,2015-12-31,311,11784386965.0,1
1395,NWL,2016,2015-12-31,312,11773768000.0,1
415,UHS,2016,2015-12-31,313,11766483685.109999,1
394,BFb,2016,2015-12-31,314,11597822387.44,1
245,CBRE,2016,2015-12-31,315,11555477708.32,1
843,HBI,2016,2015-12-31,316,11531309011.11,1
198,HST,2016,2015-12-31,317,11529708429.46,1
205,TXT,2016,2015-12-31,318,11496893419.98,1
250,TSCO,2016,2015-12-31,319,11485549903.5,1
683,WHR,2016,2015-12-31,320,11484416962.19,1
1034,SLG,2016,2015-12-31,321,11269828130.875898,1
147,CCEP,2016,2015-12-31,322,11175129627.08,1
387,CHD,2016,2015-12-31,323,11129712006.64,1
16,DLR,2016,2015-12-31,324,11066509384.08,1
953,AAP,2016,2015-12-31,325,11022840214.47,1
452,KEY,2016,2015-12-31,326,11018489740.75,1
704,M,2016,2015-12-31,327,10996576129.439999,1
244,WAT,2016,2015-12-31,328,10990312858.2,1
569,ALV,2016,2015-12-31,329,10989141707.1175,1
317,STX,2016,2015-12-31,330,10962508207.56,1
350,EXR,2016,2015-12-31,331,10948583829.509998,1
223,HOLX,2016,2015-12-31,332,10945600253.5,1
372,KIM,2016,2015-12-31,333,10939377803.76,1
115,KLAC,2016,2015-12-31,334,10814833878.9,1
476,LHX,2016,2015-12-31,335,10811498476.900002,1
651,XRX,2016,2015-12-31,336,10761843890.0,1
515,LH,2016,2015-12-31,337,10749028840.0,1
176,AWK,2016,2015-12-31,338,10723299816.75,1
410,JNPR,2016,2015-12-31,339,10610178327.6,1
462,KMX,2016,2015-12-31,340,10563511562.31,1
69,AEE,2016,2015-12-31,341,10489102317.539999,1
4,BBY,2016,2015-12-31,342,10435815717.6,1
1372,AYI,2016,2015-12-31,343,10236219910.0,1
277,DGX,2016,2015-12-31,344,10197898013.7,1
1442,ALK,2016,2015-12-31,345,10154614713.140001,1
229,FRT,2016,2015-12-31,346,10142784599.699999,1
165,J,2016,2015-12-31,347,10135095767.6944,1
298,CMS,2016,2015-12-31,348,10025897627.68,1
67,EMN,2016,2015-12-31,349,9978841385.390001,1
450,SNA,2016,2015-12-31,350,9950844294.44,1
572,GAP,2016,2015-12-31,351,9926982734.5,1
396,BALL,2016,2015-12-31,352,9914642985.17,1
338,CE,2016,2015-12-31,353,9878078629.33,1
455,MKC,2016,2015-12-31,354,9870735579.960001,1
44,CTAS,2016,2015-12-31,355,9845277745.65,1
347,UDR,2016,2015-12-31,356,9843912454.09,1
1381,SIG,2016,2015-12-31,357,9837309121.92,1
369,VRSN,2016,2015-12-31,358,9741265672.32,1
56,BG,2016,2015-12-31,359,9727077031.68,1
18,MOS,2016,2015-12-31,360,9725895913.039999,1
377,CINF,2016,2015-12-31,361,9695116272.130001,1
474,BWA,2016,2015-12-31,362,9682376969.1389,1
565,FNF,2016,2015-12-31,363,9621520595.93,1
437,IFF,2016,2015-12-31,364,9601135363.68,1
204,NDAQ,2016,2015-12-31,365,9553639182.78,1
46,MAS,2016,2015-12-31,366,9522160854.5,1
319,NEM,2016,2015-12-31,367,9518823896.96,1
440,CF,2016,2015-12-31,368,9511804462.16,1
41,DOV,2016,2015-12-31,369,9494188418.156,1
146,IPG,2016,2015-12-31,370,9459781835.76,1
23,MCHP,2016,2015-12-31,371,9453313377.82,1
355,RL,2016,2015-12-31,372,9441745424.04,1
166,AKAM,2016,2015-12-31,373,9364927096.390001,1
303,MTD,2016,2015-12-31,374,9277524470.94,1
1337,LEA,2016,2015-12-31,375,9249384825.41,1
1075,MAT,2016,2015-12-31,376,9220251657.76,1
1117,JWN,2016,2015-12-31,377,9158463187.220001,1
194,TPR,2016,2015-12-31,378,9083164663.679998,1
94,LKQ,2016,2015-12-31,379,9051600521.369999,1
1196,WU,2016,2015-12-31,380,9049582871.19,1
536,KSS,2016,2015-12-31,381,9041138078.83,1
59,MLM,2016,2015-12-31,382,9033477684.800001,1
1163,ALLY,2016,2015-12-31,383,8979860616.56,1
101,PNR,2016,2015-12-31,384,8937952428.7207,1
1285,FL,2016,2015-12-31,385,8934366135.880001,1
422,CHRW,2016,2015-12-31,386,8907613631.140001,1
944,COTY,2016,2015-12-31,387,8895243989.39,1
1107,NLY,2016,2015-12-31,388,8890697121.320002,1
1343,FBIN,2016,2015-12-31,389,8863119120.0,1
72,HBAN,2016,2015-12-31,390,8811053406.4,1
822,SEE,2016,2015-12-31,391,8805103888.4,1
1294,GT,2016,2015-12-31,392,8785228966.470001,1
418,WTW,2016,2015-12-31,393,8753028126.673199,1
221,LEN,2016,2015-12-31,394,8741498425.574701,1
675,HOG,2016,2015-12-31,395,8708531164.53,1
580,JAZZ,2016,2015-12-31,396,8644124161.68,1
624,AMG,2016,2015-12-31,397,8632948563.84,1
520,SEIC,2016,2015-12-31,398,8627076211.6,1
131,ACGL,2016,2015-12-31,399,8553287864.25,1
845,XRAY,2016,2015-12-31,400,8521153238.1,1
438,IQV,2016,2015-12-31,401,8451574580.44,1
906,TNL,2016,2015-12-31,402,8432151807.6,1
486,EXPD,2016,2015-12-31,403,8407242085.0,1
508,JBHT,2016,2015-12-31,404,8407202720.0,1
489,HAS,2016,2015-12-31,405,8394642597.44,1
208,GPN,2016,2015-12-31,406,8345154683.370001,1
366,RJF,2016,2015-12-31,407,8298344743.7205,1
90,ANSS,2016,2015-12-31,408,8231778130.0,1
148,DRI,2016,2015-12-31,409,8160968187.12,1
1232,UNM,2016,2015-12-31,410,8104364112.45,1
1582,ALNY,2016,2015-12-31,411,7977019456.9800005,1
260,EQT,2016,2015-12-31,412,7951559358.0,1
1200,VOYA,2016,2015-12-31,413,7947704473.809999,1
937,FLG,2016,2015-12-31,414,7914274786.56,1
426,CNP,2016,2015-12-31,415,7899613826.76,1
302,EG,2016,2015-12-31,416,7887955517.46,1
1361,HRB,2016,2015-12-31,417,7859493633.940001,1
252,CNC,2016,2015-12-31,418,7844735478.280001,1
890,ST,2016,2015-12-31,419,7838530135.240001,1
55,FCX,2016,2015-12-31,420,7825241342.009999,1
1064,ARMK,2016,2015-12-31,421,7788139478.25,1
1002,SABR,2016,2015-12-31,422,7763032887.559999,1
236,NTAP,2016,2015-12-31,423,7755890246.440001,1
534,BRX,2016,2015-12-31,424,7706975703.64,1
136,IT,2016,2015-12-31,425,7515095434.0,1
79,RMD,2016,2015-12-31,426,7497801466.61,1
159,MSCI,2016,2015-12-31,427,7406003001.58,1
579,CMA,2016,2015-12-31,428,7392817311.45,1
424,CTRA,2016,2015-12-31,429,7321442646.950001,1
527,DINO,2016,2015-12-31,430,7296095887.43,1
324,LULU,2016,2015-12-31,431,7269907549.41,1
459,AJG,2016,2015-12-31,432,7233893300.0,1
140,MAA,2016,2015-12-31,433,7225893999.27,1
1480,JLL,2016,2015-12-31,434,7201613549.580001,1
1071,QRVO,2016,2015-12-31,435,7194263008.0,1
647,CPRI,2016,2015-12-31,436,7187035126.080001,1
432,PNW,2016,2015-12-31,437,7147592008.96,1
827,UTHR,2016,2015-12-31,438,7146022213.320001,1
961,JBLU,2016,2015-12-31,439,7136120800.65,1
87,CDW,2016,2015-12-31,440,7116298046.16,1
1098,WLK,2016,2015-12-31,441,7097026634.88,1
112,LNT,2016,2015-12-31,442,7085514550.0,1
96,GRMN,2016,2015-12-31,443,7075012140.0,1
1461,CCK,2016,2015-12-31,444,7069673808.6,1
179,GL,2016,2015-12-31,445,7049557947.4,1
257,WYNN,2016,2015-12-31,446,7027525345.28,1
509,SNPS,2016,2015-12-31,447,6907765127.04,1
284,WAB,2016,2015-12-31,448,6861520622.88,1
1111,INGR,2016,2015-12-31,449,6856872800.0,1
114,FFIV,2016,2015-12-31,450,6823893154.559999,1
50,WRB,2016,2015-12-31,451,6749895469.5,1
173,AOS,2016,2015-12-31,452,6743231965.38,1
1051,MD,2016,2015-12-31,453,6739012815.099999,1
207,URI,2016,2015-12-31,454,6733769306.940001,1
322,FSLR,2016,2015-12-31,455,6715590934.03,1
73,CSGP,2016,2015-12-31,456,6715116272.7,1
446,FDS,2016,2015-12-31,457,6696385104.599999,1
1274,FLR,2016,2015-12-31,458,6686941588.92,1
435,CPT,2016,2015-12-31,459,6667464790.88,1
310,DXCM,2016,2015-12-31,460,6658055422.200001,1
162,IDXX,2016,2015-12-31,461,6633061482.64,1
731,AN,2016,2015-12-31,462,6599878133.379999,1
398,ARE,2016,2015-12-31,463,6550806058.92,1
34,XYL,2016,2015-12-31,464,6546865168.5,1
1082,OHI,2016,2015-12-31,465,6542781245.219999,1
950,WFRD,2016,2015-12-31,466,6536168630.55,1
1276,H,2016,2015-12-31,467,6527596827.280001,1
1027,ASH,2016,2015-12-31,468,6493209656.7,1
411,COO,2016,2015-12-31,469,6478495069.2,1
413,STE,2016,2015-12-31,470,6463043406.8,1
199,AES,2016,2015-12-31,471,6439290880.77,1
399,ATO,2016,2015-12-31,472,6433311241.28,1
189,NVR,2016,2015-12-31,473,6428584173.0,1
248,REG,2016,2015-12-31,474,6414331039.4800005,1
348,BR,2016,2015-12-31,475,6371633033.549999,1
1408,AXTA,2016,2015-12-31,476,6338556004.95,1
409,ALLE,2016,2015-12-31,477,6322514689.28,1
959,JEF,2016,2015-12-31,478,6301058324.31,1
672,AFG,2016,2015-12-31,479,6296123632.559999,1
325,ALB,2016,2015-12-31,480,6284498655.54,1
1460,RHI,2016,2015-12-31,481,6254829825.0,1
242,JKHY,2016,2015-12-31,482,6239267731.68,1
609,FLEX,2016,2015-12-31,483,6236180899.650001,1
513,PHM,2016,2015-12-31,484,6221623888.26,1
470,NI,2016,2015-12-31,485,6217276672.8,1
1287,MAN,2016,2015-12-31,486,6205077552.09,1
483,CDNS,2016,2015-12-31,487,6190891760.0,1
1414,MIDD,2016,2015-12-31,488,6182820602.84,1
622,WPC,2016,2015-12-31,489,6156999048.3927,1
478,PKG,2016,2015-12-31,490,6116003526.75,1
376,DPZ,2016,2015-12-31,491,6079505783.75,1
748,AR,2016,2015-12-31,492,6039673889.8,1
1220,PVH,2016,2015-12-31,493,6035330117.700001,1
427,SW,2016,2015-12-31,494,6025252902.9800005,1
519,RVTY,2016,2015-12-31,495,5996314504.7300005,1
291,EVRG,2016,2015-12-31,496,5994124901.759999,1
550,EWBC,2016,2015-12-31,497,5980522193.64,1
332,HII,2016,2015-12-31,498,5958905092.599999,1
357,TYL,2016,2015-12-31,499,5916246480.0,1
111,IEX,2016,2015-12-31,500,5862090482.2699995,1
1275,RPM,2016,2015-12-31,501,5852596337.08,1
941,KRC,2016,2015-12-31,502,5838129903.2,1
1176,UGI,2016,2015-12-31,503,5821689285.28,1
1327,TOL,2016,2015-12-31,504,5804922599.999999,1
729,HP,2016,2015-12-31,505,5795103245.4,1
726,LAMR,2016,2015-12-31,506,5793911812.08,1
833,LEG,2016,2015-12-31,507,5718741692.18,1
175,AVY,2016,2015-12-31,508,5708468112.88,1
48,IRM,2016,2015-12-31,509,5703240450.2300005,1
630,CSL,2016,2015-12-31,510,5680736404.0,1
358,ROL,2016,2015-12-31,511,5661511483.733299,1
923,TGNA,2016,2015-12-31,512,5657595407.2,1
1512,AVT,2016,2015-12-31,513,5655210596.280001,1
614,PII,2016,2015-12-31,514,5634796050.0,1
1360,PPC,2016,2015-12-31,515,5629046387.74,1
502,LII,2016,2015-12-31,516,5627388859.5,1
1012,RGA,2016,2015-12-31,517,5624861255.55,1
1008,ELS,2016,2015-12-31,518,5620180528.31,1
916,ZION,2016,2015-12-31,519,5577240286.8,1
963,FLS,2016,2015-12-31,520,5506972906.24,1
990,OC,2016,2015-12-31,521,5483024859.61,1
29,TFX,2016,2015-12-31,522,5468564891.349999,1
1015,NNN,2016,2015-12-31,523,5453274683.25,1
481,TRMB,2016,2015-12-31,524,5372830727.55,1
567,CUBE,2016,2015-12-31,525,5348330179.400001,1
214,FTNT,2016,2015-12-31,526,5334790322.46,1
68,CBOE,2016,2015-12-31,527,5327546830.1,1
354,AIZ,2016,2015-12-31,528,5302680630.76,1
1501,G,2016,2015-12-31,529,5282578353.76,1
264,ANET,2016,2015-12-31,530,5274154906.72,1
727,WTRG,2016,2015-12-31,531,5257555145.0,1
747,OGE,2016,2015-12-31,532,5250180617.88,1
1205,WSM,2016,2015-12-31,533,5247775365.03,1
414,ALGN,2016,2015-12-31,534,5234426245.799999,1
183,FMC,2016,2015-12-31,535,5229963919.5877,1
105,OKE,2016,2015-12-31,536,5171967150.4800005,1
293,HUBB,2016,2015-12-31,537,5115686623.440001,1
238,NWSA,2016,2015-12-31,538,5097441801.2,1
847,SCI,2016,2015-12-31,539,5094010233.5199995,1
818,PINC,2016,2015-12-31,540,5070121541.9800005,1
642,ARW,2016,2015-12-31,541,5067443209.5,1
1083,CG,2016,2015-12-31,542,5058702868.78,1
403,MELI,2016,2015-12-31,543,5048894686.360001,1
247,ERIE,2016,2015-12-31,544,5001002975.52,1
467,ODFL,2016,2015-12-31,545,4996396254.96,1
331,LYV,2016,2015-12-31,546,4971748222.35,1
914,RNR,2016,2015-12-31,547,4963259481.18,1
1449,STWD,2016,2015-12-31,548,4886555810.88,1
1473,NBIX,2016,2015-12-31,549,4876143245.96,1
1295,ORI,2016,2015-12-31,550,4870750232.5199995,1
8,KEYS,2016,2015-12-31,551,4840195883.19,1
532,MANH,2016,2015-12-31,552,4814951563.11,1
798,SKX,2016,2015-12-31,553,4720231899.72,1
1262,IPGP,2016,2015-12-31,554,4705982669.5199995,1
1148,CASY,2016,2015-12-31,555,4698346535.85,1
528,VC,2016,2015-12-31,556,4674189990.0,1
1272,EPC,2016,2015-12-31,557,4669181621.820001,1
1023,GNTX,2016,2015-12-31,558,4667301513.42,1
852,MTN,2016,2015-12-31,559,4638374110.71,1
525,CRI,2016,2015-12-31,560,4628707181.63,1
1112,CLB,2016,2015-12-31,561,4606899174.38,1
741,BC,2016,2015-12-31,562,4598697143.309999,1
1580,BAH,2016,2015-12-31,563,4579644184.3,1
1110,DEI,2016,2015-12-31,564,4576580070.64,1
21,CPRT,2016,2015-12-31,565,4568987380.0,1
507,MRVL,2016,2015-12-31,566,4565232000.0,1
878,FLO,2016,2015-12-31,567,4559345198.03,1
966,NEU,2016,2015-12-31,568,4549131845.58,1
757,ACM,2016,2015-12-31,569,4546784912.67,1
1288,ATR,2016,2015-12-31,570,4536775349.150001,1
535,DXC,2016,2015-12-31,571,4535458113.44,1
423,BRO,2016,2015-12-31,572,4524987542.400001,1
1450,PDCO,2016,2015-12-31,573,4495230300.0,1
1363,OZK,2016,2015-12-31,574,4481688710.4800005,1
1507,ACHC,2016,2015-12-31,575,4477660899.3,1
81,FANG,2016,2015-12-31,576,4462430967.6,1
172,JBL,2016,2015-12-31,577,4437899252.4,1
973,HXL,2016,2015-12-31,578,4388978469.3,1
716,SGI,2016,2015-12-31,579,4385171459.5,1
743,BERY,2016,2015-12-31,580,4341600000.0,1
104,WST,2016,2015-12-31,581,4341119908.94,1
54,STLD,2016,2015-12-31,582,4326750644.09,1
1197,OVV,2016,2015-12-31,583,4304446460.29,1
618,GWRE,2016,2015-12-31,584,4300940250.88,1
356,TER,2016,2015-12-31,585,4248043397.13,1
820,SBH,2016,2015-12-31,586,4210061125.17,1
1261,GPK,2016,2015-12-31,587,4203809146.67,1
1309,SNV,2016,2015-12-31,588,4194732896.1600003,1
837,RRC,2016,2015-12-31,589,4168187800.19,1
86,MKTX,2016,2015-12-31,590,4161385378.19,1
908,HAIN,2016,2015-12-31,591,4158627384.73,1
1511,HIW,2016,2015-12-31,592,4156223148.4,1
723,VYX,2016,2015-12-31,593,4155737010.0,1
1245,RS,2016,2015-12-31,594,4154409659.52,1
1141,NAVI,2016,2015-12-31,595,4148434088.2999997,1
819,SON,2016,2015-12-31,596,4125343580.08,1
1007,SFM,2016,2015-12-31,597,4083980701.5,1
1183,BRKR,2016,2015-12-31,598,4074404617.83,1
545,PBI,2016,2015-12-31,599,4069087187.5499997,1
1206,DKS,2016,2015-12-31,600,4064621901.2000003,1
329,LDOS,2016,2015-12-31,601,4055961237.8599997,1
463,ON,2016,2015-12-31,602,4044480178.2000003,1
1366,GGG,2016,2015-12-31,603,4029644318.7000003,1
660,TTC,2016,2015-12-31,604,4000010508.0399995,1
75,WBD,2016,2015-12-31,605,3988808420.84,1
788,SMG,2016,2015-12-31,606,3968983168.84,1
200,PTC,2016,2015-12-31,607,3966155269.0600004,1
1415,CBSH,2016,2015-12-31,608,3948685109.9136,1
160,EPAM,2016,2015-12-31,609,3944093138.94,1
1362,FAF,2016,2015-12-31,610,3903909456.3999996,1
911,AGCO,2016,2015-12-31,611,3881741588.67,1
1185,CNK,2016,2015-12-31,612,3875466287.14,1
866,MUR,2016,2015-12-31,613,3861955255.85,1
1391,POST,2016,2015-12-31,614,3829715346.4009,1
1195,EEFT,2016,2015-12-31,615,3825168524.4800005,1
943,PAG,2016,2015-12-31,616,3813519131.3,1
782,DCI,2016,2015-12-31,617,3801749974.44,1
882,PBF,2016,2015-12-31,618,3781406931.48,1
128,CRL,2016,2015-12-31,619,3748069756.98,1
543,CFR,2016,2015-12-31,620,3739203960.0,1
526,BKU,2016,2015-12-31,621,3736762755.3,1
1186,AGO,2016,2015-12-31,622,3735206349.99,1
5,NRG,2016,2015-12-31,623,3697855380.56,1
1130,MMS,2016,2015-12-31,624,3675075243.75,1
1445,OII,2016,2015-12-31,625,3671143499.5200005,1
1400,WAL,2016,2015-12-31,626,3668738953.22,1
1056,LECO,2016,2015-12-31,627,3668279955.21,1
457,NDSN,2016,2015-12-31,628,3662038481.55,1
1457,CAR,2016,2015-12-31,629,3640109203.67,1
76,ZBRA,2016,2015-12-31,630,3628784362.7000003,1
957,NFG,2016,2015-12-31,631,3618103158.0,1
1055,ACAD,2016,2015-12-31,632,3597499431.25,1
1438,HR,2016,2015-12-31,633,3597400080.48,1
585,MDU,2016,2015-12-31,634,3573616960.6672,1
706,SNX,2016,2015-12-31,635,3565398528.2461996,1
929,MORN,2016,2015-12-31,636,3555476184.81,1
1138,WSO,2016,2015-12-31,637,3543075208.92,1
1393,THG,2016,2015-12-31,638,3517732616.44,1
768,TDC,2016,2015-12-31,639,3513860000.0,1
1348,CNO,2016,2015-12-31,640,3513104274.99,1
1054,EPR,2016,2015-12-31,641,3492649063.75,1
999,ZD,2016,2015-12-31,642,3472050738.438,1
1036,AMH,2016,2015-12-31,643,3463123946.1,1
730,MSM,2016,2015-12-31,644,3461493672.11,1
184,POOL,2016,2015-12-31,645,3441285676.92,1
1550,FTI,2016,2015-12-31,646,3429144717.09,1
900,COLM,2016,2015-12-31,647,3429031445.56,1
523,IDA,2016,2015-12-31,648,3423166784.0,1
1024,CVI,2016,2015-12-31,649,3416801817.5,1
1198,WEX,2016,2015-12-31,650,3415980027.2000003,1
623,WBS,2016,2015-12-31,651,3409518245.5899997,1
795,FHN,2016,2015-12-31,652,3401121240.0,1
1181,AL,2016,2015-12-31,653,3400954278.12,1
1401,DLB,2016,2015-12-31,654,3384502429.5499997,1
856,BWXT,2016,2015-12-31,655,3382892283.7799997,1
1307,THS,2016,2015-12-31,656,3381257630.2999997,1
65,MOH,2016,2015-12-31,657,3372210660.0,1
1061,BIO,2016,2015-12-31,658,3352376025.66,1
1326,PB,2016,2015-12-31,659,3351640107.4,1
497,TECH,2016,2015-12-31,660,3347221770.0,1
1435,GLPI,2016,2015-12-31,661,3278631387.9897,1
1218,BURL,2016,2015-12-31,662,3258347063.4,1
1358,ITT,2016,2015-12-31,663,3250640000.0,1
693,SLGN,2016,2015-12-31,664,3244306856.6,1
368,PWR,2016,2015-12-31,665,3235101342.75,1
1341,POR,2016,2015-12-31,666,3228652915.3999996,1
695,RH,2016,2015-12-31,667,3216155147.4500003,1
1093,EHC,2016,2015-12-31,668,3182953020.52,1
339,TDY,2016,2015-12-31,669,3143683757.2000003,1
711,WWD,2016,2015-12-31,670,3139924082.1,1
777,SKT,2016,2015-12-31,671,3134209751.1000004,1
1486,CW,2016,2015-12-31,672,3131883431.0,1
1020,FUN,2016,2015-12-31,673,3128814371.84,1
1581,HE,2016,2015-12-31,674,3110978753.7,1
995,CXW,2016,2015-12-31,675,3105228395.85,1
778,ODP,2016,2015-12-31,676,3094823015.3999996,1
678,BLKB,2016,2015-12-31,677,3088840190.84,1
547,NTCT,2016,2015-12-31,678,3043349637.0,1
751,R,2016,2015-12-31,679,3036148262.5099998,1
1313,CBRL,2016,2015-12-31,680,3036084823.09,1
1223,THC,2016,2015-12-31,681,3019977002.4,1
685,AEO,2016,2015-12-31,682,3016853148.5,1
1592,AMRX,2016,2015-12-31,683,3015163203.64,1
964,EME,2016,2015-12-31,684,3013259326.64,1
1149,MYGN,2016,2015-12-31,685,3011378078.7999997,1
1066,OUT,2016,2015-12-31,686,3003254522.18,1
1270,MTG,2016,2015-12-31,687,2999167159.9,1
988,FHI,2016,2015-12-31,688,2982813469.95,1
986,EXP,2016,2015-12-31,689,2979525805.44,1
108,FICO,2016,2015-12-31,690,2954228351.1000004,1
998,VSAT,2016,2015-12-31,691,2952117165.31,1
222,TTWO,2016,2015-12-31,692,2948244520.5200005,1
1184,THO,2016,2015-12-31,693,2946898832.25,1
544,WEN,2016,2015-12-31,694,2945373698.04,1
1317,SYNA,2016,2015-12-31,695,2944514185.08,1
1194,SF,2016,2015-12-31,696,2944366088.6884,1
816,GME,2016,2015-12-31,697,2934956053.2,1
1157,SATS,2016,2015-12-31,698,2932373673.0782,1
1240,OSK,2016,2015-12-31,699,2920574045.44,1
1201,LIVN,2016,2015-12-31,700,2901237649.0499997,1
1087,ENOV,2016,2015-12-31,701,2883408023.75,1
1235,CGNX,2016,2015-12-31,702,2865222741.7000003,1
865,EAT,2016,2015-12-31,703,2855659277.1000004,1
1126,CHH,2016,2015-12-31,704,2854350307.0,1
1370,OLN,2016,2015-12-31,705,2849850345.4800005,1
893,KEX,2016,2015-12-31,706,2841953580.0,1
1026,SXT,2016,2015-12-31,707,2840796726.3,1
892,HOMB,2016,2015-12-31,708,2840720242.4,1
1091,MUSA,2016,2015-12-31,709,2840637541.36,1
1498,GHC,2016,2015-12-31,710,2832396479.38,1
1041,NJR,2016,2015-12-31,711,2827657154.2400002,1
646,ALGT,2016,2015-12-31,712,2825947889.3100004,1
996,PCRX,2016,2015-12-31,713,2822602281.8,1
1068,ASB,2016,2015-12-31,714,2818647956.25,1
1353,TDS,2016,2015-12-31,715,2815819209.09,1
539,CIEN,2016,2015-12-31,716,2809498927.65,1
1604,RITM,2016,2015-12-31,717,2802379810.56,1
738,OI,2016,2015-12-31,718,2801794179.86,1
1115,LAD,2016,2015-12-31,719,2800756320.9,1
653,SLM,2016,2015-12-31,720,2778226996.2,1
666,CXT,2016,2015-12-31,721,2777807754.9222,1
1281,RDN,2016,2015-12-31,722,2770012973.52,1
828,KW,2016,2015-12-31,723,2757092792.72,1
285,APO,2016,2015-12-31,724,2748340609.08,1
636,WOLF,2016,2015-12-31,725,2748217057.53,1
1455,RYN,2016,2015-12-31,726,2747321128.7999997,1
1154,AVNT,2016,2015-12-31,727,2740487220.56,1
1226,MPT,2016,2015-12-31,728,2737505619.52,1
1570,ARES,2016,2015-12-31,729,2735971979.73,1
1404,BOH,2016,2015-12-31,730,2723038117.6,1
936,WKC,2016,2015-12-31,731,2722198800.0,1
896,PBH,2016,2015-12-31,732,2715421531.68,1
1519,ESI,2016,2015-12-31,733,2706743534.7400002,1
610,DLX,2016,2015-12-31,734,2684451109.86,1
915,RLI,2016,2015-12-31,735,2678976573.0,1
582,URBN,2016,2015-12-31,736,2669057391.0,1
649,JACK,2016,2015-12-31,737,2660442872.4599996,1
1175,GMED,2016,2015-12-31,738,2649443069.26,1
1523,RHP,2016,2015-12-31,739,2648370981.32,1
728,HELE,2016,2015-12-31,740,2648309355.25,1
1096,APAM,2016,2015-12-31,741,2647131136.32,1
1081,TRN,2016,2015-12-31,742,2643326114.9379997,1
885,OGS,2016,2015-12-31,743,2621845268.08,1
780,RRX,2016,2015-12-31,744,2613585303.56,1
697,SWX,2016,2015-12-31,745,2613226953.68,1
1484,NWE,2016,2015-12-31,746,2613112047.0,1
639,SAM,2016,2015-12-31,747,2607975764.66,1
549,RES,2016,2015-12-31,748,2593223874.8999996,1
910,SHO,2016,2015-12-31,749,2592978843.59,1
793,RBA,2016,2015-12-31,750,2583814934.7,1
1412,PRA,2016,2015-12-31,751,2579031100.31,1
994,SR,2016,2015-12-31,752,2575447917.5099998,1
1331,UBSI,2016,2015-12-31,753,2574618558.03,1
1413,LPX,2016,2015-12-31,754,2572896911.51,1
763,MCY,2016,2015-12-31,755,2569008995.34,1
1347,CBT,2016,2015-12-31,756,2557737651.84,1
1410,OLED,2016,2015-12-31,757,2542994148.3599997,1
1018,CATY,2016,2015-12-31,758,2537826778.37,1
1439,LSTR,2016,2015-12-31,759,2532861949.7999997,1
1514,AWI,2016,2015-12-31,760,2531422654.66,1
1216,ACIW,2016,2015-12-31,761,2530740246.0,1
812,CHE,2016,2015-12-31,762,2528496220.6000004,1
691,PSMT,2016,2015-12-31,763,2520570786.18,1
10,MPWR,2016,2015-12-31,764,2517770971.53,1
1135,ADEA,2016,2015-12-31,765,2513872641.0627,1
663,HCSG,2016,2015-12-31,766,2509489290.0,1
1105,TXRH,2016,2015-12-31,767,2509068478.84,1
784,IART,2016,2015-12-31,768,2506658735.06,1
676,BXMT,2016,2015-12-31,769,2494381003.92,1
1142,ALE,2016,2015-12-31,770,2488919516.46,1
765,CHDN,2016,2015-12-31,771,2486340263.7248,1
1446,ENS,2016,2015-12-31,772,2483082821.8,1
559,BGC,2016,2015-12-31,773,2461905043.2000003,1
1243,FR,2016,2015-12-31,774,2450771735.21,1
689,VMI,2016,2015-12-31,775,2442579513.12,1
674,KBR,2016,2015-12-31,776,2440925391.6000004,1
1233,TXNM,2016,2015-12-31,777,2435011285.68,1
1322,NBR,2016,2015-12-31,778,2412582583.16,1
1433,CLH,2016,2015-12-31,779,2398527246.85,1
1169,BDN,2016,2015-12-31,780,2386245838.88,1
797,LFUS,2016,2015-12-31,781,2386222624.62,1
1137,RGLD,2016,2015-12-31,782,2380024504.83,1
690,VNOM,2016,2015-12-31,783,2379285889.92,1
745,BKH,2016,2015-12-31,784,2376090165.36,1
1477,ASGN,2016,2015-12-31,785,2373310824.7000003,1
648,TKR,2016,2015-12-31,786,2372785737.45,1
1222,TWO,2016,2015-12-31,787,2347782366.9572997,1
1180,WTFC,2016,2015-12-31,788,2347556697.08,1
1278,FNB,2016,2015-12-31,789,2340391877.8,1
752,UMBF,2016,2015-12-31,790,2294678386.35,1
967,VLY,2016,2015-12-31,791,2293743496.0,1
1025,PRI,2016,2015-12-31,792,2284128097.3799996,1
453,AMD,2016,2015-12-31,793,2274181840.98,1
1481,DY,2016,2015-12-31,794,2272350681.48,1
1167,INVX,2016,2015-12-31,795,2271814744.7599998,1
894,CAKE,2016,2015-12-31,796,2268076985.67,1
804,TCBI,2016,2015-12-31,797,2265628320.62,1
1389,FULT,2016,2015-12-31,798,2264143310.0,1
1076,OMI,2016,2015-12-31,799,2262612446.3599997,1
1252,CADE,2016,2015-12-31,800,2254783995.0499997,1
992,CACI,2016,2015-12-31,801,2249277044.72,1
631,CALM,2016,2015-12-31,802,2247253017.2400002,1
327,PAYC,2016,2015-12-31,803,2224126531.09,1
531,PTEN,2016,2015-12-31,804,2219458264.4,1
551,HALO,2016,2015-12-31,805,2218483209.22,1
1420,WAFD,2016,2015-12-31,806,2214246282.22,1
1239,EVR,2016,2015-12-31,807,2209802942.86,1
1116,BYD,2016,2015-12-31,808,2206539894.44,1
1429,AVA,2016,2015-12-31,809,2203794946.89,1
556,WLY,2016,2015-12-31,810,2187860091.66,1
897,PZZA,2016,2015-12-31,811,2179715923.29,1
1432,JJSF,2016,2015-12-31,812,2178917836.35,1
1250,YELP,2016,2015-12-31,813,2173732329.6,1
710,MTSI,2016,2015-12-31,814,2170165028.94,1
1483,WT,2016,2015-12-31,815,2169669432.0,1
871,NYT,2016,2015-12-31,816,2161616314.22,1
1057,KRG,2016,2015-12-31,817,2160873049.45,1
1365,LGND,2016,2015-12-31,818,2160350248.68,1
562,GEO,2016,2015-12-31,819,2158292817.8,1
449,PODD,2016,2015-12-31,820,2152469345.13,1
800,MNRO,2016,2015-12-31,821,2117500716.1,1
1177,NEOG,2016,2015-12-31,822,2115737814.0923998,1
599,DAN,2016,2015-12-31,823,2109967297.8000002,1
987,FIZZ,2016,2015-12-31,824,2109921654.3999999,1
1536,PEGA,2016,2015-12-31,825,2101580195.0,1
1263,PNFP,2016,2015-12-31,826,2098092722.4,1
621,UNF,2016,2015-12-31,827,2097139411.6000001,1
1210,MASI,2016,2015-12-31,828,2087442302.4699998,1
1384,VRE,2016,2015-12-31,829,2085401902.9,1
922,SAIC,2016,2015-12-31,830,2081416083.6000001,1
530,CDP,2016,2015-12-31,831,2063660847.4999998,1
854,PCTY,2016,2015-12-31,832,2061365737.9999998,1
829,TPH,2016,2015-12-31,833,2050180212.5,1
145,MSTR,2016,2015-12-31,834,2037592661.23,1
790,FDP,2016,2015-12-31,835,2031667829.2800002,1
709,BGS,2016,2015-12-31,836,2030345574.88,1
1293,ESNT,2016,2015-12-31,837,2028175811.75,1
1419,CUZ,2016,2015-12-31,838,2024345257.37,1
652,BLMN,2016,2015-12-31,839,2023604428.89,1
598,MOGa,2016,2015-12-31,840,2019764973.0,1
934,GBCI,2016,2015-12-31,841,2018569220.64,1
946,SLAB,2016,2015-12-31,842,2018035161.36,1
1225,GIII,2016,2015-12-31,843,2015475011.4199998,1
734,PEB,2016,2015-12-31,844,2013510082.92,1
792,TEX,2016,2015-12-31,845,2005080000.0,1
979,BDC,2016,2015-12-31,846,2001425692.8,1
106,GNRC,2016,2015-12-31,847,1999448583.08,1
702,FFIN,2016,2015-12-31,848,1990462974.3600001,1
1334,UNFI,2016,2015-12-31,849,1980627199.68,1
1344,TGI,2016,2015-12-31,850,1960393521.0,1
746,TMHC,2016,2015-12-31,851,1956278784.0,1
1578,INDV,2016,2015-12-31,852,1954531120.96,1
863,HWC,2016,2015-12-31,853,1948107458.64,1
626,DRH,2016,2015-12-31,854,1937158148.05,1
1188,SIGI,2016,2015-12-31,855,1920623211.0,1
1014,MKSI,2016,2015-12-31,856,1917265716.0,1
809,BCPC,2016,2015-12-31,857,1916524710.3999999,1
1045,KMPR,2016,2015-12-31,858,1909217944.25,1
1136,WOR,2016,2015-12-31,859,1905493749.2784,1
1249,HTH,2016,2015-12-31,860,1900773124.4799998,1
989,LOPE,2016,2015-12-31,861,1891230962.7199998,1
1171,SHOO,2016,2015-12-31,862,1891086491.6908998,1
1394,LXP,2016,2015-12-31,863,1882592592.0,1
1440,CRUS,2016,2015-12-31,864,1880918606.3400002,1
1490,COLB,2016,2015-12-31,865,1876820180.5,1
1162,HI,2016,2015-12-31,866,1866585139.4299998,1
1153,ENTG,2016,2015-12-31,867,1865249167.58,1
1517,MATX,2016,2015-12-31,868,1856636552.6100001,1
1094,GNW,2016,2015-12-31,869,1855544289.61,1
789,AAMI,2016,2015-12-31,870,1847807651.34,1
807,ELME,2016,2015-12-31,871,1844902497.8999999,1
824,FUL,2016,2015-12-31,872,1843961311.1499999,1
1128,WCC,2016,2015-12-31,873,1840291689.6,1
1269,ANF,2016,2015-12-31,874,1814525928.0,1
904,CNX,2016,2015-12-31,875,1811154749.4756,1
895,GATX,2016,2015-12-31,876,1804119999.9999998,1
1122,EGP,2016,2015-12-31,877,1802893717.15,1
687,ICUI,2016,2015-12-31,878,1801822677.64,1
1418,CVBF,2016,2015-12-31,879,1800033895.4400003,1
1356,NXST,2016,2015-12-31,880,1797441194.8000002,1
1084,GPI,2016,2015-12-31,881,1793678267.7,1
1255,ORA,2016,2015-12-31,882,1788328076.71,1
942,CVLT,2016,2015-12-31,883,1782889711.1000001,1
1479,VSH,2016,2015-12-31,884,1778218957.9,1
767,VAC,2016,2015-12-31,885,1769164620.7,1
1548,PRKS,2016,2015-12-31,886,1764767837.8000002,1
1101,MATW,2016,2015-12-31,887,1764711293.3000002,1
1447,ZWS,2016,2015-12-31,888,1752039689.0360003,1
867,FIVE,2016,2015-12-31,889,1750982197.2,1
783,OSIS,2016,2015-12-31,890,1748561208.6799998,1
821,SRPT,2016,2015-12-31,891,1746566792.58,1
665,AAT,2016,2015-12-31,892,1741386023.65,1
557,SSB,2016,2015-12-31,893,1738503171.15,1
1494,IDCC,2016,2015-12-31,894,1736458144.6399999,1
985,DAR,2016,2015-12-31,895,1732918950.72,1
1062,PLAY,2016,2015-12-31,896,1732705745.98,1
537,ALEX,2016,2015-12-31,897,1725784194.75,1
876,CFFN,2016,2015-12-31,898,1722360185.28,1
1273,THRM,2016,2015-12-31,899,1721652135.0,1
1405,WWW,2016,2015-12-31,900,1719282876.6000001,1
1095,MLKN,2016,2015-12-31,901,1718278011.8,1
602,ABG,2016,2015-12-31,902,1711769161.2,1
881,WTS,2016,2015-12-31,903,1710098264.66,1
951,VTLE,2016,2015-12-31,904,1708294431.41,1
970,IBOC,2016,2015-12-31,905,1705821617.3999999,1
1290,KFY,2016,2015-12-31,906,1701774395.16,1
1019,DNOW,2016,2015-12-31,907,1695968245.02,1
1416,COKE,2016,2015-12-31,908,1695924714.79,1
671,MTDR,2016,2015-12-31,909,1691480809.8899999,1
1505,GVA,2016,2015-12-31,910,1689912300.6499999,1
764,EGBN,2016,2015-12-31,911,1689079086.24,1
1164,DORM,2016,2015-12-31,912,1685070027.6599998,1
1073,WERN,2016,2015-12-31,913,1684050762.5,1
1597,RNG,2016,2015-12-31,914,1672904109.78,1
612,PRAA,2016,2015-12-31,915,1672280744.49,1
1224,PRLB,2016,2015-12-31,916,1666347073.3799999,1
1478,SSD,2016,2015-12-31,917,1648667370.35,1
1333,CBU,2016,2015-12-31,918,1641529047.4399998,1
1491,HAE,2016,2015-12-31,919,1635357041.76,1
870,USNA,2016,2015-12-31,920,1631310140.25,1
1437,RAMP,2016,2015-12-31,921,1629122573.7600002,1
667,MSA,2016,2015-12-31,922,1623287864.52,1
1369,SANM,2016,2015-12-31,923,1613571092.6999998,1
1515,MGEE,2016,2015-12-31,924,1608612368.0,1
1268,ABM,2016,2015-12-31,925,1596367049.9399998,1
555,CMC,2016,2015-12-31,926,1595541736.6799998,1
664,MTX,2016,2015-12-31,927,1593602622.84,1
903,HNI,2016,2015-12-31,928,1593163073.7,1
644,AIT,2016,2015-12-31,929,1592378168.1000001,1
851,GES,2016,2015-12-31,930,1581594101.12,1
918,MC,2016,2015-12-31,931,1580211969.2,1
1407,BANR,2016,2015-12-31,932,1570349814.3,1
1048,CCOI,2016,2015-12-31,933,1567507682.26,1
1374,SEM,2016,2015-12-31,934,1562482928.22,1
855,AWR,2016,2015-12-31,935,1562246442.1000001,1
548,AVNS,2016,2015-12-31,936,1557373138.62,1
891,TRMK,2016,2015-12-31,937,1556533785.6,1
1244,SFNC,2016,2015-12-31,938,1555100267.52,1
889,ONB,2016,2015-12-31,939,1552931880.0,1
1387,MLI,2016,2015-12-31,940,1548986678.0,1
972,TTEK,2016,2015-12-31,941,1535884049.16,1
699,LTC,2016,2015-12-31,942,1534511154.3,1
1100,KMT,2016,2015-12-31,943,1528476998.3999999,1
1340,GOGO,2016,2015-12-31,944,1528093189.6000001,1
276,DECK,2016,2015-12-31,945,1526084984.8344002,1
24,TRGP,2016,2015-12-31,946,1515864723.12,1
1211,RBC,2016,2015-12-31,947,1512786288.3000002,1
581,KALU,2016,2015-12-31,948,1510376474.02,1
1506,SITC,2016,2015-12-31,949,1497623860.2696002,1
725,BKE,2016,2015-12-31,950,1491382416.6000001,1
993,CRS,2016,2015-12-31,951,1486900933.71,1
787,EXLS,2016,2015-12-31,952,1486446911.81,1
884,AMN,2016,2015-12-31,953,1480897706.4,1
703,LCII,2016,2015-12-31,954,1470307420.16,1
1452,ITGR,2016,2015-12-31,955,1461661090.0868,1
947,FCN,2016,2015-12-31,956,1454090044.1799998,1
1160,JBTM,2016,2015-12-31,957,1451989493.46,1
1397,HTLD,2016,2015-12-31,958,1449301336.8,1
715,VIAV,2016,2015-12-31,959,1445306192.82,1
1324,HQY,2016,2015-12-31,960,1444705029.22,1
1388,AMKR,2016,2015-12-31,961,1443168602.56,1
662,AXL,2016,2015-12-31,962,1440325653.3400002,1
1118,AZZ,2016,2015-12-31,963,1435762423.42,1
776,WDFC,2016,2015-12-31,964,1418012955.65,1
933,SPNT,2016,2015-12-31,965,1414477962.81,1
1033,EPAC,2016,2015-12-31,966,1411374605.96,1
615,BCO,2016,2015-12-31,967,1410842716.1399999,1
1493,JOE,2016,2015-12-31,968,1394350100.0700002,1
583,UCB,2016,2015-12-31,969,1393132921.3,1
1468,PRK,2016,2015-12-31,970,1388941922.16,1
1060,MTZ,2016,2015-12-31,971,1388451736.76,1
771,RNST,2016,2015-12-31,972,1385503337.55,1
605,NWN,2016,2015-12-31,973,1385278801.62,1
1488,CNS,2016,2015-12-31,974,1384910555.04,1
761,POWI,2016,2015-12-31,975,1382565732.15,1
1520,MWA,2016,2015-12-31,976,1380847252.3999999,1
817,PRG,2016,2015-12-31,977,1377534182.0022,1
1165,UFPI,2016,2015-12-31,978,1376522403.99,1
1207,ITRI,2016,2015-12-31,979,1371140305.56,1
1192,HOPE,2016,2015-12-31,980,1369910581.1999998,1
603,NWBI,2016,2015-12-31,981,1362685651.3400002,1
772,TKO,2016,2015-12-31,982,1354130267.92,1
774,RMBS,2016,2015-12-31,983,1350628492.09,1
1503,HMN,2016,2015-12-31,984,1350448263.78,1
1237,MTH,2016,2015-12-31,985,1348240440.03,1
1339,SM,2016,2015-12-31,986,1336383997.86,1
907,FWRD,2016,2015-12-31,987,1326090470.4299998,1
606,AX,2016,2015-12-31,988,1325745587.4,1
1267,SCHL,2016,2015-12-31,989,1323431872.96,1
1568,FIBK,2016,2015-12-31,990,1322876367.81,1
681,AMED,2016,2015-12-31,991,1321438328.24,1
1302,PFS,2016,2015-12-31,992,1319610483.1,1
1476,SBRA,2016,2015-12-31,993,1317661952.88,1
1044,IOSP,2016,2015-12-31,994,1307904010.45,1
1102,AMWD,2016,2015-12-31,995,1301799428.76,1
958,WMS,2016,2015-12-31,996,1286133660.0,1
713,EXPO,2016,2015-12-31,997,1286059053.6000001,1
1251,PENN,2016,2015-12-31,998,1284572318.76,1
841,EXEL,2016,2015-12-31,999,1281501347.6399999,1
570,MATV,2016,2015-12-31,1000,1279536034.01,1
397,AAPL,2017,2016-12-30,1,608960249120.0,1
32,MSFT,2017,2016-12-30,2,483160280132.14,1
428,XOM,2017,2016-12-30,3,374280539604.76,1
202,AMZN,2017,2016-12-30,4,356313123601.49,1
282,META,2017,2016-12-30,5,331593368343.89996,1
228,JNJ,2017,2016-12-30,6,313432460382.88,1
216,JPM,2017,2016-12-30,7,308768424548.62,1
511,GE,2017,2016-12-30,8,279545039361.0,1
496,WFC,2017,2016-12-30,9,276779119817.97,1
102,GOOGL,2017,2016-12-30,10,272719956600.45,1
177,GOOG,2017,2016-12-30,11,266347941121.36002,1
385,T,2017,2016-12-30,12,261177344099.99997,1
35,PG,2017,2016-12-30,13,224997451417.91998,1
51,BAC,2017,2016-12-30,14,223321531053.40002,1
12,CVX,2017,2016-12-30,15,222190448964.0,1
337,VZ,2017,2016-12-30,16,217610720357.76,1
288,WMT,2017,2016-12-30,17,212418913950.72,1
283,BRKb,2017,2016-12-30,18,209012488591.78,1
174,PFE,2017,2016-12-30,19,197100174687.36,1
85,V,2017,2016-12-30,20,181544797295.19998,1
169,KO,2017,2016-12-30,21,178815297387.36002,1
278,INTC,2017,2016-12-30,22,171883530000.0,1
187,C,2017,2016-12-30,23,169359468638.63998,1
42,DIS,2017,2016-12-30,24,165862063544.04,1
360,CMCSA,2017,2016-12-30,25,165225316088.9394,1
473,HD,2017,2016-12-30,26,163331022857.6,1
289,MRK,2017,2016-12-30,27,162312685625.78998,1
460,IBM,2017,2016-12-30,28,157832251835.0349,1
419,ORCL,2017,2016-12-30,29,157735472850.0,1
17,UNH,2017,2016-12-30,30,152328667848.8,1
64,CSCO,2017,2016-12-30,31,151697114985.47998,1
126,PEP,2017,2016-12-30,32,150058579845.6,1
239,PM,2017,2016-12-30,33,141933001436.1,1
232,MO,2017,2016-12-30,34,131877307168.32,1
351,SLB,2017,2016-12-30,35,116800340096.05,1
461,MA,2017,2016-12-30,36,112502690723.5,1
125,AMGN,2017,2016-12-30,37,108768904777.33,1
150,MMM,2017,2016-12-30,38,107403855226.56999,1
421,KHC,2017,2016-12-30,39,106292035523.07999,1
269,ABBV,2017,2016-12-30,40,101763700131.44,1
144,MCD,2017,2016-12-30,41,101081598278.44,1
213,UPS,2017,2016-12-30,42,100041223195.44,1
268,MDT,2017,2016-12-30,43,97802159891.3,1
167,BMY,2017,2016-12-30,44,97666678044.23999,1
471,QCOM,2017,2016-12-30,45,96293011796.8,1
218,BA,2017,2016-12-30,46,96080387623.36,1
273,GS,2017,2016-12-30,47,95217105010.65,1
297,GILD,2017,2016-12-30,48,94343029244.31,1
139,WBA,2017,2016-12-30,49,89305398936.44,1
25,USB,2017,2016-12-30,50,87312375383.75,1
404,CHTR,2017,2016-12-30,51,86855499376.72,1
295,UNP,2017,2016-12-30,52,85443976949.76001,1
296,NKE,2017,2016-12-30,53,84654020690.98,1
346,RTX,2017,2016-12-30,54,84594724108.7312,1
504,CVS,2017,2016-12-30,55,84152715220.34,1
480,LLY,2017,2016-12-30,56,81195392316.5,1
134,SBUX,2017,2016-12-30,57,80803808000.0,1
381,HON,2017,2016-12-30,58,79758256108.6225,1
110,MS,2017,2016-12-30,59,79126699460.25,1
234,ACN,2017,2016-12-30,60,76126457854.2,1
97,LMT,2017,2016-12-30,61,73226759858.76,1
57,TXN,2017,2016-12-30,62,72932473572.16,1
217,BKNG,2017,2016-12-30,63,72342742428.48,1
512,COST,2017,2016-12-30,64,70326771477.84001,1
211,AVGO,2017,2016-12-30,65,70235936775.62001,1
193,AZN,2017,2016-12-30,66,69122407676.4,1
77,MDLZ,2017,2016-12-30,67,68463770971.31,1
400,AXP,2017,2016-12-30,68,67802118476.32,1
265,AIG,2017,2016-12-30,69,67082194621.89,1
58,COP,2017,2016-12-30,70,62124834287.26,1
62,LOW,2017,2016-12-30,71,61863529450.240005,1
353,BIIB,2017,2016-12-30,72,61699770754.82,1
119,BLK,2017,2016-12-30,73,61673868546.3,1
61,CB,2017,2016-12-30,74,61480608365.880005,1
287,MET,2017,2016-12-30,75,59224493847.1276,1
196,EOG,2017,2016-12-30,76,58279872762.299995,1
454,CL,2017,2016-12-30,77,58165860005.759995,1
78,NVDA,2017,2016-12-30,78,57105900000.0,1
328,PNC,2017,2016-12-30,79,56901222691.52,1
384,ABT,2017,2016-12-30,80,56551408778.42999,1
158,SPG,2017,2016-12-30,81,55830579645.39,1
206,NEE,2017,2016-12-30,82,55819832532.42,1
370,TMO,2017,2016-12-30,83,55738059247.5,1
156,OXY,2017,2016-12-30,84,54433146498.850006,1
71,CAT,2017,2016-12-30,85,54259631532.899994,1
405,DHR,2017,2016-12-30,86,53842092865.12,1
197,DUK,2017,2016-12-30,87,53475629294.64,1
141,NFLX,2017,2016-12-30,88,53128153847.4,1
22,GM,2017,2016-12-30,89,53108144576.76,1
420,GD,2017,2016-12-30,90,52578345503.0,1
491,SCHW,2017,2016-12-30,91,52324279168.45,1
402,ADBE,2017,2016-12-30,92,51189521709.0,1
26,BK,2017,2016-12-30,93,50096609102.98,1
323,FDX,2017,2016-12-30,94,49624029798.0,1
434,TJX,2017,2016-12-30,95,48977302521.07,1
343,SO,2017,2016-12-30,96,48206174421.2,1
447,F,2017,2016-12-30,97,48201158376.990005,1
100,D,2017,2016-12-30,98,48002817654.810005,1
259,ASML,2017,2016-12-30,99,47769254009.4,1
82,CRM,2017,2016-12-30,100,47696081999.99999,1
89,PYPL,2017,2016-12-30,101,47626314304.52,1
188,TMUS,2017,2016-12-30,102,47389127321.79,1
47,HAL,2017,2016-12-30,103,46758220309.350006,1
203,ADP,2017,2016-12-30,104,46371583243.26,1
275,KMI,2017,2016-12-30,105,46232264114.54,1
45,AMT,2017,2016-12-30,106,45116245311.36,1
74,PSX,2017,2016-12-30,107,45006666214.049995,1
28,SYK,2017,2016-12-30,108,44863060333.58,1
80,PRU,2017,2016-12-30,109,44745800000.0,1
53,ITW,2017,2016-12-30,110,42984040950.24,1
9,LVS,2017,2016-12-30,111,42449943160.38,1
518,COF,2017,2016-12-30,112,42075972827.399994,1
407,NOC,2017,2016-12-30,113,40995003633.26,1
304,KMB,2017,2016-12-30,114,40872697671.6,1
93,TGT,2017,2016-12-30,115,40571263364.72,1
7,CME,2017,2016-12-30,116,39143689484.549995,1
157,PSA,2017,2016-12-30,117,38763899674.5,1
475,REGN,2017,2016-12-30,118,38717092059.909996,1
237,JCI,2017,2016-12-30,119,38583418744.95,1
52,HPE,2017,2016-12-30,120,38518209560.1102,1
190,TFC,2017,2016-12-30,121,38153170633.020004,1
388,ELV,2017,2016-12-30,122,37874106882.920006,1
506,DAL,2017,2016-12-30,123,36838768680.82,1
219,EMR,2017,2016-12-30,124,35928089897.25,1
212,GIS,2017,2016-12-30,125,35827296271.44,1
365,BDX,2017,2016-12-30,126,35300564387.55,1
363,LYB,2017,2016-12-30,127,34957393536.94,1
514,TRV,2017,2016-12-30,128,34774473888.88,1
261,AMAT,2017,2016-12-30,129,34740918224.18,1
123,TSLA,2017,2016-12-30,130,34423044089.31,1
201,CI,2017,2016-12-30,131,34246366922.819996,1
389,ECL,2017,2016-12-30,132,34175724385.02,1
130,CTSH,2017,2016-12-30,133,33993657337.25,1
456,NXPI,2017,2016-12-30,134,33911740504.620003,1
494,CSX,2017,2016-12-30,135,33654327420.271202,1
251,ICE,2017,2016-12-30,136,33608044433.600002,1
311,LIN,2017,2016-12-30,137,33444735855.29,1
313,EBAY,2017,2016-12-30,138,33191236003.600002,1
230,DE,2017,2016-12-30,139,32823441150.08,1
408,EXC,2017,2016-12-30,140,32766771116.828598,1
180,KR,2017,2016-12-30,141,32374681844.05,1
362,BX,2017,2016-12-30,142,32337117907.95,1
458,MAR,2017,2016-12-30,143,32284871517.600002,1
516,MCK,2017,2016-12-30,144,31753913531.999996,1
246,NSC,2017,2016-12-30,145,31550197336.449997,1
367,WM,2017,2016-12-30,146,31342438828.26,1
487,CCI,2017,2016-12-30,147,31289683875.739998,1
315,APD,2017,2016-12-30,148,31271297331.78,1
306,AEP,2017,2016-12-30,149,30958158117.68,1
433,VLO,2017,2016-12-30,150,30926056334.879997,1
98,PCG,2017,2016-12-30,151,30729364994.38,1
103,LUV,2017,2016-12-30,152,30681391261.920002,1
485,HUM,2017,2016-12-30,153,30421113551.37,1
406,ETN,2017,2016-12-30,154,30304553000.0,1
352,SYY,2017,2016-12-30,155,30283586579.329998,1
1541,TRI,2017,2016-12-30,156,30098653064.2302,1
390,STT,2017,2016-12-30,157,29979295288.16,1
88,SYF,2017,2016-12-30,158,29939644239.570004,1
40,BSX,2017,2016-12-30,159,29453074591.5,1
118,INTU,2017,2016-12-30,160,29416791684.3,1
142,AON,2017,2016-12-30,161,29342878950.38,1
1579,CRH,2017,2016-12-30,162,28628174326.86,1
132,DFS,2017,2016-12-30,163,28432199327.31,1
333,AFL,2017,2016-12-30,164,28403905324.8,1
178,EL,2017,2016-12-30,165,28029025048.649998,1
307,CCL,2017,2016-12-30,166,27987564545.100002,1
321,PLD,2017,2016-12-30,167,27905533060.0,1
445,SPGI,2017,2016-12-30,168,27863614000.0,1
116,HCA,2017,2016-12-30,169,27734235514.0,1
417,BKR,2017,2016-12-30,170,27468927934.19,1
255,ALL,2017,2016-12-30,171,27294456151.4,1
171,STZ,2017,2016-12-30,172,27246999359.77,1
1,HLT,2017,2016-12-30,173,26918143771.22,1
281,MPC,2017,2016-12-30,174,26575494766.15,1
380,ZTS,2017,2016-12-30,175,26434855919.73,1
224,ORLY,2017,2016-12-30,176,26299073824.0344,1
431,ADM,2017,2016-12-30,177,26266995163.75,1
464,ROST,2017,2016-12-30,178,25854301126.399998,1
92,EQIX,2017,2016-12-30,179,25511674540.77,1
267,MNST,2017,2016-12-30,180,25317041653.86,1
220,HPQ,2017,2016-12-30,181,25308893463.28,1
122,SRE,2017,2016-12-30,182,25166136322.72,1
154,PPG,2017,2016-12-30,183,25016189321.440002,1
33,SHW,2017,2016-12-30,184,24968054188.6623,1
30,FIS,2017,2016-12-30,185,24827155859.88,1
382,TEL,2017,2016-12-30,186,24618164494.88,1
379,ISRG,2017,2016-12-30,187,24572219088.7777,1
469,AVB,2017,2016-12-30,188,24327279110.55,1
27,K,2017,2016-12-30,189,24270075013.093,1
342,WELL,2017,2016-12-30,190,24264243936.870003,1
31,MTB,2017,2016-12-30,191,24254255313.74,1
1238,AAL,2017,2016-12-30,192,24191263533.64,1
482,BAX,2017,2016-12-30,193,24117409962.24,1
472,APA,2017,2016-12-30,194,24082379828.98,1
6,DVN,2017,2016-12-30,195,23912812000.0,1
286,EA,2017,2016-12-30,196,23766263888.84,1
271,EQR,2017,2016-12-30,197,23534063278.6,1
468,EIX,2017,2016-12-30,198,23455148719.94,1
36,WMB,2017,2016-12-30,199,23381075421.54,1
210,YUM,2017,2016-12-30,200,23242459011.63,1
107,PPL,2017,2016-12-30,201,23141310348.149998,1
13,UAL,2017,2016-12-30,202,23123773289.039997,1
330,GLW,2017,2016-12-30,203,23086235118.6,1
364,CAH,2017,2016-12-30,204,23034955844.94,1
186,CMI,2017,2016-12-30,205,22998160103.719997,1
371,MU,2017,2016-12-30,206,22886592890.72,1
299,AZO,2017,2016-12-30,207,22604279469.8,1
386,WY,2017,2016-12-30,208,22509075119.61,1
3,ED,2017,2016-12-30,209,22452323894.640003,1
70,BEN,2017,2016-12-30,210,22424412463.14,1
391,PCAR,2017,2016-12-30,211,22399331616.899998,1
129,ADI,2017,2016-12-30,212,22379346067.2,1
444,PEG,2017,2016-12-30,213,22199616897.600002,1
361,VTR,2017,2016-12-30,214,22138934880.36,1
749,VFC,2017,2016-12-30,215,22071495454.25,1
161,TSN,2017,2016-12-30,216,22063921461.36,1
430,HSY,2017,2016-12-30,217,21950889531.18,1
152,PAYX,2017,2016-12-30,218,21846372798.4,1
153,IP,2017,2016-12-30,219,21818983640.72,1
1395,NWL,2017,2016-12-30,220,21539160000.0,1
168,APH,2017,2016-12-30,221,20729747808.0,1
2,XEL,2017,2016-12-30,222,20673678756.5,1
326,ZBH,2017,2016-12-30,223,20670915211.2,1
138,PGR,2017,2016-12-30,224,20617727097.5,1
318,DG,2017,2016-12-30,225,20462893738.199997,1
164,VTRS,2017,2016-12-30,226,20414265401.95,1
155,FITB,2017,2016-12-30,227,20378896580.46,1
493,NTRS,2017,2016-12-30,228,20163689811.2,1
182,OMC,2017,2016-12-30,229,20075817866.85,1
393,EW,2017,2016-12-30,230,20034344702.9061,1
452,KEY,2017,2016-12-30,231,19744607253.42,1
1342,VNO,2017,2016-12-30,232,19725328202.58,1
439,HES,2017,2016-12-30,233,19722325702.82,1
412,WDC,2017,2016-12-30,234,19397923365.3094,1
14,RSG,2017,2016-12-30,235,19394824968.75,1
266,TT,2017,2016-12-30,236,19385146683.84,1
84,BXP,2017,2016-12-30,237,19341625798.8,1
38,NUE,2017,2016-12-30,238,18956236604.16,1
305,INCY,2017,2016-12-30,239,18889378589.42,1
479,TAP,2017,2016-12-30,240,18880596007.09,1
886,BBWI,2017,2016-12-30,241,18827305424.3337,1
840,ILMN,2017,2016-12-30,242,18809076000.0,1
438,IQV,2017,2016-12-30,243,18722107638.0,1
240,PH,2017,2016-12-30,244,18675786640.0,1
442,ROP,2017,2016-12-30,245,18570573519.08,1
500,CPB,2017,2016-12-30,246,18567427123.13,1
335,WEC,2017,2016-12-30,247,18510954586.35,1
263,HRL,2017,2016-12-30,248,18407586863.710003,1
37,TROW,2017,2016-12-30,249,18320778944.260002,1
344,VRTX,2017,2016-12-30,250,18272619767.63,1
185,CFG,2017,2016-12-30,251,18238207902.390003,1
484,APTV,2017,2016-12-30,252,18227157699.429,1
443,DLTR,2017,2016-12-30,253,18219991964.06,1
319,NEM,2017,2016-12-30,254,18082655021.18,1
272,MCO,2017,2016-12-30,255,18024424000.0,1
274,HIG,2017,2016-12-30,256,17999042587.55,1
55,FCX,2017,2016-12-30,257,17960668742.95,1
39,RF,2017,2016-12-30,258,17676799248.079998,1
309,DTE,2017,2016-12-30,259,17676142244.04,1
292,RCL,2017,2016-12-30,260,17604309248.960003,1
373,AMP,2017,2016-12-30,261,17533817274.06,1
83,ES,2017,2016-12-30,262,17501603175.84,1
279,ROK,2017,2016-12-30,263,17300516486.4,1
258,SWK,2017,2016-12-30,264,17282482874.16,1
501,LRCX,2017,2016-12-30,265,17216011565.07,1
308,CAG,2017,2016-12-30,266,17212650815.5,1
341,COR,2017,2016-12-30,267,17209635107.14,1
226,EXPE,2017,2016-12-30,268,16995386165.76,1
418,WTW,2017,2016-12-30,269,16721350892.52,1
495,KDP,2017,2016-12-30,270,16657452197.15,1
492,PFG,2017,2016-12-30,271,16645209120.76,1
181,VMC,2017,2016-12-30,272,16558505641.1,1
262,MGM,2017,2016-12-30,273,16530162479.939999,1
499,ADSK,2017,2016-12-30,274,16471395611.52,1
120,ULTA,2017,2016-12-30,275,15865626972.72,1
466,L,2017,2016-12-30,276,15779806922.46,1
16,DLR,2017,2016-12-30,277,15616963712.08,1
320,CLX,2017,2016-12-30,278,15451818633.96,1
243,MTCH,2017,2016-12-30,279,15245309156.265,1
301,ESS,2017,2016-12-30,280,15232802010.0,1
147,CCEP,2017,2016-12-30,281,15156504653.4,1
954,LNC,2017,2016-12-30,282,15146694527.039999,1
1145,IBKR,2017,2016-12-30,283,14980357821.99,1
95,SJM,2017,2016-12-30,284,14910580683.98,1
151,GEN,2017,2016-12-30,285,14893485165.800001,1
451,O,2017,2016-12-30,286,14864282130.96,1
133,MHK,2017,2016-12-30,287,14809330498.560001,1
256,A,2017,2016-12-30,288,14658833458.36,1
72,HBAN,2017,2016-12-30,289,14340827650.94,1
1072,BMRN,2017,2016-12-30,290,14247439281.08,1
117,GPC,2017,2016-12-30,291,14210356005.140001,1
378,EFX,2017,2016-12-30,292,14159379563.07,1
1241,NOV,2017,2016-12-30,293,14140474807.679998,1
59,MLM,2017,2016-12-30,294,14059660640.1,1
198,HST,2017,2016-12-30,295,13939059897.0,1
300,DOC,2017,2016-12-30,296,13908103053.519999,1
49,SWKS,2017,2016-12-30,297,13872867715.16,1
23,MCHP,2017,2016-12-30,298,13857436856.45,1
233,GWW,2017,2016-12-30,299,13835028916.5,1
191,MSI,2017,2016-12-30,300,13756711613.85,1
944,COTY,2017,2016-12-30,301,13665173873.66,1
683,WHR,2017,2016-12-30,302,13652412606.210001,1
121,VRSK,2017,2016-12-30,303,13591994829.050001,1
510,FAST,2017,2016-12-30,304,13578726836.519999,1
165,J,2017,2016-12-30,305,13520465172.7535,1
4,BBY,2017,2016-12-30,306,13390963825.99,1
845,XRAY,2017,2016-12-30,307,13328729533.099998,1
334,WDAY,2017,2016-12-30,308,13284090000.0,1
425,TDG,2017,2016-12-30,309,13281451358.720001,1
109,FE,2017,2016-12-30,310,13199446146.859999,1
312,ETR,2017,2016-12-30,311,13160526225.24,1
20,CPAY,2017,2016-12-30,312,13131886903.28,1
396,BALL,2017,2016-12-30,313,13122674483.869999,1
205,TXT,2017,2016-12-30,314,13121305918.720001,1
1046,LUMN,2017,2016-12-30,315,13000293883.42,1
176,AWK,2017,2016-12-30,316,12880323636.12,1
1583,FER,2017,2016-12-30,317,12835658271.45,1
277,DGX,2017,2016-12-30,318,12741011864.5,1
476,LHX,2017,2016-12-30,319,12734638265.09,1
69,AEE,2017,2016-12-30,320,12728621503.08,1
19,DVA,2017,2016-12-30,321,12673080000.0,1
345,SBAC,2017,2016-12-30,322,12612439299.960001,1
377,CINF,2017,2016-12-30,323,12479705238.0,1
953,AAP,2017,2016-12-30,324,12456301060.0,1
490,KKR,2017,2016-12-30,325,12407690910.87,1
340,IVZ,2017,2016-12-30,326,12394966493.539999,1
115,KLAC,2017,2016-12-30,327,12299157833.76,1
253,NOW,2017,2016-12-30,328,12228930000.0,1
517,HSIC,2017,2016-12-30,329,12205036078.4124,1
44,CTAS,2017,2016-12-30,330,12126363829.56,1
105,OKE,2017,2016-12-30,331,12086066355.109999,1
462,KMX,2017,2016-12-30,332,12048427185.26,1
1214,PRGO,2017,2016-12-30,333,11933053559.210001,1
579,CMA,2017,2016-12-30,334,11732831635.91,1
298,CMS,2017,2016-12-30,335,11649767255.82,1
41,DOV,2017,2016-12-30,336,11631858285.3678,1
166,AKAM,2017,2016-12-30,337,11555638065.480001,1
163,PANW,2017,2016-12-30,338,11465369859.2638,1
387,CHD,2017,2016-12-30,339,11427697900.71,1
1197,OVV,2017,2016-12-30,340,11422565638.52,1
515,LH,2017,2016-12-30,341,11359633100.0,1
260,EQT,2017,2016-12-30,342,11297872201.8,1
338,CE,2017,2016-12-30,343,11275528236.3,1
113,AME,2017,2016-12-30,344,11247594033.6,1
317,STX,2017,2016-12-30,345,11241934474.43,1
223,HOLX,2017,2016-12-30,346,11162020945.119999,1
140,MAA,2017,2016-12-30,347,11118049482.24,1
204,NDAQ,2017,2016-12-30,348,11088404611.1463,1
67,EMN,2017,2016-12-30,349,11037133233.539999,1
303,MTD,2017,2016-12-30,350,10981155993.6,1
704,M,2017,2016-12-30,351,10946044669.550001,1
1442,ALK,2017,2016-12-30,352,10937870700.890001,1
143,CMG,2017,2016-12-30,353,10923097805.84,1
1034,SLG,2017,2016-12-30,354,10897201426.949999,1
508,JBHT,2017,2016-12-30,355,10889804939.039999,1
424,CTRA,2017,2016-12-30,356,10865892483.52,1
244,WAT,2017,2016-12-30,357,10828853632.97,1
410,JNPR,2017,2016-12-30,358,10747932219.0,1
372,KIM,2017,2016-12-30,359,10693650838.88,1
208,GPN,2017,2016-12-30,360,10668135562.26,1
245,CBRE,2017,2016-12-30,361,10620927424.279999,1
426,CNP,2017,2016-12-30,362,10612014828.800001,1
455,MKC,2017,2016-12-30,363,10607545465.56,1
131,ACGL,2017,2016-12-30,364,10587256528.4859,1
1196,WU,2017,2016-12-30,365,10531054292.4,1
679,BFH,2017,2016-12-30,366,10521635174.7962,1
162,IDXX,2017,2016-12-30,367,10514218169.43,1
453,AMD,2017,2016-12-30,368,10510691239.44,1
422,CHRW,2017,2016-12-30,369,10382354159.76,1
46,MAS,2017,2016-12-30,370,10381072430.82,1
415,UHS,2017,2016-12-30,371,10313603338.68,1
675,HOG,2017,2016-12-30,372,10312962197.900002,1
1474,CNH,2017,2016-12-30,373,10298088960.0202,1
18,MOS,2017,2016-12-30,374,10272496642.17,1
229,FRT,2017,2016-12-30,375,10201579515.000002,1
477,DHI,2017,2016-12-30,376,10200259310.22,1
1232,UNM,2017,2016-12-30,377,10196992546.23,1
101,PNR,2017,2016-12-30,378,10190134318.396599,1
641,MAC,2017,2016-12-30,379,10181484454.68,1
1372,AYI,2017,2016-12-30,380,10177149361.26,1
1107,NLY,2017,2016-12-30,381,10158132334.710001,1
24,TRGP,2017,2016-12-30,382,10138995626.13,1
56,BG,2017,2016-12-30,383,10074068538.24,1
569,ALV,2017,2016-12-30,384,9981222595.943401,1
250,TSCO,2017,2016-12-30,385,9950038771.470001,1
450,SNA,2017,2016-12-30,386,9937959048.27,1
366,RJF,2017,2016-12-30,387,9925453014.93,1
194,TPR,2017,2016-12-30,388,9818388883.76,1
347,UDR,2017,2016-12-30,389,9749221559.039999,1
350,EXR,2017,2016-12-30,390,9717262855.039999,1
236,NTAP,2017,2016-12-30,391,9712568904.29,1
489,HAS,2017,2016-12-30,392,9707225148.09,1
394,BFb,2017,2016-12-30,393,9690017612.24,1
325,ALB,2017,2016-12-30,394,9681928829.119999,1
241,NCLH,2017,2016-12-30,395,9661963783.86,1
252,CNC,2017,2016-12-30,396,9657109688.99,1
486,EXPD,2017,2016-12-30,397,9552641411.04,1
114,FFIV,2017,2016-12-30,398,9452532533.039999,1
94,LKQ,2017,2016-12-30,399,9425199828.699999,1
1075,MAT,2017,2016-12-30,400,9423347436.45,1
1285,FL,2017,2016-12-30,401,9383351943.51,1
437,IFF,2017,2016-12-30,402,9358507060.98,1
146,IPG,2017,2016-12-30,403,9294003327.47,1
1337,LEA,2017,2016-12-30,404,9293133141.95,1
459,AJG,2017,2016-12-30,405,9254720511.84,1
565,FNF,2017,2016-12-30,406,9235470046.5014,1
96,GRMN,2017,2016-12-30,407,9137766808.82,1
1111,INGR,2017,2016-12-30,408,9047353920.0,1
148,DRI,2017,2016-12-30,409,9029283890.4,1
1163,ALLY,2017,2016-12-30,410,8969785153.74,1
572,GAP,2017,2016-12-30,411,8950897875.480001,1
81,FANG,2017,2016-12-30,412,8950776470.04,1
324,LULU,2017,2016-12-30,413,8908839533.41,1
207,URI,2017,2016-12-30,414,8892422604.42,1
34,XYL,2017,2016-12-30,415,8873072386.32,1
651,XRX,2017,2016-12-30,416,8850269054.52,1
302,EG,2017,2016-12-30,417,8845090752.800001,1
509,SNPS,2017,2016-12-30,418,8834956808.58,1
398,ARE,2017,2016-12-30,419,8825291266.73,1
257,WYNN,2017,2016-12-30,420,8801606210.61,1
1064,ARMK,2017,2016-12-30,421,8781685237.72,1
916,ZION,2017,2016-12-30,422,8768023666.88,1
822,SEE,2017,2016-12-30,423,8764562956.800001,1
179,GL,2017,2016-12-30,424,8752047529.92,1
79,RMD,2017,2016-12-30,425,8746909275.0,1
536,KSS,2017,2016-12-30,426,8714234567.28,1
432,PNW,2017,2016-12-30,427,8685215529.210001,1
54,STLD,2017,2016-12-30,428,8674946096.88,1
112,LNT,2017,2016-12-30,429,8619991216.92,1
48,IRM,2017,2016-12-30,430,8556785843.199999,1
332,HII,2017,2016-12-30,431,8540168459.39,1
411,COO,2017,2016-12-30,432,8534239588.14,1
837,RRC,2017,2016-12-30,433,8491912301.84,1
1085,ALKS,2017,2016-12-30,434,8446519389.559999,1
474,BWA,2017,2016-12-30,435,8393722184.648399,1
535,DXC,2017,2016-12-30,436,8377300416.08,1
729,HP,2017,2016-12-30,437,8372916595.8,1
221,LEN,2017,2016-12-30,438,8370690300.8,1
959,JEF,2017,2016-12-30,439,8370510453.75,1
87,CDW,2017,2016-12-30,440,8360795565.700001,1
136,IT,2017,2016-12-30,441,8349380975.879999,1
1117,JWN,2017,2016-12-30,442,8308288530.55,1
1343,FBIN,2017,2016-12-30,443,8249248584.72,1
173,AOS,2017,2016-12-30,444,8234790682.900001,1
906,TNL,2017,2016-12-30,445,8228016649.8387,1
843,HBI,2017,2016-12-30,446,8152277532.6,1
1012,RGA,2017,2016-12-30,447,8079258665.9,1
50,WRB,2017,2016-12-30,448,8072480150.364,1
1294,GT,2017,2016-12-30,449,8058691354.14,1
90,ANSS,2017,2016-12-30,450,8002894901.129999,1
478,PKG,2017,2016-12-30,451,7992276971.32,1
291,EVRG,2017,2016-12-30,452,7986758684.8,1
1176,UGI,2017,2016-12-30,453,7971085393.92,1
624,AMG,2017,2016-12-30,454,7964973014.900001,1
369,VRSN,2017,2016-12-30,455,7954979552.549999,1
520,SEIC,2017,2016-12-30,456,7897544864.88,1
348,BR,2017,2016-12-30,457,7894844813.7,1
399,ATO,2017,2016-12-30,458,7792774526.1,1
609,FLEX,2017,2016-12-30,459,7759840580.879999,1
937,FLG,2017,2016-12-30,460,7749077538.22,1
329,LDOS,2017,2016-12-30,461,7689602481.84,1
376,DPZ,2017,2016-12-30,462,7674314786.64,1
414,ALGN,2017,2016-12-30,463,7660542214.259999,1
199,AES,2017,2016-12-30,464,7659624422.799999,1
672,AFG,2017,2016-12-30,465,7652868462.56,1
1200,VOYA,2017,2016-12-30,466,7633059622.639999,1
183,FMC,2017,2016-12-30,467,7569922245.200001,1
481,TRMB,2017,2016-12-30,468,7555101660.45,1
534,BRX,2017,2016-12-30,469,7431521921.34,1
748,AR,2017,2016-12-30,470,7424617121.349999,1
355,RL,2017,2016-12-30,471,7423957080.879999,1
159,MSCI,2017,2016-12-30,472,7415080211.76,1
1414,MIDD,2017,2016-12-30,473,7411697258.46,1
284,WAB,2017,2016-12-30,474,7394876241.62,1
358,ROL,2017,2016-12-30,475,7358314222.440001,1
435,CPT,2017,2016-12-30,476,7354423759.48,1
1461,CCK,2017,2016-12-30,477,7349139697.69,1
440,CF,2017,2016-12-30,478,7338434040.12,1
550,EWBC,2017,2016-12-30,479,7327864049.48,1
1274,FLR,2017,2016-12-30,480,7313420714.080001,1
961,JBLU,2017,2016-12-30,481,7258087044.320001,1
1276,H,2017,2016-12-30,482,7231262869.259999,1
483,CDNS,2017,2016-12-30,483,7230952300.0,1
1098,WLK,2017,2016-12-30,484,7217286864.59,1
248,REG,2017,2016-12-30,485,7204553920.900001,1
1275,RPM,2017,2016-12-30,486,7179670021.86,1
1220,PVH,2017,2016-12-30,487,7152940377.599999,1
470,NI,2017,2016-12-30,488,7145414338.5,1
630,CSL,2017,2016-12-30,489,7114199871.2300005,1
29,TFX,2017,2016-12-30,490,7099179464.85,1
467,ODFL,2017,2016-12-30,491,7072505653.9904,1
647,CPRI,2017,2016-12-30,492,7059351060.0199995,1
507,MRVL,2017,2016-12-30,493,7044573000.0,1
1002,SABR,2017,2016-12-30,494,6991656065.2,1
242,JKHY,2017,2016-12-30,495,6933906923.84,1
403,MELI,2017,2016-12-30,496,6894727223.74,1
111,IEX,2017,2016-12-30,497,6866376584.7,1
941,KRC,2017,2016-12-30,498,6825527323.58,1
1027,ASH,2017,2016-12-30,499,6799287622.56,1
264,ANET,2017,2016-12-30,500,6794149219.2699995,1
875,TRIP,2017,2016-12-30,501,6756165061.33,1
1071,QRVO,2017,2016-12-30,502,6735081673.73,1
747,OGE,2017,2016-12-30,503,6680063978.55,1
890,ST,2017,2016-12-30,504,6655006075.35,1
502,LII,2017,2016-12-30,505,6593631985.509999,1
1381,SIG,2017,2016-12-30,506,6558677818.860001,1
726,LAMR,2017,2016-12-30,507,6543951250.28,1
1408,AXTA,2017,2016-12-30,508,6540577470.4,1
833,LEG,2017,2016-12-30,509,6534293308.400001,1
580,JAZZ,2017,2016-12-30,510,6530061285.05,1
446,FDS,2017,2016-12-30,511,6526629837.89,1
1015,NNN,2017,2016-12-30,512,6502885087.400001,1
1435,GLPI,2017,2016-12-30,513,6493892887.0529,1
293,HUBB,2017,2016-12-30,514,6460144161.6,1
852,MTN,2017,2016-12-30,515,6445147341.09,1
457,NDSN,2017,2016-12-30,516,6425941219.65,1
642,ARW,2017,2016-12-30,517,6387478876.7,1
1363,OZK,2017,2016-12-30,518,6371155334.22,1
21,CPRT,2017,2016-12-30,519,6348500817.12,1
1495,UAA,2017,2016-12-30,520,6338397654.400001,1
189,NVR,2017,2016-12-30,521,6326169255.0,1
423,BRO,2017,2016-12-30,522,6289782783.0199995,1
1460,RHI,2017,2016-12-30,523,6287075274.96,1
622,WPC,2017,2016-12-30,524,6277260229.2825,1
8,KEYS,2017,2016-12-30,525,6269759119.11,1
963,FLS,2017,2016-12-30,526,6268222299.849999,1
175,AVY,2017,2016-12-30,527,6248989239.14,1
1051,MD,2017,2016-12-30,528,6241855951.98,1
104,WST,2017,2016-12-30,529,6208208560.28,1
1008,ELS,2017,2016-12-30,530,6150477810.4,1
409,ALLE,2017,2016-12-30,531,6144987392.0,1
73,CSGP,2017,2016-12-30,532,6143537694.09,1
1082,OHI,2017,2016-12-30,533,6100160333.1,1
827,UTHR,2017,2016-12-30,534,6083652009.54,1
513,PHM,2017,2016-12-30,535,6078996549.86,1
1512,AVT,2017,2016-12-30,536,6076510719.75,1
660,TTC,2017,2016-12-30,537,6048679918.650001,1
68,CBOE,2017,2016-12-30,538,6007689995.4,1
1218,BURL,2017,2016-12-30,539,5983100580.75,1
1206,DKS,2017,2016-12-30,540,5981554213.2,1
1287,MAN,2017,2016-12-30,541,5959502758.72,1
743,BERY,2017,2016-12-30,542,5957790127.74,1
247,ERIE,2017,2016-12-30,543,5879995656.6,1
990,OC,2017,2016-12-30,544,5842958474.12,1
170,GDDY,2017,2016-12-30,545,5803704102.900001,1
527,DINO,2017,2016-12-30,546,5782785437.5199995,1
1245,RS,2017,2016-12-30,547,5771747957.22,1
413,STE,2017,2016-12-30,548,5741565462.08,1
788,SMG,2017,2016-12-30,549,5735420759.25,1
519,RVTY,2017,2016-12-30,550,5712791514.849999,1
1485,X,2017,2016-12-30,551,5692873669.63,1
1553,TRU,2017,2016-12-30,552,5658885558.18,1
1023,GNTX,2017,2016-12-30,553,5641374476.870001,1
1449,STWD,2017,2016-12-30,554,5627771101.849999,1
585,MDU,2017,2016-12-30,555,5613184479.3032,1
914,RNR,2017,2016-12-30,556,5606205751.72,1
757,ACM,2017,2016-12-30,557,5597535463.2,1
1415,CBSH,2017,2016-12-30,558,5583987707.2105,1
782,DCI,2017,2016-12-30,559,5556942443.36,1
543,CFR,2017,2016-12-30,560,5554947918.42,1
1110,DEI,2017,2016-12-30,561,5539826754.400001,1
86,MKTX,2017,2016-12-30,562,5521201884.16,1
1235,CGNX,2017,2016-12-30,563,5450069265.88,1
331,LYV,2017,2016-12-30,564,5411422737.0,1
847,SCI,2017,2016-12-30,565,5409888963.2,1
1580,BAH,2017,2016-12-30,566,5392227190.49,1
427,SW,2017,2016-12-30,567,5381601106.86,1
866,MUR,2017,2016-12-30,568,5360588334.75,1
200,PTC,2017,2016-12-30,569,5349002215.97,1
727,WTRG,2017,2016-12-30,570,5327842040.28,1
463,ON,2017,2016-12-30,571,5320445353.5199995,1
448,TEAM,2017,2016-12-30,572,5301916267.759999,1
1112,CLB,2017,2016-12-30,573,5294935710.440001,1
354,AIZ,2017,2016-12-30,574,5294194400.42,1
614,PII,2017,2016-12-30,575,5278441901.04,1
368,PWR,2017,2016-12-30,576,5269395485.1,1
819,SON,2017,2016-12-30,577,5262035712.5,1
1184,THO,2017,2016-12-30,578,5261233402.05,1
1262,IPGP,2017,2016-12-30,579,5242225728.82,1
730,MSM,2017,2016-12-30,580,5238360833.67,1
357,TYL,2017,2016-12-30,581,5229293898.0,1
214,FTNT,2017,2016-12-30,582,5211949679.76,1
1391,POST,2017,2016-12-30,583,5194199327.632,1
1451,IAC,2017,2016-12-30,584,5137185080.7494,1
1231,AA,2017,2016-12-30,585,5134969803.599999,1
1400,WAL,2017,2016-12-30,586,5117954488.03,1
1511,HIW,2017,2016-12-30,587,5111411447.059999,1
356,TER,2017,2016-12-30,588,5111041644.8,1
1056,LECO,2017,2016-12-30,589,5062475401.39,1
310,DXCM,2017,2016-12-30,590,5046093008.7,1
1327,TOL,2017,2016-12-30,591,5034493000.0,1
723,VYX,2017,2016-12-30,592,5033483590.0,1
1309,SNV,2017,2016-12-30,593,5024022503.24,1
966,NEU,2017,2016-12-30,594,5021933511.36,1
1295,ORI,2017,2016-12-30,595,4989402470.0,1
1036,AMH,2017,2016-12-30,596,4988976528.32,1
1326,PB,2017,2016-12-30,597,4987549173.84,1
1083,CG,2017,2016-12-30,598,4980608886.0,1
1141,NAVI,2017,2016-12-30,599,4979907862.1,1
623,WBS,2017,2016-12-30,600,4978907689.28,1
1186,AGO,2017,2016-12-30,601,4924268697.870001,1
731,AN,2017,2016-12-30,602,4915795367.7,1
950,WFRD,2017,2016-12-30,603,4895083982.46,1
741,BC,2017,2016-12-30,604,4891665439.08,1
1501,G,2017,2016-12-30,605,4886415814.38,1
957,NFG,2017,2016-12-30,606,4823561633.28,1
706,SNX,2017,2016-12-30,607,4823278836.978001,1
567,CUBE,2017,2016-12-30,608,4819620472.4,1
1240,OSK,2017,2016-12-30,609,4811206844.99,1
1540,XYZ,2017,2016-12-30,610,4799654229.25,1
1360,PPC,2017,2016-12-30,611,4772760706.889999,1
1198,WEX,2017,2016-12-30,612,4769180355.599999,1
1361,HRB,2017,2016-12-30,613,4761615530.87,1
986,EXP,2017,2016-12-30,614,4751472983.01,1
973,HXL,2017,2016-12-30,615,4720183370.88,1
653,SLM,2017,2016-12-30,616,4719510340.5199995,1
795,FHN,2017,2016-12-30,617,4667024185.92,1
1148,CASY,2017,2016-12-30,618,4659046408.48,1
1322,NBR,2017,2016-12-30,619,4648221250.0,1
911,AGCO,2017,2016-12-30,620,4644230162.66,1
1366,GGG,2017,2016-12-30,621,4626789128.400001,1
1288,ATR,2017,2016-12-30,622,4604687883.900001,1
1401,DLB,2017,2016-12-30,623,4589359338.73,1
923,TGNA,2017,2016-12-30,624,4586369170.29,1
1480,JLL,2017,2016-12-30,625,4567810762.8,1
1054,EPR,2017,2016-12-30,626,4566661081.16,1
76,ZBRA,2017,2016-12-30,627,4526904204.8,1
1138,WSO,2017,2016-12-30,628,4495396823.400001,1
682,APLE,2017,2016-12-30,629,4462791261.4800005,1
1185,CNK,2017,2016-12-30,630,4457347531.28,1
1061,BIO,2017,2016-12-30,631,4429592112.96,1
943,PAG,2017,2016-12-30,632,4415531875.200001,1
1087,ENOV,2017,2016-12-30,633,4407239480.04,1
238,NWSA,2017,2016-12-30,634,4374450840.18,1
1486,CW,2017,2016-12-30,635,4350282702.84,1
1550,FTI,2017,2016-12-30,636,4329404118.16,1
172,JBL,2017,2016-12-30,637,4313406278.79,1
184,POOL,2017,2016-12-30,638,4313337136.32,1
549,RES,2017,2016-12-30,639,4309114960.29,1
339,TDY,2017,2016-12-30,640,4297786788.0,1
1438,HR,2017,2016-12-30,641,4297190018.96,1
964,EME,2017,2016-12-30,642,4291344641.76,1
841,EXEL,2017,2016-12-30,643,4271057722.4700003,1
222,TTWO,2017,2016-12-30,644,4266558024.93,1
525,CRI,2017,2016-12-30,645,4265158962.2,1
711,WWD,2017,2016-12-30,646,4262103861.6499996,1
1205,WSM,2017,2016-12-30,647,4250855261.82,1
818,PINC,2017,2016-12-30,648,4245768430.2,1
1370,OLN,2017,2016-12-30,649,4232626368.88,1
666,CXT,2017,2016-12-30,650,4230314881.3731,1
1272,EPC,2017,2016-12-30,651,4210798574.2499995,1
904,CNX,2017,2016-12-30,652,4186460730.6752005,1
75,WBD,2017,2016-12-30,653,4164771581.69,1
878,FLO,2017,2016-12-30,654,4146422023.5,1
1137,RGLD,2017,2016-12-30,655,4137745097.15,1
617,MSGS,2017,2016-12-30,656,4109766526.56,1
1307,THS,2017,2016-12-30,657,4095383457.7999997,1
900,COLM,2017,2016-12-30,658,4069302221.6,1
1570,ARES,2017,2016-12-30,659,4063786521.6,1
523,IDA,2017,2016-12-30,660,4059862412.3999996,1
908,HAIN,2017,2016-12-30,661,4037582660.55,1
1362,FAF,2017,2016-12-30,662,4022740812.42,1
1450,PDCO,2017,2016-12-30,663,4017206270.0,1
592,CC,2017,2016-12-30,664,4016720106.71,1
1313,CBRL,2017,2016-12-30,665,4013999491.9199996,1
531,PTEN,2017,2016-12-30,666,3987133260.1600003,1
751,R,2017,2016-12-30,667,3980188663.72,1
1261,GPK,2017,2016-12-30,668,3963334976.6400003,1
716,SGI,2017,2016-12-30,669,3953455972.32,1
1385,UNIT,2017,2016-12-30,670,3952707026.671,1
1604,RITM,2017,2016-12-30,671,3942153399.2400002,1
856,BWXT,2017,2016-12-30,672,3939566535.8,1
1226,MPT,2017,2016-12-30,673,3939045873.6000004,1
526,BKU,2017,2016-12-30,674,3925074101.5499997,1
1157,SATS,2017,2016-12-30,675,3915803773.596,1
892,HOMB,2017,2016-12-30,676,3900060149.5299997,1
798,SKX,2017,2016-12-30,677,3880596381.4999995,1
804,TCBI,2017,2016-12-30,678,3877624408.0000005,1
1393,THG,2017,2016-12-30,679,3871864458.86,1
5,NRG,2017,2016-12-30,680,3867331143.22,1
1281,RDN,2017,2016-12-30,681,3855398125.26,1
1341,POR,2017,2016-12-30,682,3853200583.8199997,1
497,TECH,2017,2016-12-30,683,3836550486.86,1
752,UMBF,2017,2016-12-30,684,3822221594.2400002,1
1534,SHOP,2017,2016-12-30,685,3812696823.1499996,1
820,SBH,2017,2016-12-30,686,3792958290.84,1
1404,BOH,2017,2016-12-30,687,3786431793.27,1
1195,EEFT,2017,2016-12-30,688,3781291082.3500004,1
532,MANH,2017,2016-12-30,689,3775173669.88,1
998,VSAT,2017,2016-12-30,690,3771998675.06,1
1180,WTFC,2017,2016-12-30,691,3757035403.4399996,1
1331,UBSI,2017,2016-12-30,692,3749307032.5,1
922,SAIC,2017,2016-12-30,693,3721105068.7999997,1
1068,ASB,2017,2016-12-30,694,3716593834.2,1
1093,EHC,2017,2016-12-30,695,3703200814.1600003,1
108,FICO,2017,2016-12-30,696,3687288497.58,1
697,SWX,2017,2016-12-30,697,3638076050.1600003,1
793,RBA,2017,2016-12-30,698,3627111160.0,1
618,GWRE,2017,2016-12-30,699,3626296002.1099997,1
1130,MMS,2017,2016-12-30,700,3613955247.2799997,1
128,CRL,2017,2016-12-30,701,3605965043.5299997,1
1020,FUN,2017,2016-12-30,702,3605496203.4,1
1440,CRUS,2017,2016-12-30,703,3602234414.24,1
863,HWC,2017,2016-12-30,704,3589673708.3,1
1581,HE,2017,2016-12-30,705,3588904983.51,1
893,KEX,2017,2016-12-30,706,3581357500.0,1
285,APO,2017,2016-12-30,707,3576293598.24,1
1439,LSTR,2017,2016-12-30,708,3563431298.7,1
1291,CABO,2017,2016-12-30,709,3551678011.29,1
649,JACK,2017,2016-12-30,710,3531231811.0,1
1181,AL,2017,2016-12-30,711,3530610797.97,1
768,TDC,2017,2016-12-30,712,3529383000.0,1
1135,ADEA,2017,2016-12-30,713,3524720611.2072,1
1026,SXT,2017,2016-12-30,714,3500174481.2799997,1
1055,ACAD,2017,2016-12-30,715,3492923318.64,1
610,DLX,2017,2016-12-30,716,3479980255.29,1
544,WEN,2017,2016-12-30,717,3475021764.24,1
1270,MTG,2017,2016-12-30,718,3471352851.8599997,1
777,SKT,2017,2016-12-30,719,3437358194.36,1
1066,OUT,2017,2016-12-30,720,3433109613.48,1
539,CIEN,2017,2016-12-30,721,3426669551.04,1
951,VTLE,2017,2016-12-30,722,3420858795.06,1
797,LFUS,2017,2016-12-30,723,3419701370.1000004,1
999,ZD,2017,2016-12-30,724,3416950018.5975003,1
1105,TXRH,2017,2016-12-30,725,3401953734.96,1
1358,ITT,2017,2016-12-30,726,3401874000.0,1
1183,BRKR,2017,2016-12-30,727,3397346638.32,1
1446,ENS,2017,2016-12-30,728,3388414344.7,1
1278,FNB,2017,2016-12-30,729,3373592848.5000005,1
1473,NBIX,2017,2016-12-30,730,3361919813.1000004,1
1210,MASI,2017,2016-12-30,731,3348269700.8,1
1419,CUZ,2017,2016-12-30,732,3347693312.68,1
885,OGS,2017,2016-12-30,733,3341607661.08,1
792,TEX,2017,2016-12-30,734,3339027000.0,1
322,FSLR,2017,2016-12-30,735,3334570287.9400005,1
10,MPWR,2017,2016-12-30,736,3332409104.01,1
763,MCY,2017,2016-12-30,737,3327862213.62,1
1348,CNO,2017,2016-12-30,738,3323481829.7499995,1
1339,SM,2017,2016-12-30,739,3322812395.12,1
582,URBN,2017,2016-12-30,740,3310338082.88,1
1194,SF,2017,2016-12-30,741,3309379208.1000004,1
910,SHO,2017,2016-12-30,742,3301763668.25,1
160,EPAM,2017,2016-12-30,743,3282120593.9900002,1
1243,FR,2017,2016-12-30,744,3279552368.4,1
1455,RYN,2017,2016-12-30,745,3268541579.8,1
745,BKH,2017,2016-12-30,746,3260086358.7000003,1
1389,FULT,2017,2016-12-30,747,3257494800.0,1
936,WKC,2017,2016-12-30,748,3234910419.9999995,1
1128,WCC,2017,2016-12-30,749,3231427954.15,1
1457,CAR,2017,2016-12-30,750,3223791298.28,1
1523,RHP,2017,2016-12-30,751,3213890832.44,1
1582,ALNY,2017,2016-12-30,752,3212871255.3599997,1
784,IART,2017,2016-12-30,753,3207342280.51,1
1263,PNFP,2017,2016-12-30,754,3200232627.9,1
1433,CLH,2017,2016-12-30,755,3193902252.45,1
1014,MKSI,2017,2016-12-30,756,3183407271.0,1
882,PBF,2017,2016-12-30,757,3176791144.44,1
1142,ALE,2017,2016-12-30,758,3175010713.0,1
1353,TDS,2017,2016-12-30,759,3174048000.86,1
689,VMI,2017,2016-12-30,760,3171805958.7000003,1
967,VLY,2017,2016-12-30,761,3167761572.6000004,1
929,MORN,2017,2016-12-30,762,3167419304.4,1
1025,PRI,2017,2016-12-30,763,3167168953.65,1
897,PZZA,2017,2016-12-30,764,3157001270.5,1
1060,MTZ,2017,2016-12-30,765,3151362458.25,1
979,BDC,2017,2016-12-30,766,3151137460.93,1
1347,CBT,2017,2016-12-30,767,3150299813.08,1
1126,CHH,2017,2016-12-30,768,3144236121.35,1
790,FDP,2017,2016-12-30,769,3140887008.9900002,1
1494,IDCC,2017,2016-12-30,770,3131785758.1499996,1
780,RRX,2017,2016-12-30,771,3099735190.75,1
648,TKR,2017,2016-12-30,772,3089245058.9,1
65,MOH,2017,2016-12-30,773,3083107460.0,1
1420,WAFD,2017,2016-12-30,774,3061859144.55,1
1041,NJR,2017,2016-12-30,775,3059200217.0,1
678,BLKB,2017,2016-12-30,776,3045235968.0,1
1081,TRN,2017,2016-12-30,777,3042942163.0448003,1
992,CACI,2017,2016-12-30,778,3030202429.1,1
1136,WOR,2017,2016-12-30,779,3020359777.4900002,1
1293,ESNT,2017,2016-12-30,780,3013810630.35,1
1018,CATY,2017,2016-12-30,781,3000189171.9500003,1
1412,PRA,2017,2016-12-30,782,2992425762.0,1
1250,YELP,2017,2016-12-30,783,2991581348.34,1
702,FFIN,2017,2016-12-30,784,2986060482.0,1
1239,EVR,2017,2016-12-30,785,2961445404.0,1
1192,HOPE,2017,2016-12-30,786,2960291720.21,1
530,CDP,2017,2016-12-30,787,2958459993.02,1
994,SR,2017,2016-12-30,788,2947108871.9,1
1249,HTH,2017,2016-12-30,789,2936463868.8,1
621,UNF,2017,2016-12-30,790,2913455862.2000003,1
709,BGS,2017,2016-12-30,791,2908596553.2,1
1252,CADE,2017,2016-12-30,792,2907897673.9500003,1
1507,ACHC,2017,2016-12-30,793,2896272541.1,1
1169,BDN,2017,2016-12-30,794,2891573947.6000004,1
988,FHI,2017,2016-12-30,795,2890815055.2400002,1
547,NTCT,2017,2016-12-30,796,2884531041.0,1
995,CXW,2017,2016-12-30,797,2875325809.14,1
1498,GHC,2017,2016-12-30,798,2873859482.25,1
690,VNOM,2017,2016-12-30,799,2856164832.0,1
559,BGC,2017,2016-12-30,800,2853116647.59,1
663,HCSG,2017,2016-12-30,801,2843232790.0,1
894,CAKE,2017,2016-12-30,802,2840113549.6800003,1
676,BXMT,2017,2016-12-30,803,2823969743.58,1
738,OI,2017,2016-12-30,804,2823849735.18,1
545,PBI,2017,2016-12-30,805,2821674242.87,1
693,SLGN,2017,2016-12-30,806,2817518266.44,1
934,GBCI,2017,2016-12-30,807,2772515314.4599996,1
915,RLI,2017,2016-12-30,808,2771845942.8900003,1
989,LOPE,2017,2016-12-30,809,2766630858.9500003,1
1445,OII,2017,2016-12-30,810,2766415709.33,1
1406,ENR,2017,2016-12-30,811,2762875338.5099998,1
685,AEO,2017,2016-12-30,812,2759108556.24,1
896,PBH,2017,2016-12-30,813,2757869110.8,1
646,ALGT,2017,2016-12-30,814,2753278028.8,1
1484,NWE,2017,2016-12-30,815,2748393000.54,1
1536,PEGA,2017,2016-12-30,816,2747803500.0,1
597,UE,2017,2016-12-30,817,2743953561.09,1
1333,CBU,2017,2016-12-30,818,2742285615.65,1
528,VC,2017,2016-12-30,819,2732590842.54,1
1233,TXNM,2017,2016-12-30,820,2732119303.2,1
1519,ESI,2017,2016-12-30,821,2731795477.4700003,1
599,DAN,2017,2016-12-30,822,2729762267.18,1
946,SLAB,2017,2016-12-30,823,2713605895.0,1
664,MTX,2017,2016-12-30,824,2698699858.5,1
562,GEO,2017,2016-12-30,825,2695219569.17,1
1007,SFM,2017,2016-12-30,826,2692868691.0400004,1
1413,LPX,2017,2016-12-30,827,2692328279.61,1
970,IBOC,2017,2016-12-30,828,2691324672.0,1
1369,SANM,2017,2016-12-30,829,2690879576.7,1
1154,AVNT,2017,2016-12-30,830,2684309758.2,1
809,BCPC,2017,2016-12-30,831,2662021872.2400002,1
1255,ORA,2017,2016-12-30,832,2661410415.58,1
703,LCII,2017,2016-12-30,833,2653286965.75,1
1410,OLED,2017,2016-12-30,834,2644360217.4,1
327,PAYC,2017,2016-12-30,835,2635151179.58,1
556,WLY,2017,2016-12-30,836,2633898944.5,1
636,WOLF,2017,2016-12-30,837,2631190618.42,1
667,MSA,2017,2016-12-30,838,2606153940.7799997,1
1384,VRE,2017,2016-12-30,839,2602759399.4,1
812,CHE,2017,2016-12-30,840,2602480130.07,1
106,GNRC,2017,2016-12-30,841,2600733313.08,1
1490,COLB,2017,2016-12-30,842,2593325808.7599998,1
816,GME,2017,2016-12-30,843,2573351840.28,1
1429,AVA,2017,2016-12-30,844,2566734116.01,1
671,MTDR,2017,2016-12-30,845,2563204879.2000003,1
1394,LXP,2017,2016-12-30,846,2560588858.8,1
1578,INDV,2017,2016-12-30,847,2558121359.2999997,1
691,PSMT,2017,2016-12-30,848,2538937155.5,1
1153,ENTG,2017,2016-12-30,849,2530018613.7999997,1
1164,DORM,2017,2016-12-30,850,2528865743.82,1
1481,DY,2017,2016-12-30,851,2526398235.0600004,1
555,CMC,2017,2016-12-30,852,2516544944.1,1
1388,AMKR,2017,2016-12-30,853,2507682039.0,1
1160,JBTM,2017,2016-12-30,854,2506030999.65,1
1177,NEOG,2017,2016-12-30,855,2505380279.8404,1
1100,KMT,2017,2016-12-30,856,2498734808.1,1
765,CHDN,2017,2016-12-30,857,2498624692.1106,1
1432,JJSF,2017,2016-12-30,858,2494577124.82,1
903,HNI,2017,2016-12-30,859,2491089210.0,1
1188,SIGI,2017,2016-12-30,860,2490714619.0499997,1
710,MTSI,2017,2016-12-30,861,2484752374.0,1
1222,TWO,2017,2016-12-30,862,2482767133.6989,1
759,PFGC,2017,2016-12-30,863,2481415176.0,1
1418,CVBF,2017,2016-12-30,864,2479558319.49,1
1101,MATW,2017,2016-12-30,865,2478570887.85,1
972,TTEK,2017,2016-12-30,866,2462173649.45,1
865,EAT,2017,2016-12-30,867,2459477133.36,1
895,GATX,2017,2016-12-30,868,2457042000.0,1
889,ONB,2017,2016-12-30,869,2449977750.0,1
1162,HI,2017,2016-12-30,870,2440594268.4500003,1
807,ELME,2017,2016-12-30,871,2438007450.8999996,1
1115,LAD,2017,2016-12-30,872,2437596677.06,1
824,FUL,2017,2016-12-30,873,2432069073.94,1
1122,EGP,2017,2016-12-30,874,2429636085.76,1
891,TRMK,2017,2016-12-30,875,2410912246.7999997,1
1334,UNFI,2017,2016-12-30,876,2409985933.08,1
687,ICUI,2017,2016-12-30,877,2406271325.85,1
1324,HQY,2017,2016-12-30,878,2405588928.8,1
1207,ITRI,2017,2016-12-30,879,2404551501.6,1
828,KW,2017,2016-12-30,880,2392813812.5,1
778,ODP,2017,2016-12-30,881,2388291684.3199997,1
674,KBR,2017,2016-12-30,882,2381131607.09,1
987,FIZZ,2017,2016-12-30,883,2378399730.0,1
1175,GMED,2017,2016-12-30,884,2377421425.68,1
1091,MUSA,2017,2016-12-30,885,2372713785.27,1
1062,PLAY,2017,2016-12-30,886,2367480251.7,1
1479,VSH,2017,2016-12-30,887,2364790723.2,1
728,HELE,2017,2016-12-30,888,2354020104.0,1
209,TPL,2017,2016-12-30,889,2353315259.7539997,1
1477,ASGN,2017,2016-12-30,890,2337703042.56,1
942,CVLT,2017,2016-12-30,891,2328068321.2,1
971,LITE,2017,2016-12-30,892,2322486345.95,1
644,AIT,2017,2016-12-30,893,2316988119.6,1
626,DRH,2017,2016-12-30,894,2309639398.3799996,1
1514,AWI,2017,2016-12-30,895,2306778687.3999996,1
746,TMHC,2017,2016-12-30,896,2300050848.2400002,1
1387,MLI,2017,2016-12-30,897,2292852652.2000003,1
767,VAC,2017,2016-12-30,898,2290719377.7,1
541,FCFS,2017,2016-12-30,899,2279845121.0,1
876,CFFN,2017,2016-12-30,900,2269810001.32,1
1268,ABM,2017,2016-12-30,901,2268895563.96,1
1116,BYD,2017,2016-12-30,902,2268813978.6000004,1
1045,KMPR,2017,2016-12-30,903,2267585473.2999997,1
1515,MGEE,2017,2016-12-30,904,2263844561.0,1
1104,PSTG,2017,2016-12-30,905,2260589190.6,1
1167,INVX,2017,2016-12-30,906,2256762529.5499997,1
145,MSTR,2017,2016-12-30,907,2256504469.8,1
881,WTS,2017,2016-12-30,908,2231727800.8,1
1063,VIRT,2017,2016-12-30,909,2213480071.0,1
1096,APAM,2017,2016-12-30,910,2213479997.75,1
1211,RBC,2017,2016-12-30,911,2204685401.06,1
1024,CVI,2017,2016-12-30,912,2204640359.5,1
1019,DNOW,2017,2016-12-30,913,2199991797.44,1
537,ALEX,2017,2016-12-30,914,2199516092.7599998,1
867,FIVE,2017,2016-12-30,915,2193119884.8,1
600,PLNT,2017,2016-12-30,916,2185189228.2000003,1
1505,GVA,2017,2016-12-30,917,2178199760.0,1
1355,AEIS,2017,2016-12-30,918,2172959172.0,1
1076,OMI,2017,2016-12-30,919,2170660338.5099998,1
1171,SHOO,2017,2016-12-30,920,2167334133.25,1
1201,LIVN,2017,2016-12-30,921,2165606349.2999997,1
1405,WWW,2017,2016-12-30,922,2165596065.35,1
449,PODD,2017,2016-12-30,923,2163814392.96,1
1520,MWA,2017,2016-12-30,924,2157093894.67,1
598,MOGa,2017,2016-12-30,925,2145225513.3600001,1
631,CALM,2017,2016-12-30,926,2143801838.7749999,1
734,PEB,2017,2016-12-30,927,2143749151.25,1
871,NYT,2017,2016-12-30,928,2142459560.5,1
639,SAM,2017,2016-12-30,929,2132490868.7,1
1216,ACIW,2017,2016-12-30,930,2128799433.7499998,1
985,DAR,2017,2016-12-30,931,2125044843.78,1
1365,LGND,2017,2016-12-30,932,2123668204.29,1
557,SSB,2017,2016-12-30,933,2116724868.0000002,1
583,UCB,2017,2016-12-30,934,2098983682.6000001,1
1478,SSD,2017,2016-12-30,935,2080173462.5,1
1437,RAMP,2017,2016-12-30,936,2079641193.6000001,1
1165,UFPI,2017,2016-12-30,937,2077415347.0200002,1
1491,HAE,2017,2016-12-30,938,2076639298.8000002,1
1504,XHR,2017,2016-12-30,939,2075857942.9600003,1
1017,HLI,2017,2016-12-30,940,2075482021.04,1
1558,HL,2017,2016-12-30,941,2071303225.0,1
826,SMTC,2017,2016-12-30,942,2070842081.15,1
615,BCO,2017,2016-12-30,943,2057844566.25,1
1095,MLKN,2017,2016-12-30,944,2052076573.8000002,1
764,EGBN,2017,2016-12-30,945,2049913674.5,1
1283,PEN,2017,2016-12-30,946,2018878459.3999999,1
761,POWI,2017,2016-12-30,947,1977130884.05,1
860,SFBS,2017,2016-12-30,948,1969751946.2399998,1
665,AAT,2017,2016-12-30,949,1966213418.3999999,1
1057,KRG,2017,2016-12-30,950,1961659751.28,1
1356,NXST,2017,2016-12-30,951,1943617258.1999998,1
1244,SFNC,2017,2016-12-30,952,1943462942.3,1
1073,WERN,2017,2016-12-30,953,1942049609.5,1
1447,ZWS,2017,2016-12-30,954,1939392311.3992002,1
1050,CLF,2017,2016-12-30,955,1939344704.8600001,1
817,PRG,2017,2016-12-30,956,1936308541.275,1
1409,BRC,2017,2016-12-30,957,1910764756.4499998,1
947,FCN,2017,2016-12-30,958,1910310305.3999999,1
1568,FIBK,2017,2016-12-30,959,1909643914.8999999,1
652,BLMN,2017,2016-12-30,960,1900198395.7800002,1
1094,GNW,2017,2016-12-30,961,1898789296.14,1
1462,TREX,2017,2016-12-30,962,1893001227.6000001,1
1248,SKYW,2017,2016-12-30,963,1885985839.8000002,1
715,VIAV,2017,2016-12-30,964,1882427759.74,1
1048,CCOI,2017,2016-12-30,965,1880855279.7,1
1302,PFS,2017,2016-12-30,966,1878482429.3,1
1407,BANR,2017,2016-12-30,967,1870360641.6200001,1
1317,SYNA,2017,2016-12-30,968,1869928926.48,1
771,RNST,2017,2016-12-30,969,1861279888.3,1
1022,INDB,2017,2016-12-30,970,1854891083.25,1
800,MNRO,2017,2016-12-30,971,1847570467.6000001,1
884,AMN,2017,2016-12-30,972,1847500429.7,1
1168,COHR,2017,2016-12-30,973,1846577271.8999999,1
699,LTC,2017,2016-12-30,974,1842634573.3799999,1
829,TPH,2017,2016-12-30,975,1837542503.44,1
1468,PRK,2017,2016-12-30,976,1835671512.48,1
603,NWBI,2017,2016-12-30,977,1826490475.65,1
836,SCL,2017,2016-12-30,978,1825523711.76,1
981,PLXS,2017,2016-12-30,979,1815333728.32,1
612,PRAA,2017,2016-12-30,980,1812127818.0,1
1465,NBTB,2017,2016-12-30,981,1807559855.4,1
606,AX,2017,2016-12-30,982,1807197184.8,1
604,STAG,2017,2016-12-30,983,1804296683.42,1
1121,FELE,2017,2016-12-30,984,1801283638.8,1
692,BOX,2017,2016-12-30,985,1796962998.6,1
276,DECK,2017,2016-12-30,986,1777185593.7876,1
1040,FFBC,2017,2016-12-30,987,1762643107.45,1
605,NWN,2017,2016-12-30,988,1761095408.8,1
982,PATK,2017,2016-12-30,989,1754978565.6485999,1
918,MC,2017,2016-12-30,990,1753525604.1,1
1374,SEM,2017,2016-12-30,991,1753362165.0,1
926,AAON,2017,2016-12-30,992,1743560681.9999998,1
789,AAMI,2017,2016-12-30,993,1742287592.5,1
640,ATI,2017,2016-12-30,994,1735210933.2,1
548,AVNS,2017,2016-12-30,995,1726011287.34,1
1453,OLLI,2017,2016-12-30,996,1724368355.1499999,1
1503,HMN,2017,2016-12-30,997,1720888404.3999999,1
1003,KWR,2017,2016-12-30,998,1696109024.04,1
1397,HTLD,2017,2016-12-30,999,1695710920.76,1
787,EXLS,2017,2016-12-30,1000,1690103722.84,1
397,AAPL,2018,2017-12-29,1,868879619760.0,1
32,MSFT,2018,2017-12-29,2,659906045280.3,1
202,AMZN,2018,2017-12-29,3,563535052497.25,1
282,META,2018,2017-12-29,4,512759011672.08,1
228,JNJ,2018,2017-12-29,5,375360581386.0,1
216,JPM,2018,2017-12-29,6,371052453204.38,1
177,GOOG,2018,2017-12-29,7,365694982560.00006,1
102,GOOGL,2018,2017-12-29,8,363763207117.4,1
428,XOM,2018,2017-12-29,9,354391552280.28,1
51,BAC,2018,2017-12-29,10,307911715686.0,1
496,WFC,2018,2017-12-29,11,298754942110.83,1
288,WMT,2018,2017-12-29,12,292535463931.89453,1
283,BRKb,2018,2017-12-29,13,264998788336.26,1
85,V,2018,2017-12-29,14,258391715808.4,1
385,T,2018,2017-12-29,15,238684933900.0,1
12,CVX,2018,2017-12-29,16,237782622046.32,1
35,PG,2018,2017-12-29,17,233095708390.4,1
473,HD,2018,2017-12-29,18,221323395759.07,1
278,INTC,2018,2017-12-29,19,216028799999.99997,1
337,VZ,2018,2017-12-29,20,215924803449.48,1
174,PFE,2018,2017-12-29,21,215896819021.74,1
17,UNH,2018,2017-12-29,22,213640609806.54,1
187,C,2018,2017-12-29,23,196740188745.59,1
419,ORCL,2018,2017-12-29,24,195720382560.0,1
169,KO,2018,2017-12-29,25,195479416458.08002,1
64,CSCO,2018,2017-12-29,26,189340727349.19998,1
360,CMCSA,2018,2017-12-29,27,187184561791.5,1
218,BA,2018,2017-12-29,28,175642062217.93002,1
126,PEP,2018,2017-12-29,29,170543431371.44,1
60,DD,2018,2017-12-29,30,166653638390.36783,1
239,PM,2018,2017-12-29,31,164095853316.55002,1
42,DIS,2018,2017-12-29,32,162373663976.94,1
461,MA,2018,2017-12-29,33,160239328096.32,1
269,ABBV,2018,2017-12-29,34,154390720155.4,1
289,MRK,2018,2017-12-29,35,153303788261.7665,1
511,GE,2018,2017-12-29,36,151327016041.5,1
460,IBM,2018,2017-12-29,37,142034913212.75998,1
150,MMM,2018,2017-12-29,38,140188280379.96,1
144,MCD,2018,2017-12-29,39,137211583406.56,1
232,MO,2018,2017-12-29,40,136263824905.98,1
125,AMGN,2018,2017-12-29,41,126235848992.5,1
78,NVDA,2018,2017-12-29,42,117261000000.0,1
268,MDT,2018,2017-12-29,43,109294963500.0,1
295,UNP,2018,2017-12-29,44,105559338091.5,1
211,AVGO,2018,2017-12-29,45,105165219827.49998,1
381,HON,2018,2017-12-29,46,104846246263.836,1
57,TXN,2018,2017-12-29,47,102931948124.04,1
213,UPS,2018,2017-12-29,48,102675291901.45001,1
296,NKE,2018,2017-12-29,49,102051479172.59999,1
167,BMY,2018,2017-12-29,50,100296957370.88,1
384,ABT,2018,2017-12-29,51,99336081207.09,1
234,ACN,2018,2017-12-29,52,98381727900.54001,1
273,GS,2018,2017-12-29,53,96095848790.04,1
346,RTX,2018,2017-12-29,54,95477578753.7047,1
110,MS,2018,2017-12-29,55,94860468977.67,1
421,KHC,2018,2017-12-29,56,94748058927.36,1
471,QCOM,2018,2017-12-29,57,94376020188.78,1
71,CAT,2018,2017-12-29,58,93749633851.56001,1
297,GILD,2018,2017-12-29,59,93581110873.44,1
351,SLB,2018,2017-12-29,60,93352785289.1,1
404,CHTR,2018,2017-12-29,61,93033120317.87999,1
480,LLY,2018,2017-12-29,62,92998459291.06,1
97,LMT,2018,2017-12-29,63,92056008810.05,1
25,USB,2018,2017-12-29,64,88915536674.28,1
89,PYPL,2018,2017-12-29,65,88484637316.68001,1
193,AZN,2018,2017-12-29,66,87856847969.20001,1
402,ADBE,2018,2017-12-29,67,86383333773.36,1
400,AXP,2018,2017-12-29,68,86200707587.5,1
217,BKNG,2018,2017-12-29,69,84748790866.04,1
141,NFLX,2018,2017-12-29,70,83067067714.8,1
119,BLK,2018,2017-12-29,71,82364234427.31001,1
512,COST,2018,2017-12-29,72,81741055991.76,1
134,SBUX,2018,2017-12-29,73,81711404000.0,1
62,LOW,2018,2017-12-29,74,77117949885.18,1
370,TMO,2018,2017-12-29,75,76140998387.16,1
259,ASML,2018,2017-12-29,76,74732384946.23999,1
82,CRM,2018,2017-12-29,77,73840729000.0,1
206,NEE,2018,2017-12-29,78,73471398176.39,1
504,CVS,2018,2017-12-29,79,73441950812.5,1
139,WBA,2018,2017-12-29,80,71919633185.22,1
491,SCHW,2018,2017-12-29,81,68865408435.12,1
328,PNC,2018,2017-12-29,82,68653337977.49,1
61,CB,2018,2017-12-29,83,67836758814.18,1
353,BIIB,2018,2017-12-29,84,67370207501.52,1
323,FDX,2018,2017-12-29,85,66849176523.42,1
454,CL,2018,2017-12-29,86,66253039075.350006,1
58,COP,2018,2017-12-29,87,65621863579.36,1
405,DHR,2018,2017-12-29,88,64566079954.74,1
77,MDLZ,2018,2017-12-29,89,63959831994.399994,1
196,EOG,2018,2017-12-29,90,62395637109.299995,1
45,AMT,2018,2017-12-29,91,61184939163.92,1
420,GD,2018,2017-12-29,92,60746687546.35,1
197,DUK,2018,2017-12-29,93,58872826714.13,1
22,GM,2018,2017-12-29,94,58222505884.4,1
28,SYK,2018,2017-12-29,95,57946954784.04,1
388,ELV,2018,2017-12-29,96,57773684830.21,1
53,ITW,2018,2017-12-29,97,57162640647.25,1
156,OXY,2018,2017-12-29,98,56367972260.02,1
26,BK,2018,2017-12-29,99,55153843932.58,1
158,SPG,2018,2017-12-29,100,54949108452.36,1
9,LVS,2018,2017-12-29,101,54930455894.899994,1
261,AMAT,2018,2017-12-29,102,54000137299.68,1
265,AIG,2018,2017-12-29,103,53559999324.18,1
407,NOC,2018,2017-12-29,104,53426439187.020004,1
287,MET,2018,2017-12-29,105,53204251141.76,1
188,TMUS,2018,2017-12-29,106,52838039863.979996,1
123,TSLA,2018,2017-12-29,107,52327867466.9475,1
100,D,2018,2017-12-29,108,52164523075.14,1
203,ADP,2018,2017-12-29,109,51972561458.7,1
74,PSX,2018,2017-12-29,110,51256800260.05,1
230,DE,2018,2017-12-29,111,50592971068.649994,1
201,CI,2018,2017-12-29,112,50071779791.54,1
7,CME,2018,2017-12-29,113,49699552835.9,1
447,F,2018,2017-12-29,114,49614054378.08,1
458,MAR,2018,2017-12-29,115,49484617541.59,1
494,CSX,2018,2017-12-29,116,49163885540.446594,1
365,BDX,2018,2017-12-29,117,49107012011.5794,1
80,PRU,2018,2017-12-29,118,48751520000.0,1
434,TJX,2018,2017-12-29,119,48345849532.299995,1
518,COF,2018,2017-12-29,120,48270825643.56,1
343,SO,2018,2017-12-29,121,48264455660.19,1
371,MU,2018,2017-12-29,122,47547671648.64,1
178,EL,2018,2017-12-29,123,46854491403.28,1
487,CCI,2018,2017-12-29,124,45100597851.91,1
219,EMR,2018,2017-12-29,125,44728424510.22,1
311,LIN,2018,2017-12-29,126,44285710145.880005,1
363,LYB,2018,2017-12-29,127,43516858310.24,1
445,SPGI,2018,2017-12-29,128,43197000000.0,1
47,HAL,2018,2017-12-29,129,42641073929.61,1
304,KMB,2018,2017-12-29,130,42443035214.7,1
130,CTSH,2018,2017-12-29,131,41876633068.72,1
246,NSC,2018,2017-12-29,132,41462956193.4,1
251,ICE,2018,2017-12-29,133,41279446978.56,1
379,ISRG,2018,2017-12-29,134,40890782088.9744,1
475,REGN,2018,2017-12-29,135,40392997279.439995,1
275,KMI,2018,2017-12-29,136,40354639102.18,1
118,INTU,2018,2017-12-29,137,40336425444.0,1
433,VLO,2018,2017-12-29,138,40218102521.869995,1
506,DAL,2018,2017-12-29,139,39926495784.0,1
456,NXPI,2018,2017-12-29,140,39697002443.43,1
313,EBAY,2018,2017-12-29,141,39422114861.340004,1
171,STZ,2018,2017-12-29,142,39376788636.39,1
190,TFC,2018,2017-12-29,143,39225154705.44,1
103,LUV,2018,2017-12-29,144,38837222347.0,1
389,ECL,2018,2017-12-29,145,38766521444.9,1
362,BX,2018,2017-12-29,146,38449273962.36,1
33,SHW,2018,2017-12-29,147,38344483522.2064,1
344,VRTX,2018,2017-12-29,148,37900020801.28001,1
408,EXC,2018,2017-12-29,149,37867099875.6827,1
255,ALL,2018,2017-12-29,150,37572664282.11,1
367,WM,2018,2017-12-29,151,37472854521.7,1
514,TRV,2018,2017-12-29,152,37124108620.64,1
157,PSA,2018,2017-12-29,153,36374614771.0,1
417,BKR,2018,2017-12-29,154,36236874510.2,1
390,STT,2018,2017-12-29,155,36197368334.8,1
306,AEP,2018,2017-12-29,156,36187897566.59,1
315,APD,2018,2017-12-29,157,35903523550.72,1
267,MNST,2018,2017-12-29,158,35693237257.0,1
93,TGT,2018,2017-12-29,159,35468115347.25,1
92,EQIX,2018,2017-12-29,160,35457076154.340004,1
485,HUM,2018,2017-12-29,161,35439304014.72,1
307,CCL,2018,2017-12-29,162,35417488951.03,1
237,JCI,2018,2017-12-29,163,35268328307.32,1
482,BAX,2018,2017-12-29,164,35217935502.72,1
380,ZTS,2018,2017-12-29,165,35104245169.8,1
406,ETN,2018,2017-12-29,166,34811806000.0,1
220,HPQ,2018,2017-12-29,167,34566248410.87,1
333,AFL,2018,2017-12-29,168,34510673643.6,1
321,PLD,2018,2017-12-29,169,34324609820.000004,1
40,BSX,2018,2017-12-29,170,34041516866.43,1
212,GIS,2018,2017-12-29,171,33738606249.81,1
142,AON,2018,2017-12-29,172,33486293408.0,1
382,TEL,2018,2017-12-29,173,33419599868.160004,1
1451,IAC,2018,2017-12-29,174,33400472538.896797,1
129,ADI,2018,2017-12-29,175,32819644205.64,1
138,PGR,2018,2017-12-29,176,32757627386.88,1
516,MCK,2018,2017-12-29,177,32511591881.05,1
286,EA,2018,2017-12-29,178,32350648092.18,1
281,MPC,2018,2017-12-29,179,32225434976.600002,1
840,ILMN,2018,2017-12-29,180,31899540000.0,1
352,SYY,2018,2017-12-29,181,31643750313.6,1
30,FIS,2018,2017-12-29,182,31413691963.59,1
116,HCA,2018,2017-12-29,183,31099971600.0,1
464,ROST,2018,2017-12-29,184,30667216259.25,1
1579,CRH,2018,2017-12-29,185,30276067771.890003,1
88,SYF,2018,2017-12-29,186,30215860479.09,1
243,MTCH,2018,2017-12-29,187,29950013434.4016,1
501,LRCX,2018,2017-12-29,188,29809445869.36,1
161,TSN,2018,2017-12-29,189,29782593318.059998,1
154,PPG,2018,2017-12-29,190,29727877792.14,1
186,CMI,2018,2017-12-29,191,29316504145.92,1
749,VFC,2018,2017-12-29,192,29240991887.092697,1
1541,TRI,2018,2017-12-29,193,29172633577.462498,1
272,MCO,2018,2017-12-29,194,28193510000.000004,1
132,DFS,2018,2017-12-29,195,27951237982.68,1
330,GLW,2018,2017-12-29,196,27801147377.64,1
210,YUM,2018,2017-12-29,197,27502053735.14,1
55,FCX,2018,2017-12-29,198,27446319065.280003,1
535,DXC,2018,2017-12-29,199,27072003900.5,1
122,SRE,2018,2017-12-29,200,26875205592.84,1
168,APH,2018,2017-12-29,201,26808772628.8,1
386,WY,2018,2017-12-29,202,26615285243.42,1
240,PH,2018,2017-12-29,203,26589256456.06,1
442,ROP,2018,2017-12-29,204,26511805656.0,1
3,ED,2018,2017-12-29,205,26340344305.15,1
444,PEG,2018,2017-12-29,206,26060997736.5,1
258,SWK,2018,2017-12-29,207,26022248954.86,1
31,MTB,2018,2017-12-29,208,25736622603.33,1
1,HLT,2018,2017-12-29,209,25551320720.64,1
292,RCL,2018,2017-12-29,210,25536529956.0,1
443,DLTR,2018,2017-12-29,211,25442827131.96,1
37,TROW,2018,2017-12-29,212,25425592077.480003,1
318,DG,2018,2017-12-29,213,25258130156.97,1
36,WMB,2018,2017-12-29,214,25207502279.01,1
279,ROK,2018,2017-12-29,215,25177795173.3,1
290,FTV,2018,2017-12-29,216,25118643362.153202,1
373,AMP,2018,2017-12-29,217,25069698964.17,1
391,PCAR,2018,2017-12-29,218,24992486400.0175,1
1238,AAL,2018,2017-12-29,219,24896306768.190002,1
469,AVB,2018,2017-12-29,220,24635416397.19,1
152,PAYX,2018,2017-12-29,221,24440354886.96,1
326,ZBH,2018,2017-12-29,222,24432426080.920002,1
2,XEL,2018,2017-12-29,223,24428472204.91,1
1145,IBKR,2018,2017-12-29,224,24376945583.85,1
180,KR,2018,2017-12-29,225,24193381245.3,1
70,BEN,2018,2017-12-29,226,23957663224.39,1
153,IP,2018,2017-12-29,227,23924300488.42,1
430,HSY,2018,2017-12-29,228,23916034399.960003,1
393,EW,2018,2017-12-29,229,23851677914.609997,1
342,WELL,2018,2017-12-29,230,23617655367.95,1
412,WDC,2018,2017-12-29,231,23523909729.54,1
271,EQR,2018,2017-12-29,232,23434504803.22,1
16,DLR,2018,2017-12-29,233,23399908723.0,1
499,ADSK,2018,2017-12-29,234,23090570950.26,1
98,PCG,2018,2017-12-29,235,23061574392.98,1
52,HPE,2018,2017-12-29,236,22799330801.16,1
493,NTRS,2018,2017-12-29,237,22717096475.920002,1
164,VTRS,2018,2017-12-29,238,22696620826.13,1
14,RSG,2018,2017-12-29,239,22596919661.98,1
484,APTV,2018,2017-12-29,240,22551189725.02,1
253,NOW,2018,2017-12-29,241,22518352999.999996,1
431,ADM,2018,2017-12-29,242,22414752504.96,1
266,TT,2018,2017-12-29,243,22285714879.35,1
27,K,2018,2017-12-29,244,22036867254.3088,1
6,DVN,2018,2017-12-29,245,21756324353.399998,1
452,KEY,2018,2017-12-29,246,21690811041.350002,1
256,A,2018,2017-12-29,247,21632517268.19,1
155,FITB,2018,2017-12-29,248,21407335671.12,1
361,VTR,2018,2017-12-29,249,21373392578.489998,1
334,WDAY,2018,2017-12-29,250,21365400000.0,1
107,PPL,2018,2017-12-29,251,21307970580.2,1
335,WEC,2018,2017-12-29,252,20963684583.660004,1
185,CFG,2018,2017-12-29,253,20653799097.94,1
468,EIX,2018,2017-12-29,254,20604300667.440002,1
23,MCHP,2018,2017-12-29,255,20555605409.559998,1
133,MHK,2018,2017-12-29,256,20509903034.3,1
105,OKE,2018,2017-12-29,257,20494690920.15,1
224,ORLY,2018,2017-12-29,258,20452664269.6164,1
492,PFG,2018,2017-12-29,259,20374530855.84,1
438,IQV,2018,2017-12-29,260,20362012473.0,1
38,NUE,2018,2017-12-29,261,20213142132.92,1
274,HIG,2018,2017-12-29,262,20076127479.24,1
84,BXP,2018,2017-12-29,263,20066524247.98,1
39,RF,2018,2017-12-29,264,20044307399.04,1
341,COR,2018,2017-12-29,265,20024293922.82,1
83,ES,2018,2017-12-29,266,20020845349.44,1
4,BBY,2018,2017-12-29,267,20015595249.59,1
319,NEM,2018,2017-12-29,268,20010784354.4,1
305,INCY,2018,2017-12-29,269,19987343535.39,1
13,UAL,2018,2017-12-29,270,19967414119.0,1
418,WTW,2018,2017-12-29,271,19896929635.11,1
309,DTE,2018,2017-12-29,272,19636042766.531403,1
299,AZO,2018,2017-12-29,273,19458114280.55,1
147,CCEP,2018,2017-12-29,274,19310116731.600002,1
364,CAH,2018,2017-12-29,275,19275765084.07,1
263,HRL,2018,2017-12-29,276,19271598368.34,1
477,DHI,2018,2017-12-29,277,19202468562.63,1
345,SBAC,2018,2017-12-29,278,19201771878.08,1
320,CLX,2018,2017-12-29,279,19178320075.74,1
262,MGM,2018,2017-12-29,280,18903356000.55,1
226,EXPE,2018,2017-12-29,281,18264326389.54,1
1046,LUMN,2018,2017-12-29,282,17830975594.44,1
414,ALGN,2018,2017-12-29,283,17814684051.76,1
495,KDP,2018,2017-12-29,284,17523353622.3,1
252,CNC,2018,2017-12-29,285,17408511647.28,1
151,GEN,2018,2017-12-29,286,17396696631.66,1
49,SWKS,2018,2017-12-29,287,17393851570.5,1
257,WYNN,2018,2017-12-29,288,17328108924.37,1
20,CPAY,2018,2017-12-29,289,17271360103.27,1
490,KKR,2018,2017-12-29,290,17243652619.44,1
264,ANET,2018,2017-12-29,291,17221049713.52,1
886,BBWI,2018,2017-12-29,292,16998008958.94,1
181,VMC,2018,2017-12-29,293,16980141108.150002,1
476,LHX,2018,2017-12-29,294,16884757907.5,1
466,L,2018,2017-12-29,295,16841656534.56,1
954,LNC,2018,2017-12-29,296,16821418207.230001,1
182,OMC,2018,2017-12-29,297,16789693700.63,1
113,AME,2018,2017-12-29,298,16749063846.35,1
44,CTAS,2018,2017-12-29,299,16565412314.550001,1
115,KLAC,2018,2017-12-29,300,16485176720.949999,1
1583,FER,2018,2017-12-29,301,16457595016.5,1
176,AWK,2018,2017-12-29,302,16319565346.0,1
401,DELL,2018,2017-12-29,303,16192426394.295002,1
472,APA,2018,2017-12-29,304,16083397796.38,1
451,O,2018,2017-12-29,305,16067404306.28,1
479,TAP,2018,2017-12-29,306,16023613609.569998,1
208,GPN,2018,2017-12-29,307,15952437283.439999,1
301,ESS,2018,2017-12-29,308,15939357689.73,1
1474,CNH,2018,2017-12-29,309,15903604480.936901,1
303,MTD,2018,2017-12-29,310,15846778900.48,1
121,VRSK,2018,2017-12-29,311,15810423552.0,1
72,HBAN,2018,2017-12-29,312,15738578346.4,1
41,DOV,2018,2017-12-29,313,15722140799.729,1
510,FAST,2018,2017-12-29,314,15717379554.06,1
1072,BMRN,2018,2017-12-29,315,15660149270.09,1
244,WAT,2018,2017-12-29,316,15364983361.039999,1
1395,NWL,2018,2017-12-29,317,15144090000.0,1
260,EQT,2018,2017-12-29,318,15124823421.66,1
845,XRAY,2018,2017-12-29,319,15120025767.81,1
579,CMA,2018,2017-12-29,320,15097564448.78,1
308,CAG,2018,2017-12-29,321,15092894144.16,1
439,HES,2018,2017-12-29,322,15083783519.279999,1
944,COTY,2018,2017-12-29,323,14907387168.18,1
205,TXT,2018,2017-12-29,324,14906957493.320002,1
340,IVZ,2018,2017-12-29,325,14874649486.199999,1
1342,VNO,2018,2017-12-29,326,14844651016.62,1
394,BFb,2018,2017-12-29,327,14783044671.36,1
236,NTAP,2018,2017-12-29,328,14758921878.12,1
245,CBRE,2018,2017-12-29,329,14701975266.78,1
198,HST,2018,2017-12-29,330,14690750611.2,1
312,ETR,2018,2017-12-29,331,14670662015.73,1
191,MSI,2018,2017-12-29,332,14635062112.68,1
1550,FTI,2018,2017-12-29,333,14565695950.39,1
207,URI,2018,2017-12-29,334,14539217594.99,1
338,CE,2018,2017-12-29,335,14523943784.56,1
500,CPB,2018,2017-12-29,336,14462202529.45,1
69,AEE,2018,2017-12-29,337,14313026734.02,1
425,TDG,2018,2017-12-29,338,14269173363.24,1
378,EFX,2018,2017-12-29,339,14159760017.92,1
68,CBOE,2018,2017-12-29,340,14135710292.16,1
325,ALB,2018,2017-12-29,341,14131288806.39,1
95,SJM,2018,2017-12-29,342,14113360108.96,1
515,LH,2018,2017-12-29,343,14036048845.7106,1
117,GPC,2018,2017-12-29,344,13929748254.960001,1
403,MELI,2018,2017-12-29,345,13894556156.240002,1
59,MLM,2018,2017-12-29,346,13894475153.039999,1
46,MAS,2018,2017-12-29,347,13821998930.48,1
1107,NLY,2018,2017-12-29,348,13786966591.03,1
1098,WLK,2018,2017-12-29,349,13753816328.91,1
1241,NOV,2018,2017-12-29,350,13688760240.220001,1
120,ULTA,2018,2017-12-29,351,13641557500.08,1
162,IDXX,2018,2017-12-29,352,13639262338.94,1
109,FE,2018,2017-12-29,353,13621552051.86,1
1540,XYZ,2018,2017-12-29,354,13471640148.140001,1
233,GWW,2018,2017-12-29,355,13462278165.0,1
277,DGX,2018,2017-12-29,356,13424132042.58,1
298,CMS,2018,2017-12-29,357,13342553570.5,1
163,PANW,2018,2017-12-29,358,13318367194.7284,1
67,EMN,2018,2017-12-29,359,13315554723.36,1
396,BALL,2018,2017-12-29,360,13249606163.25,1
572,GAP,2018,2017-12-29,361,13244471906.380001,1
19,DVA,2018,2017-12-29,362,13243425000.0,1
424,CTRA,2018,2017-12-29,363,13227740640.400002,1
189,NVR,2018,2017-12-29,364,13120244632.759998,1
366,RJF,2018,2017-12-29,365,12987241286.9,1
1197,OVV,2018,2017-12-29,366,12970383753.210001,1
1163,ALLY,2018,2017-12-29,367,12894140989.8,1
101,PNR,2018,2017-12-29,368,12824407752.42,1
221,LEN,2018,2017-12-29,369,12803323549.1966,1
204,NDAQ,2018,2017-12-29,370,12771164554.59,1
183,FMC,2018,2017-12-29,371,12709220284.119999,1
509,SNPS,2018,2017-12-29,372,12676352548.88,1
508,JBHT,2018,2017-12-29,373,12619272887.1,1
194,TPR,2018,2017-12-29,374,12577916732.509998,1
94,LKQ,2018,2017-12-29,375,12568826027.87,1
387,CHD,2018,2017-12-29,376,12538754408.140001,1
90,ANSS,2018,2017-12-29,377,12524557210.07,1
222,TTWO,2018,2017-12-29,378,12520746793.06,1
398,ARE,2018,2017-12-29,379,12499790897.34,1
1582,ALNY,2018,2017-12-29,380,12492929664.6,1
422,CHRW,2018,2017-12-29,381,12419617998.82,1
81,FANG,2018,2017-12-29,382,12393620236.25,1
455,MKC,2018,2017-12-29,383,12341089842.48,1
1232,UNM,2018,2017-12-29,384,12316716820.76,1
377,CINF,2018,2017-12-29,385,12300460971.75,1
1214,PRGO,2018,2017-12-29,386,12275677242.359999,1
34,XYL,2018,2017-12-29,387,12248719863.6,1
300,DOC,2018,2017-12-29,388,12234348349.92,1
426,CNP,2018,2017-12-29,389,12224110315.24,1
241,NCLH,2018,2017-12-29,390,12165704272.5,1
683,WHR,2018,2017-12-29,391,12118940399.679998,1
317,STX,2018,2017-12-29,392,12105089387.2,1
437,IFF,2018,2017-12-29,393,12052704082.380001,1
79,RMD,2018,2017-12-29,394,12017841968.52,1
1337,LEA,2018,2017-12-29,395,11935278915.119999,1
131,ACGL,2018,2017-12-29,396,11879448245.8824,1
148,DRI,2018,2017-12-29,397,11861717108.34,1
483,CDNS,2018,2017-12-29,398,11808295200.0,1
223,HOLX,2018,2017-12-29,399,11785471677.0,1
248,REG,2018,2017-12-29,400,11768241899.52,1
906,TNL,2018,2017-12-29,401,11736568179.397999,1
462,KMX,2018,2017-12-29,402,11597776853.08,1
486,EXPD,2018,2017-12-29,403,11495597366.5,1
1262,IPGP,2018,2017-12-29,404,11480766671.36,1
459,AJG,2018,2017-12-29,405,11440960720.0,1
140,MAA,2018,2017-12-29,406,11426332527.84,1
624,AMG,2018,2017-12-29,407,11408188053.75,1
159,MSCI,2018,2017-12-29,408,11397311393.220001,1
478,PKG,2018,2017-12-29,409,11374069467.4,1
489,HAS,2018,2017-12-29,410,11320857211.54,1
520,SEIC,2018,2017-12-29,411,11316020271.56,1
369,VRSN,2018,2017-12-29,412,11280362472.88,1
29,TFX,2018,2017-12-29,413,11209158614.94,1
96,GRMN,2018,2017-12-29,414,11169399900.26,1
679,BFH,2018,2017-12-29,415,11164556704.6261,1
136,IT,2018,2017-12-29,416,11163724712.85,1
569,ALV,2018,2017-12-29,417,11048457646.4946,1
350,EXR,2018,2017-12-29,418,11019382372.35,1
166,AKAM,2018,2017-12-29,419,11001629039.52,1
517,HSIC,2018,2017-12-29,420,10962369641.1656,1
467,ODFL,2018,2017-12-29,421,10836555564.75,1
474,BWA,2018,2017-12-29,422,10763495128.5991,1
415,UHS,2018,2017-12-29,423,10758257630.75,1
73,CSGP,2018,2017-12-29,424,10733403255.5,1
565,FNF,2018,2017-12-29,425,10718579793.960001,1
410,JNPR,2018,2017-12-29,426,10685456635.5,1
332,HII,2018,2017-12-29,427,10668077803.5,1
411,COO,2018,2017-12-29,428,10645835987.28,1
324,LULU,2018,2017-12-29,429,10639513649.87,1
87,CDW,2018,2017-12-29,430,10636335778.74,1
48,IRM,2018,2017-12-29,431,10616553499.859999,1
1235,CGNX,2018,2017-12-29,432,10591272789.68,1
348,BR,2018,2017-12-29,433,10557325178.26,1
1220,PVH,2018,2017-12-29,434,10555473918.140001,1
507,MRVL,2018,2017-12-29,435,10546064000.0,1
173,AOS,2018,2017-12-29,436,10535841414.56,1
448,TEAM,2018,2017-12-29,437,10480096456.800001,1
1064,ARMK,2018,2017-12-29,438,10472956816.1,1
179,GL,2018,2017-12-29,439,10472182130.72,1
24,TRGP,2018,2017-12-29,440,10440944146.44,1
1343,FBIN,2018,2017-12-29,441,10389244904.119999,1
347,UDR,2018,2017-12-29,442,10313962968.960001,1
990,OC,2018,2017-12-29,443,10227493402.699999,1
54,STLD,2018,2017-12-29,444,10219730443.92,1
916,ZION,2018,2017-12-29,445,10152976134.08,1
358,ROL,2018,2017-12-29,446,10142383915.62,1
481,TRMB,2018,2017-12-29,447,10115158230.4,1
175,AVY,2018,2017-12-29,448,10111857228.48,1
111,IEX,2018,2017-12-29,449,10082751484.65,1
66,HWM,2018,2017-12-29,450,10058327591.6044,1
1111,INGR,2018,2017-12-29,451,10046727000.0,1
1012,RGA,2018,2017-12-29,452,10042525231.73,1
1534,SHOP,2018,2017-12-29,453,10026503310.0,1
1553,TRU,2018,2017-12-29,454,10024704000.0,1
21,CPRT,2018,2017-12-29,455,9992331633.6,1
1231,AA,2018,2017-12-29,456,9967185185.23,1
450,SNA,2018,2017-12-29,457,9936352868.400002,1
440,CF,2018,2017-12-29,458,9922882441.92,1
453,AMD,2018,2017-12-29,459,9918129638.84,1
1034,SLG,2018,2017-12-29,460,9917968441.5215,1
112,LNT,2018,2017-12-29,461,9845569588.369999,1
513,PHM,2018,2017-12-29,462,9774424296.0,1
329,LDOS,2018,2017-12-29,463,9768308442.199999,1
229,FRT,2018,2017-12-29,464,9634949804.7,1
647,CPRI,2018,2017-12-29,465,9573350513.9,1
672,AFG,2018,2017-12-29,466,9563758210.62,1
399,ATO,2018,2017-12-29,467,9530198166.09,1
432,PNW,2018,2017-12-29,468,9517142234.5,1
609,FLEX,2018,2017-12-29,469,9507203832.14,1
959,JEF,2018,2017-12-29,470,9437709198.6268,1
56,BG,2018,2017-12-29,471,9433128085.68,1
250,TSCO,2018,2017-12-29,472,9385936209.0,1
592,CC,2018,2017-12-29,473,9269262983.84,1
641,MAC,2018,2017-12-29,474,9245962232.960001,1
165,J,2018,2017-12-29,475,9208285099.449701,1
536,KSS,2018,2017-12-29,476,9110899599.01,1
302,EG,2018,2017-12-29,477,9087079609.4,1
527,DINO,2018,2017-12-29,478,9079926184.42,1
1442,ALK,2018,2017-12-29,479,9045030378.470001,1
242,JKHY,2018,2017-12-29,480,9033343026.4,1
5,NRG,2018,2017-12-29,481,9017958435.52,1
18,MOS,2018,2017-12-29,482,9007933993.34,1
841,EXEL,2018,2017-12-29,483,8993937584.0,1
822,SEE,2018,2017-12-29,484,8893046956.4,1
1200,VOYA,2018,2017-12-29,485,8892077609.43,1
463,ON,2018,2017-12-29,486,8881957515.0,1
331,LYV,2018,2017-12-29,487,8803472849.82,1
550,EWBC,2018,2017-12-29,488,8792545276.13,1
890,ST,2018,2017-12-29,489,8754959872.87,1
1276,H,2018,2017-12-29,490,8743636402.36,1
1196,WU,2018,2017-12-29,491,8731148847.17,1
50,WRB,2018,2017-12-29,492,8726582231.224201,1
502,LII,2018,2017-12-29,493,8699819918.4,1
470,NI,2018,2017-12-29,494,8645494099.310001,1
852,MTN,2018,2017-12-29,495,8585309285.2,1
675,HOG,2018,2017-12-29,496,8562858300.4800005,1
435,CPT,2018,2017-12-29,497,8531673664.58,1
1071,QRVO,2018,2017-12-29,498,8468063060.4,1
457,NDSN,2018,2017-12-29,499,8453957011.200001,1
355,RL,2018,2017-12-29,500,8427513520.809999,1
1085,ALKS,2018,2017-12-29,501,8416156648.9,1
1218,BURL,2018,2017-12-29,502,8396536307.31,1
170,GDDY,2018,2017-12-29,503,8365899895.8,1
1287,MAN,2018,2017-12-29,504,8357125074.96,1
114,FFIV,2018,2017-12-29,505,8338583933.46,1
376,DPZ,2018,2017-12-29,506,8264004039.200001,1
231,LW,2018,2017-12-29,507,8254349598.25,1
356,TER,2018,2017-12-29,508,8213124155.099999,1
143,CMG,2018,2017-12-29,509,8160161734.69,1
1176,UGI,2018,2017-12-29,510,8129492034.000001,1
1410,OLED,2018,2017-12-29,511,8121559935.3,1
580,JAZZ,2018,2017-12-29,512,8072334286.400001,1
519,RVTY,2018,2017-12-29,513,8059670353.120001,1
1435,GLPI,2018,2017-12-29,514,8054455025.364301,1
1294,GT,2018,2017-12-29,515,7958828794.860001,1
1184,THO,2018,2017-12-29,516,7942094692.8,1
1117,JWN,2018,2017-12-29,517,7892671743.0,1
1408,AXTA,2018,2017-12-29,518,7883880682.44,1
427,SW,2018,2017-12-29,519,7851434988.15,1
336,VST,2018,2017-12-29,520,7844809893.04,1
146,IPG,2018,2017-12-29,521,7834349234.88,1
1008,ELS,2018,2017-12-29,522,7819227128.92,1
284,WAB,2018,2017-12-29,523,7817218764.64,1
8,KEYS,2018,2017-12-29,524,7791024592.0,1
1277,KNX,2018,2017-12-29,525,7779258740.8,1
1083,CG,2018,2017-12-29,526,7778069798.7,1
614,PII,2018,2017-12-29,527,7754615809.32,1
1360,PPC,2018,2017-12-29,528,7726252898.48,1
372,KIM,2018,2017-12-29,529,7725609373.349999,1
743,BERY,2018,2017-12-29,530,7685770000.0,1
704,M,2018,2017-12-29,531,7672027036.63,1
843,HBI,2018,2017-12-29,532,7623455224.71,1
1366,GGG,2018,2017-12-29,533,7614603396.96,1
214,FTNT,2018,2017-12-29,534,7597700218.589999,1
86,MKTX,2018,2017-12-29,535,7573077443.25,1
409,ALLE,2018,2017-12-29,536,7561592438.400001,1
1461,CCK,2018,2017-12-29,537,7552848937.5,1
1414,MIDD,2018,2017-12-29,538,7545442616.2,1
446,FDS,2018,2017-12-29,539,7538794638.96,1
291,EVRG,2018,2017-12-29,540,7502572492.799999,1
413,STE,2018,2017-12-29,541,7439530191.61,1
651,XRX,2018,2017-12-29,542,7421185077.349999,1
1372,AYI,2018,2017-12-29,543,7418913744.0,1
293,HUBB,2018,2017-12-29,544,7403915318.26,1
953,AAP,2018,2017-12-29,545,7366895906.67,1
622,WPC,2018,2017-12-29,546,7362705801.1164,1
1327,TOL,2018,2017-12-29,547,7355367460.000001,1
941,KRC,2018,2017-12-29,548,7344235410.400001,1
861,ADNT,2018,2017-12-29,549,7330297672.1,1
104,WST,2018,2017-12-29,550,7326535912.41,1
726,LAMR,2018,2017-12-29,551,7307569333.759999,1
1274,FLR,2018,2017-12-29,552,7224557385.599999,1
1234,USFD,2018,2017-12-29,553,7174457196.72,1
423,BRO,2018,2017-12-29,554,7173713115.5,1
961,JBLU,2018,2017-12-29,555,7163252818.32,1
199,AES,2018,2017-12-29,556,7151986509.78,1
1061,BIO,2018,2017-12-29,557,7103741659.549999,1
642,ARW,2018,2017-12-29,558,7073908930.0,1
200,PTC,2018,2017-12-29,559,7056933083.29,1
322,FSLR,2018,2017-12-29,560,7051315349.759999,1
630,CSL,2018,2017-12-29,561,7045355454.85,1
729,HP,2018,2017-12-29,562,7020262558.08,1
1275,RPM,2018,2017-12-29,563,6999943281.12,1
847,SCI,2018,2017-12-29,564,6996387117.6,1
727,WTRG,2018,2017-12-29,565,6970802159.539999,1
1460,RHI,2018,2017-12-29,566,6961927614.3,1
1110,DEI,2018,2017-12-29,567,6960708489.52,1
660,TTC,2018,2017-12-29,568,6954853127.64,1
1473,NBIX,2018,2017-12-29,569,6866175361.55,1
1240,OSK,2018,2017-12-29,570,6832219296.22,1
1480,JLL,2018,2017-12-29,571,6756421824.18,1
357,TYL,2018,2017-12-29,572,6651439009.950001,1
1438,HR,2018,2017-12-29,573,6580938930.28,1
747,OGE,2018,2017-12-29,574,6572299909.139999,1
1015,NNN,2018,2017-12-29,575,6558059389.690001,1
795,FHN,2018,2017-12-29,576,6503874176.129999,1
285,APO,2018,2017-12-29,577,6477812349.91,1
339,TDY,2018,2017-12-29,578,6419319620.05,1
827,UTHR,2018,2017-12-29,579,6393075291.349999,1
247,ERIE,2018,2017-12-29,580,6370997517.12,1
1401,DLB,2018,2017-12-29,581,6368433788.0,1
937,FLG,2018,2017-12-29,582,6367488925.98,1
782,DCI,2018,2017-12-29,583,6358975013.05,1
833,LEG,2018,2017-12-29,584,6291644406.54,1
1036,AMH,2018,2017-12-29,585,6262365935.28,1
1245,RS,2018,2017-12-29,586,6255403072.26,1
1363,OZK,2018,2017-12-29,587,6210958262.85,1
1362,FAF,2018,2017-12-29,588,6210204798.36,1
238,NWSA,2018,2017-12-29,589,6208293544.22,1
1215,PK,2018,2017-12-29,590,6176969067.5,1
1485,X,2018,2017-12-29,591,6158055188.16,1
788,SMG,2018,2017-12-29,592,6146491726.83,1
1501,G,2018,2017-12-29,593,6127165712.5199995,1
1198,WEX,2018,2017-12-29,594,6060168990.209999,1
368,PWR,2018,2017-12-29,595,6051130096.9,1
1056,LECO,2018,2017-12-29,596,6021907189.16,1
856,BWXT,2018,2017-12-29,597,6012925639.190001,1
748,AR,2018,2017-12-29,598,5997017443.0,1
798,SKX,2018,2017-12-29,599,5996524930.88,1
543,CFR,2018,2017-12-29,600,5978519073.150001,1
1400,WAL,2018,2017-12-29,601,5972848272.98,1
1023,GNTX,2018,2017-12-29,602,5947764581.8,1
1370,OLN,2018,2017-12-29,603,5922182481.0,1
757,ACM,2018,2017-12-29,604,5855741630.5,1
1309,SNV,2018,2017-12-29,605,5729540902.259999,1
534,BRX,2018,2017-12-29,606,5690127107.04,1
911,AGCO,2018,2017-12-29,607,5682210641.940001,1
1285,FL,2018,2017-12-29,608,5682118012.320001,1
1415,CBSH,2018,2017-12-29,609,5674759777.9143,1
160,EPAM,2018,2017-12-29,610,5673656113.9800005,1
1552,NTNX,2018,2017-12-29,611,5659802008.56,1
1295,ORI,2018,2017-12-29,612,5640187053.58,1
1002,SABR,2018,2017-12-29,613,5633846449.0,1
618,GWRE,2018,2017-12-29,614,5596390214.34,1
1449,STWD,2018,2017-12-29,615,5572321882.05,1
525,CRI,2018,2017-12-29,616,5560017454.25,1
1580,BAH,2018,2017-12-29,617,5559812398.860001,1
973,HXL,2018,2017-12-29,618,5555705443.2,1
549,RES,2018,2017-12-29,619,5529435678.24,1
76,ZBRA,2018,2017-12-29,620,5521028995.2,1
986,EXP,2018,2017-12-29,621,5509222130.5,1
963,FLS,2018,2017-12-29,622,5503653266.21,1
1604,RITM,2018,2017-12-29,623,5495620204.92,1
1361,HRB,2018,2017-12-29,624,5481786951.3,1
1265,PR,2018,2017-12-29,625,5462562837.6,1
730,MSM,2018,2017-12-29,626,5457188136.24,1
1082,OHI,2018,2017-12-29,627,5454938819.7,1
706,SNX,2018,2017-12-29,628,5443770070.1382,1
354,AIZ,2018,2017-12-29,629,5426372533.88,1
1486,CW,2018,2017-12-29,630,5377162881.55,1
1137,RGLD,2018,2017-12-29,631,5375105309.360001,1
1288,ATR,2018,2017-12-29,632,5374711479.84,1
866,MUR,2018,2017-12-29,633,5358387706.650001,1
1183,BRKR,2018,2017-12-29,634,5338910491.2,1
666,CXT,2018,2017-12-29,635,5295190447.8319,1
1075,MAT,2018,2017-12-29,636,5286560479.0,1
819,SON,2018,2017-12-29,637,5282163719.72,1
1511,HIW,2018,2017-12-29,638,5256403535.4,1
1391,POST,2018,2017-12-29,639,5245784618.690201,1
585,MDU,2018,2017-12-29,640,5244430286.9776,1
567,CUBE,2018,2017-12-29,641,5231089827.72,1
1270,MTG,2018,2017-12-29,642,5228697562.11,1
184,POOL,2018,2017-12-29,643,5207625620.0,1
1138,WSO,2018,2017-12-29,644,5188557029.76,1
128,CRL,2018,2017-12-29,645,5183718692.35,1
623,WBS,2018,2017-12-29,646,5170920206.4,1
1263,PNFP,2018,2017-12-29,647,5148337080.9,1
1014,MKSI,2018,2017-12-29,648,5130836487.0,1
531,PTEN,2018,2017-12-29,649,5118443734.17,1
883,VVV,2018,2017-12-29,650,5058018605.219999,1
914,RNR,2018,2017-12-29,651,5027256678.440001,1
900,COLM,2018,2017-12-29,652,5022722316.84,1
1226,MPT,2018,2017-12-29,653,5018070782.4,1
1051,MD,2018,2017-12-29,654,5004936185.92,1
1526,ANGI,2018,2017-12-29,655,4993706037.3,1
310,DXCM,2018,2017-12-29,656,4987371491.55,1
617,MSGS,2018,2017-12-29,657,4967719406.55,1
1181,AL,2018,2017-12-29,658,4964816120.46,1
653,SLM,2018,2017-12-29,659,4880353203.200001,1
1087,ENOV,2018,2017-12-29,660,4877849739.28,1
1326,PB,2018,2017-12-29,661,4868902378.339999,1
1093,EHC,2018,2017-12-29,662,4857536825.639999,1
497,TECH,2018,2017-12-29,663,4853225159.900001,1
741,BC,2018,2017-12-29,664,4842235560.14,1
1112,CLB,2018,2017-12-29,665,4836343835.75,1
1054,EPR,2018,2017-12-29,666,4822179305.7,1
964,EME,2018,2017-12-29,667,4808027741.25,1
1512,AVT,2018,2017-12-29,668,4791145053.94,1
875,TRIP,2018,2017-12-29,669,4785783400.34,1
1261,GPK,2018,2017-12-29,670,4785079878.599999,1
690,VNOM,2018,2017-12-29,671,4773131150.03,1
966,NEU,2018,2017-12-29,672,4710306190.73,1
957,NFG,2018,2017-12-29,673,4699318656.91,1
1358,ITT,2018,2017-12-29,674,4696560000.0,1
711,WWD,2018,2017-12-29,675,4688180012.88,1
731,AN,2018,2017-12-29,676,4683543484.05,1
327,PAYC,2018,2017-12-29,677,4680356839.93,1
10,MPWR,2018,2017-12-29,678,4664840344.68,1
1130,MMS,2018,2017-12-29,679,4662475537.44,1
768,TDC,2018,2017-12-29,680,4653660000.0,1
1157,SATS,2018,2017-12-29,681,4643133483.264,1
172,JBL,2018,2017-12-29,682,4642471575.0,1
599,DAN,2018,2017-12-29,683,4637319269.549999,1
1180,WTFC,2018,2017-12-29,684,4606398020.13,1
523,IDA,2018,2017-12-29,685,4603907951.68,1
574,LNW,2018,2017-12-29,686,4598603563.5,1
108,FICO,2018,2017-12-29,687,4597451416.799999,1
1393,THG,2018,2017-12-29,688,4590697459.6,1
678,BLKB,2018,2017-12-29,689,4543985831.55,1
987,FIZZ,2018,2017-12-29,690,4540777080.0,1
1025,PRI,2018,2017-12-29,691,4493390188.349999,1
797,LFUS,2018,2017-12-29,692,4493243520.36,1
1278,FNB,2018,2017-12-29,693,4468145664.92,1
751,R,2018,2017-12-29,694,4456609171.55,1
1281,RDN,2018,2017-12-29,695,4442799781.89,1
1195,EEFT,2018,2017-12-29,696,4439430735.179999,1
1027,ASH,2018,2017-12-29,697,4430404620.8,1
804,TCBI,2018,2017-12-29,698,4411799850.5,1
908,HAIN,2018,2017-12-29,699,4399729654.32,1
1126,CHH,2018,2017-12-29,700,4391680432.0,1
1210,MASI,2018,2017-12-29,701,4381713011.2,1
65,MOH,2018,2017-12-29,702,4377967920.0,1
682,APLE,2018,2017-12-29,703,4374223072.4,1
1439,LSTR,2018,2017-12-29,704,4368639467.7,1
559,BGC,2018,2017-12-29,705,4364607153.5352,1
998,VSAT,2018,2017-12-29,706,4359054270.299999,1
1205,WSM,2018,2017-12-29,707,4351856806.0,1
526,BKU,2018,2017-12-29,708,4349730882.16,1
687,ICUI,2018,2017-12-29,709,4348195560.0,1
989,LOPE,2018,2017-12-29,710,4308260327.21,1
1153,ENTG,2018,2017-12-29,711,4305530519.849999,1
1293,ESNT,2018,2017-12-29,712,4274008882.52,1
1570,ARES,2018,2017-12-29,713,4248075000.0,1
837,RRC,2018,2017-12-29,714,4233256918.62,1
863,HWC,2018,2017-12-29,715,4216449600.0,1
1148,CASY,2018,2017-12-29,716,4203040732.16,1
1497,HGV,2018,2017-12-29,717,4156782417.3500004,1
1348,CNO,2018,2017-12-29,718,4142051754.8700004,1
723,VYX,2018,2017-12-29,719,4139994180.0,1
950,WFRD,2018,2017-12-29,720,4138839045.33,1
929,MORN,2018,2017-12-29,721,4124105881.73,1
943,PAG,2018,2017-12-29,722,4104004542.0,1
1081,TRN,2018,2017-12-29,723,4093452582.625,1
1455,RYN,2018,2017-12-29,724,4078108848.62,1
1194,SF,2018,2017-12-29,725,4077918222.2083,1
818,PINC,2018,2017-12-29,726,4073547779.07,1
1312,FHB,2018,2017-12-29,727,4073127708.7599998,1
1341,POR,2018,2017-12-29,728,4060828173.5,1
1185,CNK,2018,2017-12-29,729,4055377597.28,1
792,TEX,2018,2017-12-29,730,4055302000.0,1
1060,MTZ,2018,2017-12-29,731,4051132544.8,1
878,FLO,2018,2017-12-29,732,4047563905.6099997,1
892,HOMB,2018,2017-12-29,733,4038877493.25,1
882,PBF,2018,2017-12-29,734,4036417861.4500003,1
1291,CABO,2018,2017-12-29,735,4029759423.0,1
449,PODD,2018,2017-12-29,736,4014955164.0,1
893,KEX,2018,2017-12-29,737,3987759600.0,1
1186,AGO,2018,2017-12-29,738,3978161865.6299996,1
544,WEN,2018,2017-12-29,739,3976870437.9600005,1
615,BCO,2018,2017-12-29,740,3973039959.8,1
1578,INDV,2018,2017-12-29,741,3967323568.7669997,1
1175,GMED,2018,2017-12-29,742,3961057956.6,1
1116,BYD,2018,2017-12-29,743,3942180402.4999995,1
1581,HE,2018,2017-12-29,744,3932613104.7,1
1100,KMT,2018,2017-12-29,745,3923541086.7299995,1
1565,RRR,2018,2017-12-29,746,3918653989.46,1
528,VC,2018,2017-12-29,747,3891707586.2,1
1419,CUZ,2018,2017-12-29,748,3885189976.5,1
812,CHE,2018,2017-12-29,749,3880058049.06,1
663,HCSG,2018,2017-12-29,750,3862952560.0,1
1239,EVR,2018,2017-12-29,751,3861716040.0,1
1201,LIVN,2018,2017-12-29,752,3853067795.28,1
697,SWX,2018,2017-12-29,753,3841458483.2000003,1
1068,ASB,2018,2017-12-29,754,3839585996.2,1
885,OGS,2018,2017-12-29,755,3829577342.5800004,1
1347,CBT,2018,2017-12-29,756,3815478697.1400003,1
648,TKR,2018,2017-12-29,757,3814881546.2999997,1
1313,CBRL,2018,2017-12-29,758,3812532659.7699995,1
1413,LPX,2018,2017-12-29,759,3804377138.38,1
1189,XPO,2018,2017-12-29,760,3795407978.3552,1
1142,ALE,2018,2017-12-29,761,3795308968.88,1
582,URBN,2018,2017-12-29,762,3795191393.26,1
1243,FR,2018,2017-12-29,763,3771584806.77,1
946,SLAB,2018,2017-12-29,764,3758501420.5,1
784,IART,2018,2017-12-29,765,3755930134.82,1
689,VMI,2018,2017-12-29,766,3749483728.0,1
1105,TXRH,2018,2017-12-29,767,3745875406.2,1
1597,RNG,2018,2017-12-29,768,3743846770.4,1
1055,ACAD,2018,2017-12-29,769,3739831730.0699997,1
910,SHO,2018,2017-12-29,770,3724567039.8,1
610,DLX,2018,2017-12-29,771,3697662360.88,1
1536,PEGA,2018,2017-12-29,772,3671097019.7,1
867,FIVE,2018,2017-12-29,773,3663194551.1199994,1
1020,FUN,2018,2017-12-29,774,3654906840.12,1
1331,UBSI,2018,2017-12-29,775,3648486699.25,1
636,WOLF,2018,2017-12-29,776,3644741030.88,1
988,FHI,2018,2017-12-29,777,3640569055.2,1
1404,BOH,2018,2017-12-29,778,3640419705.1,1
994,SR,2018,2017-12-29,779,3629370001.5000005,1
738,OI,2018,2017-12-29,780,3613509893.5800004,1
821,SRPT,2018,2017-12-29,781,3596124535.64,1
765,CHDN,2018,2017-12-29,782,3589538223.4764004,1
752,UMBF,2018,2017-12-29,783,3586454274.16,1
767,VAC,2018,2017-12-29,784,3582339463.1400003,1
1457,CAR,2018,2017-12-29,785,3572777965.0400004,1
1356,NXST,2018,2017-12-29,786,3563271131.4,1
1045,KMPR,2018,2017-12-29,787,3544998635.1000004,1
1523,RHP,2018,2017-12-29,788,3533565244.02,1
1154,AVNT,2018,2017-12-29,789,3514983352.5,1
209,TPL,2018,2017-12-29,790,3509859686.1768003,1
1141,NAVI,2018,2017-12-29,791,3503322543.96,1
1160,JBTM,2018,2017-12-29,792,3497706700.0,1
1041,NJR,2018,2017-12-29,793,3493833737.4,1
1250,YELP,2018,2017-12-29,794,3478057057.0,1
759,PFGC,2018,2017-12-29,795,3463519620.5,1
1481,DY,2018,2017-12-29,796,3447508923.98,1
75,WBD,2018,2017-12-29,797,3446577494.22,1
1104,PSTG,2018,2017-12-29,798,3438181631.2999997,1
1063,VIRT,2018,2017-12-29,799,3433836595.2000003,1
1188,SIGI,2018,2017-12-29,800,3427575121.3,1
1450,PDCO,2018,2017-12-29,801,3425991120.0000005,1
1381,SIG,2018,2017-12-29,802,3422183532.2999997,1
532,MANH,2018,2017-12-29,803,3414948151.92,1
1018,CATY,2018,2017-12-29,804,3408178008.3900003,1
600,PLNT,2018,2017-12-29,805,3406323226.0600004,1
676,BXMT,2018,2017-12-29,806,3399123102.66,1
716,SGI,2018,2017-12-29,807,3396583632.0099998,1
780,RRX,2018,2017-12-29,808,3393686629.7999997,1
671,MTDR,2018,2017-12-29,809,3375956043.9,1
904,CNX,2018,2017-12-29,810,3366421256.6600003,1
621,UNF,2018,2017-12-29,811,3345837654.9,1
1476,SBRA,2018,2017-12-29,812,3345418638.0099998,1
1477,ASGN,2018,2017-12-29,813,3342998458.5099998,1
685,AEO,2018,2017-12-29,814,3333389384.8,1
1429,AVA,2018,2017-12-29,815,3316736433.9300003,1
1440,CRUS,2018,2017-12-29,816,3301672034.14,1
1453,OLLI,2018,2017-12-29,817,3283236900.75,1
922,SAIC,2018,2017-12-29,818,3274579679.6699996,1
1272,EPC,2018,2017-12-29,819,3271420349.1,1
992,CACI,2018,2017-12-29,820,3258602849.7,1
979,BDC,2018,2017-12-29,821,3254559245.64,1
693,SLGN,2018,2017-12-29,822,3243860001.2400002,1
703,LCII,2018,2017-12-29,823,3242248490.0,1
1007,SFM,2018,2017-12-29,824,3240268379.5,1
1255,ORA,2018,2017-12-29,825,3236192051.04,1
1024,CVI,2018,2017-12-29,826,3233588302.0,1
736,EXPI,2018,2017-12-29,827,3232717395.2,1
1233,TXNM,2018,2017-12-29,828,3221989090.8,1
1066,OUT,2018,2017-12-29,829,3216364735.2,1
745,BKH,2018,2017-12-29,830,3214956901.6,1
793,RBA,2018,2017-12-29,831,3208044865.11,1
1128,WCC,2018,2017-12-29,832,3203209334.7000003,1
1514,AWI,2018,2017-12-29,833,3196782844.1499996,1
1283,PEN,2018,2017-12-29,834,3193621695.3999996,1
1169,BDN,2018,2017-12-29,835,3191935688.6200004,1
1462,TREX,2018,2017-12-29,836,3189363718.71,1
541,FCFS,2018,2017-12-29,837,3182742038.15,1
1026,SXT,2018,2017-12-29,838,3180261060.9,1
530,CDP,2018,2017-12-29,839,3177222624.7999997,1
1495,UAA,2018,2017-12-29,840,3168550179.21,1
999,ZD,2018,2017-12-29,841,3157123668.8508,1
1177,NEOG,2018,2017-12-29,842,3142292232.924,1
556,WLY,2018,2017-12-29,843,3139119542.25,1
1389,FULT,2018,2017-12-29,844,3134683799.9999995,1
1385,UNIT,2018,2017-12-29,845,3116817695.6234,1
1498,GHC,2018,2017-12-29,846,3088689463.6,1
1206,DKS,2018,2017-12-29,847,3086809066.2,1
1433,CLH,2018,2017-12-29,848,3085795591.6000004,1
1353,TDS,2018,2017-12-29,849,3079878071.8,1
106,GNRC,2018,2017-12-29,850,3078337213.28,1
934,GBCI,2018,2017-12-29,851,3072693996.84,1
1491,HAE,2018,2017-12-29,852,3067683030.72,1
1211,RBC,2018,2017-12-29,853,3064592521.6,1
1139,GDOT,2018,2017-12-29,854,3062432844.7599998,1
1412,PRA,2018,2017-12-29,855,3052680737.4,1
1405,WWW,2018,2017-12-29,856,3050301289.8399997,1
1122,EGP,2018,2017-12-29,857,3042452157.8399997,1
640,ATI,2018,2017-12-29,858,3038335209.86,1
923,TGNA,2018,2017-12-29,859,3030097987.84,1
971,LITE,2018,2017-12-29,860,3029323410.6,1
539,CIEN,2018,2017-12-29,861,3007213860.56,1
871,NYT,2018,2017-12-29,862,3000752207.0,1
1017,HLI,2018,2017-12-29,863,2992002127.73,1
1479,VSH,2018,2017-12-29,864,2988079140.5,1
985,DAR,2018,2017-12-29,865,2985681378.47,1
1096,APAM,2018,2017-12-29,866,2985008877.5,1
702,FFIN,2018,2017-12-29,867,2983483867.85,1
1420,WAFD,2018,2017-12-29,868,2972575241.5,1
1152,NGVT,2018,2017-12-29,869,2967876536.67,1
967,VLY,2018,2017-12-29,870,2966233453.26,1
688,UA,2018,2017-12-29,871,2958599891.88,1
763,MCY,2018,2017-12-29,872,2956946194.8799996,1
635,ROG,2018,2017-12-29,873,2954057469.4399996,1
667,MSA,2018,2017-12-29,874,2948238857.04,1
1446,ENS,2018,2017-12-29,875,2933161382.58,1
1168,COHR,2018,2017-12-29,876,2928297651.15,1
562,GEO,2018,2017-12-29,877,2928064177.6000004,1
746,TMHC,2018,2017-12-29,878,2926113105.64,1
597,UE,2018,2017-12-29,879,2901206265.21,1
1484,NWE,2018,2017-12-29,880,2901092605.2000003,1
649,JACK,2018,2017-12-29,881,2897399727.05,1
1365,LGND,2018,2017-12-29,882,2889972828.6800003,1
551,HALO,2018,2017-12-29,883,2884152820.0,1
692,BOX,2018,2017-12-29,884,2875323623.04,1
1406,ENR,2018,2017-12-29,885,2873194208.72,1
1507,ACHC,2018,2017-12-29,886,2866662935.3700004,1
1251,PENN,2018,2017-12-29,887,2854025837.2599998,1
1519,ESI,2018,2017-12-29,888,2848003767.68,1
1252,CADE,2018,2017-12-29,889,2840871329.4,1
1222,TWO,2018,2017-12-29,890,2837192457.0600004,1
1115,LAD,2018,2017-12-29,891,2834998303.12,1
1432,JJSF,2018,2017-12-29,892,2833758763.92,1
1324,HQY,2018,2017-12-29,893,2830983889.2799997,1
1307,THS,2018,2017-12-29,894,2829863000.64,1
1162,HI,2018,2017-12-29,895,2825762307.3,1
598,MOGa,2018,2017-12-29,896,2810164283.1,1
1091,MUSA,2018,2017-12-29,897,2796218614.0,1
1073,WERN,2018,2017-12-29,898,2795824122.4,1
674,KBR,2018,2017-12-29,899,2777778646.47,1
1037,KBH,2018,2017-12-29,900,2763684808.65,1
1171,SHOO,2018,2017-12-29,901,2760122895.8,1
1248,SKYW,2018,2017-12-29,902,2752838183.7000003,1
1224,PRLB,2018,2017-12-29,903,2744520078.0,1
1333,CBU,2018,2017-12-29,904,2720241758.75,1
1478,SSD,2018,2017-12-29,905,2716279918.87,1
1136,WOR,2018,2017-12-29,906,2713478972.8998003,1
824,FUL,2018,2017-12-29,907,2711429336.62,1
829,TPH,2018,2017-12-29,908,2695748984.32,1
991,BLD,2018,2017-12-29,909,2694779969.0,1
1216,ACIW,2018,2017-12-29,910,2688191008.0800004,1
972,TTEK,2018,2017-12-29,911,2683042804.7999997,1
1355,AEIS,2018,2017-12-29,912,2676075616.2000003,1
915,RLI,2018,2017-12-29,913,2672669348.46,1
995,CXW,2018,2017-12-29,914,2659595535.0,1
547,NTCT,2018,2017-12-29,915,2653441592.5499997,1
644,AIT,2018,2017-12-29,916,2643315460.5,1
1494,IDCC,2018,2017-12-29,917,2643274937.6000004,1
1207,ITRI,2018,2017-12-29,918,2641059458.4,1
982,PATK,2018,2017-12-29,919,2628627356.7,1
828,KW,2018,2017-12-29,920,2627569795.75,1
728,HELE,2018,2017-12-29,921,2627133248.7,1
1244,SFNC,2018,2017-12-29,922,2624932508.7000003,1
970,IBOC,2018,2017-12-29,923,2623159436.5,1
691,PSMT,2018,2017-12-29,924,2617750821.0,1
1447,ZWS,2018,2017-12-29,925,2605132603.2228,1
1418,CVBF,2018,2017-12-29,926,2595290815.3599997,1
881,WTS,2018,2017-12-29,927,2593569081.25,1
918,MC,2018,2017-12-29,928,2587164309.0,1
809,BCPC,2018,2017-12-29,929,2579541502.2,1
951,VTLE,2018,2017-12-29,930,2573057996.35,1
604,STAG,2018,2017-12-29,931,2571277321.35,1
276,DECK,2018,2017-12-29,932,2564903714.25,1
734,PEB,2018,2017-12-29,933,2562854030.1,1
557,SSB,2018,2017-12-29,934,2550651208.3500004,1
383,CZR,2018,2017-12-29,935,2546735324.25,1
1490,COLB,2018,2017-12-29,936,2535730287.6,1
1505,GVA,2018,2017-12-29,937,2527735165.69,1
777,SKT,2018,2017-12-29,938,2505942263.88,1
1170,ETSY,2018,2017-12-29,939,2489056801.0499997,1
646,ALGT,2018,2017-12-29,940,2488056417.75,1
555,CMC,2018,2017-12-29,941,2486564988.96,1
1334,UNFI,2018,2017-12-29,942,2483250864.9,1
637,MRCY,2018,2017-12-29,943,2477199741.25,1
854,PCTY,2018,2017-12-29,944,2476693702.7999997,1
1192,HOPE,2018,2017-12-29,945,2472843573.5,1
1268,ABM,2018,2017-12-29,946,2471198679.3199997,1
1339,SM,2018,2017-12-29,947,2464658560.3199997,1
436,BLDR,2018,2017-12-29,948,2460991014.16,1
807,ELME,2018,2017-12-29,949,2441831204.56,1
664,MTX,2018,2017-12-29,950,2435009068.35,1
1249,HTH,2018,2017-12-29,951,2429408253.62,1
942,CVLT,2018,2017-12-29,952,2424731610.0,1
869,IBP,2018,2017-12-29,953,2419961507.9500003,1
1388,AMKR,2018,2017-12-29,954,2404760020.2000003,1
1095,MLKN,2018,2017-12-29,955,2395093208.85,1
1246,NSP,2018,2017-12-29,956,2390676156.7000003,1
817,PRG,2018,2017-12-29,957,2389937302.038,1
1584,INSM,2018,2017-12-29,958,2388107660.62,1
993,CRS,2018,2017-12-29,959,2387178790.9300003,1
820,SBH,2018,2017-12-29,960,2382882311.88,1
895,GATX,2018,2017-12-29,961,2380728000.0,1
1149,MYGN,2018,2017-12-29,962,2378074829.515,1
1369,SANM,2018,2017-12-29,963,2376685674.0,1
790,FDP,2018,2017-12-29,964,2370958547.37,1
889,ONB,2018,2017-12-29,965,2364876350.0,1
1374,SEM,2018,2017-12-29,966,2362003466.35,1
772,TKO,2018,2017-12-29,967,2357959276.2,1
896,PBH,2018,2017-12-29,968,2355456039.06,1
884,AMN,2018,2017-12-29,969,2352787400.25,1
1290,KFY,2018,2017-12-29,970,2338503884.76,1
709,BGS,2018,2017-12-29,971,2337346104.95,1
1394,LXP,2018,2017-12-29,972,2322293440.5,1
1504,XHR,2018,2017-12-29,973,2304300354.56,1
1165,UFPI,2018,2017-12-29,974,2303676951.8399997,1
1102,AMWD,2018,2017-12-29,975,2279802220.0,1
755,REXR,2018,2017-12-29,976,2271530699.28,1
826,SMTC,2018,2017-12-29,977,2269457895.6000004,1
626,DRH,2018,2017-12-29,978,2261446069.2799997,1
1568,FIBK,2018,2017-12-29,979,2261058314.3999996,1
1089,QLYS,2018,2017-12-29,980,2250523927.4500003,1
639,SAM,2018,2017-12-29,981,2247582710.1,1
1062,PLAY,2018,2017-12-29,982,2245107565.35,1
894,CAKE,2018,2017-12-29,983,2205935031.3,1
860,SFBS,2018,2017-12-29,984,2198641365.0,1
1544,TWLO,2018,2017-12-29,985,2195501274.0,1
1488,CNS,2018,2017-12-29,986,2190119307.25,1
1515,MGEE,2018,2017-12-29,987,2187574147.0,1
1437,RAMP,2018,2017-12-29,988,2185795561.04,1
761,POWI,2018,2017-12-29,989,2185671228.4,1
1314,CWT,2018,2017-12-29,990,2177486599.0,1
1322,NBR,2018,2017-12-29,991,2171247390.19,1
1335,MMSI,2018,2017-12-29,992,2168589585.6,1
548,AVNS,2018,2017-12-29,993,2162907168.64,1
631,CALM,2018,2017-12-29,994,2159155549.6,1
891,TRMK,2018,2017-12-29,995,2158264421.1,1
1121,FELE,2018,2017-12-29,996,2138786326.8,1
1050,CLF,2018,2017-12-29,997,2137837265.83,1
855,AWR,2018,2017-12-29,998,2124091024.2499998,1
710,MTSI,2018,2017-12-29,999,2091144117.08,1
545,PBI,2018,2017-12-29,1000,2087620459.86,1
32,MSFT,2019,2018-12-31,1,779673537015.5199,1
397,AAPL,2019,2018-12-31,2,748539080520.0,1
202,AMZN,2019,2018-12-31,3,734416210197.16,1
282,META,2019,2018-12-31,4,376724818057.08,1
177,GOOG,2019,2018-12-31,5,362064836752.44995,1
102,GOOGL,2019,2018-12-31,6,361400411846.88,1
228,JNJ,2019,2018-12-31,7,346109256899.45,1
216,JPM,2019,2018-12-31,8,324626594974.5,1
85,V,2019,2018-12-31,9,290822841344.7,1
428,XOM,2019,2018-12-31,10,288703310922.3,1
283,BRKb,2019,2018-12-31,11,278255055547.08,1
288,WMT,2019,2018-12-31,12,270624974495.85,1
174,PFE,2019,2018-12-31,13,253170000000.0,1
17,UNH,2019,2018-12-31,14,239661959904.0,1
51,BAC,2019,2018-12-31,15,238251216156.80002,1
337,VZ,2019,2018-12-31,16,232301888978.22,1
35,PG,2019,2018-12-31,17,229945206851.28,1
496,WFC,2019,2018-12-31,18,216909811261.44,1
278,INTC,2019,2018-12-31,19,214188520000.0,1
12,CVX,2019,2018-12-31,20,207873143603.51,1
385,T,2019,2018-12-31,21,207714120000.0,1
169,KO,2019,2018-12-31,22,201545933070.30002,1
289,MRK,2019,2018-12-31,23,198694768365.0,1
461,MA,2019,2018-12-31,24,194836659975.65,1
64,CSCO,2019,2018-12-31,25,194810021760.9,1
473,HD,2019,2018-12-31,26,194075458692.28,1
218,BA,2019,2018-12-31,27,183143031502.5,1
42,DIS,2019,2018-12-31,28,163232771202.6,1
419,ORCL,2019,2018-12-31,29,162039692850.0,1
126,PEP,2019,2018-12-31,30,155950032640.0,1
360,CMCSA,2019,2018-12-31,31,154109023874.09998,1
269,ABBV,2019,2018-12-31,32,138673703186.13,1
144,MCD,2019,2018-12-31,33,136890533092.5,1
187,C,2019,2018-12-31,34,127137642484.78,1
384,ABT,2019,2018-12-31,35,127035568204.56,1
125,AMGN,2019,2018-12-31,36,124047470229.48,1
480,LLY,2019,2018-12-31,37,122584771348.6,1
268,MDT,2019,2018-12-31,38,121940300076.23999,1
60,DD,2019,2018-12-31,39,121345156807.3347,1
296,NKE,2019,2018-12-31,40,117742353217.28,1
141,NFLX,2019,2018-12-31,41,116859980473.02,1
402,ADBE,2019,2018-12-31,42,110435329148.48001,1
150,MMM,2019,2018-12-31,43,109860632510.72,1
82,CRM,2019,2018-12-31,44,104782050000.0,1
239,PM,2019,2018-12-31,45,103780015630.76001,1
211,AVGO,2019,2018-12-31,46,103560844706.28,1
295,UNP,2019,2018-12-31,47,101846498011.14,1
460,IBM,2019,2018-12-31,48,101448134648.37,1
89,PYPL,2019,2018-12-31,49,99088215709.92,1
193,AZN,2019,2018-12-31,50,96244315558.56,1
232,MO,2019,2018-12-31,51,92559704617.05,1
381,HON,2019,2018-12-31,52,92183660642.772,1
370,TMO,2019,2018-12-31,53,90092568527.78,1
234,ACN,2019,2018-12-31,54,89886626380.95,1
512,COST,2019,2018-12-31,55,89630159190.0,1
57,TXN,2019,2018-12-31,56,89316702688.5,1
346,RTX,2019,2018-12-31,57,86161253661.95479,1
311,LIN,2019,2018-12-31,58,85986554946.76,1
167,BMY,2019,2018-12-31,59,84841692272.51999,1
504,CVS,2019,2018-12-31,60,84730403721.59999,1
213,UPS,2019,2018-12-31,61,83800328165.04001,1
206,NEE,2019,2018-12-31,62,83076444571.73999,1
78,NVDA,2019,2018-12-31,63,81435000000.0,1
400,AXP,2019,2018-12-31,64,81428235061.95999,1
297,GILD,2019,2018-12-31,65,80915906730.59999,1
134,SBUX,2019,2018-12-31,66,79894640000.0,1
217,BKNG,2019,2018-12-31,67,79799005518.12001,1
97,LMT,2019,2018-12-31,68,74474022145.92,1
62,LOW,2019,2018-12-31,69,74161109166.52,1
25,USB,2019,2018-12-31,70,73855445987.0,1
71,CAT,2019,2018-12-31,71,73134215717.66,1
201,CI,2019,2018-12-31,72,72317317686.87999,1
405,DHR,2019,2018-12-31,73,72277086733.36,1
58,COP,2019,2018-12-31,74,71779931716.8,1
45,AMT,2019,2018-12-31,75,69680774731.59,1
471,QCOM,2019,2018-12-31,76,68984172769.26,1
110,MS,2019,2018-12-31,77,68204136670.149994,1
388,ELV,2019,2018-12-31,78,67927173409.85,1
7,CME,2019,2018-12-31,79,67304385245.96,1
511,GE,2019,2018-12-31,80,65845600361.5,1
259,ASML,2019,2018-12-31,81,65531228586.98,1
139,WBA,2019,2018-12-31,82,64465578810.88,1
404,CHTR,2019,2018-12-31,83,64219074380.79001,1
119,BLK,2019,2018-12-31,84,62269884144.54,1
273,GS,2019,2018-12-31,85,62138213267.00001,1
197,DUK,2019,2018-12-31,86,61521333255.4,1
353,BIIB,2019,2018-12-31,87,60630142487.4,1
365,BDX,2019,2018-12-31,88,60625333649.9421,1
61,CB,2019,2018-12-31,89,59526837954.96001,1
28,SYK,2019,2018-12-31,90,58653857080.5,1
77,MDLZ,2019,2018-12-31,91,58197031662.450005,1
203,ADP,2019,2018-12-31,92,57395485268.880005,1
123,TSLA,2019,2018-12-31,93,57152753386.3875,1
491,SCHW,2019,2018-12-31,94,56084304825.53,1
434,TJX,2019,2018-12-31,95,55170918395.520004,1
379,ISRG,2019,2018-12-31,96,54692847535.012,1
188,TMUS,2019,2018-12-31,97,53966280129.42,1
328,PNC,2019,2018-12-31,98,53945141568.479996,1
421,KHC,2019,2018-12-31,99,52484474308.479996,1
494,CSX,2019,2018-12-31,100,52463921470.9661,1
158,SPG,2019,2018-12-31,101,51913188369.32,1
454,CL,2019,2018-12-31,102,51622881578.880005,1
118,INTU,2019,2018-12-31,103,51084261610.799995,1
1451,IAC,2019,2018-12-31,104,50900829801.0138,1
196,EOG,2019,2018-12-31,105,50573344205.60999,1
351,SLB,2019,2018-12-31,106,49897352809.92,1
40,BSX,2019,2018-12-31,107,48903519600.54,1
230,DE,2019,2018-12-31,108,47716595665.479996,1
22,GM,2019,2018-12-31,109,47211451523.850006,1
178,EL,2019,2018-12-31,110,47207115714.2,1
100,D,2019,2018-12-31,111,46911589235.46,1
420,GD,2019,2018-12-31,112,46557702983.55,1
26,BK,2019,2018-12-31,113,46541756689.65,1
156,OXY,2019,2018-12-31,114,46343492074.44,1
343,SO,2019,2018-12-31,115,45188791001.28,1
487,CCI,2019,2018-12-31,116,45065203514.46,1
840,ILMN,2019,2018-12-31,117,44089710000.0,1
408,EXC,2019,2018-12-31,118,43612139544.6,1
251,ICE,2019,2018-12-31,119,42906759405.479996,1
116,HCA,2019,2018-12-31,120,42830774225.0,1
445,SPGI,2019,2018-12-31,121,42637946000.0,1
389,ECL,2019,2018-12-31,122,42565444212.2,1
407,NOC,2019,2018-12-31,123,42519466979.0,1
344,VRTX,2019,2018-12-31,124,42348521979.85,1
323,FDX,2019,2018-12-31,125,42114168021.25,1
53,ITW,2019,2018-12-31,126,42035930894.79,1
380,ZTS,2019,2018-12-31,127,41097768446.28001,1
9,LVS,2019,2018-12-31,128,40784000117.85,1
281,MPC,2019,2018-12-31,129,40767266569.26,1
287,MET,2019,2018-12-31,130,40519578627.12,1
246,NSC,2019,2018-12-31,131,40091445502.88,1
74,PSX,2019,2018-12-31,132,39725946404.15,1
475,REGN,2019,2018-12-31,133,39711718935.0,1
304,KMB,2019,2018-12-31,134,39457526255.1,1
485,HUM,2019,2018-12-31,135,38837140194.560005,1
367,WM,2019,2018-12-31,136,37940621932.729996,1
219,EMR,2019,2018-12-31,137,37412976230.5,1
458,MAR,2019,2018-12-31,138,37033105368.0,1
321,PLD,2019,2018-12-31,139,36966001600.0,1
306,AEP,2019,2018-12-31,140,36865196772.24,1
33,SHW,2019,2018-12-31,141,36838238774.7151,1
130,CTSH,2019,2018-12-31,142,36756698011.32,1
518,COF,2019,2018-12-31,143,35803694910.590004,1
362,BX,2019,2018-12-31,144,35718361048.59,1
495,KDP,2019,2018-12-31,145,35616821372.72,1
371,MU,2019,2018-12-31,146,35570815249.57,1
157,PSA,2019,2018-12-31,147,35293116420.9,1
138,PGR,2019,2018-12-31,148,35181122948.49,1
315,APD,2019,2018-12-31,149,35151968918.55,1
401,DELL,2019,2018-12-31,150,35097470227.6835,1
482,BAX,2019,2018-12-31,151,35025520488.35999,1
142,AON,2019,2018-12-31,152,35009100411.04,1
265,AIG,2019,2018-12-31,153,34863996202.7,1
334,WDAY,2019,2018-12-31,154,34810240000.0,1
333,AFL,2019,2018-12-31,155,34683886958.200005,1
93,TGT,2019,2018-12-31,156,34487982822.270004,1
506,DAL,2019,2018-12-31,157,34212373179.899998,1
275,KMI,2019,2018-12-31,158,33943941254.06,1
80,PRU,2019,2018-12-31,159,33680150000.0,1
30,FIS,2019,2018-12-31,160,33583921883.399998,1
190,TFC,2019,2018-12-31,161,33383247483.36,1
352,SYY,2019,2018-12-31,162,32569891830.579998,1
393,EW,2019,2018-12-31,163,32020097437.6569,1
253,NOW,2019,2018-12-31,164,31924365000.000004,1
363,LYB,2019,2018-12-31,165,31904973500.399998,1
433,VLO,2019,2018-12-31,166,31810388902.739998,1
220,HPQ,2019,2018-12-31,167,31784497613.22,1
129,ADI,2019,2018-12-31,168,31770794433.989998,1
514,TRV,2019,2018-12-31,169,31719715779.0,1
261,AMAT,2019,2018-12-31,170,31384763484.820004,1
464,ROST,2019,2018-12-31,171,30832989824.0,1
447,F,2019,2018-12-31,172,30430960895.25,1
406,ETN,2019,2018-12-31,173,29757244000.0,1
122,SRE,2019,2018-12-31,174,29607299418.18,1
210,YUM,2019,2018-12-31,175,28706783662.08,1
255,ALL,2019,2018-12-31,176,28461264770.1,1
318,DG,2019,2018-12-31,177,28412538494.48,1
92,EQIX,2019,2018-12-31,178,28342474327.44,1
749,VFC,2019,2018-12-31,179,28308168219.300003,1
499,ADSK,2019,2018-12-31,180,28166726397.960003,1
442,ROP,2019,2018-12-31,181,27566391208.079998,1
224,ORLY,2019,2018-12-31,182,27217327003.9323,1
267,MNST,2019,2018-12-31,183,27216862534.82,1
237,JCI,2019,2018-12-31,184,27061944749.25,1
313,EBAY,2019,2018-12-31,185,27026559475.93,1
272,MCO,2019,2018-12-31,186,26831664000.0,1
171,STZ,2019,2018-12-31,187,26786190779.039997,1
36,WMB,2019,2018-12-31,188,26692451783.55,1
444,PEG,2019,2018-12-31,189,26308657405.5,1
103,LUV,2019,2018-12-31,190,26136010396.16,1
342,WELL,2019,2018-12-31,191,26073478845.149998,1
307,CCL,2019,2018-12-31,192,25973742911.699997,1
382,TEL,2019,2018-12-31,193,25943661420.0,1
1541,TRI,2019,2018-12-31,194,25331709110.5276,1
2,XEL,2019,2018-12-31,195,25317328011.04,1
154,PPG,2019,2018-12-31,196,24523426068.670002,1
168,APH,2019,2018-12-31,197,24413524720.76,1
271,EQR,2019,2018-12-31,198,24384434677.61,1
330,GLW,2019,2018-12-31,199,24180056508.9,1
469,AVB,2019,2018-12-31,200,24108696572.2,1
456,NXPI,2019,2018-12-31,201,24087335248.32,1
390,STT,2019,2018-12-31,202,23963239882.68,1
286,EA,2019,2018-12-31,203,23840975401.36,1
3,ED,2019,2018-12-31,204,23815486614.44,1
252,CNC,2019,2018-12-31,205,23773015200.0,1
417,BKR,2019,2018-12-31,206,23648529507.5,1
14,RSG,2019,2018-12-31,207,23398291670.4,1
152,PAYX,2019,2018-12-31,208,23394790116.4,1
47,HAL,2019,2018-12-31,209,23285309883.18,1
438,IQV,2019,2018-12-31,210,23239369493.57,1
212,GIS,2019,2018-12-31,211,23237402827.98,1
1540,XYZ,2019,2018-12-31,212,23193080608.36,1
431,ADM,2019,2018-12-31,213,22969600043.75,1
263,HRL,2019,2018-12-31,214,22816543835.8,1
13,UAL,2019,2018-12-31,215,22813445216.760002,1
1145,IBKR,2019,2018-12-31,216,22613577430.05,1
290,FTV,2019,2018-12-31,217,22571484608.3484,1
430,HSY,2019,2018-12-31,218,22487198717.84,1
266,TT,2019,2018-12-31,219,22411223063.010002,1
37,TROW,2019,2018-12-31,220,22217241719.359997,1
105,OKE,2019,2018-12-31,221,22192951684.15,1
16,DLR,2019,2018-12-31,222,21994653646.8,1
180,KR,2019,2018-12-31,223,21937933462.5,1
335,WEC,2019,2018-12-31,224,21853136277.920002,1
147,CCEP,2019,2018-12-31,225,21775085026.100002,1
1579,CRH,2019,2018-12-31,226,21497356385.2,1
443,DLTR,2019,2018-12-31,227,21493446877.519997,1
256,A,2019,2018-12-31,228,21488239822.839996,1
186,CMI,2019,2018-12-31,229,21457412532.92,1
448,TEAM,2019,2018-12-31,230,21311155789.8,1
1,HLT,2019,2018-12-31,231,21293725641.0,1
516,MCK,2019,2018-12-31,232,21190937797.84,1
326,ZBH,2019,2018-12-31,233,21156422976.92,1
501,LRCX,2019,2018-12-31,234,21131242693.019997,1
299,AZO,2019,2018-12-31,235,21130464492.5,1
361,VTR,2019,2018-12-31,236,20885446116.99,1
83,ES,2019,2018-12-31,237,20610252952.320004,1
107,PPL,2019,2018-12-31,238,20403263790.26,1
292,RCL,2019,2018-12-31,239,20376320019.440002,1
31,MTB,2019,2018-12-31,240,20089397028.48,1
309,DTE,2019,2018-12-31,241,20066330147.2,1
391,PCAR,2019,2018-12-31,242,19966727099.44,1
132,DFS,2019,2018-12-31,243,19815196413.539997,1
320,CLX,2019,2018-12-31,244,19676294231.579998,1
418,WTW,2019,2018-12-31,245,19578023545.800003,1
161,TSN,2019,2018-12-31,246,19505278839.6,1
240,PH,2019,2018-12-31,247,19293549044.699997,1
109,FE,2019,2018-12-31,248,19204772892.5,1
451,O,2019,2018-12-31,249,19147901353.6,1
191,MSI,2019,2018-12-31,250,18812245934.72,1
27,K,2019,2018-12-31,251,18563583779.2504,1
493,NTRS,2019,2018-12-31,252,18506437975.22,1
468,EIX,2019,2018-12-31,253,18496302164.620003,1
52,HPE,2019,2018-12-31,254,18476541994.25,1
319,NEM,2019,2018-12-31,255,18456676900.2,1
453,AMD,2019,2018-12-31,256,18449057207.36,1
345,SBAC,2019,2018-12-31,257,18345609540.5,1
258,SWK,2019,2018-12-31,258,18087935655.559998,1
279,ROK,2019,2018-12-31,259,17988976003.68,1
121,VRSK,2019,2018-12-31,260,17950180174.64,1
425,TDG,2019,2018-12-31,261,17937632806.1,1
369,VRSN,2019,2018-12-31,262,17926543356.93,1
163,PANW,2019,2018-12-31,263,17870792888.326,1
44,CTAS,2019,2018-12-31,264,17562328921.05,1
84,BXP,2019,2018-12-31,265,17393181893.899998,1
455,MKC,2019,2018-12-31,266,17071192150.560001,1
23,MCHP,2019,2018-12-31,267,17009775034.880001,1
88,SYF,2019,2018-12-31,268,16861446010.44,1
226,EXPE,2019,2018-12-31,269,16781969764.800001,1
414,ALGN,2019,2018-12-31,270,16751128912.83,1
182,OMC,2019,2018-12-31,271,16413499636.999998,1
176,AWK,2019,2018-12-31,272,16392952531.38,1
386,WY,2019,2018-12-31,273,16377512590.22,1
1046,LUMN,2019,2018-12-31,274,16371987940.5,1
490,KKR,2019,2018-12-31,275,16370212283.88,1
153,IP,2019,2018-12-31,276,16346949049.199999,1
208,GPN,2019,2018-12-31,277,16290619203.66,1
79,RMD,2019,2018-12-31,278,16226446418.630001,1
484,APTV,2019,2018-12-31,279,16221988956.87,1
301,ESS,2019,2018-12-31,280,16199822435.37,1
387,CHD,2019,2018-12-31,281,16192263272.640001,1
324,LULU,2019,2018-12-31,282,16101649831.95,1
162,IDXX,2019,2018-12-31,283,16041183386.980001,1
274,HIG,2019,2018-12-31,284,15945762704.550001,1
20,CPAY,2019,2018-12-31,285,15943197287.68,1
69,AEE,2019,2018-12-31,286,15935414512.160002,1
264,ANET,2019,2018-12-31,287,15892532110.0,1
476,LHX,2019,2018-12-31,288,15842771423.6,1
38,NUE,2019,2018-12-31,289,15832669710.0,1
341,COR,2019,2018-12-31,290,15793006221.6,1
233,GWW,2019,2018-12-31,291,15773295969.6,1
113,AME,2019,2018-12-31,292,15714251304.400002,1
396,BALL,2019,2018-12-31,293,15596011697.859999,1
312,ETR,2019,2018-12-31,294,15590910445.05,1
155,FITB,2019,2018-12-31,295,15426635515.070002,1
1534,SHOP,2019,2018-12-31,296,15283867792.05,1
70,BEN,2019,2018-12-31,297,15193616681.02,1
1072,BMRN,2019,2018-12-31,298,15178239033.1,1
452,KEY,2019,2018-12-31,299,15068254340.0,1
236,NTAP,2019,2018-12-31,300,15030035352.54,1
291,EVRG,2019,2018-12-31,301,14956345061.910002,1
510,FAST,2019,2018-12-31,302,14949811344.51,1
55,FCX,2019,2018-12-31,303,14939537075.84,1
535,DXC,2019,2018-12-31,304,14893641228.57,1
1238,AAL,2019,2018-12-31,305,14789270776.93,1
394,BFb,2019,2018-12-31,306,14652206140.26,1
1583,FER,2019,2018-12-31,307,14549800390.05,1
373,AMP,2019,2018-12-31,308,14544623815.050001,1
120,ULTA,2019,2018-12-31,309,14521985581.800001,1
437,IFF,2019,2018-12-31,310,14315763206.480001,1
466,L,2019,2018-12-31,311,14301958342.480001,1
244,WAT,2019,2018-12-31,312,14289430078.0,1
4,BBY,2019,2018-12-31,313,14251619094.24,1
303,MTD,2019,2018-12-31,314,14164966936.240002,1
426,CNP,2019,2018-12-31,315,14148632855.01,1
164,VTRS,2019,2018-12-31,316,14128302853.4,1
117,GPC,2019,2018-12-31,317,14091825393.46,1
298,CMS,2019,2018-12-31,318,14067404804.4,1
185,CFG,2019,2018-12-31,319,13854417364.32,1
39,RF,2019,2018-12-31,320,13833183811.2,1
115,KLAC,2019,2018-12-31,321,13698709491.9,1
245,CBRE,2019,2018-12-31,322,13648847292.08,1
459,AJG,2019,2018-12-31,323,13535152400.0,1
305,INCY,2019,2018-12-31,324,13532470131.320002,1
204,NDAQ,2019,2018-12-31,325,13373974610.82,1
300,DOC,2019,2018-12-31,326,13336477217.07,1
364,CAH,2019,2018-12-31,327,13288183139.6,1
403,MELI,2019,2018-12-31,328,13237657258.150002,1
181,VMC,2019,2018-12-31,329,13046324220.8,1
159,MSCI,2019,2018-12-31,330,12978683370.36,1
477,DHI,2019,2018-12-31,331,12936569799.599998,1
1107,NLY,2019,2018-12-31,332,12900756904.18,1
262,MGM,2019,2018-12-31,333,12796653349.28,1
377,CINF,2019,2018-12-31,334,12599153121.1,1
509,SNPS,2019,2018-12-31,335,12595144610.88,1
411,COO,2019,2018-12-31,336,12529559524.5,1
492,PFG,2019,2018-12-31,337,12502251405.77,1
72,HBAN,2019,2018-12-31,338,12477465643.84,1
398,ARE,2019,2018-12-31,339,12391365499.24,1
198,HST,2019,2018-12-31,340,12370181008.160002,1
148,DRI,2019,2018-12-31,341,12333616429.22,1
98,PCG,2019,2018-12-31,342,12318514055.0,1
73,CSGP,2019,2018-12-31,343,12285854588.5587,1
483,CDNS,2019,2018-12-31,344,12267534160.0,1
87,CDW,2019,2018-12-31,345,12156265527.449999,1
151,GEN,2019,2018-12-31,346,12071797054.904999,1
338,CE,2019,2018-12-31,347,12034204830.81,1
214,FTNT,2019,2018-12-31,348,11999173538.150002,1
143,CMG,2019,2018-12-31,349,11998278267.0,1
439,HES,2019,2018-12-31,350,11998252008.0,1
34,XYL,2019,2018-12-31,351,11990654856.0,1
517,HSIC,2019,2018-12-31,352,11963278638.864,1
96,GRMN,2019,2018-12-31,353,11955412347.76,1
90,ANSS,2019,2018-12-31,354,11944068972.92,1
49,SWKS,2019,2018-12-31,355,11898194304.9,1
223,HOLX,2019,2018-12-31,356,11886648422.7,1
29,TFX,2019,2018-12-31,357,11885458377.6,1
1342,VNO,2019,2018-12-31,358,11818917002.97,1
358,ROL,2019,2018-12-31,359,11816220762.622799,1
486,EXPD,2019,2018-12-31,360,11751658274.84,1
222,TTWO,2019,2018-12-31,361,11721991400.5,1
8,KEYS,2019,2018-12-31,362,11648800709.119999,1
136,IT,2019,2018-12-31,363,11619788989.12,1
422,CHRW,2019,2018-12-31,364,11562744407.37,1
336,VST,2019,2018-12-31,365,11546776722.6,1
350,EXR,2019,2018-12-31,366,11500347300.0,1
5,NRG,2019,2018-12-31,367,11481228950.4,1
953,AAP,2019,2018-12-31,368,11477844993.74,1
170,GDDY,2019,2018-12-31,369,11386159292.0,1
277,DGX,2019,2018-12-31,370,11330724183.35,1
140,MAA,2019,2018-12-31,371,11288347857.6,1
18,MOS,2019,2018-12-31,372,11259581182.85,1
348,BR,2019,2018-12-31,373,11237236876.25,1
378,EFX,2019,2018-12-31,374,11229156921.01,1
21,CPRT,2019,2018-12-31,375,11185939944.0,1
205,TXT,2019,2018-12-31,376,11173799017.08,1
221,LEN,2019,2018-12-31,377,11132166599.8928,1
579,CMA,2019,2018-12-31,378,11107057188.66,1
317,STX,2019,2018-12-31,379,11044513453.830002,1
479,TAP,2019,2018-12-31,380,10987374846.24,1
68,CBOE,2019,2018-12-31,381,10976713344.449999,1
1218,BURL,2019,2018-12-31,382,10965242604.99,1
954,LNC,2019,2018-12-31,383,10960058388.44,1
536,KSS,2019,2018-12-31,384,10954682472.140001,1
515,LH,2019,2018-12-31,385,10952937160.0,1
347,UDR,2019,2018-12-31,386,10917128558.0,1
399,ATO,2019,2018-12-31,387,10837915257.119999,1
622,WPC,2019,2018-12-31,388,10794463002.9126,1
415,UHS,2019,2018-12-31,389,10781067770.08,1
59,MLM,2019,2018-12-31,390,10778323986.51,1
231,LW,2019,2018-12-31,391,10775954683.08,1
257,WYNN,2019,2018-12-31,392,10755326815.38,1
131,ACGL,2019,2018-12-31,393,10753593164.48,1
412,WDC,2019,2018-12-31,394,10700030715.36,1
462,KMX,2019,2018-12-31,395,10669565915.82,1
310,DXCM,2019,2018-12-31,396,10643552531.0,1
507,MRVL,2019,2018-12-31,397,10643306000.0,1
95,SJM,2019,2018-12-31,398,10635247854.17,1
6,DVN,2019,2018-12-31,399,10553228000.0,1
1553,TRU,2019,2018-12-31,400,10525040000.0,1
366,RJF,2019,2018-12-31,401,10524956834.0472,1
375,INVH,2019,2018-12-31,402,10454611378.16,1
41,DOV,2019,2018-12-31,403,10382303220.300001,1
308,CAG,2019,2018-12-31,404,10373312820.96,1
331,LYV,2019,2018-12-31,405,10320094254.25,1
376,DPZ,2019,2018-12-31,406,10315057997.470001,1
489,HAS,2019,2018-12-31,407,10278732587.5,1
67,EMN,2019,2018-12-31,408,10219120742.52,1
250,TSCO,2019,2018-12-31,409,10185358425.76,1
508,JBHT,2019,2018-12-31,410,10157765278.0,1
467,ODFL,2019,2018-12-31,411,10095325406.05,1
440,CF,2019,2018-12-31,412,10041736468.109999,1
112,LNT,2019,2018-12-31,413,9973430473.5,1
472,APA,2019,2018-12-31,414,9963020602.5,1
166,AKAM,2019,2018-12-31,415,9947856868.08,1
248,REG,2019,2018-12-31,416,9942922633.68,1
500,CPB,2019,2018-12-31,417,9930947501.76,1
1241,NOV,2019,2018-12-31,418,9852520283.6,1
200,PTC,2019,2018-12-31,419,9838177396.0,1
572,GAP,2019,2018-12-31,420,9825742364.480001,1
114,FFIV,2019,2018-12-31,421,9823427484.42,1
183,FMC,2019,2018-12-31,422,9783548171.439999,1
194,TPR,2019,2018-12-31,423,9780614730.0,1
242,JKHY,2019,2018-12-31,424,9779783193.36,1
111,IEX,2019,2018-12-31,425,9685368868.42,1
424,CTRA,2019,2018-12-31,426,9636870139.2,1
199,AES,2019,2018-12-31,427,9576821546.34,1
432,PNW,2019,2018-12-31,428,9549193762.800001,1
470,NI,2019,2018-12-31,429,9429271657.65,1
81,FANG,2019,2018-12-31,430,9386608349.7,1
1163,ALLY,2019,2018-12-31,431,9360432069.78,1
410,JNPR,2019,2018-12-31,432,9288104904.0,1
48,IRM,2019,2018-12-31,433,9276377041.539999,1
1176,UGI,2019,2018-12-31,434,9274714776.25,1
241,NCLH,2019,2018-12-31,435,9226210799.16,1
704,M,2019,2018-12-31,436,9156374407.2,1
413,STE,2019,2018-12-31,437,9028788136.75,1
50,WRB,2019,2018-12-31,438,9026239437.4029,1
46,MAS,2019,2018-12-31,439,8932771666.279999,1
1544,TWLO,2019,2018-12-31,440,8931461215.9,1
527,DINO,2019,2018-12-31,441,8857698021.359999,1
302,EG,2019,2018-12-31,442,8851508044.48,1
1550,FTI,2019,2018-12-31,443,8820456762.468,1
1012,RGA,2019,2018-12-31,444,8802892675.25,1
519,RVTY,2019,2018-12-31,445,8737840259.699999,1
1008,ELS,2019,2018-12-31,446,8734028478.34,1
502,LII,2019,2018-12-31,447,8723310718.140001,1
189,NVR,2019,2018-12-31,448,8719138368.689999,1
229,FRT,2019,2018-12-31,449,8718805281.68,1
133,MHK,2019,2018-12-31,450,8678308607.199999,1
1395,NWL,2019,2018-12-31,451,8677812000.0,1
565,FNF,2019,2018-12-31,452,8653066045.68,1
76,ZBRA,2019,2018-12-31,453,8577908628.32,1
1098,WLK,2019,2018-12-31,454,8546873922.47,1
19,DVA,2019,2018-12-31,455,8542360000.0,1
852,MTN,2019,2018-12-31,456,8506402110.86,1
355,RL,2019,2018-12-31,457,8322130895.54,1
207,URI,2019,2018-12-31,458,8315451833.66,1
179,GL,2019,2018-12-31,459,8313106235.59,1
845,XRAY,2019,2018-12-31,460,8280997126.25,1
481,TRMB,2019,2018-12-31,461,8265240825.989999,1
24,TRGP,2019,2018-12-31,462,8258789688.900001,1
435,CPT,2019,2018-12-31,463,8200556297.099999,1
325,ALB,2019,2018-12-31,464,8185287556.949999,1
332,HII,2019,2018-12-31,465,8174631310.52,1
165,J,2019,2018-12-31,466,8167387246.8111,1
450,SNA,2019,2018-12-31,467,8090003055.69,1
672,AFG,2019,2018-12-31,468,8080090656.99,1
1526,ANGI,2019,2018-12-31,469,8053943830.24,1
86,MKTX,2019,2018-12-31,470,7943692094.690001,1
146,IPG,2019,2018-12-31,471,7929171445.0,1
329,LDOS,2019,2018-12-31,472,7895350415.92,1
478,PKG,2019,2018-12-31,473,7886744491.079999,1
1337,LEA,2019,2018-12-31,474,7884401422.48,1
916,ZION,2019,2018-12-31,475,7829621340.660001,1
747,OGE,2019,2018-12-31,476,7827509424.849999,1
1275,RPM,2019,2018-12-31,477,7801174385.28,1
1117,JWN,2019,2018-12-31,478,7798965301.04,1
175,AVY,2019,2018-12-31,479,7789181577.84,1
821,SRPT,2019,2018-12-31,480,7750182008.309999,1
1015,NNN,2019,2018-12-31,481,7719928697.25,1
423,BRO,2019,2018-12-31,482,7695033856.12,1
446,FDS,2019,2018-12-31,483,7612038611.099999,1
1071,QRVO,2019,2018-12-31,484,7585482654.089999,1
409,ALLE,2019,2018-12-31,485,7576894868.73,1
1196,WU,2019,2018-12-31,486,7554289364.839999,1
56,BG,2019,2018-12-31,487,7539746567.679999,1
359,VICI,2019,2018-12-31,488,7516291060.9800005,1
1442,ALK,2019,2018-12-31,489,7502798610.75,1
94,LKQ,2019,2018-12-31,490,7502147285.22,1
580,JAZZ,2019,2018-12-31,491,7477464296.4,1
339,TDY,2019,2018-12-31,492,7470900686.49,1
1552,NTNX,2019,2018-12-31,493,7450304544.39,1
875,TRIP,2019,2018-12-31,494,7438397254.74,1
1582,ALNY,2019,2018-12-31,495,7376815580.37,1
890,ST,2019,2018-12-31,496,7360321661.400001,1
847,SCI,2019,2018-12-31,497,7306005631.32,1
513,PHM,2019,2018-12-31,498,7299586018.679999,1
104,WST,2019,2018-12-31,499,7262030148.13,1
173,AOS,2019,2018-12-31,500,7256905436.900001,1
65,MOH,2019,2018-12-31,501,7250849580.0,1
474,BWA,2019,2018-12-31,502,7229854099.5944,1
357,TYL,2019,2018-12-31,503,7214137615.74,1
1276,H,2019,2018-12-31,504,7207758401.999999,1
1064,ARMK,2019,2018-12-31,505,7166741045.49,1
520,SEIC,2019,2018-12-31,506,7097890800.0,1
1435,GLPI,2019,2018-12-31,507,7082724970.8768,1
886,BBWI,2019,2018-12-31,508,7062458570.31,1
1082,OHI,2019,2018-12-31,509,7054483345.849999,1
1531,OKTA,2019,2018-12-31,510,7045984211.2,1
1220,PVH,2019,2018-12-31,511,7039588884.900001,1
327,PAYC,2019,2018-12-31,512,7013567670.400001,1
247,ERIE,2019,2018-12-31,513,6970762303.08,1
1366,GGG,2019,2018-12-31,514,6965388450.0,1
463,ON,2019,2018-12-31,515,6949539688.650001,1
1460,RHI,2019,2018-12-31,516,6948371830.400001,1
457,NDSN,2019,2018-12-31,517,6913591985.299999,1
54,STLD,2019,2018-12-31,518,6895748869.04,1
340,IVZ,2019,2018-12-31,519,6885762848.82,1
726,LAMR,2019,2018-12-31,520,6883788898.860001,1
1234,USFD,2019,2018-12-31,521,6875597498.28,1
683,WHR,2019,2018-12-31,522,6819190349.25,1
284,WAB,2019,2018-12-31,523,6787199956.5,1
1034,SLG,2019,2018-12-31,524,6743200485.0074,1
1235,CGNX,2019,2018-12-31,525,6658633201.29,1
1597,RNG,2019,2018-12-31,526,6622646749.2,1
679,BFH,2019,2018-12-31,527,6517544460.5642,1
618,GWRE,2019,2018-12-31,528,6501201531.96,1
1473,NBIX,2019,2018-12-31,529,6475614616.62,1
101,PNR,2019,2018-12-31,530,6474117374.7,1
1111,INGR,2019,2018-12-31,531,6462329513.6,1
1232,UNM,2019,2018-12-31,532,6426830724.34,1
1580,BAH,2019,2018-12-31,533,6415414243.66,1
617,MSGS,2019,2018-12-31,534,6358293147.4,1
941,KRC,2019,2018-12-31,535,6334970605.440001,1
1401,DLB,2019,2018-12-31,536,6332178225.200001,1
550,EWBC,2019,2018-12-31,537,6310081289.04,1
160,EPAM,2019,2018-12-31,538,6273843073.92,1
66,HWM,2019,2018-12-31,539,6248400408.3798,1
427,SW,2019,2018-12-31,540,6245815314.71,1
1200,VOYA,2019,2018-12-31,541,6242418943.38,1
743,BERY,2019,2018-12-31,542,6235922880.0,1
1295,ORI,2019,2018-12-31,543,6225368052.75,1
372,KIM,2019,2018-12-31,544,6173382618.25,1
569,ALV,2019,2018-12-31,545,6120159639.6,1
641,MAC,2019,2018-12-31,546,6104683038.56,1
1093,EHC,2019,2018-12-31,547,6103874012.2,1
727,WTRG,2019,2018-12-31,548,6083764463.009999,1
1198,WEX,2019,2018-12-31,549,6037065845.56,1
642,ARW,2019,2018-12-31,550,6010519328.8,1
1285,FL,2019,2018-12-31,551,6005758746.400001,1
1262,IPGP,2019,2018-12-31,552,5997754657.030001,1
630,CSL,2019,2018-12-31,553,5985415150.4,1
184,POOL,2019,2018-12-31,554,5985138950.400001,1
1415,CBSH,2019,2018-12-31,555,5976912589.83,1
1226,MPT,2019,2018-12-31,556,5958491612.879999,1
1002,SABR,2019,2018-12-31,557,5957768883.8,1
1391,POST,2019,2018-12-31,558,5942127930.9312,1
660,TTC,2019,2018-12-31,559,5913995817.400001,1
1288,ATR,2019,2018-12-31,560,5908919376.759999,1
1036,AMH,2019,2018-12-31,561,5888494976.85,1
841,EXEL,2019,2018-12-31,562,5880998265.450001,1
1438,HR,2019,2018-12-31,563,5837803405.56,1
772,TKO,2019,2018-12-31,564,5830016717.28,1
900,COLM,2019,2018-12-31,565,5802655256.55,1
1110,DEI,2019,2018-12-31,566,5800028172.4800005,1
1061,BIO,2019,2018-12-31,567,5772890970.94,1
1480,JLL,2019,2018-12-31,568,5768726116.2,1
1414,MIDD,2019,2018-12-31,569,5737127587.26,1
1170,ETSY,2019,2018-12-31,570,5730284245.51,1
867,FIVE,2019,2018-12-31,571,5705346214.879999,1
1210,MASI,2019,2018-12-31,572,5690157542.820001,1
356,TER,2019,2018-12-31,573,5624862175.8,1
647,CPRI,2019,2018-12-31,574,5624047768.320001,1
543,CFR,2019,2018-12-31,575,5623241164.04,1
1461,CCK,2019,2018-12-31,576,5619855242.19,1
1137,RGLD,2019,2018-12-31,577,5610856813.200001,1
959,JEF,2019,2018-12-31,578,5608512455.5145,1
1408,AXTA,2019,2018-12-31,579,5590708906.68,1
675,HOG,2019,2018-12-31,580,5555853430.0,1
354,AIZ,2019,2018-12-31,581,5550103946.4,1
782,DCI,2019,2018-12-31,582,5549208019.56,1
1197,OVV,2019,2018-12-31,583,5504797686.54,1
822,SEE,2019,2018-12-31,584,5467271320.160001,1
497,TECH,2019,2018-12-31,585,5465461510.8,1
128,CRL,2019,2018-12-31,586,5443552815.6,1
293,HUBB,2019,2018-12-31,587,5434567352.92,1
1449,STWD,2019,2018-12-31,588,5427186165.81,1
108,FICO,2019,2018-12-31,589,5414590236.0,1
914,RNR,2019,2018-12-31,590,5383558985.7,1
1343,FBIN,2019,2018-12-31,591,5371970517.43,1
567,CUBE,2019,2018-12-31,592,5345134431.77,1
1083,CG,2019,2018-12-31,593,5343292300.5,1
539,CIEN,2019,2018-12-31,594,5306298584.0199995,1
819,SON,2019,2018-12-31,595,5302857376.740001,1
1023,GNTX,2019,2018-12-31,596,5297383579.71,1
1195,EEFT,2019,2018-12-31,597,5278746687.78,1
1214,PRGO,2019,2018-12-31,598,5264441080.0,1
1604,RITM,2019,2018-12-31,599,5244973936.09,1
600,PLNT,2019,2018-12-31,600,5235079958.639999,1
729,HP,2019,2018-12-31,601,5227303868.28,1
1215,PK,2019,2018-12-31,602,5227133938.38,1
1361,HRB,2019,2018-12-31,603,5214240666.55,1
1491,HAE,2019,2018-12-31,604,5171016816.3,1
624,AMG,2019,2018-12-31,605,5132445914.4,1
1501,G,2019,2018-12-31,606,5110451265.99,1
1056,LECO,2019,2018-12-31,607,5081538162.049999,1
498,TTD,2019,2018-12-31,608,5018680447.2,1
1245,RS,2019,2018-12-31,609,5012648713.82,1
1362,FAF,2019,2018-12-31,610,4990200294.24,1
818,PINC,2019,2018-12-31,611,4980118424.400001,1
963,FLS,2019,2018-12-31,612,4975181505.14,1
1231,AA,2019,2018-12-31,613,4957011822.42,1
1393,THG,2019,2018-12-31,614,4943166842.389999,1
285,APO,2019,2018-12-31,615,4943040126.12,1
973,HXL,2019,2018-12-31,616,4936714995.22,1
10,MPWR,2019,2018-12-31,617,4930395000.0,1
944,COTY,2019,2018-12-31,618,4927052642.88,1
961,JBLU,2019,2018-12-31,619,4894866901.98,1
1063,VIRT,2019,2018-12-31,620,4874785228.320001,1
592,CC,2019,2018-12-31,621,4819424976.28,1
990,OC,2019,2018-12-31,622,4807883000.82,1
260,EQT,2019,2018-12-31,623,4806107140.0,1
1327,TOL,2019,2018-12-31,624,4791315000.0,1
1054,EPR,2019,2018-12-31,625,4759888392.3,1
1294,GT,2019,2018-12-31,626,4755735038.86,1
827,UTHR,2019,2018-12-31,627,4746643684.2,1
614,PII,2019,2018-12-31,628,4737336561.360001,1
1577,CVNA,2019,2018-12-31,629,4712374752.7300005,1
651,XRX,2019,2018-12-31,630,4708466290.320001,1
687,ICUI,2019,2018-12-31,631,4704930633.03,1
1148,CASY,2019,2018-12-31,632,4690629538.839999,1
523,IDA,2019,2018-12-31,633,4689552944.34,1
449,PODD,2019,2018-12-31,634,4686006994.08,1
929,MORN,2019,2018-12-31,635,4685778573.92,1
1291,CABO,2019,2018-12-31,636,4677359980.2,1
833,LEG,2019,2018-12-31,637,4674172303.360001,1
585,MDU,2019,2018-12-31,638,4668313598.8868,1
1183,BRKR,2019,2018-12-31,639,4661025579.21,1
989,LOPE,2019,2018-12-31,640,4627547479.5,1
966,NEU,2019,2018-12-31,641,4609013187.38,1
1372,AYI,2019,2018-12-31,642,4608241700.150001,1
711,WWD,2019,2018-12-31,643,4593720144.17,1
1085,ALKS,2019,2018-12-31,644,4585346044.37,1
623,WBS,2019,2018-12-31,645,4546343344.83,1
812,CHE,2019,2018-12-31,646,4535979641.12,1
768,TDC,2019,2018-12-31,647,4534152000.0,1
1274,FLR,2019,2018-12-31,648,4529523800.200001,1
843,HBI,2019,2018-12-31,649,4519980818.71,1
43,MDB,2019,2018-12-31,650,4488761444.48,1
1486,CW,2019,2018-12-31,651,4471855938.84,1
1138,WSO,2019,2018-12-31,652,4468940540.28,1
937,FLG,2019,2018-12-31,653,4455979443.64,1
1201,LIVN,2019,2018-12-31,654,4453224176.13,1
322,FSLR,2019,2018-12-31,655,4452903755.755,1
1027,ASH,2019,2018-12-31,656,4443408334.24,1
368,PWR,2019,2018-12-31,657,4410156703.400001,1
1240,OSK,2019,2018-12-31,658,4407827884.1,1
1410,OLED,2019,2018-12-31,659,4407242160.69,1
534,BRX,2019,2018-12-31,660,4404161671.65,1
957,NFG,2019,2018-12-31,661,4399629024.12,1
636,WOLF,2019,2018-12-31,662,4386975469.075,1
1277,KNX,2019,2018-12-31,663,4375706393.15,1
238,NWSA,2019,2018-12-31,664,4372188104.849999,1
911,AGCO,2019,2018-12-31,665,4358079799.57,1
1326,PB,2019,2018-12-31,666,4350999977.8,1
797,LFUS,2019,2018-12-31,667,4313881033.32,1
1045,KMPR,2019,2018-12-31,668,4297915285.96,1
666,CXT,2019,2018-12-31,669,4291032789.9000006,1
1105,TXRH,2019,2018-12-31,670,4271545925.1000004,1
795,FHN,2019,2018-12-31,671,4263087458.56,1
1175,GMED,2019,2018-12-31,672,4262260363.36,1
730,MSM,2019,2018-12-31,673,4256778337.44,1
1358,ITT,2019,2018-12-31,674,4228452000.0000005,1
1283,PEN,2019,2018-12-31,675,4216271243.6,1
209,TPL,2019,2018-12-31,676,4210837247.826,1
1264,JBGS,2019,2018-12-31,677,4209130133.8900003,1
1025,PRI,2019,2018-12-31,678,4195486147.95,1
1139,GDOT,2019,2018-12-31,679,4190828925.9199996,1
1185,CNK,2019,2018-12-31,680,4182280798.7999997,1
1453,OLLI,2019,2018-12-31,681,4182229676.1600003,1
885,OGS,2019,2018-12-31,682,4181097141.6,1
1400,WAL,2019,2018-12-31,683,4180364327.92,1
1130,MMS,2019,2018-12-31,684,4174437668.6200004,1
706,SNX,2019,2018-12-31,685,4143853486.2186003,1
757,ACM,2019,2018-12-31,686,4143315412.5,1
1383,JHG,2019,2018-12-31,687,4115668176.4799995,1
1341,POR,2019,2018-12-31,688,4091867615.15,1
135,IR,2019,2018-12-31,689,4064697971.65,1
866,MUR,2019,2018-12-31,690,4047785313.26,1
1041,NJR,2019,2018-12-31,691,4045859081.96,1
1186,AGO,2019,2018-12-31,692,4044951057.84,1
1205,WSM,2019,2018-12-31,693,4043833674.2000003,1
1592,AMRX,2019,2018-12-31,694,4039613160.66,1
893,KEX,2019,2018-12-31,695,4032573760.0,1
741,BC,2019,2018-12-31,696,4029073325.15,1
697,SWX,2019,2018-12-31,697,4018886725.5,1
1512,AVT,2019,2018-12-31,698,4015265639.5,1
609,FLEX,2019,2018-12-31,699,4007269997.5579996,1
1126,CHH,2019,2018-12-31,700,4007108384.04,1
1287,MAN,2019,2018-12-31,701,4006681070.3999996,1
1511,HIW,2019,2018-12-31,702,4004002022.9399996,1
1581,HE,2019,2018-12-31,703,3987157951.8999996,1
882,PBF,2019,2018-12-31,704,3956205372.57,1
1153,ENTG,2019,2018-12-31,705,3942430504.495,1
1570,ARES,2019,2018-12-31,706,3935014073.0600004,1
1439,LSTR,2019,2018-12-31,707,3933422014.59,1
1495,UAA,2019,2018-12-31,708,3923901484.4400005,1
1142,ALE,2019,2018-12-31,709,3919578057.7,1
172,JBL,2019,2018-12-31,710,3916495151.8399997,1
702,FFIN,2019,2018-12-31,711,3906860950.08,1
1246,NSP,2019,2018-12-31,712,3903387668.4,1
878,FLO,2019,2018-12-31,713,3895234473.29,1
1104,PSTG,2019,2018-12-31,714,3885197130.9599996,1
75,WBD,2019,2018-12-31,715,3877818974.8999996,1
1360,PPC,2019,2018-12-31,716,3861690021.09,1
1313,CBRL,2019,2018-12-31,717,3842135187.5000005,1
784,IART,2019,2018-12-31,718,3841597028.5,1
676,BXMT,2019,2018-12-31,719,3812673583.44,1
856,BWXT,2019,2018-12-31,720,3774300141.0499997,1
745,BKH,2019,2018-12-31,721,3765206643.6,1
1536,PEGA,2019,2018-12-31,722,3764252137.33,1
994,SR,2019,2018-12-31,723,3756345965.12,1
1180,WTFC,2019,2018-12-31,724,3750538531.4199996,1
681,AMED,2019,2018-12-31,725,3744417170.55,1
525,CRI,2019,2018-12-31,726,3742187870.96,1
276,DECK,2019,2018-12-31,727,3726186641.55,1
1324,HQY,2019,2018-12-31,728,3721482256.7,1
1270,MTG,2019,2018-12-31,729,3717180660.0000005,1
815,CARG,2019,2018-12-31,730,3712932525.3099995,1
690,VNOM,2019,2018-12-31,731,3707156008.08,1
1309,SNV,2019,2018-12-31,732,3706537664.8999996,1
544,WEN,2019,2018-12-31,733,3695952132.74,1
734,PEB,2019,2018-12-31,734,3689112591.5899997,1
871,NYT,2019,2018-12-31,735,3676737840.45,1
688,UA,2019,2018-12-31,736,3659281753.05,1
1243,FR,2019,2018-12-31,737,3645246802.08,1
883,VVV,2019,2018-12-31,738,3640986693.4500003,1
667,MSA,2019,2018-12-31,739,3626062555.5,1
653,SLM,2019,2018-12-31,740,3620346682.7400002,1
798,SKX,2019,2018-12-31,741,3617617317.3,1
1263,PNFP,2019,2018-12-31,742,3590675247.4,1
1188,SIGI,2019,2018-12-31,743,3588694745.9,1
1356,NXST,2019,2018-12-31,744,3586961967.04,1
1455,RYN,2019,2018-12-31,745,3584959588.4700003,1
650,BHF,2019,2018-12-31,746,3582385601.28,1
992,CACI,2019,2018-12-31,747,3578987931.18,1
793,RBA,2019,2018-12-31,748,3554845782.3199997,1
998,VSAT,2019,2018-12-31,749,3516380999.55,1
1152,NGVT,2019,2018-12-31,750,3512358829.2,1
582,URBN,2019,2018-12-31,751,3507323795.6000004,1
906,TNL,2019,2018-12-31,752,3492706309.1200004,1
1281,RDN,2019,2018-12-31,753,3490134882.08,1
859,BTU,2019,2018-12-31,754,3489960000.0,1
1014,MKSI,2019,2018-12-31,755,3488042825.54,1
1462,TREX,2019,2018-12-31,756,3487651686.4,1
1024,CVI,2019,2018-12-31,757,3466295053.5199995,1
728,HELE,2019,2018-12-31,758,3463333815.48,1
1075,MAT,2019,2018-12-31,759,3448056362.13,1
1353,TDS,2019,2018-12-31,760,3437278816.64,1
964,EME,2019,2018-12-31,761,3435764696.91,1
1523,RHP,2019,2018-12-31,762,3423423512.3399997,1
943,PAG,2019,2018-12-31,763,3421613059.2,1
1601,LAUR,2019,2018-12-31,764,3414383056.92,1
685,AEO,2019,2018-12-31,765,3410434271.3599997,1
946,SLAB,2019,2018-12-31,766,3400524931.14,1
788,SMG,2019,2018-12-31,767,3400339155.92,1
1498,GHC,2019,2018-12-31,768,3396200780.2200003,1
1239,EVR,2019,2018-12-31,769,3395814107.92,1
759,PFGC,2019,2018-12-31,770,3393523010.0800004,1
1370,OLN,2019,2018-12-31,771,3355058526.52,1
1293,ESNT,2019,2018-12-31,772,3354397035.68,1
1181,AL,2019,2018-12-31,773,3351316200.42,1
934,GBCI,2019,2018-12-31,774,3348749437.04,1
987,FIZZ,2019,2018-12-31,775,3347118829.7999997,1
1419,CUZ,2019,2018-12-31,776,3321039801.5,1
765,CHDN,2019,2018-12-31,777,3310694859.446,1
1122,EGP,2019,2018-12-31,778,3306019556.9100003,1
1230,SNDR,2019,2018-12-31,779,3304566998.5600004,1
1068,ASB,2019,2018-12-31,780,3280832983.56,1
1233,TXNM,2019,2018-12-31,781,3272967410.1600003,1
615,BCO,2019,2018-12-31,782,3272345281.9500003,1
1446,ENS,2019,2018-12-31,783,3271136625.5099998,1
682,APLE,2019,2018-12-31,784,3262314017.24,1
1211,RBC,2019,2018-12-31,785,3247153234.2,1
767,VAC,2019,2018-12-31,786,3242947462.8100004,1
1485,X,2019,2018-12-31,787,3233379957.12,1
731,AN,2019,2018-12-31,788,3210329283.0000005,1
1331,UBSI,2019,2018-12-31,789,3210052777.83,1
1216,ACIW,2019,2018-12-31,790,3209156777.15,1
971,LITE,2019,2018-12-31,791,3197072914.64,1
1060,MTZ,2019,2018-12-31,792,3191210465.04,1
1278,FNB,2019,2018-12-31,793,3191073673.2,1
1261,GPK,2019,2018-12-31,794,3190846464.4,1
1222,TWO,2019,2018-12-31,795,3185420657.64,1
854,PCTY,2019,2018-12-31,796,3179003826.42,1
541,FCFS,2019,2018-12-31,797,3171260755.2499995,1
985,DAR,2019,2018-12-31,798,3168018534.72,1
1413,LPX,2019,2018-12-31,799,3136986025.58,1
106,GNRC,2019,2018-12-31,800,3088326092.6000004,1
915,RLI,2019,2018-12-31,801,3068996279.4599996,1
1206,DKS,2019,2018-12-31,802,3067050667.2,1
1335,MMSI,2019,2018-12-31,803,3060263327.6200004,1
678,BLKB,2019,2018-12-31,804,3054868011.1,1
1224,PRLB,2019,2018-12-31,805,3053261167.2200003,1
1265,PR,2019,2018-12-31,806,3044391481.4,1
752,UMBF,2019,2018-12-31,807,3040953804.07,1
1312,FHB,2019,2018-12-31,808,3036020538.02,1
1405,WWW,2019,2018-12-31,809,3024442146.81,1
780,RRX,2019,2018-12-31,810,3022112090.7,1
826,SMTC,2019,2018-12-31,811,3018654151.2599998,1
1081,TRN,2019,2018-12-31,812,3012288462.2599998,1
1007,SFM,2019,2018-12-31,813,2999966184.36,1
1484,NWE,2019,2018-12-31,814,2991082974.24,1
1333,CBU,2019,2018-12-31,815,2984168344.2999997,1
1194,SF,2019,2018-12-31,816,2982736205.7005997,1
1519,ESI,2019,2018-12-31,817,2978446482.78,1
748,AR,2019,2018-12-31,818,2977709202.09,1
1164,DORM,2019,2018-12-31,819,2974827115.8199997,1
999,ZD,2019,2018-12-31,820,2972422303.9392,1
910,SHO,2019,2018-12-31,821,2969483673.47,1
1177,NEOG,2019,2018-12-31,822,2968666932.0,1
526,BKU,2019,2018-12-31,823,2968292737.56,1
663,HCSG,2019,2018-12-31,824,2965203640.0,1
863,HWC,2019,2018-12-31,825,2951015898.6,1
1051,MD,2019,2018-12-31,826,2950873332.0,1
1089,QLYS,2019,2018-12-31,827,2943199016.3199997,1
967,VLY,2019,2018-12-31,828,2943109206.96,1
1476,SBRA,2019,2018-12-31,829,2938136388.0,1
1363,OZK,2019,2018-12-31,830,2935954163.64,1
1250,YELP,2019,2018-12-31,831,2907091699.9900002,1
1514,AWI,2019,2018-12-31,832,2885244951.19,1
1365,LGND,2019,2018-12-31,833,2884130618.2,1
648,TKR,2019,2018-12-31,834,2868447071.28,1
972,TTEK,2019,2018-12-31,835,2865800258.53,1
986,EXP,2019,2018-12-31,836,2861658739.34,1
763,MCY,2019,2018-12-31,837,2861609526.67,1
1157,SATS,2019,2018-12-31,838,2861455385.1540003,1
1477,ASGN,2019,2018-12-31,839,2859997971.5,1
755,REXR,2019,2018-12-31,840,2847099823.8199997,1
1307,THS,2019,2018-12-31,841,2839621308.15,1
1418,CVBF,2019,2018-12-31,842,2832200343.91,1
870,USNA,2019,2018-12-31,843,2822763352.05,1
383,CZR,2019,2018-12-31,844,2802336945.2400002,1
694,MGY,2019,2018-12-31,845,2798906724.1800003,1
639,SAM,2019,2018-12-31,846,2798645575.68,1
1404,BOH,2019,2018-12-31,847,2793773133.3599997,1
1429,AVA,2019,2018-12-31,848,2790426240.0,1
892,HOMB,2019,2018-12-31,849,2789564800.0,1
1385,UNIT,2019,2018-12-31,850,2782584686.9579997,1
1433,CLH,2019,2018-12-31,851,2763870734.1,1
532,MANH,2019,2018-12-31,852,2748135953.0299997,1
1184,THO,2019,2018-12-31,853,2745963012.0,1
621,UNF,2019,2018-12-31,854,2739197188.71,1
640,ATI,2019,2018-12-31,855,2736149300.92,1
738,OI,2019,2018-12-31,856,2735964950.12,1
942,CVLT,2019,2018-12-31,857,2735178837.86,1
1100,KMT,2019,2018-12-31,858,2732380684.8,1
723,VYX,2019,2018-12-31,859,2728056000.0,1
1389,FULT,2019,2018-12-31,860,2725966080.0,1
1018,CATY,2019,2018-12-31,861,2718471674.59,1
1432,JJSF,2019,2018-12-31,862,2714532660.0,1
604,STAG,2019,2018-12-31,863,2709264955.68,1
1406,ENR,2019,2018-12-31,864,2704256902.2,1
922,SAIC,2019,2018-12-31,865,2698849180.3,1
1020,FUN,2019,2018-12-31,866,2669633710.7,1
988,FHI,2019,2018-12-31,867,2668279779.0,1
895,GATX,2019,2018-12-31,868,2662456000.0,1
1490,COLB,2019,2018-12-31,869,2658524654.75,1
884,AMN,2019,2018-12-31,870,2655533910.8199997,1
1255,ORA,2019,2018-12-31,871,2650172796.0,1
1252,CADE,2019,2018-12-31,872,2646799740.08,1
1171,SHOO,2019,2018-12-31,873,2646377406.4,1
1112,CLB,2019,2018-12-31,874,2638208811.46,1
713,EXPO,2019,2018-12-31,875,2637536177.21,1
1437,RAMP,2019,2018-12-31,876,2627406779.36,1
693,SLGN,2019,2018-12-31,877,2612794703.52,1
828,KW,2019,2018-12-31,878,2602042008.98,1
1479,VSH,2019,2018-12-31,879,2597314707.42,1
1347,CBT,2019,2018-12-31,880,2577647621.7,1
149,AXON,2019,2018-12-31,881,2572973462.5,1
804,TCBI,2019,2018-12-31,882,2564754273.9,1
947,FCN,2019,2018-12-31,883,2558110546.32,1
1497,HGV,2019,2018-12-31,884,2557484720.7000003,1
751,R,2019,2018-12-31,885,2556192640.95,1
598,MOGa,2019,2018-12-31,886,2551319240.08,1
695,RH,2019,2018-12-31,887,2542129876.7999997,1
776,WDFC,2019,2018-12-31,888,2535711809.4,1
1159,FND,2019,2018-12-31,889,2527543160.1,1
1066,OUT,2019,2018-12-31,890,2526895970.4,1
809,BCPC,2019,2018-12-31,891,2526624140.25,1
559,BGC,2019,2018-12-31,892,2523738850.16,1
1546,KNTK,2019,2018-12-31,893,2511703527.65,1
1189,XPO,2019,2018-12-31,894,2502961820.3214,1
1004,ALRM,2019,2018-12-31,895,2495054941.47,1
1478,SSD,2019,2018-12-31,896,2488239287.46,1
1091,MUSA,2019,2018-12-31,897,2472520057.12,1
1452,ITGR,2019,2018-12-31,898,2469503710.6200004,1
855,AWR,2019,2018-12-31,899,2463387414.5600004,1
849,STRA,2019,2018-12-31,900,2462267104.7,1
689,VMI,2019,2018-12-31,901,2450716856.0,1
1087,ENOV,2019,2018-12-31,902,2449468484.1,1
817,PRG,2019,2018-12-31,903,2444622069.0624,1
696,OMCL,2019,2018-12-31,904,2426710386.44,1
692,BOX,2019,2018-12-31,905,2420678003.6,1
1348,CNO,2019,2018-12-31,906,2413561176.96,1
1017,HLI,2019,2018-12-31,907,2407551716.7999997,1
562,GEO,2019,2018-12-31,908,2399389020.9,1
837,RRC,2019,2018-12-31,909,2387764237.65,1
1162,HI,2019,2018-12-31,910,2371667050.89,1
1003,KWR,2019,2018-12-31,911,2369649826.44,1
1565,RRR,2019,2018-12-31,912,2367158994.93,1
1026,SXT,2019,2018-12-31,913,2361061430.8,1
889,ONB,2019,2018-12-31,914,2346220800.0,1
923,TGNA,2019,2018-12-31,915,2340332848.7,1
1094,GNW,2019,2018-12-31,916,2333527792.42,1
1116,BYD,2019,2018-12-31,917,2331640243.6200004,1
904,CNX,2019,2018-12-31,918,2325109830.2,1
1040,FFBC,2019,2018-12-31,919,2322370667.72,1
1447,ZWS,2019,2018-12-31,920,2314066124.4374,1
781,RGEN,2019,2018-12-31,921,2313140484.06,1
1248,SKYW,2019,2018-12-31,922,2309254080.2599998,1
715,VIAV,2019,2018-12-31,923,2295644476.8,1
1050,CLF,2019,2018-12-31,924,2291761811.29,1
1314,CWT,2019,2018-12-31,925,2290920880.0,1
530,CDP,2019,2018-12-31,926,2289220986.48,1
637,MRCY,2019,2018-12-31,927,2288892984.45,1
1055,ACAD,2019,2018-12-31,928,2283195688.6200004,1
1154,AVNT,2019,2018-12-31,929,2282864612.6,1
1409,BRC,2019,2018-12-31,930,2280592574.7400002,1
1169,BDN,2019,2018-12-31,931,2276359679.8799996,1
970,IBOC,2019,2018-12-31,932,2275736678.4,1
1141,NAVI,2019,2018-12-31,933,2272681235.28,1
1160,JBTM,2019,2018-12-31,934,2269763011.76,1
1507,ACHC,2019,2018-12-31,935,2269064716.65,1
800,MNRO,2019,2018-12-31,936,2267890212.5,1
556,WLY,2019,2018-12-31,937,2260233459.33,1
716,SGI,2019,2018-12-31,938,2256260794.2,1
531,PTEN,2019,2018-12-31,939,2250230221.7999997,1
1494,IDCC,2019,2018-12-31,940,2248140268.92,1
1128,WCC,2019,2018-12-31,941,2241168384.0,1
1290,KFY,2019,2018-12-31,942,2240931714.24,1
1251,PENN,2019,2018-12-31,943,2238056917.1099997,1
742,BL,2019,2018-12-31,944,2237710170.15,1
1373,FOXF,2019,2018-12-31,945,2236357033.33,1
628,ARI,2019,2018-12-31,946,2230000392.9,1
1244,SFNC,2019,2018-12-31,947,2228348625.5899997,1
1568,FIBK,2019,2018-12-31,948,2215885111.44,1
1346,NOVT,2019,2018-12-31,949,2199022623.0,1
1259,SHEN,2019,2018-12-31,950,2192970837.75,1
881,WTS,2019,2018-12-31,951,2192455470.15,1
868,TNDM,2019,2018-12-31,952,2178311675.5099998,1
1412,PRA,2019,2018-12-31,953,2175483217.44,1
1338,EYE,2019,2018-12-31,954,2173718218.32,1
1149,MYGN,2019,2018-12-31,955,2173331369.07,1
1420,WAFD,2019,2018-12-31,956,2166810875.2200003,1
824,FUL,2019,2018-12-31,957,2163185732.35,1
1556,QTWO,2019,2018-12-31,958,2149227979.7,1
557,SSB,2019,2018-12-31,959,2147981462.55,1
674,KBR,2019,2018-12-31,960,2138526036.24,1
548,AVNS,2019,2018-12-31,961,2124320185.92,1
1268,ABM,2019,2018-12-31,962,2120206570.69,1
549,RES,2019,2018-12-31,963,2120056674.5399997,1
995,CXW,2019,2018-12-31,964,2116088096.0699997,1
551,HALO,2019,2018-12-31,965,2114876854.0900002,1
1048,CCOI,2019,2018-12-31,966,2094873119.79,1
644,AIT,2019,2018-12-31,967,2090423717.34,1
1073,WERN,2019,2018-12-31,968,2080855882.4199998,1
1304,TRNO,2019,2018-12-31,969,2079815652.24,1
1515,MGEE,2019,2018-12-31,970,2078715465.2,1
1374,SEM,2019,2018-12-31,971,2077344112.3999999,1
577,EVTC,2019,2018-12-31,972,2077268977.0,1
1168,COHR,2019,2018-12-31,973,2063897590.6200001,1
631,CALM,2019,2018-12-31,974,2056978866.6,1
820,SBH,2019,2018-12-31,975,2055276905.0,1
857,IPAR,2019,2018-12-31,976,2054560019.9399998,1
794,IRDM,2019,2018-12-31,977,2054201487.3,1
844,ADC,2019,2018-12-31,978,2038548940.3999999,1
1431,XNCR,2019,2018-12-31,979,2033433445.12,1
792,TEX,2019,2018-12-31,980,2031909000.0,1
1049,GTLS,2019,2018-12-31,981,2029200086.83,1
825,APPF,2019,2018-12-31,982,2028316268.1599998,1
952,GKOS,2019,2018-12-31,983,2023704892.72,1
1272,EPC,2019,2018-12-31,984,2021265468.0,1
1047,AIN,2019,2018-12-31,985,2014348088.01,1
1136,WOR,2019,2018-12-31,986,2011343278.9185002,1
1121,FELE,2019,2018-12-31,987,2004473111.0400002,1
649,JACK,2019,2018-12-31,988,1998397028.81,1
831,CWEN,2019,2018-12-31,989,1997759466.75,1
1440,CRUS,2019,2018-12-31,990,1985633840.82,1
962,PCH,2019,2018-12-31,991,1985554974.48,1
1022,INDB,2019,2018-12-31,992,1974337634.77,1
894,CAKE,2019,2018-12-31,993,1972538337.37,1
599,DAN,2019,2018-12-31,994,1971753882.22,1
969,OTTR,2019,2018-12-31,995,1968964841.76,1
1394,LXP,2019,2018-12-31,996,1939812314.9800003,1
919,ALTR,2019,2018-12-31,997,1939657299.58,1
1548,PRKS,2019,2018-12-31,998,1939086067.39,1
1504,XHR,2019,2018-12-31,999,1936019065.6,1
918,MC,2019,2018-12-31,1000,1933318009.6200001,1
397,AAPL,2020,2019-12-31,1,1304764767250.0,1
32,MSFT,2020,2019-12-31,2,1203062645958.5999,1
202,AMZN,2020,2019-12-31,3,916153935004.7999,1
282,META,2020,2019-12-31,4,585320975487.75,1
102,GOOGL,2020,2019-12-31,5,463612177927.73004,1
177,GOOG,2020,2019-12-31,6,459334079366.83997,1
216,JPM,2020,2019-12-31,7,437225998405.60004,1
85,V,2020,2019-12-31,8,405365715318.10004,1
228,JNJ,2020,2019-12-31,9,383911226842.13,1
288,WMT,2020,2019-12-31,10,337169585676.7464,1
51,BAC,2020,2019-12-31,11,316807682663.22,1
283,BRKb,2020,2019-12-31,12,313343494555.5,1
35,PG,2020,2019-12-31,13,308434665211.60004,1
461,MA,2020,2019-12-31,14,301236610092.87,1
428,XOM,2020,2019-12-31,15,295246581285.48,1
385,T,2020,2019-12-31,16,285479400000.0,1
17,UNH,2020,2019-12-31,17,278521040827.42004,1
42,DIS,2020,2019-12-31,18,260680864538.06998,1
278,INTC,2020,2019-12-31,19,260347500000.0,1
337,VZ,2020,2019-12-31,20,253937150432.6,1
473,HD,2020,2019-12-31,21,238215678147.6,1
169,KO,2020,2019-12-31,22,237146597716.95,1
289,MRK,2020,2019-12-31,23,231557003116.4858,1
496,WFC,2020,2019-12-31,24,227539525121.4,1
12,CVX,2020,2019-12-31,25,226820077851.51,1
174,PFE,2020,2019-12-31,26,216826914221.52,1
360,CMCSA,2020,2019-12-31,27,204749967985.65,1
64,CSCO,2020,2019-12-31,28,203458912857.2,1
126,PEP,2020,2019-12-31,29,190577477644.46,1
218,BA,2020,2019-12-31,30,183334872062.08,1
187,C,2020,2019-12-31,31,174415363866.6,1
419,ORCL,2020,2019-12-31,32,169941244020.0,1
402,ADBE,2020,2019-12-31,33,159653966034.29,1
296,NKE,2020,2019-12-31,34,158150211856.23,1
384,ABT,2020,2019-12-31,35,153608062536.3,1
268,MDT,2020,2019-12-31,36,152065828622.95,1
167,BMY,2020,2019-12-31,37,150473834877.16998,1
144,MCD,2020,2019-12-31,38,148818772150.86002,1
82,CRM,2020,2019-12-31,39,144261680000.0,1
78,NVDA,2020,2019-12-31,40,144003600000.0,1
125,AMGN,2020,2019-12-31,41,143239826228.87,1
141,NFLX,2020,2019-12-31,42,141984667416.93,1
234,ACN,2020,2019-12-31,43,138333129748.5,1
239,PM,2020,2019-12-31,44,132389371500.89,1
269,ABBV,2020,2019-12-31,45,130938943059.1,1
193,AZN,2020,2019-12-31,46,130846398966.72,1
370,TMO,2020,2019-12-31,47,130270019915.49,1
512,COST,2020,2019-12-31,48,129841401727.84001,1
89,PYPL,2020,2019-12-31,49,127012397208.33,1
480,LLY,2020,2019-12-31,50,126189987232.53001,1
211,AVGO,2020,2019-12-31,51,125710319169.78,1
295,UNP,2020,2019-12-31,52,125504397209.15,1
259,ASML,2020,2019-12-31,53,124238780333.64,1
346,RTX,2020,2019-12-31,54,121166270246.04999,1
57,TXN,2020,2019-12-31,55,119922341325.89,1
381,HON,2020,2019-12-31,56,119201122077.1263,1
460,IBM,2020,2019-12-31,57,118710844334.15999,1
206,NEE,2020,2019-12-31,58,118361972670.48,1
311,LIN,2020,2019-12-31,59,114364765503.3,1
97,LMT,2020,2019-12-31,60,109832968740.84,1
405,DHR,2020,2019-12-31,61,106723728481.2,1
134,SBUX,2020,2019-12-31,62,103833520000.0,1
400,AXP,2020,2019-12-31,63,101866534132.81999,1
404,CHTR,2020,2019-12-31,64,101855140132.04,1
45,AMT,2020,2019-12-31,65,101796570771.7,1
150,MMM,2020,2019-12-31,66,101474108590.7,1
471,QCOM,2020,2019-12-31,67,100744972262.49,1
213,UPS,2020,2019-12-31,68,100416723623.16,1
511,GE,2020,2019-12-31,69,97467280194.9,1
504,CVS,2020,2019-12-31,70,96648616080.03001,1
232,MO,2020,2019-12-31,71,93238194114.09999,1
25,USB,2020,2019-12-31,72,92602629833.56,1
62,LOW,2020,2019-12-31,73,91793097496.8,1
30,FIS,2020,2019-12-31,74,85484756422.45,1
217,BKNG,2020,2019-12-31,75,85060158955.73,1
110,MS,2020,2019-12-31,76,82742724392.4,1
297,GILD,2020,2019-12-31,77,82209161867.76001,1
273,GS,2020,2019-12-31,78,81415234256.85,1
71,CAT,2020,2019-12-31,79,81236199844.8,1
77,MDLZ,2020,2019-12-31,80,79305526354.68,1
28,SYK,2020,2019-12-31,81,78594560953.44,1
119,BLK,2020,2019-12-31,82,78018521213.59999,1
388,ELV,2020,2019-12-31,83,76583843404.90999,1
201,CI,2020,2019-12-31,84,76361754115.79001,1
123,TSLA,2020,2019-12-31,85,75743792967.42299,1
190,TFC,2020,2019-12-31,86,75543998520.32,1
178,EL,2020,2019-12-31,87,74315891236.62,1
203,ADP,2020,2019-12-31,88,73775024174.5,1
365,BDX,2020,2019-12-31,89,73750933944.2452,1
434,TJX,2020,2019-12-31,90,73466396905.18001,1
7,CME,2020,2019-12-31,91,71930129194.56,1
58,COP,2020,2019-12-31,92,70548966040.0,1
61,CB,2020,2019-12-31,93,70545470796.3,1
328,PNC,2020,2019-12-31,94,69945142867.56,1
1451,IAC,2020,2019-12-31,95,69743426801.0683,1
197,DUK,2020,2019-12-31,96,69117375390.28,1
379,ISRG,2020,2019-12-31,97,68321369939.554,1
118,INTU,2020,2019-12-31,98,68182115857.83,1
100,D,2020,2019-12-31,99,68168593814.42,1
188,TMUS,2020,2019-12-31,100,67198521468.0,1
343,SO,2020,2019-12-31,101,66804355099.3,1
445,SPGI,2020,2019-12-31,102,66733420000.0,1
362,BX,2020,2019-12-31,103,66267831149.979996,1
93,TGT,2020,2019-12-31,104,64968766283.41,1
380,ZTS,2020,2019-12-31,105,63038205737.5,1
40,BSX,2020,2019-12-31,106,63028702830.24,1
491,SCHW,2020,2019-12-31,107,60985609670.4,1
371,MU,2020,2019-12-31,108,59742779734.12,1
487,CCI,2020,2019-12-31,109,59101487726.200005,1
454,CL,2020,2019-12-31,110,58998924104.8,1
407,NOC,2020,2019-12-31,111,57734822403.28001,1
53,ITW,2020,2019-12-31,112,57734177024.479996,1
494,CSX,2020,2019-12-31,113,56609950702.2146,1
321,PLD,2020,2019-12-31,114,56316416814.5,1
344,VRTX,2020,2019-12-31,115,56302902292.6,1
261,AMAT,2020,2019-12-31,116,55870162141.92,1
351,SLB,2020,2019-12-31,117,55657516869.00001,1
389,ECL,2020,2019-12-31,118,55628282703.21,1
208,GPN,2020,2019-12-31,119,54809183710.4,1
230,DE,2020,2019-12-31,120,54543635466.079994,1
33,SHW,2020,2019-12-31,121,53866180064.21999,1
353,BIIB,2020,2019-12-31,122,53542518458.94,1
253,NOW,2020,2019-12-31,123,53245552000.0,1
9,LVS,2020,2019-12-31,124,53025242376.4,1
22,GM,2020,2019-12-31,125,52293496449.6,1
139,WBA,2020,2019-12-31,126,52230401351.04,1
315,APD,2020,2019-12-31,127,51857236485.18,1
251,ICE,2020,2019-12-31,128,51536422243.049995,1
453,AMD,2020,2019-12-31,129,51070958434.08,1
420,GD,2020,2019-12-31,130,51019132145.799995,1
246,NSC,2020,2019-12-31,131,50618749688.19,1
116,HCA,2020,2019-12-31,132,50133944523.0,1
92,EQIX,2020,2019-12-31,133,49777269998.3,1
458,MAR,2020,2019-12-31,134,49508103073.170006,1
74,PSX,2020,2019-12-31,135,49505877542.159996,1
840,ILMN,2020,2019-12-31,136,48765780000.0,1
196,EOG,2020,2019-12-31,137,48728560597.200005,1
393,EW,2020,2019-12-31,138,48657277709.0586,1
485,HUM,2020,2019-12-31,139,48536794013.399994,1
367,WM,2020,2019-12-31,140,48346527152.0,1
142,AON,2020,2019-12-31,141,48334007768.159996,1
275,KMI,2020,2019-12-31,142,47949318301.29,1
158,SPG,2020,2019-12-31,143,47733227413.76,1
60,DD,2020,2019-12-31,144,47415781681.1272,1
304,KMB,2020,2019-12-31,145,47152910142.450005,1
518,COF,2020,2019-12-31,146,46988706000.0,1
287,MET,2020,2019-12-31,147,46873605169.29,1
306,AEP,2020,2019-12-31,148,46703956704.21,1
219,EMR,2020,2019-12-31,149,46454071457.100006,1
1534,SHOP,2020,2019-12-31,150,46417761197.1,1
26,BK,2020,2019-12-31,151,46414275670.0,1
272,MCO,2020,2019-12-31,152,44823008000.0,1
265,AIG,2020,2019-12-31,153,44654615935.979996,1
408,EXC,2020,2019-12-31,154,44318443155.350006,1
316,PDD,2020,2019-12-31,155,43960348245.04,1
129,ADI,2020,2019-12-31,156,43769053531.96,1
476,LHX,2020,2019-12-31,157,43742062097.63,1
352,SYY,2020,2019-12-31,158,43526388476.48,1
122,SRE,2020,2019-12-31,159,42701596385.28,1
482,BAX,2020,2019-12-31,160,42692681765.78,1
501,LRCX,2020,2019-12-31,161,42421066851.2,1
138,PGR,2020,2019-12-31,162,42321372142.71,1
464,ROST,2020,2019-12-31,163,42112655496.4,1
495,KDP,2020,2019-12-31,164,40728374229.75,1
475,REGN,2020,2019-12-31,165,40531862211.12,1
499,ADSK,2020,2019-12-31,166,40367254546.92,1
749,VFC,2020,2019-12-31,167,39801576065.46,1
318,DG,2020,2019-12-31,168,39712529369.259995,1
323,FDX,2020,2019-12-31,169,39483815179.54,1
421,KHC,2020,2019-12-31,170,39235891555.98,1
406,ETN,2020,2019-12-31,171,39157248000.0,1
281,MPC,2020,2019-12-31,172,39121632967.25,1
333,AFL,2020,2019-12-31,173,38829552729.0,1
433,VLO,2020,2019-12-31,174,38457628351.8,1
334,WDAY,2020,2019-12-31,175,37823500000.0,1
506,DAL,2020,2019-12-31,176,37821522101.92,1
80,PRU,2020,2019-12-31,177,37683480000.0,1
401,DELL,2020,2019-12-31,178,37487838436.7602,1
1541,TRI,2020,2019-12-31,179,37172392128.2,1
157,PSA,2020,2019-12-31,180,37144188250.4,1
447,F,2020,2019-12-31,181,36873542053.5,1
442,ROP,2020,2019-12-31,182,36860443377.740005,1
156,OXY,2020,2019-12-31,183,36813612938.7,1
255,ALL,2020,2019-12-31,184,36428865244.200005,1
319,NEM,2020,2019-12-31,185,35621990646.0,1
456,NXPI,2020,2019-12-31,186,35572615564.5,1
514,TRV,2020,2019-12-31,187,35348543988.45,1
267,MNST,2020,2019-12-31,188,34169671018.199997,1
2,XEL,2020,2019-12-31,189,34045439265.04,1
130,CTSH,2020,2019-12-31,190,33960032280.440002,1
161,TSN,2020,2019-12-31,191,33233070900.000004,1
224,ORLY,2020,2019-12-31,192,33158434648.7934,1
342,WELL,2020,2019-12-31,193,33141084612.48,1
212,GIS,2020,2019-12-31,194,32393988504.280003,1
168,APH,2020,2019-12-31,195,32089297448.61,1
382,TEL,2020,2019-12-31,196,32056048730.88,1
171,STZ,2020,2019-12-31,197,31941778770.0,1
1579,CRH,2020,2019-12-31,198,31845736965.05,1
266,TT,2020,2019-12-31,199,31677067859.719997,1
154,PPG,2020,2019-12-31,200,31565474036.390003,1
363,LYB,2020,2019-12-31,201,31500654651.52,1
237,JCI,2020,2019-12-31,202,31404498470.31,1
286,EA,2020,2019-12-31,203,31390652936.63,1
1,HLT,2020,2019-12-31,204,31294695113.61,1
105,OKE,2020,2019-12-31,205,31258115465.5,1
326,ZBH,2020,2019-12-31,206,30786835304.16,1
430,HSY,2020,2019-12-31,207,30707264285.42,1
152,PAYX,2020,2019-12-31,208,30484353988.8,1
210,YUM,2020,2019-12-31,209,30467014585.56,1
324,LULU,2020,2019-12-31,210,30185421104.69,1
271,EQR,2020,2019-12-31,211,30075607933.28,1
3,ED,2020,2019-12-31,212,30074979011.76,1
425,TDG,2020,2019-12-31,213,29987075440.0,1
438,IQV,2020,2019-12-31,214,29980745095.21,1
444,PEG,2020,2019-12-31,215,29863147758.25,1
220,HPQ,2020,2019-12-31,216,29863002796.2,1
448,TEAM,2020,2019-12-31,217,29534675913.82,1
313,EBAY,2020,2019-12-31,218,29376389699.94,1
469,AVB,2020,2019-12-31,219,29287078411.5,1
335,WEC,2020,2019-12-31,220,29092526794.13,1
36,WMB,2020,2019-12-31,221,28749798389.92,1
14,RSG,2020,2019-12-31,222,28604941432.859997,1
37,TROW,2020,2019-12-31,223,28471246374.56,1
403,MELI,2020,2019-12-31,224,28431111662.700005,1
103,LUV,2020,2019-12-31,225,28408385281.48,1
390,STT,2020,2019-12-31,226,28269502805.6,1
115,KLAC,2020,2019-12-31,227,28114245174.149998,1
299,AZO,2020,2019-12-31,228,28106232541.41,1
292,RCL,2020,2019-12-31,229,27991799389.449997,1
44,CTAS,2020,2019-12-31,230,27917264725.84,1
191,MSI,2020,2019-12-31,231,27609087229.64,1
83,ES,2020,2019-12-31,232,27542381702.51,1
186,CMI,2020,2019-12-31,233,27417316434.960003,1
391,PCAR,2020,2019-12-31,234,27358603183.8,1
345,SBAC,2020,2019-12-31,235,27135716917.920002,1
1540,XYZ,2020,2019-12-31,236,27075762803.2,1
468,EIX,2020,2019-12-31,237,27042111590.35,1
307,CCL,2020,2019-12-31,238,26790213681.14,1
132,DFS,2020,2019-12-31,239,26588377219.46,1
256,A,2020,2019-12-31,240,26461747133.65,1
240,PH,2020,2019-12-31,241,26419692624.54,1
417,BKR,2020,2019-12-31,242,26329613447.059998,1
109,FE,2020,2019-12-31,243,26259148960.2,1
252,CNC,2020,2019-12-31,244,26094067760.0,1
418,WTW,2020,2019-12-31,245,25987644464.2,1
107,PPL,2020,2019-12-31,246,25942425582.84,1
431,ADM,2020,2019-12-31,247,25802410700.25,1
290,FTV,2020,2019-12-31,248,25624310533.435898,1
258,SWK,2020,2019-12-31,249,25194436394.960003,1
23,MCHP,2020,2019-12-31,250,25025738041.92,1
16,DLR,2020,2019-12-31,251,24992181653.92,1
309,DTE,2020,2019-12-31,252,24948685311.030003,1
451,O,2020,2019-12-31,253,24564374774.78,1
20,CPAY,2020,2019-12-31,254,24554645124.320004,1
490,KKR,2020,2019-12-31,255,24527274621.780003,1
516,MCK,2020,2019-12-31,256,24473017077.6,1
121,VRSK,2020,2019-12-31,257,24366547967.760002,1
484,APTV,2020,2019-12-31,258,24244709337.48,1
263,HRL,2020,2019-12-31,259,24121974476.73,1
312,ETR,2020,2019-12-31,260,23858023844.0,1
279,ROK,2020,2019-12-31,261,23546940345.5,1
88,SYF,2020,2019-12-31,262,23269400963.51,1
143,CMG,2020,2019-12-31,263,23267643220.44,1
147,CCEP,2020,2019-12-31,264,23221185273.600002,1
180,KR,2020,2019-12-31,265,23209026203.87,1
113,AME,2020,2019-12-31,266,22799853053.28,1
4,BBY,2020,2019-12-31,267,22720659846.6,1
163,PANW,2020,2019-12-31,268,22652637252.263,1
369,VRSN,2020,2019-12-31,269,22622368046.8,1
493,NTRS,2020,2019-12-31,270,22510302883.84,1
386,WY,2020,2019-12-31,271,22503300540.399998,1
162,IDXX,2020,2019-12-31,272,22400403026.36,1
31,MTB,2020,2019-12-31,273,22400224259.0,1
330,GLW,2020,2019-12-31,274,22388785608.47,1
13,UAL,2020,2019-12-31,275,22290615128.5,1
79,RMD,2020,2019-12-31,276,22282535481.31,1
443,DLTR,2020,2019-12-31,277,22258089879.3,1
176,AWK,2020,2019-12-31,278,22212861325.2,1
27,K,2020,2019-12-31,279,22135272571.8922,1
414,ALGN,2020,2019-12-31,280,21991967800.320004,1
73,CSGP,2020,2019-12-31,281,21918706140.8,1
274,HIG,2020,2019-12-31,282,21902798268.64,1
159,MSCI,2020,2019-12-31,283,21869722968.600002,1
155,FITB,2020,2019-12-31,284,21815175783.78,1
1583,FER,2020,2019-12-31,285,21688552495.0,1
90,ANSS,2020,2019-12-31,286,21671277884.480003,1
361,VTR,2020,2019-12-31,287,21521778198.98,1
47,HAL,2020,2019-12-31,288,21479873594.59,1
84,BXP,2020,2019-12-31,289,21339390482.280003,1
510,FAST,2020,2019-12-31,290,21214063261.45,1
396,BALL,2020,2019-12-31,291,21155466446.420002,1
21,CPRT,2020,2019-12-31,292,21134736409.52,1
373,AMP,2020,2019-12-31,293,21104950382.72,1
455,MKC,2020,2019-12-31,294,20978522597.67,1
509,SNPS,2020,2019-12-31,295,20954454878.399998,1
394,BFb,2020,2019-12-31,296,20875369559.199997,1
49,SWKS,2020,2019-12-31,297,20594969165.12,1
87,CDW,2020,2019-12-31,298,20523344474.52,1
245,CBRE,2020,2019-12-31,299,20516931570.42,1
52,HPE,2020,2019-12-31,300,20505804662.98,1
439,HES,2020,2019-12-31,301,20357423560.350002,1
310,DXCM,2020,2019-12-31,302,20020963339.12,1
8,KEYS,2020,2019-12-31,303,20015021753.43,1
452,KEY,2020,2019-12-31,304,19935550102.16,1
301,ESS,2020,2019-12-31,305,19881325820.72,1
285,APO,2020,2019-12-31,306,19659654642.420002,1
483,CDNS,2020,2019-12-31,307,19461930480.0,1
1145,IBKR,2020,2019-12-31,308,19366857835.92,1
477,DHI,2020,2019-12-31,309,19320910772.5,1
303,MTD,2020,2019-12-31,310,19319700569.28,1
320,CLX,2020,2019-12-31,311,19269802476.719997,1
181,VMC,2020,2019-12-31,312,19057739573.95,1
55,FCX,2020,2019-12-31,313,19035987612.8,1
69,AEE,2020,2019-12-31,314,18895088025.6,1
412,WDC,2020,2019-12-31,315,18876265836.45,1
305,INCY,2020,2019-12-31,316,18808491362.8,1
398,ARE,2020,2019-12-31,317,18606053983.920002,1
96,GRMN,2020,2019-12-31,318,18546391900.08,1
214,FTNT,2020,2019-12-31,319,18259561655.36,1
233,GWW,2020,2019-12-31,320,18174301978.559998,1
153,IP,2020,2019-12-31,321,18056963581.649998,1
298,CMS,2020,2019-12-31,322,17836661317.52,1
507,MRVL,2020,2019-12-31,323,17813792000.0,1
459,AJG,2020,2019-12-31,324,17762585290.0,1
185,CFG,2020,2019-12-31,325,17653936194.01,1
182,OMC,2020,2019-12-31,326,17640649475.7,1
63,AMCR,2020,2019-12-31,327,17562337404.68,1
204,NDAQ,2020,2019-12-31,328,17555303461.5,1
341,COR,2020,2019-12-31,329,17507504253.719997,1
59,MLM,2020,2019-12-31,330,17477649048.12,1
29,TFX,2020,2019-12-31,331,17427634242.6,1
300,DOC,2020,2019-12-31,332,17414990034.21,1
131,ACGL,2020,2019-12-31,333,17397007530.89,1
387,CHD,2020,2019-12-31,334,17264028941.25,1
377,CINF,2020,2019-12-31,335,17178779780.25,1
38,NUE,2020,2019-12-31,336,17064955226.76,1
378,EFX,2020,2019-12-31,337,16966203766.08,1
41,DOV,2020,2019-12-31,338,16743403650.36,1
262,MGM,2020,2019-12-31,339,16739721716.640001,1
308,CAG,2020,2019-12-31,340,16668504957.12,1
39,RF,2020,2019-12-31,341,16553206801.56,1
375,INVH,2020,2019-12-31,342,16233032468.25,1
1553,TRU,2020,2019-12-31,343,16120363000.0,1
151,GEN,2020,2019-12-31,344,15905260377.6,1
411,COO,2020,2019-12-31,345,15763243716.660002,1
226,EXPE,2020,2019-12-31,346,15668001454.08,1
317,STX,2020,2019-12-31,347,15631311402.0,1
466,L,2020,2019-12-31,348,15612572900.04,1
140,MAA,2020,2019-12-31,349,15600826944.62,1
264,ANET,2020,2019-12-31,350,15539567176.800001,1
117,GPC,2020,2019-12-31,351,15443521724.34,1
221,LEN,2020,2019-12-31,352,15402127533.324598,1
72,HBAN,2020,2019-12-31,353,15381652508.56,1
331,LYV,2020,2019-12-31,354,15274249214.98,1
492,PFG,2020,2019-12-31,355,15271956370.0,1
327,PAYC,2020,2019-12-31,356,15265374547.8,1
1072,BMRN,2020,2019-12-31,357,15205312538.699999,1
467,ODFL,2020,2019-12-31,358,15148907815.38,1
1218,BURL,2020,2019-12-31,359,15106974046.23,1
244,WAT,2020,2019-12-31,360,15055092186.050001,1
284,WAB,2020,2019-12-31,361,14912897099.6,1
257,WYNN,2020,2019-12-31,362,14908334135.220001,1
500,CPB,2020,2019-12-31,363,14907807248.74,1
338,CE,2020,2019-12-31,364,14882018576.4,1
291,EVRG,2020,2019-12-31,365,14834218767.28,1
364,CAH,2020,2019-12-31,366,14794060945.32,1
81,FANG,2020,2019-12-31,367,14767965399.24,1
120,ULTA,2020,2019-12-31,368,14469822113.88,1
489,HAS,2020,2019-12-31,369,14450966925.2,1
1046,LUMN,2020,2019-12-31,370,14401926411.0,1
277,DGX,2020,2019-12-31,371,14384301813.94,1
462,KMX,2020,2019-12-31,372,14323975136.130001,1
86,MKTX,2020,2019-12-31,373,14321668040.58,1
236,NTAP,2020,2019-12-31,374,14207081323.5,1
34,XYL,2020,2019-12-31,375,14188414246.090002,1
348,BR,2020,2019-12-31,376,14163382776.66,1
1597,RNG,2020,2019-12-31,377,14156697262.429998,1
515,LH,2020,2019-12-31,378,14111475029.999998,1
223,HOLX,2020,2019-12-31,379,13999871908.31,1
1531,OKTA,2020,2019-12-31,380,13983338937.300001,1
166,AKAM,2020,2019-12-31,381,13959112519.8,1
1577,CVNA,2020,2019-12-31,382,13950834092.65,1
222,TTWO,2020,2019-12-31,383,13877066109.060001,1
329,LDOS,2020,2019-12-31,384,13857682927.14,1
189,NVR,2020,2019-12-31,385,13835085212.519999,1
76,ZBRA,2020,2019-12-31,386,13794508950.08,1
136,IT,2020,2019-12-31,387,13784702060.6,1
622,WPC,2020,2019-12-31,388,13782879561.671202,1
437,IFF,2020,2019-12-31,389,13776268162.44,1
347,UDR,2020,2019-12-31,390,13757273843.5,1
46,MAS,2020,2019-12-31,391,13728659634.59,1
426,CNP,2020,2019-12-31,392,13696131786.21,1
350,EXR,2020,2019-12-31,393,13681424067.34,1
399,ATO,2020,2019-12-31,394,13675924850.56,1
1071,QRVO,2020,2019-12-31,395,13502919246.130001,1
1544,TWLO,2020,2019-12-31,396,13479371188.92,1
1107,NLY,2020,2019-12-31,397,13471600394.58,1
68,CBOE,2020,2019-12-31,398,13350602640.0,1
198,HST,2020,2019-12-31,399,13303653755.0,1
1011,DOCU,2020,2019-12-31,400,13299418646.76,1
486,EXPD,2020,2019-12-31,401,13286903134.9,1
148,DRI,2020,2019-12-31,402,13245815564.960001,1
199,AES,2020,2019-12-31,403,13212657854.4,1
112,LNT,2020,2019-12-31,404,13152086994.24,1
111,IEX,2020,2019-12-31,405,13082297124.0,1
70,BEN,2020,2019-12-31,406,12968281525.380001,1
413,STE,2020,2019-12-31,407,12922642388.3,1
183,FMC,2020,2019-12-31,408,12889187027.08,1
1582,ALNY,2020,2019-12-31,409,12840273816.48,1
1008,ELS,2020,2019-12-31,410,12817286592.05,1
1342,VNO,2020,2019-12-31,411,12700547520.5,1
50,WRB,2020,2019-12-31,412,12691940690.2708,1
339,TDY,2020,2019-12-31,413,12638367860.240002,1
845,XRAY,2020,2019-12-31,414,12586390264.380001,1
231,LW,2020,2019-12-31,415,12568304395.36,1
1238,AAL,2020,2019-12-31,416,12563502608.28,1
415,UHS,2020,2019-12-31,417,12561896722.68,1
207,URI,2020,2019-12-31,418,12533755947.03,1
565,FNF,2020,2019-12-31,419,12474843579.35,1
366,RJF,2020,2019-12-31,420,12450937505.58,1
508,JBHT,2020,2019-12-31,421,12446167395.56,1
241,NCLH,2020,2019-12-31,422,12446143626.509998,1
1172,EQH,2020,2019-12-31,423,12125586472.02,1
376,DPZ,2020,2019-12-31,424,12015736551.24,1
95,SJM,2020,2019-12-31,425,11876691786.57,1
359,VICI,2020,2019-12-31,426,11778725119.7,1
165,J,2020,2019-12-31,427,11727074141.5425,1
498,TTD,2020,2019-12-31,428,11725004300.579998,1
160,EPAM,2020,2019-12-31,429,11708624765.76,1
954,LNC,2020,2019-12-31,430,11703488883.029999,1
170,GDDY,2020,2019-12-31,431,11700729046.56,1
357,TYL,2020,2019-12-31,432,11696700028.019999,1
1163,ALLY,2020,2019-12-31,433,11614908487.199999,1
409,ALLE,2020,2019-12-31,434,11571827759.7,1
356,TER,2020,2019-12-31,435,11427121249.109999,1
179,GL,2020,2019-12-31,436,11397348627.0,1
302,EG,2020,2019-12-31,437,11290124315.519999,1
1196,WU,2020,2019-12-31,438,11227674528.460001,1
336,VST,2020,2019-12-31,439,11212179571.89,1
242,JKHY,2020,2019-12-31,440,11207398805.679998,1
1083,CG,2020,2019-12-31,441,11138894527.84,1
423,BRO,2020,2019-12-31,442,11123343094.919998,1
104,WST,2020,2019-12-31,443,11123018172.75,1
953,AAP,2020,2019-12-31,444,11092584863.36,1
250,TSCO,2020,2019-12-31,445,11062008957.44,1
1547,ELAN,2020,2019-12-31,446,10984967829.449999,1
94,LKQ,2020,2019-12-31,447,10950308409.6,1
175,AVY,2020,2019-12-31,448,10923848593.08,1
1226,MPT,2020,2019-12-31,449,10923166822.89,1
358,ROL,2020,2019-12-31,450,10858000378.3326,1
108,FICO,2020,2019-12-31,451,10851336784.16,1
1064,ARMK,2020,2019-12-31,452,10844960271.7547,1
519,RVTY,2020,2019-12-31,453,10787888748.099998,1
67,EMN,2020,2019-12-31,454,10778808825.960001,1
478,PKG,2020,2019-12-31,455,10600740348.81,1
449,PODD,2020,2019-12-31,456,10583852099.199999,1
479,TAP,2020,2019-12-31,457,10577818890.1,1
422,CHRW,2020,2019-12-31,458,10576583000.4,1
248,REG,2020,2019-12-31,459,10571606640.27,1
513,PHM,2020,2019-12-31,460,10514796158.8,1
470,NI,2020,2019-12-31,461,10399457498.88,1
481,TRMB,2020,2019-12-31,462,10386384036.38,1
440,CF,2020,2019-12-31,463,10380194657.140001,1
164,VTRS,2020,2019-12-31,464,10374263652.0,1
435,CPT,2020,2019-12-31,465,10273839444.3,1
332,HII,2020,2019-12-31,466,10261081564.16,1
66,HWM,2020,2019-12-31,467,10215937087.185799,1
1012,RGA,2020,2019-12-31,468,10209326179.36,1
579,CMA,2020,2019-12-31,469,10195358582.5,1
205,TXT,2020,2019-12-31,470,10180518694.6,1
446,FDS,2020,2019-12-31,471,10170267802.4,1
727,WTRG,2020,2019-12-31,472,10131565931.56,1
432,PNW,2020,2019-12-31,473,10109105402.320002,1
463,ON,2020,2019-12-31,474,10013405651.3,1
1580,BAH,2020,2019-12-31,475,9985247893.8,1
6,DVN,2020,2019-12-31,476,9975077000.0,1
1275,RPM,2020,2019-12-31,477,9954263282.2,1
1473,NBIX,2020,2019-12-31,478,9899132572.289999,1
5,NRG,2020,2019-12-31,479,9897598512.75,1
672,AFG,2020,2019-12-31,480,9887822413.35,1
520,SEIC,2020,2019-12-31,481,9838778464.24,1
1461,CCK,2020,2019-12-31,482,9834819270.12,1
1410,OLED,2020,2019-12-31,483,9785552328.15,1
133,MHK,2020,2019-12-31,484,9767840409.3,1
374,DAY,2020,2019-12-31,485,9751040062.0,1
229,FRT,2020,2019-12-31,486,9724367698.92,1
1241,NOV,2020,2019-12-31,487,9665094580.95,1
821,SRPT,2020,2019-12-31,488,9658012091.119999,1
852,MTN,2020,2019-12-31,489,9654963419.9,1
535,DXC,2020,2019-12-31,490,9622947039.93,1
472,APA,2020,2019-12-31,491,9622768584.33,1
1550,FTI,2020,2019-12-31,492,9585068604.480001,1
1235,CGNX,2020,2019-12-31,493,9577084355.76,1
517,HSIC,2020,2019-12-31,494,9564542784.48,1
24,TRGP,2020,2019-12-31,495,9504672509.19,1
1435,GLPI,2020,2019-12-31,496,9463632915.534,1
19,DVA,2020,2019-12-31,497,9441989260.59,1
1176,UGI,2020,2019-12-31,498,9438938521.24,1
502,LII,2020,2019-12-31,499,9415850395.12,1
457,NDSN,2020,2019-12-31,500,9397233576.24,1
683,WHR,2020,2019-12-31,501,9323862953.28,1
450,SNA,2020,2019-12-31,502,9290971520.6,1
1082,OHI,2020,2019-12-31,503,9253551272.35,1
1015,NNN,2020,2019-12-31,504,9203206020.82,1
1234,USFD,2020,2019-12-31,505,9191564833.73,1
1061,BIO,2020,2019-12-31,506,9190140936.15,1
630,CSL,2020,2019-12-31,507,9172011079.84,1
48,IRM,2020,2019-12-31,508,9151260349.220001,1
1276,H,2020,2019-12-31,509,9112064758.63,1
1343,FBIN,2020,2019-12-31,510,9092153976.521002,1
427,SW,2020,2019-12-31,511,9075439675.05,1
1198,WEX,2020,2019-12-31,512,9067442548.44,1
618,GWRE,2020,2019-12-31,513,9064771693.14,1
1098,WLK,2020,2019-12-31,514,9003054507.5,1
1480,JLL,2020,2019-12-31,515,8971706562.84,1
726,LAMR,2020,2019-12-31,516,8964509263.28,1
146,IPG,2020,2019-12-31,517,8956611510.0,1
474,BWA,2020,2019-12-31,518,8950813243.1676,1
372,KIM,2020,2019-12-31,519,8942887635.210001,1
747,OGE,2020,2019-12-31,520,8901836281.05,1
941,KRC,2020,2019-12-31,521,8894766479.300001,1
916,ZION,2020,2019-12-31,522,8850483870.800001,1
355,RL,2020,2019-12-31,523,8746535814.64,1
247,ERIE,2020,2019-12-31,524,8680118088.0,1
1366,GGG,2020,2019-12-31,525,8672560000.0,1
914,RNR,2020,2019-12-31,526,8654665042.98,1
200,PTC,2020,2019-12-31,527,8649285972.67,1
944,COTY,2020,2019-12-31,528,8607160890.0,1
890,ST,2020,2019-12-31,529,8557443216.5199995,1
1195,EEFT,2020,2019-12-31,530,8512618749.96,1
660,TTC,2020,2019-12-31,531,8511402796.74,1
65,MOH,2020,2019-12-31,532,8507763000.0,1
1291,CABO,2020,2019-12-31,533,8507167203.190001,1
184,POOL,2020,2019-12-31,534,8503214371.679999,1
114,FFIV,2020,2019-12-31,535,8489865342.0,1
1210,MASI,2020,2019-12-31,536,8473768253.16,1
580,JAZZ,2020,2019-12-31,537,8445175790.88,1
497,TECH,2020,2019-12-31,538,8366005509.839999,1
1442,ALK,2020,2019-12-31,539,8344999611.5,1
847,SCI,2020,2019-12-31,540,8339943846.89,1
1337,LEA,2020,2019-12-31,541,8296481530.4,1
1570,ARES,2020,2019-12-31,542,8260573416.36,1
410,JNPR,2020,2019-12-31,543,8243834641.5,1
1200,VOYA,2020,2019-12-31,544,8220053203.66,1
18,MOS,2020,2019-12-31,545,8196462524.88,1
527,DINO,2020,2019-12-31,546,8184072751.91,1
1360,PPC,2020,2019-12-31,547,8164751873.085001,1
340,IVZ,2020,2019-12-31,548,8161011872.5,1
56,BG,2020,2019-12-31,549,8152675321.15,1
1395,NWL,2020,2019-12-31,550,8137747999.999999,1
293,HUBB,2020,2019-12-31,551,8039279392.0,1
1501,G,2020,2019-12-31,552,8017283692.77,1
1137,RGLD,2020,2019-12-31,553,8006886489.0,1
1245,RS,2020,2019-12-31,554,7982825673.360001,1
536,KSS,2020,2019-12-31,555,7977134555.950001,1
651,XRX,2020,2019-12-31,556,7970861183.07,1
354,AIZ,2020,2019-12-31,557,7948144858.56,1
1036,AMH,2020,2019-12-31,558,7882465485.54,1
1183,BRKR,2020,2019-12-31,559,7848954094.679999,1
173,AOS,2020,2019-12-31,560,7770654155.52,1
325,ALB,2020,2019-12-31,561,7744652730.320001,1
10,MPWR,2020,2019-12-31,562,7733010780.0,1
101,PNR,2020,2019-12-31,563,7719617111.25,1
1391,POST,2020,2019-12-31,564,7713858885.2301,1
1110,DEI,2020,2019-12-31,565,7697834138.3,1
1262,IPGP,2020,2019-12-31,566,7682336004.999999,1
1220,PVH,2020,2019-12-31,567,7671567032.55,1
135,IR,2020,2019-12-31,568,7505932241.08,1
43,MDB,2020,2019-12-31,569,7468023353.460001,1
128,CRL,2020,2019-12-31,570,7460634183.0,1
194,TPR,2020,2019-12-31,571,7441984345.65,1
632,DBX,2020,2019-12-31,572,7438434858.36,1
1288,ATR,2020,2019-12-31,573,7391248873.9800005,1
569,ALV,2020,2019-12-31,574,7364407426.75,1
1034,SLG,2020,2019-12-31,575,7360532067.0,1
711,WWD,2020,2019-12-31,576,7344725915.5199995,1
54,STLD,2020,2019-12-31,577,7333991832.76,1
1460,RHI,2020,2019-12-31,578,7331500479.45,1
1023,GNTX,2020,2019-12-31,579,7331135920.92,1
782,DCI,2020,2019-12-31,580,7292432085.98,1
1415,CBSH,2020,2019-12-31,581,7255449451.735201,1
1438,HR,2020,2019-12-31,582,7223047021.44,1
1408,AXTA,2020,2019-12-31,583,7133370944.0,1
867,FIVE,2020,2019-12-31,584,7118353871.5199995,1
424,CTRA,2020,2019-12-31,585,7101968556.93,1
550,EWBC,2020,2019-12-31,586,7091956249.5,1
990,OC,2020,2019-12-31,587,7084239720.8,1
812,CHE,2020,2019-12-31,588,7032226669.08,1
1214,PRGO,2020,2019-12-31,589,7031421574.379999,1
617,MSGS,2020,2019-12-31,590,7026112739.289999,1
1449,STWD,2020,2019-12-31,591,7008763591.28,1
1401,DLB,2020,2019-12-31,592,6915835099.2,1
642,ARW,2020,2019-12-31,593,6901954872.44,1
1093,EHC,2020,2019-12-31,594,6830024493.719999,1
1295,ORI,2020,2019-12-31,595,6790863271.22,1
1326,PB,2020,2019-12-31,596,6782912656.52,1
757,ACM,2020,2019-12-31,597,6775127547.22,1
798,SKX,2020,2019-12-31,598,6770368518.2,1
900,COLM,2020,2019-12-31,599,6765429639.43,1
1153,ENTG,2020,2019-12-31,600,6755857994.740001,1
600,PLNT,2020,2019-12-31,601,6747670848.76,1
1604,RITM,2020,2019-12-31,602,6694039765.8,1
833,LEG,2020,2019-12-31,603,6689370019.0199995,1
572,GAP,2020,2019-12-31,604,6599933197.5199995,1
706,SNX,2020,2019-12-31,605,6591209366.6146,1
1055,ACAD,2020,2019-12-31,606,6589209264.360001,1
539,CIEN,2020,2019-12-31,607,6576568333.679999,1
1362,FAF,2020,2019-12-31,608,6551452899.36,1
15,MRNA,2020,2019-12-31,609,6518372249.4,1
963,FLS,2020,2019-12-31,610,6512909565.96,1
1358,ITT,2020,2019-12-31,611,6481907000.0,1
929,MORN,2020,2019-12-31,612,6477560975.77,1
854,PCTY,2020,2019-12-31,613,6465429907.0199995,1
1240,OSK,2020,2019-12-31,614,6441605840.1,1
534,BRX,2020,2019-12-31,615,6436695539.87,1
609,FLEX,2020,2019-12-31,616,6414849319.94,1
959,JEF,2020,2019-12-31,617,6408252501.84,1
1117,JWN,2020,2019-12-31,618,6354512125.31,1
775,ARWR,2020,2019-12-31,619,6349740769.53,1
172,JBL,2020,2019-12-31,620,6333021028.639999,1
1536,PEGA,2020,2019-12-31,621,6318846528.3,1
106,GNRC,2020,2019-12-31,622,6293384480.67,1
743,BERY,2020,2019-12-31,623,6273429000.0,1
992,CACI,2020,2019-12-31,624,6260244330.21,1
614,PII,2020,2019-12-31,625,6221291150.7,1
1111,INGR,2020,2019-12-31,626,6210685416.650001,1
1215,PK,2020,2019-12-31,627,6192938507.99,1
973,HXL,2020,2019-12-31,628,6185759537.34,1
819,SON,2020,2019-12-31,629,6178039795.76,1
822,SEE,2020,2019-12-31,630,6154362043.69,1
1414,MIDD,2020,2019-12-31,631,6148546001.5199995,1
1002,SABR,2020,2019-12-31,632,6146005250.88,1
543,CFR,2020,2019-12-31,633,6117651558.82,1
1277,KNX,2020,2019-12-31,634,6115935544.320001,1
567,CUBE,2020,2019-12-31,635,6093175115.52,1
1197,OVV,2020,2019-12-31,636,6092836386.84,1
209,TPL,2020,2019-12-31,637,6059251004.8548,1
1419,CUZ,2020,2019-12-31,638,6046605565.200001,1
759,PFGC,2020,2019-12-31,639,6029852605.92,1
1232,UNM,2020,2019-12-31,640,6014788701.84,1
1486,CW,2020,2019-12-31,641,6014488855.169999,1
1552,NTNX,2020,2019-12-31,642,6009712399.02,1
1014,MKSI,2020,2019-12-31,643,5996684153.55,1
1508,WH,2020,2019-12-31,644,5977468036.9800005,1
1264,JBGS,2020,2019-12-31,645,5955106497.45,1
227,ZS,2020,2019-12-31,646,5950021564.5,1
585,MDU,2020,2019-12-31,647,5947313078.3724,1
788,SMG,2020,2019-12-31,648,5926959742.68,1
971,LITE,2020,2019-12-31,649,5925010599.3,1
856,BWXT,2020,2019-12-31,650,5917007139.2,1
1056,LECO,2020,2019-12-31,651,5914909688.34,1
322,FSLR,2020,2019-12-31,652,5900921619.16,1
1594,ADT,2020,2019-12-31,653,5895979709.88,1
1138,WSO,2020,2019-12-31,654,5881477930.650001,1
1175,GMED,2020,2019-12-31,655,5853216816.64,1
1400,WAL,2020,2019-12-31,656,5850330888.0,1
1148,CASY,2020,2019-12-31,657,5849504115.52,1
911,AGCO,2020,2019-12-31,658,5834100842.25,1
1491,HAE,2020,2019-12-31,659,5823435680.700001,1
368,PWR,2020,2019-12-31,660,5794244733.150001,1
1309,SNV,2020,2019-12-31,661,5768577763.200001,1
1126,CHH,2020,2019-12-31,662,5764227128.440001,1
98,PCG,2020,2019-12-31,663,5752724849.79,1
675,HOG,2020,2019-12-31,664,5738133909.719999,1
1283,PEN,2020,2019-12-31,665,5735370746.84,1
1287,MAN,2020,2019-12-31,666,5725163106.5,1
1205,WSM,2020,2019-12-31,667,5689204460.639999,1
647,CPRI,2020,2019-12-31,668,5684817146.75,1
937,FLG,2020,2019-12-31,669,5617508307.62,1
1054,EPR,2020,2019-12-31,670,5542298550.4,1
238,NWSA,2020,2019-12-31,671,5494199755.38,1
1327,TOL,2020,2019-12-31,672,5479878960.0,1
765,CHDN,2020,2019-12-31,673,5464931740.799999,1
1372,AYI,2020,2019-12-31,674,5454036000.0,1
966,NEU,2020,2019-12-31,675,5443452859.48,1
767,VAC,2020,2019-12-31,676,5413293927.36,1
1356,NXST,2020,2019-12-31,677,5409772541.25,1
961,JBLU,2020,2019-12-31,678,5404352541.12,1
1025,PRI,2020,2019-12-31,679,5399913162.24,1
681,AMED,2020,2019-12-31,680,5388853792.919999,1
1181,AL,2020,2019-12-31,681,5386404687.84,1
1393,THG,2020,2019-12-31,682,5383643411.839999,1
523,IDA,2020,2019-12-31,683,5382439756.8,1
843,HBI,2020,2019-12-31,684,5371202335.95,1
893,KEX,2020,2019-12-31,685,5367054910.0,1
841,EXEL,2020,2019-12-31,686,5353771911.72,1
871,NYT,2020,2019-12-31,687,5341462437.570001,1
1243,FR,2020,2019-12-31,688,5269765648.139999,1
704,M,2020,2019-12-31,689,5252410049.0,1
1324,HQY,2020,2019-12-31,690,5250027380.759999,1
1170,ETSY,2020,2019-12-31,691,5249049232.799999,1
1462,TREX,2020,2019-12-31,692,5234676003.48,1
755,REXR,2020,2019-12-31,693,5196940011.0,1
666,CXT,2020,2019-12-31,694,5180982170.5686,1
75,WBD,2020,2019-12-31,695,5177504483.9800005,1
1045,KMPR,2020,2019-12-31,696,5165153970.0,1
1122,EGP,2020,2019-12-31,697,5164306184.509999,1
1159,FND,2020,2019-12-31,698,5155073764.9800005,1
795,FHN,2020,2019-12-31,699,5153135947.92,1
1293,ESNT,2020,2019-12-31,700,5115486331.41,1
544,WEN,2020,2019-12-31,701,5109345802.27,1
1581,HE,2020,2019-12-31,702,5106454349.04,1
772,TKO,2020,2019-12-31,703,5095933298.820001,1
1511,HIW,2020,2019-12-31,704,5074096834.86,1
1281,RDN,2020,2019-12-31,705,5060918602.08,1
532,MANH,2020,2019-12-31,706,5060694633.5,1
946,SLAB,2020,2019-12-31,707,5030431738.62,1
922,SAIC,2020,2019-12-31,708,5023123596.66,1
886,BBWI,2020,2019-12-31,709,5009693517.8922,1
784,IART,2020,2019-12-31,710,5004251189.32,1
676,BXMT,2020,2019-12-31,711,4998233565.18,1
1341,POR,2020,2019-12-31,712,4986907647.96,1
636,WOLF,2020,2019-12-31,713,4970803670.3,1
885,OGS,2020,2019-12-31,714,4937852553.929999,1
729,HP,2020,2019-12-31,715,4926728674.56,1
1270,MTG,2020,2019-12-31,716,4921354360.0,1
623,WBS,2020,2019-12-31,717,4910822931.04,1
1263,PNFP,2020,2019-12-31,718,4900188032.0,1
1060,MTZ,2020,2019-12-31,719,4897473823.679999,1
667,MSA,2020,2019-12-31,720,4894919906.76,1
741,BC,2020,2019-12-31,721,4892787886.88,1
964,EME,2020,2019-12-31,722,4846014687.5,1
1261,GPK,2020,2019-12-31,723,4832611001.549999,1
745,BKH,2020,2019-12-31,724,4826602736.34,1
781,RGEN,2020,2019-12-31,725,4815443625.0,1
1495,UAA,2020,2019-12-31,726,4809274819.200001,1
525,CRI,2020,2019-12-31,727,4806925682.02,1
1433,CLH,2020,2019-12-31,728,4785625866.0,1
702,FFIN,2020,2019-12-31,729,4768147004.400001,1
1440,CRUS,2020,2019-12-31,730,4763243362.17,1
1130,MMS,2020,2019-12-31,731,4759434781.83,1
1523,RHP,2020,2019-12-31,732,4757372113.48,1
276,DECK,2020,2019-12-31,733,4724037299.9016,1
716,SGI,2020,2019-12-31,734,4709098645.02,1
972,TTEK,2020,2019-12-31,735,4703286485.04,1
1075,MAT,2020,2019-12-31,736,4697994889.5,1
906,TNL,2020,2019-12-31,737,4688501028.42,1
1186,AGO,2020,2019-12-31,738,4676065447.440001,1
797,LFUS,2020,2019-12-31,739,4659685782.6,1
793,RBA,2020,2019-12-31,740,4648916547.05,1
383,CZR,2020,2019-12-31,741,4638173039.64,1
938,SEDG,2020,2019-12-31,742,4622381003.1,1
818,PINC,2020,2019-12-31,743,4622074757.72,1
989,LOPE,2020,2019-12-31,744,4619479455.3,1
967,VLY,2020,2019-12-31,745,4617537565.5,1
1027,ASH,2020,2019-12-31,746,4610739261.75,1
878,FLO,2020,2019-12-31,747,4598315903.54,1
985,DAR,2020,2019-12-31,748,4597004823.84,1
1361,HRB,2020,2019-12-31,749,4584376690.4800005,1
1383,JHG,2020,2019-12-31,750,4584047687.849999,1
1514,AWI,2020,2019-12-31,751,4557352361.5,1
639,SAM,2020,2019-12-31,752,4550639875.650001,1
615,BCO,2020,2019-12-31,753,4536259926.96,1
728,HELE,2020,2019-12-31,754,4524234301.47,1
1439,LSTR,2020,2019-12-31,755,4494846647.91,1
998,VSAT,2020,2019-12-31,756,4490700629.2,1
723,VYX,2020,2019-12-31,757,4486428760.0,1
1193,CWK,2020,2019-12-31,758,4479842281.04,1
1104,PSTG,2020,2019-12-31,759,4455024000.83,1
688,UA,2020,2019-12-31,760,4390565648.28,1
1216,ACIW,2020,2019-12-31,761,4379454665.825,1
1476,SBRA,2020,2019-12-31,762,4379139104.12,1
1206,DKS,2020,2019-12-31,763,4349526392.75,1
149,AXON,2020,2019-12-31,764,4348505915.2,1
730,MSM,2020,2019-12-31,765,4346636370.51,1
731,AN,2020,2019-12-31,766,4338398039.400001,1
1364,NVT,2020,2019-12-31,767,4335619122.04,1
674,KBR,2020,2019-12-31,768,4322280965.0,1
1041,NJR,2020,2019-12-31,769,4310575293.25,1
1087,ENOV,2020,2019-12-31,770,4294989403.16,1
1512,AVT,2020,2019-12-31,771,4284838229.52,1
1526,ANGI,2020,2019-12-31,772,4258716635.2500005,1
994,SR,2020,2019-12-31,773,4246911198.48,1
934,GBCI,2020,2019-12-31,774,4244405602.5,1
648,TKR,2020,2019-12-31,775,4241505082.59,1
1455,RYN,2020,2019-12-31,776,4236309375.4799995,1
1157,SATS,2020,2019-12-31,777,4226480453.4100003,1
866,MUR,2020,2019-12-31,778,4213764911.2000003,1
604,STAG,2020,2019-12-31,779,4197457667.48,1
1142,ALE,2020,2019-12-31,780,4193895374.9900002,1
624,AMG,2020,2019-12-31,781,4175322753.66,1
875,TRIP,2020,2019-12-31,782,4173658233.3599997,1
947,FCN,2020,2019-12-31,783,4164226873.18,1
650,BHF,2020,2019-12-31,784,4159451018.2299995,1
1453,OLLI,2020,2019-12-31,785,4157770836.6600003,1
697,SWX,2020,2019-12-31,786,4149955452.7999997,1
1194,SF,2020,2019-12-31,787,4146888481.7976003,1
1278,FNB,2020,2019-12-31,788,4126545836.2999997,1
679,BFH,2020,2019-12-31,789,4119616912.9104,1
1184,THO,2020,2019-12-31,790,4100715583.2400002,1
641,MAC,2020,2019-12-31,791,4091375818.44,1
1285,FL,2020,2019-12-31,792,4077002333.67,1
943,PAG,2020,2019-12-31,793,4071135373.74,1
1024,CVI,2020,2019-12-31,794,4064452117.57,1
695,RH,2020,2019-12-31,795,4055861635.0,1
1180,WTFC,2020,2019-12-31,796,4046428835.1000004,1
1021,FTDR,2020,2019-12-31,797,4045365109.2000003,1
1233,TXNM,2020,2019-12-31,798,4039235273.04,1
915,RLI,2020,2019-12-31,799,4036180649.7599998,1
883,VVV,2020,2019-12-31,800,4034525278.42,1
957,NFG,2020,2019-12-31,801,4017554656.18,1
799,GTES,2020,2019-12-31,802,3992025400.0,1
1231,AA,2020,2019-12-31,803,3991829370.6600003,1
1222,TWO,2020,2019-12-31,804,3989797005.8399997,1
999,ZD,2020,2019-12-31,805,3969339619.2999997,1
1185,CNK,2020,2019-12-31,806,3965487184.65,1
1211,RBC,2020,2019-12-31,807,3961665058.26,1
1223,THC,2020,2019-12-31,808,3951134075.7000003,1
815,CARG,2020,2019-12-31,809,3944884427.74,1
1363,OZK,2020,2019-12-31,810,3933562461.6099997,1
1331,UBSI,2020,2019-12-31,811,3926064920.8599997,1
678,BLKB,2020,2019-12-31,812,3911523065.2,1
1105,TXRH,2020,2019-12-31,813,3909131269.12,1
690,VNOM,2020,2019-12-31,814,3908996002.98,1
1556,QTWO,2020,2019-12-31,815,3904466588.4,1
1188,SIGI,2020,2019-12-31,816,3872388022.35,1
687,ICUI,2020,2019-12-31,817,3868394070.96,1
827,UTHR,2020,2019-12-31,818,3865069308.0,1
1230,SNDR,2020,2019-12-31,819,3864704395.5,1
1601,LAUR,2020,2019-12-31,820,3849864969.93,1
1066,OUT,2020,2019-12-31,821,3849340017.2400002,1
637,MRCY,2020,2019-12-31,822,3838158268.95,1
1447,ZWS,2020,2019-12-31,823,3829416848.1366,1
863,HWC,2020,2019-12-31,824,3826959973.6000004,1
621,UNF,2020,2019-12-31,825,3826479793.1,1
1031,AM,2020,2019-12-31,826,3820957185.21,1
1404,BOH,2020,2019-12-31,827,3810177376.2,1
1255,ORA,2020,2019-12-31,828,3800062521.72,1
986,EXP,2020,2019-12-31,829,3775442320.2,1
653,SLM,2020,2019-12-31,830,3761525130.66,1
882,PBF,2020,2019-12-31,831,3759502139.1600003,1
1312,FHB,2020,2019-12-31,832,3748436619.15,1
1477,ASGN,2020,2019-12-31,833,3747216000.0,1
825,APPF,2020,2019-12-31,834,3745139659.65,1
1313,CBRL,2020,2019-12-31,835,3686812035.5,1
1333,CBU,2020,2019-12-31,836,3667724982.6,1
1152,NGVT,2020,2019-12-31,837,3654607945.66,1
1201,LIVN,2020,2019-12-31,838,3654118096.9,1
682,APLE,2020,2019-12-31,839,3637772336.25,1
1304,TRNO,2020,2019-12-31,840,3627970775.68,1
923,TGNA,2020,2019-12-31,841,3620121951.88,1
1294,GT,2020,2019-12-31,842,3618688200.04,1
1171,SHOO,2020,2019-12-31,843,3617001604.5899997,1
1484,NWE,2020,2019-12-31,844,3615524664.4500003,1
1091,MUSA,2020,2019-12-31,845,3598879167.0,1
713,EXPO,2020,2019-12-31,846,3576712596.03,1
1160,JBTM,2020,2019-12-31,847,3567558592.7,1
1478,SSD,2020,2019-12-31,848,3556372700.1400003,1
868,TNDM,2020,2019-12-31,849,3522525444.21,1
1068,ASB,2020,2019-12-31,850,3511895740.48,1
780,RRX,2020,2019-12-31,851,3505060457.85,1
826,SMTC,2020,2019-12-31,852,3504436676.0,1
734,PEB,2020,2019-12-31,853,3502301159.35,1
991,BLD,2020,2019-12-31,854,3499331183.7599998,1
849,STRA,2020,2019-12-31,855,3490208150.1,1
1432,JJSF,2020,2019-12-31,856,3482703000.0,1
526,BKU,2020,2019-12-31,857,3477888125.36,1
1406,ENR,2020,2019-12-31,858,3477318927.2999997,1
715,VIAV,2020,2019-12-31,859,3446857335.0,1
693,SLGN,2020,2019-12-31,860,3442678950.48,1
1246,NSP,2020,2019-12-31,861,3441417767.28,1
541,FCFS,2020,2019-12-31,862,3441246069.25,1
1177,NEOG,2020,2019-12-31,863,3439895909.5800004,1
696,OMCL,2020,2019-12-31,864,3427181450.2799997,1
1115,LAD,2020,2019-12-31,865,3417014559.0,1
1239,EVR,2020,2019-12-31,866,3402410658.36,1
1498,GHC,2020,2019-12-31,867,3395839510.14,1
881,WTS,2020,2019-12-31,868,3378442830.56,1
752,UMBF,2020,2019-12-31,869,3369691079.04,1
1116,BYD,2020,2019-12-31,870,3328293453.2400002,1
1207,ITRI,2020,2019-12-31,871,3321765165.2000003,1
1413,LPX,2020,2019-12-31,872,3321408773.07,1
988,FHI,2020,2019-12-31,873,3296129167.7900004,1
530,CDP,2020,2019-12-31,874,3292291216.5,1
1252,CADE,2020,2019-12-31,875,3283061273.64,1
892,HOMB,2020,2019-12-31,876,3280018034.78,1
809,BCPC,2020,2019-12-31,877,3269318904.31,1
694,MGY,2020,2019-12-31,878,3259109053.76,1
1248,SKYW,2020,2019-12-31,879,3258732755.3199997,1
1437,RAMP,2020,2019-12-31,880,3254123309.91,1
1089,QLYS,2020,2019-12-31,881,3231611283.6000004,1
794,IRDM,2020,2019-12-31,882,3230166114.56,1
817,PRG,2020,2019-12-31,883,3229314711.368,1
689,VMI,2020,2019-12-31,884,3224102121.3,1
1085,ALKS,2020,2019-12-31,885,3213453838.7999997,1
1429,AVA,2020,2019-12-31,886,3208081255.05,1
270,ENPH,2020,2019-12-31,887,3197940300.75,1
844,ADC,2020,2019-12-31,888,3197901125.91,1
1017,HLI,2020,2019-12-31,889,3196026454.3199997,1
855,AWR,2020,2019-12-31,890,3191757038.64,1
828,KW,2020,2019-12-31,891,3176615643.6,1
874,CNMD,2020,2019-12-31,892,3173628378.69,1
1446,ENS,2020,2019-12-31,893,3164229352.7599998,1
1020,FUN,2020,2019-12-31,894,3141442236.24,1
1374,SEM,2020,2019-12-31,895,3135158021.4688,1
910,SHO,2020,2019-12-31,896,3129986485.92,1
983,QDEL,2020,2019-12-31,897,3125159914.14,1
758,BJ,2020,2019-12-31,898,3121440164.52,1
1388,AMKR,2020,2019-12-31,899,3117179975.0,1
889,ONB,2020,2019-12-31,900,3109866990.0,1
1346,NOVT,2020,2019-12-31,901,3101929525.2,1
848,HLNE,2020,2019-12-31,902,3091678360.8,1
1321,AZTA,2020,2019-12-31,903,3089017490.08,1
1048,CCOI,2020,2019-12-31,904,3082568961.54,1
1479,VSH,2020,2019-12-31,905,3075250358.14,1
1037,KBH,2020,2019-12-31,906,3070816502.7700005,1
1168,COHR,2020,2019-12-31,907,3058892429.32,1
1100,KMT,2020,2019-12-31,908,3056591336.12,1
559,BGC,2020,2019-12-31,909,3054128332.86,1
658,NEO,2020,2019-12-31,910,3053922212.25,1
1409,BRC,2020,2019-12-31,911,3052241723.2999997,1
1063,VIRT,2020,2019-12-31,912,3049808613.54,1
1244,SFNC,2020,2019-12-31,913,3044110220.79,1
1018,CATY,2020,2019-12-31,914,3032832971.85,1
872,MEDP,2020,2019-12-31,915,3028715255.88,1
1141,NAVI,2020,2019-12-31,916,3023782534.7999997,1
1418,CVBF,2020,2019-12-31,917,3023411518.3999996,1
835,SWI,2020,2019-12-31,918,3014863428.5829997,1
768,TDC,2020,2019-12-31,919,3011625000.0,1
1441,AUB,2020,2019-12-31,920,3004044496.75,1
1434,YETI,2020,2019-12-31,921,2984962476.2400002,1
1567,PTCT,2020,2019-12-31,922,2974779836.1,1
1488,CNS,2020,2019-12-31,923,2965292576.04,1
1043,ABCB,2020,2019-12-31,924,2963376940.62,1
1251,PENN,2020,2019-12-31,925,2962726720.56,1
592,CC,2020,2019-12-31,926,2959058055.87,1
1507,ACHC,2020,2019-12-31,927,2942281680.14,1
436,BLDR,2020,2019-12-31,928,2942141825.7,1
1497,HGV,2020,2019-12-31,929,2941565879.39,1
1490,COLB,2020,2019-12-31,930,2935223686.98,1
1519,ESI,2020,2019-12-31,931,2932841143.84,1
1165,UFPI,2020,2019-12-31,932,2928313303.2000003,1
557,SSB,2020,2019-12-31,933,2927325398.75,1
1003,KWR,2020,2019-12-31,934,2917788852.2400002,1
884,AMN,2020,2019-12-31,935,2910572068.05,1
761,POWI,2020,2019-12-31,936,2910163154.85,1
962,PCH,2020,2019-12-31,937,2908656391.2200003,1
895,GATX,2020,2019-12-31,938,2908035000.0,1
751,R,2020,2019-12-31,939,2894290963.9500003,1
714,DIOD,2020,2019-12-31,940,2886536842.5299997,1
1088,CROX,2020,2019-12-31,941,2873965075.14,1
742,BL,2020,2019-12-31,942,2868761328.36,1
1420,WAFD,2020,2019-12-31,943,2862653435.5,1
1022,INDB,2020,2019-12-31,944,2861615686.5,1
1389,FULT,2020,2019-12-31,945,2860646460.0,1
804,TCBI,2020,2019-12-31,946,2857673556.57,1
936,WKC,2020,2019-12-31,947,2839333188.38,1
646,ALGT,2020,2019-12-31,948,2834841489.92,1
1154,AVNT,2020,2019-12-31,949,2829706492.21,1
628,ARI,2020,2019-12-31,950,2808197143.8399997,1
970,IBOC,2020,2019-12-31,951,2807963681.43,1
1565,RRR,2020,2019-12-31,952,2805726429.5499997,1
1026,SXT,2020,2019-12-31,953,2796831515.52,1
260,EQT,2020,2019-12-31,954,2786513877.5,1
1169,BDN,2020,2019-12-31,955,2779561496.25,1
665,AAT,2020,2019-12-31,956,2757131665.2,1
1370,OLN,2020,2019-12-31,957,2754330528.75,1
598,MOGa,2020,2019-12-31,958,2749504454.62,1
1568,FIBK,2020,2019-12-31,959,2734431581.12,1
1353,TDS,2020,2019-12-31,960,2733107051.0,1
1515,MGEE,2020,2019-12-31,961,2732560923.3999996,1
1355,AEIS,2020,2019-12-31,962,2729212056.0,1
1405,WWW,2020,2019-12-31,963,2728747332.6400003,1
1307,THS,2020,2019-12-31,964,2726329481.5,1
582,URBN,2020,2019-12-31,965,2720816152.55,1
659,SMPL,2020,2019-12-31,966,2720391074.52,1
1081,TRN,2020,2019-12-31,967,2717474455.5499997,1
1224,PRLB,2020,2019-12-31,968,2717420725.7999997,1
908,HAIN,2020,2019-12-31,969,2707976303.96,1
1347,CBT,2020,2019-12-31,970,2707589808.0,1
763,MCY,2020,2019-12-31,971,2697434092.43,1
1348,CNO,2020,2019-12-31,972,2684766147.14,1
703,LCII,2020,2019-12-31,973,2681197681.95,1
1373,FOXF,2020,2019-12-31,974,2680136803.2599998,1
776,WDFC,2020,2019-12-31,975,2660428746.54,1
1121,FELE,2020,2019-12-31,976,2657477750.16,1
958,WMS,2020,2019-12-31,977,2651705842.0,1
1274,FLR,2020,2019-12-31,978,2646492672.0,1
555,CMC,2020,2019-12-31,979,2642332493.5499997,1
1320,OPCH,2020,2019-12-31,980,2632818127.72,1
1394,LXP,2020,2019-12-31,981,2632412152.08,1
824,FUL,2020,2019-12-31,982,2629116058.14,1
1452,ITGR,2020,2019-12-31,983,2628340200.15,1
599,DAN,2020,2019-12-31,984,2619754209.7999997,1
625,CHX,2020,2019-12-31,985,2616593597.88,1
640,ATI,2020,2019-12-31,986,2604923289.68,1
800,MNRO,2020,2019-12-31,987,2601831456.4,1
551,HALO,2020,2019-12-31,988,2598146930.7000003,1
932,WHD,2020,2019-12-31,989,2578008507.36,1
644,AIT,2020,2019-12-31,990,2577943831.3199997,1
919,ALTR,2020,2019-12-31,991,2577398307.12,1
926,AAON,2020,2019-12-31,992,2573199426.1499996,1
1338,EYE,2020,2019-12-31,993,2565795799.53,1
684,LSCC,2020,2019-12-31,994,2556299201.28,1
1189,XPO,2020,2019-12-31,995,2542807056.9305997,1
1319,WING,2020,2019-12-31,996,2540096770.44,1
1044,IOSP,2020,2019-12-31,997,2533855171.92,1
1073,WERN,2020,2019-12-31,998,2518359578.85,1
1096,APAM,2020,2019-12-31,999,2514555921.28,1
1268,ABM,2020,2019-12-31,1000,2511080881.4700003,1
397,AAPL,2021,2020-12-31,1,2232278767470.0,1
32,MSFT,2021,2020-12-31,2,1681605513424.98,1
202,AMZN,2021,2020-12-31,3,1634168480448.19,1
282,META,2021,2020-12-31,4,778039626010.3601,1
123,TSLA,2021,2020-12-31,5,668905015466.0367,1
102,GOOGL,2021,2020-12-31,6,607393270918.4,1
177,GOOG,2021,2020-12-31,7,577887771358.56,1
85,V,2021,2020-12-31,8,511232359138.11,1
228,JNJ,2021,2020-12-31,9,414309565719.36,1
288,WMT,2021,2020-12-31,10,407841566232.9,1
216,JPM,2021,2020-12-31,11,387335163215.41,1
461,MA,2021,2020-12-31,12,355842533715.12,1
35,PG,2021,2020-12-31,13,342628916762.16,1
17,UNH,2021,2020-12-31,14,332732446582.8,1
42,DIS,2021,2020-12-31,15,328023679003.66003,1
78,NVDA,2021,2020-12-31,16,323241800000.0,1
283,BRKb,2021,2020-12-31,17,317882580881.28,1
473,HD,2021,2020-12-31,18,285966699449.22003,1
89,PYPL,2021,2020-12-31,19,274410221667.8,1
51,BAC,2021,2020-12-31,20,262206175522.55,1
337,VZ,2021,2020-12-31,21,243113044061.25,1
360,CMCSA,2021,2020-12-31,22,240026383412.8,1
402,ADBE,2021,2020-12-31,23,239917057777.96,1
141,NFLX,2021,2020-12-31,24,239486754480.53,1
169,KO,2021,2020-12-31,25,235671314122.08002,1
296,NKE,2021,2020-12-31,26,223026041856.17,1
316,PDD,2021,2020-12-31,27,220080271753.63998,1
289,MRK,2021,2020-12-31,28,206956816946.6,1
385,T,2021,2020-12-31,29,204944472600.0,1
126,PEP,2021,2020-12-31,30,204944146725.50003,1
174,PFE,2021,2020-12-31,31,204662234937.96002,1
82,CRM,2021,2020-12-31,32,204223457394.88,1
278,INTC,2021,2020-12-31,33,204162360000.0,1
259,ASML,2021,2020-12-31,34,203142224662.48,1
384,ABT,2021,2020-12-31,35,194055869503.69,1
419,ORCL,2021,2020-12-31,36,190449559460.0,1
269,ABBV,2021,2020-12-31,37,189133981555.85,1
64,CSCO,2021,2020-12-31,38,189091769444.75,1
370,TMO,2021,2020-12-31,39,184605005263.97998,1
211,AVGO,2021,2020-12-31,40,178079338716.30002,1
428,XOM,2021,2020-12-31,41,174287810179.08,1
234,ACN,2021,2020-12-31,42,172695107307.3,1
471,QCOM,2021,2020-12-31,43,172296540000.0,1
188,TMUS,2021,2020-12-31,44,167374036743.6,1
512,COST,2021,2020-12-31,45,166896671182.62,1
12,CVX,2021,2020-12-31,46,162570066548.85,1
480,LLY,2021,2020-12-31,47,161509237006.32,1
144,MCD,2021,2020-12-31,48,159885915805.04,1
405,DHR,2021,2020-12-31,49,157803250519.38,1
268,MDT,2021,2020-12-31,50,157672776825.86002,1
206,NEE,2021,2020-12-31,51,151142568666.6,1
57,TXN,2021,2020-12-31,52,150661841796.9,1
213,UPS,2021,2020-12-31,53,145564620337.2,1
381,HON,2021,2020-12-31,54,140667858102.4584,1
295,UNP,2021,2020-12-31,55,140312975070.3,1
167,BMY,2021,2020-12-31,56,140172386661.54,1
1534,SHOP,2021,2020-12-31,57,138696555528.45,1
311,LIN,2021,2020-12-31,58,137905400871.94,1
125,AMGN,2021,2020-12-31,59,133852207271.04,1
193,AZN,2021,2020-12-31,60,131240619025.52,1
239,PM,2021,2020-12-31,61,128930186424.23001,1
187,C,2021,2020-12-31,62,128373633745.48,1
404,CHTR,2021,2020-12-31,63,128162737757.59999,1
134,SBUX,2021,2020-12-31,64,125562426000.0,1
496,WFC,2021,2020-12-31,65,124778895252.78,1
218,BA,2021,2020-12-31,66,124651448740.28,1
110,MS,2021,2020-12-31,67,123984355935.44,1
62,LOW,2021,2020-12-31,68,117609346098.09,1
460,IBM,2021,2020-12-31,69,112166269762.08,1
453,AMD,2021,2020-12-31,70,110300684320.98,1
119,BLK,2021,2020-12-31,71,110058577842.9,1
346,RTX,2021,2020-12-31,72,108603411623.26001,1
253,NOW,2021,2020-12-31,73,107388892999.99998,1
150,MMM,2021,2020-12-31,74,100822696055.62,1
118,INTU,2021,2020-12-31,75,99804000866.55,1
45,AMT,2021,2020-12-31,76,99708130785.6,1
491,SCHW,2021,2020-12-31,77,99529874208.95999,1
97,LMT,2021,2020-12-31,78,99317634510.06,1
71,CAT,2021,2020-12-31,79,99256206230.94,1
1540,XYZ,2021,2020-12-31,80,98141885152.0,1
400,AXP,2021,2020-12-31,81,97356967895.41,1
178,EL,2021,2020-12-31,82,96255806376.36,1
379,ISRG,2021,2020-12-31,83,96172259015.884,1
511,GE,2021,2020-12-31,84,94606628400.0,1
28,SYK,2021,2020-12-31,85,92083742591.28,1
217,BKNG,2021,2020-12-31,86,91217646850.24,1
273,GS,2021,2020-12-31,87,90734116637.18999,1
441,UBER,2021,2020-12-31,88,89952172998.0,1
504,CVS,2021,2020-12-31,89,89398791913.4,1
93,TGT,2021,2020-12-31,90,88401482580.73,1
30,FIS,2021,2020-12-31,91,87777178243.04001,1
230,DE,2021,2020-12-31,92,84595062603.2,1
371,MU,2021,2020-12-31,93,83969196141.18001,1
77,MDLZ,2021,2020-12-31,94,83621616752.61,1
403,MELI,2021,2020-12-31,95,83542764064.94,1
434,TJX,2021,2020-12-31,96,81991103691.94,1
388,ELV,2021,2020-12-31,97,79856466897.9,1
445,SPGI,2021,2020-12-31,98,79092438000.0,1
261,AMAT,2021,2020-12-31,99,78939580098.3,1
380,ZTS,2021,2020-12-31,100,78656824044.5,1
362,BX,2021,2020-12-31,101,77773312013.64,1
232,MO,2021,2020-12-31,102,76195185765.0,1
203,ADP,2021,2020-12-31,103,75557026623.79999,1
201,CI,2021,2020-12-31,104,75208622350.40001,1
321,PLD,2021,2020-12-31,105,73670964180.0,1
454,CL,2021,2020-12-31,106,73296506738.81,1
297,GILD,2021,2020-12-31,107,73030549960.73999,1
365,BDX,2021,2020-12-31,108,72703920948.02,1
25,USB,2021,2020-12-31,109,70216145786.22,1
61,CB,2021,2020-12-31,110,69474950130.56,1
494,CSX,2021,2020-12-31,111,69403403915.9958,1
323,FDX,2021,2020-12-31,112,68817627095.04001,1
487,CCI,2021,2020-12-31,113,68658304104.74,1
501,LRCX,2021,2020-12-31,114,68011234329.399994,1
197,DUK,2021,2020-12-31,115,67384365753.6,1
499,ADSK,2021,2020-12-31,116,67141030312.02,1
33,SHW,2021,2020-12-31,117,66747910364.0648,1
7,CME,2021,2020-12-31,118,65353666910.950005,1
343,SO,2021,2020-12-31,119,64898629653.93,1
251,ICE,2021,2020-12-31,120,64710406073.880005,1
190,TFC,2021,2020-12-31,121,64615310885.88,1
53,ITW,2021,2020-12-31,122,64532150812.68,1
208,GPN,2021,2020-12-31,123,64483233841.71999,1
92,EQIX,2021,2020-12-31,124,63634667103.78,1
328,PNC,2021,2020-12-31,125,63131455705.0,1
389,ECL,2021,2020-12-31,126,61758919793.880005,1
344,VRTX,2021,2020-12-31,127,61457355867.96,1
100,D,2021,2020-12-31,128,61349595944.0,1
315,APD,2021,2020-12-31,129,60457271885.8,1
246,NSC,2021,2020-12-31,130,60349456162.18,1
22,GM,2021,2020-12-31,131,59599648464.0,1
448,TEAM,2021,2020-12-31,132,58481946149.9,1
138,PGR,2021,2020-12-31,133,57903929053.439995,1
334,WDAY,2021,2020-12-31,134,57506400000.0,1
393,EW,2021,2020-12-31,135,56858939945.79,1
116,HCA,2021,2020-12-31,136,55649103162.0,1
401,DELL,2021,2020-12-31,137,54933667949.792,1
129,ADI,2021,2020-12-31,138,54584004129.27,1
272,MCO,2021,2020-12-31,139,54507072000.0,1
485,HUM,2021,2020-12-31,140,54295727101.77,1
840,ILMN,2021,2020-12-31,141,54020000000.0,1
60,DD,2021,2020-12-31,142,52183972026.5895,1
475,REGN,2021,2020-12-31,143,51550863201.04,1
318,DG,2021,2020-12-31,144,51523689900.9,1
40,BSX,2021,2020-12-31,145,51477576451.05,1
1544,TWLO,2021,2020-12-31,146,51099705448.0,1
407,NOC,2021,2020-12-31,147,50802058784.880005,1
367,WM,2021,2020-12-31,148,49837948458.420006,1
267,MNST,2021,2020-12-31,149,48821741687.36,1
142,AON,2021,2020-12-31,150,48128108826.0,1
319,NEM,2021,2020-12-31,151,48113113794.17,1
219,EMR,2021,2020-12-31,152,48064431962.79,1
406,ETN,2021,2020-12-31,153,47887804000.0,1
503,CRWD,2021,2020-12-31,154,46868085194.979996,1
304,KMB,2021,2020-12-31,155,45860633283.450005,1
9,LVS,2021,2020-12-31,156,45524156369.200005,1
518,COF,2021,2020-12-31,157,45369402167.7,1
324,LULU,2021,2020-12-31,158,45361549801.35,1
442,ROP,2021,2020-12-31,159,45209426103.49,1
495,KDP,2021,2020-12-31,160,45032105408.0,1
456,NXPI,2021,2020-12-31,161,44482982941.939995,1
130,CTSH,2021,2020-12-31,162,43813832982.15,1
464,ROST,2021,2020-12-31,163,43777233556.62,1
458,MAR,2021,2020-12-31,164,42785839974.71999,1
58,COP,2021,2020-12-31,165,42710704413.810005,1
420,GD,2021,2020-12-31,166,42707195363.0,1
162,IDXX,2021,2020-12-31,167,42638857513.91,1
421,KHC,2021,2020-12-31,168,42376119002.88,1
1541,TRI,2021,2020-12-31,169,42273035246.266396,1
287,MET,2021,2020-12-31,170,42252582685.350006,1
414,ALGN,2021,2020-12-31,171,42136072476.96,1
286,EA,2021,2020-12-31,172,41655126271.6,1
1011,DOCU,2021,2020-12-31,173,41471602871.4,1
306,AEP,2021,2020-12-31,174,41352231234.38,1
15,MRNA,2021,2020-12-31,175,41339834669.35,1
408,EXC,2021,2020-12-31,176,41188669387.86,1
416,DOW,2021,2020-12-31,177,41167222791.0,1
1577,CVNA,2021,2020-12-31,178,41147945013.56,1
482,BAX,2021,2020-12-31,179,40988068255.52,1
1573,PINS,2021,2020-12-31,180,40730840084.9,1
157,PSA,2021,2020-12-31,181,40371677252.06,1
243,MTCH,2021,2020-12-31,182,40214006660.36,1
382,TEL,2021,2020-12-31,183,40043003434.18,1
115,KLAC,2021,2020-12-31,184,39991191219.47,1
476,LHX,2021,2020-12-31,185,39715377233.740005,1
509,SNPS,2021,2020-12-31,186,39672144522.28,1
168,APH,2021,2020-12-31,187,39120466788.270004,1
16,DLR,2021,2020-12-31,188,39085844680.329994,1
143,CMG,2021,2020-12-31,189,38800629761.79,1
483,CDNS,2021,2020-12-31,190,38054556330.0,1
352,SYY,2021,2020-12-31,191,37824973274.740005,1
55,FCX,2021,2020-12-31,192,37803636314.42,1
353,BIIB,2021,2020-12-31,193,37679447841.420006,1
498,TTD,2021,2020-12-31,194,37618400295.0,1
26,BK,2021,2020-12-31,195,37607603564.2,1
171,STZ,2021,2020-12-31,196,37378753772.1,1
44,CTAS,2021,2020-12-31,197,37123890721.979996,1
1190,CHWY,2021,2020-12-31,198,37092809076.41,1
159,MSCI,2021,2020-12-31,199,37015122211.2,1
122,SRE,2021,2020-12-31,200,36753993788.04,1
73,CSGP,2021,2020-12-31,201,36433340209.56,1
256,A,2021,2020-12-31,202,36358600335.74,1
23,MCHP,2021,2020-12-31,203,35960551181.380005,1
212,GIS,2021,2020-12-31,204,35952471962.4,1
514,TRV,2021,2020-12-31,205,35556950781.57,1
310,DXCM,2021,2020-12-31,206,35503325381.16,1
484,APTV,2021,2020-12-31,207,35181605978.46,1
240,PH,2021,2020-12-31,208,35163000157.65,1
2,XEL,2021,2020-12-31,209,35032269725.91,1
252,CNC,2021,2020-12-31,210,34906184370.0,1
266,TT,2021,2020-12-31,211,34856533532.36,1
313,EBAY,2021,2020-12-31,212,34639261132.5,1
139,WBA,2021,2020-12-31,213,34457980403.8,1
438,IQV,2021,2020-12-31,214,34351507644.26,1
447,F,2021,2020-12-31,215,34347586746.359997,1
37,TROW,2021,2020-12-31,216,34279662651.729996,1
154,PPG,2021,2020-12-31,217,34065401019.739998,1
1597,RNG,2021,2020-12-31,218,33967728001.79,1
163,PANW,2021,2020-12-31,219,33837247978.319996,1
121,VRSK,2021,2020-12-31,220,33752015959.23,1
237,JCI,2021,2020-12-31,221,33726864541.770004,1
425,TDG,2021,2020-12-31,222,33687645575.7,1
152,PAYX,2021,2020-12-31,223,33603611861.520004,1
186,CMI,2021,2020-12-31,224,33533037326.399998,1
1579,CRH,2021,2020-12-31,225,33427564276.66,1
255,ALL,2021,2020-12-31,226,33426198098.18,1
749,VFC,2021,2020-12-31,227,33310259746.92,1
1531,OKTA,2021,2020-12-31,228,32918046009.32,1
224,ORLY,2021,2020-12-31,229,32788140373.3518,1
210,YUM,2021,2020-12-31,230,32749092518.48,1
265,AIG,2021,2020-12-31,231,32617364289.239998,1
326,ZBH,2021,2020-12-31,232,31939524803.75,1
507,MRVL,2021,2020-12-31,233,31937372000.0,1
220,HPQ,2021,2020-12-31,234,31712156912.079998,1
430,HSY,2021,2020-12-31,235,31706500268.980003,1
345,SBAC,2021,2020-12-31,236,31348773665.329998,1
90,ANSS,2021,2020-12-31,237,31244645402.600002,1
333,AFL,2021,2020-12-31,238,31237740045.149998,1
275,KMI,2021,2020-12-31,239,30946062927.41,1
80,PRU,2021,2020-12-31,240,30915719999.999996,1
1,HLT,2021,2020-12-31,241,30868676339.34,1
79,RMD,2021,2020-12-31,242,30803164921.68,1
14,RSG,2021,2020-12-31,243,30693187165.5,1
363,LYB,2021,2020-12-31,244,30607021497.899998,1
74,PSX,2021,2020-12-31,245,30549804938.899998,1
396,BALL,2021,2020-12-31,246,30480265224.24,1
351,SLB,2021,2020-12-31,247,30394475706.8,1
21,CPRT,2021,2020-12-31,248,30045547396.719997,1
280,DDOG,2021,2020-12-31,249,29978164435.559998,1
391,PCAR,2021,2020-12-31,250,29890826116.56,1
83,ES,2021,2020-12-31,251,29657741006.75,1
444,PEG,2021,2020-12-31,252,29490937933.6,1
279,ROK,2021,2020-12-31,253,29132855865.61,1
196,EOG,2021,2020-12-31,254,29093083052.149998,1
335,WEC,2021,2020-12-31,255,29029439887.93,1
249,CTVA,2021,2020-12-31,256,28847019520.0,1
191,MSI,2021,2020-12-31,257,28829057571.600002,1
258,SWK,2021,2020-12-31,258,28609472269.44,1
431,ADM,2021,2020-12-31,259,28047571960.089996,1
510,FAST,2021,2020-12-31,260,28036212047.25,1
158,SPG,2021,2020-12-31,261,28014600756.48,1
113,AME,2021,2020-12-31,262,27824043684.64,1
176,AWK,2021,2020-12-31,263,27819813072.65,1
132,DFS,2021,2020-12-31,264,27747112935.96,1
516,MCK,2021,2020-12-31,265,27682400121.28,1
103,LUV,2021,2020-12-31,266,27522008847.57,1
330,GLW,2021,2020-12-31,267,27504361044.0,1
418,WTW,2021,2020-12-31,268,27157794728.32,1
303,MTD,2021,2020-12-31,269,27118187559.84,1
299,AZO,2021,2020-12-31,270,26979554616.64,1
342,WELL,2021,2020-12-31,271,26966240053.2,1
281,MPC,2021,2020-12-31,272,26910914854.56,1
227,ZS,2021,2020-12-31,273,26799456360.600002,1
1145,IBKR,2021,2020-12-31,274,26100411829.88,1
327,PAYC,2021,2020-12-31,275,26063638292.25,1
4,BBY,2021,2020-12-31,276,25840106781.08,1
390,STT,2021,2020-12-31,277,25702713985.62,1
506,DAL,2021,2020-12-31,278,25643296243.21,1
320,CLX,2021,2020-12-31,279,25452001663.68,1
443,DLTR,2021,2020-12-31,280,25410160102.08,1
49,SWKS,2021,2020-12-31,281,25390573353.6,1
263,HRL,2021,2020-12-31,282,25165583433.37,1
477,DHI,2021,2020-12-31,283,25062611820.68,1
386,WY,2021,2020-12-31,284,25027563190.0,1
98,PCG,2021,2020-12-31,285,24727690229.34,1
3,ED,2021,2020-12-31,286,24724702217.16,1
369,VRSN,2021,2020-12-31,287,24693375435.2,1
394,BFb,2021,2020-12-31,288,24582703485.86,1
8,KEYS,2021,2020-12-31,289,24581163857.04,1
36,WMB,2021,2020-12-31,290,24332393625.850002,1
180,KR,2021,2020-12-31,291,24180382625.600002,1
214,FTNT,2021,2020-12-31,292,24111183099.75,1
398,ARE,2021,2020-12-31,293,24049654986.14,1
222,TTWO,2021,2020-12-31,294,23900327251.129997,1
290,FTV,2021,2020-12-31,295,23872991557.0604,1
455,MKC,2021,2020-12-31,296,23799009785.199997,1
459,AJG,2021,2020-12-31,297,23792154620.0,1
468,EIX,2021,2020-12-31,298,23778243951.84,1
161,TSN,2021,2020-12-31,299,23507911377.36,1
309,DTE,2021,2020-12-31,300,23500070186.13,1
378,EFX,2021,2020-12-31,301,23457627442.2,1
490,KKR,2021,2020-12-31,302,23174211839.690002,1
164,VTRS,2021,2020-12-31,303,23076820188.739998,1
433,VLO,2021,2020-12-31,304,23068636005.69,1
373,AMP,2021,2020-12-31,305,22926632481.22,1
467,ODFL,2021,2020-12-31,306,22900751825.46,1
96,GRMN,2021,2020-12-31,307,22883472668.7,1
20,CPAY,2021,2020-12-31,308,22826639251.289997,1
147,CCEP,2021,2020-12-31,309,22654985763.3,1
451,O,2021,2020-12-31,310,22462235175.65,1
1170,ETSY,2021,2020-12-31,311,22432843761.06,1
469,AVB,2021,2020-12-31,312,22397469142.690002,1
270,ENPH,2021,2020-12-31,313,22167575531.49,1
271,EQR,2021,2020-12-31,314,22067172600.72,1
264,ANET,2021,2020-12-31,315,21984951594.48,1
233,GWW,2021,2020-12-31,316,21914811537.0,1
204,NDAQ,2021,2020-12-31,317,21774367029.539703,1
107,PPL,2021,2020-12-31,318,21680930452.2,1
387,CHD,2021,2020-12-31,319,21672326385.71,1
86,MKTX,2021,2020-12-31,320,21660444289.92,1
43,MDB,2021,2020-12-31,321,21638018814.72,1
285,APO,2021,2020-12-31,322,21604520705.559998,1
417,BKR,2021,2020-12-31,323,21585102486.9,1
245,CBRE,2021,2020-12-31,324,21039815749.12,1
104,WST,2021,2020-12-31,325,20944311632.28,1
221,LEN,2021,2020-12-31,326,20813508632.466,1
1583,FER,2021,2020-12-31,327,20576740410.2,1
76,ZBRA,2021,2020-12-31,328,20491094317.98,1
88,SYF,2021,2020-12-31,329,20263426810.77,1
27,K,2021,2020-12-31,330,20070156837.187202,1
160,EPAM,2021,2020-12-31,331,20063632707.15,1
341,COR,2021,2020-12-31,332,20010782498.72,1
312,ETR,2021,2020-12-31,333,19991214996.48,1
307,CCL,2021,2020-12-31,334,19909649530.14,1
356,TER,2021,2020-12-31,335,19908433099.03,1
181,VMC,2021,2020-12-31,336,19652759949.91,1
155,FITB,2021,2020-12-31,337,19641417194.4,1
153,IP,2021,2020-12-31,338,19544706569.52,1
493,NTRS,2021,2020-12-31,339,19384411641.62,1
69,AEE,2021,2020-12-31,340,19296976702.68,1
358,ROL,2021,2020-12-31,341,19207730652.91,1
29,TFX,2021,2020-12-31,342,19165462892.55,1
305,INCY,2021,2020-12-31,343,19048279908.2,1
135,IR,2021,2020-12-31,344,19028390502.8,1
1071,QRVO,2021,2020-12-31,345,18963775539.54,1
1553,TRU,2021,2020-12-31,346,18881566000.0,1
87,CDW,2021,2020-12-31,347,18844416327.69,1
226,EXPE,2021,2020-12-31,348,18729493332.0,1
223,HOLX,2021,2020-12-31,349,18718015212.89,1
63,AMCR,2021,2020-12-31,350,18461027478.63,1
361,VTR,2021,2020-12-31,351,18368950806.0,1
34,XYL,2021,2020-12-31,352,18345814160.31,1
41,DOV,2021,2020-12-31,353,18193041498.75,1
411,COO,2021,2020-12-31,354,17847633583.6,1
292,RCL,2021,2020-12-31,355,17731301135.239998,1
308,CAG,2021,2020-12-31,356,17715873742.28,1
348,BR,2021,2020-12-31,357,17712904182.8,1
59,MLM,2021,2020-12-31,358,17684005141.940002,1
357,TYL,2021,2020-12-31,359,17603510610.559998,1
274,HIG,2021,2020-12-31,360,17551024706.3,1
298,CMS,2021,2020-12-31,361,17469265770.66,1
1218,BURL,2021,2020-12-31,362,17325111755.600002,1
166,AKAM,2021,2020-12-31,363,17091740800.119999,1
105,OKE,2021,2020-12-31,364,17055972749.320002,1
515,LH,2021,2020-12-31,365,17031773080.000002,1
449,PODD,2021,2020-12-31,366,16853141663.73,1
412,WDC,2021,2020-12-31,367,16852133042.55,1
207,URI,2021,2020-12-31,368,16729206095.21,1
47,HAL,2021,2020-12-31,369,16707736212.3,1
481,TRMB,2021,2020-12-31,370,16704227416.029999,1
375,INVH,2021,2020-12-31,371,16647860750.4,1
109,FE,2021,2020-12-31,372,16608686083.22,1
10,MPWR,2021,2020-12-31,373,16515874310.0,1
250,TSCO,2021,2020-12-31,374,16377203648.520002,1
938,SEDG,2021,2020-12-31,375,16342582606.24,1
31,MTB,2021,2020-12-31,376,16331650016.8,1
593,AVTR,2021,2020-12-31,377,16280237726.699999,1
300,DOC,2021,2020-12-31,378,16274641119.380001,1
439,HES,2021,2020-12-31,379,16210617212.96,1
120,ULTA,2021,2020-12-31,380,16178203575.240002,1
413,STE,2021,2020-12-31,381,16172312097.24,1
1451,IAC,2021,2020-12-31,382,16158964265.5,1
156,OXY,2021,2020-12-31,383,16119236358.449999,1
486,EXPD,2021,2020-12-31,384,16098859966.12,1
519,RVTY,2021,2020-12-31,385,16068338597.5,1
277,DGX,2021,2020-12-31,386,16060062313.28,1
38,NUE,2021,2020-12-31,387,16059600052.65,1
452,KEY,2021,2020-12-31,388,16023914643.960001,1
317,STX,2021,2020-12-31,389,15970908722.16,1
331,LYV,2021,2020-12-31,390,15953786772.44,1
1072,BMRN,2021,2020-12-31,391,15918336499.23,1
374,DAY,2021,2020-12-31,392,15749887999.68,1
364,CAH,2021,2020-12-31,393,15715605247.16,1
325,ALB,2021,2020-12-31,394,15704565111.36,1
199,AES,2021,2020-12-31,395,15630581978.0,1
1599,LYFT,2021,2020-12-31,396,15599906463.900002,1
262,MGM,2021,2020-12-31,397,15564021009.490002,1
148,DRI,2021,2020-12-31,398,15524691253.04,1
39,RF,2021,2020-12-31,399,15482355232.76,1
301,ESS,2021,2020-12-31,400,15480881830.08,1
383,CZR,2021,2020-12-31,401,15468743039.259998,1
462,KMX,2021,2020-12-31,402,15353665461.46,1
244,WAT,2021,2020-12-31,403,15351833521.72,1
52,HPE,2021,2020-12-31,404,15327972748.5,1
185,CFG,2021,2020-12-31,405,15272133483.839998,1
350,EXR,2021,2020-12-31,406,15219153173.52,1
338,CE,2021,2020-12-31,407,15189339288.619999,1
376,DPZ,2021,2020-12-31,408,15108287954.759998,1
1582,ALNY,2021,2020-12-31,409,15100014416.96,1
111,IEX,2021,2020-12-31,410,15080592172.8,1
189,NVR,2021,2020-12-31,411,15077436779.220001,1
329,LDOS,2021,2020-12-31,412,14960781522.720001,1
184,POOL,2021,2020-12-31,413,14959071795.0,1
108,FICO,2021,2020-12-31,414,14870332374.08,1
183,FMC,2021,2020-12-31,415,14866607294.19,1
236,NTAP,2021,2020-12-31,416,14797011602.88,1
1210,MASI,2021,2020-12-31,417,14775719675.22,1
84,BXP,2021,2020-12-31,418,14714496221.67,1
500,CPB,2021,2020-12-31,419,14647389976.4,1
131,ACGL,2021,2020-12-31,420,14645378379.9,1
117,GPC,2021,2020-12-31,421,14491009850.79,1
140,MAA,2021,2020-12-31,422,14489511482.28,1
339,TDY,2021,2020-12-31,423,14485017250.800001,1
1547,ELAN,2021,2020-12-31,424,14473634614.17,1
508,JBHT,2021,2020-12-31,425,14441029200.75,1
1061,BIO,2021,2020-12-31,426,14422227652.94,1
46,MAS,2021,2020-12-31,427,14373856692.63,1
136,IT,2021,2020-12-31,428,14302864185.869999,1
106,GNRC,2021,2020-12-31,429,14290696142.869999,1
377,CINF,2021,2020-12-31,430,14057562415.11,1
1235,CGNX,2021,2020-12-31,431,14021269760.12,1
170,GDDY,2021,2020-12-31,432,14010015025.65,1
200,PTC,2021,2020-12-31,433,13954033680.48,1
284,WAB,2021,2020-12-31,434,13931895554.4,1
165,J,2021,2020-12-31,435,13901430816.070799,1
1430,RUN,2021,2020-12-31,436,13704662204.72,1
359,VICI,2021,2020-12-31,437,13685077911.0,1
492,PFG,2021,2020-12-31,438,13629262727.74,1
67,EMN,2021,2020-12-31,439,13624226719.12,1
1461,CCK,2021,2020-12-31,440,13503212019.0,1
13,UAL,2021,2020-12-31,441,13487306284.0,1
423,BRO,2021,2020-12-31,442,13467239086.4,1
463,ON,2021,2020-12-31,443,13459346202.359999,1
821,SRPT,2021,2020-12-31,444,13453885042.050001,1
1291,CABO,2021,2020-12-31,445,13421268941.519999,1
1251,PENN,2021,2020-12-31,446,13415359359.150002,1
182,OMC,2021,2020-12-31,447,13409810893.71,1
1163,ALLY,2021,2020-12-31,448,13331750034.239998,1
95,SJM,2021,2020-12-31,449,13189116582.4,1
366,RJF,2021,2020-12-31,450,13160826807.75,1
19,DVA,2021,2020-12-31,451,13148800000.0,1
478,PKG,2021,2020-12-31,452,13078116593.369999,1
1153,ENTG,2021,2020-12-31,453,12972772042.5,1
175,AVY,2021,2020-12-31,454,12938922859.420002,1
112,LNT,2021,2020-12-31,455,12870166964.39,1
72,HBAN,2021,2020-12-31,456,12847195280.880001,1
247,ERIE,2021,2020-12-31,457,12842391580.8,1
489,HAS,2021,2020-12-31,458,12817844101.26,1
422,CHRW,2021,2020-12-31,459,12761262941.49,1
70,BEN,2021,2020-12-31,460,12642394743.509998,1
446,FDS,2021,2020-12-31,461,12627892480.0,1
65,MOH,2021,2020-12-31,462,12611924000.0,1
291,EVRG,2021,2020-12-31,463,12591433218.0,1
128,CRL,2021,2020-12-31,464,12428692532.36,1
66,HWM,2021,2020-12-31,465,12375055848.26,1
466,L,2021,2020-12-31,466,12374776697.44,1
622,WPC,2021,2020-12-31,467,12374225612.6603,1
242,JKHY,2021,2020-12-31,468,12362456378.300001,1
151,GEN,2021,2020-12-31,469,12299049685.380001,1
497,TECH,2021,2020-12-31,470,12260385437.85,1
754,DT,2021,2020-12-31,471,12206316204.050001,1
639,SAM,2021,2020-12-31,472,12172702708.32,1
257,WYNN,2021,2020-12-31,473,12171040023.66,1
1570,ARES,2021,2020-12-31,474,12160096636.65,1
427,SW,2021,2020-12-31,475,12137944743.849998,1
1366,GGG,2021,2020-12-31,476,12121598367.949999,1
399,ATO,2021,2020-12-31,477,12027675219.18,1
1580,BAH,2021,2020-12-31,478,12022135077.0,1
1262,IPGP,2021,2020-12-31,479,11928154701.4,1
1343,FBIN,2021,2020-12-31,480,11908983085.5112,1
50,WRB,2021,2020-12-31,481,11837432377.26,1
1107,NLY,2021,2020-12-31,482,11815029388.499998,1
1275,RPM,2021,2020-12-31,483,11795691390.48,1
426,CNP,2021,2020-12-31,484,11789929036.800001,1
636,WOLF,2021,2020-12-31,485,11685006000.0,1
1226,MPT,2021,2020-12-31,486,11679368921.02,1
457,NDSN,2021,2020-12-31,487,11674087162.65,1
437,IFF,2021,2020-12-31,488,11639072928.720001,1
727,WTRG,2021,2020-12-31,489,11598899969.83,1
415,UHS,2021,2020-12-31,490,11591469175.0,1
513,PHM,2021,2020-12-31,491,11560202155.039999,1
1008,ELS,2021,2020-12-31,492,11546132780.16,1
231,LW,2021,2020-12-31,493,11523999156.679998,1
565,FNF,2021,2020-12-31,494,11479708333.830002,1
845,XRAY,2021,2020-12-31,495,11443553361.24,1
1172,EQH,2021,2020-12-31,496,11379470699.61,1
347,UDR,2021,2020-12-31,497,11316923968.14,1
683,WHR,2021,2020-12-31,498,11289085649.24,1
852,MTN,2021,2020-12-31,499,11228584941.199999,1
854,PCTY,2021,2020-12-31,500,11169735999.289999,1
1083,CG,2021,2020-12-31,501,11106802291.92,1
788,SMG,2021,2020-12-31,502,11089854887.039999,1
589,BILL,2021,2020-12-31,503,11078979912.0,1
205,TXT,2021,2020-12-31,504,11061525415.23,1
114,FFIV,2021,2020-12-31,505,10838449765.88,1
1410,OLED,2021,2020-12-31,506,10824591809.4,1
618,GWRE,2021,2020-12-31,507,10781675462.67,1
1536,PEGA,2021,2020-12-31,508,10753774968.96,1
409,ALLE,2021,2020-12-31,509,10711500565.699999,1
94,LKQ,2021,2020-12-31,510,10697207720.0,1
1046,LUMN,2021,2020-12-31,511,10697029492.5,1
953,AAP,2021,2020-12-31,512,10687768437.89,1
502,LII,2021,2020-12-31,513,10490146644.03,1
322,FSLR,2021,2020-12-31,514,10483587696.72,1
1098,WLK,2021,2020-12-31,515,10422088924.8,1
781,RGEN,2021,2020-12-31,516,10368466921.0,1
886,BBWI,2021,2020-12-31,517,10342857457.97,1
198,HST,2021,2020-12-31,518,10318984234.79,1
660,TTC,2021,2020-12-31,519,10207462850.640001,1
133,MHK,2021,2020-12-31,520,10035445489.0,1
368,PWR,2021,2020-12-31,521,10000762018.0,1
68,CBOE,2021,2020-12-31,522,9991769760.960001,1
179,GL,2021,2020-12-31,523,9938703425.039999,1
929,MORN,2021,2020-12-31,524,9918824147.369999,1
1435,GLPI,2021,2020-12-31,525,9855974128.0,1
124,FOXA,2021,2020-12-31,526,9829262177.28,1
1401,DLB,2021,2020-12-31,527,9816965329.49,1
1238,AAL,2021,2020-12-31,528,9800732061.94,1
867,FIVE,2021,2020-12-31,529,9776425166.56,1
1064,ARMK,2021,2020-12-31,530,9771137318.8,1
435,CPT,2021,2020-12-31,531,9731764255.28,1
954,LNC,2021,2020-12-31,532,9723179758.5,1
1462,TREX,2021,2020-12-31,533,9693703128.2,1
1159,FND,2021,2020-12-31,534,9656138348.699999,1
681,AMED,2021,2020-12-31,535,9624315404.869999,1
336,VST,2021,2020-12-31,536,9619753758.08,1
1337,LEA,2021,2020-12-31,537,9547967819.52,1
517,HSIC,2021,2020-12-31,538,9546013923.88,1
1036,AMH,2021,2020-12-31,539,9499693800.0,1
474,BWA,2021,2020-12-31,540,9440963501.7264,1
302,EG,2021,2020-12-31,541,9355564392.57,1
985,DAR,2021,2020-12-31,542,9348110157.12,1
450,SNA,2021,2020-12-31,543,9278279284.98,1
580,JAZZ,2021,2020-12-31,544,9195596690.300001,1
632,DBX,2021,2020-12-31,545,9178166511.220001,1
146,IPG,2021,2020-12-31,546,9173615979.36,1
5,NRG,2021,2020-12-31,547,9170492316.699999,1
56,BG,2021,2020-12-31,548,9158946541.86,1
695,RH,2021,2020-12-31,549,9130048401.119999,1
736,EXPI,2021,2020-12-31,550,9098324591.039999,1
479,TAP,2021,2020-12-31,551,9051405387.55,1
1196,WU,2021,2020-12-31,552,9019989276.94,1
609,FLEX,2021,2020-12-31,553,9010870290.5363,1
1395,NWL,2021,2020-12-31,554,9007889000.0,1
432,PNW,2021,2020-12-31,555,9002112880.800001,1
1198,WEX,2021,2020-12-31,556,8981786023.55,1
1473,NBIX,2021,2020-12-31,557,8955184315.05,1
1288,ATR,2021,2020-12-31,558,8859862751.22,1
173,AOS,2021,2020-12-31,559,8851662932.12,1
101,PNR,2021,2020-12-31,560,8816313922.59,1
470,NI,2021,2020-12-31,561,8790887707.42,1
18,MOS,2021,2020-12-31,562,8722896427.44,1
871,NYT,2021,2020-12-31,563,8656825280.710001,1
194,TPR,2021,2020-12-31,564,8621761417.08,1
293,HUBB,2021,2020-12-31,565,8503735817.719999,1
1055,ACAD,2021,2020-12-31,566,8498968531.02,1
812,CHE,2021,2020-12-31,567,8496099915.42,1
48,IRM,2021,2020-12-31,568,8495291250.6,1
847,SCI,2021,2020-12-31,569,8481712183.900001,1
914,RNR,2021,2020-12-31,570,8425321330.259999,1
726,LAMR,2021,2020-12-31,571,8392574887.44,1
1023,GNTX,2021,2020-12-31,572,8314767791.46,1
520,SEIC,2021,2020-12-31,573,8308431290.95,1
630,CSL,2021,2020-12-31,574,8302198479.3,1
890,ST,2021,2020-12-31,575,8296508936.88,1
1014,MKSI,2021,2020-12-31,576,8295374889.599999,1
1183,BRKR,2021,2020-12-31,577,8287741561.26,1
440,CF,2021,2020-12-31,578,8280695908.45,1
1082,OHI,2021,2020-12-31,579,8244785243.68,1
1093,EHC,2021,2020-12-31,580,8222070448.16,1
990,OC,2021,2020-12-31,581,8199750792.72,1
539,CIEN,2021,2020-12-31,582,8168725844.650001,1
276,DECK,2021,2020-12-31,583,8053952343.6119995,1
569,ALV,2021,2020-12-31,584,8045251087.2,1
241,NCLH,2021,2020-12-31,585,8026202664.36,1
340,IVZ,2021,2020-12-31,586,8006211019.59,1
354,AIZ,2021,2020-12-31,587,8004176998.0199995,1
775,ARWR,2021,2020-12-31,588,7884527038.830001,1
1168,COHR,2021,2020-12-31,589,7879046861.5199995,1
1012,RGA,2021,2020-12-31,590,7873901313.400001,1
1501,G,2021,2020-12-31,591,7831420210.24,1
1205,WSM,2021,2020-12-31,592,7799692997.440001,1
149,AXON,2021,2020-12-31,593,7786769001.940001,1
54,STLD,2021,2020-12-31,594,7776408913.679999,1
579,CMA,2021,2020-12-31,595,7773890628.84,1
1115,LAD,2021,2020-12-31,596,7762864246.97,1
248,REG,2021,2020-12-31,597,7735717217.88,1
911,AGCO,2021,2020-12-31,598,7721390692.08,1
765,CHDN,2021,2020-12-31,599,7685483277.75,1
81,FANG,2021,2020-12-31,600,7645954522.8,1
711,WWD,2021,2020-12-31,601,7645213858.14,1
742,BL,2021,2020-12-31,602,7636668165.36,1
1245,RS,2021,2020-12-31,603,7634815368.25,1
1480,JLL,2021,2020-12-31,604,7611811124.63,1
672,AFG,2021,2020-12-31,605,7609290556.400001,1
793,RBA,2021,2020-12-31,606,7608778971.95,1
355,RL,2021,2020-12-31,607,7583792361.599999,1
1195,EEFT,2021,2020-12-31,608,7581475452.919999,1
983,QDEL,2021,2020-12-31,609,7557452603.900001,1
572,GAP,2021,2020-12-31,610,7551647488.620001,1
294,FOX,2021,2020-12-31,611,7539942892.4,1
1276,H,2021,2020-12-31,612,7512317183.25,1
757,ACM,2021,2020-12-31,613,7505021515.9800005,1
743,BERY,2021,2020-12-31,614,7501365000.0,1
1138,WSO,2021,2020-12-31,615,7441322695.05,1
1200,VOYA,2021,2020-12-31,616,7425809788.4800005,1
410,JNPR,2021,2020-12-31,617,7422365778.740001,1
1234,USFD,2021,2020-12-31,618,7356467765.370001,1
642,ARW,2021,2020-12-31,619,7350546208.599999,1
1415,CBSH,2021,2020-12-31,620,7329527335.3165,1
1176,UGI,2021,2020-12-31,621,7286667946.320001,1
550,EWBC,2021,2020-12-31,622,7178709527.22,1
1414,MIDD,2021,2020-12-31,623,7169531914.599999,1
971,LITE,2021,2020-12-31,624,7153785560.4,1
1342,VNO,2021,2020-12-31,625,7145183713.860001,1
916,ZION,2021,2020-12-31,626,7124663686.799999,1
1460,RHI,2021,2020-12-31,627,7121472586.799999,1
1015,NNN,2021,2020-12-31,628,7108934374.08,1
822,SEE,2021,2020-12-31,629,7104466768.0199995,1
1277,KNX,2021,2020-12-31,630,7102354877.34,1
1213,TGTX,2021,2020-12-31,631,7084424435.04,1
795,FHN,2021,2020-12-31,632,7079091409.28,1
782,DCI,2021,2020-12-31,633,7054286673.72,1
238,NWSA,2021,2020-12-31,634,7025464620.54,1
1137,RGLD,2021,2020-12-31,635,6971729419.4,1
1056,LECO,2021,2020-12-31,636,6913470270.0,1
332,HII,2021,2020-12-31,637,6903181516.639999,1
1556,QTWO,2021,2020-12-31,638,6817837373.57,1
827,UTHR,2021,2020-12-31,639,6745628655.86,1
1408,AXTA,2021,2020-12-31,640,6722863182.45,1
600,PLNT,2021,2020-12-31,641,6716586415.0,1
532,MANH,2021,2020-12-31,642,6681789423.4800005,1
1220,PVH,2021,2020-12-31,643,6675602472.5,1
1358,ITT,2021,2020-12-31,644,6654528000.0,1
1391,POST,2021,2020-12-31,645,6653224004.0607,1
941,KRC,2021,2020-12-31,646,6615415206.4,1
1148,CASY,2021,2020-12-31,647,6597463129.14,1
1526,ANGI,2021,2020-12-31,648,6594825347.110001,1
567,CUBE,2021,2020-12-31,649,6562905149.23,1
535,DXC,2021,2020-12-31,650,6551113068.5,1
1175,GMED,2021,2020-12-31,651,6503353862.88,1
424,CTRA,2021,2020-12-31,652,6493627938.6,1
372,KIM,2021,2020-12-31,653,6491804916.62,1
1438,HR,2021,2020-12-31,654,6469909155.200001,1
229,FRT,2021,2020-12-31,655,6439084727.04,1
1442,ALK,2021,2020-12-31,656,6430516456.0,1
1552,NTNX,2021,2020-12-31,657,6423314458.81,1
1326,PB,2021,2020-12-31,658,6419861582.88,1
536,KSS,2021,2020-12-31,659,6414875952.549999,1
755,REXR,2021,2020-12-31,660,6410107354.11,1
1594,ADT,2021,2020-12-31,661,6404394679.599999,1
172,JBL,2021,2020-12-31,662,6386985237.47,1
747,OGE,2021,2020-12-31,663,6372637741.62,1
759,PFGC,2021,2020-12-31,664,6357179477.79,1
1283,PEN,2021,2020-12-31,665,6354466825.0,1
647,CPRI,2021,2020-12-31,666,6328645512.0,1
992,CACI,2021,2020-12-31,667,6287803902.66,1
959,JEF,2021,2020-12-31,668,6283693054.200001,1
684,LSCC,2021,2020-12-31,669,6238661963.4,1
841,EXEL,2021,2020-12-31,670,6226596297.27,1
972,TTEK,2021,2020-12-31,671,6226345172.18,1
797,LFUS,2021,2020-12-31,672,6207349978.34,1
825,APPF,2021,2020-12-31,673,6180446967.5199995,1
1104,PSTG,2021,2020-12-31,674,6168256461.29,1
731,AN,2021,2020-12-31,675,6132099885.38,1
1605,VRT,2021,2020-12-31,676,6131465202.35,1
1214,PRGO,2021,2020-12-31,677,6103891249.04,1
991,BLD,2021,2020-12-31,678,6079139099.280001,1
1075,MAT,2021,2020-12-31,679,6073303304.8,1
6,DVN,2021,2020-12-31,680,6047767379.610001,1
1400,WAL,2021,2020-12-31,681,6044708381.8,1
24,TRGP,2021,2020-12-31,682,6041367450.98,1
1491,HAE,2021,2020-12-31,683,6029804137.5,1
1295,ORI,2021,2020-12-31,684,5993078517.27,1
658,NEO,2021,2020-12-31,685,5977836032.96,1
741,BC,2021,2020-12-31,686,5972840281.44,1
1434,YETI,2021,2020-12-31,687,5962523437.72,1
868,TNDM,2021,2020-12-31,688,5950780189.120001,1
819,SON,2021,2020-12-31,689,5949684261.0,1
1126,CHH,2021,2020-12-31,690,5919041091.860001,1
1383,JHG,2021,2020-12-31,691,5897500379.83,1
958,WMS,2021,2020-12-31,692,5890448770.92,1
614,PII,2021,2020-12-31,693,5878783717.68,1
833,LEG,2021,2020-12-31,694,5870587934.5,1
1240,OSK,2021,2020-12-31,695,5869094020.32,1
648,TKR,2021,2020-12-31,696,5829554703.68,1
667,MSA,2021,2020-12-31,697,5819233486.999999,1
1050,CLF,2021,2020-12-31,698,5812958962.72,1
900,COLM,2021,2020-12-31,699,5785602899.78,1
551,HALO,2021,2020-12-31,700,5773667638.400001,1
1525,FRPT,2021,2020-12-31,701,5770475019.900001,1
1362,FAF,2021,2020-12-31,702,5764233828.240001,1
856,BWXT,2021,2020-12-31,703,5745260337.08,1
798,SKX,2021,2020-12-31,704,5648139522.66,1
209,TPL,2021,2020-12-31,705,5638713002.150399,1
767,VAC,2021,2020-12-31,706,5634632750.5199995,1
675,HOG,2021,2020-12-31,707,5625329354.3,1
946,SLAB,2021,2020-12-31,708,5580984936.2,1
716,SGI,2021,2020-12-31,709,5571557568.0,1
1508,WH,2021,2020-12-31,710,5537847787.679999,1
922,SAIC,2021,2020-12-31,711,5510350023.36,1
1449,STWD,2021,2020-12-31,712,5494471336.2,1
543,CFR,2021,2020-12-31,713,5482805100.63,1
784,IART,2021,2020-12-31,714,5470981801.32,1
1122,EGP,2021,2020-12-31,715,5461229755.8,1
1243,FR,2021,2020-12-31,716,5436889644.56,1
1105,TXRH,2021,2020-12-31,717,5430753919.5199995,1
1327,TOL,2021,2020-12-31,718,5426707860.0,1
728,HELE,2021,2020-12-31,719,5420499246.96,1
533,NVST,2021,2020-12-31,720,5384708267.219999,1
944,COTY,2021,2020-12-31,721,5376638329.92,1
1324,HQY,2021,2020-12-31,722,5367017932.66,1
472,APA,2021,2020-12-31,723,5356415402.58,1
1453,OLLI,2021,2020-12-31,724,5349257580.03,1
1241,NOV,2021,2020-12-31,725,5330865433.96,1
1524,WSC,2021,2020-12-31,726,5284531809.900001,1
585,MDU,2021,2020-12-31,727,5276362726.9286995,1
1111,INGR,2021,2020-12-31,728,5272111666.43,1
1025,PRI,2021,2020-12-31,729,5263886951.1,1
794,IRDM,2021,2020-12-31,730,5242756726.26,1
1194,SF,2021,2020-12-31,731,5197581335.4,1
1287,MAN,2021,2020-12-31,732,5188345599.240001,1
1439,LSTR,2021,2020-12-31,733,5168759680.14,1
1184,THO,2021,2020-12-31,734,5148506750.59,1
1239,EVR,2021,2020-12-31,735,5148437294.2,1
702,FFIN,2021,2020-12-31,736,5141993535.780001,1
557,SSB,2021,2020-12-31,737,5131382387.099999,1
758,BJ,2021,2020-12-31,738,5117813684.8,1
1110,DEI,2021,2020-12-31,739,5117439173.48,1
737,INSP,2021,2020-12-31,740,5091460122.84,1
1004,ALRM,2021,2020-12-31,741,5080643744.95,1
843,HBI,2021,2020-12-31,742,5078565261.36,1
696,OMCL,2021,2020-12-31,743,5077707503.559999,1
1181,AL,2021,2020-12-31,744,5054059004.52,1
1255,ORA,2021,2020-12-31,745,5041333605.2,1
1206,DKS,2021,2020-12-31,746,5036341521.75,1
1060,MTZ,2021,2020-12-31,747,5036248446.46,1
1321,AZTA,2021,2020-12-31,748,5035166344.549999,1
1045,KMPR,2021,2020-12-31,749,5025328601.28,1
964,EME,2021,2020-12-31,750,5023954230.82,1
780,RRX,2021,2020-12-31,751,4985506582.42,1
872,MEDP,2021,2020-12-31,752,4979418273.599999,1
1419,CUZ,2021,2020-12-31,753,4976905926.0,1
604,STAG,2021,2020-12-31,754,4955131656.36,1
637,MRCY,2021,2020-12-31,755,4931705371.32,1
1117,JWN,2021,2020-12-31,756,4921302596.78,1
544,WEN,2021,2020-12-31,757,4912683263.04,1
534,BRX,2021,2020-12-31,758,4906780592.05,1
761,POWI,2021,2020-12-31,759,4900216957.7,1
937,FLG,2021,2020-12-31,760,4894164074.400001,1
1263,PNFP,2021,2020-12-31,761,4884666133.200001,1
1063,VIRT,2021,2020-12-31,762,4869832576.35,1
1293,ESNT,2021,2020-12-31,763,4856686732.8,1
1437,RAMP,2021,2020-12-31,764,4853415754.07,1
523,IDA,2021,2020-12-31,765,4845854816.55,1
723,VYX,2021,2020-12-31,766,4842773000.0,1
1486,CW,2021,2020-12-31,767,4828760725.099999,1
75,WBD,2021,2020-12-31,768,4828452421.17,1
1356,NXST,2021,2020-12-31,769,4809275187.849999,1
1027,ASH,2021,2020-12-31,770,4804857129.6,1
963,FLS,2021,2020-12-31,771,4800207469.2,1
878,FLO,2021,2020-12-31,772,4788583222.12,1
1116,BYD,2021,2020-12-31,773,4787301220.76,1
1309,SNV,2021,2020-12-31,774,4784488959.9,1
1371,HASI,2021,2020-12-31,775,4781159177.34,1
1360,PPC,2021,2020-12-31,776,4776075075.18,1
943,PAG,2021,2020-12-31,777,4771139064.09,1
436,BLDR,2021,2020-12-31,778,4767472723.09,1
1440,CRUS,2021,2020-12-31,779,4764715355.400001,1
1089,QLYS,2021,2020-12-31,780,4754951945.17,1
1203,SAIA,2021,2020-12-31,781,4729044576.0,1
730,MSM,2021,2020-12-31,782,4710213166.14,1
915,RLI,2021,2020-12-31,783,4692495330.6,1
826,SMTC,2021,2020-12-31,784,4686086887.74,1
1232,UNM,2021,2020-12-31,785,4672007289.360001,1
1017,HLI,2021,2020-12-31,786,4661122256.01,1
653,SLM,2021,2020-12-31,787,4649196527.85,1
713,EXPO,2021,2020-12-31,788,4648205595.57,1
624,AMG,2021,2020-12-31,789,4613219700.3,1
651,XRX,2021,2020-12-31,790,4600546573.08,1
1261,GPK,2021,2020-12-31,791,4587066561.0,1
1187,GSHD,2021,2020-12-31,792,4584972168.88,1
1447,ZWS,2021,2020-12-31,793,4575974687.2956,1
961,JBLU,2021,2020-12-31,794,4572228756.46,1
656,KNSL,2021,2020-12-31,795,4538364620.79,1
1087,ENOV,2021,2020-12-31,796,4529802524.96,1
1003,KWR,2021,2020-12-31,797,4518343042.639999,1
666,CXT,2021,2020-12-31,798,4512665041.5554,1
687,ICUI,2021,2020-12-31,799,4500242144.72,1
1130,MMS,2021,2020-12-31,800,4497709938.8,1
1211,RBC,2021,2020-12-31,801,4494123144.96,1
1216,ACIW,2021,2020-12-31,802,4487145636.33,1
1507,ACHC,2021,2020-12-31,803,4472700325.5199995,1
617,MSGS,2021,2020-12-31,804,4438930463.8,1
1477,ASGN,2021,2020-12-31,805,4418737000.0,1
1373,FOXF,2021,2020-12-31,806,4409718337.53,1
674,KBR,2021,2020-12-31,807,4408361749.29,1
1372,AYI,2021,2020-12-31,808,4406249559.8,1
934,GBCI,2021,2020-12-31,809,4390037248.5,1
1519,ESI,2021,2020-12-31,810,4383089716.86,1
989,LOPE,2021,2020-12-31,811,4362860670.38,1
1393,THG,2021,2020-12-31,812,4355554934.04,1
966,NEU,2021,2020-12-31,813,4349880024.81,1
1589,APLS,2021,2020-12-31,814,4332152052.8,1
1034,SLG,2021,2020-12-31,815,4323687187.423901,1
1021,FTDR,2021,2020-12-31,816,4290283828.0,1
1231,AA,2021,2020-12-31,817,4286794490.4500003,1
919,ALTR,2021,2020-12-31,818,4285383284.86,1
818,PINC,2021,2020-12-31,819,4285208491.2000003,1
883,VVV,2021,2020-12-31,820,4280112244.98,1
1271,TRUP,2021,2020-12-31,821,4259111811.7999997,1
986,EXP,2021,2020-12-31,822,4250549068.5,1
1270,MTG,2021,2020-12-31,823,4249097337.15,1
1049,GTLS,2021,2020-12-31,824,4247568650.8,1
1088,CROX,2021,2020-12-31,825,4229380128.74,1
1550,FTI,2021,2020-12-31,826,4224937643.5767,1
1177,NEOG,2021,2020-12-31,827,4222253720.1,1
1285,FL,2021,2020-12-31,828,4214315365.08,1
1566,UPWK,2021,2020-12-31,829,4213979049.5600004,1
1223,THC,2021,2020-12-31,830,4213295646.7799997,1
1331,UBSI,2021,2020-12-31,831,4204300075.2,1
1433,CLH,2021,2020-12-31,832,4204243277.7999997,1
706,SNX,2021,2020-12-31,833,4197762416.96,1
527,DINO,2021,2020-12-31,834,4188146145.15,1
1233,TXNM,2021,2020-12-31,835,4165566435.2200003,1
1567,PTCT,2021,2020-12-31,836,4164427151.17,1
1346,NOVT,2021,2020-12-31,837,4156688259.96,1
1264,JBGS,2021,2020-12-31,838,4142171231.54,1
1604,RITM,2021,2020-12-31,839,4122560508.9199996,1
1511,HIW,2021,2020-12-31,840,4117883115.2700005,1
848,HLNE,2021,2020-12-31,841,4117282126.6499996,1
1224,PRLB,2021,2020-12-31,842,4107560506.4,1
525,CRI,2021,2020-12-31,843,4105927474.3199997,1
693,SLGN,2021,2020-12-31,844,4100567962.3199997,1
881,WTS,2021,2020-12-31,845,4094379874.0,1
592,CC,2021,2020-12-31,846,4088382863.92,1
885,OGS,2021,2020-12-31,847,4076248475.6099997,1
1413,LPX,2021,2020-12-31,848,4063566426.57,1
1379,IIPR,2021,2020-12-31,849,4060802999.64,1
1478,SSD,2021,2020-12-31,850,4057736278.05,1
973,HXL,2021,2020-12-31,851,4050647062.8,1
1363,OZK,2021,2020-12-31,852,4044689320.52,1
1215,PK,2021,2020-12-31,853,4040759297.0499997,1
908,HAIN,2021,2020-12-31,854,4040593938.7,1
676,BXMT,2021,2020-12-31,855,4024823809.73,1
1455,RYN,2021,2020-12-31,856,4010906155.62,1
1188,SIGI,2021,2020-12-31,857,4007728339.96,1
1304,TRNO,2021,2020-12-31,858,4000478953.68,1
621,UNF,2021,2020-12-31,859,3995294804.32,1
1380,VICR,2021,2020-12-31,860,3990844661.64,1
947,FCN,2021,2020-12-31,861,3984126129.48,1
831,CWEN,2021,2020-12-31,862,3968822208.35,1
987,FIZZ,2021,2020-12-31,863,3960171367.2000003,1
1096,APAM,2021,2020-12-31,864,3955470534.0000005,1
1125,ENSG,2021,2020-12-31,865,3955311180.96,1
574,LNW,2021,2020-12-31,866,3948594047.73,1
967,VLY,2021,2020-12-31,867,3937794012.75,1
1319,WING,2021,2020-12-31,868,3934543285.7500005,1
1128,WCC,2021,2020-12-31,869,3928361919.5,1
1364,NVT,2021,2020-12-31,870,3916959874.6299996,1
1281,RDN,2021,2020-12-31,871,3879020502.0,1
1370,OLN,2021,2020-12-31,872,3877091972.56,1
1207,ITRI,2021,2020-12-31,873,3874063573.1000004,1
1581,HE,2021,2020-12-31,874,3873673214.63,1
875,TRIP,2021,2020-12-31,875,3871642422.2200003,1
999,ZD,2021,2020-12-31,876,3871426469.3830004,1
745,BKH,2021,2020-12-31,877,3855784223.4,1
906,TNL,2021,2020-12-31,878,3851738187.16,1
1436,SPSC,2021,2020-12-31,879,3834186284.06,1
1341,POR,2021,2020-12-31,880,3829511646.8700004,1
1495,UAA,2021,2020-12-31,881,3828643126.6900005,1
1002,SABR,2021,2020-12-31,882,3813572226.08,1
623,WBS,2021,2020-12-31,883,3801978430.35,1
1189,XPO,2021,2020-12-31,884,3766592604.7764,1
957,NFG,2021,2020-12-31,885,3741414140.88,1
710,MTSI,2021,2020-12-31,886,3740609931.52,1
1091,MUSA,2021,2020-12-31,887,3738656992.92,1
772,TKO,2021,2020-12-31,888,3738000450.7,1
1197,OVV,2021,2020-12-31,889,3731600772.08,1
1374,SEM,2021,2020-12-31,890,3727541537.4,1
809,BCPC,2021,2020-12-31,891,3727495124.64,1
588,PSN,2021,2020-12-31,892,3726951703.4199996,1
1523,RHP,2021,2020-12-31,893,3725533768.88,1
689,VMI,2021,2020-12-31,894,3717754053.3,1
1355,AEIS,2021,2020-12-31,895,3711305173.55,1
799,GTES,2021,2020-12-31,896,3710480412.7599998,1
1485,X,2021,2020-12-31,897,3696178702.3199997,1
1500,GO,2021,2020-12-31,898,3695427338.75,1
740,PGNY,2021,2020-12-31,899,3690233006.31,1
844,ADC,2021,2020-12-31,900,3686569554.5,1
1154,AVNT,2021,2020-12-31,901,3684637006.88,1
1031,AM,2021,2020-12-31,902,3674886705.42,1
1230,SNDR,2021,2020-12-31,903,3670961867.1,1
1338,EYE,2021,2020-12-31,904,3669410881.5699997,1
1388,AMKR,2021,2020-12-31,905,3656087926.92,1
805,STAA,2021,2020-12-31,906,3652815583.2999997,1
817,PRG,2021,2020-12-31,907,3639296559.66,1
776,WDFC,2021,2020-12-31,908,3630474159.84,1
1135,ADEA,2021,2020-12-31,909,3626300247.15,1
1160,JBTM,2021,2020-12-31,910,3613004117.8700004,1
529,CELH,2021,2020-12-31,911,3604789782.36,1
145,MSTR,2021,2020-12-31,912,3600688575.9500003,1
1476,SBRA,2021,2020-12-31,913,3594345005.25,1
815,CARG,2021,2020-12-31,914,3593015816.59,1
1514,AWI,2021,2020-12-31,915,3560286876.89,1
615,BCO,2021,2020-12-31,916,3559182840.0,1
1488,CNS,2021,2020-12-31,917,3550479367.5,1
1446,ENS,2021,2020-12-31,918,3536469292.1,1
1180,WTFC,2021,2020-12-31,919,3520977619.7200003,1
1421,SHAK,2021,2020-12-31,920,3513414948.12,1
260,EQT,2021,2020-12-31,921,3502861091.17,1
528,VC,2021,2020-12-31,922,3493573934.64,1
704,M,2021,2020-12-31,923,3492876476.25,1
926,AAON,2021,2020-12-31,924,3479736225.2099996,1
1512,AVT,2021,2020-12-31,925,3469897986.96,1
697,SWX,2021,2020-12-31,926,3452443944.75,1
688,UA,2021,2020-12-31,927,3447452875.6800003,1
1558,HL,2021,2020-12-31,928,3441024516.96,1
715,VIAV,2021,2020-12-31,929,3429181256.5,1
1584,INSM,2021,2020-12-31,930,3420982267.4,1
1041,NJR,2021,2020-12-31,931,3417511939.2,1
607,VIR,2021,2020-12-31,932,3412220297.2000003,1
1165,UFPI,2021,2020-12-31,933,3398917629.7999997,1
952,GKOS,2021,2020-12-31,934,3383796243.42,1
1375,AHCO,2021,2020-12-31,935,3371484908.6400003,1
1521,KTOS,2021,2020-12-31,936,3367200591.04,1
962,PCH,2021,2020-12-31,937,3344990011.02,1
1333,CBU,2021,2020-12-31,938,3339379830.0,1
685,AEO,2021,2020-12-31,939,3335315047.56,1
746,TMHC,2021,2020-12-31,940,3333040361.1,1
977,FORM,2021,2020-12-31,941,3331382630.94,1
751,R,2021,2020-12-31,942,3328192236.48,1
1317,SYNA,2021,2020-12-31,943,3327558528.8,1
752,UMBF,2021,2020-12-31,944,3313649031.3999996,1
994,SR,2021,2020-12-31,945,3308073102.28,1
1193,CWK,2021,2020-12-31,946,3286766330.31,1
861,ADNT,2021,2020-12-31,947,3269812593.5400004,1
703,LCII,2021,2020-12-31,948,3261994451.44,1
650,BHF,2021,2020-12-31,949,3240504050.42,1
526,BKU,2021,2020-12-31,950,3236887650.0,1
1142,ALE,2021,2020-12-31,951,3219324376.9,1
1201,LIVN,2021,2020-12-31,952,3217568769.5699997,1
892,HOMB,2021,2020-12-31,953,3217463659.7200003,1
884,AMN,2021,2020-12-31,954,3209854284.0,1
874,CNMD,2021,2020-12-31,955,3203379088.0,1
1121,FELE,2021,2020-12-31,956,3197660144.85,1
1085,ALKS,2021,2020-12-31,957,3175038210.75,1
1574,CWST,2021,2020-12-31,958,3164003201.1000004,1
1313,CBRL,2021,2020-12-31,959,3129278277.6,1
1152,NGVT,2021,2020-12-31,960,3126096080.6200004,1
1026,SXT,2021,2020-12-31,961,3124676185.08,1
1246,NSP,2021,2020-12-31,962,3122794648.7400002,1
714,DIOD,2021,2020-12-31,963,3121471677.0,1
1237,MTH,2021,2020-12-31,964,3115036358.14,1
893,KEX,2021,2020-12-31,965,3111821370.0,1
646,ALGT,2021,2020-12-31,966,3101545384.44,1
1348,CNO,2021,2020-12-31,967,3089636661.15,1
1335,MMSI,2021,2020-12-31,968,3083439671.13,1
1537,APG,2021,2020-12-31,969,3081764276.2499995,1
1037,KBH,2021,2020-12-31,970,3071698083.92,1
1404,BOH,2021,2020-12-31,971,3069465774.9,1
1278,FNB,2021,2020-12-31,972,3065030752.0,1
1312,FHB,2021,2020-12-31,973,3063331373.7599998,1
1601,LAUR,2021,2020-12-31,974,3058804665.28,1
923,TGNA,2021,2020-12-31,975,3058419692.25,1
625,CHX,2021,2020-12-31,976,3057449964.3,1
864,REZI,2021,2020-12-31,977,3040034815.46,1
1143,CORT,2021,2020-12-31,978,3039083770.32,1
869,IBP,2021,2020-12-31,979,3037568532.55,1
644,AIT,2021,2020-12-31,980,3022891932.06,1
1100,KMT,2021,2020-12-31,981,3017923399.6800003,1
1081,TRN,2021,2020-12-31,982,3012723462.84,1
965,GOLF,2021,2020-12-31,983,3011899313.7799997,1
804,TCBI,2021,2020-12-31,984,3002991775.0,1
659,SMPL,2021,2020-12-31,985,3001799176.32,1
1479,VSH,2021,2020-12-31,986,2995870452.1800003,1
918,MC,2021,2020-12-31,987,2990384858.72,1
1162,HI,2021,2020-12-31,988,2986364105.2,1
1139,GDOT,2021,2020-12-31,989,2984172003.0,1
1509,PPBI,2021,2020-12-31,990,2960156650.8799996,1
1484,NWE,2021,2020-12-31,991,2949434845.63,1
1432,JJSF,2021,2020-12-31,992,2945151770.1,1
1394,LXP,2021,2020-12-31,993,2941235698.68,1
863,HWC,2021,2020-12-31,994,2939758999.38,1
1171,SHOO,2021,2020-12-31,995,2938330031.64,1
1565,RRR,2021,2020-12-31,996,2937259758.24,1
855,AWR,2021,2020-12-31,997,2933049240.11,1
679,BFH,2021,2020-12-31,998,2931342381.4808,1
530,CDP,2021,2020-12-31,999,2925530467.8399997,1
1320,OPCH,2021,2020-12-31,1000,2920909805.96,1
397,AAPL,2022,2021-12-31,1,2901644912070.0,1
32,MSFT,2022,2021-12-31,2,2525083982926.08,1
202,AMZN,2022,2021-12-31,3,1691003102418.42,1
123,TSLA,2022,2021-12-31,4,1061287010296.5599,1
102,GOOGL,2022,2021-12-31,5,1002451788800.64,1
282,META,2022,2021-12-31,6,935644813206.6001,1
177,GOOG,2022,2021-12-31,7,919402857043.02,1
78,NVDA,2022,2021-12-31,8,735275000000.0,1
17,UNH,2022,2021-12-31,9,472941186675.0,1
216,JPM,2022,2021-12-31,10,467966380759.35,1
85,V,2022,2021-12-31,11,456442159327.83,1
228,JNJ,2022,2021-12-31,12,450358363486.82996,1
473,HD,2022,2021-12-31,13,433369700846.77,1
288,WMT,2022,2021-12-31,14,401352474088.02,1
35,PG,2022,2021-12-31,15,392112008187.48004,1
283,BRKb,2022,2021-12-31,16,389739535393.0,1
51,BAC,2022,2021-12-31,17,364109898583.68,1
461,MA,2022,2021-12-31,18,352133600000.0,1
174,PFE,2022,2021-12-31,19,331439772611.89996,1
259,ASML,2022,2021-12-31,20,320527248173.82,1
42,DIS,2022,2021-12-31,21,281536729785.72,1
211,AVGO,2022,2021-12-31,22,274730467046.87997,1
234,ACN,2022,2021-12-31,23,272911853534.45,1
402,ADBE,2022,2021-12-31,24,269807147999.99997,1
141,NFLX,2022,2021-12-31,25,267461134181.08002,1
64,CSCO,2022,2021-12-31,26,267269727390.34998,1
480,LLY,2022,2021-12-31,27,264229950794.46002,1
296,NKE,2022,2021-12-31,28,263554483150.90997,1
370,TMO,2022,2021-12-31,29,262924645569.88,1
428,XOM,2022,2021-12-31,30,259051954878.41,1
169,KO,2022,2021-12-31,31,255752872173.56,1
512,COST,2022,2021-12-31,32,251736622302.2,1
82,CRM,2022,2021-12-31,33,250318050000.0,1
384,ABT,2022,2021-12-31,34,248868708017.06003,1
126,PEP,2022,2021-12-31,35,240180642728.53,1
269,ABBV,2022,2021-12-31,36,239371014961.0,1
419,ORCL,2022,2021-12-31,37,238404759373.97998,1
405,DHR,2022,2021-12-31,38,235102935340.68,1
360,CMCSA,2022,2021-12-31,39,228157482257.25,1
12,CVX,2022,2021-12-31,40,226213942594.65,1
89,PYPL,2022,2021-12-31,41,221568331835.76,1
337,VZ,2022,2021-12-31,42,215122916036.16,1
278,INTC,2022,2021-12-31,43,209450500000.0,1
471,QCOM,2022,2021-12-31,44,204814400000.0,1
144,MCD,2022,2021-12-31,45,200314081615.88998,1
289,MRK,2022,2021-12-31,46,193588343255.04,1
496,WFC,2022,2021-12-31,47,191307418564.65997,1
213,UPS,2022,2021-12-31,48,186291928431.0,1
206,NEE,2022,2021-12-31,49,183185119095.84,1
118,INTU,2022,2021-12-31,50,182138613418.0,1
193,AZN,2022,2021-12-31,51,180505177472.5,1
311,LIN,2022,2021-12-31,52,177564335460.33002,1
110,MS,2022,2021-12-31,53,176139477404.63998,1
385,T,2022,2021-12-31,54,175669314100.0,1
62,LOW,2022,2021-12-31,55,174150173412.72,1
57,TXN,2022,2021-12-31,56,174056954078.09,1
453,AMD,2022,2021-12-31,57,173775144474.5,1
1534,SHOP,2022,2021-12-31,58,173409487835.01,1
295,UNP,2022,2021-12-31,59,161959675101.0,1
491,SCHW,2022,2021-12-31,60,158999455795.0,1
362,BX,2022,2021-12-31,61,155032828758.18,1
239,PM,2022,2021-12-31,62,147898629600.0,1
188,TMUS,2022,2021-12-31,63,144865228293.42,1
261,AMAT,2022,2021-12-31,64,139816444705.28,1
268,MDT,2022,2021-12-31,65,139094502754.80002,1
119,BLK,2022,2021-12-31,66,139089290574.12,1
167,BMY,2022,2021-12-31,67,138394861697.25,1
134,SBUX,2022,2021-12-31,68,137229204000.0,1
504,CVS,2022,2021-12-31,69,136177251056.12,1
381,HON,2022,2021-12-31,70,135290397577.545,1
45,AMT,2022,2021-12-31,71,133313419980.0,1
178,EL,2022,2021-12-31,72,133252525258.8,1
253,NOW,2022,2021-12-31,73,129172890000.0,1
346,RTX,2022,2021-12-31,74,128812692476.52,1
379,ISRG,2022,2021-12-31,75,128355204157.3,1
273,GS,2022,2021-12-31,76,128075054499.0,1
125,AMGN,2022,2021-12-31,77,126717929972.94,1
400,AXP,2022,2021-12-31,78,126717322499.59999,1
321,PLD,2022,2021-12-31,79,124473093720.00002,1
460,IBM,2022,2021-12-31,80,119866334781.0,1
187,C,2022,2021-12-31,81,119829898563.21,1
218,BA,2022,2021-12-31,82,118315607775.68,1
380,ZTS,2022,2021-12-31,83,115456894342.66,1
445,SPGI,2022,2021-12-31,84,113735130000.0,1
404,CHTR,2022,2021-12-31,85,112622103634.92,1
388,ELV,2022,2021-12-31,86,112507960913.04001,1
93,TGT,2022,2021-12-31,87,110888439581.92,1
71,CAT,2022,2021-12-31,88,110789495663.74,1
349,ABNB,2022,2021-12-31,89,105785902456.23001,1
230,DE,2022,2021-12-31,90,105677529087.98999,1
371,MU,2022,2021-12-31,91,104343812119.35,1
203,ADP,2022,2021-12-31,92,103904877076.36,1
511,GE,2022,2021-12-31,93,103740904668.44719,1
15,MRNA,2022,2021-12-31,94,102976070867.45999,1
150,MMM,2022,2021-12-31,95,101576912257.14,1
501,LRCX,2022,2021-12-31,96,101255382947.55,1
28,SYK,2022,2021-12-31,97,100881509568.36,1
217,BKNG,2022,2021-12-31,98,98520745116.55,1
97,LMT,2022,2021-12-31,99,98017258640.40001,1
448,TEAM,2022,2021-12-31,100,96651964813.95001,1
58,COP,2022,2021-12-31,101,95201584860.06001,1
77,MDLZ,2022,2021-12-31,102,92500602072.92,1
129,ADI,2022,2021-12-31,103,92337372217.44,1
33,SHW,2022,2021-12-31,104,92335012383.36,1
297,GILD,2022,2021-12-31,105,91080787532.42,1
434,TJX,2022,2021-12-31,106,90563327672.48,1
487,CCI,2022,2021-12-31,107,90218105987.52,1
232,MO,2022,2021-12-31,108,87054900274.58,1
22,GM,2022,2021-12-31,109,85122569037.22,1
328,PNC,2022,2021-12-31,110,84747934619.64,1
494,CSX,2022,2021-12-31,111,83396176253.6,1
25,USB,2022,2021-12-31,112,83288745629.43001,1
61,CB,2022,2021-12-31,113,83266596836.8,1
447,F,2022,2021-12-31,114,83001936017.31,1
7,CME,2022,2021-12-31,115,82107648769.74,1
441,UBER,2022,2021-12-31,116,81349158138.64,1
393,EW,2022,2021-12-31,117,80882533956.8,1
197,DUK,2022,2021-12-31,118,80704119722.8,1
116,HCA,2022,2021-12-31,119,79907977776.0,1
190,TFC,2022,2021-12-31,120,78157898847.3,1
53,ITW,2022,2021-12-31,121,77225030508.0,1
251,ICE,2022,2021-12-31,122,77056811034.72,1
92,EQIX,2022,2021-12-31,123,76608918051.04001,1
201,CI,2022,2021-12-31,124,76105759973.25,1
1540,XYZ,2022,2021-12-31,125,74500628131.87,1
507,MRVL,2022,2021-12-31,126,73824062000.0,1
316,PDD,2022,2021-12-31,127,73713684502.7,1
343,SO,2022,2021-12-31,128,72681353587.98,1
272,MCO,2022,2021-12-31,129,72608822000.0,1
246,NSC,2022,2021-12-31,130,72446093774.39,1
454,CL,2022,2021-12-31,131,71928707289.94,1
365,BDX,2022,2021-12-31,132,71614230443.95999,1
367,WM,2022,2021-12-31,133,69816999983.3,1
406,ETN,2022,2021-12-31,134,68886052000.0,1
323,FDX,2022,2021-12-31,135,68531670614.88,1
334,WDAY,2022,2021-12-31,136,68295000000.0,1
403,MELI,2022,2021-12-31,137,68038858967.200005,1
475,REGN,2022,2021-12-31,138,67915566727.36,1
315,APD,2022,2021-12-31,139,67459732168.619995,1
389,ECL,2022,2021-12-31,140,67225824549.13,1
30,FIS,2022,2021-12-31,141,66465491123.15,1
142,AON,2022,2021-12-31,142,66223107947.36,1
157,PSA,2022,2021-12-31,143,65680803993.6,1
115,KLAC,2022,2021-12-31,144,65214209388.15,1
100,D,2022,2021-12-31,145,63633600000.0,1
499,ADSK,2022,2021-12-31,146,61854325126.229996,1
518,COF,2022,2021-12-31,147,61753504395.22,1
407,NOC,2022,2021-12-31,148,61365165476.01,1
55,FCX,2022,2021-12-31,149,61279399822.67999,1
456,NXPI,2022,2021-12-31,150,60574275457.22,1
40,BSX,2022,2021-12-31,151,60533680422.96,1
1541,TRI,2022,2021-12-31,152,60480635004.56,1
138,PGR,2022,2021-12-31,153,60056782543.350006,1
485,HUM,2022,2021-12-31,154,59621916223.26,1
840,ILMN,2022,2021-12-31,155,59462772000.0,1
214,FTNT,2022,2021-12-31,156,58761824526.0,1
420,GD,2022,2021-12-31,157,58209583370.1,1
237,JCI,2022,2021-12-31,158,57144648322.98,1
408,EXC,2022,2021-12-31,159,56507635377.119995,1
509,SNPS,2022,2021-12-31,160,56474836000.0,1
344,VRTX,2022,2021-12-31,161,55833725584.799995,1
162,IDXX,2022,2021-12-31,162,55833199123.68,1
280,DDOG,2022,2021-12-31,163,55573235304.48,1
219,EMR,2022,2021-12-31,164,55224180000.0,1
163,PANW,2022,2021-12-31,165,54933446220.9194,1
318,DG,2022,2021-12-31,166,54643344838.32,1
458,MAR,2022,2021-12-31,167,53815875444.0,1
438,IQV,2022,2021-12-31,168,53775884000.0,1
382,TEL,2022,2021-12-31,169,52647396695.700005,1
287,MET,2022,2021-12-31,170,52564100460.57,1
158,SPG,2022,2021-12-31,171,52502205512.51,1
168,APH,2022,2021-12-31,172,52303509813.71999,1
495,KDP,2022,2021-12-31,173,52266064354.84,1
310,DXCM,2022,2021-12-31,174,52042286156.3,1
196,EOG,2022,2021-12-31,175,51973543012.229996,1
442,ROP,2022,2021-12-31,176,51883802914.0,1
414,ALGN,2022,2021-12-31,177,51820659885.42,1
483,CDNS,2022,2021-12-31,178,51645225350.0,1
488,DASH,2022,2021-12-31,179,51081169283.1,1
267,MNST,2022,2021-12-31,180,50836180920.0,1
324,LULU,2022,2021-12-31,181,50612103026.75,1
159,MSCI,2022,2021-12-31,182,50514277200.66,1
16,DLR,2022,2021-12-31,183,50304483349.31,1
319,NEM,2022,2021-12-31,184,49456937554.08,1
152,PAYX,2022,2021-12-31,185,49243329135.0,1
143,CMG,2022,2021-12-31,186,49187723539.5,1
23,MCHP,2022,2021-12-31,187,48307044186.72,1
256,A,2022,2021-12-31,188,48214427241.05,1
304,KMB,2022,2021-12-31,189,48123553908.24,1
252,CNC,2022,2021-12-31,190,47996269600.0,1
266,TT,2022,2021-12-31,191,47990242161.340004,1
26,BK,2022,2021-12-31,192,47963687339.04,1
224,ORLY,2022,2021-12-31,193,47584880431.466,1
265,AIG,2022,2021-12-31,194,47210721990.88,1
1544,TWLO,2022,2021-12-31,195,46961103821.939995,1
503,CRWD,2022,2021-12-31,196,46957224541.5,1
91,CARR,2022,2021-12-31,197,46811240621.28,1
130,CTSH,2022,2021-12-31,198,46600333840.479996,1
44,CTAS,2022,2021-12-31,199,45971165705.92,1
191,MSI,2022,2021-12-31,200,45889447489.6,1
139,WBA,2022,2021-12-31,201,45028268928.32,1
227,ZS,2022,2021-12-31,202,45012445913.07,1
306,AEP,2022,2021-12-31,203,44859742974.55,1
484,APTV,2022,2021-12-31,204,44621307393.0,1
14,RSG,2022,2021-12-31,205,44218869162.75,1
37,TROW,2022,2021-12-31,206,44195104284.159996,1
264,ANET,2022,2021-12-31,207,44172014625.0,1
498,TTD,2022,2021-12-31,208,44045240377.28,1
421,KHC,2022,2021-12-31,209,43943124349.9,1
490,KKR,2022,2021-12-31,210,43583187486.0,1
1,HLT,2022,2021-12-31,211,43477795175.18,1
299,AZO,2022,2021-12-31,212,43257741430.439995,1
482,BAX,2022,2021-12-31,213,42979524975.44,1
401,DELL,2022,2021-12-31,214,42907416124.91,1
345,SBAC,2022,2021-12-31,215,42386063120.0,1
122,SRE,2022,2021-12-31,216,42241959473.36,1
351,SLB,2022,2021-12-31,217,42031281465.75,1
416,DOW,2022,2021-12-31,218,41950929448.64,1
60,DD,2022,2021-12-31,219,41852480167.1442,1
476,LHX,2022,2021-12-31,220,41843119009.560005,1
171,STZ,2022,2021-12-31,221,41800542254.04,1
313,EBAY,2022,2021-12-31,222,41629251436.5,1
467,ODFL,2022,2021-12-31,223,41217703821.36,1
154,PPG,2022,2021-12-31,224,40937403091.32,1
80,PRU,2022,2021-12-31,225,40914720000.0,1
240,PH,2022,2021-12-31,226,40871304928.08,1
220,HPQ,2022,2021-12-31,227,40786158797.53,1
210,YUM,2022,2021-12-31,228,40704462682.58,1
1579,CRH,2022,2021-12-31,229,40691031691.2,1
212,GIS,2022,2021-12-31,230,40644067446.0,1
279,ROK,2022,2021-12-31,231,40535017857.4,1
451,O,2022,2021-12-31,232,40506544365.560005,1
464,ROST,2022,2021-12-31,233,40378522115.8,1
352,SYY,2022,2021-12-31,234,40269155742.65,1
1577,CVNA,2022,2021-12-31,235,40060265700.0,1
430,HSY,2022,2021-12-31,236,39855541256.159996,1
281,MPC,2022,2021-12-31,237,39391455707.19,1
303,MTD,2022,2021-12-31,238,39011483522.55,1
477,DHI,2022,2021-12-31,239,38665625034.15,1
333,AFL,2022,2021-12-31,240,38626632707.41,1
208,GPN,2022,2021-12-31,241,38492566101.36,1
514,TRV,2022,2021-12-31,242,38483138907.41,1
437,IFF,2022,2021-12-31,243,38347504646.1,1
160,EPAM,2022,2021-12-31,244,38000714050.0,1
79,RMD,2022,2021-12-31,245,37957964028.16,1
431,ADM,2022,2021-12-31,246,37812634763.4,1
8,KEYS,2022,2021-12-31,247,37800102131.78,1
243,MTCH,2022,2021-12-31,248,37438032512.0,1
342,WELL,2022,2021-12-31,249,37333496266.56,1
286,EA,2022,2021-12-31,250,37302394061.700005,1
516,MCK,2022,2021-12-31,251,37235382819.46,1
192,OTIS,2022,2021-12-31,252,36984633782.549995,1
121,VRSK,2022,2021-12-31,253,36862441303.75,1
510,FAST,2022,2021-12-31,254,36844964457.24,1
225,PLTR,2022,2021-12-31,255,36489488085.3,1
2,XEL,2022,2021-12-31,256,36468336089.0,1
245,CBRE,2022,2021-12-31,257,36314593119.66,1
21,CPRT,2022,2021-12-31,258,35967258226.03999,1
275,KMI,2022,2021-12-31,259,35961368541.02,1
378,EFX,2022,2021-12-31,260,35749659000.0,1
43,MDB,2022,2021-12-31,261,35335756131.75,1
469,AVB,2022,2021-12-31,262,35297159487.98,1
353,BIIB,2022,2021-12-31,263,35242499463.04,1
459,AJG,2022,2021-12-31,264,35168858260.0,1
425,TDG,2022,2021-12-31,265,35153770728.28,1
204,NDAQ,2022,2021-12-31,266,35118276547.849495,1
90,ANSS,2022,2021-12-31,267,34998903304.0,1
1531,OKTA,2022,2021-12-31,268,34868255215.189995,1
104,WST,2022,2021-12-31,269,34744127132.15,1
398,ARE,2022,2021-12-31,270,34550850807.12,1
249,CTVA,2022,2021-12-31,271,34462817520.0,1
176,AWK,2022,2021-12-31,272,34285219087.280003,1
390,STT,2022,2021-12-31,273,34036402260.0,1
113,AME,2022,2021-12-31,274,34014052408.64,1
271,EQR,2022,2021-12-31,275,33985211147.5,1
132,DFS,2022,2021-12-31,276,33867834132.24,1
373,AMP,2022,2021-12-31,277,33752682196.22,1
444,PEG,2022,2021-12-31,278,33742936832.56,1
255,ALL,2022,2021-12-31,279,33727436223.65,1
180,KR,2022,2021-12-31,280,33277666826.64,1
1145,IBKR,2022,2021-12-31,281,33201812623.32,1
38,NUE,2022,2021-12-31,282,32623941467.100002,1
76,ZBRA,2022,2021-12-31,283,31792801440.000004,1
330,GLW,2022,2021-12-31,284,31772396928.569996,1
74,PSX,2022,2021-12-31,285,31749819140.94,1
161,TSN,2022,2021-12-31,286,31646164103.32,1
36,WMB,2022,2021-12-31,287,31639375965.96,1
443,DLTR,2022,2021-12-31,288,31610825410.680004,1
285,APO,2022,2021-12-31,289,31347695308.4,1
83,ES,2022,2021-12-31,290,31279452775.760002,1
73,CSGP,2022,2021-12-31,291,31211773824.07,1
186,CMI,2022,2021-12-31,292,31200967322.719997,1
396,BALL,2022,2021-12-31,293,31181292901.14,1
386,WY,2022,2021-12-31,294,30845673100.0,1
258,SWK,2022,2021-12-31,295,30751324258.82,1
433,VLO,2022,2021-12-31,296,30707643042.65,1
363,LYB,2022,2021-12-31,297,30692663155.120003,1
391,PCAR,2022,2021-12-31,298,30641870527.980003,1
335,WEC,2022,2021-12-31,299,30619229924.17,1
350,EXR,2022,2021-12-31,300,30357288720.92,1
3,ED,2022,2021-12-31,301,30181842155.519997,1
1011,DOCU,2022,2021-12-31,302,30138573218.13,1
221,LEN,2022,2021-12-31,303,30137754515.5694,1
6,DVN,2022,2021-12-31,304,29821849999.999996,1
155,FITB,2022,2021-12-31,305,29777629805.3,1
418,WTW,2022,2021-12-31,306,29592701976.530003,1
463,ON,2022,2021-12-31,307,29262221915.52,1
749,VFC,2022,2021-12-31,308,28759518102.28,1
9,LVS,2022,2021-12-31,309,28756574265.28,1
369,VRSN,2022,2021-12-31,310,28051932580.0,1
87,CDW,2022,2021-12-31,311,27793361673.84,1
1170,ETSY,2022,2021-12-31,312,27757376310.3,1
341,COR,2022,2021-12-31,313,27658842343.289997,1
181,VMC,2022,2021-12-31,314,27546909712.24,1
136,IT,2022,2021-12-31,315,27494145823.2,1
59,MLM,2022,2021-12-31,316,27480470623.32,1
226,EXPE,2022,2021-12-31,317,27384074739.36,1
290,FTV,2022,2021-12-31,318,27347605927.3188,1
325,ALB,2022,2021-12-31,319,27345553858.86,1
375,INVH,2022,2021-12-31,320,27251400158.920002,1
140,MAA,2022,2021-12-31,321,27198504543.36,1
250,TSCO,2022,2021-12-31,322,27156240866.399998,1
156,OXY,2022,2021-12-31,323,27076108639.19,1
331,LYV,2022,2021-12-31,324,26891300360.51,1
233,GWW,2022,2021-12-31,325,26699749157.28,1
356,TER,2022,2021-12-31,326,26656099720.2,1
326,ZBH,2022,2021-12-31,327,26539673336.32,1
263,HRL,2022,2021-12-31,328,26482839210.690002,1
96,GRMN,2022,2021-12-31,329,26227431359.999996,1
105,OKE,2022,2021-12-31,330,26203240668.28,1
41,DOV,2022,2021-12-31,331,26147612984.8,1
468,EIX,2022,2021-12-31,332,25928738472.0,1
515,LH,2022,2021-12-31,333,25832224440.0,1
593,AVTR,2022,2021-12-31,334,25682337873.64,1
49,SWKS,2022,2021-12-31,335,25658178430.42,1
589,BILL,2022,2021-12-31,336,25551257593.95,1
147,CCEP,2022,2021-12-31,337,25517225339.76,1
519,RVTY,2022,2021-12-31,338,25373810603.52,1
103,LUV,2022,2021-12-31,339,25357848815.88,1
135,IR,2022,2021-12-31,340,25217260748.75,1
317,STX,2022,2021-12-31,341,25153409066.100002,1
387,CHD,2022,2021-12-31,342,25025207515.0,1
506,DAL,2022,2021-12-31,343,25011740007.44,1
417,BKR,2022,2021-12-31,344,24940932094.14,1
493,NTRS,2022,2021-12-31,345,24838361753.67,1
270,ENPH,2022,2021-12-31,346,24680883237.12,1
1190,CHWY,2022,2021-12-31,347,24635501329.239998,1
4,BBY,2022,2021-12-31,348,24440987236.8,1
88,SYF,2022,2021-12-31,349,24438252000.0,1
413,STE,2022,2021-12-31,350,24346598916.82,1
455,MKC,2022,2021-12-31,351,24127664370.69,1
98,PCG,2022,2021-12-31,352,24102762555.600002,1
327,PAYC,2022,2021-12-31,353,24079614581.85,1
207,URI,2022,2021-12-31,354,24055946806.15,1
366,RJF,2022,2021-12-31,355,24011630767.600002,1
1573,PINS,2022,2021-12-31,356,23707342847.7,1
1570,ARES,2022,2021-12-31,357,23560719053.129997,1
274,HIG,2022,2021-12-31,358,23497995491.120003,1
309,DTE,2022,2021-12-31,359,23158158812.120003,1
69,AEE,2022,2021-12-31,360,22929527060.91,1
439,HES,2022,2021-12-31,361,22929081962.82,1
301,ESS,2022,2021-12-31,362,22925886713.13,1
10,MPWR,2022,2021-12-31,363,22819472480.0,1
486,EXPD,2022,2021-12-31,364,22749239256.379997,1
1553,TRU,2022,2021-12-31,365,22743644000.0,1
244,WAT,2022,2021-12-31,366,22742113829.4,1
184,POOL,2022,2021-12-31,367,22689791586.0,1
109,FE,2022,2021-12-31,368,22642411954.210003,1
312,ETR,2022,2021-12-31,369,22640543219.7,1
107,PPL,2022,2021-12-31,370,22566520014.12,1
394,BFb,2022,2021-12-31,371,22565905865.64,1
106,GNRC,2022,2021-12-31,372,22423985553.120003,1
120,ULTA,2022,2021-12-31,373,22315912134.82,1
72,HBAN,2022,2021-12-31,374,22304432459.579998,1
645,WMG,2022,2021-12-31,375,22217675706.8,1
357,TYL,2022,2021-12-31,376,22043216185.550003,1
481,TRMB,2022,2021-12-31,377,21885421436.91,1
292,RCL,2022,2021-12-31,378,21739879617.4,1
34,XYL,2022,2021-12-31,379,21624606618.24,1
452,KEY,2022,2021-12-31,380,21535378132.05,1
508,JBHT,2022,2021-12-31,381,21464839729.2,1
320,CLX,2022,2021-12-31,382,21422351879.760002,1
348,BR,2022,2021-12-31,383,21312802391.76,1
277,DGX,2022,2021-12-31,384,21223962130.71,1
462,KMX,2022,2021-12-31,385,21055568949.179996,1
262,MGM,2022,2021-12-31,386,21046917753.84,1
39,RF,2022,2021-12-31,387,20781561181.4,1
411,COO,2022,2021-12-31,388,20698995898.8,1
27,K,2022,2021-12-31,389,20619918297.501602,1
189,NVR,2022,2021-12-31,390,20579099265.89,1
376,DPZ,2022,2021-12-31,391,20534149864.41,1
222,TTWO,2022,2021-12-31,392,20495736720.0,1
47,HAL,2022,2021-12-31,393,20471306030.32,1
236,NTAP,2022,2021-12-31,394,20447329394.59,1
361,VTR,2022,2021-12-31,395,20405871599.039997,1
52,HPE,2022,2021-12-31,396,20397547333.39,1
339,TDY,2022,2021-12-31,397,20383179842.64,1
497,TECH,2022,2021-12-31,398,20329024811.260002,1
412,WDC,2022,2021-12-31,399,20320930678.41,1
1582,ALNY,2022,2021-12-31,400,20281967595.66,1
185,CFG,2022,2021-12-31,401,20137929966.0,1
383,CZR,2022,2021-12-31,402,19994287083.56,1
117,GPC,2022,2021-12-31,403,19933731756.6,1
423,BRO,2022,2021-12-31,404,19848958244.920002,1
31,MTB,2022,2021-12-31,405,19763375799.86,1
307,CCL,2022,2021-12-31,406,19738694874.36,1
1083,CG,2022,2021-12-31,407,19573361177.399998,1
1218,BURL,2022,2021-12-31,408,19462700714.22,1
300,DOC,2022,2021-12-31,409,19455116528.070004,1
223,HOLX,2022,2021-12-31,410,19248755700.24,1
148,DRI,2022,2021-12-31,411,19240294703.28,1
492,PFG,2022,2021-12-31,412,19172471293.26,1
81,FANG,2022,2021-12-31,413,19148912773.95,1
347,UDR,2022,2021-12-31,414,19085796603.65,1
128,CRL,2022,2021-12-31,415,19019854400.0,1
166,AKAM,2022,2021-12-31,416,19016649368.64,1
359,VICI,2022,2021-12-31,417,18937565053.63,1
298,CMS,2022,2021-12-31,418,18844815154.45,1
1153,ENTG,2022,2021-12-31,419,18774567570.2,1
1061,BIO,2022,2021-12-31,420,18765390921.04,1
65,MOH,2022,2021-12-31,421,18575872000.0,1
63,AMCR,2022,2021-12-31,422,18413358464.98,1
446,FDS,2022,2021-12-31,423,18369797245.59,1
377,CINF,2022,2021-12-31,424,18358793902.14,1
449,PODD,2022,2021-12-31,425,18350125786.02,1
338,CE,2022,2021-12-31,426,18296834714.88,1
435,CPT,2022,2021-12-31,427,18260610526.440002,1
20,CPAY,2022,2021-12-31,428,18175493952.48,1
84,BXP,2022,2021-12-31,429,17991915809.920002,1
886,BBWI,2022,2021-12-31,430,17986483284.7,1
111,IEX,2022,2021-12-31,431,17967762898.399998,1
175,AVY,2022,2021-12-31,432,17931039410.309998,1
153,IP,2022,2021-12-31,433,17681601109.32,1
165,J,2022,2021-12-31,434,17650190363.3056,1
426,CNP,2022,2021-12-31,435,17551642635.94,1
1597,RNG,2022,2021-12-31,436,17266473324.45,1
1071,QRVO,2022,2021-12-31,437,17237810470.53,1
94,LKQ,2022,2021-12-31,438,17229510450.0,1
284,WAB,2022,2021-12-31,439,17208083507.43,1
754,DT,2022,2021-12-31,440,17204047463.15,1
131,ACGL,2022,2021-12-31,441,17163644876.35,1
46,MAS,2022,2021-12-31,442,17139823758.46,1
205,TXT,2022,2021-12-31,443,17016826752.400002,1
358,ROL,2022,2021-12-31,444,16832985513.85,1
70,BEN,2022,2021-12-31,445,16829410607.28,1
1163,ALLY,2022,2021-12-31,446,16494198840.0,1
436,BLDR,2022,2021-12-31,447,16413558252.48,1
308,CAG,2022,2021-12-31,448,16381677513.65,1
164,VTRS,2022,2021-12-31,449,16363092918.48,1
368,PWR,2022,2021-12-31,450,16338967444.8,1
1072,BMRN,2022,2021-12-31,451,16220479893.9,1
305,INCY,2022,2021-12-31,452,16213371361.2,1
199,AES,2022,2021-12-31,453,16203085087.5,1
1210,MASI,2022,2021-12-31,454,16167806105.419998,1
1008,ELS,2022,2021-12-31,455,16114197328.56,1
374,DAY,2022,2021-12-31,456,15808065613.259998,1
291,EVRG,2022,2021-12-31,457,15732458247.0,1
86,MKTX,2022,2021-12-31,458,15639151663.41,1
67,EMN,2022,2021-12-31,459,15593506128.98,1
622,WPC,2022,2021-12-31,460,15583540756.6377,1
182,OMC,2022,2021-12-31,461,15574162906.939999,1
1462,TREX,2022,2021-12-31,462,15548454964.56,1
424,CTRA,2022,2021-12-31,463,15457975141.0,1
112,LNT,2022,2021-12-31,464,15389677576.89,1
29,TFX,2022,2021-12-31,465,15387629176.0,1
372,KIM,2022,2021-12-31,466,15200634317.449999,1
440,CF,2022,2021-12-31,467,15180571643.2,1
48,IRM,2022,2021-12-31,468,15152125230.34,1
151,GEN,2022,2021-12-31,469,15116735556.18,1
114,FFIV,2022,2021-12-31,470,14983443537.48,1
953,AAP,2022,2021-12-31,471,14957759858.76,1
18,MOS,2022,2021-12-31,472,14888652396.6,1
457,NDSN,2022,2021-12-31,473,14850742213.62,1
565,FNF,2022,2021-12-31,474,14846866036.66,1
938,SEDG,2022,2021-12-31,475,14818415375.15,1
146,IPG,2022,2021-12-31,476,14746134487.000002,1
1599,LYFT,2022,2021-12-31,477,14739210268.789999,1
929,MORN,2022,2021-12-31,478,14738227651.07,1
95,SJM,2022,2021-12-31,479,14717891997.119999,1
466,L,2022,2021-12-31,480,14652811637.119999,1
781,RGEN,2022,2021-12-31,481,14642613755.519999,1
1036,AMH,2022,2021-12-31,482,14582993555.13,1
50,WRB,2022,2021-12-31,483,14553423433.2539,1
1343,FBIN,2022,2021-12-31,484,14510001587.400002,1
364,CAH,2022,2021-12-31,485,14509264222.980001,1
513,PHM,2022,2021-12-31,486,14472092725.72,1
200,PTC,2022,2021-12-31,487,14280181048.45,1
683,WHR,2022,2021-12-31,488,14253972091.44,1
13,UAL,2022,2021-12-31,489,14176249314.26,1
1461,CCK,2022,2021-12-31,490,14144739686.460001,1
170,GDDY,2022,2021-12-31,491,14131495137.039999,1
901,ACI,2022,2021-12-31,492,14124279585.67,1
1226,MPT,2022,2021-12-31,493,14090569000.0,1
489,HAS,2022,2021-12-31,494,14040236092.68,1
422,CHRW,2022,2021-12-31,495,13990550535.06,1
427,SW,2022,2021-12-31,496,13923064546.25,1
68,CBOE,2022,2021-12-31,497,13906703339.2,1
399,ATO,2022,2021-12-31,498,13903527680.49,1
183,FMC,2022,2021-12-31,499,13813115747.31,1
1159,FND,2022,2021-12-31,500,13749942106.499998,1
1235,CGNX,2022,2021-12-31,501,13747890473.28,1
1366,GGG,2022,2021-12-31,502,13702624737.12,1
173,AOS,2022,2021-12-31,503,13664066456.699999,1
1561,BSY,2022,2021-12-31,504,13645772562.33,1
1480,JLL,2022,2021-12-31,505,13593161280.06,1
727,WTRG,2022,2021-12-31,506,13569765334.58,1
1547,ELAN,2022,2021-12-31,507,13426539488.34,1
66,HWM,2022,2021-12-31,508,13422453558.96,1
1172,EQH,2022,2021-12-31,509,13272360229.859999,1
852,MTN,2022,2021-12-31,510,13263951431.099998,1
56,BG,2022,2021-12-31,511,13118965778.64,1
500,CPB,2022,2021-12-31,512,13113528177.880001,1
1275,RPM,2022,2021-12-31,513,13097249639.0,1
854,PCTY,2022,2021-12-31,514,12995012897.28,1
636,WOLF,2022,2021-12-31,515,12989593090.9,1
630,CSL,2022,2021-12-31,516,12972847508.4,1
478,PKG,2022,2021-12-31,517,12932992790.9,1
248,REG,2022,2021-12-31,518,12900899776.05,1
1046,LUMN,2022,2021-12-31,519,12849871783.300001,1
567,CUBE,2022,2021-12-31,520,12743172981.63,1
1183,BRKR,2022,2021-12-31,521,12725390097.57,1
329,LDOS,2022,2021-12-31,522,12476168748.400002,1
198,HST,2022,2021-12-31,523,12417074180.02,1
1460,RHI,2022,2021-12-31,524,12415544350.08,1
1098,WLK,2022,2021-12-31,525,12415347363.32,1
242,JKHY,2022,2021-12-31,526,12364111933.68,1
133,MHK,2022,2021-12-31,527,12339483713.140001,1
1205,WSM,2022,2021-12-31,528,12338797798.47,1
954,LNC,2022,2021-12-31,529,12335174974.62,1
54,STLD,2022,2021-12-31,530,12317867597.82,1
755,REXR,2022,2021-12-31,531,12287142202.9,1
726,LAMR,2022,2021-12-31,532,12280348924.0,1
845,XRAY,2022,2021-12-31,533,12196085980.539999,1
101,PNR,2022,2021-12-31,534,12057168796.41,1
1435,GLPI,2022,2021-12-31,535,12029089554.42,1
24,TRGP,2022,2021-12-31,536,11961483175.2,1
539,CIEN,2022,2021-12-31,537,11921317570.5,1
502,LII,2022,2021-12-31,538,11882627593.92,1
409,ALLE,2022,2021-12-31,539,11879319963.28,1
124,FOXA,2022,2021-12-31,540,11820790462.5,1
108,FICO,2022,2021-12-31,541,11752326899.0,1
1451,IAC,2022,2021-12-31,542,11707294727.400002,1
847,SCI,2022,2021-12-31,543,11707094148.23,1
1457,CAR,2022,2021-12-31,544,11705532798.27,1
672,AFG,2022,2021-12-31,545,11645818356.24,1
1238,AAL,2022,2021-12-31,546,11629360815.12,1
410,JNPR,2022,2021-12-31,547,11612217545.23,1
867,FIVE,2022,2021-12-31,548,11591092109.539999,1
780,RRX,2022,2021-12-31,549,11531283460.12,1
450,SNA,2022,2021-12-31,550,11530363346.26,1
695,RH,2022,2021-12-31,551,11505943117.1,1
1107,NLY,2022,2021-12-31,552,11415137537.56,1
579,CMA,2022,2021-12-31,553,11409933768.0,1
1317,SYNA,2022,2021-12-31,554,11369468225.18,1
1580,BAH,2022,2021-12-31,555,11353097462.240002,1
293,HUBB,2022,2021-12-31,556,11332154602.41,1
816,GME,2022,2021-12-31,557,11329692392.589998,1
1400,WAL,2022,2021-12-31,558,11217310098.45,1
985,DAR,2022,2021-12-31,559,11211691078.77,1
194,TPR,2022,2021-12-31,560,11170791874.2,1
550,EWBC,2022,2021-12-31,561,11165281391.880001,1
1231,AA,2022,2021-12-31,562,11147605498.26,1
19,DVA,2022,2021-12-31,563,11067596640.0,1
757,ACM,2022,2021-12-31,564,10999343573.4,1
706,SNX,2022,2021-12-31,565,10979496150.96,1
1414,MIDD,2022,2021-12-31,566,10945036100.519999,1
1337,LEA,2022,2021-12-31,567,10906849834.949999,1
1050,CLF,2022,2021-12-31,568,10886973777.05,1
470,NI,2022,2021-12-31,569,10842576187.19,1
474,BWA,2022,2021-12-31,570,10798219255.262499,1
302,EG,2022,2021-12-31,571,10783963601.92,1
517,HSIC,2022,2021-12-31,572,10751427162.36,1
149,AXON,2022,2021-12-31,573,10749408647.0,1
1283,PEN,2022,2021-12-31,574,10733920359.8,1
229,FRT,2022,2021-12-31,575,10715202537.6,1
336,VST,2022,2021-12-31,576,10680783033.69,1
1291,CABO,2022,2021-12-31,577,10662457068.9,1
340,IVZ,2022,2021-12-31,578,10616974021.34,1
684,LSCC,2022,2021-12-31,579,10552573127.880001,1
1276,H,2022,2021-12-31,580,10544632138.6,1
5,NRG,2022,2021-12-31,581,10500917968.92,1
660,TTC,2022,2021-12-31,582,10439199157.39,1
415,UHS,2022,2021-12-31,583,10421671836.18,1
1138,WSO,2022,2021-12-31,584,10333167370.88,1
1277,KNX,2022,2021-12-31,585,10113428660.06,1
172,JBL,2022,2021-12-31,586,10094125921.949999,1
247,ERIE,2022,2021-12-31,587,10074165968.88,1
276,DECK,2022,2021-12-31,588,10054526326.824,1
1245,RS,2022,2021-12-31,589,10026169320.0,1
822,SEE,2022,2021-12-31,590,9996133898.4,1
1501,G,2022,2021-12-31,591,9982242210.24,1
743,BERY,2022,2021-12-31,592,9970186741.34,1
1206,DKS,2022,2021-12-31,593,9958815775.71,1
916,ZION,2022,2021-12-31,594,9882232323.08,1
532,MANH,2022,2021-12-31,595,9877842151.140001,1
257,WYNN,2022,2021-12-31,596,9835547475.84,1
890,ST,2022,2021-12-31,597,9776191411.99,1
472,APA,2022,2021-12-31,598,9768444824.51,1
758,BJ,2022,2021-12-31,599,9734014560.57,1
827,UTHR,2022,2021-12-31,600,9731487136.08,1
958,WMS,2022,2021-12-31,601,9698127584.19,1
209,TPL,2022,2021-12-31,602,9674170702.5588,1
1014,MKSI,2022,2021-12-31,603,9659278528.869999,1
1401,DLB,2022,2021-12-31,604,9644438351.34,1
632,DBX,2022,2021-12-31,605,9639394184.46,1
1176,UGI,2022,2021-12-31,606,9605819450.48,1
868,TNDM,2022,2021-12-31,607,9562944412.320002,1
647,CPRI,2022,2021-12-31,608,9558128488.38,1
179,GL,2022,2021-12-31,609,9463772967.0,1
618,GWRE,2022,2021-12-31,610,9457964278.86,1
1064,ARMK,2022,2021-12-31,611,9450706285.9,1
959,JEF,2022,2021-12-31,612,9449407522.8,1
1104,PSTG,2022,2021-12-31,613,9437778235.199999,1
1605,VRT,2022,2021-12-31,614,9380567319.97,1
642,ARW,2022,2021-12-31,615,9349111609.84,1
1280,CNXC,2022,2021-12-31,616,9345337311.960001,1
479,TAP,2022,2021-12-31,617,9297133243.65,1
1395,NWL,2022,2021-12-31,618,9290736000.0,1
1122,EGP,2022,2021-12-31,619,9269911603.05,1
322,FSLR,2022,2021-12-31,620,9267435172.0,1
765,CHDN,2022,2021-12-31,621,9214214935.2,1
231,LW,2022,2021-12-31,622,9203004168.0,1
1370,OLN,2022,2021-12-31,623,9167391499.2,1
972,TTEK,2022,2021-12-31,624,9149765710.800001,1
1524,WSC,2022,2021-12-31,625,9145690282.68,1
1536,PEGA,2022,2021-12-31,626,9132933723.3,1
1262,IPGP,2022,2021-12-31,627,9125187017.099998,1
990,OC,2022,2021-12-31,628,9094042006.0,1
991,BLD,2022,2021-12-31,629,9084366548.28,1
716,SGI,2022,2021-12-31,630,9053748780.22,1
569,ALV,2022,2021-12-31,631,9046697793.21,1
1115,LAD,2022,2021-12-31,632,8991515638.949999,1
354,AIZ,2022,2021-12-31,633,8880389864.740002,1
1203,SAIA,2022,2021-12-31,634,8876220590.67,1
788,SMG,2022,2021-12-31,635,8855673141.0,1
795,FHN,2022,2021-12-31,636,8830450798.66,1
1197,OVV,2022,2021-12-31,637,8798545122.5,1
1251,PENN,2022,2021-12-31,638,8789322054.800001,1
238,NWSA,2022,2021-12-31,639,8768672916.42,1
1223,THC,2022,2021-12-31,640,8751113300.58,1
355,RL,2022,2021-12-31,641,8750121017.82,1
1358,ITT,2022,2021-12-31,642,8747464000.0,1
1327,TOL,2022,2021-12-31,643,8712860400.0,1
911,AGCO,2022,2021-12-31,644,8682260751.46,1
1126,CHH,2022,2021-12-31,645,8677619186.7,1
241,NCLH,2022,2021-12-31,646,8646338317.099998,1
609,FLEX,2022,2021-12-31,647,8626526720.369999,1
1243,FR,2022,2021-12-31,648,8625172645.4,1
294,FOX,2022,2021-12-31,649,8614836568.41,1
944,COTY,2022,2021-12-31,650,8594002347.0,1
1362,FAF,2022,2021-12-31,651,8587071314.780001,1
520,SEIC,2022,2021-12-31,652,8498235776.58,1
1015,NNN,2022,2021-12-31,653,8442822520.0,1
943,PAG,2022,2021-12-31,654,8394793974.36,1
1508,WH,2022,2021-12-31,655,8353394521.450001,1
946,SLAB,2022,2021-12-31,656,8295451319.32,1
260,EQT,2022,2021-12-31,657,8243190458.49,1
1023,GNTX,2022,2021-12-31,658,8242724822.85,1
1056,LECO,2022,2021-12-31,659,8235464308.95,1
812,CHE,2022,2021-12-31,660,8144596722.959999,1
604,STAG,2022,2021-12-31,661,8142229773.4800005,1
535,DXC,2022,2021-12-31,662,8119567487.039999,1
871,NYT,2022,2021-12-31,663,8108395054.2,1
1473,NBIX,2022,2021-12-31,664,8079796242.81,1
1133,MP,2022,2021-12-31,665,8073295901.16,1
1288,ATR,2022,2021-12-31,666,8062503942.88,1
543,CFR,2022,2021-12-31,667,8032551058.559999,1
1342,VNO,2022,2021-12-31,668,8025550230.88,1
1415,CBSH,2022,2021-12-31,669,7985625578.2654,1
432,PNW,2022,2021-12-31,670,7963880715.570001,1
696,OMCL,2022,2021-12-31,671,7929015013.92,1
1410,OLED,2022,2021-12-31,672,7871976548.28,1
600,PLNT,2022,2021-12-31,673,7844919940.62,1
821,SRPT,2022,2021-12-31,674,7841276465.9,1
872,MEDP,2022,2021-12-31,675,7836515163.919999,1
704,M,2022,2021-12-31,676,7834873310.88,1
580,JAZZ,2022,2021-12-31,677,7831232773.0,1
914,RNR,2022,2021-12-31,678,7792546619.06,1
741,BC,2022,2021-12-31,679,7765812389.440001,1
1234,USFD,2022,2021-12-31,680,7759798060.86,1
797,LFUS,2022,2021-12-31,681,7751206256.360001,1
941,KRC,2022,2021-12-31,682,7740043452.179999,1
1321,AZTA,2022,2021-12-31,683,7724286235.26,1
747,OGE,2022,2021-12-31,684,7682698845.200001,1
731,AN,2022,2021-12-31,685,7658132126.4,1
971,LITE,2022,2021-12-31,686,7647171000.0,1
1240,OSK,2022,2021-12-31,687,7606460671.679999,1
1408,AXTA,2022,2021-12-31,688,7562983927.679999,1
1075,MAT,2022,2021-12-31,689,7553357199.08,1
534,BRX,2022,2021-12-31,690,7552107446.7300005,1
1295,ORI,2022,2021-12-31,691,7546274681.719999,1
1088,CROX,2022,2021-12-31,692,7545412089.36,1
332,HII,2022,2021-12-31,693,7480990766.52,1
1220,PVH,2022,2021-12-31,694,7463114772.75,1
1372,AYI,2022,2021-12-31,695,7407453779.88,1
1449,STWD,2022,2021-12-31,696,7402207048.2,1
1012,RGA,2022,2021-12-31,697,7401540532.99,1
1116,BYD,2022,2021-12-31,698,7366500598.579999,1
1200,VOYA,2022,2021-12-31,699,7360057893.900001,1
1196,WU,2022,2021-12-31,700,7335808000.0,1
1194,SF,2022,2021-12-31,701,7331473088.6118,1
1148,CASY,2022,2021-12-31,702,7323422272.05,1
782,DCI,2022,2021-12-31,703,7320508571.88,1
533,NVST,2022,2021-12-31,704,7271257805.940001,1
1263,PNFP,2022,2021-12-31,705,7271029542.5,1
1434,YETI,2022,2021-12-31,706,7259379073.98,1
1168,COHR,2022,2021-12-31,707,7252530689.09,1
702,FFIN,2022,2021-12-31,708,7246332777.440001,1
1087,ENOV,2022,2021-12-31,709,7182777286.98,1
1373,FOXF,2022,2021-12-31,710,7161887508.3,1
1383,JHG,2022,2021-12-31,711,7154315188.2,1
767,VAC,2022,2021-12-31,712,7145045214.44,1
1430,RUN,2022,2021-12-31,713,7100268310.099999,1
759,PFGC,2022,2021-12-31,714,7081499747.4,1
1082,OHI,2022,2021-12-31,715,7071244269.98,1
1017,HLI,2022,2021-12-31,716,7070973662.24,1
1391,POST,2022,2021-12-31,717,7051399853.1084,1
1438,HR,2022,2021-12-31,718,6987317547.28,1
1377,ROIV,2022,2021-12-31,719,6975482804.64,1
1309,SNV,2022,2021-12-31,720,6965607740.4,1
775,ARWR,2022,2021-12-31,721,6930054440.4,1
1552,NTNX,2022,2021-12-31,722,6911263188.36,1
1594,ADT,2022,2021-12-31,723,6911060537.28,1
1137,RGLD,2022,2021-12-31,724,6905699386.11,1
711,WWD,2022,2021-12-31,725,6903879728.2,1
1413,LPX,2022,2021-12-31,726,6893950842.7,1
536,KSS,2022,2021-12-31,727,6873016731.57,1
1360,PPC,2022,2021-12-31,728,6871649720.4,1
1229,ALGM,2022,2021-12-31,729,6866860706.1,1
1060,MTZ,2022,2021-12-31,730,6856743036.72,1
1439,LSTR,2022,2021-12-31,731,6822199065.72,1
964,EME,2022,2021-12-31,732,6799362777.76,1
793,RBA,2022,2021-12-31,733,6770930779.29,1
798,SKX,2022,2021-12-31,734,6763508080.0,1
1379,IIPR,2022,2021-12-31,735,6733793154.31,1
883,VVV,2022,2021-12-31,736,6711462254.639999,1
614,PII,2022,2021-12-31,737,6669532351.51,1
1326,PB,2022,2021-12-31,738,6663526246.5,1
720,SHC,2022,2021-12-31,739,6662693206.95,1
674,KBR,2022,2021-12-31,740,6656615796.32,1
1128,WCC,2022,2021-12-31,741,6633444794.14,1
986,EXP,2022,2021-12-31,742,6619455517.780001,1
624,AMG,2022,2021-12-31,743,6608383315.509999,1
572,GAP,2022,2021-12-31,744,6590567256.599999,1
1559,REYN,2022,2021-12-31,745,6586478820.799999,1
1442,ALK,2022,2021-12-31,746,6528685802.8,1
881,WTS,2022,2021-12-31,747,6525823608.549999,1
1093,EHC,2022,2021-12-31,748,6492880158.440001,1
574,LNW,2022,2021-12-31,749,6449925028.599999,1
1485,X,2022,2021-12-31,750,6434242087.03,1
1111,INGR,2022,2021-12-31,751,6430032468.4800005,1
1477,ASGN,2022,2021-12-31,752,6429140000.0,1
1304,TRNO,2022,2021-12-31,753,6381262274.190001,1
900,COLM,2022,2021-12-31,754,6354754029.12,1
785,NSA,2022,2021-12-31,755,6310965886.8,1
1364,NVT,2022,2021-12-31,756,6310918552.0,1
1565,RRR,2022,2021-12-31,757,6308661550.86,1
1195,EEFT,2022,2021-12-31,758,6298852260.91,1
737,INSP,2022,2021-12-31,759,6294004255.940001,1
1198,WEX,2022,2021-12-31,760,6292075532.549999,1
992,CACI,2022,2021-12-31,761,6279879707.07,1
1346,NOVT,2022,2021-12-31,762,6277287695.14,1
934,GBCI,2022,2021-12-31,763,6275983121.1,1
585,MDU,2022,2021-12-31,764,6264931273.29,1
1497,HGV,2022,2021-12-31,765,6244708102.29,1
1105,TXRH,2022,2021-12-31,766,6217906135.68,1
639,SAM,2022,2021-12-31,767,6203446262.0,1
1356,NXST,2022,2021-12-31,768,6173758660.299999,1
919,ALTR,2022,2021-12-31,769,6129079079.999999,1
1027,ASH,2022,2021-12-31,770,6128412755.22,1
1289,SITM,2022,2021-12-31,771,6092069439.6,1
713,EXPO,2022,2021-12-31,772,6082976328.84,1
742,BL,2022,2021-12-31,773,6073168726.6,1
1388,AMKR,2022,2021-12-31,774,6061777997.49,1
1239,EVR,2022,2021-12-31,775,6053840349.7,1
1025,PRI,2022,2021-12-31,776,6052610229.120001,1
1478,SSD,2022,2021-12-31,777,6041152820.849999,1
1519,ESI,2022,2021-12-31,778,6009382600.56,1
1294,GT,2022,2021-12-31,779,5997157187.32,1
1419,CUZ,2022,2021-12-31,780,5989154090.08,1
1363,OZK,2022,2021-12-31,781,5988966149.43,1
1261,GPK,2022,2021-12-31,782,5988519244.5,1
666,CXT,2022,2021-12-31,783,5974304729.37,1
667,MSA,2022,2021-12-31,784,5918750764.56,1
728,HELE,2022,2021-12-31,785,5900788280.55,1
1110,DEI,2022,2021-12-31,786,5878773630.0,1
843,HBI,2022,2021-12-31,787,5838699457.36,1
1211,RBC,2022,2021-12-31,788,5830922574.7699995,1
957,NFG,2022,2021-12-31,789,5830693331.559999,1
878,FLO,2022,2021-12-31,790,5807014634.07,1
1416,COKE,2022,2021-12-31,791,5804094491.910001,1
1049,GTLS,2022,2021-12-31,792,5802871241.31,1
675,HOG,2022,2021-12-31,793,5799620511.759999,1
967,VLY,2022,2021-12-31,794,5794759685.0,1
1537,APG,2022,2021-12-31,795,5788591223.61,1
1212,MXL,2022,2021-12-31,796,5785046825.04,1
841,EXEL,2022,2021-12-31,797,5783743740.8,1
884,AMN,2022,2021-12-31,798,5783151850.97,1
1455,RYN,2022,2021-12-31,799,5777627433.4,1
1184,THO,2022,2021-12-31,800,5771536829.73,1
653,SLM,2022,2021-12-31,801,5766799595.690001,1
826,SMTC,2022,2021-12-31,802,5730367291.900001,1
523,IDA,2022,2021-12-31,803,5724022235.49,1
1175,GMED,2022,2021-12-31,804,5712024735.2,1
1165,UFPI,2022,2021-12-31,805,5694293717.700001,1
819,SON,2022,2021-12-31,806,5692109970.12,1
937,FLG,2022,2021-12-31,807,5677903955.79,1
784,IART,2022,2021-12-31,808,5674022117.61,1
551,HALO,2022,2021-12-31,809,5661046074.2,1
145,MSTR,2022,2021-12-31,810,5639614524.41,1
983,QDEL,2022,2021-12-31,811,5627186255.51,1
1252,CADE,2022,2021-12-31,812,5610578831.82,1
761,POWI,2022,2021-12-31,813,5604210219.65,1
557,SSB,2022,2021-12-31,814,5593277796.7,1
848,HLNE,2022,2021-12-31,815,5588114483.16,1
529,CELH,2022,2021-12-31,816,5578968742.809,1
1380,VICR,2022,2021-12-31,817,5557723241.14,1
1514,AWI,2022,2021-12-31,818,5512880258.04,1
844,ADC,2022,2021-12-31,819,5497239792.96,1
748,AR,2022,2021-12-31,820,5493774860.0,1
833,LEG,2022,2021-12-31,821,5489805469.679999,1
607,VIR,2022,2021-12-31,822,5479952257.33,1
809,BCPC,2022,2021-12-31,823,5459539614.599999,1
1507,ACHC,2022,2021-12-31,824,5459091891.2,1
794,IRDM,2022,2021-12-31,825,5458636765.68,1
710,MTSI,2022,2021-12-31,826,5450590863.9,1
1486,CW,2022,2021-12-31,827,5441370031.0199995,1
1433,CLH,2022,2021-12-31,828,5428696813.32,1
656,KNSL,2022,2021-12-31,829,5428375037.049999,1
592,CC,2022,2021-12-31,830,5404728325.92,1
1271,TRUP,2022,2021-12-31,831,5343938675.55,1
1089,QLYS,2022,2021-12-31,832,5327443550.88,1
527,DINO,2022,2021-12-31,833,5326626583.3,1
689,VMI,2022,2021-12-31,834,5316658342.5,1
723,VYX,2022,2021-12-31,835,5306400000.0,1
1241,NOV,2022,2021-12-31,836,5293874350.7,1
1287,MAN,2022,2021-12-31,837,5279168785.69,1
1189,XPO,2022,2021-12-31,838,5277058521.892301,1
947,FCN,2022,2021-12-31,839,5267368860.0,1
681,AMED,2022,2021-12-31,840,5262713781.72,1
544,WEN,2022,2021-12-31,841,5262131203.200001,1
999,ZD,2022,2021-12-31,842,5259213587.82,1
1440,CRUS,2022,2021-12-31,843,5257658308.78,1
648,TKR,2022,2021-12-31,844,5256307249.440001,1
1063,VIRT,2022,2021-12-31,845,5252649070.29,1
1214,PRGO,2022,2021-12-31,846,5203803970.9,1
1029,VNT,2022,2021-12-31,847,5198541398.05,1
1180,WTFC,2022,2021-12-31,848,5177404257.48,1
1319,WING,2022,2021-12-31,849,5155912051.200001,1
676,BXMT,2022,2021-12-31,850,5149665414.76,1
752,UMBF,2022,2021-12-31,851,5131351949.67,1
1436,SPSC,2022,2021-12-31,852,5119509279.3,1
1154,AVNT,2022,2021-12-31,853,5118942711.0,1
1320,OPCH,2022,2021-12-31,854,5115650488.92,1
1091,MUSA,2022,2021-12-31,855,5107158369.52,1
1354,CALY,2022,2021-12-31,856,5104218726.88,1
635,ROG,2022,2021-12-31,857,5098821000.0,1
1053,CALX,2022,2021-12-31,858,5098580115.2,1
915,RLI,2022,2021-12-31,859,5071909010.5,1
1523,RHP,2022,2021-12-31,860,5063919386.24,1
623,WBS,2022,2021-12-31,861,5058471332.8,1
687,ICUI,2022,2021-12-31,862,5050595200.0,1
1181,AL,2022,2021-12-31,863,5041651821.42,1
1293,ESNT,2022,2021-12-31,864,5027990677.81,1
1232,UNM,2022,2021-12-31,865,5023417752.99,1
818,PINC,2022,2021-12-31,866,5016989744.93,1
1548,PRKS,2022,2021-12-31,867,5011921785.78,1
736,EXPI,2022,2021-12-31,868,5011879104.48,1
1604,RITM,2022,2021-12-31,869,4998981028.860001,1
1219,ONTO,2022,2021-12-31,870,4988456886.12,1
1193,CWK,2022,2021-12-31,871,4969957699.04,1
1331,UBSI,2022,2021-12-31,872,4946095282.96,1
714,DIOD,2022,2021-12-31,873,4943401762.940001,1
1130,MMS,2022,2021-12-31,874,4935896451.89,1
1188,SIGI,2022,2021-12-31,875,4926522457.9,1
1177,NEOG,2022,2021-12-31,876,4893760410.219999,1
1160,JBTM,2022,2021-12-31,877,4878313582.12,1
897,PZZA,2022,2021-12-31,878,4853490266.88,1
1155,WD,2022,2021-12-31,879,4833926030.08,1
787,EXLS,2022,2021-12-31,880,4819607849.14,1
1187,GSHD,2022,2021-12-31,881,4816195089.6,1
629,FOUR,2022,2021-12-31,882,4804409777.85,1
1230,SNDR,2022,2021-12-31,883,4780729418.4,1
906,TNL,2022,2021-12-31,884,4772908611.02,1
1057,KRG,2022,2021-12-31,885,4768721612.820001,1
922,SAIC,2022,2021-12-31,886,4759729285.4800005,1
1341,POR,2022,2021-12-31,887,4731609587.04,1
693,SLGN,2022,2021-12-31,888,4729974210.360001,1
1495,UAA,2022,2021-12-31,889,4727395721.62,1
730,MSM,2022,2021-12-31,890,4689766073.88,1
1034,SLG,2022,2021-12-31,891,4672402200.0,1
1393,THG,2022,2021-12-31,892,4663146516.52,1
1511,HIW,2022,2021-12-31,893,4654440734.58,1
1201,LIVN,2022,2021-12-31,894,4653505115.280001,1
799,GTES,2022,2021-12-31,895,4644689143.37,1
1125,ENSG,2022,2021-12-31,896,4639193511.759999,1
837,RRC,2022,2021-12-31,897,4632141070.04,1
1526,ANGI,2022,2021-12-31,898,4627039180.02,1
1031,AM,2022,2021-12-31,899,4622236658.16,1
1270,MTG,2022,2021-12-31,900,4619245120.0,1
1589,APLS,2022,2021-12-31,901,4610939542.56,1
768,TDC,2022,2021-12-31,902,4607995000.0,1
860,SFBS,2022,2021-12-31,903,4604694826.18,1
1381,SIG,2022,2021-12-31,904,4579807278.51,1
1447,ZWS,2022,2021-12-31,905,4576210475.2,1
740,PGNY,2022,2021-12-31,906,4555305530.35,1
1581,HE,2022,2021-12-31,907,4554228509.0,1
1237,MTH,2022,2021-12-31,908,4554195917.5,1
1246,NSP,2022,2021-12-31,909,4547441220.06,1
522,CERT,2022,2021-12-31,910,4537507302.16,1
861,ADNT,2022,2021-12-31,911,4537414226.52,1
1371,HASI,2022,2021-12-31,912,4532558606.719999,1
961,JBLU,2022,2021-12-31,913,4528754604.8,1
1556,QTWO,2022,2021-12-31,914,4513528975.2,1
745,BKH,2022,2021-12-31,915,4503796524.469999,1
627,STEP,2022,2021-12-31,916,4494896257.76,1
1316,SKY,2022,2021-12-31,917,4486018112.62,1
831,CWEN,2022,2021-12-31,918,4466065034.01,1
1215,PK,2022,2021-12-31,919,4464726899.5199995,1
1488,CNS,2022,2021-12-31,920,4464257105.22,1
1255,ORA,2022,2021-12-31,921,4440919029.3,1
751,R,2022,2021-12-31,922,4425935669.09,1
688,UA,2022,2021-12-31,923,4422396858.0,1
1394,LXP,2022,2021-12-31,924,4417608287.84,1
856,BWXT,2022,2021-12-31,925,4414630946.04,1
555,CMC,2022,2021-12-31,926,4408506986.309999,1
1121,FELE,2022,2021-12-31,927,4390491058.08,1
1574,CWST,2022,2021-12-31,928,4390414853.66,1
1109,FN,2022,2021-12-31,929,4381866238.86,1
1566,UPWK,2022,2021-12-31,930,4380457897.2,1
1285,FL,2022,2021-12-31,931,4379075997.06,1
694,MGY,2022,2021-12-31,932,4360745214.12,1
805,STAA,2022,2021-12-31,933,4345906750.9,1
973,HXL,2022,2021-12-31,934,4345728210.599999,1
863,HWC,2022,2021-12-31,935,4343060679.66,1
671,MTDR,2022,2021-12-31,936,4332030278.16,1
746,TMHC,2022,2021-12-31,937,4296262752.56,1
525,CRI,2022,2021-12-31,938,4278143365.02,1
685,AEO,2022,2021-12-31,939,4269500456.52,1
824,FUL,2022,2021-12-31,940,4256878293.0,1
1004,ALRM,2022,2021-12-31,941,4245625916.4,1
987,FIZZ,2022,2021-12-31,942,4230211284.18,1
697,SWX,2022,2021-12-31,943,4229975134.2,1
617,MSGS,2022,2021-12-31,944,4207417635.93,1
1026,SXT,2022,2021-12-31,945,4205154879.98,1
658,NEO,2022,2021-12-31,946,4200937959.8799996,1
825,APPF,2022,2021-12-31,947,4196900937.46,1
715,VIAV,2022,2021-12-31,948,4188032095.0200005,1
926,AAON,2022,2021-12-31,949,4172297848.55,1
885,OGS,2022,2021-12-31,950,4161400763.9,1
869,IBP,2022,2021-12-31,951,4150578347.72,1
874,CNMD,2022,2021-12-31,952,4146071731.2,1
939,CIVI,2022,2021-12-31,953,4141532268.62,1
1361,HRB,2022,2021-12-31,954,4137829205.8799996,1
650,BHF,2022,2021-12-31,955,4134621765.3999996,1
1525,FRPT,2022,2021-12-31,956,4133811220.14,1
1003,KWR,2022,2021-12-31,957,4129688094.4,1
1290,KFY,2022,2021-12-31,958,4120790546.6600003,1
918,MC,2022,2021-12-31,959,4113768597.68,1
923,TGNA,2022,2021-12-31,960,4106982728.3199997,1
1512,AVT,2022,2021-12-31,961,4090927554.0699997,1
625,CHX,2022,2021-12-31,962,4083831991.86,1
1216,ACIW,2022,2021-12-31,963,4079555815.0000005,1
651,XRX,2022,2021-12-31,964,4041512947.84,1
962,PCH,2022,2021-12-31,965,4040804515.3199997,1
862,SSTK,2022,2021-12-31,966,4037916960.0,1
866,MUR,2022,2021-12-31,967,4032927832.08,1
908,HAIN,2022,2021-12-31,968,4030115797.5499997,1
1333,CBU,2022,2021-12-31,969,4016784901.92,1
1611,BNL,2022,2021-12-31,970,4002638550.84,1
602,ABG,2022,2021-12-31,971,3996230151.9199996,1
659,SMPL,2022,2021-12-31,972,3992058844.9900002,1
963,FLS,2022,2021-12-31,973,3986190855.0,1
892,HOMB,2022,2021-12-31,974,3986077516.7000003,1
75,WBD,2022,2021-12-31,975,3983138641.46,1
1338,EYE,2022,2021-12-31,976,3968815951.05,1
621,UNF,2022,2021-12-31,977,3966242404.8,1
815,CARG,2022,2021-12-31,978,3961857043.48,1
644,AIT,2022,2021-12-31,979,3949577547.5,1
1037,KBH,2022,2021-12-31,980,3946118531.04,1
1374,SEM,2022,2021-12-31,981,3943862794.2,1
1041,NJR,2022,2021-12-31,982,3939907003.26,1
703,LCII,2022,2021-12-31,983,3939227224.79,1
1233,TXNM,2022,2021-12-31,984,3914928603.14,1
965,GOLF,2022,2021-12-31,985,3908267607.72,1
1066,OUT,2022,2021-12-31,986,3905469181.44,1
717,ASO,2022,2021-12-31,987,3886686236.6,1
692,BOX,2022,2021-12-31,988,3883964350.23,1
1278,FNB,2022,2021-12-31,989,3868595524.0400004,1
1022,INDB,2022,2021-12-31,990,3860435716.4,1
1314,CWT,2022,2021-12-31,991,3860031760.0,1
1106,CYTK,2022,2021-12-31,992,3823384997.74,1
855,AWR,2022,2021-12-31,993,3820685906.88,1
678,BLKB,2022,2021-12-31,994,3804984708.8,1
1281,RDN,2022,2021-12-31,995,3789309163.68,1
948,SONO,2022,2021-12-31,996,3788430968.8,1
1517,MATX,2022,2021-12-31,997,3784137989.01,1
1171,SHOO,2022,2021-12-31,998,3782332291.77,1
1329,KLIC,2022,2021-12-31,999,3781486046.16,1
875,TRIP,2022,2021-12-31,1000,3778564046.84,1
397,AAPL,2023,2022-12-30,1,2066941771740.0,1
32,MSFT,2023,2022-12-30,2,1787731749394.0798,1
202,AMZN,2023,2022-12-30,3,856938950784.0,1
102,GOOGL,2023,2022-12-30,4,604993110000.0,1
177,GOOG,2023,2022-12-30,5,540010780000.0,1
17,UNH,2023,2022-12-30,6,495373191523.13995,1
228,JNJ,2023,2022-12-30,7,461848529176.55,1
428,XOM,2023,2022-12-30,8,454215400000.0,1
85,V,2023,2022-12-30,9,428336204556.95996,1
283,BRKb,2023,2022-12-30,10,402182045193.0,1
216,JPM,2023,2022-12-30,11,393342775480.8,1
123,TSLA,2023,2022-12-30,12,388971946667.82,1
288,WMT,2023,2022-12-30,13,382379009976.65454,1
78,NVDA,2023,2022-12-30,14,359504399999.99994,1
35,PG,2023,2022-12-30,15,359151732000.0,1
480,LLY,2023,2022-12-30,16,347613082936.0,1
12,CVX,2023,2022-12-30,17,347068782621.54004,1
461,MA,2023,2022-12-30,18,334328407560.75,1
473,HD,2023,2022-12-30,19,321920096908.92004,1
282,META,2023,2022-12-30,20,315555188424.08,1
174,PFE,2023,2022-12-30,21,287626236875.88,1
269,ABBV,2023,2022-12-30,22,285804134897.88,1
289,MRK,2023,2022-12-30,23,281302183315.3,1
169,KO,2023,2022-12-30,24,275082288723.04,1
51,BAC,2023,2022-12-30,25,265702955755.68,1
126,PEP,2023,2022-12-30,26,248896945697.94,1
211,AVGO,2023,2022-12-30,27,233652677458.2,1
419,ORCL,2023,2022-12-30,28,220391720220.0,1
259,ASML,2023,2022-12-30,29,218240572374.4,1
370,TMO,2023,2022-12-30,30,215978171284.33002,1
193,AZN,2023,2022-12-30,31,210116025411.6,1
512,COST,2023,2022-12-30,32,202562304934.0,1
64,CSCO,2023,2022-12-30,33,195710029921.32,1
405,DHR,2023,2022-12-30,34,193215860364.84,1
144,MCD,2023,2022-12-30,35,193015668258.75998,1
384,ABT,2023,2022-12-30,36,191426964976.83002,1
296,NKE,2023,2022-12-30,37,181431374640.83002,1
234,ACN,2023,2022-12-30,38,175684390808.91998,1
188,TMUS,2023,2022-12-30,39,174181578760.0,1
206,NEE,2023,2022-12-30,40,166126881307.19998,1
337,VZ,2023,2022-12-30,41,165472807411.8,1
311,LIN,2023,2022-12-30,42,160663461847.02,1
42,DIS,2023,2022-12-30,43,158433671917.44,1
496,WFC,2023,2022-12-30,44,157335169178.41998,1
239,PM,2023,2022-12-30,45,156895975289.05,1
402,ADBE,2023,2022-12-30,46,156452797000.0,1
491,SCHW,2023,2022-12-30,47,155424720112.72,1
167,BMY,2023,2022-12-30,48,152977236966.65,1
360,CMCSA,2023,2022-12-30,49,151189602029.18,1
213,UPS,2023,2022-12-30,50,150357372586.72,1
57,TXN,2023,2022-12-30,51,149948998256.63998,1
346,RTX,2023,2022-12-30,52,148358533413.0,1
58,COP,2023,2022-12-30,53,147036385788.0,1
110,MS,2023,2022-12-30,54,143693102803.38,1
125,AMGN,2023,2022-12-30,55,140139242663.84,1
381,HON,2023,2022-12-30,56,135795173793.79759,1
82,CRM,2023,2022-12-30,57,132590000000.0,1
141,NFLX,2023,2022-12-30,58,131227643270.72,1
385,T,2023,2022-12-30,59,131208070000.0,1
97,LMT,2023,2022-12-30,60,127496362259.87,1
230,DE,2023,2022-12-30,61,127409058473.04,1
460,IBM,2023,2022-12-30,62,127382363283.06999,1
295,UNP,2023,2022-12-30,63,127306801656.0,1
71,CAT,2023,2022-12-30,64,124669265083.8,1
471,QCOM,2023,2022-12-30,65,123022860000.0,1
388,ELV,2023,2022-12-30,66,122511384738.54001,1
504,CVS,2023,2022-12-30,67,122448576529.28,1
62,LOW,2023,2022-12-30,68,120480941043.0,1
273,GS,2023,2022-12-30,69,116280344827.44,1
134,SBUX,2023,2022-12-30,70,113861760000.0,1
218,BA,2023,2022-12-30,71,113528838244.08,1
400,AXP,2023,2022-12-30,72,110403630834.0,1
118,INTU,2023,2022-12-30,73,109341764727.00002,1
445,SPGI,2023,2022-12-30,74,109123452000.0,1
278,INTC,2023,2022-12-30,75,109076610000.0,1
297,GILD,2023,2022-12-30,76,107676834093.25,1
119,BLK,2023,2022-12-30,77,106433091729.51,1
453,AMD,2023,2022-12-30,78,104432308612.73999,1
321,PLD,2023,2022-12-30,79,104058647985.21,1
268,MDT,2023,2022-12-30,80,103381587890.16,1
316,PDD,2023,2022-12-30,81,103110651306.95,1
201,CI,2023,2022-12-30,82,101303561585.35999,1
203,ADP,2023,2022-12-30,83,99085760903.34001,1
45,AMT,2023,2022-12-30,84,98643203051.58,1
379,ISRG,2023,2022-12-30,85,93770595649.50002,1
28,SYK,2023,2022-12-30,86,92515016000.0,1
434,TJX,2023,2022-12-30,87,91978130260.4,1
61,CB,2023,2022-12-30,88,91560090444.4,1
511,GE,2023,2022-12-30,89,91554663450.6,1
77,MDLZ,2023,2022-12-30,90,91018473558.20001,1
362,BX,2023,2022-12-30,91,89999262020.31,1
178,EL,2023,2022-12-30,92,88528706451.97,1
187,C,2023,2022-12-30,93,87603855038.72,1
407,NOC,2023,2022-12-30,94,83976011435.16,1
129,ADI,2023,2022-12-30,95,83539813202.23,1
261,AMAT,2023,2022-12-30,96,82202326128.36,1
232,MO,2023,2022-12-30,97,81920210368.78,1
89,PYPL,2023,2022-12-30,98,81192775073.04,1
197,DUK,2023,2022-12-30,99,79308764888.28,1
475,REGN,2023,2022-12-30,100,78571657083.15,1
253,NOW,2023,2022-12-30,101,78430540000.0,1
217,BKNG,2023,2022-12-30,102,78171477848.64,1
343,SO,2023,2022-12-30,103,77742126647.48,1
196,EOG,2023,2022-12-30,104,76078687521.92001,1
138,PGR,2023,2022-12-30,105,75880350000.0,1
351,SLB,2023,2022-12-30,106,75806280000.0,1
344,VRTX,2023,2022-12-30,107,74127357508.56,1
365,BDX,2023,2022-12-30,108,72062464159.90001,1
15,MRNA,2023,2022-12-30,109,69006495841.78,1
93,TGT,2023,2022-12-30,110,68604615515.52,1
315,APD,2023,2022-12-30,111,68429930559.82,1
380,ZTS,2023,2022-12-30,112,68302850867.25001,1
420,GD,2023,2022-12-30,113,68118342713.71001,1
116,HCA,2023,2022-12-30,114,67840699332.0,1
53,ITW,2023,2022-12-30,115,67673159293.700005,1
25,USB,2023,2022-12-30,116,66733851701.159996,1
150,MMM,2023,2022-12-30,117,66284930366.8,1
40,BSX,2023,2022-12-30,118,66273043018.14001,1
454,CL,2023,2022-12-30,119,65806527605.9,1
494,CSX,2023,2022-12-30,120,65132622424.42,1
485,HUM,2023,2022-12-30,121,64843416876.420006,1
367,WM,2023,2022-12-30,122,64395646820.479996,1
328,PNC,2023,2022-12-30,123,63700208072.02,1
406,ETN,2023,2022-12-30,124,62419014999.99999,1
142,AON,2023,2022-12-30,125,62084840211.04,1
33,SHW,2023,2022-12-30,126,61502506919.28001,1
92,EQIX,2023,2022-12-30,127,60615241468.45,1
7,CME,2023,2022-12-30,128,60491352468.64,1
487,CCI,2023,2022-12-30,129,58738630855.63999,1
251,ICE,2023,2022-12-30,130,57301811208.75,1
156,OXY,2023,2022-12-30,131,57252502245.51,1
190,TFC,2023,2022-12-30,132,57090740980.0,1
246,NSC,2023,2022-12-30,133,57049732367.46,1
501,LRCX,2023,2022-12-30,134,56909880900.0,1
219,EMR,2023,2022-12-30,135,56809884000.0,1
1541,TRI,2023,2022-12-30,136,56808384496.439995,1
287,MET,2023,2022-12-30,137,56781951055.850006,1
318,DG,2023,2022-12-30,138,55055294253.75,1
349,ABNB,2023,2022-12-30,139,54923249146.5,1
281,MPC,2023,2022-12-30,140,54547434352.87,1
371,MU,2023,2022-12-30,141,54537004068.96,1
55,FCX,2023,2022-12-30,142,54314433258.0,1
115,KLAC,2023,2022-12-30,143,53432060828.81,1
516,MCK,2023,2022-12-30,144,53267040000.0,1
267,MNST,2023,2022-12-30,145,52972628926.36,1
224,ORLY,2023,2022-12-30,146,52816208980.156204,1
404,CHTR,2023,2022-12-30,147,52788470487.100006,1
100,D,2023,2022-12-30,148,51096435570.6,1
272,MCO,2023,2022-12-30,149,51043184000.0,1
431,ADM,2023,2022-12-30,150,51005682976.95,1
495,KDP,2023,2022-12-30,151,50503521607.619995,1
421,KHC,2023,2022-12-30,152,49866906976.44,1
212,GIS,2023,2022-12-30,153,49438858620.45,1
441,UBER,2023,2022-12-30,154,49321693518.200005,1
157,PSA,2023,2022-12-30,155,49212119933.72,1
74,PSX,2023,2022-12-30,156,49191560729.04,1
433,VLO,2023,2022-12-30,157,48907483047.08,1
306,AEP,2023,2022-12-30,158,48791356226.1,1
509,SNPS,2023,2022-12-30,159,48665285872.26,1
122,SRE,2023,2022-12-30,160,48577077918.02,1
22,GM,2023,2022-12-30,161,47792239914.68,1
430,HSY,2023,2022-12-30,162,47490972124.32,1
458,MAR,2023,2022-12-30,163,47129582979.56999,1
265,AIG,2023,2022-12-30,164,46986055832.4,1
447,F,2023,2022-12-30,165,46758346371.37,1
252,CNC,2023,2022-12-30,166,46438957422.93,1
299,AZO,2023,2022-12-30,167,46279522506.78,1
393,EW,2023,2022-12-30,168,46128415830.39,1
44,CTAS,2023,2022-12-30,169,45934818918.3,1
442,ROP,2023,2022-12-30,170,45824032012.86,1
304,KMB,2023,2022-12-30,171,45814551760.5,1
168,APH,2023,2022-12-30,172,45310498275.6,1
333,AFL,2023,2022-12-30,173,44731469006.4,1
256,A,2023,2022-12-30,174,44307180786.0,1
1534,SHOP,2023,2022-12-30,175,44151746376.66,1
483,CDNS,2023,2022-12-30,176,44066122240.0,1
237,JCI,2023,2022-12-30,177,43949048896.0,1
514,TRV,2023,2022-12-30,178,43937817462.25,1
310,DXCM,2023,2022-12-30,179,43739870075.0,1
439,HES,2023,2022-12-30,180,43724306648.119995,1
323,FDX,2023,2022-12-30,181,43715184648.0,1
191,MSI,2023,2022-12-30,182,43089938991.39,1
334,WDAY,2023,2022-12-30,183,43003810000.0,1
408,EXC,2023,2022-12-30,184,42959467956.899994,1
171,STZ,2023,2022-12-30,185,42769672002.0,1
403,MELI,2023,2022-12-30,186,42561550252.32,1
163,PANW,2023,2022-12-30,187,42190885593.579994,1
249,CTVA,2023,2022-12-30,188,41997839760.0,1
152,PAYX,2023,2022-12-30,189,41655514286.88,1
389,ECL,2023,2022-12-30,190,41459572413.6,1
456,NXPI,2023,2022-12-30,191,40951082241.86,1
324,LULU,2023,2022-12-30,192,40881060839.44,1
14,RSG,2023,2022-12-30,193,40760960734.64,1
275,KMI,2023,2022-12-30,194,40639176643.67999,1
499,ADSK,2023,2022-12-30,195,40320471603.78,1
158,SPG,2023,2022-12-30,196,40285468464.12,1
30,FIS,2023,2022-12-30,197,40260796089.6,1
6,DVN,2023,2022-12-30,198,40209087000.0,1
36,WMB,2023,2022-12-30,199,40072200000.0,1
490,KKR,2023,2022-12-30,200,39972812680.46,1
464,ROST,2023,2022-12-30,201,39971143014.63,1
353,BIIB,2023,2022-12-30,202,39876868795.68,1
451,O,2023,2022-12-30,203,39780369403.23,1
459,AJG,2023,2022-12-30,204,39751773600.0,1
476,LHX,2023,2022-12-30,205,39643765946.950005,1
352,SYY,2023,2022-12-30,206,38742377362.700005,1
266,TT,2023,2022-12-30,207,38712353384.64,1
23,MCHP,2023,2022-12-30,208,38638111877.5,1
143,CMG,2023,2022-12-30,209,38462765688.88,1
2,XEL,2023,2022-12-30,210,38367592054.56,1
214,FTNT,2023,2022-12-30,211,38194628577.79,1
438,IQV,2023,2022-12-30,212,38056273312.47,1
1540,XYZ,2023,2022-12-30,213,37582787798.32,1
319,NEM,2023,2022-12-30,214,37464468103.200005,1
240,PH,2023,2022-12-30,215,37366067721.0,1
159,MSCI,2023,2022-12-30,216,37194140078.22,1
264,ANET,2023,2022-12-30,217,37081236951.6,1
26,BK,2023,2022-12-30,218,36792905600.0,1
9,LVS,2023,2022-12-30,219,36733472118.2,1
80,PRU,2023,2022-12-30,220,36601280000.0,1
285,APO,2023,2022-12-30,221,36505972438.75,1
382,TEL,2023,2022-12-30,222,36418068632.4,1
210,YUM,2023,2022-12-30,223,36078581877.28001,1
270,ENPH,2023,2022-12-30,224,36014309637.119995,1
255,ALL,2023,2022-12-30,225,35962418234.4,1
47,HAL,2023,2022-12-30,226,35731640674.950005,1
518,COF,2023,2022-12-30,227,35482699253.119995,1
416,DOW,2023,2022-12-30,228,35462429564.91,1
91,CARR,2023,2022-12-30,229,34495787493.75,1
391,PCAR,2023,2022-12-30,230,34418556897.75,1
425,TDG,2023,2022-12-30,231,34236964371.399998,1
1,HLT,2023,2022-12-30,232,34174822308.12,1
186,CMI,2023,2022-12-30,233,34162890000.0,1
60,DD,2023,2022-12-30,234,34094625501.239998,1
3,ED,2023,2022-12-30,235,33821978042.88,1
38,NUE,2023,2022-12-30,236,33815026415.100002,1
162,IDXX,2023,2022-12-30,237,33786005777.719997,1
286,EA,2023,2022-12-30,238,33731482990.120003,1
341,COR,2023,2022-12-30,239,33546567045.36,1
373,AMP,2023,2022-12-30,240,33135123252.63,1
448,TEAM,2023,2022-12-30,241,32880312055.84,1
192,OTIS,2023,2022-12-30,242,32622855689.870003,1
98,PCG,2023,2022-12-30,243,32320003382.100002,1
359,VICI,2023,2022-12-30,244,32314873374.0,1
303,MTD,2023,2022-12-30,245,32225135490.05,1
139,WBA,2023,2022-12-30,246,32223132777.44,1
113,AME,2023,2022-12-30,247,32087312348.84,1
180,KR,2023,2022-12-30,248,31911339187.5,1
840,ILMN,2023,2022-12-30,249,31806060000.0,1
507,MRVL,2023,2022-12-30,250,31602528000.0,1
73,CSGP,2023,2022-12-30,251,31429007836.8,1
467,ODFL,2023,2022-12-30,252,31352474691.159996,1
443,DLTR,2023,2022-12-30,253,31284332709.76,1
342,WELL,2023,2022-12-30,254,30973780785.3,1
477,DHI,2023,2022-12-30,255,30713003639.02,1
8,KEYS,2023,2022-12-30,256,30586539342.199997,1
1145,IBKR,2023,2022-12-30,257,30586150031.199997,1
444,PEG,2023,2022-12-30,258,30570650814.88,1
79,RMD,2023,2022-12-30,259,30487642074.5,1
345,SBAC,2023,2022-12-30,260,30263819956.78,1
204,NDAQ,2023,2022-12-30,261,30139998920.100002,1
417,BKR,2023,2022-12-30,262,29780046721.97,1
1579,CRH,2023,2022-12-30,263,29633293172.54,1
335,WEC,2023,2022-12-30,264,29575141626.56,1
279,ROK,2023,2022-12-30,265,29555144219.62,1
154,PPG,2023,2022-12-30,266,29552344521.559998,1
130,CTSH,2023,2022-12-30,267,29391166696.079998,1
235,GFS,2023,2022-12-30,268,29373983970.0,1
105,OKE,2023,2022-12-30,269,29364867419.4,1
1582,ALNY,2023,2022-12-30,270,29237659810.100002,1
83,ES,2023,2022-12-30,271,29202093757.440002,1
21,CPRT,2023,2022-12-30,272,29006670669.899998,1
16,DLR,2023,2022-12-30,273,28829858514.25,1
401,DELL,2023,2022-12-30,274,28802680065.12,1
390,STT,2023,2022-12-30,275,28463547202.789997,1
233,GWW,2023,2022-12-30,276,28106902543.75,1
176,AWK,2023,2022-12-30,277,27714204555.079998,1
121,VRSK,2023,2022-12-30,278,27589962138.999996,1
510,FAST,2023,2022-12-30,279,27102997521.6,1
363,LYB,2023,2022-12-30,280,27036596671.99,1
330,GLW,2023,2022-12-30,281,27015215349.440002,1
463,ON,2023,2022-12-30,282,26970258248.01,1
208,GPN,2023,2022-12-30,283,26856241820.719997,1
326,ZBH,2023,2022-12-30,284,26756179980.0,1
437,IFF,2023,2022-12-30,285,26730242604.52,1
132,DFS,2023,2022-12-30,286,26729676589.95,1
136,IT,2023,2022-12-30,287,26563255093.2,1
418,WTW,2023,2022-12-30,288,26472757344.18,1
220,HPQ,2023,2022-12-30,289,26390257538.52,1
482,BAX,2023,2022-12-30,290,25695035086.23,1
325,ALB,2023,2022-12-30,291,25405754906.84,1
147,CCEP,2023,2022-12-30,292,25275040342.920002,1
484,APTV,2023,2022-12-30,293,25233534292.27,1
31,MTB,2023,2022-12-30,294,25039291535.58,1
263,HRL,2023,2022-12-30,295,24889622036.699997,1
81,FANG,2023,2022-12-30,296,24882934848.1,1
250,TSCO,2023,2022-12-30,297,24850916227.65,1
503,CRWD,2023,2022-12-30,298,24679323202.0,1
207,URI,2023,2022-12-30,299,24633620317.02,1
117,GPC,2023,2022-12-30,300,24458318181.59,1
37,TROW,2023,2022-12-30,301,24371072396.72,1
245,CBRE,2023,2022-12-30,302,24315399484.48,1
468,EIX,2023,2022-12-30,303,24294866759.879997,1
87,CDW,2023,2022-12-30,304,24178121565.56,1
274,HIG,2023,2022-12-30,305,24121441786.07,1
109,FE,2023,2022-12-30,306,23979328998.3,1
398,ARE,2023,2022-12-30,307,23902593494.92,1
120,ULTA,2023,2022-12-30,308,23866643252.97,1
378,EFX,2023,2022-12-30,309,23798104860.440002,1
280,DDOG,2023,2022-12-30,310,23340648093.0,1
181,VMC,2023,2022-12-30,311,23273321305.260002,1
131,ACGL,2023,2022-12-30,312,23220628635.06,1
366,RJF,2023,2022-12-30,313,23094690959.75,1
75,WBD,2023,2022-12-30,314,23021194222.2,1
69,AEE,2023,2022-12-30,315,22987791267.48,1
312,ETR,2023,2022-12-30,316,22891911750.0,1
221,LEN,2023,2022-12-30,317,22886777665.956,1
27,K,2023,2022-12-30,318,22813484187.357,1
386,WY,2023,2022-12-30,319,22813427000.0,1
309,DTE,2023,2022-12-30,320,22770496202.23,1
290,FTV,2023,2022-12-30,321,22725316375.1418,1
469,AVB,2023,2022-12-30,322,22596220133.52,1
155,FITB,2023,2022-12-30,323,22520658206.460003,1
313,EBAY,2023,2022-12-30,324,22504072337.89,1
161,TSN,2023,2022-12-30,325,22384434609.75,1
271,EQR,2023,2022-12-30,326,22297216280.0,1
498,TTD,2023,2022-12-30,327,21944783823.41,1
369,VRSN,2023,2022-12-30,328,21780020720.64,1
1474,CNH,2023,2022-12-30,329,21633283218.579998,1
107,PPL,2023,2022-12-30,330,21515220258.48,1
135,IR,2023,2022-12-30,331,21157370071.75,1
506,DAL,2023,2022-12-30,332,21069449575.32,1
90,ANSS,2023,2022-12-30,333,21045444853.65,1
59,MLM,2023,2022-12-30,334,20984791851.18,1
455,MKC,2023,2022-12-30,335,20782279024.65,1
492,PFG,2023,2022-12-30,336,20533779736.8,1
52,HPE,2023,2022-12-30,337,20457796941.960003,1
449,PODD,2023,2022-12-30,338,20445003676.17,1
368,PWR,2023,2022-12-30,339,20363414730.0,1
394,BFb,2023,2022-12-30,340,20357642828.08,1
244,WAT,2023,2022-12-30,341,20351847043.5,1
72,HBAN,2023,2022-12-30,342,20342552995.5,1
364,CAH,2023,2022-12-30,343,20150244654.11,1
39,RF,2023,2022-12-30,344,20146647265.36,1
103,LUV,2023,2022-12-30,345,19991629974.68,1
34,XYL,2023,2022-12-30,346,19927094793.239998,1
1570,ARES,2023,2022-12-30,347,19895181609.64,1
350,EXR,2023,2022-12-30,348,19710570491.04,1
387,CHD,2023,2022-12-30,349,19658227451.67,1
41,DOV,2023,2022-12-30,350,19438012337.92,1
185,CFG,2023,2022-12-30,351,19389369331.42,1
424,CTRA,2023,2022-12-30,352,19372642814.07,1
65,MOH,2023,2022-12-30,353,19284848000.0,1
50,WRB,2023,2022-12-30,354,19265602100.969997,1
1072,BMRN,2023,2022-12-30,355,19233504213.35,1
199,AES,2023,2022-12-30,356,19210235615.280003,1
488,DASH,2023,2022-12-30,357,18952771271.1,1
426,CNP,2023,2022-12-30,358,18879773573.69,1
160,EPAM,2023,2022-12-30,359,18849470557.12,1
339,TDY,2023,2022-12-30,360,18744218801.63,1
1583,FER,2023,2022-12-30,361,18497091071.16,1
308,CAG,2023,2022-12-30,362,18445290788.7,1
493,NTRS,2023,2022-12-30,363,18442702903.77,1
413,STE,2023,2022-12-30,364,18436301189.57,1
223,HOLX,2023,2022-12-30,365,18390823510.79,1
298,CMS,2023,2022-12-30,366,18381633954.66,1
284,WAB,2023,2022-12-30,367,18152231505.84,1
140,MAA,2023,2022-12-30,368,18128737055.82,1
375,INVH,2023,2022-12-30,369,18122189702.760002,1
209,TPL,2023,2022-12-30,370,18061073676.4992,1
508,JBHT,2023,2022-12-30,371,18052785074.280003,1
645,WMG,2023,2022-12-30,372,18030184348.440002,1
361,VTR,2023,2022-12-30,373,18007295224.25,1
358,ROL,2023,2022-12-30,374,17994942811.44,1
327,PAYC,2023,2022-12-30,375,17956542754.15,1
515,LH,2023,2022-12-30,376,17923283840.0,1
305,INCY,2023,2022-12-30,377,17869229589.76,1
277,DGX,2023,2022-12-30,378,17816555181.04,1
4,BBY,2023,2022-12-30,379,17747621855.34,1
63,AMCR,2023,2022-12-30,380,17734222911.96,1
519,RVTY,2023,2022-12-30,381,17712018302.4,1
96,GRMN,2023,2022-12-30,382,17688664376.57,1
222,TTWO,2023,2022-12-30,383,17475005590.38,1
104,WST,2023,2022-12-30,384,17423663490.45,1
320,CLX,2023,2022-12-30,385,17314588563.010002,1
111,IEX,2023,2022-12-30,386,17220901817.97,1
54,STLD,2023,2022-12-30,387,17153326659.300001,1
500,CPB,2023,2022-12-30,388,16994784257.0,1
95,SJM,2023,2022-12-30,389,16898017683.060001,1
148,DRI,2023,2022-12-30,390,16835493595.680002,1
440,CF,2023,2022-12-30,391,16715342247.6,1
24,TRGP,2023,2022-12-30,392,16638590944.5,1
182,OMC,2023,2022-12-30,393,16633438560.96,1
10,MPWR,2023,2022-12-30,394,16599160620.0,1
486,EXPD,2023,2022-12-30,395,16537453025.28,1
414,ALGN,2023,2022-12-30,396,16473894825.9,1
1573,PINS,2023,2022-12-30,397,16467446227.720001,1
411,COO,2023,2022-12-30,398,16320014157.28,1
66,HWM,2023,2022-12-30,399,16304391378.169998,1
377,CINF,2023,2022-12-30,400,16300431992.67,1
452,KEY,2023,2022-12-30,401,16252330310.060001,1
622,WPC,2023,2022-12-30,402,16250350946.939201,1
227,ZS,2023,2022-12-30,403,16137348201.300001,1
423,BRO,2023,2022-12-30,404,16135178247.99,1
331,LYV,2023,2022-12-30,405,16101562761.46,1
396,BALL,2023,2022-12-30,406,16053876471.0,1
322,FSLR,2023,2022-12-30,407,15968454321.9,1
938,SEDG,2023,2022-12-30,408,15833341241.249998,1
399,ATO,2023,2022-12-30,409,15803660206.179998,1
348,BR,2023,2022-12-30,410,15781108473.99,1
183,FMC,2023,2022-12-30,411,15720547190.4,1
1190,CHWY,2023,2022-12-30,412,15697759673.16,1
446,FDS,2023,2022-12-30,413,15347015911.88,1
1170,ETSY,2023,2022-12-30,414,15054946490.48,1
472,APA,2023,2022-12-30,415,15008170870.68,1
108,FICO,2023,2022-12-30,416,14949905422.44,1
56,BG,2023,2022-12-30,417,14945562262.51,1
18,MOS,2023,2022-12-30,418,14936902961.58,1
165,J,2023,2022-12-30,419,14921681537.272299,1
88,SYF,2023,2022-12-30,420,14804791324.08,1
205,TXT,2023,2022-12-30,421,14781020217.599998,1
189,NVR,2023,2022-12-30,422,14741284458.46,1
175,AVY,2023,2022-12-30,423,14655391534.0,1
49,SWKS,2023,2022-12-30,424,14595477762.32,1
48,IRM,2023,2022-12-30,425,14492094744.45,1
291,EVRG,2023,2022-12-30,426,14444724708.05,1
329,LDOS,2023,2022-12-30,427,14378374500.83,1
94,LKQ,2023,2022-12-30,428,14269815948.849998,1
151,GEN,2023,2022-12-30,429,14263165271.44,1
593,AVTR,2023,2022-12-30,430,14218971091.26,1
112,LNT,2023,2022-12-30,431,13858915234.300001,1
466,L,2023,2022-12-30,432,13849119943.16,1
1580,BAH,2023,2022-12-30,433,13820280647.16,1
301,ESS,2023,2022-12-30,434,13722627839.039999,1
226,EXPE,2023,2022-12-30,435,13673560737.599998,1
43,MDB,2023,2022-12-30,436,13638208998.4,1
356,TER,2023,2022-12-30,437,13605299353.099998,1
457,NDSN,2023,2022-12-30,438,13592516522.76,1
20,CPAY,2023,2022-12-30,439,13546833852.16,1
164,VTRS,2023,2022-12-30,440,13497179575.740002,1
300,DOC,2023,2022-12-30,441,13476131410.08,1
357,TYL,2023,2022-12-30,442,13425119514.18,1
1435,GLPI,2023,2022-12-30,443,13414056623.25,1
200,PTC,2023,2022-12-30,444,13367232459.400002,1
225,PLTR,2023,2022-12-30,445,13354851546.9,1
68,CBOE,2023,2022-12-30,446,13310130497.25,1
166,AKAM,2023,2022-12-30,447,13255525215.6,1
76,ZBRA,2023,2022-12-30,448,13238396505.180002,1
1218,BURL,2023,2022-12-30,449,13218181296.92,1
70,BEN,2023,2022-12-30,450,13196807411.76,1
795,FHN,2023,2022-12-30,451,13151693149.0,1
372,KIM,2023,2022-12-30,452,13099000358.22,1
1098,WLK,2023,2022-12-30,453,13077705401.460001,1
497,TECH,2023,2022-12-30,454,13009635143.679998,1
247,ERIE,2023,2022-12-30,455,13005535968.96,1
302,EG,2023,2022-12-30,456,12974200813.179998,1
236,NTAP,2023,2022-12-30,457,12947335821.42,1
146,IPG,2023,2022-12-30,458,12941758356.580002,1
262,MGM,2023,2022-12-30,459,12876200524.880001,1
231,LW,2023,2022-12-30,460,12856275922.4,1
242,JKHY,2023,2022-12-30,461,12807002457.48,1
827,UTHR,2023,2022-12-30,462,12674495137.859999,1
292,RCL,2023,2022-12-30,463,12613647001.45,1
347,UDR,2023,2022-12-30,464,12608233139.4,1
293,HUBB,2023,2022-12-30,465,12603683949.720001,1
1197,OVV,2023,2022-12-30,466,12589368403.37,1
1275,RPM,2023,2022-12-30,467,12579824300.550001,1
727,WTRG,2023,2022-12-30,468,12519142604.609999,1
481,TRMB,2023,2022-12-30,469,12469344376.960001,1
260,EQT,2023,2022-12-30,470,12417166349.15,1
13,UAL,2023,2022-12-30,471,12325179228.7,1
153,IP,2023,2022-12-30,472,12316852411.67,1
376,DPZ,2023,2022-12-30,473,12262344885.599998,1
630,CSL,2023,2022-12-30,474,12186867152.25,1
450,SNA,2023,2022-12-30,475,12145303465.11,1
1008,ELS,2023,2022-12-30,476,12022770922.999998,1
435,CPT,2023,2022-12-30,477,11918356555.8,1
1245,RS,2023,2022-12-30,478,11881386403.32,1
478,PKG,2023,2022-12-30,479,11836085336.8,1
149,AXON,2023,2022-12-30,480,11808467189.220001,1
184,POOL,2023,2022-12-30,481,11806173339.939999,1
757,ACM,2023,2022-12-30,482,11775568280.400002,1
660,TTC,2023,2022-12-30,483,11773759936.0,1
179,GL,2023,2022-12-30,484,11725926105.949999,1
29,TFX,2023,2022-12-30,485,11709253369.05,1
672,AFG,2023,2022-12-30,486,11688500091.84,1
170,GDDY,2023,2022-12-30,487,11625383082.3,1
243,MTCH,2023,2022-12-30,488,11588410337.94,1
589,BILL,2023,2022-12-30,489,11513981785.439999,1
1473,NBIX,2023,2022-12-30,490,11482291302.72,1
198,HST,2023,2022-12-30,491,11476195564.050001,1
821,SRPT,2023,2022-12-30,492,11374866198.080002,1
1366,GGG,2023,2022-12-30,493,11335261548.900002,1
1011,DOCU,2023,2022-12-30,494,11143529282.16,1
470,NI,2023,2022-12-30,495,11136203657.640001,1
258,SWK,2023,2022-12-30,496,11113386964.320002,1
901,ACI,2023,2022-12-30,497,11110780535.199999,1
128,CRL,2023,2022-12-30,498,11086459142.4,1
338,CE,2023,2022-12-30,499,11085685979.039999,1
754,DT,2023,2022-12-30,500,11024769631.9,1
1531,OKTA,2023,2022-12-30,501,10945315732.779999,1
1553,TRU,2023,2022-12-30,502,10935725000.0,1
317,STX,2023,2022-12-30,503,10861564037.43,1
1083,CG,2023,2022-12-30,504,10849982659.28,1
517,HSIC,2023,2022-12-30,505,10826184815.25,1
854,PCTY,2023,2022-12-30,506,10815209677.14,1
422,CHRW,2023,2022-12-30,507,10777478890.08,1
1330,RYAN,2023,2022-12-30,508,10776126881.029999,1
1064,ARMK,2023,2022-12-30,509,10742501650.140001,1
749,VFC,2023,2022-12-30,510,10728309606.85,1
248,REG,2023,2022-12-30,511,10695170000.0,1
1561,BSY,2023,2022-12-30,512,10658994672.48,1
755,REXR,2023,2022-12-30,513,10654376703.92,1
1036,AMH,2023,2022-12-30,514,10652818284.9,1
847,SCI,2023,2022-12-30,515,10634113099.68,1
1172,EQH,2023,2022-12-30,516,10620215990.3,1
84,BXP,2023,2022-12-30,517,10593483436.96,1
276,DECK,2023,2022-12-30,518,10564491584.7192,1
46,MAS,2023,2022-12-30,519,10525444170.41,1
86,MKTX,2023,2022-12-30,520,10496533566.47,1
527,DINO,2023,2022-12-30,521,10415907513.04,1
1061,BIO,2023,2022-12-30,522,10406836520.92,1
410,JNPR,2023,2022-12-30,523,10372794515.08,1
513,PHM,2023,2022-12-30,524,10372632033.72,1
911,AGCO,2023,2022-12-30,525,10346007299.13,1
479,TAP,2023,2022-12-30,526,10311471842.560001,1
565,FNF,2023,2022-12-30,527,10237607608.14,1
415,UHS,2023,2022-12-30,528,10059019353.179998,1
1183,BRKR,2023,2022-12-30,529,10053104185.4,1
1206,DKS,2023,2022-12-30,530,10033568853.84,1
985,DAR,2023,2022-12-30,531,10031388052.62,1
580,JAZZ,2023,2022-12-30,532,10031164439.2,1
412,WDC,2023,2022-12-30,533,10021866807.25,1
1107,NLY,2023,2022-12-30,534,9862605583.199999,1
1461,CCK,2023,2022-12-30,535,9860774553.49,1
374,DAY,2023,2022-12-30,536,9853110718.050001,1
867,FIVE,2023,2022-12-30,537,9818706350.300001,1
1153,ENTG,2023,2022-12-30,538,9775178364.560001,1
67,EMN,2023,2022-12-30,539,9772015244.16,1
609,FLEX,2023,2022-12-30,540,9716743738.68,1
1276,H,2023,2022-12-30,541,9688898806.65,1
427,SW,2023,2022-12-30,542,9669730223.47,1
886,BBWI,2023,2022-12-30,543,9625391876.1,1
462,KMX,2023,2022-12-30,544,9621801144.22,1
852,MTN,2023,2022-12-30,545,9611204901.9,1
726,LAMR,2023,2022-12-30,546,9598919568.0,1
436,BLDR,2023,2022-12-30,547,9548759675.519999,1
1012,RGA,2023,2022-12-30,548,9496727097.91,1
1524,WSC,2023,2022-12-30,549,9435552762.87,1
474,BWA,2023,2022-12-30,550,9417483741.456,1
781,RGEN,2023,2022-12-30,551,9400842767.09,1
257,WYNN,2023,2022-12-30,552,9344971849.77,1
748,AR,2023,2022-12-30,553,9301228461.539999,1
550,EWBC,2023,2022-12-30,554,9288378897.1,1
409,ALLE,2023,2022-12-30,555,9246545963.720001,1
336,VST,2023,2022-12-30,556,9232521501.6,1
332,HII,2023,2022-12-30,557,9204947684.48,1
929,MORN,2023,2022-12-30,558,9193419858.92,1
1071,QRVO,2023,2022-12-30,559,9189941832.72,1
124,FOXA,2023,2022-12-30,560,9186154179.03,1
194,TPR,2023,2022-12-30,561,9175806342.08,1
759,PFGC,2023,2022-12-30,562,9089742557.87,1
172,JBL,2023,2022-12-30,563,9089359364.800001,1
567,CUBE,2023,2022-12-30,564,9039131111.5,1
1544,TWLO,2023,2022-12-30,565,9025306179.84,1
307,CCL,2023,2022-12-30,566,8978840000.0,1
706,SNX,2023,2022-12-30,567,8964017370.0,1
383,CZR,2023,2022-12-30,568,8925949968.0,1
758,BJ,2023,2022-12-30,569,8894171237.039999,1
684,LSCC,2023,2022-12-30,570,8892415039.84,1
579,CMA,2023,2022-12-30,571,8754169210.15,1
173,AOS,2023,2022-12-30,572,8744871165.48,1
953,AAP,2023,2022-12-30,573,8712073863.48,1
114,FFIV,2023,2022-12-30,574,8663499221.1,1
432,PNW,2023,2022-12-30,575,8603181036.12,1
543,CFR,2023,2022-12-30,576,8596738864.0,1
636,WOLF,2023,2022-12-30,577,8575684575.040001,1
1501,G,2023,2022-12-30,578,8488516813.2,1
502,LII,2023,2022-12-30,579,8478014315.57,1
1283,PEN,2023,2022-12-30,580,8448697999.84,1
489,HAS,2023,2022-12-30,581,8426318179.219999,1
1277,KNX,2023,2022-12-30,582,8422077359.999999,1
1148,CASY,2023,2022-12-30,583,8358971845.7,1
1056,LECO,2023,2022-12-30,584,8342621416.000001,1
1050,CLF,2023,2022-12-30,585,8301523001.13,1
1138,WSO,2023,2022-12-30,586,8295806415.8,1
1594,ADT,2023,2022-12-30,587,8285148120.76,1
1238,AAL,2023,2022-12-30,588,8266739282.64,1
623,WBS,2023,2022-12-30,589,8237606084.820001,1
1241,NOV,2023,2022-12-30,590,8205695593.51,1
229,FRT,2023,2022-12-30,591,8205405758.160001,1
943,PAG,2023,2022-12-30,592,8194906198.080001,1
340,IVZ,2023,2022-12-30,593,8181851999.999999,1
1015,NNN,2023,2022-12-30,594,8178812424.639999,1
1232,UNM,2023,2022-12-30,595,8162544470.52,1
1235,CGNX,2023,2022-12-30,596,8146740591.36,1
1415,CBSH,2023,2022-12-30,597,8124341156.466399,1
632,DBX,2023,2022-12-30,598,8118040139.639999,1
1104,PSTG,2023,2022-12-30,599,8097191539.080001,1
914,RNR,2023,2022-12-30,600,8051199194.7,1
1231,AA,2023,2022-12-30,601,8045332892.55,1
1535,COIN,2023,2022-12-30,602,8032313256.41,1
1460,RHI,2023,2022-12-30,603,8010446912.88,1
990,OC,2023,2022-12-30,604,7971822731.2,1
780,RRX,2023,2022-12-30,605,7936825655.22,1
529,CELH,2023,2022-12-30,606,7930469912.040001,1
747,OGE,2023,2022-12-30,607,7918015677.599999,1
765,CHDN,2023,2022-12-30,608,7908173164.67,1
520,SEIC,2023,2022-12-30,609,7860500442.299999,1
959,JEF,2023,2022-12-30,610,7849780216.64,1
1210,MASI,2023,2022-12-30,611,7776941890.849999,1
1176,UGI,2023,2022-12-30,612,7773905957.4,1
683,WHR,2023,2022-12-30,613,7706507956.84,1
551,HALO,2023,2022-12-30,614,7693623000.2,1
972,TTEK,2023,2022-12-30,615,7692332152.17,1
1234,USFD,2023,2022-12-30,616,7650779062.500001,1
1205,WSM,2023,2022-12-30,617,7649929745.12,1
812,CHE,2023,2022-12-30,618,7590249781.150001,1
532,MANH,2023,2022-12-30,619,7574976618.8,1
539,CIEN,2023,2022-12-30,620,7566197158.82,1
1480,JLL,2023,2022-12-30,621,7564108824.68,1
1507,ACHC,2023,2022-12-30,622,7489203014.16,1
1175,GMED,2023,2022-12-30,623,7415306708.389999,1
1137,RGLD,2023,2022-12-30,624,7399358991.2,1
101,PNR,2023,2022-12-30,625,7399135962.919999,1
1159,FND,2023,2022-12-30,626,7391270525.429999,1
647,CPRI,2023,2022-12-30,627,7382423128.72,1
743,BERY,2023,2022-12-30,628,7361637349.58,1
916,ZION,2023,2022-12-30,629,7355208786.639999,1
1295,ORI,2023,2022-12-30,630,7348933389.0,1
1438,HR,2023,2022-12-30,631,7333628028.3,1
5,NRG,2023,2022-12-30,632,7330825403.1,1
1337,LEA,2023,2022-12-30,633,7330285689.48,1
1343,FBIN,2023,2022-12-30,634,7323930831.19,1
1163,ALLY,2023,2022-12-30,635,7301916705.0,1
737,INSP,2023,2022-12-30,636,7277414689.44,1
944,COTY,2023,2022-12-30,637,7276963000.0,1
1370,OLN,2023,2022-12-30,638,7252780000.0,1
674,KBR,2023,2022-12-30,639,7243960363.2,1
1551,HOOD,2023,2022-12-30,640,7218230478.14,1
822,SEE,2023,2022-12-30,641,7215517197.360001,1
1414,MIDD,2023,2022-12-30,642,7215003595.8,1
1288,ATR,2023,2022-12-30,643,7179935199.84,1
782,DCI,2023,2022-12-30,644,7163708980.4,1
1198,WEX,2023,2022-12-30,645,7134003941.7,1
750,OGN,2023,2022-12-30,646,7104397943.37,1
992,CACI,2023,2022-12-30,647,7062943992.24,1
964,EME,2023,2022-12-30,648,7058219225.610001,1
600,PLNT,2023,2022-12-30,649,7057439974.8,1
689,VMI,2023,2022-12-30,650,7054202288.860001,1
1585,PATH,2023,2022-12-30,651,7026535404.71,1
355,RL,2023,2022-12-30,652,6971313123.97,1
238,NWSA,2023,2022-12-30,653,6958797081.599999,1
845,XRAY,2023,2022-12-30,654,6842794450.24,1
294,FOX,2023,2022-12-30,655,6834229497.349999,1
1261,GPK,2023,2022-12-30,656,6833377235.5,1
1280,CNXC,2023,2022-12-30,657,6803943360.0,1
534,BRX,2023,2022-12-30,658,6799030883.8,1
1457,CAR,2023,2022-12-30,659,6797588919.16,1
958,WMS,2023,2022-12-30,660,6791683860.22,1
671,MTDR,2023,2022-12-30,661,6763565404.8,1
1401,DLB,2023,2022-12-30,662,6738025592.900001,1
19,DVA,2023,2022-12-30,663,6727767000.0,1
1358,ITT,2023,2022-12-30,664,6706970000.0,1
1088,CROX,2023,2022-12-30,665,6695003193.620001,1
866,MUR,2023,2022-12-30,666,6686131721.83,1
1060,MTZ,2023,2022-12-30,667,6675729576.46,1
1226,MPT,2023,2022-12-30,668,6672670620.0,1
1326,PB,2023,2022-12-30,669,6636305123.280001,1
354,AIZ,2023,2022-12-30,670,6607098510.74,1
872,MEDP,2023,2022-12-30,671,6605929121.7699995,1
569,ALV,2023,2022-12-30,672,6600257588.68,1
1356,NXST,2023,2022-12-30,673,6600108778.29,1
1082,OHI,2023,2022-12-30,674,6545409399.75,1
798,SKX,2023,2022-12-30,675,6506478937.55,1
133,MHK,2023,2022-12-30,676,6494448751.04,1
1400,WAL,2023,2022-12-30,677,6486804497.320001,1
1325,DOCS,2023,2022-12-30,678,6459904898.120001,1
794,IRDM,2023,2022-12-30,679,6458026299.0,1
1122,EGP,2023,2022-12-30,680,6451794304.34,1
642,ARW,2023,2022-12-30,681,6431918434.49,1
1111,INGR,2023,2022-12-30,682,6419832193.81,1
793,RBA,2023,2022-12-30,683,6414160378.95,1
1364,NVT,2023,2022-12-30,684,6408608737.66,1
695,RH,2023,2022-12-30,685,6399518723.29,1
1023,GNTX,2023,2022-12-30,686,6397055121.42,1
1486,CW,2023,2022-12-30,687,6396998481.26,1
106,GNRC,2023,2022-12-30,688,6377455425.32,1
1243,FR,2023,2022-12-30,689,6376840070.78,1
1128,WCC,2023,2022-12-30,690,6365627233.6,1
1075,MAT,2023,2022-12-30,691,6322523437.92,1
1091,MUSA,2023,2022-12-30,692,6315927319.080001,1
1508,WH,2023,2022-12-30,693,6298401625.71,1
1559,REYN,2023,2022-12-30,694,6291682486.84,1
844,ADC,2023,2022-12-30,695,6282500480.64,1
806,FYBR,2023,2022-12-30,696,6242701920.0,1
1194,SF,2023,2022-12-30,697,6203600256.36,1
890,ST,2023,2022-12-30,698,6176587469.76,1
1433,CLH,2023,2022-12-30,699,6170958659.52,1
585,MDU,2023,2022-12-30,700,6163357578.66,1
535,DXC,2023,2022-12-30,701,6096728409.5,1
1105,TXRH,2023,2022-12-30,702,6085896603.45,1
675,HOG,2023,2022-12-30,703,6081254982.400001,1
1211,RBC,2023,2022-12-30,704,6074781385.099999,1
878,FLO,2023,2022-12-30,705,6067965696.36,1
922,SAIC,2023,2022-12-30,706,6060024699.240001,1
837,RRC,2023,2022-12-30,707,6045711578.099999,1
656,KNSL,2023,2022-12-30,708,6035943057.2,1
1126,CHH,2023,2022-12-30,709,6003622225.92,1
1552,NTNX,2023,2022-12-30,710,5994381025.8,1
1017,HLI,2023,2022-12-30,711,5983788158.559999,1
1200,VOYA,2023,2022-12-30,712,5975159468.85,1
1093,EHC,2023,2022-12-30,713,5968348091.650001,1
624,AMG,2023,2022-12-30,714,5967841684.62,1
915,RLI,2023,2022-12-30,715,5956792507.17,1
819,SON,2023,2022-12-30,716,5919967240.46,1
1388,AMKR,2023,2022-12-30,717,5874492202.92,1
716,SGI,2023,2022-12-30,718,5869891842.92,1
1485,X,2023,2022-12-30,719,5868437047.2,1
614,PII,2023,2022-12-30,720,5853809914.0,1
1439,LSTR,2023,2022-12-30,721,5852225668.5,1
937,FLG,2023,2022-12-30,722,5850484987.2,1
1027,ASH,2023,2022-12-30,723,5834732428.14,1
1377,ROIV,2023,2022-12-30,724,5796096108.13,1
1547,ELAN,2023,2022-12-30,725,5794790354.6,1
957,NFG,2023,2022-12-30,726,5791019110.2,1
604,STAG,2023,2022-12-30,727,5790483047.160001,1
557,SSB,2023,2022-12-30,728,5780112198.0,1
625,CHX,2023,2022-12-30,729,5779439268.46,1
711,WWD,2023,2022-12-30,730,5771391842.53,1
1240,OSK,2023,2022-12-30,731,5767079045.62,1
1229,ALGM,2023,2022-12-30,732,5746904787.38,1
967,VLY,2023,2022-12-30,733,5726894582.37,1
1589,APLS,2023,2022-12-30,734,5717861535.37,1
693,SLGN,2023,2022-12-30,735,5706495722.88,1
883,VVV,2023,2022-12-30,736,5695108515.15,1
1191,CHRD,2023,2022-12-30,737,5692144769.24,1
1116,BYD,2023,2022-12-30,738,5691573330.52,1
882,PBF,2023,2022-12-30,739,5687684145.76,1
1361,HRB,2023,2022-12-30,740,5676142339.049999,1
1449,STWD,2023,2022-12-30,741,5674680182.339999,1
555,CMC,2023,2022-12-30,742,5665186067.099999,1
983,QDEL,2023,2022-12-30,743,5658105819.86,1
1327,TOL,2023,2022-12-30,744,5657433600.0,1
667,MSA,2023,2022-12-30,745,5652010086.5,1
666,CXT,2023,2022-12-30,746,5639707692.150001,1
1014,MKSI,2023,2022-12-30,747,5635118622.1,1
816,GME,2023,2022-12-30,748,5622511172.2,1
1408,AXTA,2023,2022-12-30,749,5618909574.45,1
1263,PNFP,2023,2022-12-30,750,5611783274.200001,1
1360,PPC,2023,2022-12-30,751,5611418031.45,1
787,EXLS,2023,2022-12-30,752,5602137041.7300005,1
704,M,2023,2022-12-30,753,5598462345.7,1
1115,LAD,2023,2022-12-30,754,5597266268.14,1
1203,SAIA,2023,2022-12-30,755,5548649241.84,1
533,NVST,2023,2022-12-30,756,5489725890.740001,1
574,LNW,2023,2022-12-30,757,5489272315.400001,1
934,GBCI,2023,2022-12-30,758,5474102866.68,1
1320,OPCH,2023,2022-12-30,759,5473398983.7,1
947,FCN,2023,2022-12-30,760,5466389868.0,1
1309,SNV,2023,2022-12-30,761,5461943731.95,1
523,IDA,2023,2022-12-30,762,5453100052.2,1
1331,UBSI,2023,2022-12-30,763,5452341452.360001,1
797,LFUS,2023,2022-12-30,764,5451178936.2,1
1442,ALK,2023,2022-12-30,765,5446416463.139999,1
1550,FTI,2023,2022-12-30,766,5442104343.59,1
900,COLM,2023,2022-12-30,767,5439911365.08,1
1362,FAF,2023,2022-12-30,768,5419373310.76,1
1395,NWL,2023,2022-12-30,769,5409888000.0,1
1046,LUMN,2023,2022-12-30,770,5400522440.46,1
871,NYT,2023,2022-12-30,771,5369472694.56,1
1209,DTM,2023,2022-12-30,772,5346459320.58,1
1188,SIGI,2023,2022-12-30,773,5340982813.7,1
731,AN,2023,2022-12-30,774,5319113369.599999,1
1196,WU,2023,2022-12-30,775,5317572026.16,1
1372,AYI,2023,2022-12-30,776,5312276607.080001,1
1391,POST,2023,2022-12-30,777,5302379119.64,1
856,BWXT,2023,2022-12-30,778,5298190487.04,1
1223,THC,2023,2022-12-30,779,5275330244.94,1
889,ONB,2023,2022-12-30,780,5266162200.0,1
1125,ENSG,2023,2022-12-30,781,5249366027.82,1
1265,PR,2023,2022-12-30,782,5243325066.6,1
690,VNOM,2023,2022-12-30,783,5242014815.73,1
1025,PRI,2023,2022-12-30,784,5232898469.4,1
741,BC,2023,2022-12-30,785,5226269601.2,1
729,HP,2023,2022-12-30,786,5219406825.34,1
1324,HQY,2023,2022-12-30,787,5217199059.56,1
954,LNC,2023,2022-12-30,788,5198299054.08,1
841,EXEL,2023,2022-12-30,789,5173885144.719999,1
1031,AM,2023,2022-12-30,790,5162848445.559999,1
241,NCLH,2023,2022-12-30,791,5157888264.0,1
767,VAC,2023,2022-12-30,792,5157507911.78,1
1605,VRT,2023,2022-12-30,793,5153857158.36,1
648,TKR,2023,2022-12-30,794,5140789646.64,1
686,HTZ,2023,2022-12-30,795,5139523850.13,1
1180,WTFC,2023,2022-12-30,796,5135880873.96,1
618,GWRE,2023,2022-12-30,797,5122174884.320001,1
1430,RUN,2023,2022-12-30,798,5118751330.38,1
1410,OLED,2023,2022-12-30,799,5103437618.280001,1
772,TKO,2023,2022-12-30,800,5097824002.32,1
587,VAL,2023,2022-12-30,801,5083582071.12,1
694,MGY,2023,2022-12-30,802,5069864650.55,1
927,GXO,2023,2022-12-30,803,5064687767.91,1
713,EXPO,2023,2022-12-30,804,5017742111.610001,1
991,BLD,2023,2022-12-30,805,5003350234.68,1
973,HXL,2023,2022-12-30,806,4953481770.05,1
939,CIVI,2023,2022-12-30,807,4930468586.07,1
1274,FLR,2023,2022-12-30,808,4924780928.58,1
702,FFIN,2023,2022-12-30,809,4906873310.4,1
986,EXP,2023,2022-12-30,810,4894813346.7,1
1165,UFPI,2023,2022-12-30,811,4884772984.5,1
881,WTS,2023,2022-12-30,812,4868466244.53,1
1168,COHR,2023,2022-12-30,813,4868019842.400001,1
644,AIT,2023,2022-12-30,814,4861224370.86,1
1346,NOVT,2023,2022-12-30,815,4849228832.7,1
1255,ORA,2023,2022-12-30,816,4847047038.8,1
1455,RYN,2023,2022-12-30,817,4826138797.440001,1
544,WEN,2023,2022-12-30,818,4820800602.66,1
1393,THG,2023,2022-12-30,819,4805534544.91,1
1416,COKE,2023,2022-12-30,820,4802703296.04,1
588,PSN,2023,2022-12-30,821,4787010003.75,1
1041,NJR,2023,2022-12-30,822,4784875505.219999,1
1120,CNM,2023,2022-12-30,823,4748295323.36,1
1363,OZK,2023,2022-12-30,824,4739414033.34,1
923,TGNA,2023,2022-12-30,825,4731585599.13,1
1109,FN,2023,2022-12-30,826,4691690198.58,1
784,IART,2023,2022-12-30,827,4682863399.41,1
1195,EEFT,2023,2022-12-30,828,4680670111.26,1
892,HOMB,2023,2022-12-30,829,4648504559.599999,1
1462,TREX,2023,2022-12-30,830,4645225583.07,1
1436,SPSC,2023,2022-12-30,831,4628837329.02,1
592,CC,2023,2022-12-30,832,4621100096.4800005,1
1591,BROS,2023,2022-12-30,833,4614933566.01,1
629,FOUR,2023,2022-12-30,834,4612107546.13,1
1057,KRG,2023,2022-12-30,835,4612031992.35,1
1262,IPGP,2023,2022-12-30,836,4611788366.53,1
1251,PENN,2023,2022-12-30,837,4606995036.599999,1
1214,PRGO,2023,2022-12-30,838,4589868941.14,1
1581,HE,2023,2022-12-30,839,4581337872.150001,1
1278,FNB,2023,2022-12-30,840,4577736563.55,1
745,BKH,2023,2022-12-30,841,4577604738.06,1
730,MSM,2023,2022-12-30,842,4572922204.0,1
1546,KNTK,2023,2022-12-30,843,4543609353.559999,1
1239,EVR,2023,2022-12-30,844,4526245257.48,1
941,KRC,2023,2022-12-30,845,4519651107.51,1
946,SLAB,2023,2022-12-30,846,4515490771.66,1
1523,RHP,2023,2022-12-30,847,4511256636.72,1
1252,CADE,2023,2022-12-30,848,4499086893.84,1
1053,CALX,2023,2022-12-30,849,4478147337.84,1
1220,PVH,2023,2022-12-30,850,4473386278.92,1
617,MSGS,2023,2022-12-30,851,4460822226.0,1
1130,MMS,2023,2022-12-30,852,4456503009.14,1
884,AMN,2023,2022-12-30,853,4455798369.0199995,1
710,MTSI,2023,2022-12-30,854,4450697217.559999,1
692,BOX,2023,2022-12-30,855,4448938004.17,1
1497,HGV,2023,2022-12-30,856,4434326417.26,1
1519,ESI,2023,2022-12-30,857,4403536190.88,1
1537,APG,2023,2022-12-30,858,4399789165.2,1
1341,POR,2023,2022-12-30,859,4374372296.0,1
429,SMCI,2023,2022-12-30,860,4344968940.599999,1
987,FIZZ,2023,2022-12-30,861,4343712577.38,1
1106,CYTK,2023,2022-12-30,862,4335992465.82,1
1304,TRNO,2023,2022-12-30,863,4325914878.23,1
1133,MP,2023,2022-12-30,864,4310744695.56,1
1246,NSP,2023,2022-12-30,865,4309341137.599999,1
775,ARWR,2023,2022-12-30,866,4299592084.320001,1
1085,ALKS,2023,2022-12-30,867,4293481862.2799997,1
1339,SM,2023,2022-12-30,868,4276986282.18,1
833,LEG,2023,2022-12-30,869,4272969505.3099995,1
1089,QLYS,2023,2022-12-30,870,4263396494.67,1
1181,AL,2023,2022-12-30,871,4260474366.7400002,1
1413,LPX,2023,2022-12-30,872,4244370936.0,1
1049,GTLS,2023,2022-12-30,873,4221379953.09,1
1287,MAN,2023,2022-12-30,874,4206859036.93,1
751,R,2023,2022-12-30,875,4199483758.4399996,1
1233,TXNM,2023,2022-12-30,876,4187883502.46,1
1293,ESNT,2023,2022-12-30,877,4187666939.0400004,1
839,YOU,2023,2022-12-30,878,4181136988.21,1
1230,SNDR,2023,2022-12-30,879,4165487351.9999995,1
1565,RRR,2023,2022-12-30,880,4160488782.23,1
818,PINC,2023,2022-12-30,881,4155154778.2799997,1
653,SLM,2023,2022-12-30,882,4153267378.0000005,1
697,SWX,2023,2022-12-30,883,4150156825.36,1
863,HWC,2023,2022-12-30,884,4146698932.17,1
1291,CABO,2023,2022-12-30,885,4135488738.1800003,1
572,GAP,2023,2022-12-30,886,4117747328.16,1
1319,WING,2023,2022-12-30,887,4117092215.6,1
620,FIX,2023,2022-12-30,888,4115354705.2799997,1
717,ASO,2023,2022-12-30,889,4105732678.22,1
761,POWI,2023,2022-12-30,890,4102230519.2,1
1440,CRUS,2023,2022-12-30,891,4100913562.48,1
885,OGS,2023,2022-12-30,892,4099559245.92,1
1574,CWST,2023,2022-12-30,893,4098760865.4300003,1
1477,ASGN,2023,2022-12-30,894,4065852000.0,1
639,SAM,2023,2022-12-30,895,4051493544.24,1
1184,THO,2023,2022-12-30,896,4040129305.1499996,1
1568,FIBK,2023,2022-12-30,897,4036904030.1499996,1
752,UMBF,2023,2022-12-30,898,4035043546.56,1
541,FCFS,2023,2022-12-30,899,4025503029.1499996,1
742,BL,2023,2022-12-30,900,4021190246.7099996,1
1321,AZTA,2023,2022-12-30,901,4020326674.56,1
1335,MMSI,2023,2022-12-30,902,4019648381.1000004,1
963,FLS,2023,2022-12-30,903,4009749168.88,1
926,AAON,2023,2022-12-30,904,4006989126.8399997,1
1342,VNO,2023,2022-12-30,905,3991705194.04,1
831,CWEN,2023,2022-12-30,906,3981949440.61,1
1491,HAE,2023,2022-12-30,907,3980347671.3,1
1599,LYFT,2023,2022-12-30,908,3977501606.2,1
602,ABG,2023,2022-12-30,909,3967350467.25,1
1451,IAC,2023,2022-12-30,910,3945223138.7999997,1
1373,FOXF,2023,2022-12-30,911,3937486800.0,1
1529,ACT,2023,2022-12-30,912,3927763849.6800003,1
809,BCPC,2023,2022-12-30,913,3924019747.42,1
395,APP,2023,2022-12-30,914,3913892025.0299997,1
1383,JHG,2023,2022-12-30,915,3896273925.6,1
1604,RITM,2023,2022-12-30,916,3870252367.0,1
640,ATI,2023,2022-12-30,917,3864411447.04,1
1270,MTG,2023,2022-12-30,918,3861331370.0,1
893,KEX,2023,2022-12-30,919,3854307599.9999995,1
1022,INDB,2023,2022-12-30,920,3853574745.3500004,1
774,RMBS,2023,2022-12-30,921,3850005598.2,1
1189,XPO,2023,2022-12-30,922,3833761455.95,1
1419,CUZ,2023,2022-12-30,923,3829772966.49,1
824,FUL,2023,2022-12-30,924,3818272977.6600003,1
932,WHD,2023,2022-12-30,925,3813634411.72,1
1512,AVT,2023,2022-12-30,926,3805289209.2599998,1
924,CRK,2023,2022-12-30,927,3804630265.38,1
859,BTU,2023,2022-12-30,928,3801838000.0000005,1
1317,SYNA,2023,2022-12-30,929,3794121600.3599997,1
659,SMPL,2023,2022-12-30,930,3783656306.71,1
956,IRT,2023,2022-12-30,931,3777894434.58,1
1478,SSD,2023,2022-12-30,932,3776728306.7799997,1
687,ICUI,2023,2022-12-30,933,3776620478.24,1
1347,CBT,2023,2022-12-30,934,3765019665.6000004,1
1447,ZWS,2023,2022-12-30,935,3760355789.9999995,1
860,SFBS,2023,2022-12-30,936,3743492681.25,1
895,GATX,2023,2022-12-30,937,3743168000.0,1
1186,AGO,2023,2022-12-30,938,3735254955.08,1
999,ZD,2023,2022-12-30,939,3732852712.3999996,1
1016,PECO,2023,2022-12-30,940,3728464000.0,1
825,APPF,2023,2022-12-30,941,3705279563.2599998,1
1121,FELE,2023,2022-12-30,942,3693903166.25,1
1142,ALE,2023,2022-12-30,943,3687512749.78,1
528,VC,2023,2022-12-30,944,3681921084.8700004,1
531,PTEN,2023,2022-12-30,945,3651277933.2,1
1354,CALY,2023,2022-12-30,946,3650743042.75,1
919,ALTR,2023,2022-12-30,947,3644075746.46,1
1471,DV,2023,2022-12-30,948,3620656910.52,1
676,BXMT,2023,2022-12-30,949,3617933735.3,1
994,SR,2023,2022-12-30,950,3617915486.46,1
682,APLE,2023,2022-12-30,951,3609716185.7999997,1
621,UNF,2023,2022-12-30,952,3605887688.76,1
1418,CVBF,2023,2022-12-30,953,3600056025.75,1
950,WFRD,2023,2022-12-30,954,3595391897.88,1
583,UCB,2023,2022-12-30,955,3588540220.2,1
1434,YETI,2023,2022-12-30,956,3562909341.48,1
971,LITE,2023,2022-12-30,957,3557994000.0,1
962,PCH,2023,2022-12-30,958,3553362634.0,1
650,BHF,2023,2022-12-30,959,3544279360.11,1
1285,FL,2023,2022-12-30,960,3526578936.33,1
613,LNTH,2023,2022-12-30,961,3507683204.48,1
1131,NSIT,2023,2022-12-30,962,3492519911.85,1
1068,ASB,2023,2022-12-30,963,3471793881.82,1
714,DIOD,2023,2022-12-30,964,3462063947.82,1
1063,VIRT,2023,2022-12-30,965,3447724430.54,1
1253,BRBR,2023,2022-12-30,966,3446675614.64,1
848,HLNE,2023,2022-12-30,967,3437691276.52,1
1484,NWE,2023,2022-12-30,968,3428590609.6200004,1
768,TDC,2023,2022-12-30,969,3426587999.9999995,1
1007,SFM,2023,2022-12-30,970,3426444453.8999996,1
855,AWR,2023,2022-12-30,971,3420731017.35,1
1548,PRKS,2023,2022-12-30,972,3418567578.18,1
1597,RNG,2023,2022-12-30,973,3399258025.2,1
1333,CBU,2023,2022-12-30,974,3382580291.15,1
1237,MTH,2023,2022-12-30,975,3371882434.6,1
1219,ONTO,2023,2022-12-30,976,3371607695.61,1
1558,HL,2023,2022-12-30,977,3370864636.08,1
607,VIR,2023,2022-12-30,978,3369156367.5099998,1
1387,MLI,2023,2022-12-30,979,3355016592.0,1
811,EPRT,2023,2022-12-30,980,3341593236.0499997,1
1312,FHB,2023,2022-12-30,981,3324802407.3599997,1
1314,CWT,2023,2022-12-30,982,3324527360.0,1
1177,NEOG,2023,2022-12-30,983,3292029730.09,1
989,LOPE,2023,2022-12-30,984,3291011884.08,1
861,ADNT,2023,2022-12-30,985,3290629431.64,1
1369,SANM,2023,2022-12-30,986,3290148486.93,1
746,TMHC,2023,2022-12-30,987,3288319825.9500003,1
785,NSA,2023,2022-12-30,988,3282056044.68,1
1429,AVA,2023,2022-12-30,989,3271217198.4,1
1043,ABCB,2023,2022-12-30,990,3269239562.26,1
724,HRMY,2023,2022-12-30,991,3268397225.4,1
988,FHI,2023,2022-12-30,992,3231410882.77,1
799,GTES,2023,2022-12-30,993,3222736164.13,1
723,VYX,2023,2022-12-30,994,3216547740.0,1
1355,AEIS,2023,2022-12-30,995,3206723604.7,1
1458,CRC,2023,2022-12-30,996,3196720251.3199997,1
1376,BMI,2023,2022-12-30,997,3191215315.4700003,1
1374,SEM,2023,2022-12-30,998,3152990462.0885,1
1024,CVI,2023,2022-12-30,999,3150628972.66,1
1488,CNS,2023,2022-12-30,1000,3144481310.4,1
397,AAPL,2024,2023-12-29,1,2994371342560.0,1
32,MSFT,2024,2023-12-29,2,2794827926197.16,1
202,AMZN,2024,2023-12-29,3,1570152607236.84,1
78,NVDA,2024,2023-12-29,4,1223193400000.0,1
102,GOOGL,2024,2023-12-29,5,948634790000.0,1
282,META,2024,2023-12-29,6,909628612618.72,1
177,GOOG,2024,2023-12-29,7,806824250000.0,1
123,TSLA,2024,2023-12-29,8,789898387235.6799,1
480,LLY,2024,2023-12-29,9,553370174592.0399,1
85,V,2024,2023-12-29,10,523304021741.4,1
211,AVGO,2024,2023-12-29,11,522561910146.25,1
216,JPM,2024,2023-12-29,12,491760518804.1,1
17,UNH,2024,2023-12-29,13,486945419005.71,1
283,BRKb,2024,2023-12-29,14,466658970409.38,1
288,WMT,2024,2023-12-29,15,424430643277.95,1
461,MA,2024,2023-12-29,16,399970867777.11,1
428,XOM,2024,2023-12-29,17,399597511910.52,1
228,JNJ,2024,2023-12-29,18,377316850898.80005,1
35,PG,2024,2023-12-29,19,345378105359.94,1
473,HD,2024,2023-12-29,20,344907992038.2,1
259,ASML,2024,2023-12-29,21,298672757761.24,1
512,COST,2024,2023-12-29,22,292896252833.28,1
419,ORCL,2024,2023-12-29,23,289818846460.0,1
12,CVX,2024,2023-12-29,24,280726342774.68,1
289,MRK,2024,2023-12-29,25,276259196617.68,1
269,ABBV,2024,2023-12-29,26,273605334132.37,1
402,ADBE,2024,2023-12-29,27,271631980000.0,1
51,BAC,2024,2023-12-29,28,266455356911.38,1
169,KO,2024,2023-12-29,29,254778775823.3,1
82,CRM,2024,2023-12-29,30,254719520000.0,1
453,AMD,2024,2023-12-29,31,238140691522.31,1
234,ACN,2024,2023-12-29,32,233885568361.41,1
126,PEP,2024,2023-12-29,33,233506895136.24,1
144,MCD,2024,2023-12-29,34,215071165315.3,1
141,NFLX,2024,2023-12-29,35,213097477242.72,1
278,INTC,2024,2023-12-29,36,211854000000.0,1
193,AZN,2024,2023-12-29,37,208775060621.69998,1
64,CSCO,2024,2023-12-29,38,205286791151.52002,1
370,TMO,2024,2023-12-29,39,205082564263.59,1
311,LIN,2024,2023-12-29,40,199149371505.06,1
316,PDD,2024,2023-12-29,41,194385578454.69,1
384,ABT,2024,2023-12-29,42,191087963057.52,1
188,TMUS,2024,2023-12-29,43,185417646369.80002,1
496,WFC,2024,2023-12-29,44,178749306723.08,1
360,CMCSA,2024,2023-12-29,45,176499746993.65,1
118,INTU,2024,2023-12-29,46,174968398080.0,1
405,DHR,2024,2023-12-29,47,170943396933.38,1
42,DIS,2024,2023-12-29,48,165259224507.09,1
296,NKE,2024,2023-12-29,49,164496802922.75998,1
174,PFE,2024,2023-12-29,50,162560238676.68,1
471,QCOM,2024,2023-12-29,51,161696340000.0,1
337,VZ,2024,2023-12-29,52,158494632544.30002,1
362,BX,2024,2023-12-29,53,158352186043.19998,1
218,BA,2024,2023-12-29,54,157693251906.02002,1
57,TXN,2024,2023-12-29,55,154812469692.78,1
125,AMGN,2024,2023-12-29,56,154141975336.53998,1
110,MS,2024,2023-12-29,57,153052304835.0,1
71,CAT,2024,2023-12-29,58,150521085962.81,1
295,UNP,2024,2023-12-29,59,149729336721.9,1
460,IBM,2024,2023-12-29,60,149340543922.55002,1
239,PM,2024,2023-12-29,61,146050355633.28,1
253,NOW,2024,2023-12-29,62,144830450000.0,1
445,SPGI,2024,2023-12-29,63,139556736000.0,1
511,GE,2024,2023-12-29,64,138910710668.09,1
58,COP,2024,2023-12-29,65,137822439827.94,1
400,AXP,2024,2023-12-29,66,136523196395.18001,1
261,AMAT,2024,2023-12-29,67,134691045707.34999,1
213,UPS,2024,2023-12-29,68,133948260358.46999,1
381,HON,2024,2023-12-29,69,130302999388.6608,1
62,LOW,2024,2023-12-29,70,127991309130.0,1
441,UBER,2024,2023-12-29,71,126702331221.1,1
273,GS,2024,2023-12-29,72,125804405237.28,1
491,SCHW,2024,2023-12-29,73,125393184355.2,1
206,NEE,2024,2023-12-29,74,124620728188.34001,1
217,BKNG,2024,2023-12-29,75,123762055303.06,1
321,PLD,2024,2023-12-29,76,123165334300.00002,1
346,RTX,2024,2023-12-29,77,120985014035.76,1
119,BLK,2024,2023-12-29,78,120765373957.79999,1
385,T,2024,2023-12-29,79,119977337580.04001,1
379,ISRG,2024,2023-12-29,80,118774872277.12001,1
28,SYK,2024,2023-12-29,81,113776281992.51999,1
97,LMT,2024,2023-12-29,82,112448261586.6,1
230,DE,2024,2023-12-29,83,112065743592.54001,1
388,ELV,2024,2023-12-29,84,110797329700.6,1
268,MDT,2024,2023-12-29,85,109536922140.18,1
134,SBUX,2024,2023-12-29,86,109134567000.0,1
434,TJX,2024,2023-12-29,87,106913082108.96,1
344,VRTX,2024,2023-12-29,88,104848710737.76,1
167,BMY,2024,2023-12-29,89,104403419742.02,1
501,LRCX,2024,2023-12-29,90,102824806280.0,1
504,CVS,2024,2023-12-29,91,101613354114.71999,1
297,GILD,2024,2023-12-29,92,100941853913.95001,1
45,AMT,2024,2023-12-29,93,100635725673.84,1
1534,SHOP,2024,2023-12-29,94,100085383502.70001,1
77,MDLZ,2024,2023-12-29,95,98569667221.55,1
129,ADI,2024,2023-12-29,96,98537718783.68001,1
187,C,2024,2023-12-29,97,98450086633.51999,1
406,ETN,2024,2023-12-29,98,96159426000.0,1
203,ADP,2024,2023-12-29,99,95821675062.54,1
475,REGN,2024,2023-12-29,100,95687046577.36,1
371,MU,2024,2023-12-29,101,94207583819.2,1
138,PGR,2024,2023-12-29,102,93226584000.0,1
163,PANW,2024,2023-12-29,103,92975664000.0,1
61,CB,2024,2023-12-29,104,92205716948.0,1
380,ZTS,2024,2023-12-29,105,90615269192.67,1
201,CI,2024,2023-12-29,106,87625048818.7,1
349,ABNB,2024,2023-12-29,107,87136278892.26,1
40,BSX,2024,2023-12-29,108,84690654338.37001,1
33,SHW,2024,2023-12-29,109,79835823471.0,1
403,MELI,2024,2023-12-29,110,79456334776.98,1
115,KLAC,2024,2023-12-29,111,79017455290.79999,1
53,ITW,2024,2023-12-29,112,78814047407.2,1
509,SNPS,2024,2023-12-29,113,78259563350.98,1
343,SO,2024,2023-12-29,114,76474228751.88,1
7,CME,2024,2023-12-29,115,75813859882.8,1
92,EQIX,2024,2023-12-29,116,75612770855.36,1
197,DUK,2024,2023-12-29,117,74789866085.12001,1
351,SLB,2024,2023-12-29,118,74336999959.08,1
483,CDNS,2024,2023-12-29,119,74101526940.0,1
251,ICE,2024,2023-12-29,120,73508696447.58,1
490,KKR,2024,2023-12-29,121,73322968806.59999,1
264,ANET,2024,2023-12-29,122,73267194442.42,1
334,WDAY,2024,2023-12-29,123,72603780000.0,1
116,HCA,2024,2023-12-29,124,72450425344.0,1
367,WM,2024,2023-12-29,125,72137078975.7,1
272,MCO,2024,2023-12-29,126,71475089331.36,1
232,MO,2024,2023-12-29,127,71347206829.16,1
420,GD,2024,2023-12-29,128,70863127636.2,1
365,BDX,2024,2023-12-29,129,70599055181.1461,1
407,NOC,2024,2023-12-29,130,70592050104.7,1
196,EOG,2024,2023-12-29,131,70531944361.90001,1
494,CSX,2024,2023-12-29,132,68512462983.450005,1
25,USB,2024,2023-12-29,133,67387496931.68,1
1541,TRI,2024,2023-12-29,134,66601906010.04,1
458,MAR,2024,2023-12-29,135,66230335887.479996,1
89,PYPL,2024,2023-12-29,136,66208591155.84,1
93,TGT,2024,2023-12-29,137,65749873555.99999,1
454,CL,2024,2023-12-29,138,65631002764.88999,1
324,LULU,2024,2023-12-29,139,64520067033.630005,1
323,FDX,2024,2023-12-29,140,63215317867.56,1
143,CMG,2024,2023-12-29,141,62764839633.6,1
328,PNC,2024,2023-12-29,142,61683120883.5,1
516,MCK,2024,2023-12-29,143,61605269305.3,1
44,CTAS,2024,2023-12-29,144,61383402753.88,1
448,TEAM,2024,2023-12-29,145,61381870211.62,1
503,CRWD,2024,2023-12-29,146,61313772378.56,1
55,FCX,2024,2023-12-29,147,61044411277.08,1
315,APD,2024,2023-12-29,148,60846055696.600006,1
150,MMM,2024,2023-12-29,149,60379298594.159996,1
267,MNST,2024,2023-12-29,150,59939826058.28,1
168,APH,2024,2023-12-29,151,59310493199.03,1
456,NXPI,2024,2023-12-29,152,59203074973.68,1
240,PH,2024,2023-12-29,153,59188812116.799995,1
74,PSX,2024,2023-12-29,154,58575685255.49999,1
142,AON,2024,2023-12-29,155,58266960721.899994,1
442,ROP,2024,2023-12-29,156,58236213524.89,1
404,CHTR,2024,2023-12-29,157,57493656762.48,1
389,ECL,2024,2023-12-29,158,56557483297.0,1
485,HUM,2024,2023-12-29,159,56361318723.2,1
281,MPC,2024,2023-12-29,160,56331888015.72001,1
224,ORLY,2024,2023-12-29,161,56209077286.2225,1
425,TDG,2024,2023-12-29,162,55955747606.4,1
219,EMR,2024,2023-12-29,163,55626398606.44,1
266,TT,2024,2023-12-29,164,55501148885.4,1
401,DELL,2024,2023-12-29,165,54437484991.5,1
157,PSA,2024,2023-12-29,166,53630029410.0,1
246,NSC,2024,2023-12-29,167,53454106630.92,1
285,APO,2024,2023-12-29,168,52890476915.96,1
156,OXY,2024,2023-12-29,169,52400364973.18,1
178,EL,2024,2023-12-29,170,52335064226.25,1
507,MRVL,2024,2023-12-29,171,52137995000.0,1
499,ADSK,2024,2023-12-29,172,52084103331.0,1
191,MSI,2024,2023-12-29,173,51963073281.74,1
14,RSG,2024,2023-12-29,174,51886705709.729996,1
391,PCAR,2024,2023-12-29,175,51078355971.3,1
477,DHI,2024,2023-12-29,176,50609293038.18,1
487,CCI,2024,2023-12-29,177,49956620128.97,1
518,COF,2024,2023-12-29,178,49936628613.520004,1
342,WELL,2024,2023-12-29,179,49906310640.57,1
190,TFC,2024,2023-12-29,180,49239025402.840004,1
22,GM,2024,2023-12-29,181,49191764919.520004,1
287,MET,2024,2023-12-29,182,48948779843.77,1
447,F,2024,2023-12-29,183,48796014587.03,1
23,MCHP,2024,2023-12-29,184,48791464973.64001,1
459,AJG,2024,2023-12-29,185,48551592000.0,1
333,AFL,2024,2023-12-29,186,48211340842.5,1
91,CARR,2024,2023-12-29,187,48203225963.55,1
1579,CRH,2024,2023-12-29,188,47956104749.28,1
310,DXCM,2024,2023-12-29,189,47945141594.15,1
319,NEM,2024,2023-12-29,190,47701636429.8,1
265,AIG,2024,2023-12-29,191,47563233238.25,1
1540,XYZ,2024,2023-12-29,192,47500093550.0,1
21,CPRT,2024,2023-12-29,193,47051340658.0,1
122,SRE,2024,2023-12-29,194,47029685774.340004,1
1,HLT,2024,2023-12-29,195,46695215137.450005,1
495,KDP,2024,2023-12-29,196,46592558951.96,1
464,ROST,2024,2023-12-29,197,46591244551.74,1
158,SPG,2024,2023-12-29,198,46535930990.31999,1
393,EW,2024,2023-12-29,199,46245625000.0,1
162,IDXX,2024,2023-12-29,200,46097847195.1,1
421,KHC,2024,2023-12-29,201,45357400904.119995,1
214,FTNT,2024,2023-12-29,202,44945749063.590004,1
159,MSCI,2024,2023-12-29,203,44737931623.5,1
299,AZO,2024,2023-12-29,204,44710119901.44,1
171,STZ,2024,2023-12-29,205,44406071643.5,1
439,HES,2024,2023-12-29,206,44280014770.4,1
433,VLO,2024,2023-12-29,207,44258882460.0,1
467,ODFL,2024,2023-12-29,208,44227037375.82,1
514,TRV,2024,2023-12-29,209,43507810468.54,1
382,TEL,2024,2023-12-29,210,43473438907.0,1
152,PAYX,2024,2023-12-29,211,42858377694.86,1
38,NUE,2024,2023-12-29,212,42785819385.96,1
306,AEP,2024,2023-12-29,213,42711651075.38,1
36,WMB,2024,2023-12-29,214,42370648745.759995,1
438,IQV,2024,2023-12-29,215,42226850000.0,1
1535,COIN,2024,2023-12-29,216,41609586229.92,1
451,O,2024,2023-12-29,217,41569177074.48,1
341,COR,2024,2023-12-29,218,41222299978.44,1
233,GWW,2024,2023-12-29,219,41131323763.5,1
304,KMB,2024,2023-12-29,220,41063213461.71,1
105,OKE,2024,2023-12-29,221,40906712541.479996,1
16,DLR,2024,2023-12-29,222,40757834272.200005,1
256,A,2024,2023-12-29,223,40736360301.06,1
26,BK,2024,2023-12-29,224,40030264119.9,1
476,LHX,2024,2023-12-29,225,39920967244.38,1
280,DDOG,2024,2023-12-29,226,39879845192.88,1
252,CNC,2024,2023-12-29,227,39643056210.0,1
488,DASH,2024,2023-12-29,228,39378859331.9,1
100,D,2024,2023-12-29,229,39329448237.0,1
237,JCI,2024,2023-12-29,230,39234040079.96,1
275,KMI,2024,2023-12-29,231,39209732178.12,1
207,URI,2024,2023-12-29,232,38867239059.0,1
431,ADM,2024,2023-12-29,233,38520794236.1,1
416,DOW,2024,2023-12-29,234,38464611809.04,1
373,AMP,2024,2023-12-29,235,38437349607.36,1
430,HSY,2024,2023-12-29,236,38126641424.96,1
113,AME,2024,2023-12-29,237,38056390552.729996,1
15,MRNA,2024,2023-12-29,238,37918693402.200005,1
130,CTSH,2024,2023-12-29,239,37871689599.38,1
353,BIIB,2024,2023-12-29,240,37495284442.24,1
80,PRU,2024,2023-12-29,241,37439310000.0,1
225,PLTR,2024,2023-12-29,242,37344481615.73,1
465,CEG,2024,2023-12-29,243,37332525042.76,1
98,PCG,2024,2023-12-29,244,37245735575.73,1
9,LVS,2024,2023-12-29,245,37073307042.17,1
510,FAST,2024,2023-12-29,246,37022532000.0,1
221,LEN,2024,2023-12-29,247,37008315314.829796,1
212,GIS,2024,2023-12-29,248,36992361114.0,1
352,SYY,2024,2023-12-29,249,36884722166.1,1
286,EA,2024,2023-12-29,250,36797299614.07,1
255,ALL,2024,2023-12-29,251,36630955218.71999,1
210,YUM,2024,2023-12-29,252,36625071894.54,1
192,OTIS,2024,2023-12-29,253,36616386893.81,1
1570,ARES,2024,2023-12-29,254,36533462076.12,1
463,ON,2024,2023-12-29,255,35976169442.11,1
408,EXC,2024,2023-12-29,256,35736203234.4,1
73,CSGP,2024,2023-12-29,257,35686874729.52,1
30,FIS,2024,2023-12-29,258,35590489912.07,1
279,ROK,2024,2023-12-29,259,35575338945.68,1
498,TTD,2024,2023-12-29,260,35281773055.479996,1
154,PPG,2024,2023-12-29,261,35263890000.0,1
254,GEHC,2024,2023-12-29,262,35199386749.68,1
136,IT,2024,2023-12-29,263,35163398359.32,1
1145,IBKR,2024,2023-12-29,264,35118465910.200005,1
121,VRSK,2024,2023-12-29,265,34631489243.880005,1
417,BKR,2024,2023-12-29,266,34393074462.74,1
2,XEL,2024,2023-12-29,267,34162948309.289997,1
186,CMI,2024,2023-12-29,268,33957816828.91,1
350,EXR,2024,2023-12-29,269,33874173201.260002,1
249,CTVA,2024,2023-12-29,270,33770613680.0,1
204,NDAQ,2024,2023-12-29,271,33544720099.8,1
235,GFS,2024,2023-12-29,272,33523859400.0,1
292,RCL,2024,2023-12-29,273,33179883616.960003,1
60,DD,2024,2023-12-29,274,33083168909.56,1
208,GPN,2024,2023-12-29,275,33069345342.0,1
359,VICI,2024,2023-12-29,276,32980883507.399998,1
180,KR,2024,2023-12-29,277,32884845762.37,1
227,ZS,2024,2023-12-29,278,32864758074.2,1
47,HAL,2024,2023-12-29,279,32356120473.3,1
90,ANSS,2024,2023-12-29,280,31524402752.64,1
3,ED,2024,2023-12-29,281,31404643295.63,1
368,PWR,2024,2023-12-29,282,31352479262.0,1
135,IR,2024,2023-12-29,283,31306998123.84,1
443,DLTR,2024,2023-12-29,284,30948708650.850002,1
363,LYB,2024,2023-12-29,285,30840317376.84,1
59,MLM,2024,2023-12-29,286,30836210694.510002,1
147,CCEP,2024,2023-12-29,287,30637714188.039997,1
444,PEG,2024,2023-12-29,288,30471919567.3,1
378,EFX,2024,2023-12-29,289,30470276537.04,1
87,CDW,2024,2023-12-29,290,30451871081.079998,1
10,MPWR,2024,2023-12-29,291,30221931360.0,1
181,VMC,2024,2023-12-29,292,30163587582.87,1
318,DG,2024,2023-12-29,293,29840651681.3,1
220,HPQ,2024,2023-12-29,294,29816254690.41,1
43,MDB,2024,2023-12-29,295,29509826478.600002,1
6,DVN,2024,2023-12-29,296,29023710000.0,1
108,FICO,2024,2023-12-29,297,28909197546.67,1
245,CBRE,2024,2023-12-29,298,28373161845.09,1
132,DFS,2024,2023-12-29,299,28106514142.0,1
8,KEYS,2024,2023-12-29,300,27847846050.36,1
81,FANG,2024,2023-12-29,301,27756979997.88,1
75,WBD,2024,2023-12-29,302,27750876960.440002,1
131,ACGL,2024,2023-12-29,303,27715477681.43,1
34,XYL,2024,2023-12-29,304,27569654920.8,1
468,EIX,2024,2023-12-29,305,27421327292.37,1
222,TTWO,2024,2023-12-29,306,27372383438.999996,1
345,SBAC,2024,2023-12-29,307,27369860894.39,1
469,AVB,2024,2023-12-29,308,26588069268.64,1
335,WEC,2024,2023-12-29,309,26550124474.27,1
303,MTD,2024,2023-12-29,310,26301584473.920002,1
104,WST,2024,2023-12-29,311,26053242600.4,1
330,GLW,2024,2023-12-29,312,25979175065.55,1
1583,FER,2024,2023-12-29,313,25946930327.399998,1
506,DAL,2024,2023-12-29,314,25886533909.589996,1
290,FTV,2024,2023-12-29,315,25868251860.238197,1
176,AWK,2024,2023-12-29,316,25699112554.030003,1
326,ZBH,2024,2023-12-29,317,25432952528.7,1
386,WY,2024,2023-12-29,318,25382134770.000004,1
484,APTV,2024,2023-12-29,319,25378392008.28,1
79,RMD,2024,2023-12-29,320,25302750358.2,1
1573,PINS,2024,2023-12-29,321,24978239988.239998,1
418,WTW,2024,2023-12-29,322,24906410168.399998,1
364,CAH,2024,2023-12-29,323,24843987806.399998,1
96,GRMN,2024,2023-12-29,324,24593696637.579998,1
348,BR,2024,2023-12-29,325,24205878068.5,1
274,HIG,2024,2023-12-29,326,24175878774.64,1
37,TROW,2024,2023-12-29,327,24065519191.56,1
1582,ALNY,2024,2023-12-29,328,24020601157.07,1
390,STT,2024,2023-12-29,329,23902878762.059998,1
120,ULTA,2024,2023-12-29,330,23794657714.83,1
155,FITB,2024,2023-12-29,331,23488263085.84,1
387,CHD,2024,2023-12-29,332,23297856577.920002,1
366,RJF,2024,2023-12-29,333,23259653628.5,1
250,TSCO,2024,2023-12-29,334,23247797286.12,1
271,EQR,2024,2023-12-29,335,23223976963.44,1
31,MTB,2024,2023-12-29,336,22749842447.640003,1
309,DTE,2024,2023-12-29,337,22742087239.02,1
284,WAB,2024,2023-12-29,338,22735297404.0,1
313,EBAY,2024,2023-12-29,339,22638780000.0,1
139,WBA,2024,2023-12-29,340,22516625009.97,1
66,HWM,2024,2023-12-29,341,22283604438.48,1
189,NVR,2024,2023-12-29,342,22254640563.5,1
513,PHM,2024,2023-12-29,343,22253713835.6,1
840,ILMN,2024,2023-12-29,344,22111312000.0,1
52,HPE,2024,2023-12-29,345,22074000000.0,1
398,ARE,2024,2023-12-29,346,22029514557.12,1
413,STE,2024,2023-12-29,347,21721215395.85,1
83,ES,2024,2023-12-29,348,21560413619.48,1
331,LYV,2024,2023-12-29,349,21558453696.0,1
41,DOV,2024,2023-12-29,350,21516503048.64,1
312,ETR,2024,2023-12-29,351,21398960358.06,1
358,ROL,2024,2023-12-29,352,21137933258.86,1
226,EXPE,2024,2023-12-29,353,21075773135.28,1
65,MOH,2024,2023-12-29,354,21064373000.0,1
339,TDY,2024,2023-12-29,355,21058058424.13,1
109,FE,2024,2023-12-29,356,21036051411.179996,1
369,VRSN,2024,2023-12-29,357,21028516000.0,1
414,ALGN,2024,2023-12-29,358,20985417236.0,1
200,PTC,2024,2023-12-29,359,20896686147.600002,1
375,INVH,2024,2023-12-29,360,20873895532.29,1
307,CCL,2024,2023-12-29,361,20764800000.0,1
437,IFF,2024,2023-12-29,362,20669951479.98,1
508,JBHT,2024,2023-12-29,363,20601743870.7,1
436,BLDR,2024,2023-12-29,364,20591510618.5,1
48,IRM,2024,2023-12-29,365,20433429968.64,1
20,CPAY,2024,2023-12-29,366,20405608331.47,1
423,BRO,2024,2023-12-29,367,20237751762.41,1
361,VTR,2024,2023-12-29,368,20054656430.48,1
107,PPL,2024,2023-12-29,369,19976070941.9,1
148,DRI,2024,2023-12-29,370,19619196575.9,1
482,BAX,2024,2023-12-29,371,19613126857.94,1
244,WAT,2024,2023-12-29,372,19466374637.710003,1
117,GPC,2024,2023-12-29,373,19417233393.5,1
24,TRGP,2024,2023-12-29,374,19369890372.0,1
149,AXON,2024,2023-12-29,375,19357656562.23,1
515,LH,2024,2023-12-29,376,19296921000.0,1
424,CTRA,2024,2023-12-29,377,19195931928.8,1
161,TSN,2024,2023-12-29,378,19154336562.5,1
27,K,2024,2023-12-29,379,19150278831.129997,1
54,STLD,2024,2023-12-29,380,19110525107.0,1
69,AEE,2024,2023-12-29,381,19021444772.32,1
68,CBOE,2024,2023-12-29,382,18848077395.84,1
492,PFG,2024,2023-12-29,383,18755880929.71,1
411,COO,2024,2023-12-29,384,18742612628.079998,1
486,EXPD,2024,2023-12-29,385,18493527991.2,1
645,WMG,2024,2023-12-29,386,18467491113.6,1
72,HBAN,2024,2023-12-29,387,18419515182.96,1
322,FSLR,2024,2023-12-29,388,18407120843.36,1
1605,VRT,2024,2023-12-29,389,18320635245.0,1
50,WRB,2024,2023-12-29,390,18236736031.6834,1
446,FDS,2024,2023-12-29,391,18169111395.4,1
236,NTAP,2024,2023-12-29,392,18163697103.52,1
1072,BMRN,2024,2023-12-29,393,18162459047.82,1
396,BALL,2024,2023-12-29,394,18136125829.280003,1
270,ENPH,2024,2023-12-29,395,18043877682.239998,1
426,CNP,2024,2023-12-29,396,18034057109.2,1
39,RF,2024,2023-12-29,397,18024658498.44,1
1153,ENTG,2024,2023-12-29,398,17992037361.059998,1
49,SWKS,2024,2023-12-29,399,17982126148.14,1
1098,WLK,2024,2023-12-29,400,17934581889.280003,1
317,STX,2024,2023-12-29,401,17858036884.82,1
166,AKAM,2024,2023-12-29,402,17850916072.8,1
320,CLX,2024,2023-12-29,403,17689586783.82,1
293,HUBB,2024,2023-12-29,404,17637900906.5,1
357,TYL,2024,2023-12-29,405,17612964650.32,1
263,HRL,2024,2023-12-29,406,17559034198.16,1
247,ERIE,2024,2023-12-29,407,17512922590.56,1
394,BFb,2024,2023-12-29,408,17499742370.8,1
399,ATO,2024,2023-12-29,409,17481607054.2,1
493,NTRS,2024,2023-12-29,410,17469728900.6,1
103,LUV,2024,2023-12-29,411,17215812174.399998,1
455,MKC,2024,2023-12-29,412,17203574746.600002,1
276,DECK,2024,2023-12-29,413,17199288107.82,1
160,EPAM,2024,2023-12-29,414,17156659533.839998,1
223,HOLX,2024,2023-12-29,415,17148200202.900002,1
182,OMC,2024,2023-12-29,416,17123285046.7,1
412,WDC,2024,2023-12-29,417,16980614498.679998,1
325,ALB,2024,2023-12-29,418,16955200738.56,1
298,CMS,2024,2023-12-29,419,16942710335.69,1
338,CE,2024,2023-12-29,420,16912827296.79,1
1138,WSO,2024,2023-12-29,421,16879243585.750002,1
4,BBY,2024,2023-12-29,422,16861196531.6,1
1580,BAH,2024,2023-12-29,423,16677059547.82,1
356,TER,2024,2023-12-29,424,16590399562.56,1
111,IEX,2024,2023-12-29,425,16419060772.29,1
172,JBL,2024,2023-12-29,426,16389682709.400002,1
175,AVY,2024,2023-12-29,427,16280203160.48,1
377,CINF,2024,2023-12-29,428,16233672711.199999,1
754,DT,2024,2023-12-29,429,16100434220.58,1
165,J,2024,2023-12-29,430,16093325616.2944,1
1245,RS,2024,2023-12-29,431,16073553326.720001,1
301,ESS,2024,2023-12-29,432,15913930715.76,1
502,LII,2024,2023-12-29,433,15904737732.0,1
260,EQT,2024,2023-12-29,434,15902095119.999998,1
88,SYF,2024,2023-12-29,435,15803188508.4,1
429,SMCI,2024,2023-12-29,436,15787264854.16,1
205,TXT,2024,2023-12-29,437,15762758851.94,1
140,MAA,2024,2023-12-29,438,15689801384.460001,1
231,LW,2024,2023-12-29,439,15605223308.82,1
466,L,2024,2023-12-29,440,15536012176.78,1
277,DGX,2024,2023-12-29,441,15502537386.359999,1
185,CFG,2024,2023-12-29,442,15450629126.380001,1
593,AVTR,2024,2023-12-29,443,15441897288.449999,1
1561,BSY,2024,2023-12-29,444,15441218830.6,1
184,POOL,2024,2023-12-29,445,15421771471.99,1
302,EG,2024,2023-12-29,446,15341986117.92,1
262,MGM,2024,2023-12-29,447,15261945463.08,1
450,SNA,2024,2023-12-29,448,15244963357.56,1
630,CSL,2024,2023-12-29,449,15210155911.720001,1
440,CF,2024,2023-12-29,450,15188991829.5,1
449,PODD,2024,2023-12-29,451,15151196770.619999,1
457,NDSN,2024,2023-12-29,452,15061353428.160002,1
258,SWK,2024,2023-12-29,453,15039849517.199999,1
46,MAS,2024,2023-12-29,454,15037071018.78,1
170,GDDY,2024,2023-12-29,455,14982415047.76,1
1531,OKTA,2024,2023-12-29,456,14968708288.93,1
70,BEN,2024,2023-12-29,457,14761747840.5,1
329,LDOS,2024,2023-12-29,458,14695357192.56,1
1083,CG,2024,2023-12-29,459,14680774917.119999,1
56,BG,2024,2023-12-29,460,14666821379.1,1
1366,GGG,2024,2023-12-29,461,14644053647.28,1
151,GEN,2024,2023-12-29,462,14621122461.4,1
478,PKG,2024,2023-12-29,463,14600694224.27,1
1275,RPM,2024,2023-12-29,464,14385999890.58,1
376,DPZ,2024,2023-12-29,465,14378987622.09,1
622,WPC,2024,2023-12-29,466,14172124153.94,1
772,TKO,2024,2023-12-29,467,14112490752.199999,1
305,INCY,2024,2023-12-29,468,14071819054.02,1
1585,PATH,2024,2023-12-29,469,14061383953.56,1
76,ZBRA,2024,2023-12-29,470,14038120561.32,1
63,AMCR,2024,2023-12-29,471,13933108563.68,1
565,FNF,2024,2023-12-29,472,13885513149.7,1
336,VST,2024,2023-12-29,473,13772916021.240002,1
1544,TWLO,2024,2023-12-29,474,13735721939.94,1
198,HST,2024,2023-12-29,475,13734858623.64,1
308,CAG,2024,2023-12-29,476,13699624102.48,1
1572,CRBG,2024,2023-12-29,477,13637045742.78,1
13,UAL,2024,2023-12-29,478,13533977912.9,1
519,RVTY,2024,2023-12-29,479,13489650651.28,1
452,KEY,2024,2023-12-29,480,13482147758.4,1
1276,H,2024,2023-12-29,481,13450349034.99,1
95,SJM,2024,2023-12-29,482,13414454455.039999,1
395,APP,2024,2023-12-29,483,13381692644.2,1
1553,TRU,2024,2023-12-29,484,13309126999.999998,1
532,MANH,2024,2023-12-29,485,13256209605.24,1
901,ACI,2024,2023-12-29,486,13247842358.0,1
481,TRMB,2024,2023-12-29,487,13234434458.0,1
372,KIM,2024,2023-12-29,488,13209518562.699999,1
609,FLEX,2024,2023-12-29,489,13201303902.42,1
1435,GLPI,2024,2023-12-29,490,13177226275.5,1
990,OC,2024,2023-12-29,491,13173934727.88,1
1008,ELS,2024,2023-12-29,492,13148142892.04,1
112,LNT,2024,2023-12-29,493,13090687163.099998,1
1036,AMH,2024,2023-12-29,494,13019530991.08,1
164,VTRS,2024,2023-12-29,495,12992436930.0,1
1473,NBIX,2024,2023-12-29,496,12945673374.48,1
1205,WSM,2024,2023-12-29,497,12943081043.82,1
199,AES,2024,2023-12-29,498,12890358923.75,1
500,CPB,2024,2023-12-29,499,12886855867.05,1
94,LKQ,2024,2023-12-29,500,12788523665.01,1
529,CELH,2024,2023-12-29,501,12630922144.92,1
347,UDR,2024,2023-12-29,502,12594658250.86,1
757,ACM,2024,2023-12-29,503,12569301887.220001,1
1218,BURL,2024,2023-12-29,504,12548872953.76,1
153,IP,2024,2023-12-29,505,12508525864.949999,1
146,IPG,2024,2023-12-29,506,12501254835.84,1
1056,LECO,2024,2023-12-29,507,12438654590.560001,1
248,REG,2024,2023-12-29,508,12366925727.0,1
479,TAP,2024,2023-12-29,509,12300462772.78,1
173,AOS,2024,2023-12-29,510,12260512084.32,1
929,MORN,2024,2023-12-29,511,12222390179.52,1
497,TECH,2024,2023-12-29,512,12202883243.64,1
793,RBA,2024,2023-12-29,513,12184866615.06,1
462,KMX,2024,2023-12-29,514,12176199893.46,1
128,CRL,2024,2023-12-29,515,12126564465.6,1
1011,DOCU,2024,2023-12-29,516,12123869998.300001,1
209,TPL,2024,2023-12-29,517,12068319287.0889,1
101,PNR,2024,2023-12-29,518,12018887308.89,1
1206,DKS,2024,2023-12-29,519,12012318566.15,1
291,EVRG,2024,2023-12-29,520,11991423515.400002,1
1197,OVV,2024,2023-12-29,521,11932970362.560001,1
327,PAYC,2024,2023-12-29,522,11927913510.4,1
1159,FND,2024,2023-12-29,523,11907639069.92,1
242,JKHY,2024,2023-12-29,524,11900856488.82,1
991,BLD,2024,2023-12-29,525,11891716281.44,1
755,REXR,2024,2023-12-29,526,11842559595.9,1
867,FIVE,2024,2023-12-29,527,11764890426.88,1
29,TFX,2024,2023-12-29,528,11717150841.76,1
18,MOS,2024,2023-12-29,529,11677830807.15,1
5,NRG,2024,2023-12-29,530,11672021341.2,1
1203,SAIA,2024,2023-12-29,531,11633836952.140001,1
1552,NTNX,2024,2023-12-29,532,11573871602.24,1
179,GL,2024,2023-12-29,533,11456133032.8,1
1172,EQH,2024,2023-12-29,534,11271620696.4,1
1104,PSTG,2024,2023-12-29,535,11267590761.199999,1
1330,RYAN,2024,2023-12-29,536,11195980510.86,1
1234,USFD,2024,2023-12-29,537,11164118885.5,1
409,ALLE,2024,2023-12-29,538,11121806736.539999,1
1461,CCK,2024,2023-12-29,539,11110325963.01,1
86,MKTX,2024,2023-12-29,540,11100610446.800001,1
944,COTY,2024,2023-12-29,541,11074554341.64,1
1551,HOOD,2024,2023-12-29,542,11017322259.58,1
84,BXP,2024,2023-12-29,543,11012492430.6,1
472,APA,2024,2023-12-29,544,11005092825.480001,1
470,NI,2024,2023-12-29,545,10976179958.550001,1
1071,QRVO,2024,2023-12-29,546,10962105470.55,1
958,WMS,2024,2023-12-29,547,10956958055.039999,1
1485,X,2024,2023-12-29,548,10855521496.05,1
726,LAMR,2024,2023-12-29,549,10840364551.08,1
300,DOC,2024,2023-12-29,550,10832072209.2,1
943,PAG,2024,2023-12-29,551,10788539364.26,1
759,PFGC,2024,2023-12-29,552,10759805208.45,1
1327,TOL,2024,2023-12-29,553,10701466900.0,1
114,FFIV,2024,2023-12-29,554,10686396624.779999,1
1012,RGA,2024,2023-12-29,555,10662234661.7,1
67,EMN,2024,2023-12-29,556,10649419647.66,1
427,SW,2024,2023-12-29,557,10625060697.02,1
435,CPT,2024,2023-12-29,558,10601313043.74,1
1577,CVNA,2024,2023-12-29,559,10569462264.9,1
1163,ALLY,2024,2023-12-29,560,10532933393.4,1
1265,PR,2024,2023-12-29,561,10526465864.8,1
374,DAY,2024,2023-12-29,562,10479244978.320002,1
567,CUBE,2024,2023-12-29,563,10422305774.1,1
415,UHS,2024,2023-12-29,564,10405356837.76,1
827,UTHR,2024,2023-12-29,565,10333422923.89,1
332,HII,2024,2023-12-29,566,10313798115.84,1
1050,CLF,2024,2023-12-29,567,10309267255.92,1
257,WYNN,2024,2023-12-29,568,10290509422.23,1
914,RNR,2024,2023-12-29,569,10288934544.0,1
727,WTRG,2024,2023-12-29,570,10207755000.0,1
1148,CASY,2024,2023-12-29,571,10195231050.48,1
1190,CHWY,2024,2023-12-29,572,10194122456.72,1
632,DBX,2024,2023-12-29,573,10192957042.4,1
1183,BRKR,2024,2023-12-29,574,10170455857.76,1
1189,XPO,2024,2023-12-29,575,10158089960.300001,1
550,EWBC,2024,2023-12-29,576,10139923716.9,1
964,EME,2024,2023-12-29,577,10134783709.2,1
847,SCI,2024,2023-12-29,578,10113125947.1,1
383,CZR,2024,2023-12-29,579,10112516959.68,1
422,CHRW,2024,2023-12-29,580,10077483086.43,1
765,CHDN,2024,2023-12-29,581,10065079062.6,1
781,RGEN,2024,2023-12-29,582,10038595937.400002,1
527,DINO,2024,2023-12-29,583,9984048177.78,1
660,TTC,2024,2023-12-29,584,9970885513.89,1
672,AFG,2024,2023-12-29,585,9960343712.01,1
243,MTCH,2024,2023-12-29,586,9921122122.5,1
145,MSTR,2024,2023-12-29,587,9876576883.14,1
517,HSIC,2024,2023-12-29,588,9837631797.109999,1
780,RRX,2024,2023-12-29,589,9821039076.12,1
1364,NVT,2024,2023-12-29,590,9803728498.36,1
1358,ITT,2024,2023-12-29,591,9796172000.0,1
886,BBWI,2024,2023-12-29,592,9751595950.72,1
1283,PEN,2024,2023-12-29,593,9708529903.64,1
1170,ETSY,2024,2023-12-29,594,9705433886.699999,1
1107,NLY,2024,2023-12-29,595,9686743319.37,1
1343,FBIN,2024,2023-12-29,596,9600870482.82,1
798,SKX,2024,2023-12-29,597,9599191997.76,1
19,DVA,2024,2023-12-29,598,9564588000.0,1
706,SNX,2024,2023-12-29,599,9541671090.0,1
552,DUOL,2024,2023-12-29,600,9530834159.6,1
684,LSCC,2024,2023-12-29,601,9522577729.23,1
1433,CLH,2024,2023-12-29,602,9438593407.109999,1
872,MEDP,2024,2023-12-29,603,9405393637.08,1
410,JNPR,2024,2023-12-29,604,9400242760.92,1
238,NWSA,2024,2023-12-29,605,9345445774.95,1
355,RL,2024,2023-12-29,606,9320090280.199999,1
1460,RHI,2024,2023-12-29,607,9310284443.6,1
1277,KNX,2024,2023-12-29,608,9302922850.0,1
623,WBS,2024,2023-12-29,609,9277813564.199999,1
854,PCTY,2024,2023-12-29,610,9260760481.35,1
569,ALV,2024,2023-12-29,611,9158078223.0,1
911,AGCO,2024,2023-12-29,612,9091173151.17,1
1115,LAD,2024,2023-12-29,613,9061633472.64,1
1410,OLED,2024,2023-12-29,614,9057705615.76,1
1377,ROIV,2024,2023-12-29,615,9028036827.880001,1
821,SRPT,2024,2023-12-29,616,9020706448.83,1
1462,TREX,2024,2023-12-29,617,8990611592.99,1
1480,JLL,2024,2023-12-29,618,8985101933.28,1
1238,AAL,2024,2023-12-29,619,8979647157.0,1
618,GWRE,2024,2023-12-29,620,8933706735.84,1
758,BJ,2024,2023-12-29,621,8891177859.96,1
972,TTEK,2024,2023-12-29,622,8888633219.24,1
1128,WCC,2024,2023-12-29,623,8881088620.32,1
354,AIZ,2024,2023-12-29,624,8860993563.800001,1
1232,UNM,2024,2023-12-29,625,8819964112.119999,1
812,CHE,2024,2023-12-29,626,8807684603.0,1
716,SGI,2024,2023-12-29,627,8780822753.01,1
1550,FTI,2024,2023-12-29,628,8770167783.52,1
589,BILL,2024,2023-12-29,629,8710197073.460001,1
1416,COKE,2024,2023-12-29,630,8702532867.6,1
1120,CNM,2024,2023-12-29,631,8536421239.469999,1
1524,WSC,2024,2023-12-29,632,8527548172.0,1
241,NCLH,2024,2023-12-29,633,8525515677.36,1
1486,CW,2024,2023-12-29,634,8519760958.219999,1
959,JEF,2024,2023-12-29,635,8511437069.999999,1
1122,EGP,2024,2023-12-29,636,8503485470.339999,1
1478,SSD,2024,2023-12-29,637,8448384899.58,1
194,TPR,2024,2023-12-29,638,8436352230.63,1
474,BWA,2024,2023-12-29,639,8426737129.650001,1
229,FRT,2024,2023-12-29,640,8411266947.15,1
520,SEIC,2024,2023-12-29,641,8362397890.15,1
1198,WEX,2024,2023-12-29,642,8314549302.450001,1
1017,HLI,2024,2023-12-29,643,8291228271.48,1
1211,RBC,2024,2023-12-29,644,8286025365.11,1
1295,ORI,2024,2023-12-29,645,8243104468.2,1
1337,LEA,2024,2023-12-29,646,8226876383.910001,1
1401,DLB,2024,2023-12-29,647,8192521239.080001,1
1106,CYTK,2024,2023-12-29,648,8186498988.03,1
1388,AMKR,2024,2023-12-29,649,8176705152.780001,1
711,WWD,2024,2023-12-29,650,8172163783.28,1
1105,TXRH,2024,2023-12-29,651,8162901002.06,1
1537,APG,2024,2023-12-29,652,8150347282.0,1
432,PNW,2024,2023-12-29,653,8146537176.64,1
1288,ATR,2024,2023-12-29,654,8131880473.780001,1
852,MTN,2024,2023-12-29,655,8104736506.1,1
871,NYT,2024,2023-12-29,656,8054303975.97,1
340,IVZ,2024,2023-12-29,657,8020050478.16,1
1241,NOV,2024,2023-12-29,658,7988839478.88,1
955,ELF,2024,2023-12-29,659,7967455414.8,1
985,DAR,2024,2023-12-29,660,7951089134.240001,1
1137,RGLD,2024,2023-12-29,661,7946105771.5199995,1
106,GNRC,2024,2023-12-29,662,7939417011.4800005,1
795,FHN,2024,2023-12-29,663,7912176403.2,1
1414,MIDD,2024,2023-12-29,664,7888782208.15,1
183,FMC,2024,2023-12-29,665,7866047825.349999,1
1015,NNN,2024,2023-12-29,666,7863184300.1,1
782,DCI,2024,2023-12-29,667,7850869498.049999,1
743,BERY,2024,2023-12-29,668,7812298156.52,1
1061,BIO,2024,2023-12-29,669,7768525135.95,1
656,KNSL,2024,2023-12-29,670,7761026167.88,1
1165,UFPI,2024,2023-12-29,671,7760564145.9,1
572,GAP,2024,2023-12-29,672,7754125223.04,1
580,JAZZ,2024,2023-12-29,673,7743700299.0,1
1223,THC,2024,2023-12-29,674,7674284639.999999,1
1200,VOYA,2024,2023-12-29,675,7621985352.959999,1
1023,GNTX,2024,2023-12-29,676,7618029622.059999,1
1091,MUSA,2024,2023-12-29,677,7586538173.36,1
1319,WING,2024,2023-12-29,678,7547280173.599999,1
1261,GPK,2024,2023-12-29,679,7544203122.25,1
845,XRAY,2024,2023-12-29,680,7540111315.690001,1
1082,OHI,2024,2023-12-29,681,7511503438.74,1
1219,ONTO,2024,2023-12-29,682,7504483829.7,1
674,KBR,2024,2023-12-29,683,7480592917.44,1
1408,AXTA,2024,2023-12-29,684,7476220834.83,1
841,EXEL,2024,2023-12-29,685,7460268970.87,1
574,LNW,2024,2023-12-29,686,7393791849.78,1
937,FLG,2024,2023-12-29,687,7391053395.990001,1
1064,ARMK,2024,2023-12-29,688,7370416102.8,1
579,CMA,2024,2023-12-29,689,7359821637.72,1
620,FIX,2024,2023-12-29,690,7345466001.049999,1
837,RRC,2024,2023-12-29,691,7345320608.08,1
1175,GMED,2024,2023-12-29,692,7342999308.26,1
1547,ELAN,2024,2023-12-29,693,7342691883.7,1
774,RMBS,2024,2023-12-29,694,7337505698.25,1
124,FOXA,2024,2023-12-29,695,7335211471.47,1
749,VFC,2024,2023-12-29,696,7311007995.2,1
1220,PVH,2024,2023-12-29,697,7282932354.84,1
927,GXO,2024,2023-12-29,698,7275282295.599999,1
1253,BRBR,2024,2023-12-29,699,7270688468.62,1
1089,QLYS,2024,2023-12-29,700,7220250873.92,1
992,CACI,2024,2023-12-29,701,7214963119.66,1
1025,PRI,2024,2023-12-29,702,7208589667.2,1
1400,WAL,2024,2023-12-29,703,7202274920.370001,1
1235,CGNX,2024,2023-12-29,704,7185210920.08,1
1507,ACHC,2024,2023-12-29,705,7170753173.76,1
604,STAG,2024,2023-12-29,706,7128473612.5199995,1
1436,SPSC,2024,2023-12-29,707,7113464334.72,1
1589,APLS,2024,2023-12-29,708,7093406707.7,1
1240,OSK,2024,2023-12-29,709,7091477860.23,1
489,HAS,2024,2023-12-29,710,7085297294.76,1
986,EXP,2024,2023-12-29,711,7076456564.76,1
1111,INGR,2024,2023-12-29,712,7075338552.04,1
947,FCN,2024,2023-12-29,713,7071760937.150001,1
950,WFRD,2024,2023-12-29,714,7055362148.849999,1
1194,SF,2024,2023-12-29,715,7053021878.700001,1
856,BWXT,2024,2023-12-29,716,7021776223.240001,1
747,OGE,2024,2023-12-29,717,6996037624.5199995,1
534,BRX,2024,2023-12-29,718,6994878088.38,1
1415,CBSH,2024,2023-12-29,719,6970143527.2962,1
1243,FR,2024,2023-12-29,720,6966922827.91,1
1361,HRB,2024,2023-12-29,721,6961946533.08,1
1439,LSTR,2024,2023-12-29,722,6961009515.6,1
543,CFR,2024,2023-12-29,723,6948479643.099999,1
881,WTS,2024,2023-12-29,724,6943189883.3,1
1109,FN,2024,2023-12-29,725,6908335874.93,1
1014,MKSI,2024,2023-12-29,726,6879790780.650001,1
919,ALTR,2024,2023-12-29,727,6871837945.5,1
1191,CHRD,2024,2023-12-29,728,6861713252.669999,1
748,AR,2024,2023-12-29,729,6816337920.0,1
671,MTDR,2024,2023-12-29,730,6774011323.76,1
1263,PNFP,2024,2023-12-29,731,6696245636.78,1
644,AIT,2024,2023-12-29,732,6693465954.21,1
1093,EHC,2024,2023-12-29,733,6688065909.12,1
710,MTSI,2024,2023-12-29,734,6684932768.8,1
683,WHR,2024,2023-12-29,735,6679451149.469999,1
1274,FLR,2024,2023-12-29,736,6673592275.3,1
1508,WH,2024,2023-12-29,737,6670966941.87,1
1075,MAT,2024,2023-12-29,738,6669031865.599999,1
797,LFUS,2024,2023-12-29,739,6663024204.96,1
741,BC,2024,2023-12-29,740,6657623694.0,1
1362,FAF,2024,2023-12-29,741,6649001554.32,1
667,MSA,2024,2023-12-29,742,6636908714.190001,1
642,ARW,2024,2023-12-29,743,6620986527.75,1
1370,OLN,2024,2023-12-29,744,6611550758.150001,1
1168,COHR,2024,2023-12-29,745,6594025563.72,1
133,MHK,2024,2023-12-29,746,6591103146.0,1
866,MUR,2024,2023-12-29,747,6589824195.059999,1
1449,STWD,2024,2023-12-29,748,6584011528.96,1
588,PSN,2024,2023-12-29,749,6577585239.27,1
1523,RHP,2024,2023-12-29,750,6571517399.940001,1
1438,HR,2024,2023-12-29,751,6562460363.940001,1
1360,PPC,2024,2023-12-29,752,6549609436.14,1
539,CIEN,2024,2023-12-29,753,6518813468.37,1
294,FOX,2024,2023-12-29,754,6513815341.25,1
916,ZION,2024,2023-12-29,755,6499287812.129999,1
922,SAIC,2024,2023-12-29,756,6472415718.719999,1
1280,CNXC,2024,2023-12-29,757,6455736140.0,1
1239,EVR,2024,2023-12-29,758,6443901137.85,1
600,PLNT,2024,2023-12-29,759,6434724576.0,1
557,SSB,2024,2023-12-29,760,6423711038.1,1
1457,CAR,2024,2023-12-29,761,6420594019.36,1
939,CIVI,2024,2023-12-29,762,6412255657.86,1
731,AN,2024,2023-12-29,763,6385724034.42,1
1237,MTH,2024,2023-12-29,764,6349573625.2,1
1326,PB,2024,2023-12-29,765,6347313834.42,1
1125,ENSG,2024,2023-12-29,766,6334505625.98,1
844,ADC,2024,2023-12-29,767,6327716185.150001,1
1372,AYI,2024,2023-12-29,768,6326036494.58,1
1184,THO,2024,2023-12-29,769,6305484600.25,1
1501,G,2024,2023-12-29,770,6296824369.29,1
1594,ADT,2024,2023-12-29,771,6286821136.42,1
1471,DV,2024,2023-12-29,772,6252086992.56,1
806,FYBR,2024,2023-12-29,773,6228293260.0,1
973,HXL,2024,2023-12-29,774,6203207932.5,1
825,APPF,2024,2023-12-29,775,6195427589.92,1
1210,MASI,2024,2023-12-29,776,6193523967.389999,1
629,FOUR,2024,2023-12-29,777,6128173742.04,1
1116,BYD,2024,2023-12-29,778,6127147521.03,1
848,HLNE,2024,2023-12-29,779,6126847095.5199995,1
915,RLI,2024,2023-12-29,780,6073702635.52,1
1231,AA,2024,2023-12-29,781,6068044872.0,1
1346,NOVT,2024,2023-12-29,782,6030824411.7,1
1188,SIGI,2024,2023-12-29,783,6027343383.12,1
1031,AM,2024,2023-12-29,784,6010803890.0,1
737,INSP,2024,2023-12-29,785,6006105768.27,1
926,AAON,2024,2023-12-29,786,6001557586.59,1
1060,MTZ,2024,2023-12-29,787,5968486494.96,1
1320,OPCH,2024,2023-12-29,788,5967527858.91,1
1599,LYFT,2024,2023-12-29,789,5890924492.07,1
555,CMC,2024,2023-12-29,790,5840079528.96,1
647,CPRI,2024,2023-12-29,791,5838927767.04,1
1049,GTLS,2024,2023-12-29,792,5828192433.59,1
1229,ALGM,2024,2023-12-29,793,5826183106.53,1
640,ATI,2024,2023-12-29,794,5800935829.639999,1
1131,NSIT,2024,2023-12-29,795,5772288684.89,1
746,TMHC,2024,2023-12-29,796,5732379448.95,1
730,MSM,2024,2023-12-29,797,5711103288.88,1
625,CHX,2024,2023-12-29,798,5690108000.0,1
1324,HQY,2024,2023-12-29,799,5688615847.2,1
890,ST,2024,2023-12-29,800,5686407537.85,1
1180,WTFC,2024,2023-12-29,801,5679681108.5,1
1088,CROX,2024,2023-12-29,802,5657528254.429999,1
648,TKR,2024,2023-12-29,803,5654694229.1,1
1126,CHH,2024,2023-12-29,804,5642179793.8,1
1363,OZK,2024,2023-12-29,805,5637879613.08,1
1559,REYN,2024,2023-12-29,806,5636647760.04,1
1293,ESNT,2024,2023-12-29,807,5630521028.76,1
1591,BROS,2024,2023-12-29,808,5609244211.280001,1
1519,ESI,2024,2023-12-29,809,5588687505.96,1
690,VNOM,2024,2023-12-29,810,5581065392.22,1
1565,RRR,2024,2023-12-29,811,5566828211.49,1
1490,COLB,2024,2023-12-29,812,5564801970.48,1
704,M,2024,2023-12-29,813,5514355258.76,1
967,VLY,2024,2023-12-29,814,5513449097.94,1
1309,SNV,2024,2023-12-29,815,5506007158.5,1
819,SON,2024,2023-12-29,816,5472822056.679999,1
636,WOLF,2024,2023-12-29,817,5452904455.65,1
963,FLS,2024,2023-12-29,818,5408419769.82,1
1252,CADE,2024,2023-12-29,819,5405060812.03,1
1342,VNO,2024,2023-12-29,820,5376589607.0,1
882,PBF,2024,2023-12-29,821,5371962026.4800005,1
816,GME,2024,2023-12-29,822,5355665941.950001,1
1387,MLI,2024,2023-12-29,823,5352911681.5,1
614,PII,2024,2023-12-29,824,5351918063.309999,1
1304,TRNO,2024,2023-12-29,825,5351134666.35,1
1270,MTG,2024,2023-12-29,826,5349337523.28,1
1029,VNT,2024,2023-12-29,827,5332021862.25,1
1391,POST,2024,2023-12-29,828,5330150717.5,1
1356,NXST,2024,2023-12-29,829,5318686758.0,1
938,SEDG,2024,2023-12-29,830,5317531034.4,1
1209,DTM,2024,2023-12-29,831,5314011950.8,1
695,RH,2024,2023-12-29,832,5310594792.72,1
822,SEE,2024,2023-12-29,833,5274788623.280001,1
966,NEU,2024,2023-12-29,834,5234592120.33,1
1464,MARA,2024,2023-12-29,835,5229462729.87,1
902,ESAB,2024,2023-12-29,836,5220680256.64,1
1325,DOCS,2024,2023-12-29,837,5212854207.28,1
869,IBP,2024,2023-12-29,838,5193747822.78,1
1604,RITM,2024,2023-12-29,839,5160726171.48,1
1176,UGI,2024,2023-12-29,840,5153602657.8,1
1055,ACAD,2024,2023-12-29,841,5140487603.87,1
675,HOG,2024,2023-12-29,842,5130692137.68,1
1174,BCC,2024,2023-12-29,843,5121339762.000001,1
624,AMG,2024,2023-12-29,844,5119303663.12,1
1130,MMS,2024,2023-12-29,845,5115281713.64,1
892,HOMB,2024,2023-12-29,846,5110869688.65,1
1413,LPX,2024,2023-12-29,847,5107884413.49,1
751,R,2024,2023-12-29,848,5099717279.58,1
794,IRDM,2024,2023-12-29,849,5097689296.559999,1
1262,IPGP,2024,2023-12-29,850,5092963157.16,1
787,EXLS,2024,2023-12-29,851,5087867361.95,1
1447,ZWS,2024,2023-12-29,852,5082358304.91,1
1331,UBSI,2024,2023-12-29,853,5066734713.25,1
1546,KNTK,2024,2023-12-29,854,5049598238.4,1
1057,KRG,2024,2023-12-29,855,5015194706.7,1
1442,ALK,2024,2023-12-29,856,5003033718.39,1
587,VAL,2024,2023-12-29,857,4998421395.48,1
1383,JHG,2024,2023-12-29,858,4994585835.75,1
523,IDA,2024,2023-12-29,859,4976490101.839999,1
1574,CWST,2024,2023-12-29,860,4955203593.04,1
1455,RYN,2024,2023-12-29,861,4954461078.19,1
1037,KBH,2024,2023-12-29,862,4954244315.58,1
889,ONB,2024,2023-12-29,863,4942368690.0,1
1278,FNB,2024,2023-12-29,864,4941069023.34,1
983,QDEL,2024,2023-12-29,865,4924539516.6,1
717,ASO,2024,2023-12-29,866,4893991344.0,1
541,FCFS,2024,2023-12-29,867,4889246581.68,1
1007,SFM,2024,2023-12-29,868,4886090184.22,1
883,VVV,2024,2023-12-29,869,4884914767.04,1
551,HALO,2024,2023-12-29,870,4882346145.6,1
689,VMI,2024,2023-12-29,871,4878166107.59,1
693,SLGN,2024,2023-12-29,872,4819054229.0,1
900,COLM,2024,2023-12-29,873,4812788264.42,1
809,BCPC,2024,2023-12-29,874,4795857080.0,1
596,KD,2024,2023-12-29,875,4768259821.22,1
720,SHC,2024,2023-12-29,876,4762191163.85,1
1381,SIG,2024,2023-12-29,877,4753469522.12,1
878,FLO,2024,2023-12-29,878,4752316287.26,1
592,CC,2024,2023-12-29,879,4681743225.04,1
1195,EEFT,2024,2023-12-29,880,4680864438.15,1
1090,FSS,2024,2023-12-29,881,4675677109.62,1
1453,OLLI,2024,2023-12-29,882,4674237522.08,1
941,KRC,2024,2023-12-29,883,4670823990.72,1
678,BLKB,2024,2023-12-29,884,4669021720.5,1
761,POWI,2024,2023-12-29,885,4668576140.13,1
1181,AL,2024,2023-12-29,886,4656482948.88,1
987,FIZZ,2024,2023-12-29,887,4643487331.12,1
893,KEX,2024,2023-12-29,888,4638168000.0,1
602,ABG,2024,2023-12-29,889,4629291378.84,1
1085,ALKS,2024,2023-12-29,890,4629286873.639999,1
957,NFG,2024,2023-12-29,891,4621438698.77,1
1347,CBT,2024,2023-12-29,892,4618306343.0,1
1529,ACT,2024,2023-12-29,893,4613830561.53,1
1260,SPXC,2024,2023-12-29,894,4610916500.190001,1
857,IPAR,2024,2023-12-29,895,4605555728.049999,1
934,GBCI,2024,2023-12-29,896,4581661759.68,1
954,LNC,2024,2023-12-29,897,4575780687.84,1
1255,ORA,2024,2023-12-29,898,4574235874.780001,1
1512,AVT,2024,2023-12-29,899,4560462295.2,1
1477,ASGN,2024,2023-12-29,900,4539224000.0,1
697,SWX,2024,2023-12-29,901,4530863648.85,1
1376,BMI,2024,2023-12-29,902,4530276939.38,1
531,PTEN,2024,2023-12-29,903,4506661400.400001,1
1339,SM,2024,2023-12-29,904,4503673704.64,1
733,AMR,2024,2023-12-29,905,4502075678.4800005,1
1157,SATS,2024,2023-12-29,906,4497297701.64,1
1434,YETI,2024,2023-12-29,907,4497242178.18,1
1451,IAC,2024,2023-12-29,908,4496883608.8479,1
1230,SNDR,2024,2023-12-29,909,4490567369.75,1
1440,CRUS,2024,2023-12-29,910,4483748581.53,1
1317,SYNA,2024,2023-12-29,911,4471929725.6,1
1121,FELE,2024,2023-12-29,912,4458283377.900001,1
713,EXPO,2024,2023-12-29,913,4456799441.52,1
1269,ANF,2024,2023-12-29,914,4446774797.96,1
1584,INSM,2024,2023-12-29,915,4433493394.349999,1
535,DXC,2024,2023-12-29,916,4428628217.2,1
694,MGY,2024,2023-12-29,917,4408099460.57,1
824,FUL,2024,2023-12-29,918,4403710071.67,1
1335,MMSI,2024,2023-12-29,919,4386725093.5199995,1
1341,POR,2024,2023-12-29,920,4382709956.02,1
1281,RDN,2024,2023-12-29,921,4372727649.900001,1
1246,NSP,2024,2023-12-29,922,4370036269.14,1
1016,PECO,2024,2023-12-29,923,4363008000.0,1
1214,PRGO,2024,2023-12-29,924,4360598816.0199995,1
1041,NJR,2024,2023-12-29,925,4359332780.04,1
1177,NEOG,2024,2023-12-29,926,4354223152.559999,1
617,MSGS,2024,2023-12-29,927,4351897400.400001,1
1514,AWI,2024,2023-12-29,928,4343805621.2,1
1196,WU,2024,2023-12-29,929,4343159375.36,1
1393,THG,2024,2023-12-29,930,4342274493.440001,1
1491,HAE,2024,2023-12-29,931,4338989208.27,1
1497,HGV,2024,2023-12-29,932,4338797923.6,1
653,SLM,2024,2023-12-29,933,4326302609.84,1
702,FFIN,2024,2023-12-29,934,4324092214.2,1
673,COOP,2024,2023-12-29,935,4288825536.1600003,1
1186,AGO,2024,2023-12-29,936,4284509357.5899997,1
1027,ASH,2024,2023-12-29,937,4282181031.9300003,1
1316,SKY,2024,2023-12-29,938,4278688842.5400004,1
1430,RUN,2024,2023-12-29,939,4276962767.74,1
895,GATX,2024,2023-12-29,940,4267810000.0,1
768,TDC,2024,2023-12-29,941,4255278000.0,1
905,ACLS,2024,2023-12-29,942,4247017957.71,1
613,LNTH,2024,2023-12-29,943,4246327486.0,1
888,CRVL,2024,2023-12-29,944,4228738908.9700003,1
598,MOGa,2024,2023-12-29,945,4224480748.38,1
639,SAM,2024,2023-12-29,946,4213105660.68,1
1084,GPI,2024,2023-12-29,947,4212342701.82,1
946,SLAB,2024,2023-12-29,948,4203452640.4500003,1
863,HWC,2024,2023-12-29,949,4186085107.3500004,1
1525,FRPT,2024,2023-12-29,950,4185467070.48,1
685,AEO,2024,2023-12-29,951,4179911486.0,1
965,GOLF,2024,2023-12-29,952,4129911772.63,1
533,NVST,2024,2023-12-29,953,4123941022.2,1
1536,PEGA,2024,2023-12-29,954,4082542202.34,1
1446,ENS,2024,2023-12-29,955,4078696265.7599998,1
1349,JXN,2024,2023-12-29,956,4070403328.0,1
1355,AEIS,2024,2023-12-29,957,4060609160.44,1
1294,GT,2024,2023-12-29,958,4060413947.2000003,1
752,UMBF,2024,2023-12-29,959,4054748172.9,1
585,MDU,2024,2023-12-29,960,4029921946.3208,1
1006,ACA,2024,2023-12-29,961,4029523590.2400002,1
544,WEN,2024,2023-12-29,962,4017933540.56,1
918,MC,2024,2023-12-29,963,3993903095.34,1
811,EPRT,2024,2023-12-29,964,3987979114.3199997,1
989,LOPE,2024,2023-12-29,965,3962591173.4399996,1
615,BCO,2024,2023-12-29,966,3962247850.9500003,1
659,SMPL,2024,2023-12-29,967,3952575396.0,1
1251,PENN,2024,2023-12-29,968,3948766265.7599998,1
962,PCH,2024,2023-12-29,969,3896772400.0,1
952,GKOS,2024,2023-12-29,970,3879078693.6899996,1
1287,MAN,2024,2023-12-29,971,3878835733.35,1
792,TEX,2024,2023-12-29,972,3867058000.0,1
1003,KWR,2024,2023-12-29,973,3838340772.72,1
1000,MHO,2024,2023-12-29,974,3835855420.28,1
1510,VRRM,2024,2023-12-29,975,3830202944.96,1
1517,MATX,2024,2023-12-29,976,3828862848.0,1
742,BL,2024,2023-12-29,977,3825687061.2799997,1
1352,TDW,2024,2023-12-29,978,3810424938.18,1
682,APLE,2024,2023-12-29,979,3800487625.22,1
1154,AVNT,2024,2023-12-29,980,3789580894.52,1
1458,CRC,2024,2023-12-29,981,3752133452.68,1
1079,NOG,2024,2023-12-29,982,3725818140.66,1
1488,CNS,2024,2023-12-29,983,3721268298.44,1
1155,WD,2024,2023-12-29,984,3713305036.8500004,1
714,DIOD,2024,2023-12-29,985,3698946521.16,1
1048,CCOI,2024,2023-12-29,986,3698329726.76,1
1419,CUZ,2024,2023-12-29,987,3695691396.9,1
750,OGN,2024,2023-12-29,988,3685845167.62,1
692,BOX,2024,2023-12-29,989,3677375062.5299997,1
745,BKH,2024,2023-12-29,990,3668149139.8500004,1
676,BXMT,2024,2023-12-29,991,3664769079.93,1
1043,ABCB,2024,2023-12-29,992,3663211836.0499997,1
1054,EPR,2024,2023-12-29,993,3649711077.3,1
953,AAP,2024,2023-12-29,994,3631406449.7000003,1
1321,AZTA,2024,2023-12-29,995,3629497357.68,1
860,SFBS,2024,2023-12-29,996,3627015377.1,1
788,SMG,2024,2023-12-29,997,3613291860.0,1
932,WHD,2024,2023-12-29,998,3606103749.2,1
729,HP,2024,2023-12-29,999,3601241593.6,1
1395,NWL,2024,2023-12-29,1000,3595256000.0,1
