date,gross_pnl,trade_cost,borrow_cost,net_pnl,gross_long,gross_short,gross_notional,turnover_$,n_long,n_short
2013-01-02,0.0,0.0,0.0,0.0,0.0,0.0,0.0,0.0,0,0
2013-01-03,0.0,0.0,0.0,0.0,0.0,0.0,0.0,0.0,0,0
2013-01-04,0.0,0.0,0.0,0.0,0.0,0.0,0.0,0.0,0,0
2013-01-07,0.0,0.0,0.0,0.0,0.0,0.0,0.0,0.0,0,0
2013-01-08,0.0,0.0,0.0,0.0,0.0,0.0,0.0,0.0,0,0
2013-01-09,0.0,0.0,0.0,0.0,0.0,0.0,0.0,0.0,0,0
2013-01-10,0.0,0.0,0.0,0.0,0.0,0.0,0.0,0.0,0,0
2013-01-11,0.0,0.0,0.0,0.0,0.0,0.0,0.0,0.0,0,0
2013-01-14,0.0,0.0,0.0,0.0,0.0,0.0,0.0,0.0,0,0
2013-01-15,0.0,0.0,0.0,0.0,0.0,0.0,0.0,0.0,0,0
2013-01-16,0.0,0.0,0.0,0.0,0.0,0.0,0.0,0.0,0,0
2013-01-17,0.0,0.0,0.0,0.0,0.0,0.0,0.0,0.0,0,0
2013-01-18,0.0,0.0,0.0,0.0,0.0,0.0,0.0,0.0,0,0
2013-01-22,0.0,0.0,0.0,0.0,0.0,0.0,0.0,0.0,0,0
2013-01-23,0.0,0.0,0.0,0.0,0.0,0.0,0.0,0.0,0,0
2013-01-24,0.0,0.0,0.0,0.0,0.0,0.0,0.0,0.0,0,0
2013-01-25,0.0,0.0,0.0,0.0,0.0,0.0,0.0,0.0,0,0
2013-01-28,0.0,0.0,0.0,0.0,0.0,0.0,0.0,0.0,0,0
2013-01-29,0.0,0.0,0.0,0.0,0.0,0.0,0.0,0.0,0,0
2013-01-30,0.0,0.0,0.0,0.0,0.0,0.0,0.0,0.0,0,0
2013-01-31,0.0,0.0,0.0,0.0,0.0,0.0,0.0,0.0,0,0
2013-02-01,0.0,0.0,0.0,0.0,0.0,0.0,0.0,0.0,0,0
2013-02-04,0.0,0.0,0.0,0.0,0.0,0.0,0.0,0.0,0,0
2013-02-05,0.0,0.0,0.0,0.0,0.0,0.0,0.0,0.0,0,0
2013-02-06,0.0,0.0,0.0,0.0,0.0,0.0,0.0,0.0,0,0
2013-02-07,0.0,0.0,0.0,0.0,0.0,0.0,0.0,0.0,0,0
2013-02-08,0.0,0.0,0.0,0.0,0.0,0.0,0.0,0.0,0,0
2013-02-11,0.0,0.0,0.0,0.0,0.0,0.0,0.0,0.0,0,0
2013-02-12,0.0,0.0,0.0,0.0,0.0,0.0,0.0,0.0,0,0
2013-02-13,0.0,0.0,0.0,0.0,0.0,0.0,0.0,0.0,0,0
2013-02-14,0.0,0.0,0.0,0.0,0.0,0.0,0.0,0.0,0,0
2013-02-15,0.0,0.0,0.0,0.0,0.0,0.0,0.0,0.0,0,0
2013-02-19,0.0,0.0,0.0,0.0,0.0,0.0,0.0,0.0,0,0
2013-02-20,0.0,0.0,0.0,0.0,0.0,0.0,0.0,0.0,0,0
2013-02-21,0.0,0.0,0.0,0.0,0.0,0.0,0.0,0.0,0,0
2013-02-22,0.0,0.0,0.0,0.0,0.0,0.0,0.0,0.0,0,0
2013-02-25,0.0,0.0,0.0,0.0,0.0,0.0,0.0,0.0,0,0
2013-02-26,0.0,0.0,0.0,0.0,0.0,0.0,0.0,0.0,0,0
2013-02-27,0.0,0.0,0.0,0.0,0.0,0.0,0.0,0.0,0,0
2013-02-28,0.0,0.0,0.0,0.0,0.0,0.0,0.0,0.0,0,0
2013-03-01,0.0,0.0,0.0,0.0,0.0,0.0,0.0,0.0,0,0
2013-03-04,0.0,0.0,0.0,0.0,0.0,0.0,0.0,0.0,0,0
2013-03-05,0.0,0.0,0.0,0.0,0.0,0.0,0.0,0.0,0,0
2013-03-06,0.0,0.0,0.0,0.0,0.0,0.0,0.0,0.0,0,0
2013-03-07,0.0,0.0,0.0,0.0,0.0,0.0,0.0,0.0,0,0
2013-03-08,0.0,0.0,0.0,0.0,0.0,0.0,0.0,0.0,0,0
2013-03-11,0.0,0.0,0.0,0.0,0.0,0.0,0.0,0.0,0,0
2013-03-12,0.0,0.0,0.0,0.0,0.0,0.0,0.0,0.0,0,0
2013-03-13,0.0,0.0,0.0,0.0,0.0,0.0,0.0,0.0,0,0
2013-03-14,0.0,0.0,0.0,0.0,0.0,0.0,0.0,0.0,0,0
2013-03-15,0.0,0.0,0.0,0.0,0.0,0.0,0.0,0.0,0,0
2013-03-18,0.0,0.0,0.0,0.0,0.0,0.0,0.0,0.0,0,0
2013-03-19,0.0,0.0,0.0,0.0,0.0,0.0,0.0,0.0,0,0
2013-03-20,0.0,0.0,0.0,0.0,0.0,0.0,0.0,0.0,0,0
2013-03-21,0.0,0.0,0.0,0.0,0.0,0.0,0.0,0.0,0,0
2013-03-22,0.0,0.0,0.0,0.0,0.0,0.0,0.0,0.0,0,0
2013-03-25,0.0,0.0,0.0,0.0,0.0,0.0,0.0,0.0,0,0
2013-03-26,0.0,0.0,0.0,0.0,0.0,0.0,0.0,0.0,0,0
2013-03-27,0.0,0.0,0.0,0.0,0.0,0.0,0.0,0.0,0,0
2013-03-28,0.0,0.0,0.0,0.0,0.0,0.0,0.0,0.0,0,0
2013-04-01,0.0,0.0,0.0,0.0,0.0,0.0,0.0,0.0,0,0
2013-04-02,0.0,0.0,0.0,0.0,0.0,0.0,0.0,0.0,0,0
2013-04-03,0.0,0.0,0.0,0.0,0.0,0.0,0.0,0.0,0,0
2013-04-04,0.0,0.0,0.0,0.0,0.0,0.0,0.0,0.0,0,0
2013-04-05,-69598.2624970001,123330.82884996198,5537.431574741563,-198466.52292170364,267795955.04109126,348858189.20871854,616654144.2498097,616654144.2498097,30,30
2013-04-08,644053.41228448,281218.1806674877,5159.319180280826,357675.9124367114,372923244.12193626,325037108.357692,697960352.4796283,979073069.7272075,30,30
2013-04-09,0.0,139592.07049592573,0.0,-139592.07049592573,0.0,0.0,0.0,697960352.4796283,0,0
2013-04-10,0.0,0.0,0.0,0.0,0.0,0.0,0.0,0.0,0,0
2013-04-11,0.0,0.0,0.0,0.0,0.0,0.0,0.0,0.0,0,0
2013-04-12,0.0,0.0,0.0,0.0,0.0,0.0,0.0,0.0,0,0
2013-04-15,0.0,0.0,0.0,0.0,0.0,0.0,0.0,0.0,0,0
2013-04-16,0.0,0.0,0.0,0.0,0.0,0.0,0.0,0.0,0,0
2013-04-17,-652698.0436770482,109937.4503065851,5622.179549729848,-768257.673533363,195489939.89994502,354197311.6329805,549687251.5329256,549687251.5329255,29,29
2013-04-18,716287.3815273646,201060.45608412081,4588.268864471667,510638.6565787722,166554090.42596376,289060938.461715,455615028.88767874,586302767.1172957,29,29
2013-04-19,0.0,91123.00577753573,0.0,-91123.00577753573,0.0,0.0,0.0,455615028.88767874,0,0
2013-04-22,0.0,0.0,0.0,0.0,0.0,0.0,0.0,0.0,0,0
2013-04-23,0.0,0.0,0.0,0.0,0.0,0.0,0.0,0.0,0,0
2013-04-24,0.0,0.0,0.0,0.0,0.0,0.0,0.0,0.0,0,0
2013-04-25,0.0,0.0,0.0,0.0,0.0,0.0,0.0,0.0,0,0
2013-04-26,0.0,0.0,0.0,0.0,0.0,0.0,0.0,0.0,0,0
2013-04-29,0.0,0.0,0.0,0.0,0.0,0.0,0.0,0.0,0,0
2013-04-30,0.0,0.0,0.0,0.0,0.0,0.0,0.0,0.0,0,0
2013-05-01,0.0,0.0,0.0,0.0,0.0,0.0,0.0,0.0,0,0
2013-05-02,0.0,0.0,0.0,0.0,0.0,0.0,0.0,0.0,0,0
2013-05-03,-57915.87299064126,100720.7204147873,4615.187494072818,-163251.7808995014,212846789.947349,290756812.1265875,503603602.0739365,503603602.0739365,29,29
2013-05-06,0.0,100720.7204147873,0.0,-100720.7204147873,0.0,0.0,0.0,503603602.0739365,0,0
2013-05-07,0.0,0.0,0.0,0.0,0.0,0.0,0.0,0.0,0,0
2013-05-08,0.0,0.0,0.0,0.0,0.0,0.0,0.0,0.0,0,0
2013-05-09,0.0,0.0,0.0,0.0,0.0,0.0,0.0,0.0,0,0
2013-05-10,0.0,0.0,0.0,0.0,0.0,0.0,0.0,0.0,0,0
2013-05-13,0.0,0.0,0.0,0.0,0.0,0.0,0.0,0.0,0,0
2013-05-14,0.0,0.0,0.0,0.0,0.0,0.0,0.0,0.0,0,0
2013-05-15,0.0,0.0,0.0,0.0,0.0,0.0,0.0,0.0,0,0
2013-05-16,0.0,0.0,0.0,0.0,0.0,0.0,0.0,0.0,0,0
2013-05-17,0.0,0.0,0.0,0.0,0.0,0.0,0.0,0.0,0,0
2013-05-20,0.0,0.0,0.0,0.0,0.0,0.0,0.0,0.0,0,0
2013-05-21,0.0,0.0,0.0,0.0,0.0,0.0,0.0,0.0,0,0
2013-05-22,0.0,0.0,0.0,0.0,0.0,0.0,0.0,0.0,0,0
2013-05-23,633745.6413105099,116726.51793786597,6386.750200704335,510632.3731719396,181267327.04495677,402365262.64437306,583632589.6893299,583632589.6893297,30,30
2013-05-24,1445199.228368386,242432.92621344453,6126.350128463794,1196639.9520264778,242571983.2846735,385960058.09321904,628532041.3778925,605107351.6545317,31,31
2013-05-28,2021409.9507122848,266183.03528126166,6516.262523218632,1748710.6529078046,272568169.342275,410524538.96277374,683092708.3050487,909946675.9078393,31,31
2013-05-29,-3863807.28108536,316246.997456932,6179.444950489342,-4186233.723492781,500000000.0,389305031.88082856,889305031.8808286,1175022659.6366112,31,31
2013-05-30,0.0,177861.00637616572,0.0,-177861.00637616572,0.0,0.0,0.0,889305031.8808285,0,0
2013-05-31,198924.1811393278,200000.00000000003,7936.507936507937,-9012.326797180176,500000000.0,500000000.0,1000000000.0,1000000000.0,31,31
2013-06-03,0.0,200000.00000000003,0.0,-200000.00000000003,0.0,0.0,0.0,1000000000.0,0,0
2013-06-04,64876.78308158203,166903.16774461415,7936.5079365079355,-109962.89259954006,334515838.7230705,500000000.00000006,834515838.7230706,834515838.7230705,31,31
2013-06-05,329342.98877905606,323437.99437319796,7792.66242376614,-1887.6680179080377,291736400.44565254,490937732.69726676,782674133.1429193,787975347.6728578,31,31
2013-06-06,228449.3068999467,292507.5728229358,6885.677503839167,-70943.94342682828,246066048.22989202,433797682.74186754,679863730.9717596,826421276.8424174,31,31
2013-06-07,0.0,135972.74619435193,0.0,-135972.74619435193,0.0,0.0,0.0,679863730.9717596,0,0
2013-06-10,0.0,0.0,0.0,0.0,0.0,0.0,0.0,0.0,0,0
2013-06-11,-1257358.0990952142,156363.5430053483,7721.764202895266,-1421443.4063034577,295346570.24434,486471144.7824018,781817715.0267417,781817715.0267417,31,31
2013-06-12,0.0,156363.5430053483,0.0,-156363.5430053483,0.0,0.0,0.0,781817715.0267417,0,0
2013-06-13,0.0,0.0,0.0,0.0,0.0,0.0,0.0,0.0,0,0
2013-06-14,0.0,0.0,0.0,0.0,0.0,0.0,0.0,0.0,0,0
2013-06-17,0.0,0.0,0.0,0.0,0.0,0.0,0.0,0.0,0,0
2013-06-18,0.0,0.0,0.0,0.0,0.0,0.0,0.0,0.0,0,0
2013-06-19,0.0,0.0,0.0,0.0,0.0,0.0,0.0,0.0,0,0
2013-06-20,7775255.904233637,158934.25627712382,4677.3219267558625,7611644.326029758,500000000.0,294671281.3856193,794671281.3856193,794671281.3856193,30,30
2013-06-21,0.0,158934.25627712382,0.0,-158934.25627712382,0.0,0.0,0.0,794671281.3856193,0,0
2013-06-24,1183931.703821048,154461.0065503799,7936.507936507937,1021534.1893341601,272305032.75189924,500000000.0,772305032.7518992,772305032.7518992,30,30
2013-06-25,0.0,154461.0065503799,0.0,-154461.0065503799,0.0,0.0,0.0,772305032.7518992,0,0
2013-06-26,0.0,0.0,0.0,0.0,0.0,0.0,0.0,0.0,0,0
2013-06-27,0.0,0.0,0.0,0.0,0.0,0.0,0.0,0.0,0,0
2013-06-28,0.0,0.0,0.0,0.0,0.0,0.0,0.0,0.0,0,0
2013-07-01,0.0,0.0,0.0,0.0,0.0,0.0,0.0,0.0,0,0
2013-07-02,0.0,0.0,0.0,0.0,0.0,0.0,0.0,0.0,0,0
2013-07-03,0.0,0.0,0.0,0.0,0.0,0.0,0.0,0.0,0,0
2013-07-05,0.0,0.0,0.0,0.0,0.0,0.0,0.0,0.0,0,0
2013-07-08,0.0,0.0,0.0,0.0,0.0,0.0,0.0,0.0,0,0
2013-07-09,0.0,0.0,0.0,0.0,0.0,0.0,0.0,0.0,0,0
2013-07-10,0.0,0.0,0.0,0.0,0.0,0.0,0.0,0.0,0,0
2013-07-11,0.0,0.0,0.0,0.0,0.0,0.0,0.0,0.0,0,0
2013-07-12,1872565.823694671,155731.7713073123,7936.507936507935,1708897.5444508507,278658856.5365615,500000000.0,778658856.5365615,778658856.5365615,30,30
2013-07-15,0.0,155731.7713073123,0.0,-155731.7713073123,0.0,0.0,0.0,778658856.5365615,0,0
2013-07-16,0.0,0.0,0.0,0.0,0.0,0.0,0.0,0.0,0,0
2013-07-17,0.0,0.0,0.0,0.0,0.0,0.0,0.0,0.0,0,0
2013-07-18,0.0,0.0,0.0,0.0,0.0,0.0,0.0,0.0,0,0
2013-07-19,0.0,0.0,0.0,0.0,0.0,0.0,0.0,0.0,0,0
2013-07-22,0.0,0.0,0.0,0.0,0.0,0.0,0.0,0.0,0,0
2013-07-23,0.0,0.0,0.0,0.0,0.0,0.0,0.0,0.0,0,0
2013-07-24,0.0,0.0,0.0,0.0,0.0,0.0,0.0,0.0,0,0
2013-07-25,8841476.873231005,170406.4336925317,5587.812197819973,8665482.627340654,500000000.0,352032168.4626583,852032168.4626583,852032168.4626583,27,27
2013-07-26,-172387.95268486388,374878.46522337163,7936.5079365079355,-555202.9258447434,499999999.99999994,500000000.0,1000000000.0,997893663.1309932,27,27
2013-07-29,-268202.86879573565,370511.8219122273,4616.860444298987,-643331.5511522619,500000000.0,290862207.99083626,790862207.9908363,1136114691.2443738,28,28
2013-07-30,0.0,158172.44159816726,0.0,-158172.44159816726,0.0,0.0,0.0,790862207.9908363,0,0
2013-07-31,0.0,0.0,0.0,0.0,0.0,0.0,0.0,0.0,0,0
2013-08-01,0.0,0.0,0.0,0.0,0.0,0.0,0.0,0.0,0,0
2013-08-02,594696.1756567959,82431.30421164648,2598.7959729115164,509666.07547223783,248432374.76480675,163724146.2934255,412156521.05823225,412156521.05823225,29,29
2013-08-05,0.0,82431.30421164648,0.0,-82431.30421164648,0.0,0.0,0.0,412156521.05823225,0,0
2013-08-06,0.0,0.0,0.0,0.0,0.0,0.0,0.0,0.0,0,0
2013-08-07,0.0,0.0,0.0,0.0,0.0,0.0,0.0,0.0,0,0
2013-08-08,0.0,0.0,0.0,0.0,0.0,0.0,0.0,0.0,0,0
2013-08-09,0.0,0.0,0.0,0.0,0.0,0.0,0.0,0.0,0,0
2013-08-12,0.0,0.0,0.0,0.0,0.0,0.0,0.0,0.0,0,0
2013-08-13,0.0,0.0,0.0,0.0,0.0,0.0,0.0,0.0,0,0
2013-08-14,0.0,0.0,0.0,0.0,0.0,0.0,0.0,0.0,0,0
2013-08-15,969822.4414047954,88905.09222896669,4660.0379594192855,876257.3112164094,150943069.70141825,293582391.44341505,444525461.1448333,444525461.14483327,30,30
2013-08-16,1376773.977162151,278685.5006199643,7125.429237380763,1090963.0473048056,500000000.0,448902041.954988,948902041.954988,901566528.7093573,30,30
2013-08-19,0.0,189780.4083909976,0.0,-189780.4083909976,0.0,0.0,0.0,948902041.954988,0,0
2013-08-20,939028.0709249832,173864.57489005866,5862.267848417352,759301.2281865072,500000000.0,369322874.45029324,869322874.4502933,869322874.4502933,30,30
2013-08-21,0.0,173864.57489005866,0.0,-173864.57489005866,0.0,0.0,0.0,869322874.4502933,0,0
2013-08-22,0.0,0.0,0.0,0.0,0.0,0.0,0.0,0.0,0,0
2013-08-23,0.0,0.0,0.0,0.0,0.0,0.0,0.0,0.0,0,0
2013-08-26,0.0,0.0,0.0,0.0,0.0,0.0,0.0,0.0,0,0
2013-08-27,3394796.53178281,196002.6598336905,7619.2587169595645,3191174.61323216,500000000.0,480013299.1684525,980013299.1684525,980013299.1684525,30,30
2013-08-28,-2917735.767809128,358947.1258308571,4995.59253945766,-3281678.4861794426,500000000.0,314722329.9858325,814722329.9858325,878156630.8216835,30,30
2013-08-29,0.0,162944.4659971665,0.0,-162944.4659971665,0.0,0.0,0.0,814722329.9858326,0,0
2013-08-30,0.0,0.0,0.0,0.0,0.0,0.0,0.0,0.0,0,0
2013-09-03,0.0,0.0,0.0,0.0,0.0,0.0,0.0,0.0,0,0
2013-09-04,0.0,0.0,0.0,0.0,0.0,0.0,0.0,0.0,0,0
2013-09-05,0.0,0.0,0.0,0.0,0.0,0.0,0.0,0.0,0,0
2013-09-06,0.0,0.0,0.0,0.0,0.0,0.0,0.0,0.0,0,0
2013-09-09,0.0,0.0,0.0,0.0,0.0,0.0,0.0,0.0,0,0
2013-09-10,0.0,0.0,0.0,0.0,0.0,0.0,0.0,0.0,0,0
2013-09-11,0.0,0.0,0.0,0.0,0.0,0.0,0.0,0.0,0,0
2013-09-12,0.0,0.0,0.0,0.0,0.0,0.0,0.0,0.0,0,0
2013-09-13,0.0,0.0,0.0,0.0,0.0,0.0,0.0,0.0,0,0
2013-09-16,0.0,0.0,0.0,0.0,0.0,0.0,0.0,0.0,0,0
2013-09-17,-47143.77918049542,161327.52368798797,4867.263784760945,-213338.56665324434,500000000.0,306637618.4399395,806637618.4399395,806637618.4399395,29,29
2013-09-18,0.0,161327.52368798797,0.0,-161327.52368798797,0.0,0.0,0.0,806637618.4399395,0,0
2013-09-19,0.0,0.0,0.0,0.0,0.0,0.0,0.0,0.0,0,0
2013-09-20,0.0,0.0,0.0,0.0,0.0,0.0,0.0,0.0,0,0
2013-09-23,0.0,0.0,0.0,0.0,0.0,0.0,0.0,0.0,0,0
2013-09-24,0.0,0.0,0.0,0.0,0.0,0.0,0.0,0.0,0,0
2013-09-25,0.0,0.0,0.0,0.0,0.0,0.0,0.0,0.0,0,0
2013-09-26,0.0,0.0,0.0,0.0,0.0,0.0,0.0,0.0,0,0
2013-09-27,-1927348.3578232003,110731.14455931146,4070.661565416515,-2042150.1639479282,297204044.17531675,256451678.6212405,553655722.7965572,553655722.7965573,31,31
2013-09-30,-719536.3599793094,261062.9539966592,4607.540610354024,-985206.8545863227,461383988.734435,290275058.4523035,751659047.1867385,824267075.3028493,30,30
2013-10-01,0.0,150331.8094373477,0.0,-150331.8094373477,0.0,0.0,0.0,751659047.1867385,0,0
2013-10-02,0.0,0.0,0.0,0.0,0.0,0.0,0.0,0.0,0,0
2013-10-03,0.0,0.0,0.0,0.0,0.0,0.0,0.0,0.0,0,0
2013-10-04,0.0,0.0,0.0,0.0,0.0,0.0,0.0,0.0,0,0
2013-10-07,0.0,0.0,0.0,0.0,0.0,0.0,0.0,0.0,0,0
2013-10-08,0.0,0.0,0.0,0.0,0.0,0.0,0.0,0.0,0,0
2013-10-09,0.0,0.0,0.0,0.0,0.0,0.0,0.0,0.0,0,0
2013-10-10,0.0,0.0,0.0,0.0,0.0,0.0,0.0,0.0,0,0
2013-10-11,0.0,0.0,0.0,0.0,0.0,0.0,0.0,0.0,0,0
2013-10-14,0.0,0.0,0.0,0.0,0.0,0.0,0.0,0.0,0,0
2013-10-15,1795060.3855472142,160324.33138556127,4787.6453480604205,1629948.4088135925,500000000.0,301621656.9278065,801621656.9278065,801621656.9278065,31,31
2013-10-16,0.0,160324.33138556127,0.0,-160324.33138556127,0.0,0.0,0.0,801621656.9278065,0,0
2013-10-17,0.0,0.0,0.0,0.0,0.0,0.0,0.0,0.0,0,0
2013-10-18,0.0,0.0,0.0,0.0,0.0,0.0,0.0,0.0,0,0
2013-10-21,0.0,0.0,0.0,0.0,0.0,0.0,0.0,0.0,0,0
2013-10-22,0.0,0.0,0.0,0.0,0.0,0.0,0.0,0.0,0,0
2013-10-23,0.0,0.0,0.0,0.0,0.0,0.0,0.0,0.0,0,0
2013-10-24,0.0,0.0,0.0,0.0,0.0,0.0,0.0,0.0,0,0
2013-10-25,0.0,0.0,0.0,0.0,0.0,0.0,0.0,0.0,0,0
2013-10-28,0.0,0.0,0.0,0.0,0.0,0.0,0.0,0.0,0,0
2013-10-29,0.0,0.0,0.0,0.0,0.0,0.0,0.0,0.0,0,0
2013-10-30,0.0,0.0,0.0,0.0,0.0,0.0,0.0,0.0,0,0
2013-10-31,0.0,0.0,0.0,0.0,0.0,0.0,0.0,0.0,0,0
2013-11-01,0.0,0.0,0.0,0.0,0.0,0.0,0.0,0.0,0,0
2013-11-04,0.0,0.0,0.0,0.0,0.0,0.0,0.0,0.0,0,0
2013-11-05,0.0,0.0,0.0,0.0,0.0,0.0,0.0,0.0,0,0
2013-11-06,0.0,0.0,0.0,0.0,0.0,0.0,0.0,0.0,0,0
2013-11-07,0.0,0.0,0.0,0.0,0.0,0.0,0.0,0.0,0,0
2013-11-08,0.0,0.0,0.0,0.0,0.0,0.0,0.0,0.0,0,0
2013-11-11,0.0,0.0,0.0,0.0,0.0,0.0,0.0,0.0,0,0
2013-11-12,0.0,0.0,0.0,0.0,0.0,0.0,0.0,0.0,0,0
2013-11-13,-419587.9724441938,124548.73162383295,5886.60047345623,-550023.3045414829,251887828.291422,370855829.8277425,622743658.1191645,622743658.1191646,32,32
2013-11-14,0.0,124548.73162383295,0.0,-124548.73162383295,0.0,0.0,0.0,622743658.1191646,0,0
2013-11-15,0.0,0.0,0.0,0.0,0.0,0.0,0.0,0.0,0,0
2013-11-18,0.0,0.0,0.0,0.0,0.0,0.0,0.0,0.0,0,0
2013-11-19,0.0,0.0,0.0,0.0,0.0,0.0,0.0,0.0,0,0
2013-11-20,0.0,0.0,0.0,0.0,0.0,0.0,0.0,0.0,0,0
2013-11-21,0.0,0.0,0.0,0.0,0.0,0.0,0.0,0.0,0,0
2013-11-22,0.0,0.0,0.0,0.0,0.0,0.0,0.0,0.0,0,0
2013-11-25,0.0,0.0,0.0,0.0,0.0,0.0,0.0,0.0,0,0
2013-11-26,0.0,0.0,0.0,0.0,0.0,0.0,0.0,0.0,0,0
2013-11-27,0.0,0.0,0.0,0.0,0.0,0.0,0.0,0.0,0,0
2013-11-29,0.0,0.0,0.0,0.0,0.0,0.0,0.0,0.0,0,0
2013-12-02,0.0,0.0,0.0,0.0,0.0,0.0,0.0,0.0,0,0
2013-12-03,-1233613.7668599125,169036.1920211585,5479.062858822098,-1408129.0217398931,500000000.00000006,345180960.1057923,845180960.1057923,845180960.1057923,31,31
2013-12-04,680345.1833768189,305659.14650244213,5792.179248756385,368893.8576256204,318207479.734765,364907292.67165226,683114772.4064173,935044736.7346001,31,31
2013-12-05,2949334.0059069493,303029.20197436627,5270.337102625624,2641034.4668299574,500000000.0,332031237.4654143,832031237.4654143,889629052.584742,30,30
2013-12-06,0.0,166406.2474930829,0.0,-166406.2474930829,0.0,0.0,0.0,832031237.4654143,0,0
2013-12-09,0.0,0.0,0.0,0.0,0.0,0.0,0.0,0.0,0,0
2013-12-10,0.0,0.0,0.0,0.0,0.0,0.0,0.0,0.0,0,0
2013-12-11,333845.2343782196,132404.61350153037,5181.634712797869,196258.98616389133,335580080.6013863,326442986.9062658,662023067.507652,662023067.507652,30,30
2013-12-12,0.0,132404.61350153037,0.0,-132404.61350153037,0.0,0.0,0.0,662023067.507652,0,0
2013-12-13,0.0,0.0,0.0,0.0,0.0,0.0,0.0,0.0,0,0
2013-12-16,0.0,0.0,0.0,0.0,0.0,0.0,0.0,0.0,0,0
2013-12-17,0.0,0.0,0.0,0.0,0.0,0.0,0.0,0.0,0,0
2013-12-18,0.0,0.0,0.0,0.0,0.0,0.0,0.0,0.0,0,0
2013-12-19,0.0,0.0,0.0,0.0,0.0,0.0,0.0,0.0,0,0
2013-12-20,0.0,0.0,0.0,0.0,0.0,0.0,0.0,0.0,0,0
2013-12-23,0.0,0.0,0.0,0.0,0.0,0.0,0.0,0.0,0,0
2013-12-24,0.0,0.0,0.0,0.0,0.0,0.0,0.0,0.0,0,0
2013-12-26,0.0,0.0,0.0,0.0,0.0,0.0,0.0,0.0,0,0
2013-12-27,0.0,0.0,0.0,0.0,0.0,0.0,0.0,0.0,0,0
2013-12-30,0.0,0.0,0.0,0.0,0.0,0.0,0.0,0.0,0,0
2013-12-31,0.0,0.0,0.0,0.0,0.0,0.0,0.0,0.0,0,0
2014-01-02,0.0,0.0,0.0,0.0,0.0,0.0,0.0,0.0,0,0
2014-01-03,0.0,0.0,0.0,0.0,0.0,0.0,0.0,0.0,0,0
2014-01-06,0.0,0.0,0.0,0.0,0.0,0.0,0.0,0.0,0,0
2014-01-07,0.0,0.0,0.0,0.0,0.0,0.0,0.0,0.0,0,0
2014-01-08,1190734.1274379145,135935.9742948144,5582.4361510326025,1049215.7169920674,327986393.95901775,351693477.51505405,679679871.4740717,679679871.4740717,33,33
2014-01-09,0.0,135935.9742948144,0.0,-135935.9742948144,0.0,0.0,0.0,679679871.4740717,0,0
2014-01-10,0.0,0.0,0.0,0.0,0.0,0.0,0.0,0.0,0,0
2014-01-13,3588674.916922887,160079.15270109358,4768.186722309015,3423827.577499484,500000000.00000006,300395763.505468,800395763.5054681,800395763.5054681,34,34
2014-01-14,3891738.209817828,334389.9747089303,5897.684286336245,3551450.5508225616,500000000.0,371554110.0391835,871554110.0391835,1009918661.7457132,34,34
2014-01-15,0.0,174310.82200783674,0.0,-174310.82200783674,0.0,0.0,0.0,871554110.0391835,0,0
2014-01-16,0.0,0.0,0.0,0.0,0.0,0.0,0.0,0.0,0,0
2014-01-17,1568707.6768420178,179976.03534071328,7936.507936507936,1380795.1335647965,399880176.70356655,500000000.0,899880176.7035666,899880176.7035666,33,33
2014-01-21,0.0,179976.03534071328,0.0,-179976.03534071328,0.0,0.0,0.0,899880176.7035666,0,0
2014-01-22,0.0,0.0,0.0,0.0,0.0,0.0,0.0,0.0,0,0
2014-01-23,-5791119.282493492,192618.46886173723,7936.5079365079355,-5991674.259291737,463092344.30868655,500000000.0,963092344.3086865,963092344.3086865,32,32
2014-01-24,-1813688.888262213,344299.6288127282,7936.5079365079355,-2165925.025011449,258405799.75495476,500000000.0,758405799.7549548,1115398052.1309137,33,33
2014-01-27,4230876.589146238,327699.4733640999,6033.199477230874,3897143.9163049073,499999999.99999994,380091567.065545,880091567.065545,1310305959.8717496,33,33
2014-01-28,-593762.1314992803,354292.06027258484,6212.202131704428,-954266.3939035696,500000000.0,391368734.297379,891368734.297379,1195211373.6504931,33,33
2014-01-29,26868130.69278063,334446.4367905884,5825.593960441669,26527858.662029598,413851030.1477375,367012419.50782526,780863449.6555628,1191755932.99871,32,32
2014-01-30,0.0,156172.68993111257,0.0,-156172.68993111257,0.0,0.0,0.0,780863449.6555628,0,0
2014-01-31,2421873.0788081656,163924.05418922362,5073.337634065369,2252875.6869848766,500000000.0,319620270.94611824,819620270.9461182,819620270.9461182,33,33
2014-02-03,0.0,163924.05418922362,0.0,-163924.05418922362,0.0,0.0,0.0,819620270.9461182,0,0
2014-02-04,0.0,0.0,0.0,0.0,0.0,0.0,0.0,0.0,0,0
2014-02-05,-1377781.682635807,197941.142896795,7773.106579110715,-1583495.9321117126,500000000.0,489705714.48397505,989705714.483975,989705714.483975,34,34
2014-02-06,0.0,197941.142896795,0.0,-197941.142896795,0.0,0.0,0.0,989705714.483975,0,0
2014-02-07,0.0,0.0,0.0,0.0,0.0,0.0,0.0,0.0,0,0
2014-02-10,0.0,0.0,0.0,0.0,0.0,0.0,0.0,0.0,0,0
2014-02-11,0.0,0.0,0.0,0.0,0.0,0.0,0.0,0.0,0,0
2014-02-12,0.0,0.0,0.0,0.0,0.0,0.0,0.0,0.0,0,0
2014-02-13,1062651.1566489239,199999.99999999997,7936.5079365079355,854714.648712416,500000000.0,500000000.0,1000000000.0,1000000000.0,34,34
2014-02-14,0.0,199999.99999999997,0.0,-199999.99999999997,0.0,0.0,0.0,1000000000.0,0,0
2014-02-18,0.0,0.0,0.0,0.0,0.0,0.0,0.0,0.0,0,0
2014-02-19,0.0,0.0,0.0,0.0,0.0,0.0,0.0,0.0,0,0
2014-02-20,0.0,0.0,0.0,0.0,0.0,0.0,0.0,0.0,0,0
2014-02-21,0.0,0.0,0.0,0.0,0.0,0.0,0.0,0.0,0,0
2014-02-24,0.0,0.0,0.0,0.0,0.0,0.0,0.0,0.0,0,0
2014-02-25,0.0,0.0,0.0,0.0,0.0,0.0,0.0,0.0,0,0
2014-02-26,0.0,0.0,0.0,0.0,0.0,0.0,0.0,0.0,0,0
2014-02-27,0.0,0.0,0.0,0.0,0.0,0.0,0.0,0.0,0,0
2014-02-28,0.0,0.0,0.0,0.0,0.0,0.0,0.0,0.0,0,0
2014-03-03,0.0,0.0,0.0,0.0,0.0,0.0,0.0,0.0,0,0
2014-03-04,0.0,0.0,0.0,0.0,0.0,0.0,0.0,0.0,0,0
2014-03-05,0.0,0.0,0.0,0.0,0.0,0.0,0.0,0.0,0,0
2014-03-06,0.0,0.0,0.0,0.0,0.0,0.0,0.0,0.0,0,0
2014-03-07,0.0,0.0,0.0,0.0,0.0,0.0,0.0,0.0,0,0
2014-03-10,0.0,0.0,0.0,0.0,0.0,0.0,0.0,0.0,0,0
2014-03-11,0.0,0.0,0.0,0.0,0.0,0.0,0.0,0.0,0,0
2014-03-12,2343582.5931233424,184124.8673064987,6676.57677035704,2152781.1490464867,499999999.99999994,420624336.53249353,920624336.5324935,920624336.5324935,35,35
2014-03-13,0.0,184124.8673064987,0.0,-184124.8673064987,0.0,0.0,0.0,920624336.5324935,0,0
2014-03-14,2313065.5187786394,194514.90980683817,7501.183318003029,2111049.425653798,500000000.0,472574549.0341908,972574549.0341908,972574549.0341908,36,36
2014-03-17,0.0,194514.90980683817,0.0,-194514.90980683817,0.0,0.0,0.0,972574549.0341908,0,0
2014-03-18,0.0,0.0,0.0,0.0,0.0,0.0,0.0,0.0,0,0
2014-03-19,0.0,0.0,0.0,0.0,0.0,0.0,0.0,0.0,0,0
2014-03-20,0.0,0.0,0.0,0.0,0.0,0.0,0.0,0.0,0,0
2014-03-21,0.0,0.0,0.0,0.0,0.0,0.0,0.0,0.0,0,0
2014-03-24,0.0,0.0,0.0,0.0,0.0,0.0,0.0,0.0,0,0
2014-03-25,0.0,0.0,0.0,0.0,0.0,0.0,0.0,0.0,0,0
2014-03-26,0.0,0.0,0.0,0.0,0.0,0.0,0.0,0.0,0,0
2014-03-27,0.0,0.0,0.0,0.0,0.0,0.0,0.0,0.0,0,0
2014-03-28,0.0,0.0,0.0,0.0,0.0,0.0,0.0,0.0,0,0
2014-03-31,0.0,0.0,0.0,0.0,0.0,0.0,0.0,0.0,0,0
2014-04-01,-192171.40081750386,170062.73512013967,5560.534533344415,-367794.67047098797,500000000.0,350313675.60069823,850313675.6006982,850313675.6006982,35,35
2014-04-02,689843.4514058687,370062.73512013967,7936.507936507935,311844.20834922115,500000000.0,500000000.00000006,1000000000.0,1082949805.2409146,35,35
2014-04-03,0.0,199999.99999999997,0.0,-199999.99999999997,0.0,0.0,0.0,1000000000.0,0,0
2014-04-04,0.0,0.0,0.0,0.0,0.0,0.0,0.0,0.0,0,0
2014-04-07,3522290.2761328937,141495.12792396077,3293.264120949262,3377501.8840879835,499999999.99999994,207475639.61980352,707475639.6198034,707475639.6198034,35,35
2014-04-08,15262143.308294352,341495.12792396056,7936.507936507937,14912711.672433885,499999999.99999994,500000000.0,1000000000.0,1242356437.8573246,35,35
2014-04-09,2639727.9798295563,452246.7316542034,7936.5079365079355,2179544.740238845,500000000.0,500000000.0,1000000000.0,1278786346.5284686,35,35
2014-04-10,-3162038.7010558844,394366.58391259215,7489.411421634308,-3563894.696390111,499999999.99999994,471832919.5629613,971832919.5629612,1338187386.992839,35,35
2014-04-11,5548303.965708688,377878.4615721482,6627.926798377444,5163797.577338163,500000000.0,417559388.297779,917559388.2977791,1202287808.823731,35,35
2014-04-14,0.0,183511.87765955593,0.0,-183511.87765955593,0.0,0.0,0.0,917559388.297779,0,0
2014-04-15,5128853.536915397,195759.77987982664,7599.982530144967,4925493.774505425,500000000.00000006,478798899.399133,978798899.3991331,978798899.3991331,35,35
2014-04-16,0.0,195759.77987982664,0.0,-195759.77987982664,0.0,0.0,0.0,978798899.3991331,0,0
2014-04-17,2599818.0572696533,183392.53271697633,6618.454977537802,2409807.069575139,500000000.0,416962663.58488154,916962663.5848815,916962663.5848815,34,34
2014-04-21,2149692.5394931654,396844.6708545884,7936.507936507934,1744911.360702069,415433004.2929523,500000000.0,915433004.2929523,1511884758.5220094,34,34
2014-04-22,4965692.821910566,358408.6149875806,7936.507936507935,4599347.698986477,369834868.3703753,499999999.99999994,869834868.3703752,1151872361.333509,33,33
2014-04-23,0.0,173966.97367407507,0.0,-173966.97367407507,0.0,0.0,0.0,869834868.3703753,0,0
2014-04-24,2519738.995738518,163128.3085576383,7936.507936507935,2348674.1792443716,315641542.78819156,500000000.0,815641542.7881916,815641542.7881916,32,32
2014-04-25,2875469.5529072676,383070.44263337937,4229.799606268988,2488169.3106676196,500000000.0,266477375.19494626,766477375.1949463,1102432986.1407974,32,32
2014-04-28,0.0,153295.47503898927,0.0,-153295.47503898927,0.0,0.0,0.0,766477375.1949463,0,0
2014-04-29,-1676692.6373618604,200000.0,7936.5079365079355,-1884629.1452983683,500000000.0,500000000.0,1000000000.0,1000000000.0,33,33
2014-04-30,2963274.329631777,399999.9999999998,7936.507936507938,2555337.821695269,500000000.0,500000000.00000006,1000000000.0,1547770655.9267166,31,31
2014-05-01,0.0,200000.00000000006,0.0,-200000.00000000006,0.0,0.0,0.0,1000000000.0,0,0
2014-05-02,0.0,0.0,0.0,0.0,0.0,0.0,0.0,0.0,0,0
2014-05-05,-205087.04803471317,182715.79138848194,6564.745348292218,-394367.58477148734,500000000.0,413578956.94240975,913578956.9424098,913578956.9424098,34,34
2014-05-06,0.0,182715.79138848194,0.0,-182715.79138848194,0.0,0.0,0.0,913578956.9424098,0,0
2014-05-07,0.0,0.0,0.0,0.0,0.0,0.0,0.0,0.0,0,0
2014-05-08,-443693.9562492005,159969.81795804264,4759.509361749417,-608423.2835689925,500000000.0,299849089.7902133,799849089.7902133,799849089.7902132,33,33
2014-05-09,0.0,159969.81795804264,0.0,-159969.81795804264,0.0,0.0,0.0,799849089.7902132,0,0
2014-05-12,0.0,0.0,0.0,0.0,0.0,0.0,0.0,0.0,0,0
2014-05-13,0.0,0.0,0.0,0.0,0.0,0.0,0.0,0.0,0,0
2014-05-14,0.0,0.0,0.0,0.0,0.0,0.0,0.0,0.0,0,0
2014-05-15,946246.0354999547,165534.6440685026,5201.162227658934,775510.2292037932,500000000.0,327673220.3425128,827673220.3425128,827673220.3425127,35,35
2014-05-16,0.0,165534.6440685026,0.0,-165534.6440685026,0.0,0.0,0.0,827673220.3425127,0,0
2014-05-19,0.0,0.0,0.0,0.0,0.0,0.0,0.0,0.0,0,0
2014-05-20,0.0,0.0,0.0,0.0,0.0,0.0,0.0,0.0,0,0
2014-05-21,0.0,0.0,0.0,0.0,0.0,0.0,0.0,0.0,0,0
2014-05-22,0.0,0.0,0.0,0.0,0.0,0.0,0.0,0.0,0,0
2014-05-23,0.0,0.0,0.0,0.0,0.0,0.0,0.0,0.0,0,0
2014-05-27,0.0,0.0,0.0,0.0,0.0,0.0,0.0,0.0,0,0
2014-05-28,0.0,0.0,0.0,0.0,0.0,0.0,0.0,0.0,0,0
2014-05-29,0.0,0.0,0.0,0.0,0.0,0.0,0.0,0.0,0,0
2014-05-30,0.0,0.0,0.0,0.0,0.0,0.0,0.0,0.0,0,0
2014-06-02,0.0,0.0,0.0,0.0,0.0,0.0,0.0,0.0,0,0
2014-06-03,-638445.3485712698,154852.71881813277,4353.390382391487,-797651.457771794,500000000.0,274263594.0906638,774263594.0906638,774263594.0906638,34,34
2014-06-04,766677.1554829972,317287.8560605464,4955.169622413782,444434.129800037,500000000.0,312175686.21206826,812175686.2120683,1188209661.636987,34,34
2014-06-05,0.0,162435.13724241365,0.0,-162435.13724241365,0.0,0.0,0.0,812175686.2120683,0,0
2014-06-06,0.0,0.0,0.0,0.0,0.0,0.0,0.0,0.0,0,0
2014-06-09,0.0,0.0,0.0,0.0,0.0,0.0,0.0,0.0,0,0
2014-06-10,0.0,0.0,0.0,0.0,0.0,0.0,0.0,0.0,0,0
2014-06-11,155659.62134590588,161049.7101054505,4845.215087734166,-10235.303847278792,500000000.0,305248550.5272525,805248550.5272524,805248550.5272526,34,34
2014-06-12,0.0,161049.7101054505,0.0,-161049.7101054505,0.0,0.0,0.0,805248550.5272526,0,0
2014-06-13,0.0,0.0,0.0,0.0,0.0,0.0,0.0,0.0,0,0
2014-06-16,1248423.045915934,200000.0,7936.507936507936,1040486.5379794261,500000000.0,500000000.0,1000000000.0,1000000000.0,33,33
2014-06-17,1049161.444146229,404626.28713500005,7936.507936507935,636598.6490747209,500000000.0,499999999.99999994,1000000000.0,1244183979.870545,33,33
2014-06-18,0.0,200000.0,0.0,-200000.0,0.0,0.0,0.0,1000000000.0,0,0
2014-06-19,0.0,0.0,0.0,0.0,0.0,0.0,0.0,0.0,0,0
2014-06-20,0.0,0.0,0.0,0.0,0.0,0.0,0.0,0.0,0,0
2014-06-23,0.0,0.0,0.0,0.0,0.0,0.0,0.0,0.0,0,0
2014-06-24,195779.8071801663,102017.87929050392,4421.464665292857,89340.46322436954,231537122.5390695,278552273.91345,510089396.45251954,510089396.45251954,33,33
2014-06-25,1727175.5452076297,270958.8010083574,5471.501723639168,1450745.242475633,500000000.0,344704608.5892675,844704608.5892675,949985406.341387,33,33
2014-06-26,-311895.0144098853,329721.2119819549,4823.83256064297,-646440.0589524832,500000000.0,303901451.32050705,803901451.320507,1249416247.3815994,33,33
2014-06-27,2577574.934284339,344425.5132873479,6638.509763749729,2226510.9112332417,500000000.0,418226115.11623305,918226115.1162331,1020549751.24249,33,33
2014-06-30,0.0,183645.2230232466,0.0,-183645.2230232466,0.0,0.0,0.0,918226115.116233,0,0
2014-07-01,0.0,0.0,0.0,0.0,0.0,0.0,0.0,0.0,0,0
2014-07-02,0.0,0.0,0.0,0.0,0.0,0.0,0.0,0.0,0,0
2014-07-03,0.0,0.0,0.0,0.0,0.0,0.0,0.0,0.0,0,0
2014-07-07,0.0,0.0,0.0,0.0,0.0,0.0,0.0,0.0,0,0
2014-07-08,1921543.6932949275,157307.53162577125,4548.216795696135,1759687.94487346,500000000.00000006,286537658.1288565,786537658.1288565,786537658.1288565,34,34
2014-07-09,-6748056.630221937,332647.79245697305,5979.385780254098,-7086683.808459165,500000000.0,376701304.1560083,876701304.1560082,976719584.5389825,34,34
2014-07-10,2780111.267895395,339989.933375416,5130.926392397964,2434990.4081275812,500000000.0,323248362.7210718,823248362.7210717,792346496.9866534,34,34
2014-07-11,3254720.7479648804,324864.6277158321,4778.964696160129,2925077.1555528883,500000000.0,301074775.85808825,801074775.8580883,943084134.9873639,34,34
2014-07-14,0.0,160214.95517161765,0.0,-160214.95517161765,0.0,0.0,0.0,801074775.8580883,0,0
2014-07-15,0.0,0.0,0.0,0.0,0.0,0.0,0.0,0.0,0,0
2014-07-16,0.0,0.0,0.0,0.0,0.0,0.0,0.0,0.0,0,0
2014-07-17,1101334.5772702238,194760.07087510856,7520.640545643543,899053.8658494717,500000000.00000006,473800354.3755433,973800354.3755434,973800354.3755434,33,33
2014-07-18,0.0,194760.07087510856,0.0,-194760.07087510856,0.0,0.0,0.0,973800354.3755434,0,0
2014-07-21,2049866.2187294648,158676.16614913638,4656.838583264789,1886533.2139970637,500000000.0,293380830.74568176,793380830.7456818,793380830.7456818,33,33
2014-07-22,0.0,158676.16614913638,0.0,-158676.16614913638,0.0,0.0,0.0,793380830.7456818,0,0
2014-07-23,0.0,0.0,0.0,0.0,0.0,0.0,0.0,0.0,0,0
2014-07-24,0.0,0.0,0.0,0.0,0.0,0.0,0.0,0.0,0,0
2014-07-25,810704.8631353579,173295.9040192357,5817.135239621879,631591.8238765004,500000000.0,366479520.0961783,866479520.0961783,866479520.0961783,32,32
2014-07-28,0.0,173295.9040192357,0.0,-173295.9040192357,0.0,0.0,0.0,866479520.0961783,0,0
2014-07-29,0.0,0.0,0.0,0.0,0.0,0.0,0.0,0.0,0,0
2014-07-30,0.0,0.0,0.0,0.0,0.0,0.0,0.0,0.0,0,0
2014-07-31,-1138745.1213847396,139465.3882636683,4730.783385529439,-1282941.2930339375,399287588.0299868,298039353.28835475,697326941.3183415,697326941.3183415,29,29
2014-08-01,0.0,139465.3882636683,0.0,-139465.3882636683,0.0,0.0,0.0,697326941.3183415,0,0
2014-08-04,0.0,0.0,0.0,0.0,0.0,0.0,0.0,0.0,0,0
2014-08-05,-273150.11713248416,100112.26797520785,4989.633691634919,-378252.0187993269,186214417.30303925,314346922.573,500561339.87603927,500561339.87603927,33,33
2014-08-06,2604069.732081529,248305.3282526274,3824.8460537634646,2351939.5577751384,499999999.99999994,240965301.38709825,740965301.3870982,811730462.9123335,33,33
2014-08-07,0.0,148193.06027741966,0.0,-148193.06027741966,0.0,0.0,0.0,740965301.3870982,0,0
2014-08-08,0.0,0.0,0.0,0.0,0.0,0.0,0.0,0.0,0,0
2014-08-11,0.0,0.0,0.0,0.0,0.0,0.0,0.0,0.0,0,0
2014-08-12,0.0,0.0,0.0,0.0,0.0,0.0,0.0,0.0,0,0
2014-08-13,0.0,0.0,0.0,0.0,0.0,0.0,0.0,0.0,0,0
2014-08-14,0.0,0.0,0.0,0.0,0.0,0.0,0.0,0.0,0,0
2014-08-15,0.0,0.0,0.0,0.0,0.0,0.0,0.0,0.0,0,0
2014-08-18,0.0,0.0,0.0,0.0,0.0,0.0,0.0,0.0,0,0
2014-08-19,0.0,0.0,0.0,0.0,0.0,0.0,0.0,0.0,0,0
2014-08-20,0.0,0.0,0.0,0.0,0.0,0.0,0.0,0.0,0,0
2014-08-21,0.0,0.0,0.0,0.0,0.0,0.0,0.0,0.0,0,0
2014-08-22,0.0,0.0,0.0,0.0,0.0,0.0,0.0,0.0,0,0
2014-08-25,0.0,0.0,0.0,0.0,0.0,0.0,0.0,0.0,0,0
2014-08-26,0.0,0.0,0.0,0.0,0.0,0.0,0.0,0.0,0,0
2014-08-27,0.0,0.0,0.0,0.0,0.0,0.0,0.0,0.0,0,0
2014-08-28,0.0,0.0,0.0,0.0,0.0,0.0,0.0,0.0,0,0
2014-08-29,0.0,0.0,0.0,0.0,0.0,0.0,0.0,0.0,0,0
2014-09-02,0.0,0.0,0.0,0.0,0.0,0.0,0.0,0.0,0,0
2014-09-03,0.0,0.0,0.0,0.0,0.0,0.0,0.0,0.0,0,0
2014-09-04,0.0,0.0,0.0,0.0,0.0,0.0,0.0,0.0,0,0
2014-09-05,137102.85853259361,126270.98261451485,3578.327833010381,7253.54808506838,405920259.5929203,225434653.479654,631354913.0725744,631354913.0725743,32,32
2014-09-08,190942.80614991358,271751.3884226925,3609.5560165220245,-84418.13828930093,500000000.00000006,227402029.0408875,727402029.0408876,721241846.7588118,32,32
2014-09-09,0.0,145480.40580817754,0.0,-145480.40580817754,0.0,0.0,0.0,727402029.0408876,0,0
2014-09-10,0.0,0.0,0.0,0.0,0.0,0.0,0.0,0.0,0,0
2014-09-11,0.0,0.0,0.0,0.0,0.0,0.0,0.0,0.0,0,0
2014-09-12,0.0,0.0,0.0,0.0,0.0,0.0,0.0,0.0,0,0
2014-09-15,0.0,0.0,0.0,0.0,0.0,0.0,0.0,0.0,0,0
2014-09-16,1247973.3454422413,166122.91952432157,5247.850755898533,1076602.5751620212,500000000.0,330614597.6216075,830614597.6216075,830614597.6216075,31,31
2014-09-17,0.0,166122.91952432157,0.0,-166122.91952432157,0.0,0.0,0.0,830614597.6216075,0,0
2014-09-18,0.0,0.0,0.0,0.0,0.0,0.0,0.0,0.0,0,0
2014-09-19,0.0,0.0,0.0,0.0,0.0,0.0,0.0,0.0,0,0
2014-09-22,-540694.0361471565,199248.68586411464,7936.507936507938,-747879.2299477791,496243429.32057303,500000000.0,996243429.3205731,996243429.3205731,33,33
2014-09-23,1685542.4575400013,345720.77615909773,5500.518899907947,1334321.1624809955,385827760.78071475,346532690.69420075,732360451.4749155,903157550.8199581,33,33
2014-09-24,398882.41347099445,303186.14894322667,7936.507936507937,87759.75659125984,283570293.2412175,499999999.99999994,783570293.2412174,824910620.4064323,33,33
2014-09-25,0.0,156714.0586482435,0.0,-156714.0586482435,0.0,0.0,0.0,783570293.2412175,0,0
2014-09-26,-834094.0623669728,130116.69678209192,5521.547710008905,-969732.3068590737,302725978.1798985,347857505.730561,650583483.9104595,650583483.9104595,33,33
2014-09-29,2051677.0149463483,300809.45449004916,5610.536326028357,1745257.0241302708,500000000.0,353463788.5397865,853463788.5397866,1070888437.876053,33,33
2014-09-30,0.0,170692.75770795727,0.0,-170692.75770795727,0.0,0.0,0.0,853463788.5397865,0,0
2014-10-01,0.0,0.0,0.0,0.0,0.0,0.0,0.0,0.0,0,0
2014-10-02,0.0,0.0,0.0,0.0,0.0,0.0,0.0,0.0,0,0
2014-10-03,0.0,0.0,0.0,0.0,0.0,0.0,0.0,0.0,0,0
2014-10-06,0.0,0.0,0.0,0.0,0.0,0.0,0.0,0.0,0,0
2014-10-07,424501.76854119106,134255.833544483,5180.210308712751,285065.72468799533,344925918.273512,326353249.44890326,671279167.7224152,671279167.7224153,34,34
2014-10-08,0.0,134255.833544483,0.0,-134255.833544483,0.0,0.0,0.0,671279167.7224153,0,0
2014-10-09,0.0,0.0,0.0,0.0,0.0,0.0,0.0,0.0,0,0
2014-10-10,0.0,0.0,0.0,0.0,0.0,0.0,0.0,0.0,0,0
2014-10-13,0.0,0.0,0.0,0.0,0.0,0.0,0.0,0.0,0,0
2014-10-14,0.0,0.0,0.0,0.0,0.0,0.0,0.0,0.0,0,0
2014-10-15,-8322730.703211075,149935.17817510743,3963.109378976782,-8476628.990765158,500000000.0,249675890.87553728,749675890.8755373,749675890.8755373,34,34
2014-10-16,7857390.079734342,314345.46494017344,5111.927521036985,7537932.687273132,500000000.0,322051433.82533,822051433.82533,1193880841.8783782,34,34
2014-10-17,0.0,164410.28676506595,0.0,-164410.28676506595,0.0,0.0,0.0,822051433.82533,0,0
2014-10-20,0.0,0.0,0.0,0.0,0.0,0.0,0.0,0.0,0,0
2014-10-21,0.0,0.0,0.0,0.0,0.0,0.0,0.0,0.0,0,0
2014-10-22,0.0,0.0,0.0,0.0,0.0,0.0,0.0,0.0,0,0
2014-10-23,0.0,0.0,0.0,0.0,0.0,0.0,0.0,0.0,0,0
2014-10-24,0.0,0.0,0.0,0.0,0.0,0.0,0.0,0.0,0,0
2014-10-27,0.0,0.0,0.0,0.0,0.0,0.0,0.0,0.0,0,0
2014-10-28,0.0,0.0,0.0,0.0,0.0,0.0,0.0,0.0,0,0
2014-10-29,0.0,0.0,0.0,0.0,0.0,0.0,0.0,0.0,0,0
2014-10-30,0.0,0.0,0.0,0.0,0.0,0.0,0.0,0.0,0,0
2014-10-31,0.0,0.0,0.0,0.0,0.0,0.0,0.0,0.0,0,0
2014-11-03,0.0,0.0,0.0,0.0,0.0,0.0,0.0,0.0,0,0
2014-11-04,0.0,0.0,0.0,0.0,0.0,0.0,0.0,0.0,0,0
2014-11-05,0.0,0.0,0.0,0.0,0.0,0.0,0.0,0.0,0,0
2014-11-06,0.0,0.0,0.0,0.0,0.0,0.0,0.0,0.0,0,0
2014-11-07,0.0,0.0,0.0,0.0,0.0,0.0,0.0,0.0,0,0
2014-11-10,0.0,0.0,0.0,0.0,0.0,0.0,0.0,0.0,0,0
2014-11-11,0.0,0.0,0.0,0.0,0.0,0.0,0.0,0.0,0,0
2014-11-12,0.0,0.0,0.0,0.0,0.0,0.0,0.0,0.0,0,0
2014-11-13,0.0,0.0,0.0,0.0,0.0,0.0,0.0,0.0,0,0
2014-11-14,0.0,0.0,0.0,0.0,0.0,0.0,0.0,0.0,0,0
2014-11-17,0.0,0.0,0.0,0.0,0.0,0.0,0.0,0.0,0,0
2014-11-18,0.0,0.0,0.0,0.0,0.0,0.0,0.0,0.0,0,0
2014-11-19,0.0,0.0,0.0,0.0,0.0,0.0,0.0,0.0,0,0
2014-11-20,0.0,0.0,0.0,0.0,0.0,0.0,0.0,0.0,0,0
2014-11-21,0.0,0.0,0.0,0.0,0.0,0.0,0.0,0.0,0,0
2014-11-24,0.0,0.0,0.0,0.0,0.0,0.0,0.0,0.0,0,0
2014-11-25,0.0,0.0,0.0,0.0,0.0,0.0,0.0,0.0,0,0
2014-11-26,0.0,0.0,0.0,0.0,0.0,0.0,0.0,0.0,0,0
2014-11-28,0.0,0.0,0.0,0.0,0.0,0.0,0.0,0.0,0,0
2014-12-01,-1332577.9012910104,170845.61471873985,5973.353729497769,-1509396.8697392482,477906788.63534003,376321284.95835954,854228073.5936996,854228073.5936996,34,34
2014-12-02,0.0,170845.61471873985,0.0,-170845.61471873985,0.0,0.0,0.0,854228073.5936996,0,0
2014-12-03,-2726525.037085478,170638.44826170613,5606.22605251636,-2902769.7113997005,500000000.0,353192241.30853075,853192241.3085308,853192241.3085308,33,33
2014-12-04,0.0,170638.44826170613,0.0,-170638.44826170613,0.0,0.0,0.0,853192241.3085308,0,0
2014-12-05,0.0,0.0,0.0,0.0,0.0,0.0,0.0,0.0,0,0
2014-12-08,-4273022.632925993,175505.31717034537,5992.4854897099485,-4454520.435586048,500000000.00000006,377526585.8517268,877526585.8517268,877526585.8517268,34,34
2014-12-09,-2574095.881321808,335624.24420211214,4503.586321568786,-2914223.7118454888,500000000.0,283725938.2588335,783725938.2588335,943754298.169078,33,33
2014-12-10,741623.9353649664,310270.48780418845,4218.668563249012,427134.77899752895,484761423.3774208,265776119.48468778,750537542.8621086,999807015.3414783,33,33
2014-12-11,0.0,150107.5085724217,0.0,-150107.5085724217,0.0,0.0,0.0,750537542.8621086,0,0
2014-12-12,1025713.7775480511,178946.17925220073,7936.507936507935,838831.0903593424,394730896.26100355,500000000.0,894730896.2610035,894730896.2610035,33,33
2014-12-15,0.0,178946.17925220073,0.0,-178946.17925220073,0.0,0.0,0.0,894730896.2610035,0,0
2014-12-16,-4214754.877470923,161170.43920215662,4854.796762075921,-4380780.113435156,500000000.0,305852196.010783,805852196.010783,805852196.0107831,34,34
2014-12-17,0.0,161170.43920215662,0.0,-161170.43920215662,0.0,0.0,0.0,805852196.0107831,0,0
2014-12-18,0.0,0.0,0.0,0.0,0.0,0.0,0.0,0.0,0,0
2014-12-19,0.0,0.0,0.0,0.0,0.0,0.0,0.0,0.0,0,0
2014-12-22,0.0,0.0,0.0,0.0,0.0,0.0,0.0,0.0,0,0
2014-12-23,0.0,0.0,0.0,0.0,0.0,0.0,0.0,0.0,0,0
2014-12-24,0.0,0.0,0.0,0.0,0.0,0.0,0.0,0.0,0,0
2014-12-26,0.0,0.0,0.0,0.0,0.0,0.0,0.0,0.0,0,0
2014-12-29,0.0,0.0,0.0,0.0,0.0,0.0,0.0,0.0,0,0
2014-12-30,0.0,0.0,0.0,0.0,0.0,0.0,0.0,0.0,0,0
2014-12-31,0.0,0.0,0.0,0.0,0.0,0.0,0.0,0.0,0,0
2015-01-02,0.0,0.0,0.0,0.0,0.0,0.0,0.0,0.0,0,0
2015-01-05,-719622.8626170482,153802.64333794292,4270.051058566897,-877695.557013558,500000000.00000006,269013216.6897145,769013216.6897146,769013216.6897146,36,36
2015-01-06,0.0,153802.64333794292,0.0,-153802.64333794292,0.0,0.0,0.0,769013216.6897146,0,0
2015-01-07,0.0,0.0,0.0,0.0,0.0,0.0,0.0,0.0,0,0
2015-01-08,0.0,0.0,0.0,0.0,0.0,0.0,0.0,0.0,0,0
2015-01-09,0.0,0.0,0.0,0.0,0.0,0.0,0.0,0.0,0,0
2015-01-12,0.0,0.0,0.0,0.0,0.0,0.0,0.0,0.0,0,0
2015-01-13,0.0,0.0,0.0,0.0,0.0,0.0,0.0,0.0,0,0
2015-01-14,798000.7017909784,152400.3700958229,4158.75953141452,641441.572163741,500000000.0,262001850.47911477,762001850.4791148,762001850.4791148,36,36
2015-01-15,0.0,152400.3700958229,0.0,-152400.3700958229,0.0,0.0,0.0,762001850.4791148,0,0
2015-01-16,807144.3536075078,127780.79643809504,2204.825114134528,677158.7320552781,499999999.99999994,138903982.19047526,638903982.1904752,638903982.1904752,35,35
2015-01-20,0.0,127780.79643809504,0.0,-127780.79643809504,0.0,0.0,0.0,638903982.1904752,0,0
2015-01-21,2438361.3599565076,145299.64212870962,3595.2096927547295,2289466.508135043,500000000.0,226498210.643548,726498210.643548,726498210.643548,34,34
2015-01-22,0.0,145299.64212870962,0.0,-145299.64212870962,0.0,0.0,0.0,726498210.643548,0,0
2015-01-23,0.0,0.0,0.0,0.0,0.0,0.0,0.0,0.0,0,0
2015-01-26,0.0,0.0,0.0,0.0,0.0,0.0,0.0,0.0,0,0
2015-01-27,0.0,0.0,0.0,0.0,0.0,0.0,0.0,0.0,0,0
2015-01-28,0.0,0.0,0.0,0.0,0.0,0.0,0.0,0.0,0,0
2015-01-29,0.0,0.0,0.0,0.0,0.0,0.0,0.0,0.0,0,0
2015-01-30,3240785.8892057734,165387.54408687685,5189.487625942607,3070208.857492954,500000000.0,326937720.4343843,826937720.4343843,826937720.4343843,32,32
2015-02-02,0.0,165387.54408687685,0.0,-165387.54408687685,0.0,0.0,0.0,826937720.4343843,0,0
2015-02-03,0.0,0.0,0.0,0.0,0.0,0.0,0.0,0.0,0,0
2015-02-04,0.0,0.0,0.0,0.0,0.0,0.0,0.0,0.0,0,0
2015-02-05,0.0,0.0,0.0,0.0,0.0,0.0,0.0,0.0,0,0
2015-02-06,0.0,0.0,0.0,0.0,0.0,0.0,0.0,0.0,0,0
2015-02-09,0.0,0.0,0.0,0.0,0.0,0.0,0.0,0.0,0,0
2015-02-10,0.0,0.0,0.0,0.0,0.0,0.0,0.0,0.0,0,0
2015-02-11,0.0,0.0,0.0,0.0,0.0,0.0,0.0,0.0,0,0
2015-02-12,0.0,0.0,0.0,0.0,0.0,0.0,0.0,0.0,0,0
2015-02-13,0.0,0.0,0.0,0.0,0.0,0.0,0.0,0.0,0,0
2015-02-17,0.0,0.0,0.0,0.0,0.0,0.0,0.0,0.0,0,0
2015-02-18,0.0,0.0,0.0,0.0,0.0,0.0,0.0,0.0,0,0
2015-02-19,0.0,0.0,0.0,0.0,0.0,0.0,0.0,0.0,0,0
2015-02-20,0.0,0.0,0.0,0.0,0.0,0.0,0.0,0.0,0,0
2015-02-23,0.0,0.0,0.0,0.0,0.0,0.0,0.0,0.0,0,0
2015-02-24,0.0,0.0,0.0,0.0,0.0,0.0,0.0,0.0,0,0
2015-02-25,0.0,0.0,0.0,0.0,0.0,0.0,0.0,0.0,0,0
2015-02-26,0.0,0.0,0.0,0.0,0.0,0.0,0.0,0.0,0,0
2015-02-27,0.0,0.0,0.0,0.0,0.0,0.0,0.0,0.0,0,0
2015-03-02,0.0,0.0,0.0,0.0,0.0,0.0,0.0,0.0,0,0
2015-03-03,0.0,0.0,0.0,0.0,0.0,0.0,0.0,0.0,0,0
2015-03-04,0.0,0.0,0.0,0.0,0.0,0.0,0.0,0.0,0,0
2015-03-05,0.0,0.0,0.0,0.0,0.0,0.0,0.0,0.0,0,0
2015-03-06,0.0,0.0,0.0,0.0,0.0,0.0,0.0,0.0,0,0
2015-03-09,0.0,0.0,0.0,0.0,0.0,0.0,0.0,0.0,0,0
2015-03-10,0.0,0.0,0.0,0.0,0.0,0.0,0.0,0.0,0,0
2015-03-11,0.0,0.0,0.0,0.0,0.0,0.0,0.0,0.0,0,0
2015-03-12,0.0,0.0,0.0,0.0,0.0,0.0,0.0,0.0,0,0
2015-03-13,0.0,0.0,0.0,0.0,0.0,0.0,0.0,0.0,0,0
2015-03-16,0.0,0.0,0.0,0.0,0.0,0.0,0.0,0.0,0,0
2015-03-17,0.0,0.0,0.0,0.0,0.0,0.0,0.0,0.0,0,0
2015-03-18,0.0,0.0,0.0,0.0,0.0,0.0,0.0,0.0,0,0
2015-03-19,0.0,0.0,0.0,0.0,0.0,0.0,0.0,0.0,0,0
2015-03-20,0.0,0.0,0.0,0.0,0.0,0.0,0.0,0.0,0,0
2015-03-23,0.0,0.0,0.0,0.0,0.0,0.0,0.0,0.0,0,0
2015-03-24,0.0,0.0,0.0,0.0,0.0,0.0,0.0,0.0,0,0
2015-03-25,0.0,0.0,0.0,0.0,0.0,0.0,0.0,0.0,0,0
2015-03-26,0.0,0.0,0.0,0.0,0.0,0.0,0.0,0.0,0,0
2015-03-27,0.0,0.0,0.0,0.0,0.0,0.0,0.0,0.0,0,0
2015-03-30,0.0,0.0,0.0,0.0,0.0,0.0,0.0,0.0,0,0
2015-03-31,0.0,0.0,0.0,0.0,0.0,0.0,0.0,0.0,0,0
2015-04-01,0.0,0.0,0.0,0.0,0.0,0.0,0.0,0.0,0,0
2015-04-02,0.0,0.0,0.0,0.0,0.0,0.0,0.0,0.0,0,0
2015-04-06,0.0,0.0,0.0,0.0,0.0,0.0,0.0,0.0,0,0
2015-04-07,0.0,0.0,0.0,0.0,0.0,0.0,0.0,0.0,0,0
2015-04-08,0.0,0.0,0.0,0.0,0.0,0.0,0.0,0.0,0,0
2015-04-09,0.0,0.0,0.0,0.0,0.0,0.0,0.0,0.0,0,0
2015-04-10,0.0,0.0,0.0,0.0,0.0,0.0,0.0,0.0,0,0
2015-04-13,0.0,0.0,0.0,0.0,0.0,0.0,0.0,0.0,0,0
2015-04-14,0.0,0.0,0.0,0.0,0.0,0.0,0.0,0.0,0,0
2015-04-15,0.0,0.0,0.0,0.0,0.0,0.0,0.0,0.0,0,0
2015-04-16,0.0,0.0,0.0,0.0,0.0,0.0,0.0,0.0,0,0
2015-04-17,0.0,0.0,0.0,0.0,0.0,0.0,0.0,0.0,0,0
2015-04-20,0.0,0.0,0.0,0.0,0.0,0.0,0.0,0.0,0,0
2015-04-21,0.0,0.0,0.0,0.0,0.0,0.0,0.0,0.0,0,0
2015-04-22,0.0,0.0,0.0,0.0,0.0,0.0,0.0,0.0,0,0
2015-04-23,0.0,0.0,0.0,0.0,0.0,0.0,0.0,0.0,0,0
2015-04-24,0.0,0.0,0.0,0.0,0.0,0.0,0.0,0.0,0,0
2015-04-27,0.0,0.0,0.0,0.0,0.0,0.0,0.0,0.0,0,0
2015-04-28,0.0,0.0,0.0,0.0,0.0,0.0,0.0,0.0,0,0
2015-04-29,0.0,0.0,0.0,0.0,0.0,0.0,0.0,0.0,0,0
2015-04-30,0.0,0.0,0.0,0.0,0.0,0.0,0.0,0.0,0,0
2015-05-01,0.0,0.0,0.0,0.0,0.0,0.0,0.0,0.0,0,0
2015-05-04,0.0,0.0,0.0,0.0,0.0,0.0,0.0,0.0,0,0
2015-05-05,0.0,0.0,0.0,0.0,0.0,0.0,0.0,0.0,0,0
2015-05-06,0.0,0.0,0.0,0.0,0.0,0.0,0.0,0.0,0,0
2015-05-07,0.0,0.0,0.0,0.0,0.0,0.0,0.0,0.0,0,0
2015-05-08,0.0,0.0,0.0,0.0,0.0,0.0,0.0,0.0,0,0
2015-05-11,0.0,0.0,0.0,0.0,0.0,0.0,0.0,0.0,0,0
2015-05-12,0.0,0.0,0.0,0.0,0.0,0.0,0.0,0.0,0,0
2015-05-13,0.0,0.0,0.0,0.0,0.0,0.0,0.0,0.0,0,0
2015-05-14,0.0,0.0,0.0,0.0,0.0,0.0,0.0,0.0,0,0
2015-05-15,0.0,0.0,0.0,0.0,0.0,0.0,0.0,0.0,0,0
2015-05-18,0.0,0.0,0.0,0.0,0.0,0.0,0.0,0.0,0,0
2015-05-19,0.0,0.0,0.0,0.0,0.0,0.0,0.0,0.0,0,0
2015-05-20,0.0,0.0,0.0,0.0,0.0,0.0,0.0,0.0,0,0
2015-05-21,0.0,0.0,0.0,0.0,0.0,0.0,0.0,0.0,0,0
2015-05-22,0.0,0.0,0.0,0.0,0.0,0.0,0.0,0.0,0,0
2015-05-26,0.0,0.0,0.0,0.0,0.0,0.0,0.0,0.0,0,0
2015-05-27,0.0,0.0,0.0,0.0,0.0,0.0,0.0,0.0,0,0
2015-05-28,0.0,0.0,0.0,0.0,0.0,0.0,0.0,0.0,0,0
2015-05-29,0.0,0.0,0.0,0.0,0.0,0.0,0.0,0.0,0,0
2015-06-01,0.0,0.0,0.0,0.0,0.0,0.0,0.0,0.0,0,0
2015-06-02,0.0,0.0,0.0,0.0,0.0,0.0,0.0,0.0,0,0
2015-06-03,0.0,0.0,0.0,0.0,0.0,0.0,0.0,0.0,0,0
2015-06-04,0.0,0.0,0.0,0.0,0.0,0.0,0.0,0.0,0,0
2015-06-05,0.0,0.0,0.0,0.0,0.0,0.0,0.0,0.0,0,0
2015-06-08,0.0,0.0,0.0,0.0,0.0,0.0,0.0,0.0,0,0
2015-06-09,0.0,0.0,0.0,0.0,0.0,0.0,0.0,0.0,0,0
2015-06-10,0.0,0.0,0.0,0.0,0.0,0.0,0.0,0.0,0,0
2015-06-11,0.0,0.0,0.0,0.0,0.0,0.0,0.0,0.0,0,0
2015-06-12,0.0,0.0,0.0,0.0,0.0,0.0,0.0,0.0,0,0
2015-06-15,0.0,0.0,0.0,0.0,0.0,0.0,0.0,0.0,0,0
2015-06-16,0.0,0.0,0.0,0.0,0.0,0.0,0.0,0.0,0,0
2015-06-17,0.0,0.0,0.0,0.0,0.0,0.0,0.0,0.0,0,0
2015-06-18,0.0,0.0,0.0,0.0,0.0,0.0,0.0,0.0,0,0
2015-06-19,0.0,0.0,0.0,0.0,0.0,0.0,0.0,0.0,0,0
2015-06-22,0.0,0.0,0.0,0.0,0.0,0.0,0.0,0.0,0,0
2015-06-23,0.0,0.0,0.0,0.0,0.0,0.0,0.0,0.0,0,0
2015-06-24,0.0,0.0,0.0,0.0,0.0,0.0,0.0,0.0,0,0
2015-06-25,0.0,0.0,0.0,0.0,0.0,0.0,0.0,0.0,0,0
2015-06-26,0.0,0.0,0.0,0.0,0.0,0.0,0.0,0.0,0,0
2015-06-29,0.0,0.0,0.0,0.0,0.0,0.0,0.0,0.0,0,0
2015-06-30,0.0,0.0,0.0,0.0,0.0,0.0,0.0,0.0,0,0
2015-07-01,0.0,0.0,0.0,0.0,0.0,0.0,0.0,0.0,0,0
2015-07-02,0.0,0.0,0.0,0.0,0.0,0.0,0.0,0.0,0,0
2015-07-06,202479.3145406089,171600.8330802636,7936.507936507934,22941.973523837365,358004165.40131754,500000000.0,858004165.4013176,858004165.4013175,38,38
2015-07-07,0.0,171600.8330802636,0.0,-171600.8330802636,0.0,0.0,0.0,858004165.4013175,0,0
2015-07-08,0.0,0.0,0.0,0.0,0.0,0.0,0.0,0.0,0,0
2015-07-09,0.0,0.0,0.0,0.0,0.0,0.0,0.0,0.0,0,0
2015-07-10,0.0,0.0,0.0,0.0,0.0,0.0,0.0,0.0,0,0
2015-07-13,0.0,0.0,0.0,0.0,0.0,0.0,0.0,0.0,0,0
2015-07-14,0.0,0.0,0.0,0.0,0.0,0.0,0.0,0.0,0,0
2015-07-15,0.0,0.0,0.0,0.0,0.0,0.0,0.0,0.0,0,0
2015-07-16,0.0,0.0,0.0,0.0,0.0,0.0,0.0,0.0,0,0
2015-07-17,3267530.5060404954,181033.98644973792,6431.26876585221,3080065.250824905,499999999.99999994,405169932.2486893,905169932.2486892,905169932.2486892,37,37
2015-07-20,0.0,181033.98644973792,0.0,-181033.98644973792,0.0,0.0,0.0,905169932.2486892,0,0
2015-07-21,0.0,0.0,0.0,0.0,0.0,0.0,0.0,0.0,0,0
2015-07-22,0.0,0.0,0.0,0.0,0.0,0.0,0.0,0.0,0,0
2015-07-23,0.0,0.0,0.0,0.0,0.0,0.0,0.0,0.0,0,0
2015-07-24,0.0,0.0,0.0,0.0,0.0,0.0,0.0,0.0,0,0
2015-07-27,3173165.2341475454,159723.88877265604,4739.991172433016,3008701.3542024563,500000000.0,298619443.86328,798619443.86328,798619443.86328,35,35
2015-07-28,0.0,159723.88877265604,0.0,-159723.88877265604,0.0,0.0,0.0,798619443.86328,0,0
2015-07-29,0.0,0.0,0.0,0.0,0.0,0.0,0.0,0.0,0,0
2015-07-30,0.0,0.0,0.0,0.0,0.0,0.0,0.0,0.0,0,0
2015-07-31,0.0,0.0,0.0,0.0,0.0,0.0,0.0,0.0,0,0
2015-08-03,0.0,0.0,0.0,0.0,0.0,0.0,0.0,0.0,0,0
2015-08-04,0.0,0.0,0.0,0.0,0.0,0.0,0.0,0.0,0,0
2015-08-05,0.0,0.0,0.0,0.0,0.0,0.0,0.0,0.0,0,0
2015-08-06,0.0,0.0,0.0,0.0,0.0,0.0,0.0,0.0,0,0
2015-08-07,2983086.1987114544,199999.99999999997,7936.5079365079355,2775149.6907749465,499999999.99999994,499999999.99999994,999999999.9999999,999999999.9999999,35,35
2015-08-10,0.0,199999.99999999997,0.0,-199999.99999999997,0.0,0.0,0.0,999999999.9999999,0,0
2015-08-11,-3032339.302535766,169065.8578092961,5481.4172864520715,-3206886.5776315136,500000000.0,345329289.04648054,845329289.0464805,845329289.0464805,37,37
2015-08-12,-468896.7149123354,321122.8554440934,3417.5678242696276,-793437.1381806985,500000000.0,215306772.92898652,715306772.9289865,1287131792.590941,37,37
2015-08-13,0.0,143061.35458579735,0.0,-143061.35458579735,0.0,0.0,0.0,715306772.9289865,0,0
2015-08-14,108448.34242414977,151579.265666902,4093.5925132461866,-47224.51575599842,500000000.0,257896328.33450976,757896328.3345097,757896328.3345097,37,37
2015-08-17,326648.43738192477,303009.1617097638,4081.737781179504,19557.537890981457,499999999.99999994,257149480.21430877,757149480.2143087,1011351752.1747943,37,37
2015-08-18,0.0,151429.8960428617,0.0,-151429.8960428617,0.0,0.0,0.0,757149480.2143087,0,0
2015-08-19,-2787108.549586177,153012.14974196555,4207.313471584571,-2944328.012799727,499999999.99999994,265060748.709828,765060748.7098279,765060748.709828,37,37
2015-08-20,-9475751.31907835,294876.4560313348,3322.563991219774,-9773950.339100907,500000000.0,209321531.44684577,709321531.4468458,910093733.9162859,37,37
2015-08-21,-29712428.187904496,298806.7829606701,4431.970859865154,-30015666.941725034,500000000.0,279214164.17150474,779214164.1715047,796360824.0530322,37,37
2015-08-24,14435331.484253537,355842.832834301,7936.507936507938,14071552.143482728,499999999.99999994,500000000.00000006,1000000000.0,1031478702.1791229,37,37
2015-08-25,7927121.431262454,356002.08195153845,4153.12111068638,7566966.22820023,500000000.0,261646629.973242,761646629.973242,1443425196.4495995,37,37
2015-08-26,5104742.575209417,303078.7472330923,3514.938379486818,4798148.8895968385,500000000.0,221441117.9076695,721441117.9076695,1107326618.1100585,37,37
2015-08-27,-4010433.8508682507,304512.0953035916,4295.4876035355155,-4319241.433775378,500000000.0,270615719.0227375,770615719.0227375,996288107.1432159,37,37
2015-08-28,-3980053.8742397395,323514.5236532809,4843.556348535981,-4308411.954241557,499999999.99999994,305144049.9577668,805144049.9577668,1119649114.4178493,37,37
2015-08-31,-5412622.855921761,329659.6515419508,5093.497579821901,-5747376.005043535,500000000.0,320890347.52877975,820890347.5287797,1150727183.8707156,37,37
2015-09-01,3493192.9665312027,358403.6350086433,7065.502073007718,3127723.8294495516,500000000.0,445126630.5994863,945126630.5994864,1468876712.3035712,37,37
2015-09-02,1496761.8660061003,359623.1587116581,3920.0039788341937,1133218.703315608,500000000.0,246960250.66655427,746960250.6665542,1464453283.580755,37,37
2015-09-03,0.0,149392.0501333108,0.0,-149392.0501333108,0.0,0.0,0.0,746960250.6665542,0,0
2015-09-04,0.0,0.0,0.0,0.0,0.0,0.0,0.0,0.0,0,0
2015-09-08,4760769.7928689625,144155.15519228094,3504.3773962127693,4613110.2602804685,500000000.0,220775775.9614045,720775775.9614046,720775775.9614046,37,37
2015-09-09,31535.206235826205,366600.29339164065,7651.230778530257,-342716.3179343447,500000000.0,482027539.04740626,982027539.0474062,1566529292.370887,37,37
2015-09-10,-2906383.97171441,384472.7503496983,4069.286360572766,-3294926.0084246807,500000000.0,256365040.71608427,756365040.7160842,1665343751.9067404,37,37
2015-09-11,653106.7507053543,306499.4348368091,4267.982114453739,342339.3337540914,500000000.0,268882873.21058553,768882873.2105856,1112301499.87002,37,37
2015-09-14,0.0,153776.57464211708,0.0,-153776.57464211708,0.0,0.0,0.0,768882873.2105855,0,0
2015-09-15,0.0,0.0,0.0,0.0,0.0,0.0,0.0,0.0,0,0
2015-09-16,0.0,0.0,0.0,0.0,0.0,0.0,0.0,0.0,0,0
2015-09-17,0.0,0.0,0.0,0.0,0.0,0.0,0.0,0.0,0,0
2015-09-18,0.0,0.0,0.0,0.0,0.0,0.0,0.0,0.0,0,0
2015-09-21,0.0,0.0,0.0,0.0,0.0,0.0,0.0,0.0,0,0
2015-09-22,649782.1076556633,151413.60198710646,4080.4446021513054,494288.0610664055,500000000.00000006,257068009.93553224,757068009.9355323,757068009.9355323,37,37
2015-09-23,-3791195.906960253,298894.0669487102,3525.178062111397,-4093615.1519710748,500000000.0,222086217.91301802,722086217.913018,1103993216.6628277,36,36
2015-09-24,5867090.725813334,281706.8416496362,2959.4919100819443,5582424.392253615,500000000.00000006,186447990.33516252,686447990.3351626,910130202.1979243,36,36
2015-09-25,-3352443.0733483434,275692.6164119561,2985.6759484859963,-3631121.3657087856,500000000.0,188097584.75461775,688097584.7546177,806632805.9600794,36,36
2015-09-28,1152502.2891186874,281674.99924007594,3282.8147519168574,867544.4751266945,499999999.99999994,206817329.37076202,706817329.370762,924591792.8295532,36,36
2015-09-29,0.0,141363.46587415243,0.0,-141363.46587415243,0.0,0.0,0.0,706817329.370762,0,0
2015-09-30,0.0,0.0,0.0,0.0,0.0,0.0,0.0,0.0,0,0
2015-10-01,0.0,0.0,0.0,0.0,0.0,0.0,0.0,0.0,0,0
2015-10-02,1411765.2297853897,139554.01695365258,3139.2076947343294,1269072.005137003,499999999.99999994,197770084.76826274,697770084.7682626,697770084.7682627,36,36
2015-10-05,0.0,139554.01695365258,0.0,-139554.01695365258,0.0,0.0,0.0,697770084.7682627,0,0
2015-10-06,0.0,0.0,0.0,0.0,0.0,0.0,0.0,0.0,0,0
2015-10-07,0.0,0.0,0.0,0.0,0.0,0.0,0.0,0.0,0,0
2015-10-08,0.0,0.0,0.0,0.0,0.0,0.0,0.0,0.0,0,0
2015-10-09,0.0,0.0,0.0,0.0,0.0,0.0,0.0,0.0,0,0
2015-10-12,0.0,0.0,0.0,0.0,0.0,0.0,0.0,0.0,0,0
2015-10-13,1105998.349161017,139020.26996338513,5204.209782857321,961773.8694147746,367236133.49691427,327865216.32001126,695101349.8169255,695101349.8169255,36,36
2015-10-14,0.0,139020.26996338513,0.0,-139020.26996338513,0.0,0.0,0.0,695101349.8169255,0,0
2015-10-15,0.0,0.0,0.0,0.0,0.0,0.0,0.0,0.0,0,0
2015-10-16,0.0,0.0,0.0,0.0,0.0,0.0,0.0,0.0,0,0
2015-10-19,0.0,0.0,0.0,0.0,0.0,0.0,0.0,0.0,0,0
2015-10-20,0.0,0.0,0.0,0.0,0.0,0.0,0.0,0.0,0,0
2015-10-21,0.0,0.0,0.0,0.0,0.0,0.0,0.0,0.0,0,0
2015-10-22,0.0,0.0,0.0,0.0,0.0,0.0,0.0,0.0,0,0
2015-10-23,0.0,0.0,0.0,0.0,0.0,0.0,0.0,0.0,0,0
2015-10-26,0.0,0.0,0.0,0.0,0.0,0.0,0.0,0.0,0,0
2015-10-27,0.0,0.0,0.0,0.0,0.0,0.0,0.0,0.0,0,0
2015-10-28,0.0,0.0,0.0,0.0,0.0,0.0,0.0,0.0,0,0
2015-10-29,0.0,0.0,0.0,0.0,0.0,0.0,0.0,0.0,0,0
2015-10-30,0.0,0.0,0.0,0.0,0.0,0.0,0.0,0.0,0,0
2015-11-02,0.0,0.0,0.0,0.0,0.0,0.0,0.0,0.0,0,0
2015-11-03,0.0,0.0,0.0,0.0,0.0,0.0,0.0,0.0,0,0
2015-11-04,0.0,0.0,0.0,0.0,0.0,0.0,0.0,0.0,0,0
2015-11-05,0.0,0.0,0.0,0.0,0.0,0.0,0.0,0.0,0,0
2015-11-06,0.0,0.0,0.0,0.0,0.0,0.0,0.0,0.0,0,0
2015-11-09,0.0,0.0,0.0,0.0,0.0,0.0,0.0,0.0,0,0
2015-11-10,0.0,0.0,0.0,0.0,0.0,0.0,0.0,0.0,0,0
2015-11-11,0.0,0.0,0.0,0.0,0.0,0.0,0.0,0.0,0,0
2015-11-12,0.0,0.0,0.0,0.0,0.0,0.0,0.0,0.0,0,0
2015-11-13,0.0,0.0,0.0,0.0,0.0,0.0,0.0,0.0,0,0
2015-11-16,0.0,0.0,0.0,0.0,0.0,0.0,0.0,0.0,0,0
2015-11-17,0.0,0.0,0.0,0.0,0.0,0.0,0.0,0.0,0,0
2015-11-18,0.0,0.0,0.0,0.0,0.0,0.0,0.0,0.0,0,0
2015-11-19,0.0,0.0,0.0,0.0,0.0,0.0,0.0,0.0,0,0
2015-11-20,0.0,0.0,0.0,0.0,0.0,0.0,0.0,0.0,0,0
2015-11-23,0.0,0.0,0.0,0.0,0.0,0.0,0.0,0.0,0,0
2015-11-24,0.0,0.0,0.0,0.0,0.0,0.0,0.0,0.0,0,0
2015-11-25,0.0,0.0,0.0,0.0,0.0,0.0,0.0,0.0,0,0
2015-11-27,0.0,0.0,0.0,0.0,0.0,0.0,0.0,0.0,0,0
2015-11-30,0.0,0.0,0.0,0.0,0.0,0.0,0.0,0.0,0,0
2015-12-01,0.0,0.0,0.0,0.0,0.0,0.0,0.0,0.0,0,0
2015-12-02,0.0,0.0,0.0,0.0,0.0,0.0,0.0,0.0,0,0
2015-12-03,0.0,0.0,0.0,0.0,0.0,0.0,0.0,0.0,0,0
2015-12-04,0.0,0.0,0.0,0.0,0.0,0.0,0.0,0.0,0,0
2015-12-07,0.0,0.0,0.0,0.0,0.0,0.0,0.0,0.0,0,0
2015-12-08,2334246.8322150535,164145.5314424276,5090.915193843464,2165010.3855787823,500000000.0,320727657.21213824,820727657.2121382,820727657.2121383,35,35
2015-12-09,0.0,164145.5314424276,0.0,-164145.5314424276,0.0,0.0,0.0,820727657.2121383,0,0
2015-12-10,0.0,0.0,0.0,0.0,0.0,0.0,0.0,0.0,0,0
2015-12-11,-123139.425004067,163911.0909147169,5072.308802755311,-292122.8247215392,499999999.99999994,319555454.5735845,819555454.5735844,819555454.5735844,36,36
2015-12-14,4062097.4589006486,311789.94972352084,3672.9337431590393,3746634.575433969,500000000.00000006,231394825.81901953,731394825.8190196,917415955.133111,36,36
2015-12-15,0.0,146278.96516380392,0.0,-146278.96516380392,0.0,0.0,0.0,731394825.8190196,0,0
2015-12-16,0.0,0.0,0.0,0.0,0.0,0.0,0.0,0.0,0,0
2015-12-17,0.0,0.0,0.0,0.0,0.0,0.0,0.0,0.0,0,0
2015-12-18,1072821.7447294986,150533.93020379153,4010.6293812532936,918277.1851444539,500000000.0,252669651.0189575,752669651.0189575,752669651.0189575,36,36
2015-12-21,0.0,150533.93020379153,0.0,-150533.93020379153,0.0,0.0,0.0,752669651.0189575,0,0
2015-12-22,0.0,0.0,0.0,0.0,0.0,0.0,0.0,0.0,0,0
2015-12-23,0.0,0.0,0.0,0.0,0.0,0.0,0.0,0.0,0,0
2015-12-24,0.0,0.0,0.0,0.0,0.0,0.0,0.0,0.0,0,0
2015-12-28,0.0,0.0,0.0,0.0,0.0,0.0,0.0,0.0,0,0
2015-12-29,0.0,0.0,0.0,0.0,0.0,0.0,0.0,0.0,0,0
2015-12-30,0.0,0.0,0.0,0.0,0.0,0.0,0.0,0.0,0,0
2015-12-31,0.0,0.0,0.0,0.0,0.0,0.0,0.0,0.0,0,0
2016-01-04,969364.6655863485,143792.38765414184,3475.58632175729,822096.6916104493,500000000.0,218961938.27070925,718961938.2707093,718961938.2707093,38,38
2016-01-05,0.0,143792.38765414184,0.0,-143792.38765414184,0.0,0.0,0.0,718961938.2707093,0,0
2016-01-06,-6636997.913331456,159526.5173292072,4724.3267721593,-6801248.757432822,499999999.99999994,297632586.646036,797632586.6460359,797632586.6460359,38,38
2016-01-07,5041678.488535791,328307.096144052,5458.776096416258,4707912.616295322,499999999.99999994,343902894.0742243,843902894.0742242,922226029.0590892,38,38
2016-01-08,2746049.4183394588,348242.403612857,6171.239404683504,2391635.775321918,500000000.00000006,388788082.4950608,888788082.4950609,834766762.8279486,38,38
2016-01-11,5338110.331396049,320680.39544479345,3216.9765249091865,5014212.959426346,500000000.0,202669521.06927875,702669521.0692787,653479227.8098103,38,38
2016-01-12,1721222.91279138,326164.02244574577,6796.041129515079,1388262.8492161192,499999999.99999994,428150591.15945005,928150591.15945,963188675.5791202,38,38
2016-01-13,0.0,185630.11823189,0.0,-185630.11823189,0.0,0.0,0.0,928150591.1594499,0,0
2016-01-14,-11416491.57576329,182862.3267132921,6576.375135975555,-11605930.277612558,499999999.99999994,414311633.56646,914311633.5664599,914311633.56646,38,38
2016-01-15,6709091.92174635,337726.36902387935,4062.5040228243847,6367303.048699646,500000000.00000006,255937753.43793628,755937753.4379363,1398973229.728088,37,37
2016-01-19,-5404136.18469503,310880.4642075987,4737.5328190485325,-5719754.181721677,500000000.00000006,298464567.60005754,798464567.6000576,1395533507.5159118,37,37
2016-01-20,-535197.4537866884,344846.5140170684,6758.2222616711815,-886802.1900654279,500000000.0,425768002.4852845,925768002.4852846,1440035223.262369,36,36
2016-01-21,7982716.299452903,359599.50579979643,5639.24875847138,7617477.544894635,499999999.99999994,355272671.783697,855272671.7836969,1360578411.3179812,35,35
2016-01-22,-4618727.390537615,316629.347482339,3617.0486607618527,-4938973.786680716,500000000.0,227874065.62799677,727874065.6279968,1248826297.9615448,36,36
2016-01-25,1925567.6873772936,323427.1948323586,4636.235385684854,1597504.2571592503,500000000.0,292082829.2981458,792082829.2981458,1285020603.1927896,36,36
2016-01-26,0.0,158416.56585962905,0.0,-158416.56585962905,0.0,0.0,0.0,792082829.2981458,0,0
2016-01-27,0.0,0.0,0.0,0.0,0.0,0.0,0.0,0.0,0,0
2016-01-28,0.0,0.0,0.0,0.0,0.0,0.0,0.0,0.0,0,0
2016-01-29,0.0,0.0,0.0,0.0,0.0,0.0,0.0,0.0,0,0
2016-02-01,0.0,0.0,0.0,0.0,0.0,0.0,0.0,0.0,0,0
2016-02-02,3277703.045012215,191973.034002782,7299.447143077932,3078430.5638663555,500000000.0,459865170.01390976,959865170.0139098,959865170.0139097,35,35
2016-02-03,0.0,191973.034002782,0.0,-191973.034002782,0.0,0.0,0.0,959865170.0139097,0,0
2016-02-04,0.0,0.0,0.0,0.0,0.0,0.0,0.0,0.0,0,0
2016-02-05,-7053135.227303768,173965.88832875498,5870.308597520237,-7232971.424230043,500000000.0,369829441.643775,869829441.643775,869829441.643775,35,35
2016-02-08,-9600725.723582318,351282.0711004439,5603.285074816579,-9957611.079757579,500000000.0,353006959.71344453,853006959.7134445,1230024349.7047143,37,37
2016-02-09,6632126.236199767,346895.729500754,6055.106155401993,6279175.4005436115,500000000.0,381471687.7903255,881471687.7903255,1047180522.5299186,37,37
2016-02-10,-2796068.2509968295,344090.98685149103,5269.762355192543,-3145429.000203513,500000000.00000006,331995028.37713027,831995028.3771303,1203648929.092939,36,36
2016-02-11,2660494.033060368,339710.8764144806,5105.898517352163,2315677.2581285355,500000000.00000006,321671606.59318626,821671606.5931864,1303128453.2215936,36,36
2016-02-12,9076373.89732436,354755.3209172121,7176.2698094107045,8714442.30659774,500000000.0,452104997.9928743,952104997.9928744,1309748441.256651,37,37
2016-02-16,3289801.134045828,369267.4686815142,4974.451717464448,2915559.2136468496,499999999.99999994,313390458.2002603,813390458.2002602,1331097360.0744138,38,38
2016-02-17,101471.84195291379,366271.02543429675,6514.868765349894,-271314.05224673287,500000000.00000006,410436732.2170433,910436732.2170434,1321992402.7121572,37,37
2016-02-18,2792505.0460278657,396722.8572963654,7936.507936507937,2387845.6807949925,499999999.99999994,500000000.0,1000000000.0,1612070995.7977626,36,36
2016-02-19,3913734.350902284,427021.8762375801,7936.5079365079355,3478775.966728196,500000000.0,500000000.0,1000000000.0,1400745518.3787243,37,37
2016-02-22,0.0,200000.0,0.0,-200000.0,0.0,0.0,0.0,1000000000.0,0,0
2016-02-23,-1302434.5072548562,200000.00000000003,7936.507936507939,-1510371.015191364,500000000.0,500000000.0,1000000000.0,1000000000.0,37,37
2016-02-24,0.0,200000.00000000003,0.0,-200000.00000000003,0.0,0.0,0.0,1000000000.0,0,0
2016-02-25,0.0,0.0,0.0,0.0,0.0,0.0,0.0,0.0,0,0
2016-02-26,0.0,0.0,0.0,0.0,0.0,0.0,0.0,0.0,0,0
2016-02-29,0.0,0.0,0.0,0.0,0.0,0.0,0.0,0.0,0,0
2016-03-01,0.0,0.0,0.0,0.0,0.0,0.0,0.0,0.0,0,0
2016-03-02,0.0,0.0,0.0,0.0,0.0,0.0,0.0,0.0,0,0
2016-03-03,0.0,0.0,0.0,0.0,0.0,0.0,0.0,0.0,0,0
2016-03-04,0.0,0.0,0.0,0.0,0.0,0.0,0.0,0.0,0,0
2016-03-07,0.0,0.0,0.0,0.0,0.0,0.0,0.0,0.0,0,0
2016-03-08,0.0,0.0,0.0,0.0,0.0,0.0,0.0,0.0,0,0
2016-03-09,0.0,0.0,0.0,0.0,0.0,0.0,0.0,0.0,0,0
2016-03-10,0.0,0.0,0.0,0.0,0.0,0.0,0.0,0.0,0,0
2016-03-11,0.0,0.0,0.0,0.0,0.0,0.0,0.0,0.0,0,0
2016-03-14,0.0,0.0,0.0,0.0,0.0,0.0,0.0,0.0,0,0
2016-03-15,-381089.99345992744,191651.49328374222,7273.928038392231,-580015.4147820619,500000000.00000006,458257466.41871053,958257466.4187106,958257466.4187106,39,39
2016-03-16,0.0,191651.49328374222,0.0,-191651.49328374222,0.0,0.0,0.0,958257466.4187106,0,0
2016-03-17,0.0,0.0,0.0,0.0,0.0,0.0,0.0,0.0,0,0
2016-03-18,0.0,0.0,0.0,0.0,0.0,0.0,0.0,0.0,0,0
2016-03-21,0.0,0.0,0.0,0.0,0.0,0.0,0.0,0.0,0,0
2016-03-22,0.0,0.0,0.0,0.0,0.0,0.0,0.0,0.0,0,0
2016-03-23,0.0,0.0,0.0,0.0,0.0,0.0,0.0,0.0,0,0
2016-03-24,0.0,0.0,0.0,0.0,0.0,0.0,0.0,0.0,0,0
2016-03-28,0.0,0.0,0.0,0.0,0.0,0.0,0.0,0.0,0,0
2016-03-29,0.0,0.0,0.0,0.0,0.0,0.0,0.0,0.0,0,0
2016-03-30,0.0,0.0,0.0,0.0,0.0,0.0,0.0,0.0,0,0
2016-03-31,0.0,0.0,0.0,0.0,0.0,0.0,0.0,0.0,0,0
2016-04-01,0.0,0.0,0.0,0.0,0.0,0.0,0.0,0.0,0,0
2016-04-04,0.0,0.0,0.0,0.0,0.0,0.0,0.0,0.0,0,0
2016-04-05,0.0,0.0,0.0,0.0,0.0,0.0,0.0,0.0,0,0
2016-04-06,0.0,0.0,0.0,0.0,0.0,0.0,0.0,0.0,0,0
2016-04-07,0.0,0.0,0.0,0.0,0.0,0.0,0.0,0.0,0,0
2016-04-08,0.0,0.0,0.0,0.0,0.0,0.0,0.0,0.0,0,0
2016-04-11,0.0,0.0,0.0,0.0,0.0,0.0,0.0,0.0,0,0
2016-04-12,0.0,0.0,0.0,0.0,0.0,0.0,0.0,0.0,0,0
2016-04-13,0.0,0.0,0.0,0.0,0.0,0.0,0.0,0.0,0,0
2016-04-14,0.0,0.0,0.0,0.0,0.0,0.0,0.0,0.0,0,0
2016-04-15,0.0,0.0,0.0,0.0,0.0,0.0,0.0,0.0,0,0
2016-04-18,0.0,0.0,0.0,0.0,0.0,0.0,0.0,0.0,0,0
2016-04-19,0.0,0.0,0.0,0.0,0.0,0.0,0.0,0.0,0,0
2016-04-20,0.0,0.0,0.0,0.0,0.0,0.0,0.0,0.0,0,0
2016-04-21,0.0,0.0,0.0,0.0,0.0,0.0,0.0,0.0,0,0
2016-04-22,0.0,0.0,0.0,0.0,0.0,0.0,0.0,0.0,0,0
2016-04-25,0.0,0.0,0.0,0.0,0.0,0.0,0.0,0.0,0,0
2016-04-26,0.0,0.0,0.0,0.0,0.0,0.0,0.0,0.0,0,0
2016-04-27,0.0,0.0,0.0,0.0,0.0,0.0,0.0,0.0,0,0
2016-04-28,0.0,0.0,0.0,0.0,0.0,0.0,0.0,0.0,0,0
2016-04-29,0.0,0.0,0.0,0.0,0.0,0.0,0.0,0.0,0,0
2016-05-02,0.0,0.0,0.0,0.0,0.0,0.0,0.0,0.0,0,0
2016-05-03,660907.5176834728,153360.5754163109,4234.966302881817,503311.9759642801,499999999.99999994,266802877.0815545,766802877.0815544,766802877.0815545,34,34
2016-05-04,5168574.482821162,353360.5754163108,7936.507936507937,4807277.399468343,500000000.0,500000000.0,1000000000.0,1011965108.7206713,32,32
2016-05-05,0.0,199999.99999999988,0.0,-199999.99999999988,0.0,0.0,0.0,1000000000.0,0,0
2016-05-06,0.0,0.0,0.0,0.0,0.0,0.0,0.0,0.0,0,0
2016-05-09,0.0,0.0,0.0,0.0,0.0,0.0,0.0,0.0,0,0
2016-05-10,0.0,0.0,0.0,0.0,0.0,0.0,0.0,0.0,0,0
2016-05-11,0.0,0.0,0.0,0.0,0.0,0.0,0.0,0.0,0,0
2016-05-12,0.0,0.0,0.0,0.0,0.0,0.0,0.0,0.0,0,0
2016-05-13,0.0,0.0,0.0,0.0,0.0,0.0,0.0,0.0,0,0
2016-05-16,0.0,0.0,0.0,0.0,0.0,0.0,0.0,0.0,0,0
2016-05-17,0.0,0.0,0.0,0.0,0.0,0.0,0.0,0.0,0,0
2016-05-18,0.0,0.0,0.0,0.0,0.0,0.0,0.0,0.0,0,0
2016-05-19,0.0,0.0,0.0,0.0,0.0,0.0,0.0,0.0,0,0
2016-05-20,0.0,0.0,0.0,0.0,0.0,0.0,0.0,0.0,0,0
2016-05-23,0.0,0.0,0.0,0.0,0.0,0.0,0.0,0.0,0,0
2016-05-24,0.0,0.0,0.0,0.0,0.0,0.0,0.0,0.0,0,0
2016-05-25,0.0,0.0,0.0,0.0,0.0,0.0,0.0,0.0,0,0
2016-05-26,0.0,0.0,0.0,0.0,0.0,0.0,0.0,0.0,0,0
2016-05-27,0.0,0.0,0.0,0.0,0.0,0.0,0.0,0.0,0,0
2016-05-31,0.0,0.0,0.0,0.0,0.0,0.0,0.0,0.0,0,0
2016-06-01,0.0,0.0,0.0,0.0,0.0,0.0,0.0,0.0,0,0
2016-06-02,0.0,0.0,0.0,0.0,0.0,0.0,0.0,0.0,0,0
2016-06-03,0.0,0.0,0.0,0.0,0.0,0.0,0.0,0.0,0,0
2016-06-06,0.0,0.0,0.0,0.0,0.0,0.0,0.0,0.0,0,0
2016-06-07,0.0,0.0,0.0,0.0,0.0,0.0,0.0,0.0,0,0
2016-06-08,0.0,0.0,0.0,0.0,0.0,0.0,0.0,0.0,0,0
2016-06-09,0.0,0.0,0.0,0.0,0.0,0.0,0.0,0.0,0,0
2016-06-10,-1714068.0079442828,146521.8045692724,3692.2067118470163,-1864282.0192254023,500000000.0,232609022.84636202,732609022.846362,732609022.846362,36,36
2016-06-13,0.0,146521.8045692724,0.0,-146521.8045692724,0.0,0.0,0.0,732609022.846362,0,0
2016-06-14,0.0,0.0,0.0,0.0,0.0,0.0,0.0,0.0,0,0
2016-06-15,0.0,0.0,0.0,0.0,0.0,0.0,0.0,0.0,0,0
2016-06-16,0.0,0.0,0.0,0.0,0.0,0.0,0.0,0.0,0,0
2016-06-17,0.0,0.0,0.0,0.0,0.0,0.0,0.0,0.0,0,0
2016-06-20,0.0,0.0,0.0,0.0,0.0,0.0,0.0,0.0,0,0
2016-06-21,0.0,0.0,0.0,0.0,0.0,0.0,0.0,0.0,0,0
2016-06-22,0.0,0.0,0.0,0.0,0.0,0.0,0.0,0.0,0,0
2016-06-23,0.0,0.0,0.0,0.0,0.0,0.0,0.0,0.0,0,0
2016-06-24,-2553242.776602952,199999.99999999994,7936.507936507935,-2761179.2845394597,500000000.0,500000000.0,1000000000.0,1000000000.0,37,37
2016-06-27,11143203.696000777,368445.71302363864,5432.199446320527,10769325.783530818,500000000.0,342228565.11819327,842228565.1181933,1145610006.8204749,38,38
2016-06-28,5680398.043214757,338712.19764198485,5542.363067027481,5336143.482505745,500000000.0,349168873.22273123,849168873.2227312,1292139256.8145018,38,38
2016-06-29,-392863.0134408615,339285.03939860704,5512.005139211171,-737660.0579786797,500000000.0,347256323.7703038,847256323.7703037,1310949781.9342325,38,38
2016-06-30,-1461501.4182443395,360038.3051415533,7189.4476498009835,-1828729.1710356937,500000000.0,452935201.93746203,952935201.9374621,1670802550.2460303,38,38
2016-07-01,2261189.625218181,410139.1510707329,6677.908680230024,1844372.5654672182,500000000.0,420708246.85449153,920708246.8544915,1674074687.848962,38,38
2016-07-05,0.0,184141.6493708983,0.0,-184141.6493708983,0.0,0.0,0.0,920708246.8544915,0,0
2016-07-06,3331894.5896309135,157942.19274977772,6279.651169831052,3167672.7457113047,394092940.0495323,395618023.69935626,789710963.7488885,789710963.7488885,38,38
2016-07-07,0.0,157942.19274977772,0.0,-157942.19274977772,0.0,0.0,0.0,789710963.7488885,0,0
2016-07-08,0.0,0.0,0.0,0.0,0.0,0.0,0.0,0.0,0,0
2016-07-11,0.0,0.0,0.0,0.0,0.0,0.0,0.0,0.0,0,0
2016-07-12,0.0,0.0,0.0,0.0,0.0,0.0,0.0,0.0,0,0
2016-07-13,0.0,0.0,0.0,0.0,0.0,0.0,0.0,0.0,0,0
2016-07-14,0.0,0.0,0.0,0.0,0.0,0.0,0.0,0.0,0,0
2016-07-15,0.0,0.0,0.0,0.0,0.0,0.0,0.0,0.0,0,0
2016-07-18,0.0,0.0,0.0,0.0,0.0,0.0,0.0,0.0,0,0
2016-07-19,0.0,0.0,0.0,0.0,0.0,0.0,0.0,0.0,0,0
2016-07-20,0.0,0.0,0.0,0.0,0.0,0.0,0.0,0.0,0,0
2016-07-21,0.0,0.0,0.0,0.0,0.0,0.0,0.0,0.0,0,0
2016-07-22,0.0,0.0,0.0,0.0,0.0,0.0,0.0,0.0,0,0
2016-07-25,0.0,0.0,0.0,0.0,0.0,0.0,0.0,0.0,0,0
2016-07-26,0.0,0.0,0.0,0.0,0.0,0.0,0.0,0.0,0,0
2016-07-27,0.0,0.0,0.0,0.0,0.0,0.0,0.0,0.0,0,0
2016-07-28,0.0,0.0,0.0,0.0,0.0,0.0,0.0,0.0,0,0
2016-07-29,0.0,0.0,0.0,0.0,0.0,0.0,0.0,0.0,0,0
2016-08-01,0.0,0.0,0.0,0.0,0.0,0.0,0.0,0.0,0,0
2016-08-02,0.0,0.0,0.0,0.0,0.0,0.0,0.0,0.0,0,0
2016-08-03,0.0,0.0,0.0,0.0,0.0,0.0,0.0,0.0,0,0
2016-08-04,0.0,0.0,0.0,0.0,0.0,0.0,0.0,0.0,0,0
2016-08-05,0.0,0.0,0.0,0.0,0.0,0.0,0.0,0.0,0,0
2016-08-08,0.0,0.0,0.0,0.0,0.0,0.0,0.0,0.0,0,0
2016-08-09,0.0,0.0,0.0,0.0,0.0,0.0,0.0,0.0,0,0
2016-08-10,0.0,0.0,0.0,0.0,0.0,0.0,0.0,0.0,0,0
2016-08-11,0.0,0.0,0.0,0.0,0.0,0.0,0.0,0.0,0,0
2016-08-12,0.0,0.0,0.0,0.0,0.0,0.0,0.0,0.0,0,0
2016-08-15,0.0,0.0,0.0,0.0,0.0,0.0,0.0,0.0,0,0
2016-08-16,0.0,0.0,0.0,0.0,0.0,0.0,0.0,0.0,0,0
2016-08-17,0.0,0.0,0.0,0.0,0.0,0.0,0.0,0.0,0,0
2016-08-18,0.0,0.0,0.0,0.0,0.0,0.0,0.0,0.0,0,0
2016-08-19,0.0,0.0,0.0,0.0,0.0,0.0,0.0,0.0,0,0
2016-08-22,0.0,0.0,0.0,0.0,0.0,0.0,0.0,0.0,0,0
2016-08-23,0.0,0.0,0.0,0.0,0.0,0.0,0.0,0.0,0,0
2016-08-24,0.0,0.0,0.0,0.0,0.0,0.0,0.0,0.0,0,0
2016-08-25,0.0,0.0,0.0,0.0,0.0,0.0,0.0,0.0,0,0
2016-08-26,0.0,0.0,0.0,0.0,0.0,0.0,0.0,0.0,0,0
2016-08-29,0.0,0.0,0.0,0.0,0.0,0.0,0.0,0.0,0,0
2016-08-30,0.0,0.0,0.0,0.0,0.0,0.0,0.0,0.0,0,0
2016-08-31,0.0,0.0,0.0,0.0,0.0,0.0,0.0,0.0,0,0
2016-09-01,0.0,0.0,0.0,0.0,0.0,0.0,0.0,0.0,0,0
2016-09-02,0.0,0.0,0.0,0.0,0.0,0.0,0.0,0.0,0,0
2016-09-06,0.0,0.0,0.0,0.0,0.0,0.0,0.0,0.0,0,0
2016-09-07,0.0,0.0,0.0,0.0,0.0,0.0,0.0,0.0,0,0
2016-09-08,0.0,0.0,0.0,0.0,0.0,0.0,0.0,0.0,0,0
2016-09-09,0.0,0.0,0.0,0.0,0.0,0.0,0.0,0.0,0,0
2016-09-12,0.0,0.0,0.0,0.0,0.0,0.0,0.0,0.0,0,0
2016-09-13,0.0,0.0,0.0,0.0,0.0,0.0,0.0,0.0,0,0
2016-09-14,0.0,0.0,0.0,0.0,0.0,0.0,0.0,0.0,0,0
2016-09-15,0.0,0.0,0.0,0.0,0.0,0.0,0.0,0.0,0,0
2016-09-16,0.0,0.0,0.0,0.0,0.0,0.0,0.0,0.0,0,0
2016-09-19,0.0,0.0,0.0,0.0,0.0,0.0,0.0,0.0,0,0
2016-09-20,0.0,0.0,0.0,0.0,0.0,0.0,0.0,0.0,0,0
2016-09-21,0.0,0.0,0.0,0.0,0.0,0.0,0.0,0.0,0,0
2016-09-22,0.0,0.0,0.0,0.0,0.0,0.0,0.0,0.0,0,0
2016-09-23,0.0,0.0,0.0,0.0,0.0,0.0,0.0,0.0,0,0
2016-09-26,0.0,0.0,0.0,0.0,0.0,0.0,0.0,0.0,0,0
2016-09-27,0.0,0.0,0.0,0.0,0.0,0.0,0.0,0.0,0,0
2016-09-28,0.0,0.0,0.0,0.0,0.0,0.0,0.0,0.0,0,0
2016-09-29,0.0,0.0,0.0,0.0,0.0,0.0,0.0,0.0,0,0
2016-09-30,0.0,0.0,0.0,0.0,0.0,0.0,0.0,0.0,0,0
2016-10-03,0.0,0.0,0.0,0.0,0.0,0.0,0.0,0.0,0,0
2016-10-04,0.0,0.0,0.0,0.0,0.0,0.0,0.0,0.0,0,0
2016-10-05,0.0,0.0,0.0,0.0,0.0,0.0,0.0,0.0,0,0
2016-10-06,0.0,0.0,0.0,0.0,0.0,0.0,0.0,0.0,0,0
2016-10-07,0.0,0.0,0.0,0.0,0.0,0.0,0.0,0.0,0,0
2016-10-10,0.0,0.0,0.0,0.0,0.0,0.0,0.0,0.0,0,0
2016-10-11,0.0,0.0,0.0,0.0,0.0,0.0,0.0,0.0,0,0
2016-10-12,0.0,0.0,0.0,0.0,0.0,0.0,0.0,0.0,0,0
2016-10-13,0.0,0.0,0.0,0.0,0.0,0.0,0.0,0.0,0,0
2016-10-14,0.0,0.0,0.0,0.0,0.0,0.0,0.0,0.0,0,0
2016-10-17,0.0,0.0,0.0,0.0,0.0,0.0,0.0,0.0,0,0
2016-10-18,0.0,0.0,0.0,0.0,0.0,0.0,0.0,0.0,0,0
2016-10-19,0.0,0.0,0.0,0.0,0.0,0.0,0.0,0.0,0,0
2016-10-20,0.0,0.0,0.0,0.0,0.0,0.0,0.0,0.0,0,0
2016-10-21,0.0,0.0,0.0,0.0,0.0,0.0,0.0,0.0,0,0
2016-10-24,0.0,0.0,0.0,0.0,0.0,0.0,0.0,0.0,0,0
2016-10-25,0.0,0.0,0.0,0.0,0.0,0.0,0.0,0.0,0,0
2016-10-26,0.0,0.0,0.0,0.0,0.0,0.0,0.0,0.0,0,0
2016-10-27,0.0,0.0,0.0,0.0,0.0,0.0,0.0,0.0,0,0
2016-10-28,0.0,0.0,0.0,0.0,0.0,0.0,0.0,0.0,0,0
2016-10-31,0.0,0.0,0.0,0.0,0.0,0.0,0.0,0.0,0,0
2016-11-01,0.0,0.0,0.0,0.0,0.0,0.0,0.0,0.0,0,0
2016-11-02,0.0,0.0,0.0,0.0,0.0,0.0,0.0,0.0,0,0
2016-11-03,0.0,0.0,0.0,0.0,0.0,0.0,0.0,0.0,0,0
2016-11-04,0.0,0.0,0.0,0.0,0.0,0.0,0.0,0.0,0,0
2016-11-07,0.0,0.0,0.0,0.0,0.0,0.0,0.0,0.0,0,0
2016-11-08,0.0,0.0,0.0,0.0,0.0,0.0,0.0,0.0,0,0
2016-11-09,0.0,0.0,0.0,0.0,0.0,0.0,0.0,0.0,0,0
2016-11-10,0.0,0.0,0.0,0.0,0.0,0.0,0.0,0.0,0,0
2016-11-11,0.0,0.0,0.0,0.0,0.0,0.0,0.0,0.0,0,0
2016-11-14,0.0,0.0,0.0,0.0,0.0,0.0,0.0,0.0,0,0
2016-11-15,0.0,0.0,0.0,0.0,0.0,0.0,0.0,0.0,0,0
2016-11-16,0.0,0.0,0.0,0.0,0.0,0.0,0.0,0.0,0,0
2016-11-17,0.0,0.0,0.0,0.0,0.0,0.0,0.0,0.0,0,0
2016-11-18,0.0,0.0,0.0,0.0,0.0,0.0,0.0,0.0,0,0
2016-11-21,0.0,0.0,0.0,0.0,0.0,0.0,0.0,0.0,0,0
2016-11-22,0.0,0.0,0.0,0.0,0.0,0.0,0.0,0.0,0,0
2016-11-23,0.0,0.0,0.0,0.0,0.0,0.0,0.0,0.0,0,0
2016-11-25,0.0,0.0,0.0,0.0,0.0,0.0,0.0,0.0,0,0
2016-11-28,0.0,0.0,0.0,0.0,0.0,0.0,0.0,0.0,0,0
2016-11-29,0.0,0.0,0.0,0.0,0.0,0.0,0.0,0.0,0,0
2016-11-30,0.0,0.0,0.0,0.0,0.0,0.0,0.0,0.0,0,0
2016-12-01,0.0,0.0,0.0,0.0,0.0,0.0,0.0,0.0,0,0
2016-12-02,0.0,0.0,0.0,0.0,0.0,0.0,0.0,0.0,0,0
2016-12-05,0.0,0.0,0.0,0.0,0.0,0.0,0.0,0.0,0,0
2016-12-06,0.0,0.0,0.0,0.0,0.0,0.0,0.0,0.0,0,0
2016-12-07,0.0,0.0,0.0,0.0,0.0,0.0,0.0,0.0,0,0
2016-12-08,0.0,0.0,0.0,0.0,0.0,0.0,0.0,0.0,0,0
2016-12-09,0.0,0.0,0.0,0.0,0.0,0.0,0.0,0.0,0,0
2016-12-12,0.0,0.0,0.0,0.0,0.0,0.0,0.0,0.0,0,0
2016-12-13,0.0,0.0,0.0,0.0,0.0,0.0,0.0,0.0,0,0
2016-12-14,0.0,0.0,0.0,0.0,0.0,0.0,0.0,0.0,0,0
2016-12-15,0.0,0.0,0.0,0.0,0.0,0.0,0.0,0.0,0,0
2016-12-16,0.0,0.0,0.0,0.0,0.0,0.0,0.0,0.0,0,0
2016-12-19,0.0,0.0,0.0,0.0,0.0,0.0,0.0,0.0,0,0
2016-12-20,0.0,0.0,0.0,0.0,0.0,0.0,0.0,0.0,0,0
2016-12-21,0.0,0.0,0.0,0.0,0.0,0.0,0.0,0.0,0,0
2016-12-22,0.0,0.0,0.0,0.0,0.0,0.0,0.0,0.0,0,0
2016-12-23,0.0,0.0,0.0,0.0,0.0,0.0,0.0,0.0,0,0
2016-12-27,0.0,0.0,0.0,0.0,0.0,0.0,0.0,0.0,0,0
2016-12-28,0.0,0.0,0.0,0.0,0.0,0.0,0.0,0.0,0,0
2016-12-29,0.0,0.0,0.0,0.0,0.0,0.0,0.0,0.0,0,0
2016-12-30,0.0,0.0,0.0,0.0,0.0,0.0,0.0,0.0,0,0
2017-01-03,0.0,0.0,0.0,0.0,0.0,0.0,0.0,0.0,0,0
2017-01-04,0.0,0.0,0.0,0.0,0.0,0.0,0.0,0.0,0,0
2017-01-05,0.0,0.0,0.0,0.0,0.0,0.0,0.0,0.0,0,0
2017-01-06,0.0,0.0,0.0,0.0,0.0,0.0,0.0,0.0,0,0
2017-01-09,0.0,0.0,0.0,0.0,0.0,0.0,0.0,0.0,0,0
2017-01-10,0.0,0.0,0.0,0.0,0.0,0.0,0.0,0.0,0,0
2017-01-11,0.0,0.0,0.0,0.0,0.0,0.0,0.0,0.0,0,0
2017-01-12,0.0,0.0,0.0,0.0,0.0,0.0,0.0,0.0,0,0
2017-01-13,0.0,0.0,0.0,0.0,0.0,0.0,0.0,0.0,0,0
2017-01-17,0.0,0.0,0.0,0.0,0.0,0.0,0.0,0.0,0,0
2017-01-18,0.0,0.0,0.0,0.0,0.0,0.0,0.0,0.0,0,0
2017-01-19,0.0,0.0,0.0,0.0,0.0,0.0,0.0,0.0,0,0
2017-01-20,0.0,0.0,0.0,0.0,0.0,0.0,0.0,0.0,0,0
2017-01-23,0.0,0.0,0.0,0.0,0.0,0.0,0.0,0.0,0,0
2017-01-24,0.0,0.0,0.0,0.0,0.0,0.0,0.0,0.0,0,0
2017-01-25,0.0,0.0,0.0,0.0,0.0,0.0,0.0,0.0,0,0
2017-01-26,0.0,0.0,0.0,0.0,0.0,0.0,0.0,0.0,0,0
2017-01-27,0.0,0.0,0.0,0.0,0.0,0.0,0.0,0.0,0,0
2017-01-30,0.0,0.0,0.0,0.0,0.0,0.0,0.0,0.0,0,0
2017-01-31,0.0,0.0,0.0,0.0,0.0,0.0,0.0,0.0,0,0
2017-02-01,0.0,0.0,0.0,0.0,0.0,0.0,0.0,0.0,0,0
2017-02-02,0.0,0.0,0.0,0.0,0.0,0.0,0.0,0.0,0,0
2017-02-03,0.0,0.0,0.0,0.0,0.0,0.0,0.0,0.0,0,0
2017-02-06,0.0,0.0,0.0,0.0,0.0,0.0,0.0,0.0,0,0
2017-02-07,0.0,0.0,0.0,0.0,0.0,0.0,0.0,0.0,0,0
2017-02-08,2545701.273913071,199999.99999999994,7936.5079365079355,2337764.765976563,500000000.0,500000000.0,1000000000.0,1000000000.0,35,35
2017-02-09,0.0,199999.99999999994,0.0,-199999.99999999994,0.0,0.0,0.0,1000000000.0,0,0
2017-02-10,0.0,0.0,0.0,0.0,0.0,0.0,0.0,0.0,0,0
2017-02-13,0.0,0.0,0.0,0.0,0.0,0.0,0.0,0.0,0,0
2017-02-14,2175002.4101353185,185215.97576190607,6763.172679516346,1983023.2616938963,500000000.0,426079878.8095298,926079878.8095298,926079878.8095298,38,38
2017-02-15,0.0,185215.97576190607,0.0,-185215.97576190607,0.0,0.0,0.0,926079878.8095298,0,0
2017-02-16,0.0,0.0,0.0,0.0,0.0,0.0,0.0,0.0,0,0
2017-02-17,0.0,0.0,0.0,0.0,0.0,0.0,0.0,0.0,0,0
2017-02-21,0.0,0.0,0.0,0.0,0.0,0.0,0.0,0.0,0,0
2017-02-22,0.0,0.0,0.0,0.0,0.0,0.0,0.0,0.0,0,0
2017-02-23,0.0,0.0,0.0,0.0,0.0,0.0,0.0,0.0,0,0
2017-02-24,945683.6363812137,154798.75309447627,7511.606109475013,783373.2771772624,300762580.57545525,473231184.89692575,773993765.472381,773993765.472381,38,38
2017-02-27,0.0,154798.75309447627,0.0,-154798.75309447627,0.0,0.0,0.0,773993765.472381,0,0
2017-02-28,0.0,0.0,0.0,0.0,0.0,0.0,0.0,0.0,0,0
2017-03-01,0.0,0.0,0.0,0.0,0.0,0.0,0.0,0.0,0,0
2017-03-02,0.0,0.0,0.0,0.0,0.0,0.0,0.0,0.0,0,0
2017-03-03,0.0,0.0,0.0,0.0,0.0,0.0,0.0,0.0,0,0
2017-03-06,1218548.6272580002,175998.36772257718,6031.616485918822,1036518.6430495041,500000000.0,379991838.6128858,879991838.6128857,879991838.6128858,40,40
2017-03-07,0.0,175998.36772257718,0.0,-175998.36772257718,0.0,0.0,0.0,879991838.6128858,0,0
2017-03-08,0.0,0.0,0.0,0.0,0.0,0.0,0.0,0.0,0,0
2017-03-09,2261453.5917389006,194199.73120490627,7936.507936507937,2059317.3525974865,470998656.0245313,500000000.0,970998656.0245314,970998656.0245312,40,40
2017-03-10,0.0,194199.73120490627,0.0,-194199.73120490627,0.0,0.0,0.0,970998656.0245312,0,0
2017-03-13,0.0,0.0,0.0,0.0,0.0,0.0,0.0,0.0,0,0
2017-03-14,0.0,0.0,0.0,0.0,0.0,0.0,0.0,0.0,0,0
2017-03-15,0.0,0.0,0.0,0.0,0.0,0.0,0.0,0.0,0,0
2017-03-16,0.0,0.0,0.0,0.0,0.0,0.0,0.0,0.0,0,0
2017-03-17,0.0,0.0,0.0,0.0,0.0,0.0,0.0,0.0,0,0
2017-03-20,0.0,0.0,0.0,0.0,0.0,0.0,0.0,0.0,0,0
2017-03-21,0.0,0.0,0.0,0.0,0.0,0.0,0.0,0.0,0,0
2017-03-22,57542.5863347855,200000.00000000006,7936.5079365079355,-150393.92160172248,500000000.0,500000000.0,1000000000.0,1000000000.0,40,40
2017-03-23,0.0,200000.00000000006,0.0,-200000.00000000006,0.0,0.0,0.0,1000000000.0,0,0
2017-03-24,0.0,0.0,0.0,0.0,0.0,0.0,0.0,0.0,0,0
2017-03-27,2599084.2191540296,200000.00000000003,7936.507936507937,2391147.7112175217,500000000.0,499999999.99999994,1000000000.0,999999999.9999999,41,41
2017-03-28,1463053.8032693842,394172.50712499366,7474.008501983617,1061407.2876424068,499999999.99999994,470862535.6249678,970862535.6249678,1021670561.561547,41,41
2017-03-29,0.0,194172.5071249935,0.0,-194172.5071249935,0.0,0.0,0.0,970862535.6249677,0,0
2017-03-30,0.0,0.0,0.0,0.0,0.0,0.0,0.0,0.0,0,0
2017-03-31,0.0,0.0,0.0,0.0,0.0,0.0,0.0,0.0,0,0
2017-04-03,0.0,0.0,0.0,0.0,0.0,0.0,0.0,0.0,0,0
2017-04-04,0.0,0.0,0.0,0.0,0.0,0.0,0.0,0.0,0,0
2017-04-05,0.0,0.0,0.0,0.0,0.0,0.0,0.0,0.0,0,0
2017-04-06,0.0,0.0,0.0,0.0,0.0,0.0,0.0,0.0,0,0
2017-04-07,615806.933295172,152179.69994384996,4141.246027289682,459485.98732403247,500000000.0,260898499.71925002,760898499.71925,760898499.7192501,40,40
2017-04-10,0.0,152179.69994384996,0.0,-152179.69994384996,0.0,0.0,0.0,760898499.7192501,0,0
2017-04-11,0.0,0.0,0.0,0.0,0.0,0.0,0.0,0.0,0,0
2017-04-12,0.0,0.0,0.0,0.0,0.0,0.0,0.0,0.0,0,0
2017-04-13,1362629.320382491,170024.11923965497,5557.469780925001,1187047.731361911,500000000.0,350120596.198275,850120596.1982751,850120596.198275,40,40
2017-04-17,0.0,170024.11923965497,0.0,-170024.11923965497,0.0,0.0,0.0,850120596.198275,0,0
2017-04-18,5091699.373839447,156997.7149393827,4523.628169792279,4930178.030730272,500000000.00000006,284988574.69691354,784988574.6969136,784988574.6969136,38,38
2017-04-19,0.0,156997.7149393827,0.0,-156997.7149393827,0.0,0.0,0.0,784988574.6969136,0,0
2017-04-20,0.0,0.0,0.0,0.0,0.0,0.0,0.0,0.0,0,0
2017-04-21,0.0,0.0,0.0,0.0,0.0,0.0,0.0,0.0,0,0
2017-04-24,0.0,0.0,0.0,0.0,0.0,0.0,0.0,0.0,0,0
2017-04-25,0.0,0.0,0.0,0.0,0.0,0.0,0.0,0.0,0,0
2017-04-26,0.0,0.0,0.0,0.0,0.0,0.0,0.0,0.0,0,0
2017-04-27,0.0,0.0,0.0,0.0,0.0,0.0,0.0,0.0,0,0
2017-04-28,0.0,0.0,0.0,0.0,0.0,0.0,0.0,0.0,0,0
2017-05-01,0.0,0.0,0.0,0.0,0.0,0.0,0.0,0.0,0,0
2017-05-02,0.0,0.0,0.0,0.0,0.0,0.0,0.0,0.0,0,0
2017-05-03,-649367.3516224036,168811.4878047249,5461.229190851174,-823640.0686179796,500000000.00000006,344057439.023624,844057439.0236241,844057439.0236241,33,33
2017-05-04,0.0,168811.4878047249,0.0,-168811.4878047249,0.0,0.0,0.0,844057439.0236241,0,0
2017-05-05,0.0,0.0,0.0,0.0,0.0,0.0,0.0,0.0,0,0
2017-05-08,0.0,0.0,0.0,0.0,0.0,0.0,0.0,0.0,0,0
2017-05-09,0.0,0.0,0.0,0.0,0.0,0.0,0.0,0.0,0,0
2017-05-10,0.0,0.0,0.0,0.0,0.0,0.0,0.0,0.0,0,0
2017-05-11,395750.94333661295,181132.11586655502,6439.056814805952,208179.77065525198,500000000.0000001,405660579.33277506,905660579.3327751,905660579.3327751,40,40
2017-05-12,687539.9266572836,368300.5397725052,6918.128881424603,312321.2580033538,500000000.00000006,435842119.52975,935842119.5297501,992443081.6320971,41,41
2017-05-15,0.0,187168.42390595,0.0,-187168.42390595,0.0,0.0,0.0,935842119.5297501,0,0
2017-05-16,0.0,0.0,0.0,0.0,0.0,0.0,0.0,0.0,0,0
2017-05-17,-6150056.514147798,172643.60548588756,5765.36551475298,-6328465.485148438,500000000.00000006,363218027.42943776,863218027.4294379,863218027.4294378,40,40
2017-05-18,1221870.9083803762,347351.9623728326,5929.2346735670635,868589.7113339765,500000000.0,373541784.434725,873541784.434725,1124560659.3633213,40,40
2017-05-19,0.0,174708.35688694502,0.0,-174708.35688694502,0.0,0.0,0.0,873541784.434725,0,0
2017-05-22,0.0,0.0,0.0,0.0,0.0,0.0,0.0,0.0,0,0
2017-05-23,0.0,0.0,0.0,0.0,0.0,0.0,0.0,0.0,0,0
2017-05-24,0.0,0.0,0.0,0.0,0.0,0.0,0.0,0.0,0,0
2017-05-25,0.0,0.0,0.0,0.0,0.0,0.0,0.0,0.0,0,0
2017-05-26,0.0,0.0,0.0,0.0,0.0,0.0,0.0,0.0,0,0
2017-05-30,470640.15529565536,165212.90983241808,5175.62776447763,300251.61769875966,499999999.99999994,326064549.1620908,826064549.1620908,826064549.1620907,40,40
2017-05-31,0.0,165212.90983241808,0.0,-165212.90983241808,0.0,0.0,0.0,826064549.1620907,0,0
2017-06-01,0.0,0.0,0.0,0.0,0.0,0.0,0.0,0.0,0,0
2017-06-02,0.0,0.0,0.0,0.0,0.0,0.0,0.0,0.0,0,0
2017-06-05,0.0,0.0,0.0,0.0,0.0,0.0,0.0,0.0,0,0
2017-06-06,0.0,0.0,0.0,0.0,0.0,0.0,0.0,0.0,0,0
2017-06-07,0.0,0.0,0.0,0.0,0.0,0.0,0.0,0.0,0,0
2017-06-08,0.0,0.0,0.0,0.0,0.0,0.0,0.0,0.0,0,0
2017-06-09,0.0,0.0,0.0,0.0,0.0,0.0,0.0,0.0,0,0
2017-06-12,0.0,0.0,0.0,0.0,0.0,0.0,0.0,0.0,0,0
2017-06-13,0.0,0.0,0.0,0.0,0.0,0.0,0.0,0.0,0,0
2017-06-14,0.0,0.0,0.0,0.0,0.0,0.0,0.0,0.0,0,0
2017-06-15,0.0,0.0,0.0,0.0,0.0,0.0,0.0,0.0,0,0
2017-06-16,6496979.155208698,180374.22555388202,6378.906789990635,6310226.022864824,499999999.99999994,401871127.76941,901871127.7694099,901871127.76941,40,40
2017-06-19,0.0,180374.22555388202,0.0,-180374.22555388202,0.0,0.0,0.0,901871127.76941,0,0
2017-06-20,2571997.0250074477,156322.98343613403,4470.078050486825,2411203.963520827,500000000.00000006,281614917.18067,781614917.18067,781614917.18067,40,40
2017-06-21,0.0,156322.98343613403,0.0,-156322.98343613403,0.0,0.0,0.0,781614917.18067,0,0
2017-06-22,0.0,0.0,0.0,0.0,0.0,0.0,0.0,0.0,0,0
2017-06-23,0.0,0.0,0.0,0.0,0.0,0.0,0.0,0.0,0,0
2017-06-26,0.0,0.0,0.0,0.0,0.0,0.0,0.0,0.0,0,0
2017-06-27,0.0,0.0,0.0,0.0,0.0,0.0,0.0,0.0,0,0
2017-06-28,0.0,0.0,0.0,0.0,0.0,0.0,0.0,0.0,0,0
2017-06-29,0.0,0.0,0.0,0.0,0.0,0.0,0.0,0.0,0,0
2017-06-30,0.0,0.0,0.0,0.0,0.0,0.0,0.0,0.0,0,0
2017-07-03,0.0,0.0,0.0,0.0,0.0,0.0,0.0,0.0,0,0
2017-07-05,0.0,0.0,0.0,0.0,0.0,0.0,0.0,0.0,0,0
2017-07-06,2322529.557494407,165003.33081257605,5158.994508934606,2152367.232172896,500000000.0,325016654.0628803,825016654.0628803,825016654.0628803,41,41
2017-07-07,0.0,165003.33081257605,0.0,-165003.33081257605,0.0,0.0,0.0,825016654.0628803,0,0
2017-07-10,-179802.8999732536,171176.35262742077,5648.916875192124,-356628.16947586654,500000000.00000006,355881763.13710374,855881763.1371038,855881763.1371038,40,40
2017-07-11,0.0,171176.35262742077,0.0,-171176.35262742077,0.0,0.0,0.0,855881763.1371038,0,0
2017-07-12,0.0,0.0,0.0,0.0,0.0,0.0,0.0,0.0,0,0
2017-07-13,0.0,0.0,0.0,0.0,0.0,0.0,0.0,0.0,0,0
2017-07-14,0.0,0.0,0.0,0.0,0.0,0.0,0.0,0.0,0,0
2017-07-17,0.0,0.0,0.0,0.0,0.0,0.0,0.0,0.0,0,0
2017-07-18,1595079.0199524073,153082.73140402077,4212.915190795295,1437783.3733575915,500000000.0,265413657.0201035,765413657.0201035,765413657.0201035,39,39
2017-07-19,0.0,153082.73140402077,0.0,-153082.73140402077,0.0,0.0,0.0,765413657.0201035,0,0
2017-07-20,277014.5577671993,200000.0000000001,7936.507936507937,69078.04983069126,500000000.00000006,500000000.00000006,1000000000.0000001,1000000000.0000001,36,36
2017-07-21,0.0,200000.0000000001,0.0,-200000.0000000001,0.0,0.0,0.0,1000000000.0000001,0,0
2017-07-24,1606739.872155217,200000.0,7936.5079365079355,1398803.364218709,499999999.99999994,500000000.0,1000000000.0,1000000000.0,36,36
2017-07-25,0.0,200000.0,0.0,-200000.0,0.0,0.0,0.0,1000000000.0,0,0
2017-07-26,835797.770926349,70327.43467425932,2450.8386901404283,763019.4975619493,197234335.89244953,154402837.478847,351637173.3712965,351637173.3712965,30,30
2017-07-27,0.0,70327.43467425932,0.0,-70327.43467425932,0.0,0.0,0.0,351637173.3712965,0,0
2017-07-28,1515143.850938673,166891.09973491266,5308.817439278776,1342943.9337644815,500000000.0,334455498.67456305,834455498.674563,834455498.674563,32,32
2017-07-31,0.0,166891.09973491266,0.0,-166891.09973491266,0.0,0.0,0.0,834455498.674563,0,0
2017-08-01,0.0,0.0,0.0,0.0,0.0,0.0,0.0,0.0,0,0
2017-08-02,-363414.7724030862,164319.49259290213,5104.721634357305,-532838.9866303457,500000000.00000006,321597462.96451026,821597462.9645103,821597462.9645103,32,32
2017-08-03,951638.1638305878,335504.6887407273,5649.618741890898,610483.8563479695,500000000.00000006,355925980.7391265,855925980.7391266,958983685.3837008,33,33
2017-08-04,0.0,171185.1961478253,0.0,-171185.1961478253,0.0,0.0,0.0,855925980.7391266,0,0
2017-08-07,57777.38150153805,166965.61620347772,5314.731444720456,-114502.96614666012,499999999.99999994,334828081.01738876,834828081.0173887,834828081.0173887,37,37
2017-08-08,-7518406.353846317,341839.7719761828,5942.393315294048,-7866188.519137794,500000000.0,374370778.86352503,874370778.863525,1096749688.982249,38,38
2017-08-09,-3621476.178186621,343360.62165117054,5370.625201227428,-3970207.425039019,500000000.0,338349387.677328,838349387.677328,1003905804.5485269,38,38
2017-08-10,0.0,167669.87753546558,0.0,-167669.87753546558,0.0,0.0,0.0,838349387.677328,0,0
2017-08-11,0.0,0.0,0.0,0.0,0.0,0.0,0.0,0.0,0,0
2017-08-14,0.0,0.0,0.0,0.0,0.0,0.0,0.0,0.0,0,0
2017-08-15,0.0,0.0,0.0,0.0,0.0,0.0,0.0,0.0,0,0
2017-08-16,0.0,0.0,0.0,0.0,0.0,0.0,0.0,0.0,0,0
2017-08-17,-36865.69597916009,171808.51243159408,5699.088288221749,-214373.2966989759,500000000.0,359042562.15797025,859042562.1579702,859042562.1579702,40,40
2017-08-18,62994.093937526966,340896.5340067097,5483.176315485356,-283385.6163846681,500000000.00000006,345440107.8755775,845440107.8755776,903753146.957815,40,40
2017-08-21,3031307.7457690244,323924.09860600496,4352.0696056261395,2703031.5775573933,500000000.00000006,274180385.1544468,774180385.1544468,748134657.758407,40,40
2017-08-22,0.0,154836.07703088937,0.0,-154836.07703088937,0.0,0.0,0.0,774180385.1544468,0,0
2017-08-23,2298722.453982158,151988.8708723355,4126.1008628837735,2142607.4822469386,499999999.99999994,259944354.36167777,759944354.3616776,759944354.3616778,39,39
2017-08-24,0.0,151988.8708723355,0.0,-151988.8708723355,0.0,0.0,0.0,759944354.3616778,0,0
2017-08-25,0.0,0.0,0.0,0.0,0.0,0.0,0.0,0.0,0,0
2017-08-28,0.0,0.0,0.0,0.0,0.0,0.0,0.0,0.0,0,0
2017-08-29,0.0,0.0,0.0,0.0,0.0,0.0,0.0,0.0,0,0
2017-08-30,0.0,0.0,0.0,0.0,0.0,0.0,0.0,0.0,0,0
2017-08-31,0.0,0.0,0.0,0.0,0.0,0.0,0.0,0.0,0,0
2017-09-01,0.0,0.0,0.0,0.0,0.0,0.0,0.0,0.0,0,0
2017-09-05,0.0,0.0,0.0,0.0,0.0,0.0,0.0,0.0,0,0
2017-09-06,0.0,0.0,0.0,0.0,0.0,0.0,0.0,0.0,0,0
2017-09-07,0.0,0.0,0.0,0.0,0.0,0.0,0.0,0.0,0,0
2017-09-08,2370505.4491080404,186568.94189914453,6870.550944376548,2177065.956264519,500000000.0,432844709.49572253,932844709.4957225,932844709.4957225,38,38
2017-09-11,0.0,186568.94189914453,0.0,-186568.94189914453,0.0,0.0,0.0,932844709.4957225,0,0
2017-09-12,0.0,0.0,0.0,0.0,0.0,0.0,0.0,0.0,0,0
2017-09-13,0.0,0.0,0.0,0.0,0.0,0.0,0.0,0.0,0,0
2017-09-14,0.0,0.0,0.0,0.0,0.0,0.0,0.0,0.0,0,0
2017-09-15,0.0,0.0,0.0,0.0,0.0,0.0,0.0,0.0,0,0
2017-09-18,0.0,0.0,0.0,0.0,0.0,0.0,0.0,0.0,0,0
2017-09-19,0.0,0.0,0.0,0.0,0.0,0.0,0.0,0.0,0,0
2017-09-20,0.0,0.0,0.0,0.0,0.0,0.0,0.0,0.0,0,0
2017-09-21,0.0,0.0,0.0,0.0,0.0,0.0,0.0,0.0,0,0
2017-09-22,0.0,0.0,0.0,0.0,0.0,0.0,0.0,0.0,0,0
2017-09-25,0.0,0.0,0.0,0.0,0.0,0.0,0.0,0.0,0,0
2017-09-26,0.0,0.0,0.0,0.0,0.0,0.0,0.0,0.0,0,0
2017-09-27,0.0,0.0,0.0,0.0,0.0,0.0,0.0,0.0,0,0
2017-09-28,0.0,0.0,0.0,0.0,0.0,0.0,0.0,0.0,0,0
2017-09-29,0.0,0.0,0.0,0.0,0.0,0.0,0.0,0.0,0,0
2017-10-02,0.0,0.0,0.0,0.0,0.0,0.0,0.0,0.0,0,0
2017-10-03,0.0,0.0,0.0,0.0,0.0,0.0,0.0,0.0,0,0
2017-10-04,0.0,0.0,0.0,0.0,0.0,0.0,0.0,0.0,0,0
2017-10-05,0.0,0.0,0.0,0.0,0.0,0.0,0.0,0.0,0,0
2017-10-06,0.0,0.0,0.0,0.0,0.0,0.0,0.0,0.0,0,0
2017-10-09,0.0,0.0,0.0,0.0,0.0,0.0,0.0,0.0,0,0
2017-10-10,0.0,0.0,0.0,0.0,0.0,0.0,0.0,0.0,0,0
2017-10-11,0.0,0.0,0.0,0.0,0.0,0.0,0.0,0.0,0,0
2017-10-12,0.0,0.0,0.0,0.0,0.0,0.0,0.0,0.0,0,0
2017-10-13,0.0,0.0,0.0,0.0,0.0,0.0,0.0,0.0,0,0
2017-10-16,0.0,0.0,0.0,0.0,0.0,0.0,0.0,0.0,0,0
2017-10-17,0.0,0.0,0.0,0.0,0.0,0.0,0.0,0.0,0,0
2017-10-18,0.0,0.0,0.0,0.0,0.0,0.0,0.0,0.0,0,0
2017-10-19,3994845.258908924,161223.04211902895,4858.971596748323,3828763.245193147,500000000.0,306115210.5951445,806115210.5951445,806115210.5951445,37,37
2017-10-20,0.0,161223.04211902895,0.0,-161223.04211902895,0.0,0.0,0.0,806115210.5951445,0,0
2017-10-23,0.0,0.0,0.0,0.0,0.0,0.0,0.0,0.0,0,0
2017-10-24,0.0,0.0,0.0,0.0,0.0,0.0,0.0,0.0,0,0
2017-10-25,1847349.5382790482,147803.3440154852,3793.9161917051756,1695752.2780718578,500000000.0,239016720.07742602,739016720.077426,739016720.0774261,31,31
2017-10-26,0.0,147803.3440154852,0.0,-147803.3440154852,0.0,0.0,0.0,739016720.0774261,0,0
2017-10-27,-1610383.2869536616,144360.26579223954,3520.6560152571074,-1758264.2087611582,499999999.99999994,221801328.96119776,721801328.9611977,721801328.9611977,32,32
2017-10-30,1340102.556152955,337781.794559949,7414.407045056317,994906.3545479495,499999999.99999994,467107643.83854806,967107643.838548,1129252466.0780382,35,35
2017-10-31,0.0,193421.52876770965,0.0,-193421.52876770965,0.0,0.0,0.0,967107643.8385481,0,0
2017-11-01,0.0,0.0,0.0,0.0,0.0,0.0,0.0,0.0,0,0
2017-11-02,0.0,0.0,0.0,0.0,0.0,0.0,0.0,0.0,0,0
2017-11-03,0.0,0.0,0.0,0.0,0.0,0.0,0.0,0.0,0,0
2017-11-06,0.0,0.0,0.0,0.0,0.0,0.0,0.0,0.0,0,0
2017-11-07,0.0,0.0,0.0,0.0,0.0,0.0,0.0,0.0,0,0
2017-11-08,-3244285.7522539655,172738.38758933306,5772.887903915323,-3422797.027747214,500000000.0,363691937.9466653,863691937.9466653,863691937.9466653,38,38
2017-11-09,1474765.1024477072,331497.1844960177,4663.396579895588,1138604.521371794,499999999.99999994,293793984.533422,793793984.533422,1097857107.4297504,39,39
2017-11-10,0.0,158758.79690668438,0.0,-158758.79690668438,0.0,0.0,0.0,793793984.533422,0,0
2017-11-13,-2058209.0252104984,199999.99999999997,7936.507936507935,-2266145.5331470063,500000000.0,499999999.99999994,1000000000.0,999999999.9999999,41,41
2017-11-14,-3022777.0814899006,380046.8662790045,6352.925895159096,-3409176.8736640643,500000000.0,400234331.39502305,900234331.3950231,1163954830.15997,41,41
2017-11-15,1898663.4948902589,345041.41468249925,5158.297492340845,1548463.7827154186,500000000.0,324972742.0174733,824972742.0174732,1078323666.8018835,41,41
2017-11-16,0.0,164994.54840349476,0.0,-164994.54840349476,0.0,0.0,0.0,824972742.0174732,0,0
2017-11-17,1517653.241849163,200000.00000000003,7936.507936507937,1309716.7339126552,500000000.00000006,500000000.0,1000000000.0,1000000000.0,41,41
2017-11-20,0.0,200000.00000000003,0.0,-200000.00000000003,0.0,0.0,0.0,1000000000.0,0,0
2017-11-21,0.0,0.0,0.0,0.0,0.0,0.0,0.0,0.0,0,0
2017-11-22,0.0,0.0,0.0,0.0,0.0,0.0,0.0,0.0,0,0
2017-11-24,0.0,0.0,0.0,0.0,0.0,0.0,0.0,0.0,0,0
2017-11-27,0.0,0.0,0.0,0.0,0.0,0.0,0.0,0.0,0,0
2017-11-28,0.0,0.0,0.0,0.0,0.0,0.0,0.0,0.0,0,0
2017-11-29,0.0,0.0,0.0,0.0,0.0,0.0,0.0,0.0,0,0
2017-11-30,0.0,0.0,0.0,0.0,0.0,0.0,0.0,0.0,0,0
2017-12-01,115691.16817045583,199999.99999999994,7936.507936507936,-92245.33976605206,500000000.0,500000000.0,1000000000.0,1000000000.0,40,40
2017-12-04,0.0,199999.99999999994,0.0,-199999.99999999994,0.0,0.0,0.0,1000000000.0,0,0
2017-12-05,0.0,0.0,0.0,0.0,0.0,0.0,0.0,0.0,0,0
2017-12-06,3481591.3335713283,199999.99999999997,7936.507936507936,3273654.8256348204,500000000.0,499999999.99999994,1000000000.0,1000000000.0,40,40
2017-12-07,2833183.504154587,388987.63887187967,7062.511021577769,2437133.3542611296,499999999.9999999,444938194.35939956,944938194.3593994,1441040519.3185818,40,40
2017-12-08,0.0,188987.63887187987,0.0,-188987.63887187987,0.0,0.0,0.0,944938194.3593994,0,0
2017-12-11,-1071474.2836531978,200000.00000000003,7936.507936507936,-1279410.7915897057,500000000.00000006,500000000.0,1000000000.0,1000000000.0000001,41,41
2017-12-12,0.0,200000.00000000003,0.0,-200000.00000000003,0.0,0.0,0.0,1000000000.0000001,0,0
2017-12-13,0.0,0.0,0.0,0.0,0.0,0.0,0.0,0.0,0,0
2017-12-14,0.0,0.0,0.0,0.0,0.0,0.0,0.0,0.0,0,0
2017-12-15,0.0,0.0,0.0,0.0,0.0,0.0,0.0,0.0,0,0
2017-12-18,32341.43580772265,173750.9336193408,5853.248699947684,-147262.74651156584,499999999.99999994,368754668.096704,868754668.096704,868754668.096704,41,41
2017-12-19,3015352.7100101807,369494.2000352494,7256.482858591175,2638602.02711634,500000000.0,457158420.091244,957158420.091244,1611760244.577268,42,42
2017-12-20,948905.0155678813,391431.6840182487,7936.507936507936,549536.8236131247,500000000.0,500000000.0,1000000000.0,1094138805.9305148,42,42
2017-12-21,1122865.5325802737,371777.8029132488,5418.550571710215,745669.1790953147,499999999.99999994,341368686.0177435,841368686.0177435,993156202.0274644,41,41
2017-12-22,1206829.1414396744,370554.2779478987,7936.5079365079355,828338.3555552678,499999999.99999994,500000000.0,1000000000.0,1048288643.4865887,42,42
2017-12-26,140937.1732785029,381871.06932261,6497.703914492852,-247431.59995859995,500000000.0,409355346.6130498,909355346.6130497,1220551197.4568586,42,42
2017-12-27,0.0,181871.06932260998,0.0,-181871.06932260998,0.0,0.0,0.0,909355346.6130497,0,0
2017-12-28,0.0,0.0,0.0,0.0,0.0,0.0,0.0,0.0,0,0
2017-12-29,0.0,0.0,0.0,0.0,0.0,0.0,0.0,0.0,0,0
2018-01-02,981082.1985881872,150964.73783452978,4044.820463057913,826072.6402905994,500000000.00000006,254823689.17264852,754823689.1726485,754823689.1726485,42,42
2018-01-03,0.0,150964.73783452978,0.0,-150964.73783452978,0.0,0.0,0.0,754823689.1726485,0,0
2018-01-04,-304935.51813448634,199999.99999999994,7936.507936507937,-512872.0260709942,499999999.99999994,500000000.0,1000000000.0,999999999.9999999,42,42
2018-01-05,1895570.248697239,399999.9999999999,7936.5079365079355,1487633.740760731,500000000.0,500000000.0,1000000000.0,1427971120.3158846,42,42
2018-01-08,1761887.2462882444,400000.0000000002,7936.507936507937,1353950.7383517362,500000000.0,500000000.00000006,1000000000.0,1329832446.192631,42,42
2018-01-09,-1162295.6120224711,372283.5418874405,5736.789038685754,-1540315.9429485975,499999999.99999994,361417709.4372025,861417709.4372025,1097247879.6800742,42,42
2018-01-10,823931.8244417321,345035.37963829783,7936.507936507936,470959.9368669264,363759188.75428754,500000000.0,863759188.7542875,1352012473.5547059,42,42
2018-01-11,889076.1761455415,303743.0831449576,5441.026613768063,579892.0663868157,312171550.30311227,342784676.667388,654956226.9705002,1032385264.0590132,42,42
2018-01-12,1794977.3013747663,272085.3168813132,4593.507983812725,1518298.4765096402,416079354.4558633,289391002.9802018,705470357.4360651,882157114.8213032,42,42
2018-01-16,3747859.0825904207,303553.5428050931,4957.100898244457,3439348.438887083,500000000.0,312297356.58940077,812297356.5894008,902165567.5806757,42,42
2018-01-17,674850.369959668,325847.7174642314,5670.429408943682,343332.2230864929,459704177.9683043,357237052.763452,816941230.7317562,1118686069.2533119,41,41
2018-01-18,1054212.2571922608,365287.662118743,7936.5079365079355,680988.08713701,500000000.00000006,500000000.0,1000000000.0,1416262138.636252,40,40
2018-01-19,2101075.2265257854,399999.99999999977,7936.507936507939,1693138.7185892777,500000000.0,500000000.0,1000000000.0,1296335592.9968457,40,40
2018-01-22,1010608.2893709483,378800.20972723153,6253.98489898662,625554.0947447302,500000000.0,394001048.63615704,894001048.636157,1077523894.5185938,40,40
2018-01-23,1682272.591008679,331074.02438188024,4148.715448781642,1347049.8511780172,500000000.0,261369073.27324352,761369073.2732435,1071893171.3494307,40,40
2018-01-24,2357565.2406064305,307911.0837972857,4415.65628116167,2045238.500527983,500000000.00000006,278186345.71318525,778186345.7131853,860340819.5977315,38,38
2018-01-25,0.0,155637.26914263712,0.0,-155637.26914263712,0.0,0.0,0.0,778186345.7131853,0,0
2018-01-26,1072000.76641016,158596.56581509009,4650.521096435716,908753.6794986343,500000000.0,292982829.07545,792982829.07545,792982829.0754501,40,40
2018-01-29,-4356018.623273522,320781.87702845363,4935.34215979075,-4681735.842461767,500000000.0,310926556.0668173,810926556.0668173,971094343.7216108,40,40
2018-01-30,3305159.4410714484,356844.52730363613,7384.91937195942,2940929.994395853,500000000.0,465249920.4334435,965249920.4334435,1146892429.9476905,40,40
2018-01-31,0.0,193049.98408668872,0.0,-193049.98408668872,0.0,0.0,0.0,965249920.4334435,0,0
2018-02-01,-2740266.9984954507,155350.6496598935,4392.908703166155,-2900010.5568585102,500000000.00000006,276753248.2994678,776753248.2994678,776753248.2994678,37,37
2018-02-02,-5531330.114205776,317079.13025530794,4899.085761540806,-5853308.330222624,500000000.0,308642402.97707075,808642402.9770708,1159572191.3980286,39,39
2018-02-05,-1217887.7451996128,372269.348271997,7936.507936507938,-1598093.6014081177,499999999.99999994,500000000.0,1000000000.0,1311125329.3069544,40,40
2018-02-06,-876937.7515240377,358506.4862055576,4230.038747180412,-1239674.2764767758,500000000.0000001,266492441.07236603,766492441.0723661,1167272430.1627605,40,40
2018-02-07,1741623.5649856385,321305.3636888229,5240.608745253143,1415077.5925515625,500000000.00000006,330158350.950948,830158350.950948,1127400590.588717,39,39
2018-02-08,4880189.741050879,345476.04684127524,6305.10925802266,4528408.5849515805,500000000.00000006,397221883.25542754,897221883.2554276,1120215798.9578283,39,39
2018-02-09,3388418.6421606666,354966.9963893502,5424.423930620754,3028027.2218406955,499999999.99999994,341738707.6291075,841738707.6291075,1138631965.5523767,41,41
2018-02-12,-1521932.7893339884,334384.38061603735,4574.128538900907,-1860891.2984889268,500000000.0,288170097.95075727,788170097.9507573,1050216452.4206535,42,42
2018-02-13,0.0,157634.01959015147,0.0,-157634.01959015147,0.0,0.0,0.0,788170097.9507573,0,0
2018-02-14,0.0,0.0,0.0,0.0,0.0,0.0,0.0,0.0,0,0
2018-02-15,0.0,0.0,0.0,0.0,0.0,0.0,0.0,0.0,0,0
2018-02-16,-1082984.9738095407,192736.0229296275,7360.00181981171,-1283080.99855898,500000000.0,463680114.6481378,963680114.6481378,963680114.6481378,41,41
2018-02-20,0.0,192736.0229296275,0.0,-192736.0229296275,0.0,0.0,0.0,963680114.6481378,0,0
2018-02-21,0.0,0.0,0.0,0.0,0.0,0.0,0.0,0.0,0,0
2018-02-22,0.0,0.0,0.0,0.0,0.0,0.0,0.0,0.0,0,0
2018-02-23,0.0,0.0,0.0,0.0,0.0,0.0,0.0,0.0,0,0
2018-02-26,0.0,0.0,0.0,0.0,0.0,0.0,0.0,0.0,0,0
2018-02-27,0.0,0.0,0.0,0.0,0.0,0.0,0.0,0.0,0,0
2018-02-28,0.0,0.0,0.0,0.0,0.0,0.0,0.0,0.0,0,0
2018-03-01,0.0,0.0,0.0,0.0,0.0,0.0,0.0,0.0,0,0
2018-03-02,-1612591.598239295,200000.00000000003,7936.5079365079355,-1820528.1061758029,500000000.00000006,500000000.0,1000000000.0,1000000000.0,43,43
2018-03-05,0.0,200000.00000000003,0.0,-200000.00000000003,0.0,0.0,0.0,1000000000.0,0,0
2018-03-06,0.0,0.0,0.0,0.0,0.0,0.0,0.0,0.0,0,0
2018-03-07,0.0,0.0,0.0,0.0,0.0,0.0,0.0,0.0,0,0
2018-03-08,0.0,0.0,0.0,0.0,0.0,0.0,0.0,0.0,0,0
2018-03-09,0.0,0.0,0.0,0.0,0.0,0.0,0.0,0.0,0,0
2018-03-12,0.0,0.0,0.0,0.0,0.0,0.0,0.0,0.0,0,0
2018-03-13,0.0,0.0,0.0,0.0,0.0,0.0,0.0,0.0,0,0
2018-03-14,0.0,0.0,0.0,0.0,0.0,0.0,0.0,0.0,0,0
2018-03-15,0.0,0.0,0.0,0.0,0.0,0.0,0.0,0.0,0,0
2018-03-16,0.0,0.0,0.0,0.0,0.0,0.0,0.0,0.0,0,0
2018-03-19,0.0,0.0,0.0,0.0,0.0,0.0,0.0,0.0,0,0
2018-03-20,0.0,0.0,0.0,0.0,0.0,0.0,0.0,0.0,0,0
2018-03-21,0.0,0.0,0.0,0.0,0.0,0.0,0.0,0.0,0,0
2018-03-22,0.0,0.0,0.0,0.0,0.0,0.0,0.0,0.0,0,0
2018-03-23,0.0,0.0,0.0,0.0,0.0,0.0,0.0,0.0,0,0
2018-03-26,0.0,0.0,0.0,0.0,0.0,0.0,0.0,0.0,0,0
2018-03-27,-1770829.4387668432,152181.745780795,4141.408395301191,-1927152.5929429391,500000000.0,260908728.903975,760908728.903975,760908728.903975,44,44
2018-03-28,0.0,152181.745780795,0.0,-152181.745780795,0.0,0.0,0.0,760908728.903975,0,0
2018-03-29,0.0,0.0,0.0,0.0,0.0,0.0,0.0,0.0,0,0
2018-04-02,0.0,0.0,0.0,0.0,0.0,0.0,0.0,0.0,0,0
2018-04-03,0.0,0.0,0.0,0.0,0.0,0.0,0.0,0.0,0,0
2018-04-04,4834250.926388299,152504.86787221438,4167.053005731296,4677579.0055103535,499999999.99999994,262524339.36107177,762524339.3610717,762524339.3610717,44,44
2018-04-05,0.0,152504.86787221438,0.0,-152504.86787221438,0.0,0.0,0.0,762524339.3610717,0,0
2018-04-06,4651118.8104681205,181157.44685981155,6441.0672110961505,4463520.296397213,500000000.0,405787234.2990575,905787234.2990575,905787234.2990575,44,44
2018-04-09,0.0,181157.44685981155,0.0,-181157.44685981155,0.0,0.0,0.0,905787234.2990575,0,0
2018-04-10,-3052067.526709039,155508.76306380183,4405.457386016016,-3211981.747158857,500000000.0,277543815.319009,777543815.3190091,777543815.319009,43,43
2018-04-11,0.0,155508.76306380183,0.0,-155508.76306380183,0.0,0.0,0.0,777543815.319009,0,0
2018-04-12,0.0,0.0,0.0,0.0,0.0,0.0,0.0,0.0,0,0
2018-04-13,0.0,0.0,0.0,0.0,0.0,0.0,0.0,0.0,0,0
2018-04-16,0.0,0.0,0.0,0.0,0.0,0.0,0.0,0.0,0,0
2018-04-17,0.0,0.0,0.0,0.0,0.0,0.0,0.0,0.0,0,0
2018-04-18,0.0,0.0,0.0,0.0,0.0,0.0,0.0,0.0,0,0
2018-04-19,0.0,0.0,0.0,0.0,0.0,0.0,0.0,0.0,0,0
2018-04-20,0.0,0.0,0.0,0.0,0.0,0.0,0.0,0.0,0,0
2018-04-23,0.0,0.0,0.0,0.0,0.0,0.0,0.0,0.0,0,0
2018-04-24,0.0,0.0,0.0,0.0,0.0,0.0,0.0,0.0,0,0
2018-04-25,0.0,0.0,0.0,0.0,0.0,0.0,0.0,0.0,0,0
2018-04-26,0.0,0.0,0.0,0.0,0.0,0.0,0.0,0.0,0,0
2018-04-27,0.0,0.0,0.0,0.0,0.0,0.0,0.0,0.0,0,0
2018-04-30,0.0,0.0,0.0,0.0,0.0,0.0,0.0,0.0,0,0
2018-05-01,0.0,0.0,0.0,0.0,0.0,0.0,0.0,0.0,0,0
2018-05-02,0.0,0.0,0.0,0.0,0.0,0.0,0.0,0.0,0,0
2018-05-03,0.0,0.0,0.0,0.0,0.0,0.0,0.0,0.0,0,0
2018-05-04,0.0,0.0,0.0,0.0,0.0,0.0,0.0,0.0,0,0
2018-05-07,0.0,0.0,0.0,0.0,0.0,0.0,0.0,0.0,0,0
2018-05-08,0.0,0.0,0.0,0.0,0.0,0.0,0.0,0.0,0,0
2018-05-09,0.0,0.0,0.0,0.0,0.0,0.0,0.0,0.0,0,0
2018-05-10,0.0,0.0,0.0,0.0,0.0,0.0,0.0,0.0,0,0
2018-05-11,0.0,0.0,0.0,0.0,0.0,0.0,0.0,0.0,0,0
2018-05-14,0.0,0.0,0.0,0.0,0.0,0.0,0.0,0.0,0,0
2018-05-15,0.0,0.0,0.0,0.0,0.0,0.0,0.0,0.0,0,0
2018-05-16,0.0,0.0,0.0,0.0,0.0,0.0,0.0,0.0,0,0
2018-05-17,0.0,0.0,0.0,0.0,0.0,0.0,0.0,0.0,0,0
2018-05-18,0.0,0.0,0.0,0.0,0.0,0.0,0.0,0.0,0,0
2018-05-21,0.0,0.0,0.0,0.0,0.0,0.0,0.0,0.0,0,0
2018-05-22,0.0,0.0,0.0,0.0,0.0,0.0,0.0,0.0,0,0
2018-05-23,0.0,0.0,0.0,0.0,0.0,0.0,0.0,0.0,0,0
2018-05-24,0.0,0.0,0.0,0.0,0.0,0.0,0.0,0.0,0,0
2018-05-25,0.0,0.0,0.0,0.0,0.0,0.0,0.0,0.0,0,0
2018-05-29,0.0,0.0,0.0,0.0,0.0,0.0,0.0,0.0,0,0
2018-05-30,0.0,0.0,0.0,0.0,0.0,0.0,0.0,0.0,0,0
2018-05-31,0.0,0.0,0.0,0.0,0.0,0.0,0.0,0.0,0,0
2018-06-01,0.0,0.0,0.0,0.0,0.0,0.0,0.0,0.0,0,0
2018-06-04,0.0,0.0,0.0,0.0,0.0,0.0,0.0,0.0,0,0
2018-06-05,0.0,0.0,0.0,0.0,0.0,0.0,0.0,0.0,0,0
2018-06-06,0.0,0.0,0.0,0.0,0.0,0.0,0.0,0.0,0,0
2018-06-07,0.0,0.0,0.0,0.0,0.0,0.0,0.0,0.0,0,0
2018-06-08,0.0,0.0,0.0,0.0,0.0,0.0,0.0,0.0,0,0
2018-06-11,0.0,0.0,0.0,0.0,0.0,0.0,0.0,0.0,0,0
2018-06-12,0.0,0.0,0.0,0.0,0.0,0.0,0.0,0.0,0,0
2018-06-13,0.0,0.0,0.0,0.0,0.0,0.0,0.0,0.0,0,0
2018-06-14,0.0,0.0,0.0,0.0,0.0,0.0,0.0,0.0,0,0
2018-06-15,0.0,0.0,0.0,0.0,0.0,0.0,0.0,0.0,0,0
2018-06-18,0.0,0.0,0.0,0.0,0.0,0.0,0.0,0.0,0,0
2018-06-19,2968608.3500279263,181441.06891388612,6463.576897927467,2780703.7042161124,500000000.00000006,407205344.56943053,907205344.5694306,907205344.5694306,43,43
2018-06-20,0.0,181441.06891388612,0.0,-181441.06891388612,0.0,0.0,0.0,907205344.5694306,0,0
2018-06-21,0.0,0.0,0.0,0.0,0.0,0.0,0.0,0.0,0,0
2018-06-22,0.0,0.0,0.0,0.0,0.0,0.0,0.0,0.0,0,0
2018-06-25,0.0,0.0,0.0,0.0,0.0,0.0,0.0,0.0,0,0
2018-06-26,0.0,0.0,0.0,0.0,0.0,0.0,0.0,0.0,0,0
2018-06-27,-472058.77872312564,170545.5003935051,5598.849237579765,-648203.1283542105,499999999.99999994,352727501.96752524,852727501.9675252,852727501.9675252,43,43
2018-06-28,0.0,170545.5003935051,0.0,-170545.5003935051,0.0,0.0,0.0,852727501.9675252,0,0
2018-06-29,0.0,0.0,0.0,0.0,0.0,0.0,0.0,0.0,0,0
2018-07-02,0.0,0.0,0.0,0.0,0.0,0.0,0.0,0.0,0,0
2018-07-03,0.0,0.0,0.0,0.0,0.0,0.0,0.0,0.0,0,0
2018-07-05,0.0,0.0,0.0,0.0,0.0,0.0,0.0,0.0,0,0
2018-07-06,0.0,0.0,0.0,0.0,0.0,0.0,0.0,0.0,0,0
2018-07-09,0.0,0.0,0.0,0.0,0.0,0.0,0.0,0.0,0,0
2018-07-10,0.0,0.0,0.0,0.0,0.0,0.0,0.0,0.0,0,0
2018-07-11,0.0,0.0,0.0,0.0,0.0,0.0,0.0,0.0,0,0
2018-07-12,0.0,0.0,0.0,0.0,0.0,0.0,0.0,0.0,0,0
2018-07-13,-1686691.7469706628,184252.62251388762,6686.7160725307585,-1877631.0855570813,500000000.00000006,421263112.56943774,921263112.5694377,921263112.5694377,43,43
2018-07-16,0.0,184252.62251388762,0.0,-184252.62251388762,0.0,0.0,0.0,921263112.5694377,0,0
2018-07-17,0.0,0.0,0.0,0.0,0.0,0.0,0.0,0.0,0,0
2018-07-18,0.0,0.0,0.0,0.0,0.0,0.0,0.0,0.0,0,0
2018-07-19,0.0,0.0,0.0,0.0,0.0,0.0,0.0,0.0,0,0
2018-07-20,0.0,0.0,0.0,0.0,0.0,0.0,0.0,0.0,0,0
2018-07-23,0.0,0.0,0.0,0.0,0.0,0.0,0.0,0.0,0,0
2018-07-24,0.0,0.0,0.0,0.0,0.0,0.0,0.0,0.0,0,0
2018-07-25,0.0,0.0,0.0,0.0,0.0,0.0,0.0,0.0,0,0
2018-07-26,0.0,0.0,0.0,0.0,0.0,0.0,0.0,0.0,0,0
2018-07-27,0.0,0.0,0.0,0.0,0.0,0.0,0.0,0.0,0,0
2018-07-30,0.0,0.0,0.0,0.0,0.0,0.0,0.0,0.0,0,0
2018-07-31,0.0,0.0,0.0,0.0,0.0,0.0,0.0,0.0,0,0
2018-08-01,0.0,0.0,0.0,0.0,0.0,0.0,0.0,0.0,0,0
2018-08-02,0.0,0.0,0.0,0.0,0.0,0.0,0.0,0.0,0,0
2018-08-03,0.0,0.0,0.0,0.0,0.0,0.0,0.0,0.0,0,0
2018-08-06,0.0,0.0,0.0,0.0,0.0,0.0,0.0,0.0,0,0
2018-08-07,0.0,0.0,0.0,0.0,0.0,0.0,0.0,0.0,0,0
2018-08-08,0.0,0.0,0.0,0.0,0.0,0.0,0.0,0.0,0,0
2018-08-09,0.0,0.0,0.0,0.0,0.0,0.0,0.0,0.0,0,0
2018-08-10,0.0,0.0,0.0,0.0,0.0,0.0,0.0,0.0,0,0
2018-08-13,0.0,0.0,0.0,0.0,0.0,0.0,0.0,0.0,0,0
2018-08-14,0.0,0.0,0.0,0.0,0.0,0.0,0.0,0.0,0,0
2018-08-15,0.0,0.0,0.0,0.0,0.0,0.0,0.0,0.0,0,0
2018-08-16,0.0,0.0,0.0,0.0,0.0,0.0,0.0,0.0,0,0
2018-08-17,1281324.6479494753,189149.09006379498,7075.324608237691,1085100.2332774426,500000000.0,445745450.3189745,945745450.3189745,945745450.3189745,43,43
2018-08-20,0.0,189149.09006379498,0.0,-189149.09006379498,0.0,0.0,0.0,945745450.3189745,0,0
2018-08-21,0.0,0.0,0.0,0.0,0.0,0.0,0.0,0.0,0,0
2018-08-22,0.0,0.0,0.0,0.0,0.0,0.0,0.0,0.0,0,0
2018-08-23,0.0,0.0,0.0,0.0,0.0,0.0,0.0,0.0,0,0
2018-08-24,0.0,0.0,0.0,0.0,0.0,0.0,0.0,0.0,0,0
2018-08-27,0.0,0.0,0.0,0.0,0.0,0.0,0.0,0.0,0,0
2018-08-28,0.0,0.0,0.0,0.0,0.0,0.0,0.0,0.0,0,0
2018-08-29,0.0,0.0,0.0,0.0,0.0,0.0,0.0,0.0,0,0
2018-08-30,0.0,0.0,0.0,0.0,0.0,0.0,0.0,0.0,0,0
2018-08-31,0.0,0.0,0.0,0.0,0.0,0.0,0.0,0.0,0,0
2018-09-04,0.0,0.0,0.0,0.0,0.0,0.0,0.0,0.0,0,0
2018-09-05,0.0,0.0,0.0,0.0,0.0,0.0,0.0,0.0,0,0
2018-09-06,0.0,0.0,0.0,0.0,0.0,0.0,0.0,0.0,0,0
2018-09-07,0.0,0.0,0.0,0.0,0.0,0.0,0.0,0.0,0,0
2018-09-10,0.0,0.0,0.0,0.0,0.0,0.0,0.0,0.0,0,0
2018-09-11,139040.14453209206,200000.0,7936.5079365079355,-68896.36340441587,499999999.99999994,499999999.99999994,999999999.9999999,999999999.9999999,40,40
2018-09-12,0.0,200000.0,0.0,-200000.0,0.0,0.0,0.0,999999999.9999999,0,0
2018-09-13,0.0,0.0,0.0,0.0,0.0,0.0,0.0,0.0,0,0
2018-09-14,0.0,0.0,0.0,0.0,0.0,0.0,0.0,0.0,0,0
2018-09-17,0.0,0.0,0.0,0.0,0.0,0.0,0.0,0.0,0,0
2018-09-18,0.0,0.0,0.0,0.0,0.0,0.0,0.0,0.0,0,0
2018-09-19,0.0,0.0,0.0,0.0,0.0,0.0,0.0,0.0,0,0
2018-09-20,0.0,0.0,0.0,0.0,0.0,0.0,0.0,0.0,0,0
2018-09-21,0.0,0.0,0.0,0.0,0.0,0.0,0.0,0.0,0,0
2018-09-24,0.0,0.0,0.0,0.0,0.0,0.0,0.0,0.0,0,0
2018-09-25,0.0,0.0,0.0,0.0,0.0,0.0,0.0,0.0,0,0
2018-09-26,0.0,0.0,0.0,0.0,0.0,0.0,0.0,0.0,0,0
2018-09-27,0.0,0.0,0.0,0.0,0.0,0.0,0.0,0.0,0,0
2018-09-28,0.0,0.0,0.0,0.0,0.0,0.0,0.0,0.0,0,0
2018-10-01,0.0,0.0,0.0,0.0,0.0,0.0,0.0,0.0,0,0
2018-10-02,0.0,0.0,0.0,0.0,0.0,0.0,0.0,0.0,0,0
2018-10-03,0.0,0.0,0.0,0.0,0.0,0.0,0.0,0.0,0,0
2018-10-04,0.0,0.0,0.0,0.0,0.0,0.0,0.0,0.0,0,0
2018-10-05,0.0,0.0,0.0,0.0,0.0,0.0,0.0,0.0,0,0
2018-10-08,-2019814.9984194997,180916.12885649886,6421.914988611015,-2207153.0422646096,499999999.99999994,404580644.282494,904580644.282494,904580644.282494,43,43
2018-10-09,-1891076.5431658374,359485.9162830089,5929.768843073809,-2256492.22829192,500000000.0,373575437.11365,873575437.1136501,834356425.0292021,43,43
2018-10-10,-4020125.764392325,374602.7365461887,7927.59120027449,-4402656.092138789,500000000.00000006,499438245.61729276,999438245.6172929,980609760.2438828,43,43
2018-10-11,14150123.112438532,350194.8162275541,3876.0522403250516,13796052.243970653,500000000.0,244191291.14047825,744191291.1404783,1191260202.9945843,43,43
2018-10-12,629378.3402574636,308450.25899866695,4731.11117226758,316196.9700865291,499999999.99999994,298060003.85285753,798060003.8528575,1060487262.8610543,43,43
2018-10-15,2811566.4036130793,375072.00651921995,7936.507936507936,2428557.8891573516,500000000.0,500000000.0,1000000000.0,1351329102.9349232,43,43
2018-10-16,0.0,199999.99999999994,0.0,-199999.99999999994,0.0,0.0,0.0,1000000000.0,0,0
2018-10-17,-115764.13874051569,162698.05906728693,4976.036433911659,-283438.23424171424,500000000.0,313490295.33643454,813490295.3364346,813490295.3364345,41,41
2018-10-18,2114193.482280876,335745.03160737635,5797.37877302299,1772651.0719004767,500000000.00000006,365234862.7004485,865234862.7004485,1110250252.977492,41,41
2018-10-19,0.0,173046.9725400897,0.0,-173046.9725400897,0.0,0.0,0.0,865234862.7004485,0,0
2018-10-22,0.0,0.0,0.0,0.0,0.0,0.0,0.0,0.0,0,0
2018-10-23,-919340.7196509751,174543.82195591927,5916.176345707878,-1099800.717952602,500000000.00000006,372719109.77959627,872719109.7795963,872719109.7795963,39,39
2018-10-24,5638112.31955284,357059.56451297854,5556.78503635358,5275495.970003508,500000000.0000001,350077457.2902755,850077457.2902756,1200917605.9142065,35,35
2018-10-25,-2263435.318287045,393300.4569644507,7936.507936507935,-2664672.283188004,500000000.00000006,499999999.99999994,1000000000.0,1431935869.6841712,34,34
2018-10-26,8284633.315146624,387431.614712303,5559.750126604738,7891641.950307717,499999999.99999994,350264257.97609854,850264257.9760985,1355942678.3029222,36,36
2018-10-29,727796.3100160109,342971.497380947,3899.7303651035836,380925.0822699603,500000000.0,245683013.00152576,745683013.0015258,1471028710.3657203,38,38
2018-10-30,13281788.87052957,326405.29885971476,4825.161230943624,12950558.41043891,500000000.0,303985157.54944825,803985157.5494483,1389463943.0975528,39,39
2018-10-31,1929463.1423931187,329239.43566647934,5431.936837824574,1594791.7698888148,500000000.0,342212020.782948,842212020.782948,1067102960.1654658,36,36
2018-11-01,0.0,168442.40415658956,0.0,-168442.40415658956,0.0,0.0,0.0,842212020.782948,0,0
2018-11-02,0.0,0.0,0.0,0.0,0.0,0.0,0.0,0.0,0,0
2018-11-05,0.0,0.0,0.0,0.0,0.0,0.0,0.0,0.0,0,0
2018-11-06,0.0,0.0,0.0,0.0,0.0,0.0,0.0,0.0,0,0
2018-11-07,0.0,0.0,0.0,0.0,0.0,0.0,0.0,0.0,0,0
2018-11-08,-2573428.2272715988,199999.99999999994,7936.507936507936,-2781364.7352081067,500000000.00000006,500000000.0,1000000000.0,1000000000.0,40,40
2018-11-09,0.0,199999.99999999994,0.0,-199999.99999999994,0.0,0.0,0.0,1000000000.0,0,0
2018-11-12,-46552.499221453894,200000.0,7936.5079365079355,-254489.00715796184,500000000.0,499999999.99999994,1000000000.0,1000000000.0,43,43
2018-11-13,0.0,200000.0,0.0,-200000.0,0.0,0.0,0.0,1000000000.0,0,0
2018-11-14,0.0,0.0,0.0,0.0,0.0,0.0,0.0,0.0,0,0
2018-11-15,0.0,0.0,0.0,0.0,0.0,0.0,0.0,0.0,0,0
2018-11-16,0.0,0.0,0.0,0.0,0.0,0.0,0.0,0.0,0,0
2018-11-19,0.0,0.0,0.0,0.0,0.0,0.0,0.0,0.0,0,0
2018-11-20,9437692.119344957,181782.60570054466,6490.682992106718,9249418.830652306,500000000.0,408913028.5027233,908913028.5027232,908913028.5027232,43,43
2018-11-21,-5066643.141138133,343299.46188851254,4728.553034441882,-5414671.156061087,500000000.0,297898841.16983855,797898841.1698385,906984602.1864161,43,43
2018-11-23,7756113.931151073,309110.46239155985,3931.007472824773,7443072.461286688,499999999.99999994,247653470.78796077,747653470.7879608,1006341262.4759659,44,44
2018-11-26,-2867434.444172686,334738.3819231288,6367.759139405282,-3208540.58523522,500000000.0,401168825.78253275,901168825.7825327,1124137721.9315174,43,43
2018-11-27,4878161.367309353,381945.69054253114,7479.374133132249,4488736.30263369,500000000.0,471200570.3873318,971200570.3873317,1175312881.0706742,43,43
2018-11-28,0.0,194240.1140774664,0.0,-194240.1140774664,0.0,0.0,0.0,971200570.3873317,0,0
2018-11-29,-2068803.1057010116,200000.00000000012,7936.507936507936,-2276739.6136375195,500000000.0,500000000.0,1000000000.0,1000000000.0,42,42
2018-11-30,0.0,200000.00000000012,0.0,-200000.00000000012,0.0,0.0,0.0,1000000000.0,0,0
2018-12-03,0.0,0.0,0.0,0.0,0.0,0.0,0.0,0.0,0,0
2018-12-04,0.0,0.0,0.0,0.0,0.0,0.0,0.0,0.0,0,0
2018-12-06,-540764.084122562,200000.0,7936.5079365079355,-748700.5920590699,500000000.0,500000000.0,1000000000.0,1000000000.0,42,42
2018-12-07,-5372406.605728122,414241.8224243534,7936.5079365079355,-5794584.936088984,500000000.0,500000000.0,1000000000.0,1455893971.3164852,42,42
2018-12-10,0.0,199999.99999999997,0.0,-199999.99999999997,0.0,0.0,0.0,1000000000.0,0,0
2018-12-11,7279017.950158578,177644.5741158857,6162.267786975056,7095211.108255718,500000000.0,388222870.57942855,888222870.5794286,888222870.5794286,43,43
2018-12-12,0.0,177644.5741158857,0.0,-177644.5741158857,0.0,0.0,0.0,888222870.5794286,0,0
2018-12-13,0.0,0.0,0.0,0.0,0.0,0.0,0.0,0.0,0,0
2018-12-14,-1104812.3509229315,173641.59999271997,5844.5714279936465,-1284298.522343645,500000000.0,368207999.9635998,868207999.9635998,868207999.9635998,43,43
2018-12-17,0.0,173641.59999271997,0.0,-173641.59999271997,0.0,0.0,0.0,868207999.9635998,0,0
2018-12-18,-469969.5060546213,161417.584772941,4874.411489915944,-636261.5023174782,500000000.0,307087923.8647045,807087923.8647045,807087923.8647045,42,42
2018-12-19,0.0,161417.584772941,0.0,-161417.584772941,0.0,0.0,0.0,807087923.8647045,0,0
2018-12-20,43722.65096408194,188433.88656544033,7018.562425828596,-151729.798027187,500000000.0,442169432.8272015,942169432.8272015,942169432.8272015,42,42
2018-12-21,0.0,188433.88656544033,0.0,-188433.88656544033,0.0,0.0,0.0,942169432.8272015,0,0
2018-12-24,3479035.3084657975,199999.99999999994,7936.507936507937,3271098.8005292895,500000000.0,500000000.0,1000000000.0,1000000000.0,43,43
2018-12-26,-3141790.8931555147,416473.2058091828,7936.507936507934,-3566200.6069012056,500000000.00000006,499999999.99999994,1000000000.0,1548955413.5762994,44,44
2018-12-27,1422729.0201623372,426015.58799203514,7936.5079365079355,988776.9242337942,499999999.99999994,500000000.0,1000000000.0,1657567939.1261222,44,44
2018-12-28,0.0,200000.00000000003,0.0,-200000.00000000003,0.0,0.0,0.0,999999999.9999999,0,0
2018-12-31,0.0,0.0,0.0,0.0,0.0,0.0,0.0,0.0,0,0
2019-01-02,-7907538.306196417,200000.0,7936.507936507936,-8115474.814132925,500000000.0,500000000.0,1000000000.0,1000000000.0,44,44
2019-01-03,5230133.808119527,402574.90234881046,7657.671997578622,4819901.233773137,500000000.0,482433335.8474533,982433335.8474534,1373338656.5975916,44,44
2019-01-04,1964980.1005224145,352680.40932872,4035.736511367405,1608263.954682327,500000000.0,254251400.2161465,754251400.2161465,1499355772.3814616,44,44
2019-01-07,0.0,150850.28004322932,0.0,-150850.28004322932,0.0,0.0,0.0,754251400.2161465,0,0
2019-01-08,0.0,0.0,0.0,0.0,0.0,0.0,0.0,0.0,0,0
2019-01-09,-789725.0789200366,189119.99684537697,7073.0156226489635,-985918.0913880625,500000000.00000006,445599984.2268848,945599984.2268848,945599984.2268848,44,44
2019-01-10,0.0,189119.99684537697,0.0,-189119.99684537697,0.0,0.0,0.0,945599984.2268848,0,0
2019-01-11,-8480064.693036832,168252.52251615457,5416.866866361479,-8653734.082419347,499999999.99999994,341262612.58077323,841262612.5807731,841262612.5807732,44,44
2019-01-14,0.0,168252.52251615457,0.0,-168252.52251615457,0.0,0.0,0.0,841262612.5807732,0,0
2019-01-15,0.0,0.0,0.0,0.0,0.0,0.0,0.0,0.0,0,0
2019-01-16,0.0,0.0,0.0,0.0,0.0,0.0,0.0,0.0,0,0
2019-01-17,0.0,0.0,0.0,0.0,0.0,0.0,0.0,0.0,0,0
2019-01-18,0.0,0.0,0.0,0.0,0.0,0.0,0.0,0.0,0,0
2019-01-22,0.0,0.0,0.0,0.0,0.0,0.0,0.0,0.0,0,0
2019-01-23,0.0,0.0,0.0,0.0,0.0,0.0,0.0,0.0,0,0
2019-01-24,0.0,0.0,0.0,0.0,0.0,0.0,0.0,0.0,0,0
2019-01-25,0.0,0.0,0.0,0.0,0.0,0.0,0.0,0.0,0,0
2019-01-28,689369.3463391035,169969.90920811,5553.167397469048,513846.2697335245,499999999.99999994,349849546.04055,849849546.04055,849849546.04055,40,40
2019-01-29,0.0,169969.90920811,0.0,-169969.90920811,0.0,0.0,0.0,849849546.04055,0,0
2019-01-30,0.0,0.0,0.0,0.0,0.0,0.0,0.0,0.0,0,0
2019-01-31,0.0,0.0,0.0,0.0,0.0,0.0,0.0,0.0,0,0
2019-02-01,0.0,0.0,0.0,0.0,0.0,0.0,0.0,0.0,0,0
2019-02-04,0.0,0.0,0.0,0.0,0.0,0.0,0.0,0.0,0,0
2019-02-05,0.0,0.0,0.0,0.0,0.0,0.0,0.0,0.0,0,0
2019-02-06,0.0,0.0,0.0,0.0,0.0,0.0,0.0,0.0,0,0
2019-02-07,0.0,0.0,0.0,0.0,0.0,0.0,0.0,0.0,0,0
2019-02-08,1802799.9434966622,159094.21197778263,4690.016823633543,1639015.714695246,500000000.00000006,295471059.8889133,795471059.8889134,795471059.8889133,38,38
2019-02-11,0.0,159094.21197778263,0.0,-159094.21197778263,0.0,0.0,0.0,795471059.8889133,0,0
2019-02-12,0.0,0.0,0.0,0.0,0.0,0.0,0.0,0.0,0,0
2019-02-13,0.0,0.0,0.0,0.0,0.0,0.0,0.0,0.0,0,0
2019-02-14,0.0,0.0,0.0,0.0,0.0,0.0,0.0,0.0,0,0
2019-02-15,0.0,0.0,0.0,0.0,0.0,0.0,0.0,0.0,0,0
2019-02-19,0.0,0.0,0.0,0.0,0.0,0.0,0.0,0.0,0,0
2019-02-20,0.0,0.0,0.0,0.0,0.0,0.0,0.0,0.0,0,0
2019-02-21,0.0,0.0,0.0,0.0,0.0,0.0,0.0,0.0,0,0
2019-02-22,0.0,0.0,0.0,0.0,0.0,0.0,0.0,0.0,0,0
2019-02-25,0.0,0.0,0.0,0.0,0.0,0.0,0.0,0.0,0,0
2019-02-26,0.0,0.0,0.0,0.0,0.0,0.0,0.0,0.0,0,0
2019-02-27,0.0,0.0,0.0,0.0,0.0,0.0,0.0,0.0,0,0
2019-02-28,0.0,0.0,0.0,0.0,0.0,0.0,0.0,0.0,0,0
2019-03-01,0.0,0.0,0.0,0.0,0.0,0.0,0.0,0.0,0,0
2019-03-04,0.0,0.0,0.0,0.0,0.0,0.0,0.0,0.0,0,0
2019-03-05,0.0,0.0,0.0,0.0,0.0,0.0,0.0,0.0,0,0
2019-03-06,0.0,0.0,0.0,0.0,0.0,0.0,0.0,0.0,0,0
2019-03-07,0.0,0.0,0.0,0.0,0.0,0.0,0.0,0.0,0,0
2019-03-08,2147232.465918597,155906.72306713168,4437.04151326442,1986888.7013382008,500000000.0,279533615.3356585,779533615.3356586,779533615.3356586,43,43
2019-03-11,0.0,155906.72306713168,0.0,-155906.72306713168,0.0,0.0,0.0,779533615.3356586,0,0
2019-03-12,0.0,0.0,0.0,0.0,0.0,0.0,0.0,0.0,0,0
2019-03-13,0.0,0.0,0.0,0.0,0.0,0.0,0.0,0.0,0,0
2019-03-14,0.0,0.0,0.0,0.0,0.0,0.0,0.0,0.0,0,0
2019-03-15,0.0,0.0,0.0,0.0,0.0,0.0,0.0,0.0,0,0
2019-03-18,0.0,0.0,0.0,0.0,0.0,0.0,0.0,0.0,0,0
2019-03-19,0.0,0.0,0.0,0.0,0.0,0.0,0.0,0.0,0,0
2019-03-20,0.0,0.0,0.0,0.0,0.0,0.0,0.0,0.0,0,0
2019-03-21,0.0,0.0,0.0,0.0,0.0,0.0,0.0,0.0,0,0
2019-03-22,0.0,0.0,0.0,0.0,0.0,0.0,0.0,0.0,0,0
2019-03-25,0.0,0.0,0.0,0.0,0.0,0.0,0.0,0.0,0,0
2019-03-26,0.0,0.0,0.0,0.0,0.0,0.0,0.0,0.0,0,0
2019-03-27,0.0,0.0,0.0,0.0,0.0,0.0,0.0,0.0,0,0
2019-03-28,0.0,0.0,0.0,0.0,0.0,0.0,0.0,0.0,0,0
2019-03-29,0.0,0.0,0.0,0.0,0.0,0.0,0.0,0.0,0,0
2019-04-01,0.0,0.0,0.0,0.0,0.0,0.0,0.0,0.0,0,0
2019-04-02,0.0,0.0,0.0,0.0,0.0,0.0,0.0,0.0,0,0
2019-04-03,0.0,0.0,0.0,0.0,0.0,0.0,0.0,0.0,0,0
2019-04-04,0.0,0.0,0.0,0.0,0.0,0.0,0.0,0.0,0,0
2019-04-05,0.0,0.0,0.0,0.0,0.0,0.0,0.0,0.0,0,0
2019-04-08,-3008732.82327648,149847.9323714719,3956.1851088469766,-3162536.940756799,500000000.0,249239661.8573595,749239661.8573595,749239661.8573595,43,43
2019-04-09,0.0,149847.9323714719,0.0,-149847.9323714719,0.0,0.0,0.0,749239661.8573595,0,0
2019-04-10,0.0,0.0,0.0,0.0,0.0,0.0,0.0,0.0,0,0
2019-04-11,0.0,0.0,0.0,0.0,0.0,0.0,0.0,0.0,0,0
2019-04-12,0.0,0.0,0.0,0.0,0.0,0.0,0.0,0.0,0,0
2019-04-15,0.0,0.0,0.0,0.0,0.0,0.0,0.0,0.0,0,0
2019-04-16,0.0,0.0,0.0,0.0,0.0,0.0,0.0,0.0,0,0
2019-04-17,0.0,0.0,0.0,0.0,0.0,0.0,0.0,0.0,0,0
2019-04-18,0.0,0.0,0.0,0.0,0.0,0.0,0.0,0.0,0,0
2019-04-22,385411.25731211837,139951.72004747184,3170.7714323390314,242288.7658323075,500000000.0,199758600.23735902,699758600.237359,699758600.2373589,38,38
2019-04-23,-727287.0151868699,291040.9961069044,3835.85334150796,-1022163.8646352822,500000000.0,241658760.5150015,741658760.5150015,986170314.5562099,38,38
2019-04-24,0.0,148331.7521030003,0.0,-148331.7521030003,0.0,0.0,0.0,741658760.5150015,0,0
2019-04-25,-1832959.4448589787,147520.8388295044,3771.4951451987617,-1984251.7788336817,500000000.0,237604194.147522,737604194.147522,737604194.147522,34,34
2019-04-26,0.0,147520.8388295044,0.0,-147520.8388295044,0.0,0.0,0.0,737604194.147522,0,0
2019-04-29,0.0,0.0,0.0,0.0,0.0,0.0,0.0,0.0,0,0
2019-04-30,0.0,0.0,0.0,0.0,0.0,0.0,0.0,0.0,0,0
2019-05-01,0.0,0.0,0.0,0.0,0.0,0.0,0.0,0.0,0,0
2019-05-02,0.0,0.0,0.0,0.0,0.0,0.0,0.0,0.0,0,0
2019-05-03,0.0,0.0,0.0,0.0,0.0,0.0,0.0,0.0,0,0
2019-05-06,-3895317.400398664,154083.34578611108,4292.329030643738,-4053693.075215419,500000000.0,270416728.9305555,770416728.9305556,770416728.9305555,38,38
2019-05-07,-2723341.8912162725,294878.5603596736,3000.814869965278,-3021221.2664459115,500000000.0,189051336.8078125,689051336.8078125,1154624631.1740313,40,40
2019-05-08,0.0,137810.26736156252,0.0,-137810.26736156252,0.0,0.0,0.0,689051336.8078126,0,0
2019-05-09,-2114753.880603272,163705.08719762394,5055.959301398723,-2283514.9271022948,500000000.0,318525435.9881195,818525435.9881195,818525435.9881195,40,40
2019-05-10,0.0,163705.08719762394,0.0,-163705.08719762394,0.0,0.0,0.0,818525435.9881195,0,0
2019-05-13,4020022.317918686,197423.4846409406,7732.022590550838,3814866.8106871946,500000000.0,487117423.2047028,987117423.2047029,987117423.2047027,43,43
2019-05-14,-4791746.503220607,346843.64008480887,3868.56661398954,-5142458.709919405,500000000.0,243719696.68134102,743719696.681341,1114131457.753221,43,43
2019-05-15,-486431.1992366262,304375.25039797573,4415.18341759584,-795221.6330521978,500000000.00000006,278156555.308538,778156555.3085381,896808003.7054911,43,43
2019-05-16,-2758327.4512426686,343044.8853955132,6283.725055936968,-3107656.061694119,500000000.00000006,395874678.524029,895874678.524029,964552663.7944639,43,43
2019-05-17,0.0,179174.9357048058,0.0,-179174.9357048058,0.0,0.0,0.0,895874678.524029,0,0
2019-05-20,0.0,0.0,0.0,0.0,0.0,0.0,0.0,0.0,0,0
2019-05-21,0.0,0.0,0.0,0.0,0.0,0.0,0.0,0.0,0,0
2019-05-22,0.0,0.0,0.0,0.0,0.0,0.0,0.0,0.0,0,0
2019-05-23,0.0,0.0,0.0,0.0,0.0,0.0,0.0,0.0,0,0
2019-05-24,0.0,0.0,0.0,0.0,0.0,0.0,0.0,0.0,0,0
2019-05-28,0.0,0.0,0.0,0.0,0.0,0.0,0.0,0.0,0,0
2019-05-29,0.0,0.0,0.0,0.0,0.0,0.0,0.0,0.0,0,0
2019-05-30,0.0,0.0,0.0,0.0,0.0,0.0,0.0,0.0,0,0
2019-05-31,0.0,0.0,0.0,0.0,0.0,0.0,0.0,0.0,0,0
2019-06-03,0.0,0.0,0.0,0.0,0.0,0.0,0.0,0.0,0,0
2019-06-04,0.0,0.0,0.0,0.0,0.0,0.0,0.0,0.0,0,0
2019-06-05,0.0,0.0,0.0,0.0,0.0,0.0,0.0,0.0,0,0
2019-06-06,0.0,0.0,0.0,0.0,0.0,0.0,0.0,0.0,0,0
2019-06-07,0.0,0.0,0.0,0.0,0.0,0.0,0.0,0.0,0,0
2019-06-10,0.0,0.0,0.0,0.0,0.0,0.0,0.0,0.0,0,0
2019-06-11,0.0,0.0,0.0,0.0,0.0,0.0,0.0,0.0,0,0
2019-06-12,0.0,0.0,0.0,0.0,0.0,0.0,0.0,0.0,0,0
2019-06-13,0.0,0.0,0.0,0.0,0.0,0.0,0.0,0.0,0,0
2019-06-14,0.0,0.0,0.0,0.0,0.0,0.0,0.0,0.0,0,0
2019-06-17,0.0,0.0,0.0,0.0,0.0,0.0,0.0,0.0,0,0
2019-06-18,0.0,0.0,0.0,0.0,0.0,0.0,0.0,0.0,0,0
2019-06-19,0.0,0.0,0.0,0.0,0.0,0.0,0.0,0.0,0,0
2019-06-20,0.0,0.0,0.0,0.0,0.0,0.0,0.0,0.0,0,0
2019-06-21,0.0,0.0,0.0,0.0,0.0,0.0,0.0,0.0,0,0
2019-06-24,0.0,0.0,0.0,0.0,0.0,0.0,0.0,0.0,0,0
2019-06-25,0.0,0.0,0.0,0.0,0.0,0.0,0.0,0.0,0,0
2019-06-26,0.0,0.0,0.0,0.0,0.0,0.0,0.0,0.0,0,0
2019-06-27,0.0,0.0,0.0,0.0,0.0,0.0,0.0,0.0,0,0
2019-06-28,0.0,0.0,0.0,0.0,0.0,0.0,0.0,0.0,0,0
2019-07-01,0.0,0.0,0.0,0.0,0.0,0.0,0.0,0.0,0,0
2019-07-02,0.0,0.0,0.0,0.0,0.0,0.0,0.0,0.0,0,0
2019-07-03,0.0,0.0,0.0,0.0,0.0,0.0,0.0,0.0,0,0
2019-07-05,0.0,0.0,0.0,0.0,0.0,0.0,0.0,0.0,0,0
2019-07-08,0.0,0.0,0.0,0.0,0.0,0.0,0.0,0.0,0,0
2019-07-09,0.0,0.0,0.0,0.0,0.0,0.0,0.0,0.0,0,0
2019-07-10,0.0,0.0,0.0,0.0,0.0,0.0,0.0,0.0,0,0
2019-07-11,0.0,0.0,0.0,0.0,0.0,0.0,0.0,0.0,0,0
2019-07-12,0.0,0.0,0.0,0.0,0.0,0.0,0.0,0.0,0,0
2019-07-15,0.0,0.0,0.0,0.0,0.0,0.0,0.0,0.0,0,0
2019-07-16,0.0,0.0,0.0,0.0,0.0,0.0,0.0,0.0,0,0
2019-07-17,0.0,0.0,0.0,0.0,0.0,0.0,0.0,0.0,0,0
2019-07-18,0.0,0.0,0.0,0.0,0.0,0.0,0.0,0.0,0,0
2019-07-19,0.0,0.0,0.0,0.0,0.0,0.0,0.0,0.0,0,0
2019-07-22,0.0,0.0,0.0,0.0,0.0,0.0,0.0,0.0,0,0
2019-07-23,0.0,0.0,0.0,0.0,0.0,0.0,0.0,0.0,0,0
2019-07-24,0.0,0.0,0.0,0.0,0.0,0.0,0.0,0.0,0,0
2019-07-25,0.0,0.0,0.0,0.0,0.0,0.0,0.0,0.0,0,0
2019-07-26,0.0,0.0,0.0,0.0,0.0,0.0,0.0,0.0,0,0
2019-07-29,0.0,0.0,0.0,0.0,0.0,0.0,0.0,0.0,0,0
2019-07-30,0.0,0.0,0.0,0.0,0.0,0.0,0.0,0.0,0,0
2019-07-31,0.0,0.0,0.0,0.0,0.0,0.0,0.0,0.0,0,0
2019-08-01,0.0,0.0,0.0,0.0,0.0,0.0,0.0,0.0,0,0
2019-08-02,0.0,0.0,0.0,0.0,0.0,0.0,0.0,0.0,0,0
2019-08-05,0.0,0.0,0.0,0.0,0.0,0.0,0.0,0.0,0,0
2019-08-06,0.0,0.0,0.0,0.0,0.0,0.0,0.0,0.0,0,0
2019-08-07,0.0,0.0,0.0,0.0,0.0,0.0,0.0,0.0,0,0
2019-08-08,0.0,0.0,0.0,0.0,0.0,0.0,0.0,0.0,0,0
2019-08-09,0.0,0.0,0.0,0.0,0.0,0.0,0.0,0.0,0,0
2019-08-12,0.0,0.0,0.0,0.0,0.0,0.0,0.0,0.0,0,0
2019-08-13,0.0,0.0,0.0,0.0,0.0,0.0,0.0,0.0,0,0
2019-08-14,0.0,0.0,0.0,0.0,0.0,0.0,0.0,0.0,0,0
2019-08-15,0.0,0.0,0.0,0.0,0.0,0.0,0.0,0.0,0,0
2019-08-16,0.0,0.0,0.0,0.0,0.0,0.0,0.0,0.0,0,0
2019-08-19,0.0,0.0,0.0,0.0,0.0,0.0,0.0,0.0,0,0
2019-08-20,0.0,0.0,0.0,0.0,0.0,0.0,0.0,0.0,0,0
2019-08-21,0.0,0.0,0.0,0.0,0.0,0.0,0.0,0.0,0,0
2019-08-22,0.0,0.0,0.0,0.0,0.0,0.0,0.0,0.0,0,0
2019-08-23,0.0,0.0,0.0,0.0,0.0,0.0,0.0,0.0,0,0
2019-08-26,0.0,0.0,0.0,0.0,0.0,0.0,0.0,0.0,0,0
2019-08-27,0.0,0.0,0.0,0.0,0.0,0.0,0.0,0.0,0,0
2019-08-28,0.0,0.0,0.0,0.0,0.0,0.0,0.0,0.0,0,0
2019-08-29,0.0,0.0,0.0,0.0,0.0,0.0,0.0,0.0,0,0
2019-08-30,0.0,0.0,0.0,0.0,0.0,0.0,0.0,0.0,0,0
2019-09-03,0.0,0.0,0.0,0.0,0.0,0.0,0.0,0.0,0,0
2019-09-04,0.0,0.0,0.0,0.0,0.0,0.0,0.0,0.0,0,0
2019-09-05,0.0,0.0,0.0,0.0,0.0,0.0,0.0,0.0,0,0
2019-09-06,0.0,0.0,0.0,0.0,0.0,0.0,0.0,0.0,0,0
2019-09-09,0.0,0.0,0.0,0.0,0.0,0.0,0.0,0.0,0,0
2019-09-10,0.0,0.0,0.0,0.0,0.0,0.0,0.0,0.0,0,0
2019-09-11,0.0,0.0,0.0,0.0,0.0,0.0,0.0,0.0,0,0
2019-09-12,0.0,0.0,0.0,0.0,0.0,0.0,0.0,0.0,0,0
2019-09-13,0.0,0.0,0.0,0.0,0.0,0.0,0.0,0.0,0,0
2019-09-16,0.0,0.0,0.0,0.0,0.0,0.0,0.0,0.0,0,0
2019-09-17,0.0,0.0,0.0,0.0,0.0,0.0,0.0,0.0,0,0
2019-09-18,0.0,0.0,0.0,0.0,0.0,0.0,0.0,0.0,0,0
2019-09-19,0.0,0.0,0.0,0.0,0.0,0.0,0.0,0.0,0,0
2019-09-20,0.0,0.0,0.0,0.0,0.0,0.0,0.0,0.0,0,0
2019-09-23,0.0,0.0,0.0,0.0,0.0,0.0,0.0,0.0,0,0
2019-09-24,0.0,0.0,0.0,0.0,0.0,0.0,0.0,0.0,0,0
2019-09-25,0.0,0.0,0.0,0.0,0.0,0.0,0.0,0.0,0,0
2019-09-26,0.0,0.0,0.0,0.0,0.0,0.0,0.0,0.0,0,0
2019-09-27,0.0,0.0,0.0,0.0,0.0,0.0,0.0,0.0,0,0
2019-09-30,0.0,0.0,0.0,0.0,0.0,0.0,0.0,0.0,0,0
2019-10-01,0.0,0.0,0.0,0.0,0.0,0.0,0.0,0.0,0,0
2019-10-02,0.0,0.0,0.0,0.0,0.0,0.0,0.0,0.0,0,0
2019-10-03,0.0,0.0,0.0,0.0,0.0,0.0,0.0,0.0,0,0
2019-10-04,0.0,0.0,0.0,0.0,0.0,0.0,0.0,0.0,0,0
2019-10-07,0.0,0.0,0.0,0.0,0.0,0.0,0.0,0.0,0,0
2019-10-08,0.0,0.0,0.0,0.0,0.0,0.0,0.0,0.0,0,0
2019-10-09,0.0,0.0,0.0,0.0,0.0,0.0,0.0,0.0,0,0
2019-10-10,0.0,0.0,0.0,0.0,0.0,0.0,0.0,0.0,0,0
2019-10-11,0.0,0.0,0.0,0.0,0.0,0.0,0.0,0.0,0,0
2019-10-14,0.0,0.0,0.0,0.0,0.0,0.0,0.0,0.0,0,0
2019-10-15,0.0,0.0,0.0,0.0,0.0,0.0,0.0,0.0,0,0
2019-10-16,0.0,0.0,0.0,0.0,0.0,0.0,0.0,0.0,0,0
2019-10-17,0.0,0.0,0.0,0.0,0.0,0.0,0.0,0.0,0,0
2019-10-18,0.0,0.0,0.0,0.0,0.0,0.0,0.0,0.0,0,0
2019-10-21,0.0,0.0,0.0,0.0,0.0,0.0,0.0,0.0,0,0
2019-10-22,0.0,0.0,0.0,0.0,0.0,0.0,0.0,0.0,0,0
2019-10-23,0.0,0.0,0.0,0.0,0.0,0.0,0.0,0.0,0,0
2019-10-24,0.0,0.0,0.0,0.0,0.0,0.0,0.0,0.0,0,0
2019-10-25,0.0,0.0,0.0,0.0,0.0,0.0,0.0,0.0,0,0
2019-10-28,0.0,0.0,0.0,0.0,0.0,0.0,0.0,0.0,0,0
2019-10-29,0.0,0.0,0.0,0.0,0.0,0.0,0.0,0.0,0,0
2019-10-30,0.0,0.0,0.0,0.0,0.0,0.0,0.0,0.0,0,0
2019-10-31,0.0,0.0,0.0,0.0,0.0,0.0,0.0,0.0,0,0
2019-11-01,0.0,0.0,0.0,0.0,0.0,0.0,0.0,0.0,0,0
2019-11-04,0.0,0.0,0.0,0.0,0.0,0.0,0.0,0.0,0,0
2019-11-05,0.0,0.0,0.0,0.0,0.0,0.0,0.0,0.0,0,0
2019-11-06,0.0,0.0,0.0,0.0,0.0,0.0,0.0,0.0,0,0
2019-11-07,0.0,0.0,0.0,0.0,0.0,0.0,0.0,0.0,0,0
2019-11-08,0.0,0.0,0.0,0.0,0.0,0.0,0.0,0.0,0,0
2019-11-11,0.0,0.0,0.0,0.0,0.0,0.0,0.0,0.0,0,0
2019-11-12,0.0,0.0,0.0,0.0,0.0,0.0,0.0,0.0,0,0
2019-11-13,0.0,0.0,0.0,0.0,0.0,0.0,0.0,0.0,0,0
2019-11-14,0.0,0.0,0.0,0.0,0.0,0.0,0.0,0.0,0,0
2019-11-15,0.0,0.0,0.0,0.0,0.0,0.0,0.0,0.0,0,0
2019-11-18,0.0,0.0,0.0,0.0,0.0,0.0,0.0,0.0,0,0
2019-11-19,0.0,0.0,0.0,0.0,0.0,0.0,0.0,0.0,0,0
2019-11-20,0.0,0.0,0.0,0.0,0.0,0.0,0.0,0.0,0,0
2019-11-21,0.0,0.0,0.0,0.0,0.0,0.0,0.0,0.0,0,0
2019-11-22,0.0,0.0,0.0,0.0,0.0,0.0,0.0,0.0,0,0
2019-11-25,0.0,0.0,0.0,0.0,0.0,0.0,0.0,0.0,0,0
2019-11-26,0.0,0.0,0.0,0.0,0.0,0.0,0.0,0.0,0,0
2019-11-27,0.0,0.0,0.0,0.0,0.0,0.0,0.0,0.0,0,0
2019-11-29,0.0,0.0,0.0,0.0,0.0,0.0,0.0,0.0,0,0
2019-12-02,0.0,0.0,0.0,0.0,0.0,0.0,0.0,0.0,0,0
2019-12-03,4803096.667115104,173224.6946541876,5811.4837027133035,4624060.488758204,500000000.0,366123473.27093804,866123473.270938,866123473.270938,42,42
2019-12-04,0.0,173224.6946541876,0.0,-173224.6946541876,0.0,0.0,0.0,866123473.270938,0,0
2019-12-05,0.0,0.0,0.0,0.0,0.0,0.0,0.0,0.0,0,0
2019-12-06,0.0,0.0,0.0,0.0,0.0,0.0,0.0,0.0,0,0
2019-12-09,0.0,0.0,0.0,0.0,0.0,0.0,0.0,0.0,0,0
2019-12-10,0.0,0.0,0.0,0.0,0.0,0.0,0.0,0.0,0,0
2019-12-11,0.0,0.0,0.0,0.0,0.0,0.0,0.0,0.0,0,0
2019-12-12,0.0,0.0,0.0,0.0,0.0,0.0,0.0,0.0,0,0
2019-12-13,0.0,0.0,0.0,0.0,0.0,0.0,0.0,0.0,0,0
2019-12-16,0.0,0.0,0.0,0.0,0.0,0.0,0.0,0.0,0,0
2019-12-17,0.0,0.0,0.0,0.0,0.0,0.0,0.0,0.0,0,0
2019-12-18,0.0,0.0,0.0,0.0,0.0,0.0,0.0,0.0,0,0
2019-12-19,0.0,0.0,0.0,0.0,0.0,0.0,0.0,0.0,0,0
2019-12-20,0.0,0.0,0.0,0.0,0.0,0.0,0.0,0.0,0,0
2019-12-23,0.0,0.0,0.0,0.0,0.0,0.0,0.0,0.0,0,0
2019-12-24,0.0,0.0,0.0,0.0,0.0,0.0,0.0,0.0,0,0
2019-12-26,0.0,0.0,0.0,0.0,0.0,0.0,0.0,0.0,0,0
2019-12-27,0.0,0.0,0.0,0.0,0.0,0.0,0.0,0.0,0,0
2019-12-30,0.0,0.0,0.0,0.0,0.0,0.0,0.0,0.0,0,0
2019-12-31,4205189.075530451,184310.5080668709,6691.310164037374,4014187.257299543,500000000.0,421552540.3343545,921552540.3343545,921552540.3343545,43,43
2020-01-02,-5074739.538738115,354635.5663299558,5581.353830403551,-5434956.458898474,500000000.0,351625291.3154238,851625291.3154237,1308956024.970259,43,43
2020-01-03,-4307816.5536137875,342022.2542886397,5690.253652821823,-4655529.06155525,499999999.99999994,358485980.127775,858485980.127775,1245403934.4816768,43,43
2020-01-06,3634489.7453617253,357454.02614204853,6806.0976282931415,3270229.6215913836,500000000.0,428784150.58246803,928784150.582468,1313295413.8968117,43,43
2020-01-07,82960.86820205755,385756.8301164935,7936.507936507933,-310732.4698509439,500000000.0,500000000.0,1000000000.0,1498379520.3236594,43,43
2020-01-08,0.0,200000.00000000006,0.0,-200000.00000000006,0.0,0.0,0.0,1000000000.0,0,0
2020-01-09,0.0,0.0,0.0,0.0,0.0,0.0,0.0,0.0,0,0
2020-01-10,0.0,0.0,0.0,0.0,0.0,0.0,0.0,0.0,0,0
2020-01-13,0.0,0.0,0.0,0.0,0.0,0.0,0.0,0.0,0,0
2020-01-14,0.0,0.0,0.0,0.0,0.0,0.0,0.0,0.0,0,0
2020-01-15,0.0,0.0,0.0,0.0,0.0,0.0,0.0,0.0,0,0
2020-01-16,0.0,0.0,0.0,0.0,0.0,0.0,0.0,0.0,0,0
2020-01-17,0.0,0.0,0.0,0.0,0.0,0.0,0.0,0.0,0,0
2020-01-21,0.0,0.0,0.0,0.0,0.0,0.0,0.0,0.0,0,0
2020-01-22,0.0,0.0,0.0,0.0,0.0,0.0,0.0,0.0,0,0
2020-01-23,0.0,0.0,0.0,0.0,0.0,0.0,0.0,0.0,0,0
2020-01-24,0.0,0.0,0.0,0.0,0.0,0.0,0.0,0.0,0,0
2020-01-27,4527515.9394056415,158115.88256192557,4612.371631898856,4364787.685211817,500000000.0,290579412.809628,790579412.809628,790579412.809628,41,41
2020-01-28,1492568.872970468,339359.67559958616,6350.710034576231,1146858.4873363054,500000000.00000006,400094732.1783025,900094732.1783025,1365630276.4825318,40,40
2020-01-29,0.0,180018.94643566056,0.0,-180018.94643566056,0.0,0.0,0.0,900094732.1783025,0,0
2020-01-30,-1536729.6975111046,158692.5230645852,4658.13675115755,-1700080.3573268473,500000000.0,293462615.32292575,793462615.3229258,793462615.3229258,36,36
2020-01-31,2779197.641125892,312902.2060583232,4173.4830867426945,2462121.9519808255,500000000.0,262929434.46478978,762929434.4647897,1023576002.127769,38,38
2020-02-03,5780297.563745463,346838.73079255567,6708.241162616525,5426750.591790291,500000000.0,422619193.2448413,922619193.2448413,1304155856.7025476,39,39
2020-02-04,0.0,184523.83864896826,0.0,-184523.83864896826,0.0,0.0,0.0,922619193.2448413,0,0
2020-02-05,0.0,0.0,0.0,0.0,0.0,0.0,0.0,0.0,0,0
2020-02-06,0.0,0.0,0.0,0.0,0.0,0.0,0.0,0.0,0,0
2020-02-07,-1138781.511116918,173847.0110595544,5860.87389361543,-1318489.3960700878,499999999.99999994,369235055.297772,869235055.2977719,869235055.2977719,40,40
2020-02-10,0.0,173847.0110595544,0.0,-173847.0110595544,0.0,0.0,0.0,869235055.2977719,0,0
2020-02-11,0.0,0.0,0.0,0.0,0.0,0.0,0.0,0.0,0,0
2020-02-12,0.0,0.0,0.0,0.0,0.0,0.0,0.0,0.0,0,0
2020-02-13,0.0,0.0,0.0,0.0,0.0,0.0,0.0,0.0,0,0
2020-02-14,0.0,0.0,0.0,0.0,0.0,0.0,0.0,0.0,0,0
2020-02-18,0.0,0.0,0.0,0.0,0.0,0.0,0.0,0.0,0,0
2020-02-19,0.0,0.0,0.0,0.0,0.0,0.0,0.0,0.0,0,0
2020-02-20,0.0,0.0,0.0,0.0,0.0,0.0,0.0,0.0,0,0
2020-02-21,0.0,0.0,0.0,0.0,0.0,0.0,0.0,0.0,0,0
2020-02-24,4359499.706831727,160862.8103012555,4830.381769940913,4193806.514760531,500000000.0,304314051.5062775,804314051.5062776,804314051.5062776,41,41
2020-02-25,-102328.01633224852,323162.00118362263,4638.563750222779,-430128.58126609394,500000000.00000006,292229516.26403505,792229516.2640351,1234448184.7869518,41,41
2020-02-26,-9160361.258283403,355162.8463122939,6529.998819356326,-9522054.103415053,500000000.00000006,411389925.61944854,911389925.6194487,1371362654.3628879,40,40
2020-02-27,-6501798.875641267,382277.9851238895,7936.507936507936,-6892013.368701665,500000000.0,500000000.0,1000000000.0,1380389089.784481,40,40
2020-02-28,4695385.5971184615,343341.3358029812,3439.788555792159,4348604.472759687,499999999.99999994,216706679.01490602,716706679.0149059,1350727185.842637,41,41
2020-03-02,3599966.43932252,300943.6328890541,3367.900270157623,3295654.9061633083,500000000.0,212177717.01993027,712177717.0199302,1085924688.3076103,43,43
2020-03-03,-2422779.751650839,366083.695736367,7936.507936507937,-2796799.9553237143,500000000.0,500000000.0,1000000000.0,1445111779.4976773,44,44
2020-03-04,-7139146.280987687,391454.44072346156,5834.793358920469,-7536435.51507007,500000000.00000006,367591981.61198956,867591981.6119896,1569344719.3868558,44,44
2020-03-05,-9426413.102177374,351860.4810181816,6081.507887046319,-9784355.091082603,500000000.0,383134996.883918,883134996.883918,1378984819.7176478,44,44
2020-03-06,0.0,176626.9993767837,0.0,-176626.9993767837,0.0,0.0,0.0,883134996.883918,0,0
2020-03-09,0.0,0.0,0.0,0.0,0.0,0.0,0.0,0.0,0,0
2020-03-10,0.0,0.0,0.0,0.0,0.0,0.0,0.0,0.0,0,0
2020-03-11,0.0,0.0,0.0,0.0,0.0,0.0,0.0,0.0,0,0
2020-03-12,0.0,0.0,0.0,0.0,0.0,0.0,0.0,0.0,0,0
2020-03-13,0.0,0.0,0.0,0.0,0.0,0.0,0.0,0.0,0,0
2020-03-16,0.0,0.0,0.0,0.0,0.0,0.0,0.0,0.0,0,0
2020-03-17,0.0,0.0,0.0,0.0,0.0,0.0,0.0,0.0,0,0
2020-03-18,0.0,0.0,0.0,0.0,0.0,0.0,0.0,0.0,0,0
2020-03-19,0.0,0.0,0.0,0.0,0.0,0.0,0.0,0.0,0,0
2020-03-20,0.0,0.0,0.0,0.0,0.0,0.0,0.0,0.0,0,0
2020-03-23,0.0,0.0,0.0,0.0,0.0,0.0,0.0,0.0,0,0
2020-03-24,12360458.29171787,199999.99999999997,7936.507936507937,12152521.783781363,500000000.0,500000000.0,1000000000.0,1000000000.0,40,40
2020-03-25,-1803744.4202702432,400000.00000000006,7936.507936507935,-2211680.928206751,500000000.0,500000000.0,1000000000.0,1728517626.9783256,36,36
2020-03-26,-1483565.2234321837,404598.14593473845,7936.507936507936,-1896099.87730343,500000000.00000006,500000000.00000006,1000000000.0000001,1752799281.929305,35,35
2020-03-27,6889642.928839749,439099.03509287373,7936.507936507936,6442607.385810367,500000000.0,499999999.99999994,1000000000.0,1925830027.918575,35,35
2020-03-30,4659999.866903641,430510.1684370769,7936.507936507936,4221553.190530056,500000000.00000006,500000000.0,1000000000.0,1832986291.2728856,34,34
2020-03-31,4455549.119741709,434172.3157796614,7936.5079365079355,4013440.2960255397,500000000.00000006,500000000.00000006,1000000000.0000001,1861704206.5512602,34,34
2020-04-01,-3435857.2537964038,400000.0000000001,7936.5079365079355,-3843793.7617329117,500000000.00000006,500000000.00000006,1000000000.0000001,1716654878.1485422,35,35
2020-04-02,7765863.063264927,400000.0000000002,7936.5079365079355,7357926.5553284185,500000000.00000006,499999999.99999994,1000000000.0,1457210009.7575316,34,34
2020-04-03,5912284.484880975,400000.0,7936.507936507936,5504347.976944467,500000000.0,500000000.0,1000000000.0,1318803625.9228077,34,34
2020-04-06,24426947.296688482,399999.99999999994,7936.507936507938,24019010.788751975,500000000.0,500000000.00000006,1000000000.0,1485986053.1695814,34,34
2020-04-07,5360006.790093424,400851.2892553301,7936.507936507937,4951218.992901585,500000000.0,500000000.0,1000000000.0,1464214219.0494325,34,34
2020-04-08,-507349.18428204826,427038.5577713925,7936.507936507937,-942324.2499899487,500000000.0,499999999.99999994,1000000000.0,1609759552.9712012,34,34
2020-04-09,2124003.262178878,382348.99653233663,6535.634645423548,1735118.6310011176,500000000.00000006,411744982.6616835,911744982.6616836,1382797951.9123309,34,34
2020-04-13,6377172.713558611,324387.3451151403,3336.376871651076,6049448.99157182,499999999.99999994,210191742.91401777,710191742.9140177,1266040952.8241286,36,36
2020-04-14,6420528.428114813,354571.4378426728,7936.5079365079355,6058020.482335632,499999999.99999994,500000000.00000006,1000000000.0,1408123563.0667675,36,36
2020-04-15,994781.2765590451,342610.8093577564,4998.559544007544,647171.9076572811,398144795.516307,314909251.2724753,713054046.7887824,1554440667.4017344,38,38
2020-04-16,9484240.070828618,354042.3227054041,7936.507936507937,9122261.240186706,500000000.0,500000000.0,1000000000.0,1522634368.1016324,38,38
2020-04-17,-1596539.740601597,368541.77737006184,5439.823600798556,-1970521.3415724572,500000000.00000006,342708886.850309,842708886.8503091,1808837730.155309,40,40
2020-04-20,-2115278.4458033363,356035.81345564016,6857.628240013445,-2478171.88749899,499999999.99999994,432030579.12084705,932030579.120847,1630203029.1880581,40,40
2020-04-21,3750552.556724442,341791.07800245227,4239.12444597482,3404522.354276015,499999999.9999999,267064840.09641376,767064840.0964136,1398213442.348815,39,39
2020-04-22,1193523.4104906912,301227.0265150877,3182.5592233178572,889113.8247522856,500000000.00000006,200501231.069025,700501231.069025,1349150942.6108165,37,37
2020-04-23,2337458.610022476,319414.7766917079,5072.161698180691,2012971.6716325874,500000000.0,319546186.9853835,819546186.9853835,1331537460.8009195,39,39
2020-04-24,5625360.207174718,305635.6439430012,3311.6195671368573,5316412.94366458,500000000.0,208632032.729622,708632032.729622,1280659967.6689398,40,40
2020-04-27,-7820545.583602068,336577.61777753016,7527.873907270293,-8164651.075286868,499999999.99999994,474256056.1580283,974256056.1580282,1340461577.349102,40,40
2020-04-28,6494083.923841173,363170.2739715622,4547.9707012901035,6126365.67916832,500000000.00000006,286522154.18127656,786522154.1812766,1598287342.9083993,38,38
2020-04-29,612779.8556020166,310162.5400245882,2891.4820006567893,299725.8335767716,500000000.00000006,182163366.04137775,682163366.0413778,1234754673.7559307,34,34
2020-04-30,1263352.1277617523,269670.3474032113,2637.9106503917146,991043.8697081493,500000000.0,166188370.974678,666188370.974678,924976654.4222203,34,34
2020-05-01,-3162277.301027673,276774.7804493563,3455.3258932079875,-3442507.407370237,500000000.0,217685531.27210328,717685531.2721033,989259924.7374051,37,37
2020-05-04,3338790.2427588054,290415.4371913994,3720.5024553157627,3044654.3031120906,500000000.0,234391654.684893,734391654.684893,1005267012.7612163,37,37
2020-05-05,256791.7683650192,295344.2383587617,3846.5005890303846,-42398.97058277289,500000000.00000006,242329537.10891426,742329537.1089144,1058333747.8510087,37,37
2020-05-06,1725596.11235153,282399.33069646714,2693.128831324144,1440503.6528237388,499999999.99999994,169667116.373421,669667116.373421,985958595.8005737,33,33
2020-05-07,0.0,133933.4232746842,0.0,-133933.4232746842,0.0,0.0,0.0,669667116.373421,0,0
2020-05-08,545167.4756511035,162726.58847317967,4978.300672474576,377462.5865054493,500000000.00000006,313632942.36589825,813632942.3658984,813632942.3658984,35,35
2020-05-11,-91870.21604209203,306049.29894940514,3438.3103552560005,-401357.8253467532,499999999.99999994,216613552.381128,716613552.381128,1111110193.8949091,39,39
2020-05-12,798440.778529893,320268.6095698601,6106.817388383694,472065.35157164925,499999999.99999994,384729495.4681728,884729495.4681728,1071721691.3095375,42,42
2020-05-13,0.0,176945.8990936345,0.0,-176945.8990936345,0.0,0.0,0.0,884729495.4681728,0,0
2020-05-14,-5666671.29658713,197638.30784834397,7749.072051455873,-5872058.67648693,500000000.0,488191539.24172,988191539.24172,988191539.2417201,43,43
2020-05-15,0.0,197638.30784834397,0.0,-197638.30784834397,0.0,0.0,0.0,988191539.2417201,0,0
2020-05-18,2325328.5067333947,200000.00000000003,7936.507936507934,2117391.9987968868,500000000.00000006,500000000.0,1000000000.0,1000000000.0,43,43
2020-05-19,5911221.68241824,367417.4341999127,4500.904114866091,5539303.344103462,500000000.0,283556959.23656374,783556959.2365637,1503917649.6166527,43,43
2020-05-20,-718036.3395025652,310282.20204339945,3621.1875426211586,-1031939.7290885858,500000000.0,228134815.185133,728134815.185133,1388921078.4749615,43,43
2020-05-21,-1602715.6468865986,352622.1862057367,7936.507936507935,-1963274.341028843,500000000.00000006,500000000.0,1000000000.0,1164645315.2278254,43,43
2020-05-22,-5444435.567436899,340745.1079189844,3233.738723728913,-5788414.414079612,500000000.00000006,203725539.5949215,703725539.5949216,1285046868.384527,43,43
2020-05-26,-13970929.57815979,322744.476115702,6507.886364818873,-14300181.940640312,500000000.0,409996840.983589,909996840.9835889,1103090522.7347033,43,43
2020-05-27,0.0,181999.36819671778,0.0,-181999.36819671778,0.0,0.0,0.0,909996840.983589,0,0
2020-05-28,0.0,0.0,0.0,0.0,0.0,0.0,0.0,0.0,0,0
2020-05-29,-1278613.253675049,200000.00000000003,7936.507936507935,-1486549.7616115569,500000000.0,500000000.00000006,1000000000.0,1000000000.0000001,43,43
2020-06-01,0.0,200000.00000000003,0.0,-200000.00000000003,0.0,0.0,0.0,1000000000.0000001,0,0
2020-06-02,0.0,0.0,0.0,0.0,0.0,0.0,0.0,0.0,0,0
2020-06-03,0.0,0.0,0.0,0.0,0.0,0.0,0.0,0.0,0,0
2020-06-04,0.0,0.0,0.0,0.0,0.0,0.0,0.0,0.0,0,0
2020-06-05,0.0,0.0,0.0,0.0,0.0,0.0,0.0,0.0,0,0
2020-06-08,0.0,0.0,0.0,0.0,0.0,0.0,0.0,0.0,0,0
2020-06-09,0.0,0.0,0.0,0.0,0.0,0.0,0.0,0.0,0,0
2020-06-10,0.0,0.0,0.0,0.0,0.0,0.0,0.0,0.0,0,0
2020-06-11,0.0,0.0,0.0,0.0,0.0,0.0,0.0,0.0,0,0
2020-06-12,0.0,0.0,0.0,0.0,0.0,0.0,0.0,0.0,0,0
2020-06-15,0.0,0.0,0.0,0.0,0.0,0.0,0.0,0.0,0,0
2020-06-16,0.0,0.0,0.0,0.0,0.0,0.0,0.0,0.0,0,0
2020-06-17,0.0,0.0,0.0,0.0,0.0,0.0,0.0,0.0,0,0
2020-06-18,0.0,0.0,0.0,0.0,0.0,0.0,0.0,0.0,0,0
2020-06-19,0.0,0.0,0.0,0.0,0.0,0.0,0.0,0.0,0,0
2020-06-22,0.0,0.0,0.0,0.0,0.0,0.0,0.0,0.0,0,0
2020-06-23,0.0,0.0,0.0,0.0,0.0,0.0,0.0,0.0,0,0
2020-06-24,0.0,0.0,0.0,0.0,0.0,0.0,0.0,0.0,0,0
2020-06-25,0.0,0.0,0.0,0.0,0.0,0.0,0.0,0.0,0,0
2020-06-26,0.0,0.0,0.0,0.0,0.0,0.0,0.0,0.0,0,0
2020-06-29,0.0,0.0,0.0,0.0,0.0,0.0,0.0,0.0,0,0
2020-06-30,0.0,0.0,0.0,0.0,0.0,0.0,0.0,0.0,0,0
2020-07-01,0.0,0.0,0.0,0.0,0.0,0.0,0.0,0.0,0,0
2020-07-02,0.0,0.0,0.0,0.0,0.0,0.0,0.0,0.0,0,0
2020-07-06,0.0,0.0,0.0,0.0,0.0,0.0,0.0,0.0,0,0
2020-07-07,0.0,0.0,0.0,0.0,0.0,0.0,0.0,0.0,0,0
2020-07-08,0.0,0.0,0.0,0.0,0.0,0.0,0.0,0.0,0,0
2020-07-09,0.0,0.0,0.0,0.0,0.0,0.0,0.0,0.0,0,0
2020-07-10,0.0,0.0,0.0,0.0,0.0,0.0,0.0,0.0,0,0
2020-07-13,0.0,0.0,0.0,0.0,0.0,0.0,0.0,0.0,0,0
2020-07-14,0.0,0.0,0.0,0.0,0.0,0.0,0.0,0.0,0,0
2020-07-15,0.0,0.0,0.0,0.0,0.0,0.0,0.0,0.0,0,0
2020-07-16,0.0,0.0,0.0,0.0,0.0,0.0,0.0,0.0,0,0
2020-07-17,0.0,0.0,0.0,0.0,0.0,0.0,0.0,0.0,0,0
2020-07-20,0.0,0.0,0.0,0.0,0.0,0.0,0.0,0.0,0,0
2020-07-21,0.0,0.0,0.0,0.0,0.0,0.0,0.0,0.0,0,0
2020-07-22,0.0,0.0,0.0,0.0,0.0,0.0,0.0,0.0,0,0
2020-07-23,0.0,0.0,0.0,0.0,0.0,0.0,0.0,0.0,0,0
2020-07-24,0.0,0.0,0.0,0.0,0.0,0.0,0.0,0.0,0,0
2020-07-27,0.0,0.0,0.0,0.0,0.0,0.0,0.0,0.0,0,0
2020-07-28,0.0,0.0,0.0,0.0,0.0,0.0,0.0,0.0,0,0
2020-07-29,0.0,0.0,0.0,0.0,0.0,0.0,0.0,0.0,0,0
2020-07-30,0.0,0.0,0.0,0.0,0.0,0.0,0.0,0.0,0,0
2020-07-31,0.0,0.0,0.0,0.0,0.0,0.0,0.0,0.0,0,0
2020-08-03,0.0,0.0,0.0,0.0,0.0,0.0,0.0,0.0,0,0
2020-08-04,0.0,0.0,0.0,0.0,0.0,0.0,0.0,0.0,0,0
2020-08-05,0.0,0.0,0.0,0.0,0.0,0.0,0.0,0.0,0,0
2020-08-06,0.0,0.0,0.0,0.0,0.0,0.0,0.0,0.0,0,0
2020-08-07,0.0,0.0,0.0,0.0,0.0,0.0,0.0,0.0,0,0
2020-08-10,0.0,0.0,0.0,0.0,0.0,0.0,0.0,0.0,0,0
2020-08-11,0.0,0.0,0.0,0.0,0.0,0.0,0.0,0.0,0,0
2020-08-12,0.0,0.0,0.0,0.0,0.0,0.0,0.0,0.0,0,0
2020-08-13,0.0,0.0,0.0,0.0,0.0,0.0,0.0,0.0,0,0
2020-08-14,0.0,0.0,0.0,0.0,0.0,0.0,0.0,0.0,0,0
2020-08-17,0.0,0.0,0.0,0.0,0.0,0.0,0.0,0.0,0,0
2020-08-18,0.0,0.0,0.0,0.0,0.0,0.0,0.0,0.0,0,0
2020-08-19,0.0,0.0,0.0,0.0,0.0,0.0,0.0,0.0,0,0
2020-08-20,0.0,0.0,0.0,0.0,0.0,0.0,0.0,0.0,0,0
2020-08-21,0.0,0.0,0.0,0.0,0.0,0.0,0.0,0.0,0,0
2020-08-24,0.0,0.0,0.0,0.0,0.0,0.0,0.0,0.0,0,0
2020-08-25,0.0,0.0,0.0,0.0,0.0,0.0,0.0,0.0,0,0
2020-08-26,0.0,0.0,0.0,0.0,0.0,0.0,0.0,0.0,0,0
2020-08-27,0.0,0.0,0.0,0.0,0.0,0.0,0.0,0.0,0,0
2020-08-28,0.0,0.0,0.0,0.0,0.0,0.0,0.0,0.0,0,0
2020-08-31,0.0,0.0,0.0,0.0,0.0,0.0,0.0,0.0,0,0
2020-09-01,0.0,0.0,0.0,0.0,0.0,0.0,0.0,0.0,0,0
2020-09-02,0.0,0.0,0.0,0.0,0.0,0.0,0.0,0.0,0,0
2020-09-03,0.0,0.0,0.0,0.0,0.0,0.0,0.0,0.0,0,0
2020-09-04,0.0,0.0,0.0,0.0,0.0,0.0,0.0,0.0,0,0
2020-09-08,0.0,0.0,0.0,0.0,0.0,0.0,0.0,0.0,0,0
2020-09-09,0.0,0.0,0.0,0.0,0.0,0.0,0.0,0.0,0,0
2020-09-10,0.0,0.0,0.0,0.0,0.0,0.0,0.0,0.0,0,0
2020-09-11,0.0,0.0,0.0,0.0,0.0,0.0,0.0,0.0,0,0
2020-09-14,0.0,0.0,0.0,0.0,0.0,0.0,0.0,0.0,0,0
2020-09-15,0.0,0.0,0.0,0.0,0.0,0.0,0.0,0.0,0,0
2020-09-16,0.0,0.0,0.0,0.0,0.0,0.0,0.0,0.0,0,0
2020-09-17,0.0,0.0,0.0,0.0,0.0,0.0,0.0,0.0,0,0
2020-09-18,0.0,0.0,0.0,0.0,0.0,0.0,0.0,0.0,0,0
2020-09-21,0.0,0.0,0.0,0.0,0.0,0.0,0.0,0.0,0,0
2020-09-22,0.0,0.0,0.0,0.0,0.0,0.0,0.0,0.0,0,0
2020-09-23,0.0,0.0,0.0,0.0,0.0,0.0,0.0,0.0,0,0
2020-09-24,0.0,0.0,0.0,0.0,0.0,0.0,0.0,0.0,0,0
2020-09-25,0.0,0.0,0.0,0.0,0.0,0.0,0.0,0.0,0,0
2020-09-28,0.0,0.0,0.0,0.0,0.0,0.0,0.0,0.0,0,0
2020-09-29,0.0,0.0,0.0,0.0,0.0,0.0,0.0,0.0,0,0
2020-09-30,0.0,0.0,0.0,0.0,0.0,0.0,0.0,0.0,0,0
2020-10-01,0.0,0.0,0.0,0.0,0.0,0.0,0.0,0.0,0,0
2020-10-02,0.0,0.0,0.0,0.0,0.0,0.0,0.0,0.0,0,0
2020-10-05,0.0,0.0,0.0,0.0,0.0,0.0,0.0,0.0,0,0
2020-10-06,0.0,0.0,0.0,0.0,0.0,0.0,0.0,0.0,0,0
2020-10-07,0.0,0.0,0.0,0.0,0.0,0.0,0.0,0.0,0,0
2020-10-08,0.0,0.0,0.0,0.0,0.0,0.0,0.0,0.0,0,0
2020-10-09,0.0,0.0,0.0,0.0,0.0,0.0,0.0,0.0,0,0
2020-10-12,0.0,0.0,0.0,0.0,0.0,0.0,0.0,0.0,0,0
2020-10-13,0.0,0.0,0.0,0.0,0.0,0.0,0.0,0.0,0,0
2020-10-14,0.0,0.0,0.0,0.0,0.0,0.0,0.0,0.0,0,0
2020-10-15,0.0,0.0,0.0,0.0,0.0,0.0,0.0,0.0,0,0
2020-10-16,0.0,0.0,0.0,0.0,0.0,0.0,0.0,0.0,0,0
2020-10-19,0.0,0.0,0.0,0.0,0.0,0.0,0.0,0.0,0,0
2020-10-20,0.0,0.0,0.0,0.0,0.0,0.0,0.0,0.0,0,0
2020-10-21,0.0,0.0,0.0,0.0,0.0,0.0,0.0,0.0,0,0
2020-10-22,0.0,0.0,0.0,0.0,0.0,0.0,0.0,0.0,0,0
2020-10-23,0.0,0.0,0.0,0.0,0.0,0.0,0.0,0.0,0,0
2020-10-26,0.0,0.0,0.0,0.0,0.0,0.0,0.0,0.0,0,0
2020-10-27,0.0,0.0,0.0,0.0,0.0,0.0,0.0,0.0,0,0
2020-10-28,0.0,0.0,0.0,0.0,0.0,0.0,0.0,0.0,0,0
2020-10-29,0.0,0.0,0.0,0.0,0.0,0.0,0.0,0.0,0,0
2020-10-30,0.0,0.0,0.0,0.0,0.0,0.0,0.0,0.0,0,0
2020-11-02,0.0,0.0,0.0,0.0,0.0,0.0,0.0,0.0,0,0
2020-11-03,0.0,0.0,0.0,0.0,0.0,0.0,0.0,0.0,0,0
2020-11-04,0.0,0.0,0.0,0.0,0.0,0.0,0.0,0.0,0,0
2020-11-05,0.0,0.0,0.0,0.0,0.0,0.0,0.0,0.0,0,0
2020-11-06,0.0,0.0,0.0,0.0,0.0,0.0,0.0,0.0,0,0
2020-11-09,0.0,0.0,0.0,0.0,0.0,0.0,0.0,0.0,0,0
2020-11-10,0.0,0.0,0.0,0.0,0.0,0.0,0.0,0.0,0,0
2020-11-11,0.0,0.0,0.0,0.0,0.0,0.0,0.0,0.0,0,0
2020-11-12,0.0,0.0,0.0,0.0,0.0,0.0,0.0,0.0,0,0
2020-11-13,0.0,0.0,0.0,0.0,0.0,0.0,0.0,0.0,0,0
2020-11-16,0.0,0.0,0.0,0.0,0.0,0.0,0.0,0.0,0,0
2020-11-17,0.0,0.0,0.0,0.0,0.0,0.0,0.0,0.0,0,0
2020-11-18,0.0,0.0,0.0,0.0,0.0,0.0,0.0,0.0,0,0
2020-11-19,0.0,0.0,0.0,0.0,0.0,0.0,0.0,0.0,0,0
2020-11-20,0.0,0.0,0.0,0.0,0.0,0.0,0.0,0.0,0,0
2020-11-23,0.0,0.0,0.0,0.0,0.0,0.0,0.0,0.0,0,0
2020-11-24,0.0,0.0,0.0,0.0,0.0,0.0,0.0,0.0,0,0
2020-11-25,0.0,0.0,0.0,0.0,0.0,0.0,0.0,0.0,0,0
2020-11-27,0.0,0.0,0.0,0.0,0.0,0.0,0.0,0.0,0,0
2020-11-30,0.0,0.0,0.0,0.0,0.0,0.0,0.0,0.0,0,0
2020-12-01,0.0,0.0,0.0,0.0,0.0,0.0,0.0,0.0,0,0
2020-12-02,0.0,0.0,0.0,0.0,0.0,0.0,0.0,0.0,0,0
2020-12-03,0.0,0.0,0.0,0.0,0.0,0.0,0.0,0.0,0,0
2020-12-04,0.0,0.0,0.0,0.0,0.0,0.0,0.0,0.0,0,0
2020-12-07,0.0,0.0,0.0,0.0,0.0,0.0,0.0,0.0,0,0
2020-12-08,0.0,0.0,0.0,0.0,0.0,0.0,0.0,0.0,0,0
2020-12-09,0.0,0.0,0.0,0.0,0.0,0.0,0.0,0.0,0,0
2020-12-10,0.0,0.0,0.0,0.0,0.0,0.0,0.0,0.0,0,0
2020-12-11,0.0,0.0,0.0,0.0,0.0,0.0,0.0,0.0,0,0
2020-12-14,0.0,0.0,0.0,0.0,0.0,0.0,0.0,0.0,0,0
2020-12-15,0.0,0.0,0.0,0.0,0.0,0.0,0.0,0.0,0,0
2020-12-16,0.0,0.0,0.0,0.0,0.0,0.0,0.0,0.0,0,0
2020-12-17,0.0,0.0,0.0,0.0,0.0,0.0,0.0,0.0,0,0
2020-12-18,0.0,0.0,0.0,0.0,0.0,0.0,0.0,0.0,0,0
2020-12-21,0.0,0.0,0.0,0.0,0.0,0.0,0.0,0.0,0,0
2020-12-22,0.0,0.0,0.0,0.0,0.0,0.0,0.0,0.0,0,0
2020-12-23,0.0,0.0,0.0,0.0,0.0,0.0,0.0,0.0,0,0
2020-12-24,0.0,0.0,0.0,0.0,0.0,0.0,0.0,0.0,0,0
2020-12-28,0.0,0.0,0.0,0.0,0.0,0.0,0.0,0.0,0,0
2020-12-29,0.0,0.0,0.0,0.0,0.0,0.0,0.0,0.0,0,0
2020-12-30,0.0,0.0,0.0,0.0,0.0,0.0,0.0,0.0,0,0
2020-12-31,0.0,0.0,0.0,0.0,0.0,0.0,0.0,0.0,0,0
2021-01-04,0.0,0.0,0.0,0.0,0.0,0.0,0.0,0.0,0,0
2021-01-05,0.0,0.0,0.0,0.0,0.0,0.0,0.0,0.0,0,0
2021-01-06,0.0,0.0,0.0,0.0,0.0,0.0,0.0,0.0,0,0
2021-01-07,0.0,0.0,0.0,0.0,0.0,0.0,0.0,0.0,0,0
2021-01-08,0.0,0.0,0.0,0.0,0.0,0.0,0.0,0.0,0,0
2021-01-11,0.0,0.0,0.0,0.0,0.0,0.0,0.0,0.0,0,0
2021-01-12,0.0,0.0,0.0,0.0,0.0,0.0,0.0,0.0,0,0
2021-01-13,0.0,0.0,0.0,0.0,0.0,0.0,0.0,0.0,0,0
2021-01-14,0.0,0.0,0.0,0.0,0.0,0.0,0.0,0.0,0,0
2021-01-15,0.0,0.0,0.0,0.0,0.0,0.0,0.0,0.0,0,0
2021-01-19,0.0,0.0,0.0,0.0,0.0,0.0,0.0,0.0,0,0
2021-01-20,0.0,0.0,0.0,0.0,0.0,0.0,0.0,0.0,0,0
2021-01-21,0.0,0.0,0.0,0.0,0.0,0.0,0.0,0.0,0,0
2021-01-22,0.0,0.0,0.0,0.0,0.0,0.0,0.0,0.0,0,0
2021-01-25,0.0,0.0,0.0,0.0,0.0,0.0,0.0,0.0,0,0
2021-01-26,0.0,0.0,0.0,0.0,0.0,0.0,0.0,0.0,0,0
2021-01-27,0.0,0.0,0.0,0.0,0.0,0.0,0.0,0.0,0,0
2021-01-28,0.0,0.0,0.0,0.0,0.0,0.0,0.0,0.0,0,0
2021-01-29,0.0,0.0,0.0,0.0,0.0,0.0,0.0,0.0,0,0
2021-02-01,0.0,0.0,0.0,0.0,0.0,0.0,0.0,0.0,0,0
2021-02-02,0.0,0.0,0.0,0.0,0.0,0.0,0.0,0.0,0,0
2021-02-03,0.0,0.0,0.0,0.0,0.0,0.0,0.0,0.0,0,0
2021-02-04,0.0,0.0,0.0,0.0,0.0,0.0,0.0,0.0,0,0
2021-02-05,0.0,0.0,0.0,0.0,0.0,0.0,0.0,0.0,0,0
2021-02-08,0.0,0.0,0.0,0.0,0.0,0.0,0.0,0.0,0,0
2021-02-09,0.0,0.0,0.0,0.0,0.0,0.0,0.0,0.0,0,0
2021-02-10,0.0,0.0,0.0,0.0,0.0,0.0,0.0,0.0,0,0
2021-02-11,0.0,0.0,0.0,0.0,0.0,0.0,0.0,0.0,0,0
2021-02-12,0.0,0.0,0.0,0.0,0.0,0.0,0.0,0.0,0,0
2021-02-16,0.0,0.0,0.0,0.0,0.0,0.0,0.0,0.0,0,0
2021-02-17,0.0,0.0,0.0,0.0,0.0,0.0,0.0,0.0,0,0
2021-02-18,0.0,0.0,0.0,0.0,0.0,0.0,0.0,0.0,0,0
2021-02-19,0.0,0.0,0.0,0.0,0.0,0.0,0.0,0.0,0,0
2021-02-22,0.0,0.0,0.0,0.0,0.0,0.0,0.0,0.0,0,0
2021-02-23,0.0,0.0,0.0,0.0,0.0,0.0,0.0,0.0,0,0
2021-02-24,0.0,0.0,0.0,0.0,0.0,0.0,0.0,0.0,0,0
2021-02-25,0.0,0.0,0.0,0.0,0.0,0.0,0.0,0.0,0,0
2021-02-26,0.0,0.0,0.0,0.0,0.0,0.0,0.0,0.0,0,0
2021-03-01,0.0,0.0,0.0,0.0,0.0,0.0,0.0,0.0,0,0
2021-03-02,0.0,0.0,0.0,0.0,0.0,0.0,0.0,0.0,0,0
2021-03-03,0.0,0.0,0.0,0.0,0.0,0.0,0.0,0.0,0,0
2021-03-04,0.0,0.0,0.0,0.0,0.0,0.0,0.0,0.0,0,0
2021-03-05,0.0,0.0,0.0,0.0,0.0,0.0,0.0,0.0,0,0
2021-03-08,0.0,0.0,0.0,0.0,0.0,0.0,0.0,0.0,0,0
2021-03-09,0.0,0.0,0.0,0.0,0.0,0.0,0.0,0.0,0,0
2021-03-10,0.0,0.0,0.0,0.0,0.0,0.0,0.0,0.0,0,0
2021-03-11,0.0,0.0,0.0,0.0,0.0,0.0,0.0,0.0,0,0
2021-03-12,0.0,0.0,0.0,0.0,0.0,0.0,0.0,0.0,0,0
2021-03-15,0.0,0.0,0.0,0.0,0.0,0.0,0.0,0.0,0,0
2021-03-16,0.0,0.0,0.0,0.0,0.0,0.0,0.0,0.0,0,0
2021-03-17,0.0,0.0,0.0,0.0,0.0,0.0,0.0,0.0,0,0
2021-03-18,0.0,0.0,0.0,0.0,0.0,0.0,0.0,0.0,0,0
2021-03-19,0.0,0.0,0.0,0.0,0.0,0.0,0.0,0.0,0,0
2021-03-22,0.0,0.0,0.0,0.0,0.0,0.0,0.0,0.0,0,0
2021-03-23,0.0,0.0,0.0,0.0,0.0,0.0,0.0,0.0,0,0
2021-03-24,0.0,0.0,0.0,0.0,0.0,0.0,0.0,0.0,0,0
2021-03-25,0.0,0.0,0.0,0.0,0.0,0.0,0.0,0.0,0,0
2021-03-26,0.0,0.0,0.0,0.0,0.0,0.0,0.0,0.0,0,0
2021-03-29,0.0,0.0,0.0,0.0,0.0,0.0,0.0,0.0,0,0
2021-03-30,0.0,0.0,0.0,0.0,0.0,0.0,0.0,0.0,0,0
2021-03-31,0.0,0.0,0.0,0.0,0.0,0.0,0.0,0.0,0,0
2021-04-01,0.0,0.0,0.0,0.0,0.0,0.0,0.0,0.0,0,0
2021-04-05,0.0,0.0,0.0,0.0,0.0,0.0,0.0,0.0,0,0
2021-04-06,0.0,0.0,0.0,0.0,0.0,0.0,0.0,0.0,0,0
2021-04-07,0.0,0.0,0.0,0.0,0.0,0.0,0.0,0.0,0,0
2021-04-08,0.0,0.0,0.0,0.0,0.0,0.0,0.0,0.0,0,0
2021-04-09,0.0,0.0,0.0,0.0,0.0,0.0,0.0,0.0,0,0
2021-04-12,0.0,0.0,0.0,0.0,0.0,0.0,0.0,0.0,0,0
2021-04-13,0.0,0.0,0.0,0.0,0.0,0.0,0.0,0.0,0,0
2021-04-14,0.0,0.0,0.0,0.0,0.0,0.0,0.0,0.0,0,0
2021-04-15,0.0,0.0,0.0,0.0,0.0,0.0,0.0,0.0,0,0
2021-04-16,0.0,0.0,0.0,0.0,0.0,0.0,0.0,0.0,0,0
2021-04-19,0.0,0.0,0.0,0.0,0.0,0.0,0.0,0.0,0,0
2021-04-20,0.0,0.0,0.0,0.0,0.0,0.0,0.0,0.0,0,0
2021-04-21,0.0,0.0,0.0,0.0,0.0,0.0,0.0,0.0,0,0
2021-04-22,0.0,0.0,0.0,0.0,0.0,0.0,0.0,0.0,0,0
2021-04-23,0.0,0.0,0.0,0.0,0.0,0.0,0.0,0.0,0,0
2021-04-26,0.0,0.0,0.0,0.0,0.0,0.0,0.0,0.0,0,0
2021-04-27,0.0,0.0,0.0,0.0,0.0,0.0,0.0,0.0,0,0
2021-04-28,0.0,0.0,0.0,0.0,0.0,0.0,0.0,0.0,0,0
2021-04-29,0.0,0.0,0.0,0.0,0.0,0.0,0.0,0.0,0,0
2021-04-30,0.0,0.0,0.0,0.0,0.0,0.0,0.0,0.0,0,0
2021-05-03,0.0,0.0,0.0,0.0,0.0,0.0,0.0,0.0,0,0
2021-05-04,0.0,0.0,0.0,0.0,0.0,0.0,0.0,0.0,0,0
2021-05-05,0.0,0.0,0.0,0.0,0.0,0.0,0.0,0.0,0,0
2021-05-06,0.0,0.0,0.0,0.0,0.0,0.0,0.0,0.0,0,0
2021-05-07,0.0,0.0,0.0,0.0,0.0,0.0,0.0,0.0,0,0
2021-05-10,0.0,0.0,0.0,0.0,0.0,0.0,0.0,0.0,0,0
2021-05-11,-9681902.910995826,200000.0,7936.507936507936,-9889839.418932334,500000000.0,500000000.0,1000000000.0,1000000000.0,44,44
2021-05-12,6699837.926156094,400000.00000000006,7936.507936507936,6291901.418219586,500000000.00000006,500000000.0,1000000000.0,1232865829.3574076,45,45
2021-05-13,0.0,200000.00000000012,0.0,-200000.00000000012,0.0,0.0,0.0,1000000000.0,0,0
2021-05-14,0.0,0.0,0.0,0.0,0.0,0.0,0.0,0.0,0,0
2021-05-17,0.0,0.0,0.0,0.0,0.0,0.0,0.0,0.0,0,0
2021-05-18,0.0,0.0,0.0,0.0,0.0,0.0,0.0,0.0,0,0
2021-05-19,4978257.47494542,200000.00000000006,7936.50793650794,4770320.967008912,499999999.99999994,500000000.0000001,1000000000.0,1000000000.0,45,45
2021-05-20,0.0,200000.00000000006,0.0,-200000.00000000006,0.0,0.0,0.0,1000000000.0,0,0
2021-05-21,0.0,0.0,0.0,0.0,0.0,0.0,0.0,0.0,0,0
2021-05-24,0.0,0.0,0.0,0.0,0.0,0.0,0.0,0.0,0,0
2021-05-25,0.0,0.0,0.0,0.0,0.0,0.0,0.0,0.0,0,0
2021-05-26,0.0,0.0,0.0,0.0,0.0,0.0,0.0,0.0,0,0
2021-05-27,0.0,0.0,0.0,0.0,0.0,0.0,0.0,0.0,0,0
2021-05-28,0.0,0.0,0.0,0.0,0.0,0.0,0.0,0.0,0,0
2021-06-01,0.0,0.0,0.0,0.0,0.0,0.0,0.0,0.0,0,0
2021-06-02,0.0,0.0,0.0,0.0,0.0,0.0,0.0,0.0,0,0
2021-06-03,0.0,0.0,0.0,0.0,0.0,0.0,0.0,0.0,0,0
2021-06-04,0.0,0.0,0.0,0.0,0.0,0.0,0.0,0.0,0,0
2021-06-07,0.0,0.0,0.0,0.0,0.0,0.0,0.0,0.0,0,0
2021-06-08,0.0,0.0,0.0,0.0,0.0,0.0,0.0,0.0,0,0
2021-06-09,0.0,0.0,0.0,0.0,0.0,0.0,0.0,0.0,0,0
2021-06-10,0.0,0.0,0.0,0.0,0.0,0.0,0.0,0.0,0,0
2021-06-11,0.0,0.0,0.0,0.0,0.0,0.0,0.0,0.0,0,0
2021-06-14,0.0,0.0,0.0,0.0,0.0,0.0,0.0,0.0,0,0
2021-06-15,0.0,0.0,0.0,0.0,0.0,0.0,0.0,0.0,0,0
2021-06-16,0.0,0.0,0.0,0.0,0.0,0.0,0.0,0.0,0,0
2021-06-17,0.0,0.0,0.0,0.0,0.0,0.0,0.0,0.0,0,0
2021-06-18,853678.8964230417,200000.00000000003,7936.507936507938,645742.3884865338,500000000.0,500000000.0,1000000000.0,1000000000.0,45,45
2021-06-21,0.0,200000.00000000003,0.0,-200000.00000000003,0.0,0.0,0.0,1000000000.0,0,0
2021-06-22,0.0,0.0,0.0,0.0,0.0,0.0,0.0,0.0,0,0
2021-06-23,0.0,0.0,0.0,0.0,0.0,0.0,0.0,0.0,0,0
2021-06-24,0.0,0.0,0.0,0.0,0.0,0.0,0.0,0.0,0,0
2021-06-25,0.0,0.0,0.0,0.0,0.0,0.0,0.0,0.0,0,0
2021-06-28,0.0,0.0,0.0,0.0,0.0,0.0,0.0,0.0,0,0
2021-06-29,0.0,0.0,0.0,0.0,0.0,0.0,0.0,0.0,0,0
2021-06-30,0.0,0.0,0.0,0.0,0.0,0.0,0.0,0.0,0,0
2021-07-01,0.0,0.0,0.0,0.0,0.0,0.0,0.0,0.0,0,0
2021-07-02,0.0,0.0,0.0,0.0,0.0,0.0,0.0,0.0,0,0
2021-07-06,0.0,0.0,0.0,0.0,0.0,0.0,0.0,0.0,0,0
2021-07-07,0.0,0.0,0.0,0.0,0.0,0.0,0.0,0.0,0,0
2021-07-08,3913637.9182056524,200000.00000000003,7936.507936507936,3705701.4102691445,500000000.00000006,500000000.00000006,1000000000.0000001,1000000000.0000001,47,47
2021-07-09,0.0,200000.00000000003,0.0,-200000.00000000003,0.0,0.0,0.0,1000000000.0000001,0,0
2021-07-12,-1930840.9772485648,200000.00000000003,7936.507936507935,-2138777.4851850728,500000000.0,500000000.0,1000000000.0,1000000000.0,46,46
2021-07-13,3756587.443632167,400000.0000000001,7936.507936507937,3348650.935695659,500000000.00000006,500000000.0,1000000000.0,1222941492.2238598,46,46
2021-07-14,0.0,200000.0,0.0,-200000.0,0.0,0.0,0.0,1000000000.0000001,0,0
2021-07-15,3182634.3801755803,199999.9999999999,7936.5079365079355,2974697.8722390723,499999999.99999994,500000000.0,1000000000.0,999999999.9999999,46,46
2021-07-16,0.0,199999.9999999999,0.0,-199999.9999999999,0.0,0.0,0.0,999999999.9999999,0,0
2021-07-19,1052261.7921288307,200000.0,7936.5079365079355,844325.2841923228,500000000.00000006,500000000.0,1000000000.0,1000000000.0,45,45
2021-07-20,0.0,200000.0,0.0,-200000.0,0.0,0.0,0.0,1000000000.0,0,0
2021-07-21,0.0,0.0,0.0,0.0,0.0,0.0,0.0,0.0,0,0
2021-07-22,0.0,0.0,0.0,0.0,0.0,0.0,0.0,0.0,0,0
2021-07-23,0.0,0.0,0.0,0.0,0.0,0.0,0.0,0.0,0,0
2021-07-26,0.0,0.0,0.0,0.0,0.0,0.0,0.0,0.0,0,0
2021-07-27,7568238.423836818,199999.99999999997,7936.507936507938,7360301.91590031,500000000.0,500000000.0,1000000000.0,1000000000.0,39,39
2021-07-28,0.0,199999.99999999997,0.0,-199999.99999999997,0.0,0.0,0.0,1000000000.0,0,0
2021-07-29,0.0,0.0,0.0,0.0,0.0,0.0,0.0,0.0,0,0
2021-07-30,0.0,0.0,0.0,0.0,0.0,0.0,0.0,0.0,0,0
2021-08-02,0.0,0.0,0.0,0.0,0.0,0.0,0.0,0.0,0,0
2021-08-03,0.0,0.0,0.0,0.0,0.0,0.0,0.0,0.0,0,0
2021-08-04,0.0,0.0,0.0,0.0,0.0,0.0,0.0,0.0,0,0
2021-08-05,0.0,0.0,0.0,0.0,0.0,0.0,0.0,0.0,0,0
2021-08-06,0.0,0.0,0.0,0.0,0.0,0.0,0.0,0.0,0,0
2021-08-09,0.0,0.0,0.0,0.0,0.0,0.0,0.0,0.0,0,0
2021-08-10,0.0,0.0,0.0,0.0,0.0,0.0,0.0,0.0,0,0
2021-08-11,0.0,0.0,0.0,0.0,0.0,0.0,0.0,0.0,0,0
2021-08-12,0.0,0.0,0.0,0.0,0.0,0.0,0.0,0.0,0,0
2021-08-13,0.0,0.0,0.0,0.0,0.0,0.0,0.0,0.0,0,0
2021-08-16,0.0,0.0,0.0,0.0,0.0,0.0,0.0,0.0,0,0
2021-08-17,0.0,0.0,0.0,0.0,0.0,0.0,0.0,0.0,0,0
2021-08-18,0.0,0.0,0.0,0.0,0.0,0.0,0.0,0.0,0,0
2021-08-19,-97822.09850632126,200000.0,7936.5079365079355,-305758.6064428292,500000000.0,500000000.0,1000000000.0,1000000000.0,43,43
2021-08-20,0.0,200000.0,0.0,-200000.0,0.0,0.0,0.0,1000000000.0,0,0
2021-08-23,0.0,0.0,0.0,0.0,0.0,0.0,0.0,0.0,0,0
2021-08-24,0.0,0.0,0.0,0.0,0.0,0.0,0.0,0.0,0,0
2021-08-25,0.0,0.0,0.0,0.0,0.0,0.0,0.0,0.0,0,0
2021-08-26,0.0,0.0,0.0,0.0,0.0,0.0,0.0,0.0,0,0
2021-08-27,0.0,0.0,0.0,0.0,0.0,0.0,0.0,0.0,0,0
2021-08-30,0.0,0.0,0.0,0.0,0.0,0.0,0.0,0.0,0,0
2021-08-31,0.0,0.0,0.0,0.0,0.0,0.0,0.0,0.0,0,0
2021-09-01,0.0,0.0,0.0,0.0,0.0,0.0,0.0,0.0,0,0
2021-09-02,0.0,0.0,0.0,0.0,0.0,0.0,0.0,0.0,0,0
2021-09-03,0.0,0.0,0.0,0.0,0.0,0.0,0.0,0.0,0,0
2021-09-07,0.0,0.0,0.0,0.0,0.0,0.0,0.0,0.0,0,0
2021-09-08,0.0,0.0,0.0,0.0,0.0,0.0,0.0,0.0,0,0
2021-09-09,0.0,0.0,0.0,0.0,0.0,0.0,0.0,0.0,0,0
2021-09-10,0.0,0.0,0.0,0.0,0.0,0.0,0.0,0.0,0,0
2021-09-13,0.0,0.0,0.0,0.0,0.0,0.0,0.0,0.0,0,0
2021-09-14,0.0,0.0,0.0,0.0,0.0,0.0,0.0,0.0,0,0
2021-09-15,0.0,0.0,0.0,0.0,0.0,0.0,0.0,0.0,0,0
2021-09-16,0.0,0.0,0.0,0.0,0.0,0.0,0.0,0.0,0,0
2021-09-17,0.0,0.0,0.0,0.0,0.0,0.0,0.0,0.0,0,0
2021-09-20,4857138.100385303,200000.00000000003,7936.507936507937,4649201.592448794,500000000.0,499999999.99999994,1000000000.0,1000000000.0,45,45
2021-09-21,0.0,200000.00000000003,0.0,-200000.00000000003,0.0,0.0,0.0,1000000000.0,0,0
2021-09-22,0.0,0.0,0.0,0.0,0.0,0.0,0.0,0.0,0,0
2021-09-23,0.0,0.0,0.0,0.0,0.0,0.0,0.0,0.0,0,0
2021-09-24,0.0,0.0,0.0,0.0,0.0,0.0,0.0,0.0,0,0
2021-09-27,0.0,0.0,0.0,0.0,0.0,0.0,0.0,0.0,0,0
2021-09-28,0.0,0.0,0.0,0.0,0.0,0.0,0.0,0.0,0,0
2021-09-29,0.0,0.0,0.0,0.0,0.0,0.0,0.0,0.0,0,0
2021-09-30,0.0,0.0,0.0,0.0,0.0,0.0,0.0,0.0,0,0
2021-10-01,0.0,0.0,0.0,0.0,0.0,0.0,0.0,0.0,0,0
2021-10-04,0.0,0.0,0.0,0.0,0.0,0.0,0.0,0.0,0,0
2021-10-05,0.0,0.0,0.0,0.0,0.0,0.0,0.0,0.0,0,0
2021-10-06,0.0,0.0,0.0,0.0,0.0,0.0,0.0,0.0,0,0
2021-10-07,0.0,0.0,0.0,0.0,0.0,0.0,0.0,0.0,0,0
2021-10-08,0.0,0.0,0.0,0.0,0.0,0.0,0.0,0.0,0,0
2021-10-11,0.0,0.0,0.0,0.0,0.0,0.0,0.0,0.0,0,0
2021-10-12,0.0,0.0,0.0,0.0,0.0,0.0,0.0,0.0,0,0
2021-10-13,0.0,0.0,0.0,0.0,0.0,0.0,0.0,0.0,0,0
2021-10-14,0.0,0.0,0.0,0.0,0.0,0.0,0.0,0.0,0,0
2021-10-15,0.0,0.0,0.0,0.0,0.0,0.0,0.0,0.0,0,0
2021-10-18,0.0,0.0,0.0,0.0,0.0,0.0,0.0,0.0,0,0
2021-10-19,0.0,0.0,0.0,0.0,0.0,0.0,0.0,0.0,0,0
2021-10-20,0.0,0.0,0.0,0.0,0.0,0.0,0.0,0.0,0,0
2021-10-21,0.0,0.0,0.0,0.0,0.0,0.0,0.0,0.0,0,0
2021-10-22,0.0,0.0,0.0,0.0,0.0,0.0,0.0,0.0,0,0
2021-10-25,0.0,0.0,0.0,0.0,0.0,0.0,0.0,0.0,0,0
2021-10-26,0.0,0.0,0.0,0.0,0.0,0.0,0.0,0.0,0,0
2021-10-27,0.0,0.0,0.0,0.0,0.0,0.0,0.0,0.0,0,0
2021-10-28,0.0,0.0,0.0,0.0,0.0,0.0,0.0,0.0,0,0
2021-10-29,0.0,0.0,0.0,0.0,0.0,0.0,0.0,0.0,0,0
2021-11-01,0.0,0.0,0.0,0.0,0.0,0.0,0.0,0.0,0,0
2021-11-02,0.0,0.0,0.0,0.0,0.0,0.0,0.0,0.0,0,0
2021-11-03,0.0,0.0,0.0,0.0,0.0,0.0,0.0,0.0,0,0
2021-11-04,0.0,0.0,0.0,0.0,0.0,0.0,0.0,0.0,0,0
2021-11-05,0.0,0.0,0.0,0.0,0.0,0.0,0.0,0.0,0,0
2021-11-08,0.0,0.0,0.0,0.0,0.0,0.0,0.0,0.0,0,0
2021-11-09,0.0,0.0,0.0,0.0,0.0,0.0,0.0,0.0,0,0
2021-11-10,0.0,0.0,0.0,0.0,0.0,0.0,0.0,0.0,0,0
2021-11-11,0.0,0.0,0.0,0.0,0.0,0.0,0.0,0.0,0,0
2021-11-12,0.0,0.0,0.0,0.0,0.0,0.0,0.0,0.0,0,0
2021-11-15,0.0,0.0,0.0,0.0,0.0,0.0,0.0,0.0,0,0
2021-11-16,0.0,0.0,0.0,0.0,0.0,0.0,0.0,0.0,0,0
2021-11-17,0.0,0.0,0.0,0.0,0.0,0.0,0.0,0.0,0,0
2021-11-18,0.0,0.0,0.0,0.0,0.0,0.0,0.0,0.0,0,0
2021-11-19,0.0,0.0,0.0,0.0,0.0,0.0,0.0,0.0,0,0
2021-11-22,0.0,0.0,0.0,0.0,0.0,0.0,0.0,0.0,0,0
2021-11-23,0.0,0.0,0.0,0.0,0.0,0.0,0.0,0.0,0,0
2021-11-24,0.0,0.0,0.0,0.0,0.0,0.0,0.0,0.0,0,0
2021-11-26,8375326.743946112,199999.99999999997,7936.507936507936,8167390.236009603,500000000.0,500000000.0,1000000000.0,1000000000.0,46,46
2021-11-29,-2096851.9084273495,404897.33760800015,7936.507936507934,-2509685.7539718575,500000000.00000006,500000000.0,1000000000.0,1635609855.701507,46,46
2021-11-30,9521667.271343421,410082.5802322501,7936.507936507936,9103648.183174664,499999999.99999994,500000000.00000006,1000000000.0,1656313043.3202825,46,46
2021-12-01,706781.7089026078,413324.49081754516,7936.507936507935,285520.7101485547,500000000.0,499999999.99999994,1000000000.0,1680481826.107518,45,45
2021-12-02,-1802148.939706112,410158.08936509973,7936.507936507937,-2220243.5370077197,500000000.00000006,500000000.0,1000000000.0,1564748174.394059,45,45
2021-12-03,-612604.0397468071,400691.1707610001,7936.507936507938,-1021231.718444315,500000000.0000001,500000000.0,1000000000.0000001,1427748401.9129007,45,45
2021-12-06,4014178.8189005754,387005.8597160358,5927.192001836904,3621245.7671827027,500000000.0,373413096.11572504,873413096.115725,1624107605.605732,45,45
2021-12-07,-1001092.4615137217,350752.6465444392,5881.645960435238,-1357726.7540185961,500000000.00000006,370543695.50742,870543695.5074201,1022736783.3212807,45,45
2021-12-08,0.0,174108.73910148395,0.0,-174108.73910148395,0.0,0.0,0.0,870543695.5074201,0,0
2021-12-09,0.0,0.0,0.0,0.0,0.0,0.0,0.0,0.0,0,0
2021-12-10,0.0,0.0,0.0,0.0,0.0,0.0,0.0,0.0,0,0
2021-12-13,0.0,0.0,0.0,0.0,0.0,0.0,0.0,0.0,0,0
2021-12-14,-1388227.067052203,200000.0,7936.5079365079355,-1596163.574988711,500000000.0,500000000.0,1000000000.0,1000000000.0,46,46
2021-12-15,0.0,200000.0,0.0,-200000.0,0.0,0.0,0.0,1000000000.0,0,0
2021-12-16,0.0,0.0,0.0,0.0,0.0,0.0,0.0,0.0,0,0
2021-12-17,-9082413.288997175,200000.0000000001,7936.507936507934,-9290349.796933683,500000000.0,499999999.99999994,1000000000.0,1000000000.0,46,46
2021-12-20,7821377.540114454,401615.84410529246,7936.507936507936,7411825.1880726535,500000000.0,500000000.00000006,1000000000.0,1233320195.3850532,47,47
2021-12-21,0.0,199999.99999999997,0.0,-199999.99999999997,0.0,0.0,0.0,1000000000.0,0,0
2021-12-22,0.0,0.0,0.0,0.0,0.0,0.0,0.0,0.0,0,0
2021-12-23,0.0,0.0,0.0,0.0,0.0,0.0,0.0,0.0,0,0
2021-12-27,0.0,0.0,0.0,0.0,0.0,0.0,0.0,0.0,0,0
2021-12-28,0.0,0.0,0.0,0.0,0.0,0.0,0.0,0.0,0,0
2021-12-29,0.0,0.0,0.0,0.0,0.0,0.0,0.0,0.0,0,0
2021-12-30,0.0,0.0,0.0,0.0,0.0,0.0,0.0,0.0,0,0
2021-12-31,0.0,0.0,0.0,0.0,0.0,0.0,0.0,0.0,0,0
2022-01-03,0.0,0.0,0.0,0.0,0.0,0.0,0.0,0.0,0,0
2022-01-04,0.0,0.0,0.0,0.0,0.0,0.0,0.0,0.0,0,0
2022-01-05,0.0,0.0,0.0,0.0,0.0,0.0,0.0,0.0,0,0
2022-01-06,0.0,0.0,0.0,0.0,0.0,0.0,0.0,0.0,0,0
2022-01-07,0.0,0.0,0.0,0.0,0.0,0.0,0.0,0.0,0,0
2022-01-10,-1801331.4356317483,199999.99999999994,7936.507936507934,-2009267.9435682562,499999999.9999999,499999999.99999994,999999999.9999998,999999999.9999998,47,47
2022-01-11,0.0,199999.99999999994,0.0,-199999.99999999994,0.0,0.0,0.0,999999999.9999998,0,0
2022-01-12,0.0,0.0,0.0,0.0,0.0,0.0,0.0,0.0,0,0
2022-01-13,0.0,0.0,0.0,0.0,0.0,0.0,0.0,0.0,0,0
2022-01-14,0.0,0.0,0.0,0.0,0.0,0.0,0.0,0.0,0,0
2022-01-18,0.0,0.0,0.0,0.0,0.0,0.0,0.0,0.0,0,0
2022-01-19,0.0,0.0,0.0,0.0,0.0,0.0,0.0,0.0,0,0
2022-01-20,0.0,0.0,0.0,0.0,0.0,0.0,0.0,0.0,0,0
2022-01-21,0.0,0.0,0.0,0.0,0.0,0.0,0.0,0.0,0,0
2022-01-24,0.0,0.0,0.0,0.0,0.0,0.0,0.0,0.0,0,0
2022-01-25,0.0,0.0,0.0,0.0,0.0,0.0,0.0,0.0,0,0
2022-01-26,0.0,0.0,0.0,0.0,0.0,0.0,0.0,0.0,0,0
2022-01-27,0.0,0.0,0.0,0.0,0.0,0.0,0.0,0.0,0,0
2022-01-28,0.0,0.0,0.0,0.0,0.0,0.0,0.0,0.0,0,0
2022-01-31,0.0,0.0,0.0,0.0,0.0,0.0,0.0,0.0,0,0
2022-02-01,0.0,0.0,0.0,0.0,0.0,0.0,0.0,0.0,0,0
2022-02-02,0.0,0.0,0.0,0.0,0.0,0.0,0.0,0.0,0,0
2022-02-03,0.0,0.0,0.0,0.0,0.0,0.0,0.0,0.0,0,0
2022-02-04,0.0,0.0,0.0,0.0,0.0,0.0,0.0,0.0,0,0
2022-02-07,0.0,0.0,0.0,0.0,0.0,0.0,0.0,0.0,0,0
2022-02-08,0.0,0.0,0.0,0.0,0.0,0.0,0.0,0.0,0,0
2022-02-09,0.0,0.0,0.0,0.0,0.0,0.0,0.0,0.0,0,0
2022-02-10,0.0,0.0,0.0,0.0,0.0,0.0,0.0,0.0,0,0
2022-02-11,0.0,0.0,0.0,0.0,0.0,0.0,0.0,0.0,0,0
2022-02-14,0.0,0.0,0.0,0.0,0.0,0.0,0.0,0.0,0,0
2022-02-15,0.0,0.0,0.0,0.0,0.0,0.0,0.0,0.0,0,0
2022-02-16,0.0,0.0,0.0,0.0,0.0,0.0,0.0,0.0,0,0
2022-02-17,0.0,0.0,0.0,0.0,0.0,0.0,0.0,0.0,0,0
2022-02-18,0.0,0.0,0.0,0.0,0.0,0.0,0.0,0.0,0,0
2022-02-22,0.0,0.0,0.0,0.0,0.0,0.0,0.0,0.0,0,0
2022-02-23,0.0,0.0,0.0,0.0,0.0,0.0,0.0,0.0,0,0
2022-02-24,0.0,0.0,0.0,0.0,0.0,0.0,0.0,0.0,0,0
2022-02-25,0.0,0.0,0.0,0.0,0.0,0.0,0.0,0.0,0,0
2022-02-28,0.0,0.0,0.0,0.0,0.0,0.0,0.0,0.0,0,0
2022-03-01,0.0,0.0,0.0,0.0,0.0,0.0,0.0,0.0,0,0
2022-03-02,0.0,0.0,0.0,0.0,0.0,0.0,0.0,0.0,0,0
2022-03-03,0.0,0.0,0.0,0.0,0.0,0.0,0.0,0.0,0,0
2022-03-04,0.0,0.0,0.0,0.0,0.0,0.0,0.0,0.0,0,0
2022-03-07,0.0,0.0,0.0,0.0,0.0,0.0,0.0,0.0,0,0
2022-03-08,0.0,0.0,0.0,0.0,0.0,0.0,0.0,0.0,0,0
2022-03-09,0.0,0.0,0.0,0.0,0.0,0.0,0.0,0.0,0,0
2022-03-10,0.0,0.0,0.0,0.0,0.0,0.0,0.0,0.0,0,0
2022-03-11,0.0,0.0,0.0,0.0,0.0,0.0,0.0,0.0,0,0
2022-03-14,0.0,0.0,0.0,0.0,0.0,0.0,0.0,0.0,0,0
2022-03-15,0.0,0.0,0.0,0.0,0.0,0.0,0.0,0.0,0,0
2022-03-16,0.0,0.0,0.0,0.0,0.0,0.0,0.0,0.0,0,0
2022-03-17,0.0,0.0,0.0,0.0,0.0,0.0,0.0,0.0,0,0
2022-03-18,0.0,0.0,0.0,0.0,0.0,0.0,0.0,0.0,0,0
2022-03-21,0.0,0.0,0.0,0.0,0.0,0.0,0.0,0.0,0,0
2022-03-22,0.0,0.0,0.0,0.0,0.0,0.0,0.0,0.0,0,0
2022-03-23,0.0,0.0,0.0,0.0,0.0,0.0,0.0,0.0,0,0
2022-03-24,0.0,0.0,0.0,0.0,0.0,0.0,0.0,0.0,0,0
2022-03-25,0.0,0.0,0.0,0.0,0.0,0.0,0.0,0.0,0,0
2022-03-28,0.0,0.0,0.0,0.0,0.0,0.0,0.0,0.0,0,0
2022-03-29,0.0,0.0,0.0,0.0,0.0,0.0,0.0,0.0,0,0
2022-03-30,0.0,0.0,0.0,0.0,0.0,0.0,0.0,0.0,0,0
2022-03-31,0.0,0.0,0.0,0.0,0.0,0.0,0.0,0.0,0,0
2022-04-01,0.0,0.0,0.0,0.0,0.0,0.0,0.0,0.0,0,0
2022-04-04,0.0,0.0,0.0,0.0,0.0,0.0,0.0,0.0,0,0
2022-04-05,0.0,0.0,0.0,0.0,0.0,0.0,0.0,0.0,0,0
2022-04-06,0.0,0.0,0.0,0.0,0.0,0.0,0.0,0.0,0,0
2022-04-07,0.0,0.0,0.0,0.0,0.0,0.0,0.0,0.0,0,0
2022-04-08,0.0,0.0,0.0,0.0,0.0,0.0,0.0,0.0,0,0
2022-04-11,0.0,0.0,0.0,0.0,0.0,0.0,0.0,0.0,0,0
2022-04-12,0.0,0.0,0.0,0.0,0.0,0.0,0.0,0.0,0,0
2022-04-13,0.0,0.0,0.0,0.0,0.0,0.0,0.0,0.0,0,0
2022-04-14,0.0,0.0,0.0,0.0,0.0,0.0,0.0,0.0,0,0
2022-04-18,0.0,0.0,0.0,0.0,0.0,0.0,0.0,0.0,0,0
2022-04-19,0.0,0.0,0.0,0.0,0.0,0.0,0.0,0.0,0,0
2022-04-20,0.0,0.0,0.0,0.0,0.0,0.0,0.0,0.0,0,0
2022-04-21,0.0,0.0,0.0,0.0,0.0,0.0,0.0,0.0,0,0
2022-04-22,0.0,0.0,0.0,0.0,0.0,0.0,0.0,0.0,0,0
2022-04-25,0.0,0.0,0.0,0.0,0.0,0.0,0.0,0.0,0,0
2022-04-26,0.0,0.0,0.0,0.0,0.0,0.0,0.0,0.0,0,0
2022-04-27,0.0,0.0,0.0,0.0,0.0,0.0,0.0,0.0,0,0
2022-04-28,0.0,0.0,0.0,0.0,0.0,0.0,0.0,0.0,0,0
2022-04-29,0.0,0.0,0.0,0.0,0.0,0.0,0.0,0.0,0,0
2022-05-02,0.0,0.0,0.0,0.0,0.0,0.0,0.0,0.0,0,0
2022-05-03,0.0,0.0,0.0,0.0,0.0,0.0,0.0,0.0,0,0
2022-05-04,0.0,0.0,0.0,0.0,0.0,0.0,0.0,0.0,0,0
2022-05-05,0.0,0.0,0.0,0.0,0.0,0.0,0.0,0.0,0,0
2022-05-06,0.0,0.0,0.0,0.0,0.0,0.0,0.0,0.0,0,0
2022-05-09,0.0,0.0,0.0,0.0,0.0,0.0,0.0,0.0,0,0
2022-05-10,0.0,0.0,0.0,0.0,0.0,0.0,0.0,0.0,0,0
2022-05-11,0.0,0.0,0.0,0.0,0.0,0.0,0.0,0.0,0,0
2022-05-12,0.0,0.0,0.0,0.0,0.0,0.0,0.0,0.0,0,0
2022-05-13,0.0,0.0,0.0,0.0,0.0,0.0,0.0,0.0,0,0
2022-05-16,0.0,0.0,0.0,0.0,0.0,0.0,0.0,0.0,0,0
2022-05-17,0.0,0.0,0.0,0.0,0.0,0.0,0.0,0.0,0,0
2022-05-18,0.0,0.0,0.0,0.0,0.0,0.0,0.0,0.0,0,0
2022-05-19,0.0,0.0,0.0,0.0,0.0,0.0,0.0,0.0,0,0
2022-05-20,0.0,0.0,0.0,0.0,0.0,0.0,0.0,0.0,0,0
2022-05-23,0.0,0.0,0.0,0.0,0.0,0.0,0.0,0.0,0,0
2022-05-24,0.0,0.0,0.0,0.0,0.0,0.0,0.0,0.0,0,0
2022-05-25,0.0,0.0,0.0,0.0,0.0,0.0,0.0,0.0,0,0
2022-05-26,0.0,0.0,0.0,0.0,0.0,0.0,0.0,0.0,0,0
2022-05-27,0.0,0.0,0.0,0.0,0.0,0.0,0.0,0.0,0,0
2022-05-31,0.0,0.0,0.0,0.0,0.0,0.0,0.0,0.0,0,0
2022-06-01,0.0,0.0,0.0,0.0,0.0,0.0,0.0,0.0,0,0
2022-06-02,0.0,0.0,0.0,0.0,0.0,0.0,0.0,0.0,0,0
2022-06-03,0.0,0.0,0.0,0.0,0.0,0.0,0.0,0.0,0,0
2022-06-06,0.0,0.0,0.0,0.0,0.0,0.0,0.0,0.0,0,0
2022-06-07,0.0,0.0,0.0,0.0,0.0,0.0,0.0,0.0,0,0
2022-06-08,0.0,0.0,0.0,0.0,0.0,0.0,0.0,0.0,0,0
2022-06-09,0.0,0.0,0.0,0.0,0.0,0.0,0.0,0.0,0,0
2022-06-10,0.0,0.0,0.0,0.0,0.0,0.0,0.0,0.0,0,0
2022-06-13,0.0,0.0,0.0,0.0,0.0,0.0,0.0,0.0,0,0
2022-06-14,0.0,0.0,0.0,0.0,0.0,0.0,0.0,0.0,0,0
2022-06-15,0.0,0.0,0.0,0.0,0.0,0.0,0.0,0.0,0,0
2022-06-16,0.0,0.0,0.0,0.0,0.0,0.0,0.0,0.0,0,0
2022-06-17,0.0,0.0,0.0,0.0,0.0,0.0,0.0,0.0,0,0
2022-06-21,0.0,0.0,0.0,0.0,0.0,0.0,0.0,0.0,0,0
2022-06-22,0.0,0.0,0.0,0.0,0.0,0.0,0.0,0.0,0,0
2022-06-23,0.0,0.0,0.0,0.0,0.0,0.0,0.0,0.0,0,0
2022-06-24,0.0,0.0,0.0,0.0,0.0,0.0,0.0,0.0,0,0
2022-06-27,0.0,0.0,0.0,0.0,0.0,0.0,0.0,0.0,0,0
2022-06-28,0.0,0.0,0.0,0.0,0.0,0.0,0.0,0.0,0,0
2022-06-29,0.0,0.0,0.0,0.0,0.0,0.0,0.0,0.0,0,0
2022-06-30,0.0,0.0,0.0,0.0,0.0,0.0,0.0,0.0,0,0
2022-07-01,0.0,0.0,0.0,0.0,0.0,0.0,0.0,0.0,0,0
2022-07-05,0.0,0.0,0.0,0.0,0.0,0.0,0.0,0.0,0,0
2022-07-06,0.0,0.0,0.0,0.0,0.0,0.0,0.0,0.0,0,0
2022-07-07,0.0,0.0,0.0,0.0,0.0,0.0,0.0,0.0,0,0
2022-07-08,0.0,0.0,0.0,0.0,0.0,0.0,0.0,0.0,0,0
2022-07-11,0.0,0.0,0.0,0.0,0.0,0.0,0.0,0.0,0,0
2022-07-12,0.0,0.0,0.0,0.0,0.0,0.0,0.0,0.0,0,0
2022-07-13,0.0,0.0,0.0,0.0,0.0,0.0,0.0,0.0,0,0
2022-07-14,0.0,0.0,0.0,0.0,0.0,0.0,0.0,0.0,0,0
2022-07-15,0.0,0.0,0.0,0.0,0.0,0.0,0.0,0.0,0,0
2022-07-18,0.0,0.0,0.0,0.0,0.0,0.0,0.0,0.0,0,0
2022-07-19,0.0,0.0,0.0,0.0,0.0,0.0,0.0,0.0,0,0
2022-07-20,0.0,0.0,0.0,0.0,0.0,0.0,0.0,0.0,0,0
2022-07-21,0.0,0.0,0.0,0.0,0.0,0.0,0.0,0.0,0,0
2022-07-22,0.0,0.0,0.0,0.0,0.0,0.0,0.0,0.0,0,0
2022-07-25,0.0,0.0,0.0,0.0,0.0,0.0,0.0,0.0,0,0
2022-07-26,0.0,0.0,0.0,0.0,0.0,0.0,0.0,0.0,0,0
2022-07-27,0.0,0.0,0.0,0.0,0.0,0.0,0.0,0.0,0,0
2022-07-28,0.0,0.0,0.0,0.0,0.0,0.0,0.0,0.0,0,0
2022-07-29,0.0,0.0,0.0,0.0,0.0,0.0,0.0,0.0,0,0
2022-08-01,0.0,0.0,0.0,0.0,0.0,0.0,0.0,0.0,0,0
2022-08-02,0.0,0.0,0.0,0.0,0.0,0.0,0.0,0.0,0,0
2022-08-03,0.0,0.0,0.0,0.0,0.0,0.0,0.0,0.0,0,0
2022-08-04,0.0,0.0,0.0,0.0,0.0,0.0,0.0,0.0,0,0
2022-08-05,0.0,0.0,0.0,0.0,0.0,0.0,0.0,0.0,0,0
2022-08-08,0.0,0.0,0.0,0.0,0.0,0.0,0.0,0.0,0,0
2022-08-09,0.0,0.0,0.0,0.0,0.0,0.0,0.0,0.0,0,0
2022-08-10,0.0,0.0,0.0,0.0,0.0,0.0,0.0,0.0,0,0
2022-08-11,0.0,0.0,0.0,0.0,0.0,0.0,0.0,0.0,0,0
2022-08-12,0.0,0.0,0.0,0.0,0.0,0.0,0.0,0.0,0,0
2022-08-15,0.0,0.0,0.0,0.0,0.0,0.0,0.0,0.0,0,0
2022-08-16,0.0,0.0,0.0,0.0,0.0,0.0,0.0,0.0,0,0
2022-08-17,0.0,0.0,0.0,0.0,0.0,0.0,0.0,0.0,0,0
2022-08-18,0.0,0.0,0.0,0.0,0.0,0.0,0.0,0.0,0,0
2022-08-19,0.0,0.0,0.0,0.0,0.0,0.0,0.0,0.0,0,0
2022-08-22,0.0,0.0,0.0,0.0,0.0,0.0,0.0,0.0,0,0
2022-08-23,0.0,0.0,0.0,0.0,0.0,0.0,0.0,0.0,0,0
2022-08-24,0.0,0.0,0.0,0.0,0.0,0.0,0.0,0.0,0,0
2022-08-25,0.0,0.0,0.0,0.0,0.0,0.0,0.0,0.0,0,0
2022-08-26,0.0,0.0,0.0,0.0,0.0,0.0,0.0,0.0,0,0
2022-08-29,0.0,0.0,0.0,0.0,0.0,0.0,0.0,0.0,0,0
2022-08-30,0.0,0.0,0.0,0.0,0.0,0.0,0.0,0.0,0,0
2022-08-31,0.0,0.0,0.0,0.0,0.0,0.0,0.0,0.0,0,0
2022-09-01,0.0,0.0,0.0,0.0,0.0,0.0,0.0,0.0,0,0
2022-09-02,0.0,0.0,0.0,0.0,0.0,0.0,0.0,0.0,0,0
2022-09-06,0.0,0.0,0.0,0.0,0.0,0.0,0.0,0.0,0,0
2022-09-07,0.0,0.0,0.0,0.0,0.0,0.0,0.0,0.0,0,0
2022-09-08,0.0,0.0,0.0,0.0,0.0,0.0,0.0,0.0,0,0
2022-09-09,0.0,0.0,0.0,0.0,0.0,0.0,0.0,0.0,0,0
2022-09-12,0.0,0.0,0.0,0.0,0.0,0.0,0.0,0.0,0,0
2022-09-13,0.0,0.0,0.0,0.0,0.0,0.0,0.0,0.0,0,0
2022-09-14,0.0,0.0,0.0,0.0,0.0,0.0,0.0,0.0,0,0
2022-09-15,0.0,0.0,0.0,0.0,0.0,0.0,0.0,0.0,0,0
2022-09-16,0.0,0.0,0.0,0.0,0.0,0.0,0.0,0.0,0,0
2022-09-19,0.0,0.0,0.0,0.0,0.0,0.0,0.0,0.0,0,0
2022-09-20,0.0,0.0,0.0,0.0,0.0,0.0,0.0,0.0,0,0
2022-09-21,0.0,0.0,0.0,0.0,0.0,0.0,0.0,0.0,0,0
2022-09-22,0.0,0.0,0.0,0.0,0.0,0.0,0.0,0.0,0,0
2022-09-23,0.0,0.0,0.0,0.0,0.0,0.0,0.0,0.0,0,0
2022-09-26,0.0,0.0,0.0,0.0,0.0,0.0,0.0,0.0,0,0
2022-09-27,0.0,0.0,0.0,0.0,0.0,0.0,0.0,0.0,0,0
2022-09-28,0.0,0.0,0.0,0.0,0.0,0.0,0.0,0.0,0,0
2022-09-29,0.0,0.0,0.0,0.0,0.0,0.0,0.0,0.0,0,0
2022-09-30,0.0,0.0,0.0,0.0,0.0,0.0,0.0,0.0,0,0
2022-10-03,0.0,0.0,0.0,0.0,0.0,0.0,0.0,0.0,0,0
2022-10-04,0.0,0.0,0.0,0.0,0.0,0.0,0.0,0.0,0,0
2022-10-05,0.0,0.0,0.0,0.0,0.0,0.0,0.0,0.0,0,0
2022-10-06,0.0,0.0,0.0,0.0,0.0,0.0,0.0,0.0,0,0
2022-10-07,0.0,0.0,0.0,0.0,0.0,0.0,0.0,0.0,0,0
2022-10-10,0.0,0.0,0.0,0.0,0.0,0.0,0.0,0.0,0,0
2022-10-11,0.0,0.0,0.0,0.0,0.0,0.0,0.0,0.0,0,0
2022-10-12,0.0,0.0,0.0,0.0,0.0,0.0,0.0,0.0,0,0
2022-10-13,0.0,0.0,0.0,0.0,0.0,0.0,0.0,0.0,0,0
2022-10-14,0.0,0.0,0.0,0.0,0.0,0.0,0.0,0.0,0,0
2022-10-17,0.0,0.0,0.0,0.0,0.0,0.0,0.0,0.0,0,0
2022-10-18,0.0,0.0,0.0,0.0,0.0,0.0,0.0,0.0,0,0
2022-10-19,0.0,0.0,0.0,0.0,0.0,0.0,0.0,0.0,0,0
2022-10-20,0.0,0.0,0.0,0.0,0.0,0.0,0.0,0.0,0,0
2022-10-21,0.0,0.0,0.0,0.0,0.0,0.0,0.0,0.0,0,0
2022-10-24,0.0,0.0,0.0,0.0,0.0,0.0,0.0,0.0,0,0
2022-10-25,0.0,0.0,0.0,0.0,0.0,0.0,0.0,0.0,0,0
2022-10-26,0.0,0.0,0.0,0.0,0.0,0.0,0.0,0.0,0,0
2022-10-27,0.0,0.0,0.0,0.0,0.0,0.0,0.0,0.0,0,0
2022-10-28,0.0,0.0,0.0,0.0,0.0,0.0,0.0,0.0,0,0
2022-10-31,0.0,0.0,0.0,0.0,0.0,0.0,0.0,0.0,0,0
2022-11-01,0.0,0.0,0.0,0.0,0.0,0.0,0.0,0.0,0,0
2022-11-02,0.0,0.0,0.0,0.0,0.0,0.0,0.0,0.0,0,0
2022-11-03,0.0,0.0,0.0,0.0,0.0,0.0,0.0,0.0,0,0
2022-11-04,0.0,0.0,0.0,0.0,0.0,0.0,0.0,0.0,0,0
2022-11-07,0.0,0.0,0.0,0.0,0.0,0.0,0.0,0.0,0,0
2022-11-08,0.0,0.0,0.0,0.0,0.0,0.0,0.0,0.0,0,0
2022-11-09,0.0,0.0,0.0,0.0,0.0,0.0,0.0,0.0,0,0
2022-11-10,3124475.3468200876,200000.00000000003,7936.507936507939,2916538.8388835797,500000000.00000006,500000000.00000006,1000000000.0000001,1000000000.0000001,44,44
2022-11-11,3040124.466169787,438976.4046421086,7936.507936507936,2593211.553591171,454130513.9797375,500000000.0,954130513.9797375,1830908757.7952008,45,45
2022-11-14,0.0,190826.10279594755,0.0,-190826.10279594755,0.0,0.0,0.0,954130513.9797375,0,0
2022-11-15,0.0,0.0,0.0,0.0,0.0,0.0,0.0,0.0,0,0
2022-11-16,8792367.464886025,199999.99999999994,7936.507936507938,8584430.956949517,500000000.0,500000000.0,1000000000.0,1000000000.0,45,45
2022-11-17,0.0,199999.99999999994,0.0,-199999.99999999994,0.0,0.0,0.0,1000000000.0,0,0
2022-11-18,-671802.6360829083,199999.99999999997,7936.507936507934,-879739.1440194162,499999999.99999994,499999999.99999994,999999999.9999999,999999999.9999999,45,45
2022-11-21,0.0,199999.99999999997,0.0,-199999.99999999997,0.0,0.0,0.0,999999999.9999999,0,0
2022-11-22,0.0,0.0,0.0,0.0,0.0,0.0,0.0,0.0,0,0
2022-11-23,0.0,0.0,0.0,0.0,0.0,0.0,0.0,0.0,0,0
2022-11-25,0.0,0.0,0.0,0.0,0.0,0.0,0.0,0.0,0,0
2022-11-28,0.0,0.0,0.0,0.0,0.0,0.0,0.0,0.0,0,0
2022-11-29,0.0,0.0,0.0,0.0,0.0,0.0,0.0,0.0,0,0
2022-11-30,0.0,0.0,0.0,0.0,0.0,0.0,0.0,0.0,0,0
2022-12-01,0.0,0.0,0.0,0.0,0.0,0.0,0.0,0.0,0,0
2022-12-02,0.0,0.0,0.0,0.0,0.0,0.0,0.0,0.0,0,0
2022-12-05,0.0,0.0,0.0,0.0,0.0,0.0,0.0,0.0,0,0
2022-12-06,0.0,0.0,0.0,0.0,0.0,0.0,0.0,0.0,0,0
2022-12-07,0.0,0.0,0.0,0.0,0.0,0.0,0.0,0.0,0,0
2022-12-08,0.0,0.0,0.0,0.0,0.0,0.0,0.0,0.0,0,0
2022-12-09,0.0,0.0,0.0,0.0,0.0,0.0,0.0,0.0,0,0
2022-12-12,0.0,0.0,0.0,0.0,0.0,0.0,0.0,0.0,0,0
2022-12-13,0.0,0.0,0.0,0.0,0.0,0.0,0.0,0.0,0,0
2022-12-14,0.0,0.0,0.0,0.0,0.0,0.0,0.0,0.0,0,0
2022-12-15,0.0,0.0,0.0,0.0,0.0,0.0,0.0,0.0,0,0
2022-12-16,0.0,0.0,0.0,0.0,0.0,0.0,0.0,0.0,0,0
2022-12-19,0.0,0.0,0.0,0.0,0.0,0.0,0.0,0.0,0,0
2022-12-20,0.0,0.0,0.0,0.0,0.0,0.0,0.0,0.0,0,0
2022-12-21,0.0,0.0,0.0,0.0,0.0,0.0,0.0,0.0,0,0
2022-12-22,0.0,0.0,0.0,0.0,0.0,0.0,0.0,0.0,0,0
2022-12-23,0.0,0.0,0.0,0.0,0.0,0.0,0.0,0.0,0,0
2022-12-27,0.0,0.0,0.0,0.0,0.0,0.0,0.0,0.0,0,0
2022-12-28,0.0,0.0,0.0,0.0,0.0,0.0,0.0,0.0,0,0
2022-12-29,0.0,0.0,0.0,0.0,0.0,0.0,0.0,0.0,0,0
2022-12-30,0.0,0.0,0.0,0.0,0.0,0.0,0.0,0.0,0,0
2023-01-03,0.0,0.0,0.0,0.0,0.0,0.0,0.0,0.0,0,0
2023-01-04,0.0,0.0,0.0,0.0,0.0,0.0,0.0,0.0,0,0
2023-01-05,0.0,0.0,0.0,0.0,0.0,0.0,0.0,0.0,0,0
2023-01-06,0.0,0.0,0.0,0.0,0.0,0.0,0.0,0.0,0,0
2023-01-09,0.0,0.0,0.0,0.0,0.0,0.0,0.0,0.0,0,0
2023-01-10,0.0,0.0,0.0,0.0,0.0,0.0,0.0,0.0,0,0
2023-01-11,0.0,0.0,0.0,0.0,0.0,0.0,0.0,0.0,0,0
2023-01-12,0.0,0.0,0.0,0.0,0.0,0.0,0.0,0.0,0,0
2023-01-13,0.0,0.0,0.0,0.0,0.0,0.0,0.0,0.0,0,0
2023-01-17,0.0,0.0,0.0,0.0,0.0,0.0,0.0,0.0,0,0
2023-01-18,0.0,0.0,0.0,0.0,0.0,0.0,0.0,0.0,0,0
2023-01-19,0.0,0.0,0.0,0.0,0.0,0.0,0.0,0.0,0,0
2023-01-20,0.0,0.0,0.0,0.0,0.0,0.0,0.0,0.0,0,0
2023-01-23,0.0,0.0,0.0,0.0,0.0,0.0,0.0,0.0,0,0
2023-01-24,0.0,0.0,0.0,0.0,0.0,0.0,0.0,0.0,0,0
2023-01-25,0.0,0.0,0.0,0.0,0.0,0.0,0.0,0.0,0,0
2023-01-26,0.0,0.0,0.0,0.0,0.0,0.0,0.0,0.0,0,0
2023-01-27,0.0,0.0,0.0,0.0,0.0,0.0,0.0,0.0,0,0
2023-01-30,0.0,0.0,0.0,0.0,0.0,0.0,0.0,0.0,0,0
2023-01-31,0.0,0.0,0.0,0.0,0.0,0.0,0.0,0.0,0,0
2023-02-01,0.0,0.0,0.0,0.0,0.0,0.0,0.0,0.0,0,0
2023-02-02,0.0,0.0,0.0,0.0,0.0,0.0,0.0,0.0,0,0
2023-02-03,0.0,0.0,0.0,0.0,0.0,0.0,0.0,0.0,0,0
2023-02-06,0.0,0.0,0.0,0.0,0.0,0.0,0.0,0.0,0,0
2023-02-07,0.0,0.0,0.0,0.0,0.0,0.0,0.0,0.0,0,0
2023-02-08,0.0,0.0,0.0,0.0,0.0,0.0,0.0,0.0,0,0
2023-02-09,0.0,0.0,0.0,0.0,0.0,0.0,0.0,0.0,0,0
2023-02-10,0.0,0.0,0.0,0.0,0.0,0.0,0.0,0.0,0,0
2023-02-13,0.0,0.0,0.0,0.0,0.0,0.0,0.0,0.0,0,0
2023-02-14,0.0,0.0,0.0,0.0,0.0,0.0,0.0,0.0,0,0
2023-02-15,0.0,0.0,0.0,0.0,0.0,0.0,0.0,0.0,0,0
2023-02-16,0.0,0.0,0.0,0.0,0.0,0.0,0.0,0.0,0,0
2023-02-17,-3978832.535190904,199999.9999999999,7936.507936507937,-4186769.043127412,499999999.99999994,500000000.0,1000000000.0,999999999.9999999,42,42
2023-02-21,0.0,199999.9999999999,0.0,-199999.9999999999,0.0,0.0,0.0,999999999.9999999,0,0
2023-02-22,-363060.736351715,200000.0000000001,7936.507936507939,-570997.244288223,499999999.99999994,500000000.0,1000000000.0,1000000000.0,42,42
2023-02-23,0.0,200000.0000000001,0.0,-200000.0000000001,0.0,0.0,0.0,1000000000.0,0,0
2023-02-24,3514564.168936053,200000.00000000003,7936.507936507935,3306627.660999545,500000000.0,500000000.0,1000000000.0,1000000000.0,42,42
2023-02-27,-1347633.0357303831,400000.0000000002,7936.507936507938,-1755569.5436668913,500000000.0,500000000.0,1000000000.0,1717759640.0082145,44,44
2023-02-28,0.0,200000.0,0.0,-200000.0,0.0,0.0,0.0,1000000000.0,0,0
2023-03-01,0.0,0.0,0.0,0.0,0.0,0.0,0.0,0.0,0,0
2023-03-02,0.0,0.0,0.0,0.0,0.0,0.0,0.0,0.0,0,0
2023-03-03,0.0,0.0,0.0,0.0,0.0,0.0,0.0,0.0,0,0
2023-03-06,0.0,0.0,0.0,0.0,0.0,0.0,0.0,0.0,0,0
2023-03-07,0.0,0.0,0.0,0.0,0.0,0.0,0.0,0.0,0,0
2023-03-08,0.0,0.0,0.0,0.0,0.0,0.0,0.0,0.0,0,0
2023-03-09,0.0,0.0,0.0,0.0,0.0,0.0,0.0,0.0,0,0
2023-03-10,0.0,0.0,0.0,0.0,0.0,0.0,0.0,0.0,0,0
2023-03-13,0.0,0.0,0.0,0.0,0.0,0.0,0.0,0.0,0,0
2023-03-14,-3113282.5740159955,175776.76670685498,7936.507936507938,-3296995.8486593585,378883833.534275,500000000.0,878883833.534275,878883833.534275,47,47
2023-03-15,-4657662.5305517735,413066.86783599714,7936.5079365079355,-5078665.9063242795,500000000.00000006,499999999.99999994,1000000000.0,1651556433.563266,47,47
2023-03-16,-5224854.714736855,379323.35952628497,7936.507936507932,-5612114.582199648,396616797.631425,499999999.99999994,896616797.6314249,1133570476.6095517,47,47
2023-03-17,4789344.718386435,345132.0087317899,7936.507936507937,4436276.201718137,301839240.49752504,500000000.00000006,801839240.4975251,1239561921.9322875,47,47
2023-03-20,8812965.921187526,348256.2298033312,7936.507936507937,8456773.183447687,399784727.39435005,500000000.0,899784727.39435,1317139380.2901125,48,48
2023-03-21,791396.8328119615,434079.7093506259,7936.507936507935,349380.6155248277,500000000.0,499999999.99999994,1000000000.0,1876152128.9268374,48,48
2023-03-22,0.0,200000.00000000006,0.0,-200000.00000000006,0.0,0.0,0.0,1000000000.0,0,0
2023-03-23,0.0,0.0,0.0,0.0,0.0,0.0,0.0,0.0,0,0
2023-03-24,0.0,0.0,0.0,0.0,0.0,0.0,0.0,0.0,0,0
2023-03-27,0.0,0.0,0.0,0.0,0.0,0.0,0.0,0.0,0,0
2023-03-28,0.0,0.0,0.0,0.0,0.0,0.0,0.0,0.0,0,0
2023-03-29,0.0,0.0,0.0,0.0,0.0,0.0,0.0,0.0,0,0
2023-03-30,0.0,0.0,0.0,0.0,0.0,0.0,0.0,0.0,0,0
2023-03-31,0.0,0.0,0.0,0.0,0.0,0.0,0.0,0.0,0,0
2023-04-03,0.0,0.0,0.0,0.0,0.0,0.0,0.0,0.0,0,0
2023-04-04,0.0,0.0,0.0,0.0,0.0,0.0,0.0,0.0,0,0
2023-04-05,0.0,0.0,0.0,0.0,0.0,0.0,0.0,0.0,0,0
2023-04-06,0.0,0.0,0.0,0.0,0.0,0.0,0.0,0.0,0,0
2023-04-10,0.0,0.0,0.0,0.0,0.0,0.0,0.0,0.0,0,0
2023-04-11,0.0,0.0,0.0,0.0,0.0,0.0,0.0,0.0,0,0
2023-04-12,0.0,0.0,0.0,0.0,0.0,0.0,0.0,0.0,0,0
2023-04-13,0.0,0.0,0.0,0.0,0.0,0.0,0.0,0.0,0,0
2023-04-14,0.0,0.0,0.0,0.0,0.0,0.0,0.0,0.0,0,0
2023-04-17,0.0,0.0,0.0,0.0,0.0,0.0,0.0,0.0,0,0
2023-04-18,0.0,0.0,0.0,0.0,0.0,0.0,0.0,0.0,0,0
2023-04-19,0.0,0.0,0.0,0.0,0.0,0.0,0.0,0.0,0,0
2023-04-20,0.0,0.0,0.0,0.0,0.0,0.0,0.0,0.0,0,0
2023-04-21,0.0,0.0,0.0,0.0,0.0,0.0,0.0,0.0,0,0
2023-04-24,0.0,0.0,0.0,0.0,0.0,0.0,0.0,0.0,0,0
2023-04-25,0.0,0.0,0.0,0.0,0.0,0.0,0.0,0.0,0,0
2023-04-26,0.0,0.0,0.0,0.0,0.0,0.0,0.0,0.0,0,0
2023-04-27,0.0,0.0,0.0,0.0,0.0,0.0,0.0,0.0,0,0
2023-04-28,0.0,0.0,0.0,0.0,0.0,0.0,0.0,0.0,0,0
2023-05-01,0.0,0.0,0.0,0.0,0.0,0.0,0.0,0.0,0,0
2023-05-02,0.0,0.0,0.0,0.0,0.0,0.0,0.0,0.0,0,0
2023-05-03,0.0,0.0,0.0,0.0,0.0,0.0,0.0,0.0,0,0
2023-05-04,0.0,0.0,0.0,0.0,0.0,0.0,0.0,0.0,0,0
2023-05-05,0.0,0.0,0.0,0.0,0.0,0.0,0.0,0.0,0,0
2023-05-08,0.0,0.0,0.0,0.0,0.0,0.0,0.0,0.0,0,0
2023-05-09,0.0,0.0,0.0,0.0,0.0,0.0,0.0,0.0,0,0
2023-05-10,0.0,0.0,0.0,0.0,0.0,0.0,0.0,0.0,0,0
2023-05-11,0.0,0.0,0.0,0.0,0.0,0.0,0.0,0.0,0,0
2023-05-12,0.0,0.0,0.0,0.0,0.0,0.0,0.0,0.0,0,0
2023-05-15,0.0,0.0,0.0,0.0,0.0,0.0,0.0,0.0,0,0
2023-05-16,0.0,0.0,0.0,0.0,0.0,0.0,0.0,0.0,0,0
2023-05-17,0.0,0.0,0.0,0.0,0.0,0.0,0.0,0.0,0,0
2023-05-18,0.0,0.0,0.0,0.0,0.0,0.0,0.0,0.0,0,0
2023-05-19,0.0,0.0,0.0,0.0,0.0,0.0,0.0,0.0,0,0
2023-05-22,0.0,0.0,0.0,0.0,0.0,0.0,0.0,0.0,0,0
2023-05-23,0.0,0.0,0.0,0.0,0.0,0.0,0.0,0.0,0,0
2023-05-24,0.0,0.0,0.0,0.0,0.0,0.0,0.0,0.0,0,0
2023-05-25,0.0,0.0,0.0,0.0,0.0,0.0,0.0,0.0,0,0
2023-05-26,0.0,0.0,0.0,0.0,0.0,0.0,0.0,0.0,0,0
2023-05-30,0.0,0.0,0.0,0.0,0.0,0.0,0.0,0.0,0,0
2023-05-31,0.0,0.0,0.0,0.0,0.0,0.0,0.0,0.0,0,0
2023-06-01,0.0,0.0,0.0,0.0,0.0,0.0,0.0,0.0,0,0
2023-06-02,0.0,0.0,0.0,0.0,0.0,0.0,0.0,0.0,0,0
2023-06-05,0.0,0.0,0.0,0.0,0.0,0.0,0.0,0.0,0,0
2023-06-06,0.0,0.0,0.0,0.0,0.0,0.0,0.0,0.0,0,0
2023-06-07,0.0,0.0,0.0,0.0,0.0,0.0,0.0,0.0,0,0
2023-06-08,0.0,0.0,0.0,0.0,0.0,0.0,0.0,0.0,0,0
2023-06-09,0.0,0.0,0.0,0.0,0.0,0.0,0.0,0.0,0,0
2023-06-12,0.0,0.0,0.0,0.0,0.0,0.0,0.0,0.0,0,0
2023-06-13,0.0,0.0,0.0,0.0,0.0,0.0,0.0,0.0,0,0
2023-06-14,0.0,0.0,0.0,0.0,0.0,0.0,0.0,0.0,0,0
2023-06-15,0.0,0.0,0.0,0.0,0.0,0.0,0.0,0.0,0,0
2023-06-16,0.0,0.0,0.0,0.0,0.0,0.0,0.0,0.0,0,0
2023-06-20,0.0,0.0,0.0,0.0,0.0,0.0,0.0,0.0,0,0
2023-06-21,0.0,0.0,0.0,0.0,0.0,0.0,0.0,0.0,0,0
2023-06-22,0.0,0.0,0.0,0.0,0.0,0.0,0.0,0.0,0,0
2023-06-23,0.0,0.0,0.0,0.0,0.0,0.0,0.0,0.0,0,0
2023-06-26,0.0,0.0,0.0,0.0,0.0,0.0,0.0,0.0,0,0
2023-06-27,0.0,0.0,0.0,0.0,0.0,0.0,0.0,0.0,0,0
2023-06-28,0.0,0.0,0.0,0.0,0.0,0.0,0.0,0.0,0,0
2023-06-29,0.0,0.0,0.0,0.0,0.0,0.0,0.0,0.0,0,0
2023-06-30,0.0,0.0,0.0,0.0,0.0,0.0,0.0,0.0,0,0
2023-07-03,0.0,0.0,0.0,0.0,0.0,0.0,0.0,0.0,0,0
2023-07-05,0.0,0.0,0.0,0.0,0.0,0.0,0.0,0.0,0,0
2023-07-06,0.0,0.0,0.0,0.0,0.0,0.0,0.0,0.0,0,0
2023-07-07,0.0,0.0,0.0,0.0,0.0,0.0,0.0,0.0,0,0
2023-07-10,0.0,0.0,0.0,0.0,0.0,0.0,0.0,0.0,0,0
2023-07-11,0.0,0.0,0.0,0.0,0.0,0.0,0.0,0.0,0,0
2023-07-12,0.0,0.0,0.0,0.0,0.0,0.0,0.0,0.0,0,0
2023-07-13,0.0,0.0,0.0,0.0,0.0,0.0,0.0,0.0,0,0
2023-07-14,0.0,0.0,0.0,0.0,0.0,0.0,0.0,0.0,0,0
2023-07-17,0.0,0.0,0.0,0.0,0.0,0.0,0.0,0.0,0,0
2023-07-18,0.0,0.0,0.0,0.0,0.0,0.0,0.0,0.0,0,0
2023-07-19,0.0,0.0,0.0,0.0,0.0,0.0,0.0,0.0,0,0
2023-07-20,0.0,0.0,0.0,0.0,0.0,0.0,0.0,0.0,0,0
2023-07-21,0.0,0.0,0.0,0.0,0.0,0.0,0.0,0.0,0,0
2023-07-24,0.0,0.0,0.0,0.0,0.0,0.0,0.0,0.0,0,0
2023-07-25,0.0,0.0,0.0,0.0,0.0,0.0,0.0,0.0,0,0
2023-07-26,0.0,0.0,0.0,0.0,0.0,0.0,0.0,0.0,0,0
2023-07-27,0.0,0.0,0.0,0.0,0.0,0.0,0.0,0.0,0,0
2023-07-28,0.0,0.0,0.0,0.0,0.0,0.0,0.0,0.0,0,0
2023-07-31,0.0,0.0,0.0,0.0,0.0,0.0,0.0,0.0,0,0
2023-08-01,0.0,0.0,0.0,0.0,0.0,0.0,0.0,0.0,0,0
2023-08-02,0.0,0.0,0.0,0.0,0.0,0.0,0.0,0.0,0,0
2023-08-03,0.0,0.0,0.0,0.0,0.0,0.0,0.0,0.0,0,0
2023-08-04,0.0,0.0,0.0,0.0,0.0,0.0,0.0,0.0,0,0
2023-08-07,0.0,0.0,0.0,0.0,0.0,0.0,0.0,0.0,0,0
2023-08-08,0.0,0.0,0.0,0.0,0.0,0.0,0.0,0.0,0,0
2023-08-09,0.0,0.0,0.0,0.0,0.0,0.0,0.0,0.0,0,0
2023-08-10,0.0,0.0,0.0,0.0,0.0,0.0,0.0,0.0,0,0
2023-08-11,0.0,0.0,0.0,0.0,0.0,0.0,0.0,0.0,0,0
2023-08-14,0.0,0.0,0.0,0.0,0.0,0.0,0.0,0.0,0,0
2023-08-15,0.0,0.0,0.0,0.0,0.0,0.0,0.0,0.0,0,0
2023-08-16,0.0,0.0,0.0,0.0,0.0,0.0,0.0,0.0,0,0
2023-08-17,0.0,0.0,0.0,0.0,0.0,0.0,0.0,0.0,0,0
2023-08-18,0.0,0.0,0.0,0.0,0.0,0.0,0.0,0.0,0,0
2023-08-21,0.0,0.0,0.0,0.0,0.0,0.0,0.0,0.0,0,0
2023-08-22,0.0,0.0,0.0,0.0,0.0,0.0,0.0,0.0,0,0
2023-08-23,0.0,0.0,0.0,0.0,0.0,0.0,0.0,0.0,0,0
2023-08-24,0.0,0.0,0.0,0.0,0.0,0.0,0.0,0.0,0,0
2023-08-25,0.0,0.0,0.0,0.0,0.0,0.0,0.0,0.0,0,0
2023-08-28,0.0,0.0,0.0,0.0,0.0,0.0,0.0,0.0,0,0
2023-08-29,0.0,0.0,0.0,0.0,0.0,0.0,0.0,0.0,0,0
2023-08-30,0.0,0.0,0.0,0.0,0.0,0.0,0.0,0.0,0,0
2023-08-31,0.0,0.0,0.0,0.0,0.0,0.0,0.0,0.0,0,0
2023-09-01,0.0,0.0,0.0,0.0,0.0,0.0,0.0,0.0,0,0
2023-09-05,0.0,0.0,0.0,0.0,0.0,0.0,0.0,0.0,0,0
2023-09-06,0.0,0.0,0.0,0.0,0.0,0.0,0.0,0.0,0,0
2023-09-07,0.0,0.0,0.0,0.0,0.0,0.0,0.0,0.0,0,0
2023-09-08,0.0,0.0,0.0,0.0,0.0,0.0,0.0,0.0,0,0
2023-09-11,0.0,0.0,0.0,0.0,0.0,0.0,0.0,0.0,0,0
2023-09-12,0.0,0.0,0.0,0.0,0.0,0.0,0.0,0.0,0,0
2023-09-13,0.0,0.0,0.0,0.0,0.0,0.0,0.0,0.0,0,0
2023-09-14,0.0,0.0,0.0,0.0,0.0,0.0,0.0,0.0,0,0
2023-09-15,0.0,0.0,0.0,0.0,0.0,0.0,0.0,0.0,0,0
2023-09-18,0.0,0.0,0.0,0.0,0.0,0.0,0.0,0.0,0,0
2023-09-19,0.0,0.0,0.0,0.0,0.0,0.0,0.0,0.0,0,0
2023-09-20,0.0,0.0,0.0,0.0,0.0,0.0,0.0,0.0,0,0
2023-09-21,0.0,0.0,0.0,0.0,0.0,0.0,0.0,0.0,0,0
2023-09-22,0.0,0.0,0.0,0.0,0.0,0.0,0.0,0.0,0,0
2023-09-25,0.0,0.0,0.0,0.0,0.0,0.0,0.0,0.0,0,0
2023-09-26,0.0,0.0,0.0,0.0,0.0,0.0,0.0,0.0,0,0
2023-09-27,0.0,0.0,0.0,0.0,0.0,0.0,0.0,0.0,0,0
2023-09-28,0.0,0.0,0.0,0.0,0.0,0.0,0.0,0.0,0,0
2023-09-29,0.0,0.0,0.0,0.0,0.0,0.0,0.0,0.0,0,0
2023-10-02,0.0,0.0,0.0,0.0,0.0,0.0,0.0,0.0,0,0
2023-10-03,0.0,0.0,0.0,0.0,0.0,0.0,0.0,0.0,0,0
2023-10-04,0.0,0.0,0.0,0.0,0.0,0.0,0.0,0.0,0,0
2023-10-05,0.0,0.0,0.0,0.0,0.0,0.0,0.0,0.0,0,0
2023-10-06,0.0,0.0,0.0,0.0,0.0,0.0,0.0,0.0,0,0
2023-10-09,0.0,0.0,0.0,0.0,0.0,0.0,0.0,0.0,0,0
2023-10-10,0.0,0.0,0.0,0.0,0.0,0.0,0.0,0.0,0,0
2023-10-11,0.0,0.0,0.0,0.0,0.0,0.0,0.0,0.0,0,0
2023-10-12,0.0,0.0,0.0,0.0,0.0,0.0,0.0,0.0,0,0
2023-10-13,0.0,0.0,0.0,0.0,0.0,0.0,0.0,0.0,0,0
2023-10-16,0.0,0.0,0.0,0.0,0.0,0.0,0.0,0.0,0,0
2023-10-17,0.0,0.0,0.0,0.0,0.0,0.0,0.0,0.0,0,0
2023-10-18,0.0,0.0,0.0,0.0,0.0,0.0,0.0,0.0,0,0
2023-10-19,0.0,0.0,0.0,0.0,0.0,0.0,0.0,0.0,0,0
2023-10-20,0.0,0.0,0.0,0.0,0.0,0.0,0.0,0.0,0,0
2023-10-23,0.0,0.0,0.0,0.0,0.0,0.0,0.0,0.0,0,0
2023-10-24,0.0,0.0,0.0,0.0,0.0,0.0,0.0,0.0,0,0
2023-10-25,0.0,0.0,0.0,0.0,0.0,0.0,0.0,0.0,0,0
2023-10-26,0.0,0.0,0.0,0.0,0.0,0.0,0.0,0.0,0,0
2023-10-27,0.0,0.0,0.0,0.0,0.0,0.0,0.0,0.0,0,0
2023-10-30,0.0,0.0,0.0,0.0,0.0,0.0,0.0,0.0,0,0
2023-10-31,0.0,0.0,0.0,0.0,0.0,0.0,0.0,0.0,0,0
2023-11-01,0.0,0.0,0.0,0.0,0.0,0.0,0.0,0.0,0,0
2023-11-02,0.0,0.0,0.0,0.0,0.0,0.0,0.0,0.0,0,0
2023-11-03,0.0,0.0,0.0,0.0,0.0,0.0,0.0,0.0,0,0
2023-11-06,0.0,0.0,0.0,0.0,0.0,0.0,0.0,0.0,0,0
2023-11-07,0.0,0.0,0.0,0.0,0.0,0.0,0.0,0.0,0,0
2023-11-08,0.0,0.0,0.0,0.0,0.0,0.0,0.0,0.0,0,0
2023-11-09,0.0,0.0,0.0,0.0,0.0,0.0,0.0,0.0,0,0
2023-11-10,0.0,0.0,0.0,0.0,0.0,0.0,0.0,0.0,0,0
2023-11-13,0.0,0.0,0.0,0.0,0.0,0.0,0.0,0.0,0,0
2023-11-14,0.0,0.0,0.0,0.0,0.0,0.0,0.0,0.0,0,0
2023-11-15,0.0,0.0,0.0,0.0,0.0,0.0,0.0,0.0,0,0
2023-11-16,0.0,0.0,0.0,0.0,0.0,0.0,0.0,0.0,0,0
2023-11-17,0.0,0.0,0.0,0.0,0.0,0.0,0.0,0.0,0,0
2023-11-20,0.0,0.0,0.0,0.0,0.0,0.0,0.0,0.0,0,0
2023-11-21,0.0,0.0,0.0,0.0,0.0,0.0,0.0,0.0,0,0
2023-11-22,0.0,0.0,0.0,0.0,0.0,0.0,0.0,0.0,0,0
2023-11-24,0.0,0.0,0.0,0.0,0.0,0.0,0.0,0.0,0,0
2023-11-27,0.0,0.0,0.0,0.0,0.0,0.0,0.0,0.0,0,0
2023-11-28,0.0,0.0,0.0,0.0,0.0,0.0,0.0,0.0,0,0
2023-11-29,0.0,0.0,0.0,0.0,0.0,0.0,0.0,0.0,0,0
2023-11-30,0.0,0.0,0.0,0.0,0.0,0.0,0.0,0.0,0,0
2023-12-01,0.0,0.0,0.0,0.0,0.0,0.0,0.0,0.0,0,0
2023-12-04,0.0,0.0,0.0,0.0,0.0,0.0,0.0,0.0,0,0
2023-12-05,0.0,0.0,0.0,0.0,0.0,0.0,0.0,0.0,0,0
2023-12-06,0.0,0.0,0.0,0.0,0.0,0.0,0.0,0.0,0,0
2023-12-07,0.0,0.0,0.0,0.0,0.0,0.0,0.0,0.0,0,0
2023-12-08,0.0,0.0,0.0,0.0,0.0,0.0,0.0,0.0,0,0
2023-12-11,0.0,0.0,0.0,0.0,0.0,0.0,0.0,0.0,0,0
2023-12-12,0.0,0.0,0.0,0.0,0.0,0.0,0.0,0.0,0,0
2023-12-13,0.0,0.0,0.0,0.0,0.0,0.0,0.0,0.0,0,0
2023-12-14,0.0,0.0,0.0,0.0,0.0,0.0,0.0,0.0,0,0
2023-12-15,0.0,0.0,0.0,0.0,0.0,0.0,0.0,0.0,0,0
2023-12-18,0.0,0.0,0.0,0.0,0.0,0.0,0.0,0.0,0,0
2023-12-19,0.0,0.0,0.0,0.0,0.0,0.0,0.0,0.0,0,0
2023-12-20,0.0,0.0,0.0,0.0,0.0,0.0,0.0,0.0,0,0
2023-12-21,0.0,0.0,0.0,0.0,0.0,0.0,0.0,0.0,0,0
2023-12-22,0.0,0.0,0.0,0.0,0.0,0.0,0.0,0.0,0,0
2023-12-26,0.0,0.0,0.0,0.0,0.0,0.0,0.0,0.0,0,0
2023-12-27,0.0,0.0,0.0,0.0,0.0,0.0,0.0,0.0,0,0
2023-12-28,0.0,0.0,0.0,0.0,0.0,0.0,0.0,0.0,0,0
2023-12-29,0.0,0.0,0.0,0.0,0.0,0.0,0.0,0.0,0,0
2024-01-02,0.0,0.0,0.0,0.0,0.0,0.0,0.0,0.0,0,0
2024-01-03,0.0,0.0,0.0,0.0,0.0,0.0,0.0,0.0,0,0
2024-01-04,0.0,0.0,0.0,0.0,0.0,0.0,0.0,0.0,0,0
2024-01-05,0.0,0.0,0.0,0.0,0.0,0.0,0.0,0.0,0,0
2024-01-08,0.0,0.0,0.0,0.0,0.0,0.0,0.0,0.0,0,0
2024-01-09,0.0,0.0,0.0,0.0,0.0,0.0,0.0,0.0,0,0
2024-01-10,0.0,0.0,0.0,0.0,0.0,0.0,0.0,0.0,0,0
2024-01-11,0.0,0.0,0.0,0.0,0.0,0.0,0.0,0.0,0,0
2024-01-12,0.0,0.0,0.0,0.0,0.0,0.0,0.0,0.0,0,0
2024-01-16,0.0,0.0,0.0,0.0,0.0,0.0,0.0,0.0,0,0
2024-01-17,0.0,0.0,0.0,0.0,0.0,0.0,0.0,0.0,0,0
2024-01-18,0.0,0.0,0.0,0.0,0.0,0.0,0.0,0.0,0,0
2024-01-19,0.0,0.0,0.0,0.0,0.0,0.0,0.0,0.0,0,0
2024-01-22,0.0,0.0,0.0,0.0,0.0,0.0,0.0,0.0,0,0
2024-01-23,0.0,0.0,0.0,0.0,0.0,0.0,0.0,0.0,0,0
2024-01-24,0.0,0.0,0.0,0.0,0.0,0.0,0.0,0.0,0,0
2024-01-25,0.0,0.0,0.0,0.0,0.0,0.0,0.0,0.0,0,0
2024-01-26,0.0,0.0,0.0,0.0,0.0,0.0,0.0,0.0,0,0
2024-01-29,0.0,0.0,0.0,0.0,0.0,0.0,0.0,0.0,0,0
2024-01-30,0.0,0.0,0.0,0.0,0.0,0.0,0.0,0.0,0,0
2024-01-31,0.0,0.0,0.0,0.0,0.0,0.0,0.0,0.0,0,0
2024-02-01,0.0,0.0,0.0,0.0,0.0,0.0,0.0,0.0,0,0
2024-02-02,0.0,0.0,0.0,0.0,0.0,0.0,0.0,0.0,0,0
2024-02-05,0.0,0.0,0.0,0.0,0.0,0.0,0.0,0.0,0,0
2024-02-06,0.0,0.0,0.0,0.0,0.0,0.0,0.0,0.0,0,0
2024-02-07,0.0,0.0,0.0,0.0,0.0,0.0,0.0,0.0,0,0
2024-02-08,0.0,0.0,0.0,0.0,0.0,0.0,0.0,0.0,0,0
2024-02-09,0.0,0.0,0.0,0.0,0.0,0.0,0.0,0.0,0,0
2024-02-12,0.0,0.0,0.0,0.0,0.0,0.0,0.0,0.0,0,0
2024-02-13,0.0,0.0,0.0,0.0,0.0,0.0,0.0,0.0,0,0
2024-02-14,0.0,0.0,0.0,0.0,0.0,0.0,0.0,0.0,0,0
2024-02-15,0.0,0.0,0.0,0.0,0.0,0.0,0.0,0.0,0,0
2024-02-16,0.0,0.0,0.0,0.0,0.0,0.0,0.0,0.0,0,0
2024-02-20,0.0,0.0,0.0,0.0,0.0,0.0,0.0,0.0,0,0
2024-02-21,0.0,0.0,0.0,0.0,0.0,0.0,0.0,0.0,0,0
2024-02-22,0.0,0.0,0.0,0.0,0.0,0.0,0.0,0.0,0,0
2024-02-23,0.0,0.0,0.0,0.0,0.0,0.0,0.0,0.0,0,0
2024-02-26,0.0,0.0,0.0,0.0,0.0,0.0,0.0,0.0,0,0
2024-02-27,0.0,0.0,0.0,0.0,0.0,0.0,0.0,0.0,0,0
2024-02-28,0.0,0.0,0.0,0.0,0.0,0.0,0.0,0.0,0,0
2024-02-29,0.0,0.0,0.0,0.0,0.0,0.0,0.0,0.0,0,0
2024-03-01,0.0,0.0,0.0,0.0,0.0,0.0,0.0,0.0,0,0
2024-03-04,0.0,0.0,0.0,0.0,0.0,0.0,0.0,0.0,0,0
2024-03-05,0.0,0.0,0.0,0.0,0.0,0.0,0.0,0.0,0,0
2024-03-06,0.0,0.0,0.0,0.0,0.0,0.0,0.0,0.0,0,0
2024-03-07,0.0,0.0,0.0,0.0,0.0,0.0,0.0,0.0,0,0
2024-03-08,0.0,0.0,0.0,0.0,0.0,0.0,0.0,0.0,0,0
2024-03-11,0.0,0.0,0.0,0.0,0.0,0.0,0.0,0.0,0,0
2024-03-12,0.0,0.0,0.0,0.0,0.0,0.0,0.0,0.0,0,0
2024-03-13,0.0,0.0,0.0,0.0,0.0,0.0,0.0,0.0,0,0
2024-03-14,0.0,0.0,0.0,0.0,0.0,0.0,0.0,0.0,0,0
2024-03-15,0.0,0.0,0.0,0.0,0.0,0.0,0.0,0.0,0,0
2024-03-18,0.0,0.0,0.0,0.0,0.0,0.0,0.0,0.0,0,0
2024-03-19,0.0,0.0,0.0,0.0,0.0,0.0,0.0,0.0,0,0
2024-03-20,0.0,0.0,0.0,0.0,0.0,0.0,0.0,0.0,0,0
2024-03-21,0.0,0.0,0.0,0.0,0.0,0.0,0.0,0.0,0,0
2024-03-22,0.0,0.0,0.0,0.0,0.0,0.0,0.0,0.0,0,0
2024-03-25,0.0,0.0,0.0,0.0,0.0,0.0,0.0,0.0,0,0
2024-03-26,0.0,0.0,0.0,0.0,0.0,0.0,0.0,0.0,0,0
2024-03-27,0.0,0.0,0.0,0.0,0.0,0.0,0.0,0.0,0,0
2024-03-28,0.0,0.0,0.0,0.0,0.0,0.0,0.0,0.0,0,0
2024-04-01,0.0,0.0,0.0,0.0,0.0,0.0,0.0,0.0,0,0
2024-04-02,0.0,0.0,0.0,0.0,0.0,0.0,0.0,0.0,0,0
2024-04-03,0.0,0.0,0.0,0.0,0.0,0.0,0.0,0.0,0,0
2024-04-04,0.0,0.0,0.0,0.0,0.0,0.0,0.0,0.0,0,0
2024-04-05,0.0,0.0,0.0,0.0,0.0,0.0,0.0,0.0,0,0
2024-04-08,0.0,0.0,0.0,0.0,0.0,0.0,0.0,0.0,0,0
2024-04-09,0.0,0.0,0.0,0.0,0.0,0.0,0.0,0.0,0,0
2024-04-10,0.0,0.0,0.0,0.0,0.0,0.0,0.0,0.0,0,0
2024-04-11,0.0,0.0,0.0,0.0,0.0,0.0,0.0,0.0,0,0
2024-04-12,0.0,0.0,0.0,0.0,0.0,0.0,0.0,0.0,0,0
2024-04-15,0.0,0.0,0.0,0.0,0.0,0.0,0.0,0.0,0,0
2024-04-16,0.0,0.0,0.0,0.0,0.0,0.0,0.0,0.0,0,0
2024-04-17,0.0,0.0,0.0,0.0,0.0,0.0,0.0,0.0,0,0
2024-04-18,0.0,0.0,0.0,0.0,0.0,0.0,0.0,0.0,0,0
2024-04-19,0.0,0.0,0.0,0.0,0.0,0.0,0.0,0.0,0,0
2024-04-22,0.0,0.0,0.0,0.0,0.0,0.0,0.0,0.0,0,0
2024-04-23,0.0,0.0,0.0,0.0,0.0,0.0,0.0,0.0,0,0
2024-04-24,0.0,0.0,0.0,0.0,0.0,0.0,0.0,0.0,0,0
2024-04-25,0.0,0.0,0.0,0.0,0.0,0.0,0.0,0.0,0,0
2024-04-26,0.0,0.0,0.0,0.0,0.0,0.0,0.0,0.0,0,0
2024-04-29,0.0,0.0,0.0,0.0,0.0,0.0,0.0,0.0,0,0
2024-04-30,0.0,0.0,0.0,0.0,0.0,0.0,0.0,0.0,0,0
2024-05-01,0.0,0.0,0.0,0.0,0.0,0.0,0.0,0.0,0,0
2024-05-02,0.0,0.0,0.0,0.0,0.0,0.0,0.0,0.0,0,0
2024-05-03,0.0,0.0,0.0,0.0,0.0,0.0,0.0,0.0,0,0
2024-05-06,0.0,0.0,0.0,0.0,0.0,0.0,0.0,0.0,0,0
2024-05-07,0.0,0.0,0.0,0.0,0.0,0.0,0.0,0.0,0,0
2024-05-08,0.0,0.0,0.0,0.0,0.0,0.0,0.0,0.0,0,0
2024-05-09,0.0,0.0,0.0,0.0,0.0,0.0,0.0,0.0,0,0
2024-05-10,0.0,0.0,0.0,0.0,0.0,0.0,0.0,0.0,0,0
2024-05-13,0.0,0.0,0.0,0.0,0.0,0.0,0.0,0.0,0,0
2024-05-14,0.0,0.0,0.0,0.0,0.0,0.0,0.0,0.0,0,0
2024-05-15,0.0,0.0,0.0,0.0,0.0,0.0,0.0,0.0,0,0
2024-05-16,0.0,0.0,0.0,0.0,0.0,0.0,0.0,0.0,0,0
2024-05-17,0.0,0.0,0.0,0.0,0.0,0.0,0.0,0.0,0,0
2024-05-20,0.0,0.0,0.0,0.0,0.0,0.0,0.0,0.0,0,0
2024-05-21,0.0,0.0,0.0,0.0,0.0,0.0,0.0,0.0,0,0
2024-05-22,0.0,0.0,0.0,0.0,0.0,0.0,0.0,0.0,0,0
2024-05-23,0.0,0.0,0.0,0.0,0.0,0.0,0.0,0.0,0,0
2024-05-24,0.0,0.0,0.0,0.0,0.0,0.0,0.0,0.0,0,0
2024-05-28,0.0,0.0,0.0,0.0,0.0,0.0,0.0,0.0,0,0
2024-05-29,0.0,0.0,0.0,0.0,0.0,0.0,0.0,0.0,0,0
2024-05-30,0.0,0.0,0.0,0.0,0.0,0.0,0.0,0.0,0,0
2024-05-31,0.0,0.0,0.0,0.0,0.0,0.0,0.0,0.0,0,0
2024-06-03,0.0,0.0,0.0,0.0,0.0,0.0,0.0,0.0,0,0
2024-06-04,0.0,0.0,0.0,0.0,0.0,0.0,0.0,0.0,0,0
2024-06-05,0.0,0.0,0.0,0.0,0.0,0.0,0.0,0.0,0,0
2024-06-06,0.0,0.0,0.0,0.0,0.0,0.0,0.0,0.0,0,0
2024-06-07,0.0,0.0,0.0,0.0,0.0,0.0,0.0,0.0,0,0
2024-06-10,0.0,0.0,0.0,0.0,0.0,0.0,0.0,0.0,0,0
2024-06-11,0.0,0.0,0.0,0.0,0.0,0.0,0.0,0.0,0,0
2024-06-12,0.0,0.0,0.0,0.0,0.0,0.0,0.0,0.0,0,0
2024-06-13,0.0,0.0,0.0,0.0,0.0,0.0,0.0,0.0,0,0
2024-06-14,0.0,0.0,0.0,0.0,0.0,0.0,0.0,0.0,0,0
2024-06-17,0.0,0.0,0.0,0.0,0.0,0.0,0.0,0.0,0,0
2024-06-18,0.0,0.0,0.0,0.0,0.0,0.0,0.0,0.0,0,0
2024-06-20,0.0,0.0,0.0,0.0,0.0,0.0,0.0,0.0,0,0
2024-06-21,0.0,0.0,0.0,0.0,0.0,0.0,0.0,0.0,0,0
2024-06-24,0.0,0.0,0.0,0.0,0.0,0.0,0.0,0.0,0,0
2024-06-25,0.0,0.0,0.0,0.0,0.0,0.0,0.0,0.0,0,0
2024-06-26,0.0,0.0,0.0,0.0,0.0,0.0,0.0,0.0,0,0
2024-06-27,0.0,0.0,0.0,0.0,0.0,0.0,0.0,0.0,0,0
2024-06-28,0.0,0.0,0.0,0.0,0.0,0.0,0.0,0.0,0,0
2024-07-01,0.0,0.0,0.0,0.0,0.0,0.0,0.0,0.0,0,0
2024-07-02,0.0,0.0,0.0,0.0,0.0,0.0,0.0,0.0,0,0
2024-07-03,0.0,0.0,0.0,0.0,0.0,0.0,0.0,0.0,0,0
2024-07-05,0.0,0.0,0.0,0.0,0.0,0.0,0.0,0.0,0,0
2024-07-08,0.0,0.0,0.0,0.0,0.0,0.0,0.0,0.0,0,0
2024-07-09,0.0,0.0,0.0,0.0,0.0,0.0,0.0,0.0,0,0
2024-07-10,0.0,0.0,0.0,0.0,0.0,0.0,0.0,0.0,0,0
2024-07-11,0.0,0.0,0.0,0.0,0.0,0.0,0.0,0.0,0,0
2024-07-12,0.0,0.0,0.0,0.0,0.0,0.0,0.0,0.0,0,0
2024-07-15,0.0,0.0,0.0,0.0,0.0,0.0,0.0,0.0,0,0
2024-07-16,0.0,0.0,0.0,0.0,0.0,0.0,0.0,0.0,0,0
2024-07-17,0.0,0.0,0.0,0.0,0.0,0.0,0.0,0.0,0,0
2024-07-18,0.0,0.0,0.0,0.0,0.0,0.0,0.0,0.0,0,0
2024-07-19,0.0,0.0,0.0,0.0,0.0,0.0,0.0,0.0,0,0
2024-07-22,0.0,0.0,0.0,0.0,0.0,0.0,0.0,0.0,0,0
2024-07-23,0.0,0.0,0.0,0.0,0.0,0.0,0.0,0.0,0,0
2024-07-24,0.0,0.0,0.0,0.0,0.0,0.0,0.0,0.0,0,0
2024-07-25,0.0,0.0,0.0,0.0,0.0,0.0,0.0,0.0,0,0
2024-07-26,0.0,0.0,0.0,0.0,0.0,0.0,0.0,0.0,0,0
2024-07-29,0.0,0.0,0.0,0.0,0.0,0.0,0.0,0.0,0,0
2024-07-30,0.0,0.0,0.0,0.0,0.0,0.0,0.0,0.0,0,0
2024-07-31,0.0,0.0,0.0,0.0,0.0,0.0,0.0,0.0,0,0
2024-08-01,0.0,0.0,0.0,0.0,0.0,0.0,0.0,0.0,0,0
2024-08-02,0.0,0.0,0.0,0.0,0.0,0.0,0.0,0.0,0,0
2024-08-05,0.0,0.0,0.0,0.0,0.0,0.0,0.0,0.0,0,0
2024-08-06,0.0,0.0,0.0,0.0,0.0,0.0,0.0,0.0,0,0
2024-08-07,0.0,0.0,0.0,0.0,0.0,0.0,0.0,0.0,0,0
2024-08-08,0.0,0.0,0.0,0.0,0.0,0.0,0.0,0.0,0,0
2024-08-09,0.0,0.0,0.0,0.0,0.0,0.0,0.0,0.0,0,0
2024-08-12,0.0,0.0,0.0,0.0,0.0,0.0,0.0,0.0,0,0
2024-08-13,0.0,0.0,0.0,0.0,0.0,0.0,0.0,0.0,0,0
2024-08-14,0.0,0.0,0.0,0.0,0.0,0.0,0.0,0.0,0,0
2024-08-15,0.0,0.0,0.0,0.0,0.0,0.0,0.0,0.0,0,0
2024-08-16,0.0,0.0,0.0,0.0,0.0,0.0,0.0,0.0,0,0
2024-08-19,0.0,0.0,0.0,0.0,0.0,0.0,0.0,0.0,0,0
2024-08-20,0.0,0.0,0.0,0.0,0.0,0.0,0.0,0.0,0,0
2024-08-21,0.0,0.0,0.0,0.0,0.0,0.0,0.0,0.0,0,0
2024-08-22,0.0,0.0,0.0,0.0,0.0,0.0,0.0,0.0,0,0
2024-08-23,0.0,0.0,0.0,0.0,0.0,0.0,0.0,0.0,0,0
2024-08-26,0.0,0.0,0.0,0.0,0.0,0.0,0.0,0.0,0,0
2024-08-27,0.0,0.0,0.0,0.0,0.0,0.0,0.0,0.0,0,0
2024-08-28,0.0,0.0,0.0,0.0,0.0,0.0,0.0,0.0,0,0
2024-08-29,0.0,0.0,0.0,0.0,0.0,0.0,0.0,0.0,0,0
2024-08-30,0.0,0.0,0.0,0.0,0.0,0.0,0.0,0.0,0,0
2024-09-03,0.0,0.0,0.0,0.0,0.0,0.0,0.0,0.0,0,0
2024-09-04,0.0,0.0,0.0,0.0,0.0,0.0,0.0,0.0,0,0
2024-09-05,0.0,0.0,0.0,0.0,0.0,0.0,0.0,0.0,0,0
2024-09-06,0.0,0.0,0.0,0.0,0.0,0.0,0.0,0.0,0,0
2024-09-09,0.0,0.0,0.0,0.0,0.0,0.0,0.0,0.0,0,0
2024-09-10,0.0,0.0,0.0,0.0,0.0,0.0,0.0,0.0,0,0
2024-09-11,0.0,0.0,0.0,0.0,0.0,0.0,0.0,0.0,0,0
2024-09-12,0.0,0.0,0.0,0.0,0.0,0.0,0.0,0.0,0,0
2024-09-13,0.0,0.0,0.0,0.0,0.0,0.0,0.0,0.0,0,0
2024-09-16,0.0,0.0,0.0,0.0,0.0,0.0,0.0,0.0,0,0
2024-09-17,0.0,0.0,0.0,0.0,0.0,0.0,0.0,0.0,0,0
2024-09-18,0.0,0.0,0.0,0.0,0.0,0.0,0.0,0.0,0,0
2024-09-19,0.0,0.0,0.0,0.0,0.0,0.0,0.0,0.0,0,0
2024-09-20,0.0,0.0,0.0,0.0,0.0,0.0,0.0,0.0,0,0
2024-09-23,0.0,0.0,0.0,0.0,0.0,0.0,0.0,0.0,0,0
2024-09-24,0.0,0.0,0.0,0.0,0.0,0.0,0.0,0.0,0,0
2024-09-25,0.0,0.0,0.0,0.0,0.0,0.0,0.0,0.0,0,0
2024-09-26,0.0,0.0,0.0,0.0,0.0,0.0,0.0,0.0,0,0
2024-09-27,0.0,0.0,0.0,0.0,0.0,0.0,0.0,0.0,0,0
2024-09-30,0.0,0.0,0.0,0.0,0.0,0.0,0.0,0.0,0,0
2024-10-01,0.0,0.0,0.0,0.0,0.0,0.0,0.0,0.0,0,0
2024-10-02,0.0,0.0,0.0,0.0,0.0,0.0,0.0,0.0,0,0
2024-10-03,0.0,0.0,0.0,0.0,0.0,0.0,0.0,0.0,0,0
2024-10-04,0.0,0.0,0.0,0.0,0.0,0.0,0.0,0.0,0,0
2024-10-07,0.0,0.0,0.0,0.0,0.0,0.0,0.0,0.0,0,0
2024-10-08,0.0,0.0,0.0,0.0,0.0,0.0,0.0,0.0,0,0
2024-10-09,0.0,0.0,0.0,0.0,0.0,0.0,0.0,0.0,0,0
2024-10-10,0.0,0.0,0.0,0.0,0.0,0.0,0.0,0.0,0,0
2024-10-11,0.0,0.0,0.0,0.0,0.0,0.0,0.0,0.0,0,0
2024-10-14,0.0,0.0,0.0,0.0,0.0,0.0,0.0,0.0,0,0
2024-10-15,0.0,0.0,0.0,0.0,0.0,0.0,0.0,0.0,0,0
2024-10-16,0.0,0.0,0.0,0.0,0.0,0.0,0.0,0.0,0,0
2024-10-17,0.0,0.0,0.0,0.0,0.0,0.0,0.0,0.0,0,0
2024-10-18,0.0,0.0,0.0,0.0,0.0,0.0,0.0,0.0,0,0
2024-10-21,0.0,0.0,0.0,0.0,0.0,0.0,0.0,0.0,0,0
2024-10-22,0.0,0.0,0.0,0.0,0.0,0.0,0.0,0.0,0,0
2024-10-23,0.0,0.0,0.0,0.0,0.0,0.0,0.0,0.0,0,0
2024-10-24,0.0,0.0,0.0,0.0,0.0,0.0,0.0,0.0,0,0
2024-10-25,0.0,0.0,0.0,0.0,0.0,0.0,0.0,0.0,0,0
2024-10-28,0.0,0.0,0.0,0.0,0.0,0.0,0.0,0.0,0,0
2024-10-29,0.0,0.0,0.0,0.0,0.0,0.0,0.0,0.0,0,0
2024-10-30,0.0,0.0,0.0,0.0,0.0,0.0,0.0,0.0,0,0
2024-10-31,0.0,0.0,0.0,0.0,0.0,0.0,0.0,0.0,0,0
2024-11-01,0.0,0.0,0.0,0.0,0.0,0.0,0.0,0.0,0,0
2024-11-04,0.0,0.0,0.0,0.0,0.0,0.0,0.0,0.0,0,0
2024-11-05,0.0,0.0,0.0,0.0,0.0,0.0,0.0,0.0,0,0
2024-11-06,0.0,0.0,0.0,0.0,0.0,0.0,0.0,0.0,0,0
2024-11-07,0.0,0.0,0.0,0.0,0.0,0.0,0.0,0.0,0,0
2024-11-08,0.0,0.0,0.0,0.0,0.0,0.0,0.0,0.0,0,0
2024-11-11,0.0,0.0,0.0,0.0,0.0,0.0,0.0,0.0,0,0
2024-11-12,0.0,0.0,0.0,0.0,0.0,0.0,0.0,0.0,0,0
2024-11-13,0.0,0.0,0.0,0.0,0.0,0.0,0.0,0.0,0,0
2024-11-14,0.0,0.0,0.0,0.0,0.0,0.0,0.0,0.0,0,0
2024-11-15,0.0,0.0,0.0,0.0,0.0,0.0,0.0,0.0,0,0
2024-11-18,0.0,0.0,0.0,0.0,0.0,0.0,0.0,0.0,0,0
2024-11-19,0.0,0.0,0.0,0.0,0.0,0.0,0.0,0.0,0,0
2024-11-20,0.0,0.0,0.0,0.0,0.0,0.0,0.0,0.0,0,0
2024-11-21,0.0,0.0,0.0,0.0,0.0,0.0,0.0,0.0,0,0
2024-11-22,0.0,0.0,0.0,0.0,0.0,0.0,0.0,0.0,0,0
2024-11-25,0.0,0.0,0.0,0.0,0.0,0.0,0.0,0.0,0,0
2024-11-26,0.0,0.0,0.0,0.0,0.0,0.0,0.0,0.0,0,0
2024-11-27,0.0,0.0,0.0,0.0,0.0,0.0,0.0,0.0,0,0
2024-11-29,0.0,0.0,0.0,0.0,0.0,0.0,0.0,0.0,0,0
2024-12-02,0.0,0.0,0.0,0.0,0.0,0.0,0.0,0.0,0,0
2024-12-03,0.0,0.0,0.0,0.0,0.0,0.0,0.0,0.0,0,0
2024-12-04,0.0,0.0,0.0,0.0,0.0,0.0,0.0,0.0,0,0
2024-12-05,0.0,0.0,0.0,0.0,0.0,0.0,0.0,0.0,0,0
2024-12-06,0.0,0.0,0.0,0.0,0.0,0.0,0.0,0.0,0,0
2024-12-09,0.0,0.0,0.0,0.0,0.0,0.0,0.0,0.0,0,0
2024-12-10,0.0,0.0,0.0,0.0,0.0,0.0,0.0,0.0,0,0
2024-12-11,0.0,0.0,0.0,0.0,0.0,0.0,0.0,0.0,0,0
2024-12-12,0.0,0.0,0.0,0.0,0.0,0.0,0.0,0.0,0,0
2024-12-13,0.0,0.0,0.0,0.0,0.0,0.0,0.0,0.0,0,0
2024-12-16,0.0,0.0,0.0,0.0,0.0,0.0,0.0,0.0,0,0
2024-12-17,0.0,0.0,0.0,0.0,0.0,0.0,0.0,0.0,0,0
2024-12-18,0.0,0.0,0.0,0.0,0.0,0.0,0.0,0.0,0,0
2024-12-19,0.0,0.0,0.0,0.0,0.0,0.0,0.0,0.0,0,0
2024-12-20,0.0,0.0,0.0,0.0,0.0,0.0,0.0,0.0,0,0
2024-12-23,0.0,0.0,0.0,0.0,0.0,0.0,0.0,0.0,0,0
2024-12-24,0.0,0.0,0.0,0.0,0.0,0.0,0.0,0.0,0,0
2024-12-26,0.0,0.0,0.0,0.0,0.0,0.0,0.0,0.0,0,0
2024-12-27,0.0,0.0,0.0,0.0,0.0,0.0,0.0,0.0,0,0
2024-12-30,0.0,0.0,0.0,0.0,0.0,0.0,0.0,0.0,0,0
2024-12-31,0.0,0.0,0.0,0.0,0.0,0.0,0.0,0.0,0,0
