date,gross_pnl,trade_cost,borrow_cost,net_pnl,gross_long,gross_short,gross_notional,turnover_$,n_long,n_short
2013-01-02,0.0,0.0,0.0,0.0,0.0,0.0,0.0,0.0,0,0
2013-01-03,0.0,0.0,0.0,0.0,0.0,0.0,0.0,0.0,0,0
2013-01-04,0.0,0.0,0.0,0.0,0.0,0.0,0.0,0.0,0,0
2013-01-07,0.0,0.0,0.0,0.0,0.0,0.0,0.0,0.0,0,0
2013-01-08,0.0,0.0,0.0,0.0,0.0,0.0,0.0,0.0,0,0
2013-01-09,0.0,0.0,0.0,0.0,0.0,0.0,0.0,0.0,0,0
2013-01-10,0.0,0.0,0.0,0.0,0.0,0.0,0.0,0.0,0,0
2013-01-11,0.0,0.0,0.0,0.0,0.0,0.0,0.0,0.0,0,0
2013-01-14,0.0,0.0,0.0,0.0,0.0,0.0,0.0,0.0,0,0
2013-01-15,0.0,0.0,0.0,0.0,0.0,0.0,0.0,0.0,0,0
2013-01-16,0.0,0.0,0.0,0.0,0.0,0.0,0.0,0.0,0,0
2013-01-17,0.0,0.0,0.0,0.0,0.0,0.0,0.0,0.0,0,0
2013-01-18,0.0,0.0,0.0,0.0,0.0,0.0,0.0,0.0,0,0
2013-01-22,0.0,0.0,0.0,0.0,0.0,0.0,0.0,0.0,0,0
2013-01-23,0.0,0.0,0.0,0.0,0.0,0.0,0.0,0.0,0,0
2013-01-24,0.0,0.0,0.0,0.0,0.0,0.0,0.0,0.0,0,0
2013-01-25,0.0,0.0,0.0,0.0,0.0,0.0,0.0,0.0,0,0
2013-01-28,0.0,0.0,0.0,0.0,0.0,0.0,0.0,0.0,0,0
2013-01-29,0.0,0.0,0.0,0.0,0.0,0.0,0.0,0.0,0,0
2013-01-30,0.0,0.0,0.0,0.0,0.0,0.0,0.0,0.0,0,0
2013-01-31,0.0,0.0,0.0,0.0,0.0,0.0,0.0,0.0,0,0
2013-02-01,0.0,0.0,0.0,0.0,0.0,0.0,0.0,0.0,0,0
2013-02-04,0.0,0.0,0.0,0.0,0.0,0.0,0.0,0.0,0,0
2013-02-05,0.0,0.0,0.0,0.0,0.0,0.0,0.0,0.0,0,0
2013-02-06,0.0,0.0,0.0,0.0,0.0,0.0,0.0,0.0,0,0
2013-02-07,0.0,0.0,0.0,0.0,0.0,0.0,0.0,0.0,0,0
2013-02-08,0.0,0.0,0.0,0.0,0.0,0.0,0.0,0.0,0,0
2013-02-11,0.0,0.0,0.0,0.0,0.0,0.0,0.0,0.0,0,0
2013-02-12,0.0,0.0,0.0,0.0,0.0,0.0,0.0,0.0,0,0
2013-02-13,0.0,0.0,0.0,0.0,0.0,0.0,0.0,0.0,0,0
2013-02-14,0.0,0.0,0.0,0.0,0.0,0.0,0.0,0.0,0,0
2013-02-15,0.0,0.0,0.0,0.0,0.0,0.0,0.0,0.0,0,0
2013-02-19,0.0,0.0,0.0,0.0,0.0,0.0,0.0,0.0,0,0
2013-02-20,0.0,0.0,0.0,0.0,0.0,0.0,0.0,0.0,0,0
2013-02-21,0.0,0.0,0.0,0.0,0.0,0.0,0.0,0.0,0,0
2013-02-22,0.0,0.0,0.0,0.0,0.0,0.0,0.0,0.0,0,0
2013-02-25,0.0,0.0,0.0,0.0,0.0,0.0,0.0,0.0,0,0
2013-02-26,0.0,0.0,0.0,0.0,0.0,0.0,0.0,0.0,0,0
2013-02-27,0.0,0.0,0.0,0.0,0.0,0.0,0.0,0.0,0,0
2013-02-28,0.0,0.0,0.0,0.0,0.0,0.0,0.0,0.0,0,0
2013-03-01,0.0,0.0,0.0,0.0,0.0,0.0,0.0,0.0,0,0
2013-03-04,0.0,0.0,0.0,0.0,0.0,0.0,0.0,0.0,0,0
2013-03-05,0.0,0.0,0.0,0.0,0.0,0.0,0.0,0.0,0,0
2013-03-06,0.0,0.0,0.0,0.0,0.0,0.0,0.0,0.0,0,0
2013-03-07,0.0,0.0,0.0,0.0,0.0,0.0,0.0,0.0,0,0
2013-03-08,0.0,0.0,0.0,0.0,0.0,0.0,0.0,0.0,0,0
2013-03-11,0.0,0.0,0.0,0.0,0.0,0.0,0.0,0.0,0,0
2013-03-12,0.0,0.0,0.0,0.0,0.0,0.0,0.0,0.0,0,0
2013-03-13,0.0,0.0,0.0,0.0,0.0,0.0,0.0,0.0,0,0
2013-03-14,0.0,0.0,0.0,0.0,0.0,0.0,0.0,0.0,0,0
2013-03-15,0.0,0.0,0.0,0.0,0.0,0.0,0.0,0.0,0,0
2013-03-18,0.0,0.0,0.0,0.0,0.0,0.0,0.0,0.0,0,0
2013-03-19,0.0,0.0,0.0,0.0,0.0,0.0,0.0,0.0,0,0
2013-03-20,0.0,0.0,0.0,0.0,0.0,0.0,0.0,0.0,0,0
2013-03-21,0.0,0.0,0.0,0.0,0.0,0.0,0.0,0.0,0,0
2013-03-22,0.0,0.0,0.0,0.0,0.0,0.0,0.0,0.0,0,0
2013-03-25,0.0,0.0,0.0,0.0,0.0,0.0,0.0,0.0,0,0
2013-03-26,0.0,0.0,0.0,0.0,0.0,0.0,0.0,0.0,0,0
2013-03-27,0.0,0.0,0.0,0.0,0.0,0.0,0.0,0.0,0,0
2013-03-28,0.0,0.0,0.0,0.0,0.0,0.0,0.0,0.0,0,0
2013-04-01,0.0,0.0,0.0,0.0,0.0,0.0,0.0,0.0,0,0
2013-04-02,0.0,0.0,0.0,0.0,0.0,0.0,0.0,0.0,0,0
2013-04-03,0.0,0.0,0.0,0.0,0.0,0.0,0.0,0.0,0,0
2013-04-04,0.0,0.0,0.0,0.0,0.0,0.0,0.0,0.0,0,0
2013-04-05,91496.06222185839,50000.0,1984.1269841269846,39511.935237731406,125000000.0,125000000.0,250000000.0,250000000.0,30,30
2013-04-08,50064.10455616396,104049.73073710292,1984.1269841269834,-55969.75316506594,125000000.00000001,124999999.99999997,250000000.0,368027636.6939305,30,30
2013-04-09,0.0,50000.00000000001,0.0,-50000.00000000001,0.0,0.0,0.0,249999999.99999997,0,0
2013-04-10,0.0,0.0,0.0,0.0,0.0,0.0,0.0,0.0,0,0
2013-04-11,0.0,0.0,0.0,0.0,0.0,0.0,0.0,0.0,0,0
2013-04-12,0.0,0.0,0.0,0.0,0.0,0.0,0.0,0.0,0,0
2013-04-15,0.0,0.0,0.0,0.0,0.0,0.0,0.0,0.0,0,0
2013-04-16,0.0,0.0,0.0,0.0,0.0,0.0,0.0,0.0,0,0
2013-04-17,157200.86254956413,49999.99999999999,1984.1269841269846,105216.73556543715,124999999.99999999,125000000.0,250000000.0,250000000.0,29,29
2013-04-18,652086.030274732,99999.99999999996,1984.1269841269846,550101.903290605,124999999.99999999,125000000.00000001,250000000.0,289944271.48412603,29,29
2013-04-19,0.0,50000.00000000002,0.0,-50000.00000000002,0.0,0.0,0.0,250000000.0,0,0
2013-04-22,0.0,0.0,0.0,0.0,0.0,0.0,0.0,0.0,0,0
2013-04-23,0.0,0.0,0.0,0.0,0.0,0.0,0.0,0.0,0,0
2013-04-24,0.0,0.0,0.0,0.0,0.0,0.0,0.0,0.0,0,0
2013-04-25,0.0,0.0,0.0,0.0,0.0,0.0,0.0,0.0,0,0
2013-04-26,0.0,0.0,0.0,0.0,0.0,0.0,0.0,0.0,0,0
2013-04-29,0.0,0.0,0.0,0.0,0.0,0.0,0.0,0.0,0,0
2013-04-30,0.0,0.0,0.0,0.0,0.0,0.0,0.0,0.0,0,0
2013-05-01,0.0,0.0,0.0,0.0,0.0,0.0,0.0,0.0,0,0
2013-05-02,0.0,0.0,0.0,0.0,0.0,0.0,0.0,0.0,0,0
2013-05-03,-290848.14859632414,50000.00000000001,1984.126984126984,-342832.2755804511,124999999.99999999,125000000.0,250000000.0,250000000.0,29,29
2013-05-06,0.0,50000.00000000001,0.0,-50000.00000000001,0.0,0.0,0.0,250000000.0,0,0
2013-05-07,0.0,0.0,0.0,0.0,0.0,0.0,0.0,0.0,0,0
2013-05-08,0.0,0.0,0.0,0.0,0.0,0.0,0.0,0.0,0,0
2013-05-09,0.0,0.0,0.0,0.0,0.0,0.0,0.0,0.0,0,0
2013-05-10,0.0,0.0,0.0,0.0,0.0,0.0,0.0,0.0,0,0
2013-05-13,0.0,0.0,0.0,0.0,0.0,0.0,0.0,0.0,0,0
2013-05-14,0.0,0.0,0.0,0.0,0.0,0.0,0.0,0.0,0,0
2013-05-15,0.0,0.0,0.0,0.0,0.0,0.0,0.0,0.0,0,0
2013-05-16,0.0,0.0,0.0,0.0,0.0,0.0,0.0,0.0,0,0
2013-05-17,0.0,0.0,0.0,0.0,0.0,0.0,0.0,0.0,0,0
2013-05-20,0.0,0.0,0.0,0.0,0.0,0.0,0.0,0.0,0,0
2013-05-21,0.0,0.0,0.0,0.0,0.0,0.0,0.0,0.0,0,0
2013-05-22,0.0,0.0,0.0,0.0,0.0,0.0,0.0,0.0,0,0
2013-05-23,-461214.65952615696,50000.00000000001,1984.1269841269836,-513198.78651028394,124999999.99999999,125000000.0,250000000.0,249999999.99999997,30,30
2013-05-24,1176701.0193495555,100000.00000000003,1984.1269841269839,1074716.8923654284,125000000.0,125000000.00000001,250000000.0,276225379.2436133,31,31
2013-05-28,306368.73275901296,103858.08534467341,1984.1269841269843,200526.52043021255,125000000.0,125000000.00000001,250000000.0,404710408.8619606,31,31
2013-05-29,392431.8932945827,101767.44941975662,1984.126984126984,288680.3168906991,125000000.0,124999999.99999999,250000000.0,396703449.15305954,31,31
2013-05-30,0.0,50000.00000000002,0.0,-50000.00000000002,0.0,0.0,0.0,250000000.0,0,0
2013-05-31,562187.9513419248,50000.00000000001,1984.1269841269836,510203.82435779786,125000000.00000001,124999999.99999999,250000000.0,250000000.0,31,31
2013-06-03,0.0,50000.00000000001,0.0,-50000.00000000001,0.0,0.0,0.0,250000000.0,0,0
2013-06-04,-219631.26307509368,50000.0,1984.1269841269836,-271615.39005922066,124999999.99999999,124999999.99999999,249999999.99999997,249999999.99999997,31,31
2013-06-05,-75036.01138609306,99999.99999999999,1984.1269841269839,-177020.13837022003,125000000.0,124999999.99999999,250000000.0,291851681.9188211,31,31
2013-06-06,510891.4010421236,99999.99999999993,1984.126984126984,408907.2740579967,125000000.0,125000000.0,250000000.0,293593325.7838116,31,31
2013-06-07,0.0,49999.99999999999,0.0,-49999.99999999999,0.0,0.0,0.0,250000000.0,0,0
2013-06-10,0.0,0.0,0.0,0.0,0.0,0.0,0.0,0.0,0,0
2013-06-11,440611.1001393951,50000.00000000001,1984.1269841269839,388626.9731552681,125000000.0,125000000.0,250000000.0,250000000.0,31,31
2013-06-12,0.0,50000.00000000001,0.0,-50000.00000000001,0.0,0.0,0.0,250000000.0,0,0
2013-06-13,0.0,0.0,0.0,0.0,0.0,0.0,0.0,0.0,0,0
2013-06-14,0.0,0.0,0.0,0.0,0.0,0.0,0.0,0.0,0,0
2013-06-17,0.0,0.0,0.0,0.0,0.0,0.0,0.0,0.0,0,0
2013-06-18,0.0,0.0,0.0,0.0,0.0,0.0,0.0,0.0,0,0
2013-06-19,0.0,0.0,0.0,0.0,0.0,0.0,0.0,0.0,0,0
2013-06-20,391800.6092557825,49999.999999999985,1984.1269841269836,339816.4822716555,125000000.00000001,124999999.99999999,250000000.0,250000000.0,30,30
2013-06-21,0.0,49999.999999999985,0.0,-49999.999999999985,0.0,0.0,0.0,250000000.0,0,0
2013-06-24,1161082.7260946173,50000.00000000002,1984.1269841269846,1109098.5991104902,125000000.0,125000000.00000003,250000000.00000003,250000000.00000003,30,30
2013-06-25,0.0,50000.00000000002,0.0,-50000.00000000002,0.0,0.0,0.0,250000000.00000003,0,0
2013-06-26,0.0,0.0,0.0,0.0,0.0,0.0,0.0,0.0,0,0
2013-06-27,0.0,0.0,0.0,0.0,0.0,0.0,0.0,0.0,0,0
2013-06-28,0.0,0.0,0.0,0.0,0.0,0.0,0.0,0.0,0,0
2013-07-01,0.0,0.0,0.0,0.0,0.0,0.0,0.0,0.0,0,0
2013-07-02,0.0,0.0,0.0,0.0,0.0,0.0,0.0,0.0,0,0
2013-07-03,0.0,0.0,0.0,0.0,0.0,0.0,0.0,0.0,0,0
2013-07-05,0.0,0.0,0.0,0.0,0.0,0.0,0.0,0.0,0,0
2013-07-08,0.0,0.0,0.0,0.0,0.0,0.0,0.0,0.0,0,0
2013-07-09,0.0,0.0,0.0,0.0,0.0,0.0,0.0,0.0,0,0
2013-07-10,0.0,0.0,0.0,0.0,0.0,0.0,0.0,0.0,0,0
2013-07-11,0.0,0.0,0.0,0.0,0.0,0.0,0.0,0.0,0,0
2013-07-12,569076.9788502965,50000.000000000015,1984.1269841269839,517092.8518661695,125000000.0,125000000.0,250000000.0,250000000.0,30,30
2013-07-15,0.0,50000.000000000015,0.0,-50000.000000000015,0.0,0.0,0.0,250000000.0,0,0
2013-07-16,0.0,0.0,0.0,0.0,0.0,0.0,0.0,0.0,0,0
2013-07-17,0.0,0.0,0.0,0.0,0.0,0.0,0.0,0.0,0,0
2013-07-18,0.0,0.0,0.0,0.0,0.0,0.0,0.0,0.0,0,0
2013-07-19,0.0,0.0,0.0,0.0,0.0,0.0,0.0,0.0,0,0
2013-07-22,0.0,0.0,0.0,0.0,0.0,0.0,0.0,0.0,0,0
2013-07-23,0.0,0.0,0.0,0.0,0.0,0.0,0.0,0.0,0,0
2013-07-24,0.0,0.0,0.0,0.0,0.0,0.0,0.0,0.0,0,0
2013-07-25,8230.436967462845,50000.0,1984.1269841269843,-43753.690016664135,125000000.0,125000000.0,250000000.0,250000000.0,27,27
2013-07-26,-67917.79401224191,101772.32920628898,1984.126984126984,-171674.2502026579,125000000.0,125000000.00000001,250000000.0,327702787.9708025,27,27
2013-07-29,-194495.21066958757,103932.89523377683,1984.1269841269843,-300412.23288749135,124999999.99999999,125000000.0,250000000.0,341672710.6841679,28,28
2013-07-30,0.0,49999.999999999985,0.0,-49999.999999999985,0.0,0.0,0.0,249999999.99999997,0,0
2013-07-31,0.0,0.0,0.0,0.0,0.0,0.0,0.0,0.0,0,0
2013-08-01,0.0,0.0,0.0,0.0,0.0,0.0,0.0,0.0,0,0
2013-08-02,413629.0547885147,49999.99999999999,1984.126984126984,361644.9278043877,125000000.0,125000000.0,250000000.0,250000000.0,29,29
2013-08-05,0.0,49999.99999999999,0.0,-49999.99999999999,0.0,0.0,0.0,250000000.0,0,0
2013-08-06,0.0,0.0,0.0,0.0,0.0,0.0,0.0,0.0,0,0
2013-08-07,0.0,0.0,0.0,0.0,0.0,0.0,0.0,0.0,0,0
2013-08-08,0.0,0.0,0.0,0.0,0.0,0.0,0.0,0.0,0,0
2013-08-09,0.0,0.0,0.0,0.0,0.0,0.0,0.0,0.0,0,0
2013-08-12,0.0,0.0,0.0,0.0,0.0,0.0,0.0,0.0,0,0
2013-08-13,0.0,0.0,0.0,0.0,0.0,0.0,0.0,0.0,0,0
2013-08-14,0.0,0.0,0.0,0.0,0.0,0.0,0.0,0.0,0,0
2013-08-15,481966.68988694757,50000.00000000001,1984.1269841269832,429982.5629028206,125000000.0,124999999.99999999,250000000.0,250000000.0,30,30
2013-08-16,224594.4839296892,100000.00000000009,1984.1269841269846,122610.35694556212,125000000.0,125000000.0,250000000.0,275021246.9606743,30,30
2013-08-19,0.0,49999.999999999985,0.0,-49999.999999999985,0.0,0.0,0.0,250000000.0,0,0
2013-08-20,-312776.77632565406,49999.999999999985,1984.126984126984,-364760.90330978105,125000000.0,125000000.00000001,250000000.0,250000000.0,30,30
2013-08-21,0.0,49999.999999999985,0.0,-49999.999999999985,0.0,0.0,0.0,250000000.0,0,0
2013-08-22,0.0,0.0,0.0,0.0,0.0,0.0,0.0,0.0,0,0
2013-08-23,0.0,0.0,0.0,0.0,0.0,0.0,0.0,0.0,0,0
2013-08-26,0.0,0.0,0.0,0.0,0.0,0.0,0.0,0.0,0,0
2013-08-27,-81903.75581863729,49999.999999999985,1984.1269841269834,-133887.88280276424,125000000.0,124999999.99999999,250000000.0,250000000.0,30,30
2013-08-28,53072.6609869802,99999.99999999999,1984.1269841269843,-48911.46599714677,125000000.00000001,125000000.0,250000000.0,318925721.08972955,30,30
2013-08-29,0.0,50000.00000000001,0.0,-50000.00000000001,0.0,0.0,0.0,250000000.0,0,0
2013-08-30,0.0,0.0,0.0,0.0,0.0,0.0,0.0,0.0,0,0
2013-09-03,0.0,0.0,0.0,0.0,0.0,0.0,0.0,0.0,0,0
2013-09-04,0.0,0.0,0.0,0.0,0.0,0.0,0.0,0.0,0,0
2013-09-05,0.0,0.0,0.0,0.0,0.0,0.0,0.0,0.0,0,0
2013-09-06,0.0,0.0,0.0,0.0,0.0,0.0,0.0,0.0,0,0
2013-09-09,0.0,0.0,0.0,0.0,0.0,0.0,0.0,0.0,0,0
2013-09-10,0.0,0.0,0.0,0.0,0.0,0.0,0.0,0.0,0,0
2013-09-11,0.0,0.0,0.0,0.0,0.0,0.0,0.0,0.0,0,0
2013-09-12,0.0,0.0,0.0,0.0,0.0,0.0,0.0,0.0,0,0
2013-09-13,0.0,0.0,0.0,0.0,0.0,0.0,0.0,0.0,0,0
2013-09-16,0.0,0.0,0.0,0.0,0.0,0.0,0.0,0.0,0,0
2013-09-17,-59099.09167461267,49999.99999999999,1984.126984126984,-111083.21865873964,125000000.0,125000000.0,250000000.0,250000000.0,29,29
2013-09-18,0.0,49999.99999999999,0.0,-49999.99999999999,0.0,0.0,0.0,250000000.0,0,0
2013-09-19,0.0,0.0,0.0,0.0,0.0,0.0,0.0,0.0,0,0
2013-09-20,0.0,0.0,0.0,0.0,0.0,0.0,0.0,0.0,0,0
2013-09-23,0.0,0.0,0.0,0.0,0.0,0.0,0.0,0.0,0,0
2013-09-24,0.0,0.0,0.0,0.0,0.0,0.0,0.0,0.0,0,0
2013-09-25,0.0,0.0,0.0,0.0,0.0,0.0,0.0,0.0,0,0
2013-09-26,0.0,0.0,0.0,0.0,0.0,0.0,0.0,0.0,0,0
2013-09-27,-603061.1594157229,50000.00000000001,1984.1269841269839,-655045.2863998499,125000000.0,125000000.0,250000000.0,250000000.0,31,31
2013-09-30,-258920.91211281912,99999.99999999996,1984.1269841269834,-360905.0390969461,124999999.99999999,124999999.99999999,249999999.99999997,291974786.1438027,30,30
2013-10-01,0.0,49999.999999999985,0.0,-49999.999999999985,0.0,0.0,0.0,249999999.99999997,0,0
2013-10-02,0.0,0.0,0.0,0.0,0.0,0.0,0.0,0.0,0,0
2013-10-03,0.0,0.0,0.0,0.0,0.0,0.0,0.0,0.0,0,0
2013-10-04,0.0,0.0,0.0,0.0,0.0,0.0,0.0,0.0,0,0
2013-10-07,0.0,0.0,0.0,0.0,0.0,0.0,0.0,0.0,0,0
2013-10-08,0.0,0.0,0.0,0.0,0.0,0.0,0.0,0.0,0,0
2013-10-09,0.0,0.0,0.0,0.0,0.0,0.0,0.0,0.0,0,0
2013-10-10,0.0,0.0,0.0,0.0,0.0,0.0,0.0,0.0,0,0
2013-10-11,0.0,0.0,0.0,0.0,0.0,0.0,0.0,0.0,0,0
2013-10-14,0.0,0.0,0.0,0.0,0.0,0.0,0.0,0.0,0,0
2013-10-15,193825.15280946804,50000.00000000001,1984.126984126984,141841.02582534106,124999999.99999999,124999999.99999999,249999999.99999997,249999999.99999997,31,31
2013-10-16,0.0,50000.00000000001,0.0,-50000.00000000001,0.0,0.0,0.0,249999999.99999997,0,0
2013-10-17,0.0,0.0,0.0,0.0,0.0,0.0,0.0,0.0,0,0
2013-10-18,0.0,0.0,0.0,0.0,0.0,0.0,0.0,0.0,0,0
2013-10-21,0.0,0.0,0.0,0.0,0.0,0.0,0.0,0.0,0,0
2013-10-22,0.0,0.0,0.0,0.0,0.0,0.0,0.0,0.0,0,0
2013-10-23,0.0,0.0,0.0,0.0,0.0,0.0,0.0,0.0,0,0
2013-10-24,0.0,0.0,0.0,0.0,0.0,0.0,0.0,0.0,0,0
2013-10-25,0.0,0.0,0.0,0.0,0.0,0.0,0.0,0.0,0,0
2013-10-28,0.0,0.0,0.0,0.0,0.0,0.0,0.0,0.0,0,0
2013-10-29,0.0,0.0,0.0,0.0,0.0,0.0,0.0,0.0,0,0
2013-10-30,0.0,0.0,0.0,0.0,0.0,0.0,0.0,0.0,0,0
2013-10-31,0.0,0.0,0.0,0.0,0.0,0.0,0.0,0.0,0,0
2013-11-01,0.0,0.0,0.0,0.0,0.0,0.0,0.0,0.0,0,0
2013-11-04,0.0,0.0,0.0,0.0,0.0,0.0,0.0,0.0,0,0
2013-11-05,0.0,0.0,0.0,0.0,0.0,0.0,0.0,0.0,0,0
2013-11-06,0.0,0.0,0.0,0.0,0.0,0.0,0.0,0.0,0,0
2013-11-07,0.0,0.0,0.0,0.0,0.0,0.0,0.0,0.0,0,0
2013-11-08,0.0,0.0,0.0,0.0,0.0,0.0,0.0,0.0,0,0
2013-11-11,0.0,0.0,0.0,0.0,0.0,0.0,0.0,0.0,0,0
2013-11-12,0.0,0.0,0.0,0.0,0.0,0.0,0.0,0.0,0,0
2013-11-13,43176.67743238253,49999.99999999999,1984.1269841269839,-8807.449551744447,125000000.0,125000000.00000001,250000000.0,250000000.0,32,32
2013-11-14,0.0,49999.99999999999,0.0,-49999.99999999999,0.0,0.0,0.0,250000000.0,0,0
2013-11-15,0.0,0.0,0.0,0.0,0.0,0.0,0.0,0.0,0,0
2013-11-18,0.0,0.0,0.0,0.0,0.0,0.0,0.0,0.0,0,0
2013-11-19,0.0,0.0,0.0,0.0,0.0,0.0,0.0,0.0,0,0
2013-11-20,0.0,0.0,0.0,0.0,0.0,0.0,0.0,0.0,0,0
2013-11-21,0.0,0.0,0.0,0.0,0.0,0.0,0.0,0.0,0,0
2013-11-22,0.0,0.0,0.0,0.0,0.0,0.0,0.0,0.0,0,0
2013-11-25,0.0,0.0,0.0,0.0,0.0,0.0,0.0,0.0,0,0
2013-11-26,0.0,0.0,0.0,0.0,0.0,0.0,0.0,0.0,0,0
2013-11-27,0.0,0.0,0.0,0.0,0.0,0.0,0.0,0.0,0,0
2013-11-29,0.0,0.0,0.0,0.0,0.0,0.0,0.0,0.0,0,0
2013-12-02,0.0,0.0,0.0,0.0,0.0,0.0,0.0,0.0,0,0
2013-12-03,-53897.28525392702,50000.00000000001,1984.126984126984,-105881.412238054,125000000.0,125000000.0,250000000.0,250000000.0,31,31
2013-12-04,104687.39299499078,100000.0,1984.126984126984,2703.266010863792,125000000.0,125000000.0,250000000.0,310666741.4850545,31,31
2013-12-05,504395.8479498441,99999.99999999999,1984.126984126984,402411.7209657171,124999999.99999999,125000000.0,250000000.0,295944535.44536835,30,30
2013-12-06,0.0,50000.00000000001,0.0,-50000.00000000001,0.0,0.0,0.0,250000000.0,0,0
2013-12-09,0.0,0.0,0.0,0.0,0.0,0.0,0.0,0.0,0,0
2013-12-10,0.0,0.0,0.0,0.0,0.0,0.0,0.0,0.0,0,0
2013-12-11,7238.495144307877,50000.00000000001,1984.1269841269839,-44745.631839819114,125000000.0,125000000.00000001,250000000.0,250000000.0,30,30
2013-12-12,0.0,50000.00000000001,0.0,-50000.00000000001,0.0,0.0,0.0,250000000.0,0,0
2013-12-13,0.0,0.0,0.0,0.0,0.0,0.0,0.0,0.0,0,0
2013-12-16,0.0,0.0,0.0,0.0,0.0,0.0,0.0,0.0,0,0
2013-12-17,0.0,0.0,0.0,0.0,0.0,0.0,0.0,0.0,0,0
2013-12-18,0.0,0.0,0.0,0.0,0.0,0.0,0.0,0.0,0,0
2013-12-19,0.0,0.0,0.0,0.0,0.0,0.0,0.0,0.0,0,0
2013-12-20,0.0,0.0,0.0,0.0,0.0,0.0,0.0,0.0,0,0
2013-12-23,0.0,0.0,0.0,0.0,0.0,0.0,0.0,0.0,0,0
2013-12-24,0.0,0.0,0.0,0.0,0.0,0.0,0.0,0.0,0,0
2013-12-26,0.0,0.0,0.0,0.0,0.0,0.0,0.0,0.0,0,0
2013-12-27,0.0,0.0,0.0,0.0,0.0,0.0,0.0,0.0,0,0
2013-12-30,0.0,0.0,0.0,0.0,0.0,0.0,0.0,0.0,0,0
2013-12-31,0.0,0.0,0.0,0.0,0.0,0.0,0.0,0.0,0,0
2014-01-02,0.0,0.0,0.0,0.0,0.0,0.0,0.0,0.0,0,0
2014-01-03,0.0,0.0,0.0,0.0,0.0,0.0,0.0,0.0,0,0
2014-01-06,0.0,0.0,0.0,0.0,0.0,0.0,0.0,0.0,0,0
2014-01-07,0.0,0.0,0.0,0.0,0.0,0.0,0.0,0.0,0,0
2014-01-08,396651.2917003959,49999.999999999985,1984.1269841269839,344667.1647162689,125000000.0,124999999.99999999,250000000.0,249999999.99999997,33,33
2014-01-09,0.0,49999.999999999985,0.0,-49999.999999999985,0.0,0.0,0.0,249999999.99999997,0,0
2014-01-10,0.0,0.0,0.0,0.0,0.0,0.0,0.0,0.0,0,0
2014-01-13,822642.2392242741,50000.00000000002,1984.1269841269846,770658.1122401471,125000000.0,125000000.0,250000000.0,250000000.0,34,34
2014-01-14,436342.732346243,100000.0,1984.1269841269843,334358.605362116,125000000.0,125000000.0,250000000.0,313566856.91334444,34,34
2014-01-15,0.0,50000.0,0.0,-50000.0,0.0,0.0,0.0,250000000.0,0,0
2014-01-16,0.0,0.0,0.0,0.0,0.0,0.0,0.0,0.0,0,0
2014-01-17,776759.5449110916,50000.000000000015,1984.1269841269846,724775.4179269646,124999999.99999999,125000000.0,250000000.0,250000000.0,33,33
2014-01-21,0.0,50000.000000000015,0.0,-50000.000000000015,0.0,0.0,0.0,250000000.0,0,0
2014-01-22,0.0,0.0,0.0,0.0,0.0,0.0,0.0,0.0,0,0
2014-01-23,-234902.08277978294,49999.99999999998,1984.1269841269836,-286886.2097639099,124999999.99999997,124999999.99999999,249999999.99999994,249999999.99999997,32,32
2014-01-24,78763.42082768677,99999.99999999994,1984.1269841269846,-23220.706156440156,125000000.0,125000000.0,250000000.0,291913249.1994551,33,33
2014-01-27,992719.6273584032,100000.0,1984.1269841269843,890735.5003742762,125000000.00000001,125000000.0,250000000.0,353158841.9377846,33,33
2014-01-28,-40978.84760636401,99999.99999999999,1984.1269841269843,-142962.97459049098,125000000.0,125000000.00000001,250000000.0,361474796.8535548,33,33
2014-01-29,1753847.3169492437,100000.00000000001,1984.1269841269846,1651863.1899651166,125000000.0,125000000.00000001,250000000.0,354141360.35761243,32,32
2014-01-30,0.0,50000.00000000001,0.0,-50000.00000000001,0.0,0.0,0.0,250000000.0,0,0
2014-01-31,423774.61353868194,50000.00000000001,1984.1269841269843,371790.48655455495,124999999.99999999,125000000.0,250000000.0,250000000.0,33,33
2014-02-03,0.0,50000.00000000001,0.0,-50000.00000000001,0.0,0.0,0.0,250000000.0,0,0
2014-02-04,0.0,0.0,0.0,0.0,0.0,0.0,0.0,0.0,0,0
2014-02-05,-170699.06802531157,49999.99999999999,1984.126984126984,-222683.19500943855,125000000.0,125000000.0,250000000.0,250000000.0,34,34
2014-02-06,0.0,49999.99999999999,0.0,-49999.99999999999,0.0,0.0,0.0,250000000.0,0,0
2014-02-07,0.0,0.0,0.0,0.0,0.0,0.0,0.0,0.0,0,0
2014-02-10,0.0,0.0,0.0,0.0,0.0,0.0,0.0,0.0,0,0
2014-02-11,0.0,0.0,0.0,0.0,0.0,0.0,0.0,0.0,0,0
2014-02-12,0.0,0.0,0.0,0.0,0.0,0.0,0.0,0.0,0,0
2014-02-13,334166.14685058914,50000.00000000001,1984.1269841269839,282182.01986646216,125000000.0,125000000.0,250000000.0,250000000.0,34,34
2014-02-14,0.0,50000.00000000001,0.0,-50000.00000000001,0.0,0.0,0.0,250000000.0,0,0
2014-02-18,0.0,0.0,0.0,0.0,0.0,0.0,0.0,0.0,0,0
2014-02-19,0.0,0.0,0.0,0.0,0.0,0.0,0.0,0.0,0,0
2014-02-20,0.0,0.0,0.0,0.0,0.0,0.0,0.0,0.0,0,0
2014-02-21,0.0,0.0,0.0,0.0,0.0,0.0,0.0,0.0,0,0
2014-02-24,0.0,0.0,0.0,0.0,0.0,0.0,0.0,0.0,0,0
2014-02-25,0.0,0.0,0.0,0.0,0.0,0.0,0.0,0.0,0,0
2014-02-26,0.0,0.0,0.0,0.0,0.0,0.0,0.0,0.0,0,0
2014-02-27,0.0,0.0,0.0,0.0,0.0,0.0,0.0,0.0,0,0
2014-02-28,0.0,0.0,0.0,0.0,0.0,0.0,0.0,0.0,0,0
2014-03-03,0.0,0.0,0.0,0.0,0.0,0.0,0.0,0.0,0,0
2014-03-04,0.0,0.0,0.0,0.0,0.0,0.0,0.0,0.0,0,0
2014-03-05,0.0,0.0,0.0,0.0,0.0,0.0,0.0,0.0,0,0
2014-03-06,0.0,0.0,0.0,0.0,0.0,0.0,0.0,0.0,0,0
2014-03-07,0.0,0.0,0.0,0.0,0.0,0.0,0.0,0.0,0,0
2014-03-10,0.0,0.0,0.0,0.0,0.0,0.0,0.0,0.0,0,0
2014-03-11,0.0,0.0,0.0,0.0,0.0,0.0,0.0,0.0,0,0
2014-03-12,476918.096924892,50000.0,1984.126984126984,424933.969940765,124999999.99999999,125000000.0,250000000.0,250000000.0,35,35
2014-03-13,0.0,50000.0,0.0,-50000.0,0.0,0.0,0.0,250000000.0,0,0
2014-03-14,542066.4447830525,50000.0,1984.126984126984,490082.31779892556,125000000.00000001,125000000.0,250000000.0,250000000.0,36,36
2014-03-17,0.0,50000.0,0.0,-50000.0,0.0,0.0,0.0,250000000.0,0,0
2014-03-18,0.0,0.0,0.0,0.0,0.0,0.0,0.0,0.0,0,0
2014-03-19,0.0,0.0,0.0,0.0,0.0,0.0,0.0,0.0,0,0
2014-03-20,0.0,0.0,0.0,0.0,0.0,0.0,0.0,0.0,0,0
2014-03-21,0.0,0.0,0.0,0.0,0.0,0.0,0.0,0.0,0,0
2014-03-24,0.0,0.0,0.0,0.0,0.0,0.0,0.0,0.0,0,0
2014-03-25,0.0,0.0,0.0,0.0,0.0,0.0,0.0,0.0,0,0
2014-03-26,0.0,0.0,0.0,0.0,0.0,0.0,0.0,0.0,0,0
2014-03-27,0.0,0.0,0.0,0.0,0.0,0.0,0.0,0.0,0,0
2014-03-28,0.0,0.0,0.0,0.0,0.0,0.0,0.0,0.0,0,0
2014-03-31,0.0,0.0,0.0,0.0,0.0,0.0,0.0,0.0,0,0
2014-04-01,159907.39214687215,49999.99999999999,1984.1269841269843,107923.26516274517,124999999.99999999,125000000.0,250000000.0,249999999.99999997,35,35
2014-04-02,138998.68553160958,100000.00000000001,1984.1269841269846,37014.55854748258,124999999.99999999,125000000.00000003,250000000.0,316882657.3609489,35,35
2014-04-03,0.0,50000.000000000015,0.0,-50000.000000000015,0.0,0.0,0.0,250000000.00000003,0,0
2014-04-04,0.0,0.0,0.0,0.0,0.0,0.0,0.0,0.0,0,0
2014-04-07,560588.9459799797,50000.00000000001,1984.126984126984,508604.8189958527,125000000.00000001,125000000.00000001,250000000.00000003,250000000.00000003,35,35
2014-04-08,1050154.9908133715,100000.00000000001,1984.126984126984,948170.8638292445,125000000.0,124999999.99999999,250000000.0,337252501.88747084,35,35
2014-04-09,143284.57847977366,102237.76865360094,1984.1269841269843,39062.68284204573,124999999.99999999,125000000.00000001,250000000.0,294809359.412906,35,35
2014-04-10,-771407.7000117025,100000.00000000004,1984.1269841269839,-873391.8269958295,124999999.99999999,125000000.0,250000000.0,322765499.88236886,35,35
2014-04-11,838847.7574177764,99999.99999999999,1984.1269841269843,736863.6304336494,125000000.00000001,125000000.0,250000000.0,333788499.6412598,35,35
2014-04-14,0.0,49999.99999999999,0.0,-49999.99999999999,0.0,0.0,0.0,250000000.0,0,0
2014-04-15,936487.3148766644,50000.00000000003,1984.1269841269839,884503.1878925374,125000000.0,125000000.00000001,250000000.0,250000000.00000003,35,35
2014-04-16,0.0,50000.00000000003,0.0,-50000.00000000003,0.0,0.0,0.0,250000000.00000003,0,0
2014-04-17,517237.3342899714,50000.00000000001,1984.126984126984,465253.2073058444,125000000.0,125000000.0,250000000.0,250000000.0,34,34
2014-04-21,348930.93496888044,102915.01048461214,1984.1269841269839,244031.7975001413,125000000.0,125000000.0,250000000.0,391133543.2660227,34,34
2014-04-22,363740.4496204637,101355.04045491498,1984.1269841269839,260401.28218142176,124999999.99999999,125000000.00000001,250000000.0,323074435.2338777,33,33
2014-04-23,0.0,50000.00000000002,0.0,-50000.00000000002,0.0,0.0,0.0,250000000.0,0,0
2014-04-24,-702430.0936625564,50000.00000000001,1984.1269841269843,-754414.2206466834,125000000.0,125000000.00000001,250000000.0,250000000.0,32,32
2014-04-25,330680.36745449813,105240.70738458834,1984.1269841269843,223455.5330857828,125000000.00000001,125000000.00000001,250000000.00000003,366186013.53365093,32,32
2014-04-28,0.0,49999.99999999999,0.0,-49999.99999999999,0.0,0.0,0.0,250000000.00000003,0,0
2014-04-29,-519406.2622152156,49999.99999999999,1984.1269841269836,-571390.3891993426,124999999.99999999,124999999.99999999,249999999.99999997,249999999.99999997,33,33
2014-04-30,381378.12606318155,99999.99999999994,1984.126984126984,279393.9990790546,125000000.00000001,125000000.0,250000000.0,393378711.8996213,31,31
2014-05-01,0.0,50000.00000000001,0.0,-50000.00000000001,0.0,0.0,0.0,250000000.00000003,0,0
2014-05-02,0.0,0.0,0.0,0.0,0.0,0.0,0.0,0.0,0,0
2014-05-05,52486.07614844293,49999.999999999985,1984.1269841269843,501.9491643159615,124999999.99999999,125000000.0,250000000.0,249999999.99999997,34,34
2014-05-06,0.0,49999.999999999985,0.0,-49999.999999999985,0.0,0.0,0.0,249999999.99999997,0,0
2014-05-07,0.0,0.0,0.0,0.0,0.0,0.0,0.0,0.0,0,0
2014-05-08,-528204.8842876639,49999.99999999999,1984.126984126984,-580189.0112717908,125000000.0,125000000.0,250000000.0,250000000.0,33,33
2014-05-09,0.0,49999.99999999999,0.0,-49999.99999999999,0.0,0.0,0.0,250000000.0,0,0
2014-05-12,0.0,0.0,0.0,0.0,0.0,0.0,0.0,0.0,0,0
2014-05-13,0.0,0.0,0.0,0.0,0.0,0.0,0.0,0.0,0,0
2014-05-14,0.0,0.0,0.0,0.0,0.0,0.0,0.0,0.0,0,0
2014-05-15,173370.03971042205,50000.000000000015,1984.1269841269843,121385.91272629505,125000000.0,125000000.0,250000000.0,250000000.0,35,35
2014-05-16,0.0,50000.000000000015,0.0,-50000.000000000015,0.0,0.0,0.0,250000000.0,0,0
2014-05-19,0.0,0.0,0.0,0.0,0.0,0.0,0.0,0.0,0,0
2014-05-20,0.0,0.0,0.0,0.0,0.0,0.0,0.0,0.0,0,0
2014-05-21,0.0,0.0,0.0,0.0,0.0,0.0,0.0,0.0,0,0
2014-05-22,0.0,0.0,0.0,0.0,0.0,0.0,0.0,0.0,0,0
2014-05-23,0.0,0.0,0.0,0.0,0.0,0.0,0.0,0.0,0,0
2014-05-27,0.0,0.0,0.0,0.0,0.0,0.0,0.0,0.0,0,0
2014-05-28,0.0,0.0,0.0,0.0,0.0,0.0,0.0,0.0,0,0
2014-05-29,0.0,0.0,0.0,0.0,0.0,0.0,0.0,0.0,0,0
2014-05-30,0.0,0.0,0.0,0.0,0.0,0.0,0.0,0.0,0,0
2014-06-02,0.0,0.0,0.0,0.0,0.0,0.0,0.0,0.0,0,0
2014-06-03,-334709.38579467084,49999.999999999985,1984.126984126984,-386693.5127787978,124999999.99999999,125000000.0,250000000.0,250000000.0,34,34
2014-06-04,365069.8986792688,99999.99999999996,1984.1269841269843,263085.77169514186,125000000.0,124999999.99999997,249999999.99999997,346804142.14959735,34,34
2014-06-05,0.0,50000.00000000001,0.0,-50000.00000000001,0.0,0.0,0.0,249999999.99999997,0,0
2014-06-06,0.0,0.0,0.0,0.0,0.0,0.0,0.0,0.0,0,0
2014-06-09,0.0,0.0,0.0,0.0,0.0,0.0,0.0,0.0,0,0
2014-06-10,0.0,0.0,0.0,0.0,0.0,0.0,0.0,0.0,0,0
2014-06-11,25655.841699855762,50000.00000000001,1984.1269841269839,-26328.285284271227,125000000.0,124999999.99999999,250000000.0,250000000.0,34,34
2014-06-12,0.0,50000.00000000001,0.0,-50000.00000000001,0.0,0.0,0.0,250000000.0,0,0
2014-06-13,0.0,0.0,0.0,0.0,0.0,0.0,0.0,0.0,0,0
2014-06-16,296549.2196495644,49999.99999999999,1984.1269841269836,244565.09266543743,125000000.0,125000000.0,250000000.0,250000000.0,33,33
2014-06-17,244540.54861616125,101272.17516746663,1984.1269841269834,141284.24646456764,125000000.00000001,124999999.99999997,250000000.0,309805479.81137764,33,33
2014-06-18,0.0,50000.0,0.0,-50000.0,0.0,0.0,0.0,250000000.0,0,0
2014-06-19,0.0,0.0,0.0,0.0,0.0,0.0,0.0,0.0,0,0
2014-06-20,0.0,0.0,0.0,0.0,0.0,0.0,0.0,0.0,0,0
2014-06-23,0.0,0.0,0.0,0.0,0.0,0.0,0.0,0.0,0,0
2014-06-24,206858.40113032222,49999.99999999998,1984.1269841269836,154874.27414619527,125000000.0,125000000.0,250000000.0,250000000.0,33,33
2014-06-25,326289.3832743805,99999.99999999999,1984.1269841269848,224305.25629025354,125000000.0,125000000.00000001,250000000.0,335922527.48256975,33,33
2014-06-26,6984.885491240373,100000.0,1984.126984126984,-94999.2414928866,124999999.99999999,125000000.00000001,250000000.0,383160785.57789534,33,33
2014-06-27,412742.7606635594,99999.99999999999,1984.1269841269836,310758.63367943245,125000000.0,125000000.0,250000000.0,348262688.2559773,33,33
2014-06-30,0.0,49999.99999999999,0.0,-49999.99999999999,0.0,0.0,0.0,250000000.0,0,0
2014-07-01,0.0,0.0,0.0,0.0,0.0,0.0,0.0,0.0,0,0
2014-07-02,0.0,0.0,0.0,0.0,0.0,0.0,0.0,0.0,0,0
2014-07-03,0.0,0.0,0.0,0.0,0.0,0.0,0.0,0.0,0,0
2014-07-07,0.0,0.0,0.0,0.0,0.0,0.0,0.0,0.0,0,0
2014-07-08,239566.0875904419,49999.99999999999,1984.1269841269832,187581.9606063149,125000000.00000001,124999999.99999999,250000000.0,250000000.0,34,34
2014-07-09,-1188125.6239242002,100000.00000000006,1984.126984126984,-1290109.7509083273,125000000.0,124999999.99999999,250000000.0,348884499.3795542,34,34
2014-07-10,345324.4155120874,100000.00000000003,1984.126984126984,243340.2885279604,124999999.99999999,125000000.0,250000000.0,290734370.25966287,34,34
2014-07-11,676924.4736471315,100000.00000000003,1984.1269841269843,574940.3466630045,125000000.0,125000000.0,250000000.0,301492595.1978598,34,34
2014-07-14,0.0,50000.0,0.0,-50000.0,0.0,0.0,0.0,250000000.0,0,0
2014-07-15,0.0,0.0,0.0,0.0,0.0,0.0,0.0,0.0,0,0
2014-07-16,0.0,0.0,0.0,0.0,0.0,0.0,0.0,0.0,0,0
2014-07-17,249249.82228481703,49999.99999999999,1984.126984126984,197265.69530069004,125000000.0,125000000.00000001,250000000.0,250000000.0,33,33
2014-07-18,0.0,49999.99999999999,0.0,-49999.99999999999,0.0,0.0,0.0,250000000.0,0,0
2014-07-21,636698.5852203341,49999.999999999985,1984.126984126984,584714.4582362071,125000000.0,124999999.99999999,250000000.0,250000000.0,33,33
2014-07-22,0.0,49999.999999999985,0.0,-49999.999999999985,0.0,0.0,0.0,250000000.0,0,0
2014-07-23,0.0,0.0,0.0,0.0,0.0,0.0,0.0,0.0,0,0
2014-07-24,0.0,0.0,0.0,0.0,0.0,0.0,0.0,0.0,0,0
2014-07-25,391267.9525722246,50000.0,1984.1269841269834,339283.8255880976,124999999.99999999,124999999.99999999,249999999.99999997,249999999.99999997,32,32
2014-07-28,0.0,50000.0,0.0,-50000.0,0.0,0.0,0.0,249999999.99999997,0,0
2014-07-29,0.0,0.0,0.0,0.0,0.0,0.0,0.0,0.0,0,0
2014-07-30,0.0,0.0,0.0,0.0,0.0,0.0,0.0,0.0,0,0
2014-07-31,-150012.61862672635,50000.00000000001,1984.1269841269843,-201996.74561085334,125000000.0,125000000.0,250000000.0,250000000.0,29,29
2014-08-01,0.0,50000.00000000001,0.0,-50000.00000000001,0.0,0.0,0.0,250000000.0,0,0
2014-08-04,0.0,0.0,0.0,0.0,0.0,0.0,0.0,0.0,0,0
2014-08-05,-769701.6754320376,50000.00000000001,1984.126984126984,-821685.8024161645,125000000.0,124999999.99999999,250000000.0,249999999.99999997,33,33
2014-08-06,524362.8110442365,100000.0,1984.1269841269848,422378.68406010955,125000000.0,125000000.0,250000000.0,301456065.7507381,33,33
2014-08-07,0.0,49999.99999999999,0.0,-49999.99999999999,0.0,0.0,0.0,250000000.0,0,0
2014-08-08,0.0,0.0,0.0,0.0,0.0,0.0,0.0,0.0,0,0
2014-08-11,0.0,0.0,0.0,0.0,0.0,0.0,0.0,0.0,0,0
2014-08-12,0.0,0.0,0.0,0.0,0.0,0.0,0.0,0.0,0,0
2014-08-13,0.0,0.0,0.0,0.0,0.0,0.0,0.0,0.0,0,0
2014-08-14,0.0,0.0,0.0,0.0,0.0,0.0,0.0,0.0,0,0
2014-08-15,0.0,0.0,0.0,0.0,0.0,0.0,0.0,0.0,0,0
2014-08-18,0.0,0.0,0.0,0.0,0.0,0.0,0.0,0.0,0,0
2014-08-19,0.0,0.0,0.0,0.0,0.0,0.0,0.0,0.0,0,0
2014-08-20,0.0,0.0,0.0,0.0,0.0,0.0,0.0,0.0,0,0
2014-08-21,0.0,0.0,0.0,0.0,0.0,0.0,0.0,0.0,0,0
2014-08-22,0.0,0.0,0.0,0.0,0.0,0.0,0.0,0.0,0,0
2014-08-25,0.0,0.0,0.0,0.0,0.0,0.0,0.0,0.0,0,0
2014-08-26,0.0,0.0,0.0,0.0,0.0,0.0,0.0,0.0,0,0
2014-08-27,0.0,0.0,0.0,0.0,0.0,0.0,0.0,0.0,0,0
2014-08-28,0.0,0.0,0.0,0.0,0.0,0.0,0.0,0.0,0,0
2014-08-29,0.0,0.0,0.0,0.0,0.0,0.0,0.0,0.0,0,0
2014-09-02,0.0,0.0,0.0,0.0,0.0,0.0,0.0,0.0,0,0
2014-09-03,0.0,0.0,0.0,0.0,0.0,0.0,0.0,0.0,0,0
2014-09-04,0.0,0.0,0.0,0.0,0.0,0.0,0.0,0.0,0,0
2014-09-05,17362.13338401304,49999.999999999985,1984.1269841269848,-34621.99360011393,125000000.0,125000000.0,250000000.0,250000000.0,32,32
2014-09-08,-2999.852137230007,99999.99999999994,1984.1269841269836,-104983.97912135693,125000000.0,125000000.0,250000000.0,302862901.3088127,32,32
2014-09-09,0.0,50000.0,0.0,-50000.0,0.0,0.0,0.0,250000000.0,0,0
2014-09-10,0.0,0.0,0.0,0.0,0.0,0.0,0.0,0.0,0,0
2014-09-11,0.0,0.0,0.0,0.0,0.0,0.0,0.0,0.0,0,0
2014-09-12,0.0,0.0,0.0,0.0,0.0,0.0,0.0,0.0,0,0
2014-09-15,0.0,0.0,0.0,0.0,0.0,0.0,0.0,0.0,0,0
2014-09-16,158348.7503333525,49999.99999999999,1984.126984126984,106364.62334922553,125000000.0,125000000.0,250000000.0,250000000.0,31,31
2014-09-17,0.0,49999.99999999999,0.0,-49999.99999999999,0.0,0.0,0.0,250000000.0,0,0
2014-09-18,0.0,0.0,0.0,0.0,0.0,0.0,0.0,0.0,0,0
2014-09-19,0.0,0.0,0.0,0.0,0.0,0.0,0.0,0.0,0,0
2014-09-22,-342443.6411970233,50000.0,1984.1269841269846,-394427.76818115026,125000000.0,125000000.0,250000000.0,250000000.0,33,33
2014-09-23,399091.01884265593,99999.99999999999,1984.1269841269846,297106.89185852895,125000000.00000001,125000000.00000001,250000000.00000003,359996255.4258127,33,33
2014-09-24,-40170.04365872169,100000.0000000001,1984.1269841269836,-142154.17064284877,124999999.99999999,125000000.0,250000000.0,293450623.06034666,33,33
2014-09-25,0.0,49999.99999999999,0.0,-49999.99999999999,0.0,0.0,0.0,249999999.99999997,0,0
2014-09-26,-575749.4173065646,50000.000000000015,1984.1269841269846,-627733.5442906916,125000000.0,125000000.00000001,250000000.0,250000000.00000003,33,33
2014-09-29,188472.00212922148,100000.00000000003,1984.1269841269839,86487.87514509447,125000000.0,124999999.99999999,250000000.0,326731231.4950453,33,33
2014-09-30,0.0,49999.999999999985,0.0,-49999.999999999985,0.0,0.0,0.0,250000000.0,0,0
2014-10-01,0.0,0.0,0.0,0.0,0.0,0.0,0.0,0.0,0,0
2014-10-02,0.0,0.0,0.0,0.0,0.0,0.0,0.0,0.0,0,0
2014-10-03,0.0,0.0,0.0,0.0,0.0,0.0,0.0,0.0,0,0
2014-10-06,0.0,0.0,0.0,0.0,0.0,0.0,0.0,0.0,0,0
2014-10-07,-132085.0623730951,49999.99999999999,1984.1269841269839,-184069.1893572221,124999999.99999999,124999999.99999999,249999999.99999997,249999999.99999997,34,34
2014-10-08,0.0,49999.99999999999,0.0,-49999.99999999999,0.0,0.0,0.0,249999999.99999997,0,0
2014-10-09,0.0,0.0,0.0,0.0,0.0,0.0,0.0,0.0,0,0
2014-10-10,0.0,0.0,0.0,0.0,0.0,0.0,0.0,0.0,0,0
2014-10-13,0.0,0.0,0.0,0.0,0.0,0.0,0.0,0.0,0,0
2014-10-14,0.0,0.0,0.0,0.0,0.0,0.0,0.0,0.0,0,0
2014-10-15,-790943.9162809184,50000.00000000001,1984.126984126984,-842928.0432650454,125000000.0,124999999.99999999,250000000.0,249999999.99999997,34,34
2014-10-16,400142.5298858352,99999.99999999997,1984.1269841269836,298158.40290170826,125000000.0,125000000.0,250000000.0,372195869.70177794,34,34
2014-10-17,0.0,50000.0,0.0,-50000.0,0.0,0.0,0.0,250000000.0,0,0
2014-10-20,0.0,0.0,0.0,0.0,0.0,0.0,0.0,0.0,0,0
2014-10-21,0.0,0.0,0.0,0.0,0.0,0.0,0.0,0.0,0,0
2014-10-22,0.0,0.0,0.0,0.0,0.0,0.0,0.0,0.0,0,0
2014-10-23,0.0,0.0,0.0,0.0,0.0,0.0,0.0,0.0,0,0
2014-10-24,0.0,0.0,0.0,0.0,0.0,0.0,0.0,0.0,0,0
2014-10-27,0.0,0.0,0.0,0.0,0.0,0.0,0.0,0.0,0,0
2014-10-28,0.0,0.0,0.0,0.0,0.0,0.0,0.0,0.0,0,0
2014-10-29,0.0,0.0,0.0,0.0,0.0,0.0,0.0,0.0,0,0
2014-10-30,0.0,0.0,0.0,0.0,0.0,0.0,0.0,0.0,0,0
2014-10-31,0.0,0.0,0.0,0.0,0.0,0.0,0.0,0.0,0,0
2014-11-03,0.0,0.0,0.0,0.0,0.0,0.0,0.0,0.0,0,0
2014-11-04,0.0,0.0,0.0,0.0,0.0,0.0,0.0,0.0,0,0
2014-11-05,0.0,0.0,0.0,0.0,0.0,0.0,0.0,0.0,0,0
2014-11-06,0.0,0.0,0.0,0.0,0.0,0.0,0.0,0.0,0,0
2014-11-07,0.0,0.0,0.0,0.0,0.0,0.0,0.0,0.0,0,0
2014-11-10,0.0,0.0,0.0,0.0,0.0,0.0,0.0,0.0,0,0
2014-11-11,0.0,0.0,0.0,0.0,0.0,0.0,0.0,0.0,0,0
2014-11-12,0.0,0.0,0.0,0.0,0.0,0.0,0.0,0.0,0,0
2014-11-13,0.0,0.0,0.0,0.0,0.0,0.0,0.0,0.0,0,0
2014-11-14,0.0,0.0,0.0,0.0,0.0,0.0,0.0,0.0,0,0
2014-11-17,0.0,0.0,0.0,0.0,0.0,0.0,0.0,0.0,0,0
2014-11-18,0.0,0.0,0.0,0.0,0.0,0.0,0.0,0.0,0,0
2014-11-19,0.0,0.0,0.0,0.0,0.0,0.0,0.0,0.0,0,0
2014-11-20,0.0,0.0,0.0,0.0,0.0,0.0,0.0,0.0,0,0
2014-11-21,0.0,0.0,0.0,0.0,0.0,0.0,0.0,0.0,0,0
2014-11-24,0.0,0.0,0.0,0.0,0.0,0.0,0.0,0.0,0,0
2014-11-25,0.0,0.0,0.0,0.0,0.0,0.0,0.0,0.0,0,0
2014-11-26,0.0,0.0,0.0,0.0,0.0,0.0,0.0,0.0,0,0
2014-11-28,0.0,0.0,0.0,0.0,0.0,0.0,0.0,0.0,0,0
2014-12-01,-378036.947460404,49999.99999999999,1984.1269841269839,-430021.074444531,124999999.99999997,125000000.0,249999999.99999997,249999999.99999997,34,34
2014-12-02,0.0,49999.99999999999,0.0,-49999.99999999999,0.0,0.0,0.0,249999999.99999997,0,0
2014-12-03,-891815.8746667132,50000.00000000001,1984.126984126984,-943800.0016508402,125000000.0,124999999.99999999,250000000.0,250000000.0,33,33
2014-12-04,0.0,50000.00000000001,0.0,-50000.00000000001,0.0,0.0,0.0,250000000.0,0,0
2014-12-05,0.0,0.0,0.0,0.0,0.0,0.0,0.0,0.0,0,0
2014-12-08,-609723.6864401683,49999.99999999999,1984.126984126984,-661707.8134242953,125000000.0,125000000.0,250000000.0,250000000.0,34,34
2014-12-09,-21540.398229433722,100514.82998298317,1984.126984126984,-124039.35519654387,125000000.00000001,124999999.99999999,250000000.0,334750498.89568126,33,33
2014-12-10,119435.2600951067,100514.82998298318,1984.1269841269839,16936.303127996536,124999999.99999999,125000000.0,250000000.0,344307044.3071798,33,33
2014-12-11,0.0,50000.00000000001,0.0,-50000.00000000001,0.0,0.0,0.0,250000000.0,0,0
2014-12-12,490210.1264549235,50000.000000000015,1984.1269841269843,438225.9994707965,125000000.0,125000000.00000001,250000000.0,250000000.0,33,33
2014-12-15,0.0,50000.000000000015,0.0,-50000.000000000015,0.0,0.0,0.0,250000000.0,0,0
2014-12-16,-60723.28838146452,50000.0,1984.1269841269843,-112707.4153655915,124999999.99999997,125000000.0,249999999.99999997,249999999.99999997,34,34
2014-12-17,0.0,50000.0,0.0,-50000.0,0.0,0.0,0.0,249999999.99999997,0,0
2014-12-18,0.0,0.0,0.0,0.0,0.0,0.0,0.0,0.0,0,0
2014-12-19,0.0,0.0,0.0,0.0,0.0,0.0,0.0,0.0,0,0
2014-12-22,0.0,0.0,0.0,0.0,0.0,0.0,0.0,0.0,0,0
2014-12-23,0.0,0.0,0.0,0.0,0.0,0.0,0.0,0.0,0,0
2014-12-24,0.0,0.0,0.0,0.0,0.0,0.0,0.0,0.0,0,0
2014-12-26,0.0,0.0,0.0,0.0,0.0,0.0,0.0,0.0,0,0
2014-12-29,0.0,0.0,0.0,0.0,0.0,0.0,0.0,0.0,0,0
2014-12-30,0.0,0.0,0.0,0.0,0.0,0.0,0.0,0.0,0,0
2014-12-31,0.0,0.0,0.0,0.0,0.0,0.0,0.0,0.0,0,0
2015-01-02,0.0,0.0,0.0,0.0,0.0,0.0,0.0,0.0,0,0
2015-01-05,-48833.939251782576,50000.00000000001,1984.126984126984,-100818.06623590956,125000000.00000001,125000000.0,250000000.0,250000000.0,36,36
2015-01-06,0.0,50000.00000000001,0.0,-50000.00000000001,0.0,0.0,0.0,250000000.0,0,0
2015-01-07,0.0,0.0,0.0,0.0,0.0,0.0,0.0,0.0,0,0
2015-01-08,0.0,0.0,0.0,0.0,0.0,0.0,0.0,0.0,0,0
2015-01-09,0.0,0.0,0.0,0.0,0.0,0.0,0.0,0.0,0,0
2015-01-12,0.0,0.0,0.0,0.0,0.0,0.0,0.0,0.0,0,0
2015-01-13,0.0,0.0,0.0,0.0,0.0,0.0,0.0,0.0,0,0
2015-01-14,87232.8882678293,50000.00000000001,1984.1269841269839,35248.76128370231,124999999.99999999,125000000.0,250000000.0,249999999.99999997,36,36
2015-01-15,0.0,50000.00000000001,0.0,-50000.00000000001,0.0,0.0,0.0,249999999.99999997,0,0
2015-01-16,-187626.69748861433,49999.99999999999,1984.1269841269836,-239610.8244727413,124999999.99999999,124999999.99999999,249999999.99999997,249999999.99999997,35,35
2015-01-20,0.0,49999.99999999999,0.0,-49999.99999999999,0.0,0.0,0.0,249999999.99999997,0,0
2015-01-21,494704.14562787884,49999.99999999999,1984.1269841269843,442720.01864375186,124999999.99999999,125000000.00000001,250000000.0,250000000.0,34,34
2015-01-22,0.0,49999.99999999999,0.0,-49999.99999999999,0.0,0.0,0.0,250000000.0,0,0
2015-01-23,0.0,0.0,0.0,0.0,0.0,0.0,0.0,0.0,0,0
2015-01-26,0.0,0.0,0.0,0.0,0.0,0.0,0.0,0.0,0,0
2015-01-27,0.0,0.0,0.0,0.0,0.0,0.0,0.0,0.0,0,0
2015-01-28,0.0,0.0,0.0,0.0,0.0,0.0,0.0,0.0,0,0
2015-01-29,0.0,0.0,0.0,0.0,0.0,0.0,0.0,0.0,0,0
2015-01-30,1242816.6623289078,49999.999999999985,1984.126984126984,1190832.5353447807,124999999.99999999,125000000.0,250000000.0,250000000.0,32,32
2015-02-02,0.0,49999.999999999985,0.0,-49999.999999999985,0.0,0.0,0.0,250000000.0,0,0
2015-02-03,0.0,0.0,0.0,0.0,0.0,0.0,0.0,0.0,0,0
2015-02-04,0.0,0.0,0.0,0.0,0.0,0.0,0.0,0.0,0,0
2015-02-05,0.0,0.0,0.0,0.0,0.0,0.0,0.0,0.0,0,0
2015-02-06,0.0,0.0,0.0,0.0,0.0,0.0,0.0,0.0,0,0
2015-02-09,0.0,0.0,0.0,0.0,0.0,0.0,0.0,0.0,0,0
2015-02-10,0.0,0.0,0.0,0.0,0.0,0.0,0.0,0.0,0,0
2015-02-11,0.0,0.0,0.0,0.0,0.0,0.0,0.0,0.0,0,0
2015-02-12,0.0,0.0,0.0,0.0,0.0,0.0,0.0,0.0,0,0
2015-02-13,0.0,0.0,0.0,0.0,0.0,0.0,0.0,0.0,0,0
2015-02-17,0.0,0.0,0.0,0.0,0.0,0.0,0.0,0.0,0,0
2015-02-18,0.0,0.0,0.0,0.0,0.0,0.0,0.0,0.0,0,0
2015-02-19,0.0,0.0,0.0,0.0,0.0,0.0,0.0,0.0,0,0
2015-02-20,0.0,0.0,0.0,0.0,0.0,0.0,0.0,0.0,0,0
2015-02-23,0.0,0.0,0.0,0.0,0.0,0.0,0.0,0.0,0,0
2015-02-24,0.0,0.0,0.0,0.0,0.0,0.0,0.0,0.0,0,0
2015-02-25,0.0,0.0,0.0,0.0,0.0,0.0,0.0,0.0,0,0
2015-02-26,0.0,0.0,0.0,0.0,0.0,0.0,0.0,0.0,0,0
2015-02-27,0.0,0.0,0.0,0.0,0.0,0.0,0.0,0.0,0,0
2015-03-02,0.0,0.0,0.0,0.0,0.0,0.0,0.0,0.0,0,0
2015-03-03,0.0,0.0,0.0,0.0,0.0,0.0,0.0,0.0,0,0
2015-03-04,0.0,0.0,0.0,0.0,0.0,0.0,0.0,0.0,0,0
2015-03-05,0.0,0.0,0.0,0.0,0.0,0.0,0.0,0.0,0,0
2015-03-06,0.0,0.0,0.0,0.0,0.0,0.0,0.0,0.0,0,0
2015-03-09,0.0,0.0,0.0,0.0,0.0,0.0,0.0,0.0,0,0
2015-03-10,0.0,0.0,0.0,0.0,0.0,0.0,0.0,0.0,0,0
2015-03-11,0.0,0.0,0.0,0.0,0.0,0.0,0.0,0.0,0,0
2015-03-12,0.0,0.0,0.0,0.0,0.0,0.0,0.0,0.0,0,0
2015-03-13,0.0,0.0,0.0,0.0,0.0,0.0,0.0,0.0,0,0
2015-03-16,0.0,0.0,0.0,0.0,0.0,0.0,0.0,0.0,0,0
2015-03-17,0.0,0.0,0.0,0.0,0.0,0.0,0.0,0.0,0,0
2015-03-18,0.0,0.0,0.0,0.0,0.0,0.0,0.0,0.0,0,0
2015-03-19,0.0,0.0,0.0,0.0,0.0,0.0,0.0,0.0,0,0
2015-03-20,0.0,0.0,0.0,0.0,0.0,0.0,0.0,0.0,0,0
2015-03-23,0.0,0.0,0.0,0.0,0.0,0.0,0.0,0.0,0,0
2015-03-24,0.0,0.0,0.0,0.0,0.0,0.0,0.0,0.0,0,0
2015-03-25,0.0,0.0,0.0,0.0,0.0,0.0,0.0,0.0,0,0
2015-03-26,0.0,0.0,0.0,0.0,0.0,0.0,0.0,0.0,0,0
2015-03-27,0.0,0.0,0.0,0.0,0.0,0.0,0.0,0.0,0,0
2015-03-30,0.0,0.0,0.0,0.0,0.0,0.0,0.0,0.0,0,0
2015-03-31,0.0,0.0,0.0,0.0,0.0,0.0,0.0,0.0,0,0
2015-04-01,0.0,0.0,0.0,0.0,0.0,0.0,0.0,0.0,0,0
2015-04-02,0.0,0.0,0.0,0.0,0.0,0.0,0.0,0.0,0,0
2015-04-06,0.0,0.0,0.0,0.0,0.0,0.0,0.0,0.0,0,0
2015-04-07,0.0,0.0,0.0,0.0,0.0,0.0,0.0,0.0,0,0
2015-04-08,0.0,0.0,0.0,0.0,0.0,0.0,0.0,0.0,0,0
2015-04-09,0.0,0.0,0.0,0.0,0.0,0.0,0.0,0.0,0,0
2015-04-10,0.0,0.0,0.0,0.0,0.0,0.0,0.0,0.0,0,0
2015-04-13,0.0,0.0,0.0,0.0,0.0,0.0,0.0,0.0,0,0
2015-04-14,0.0,0.0,0.0,0.0,0.0,0.0,0.0,0.0,0,0
2015-04-15,0.0,0.0,0.0,0.0,0.0,0.0,0.0,0.0,0,0
2015-04-16,0.0,0.0,0.0,0.0,0.0,0.0,0.0,0.0,0,0
2015-04-17,0.0,0.0,0.0,0.0,0.0,0.0,0.0,0.0,0,0
2015-04-20,0.0,0.0,0.0,0.0,0.0,0.0,0.0,0.0,0,0
2015-04-21,0.0,0.0,0.0,0.0,0.0,0.0,0.0,0.0,0,0
2015-04-22,0.0,0.0,0.0,0.0,0.0,0.0,0.0,0.0,0,0
2015-04-23,0.0,0.0,0.0,0.0,0.0,0.0,0.0,0.0,0,0
2015-04-24,0.0,0.0,0.0,0.0,0.0,0.0,0.0,0.0,0,0
2015-04-27,0.0,0.0,0.0,0.0,0.0,0.0,0.0,0.0,0,0
2015-04-28,0.0,0.0,0.0,0.0,0.0,0.0,0.0,0.0,0,0
2015-04-29,0.0,0.0,0.0,0.0,0.0,0.0,0.0,0.0,0,0
2015-04-30,0.0,0.0,0.0,0.0,0.0,0.0,0.0,0.0,0,0
2015-05-01,0.0,0.0,0.0,0.0,0.0,0.0,0.0,0.0,0,0
2015-05-04,0.0,0.0,0.0,0.0,0.0,0.0,0.0,0.0,0,0
2015-05-05,0.0,0.0,0.0,0.0,0.0,0.0,0.0,0.0,0,0
2015-05-06,0.0,0.0,0.0,0.0,0.0,0.0,0.0,0.0,0,0
2015-05-07,0.0,0.0,0.0,0.0,0.0,0.0,0.0,0.0,0,0
2015-05-08,0.0,0.0,0.0,0.0,0.0,0.0,0.0,0.0,0,0
2015-05-11,0.0,0.0,0.0,0.0,0.0,0.0,0.0,0.0,0,0
2015-05-12,0.0,0.0,0.0,0.0,0.0,0.0,0.0,0.0,0,0
2015-05-13,0.0,0.0,0.0,0.0,0.0,0.0,0.0,0.0,0,0
2015-05-14,0.0,0.0,0.0,0.0,0.0,0.0,0.0,0.0,0,0
2015-05-15,0.0,0.0,0.0,0.0,0.0,0.0,0.0,0.0,0,0
2015-05-18,0.0,0.0,0.0,0.0,0.0,0.0,0.0,0.0,0,0
2015-05-19,0.0,0.0,0.0,0.0,0.0,0.0,0.0,0.0,0,0
2015-05-20,0.0,0.0,0.0,0.0,0.0,0.0,0.0,0.0,0,0
2015-05-21,0.0,0.0,0.0,0.0,0.0,0.0,0.0,0.0,0,0
2015-05-22,0.0,0.0,0.0,0.0,0.0,0.0,0.0,0.0,0,0
2015-05-26,0.0,0.0,0.0,0.0,0.0,0.0,0.0,0.0,0,0
2015-05-27,0.0,0.0,0.0,0.0,0.0,0.0,0.0,0.0,0,0
2015-05-28,0.0,0.0,0.0,0.0,0.0,0.0,0.0,0.0,0,0
2015-05-29,0.0,0.0,0.0,0.0,0.0,0.0,0.0,0.0,0,0
2015-06-01,0.0,0.0,0.0,0.0,0.0,0.0,0.0,0.0,0,0
2015-06-02,0.0,0.0,0.0,0.0,0.0,0.0,0.0,0.0,0,0
2015-06-03,0.0,0.0,0.0,0.0,0.0,0.0,0.0,0.0,0,0
2015-06-04,0.0,0.0,0.0,0.0,0.0,0.0,0.0,0.0,0,0
2015-06-05,0.0,0.0,0.0,0.0,0.0,0.0,0.0,0.0,0,0
2015-06-08,0.0,0.0,0.0,0.0,0.0,0.0,0.0,0.0,0,0
2015-06-09,0.0,0.0,0.0,0.0,0.0,0.0,0.0,0.0,0,0
2015-06-10,0.0,0.0,0.0,0.0,0.0,0.0,0.0,0.0,0,0
2015-06-11,0.0,0.0,0.0,0.0,0.0,0.0,0.0,0.0,0,0
2015-06-12,0.0,0.0,0.0,0.0,0.0,0.0,0.0,0.0,0,0
2015-06-15,0.0,0.0,0.0,0.0,0.0,0.0,0.0,0.0,0,0
2015-06-16,0.0,0.0,0.0,0.0,0.0,0.0,0.0,0.0,0,0
2015-06-17,0.0,0.0,0.0,0.0,0.0,0.0,0.0,0.0,0,0
2015-06-18,0.0,0.0,0.0,0.0,0.0,0.0,0.0,0.0,0,0
2015-06-19,0.0,0.0,0.0,0.0,0.0,0.0,0.0,0.0,0,0
2015-06-22,0.0,0.0,0.0,0.0,0.0,0.0,0.0,0.0,0,0
2015-06-23,0.0,0.0,0.0,0.0,0.0,0.0,0.0,0.0,0,0
2015-06-24,0.0,0.0,0.0,0.0,0.0,0.0,0.0,0.0,0,0
2015-06-25,0.0,0.0,0.0,0.0,0.0,0.0,0.0,0.0,0,0
2015-06-26,0.0,0.0,0.0,0.0,0.0,0.0,0.0,0.0,0,0
2015-06-29,0.0,0.0,0.0,0.0,0.0,0.0,0.0,0.0,0,0
2015-06-30,0.0,0.0,0.0,0.0,0.0,0.0,0.0,0.0,0,0
2015-07-01,0.0,0.0,0.0,0.0,0.0,0.0,0.0,0.0,0,0
2015-07-02,0.0,0.0,0.0,0.0,0.0,0.0,0.0,0.0,0,0
2015-07-06,-227085.30501840217,50000.00000000001,1984.1269841269839,-279069.43200252915,124999999.99999999,125000000.0,250000000.0,250000000.0,38,38
2015-07-07,0.0,50000.00000000001,0.0,-50000.00000000001,0.0,0.0,0.0,250000000.0,0,0
2015-07-08,0.0,0.0,0.0,0.0,0.0,0.0,0.0,0.0,0,0
2015-07-09,0.0,0.0,0.0,0.0,0.0,0.0,0.0,0.0,0,0
2015-07-10,0.0,0.0,0.0,0.0,0.0,0.0,0.0,0.0,0,0
2015-07-13,0.0,0.0,0.0,0.0,0.0,0.0,0.0,0.0,0,0
2015-07-14,0.0,0.0,0.0,0.0,0.0,0.0,0.0,0.0,0,0
2015-07-15,0.0,0.0,0.0,0.0,0.0,0.0,0.0,0.0,0,0
2015-07-16,0.0,0.0,0.0,0.0,0.0,0.0,0.0,0.0,0,0
2015-07-17,738279.4339860046,50000.0,1984.1269841269839,686295.3070018776,125000000.0,125000000.0,250000000.0,250000000.0,37,37
2015-07-20,0.0,50000.0,0.0,-50000.0,0.0,0.0,0.0,250000000.0,0,0
2015-07-21,0.0,0.0,0.0,0.0,0.0,0.0,0.0,0.0,0,0
2015-07-22,0.0,0.0,0.0,0.0,0.0,0.0,0.0,0.0,0,0
2015-07-23,0.0,0.0,0.0,0.0,0.0,0.0,0.0,0.0,0,0
2015-07-24,0.0,0.0,0.0,0.0,0.0,0.0,0.0,0.0,0,0
2015-07-27,430955.29997636314,50000.0,1984.1269841269834,378971.17299223616,125000000.0,124999999.99999999,250000000.0,249999999.99999997,35,35
2015-07-28,0.0,50000.0,0.0,-50000.0,0.0,0.0,0.0,249999999.99999997,0,0
2015-07-29,0.0,0.0,0.0,0.0,0.0,0.0,0.0,0.0,0,0
2015-07-30,0.0,0.0,0.0,0.0,0.0,0.0,0.0,0.0,0,0
2015-07-31,0.0,0.0,0.0,0.0,0.0,0.0,0.0,0.0,0,0
2015-08-03,0.0,0.0,0.0,0.0,0.0,0.0,0.0,0.0,0,0
2015-08-04,0.0,0.0,0.0,0.0,0.0,0.0,0.0,0.0,0,0
2015-08-05,0.0,0.0,0.0,0.0,0.0,0.0,0.0,0.0,0,0
2015-08-06,0.0,0.0,0.0,0.0,0.0,0.0,0.0,0.0,0,0
2015-08-07,947353.7906480767,49999.99999999999,1984.126984126984,895369.6636639497,124999999.99999999,125000000.0,250000000.0,249999999.99999997,35,35
2015-08-10,0.0,49999.99999999999,0.0,-49999.99999999999,0.0,0.0,0.0,249999999.99999997,0,0
2015-08-11,-772885.6095076081,49999.999999999985,1984.126984126984,-824869.7364917351,124999999.99999999,124999999.99999999,249999999.99999997,249999999.99999997,37,37
2015-08-12,-466468.6799439583,102631.29059501809,1984.1269841269836,-571084.0975231034,125000000.0,125000000.0,250000000.0,361982539.2463309,37,37
2015-08-13,0.0,50000.000000000015,0.0,-50000.000000000015,0.0,0.0,0.0,250000000.0,0,0
2015-08-14,-383703.94313978835,49999.999999999985,1984.1269841269836,-435688.0701239153,125000000.0,125000000.0,250000000.0,250000000.0,37,37
2015-08-17,1242819.2396446532,99999.99999999996,1984.1269841269836,1140835.112660526,125000000.0,125000000.00000003,250000000.00000003,294769209.99889237,37,37
2015-08-18,0.0,50000.0,0.0,-50000.0,0.0,0.0,0.0,250000000.00000003,0,0
2015-08-19,-229094.3074329769,50000.0,1984.1269841269848,-281078.4344171039,125000000.0,125000000.00000001,250000000.0,250000000.0,37,37
2015-08-20,-1644766.9984691548,99999.99999999996,1984.126984126984,-1746751.125453282,125000000.0,125000000.00000001,250000000.0,297148446.41288227,37,37
2015-08-21,-5243149.493977068,101054.01997314929,1984.1269841269846,-5346187.640934344,124999999.99999999,125000000.0,250000000.0,320690554.66625273,37,37
2015-08-24,3720537.1148950807,100000.00000000001,1984.1269841269839,3618552.987910954,125000000.00000001,124999999.99999999,250000000.0,321174624.6722716,37,37
2015-08-25,880413.6716317362,100798.33485900762,1984.126984126984,777631.2097886016,124999999.99999999,125000000.00000001,250000000.0,407560803.45811003,37,37
2015-08-26,14238.119425845456,102383.6023726416,1984.126984126984,-90129.60993092312,125000000.0,125000000.0,250000000.0,402101035.7596161,37,37
2015-08-27,-670963.3641483993,104017.34147838288,1984.126984126984,-776964.8326109092,125000000.00000001,125000000.0,250000000.0,390806191.67246735,37,37
2015-08-28,-696728.8267979204,101975.38823846844,1984.1269841269846,-800688.3420205158,125000000.0,125000000.0,250000000.0,358537263.1223041,37,37
2015-08-31,226117.63208728426,101656.01859459287,1984.1269841269843,122477.48650856441,125000000.00000001,125000000.0,250000000.0,416113937.5405923,37,37
2015-09-01,614862.1834087851,102631.354879548,1984.126984126985,510246.70154511015,125000000.0,125000000.00000001,250000000.0,445964514.0600201,37,37
2015-09-02,110966.21803371265,104265.386655441,1984.1269841269834,4716.70439414466,124999999.99999999,124999999.99999997,249999999.99999994,441337833.99503815,37,37
2015-09-03,0.0,49999.99999999998,0.0,-49999.99999999998,0.0,0.0,0.0,249999999.99999997,0,0
2015-09-04,0.0,0.0,0.0,0.0,0.0,0.0,0.0,0.0,0,0
2015-09-08,658758.6595556013,49999.99999999999,1984.126984126984,606774.5325714743,125000000.00000001,125000000.0,250000000.0,250000000.0,37,37
2015-09-09,-151776.13124792793,107660.48075042109,1984.1269841269836,-261420.738982476,125000000.0,124999999.99999997,249999999.99999997,476264715.34938705,37,37
2015-09-10,-562262.1789990638,108690.78564413669,1984.126984126984,-672937.0916273275,125000000.0,125000000.0,250000000.0,485686191.07024074,37,37
2015-09-11,-30554.53471239162,101449.852051475,1984.126984126984,-133988.5137479936,125000000.00000001,125000000.0,250000000.0,395493858.9523488,37,37
2015-09-14,0.0,49999.99999999999,0.0,-49999.99999999999,0.0,0.0,0.0,250000000.0,0,0
2015-09-15,0.0,0.0,0.0,0.0,0.0,0.0,0.0,0.0,0,0
2015-09-16,0.0,0.0,0.0,0.0,0.0,0.0,0.0,0.0,0,0
2015-09-17,0.0,0.0,0.0,0.0,0.0,0.0,0.0,0.0,0,0
2015-09-18,0.0,0.0,0.0,0.0,0.0,0.0,0.0,0.0,0,0
2015-09-21,0.0,0.0,0.0,0.0,0.0,0.0,0.0,0.0,0,0
2015-09-22,198029.30640423516,50000.00000000001,1984.1269841269846,146045.17942010818,125000000.0,125000000.0,250000000.0,250000000.0,37,37
2015-09-23,-601788.2103298425,102390.83470035593,1984.1269841269843,-706163.1720143254,125000000.00000001,124999999.99999999,250000000.0,358145438.5561836,36,36
2015-09-24,1125473.5207303364,100000.00000000001,1984.1269841269839,1023489.3937462094,125000000.0,125000000.0,250000000.0,360530254.2447537,36,36
2015-09-25,-471775.9576202265,100695.77777274181,1984.126984126984,-574455.8623770953,124999999.99999999,125000000.0,250000000.0,334975166.8963718,36,36
2015-09-28,257426.33628625478,100869.62203899924,1984.1269841269836,154572.58726312855,124999999.99999999,125000000.0,250000000.0,341438968.5572198,36,36
2015-09-29,0.0,50000.0,0.0,-50000.0,0.0,0.0,0.0,249999999.99999997,0,0
2015-09-30,0.0,0.0,0.0,0.0,0.0,0.0,0.0,0.0,0,0
2015-10-01,0.0,0.0,0.0,0.0,0.0,0.0,0.0,0.0,0,0
2015-10-02,-83057.79240033845,50000.00000000003,1984.126984126984,-135041.91938446547,125000000.00000001,125000000.0,250000000.0,250000000.0,36,36
2015-10-05,0.0,50000.00000000003,0.0,-50000.00000000003,0.0,0.0,0.0,250000000.0,0,0
2015-10-06,0.0,0.0,0.0,0.0,0.0,0.0,0.0,0.0,0,0
2015-10-07,0.0,0.0,0.0,0.0,0.0,0.0,0.0,0.0,0,0
2015-10-08,0.0,0.0,0.0,0.0,0.0,0.0,0.0,0.0,0,0
2015-10-09,0.0,0.0,0.0,0.0,0.0,0.0,0.0,0.0,0,0
2015-10-12,0.0,0.0,0.0,0.0,0.0,0.0,0.0,0.0,0,0
2015-10-13,293190.3531974391,50000.00000000001,1984.1269841269834,241206.22621331213,125000000.0,124999999.99999999,250000000.0,250000000.0,36,36
2015-10-14,0.0,50000.00000000001,0.0,-50000.00000000001,0.0,0.0,0.0,250000000.0,0,0
2015-10-15,0.0,0.0,0.0,0.0,0.0,0.0,0.0,0.0,0,0
2015-10-16,0.0,0.0,0.0,0.0,0.0,0.0,0.0,0.0,0,0
2015-10-19,0.0,0.0,0.0,0.0,0.0,0.0,0.0,0.0,0,0
2015-10-20,0.0,0.0,0.0,0.0,0.0,0.0,0.0,0.0,0,0
2015-10-21,0.0,0.0,0.0,0.0,0.0,0.0,0.0,0.0,0,0
2015-10-22,0.0,0.0,0.0,0.0,0.0,0.0,0.0,0.0,0,0
2015-10-23,0.0,0.0,0.0,0.0,0.0,0.0,0.0,0.0,0,0
2015-10-26,0.0,0.0,0.0,0.0,0.0,0.0,0.0,0.0,0,0
2015-10-27,0.0,0.0,0.0,0.0,0.0,0.0,0.0,0.0,0,0
2015-10-28,0.0,0.0,0.0,0.0,0.0,0.0,0.0,0.0,0,0
2015-10-29,0.0,0.0,0.0,0.0,0.0,0.0,0.0,0.0,0,0
2015-10-30,0.0,0.0,0.0,0.0,0.0,0.0,0.0,0.0,0,0
2015-11-02,0.0,0.0,0.0,0.0,0.0,0.0,0.0,0.0,0,0
2015-11-03,0.0,0.0,0.0,0.0,0.0,0.0,0.0,0.0,0,0
2015-11-04,0.0,0.0,0.0,0.0,0.0,0.0,0.0,0.0,0,0
2015-11-05,0.0,0.0,0.0,0.0,0.0,0.0,0.0,0.0,0,0
2015-11-06,0.0,0.0,0.0,0.0,0.0,0.0,0.0,0.0,0,0
2015-11-09,0.0,0.0,0.0,0.0,0.0,0.0,0.0,0.0,0,0
2015-11-10,0.0,0.0,0.0,0.0,0.0,0.0,0.0,0.0,0,0
2015-11-11,0.0,0.0,0.0,0.0,0.0,0.0,0.0,0.0,0,0
2015-11-12,0.0,0.0,0.0,0.0,0.0,0.0,0.0,0.0,0,0
2015-11-13,0.0,0.0,0.0,0.0,0.0,0.0,0.0,0.0,0,0
2015-11-16,0.0,0.0,0.0,0.0,0.0,0.0,0.0,0.0,0,0
2015-11-17,0.0,0.0,0.0,0.0,0.0,0.0,0.0,0.0,0,0
2015-11-18,0.0,0.0,0.0,0.0,0.0,0.0,0.0,0.0,0,0
2015-11-19,0.0,0.0,0.0,0.0,0.0,0.0,0.0,0.0,0,0
2015-11-20,0.0,0.0,0.0,0.0,0.0,0.0,0.0,0.0,0,0
2015-11-23,0.0,0.0,0.0,0.0,0.0,0.0,0.0,0.0,0,0
2015-11-24,0.0,0.0,0.0,0.0,0.0,0.0,0.0,0.0,0,0
2015-11-25,0.0,0.0,0.0,0.0,0.0,0.0,0.0,0.0,0,0
2015-11-27,0.0,0.0,0.0,0.0,0.0,0.0,0.0,0.0,0,0
2015-11-30,0.0,0.0,0.0,0.0,0.0,0.0,0.0,0.0,0,0
2015-12-01,0.0,0.0,0.0,0.0,0.0,0.0,0.0,0.0,0,0
2015-12-02,0.0,0.0,0.0,0.0,0.0,0.0,0.0,0.0,0,0
2015-12-03,0.0,0.0,0.0,0.0,0.0,0.0,0.0,0.0,0,0
2015-12-04,0.0,0.0,0.0,0.0,0.0,0.0,0.0,0.0,0,0
2015-12-07,0.0,0.0,0.0,0.0,0.0,0.0,0.0,0.0,0,0
2015-12-08,858444.7615491648,50000.000000000015,1984.1269841269846,806460.6345650378,124999999.99999999,125000000.00000001,250000000.0,250000000.0,35,35
2015-12-09,0.0,50000.000000000015,0.0,-50000.000000000015,0.0,0.0,0.0,250000000.0,0,0
2015-12-10,0.0,0.0,0.0,0.0,0.0,0.0,0.0,0.0,0,0
2015-12-11,-228924.7092059871,49999.99999999999,1984.126984126984,-280908.8361901141,125000000.00000001,125000000.00000001,250000000.00000003,250000000.00000003,36,36
2015-12-14,659842.2188283348,100807.84259475283,1984.1269841269839,557050.249249455,125000000.0,125000000.0,250000000.0,344471420.14663553,36,36
2015-12-15,0.0,50000.0,0.0,-50000.0,0.0,0.0,0.0,250000000.0,0,0
2015-12-16,0.0,0.0,0.0,0.0,0.0,0.0,0.0,0.0,0,0
2015-12-17,0.0,0.0,0.0,0.0,0.0,0.0,0.0,0.0,0,0
2015-12-18,-83144.06188709881,50000.0,1984.1269841269839,-135128.1888712258,124999999.99999997,125000000.0,249999999.99999997,249999999.99999997,36,36
2015-12-21,0.0,50000.0,0.0,-50000.0,0.0,0.0,0.0,249999999.99999997,0,0
2015-12-22,0.0,0.0,0.0,0.0,0.0,0.0,0.0,0.0,0,0
2015-12-23,0.0,0.0,0.0,0.0,0.0,0.0,0.0,0.0,0,0
2015-12-24,0.0,0.0,0.0,0.0,0.0,0.0,0.0,0.0,0,0
2015-12-28,0.0,0.0,0.0,0.0,0.0,0.0,0.0,0.0,0,0
2015-12-29,0.0,0.0,0.0,0.0,0.0,0.0,0.0,0.0,0,0
2015-12-30,0.0,0.0,0.0,0.0,0.0,0.0,0.0,0.0,0,0
2015-12-31,0.0,0.0,0.0,0.0,0.0,0.0,0.0,0.0,0,0
2016-01-04,-19771.142209970458,49999.99999999999,1984.1269841269843,-71755.26919409743,124999999.99999999,125000000.0,250000000.0,250000000.0,38,38
2016-01-05,0.0,49999.99999999999,0.0,-49999.99999999999,0.0,0.0,0.0,250000000.0,0,0
2016-01-06,-1321052.5615431974,49999.999999999985,1984.1269841269839,-1373036.6885273245,124999999.99999999,125000000.0,250000000.0,250000000.0,38,38
2016-01-07,1161469.9350750952,99999.99999999997,1984.1269841269843,1059485.808090968,125000000.0,125000000.0,250000000.0,288434215.9932043,38,38
2016-01-08,609011.1751587857,100317.91198789795,1984.1269841269839,506709.13618676073,124999999.99999999,125000000.0,250000000.0,266056252.6577713,38,38
2016-01-11,1161007.0808069608,100431.05257228969,1984.1269841269839,1058591.901250544,125000000.0,125000000.0,250000000.0,216782538.61325017,38,38
2016-01-12,342064.78798945685,99999.99999999994,1984.1269841269843,240080.66100532992,125000000.00000001,125000000.0,250000000.0,309018455.11905414,38,38
2016-01-13,0.0,50000.000000000015,0.0,-50000.000000000015,0.0,0.0,0.0,250000000.00000003,0,0
2016-01-14,-3439921.6127374875,50000.00000000002,1984.1269841269839,-3491905.7397216144,125000000.0,124999999.99999999,250000000.0,250000000.0,38,38
2016-01-15,926421.5131941515,101688.83507659177,1984.1269841269839,822748.5511334327,125000000.00000001,125000000.00000001,250000000.00000003,353628978.1041088,37,37
2016-01-19,-580131.0258652912,99999.99999999999,1984.126984126984,-682115.1528494182,125000000.00000003,125000000.00000001,250000000.00000006,450080842.1994937,37,37
2016-01-20,-1744690.7503319983,99999.99999999999,1984.1269841269839,-1846674.8773161254,125000000.00000001,124999999.99999999,250000000.0,421555197.6403226,36,36
2016-01-21,1904649.383156946,101705.7673186566,1984.1269841269843,1800959.4888541622,125000000.00000001,125000000.0,250000000.0,400345618.43246067,35,35
2016-01-22,-1568718.2298874473,99999.99999999997,1984.1269841269839,-1670702.3568715744,125000000.00000001,125000000.00000001,250000000.00000003,384057275.11505616,36,36
2016-01-25,968769.283623623,104080.1567671563,1984.126984126985,862704.9998723397,125000000.00000001,125000000.0,250000000.0,421738102.9427181,36,36
2016-01-26,0.0,50000.00000000001,0.0,-50000.00000000001,0.0,0.0,0.0,250000000.00000003,0,0
2016-01-27,0.0,0.0,0.0,0.0,0.0,0.0,0.0,0.0,0,0
2016-01-28,0.0,0.0,0.0,0.0,0.0,0.0,0.0,0.0,0,0
2016-01-29,0.0,0.0,0.0,0.0,0.0,0.0,0.0,0.0,0,0
2016-02-01,0.0,0.0,0.0,0.0,0.0,0.0,0.0,0.0,0,0
2016-02-02,1125317.1519466715,49999.99999999999,1984.1269841269836,1073333.0249625444,124999999.99999999,125000000.00000001,250000000.0,250000000.0,35,35
2016-02-03,0.0,49999.99999999999,0.0,-49999.99999999999,0.0,0.0,0.0,250000000.0,0,0
2016-02-04,0.0,0.0,0.0,0.0,0.0,0.0,0.0,0.0,0,0
2016-02-05,-947070.2531072199,49999.99999999999,1984.1269841269832,-999054.3800913469,124999999.99999999,124999999.99999999,249999999.99999997,249999999.99999997,35,35
2016-02-08,-1886218.48098164,103067.58543771257,1984.1269841269834,-1991270.1934034796,125000000.00000001,125000000.0,250000000.0,407133894.88945943,37,37
2016-02-09,1038949.292943616,100000.0,1984.1269841269843,936965.1659594891,125000000.0,125000000.0,250000000.0,373056032.5129968,37,37
2016-02-10,78762.63705790287,101397.64361799999,1984.1269841269839,-24619.133544224096,125000000.0,124999999.99999999,250000000.0,364720813.6844352,36,36
2016-02-11,819527.9731169555,101610.6585401603,1984.1269841269836,715933.1875926682,125000000.0,124999999.99999999,250000000.0,399522939.9773937,36,36
2016-02-12,1919787.8384215543,100000.00000000004,1984.1269841269834,1817803.7114374272,125000000.0,124999999.99999997,249999999.99999997,369910064.8437802,37,37
2016-02-16,773401.4284912312,103010.40191428033,1984.126984126984,668406.8995928238,125000000.0,125000000.0,250000000.0,408483559.3985023,38,38
2016-02-17,-522503.1454599088,107010.6641296972,1984.126984126985,-631497.936573733,125000000.00000001,125000000.00000001,250000000.00000003,414642399.1761079,37,37
2016-02-18,205505.17529196216,105544.27337304557,1984.1269841269836,97976.77493478962,125000000.0,125000000.00000001,250000000.0,444172550.20720017,36,36
2016-02-19,933214.2224197857,107167.25899439036,1984.126984126984,824062.8364412683,124999999.99999999,125000000.0,250000000.0,416404432.16369253,37,37
2016-02-22,0.0,49999.99999999999,0.0,-49999.99999999999,0.0,0.0,0.0,249999999.99999997,0,0
2016-02-23,-271420.52017407084,50000.00000000001,1984.1269841269848,-323404.6471581978,125000000.00000001,125000000.00000001,250000000.00000003,250000000.00000003,37,37
2016-02-24,0.0,50000.00000000001,0.0,-50000.00000000001,0.0,0.0,0.0,250000000.00000003,0,0
2016-02-25,0.0,0.0,0.0,0.0,0.0,0.0,0.0,0.0,0,0
2016-02-26,0.0,0.0,0.0,0.0,0.0,0.0,0.0,0.0,0,0
2016-02-29,0.0,0.0,0.0,0.0,0.0,0.0,0.0,0.0,0,0
2016-03-01,0.0,0.0,0.0,0.0,0.0,0.0,0.0,0.0,0,0
2016-03-02,0.0,0.0,0.0,0.0,0.0,0.0,0.0,0.0,0,0
2016-03-03,0.0,0.0,0.0,0.0,0.0,0.0,0.0,0.0,0,0
2016-03-04,0.0,0.0,0.0,0.0,0.0,0.0,0.0,0.0,0,0
2016-03-07,0.0,0.0,0.0,0.0,0.0,0.0,0.0,0.0,0,0
2016-03-08,0.0,0.0,0.0,0.0,0.0,0.0,0.0,0.0,0,0
2016-03-09,0.0,0.0,0.0,0.0,0.0,0.0,0.0,0.0,0,0
2016-03-10,0.0,0.0,0.0,0.0,0.0,0.0,0.0,0.0,0,0
2016-03-11,0.0,0.0,0.0,0.0,0.0,0.0,0.0,0.0,0,0
2016-03-14,0.0,0.0,0.0,0.0,0.0,0.0,0.0,0.0,0,0
2016-03-15,84285.39670729998,49999.99999999999,1984.1269841269836,32301.269723173005,125000000.0,124999999.99999999,250000000.0,250000000.0,39,39
2016-03-16,0.0,49999.99999999999,0.0,-49999.99999999999,0.0,0.0,0.0,250000000.0,0,0
2016-03-17,0.0,0.0,0.0,0.0,0.0,0.0,0.0,0.0,0,0
2016-03-18,0.0,0.0,0.0,0.0,0.0,0.0,0.0,0.0,0,0
2016-03-21,0.0,0.0,0.0,0.0,0.0,0.0,0.0,0.0,0,0
2016-03-22,0.0,0.0,0.0,0.0,0.0,0.0,0.0,0.0,0,0
2016-03-23,0.0,0.0,0.0,0.0,0.0,0.0,0.0,0.0,0,0
2016-03-24,0.0,0.0,0.0,0.0,0.0,0.0,0.0,0.0,0,0
2016-03-28,0.0,0.0,0.0,0.0,0.0,0.0,0.0,0.0,0,0
2016-03-29,0.0,0.0,0.0,0.0,0.0,0.0,0.0,0.0,0,0
2016-03-30,0.0,0.0,0.0,0.0,0.0,0.0,0.0,0.0,0,0
2016-03-31,0.0,0.0,0.0,0.0,0.0,0.0,0.0,0.0,0,0
2016-04-01,0.0,0.0,0.0,0.0,0.0,0.0,0.0,0.0,0,0
2016-04-04,0.0,0.0,0.0,0.0,0.0,0.0,0.0,0.0,0,0
2016-04-05,0.0,0.0,0.0,0.0,0.0,0.0,0.0,0.0,0,0
2016-04-06,0.0,0.0,0.0,0.0,0.0,0.0,0.0,0.0,0,0
2016-04-07,0.0,0.0,0.0,0.0,0.0,0.0,0.0,0.0,0,0
2016-04-08,0.0,0.0,0.0,0.0,0.0,0.0,0.0,0.0,0,0
2016-04-11,0.0,0.0,0.0,0.0,0.0,0.0,0.0,0.0,0,0
2016-04-12,0.0,0.0,0.0,0.0,0.0,0.0,0.0,0.0,0,0
2016-04-13,0.0,0.0,0.0,0.0,0.0,0.0,0.0,0.0,0,0
2016-04-14,0.0,0.0,0.0,0.0,0.0,0.0,0.0,0.0,0,0
2016-04-15,0.0,0.0,0.0,0.0,0.0,0.0,0.0,0.0,0,0
2016-04-18,0.0,0.0,0.0,0.0,0.0,0.0,0.0,0.0,0,0
2016-04-19,0.0,0.0,0.0,0.0,0.0,0.0,0.0,0.0,0,0
2016-04-20,0.0,0.0,0.0,0.0,0.0,0.0,0.0,0.0,0,0
2016-04-21,0.0,0.0,0.0,0.0,0.0,0.0,0.0,0.0,0,0
2016-04-22,0.0,0.0,0.0,0.0,0.0,0.0,0.0,0.0,0,0
2016-04-25,0.0,0.0,0.0,0.0,0.0,0.0,0.0,0.0,0,0
2016-04-26,0.0,0.0,0.0,0.0,0.0,0.0,0.0,0.0,0,0
2016-04-27,0.0,0.0,0.0,0.0,0.0,0.0,0.0,0.0,0,0
2016-04-28,0.0,0.0,0.0,0.0,0.0,0.0,0.0,0.0,0,0
2016-04-29,0.0,0.0,0.0,0.0,0.0,0.0,0.0,0.0,0,0
2016-05-02,0.0,0.0,0.0,0.0,0.0,0.0,0.0,0.0,0,0
2016-05-03,327355.1571847241,50000.0,1984.126984126984,275371.03020059713,125000000.00000001,125000000.0,250000000.0,250000000.0,34,34
2016-05-04,1792339.715486638,99999.99999999999,1984.1269841269836,1690355.588502511,124999999.99999999,124999999.99999999,249999999.99999997,311160797.33570653,32,32
2016-05-05,0.0,50000.0,0.0,-50000.0,0.0,0.0,0.0,249999999.99999997,0,0
2016-05-06,0.0,0.0,0.0,0.0,0.0,0.0,0.0,0.0,0,0
2016-05-09,0.0,0.0,0.0,0.0,0.0,0.0,0.0,0.0,0,0
2016-05-10,0.0,0.0,0.0,0.0,0.0,0.0,0.0,0.0,0,0
2016-05-11,0.0,0.0,0.0,0.0,0.0,0.0,0.0,0.0,0,0
2016-05-12,0.0,0.0,0.0,0.0,0.0,0.0,0.0,0.0,0,0
2016-05-13,0.0,0.0,0.0,0.0,0.0,0.0,0.0,0.0,0,0
2016-05-16,0.0,0.0,0.0,0.0,0.0,0.0,0.0,0.0,0,0
2016-05-17,0.0,0.0,0.0,0.0,0.0,0.0,0.0,0.0,0,0
2016-05-18,0.0,0.0,0.0,0.0,0.0,0.0,0.0,0.0,0,0
2016-05-19,0.0,0.0,0.0,0.0,0.0,0.0,0.0,0.0,0,0
2016-05-20,0.0,0.0,0.0,0.0,0.0,0.0,0.0,0.0,0,0
2016-05-23,0.0,0.0,0.0,0.0,0.0,0.0,0.0,0.0,0,0
2016-05-24,0.0,0.0,0.0,0.0,0.0,0.0,0.0,0.0,0,0
2016-05-25,0.0,0.0,0.0,0.0,0.0,0.0,0.0,0.0,0,0
2016-05-26,0.0,0.0,0.0,0.0,0.0,0.0,0.0,0.0,0,0
2016-05-27,0.0,0.0,0.0,0.0,0.0,0.0,0.0,0.0,0,0
2016-05-31,0.0,0.0,0.0,0.0,0.0,0.0,0.0,0.0,0,0
2016-06-01,0.0,0.0,0.0,0.0,0.0,0.0,0.0,0.0,0,0
2016-06-02,0.0,0.0,0.0,0.0,0.0,0.0,0.0,0.0,0,0
2016-06-03,0.0,0.0,0.0,0.0,0.0,0.0,0.0,0.0,0,0
2016-06-06,0.0,0.0,0.0,0.0,0.0,0.0,0.0,0.0,0,0
2016-06-07,0.0,0.0,0.0,0.0,0.0,0.0,0.0,0.0,0,0
2016-06-08,0.0,0.0,0.0,0.0,0.0,0.0,0.0,0.0,0,0
2016-06-09,0.0,0.0,0.0,0.0,0.0,0.0,0.0,0.0,0,0
2016-06-10,-1001360.2002705156,50000.00000000002,1984.1269841269843,-1053344.3272546427,125000000.00000001,125000000.0,250000000.0,250000000.0,36,36
2016-06-13,0.0,50000.00000000002,0.0,-50000.00000000002,0.0,0.0,0.0,250000000.0,0,0
2016-06-14,0.0,0.0,0.0,0.0,0.0,0.0,0.0,0.0,0,0
2016-06-15,0.0,0.0,0.0,0.0,0.0,0.0,0.0,0.0,0,0
2016-06-16,0.0,0.0,0.0,0.0,0.0,0.0,0.0,0.0,0,0
2016-06-17,0.0,0.0,0.0,0.0,0.0,0.0,0.0,0.0,0,0
2016-06-20,0.0,0.0,0.0,0.0,0.0,0.0,0.0,0.0,0,0
2016-06-21,0.0,0.0,0.0,0.0,0.0,0.0,0.0,0.0,0,0
2016-06-22,0.0,0.0,0.0,0.0,0.0,0.0,0.0,0.0,0,0
2016-06-23,0.0,0.0,0.0,0.0,0.0,0.0,0.0,0.0,0,0
2016-06-24,-780931.976612145,50000.000000000015,1984.1269841269839,-832916.103596272,125000000.0,125000000.00000001,250000000.0,250000000.0,37,37
2016-06-27,3089286.2202027845,99999.99999999999,1984.1269841269843,2987302.0932186577,125000000.0,125000000.00000001,250000000.0,367291898.1623067,38,38
2016-06-28,946700.4315545186,100432.70997379995,1984.1269841269836,844283.5945965917,125000000.0,125000000.0,250000000.0,376924946.01226354,38,38
2016-06-29,258956.03525646048,99999.99999999996,1984.126984126984,156971.90827233356,125000000.0,125000000.00000001,250000000.0,401689408.25707966,38,38
2016-06-30,-251101.1929389444,99999.99999999996,1984.1269841269834,-353085.31992307137,125000000.00000001,125000000.0,250000000.0,419937647.5658993,38,38
2016-07-01,858798.5598329571,109168.20700217661,1984.126984126984,747646.2258466535,125000000.0,125000000.00000001,250000000.0,459443672.94466615,38,38
2016-07-05,0.0,50000.000000000015,0.0,-50000.000000000015,0.0,0.0,0.0,250000000.00000003,0,0
2016-07-06,1066557.8592076642,50000.0,1984.1269841269834,1014573.7322235372,125000000.00000001,124999999.99999999,250000000.0,250000000.0,38,38
2016-07-07,0.0,50000.0,0.0,-50000.0,0.0,0.0,0.0,250000000.0,0,0
2016-07-08,0.0,0.0,0.0,0.0,0.0,0.0,0.0,0.0,0,0
2016-07-11,0.0,0.0,0.0,0.0,0.0,0.0,0.0,0.0,0,0
2016-07-12,0.0,0.0,0.0,0.0,0.0,0.0,0.0,0.0,0,0
2016-07-13,0.0,0.0,0.0,0.0,0.0,0.0,0.0,0.0,0,0
2016-07-14,0.0,0.0,0.0,0.0,0.0,0.0,0.0,0.0,0,0
2016-07-15,0.0,0.0,0.0,0.0,0.0,0.0,0.0,0.0,0,0
2016-07-18,0.0,0.0,0.0,0.0,0.0,0.0,0.0,0.0,0,0
2016-07-19,0.0,0.0,0.0,0.0,0.0,0.0,0.0,0.0,0,0
2016-07-20,0.0,0.0,0.0,0.0,0.0,0.0,0.0,0.0,0,0
2016-07-21,0.0,0.0,0.0,0.0,0.0,0.0,0.0,0.0,0,0
2016-07-22,0.0,0.0,0.0,0.0,0.0,0.0,0.0,0.0,0,0
2016-07-25,0.0,0.0,0.0,0.0,0.0,0.0,0.0,0.0,0,0
2016-07-26,0.0,0.0,0.0,0.0,0.0,0.0,0.0,0.0,0,0
2016-07-27,0.0,0.0,0.0,0.0,0.0,0.0,0.0,0.0,0,0
2016-07-28,0.0,0.0,0.0,0.0,0.0,0.0,0.0,0.0,0,0
2016-07-29,0.0,0.0,0.0,0.0,0.0,0.0,0.0,0.0,0,0
2016-08-01,0.0,0.0,0.0,0.0,0.0,0.0,0.0,0.0,0,0
2016-08-02,0.0,0.0,0.0,0.0,0.0,0.0,0.0,0.0,0,0
2016-08-03,0.0,0.0,0.0,0.0,0.0,0.0,0.0,0.0,0,0
2016-08-04,0.0,0.0,0.0,0.0,0.0,0.0,0.0,0.0,0,0
2016-08-05,0.0,0.0,0.0,0.0,0.0,0.0,0.0,0.0,0,0
2016-08-08,0.0,0.0,0.0,0.0,0.0,0.0,0.0,0.0,0,0
2016-08-09,0.0,0.0,0.0,0.0,0.0,0.0,0.0,0.0,0,0
2016-08-10,0.0,0.0,0.0,0.0,0.0,0.0,0.0,0.0,0,0
2016-08-11,0.0,0.0,0.0,0.0,0.0,0.0,0.0,0.0,0,0
2016-08-12,0.0,0.0,0.0,0.0,0.0,0.0,0.0,0.0,0,0
2016-08-15,0.0,0.0,0.0,0.0,0.0,0.0,0.0,0.0,0,0
2016-08-16,0.0,0.0,0.0,0.0,0.0,0.0,0.0,0.0,0,0
2016-08-17,0.0,0.0,0.0,0.0,0.0,0.0,0.0,0.0,0,0
2016-08-18,0.0,0.0,0.0,0.0,0.0,0.0,0.0,0.0,0,0
2016-08-19,0.0,0.0,0.0,0.0,0.0,0.0,0.0,0.0,0,0
2016-08-22,0.0,0.0,0.0,0.0,0.0,0.0,0.0,0.0,0,0
2016-08-23,0.0,0.0,0.0,0.0,0.0,0.0,0.0,0.0,0,0
2016-08-24,0.0,0.0,0.0,0.0,0.0,0.0,0.0,0.0,0,0
2016-08-25,0.0,0.0,0.0,0.0,0.0,0.0,0.0,0.0,0,0
2016-08-26,0.0,0.0,0.0,0.0,0.0,0.0,0.0,0.0,0,0
2016-08-29,0.0,0.0,0.0,0.0,0.0,0.0,0.0,0.0,0,0
2016-08-30,0.0,0.0,0.0,0.0,0.0,0.0,0.0,0.0,0,0
2016-08-31,0.0,0.0,0.0,0.0,0.0,0.0,0.0,0.0,0,0
2016-09-01,0.0,0.0,0.0,0.0,0.0,0.0,0.0,0.0,0,0
2016-09-02,0.0,0.0,0.0,0.0,0.0,0.0,0.0,0.0,0,0
2016-09-06,0.0,0.0,0.0,0.0,0.0,0.0,0.0,0.0,0,0
2016-09-07,0.0,0.0,0.0,0.0,0.0,0.0,0.0,0.0,0,0
2016-09-08,0.0,0.0,0.0,0.0,0.0,0.0,0.0,0.0,0,0
2016-09-09,0.0,0.0,0.0,0.0,0.0,0.0,0.0,0.0,0,0
2016-09-12,0.0,0.0,0.0,0.0,0.0,0.0,0.0,0.0,0,0
2016-09-13,0.0,0.0,0.0,0.0,0.0,0.0,0.0,0.0,0,0
2016-09-14,0.0,0.0,0.0,0.0,0.0,0.0,0.0,0.0,0,0
2016-09-15,0.0,0.0,0.0,0.0,0.0,0.0,0.0,0.0,0,0
2016-09-16,0.0,0.0,0.0,0.0,0.0,0.0,0.0,0.0,0,0
2016-09-19,0.0,0.0,0.0,0.0,0.0,0.0,0.0,0.0,0,0
2016-09-20,0.0,0.0,0.0,0.0,0.0,0.0,0.0,0.0,0,0
2016-09-21,0.0,0.0,0.0,0.0,0.0,0.0,0.0,0.0,0,0
2016-09-22,0.0,0.0,0.0,0.0,0.0,0.0,0.0,0.0,0,0
2016-09-23,0.0,0.0,0.0,0.0,0.0,0.0,0.0,0.0,0,0
2016-09-26,0.0,0.0,0.0,0.0,0.0,0.0,0.0,0.0,0,0
2016-09-27,0.0,0.0,0.0,0.0,0.0,0.0,0.0,0.0,0,0
2016-09-28,0.0,0.0,0.0,0.0,0.0,0.0,0.0,0.0,0,0
2016-09-29,0.0,0.0,0.0,0.0,0.0,0.0,0.0,0.0,0,0
2016-09-30,0.0,0.0,0.0,0.0,0.0,0.0,0.0,0.0,0,0
2016-10-03,0.0,0.0,0.0,0.0,0.0,0.0,0.0,0.0,0,0
2016-10-04,0.0,0.0,0.0,0.0,0.0,0.0,0.0,0.0,0,0
2016-10-05,0.0,0.0,0.0,0.0,0.0,0.0,0.0,0.0,0,0
2016-10-06,0.0,0.0,0.0,0.0,0.0,0.0,0.0,0.0,0,0
2016-10-07,0.0,0.0,0.0,0.0,0.0,0.0,0.0,0.0,0,0
2016-10-10,0.0,0.0,0.0,0.0,0.0,0.0,0.0,0.0,0,0
2016-10-11,0.0,0.0,0.0,0.0,0.0,0.0,0.0,0.0,0,0
2016-10-12,0.0,0.0,0.0,0.0,0.0,0.0,0.0,0.0,0,0
2016-10-13,0.0,0.0,0.0,0.0,0.0,0.0,0.0,0.0,0,0
2016-10-14,0.0,0.0,0.0,0.0,0.0,0.0,0.0,0.0,0,0
2016-10-17,0.0,0.0,0.0,0.0,0.0,0.0,0.0,0.0,0,0
2016-10-18,0.0,0.0,0.0,0.0,0.0,0.0,0.0,0.0,0,0
2016-10-19,0.0,0.0,0.0,0.0,0.0,0.0,0.0,0.0,0,0
2016-10-20,0.0,0.0,0.0,0.0,0.0,0.0,0.0,0.0,0,0
2016-10-21,0.0,0.0,0.0,0.0,0.0,0.0,0.0,0.0,0,0
2016-10-24,0.0,0.0,0.0,0.0,0.0,0.0,0.0,0.0,0,0
2016-10-25,0.0,0.0,0.0,0.0,0.0,0.0,0.0,0.0,0,0
2016-10-26,0.0,0.0,0.0,0.0,0.0,0.0,0.0,0.0,0,0
2016-10-27,0.0,0.0,0.0,0.0,0.0,0.0,0.0,0.0,0,0
2016-10-28,0.0,0.0,0.0,0.0,0.0,0.0,0.0,0.0,0,0
2016-10-31,0.0,0.0,0.0,0.0,0.0,0.0,0.0,0.0,0,0
2016-11-01,0.0,0.0,0.0,0.0,0.0,0.0,0.0,0.0,0,0
2016-11-02,0.0,0.0,0.0,0.0,0.0,0.0,0.0,0.0,0,0
2016-11-03,0.0,0.0,0.0,0.0,0.0,0.0,0.0,0.0,0,0
2016-11-04,0.0,0.0,0.0,0.0,0.0,0.0,0.0,0.0,0,0
2016-11-07,0.0,0.0,0.0,0.0,0.0,0.0,0.0,0.0,0,0
2016-11-08,0.0,0.0,0.0,0.0,0.0,0.0,0.0,0.0,0,0
2016-11-09,0.0,0.0,0.0,0.0,0.0,0.0,0.0,0.0,0,0
2016-11-10,0.0,0.0,0.0,0.0,0.0,0.0,0.0,0.0,0,0
2016-11-11,0.0,0.0,0.0,0.0,0.0,0.0,0.0,0.0,0,0
2016-11-14,0.0,0.0,0.0,0.0,0.0,0.0,0.0,0.0,0,0
2016-11-15,0.0,0.0,0.0,0.0,0.0,0.0,0.0,0.0,0,0
2016-11-16,0.0,0.0,0.0,0.0,0.0,0.0,0.0,0.0,0,0
2016-11-17,0.0,0.0,0.0,0.0,0.0,0.0,0.0,0.0,0,0
2016-11-18,0.0,0.0,0.0,0.0,0.0,0.0,0.0,0.0,0,0
2016-11-21,0.0,0.0,0.0,0.0,0.0,0.0,0.0,0.0,0,0
2016-11-22,0.0,0.0,0.0,0.0,0.0,0.0,0.0,0.0,0,0
2016-11-23,0.0,0.0,0.0,0.0,0.0,0.0,0.0,0.0,0,0
2016-11-25,0.0,0.0,0.0,0.0,0.0,0.0,0.0,0.0,0,0
2016-11-28,0.0,0.0,0.0,0.0,0.0,0.0,0.0,0.0,0,0
2016-11-29,0.0,0.0,0.0,0.0,0.0,0.0,0.0,0.0,0,0
2016-11-30,0.0,0.0,0.0,0.0,0.0,0.0,0.0,0.0,0,0
2016-12-01,0.0,0.0,0.0,0.0,0.0,0.0,0.0,0.0,0,0
2016-12-02,0.0,0.0,0.0,0.0,0.0,0.0,0.0,0.0,0,0
2016-12-05,0.0,0.0,0.0,0.0,0.0,0.0,0.0,0.0,0,0
2016-12-06,0.0,0.0,0.0,0.0,0.0,0.0,0.0,0.0,0,0
2016-12-07,0.0,0.0,0.0,0.0,0.0,0.0,0.0,0.0,0,0
2016-12-08,0.0,0.0,0.0,0.0,0.0,0.0,0.0,0.0,0,0
2016-12-09,0.0,0.0,0.0,0.0,0.0,0.0,0.0,0.0,0,0
2016-12-12,0.0,0.0,0.0,0.0,0.0,0.0,0.0,0.0,0,0
2016-12-13,0.0,0.0,0.0,0.0,0.0,0.0,0.0,0.0,0,0
2016-12-14,0.0,0.0,0.0,0.0,0.0,0.0,0.0,0.0,0,0
2016-12-15,0.0,0.0,0.0,0.0,0.0,0.0,0.0,0.0,0,0
2016-12-16,0.0,0.0,0.0,0.0,0.0,0.0,0.0,0.0,0,0
2016-12-19,0.0,0.0,0.0,0.0,0.0,0.0,0.0,0.0,0,0
2016-12-20,0.0,0.0,0.0,0.0,0.0,0.0,0.0,0.0,0,0
2016-12-21,0.0,0.0,0.0,0.0,0.0,0.0,0.0,0.0,0,0
2016-12-22,0.0,0.0,0.0,0.0,0.0,0.0,0.0,0.0,0,0
2016-12-23,0.0,0.0,0.0,0.0,0.0,0.0,0.0,0.0,0,0
2016-12-27,0.0,0.0,0.0,0.0,0.0,0.0,0.0,0.0,0,0
2016-12-28,0.0,0.0,0.0,0.0,0.0,0.0,0.0,0.0,0,0
2016-12-29,0.0,0.0,0.0,0.0,0.0,0.0,0.0,0.0,0,0
2016-12-30,0.0,0.0,0.0,0.0,0.0,0.0,0.0,0.0,0,0
2017-01-03,0.0,0.0,0.0,0.0,0.0,0.0,0.0,0.0,0,0
2017-01-04,0.0,0.0,0.0,0.0,0.0,0.0,0.0,0.0,0,0
2017-01-05,0.0,0.0,0.0,0.0,0.0,0.0,0.0,0.0,0,0
2017-01-06,0.0,0.0,0.0,0.0,0.0,0.0,0.0,0.0,0,0
2017-01-09,0.0,0.0,0.0,0.0,0.0,0.0,0.0,0.0,0,0
2017-01-10,0.0,0.0,0.0,0.0,0.0,0.0,0.0,0.0,0,0
2017-01-11,0.0,0.0,0.0,0.0,0.0,0.0,0.0,0.0,0,0
2017-01-12,0.0,0.0,0.0,0.0,0.0,0.0,0.0,0.0,0,0
2017-01-13,0.0,0.0,0.0,0.0,0.0,0.0,0.0,0.0,0,0
2017-01-17,0.0,0.0,0.0,0.0,0.0,0.0,0.0,0.0,0,0
2017-01-18,0.0,0.0,0.0,0.0,0.0,0.0,0.0,0.0,0,0
2017-01-19,0.0,0.0,0.0,0.0,0.0,0.0,0.0,0.0,0,0
2017-01-20,0.0,0.0,0.0,0.0,0.0,0.0,0.0,0.0,0,0
2017-01-23,0.0,0.0,0.0,0.0,0.0,0.0,0.0,0.0,0,0
2017-01-24,0.0,0.0,0.0,0.0,0.0,0.0,0.0,0.0,0,0
2017-01-25,0.0,0.0,0.0,0.0,0.0,0.0,0.0,0.0,0,0
2017-01-26,0.0,0.0,0.0,0.0,0.0,0.0,0.0,0.0,0,0
2017-01-27,0.0,0.0,0.0,0.0,0.0,0.0,0.0,0.0,0,0
2017-01-30,0.0,0.0,0.0,0.0,0.0,0.0,0.0,0.0,0,0
2017-01-31,0.0,0.0,0.0,0.0,0.0,0.0,0.0,0.0,0,0
2017-02-01,0.0,0.0,0.0,0.0,0.0,0.0,0.0,0.0,0,0
2017-02-02,0.0,0.0,0.0,0.0,0.0,0.0,0.0,0.0,0,0
2017-02-03,0.0,0.0,0.0,0.0,0.0,0.0,0.0,0.0,0,0
2017-02-06,0.0,0.0,0.0,0.0,0.0,0.0,0.0,0.0,0,0
2017-02-07,0.0,0.0,0.0,0.0,0.0,0.0,0.0,0.0,0,0
2017-02-08,810380.138930764,49999.99999999999,1984.126984126984,758396.0119466371,125000000.00000001,125000000.00000001,250000000.00000003,250000000.00000003,35,35
2017-02-09,0.0,49999.99999999999,0.0,-49999.99999999999,0.0,0.0,0.0,250000000.00000003,0,0
2017-02-10,0.0,0.0,0.0,0.0,0.0,0.0,0.0,0.0,0,0
2017-02-13,0.0,0.0,0.0,0.0,0.0,0.0,0.0,0.0,0,0
2017-02-14,397865.87272333505,50000.0,1984.1269841269839,345881.74573920807,125000000.0,125000000.0,250000000.0,250000000.0,38,38
2017-02-15,0.0,50000.0,0.0,-50000.0,0.0,0.0,0.0,250000000.0,0,0
2017-02-16,0.0,0.0,0.0,0.0,0.0,0.0,0.0,0.0,0,0
2017-02-17,0.0,0.0,0.0,0.0,0.0,0.0,0.0,0.0,0,0
2017-02-21,0.0,0.0,0.0,0.0,0.0,0.0,0.0,0.0,0,0
2017-02-22,0.0,0.0,0.0,0.0,0.0,0.0,0.0,0.0,0,0
2017-02-23,0.0,0.0,0.0,0.0,0.0,0.0,0.0,0.0,0,0
2017-02-24,137777.1108593392,50000.000000000015,1984.126984126984,85792.98387521222,125000000.0,125000000.0,250000000.0,250000000.0,38,38
2017-02-27,0.0,50000.000000000015,0.0,-50000.000000000015,0.0,0.0,0.0,250000000.0,0,0
2017-02-28,0.0,0.0,0.0,0.0,0.0,0.0,0.0,0.0,0,0
2017-03-01,0.0,0.0,0.0,0.0,0.0,0.0,0.0,0.0,0,0
2017-03-02,0.0,0.0,0.0,0.0,0.0,0.0,0.0,0.0,0,0
2017-03-03,0.0,0.0,0.0,0.0,0.0,0.0,0.0,0.0,0,0
2017-03-06,353845.82004301675,50000.0,1984.1269841269843,301861.69305888977,125000000.0,125000000.0,250000000.0,250000000.0,40,40
2017-03-07,0.0,50000.0,0.0,-50000.0,0.0,0.0,0.0,250000000.0,0,0
2017-03-08,0.0,0.0,0.0,0.0,0.0,0.0,0.0,0.0,0,0
2017-03-09,473709.23547205667,50000.0,1984.1269841269848,421725.1084879297,124999999.99999999,125000000.0,250000000.0,249999999.99999997,40,40
2017-03-10,0.0,50000.0,0.0,-50000.0,0.0,0.0,0.0,249999999.99999997,0,0
2017-03-13,0.0,0.0,0.0,0.0,0.0,0.0,0.0,0.0,0,0
2017-03-14,0.0,0.0,0.0,0.0,0.0,0.0,0.0,0.0,0,0
2017-03-15,0.0,0.0,0.0,0.0,0.0,0.0,0.0,0.0,0,0
2017-03-16,0.0,0.0,0.0,0.0,0.0,0.0,0.0,0.0,0,0
2017-03-17,0.0,0.0,0.0,0.0,0.0,0.0,0.0,0.0,0,0
2017-03-20,0.0,0.0,0.0,0.0,0.0,0.0,0.0,0.0,0,0
2017-03-21,0.0,0.0,0.0,0.0,0.0,0.0,0.0,0.0,0,0
2017-03-22,-103794.19943229896,50000.00000000004,1984.1269841269839,-155778.326416426,125000000.00000001,125000000.00000001,250000000.00000003,250000000.00000003,40,40
2017-03-23,0.0,50000.00000000004,0.0,-50000.00000000004,0.0,0.0,0.0,250000000.00000003,0,0
2017-03-24,0.0,0.0,0.0,0.0,0.0,0.0,0.0,0.0,0,0
2017-03-27,269142.1355559176,50000.0,1984.1269841269843,217158.0085717906,125000000.0,125000000.00000001,250000000.0,250000000.00000003,41,41
2017-03-28,248264.32847354808,100000.00000000003,1984.1269841269834,146280.20148942107,124999999.99999999,124999999.99999999,249999999.99999997,331161873.78856766,41,41
2017-03-29,0.0,49999.99999999999,0.0,-49999.99999999999,0.0,0.0,0.0,249999999.99999997,0,0
2017-03-30,0.0,0.0,0.0,0.0,0.0,0.0,0.0,0.0,0,0
2017-03-31,0.0,0.0,0.0,0.0,0.0,0.0,0.0,0.0,0,0
2017-04-03,0.0,0.0,0.0,0.0,0.0,0.0,0.0,0.0,0,0
2017-04-04,0.0,0.0,0.0,0.0,0.0,0.0,0.0,0.0,0,0
2017-04-05,0.0,0.0,0.0,0.0,0.0,0.0,0.0,0.0,0,0
2017-04-06,0.0,0.0,0.0,0.0,0.0,0.0,0.0,0.0,0,0
2017-04-07,164560.68842934573,49999.99999999997,1984.126984126984,112576.56144521877,124999999.99999999,124999999.99999999,249999999.99999997,249999999.99999997,40,40
2017-04-10,0.0,49999.99999999997,0.0,-49999.99999999997,0.0,0.0,0.0,249999999.99999997,0,0
2017-04-11,0.0,0.0,0.0,0.0,0.0,0.0,0.0,0.0,0,0
2017-04-12,0.0,0.0,0.0,0.0,0.0,0.0,0.0,0.0,0,0
2017-04-13,102121.10904817106,50000.000000000015,1984.1269841269836,50136.98206404406,125000000.0,124999999.99999999,250000000.0,249999999.99999997,40,40
2017-04-17,0.0,50000.000000000015,0.0,-50000.000000000015,0.0,0.0,0.0,249999999.99999997,0,0
2017-04-18,1220709.3076779665,50000.0,1984.1269841269839,1168725.1806938394,125000000.0,124999999.99999999,250000000.0,250000000.0,38,38
2017-04-19,0.0,50000.0,0.0,-50000.0,0.0,0.0,0.0,250000000.0,0,0
2017-04-20,0.0,0.0,0.0,0.0,0.0,0.0,0.0,0.0,0,0
2017-04-21,0.0,0.0,0.0,0.0,0.0,0.0,0.0,0.0,0,0
2017-04-24,0.0,0.0,0.0,0.0,0.0,0.0,0.0,0.0,0,0
2017-04-25,0.0,0.0,0.0,0.0,0.0,0.0,0.0,0.0,0,0
2017-04-26,0.0,0.0,0.0,0.0,0.0,0.0,0.0,0.0,0,0
2017-04-27,0.0,0.0,0.0,0.0,0.0,0.0,0.0,0.0,0,0
2017-04-28,0.0,0.0,0.0,0.0,0.0,0.0,0.0,0.0,0,0
2017-05-01,0.0,0.0,0.0,0.0,0.0,0.0,0.0,0.0,0,0
2017-05-02,0.0,0.0,0.0,0.0,0.0,0.0,0.0,0.0,0,0
2017-05-03,225833.75915723213,50000.00000000003,1984.126984126984,173849.6321731051,125000000.0,125000000.0,250000000.0,250000000.0,33,33
2017-05-04,0.0,50000.00000000003,0.0,-50000.00000000003,0.0,0.0,0.0,250000000.0,0,0
2017-05-05,0.0,0.0,0.0,0.0,0.0,0.0,0.0,0.0,0,0
2017-05-08,0.0,0.0,0.0,0.0,0.0,0.0,0.0,0.0,0,0
2017-05-09,0.0,0.0,0.0,0.0,0.0,0.0,0.0,0.0,0,0
2017-05-10,0.0,0.0,0.0,0.0,0.0,0.0,0.0,0.0,0,0
2017-05-11,-164186.06726731244,50000.00000000002,1984.1269841269839,-216170.19425143945,125000000.0,125000000.0,250000000.0,250000000.0,40,40
2017-05-12,568330.4961550343,100000.0,1984.1269841269839,466346.3691709073,125000000.0,125000000.0,250000000.0,273422161.64225686,41,41
2017-05-15,0.0,50000.0,0.0,-50000.0,0.0,0.0,0.0,250000000.0,0,0
2017-05-16,0.0,0.0,0.0,0.0,0.0,0.0,0.0,0.0,0,0
2017-05-17,-931528.0563167897,50000.00000000002,1984.1269841269834,-983512.1833009167,125000000.0,124999999.99999999,250000000.0,250000000.0,40,40
2017-05-18,558740.2677049492,99999.99999999997,1984.126984126984,456756.14072082227,125000000.0,125000000.0,250000000.0,329089006.96282434,40,40
2017-05-19,0.0,50000.0,0.0,-50000.0,0.0,0.0,0.0,250000000.0,0,0
2017-05-22,0.0,0.0,0.0,0.0,0.0,0.0,0.0,0.0,0,0
2017-05-23,0.0,0.0,0.0,0.0,0.0,0.0,0.0,0.0,0,0
2017-05-24,0.0,0.0,0.0,0.0,0.0,0.0,0.0,0.0,0,0
2017-05-25,0.0,0.0,0.0,0.0,0.0,0.0,0.0,0.0,0,0
2017-05-26,0.0,0.0,0.0,0.0,0.0,0.0,0.0,0.0,0,0
2017-05-30,-231599.10469648513,49999.99999999999,1984.1269841269839,-283583.2316806121,125000000.0,125000000.0,250000000.0,250000000.0,40,40
2017-05-31,0.0,49999.99999999999,0.0,-49999.99999999999,0.0,0.0,0.0,250000000.0,0,0
2017-06-01,0.0,0.0,0.0,0.0,0.0,0.0,0.0,0.0,0,0
2017-06-02,0.0,0.0,0.0,0.0,0.0,0.0,0.0,0.0,0,0
2017-06-05,0.0,0.0,0.0,0.0,0.0,0.0,0.0,0.0,0,0
2017-06-06,0.0,0.0,0.0,0.0,0.0,0.0,0.0,0.0,0,0
2017-06-07,0.0,0.0,0.0,0.0,0.0,0.0,0.0,0.0,0,0
2017-06-08,0.0,0.0,0.0,0.0,0.0,0.0,0.0,0.0,0,0
2017-06-09,0.0,0.0,0.0,0.0,0.0,0.0,0.0,0.0,0,0
2017-06-12,0.0,0.0,0.0,0.0,0.0,0.0,0.0,0.0,0,0
2017-06-13,0.0,0.0,0.0,0.0,0.0,0.0,0.0,0.0,0,0
2017-06-14,0.0,0.0,0.0,0.0,0.0,0.0,0.0,0.0,0,0
2017-06-15,0.0,0.0,0.0,0.0,0.0,0.0,0.0,0.0,0,0
2017-06-16,1497943.2616397836,50000.00000000003,1984.1269841269843,1445959.1346556565,125000000.0,124999999.99999999,250000000.0,249999999.99999997,40,40
2017-06-19,0.0,50000.00000000003,0.0,-50000.00000000003,0.0,0.0,0.0,249999999.99999997,0,0
2017-06-20,499077.223648231,50000.0,1984.1269841269839,447093.096664104,125000000.0,125000000.00000001,250000000.0,250000000.0,40,40
2017-06-21,0.0,50000.0,0.0,-50000.0,0.0,0.0,0.0,250000000.0,0,0
2017-06-22,0.0,0.0,0.0,0.0,0.0,0.0,0.0,0.0,0,0
2017-06-23,0.0,0.0,0.0,0.0,0.0,0.0,0.0,0.0,0,0
2017-06-26,0.0,0.0,0.0,0.0,0.0,0.0,0.0,0.0,0,0
2017-06-27,0.0,0.0,0.0,0.0,0.0,0.0,0.0,0.0,0,0
2017-06-28,0.0,0.0,0.0,0.0,0.0,0.0,0.0,0.0,0,0
2017-06-29,0.0,0.0,0.0,0.0,0.0,0.0,0.0,0.0,0,0
2017-06-30,0.0,0.0,0.0,0.0,0.0,0.0,0.0,0.0,0,0
2017-07-03,0.0,0.0,0.0,0.0,0.0,0.0,0.0,0.0,0,0
2017-07-05,0.0,0.0,0.0,0.0,0.0,0.0,0.0,0.0,0,0
2017-07-06,516665.5697642174,50000.0,1984.1269841269843,464681.44278009044,125000000.0,125000000.0,250000000.0,250000000.0,41,41
2017-07-07,0.0,50000.0,0.0,-50000.0,0.0,0.0,0.0,250000000.0,0,0
2017-07-10,-83296.68967396932,50000.00000000001,1984.1269841269843,-135280.8166580963,125000000.00000001,125000000.0,250000000.0,250000000.0,40,40
2017-07-11,0.0,50000.00000000001,0.0,-50000.00000000001,0.0,0.0,0.0,250000000.0,0,0
2017-07-12,0.0,0.0,0.0,0.0,0.0,0.0,0.0,0.0,0,0
2017-07-13,0.0,0.0,0.0,0.0,0.0,0.0,0.0,0.0,0,0
2017-07-14,0.0,0.0,0.0,0.0,0.0,0.0,0.0,0.0,0,0
2017-07-17,0.0,0.0,0.0,0.0,0.0,0.0,0.0,0.0,0,0
2017-07-18,64370.58927778084,50000.00000000003,1984.1269841269839,12386.462293653827,124999999.99999999,125000000.0,250000000.0,250000000.0,39,39
2017-07-19,0.0,50000.00000000003,0.0,-50000.00000000003,0.0,0.0,0.0,250000000.0,0,0
2017-07-20,-59421.75995740135,49999.999999999985,1984.1269841269839,-111405.88694152833,125000000.00000003,125000000.00000001,250000000.00000006,250000000.00000003,36,36
2017-07-21,0.0,49999.999999999985,0.0,-49999.999999999985,0.0,0.0,0.0,250000000.00000003,0,0
2017-07-24,597414.5570263544,50000.00000000001,1984.1269841269843,545430.4300422274,125000000.0,125000000.0,250000000.0,250000000.0,36,36
2017-07-25,0.0,50000.00000000001,0.0,-50000.00000000001,0.0,0.0,0.0,250000000.0,0,0
2017-07-26,838037.6796229996,49999.999999999985,1984.126984126984,786053.5526388726,125000000.0,125000000.00000001,250000000.0,250000000.00000003,30,30
2017-07-27,0.0,49999.999999999985,0.0,-49999.999999999985,0.0,0.0,0.0,250000000.00000003,0,0
2017-07-28,400911.49129024264,50000.000000000015,1984.1269841269834,348927.36430611566,125000000.00000001,125000000.00000003,250000000.00000006,250000000.00000003,32,32
2017-07-31,0.0,50000.000000000015,0.0,-50000.000000000015,0.0,0.0,0.0,250000000.00000003,0,0
2017-08-01,0.0,0.0,0.0,0.0,0.0,0.0,0.0,0.0,0,0
2017-08-02,-76737.8280914865,50000.00000000001,1984.126984126984,-128721.95507561348,125000000.00000001,125000000.0,250000000.0,250000000.00000003,32,32
2017-08-03,156087.9814185002,100000.00000000001,1984.126984126984,54103.85443437319,125000000.00000001,125000000.0,250000000.0,321053348.16245717,33,33
2017-08-04,0.0,50000.00000000002,0.0,-50000.00000000002,0.0,0.0,0.0,250000000.00000003,0,0
2017-08-07,11965.34973135773,49999.999999999985,1984.1269841269839,-40018.777252769236,124999999.99999999,125000000.0,250000000.0,250000000.0,37,37
2017-08-08,-1505313.8396130283,100000.00000000003,1984.126984126984,-1607297.9665971554,124999999.99999999,125000000.0,250000000.0,305782786.90774655,38,38
2017-08-09,-729484.9117218385,100455.12054302596,1984.126984126984,-831924.1592489915,125000000.0,125000000.00000003,250000000.00000003,301864167.68185073,38,38
2017-08-10,0.0,50000.00000000001,0.0,-50000.00000000001,0.0,0.0,0.0,250000000.00000003,0,0
2017-08-11,0.0,0.0,0.0,0.0,0.0,0.0,0.0,0.0,0,0
2017-08-14,0.0,0.0,0.0,0.0,0.0,0.0,0.0,0.0,0,0
2017-08-15,0.0,0.0,0.0,0.0,0.0,0.0,0.0,0.0,0,0
2017-08-16,0.0,0.0,0.0,0.0,0.0,0.0,0.0,0.0,0,0
2017-08-17,-161013.3818354364,50000.00000000001,1984.1269841269836,-212997.50881956337,125000000.00000001,124999999.99999999,250000000.0,250000000.0,40,40
2017-08-18,-133272.52401901493,100000.00000000007,1984.1269841269843,-235256.651003142,125000000.0,125000000.0,250000000.0,264711396.23658624,40,40
2017-08-21,627959.8724350648,100000.0,1984.126984126984,525975.7454509378,125000000.0,125000000.0,250000000.0,259429089.4272333,40,40
2017-08-22,0.0,50000.0,0.0,-50000.0,0.0,0.0,0.0,250000000.0,0,0
2017-08-23,652345.9698660114,50000.00000000002,1984.1269841269843,600361.8428818844,125000000.00000001,125000000.00000001,250000000.00000003,250000000.00000003,39,39
2017-08-24,0.0,50000.00000000002,0.0,-50000.00000000002,0.0,0.0,0.0,250000000.00000003,0,0
2017-08-25,0.0,0.0,0.0,0.0,0.0,0.0,0.0,0.0,0,0
2017-08-28,0.0,0.0,0.0,0.0,0.0,0.0,0.0,0.0,0,0
2017-08-29,0.0,0.0,0.0,0.0,0.0,0.0,0.0,0.0,0,0
2017-08-30,0.0,0.0,0.0,0.0,0.0,0.0,0.0,0.0,0,0
2017-08-31,0.0,0.0,0.0,0.0,0.0,0.0,0.0,0.0,0,0
2017-09-01,0.0,0.0,0.0,0.0,0.0,0.0,0.0,0.0,0,0
2017-09-05,0.0,0.0,0.0,0.0,0.0,0.0,0.0,0.0,0,0
2017-09-06,0.0,0.0,0.0,0.0,0.0,0.0,0.0,0.0,0,0
2017-09-07,0.0,0.0,0.0,0.0,0.0,0.0,0.0,0.0,0,0
2017-09-08,650746.3353730827,49999.999999999985,1984.126984126984,598762.2083889557,124999999.99999999,125000000.0,250000000.0,249999999.99999997,38,38
2017-09-11,0.0,49999.999999999985,0.0,-49999.999999999985,0.0,0.0,0.0,249999999.99999997,0,0
2017-09-12,0.0,0.0,0.0,0.0,0.0,0.0,0.0,0.0,0,0
2017-09-13,0.0,0.0,0.0,0.0,0.0,0.0,0.0,0.0,0,0
2017-09-14,0.0,0.0,0.0,0.0,0.0,0.0,0.0,0.0,0,0
2017-09-15,0.0,0.0,0.0,0.0,0.0,0.0,0.0,0.0,0,0
2017-09-18,0.0,0.0,0.0,0.0,0.0,0.0,0.0,0.0,0,0
2017-09-19,0.0,0.0,0.0,0.0,0.0,0.0,0.0,0.0,0,0
2017-09-20,0.0,0.0,0.0,0.0,0.0,0.0,0.0,0.0,0,0
2017-09-21,0.0,0.0,0.0,0.0,0.0,0.0,0.0,0.0,0,0
2017-09-22,0.0,0.0,0.0,0.0,0.0,0.0,0.0,0.0,0,0
2017-09-25,0.0,0.0,0.0,0.0,0.0,0.0,0.0,0.0,0,0
2017-09-26,0.0,0.0,0.0,0.0,0.0,0.0,0.0,0.0,0,0
2017-09-27,0.0,0.0,0.0,0.0,0.0,0.0,0.0,0.0,0,0
2017-09-28,0.0,0.0,0.0,0.0,0.0,0.0,0.0,0.0,0,0
2017-09-29,0.0,0.0,0.0,0.0,0.0,0.0,0.0,0.0,0,0
2017-10-02,0.0,0.0,0.0,0.0,0.0,0.0,0.0,0.0,0,0
2017-10-03,0.0,0.0,0.0,0.0,0.0,0.0,0.0,0.0,0,0
2017-10-04,0.0,0.0,0.0,0.0,0.0,0.0,0.0,0.0,0,0
2017-10-05,0.0,0.0,0.0,0.0,0.0,0.0,0.0,0.0,0,0
2017-10-06,0.0,0.0,0.0,0.0,0.0,0.0,0.0,0.0,0,0
2017-10-09,0.0,0.0,0.0,0.0,0.0,0.0,0.0,0.0,0,0
2017-10-10,0.0,0.0,0.0,0.0,0.0,0.0,0.0,0.0,0,0
2017-10-11,0.0,0.0,0.0,0.0,0.0,0.0,0.0,0.0,0,0
2017-10-12,0.0,0.0,0.0,0.0,0.0,0.0,0.0,0.0,0,0
2017-10-13,0.0,0.0,0.0,0.0,0.0,0.0,0.0,0.0,0,0
2017-10-16,0.0,0.0,0.0,0.0,0.0,0.0,0.0,0.0,0,0
2017-10-17,0.0,0.0,0.0,0.0,0.0,0.0,0.0,0.0,0,0
2017-10-18,0.0,0.0,0.0,0.0,0.0,0.0,0.0,0.0,0,0
2017-10-19,1071089.7303441926,50000.00000000002,1984.1269841269836,1019105.6033600656,125000000.0,125000000.0,250000000.0,250000000.0,37,37
2017-10-20,0.0,50000.00000000002,0.0,-50000.00000000002,0.0,0.0,0.0,250000000.0,0,0
2017-10-23,0.0,0.0,0.0,0.0,0.0,0.0,0.0,0.0,0,0
2017-10-24,0.0,0.0,0.0,0.0,0.0,0.0,0.0,0.0,0,0
2017-10-25,84942.66807817009,49999.99999999999,1984.126984126984,32958.54109404311,124999999.99999999,125000000.00000001,250000000.0,250000000.0,31,31
2017-10-26,0.0,49999.99999999999,0.0,-49999.99999999999,0.0,0.0,0.0,250000000.0,0,0
2017-10-27,20208.83984451509,50000.000000000015,1984.1269841269836,-31775.287139611908,125000000.0,125000000.00000001,250000000.0,250000000.0,32,32
2017-10-30,384097.6682944359,100000.00000000001,1984.1269841269839,282113.5413103089,124999999.99999999,125000000.0,250000000.0,353591755.4799875,35,35
2017-10-31,0.0,50000.00000000002,0.0,-50000.00000000002,0.0,0.0,0.0,249999999.99999997,0,0
2017-11-01,0.0,0.0,0.0,0.0,0.0,0.0,0.0,0.0,0,0
2017-11-02,0.0,0.0,0.0,0.0,0.0,0.0,0.0,0.0,0,0
2017-11-03,0.0,0.0,0.0,0.0,0.0,0.0,0.0,0.0,0,0
2017-11-06,0.0,0.0,0.0,0.0,0.0,0.0,0.0,0.0,0,0
2017-11-07,0.0,0.0,0.0,0.0,0.0,0.0,0.0,0.0,0,0
2017-11-08,-751072.5695018118,49999.99999999997,1984.1269841269834,-803056.6964859387,125000000.0,125000000.0,250000000.0,250000000.0,38,38
2017-11-09,669512.7882970085,100000.0,1984.126984126984,567528.6613128815,125000000.00000001,125000000.0,250000000.0,285650262.07105976,39,39
2017-11-10,0.0,50000.000000000015,0.0,-50000.000000000015,0.0,0.0,0.0,250000000.0,0,0
2017-11-13,-486618.7060940297,49999.99999999996,1984.1269841269839,-538602.8330781567,124999999.99999999,124999999.99999999,249999999.99999997,249999999.99999997,41,41
2017-11-14,-1004310.0937399137,100000.00000000006,1984.1269841269839,-1106294.2207240409,125000000.0,124999999.99999999,250000000.0,328806731.52232456,41,41
2017-11-15,405184.5555050322,99999.99999999999,1984.1269841269846,303200.4285209052,125000000.0,125000000.0,250000000.0,348916191.34064776,41,41
2017-11-16,0.0,49999.99999999999,0.0,-49999.99999999999,0.0,0.0,0.0,250000000.0,0,0
2017-11-17,157921.27215790792,49999.99999999998,1984.1269841269843,105937.14517378097,124999999.99999997,125000000.0,249999999.99999997,249999999.99999997,41,41
2017-11-20,0.0,49999.99999999998,0.0,-49999.99999999998,0.0,0.0,0.0,249999999.99999997,0,0
2017-11-21,0.0,0.0,0.0,0.0,0.0,0.0,0.0,0.0,0,0
2017-11-22,0.0,0.0,0.0,0.0,0.0,0.0,0.0,0.0,0,0
2017-11-24,0.0,0.0,0.0,0.0,0.0,0.0,0.0,0.0,0,0
2017-11-27,0.0,0.0,0.0,0.0,0.0,0.0,0.0,0.0,0,0
2017-11-28,0.0,0.0,0.0,0.0,0.0,0.0,0.0,0.0,0,0
2017-11-29,0.0,0.0,0.0,0.0,0.0,0.0,0.0,0.0,0,0
2017-11-30,0.0,0.0,0.0,0.0,0.0,0.0,0.0,0.0,0,0
2017-12-01,412438.51724451774,50000.00000000001,1984.1269841269846,360454.39026039076,125000000.00000001,125000000.0,250000000.0,250000000.0,40,40
2017-12-04,0.0,50000.00000000001,0.0,-50000.00000000001,0.0,0.0,0.0,250000000.0,0,0
2017-12-05,0.0,0.0,0.0,0.0,0.0,0.0,0.0,0.0,0,0
2017-12-06,564894.0034554082,49999.999999999985,1984.1269841269848,512909.87647128117,124999999.99999999,125000000.0,250000000.0,250000000.0,40,40
2017-12-07,828668.6395205938,100000.00000000007,1984.126984126984,726684.5125364667,125000000.0,125000000.0,250000000.0,362739648.7687873,40,40
2017-12-08,0.0,50000.000000000015,0.0,-50000.000000000015,0.0,0.0,0.0,250000000.0,0,0
2017-12-11,222018.72440325725,49999.999999999985,1984.1269841269843,170034.59741913027,125000000.0,124999999.99999999,250000000.0,250000000.0,41,41
2017-12-12,0.0,49999.999999999985,0.0,-49999.999999999985,0.0,0.0,0.0,250000000.0,0,0
2017-12-13,0.0,0.0,0.0,0.0,0.0,0.0,0.0,0.0,0,0
2017-12-14,0.0,0.0,0.0,0.0,0.0,0.0,0.0,0.0,0,0
2017-12-15,0.0,0.0,0.0,0.0,0.0,0.0,0.0,0.0,0,0
2017-12-18,1198.54957952096,50000.00000000001,1984.1269841269843,-50785.57740460603,125000000.0,125000000.0,250000000.0,250000000.0,41,41
2017-12-19,661464.451403387,101634.8607549339,1984.126984126984,557845.4636643261,125000000.00000001,125000000.0,250000000.0,429112667.5997121,42,42
2017-12-20,206457.75491828917,99999.99999999994,1984.126984126984,104473.62793416224,124999999.99999999,124999999.99999999,249999999.99999997,313314472.0374552,42,42
2017-12-21,237578.7496458201,100747.75034648796,1984.1269841269832,134846.87231520517,125000000.00000001,125000000.0,250000000.0,268562475.9788695,41,41
2017-12-22,-60716.17558658685,101457.84874570541,1984.1269841269839,-164158.15131641924,124999999.99999997,125000000.00000001,250000000.0,278283514.1547162,42,42
2017-12-26,-40715.23760719271,99999.99999999999,1984.1269841269839,-142699.36459131967,125000000.0,125000000.0,250000000.0,271440427.36279565,42,42
2017-12-27,0.0,49999.999999999985,0.0,-49999.999999999985,0.0,0.0,0.0,250000000.0,0,0
2017-12-28,0.0,0.0,0.0,0.0,0.0,0.0,0.0,0.0,0,0
2017-12-29,0.0,0.0,0.0,0.0,0.0,0.0,0.0,0.0,0,0
2018-01-02,349920.1042716094,50000.00000000003,1984.1269841269836,297935.97728748235,125000000.0,124999999.99999999,250000000.0,250000000.0,42,42
2018-01-03,0.0,50000.00000000003,0.0,-50000.00000000003,0.0,0.0,0.0,250000000.0,0,0
2018-01-04,141506.96622462806,50000.0,1984.1269841269834,89522.83924050108,125000000.0,125000000.0,250000000.0,250000000.0,42,42
2018-01-05,405800.4572383618,100000.00000000003,1984.1269841269839,303816.33025423484,125000000.0,124999999.99999999,250000000.0,346169992.8480772,42,42
2018-01-08,392004.23641125154,100000.00000000001,1984.1269841269839,290020.10942712455,125000000.0,125000000.0,250000000.0,302512078.4649314,42,42
2018-01-09,214536.34914807163,100000.00000000004,1984.1269841269836,112552.2221639446,125000000.0,125000000.0,250000000.0,325668368.21484864,42,42
2018-01-10,385442.83380773297,100000.00000000003,1984.1269841269846,283458.7068236059,125000000.0,125000000.0,250000000.0,319991440.7973798,42,42
2018-01-11,471951.8926874708,100000.00000000006,1984.1269841269836,369967.7657033438,125000000.0,125000000.0,250000000.0,301364785.907891,42,42
2018-01-12,301335.6200917615,100000.0,1984.1269841269839,199351.49310763454,125000000.0,125000000.0,250000000.0,264394804.38042855,42,42
2018-01-16,177276.05895710245,99999.99999999999,1984.126984126984,75291.93197297548,125000000.0,125000000.0,250000000.0,272173788.95022696,42,42
2018-01-17,17564.214100969664,100000.0,1984.1269841269836,-84419.91288315732,124999999.99999999,124999999.99999999,249999999.99999997,327479912.476946,41,41
2018-01-18,96276.66655264562,101483.87018730772,1984.1269841269839,-7191.330618789087,125000000.0,124999999.99999999,250000000.0,364069069.3246045,40,40
2018-01-19,302317.4070564075,100000.00000000001,1984.126984126984,200333.2800722805,125000000.00000001,125000000.0,250000000.0,281956664.2453857,40,40
2018-01-22,-97477.96397049894,100000.00000000004,1984.1269841269843,-199462.09095462598,125000000.0,125000000.0,250000000.0,271869544.690368,40,40
2018-01-23,345727.59115150623,100000.00000000001,1984.1269841269839,243743.46416737925,125000000.00000001,124999999.99999999,250000000.0,302566257.21675664,40,40
2018-01-24,441613.37738616636,99999.99999999996,1984.126984126984,339629.25040203944,125000000.0,125000000.0,250000000.0,286735243.7876417,38,38
2018-01-25,0.0,50000.000000000015,0.0,-50000.000000000015,0.0,0.0,0.0,250000000.0,0,0
2018-01-26,388984.5994049616,50000.00000000001,1984.1269841269839,337000.47242083465,125000000.00000001,125000000.00000001,250000000.00000003,250000000.00000003,40,40
2018-01-29,-868595.9929292246,100000.00000000006,1984.126984126984,-970580.1199133516,125000000.00000001,125000000.0,250000000.0,344428906.24770856,40,40
2018-01-30,806978.9972262528,101245.29769804447,1984.126984126984,703749.5725440814,125000000.0,125000000.00000001,250000000.0,348547165.63581,40,40
2018-01-31,0.0,50000.00000000002,0.0,-50000.00000000002,0.0,0.0,0.0,250000000.00000003,0,0
2018-02-01,-191910.35058506246,50000.00000000001,1984.1269841269839,-243894.47756918945,125000000.00000001,125000000.0,250000000.0,250000000.0,37,37
2018-02-02,-992749.3799534551,100000.0,1984.1269841269836,-1094733.5069375823,124999999.99999999,125000000.0,250000000.0,405705835.4768898,39,39
2018-02-05,-1186995.7320170307,100834.96476357665,1984.1269841269843,-1289814.8237647344,124999999.99999999,125000000.0,250000000.0,359902472.8369059,40,40
2018-02-06,-233811.0087815554,100834.96476357667,1984.1269841269834,-336630.10052925907,125000000.0,124999999.99999999,250000000.0,318062685.7166549,40,40
2018-02-07,283295.0390557201,101316.7061364113,1984.1269841269839,179994.20593518182,125000000.00000001,125000000.0,250000000.0,361389813.7471643,39,39
2018-02-08,956032.3078795132,99999.99999999997,1984.126984126984,854048.1808953863,125000000.00000001,125000000.0,250000000.0,361675487.0287594,39,39
2018-02-09,631984.9724435431,101910.71348378983,1984.1269841269843,528090.1319756263,124999999.99999997,124999999.99999999,249999999.99999994,361186844.0891299,41,41
2018-02-12,-303179.6488599241,101921.55004376615,1984.1269841269846,-407085.32588781725,124999999.99999999,125000000.0,250000000.0,353920321.2469179,42,42
2018-02-13,0.0,50000.000000000015,0.0,-50000.000000000015,0.0,0.0,0.0,250000000.0,0,0
2018-02-14,0.0,0.0,0.0,0.0,0.0,0.0,0.0,0.0,0,0
2018-02-15,0.0,0.0,0.0,0.0,0.0,0.0,0.0,0.0,0,0
2018-02-16,-187377.62198994786,50000.000000000015,1984.126984126984,-239361.74897407484,124999999.99999997,125000000.00000001,250000000.0,250000000.0,41,41
2018-02-20,0.0,50000.000000000015,0.0,-50000.000000000015,0.0,0.0,0.0,250000000.0,0,0
2018-02-21,0.0,0.0,0.0,0.0,0.0,0.0,0.0,0.0,0,0
2018-02-22,0.0,0.0,0.0,0.0,0.0,0.0,0.0,0.0,0,0
2018-02-23,0.0,0.0,0.0,0.0,0.0,0.0,0.0,0.0,0,0
2018-02-26,0.0,0.0,0.0,0.0,0.0,0.0,0.0,0.0,0,0
2018-02-27,0.0,0.0,0.0,0.0,0.0,0.0,0.0,0.0,0,0
2018-02-28,0.0,0.0,0.0,0.0,0.0,0.0,0.0,0.0,0,0
2018-03-01,0.0,0.0,0.0,0.0,0.0,0.0,0.0,0.0,0,0
2018-03-02,-650266.7982132396,49999.99999999999,1984.1269841269836,-702250.9251973666,125000000.00000003,124999999.99999999,250000000.0,250000000.0,43,43
2018-03-05,0.0,49999.99999999999,0.0,-49999.99999999999,0.0,0.0,0.0,250000000.0,0,0
2018-03-06,0.0,0.0,0.0,0.0,0.0,0.0,0.0,0.0,0,0
2018-03-07,0.0,0.0,0.0,0.0,0.0,0.0,0.0,0.0,0,0
2018-03-08,0.0,0.0,0.0,0.0,0.0,0.0,0.0,0.0,0,0
2018-03-09,0.0,0.0,0.0,0.0,0.0,0.0,0.0,0.0,0,0
2018-03-12,0.0,0.0,0.0,0.0,0.0,0.0,0.0,0.0,0,0
2018-03-13,0.0,0.0,0.0,0.0,0.0,0.0,0.0,0.0,0,0
2018-03-14,0.0,0.0,0.0,0.0,0.0,0.0,0.0,0.0,0,0
2018-03-15,0.0,0.0,0.0,0.0,0.0,0.0,0.0,0.0,0,0
2018-03-16,0.0,0.0,0.0,0.0,0.0,0.0,0.0,0.0,0,0
2018-03-19,0.0,0.0,0.0,0.0,0.0,0.0,0.0,0.0,0,0
2018-03-20,0.0,0.0,0.0,0.0,0.0,0.0,0.0,0.0,0,0
2018-03-21,0.0,0.0,0.0,0.0,0.0,0.0,0.0,0.0,0,0
2018-03-22,0.0,0.0,0.0,0.0,0.0,0.0,0.0,0.0,0,0
2018-03-23,0.0,0.0,0.0,0.0,0.0,0.0,0.0,0.0,0,0
2018-03-26,0.0,0.0,0.0,0.0,0.0,0.0,0.0,0.0,0,0
2018-03-27,-484801.721672064,50000.0,1984.1269841269843,-536785.8486561909,124999999.99999999,125000000.00000001,250000000.0,250000000.0,44,44
2018-03-28,0.0,50000.0,0.0,-50000.0,0.0,0.0,0.0,250000000.0,0,0
2018-03-29,0.0,0.0,0.0,0.0,0.0,0.0,0.0,0.0,0,0
2018-04-02,0.0,0.0,0.0,0.0,0.0,0.0,0.0,0.0,0,0
2018-04-03,0.0,0.0,0.0,0.0,0.0,0.0,0.0,0.0,0,0
2018-04-04,1087845.3286986067,49999.99999999999,1984.1269841269839,1035861.2017144797,124999999.99999997,125000000.0,249999999.99999997,249999999.99999997,44,44
2018-04-05,0.0,49999.99999999999,0.0,-49999.99999999999,0.0,0.0,0.0,249999999.99999997,0,0
2018-04-06,1162840.4472439734,49999.99999999999,1984.1269841269843,1110856.3202598463,124999999.99999999,124999999.99999999,249999999.99999997,249999999.99999997,44,44
2018-04-09,0.0,49999.99999999999,0.0,-49999.99999999999,0.0,0.0,0.0,249999999.99999997,0,0
2018-04-10,-644720.7221228208,49999.99999999998,1984.1269841269843,-696704.8491069478,125000000.0,125000000.0,250000000.0,250000000.0,43,43
2018-04-11,0.0,49999.99999999998,0.0,-49999.99999999998,0.0,0.0,0.0,250000000.0,0,0
2018-04-12,0.0,0.0,0.0,0.0,0.0,0.0,0.0,0.0,0,0
2018-04-13,0.0,0.0,0.0,0.0,0.0,0.0,0.0,0.0,0,0
2018-04-16,0.0,0.0,0.0,0.0,0.0,0.0,0.0,0.0,0,0
2018-04-17,0.0,0.0,0.0,0.0,0.0,0.0,0.0,0.0,0,0
2018-04-18,0.0,0.0,0.0,0.0,0.0,0.0,0.0,0.0,0,0
2018-04-19,0.0,0.0,0.0,0.0,0.0,0.0,0.0,0.0,0,0
2018-04-20,0.0,0.0,0.0,0.0,0.0,0.0,0.0,0.0,0,0
2018-04-23,0.0,0.0,0.0,0.0,0.0,0.0,0.0,0.0,0,0
2018-04-24,0.0,0.0,0.0,0.0,0.0,0.0,0.0,0.0,0,0
2018-04-25,0.0,0.0,0.0,0.0,0.0,0.0,0.0,0.0,0,0
2018-04-26,0.0,0.0,0.0,0.0,0.0,0.0,0.0,0.0,0,0
2018-04-27,0.0,0.0,0.0,0.0,0.0,0.0,0.0,0.0,0,0
2018-04-30,0.0,0.0,0.0,0.0,0.0,0.0,0.0,0.0,0,0
2018-05-01,0.0,0.0,0.0,0.0,0.0,0.0,0.0,0.0,0,0
2018-05-02,0.0,0.0,0.0,0.0,0.0,0.0,0.0,0.0,0,0
2018-05-03,0.0,0.0,0.0,0.0,0.0,0.0,0.0,0.0,0,0
2018-05-04,0.0,0.0,0.0,0.0,0.0,0.0,0.0,0.0,0,0
2018-05-07,0.0,0.0,0.0,0.0,0.0,0.0,0.0,0.0,0,0
2018-05-08,0.0,0.0,0.0,0.0,0.0,0.0,0.0,0.0,0,0
2018-05-09,0.0,0.0,0.0,0.0,0.0,0.0,0.0,0.0,0,0
2018-05-10,0.0,0.0,0.0,0.0,0.0,0.0,0.0,0.0,0,0
2018-05-11,0.0,0.0,0.0,0.0,0.0,0.0,0.0,0.0,0,0
2018-05-14,0.0,0.0,0.0,0.0,0.0,0.0,0.0,0.0,0,0
2018-05-15,0.0,0.0,0.0,0.0,0.0,0.0,0.0,0.0,0,0
2018-05-16,0.0,0.0,0.0,0.0,0.0,0.0,0.0,0.0,0,0
2018-05-17,0.0,0.0,0.0,0.0,0.0,0.0,0.0,0.0,0,0
2018-05-18,0.0,0.0,0.0,0.0,0.0,0.0,0.0,0.0,0,0
2018-05-21,0.0,0.0,0.0,0.0,0.0,0.0,0.0,0.0,0,0
2018-05-22,0.0,0.0,0.0,0.0,0.0,0.0,0.0,0.0,0,0
2018-05-23,0.0,0.0,0.0,0.0,0.0,0.0,0.0,0.0,0,0
2018-05-24,0.0,0.0,0.0,0.0,0.0,0.0,0.0,0.0,0,0
2018-05-25,0.0,0.0,0.0,0.0,0.0,0.0,0.0,0.0,0,0
2018-05-29,0.0,0.0,0.0,0.0,0.0,0.0,0.0,0.0,0,0
2018-05-30,0.0,0.0,0.0,0.0,0.0,0.0,0.0,0.0,0,0
2018-05-31,0.0,0.0,0.0,0.0,0.0,0.0,0.0,0.0,0,0
2018-06-01,0.0,0.0,0.0,0.0,0.0,0.0,0.0,0.0,0,0
2018-06-04,0.0,0.0,0.0,0.0,0.0,0.0,0.0,0.0,0,0
2018-06-05,0.0,0.0,0.0,0.0,0.0,0.0,0.0,0.0,0,0
2018-06-06,0.0,0.0,0.0,0.0,0.0,0.0,0.0,0.0,0,0
2018-06-07,0.0,0.0,0.0,0.0,0.0,0.0,0.0,0.0,0,0
2018-06-08,0.0,0.0,0.0,0.0,0.0,0.0,0.0,0.0,0,0
2018-06-11,0.0,0.0,0.0,0.0,0.0,0.0,0.0,0.0,0,0
2018-06-12,0.0,0.0,0.0,0.0,0.0,0.0,0.0,0.0,0,0
2018-06-13,0.0,0.0,0.0,0.0,0.0,0.0,0.0,0.0,0,0
2018-06-14,0.0,0.0,0.0,0.0,0.0,0.0,0.0,0.0,0,0
2018-06-15,0.0,0.0,0.0,0.0,0.0,0.0,0.0,0.0,0,0
2018-06-18,0.0,0.0,0.0,0.0,0.0,0.0,0.0,0.0,0,0
2018-06-19,627097.9728337968,50000.00000000001,1984.1269841269834,575113.8458496698,125000000.00000001,124999999.99999999,250000000.0,250000000.0,43,43
2018-06-20,0.0,50000.00000000001,0.0,-50000.00000000001,0.0,0.0,0.0,250000000.0,0,0
2018-06-21,0.0,0.0,0.0,0.0,0.0,0.0,0.0,0.0,0,0
2018-06-22,0.0,0.0,0.0,0.0,0.0,0.0,0.0,0.0,0,0
2018-06-25,0.0,0.0,0.0,0.0,0.0,0.0,0.0,0.0,0,0
2018-06-26,0.0,0.0,0.0,0.0,0.0,0.0,0.0,0.0,0,0
2018-06-27,-176608.9610680378,50000.00000000001,1984.126984126984,-228593.0880521648,125000000.00000001,125000000.0,250000000.0,250000000.00000003,43,43
2018-06-28,0.0,50000.00000000001,0.0,-50000.00000000001,0.0,0.0,0.0,250000000.00000003,0,0
2018-06-29,0.0,0.0,0.0,0.0,0.0,0.0,0.0,0.0,0,0
2018-07-02,0.0,0.0,0.0,0.0,0.0,0.0,0.0,0.0,0,0
2018-07-03,0.0,0.0,0.0,0.0,0.0,0.0,0.0,0.0,0,0
2018-07-05,0.0,0.0,0.0,0.0,0.0,0.0,0.0,0.0,0,0
2018-07-06,0.0,0.0,0.0,0.0,0.0,0.0,0.0,0.0,0,0
2018-07-09,0.0,0.0,0.0,0.0,0.0,0.0,0.0,0.0,0,0
2018-07-10,0.0,0.0,0.0,0.0,0.0,0.0,0.0,0.0,0,0
2018-07-11,0.0,0.0,0.0,0.0,0.0,0.0,0.0,0.0,0,0
2018-07-12,0.0,0.0,0.0,0.0,0.0,0.0,0.0,0.0,0,0
2018-07-13,-56798.68966361669,50000.00000000001,1984.1269841269839,-108782.81664774369,124999999.99999999,125000000.0,250000000.0,249999999.99999997,43,43
2018-07-16,0.0,50000.00000000001,0.0,-50000.00000000001,0.0,0.0,0.0,249999999.99999997,0,0
2018-07-17,0.0,0.0,0.0,0.0,0.0,0.0,0.0,0.0,0,0
2018-07-18,0.0,0.0,0.0,0.0,0.0,0.0,0.0,0.0,0,0
2018-07-19,0.0,0.0,0.0,0.0,0.0,0.0,0.0,0.0,0,0
2018-07-20,0.0,0.0,0.0,0.0,0.0,0.0,0.0,0.0,0,0
2018-07-23,0.0,0.0,0.0,0.0,0.0,0.0,0.0,0.0,0,0
2018-07-24,0.0,0.0,0.0,0.0,0.0,0.0,0.0,0.0,0,0
2018-07-25,0.0,0.0,0.0,0.0,0.0,0.0,0.0,0.0,0,0
2018-07-26,0.0,0.0,0.0,0.0,0.0,0.0,0.0,0.0,0,0
2018-07-27,0.0,0.0,0.0,0.0,0.0,0.0,0.0,0.0,0,0
2018-07-30,0.0,0.0,0.0,0.0,0.0,0.0,0.0,0.0,0,0
2018-07-31,0.0,0.0,0.0,0.0,0.0,0.0,0.0,0.0,0,0
2018-08-01,0.0,0.0,0.0,0.0,0.0,0.0,0.0,0.0,0,0
2018-08-02,0.0,0.0,0.0,0.0,0.0,0.0,0.0,0.0,0,0
2018-08-03,0.0,0.0,0.0,0.0,0.0,0.0,0.0,0.0,0,0
2018-08-06,0.0,0.0,0.0,0.0,0.0,0.0,0.0,0.0,0,0
2018-08-07,0.0,0.0,0.0,0.0,0.0,0.0,0.0,0.0,0,0
2018-08-08,0.0,0.0,0.0,0.0,0.0,0.0,0.0,0.0,0,0
2018-08-09,0.0,0.0,0.0,0.0,0.0,0.0,0.0,0.0,0,0
2018-08-10,0.0,0.0,0.0,0.0,0.0,0.0,0.0,0.0,0,0
2018-08-13,0.0,0.0,0.0,0.0,0.0,0.0,0.0,0.0,0,0
2018-08-14,0.0,0.0,0.0,0.0,0.0,0.0,0.0,0.0,0,0
2018-08-15,0.0,0.0,0.0,0.0,0.0,0.0,0.0,0.0,0,0
2018-08-16,0.0,0.0,0.0,0.0,0.0,0.0,0.0,0.0,0,0
2018-08-17,230241.5936914166,50000.00000000003,1984.1269841269843,178257.4667072896,125000000.00000001,125000000.0,250000000.0,250000000.00000003,43,43
2018-08-20,0.0,50000.00000000003,0.0,-50000.00000000003,0.0,0.0,0.0,250000000.00000003,0,0
2018-08-21,0.0,0.0,0.0,0.0,0.0,0.0,0.0,0.0,0,0
2018-08-22,0.0,0.0,0.0,0.0,0.0,0.0,0.0,0.0,0,0
2018-08-23,0.0,0.0,0.0,0.0,0.0,0.0,0.0,0.0,0,0
2018-08-24,0.0,0.0,0.0,0.0,0.0,0.0,0.0,0.0,0,0
2018-08-27,0.0,0.0,0.0,0.0,0.0,0.0,0.0,0.0,0,0
2018-08-28,0.0,0.0,0.0,0.0,0.0,0.0,0.0,0.0,0,0
2018-08-29,0.0,0.0,0.0,0.0,0.0,0.0,0.0,0.0,0,0
2018-08-30,0.0,0.0,0.0,0.0,0.0,0.0,0.0,0.0,0,0
2018-08-31,0.0,0.0,0.0,0.0,0.0,0.0,0.0,0.0,0,0
2018-09-04,0.0,0.0,0.0,0.0,0.0,0.0,0.0,0.0,0,0
2018-09-05,0.0,0.0,0.0,0.0,0.0,0.0,0.0,0.0,0,0
2018-09-06,0.0,0.0,0.0,0.0,0.0,0.0,0.0,0.0,0,0
2018-09-07,0.0,0.0,0.0,0.0,0.0,0.0,0.0,0.0,0,0
2018-09-10,0.0,0.0,0.0,0.0,0.0,0.0,0.0,0.0,0,0
2018-09-11,-372877.9489692094,50000.000000000015,1984.126984126984,-424862.0759533364,125000000.00000001,124999999.99999999,250000000.0,250000000.0,40,40
2018-09-12,0.0,50000.000000000015,0.0,-50000.000000000015,0.0,0.0,0.0,250000000.0,0,0
2018-09-13,0.0,0.0,0.0,0.0,0.0,0.0,0.0,0.0,0,0
2018-09-14,0.0,0.0,0.0,0.0,0.0,0.0,0.0,0.0,0,0
2018-09-17,0.0,0.0,0.0,0.0,0.0,0.0,0.0,0.0,0,0
2018-09-18,0.0,0.0,0.0,0.0,0.0,0.0,0.0,0.0,0,0
2018-09-19,0.0,0.0,0.0,0.0,0.0,0.0,0.0,0.0,0,0
2018-09-20,0.0,0.0,0.0,0.0,0.0,0.0,0.0,0.0,0,0
2018-09-21,0.0,0.0,0.0,0.0,0.0,0.0,0.0,0.0,0,0
2018-09-24,0.0,0.0,0.0,0.0,0.0,0.0,0.0,0.0,0,0
2018-09-25,0.0,0.0,0.0,0.0,0.0,0.0,0.0,0.0,0,0
2018-09-26,0.0,0.0,0.0,0.0,0.0,0.0,0.0,0.0,0,0
2018-09-27,0.0,0.0,0.0,0.0,0.0,0.0,0.0,0.0,0,0
2018-09-28,0.0,0.0,0.0,0.0,0.0,0.0,0.0,0.0,0,0
2018-10-01,0.0,0.0,0.0,0.0,0.0,0.0,0.0,0.0,0,0
2018-10-02,0.0,0.0,0.0,0.0,0.0,0.0,0.0,0.0,0,0
2018-10-03,0.0,0.0,0.0,0.0,0.0,0.0,0.0,0.0,0,0
2018-10-04,0.0,0.0,0.0,0.0,0.0,0.0,0.0,0.0,0,0
2018-10-05,0.0,0.0,0.0,0.0,0.0,0.0,0.0,0.0,0,0
2018-10-08,-636006.5393280999,50000.000000000015,1984.1269841269846,-687990.6663122269,125000000.0,125000000.0,250000000.0,250000000.0,43,43
2018-10-09,-294197.12949556095,100587.94832333308,1984.1269841269839,-396769.20480302104,124999999.99999997,125000000.0,249999999.99999997,232105217.71505228,43,43
2018-10-10,-990977.0531893163,100000.00000000001,1984.1269841269846,-1092961.1801734434,125000000.0,125000000.00000003,250000000.00000003,292905811.4131638,43,43
2018-10-11,2699453.680402877,100778.48577579373,1984.1269841269846,2596691.067642956,125000000.0,125000000.0,250000000.0,358425593.4006424,43,43
2018-10-12,287486.1323154406,99999.99999999994,1984.126984126984,185502.0053313137,125000000.0,125000000.0,250000000.0,370750381.60182863,43,43
2018-10-15,846576.8153651367,102805.20937485123,1984.1269841269848,741787.4790061585,125000000.0,125000000.00000003,250000000.00000003,369268698.34617805,43,43
2018-10-16,0.0,49999.99999999999,0.0,-49999.99999999999,0.0,0.0,0.0,250000000.00000003,0,0
2018-10-17,163994.63995435962,50000.000000000015,1984.126984126984,112010.51297023262,125000000.0,125000000.0,250000000.0,250000000.0,41,41
2018-10-18,228641.71045569755,100000.0,1984.1269841269839,126657.58347157057,125000000.0,125000000.0,250000000.0,320239138.17652285,41,41
2018-10-19,0.0,50000.000000000015,0.0,-50000.000000000015,0.0,0.0,0.0,250000000.0,0,0
2018-10-22,0.0,0.0,0.0,0.0,0.0,0.0,0.0,0.0,0,0
2018-10-23,-346194.25244967564,50000.0,1984.1269841269839,-398178.3794338026,124999999.99999999,124999999.99999999,249999999.99999997,249999999.99999997,39,39
2018-10-24,1617256.6737982575,103373.10658965069,1984.1269841269836,1511899.4402244797,125000000.0,125000000.0,250000000.0,352771927.0804844,35,35
2018-10-25,-1444929.4702602825,105561.21752291001,1984.126984126984,-1552474.8147673197,125000000.00000001,124999999.99999999,250000000.0,426650553.56991285,34,34
2018-10-26,2056734.102585666,103930.53378791214,1984.1269841269846,1950819.4418136268,125000000.0,125000000.00000001,250000000.0,413076115.57244104,36,36
2018-10-29,128661.43798241839,107268.85221112815,1984.1269841269839,19408.458787163254,125000000.00000001,124999999.99999999,250000000.0,470171893.9461836,38,38
2018-10-30,3285332.707564185,107799.53201739198,1984.126984126984,3175549.048562666,125000000.00000001,125000000.0,250000000.0,469454577.3608601,39,39
2018-10-31,224158.8985177462,99999.99999999996,1984.1269841269839,122174.77153361925,125000000.0,124999999.99999999,250000000.0,373883471.8560128,36,36
2018-11-01,0.0,50000.00000000002,0.0,-50000.00000000002,0.0,0.0,0.0,249999999.99999997,0,0
2018-11-02,0.0,0.0,0.0,0.0,0.0,0.0,0.0,0.0,0,0
2018-11-05,0.0,0.0,0.0,0.0,0.0,0.0,0.0,0.0,0,0
2018-11-06,0.0,0.0,0.0,0.0,0.0,0.0,0.0,0.0,0,0
2018-11-07,0.0,0.0,0.0,0.0,0.0,0.0,0.0,0.0,0,0
2018-11-08,-954932.8072822093,50000.00000000001,1984.1269841269836,-1006916.9342663363,125000000.00000001,125000000.0,250000000.0,250000000.00000003,40,40
2018-11-09,0.0,50000.00000000001,0.0,-50000.00000000001,0.0,0.0,0.0,250000000.00000003,0,0
2018-11-12,-146446.22840315275,50000.0,1984.1269841269836,-198430.35538727973,125000000.00000003,125000000.0,250000000.00000003,250000000.00000003,43,43
2018-11-13,0.0,50000.0,0.0,-50000.0,0.0,0.0,0.0,250000000.00000003,0,0
2018-11-14,0.0,0.0,0.0,0.0,0.0,0.0,0.0,0.0,0,0
2018-11-15,0.0,0.0,0.0,0.0,0.0,0.0,0.0,0.0,0,0
2018-11-16,0.0,0.0,0.0,0.0,0.0,0.0,0.0,0.0,0,0
2018-11-19,0.0,0.0,0.0,0.0,0.0,0.0,0.0,0.0,0,0
2018-11-20,2414262.6370142736,50000.00000000001,1984.1269841269843,2362278.5100301467,125000000.00000001,125000000.0,250000000.0,250000000.0,43,43
2018-11-21,-1155129.0361865102,100633.1548642683,1984.1269841269832,-1257746.3180349057,125000000.00000001,125000000.0,250000000.0,295961231.4762441,43,43
2018-11-23,1714528.0006046244,99999.99999999993,1984.1269841269843,1612543.8736204973,124999999.99999999,125000000.0,250000000.0,335379223.8918552,44,44
2018-11-26,-619873.3772616116,101534.19527354169,1984.1269841269834,-723391.6995192803,124999999.99999999,125000000.0,250000000.0,340840239.06222284,43,43
2018-11-27,1077204.3888654031,101236.16252567952,1984.1269841269836,973984.0993555966,124999999.99999999,124999999.99999997,249999999.99999994,351146276.9412487,43,43
2018-11-28,0.0,50000.00000000001,0.0,-50000.00000000001,0.0,0.0,0.0,249999999.99999997,0,0
2018-11-29,-732224.9272154113,50000.00000000001,1984.1269841269836,-784209.0541995383,125000000.0,125000000.0,250000000.0,250000000.0,42,42
2018-11-30,0.0,50000.00000000001,0.0,-50000.00000000001,0.0,0.0,0.0,250000000.0,0,0
2018-12-03,0.0,0.0,0.0,0.0,0.0,0.0,0.0,0.0,0,0
2018-12-04,0.0,0.0,0.0,0.0,0.0,0.0,0.0,0.0,0,0
2018-12-06,-204902.53737120968,50000.0,1984.1269841269846,-256886.66435533666,125000000.00000003,125000000.0,250000000.00000003,250000000.00000003,42,42
2018-12-07,-1298846.5629443729,101565.57625934854,1984.126984126983,-1402396.2661878485,125000000.00000001,124999999.99999997,250000000.0,377689100.65130144,42,42
2018-12-10,0.0,49999.99999999999,0.0,-49999.99999999999,0.0,0.0,0.0,250000000.0,0,0
2018-12-11,1522585.9828877642,50000.00000000002,1984.1269841269836,1470601.8559036371,125000000.00000001,124999999.99999999,250000000.0,250000000.0,43,43
2018-12-12,0.0,50000.00000000002,0.0,-50000.00000000002,0.0,0.0,0.0,250000000.0,0,0
2018-12-13,0.0,0.0,0.0,0.0,0.0,0.0,0.0,0.0,0,0
2018-12-14,-653816.4000436767,50000.0,1984.1269841269834,-705800.5270278037,125000000.00000003,124999999.99999997,250000000.0,250000000.0,43,43
2018-12-17,0.0,50000.0,0.0,-50000.0,0.0,0.0,0.0,250000000.0,0,0
2018-12-18,83510.49892912587,50000.000000000044,1984.1269841269843,31526.37194499884,125000000.00000001,125000000.00000001,250000000.00000003,250000000.00000003,42,42
2018-12-19,0.0,50000.000000000044,0.0,-50000.000000000044,0.0,0.0,0.0,250000000.00000003,0,0
2018-12-20,-82451.29988266481,50000.0,1984.126984126984,-134435.4268667918,125000000.0,124999999.99999999,250000000.0,250000000.0,42,42
2018-12-21,0.0,50000.0,0.0,-50000.0,0.0,0.0,0.0,250000000.0,0,0
2018-12-24,817919.2540731076,49999.999999999985,1984.1269841269843,765935.1270889806,125000000.0,124999999.99999999,250000000.0,249999999.99999997,43,43
2018-12-26,-714533.345392344,102975.58611285614,1984.1269841269839,-819493.0584893272,125000000.0,125000000.0,250000000.0,400407780.28660053,44,44
2018-12-27,192295.03973228298,105073.42548159791,1984.126984126984,85237.48726655809,125000000.0,125000000.00000001,250000000.0,419328578.6556425,44,44
2018-12-28,0.0,50000.00000000001,0.0,-50000.00000000001,0.0,0.0,0.0,250000000.0,0,0
2018-12-31,0.0,0.0,0.0,0.0,0.0,0.0,0.0,0.0,0,0
2019-01-02,-1474371.3730761907,50000.00000000001,1984.126984126984,-1526355.5000603178,125000000.0,125000000.00000001,250000000.0,250000000.00000003,44,44
2019-01-03,2014301.3430894448,101354.93170022829,1984.1269841269843,1910962.2844050894,125000000.0,125000000.0,250000000.0,345470361.9032088,44,44
2019-01-04,573522.22351295,101358.01553366834,1984.1269841269836,470180.0809951547,125000000.0,124999999.99999999,250000000.0,447151582.96738297,44,44
2019-01-07,0.0,49999.999999999985,0.0,-49999.999999999985,0.0,0.0,0.0,249999999.99999997,0,0
2019-01-08,0.0,0.0,0.0,0.0,0.0,0.0,0.0,0.0,0,0
2019-01-09,-277882.10495620547,50000.000000000015,1984.126984126984,-329866.23194033245,124999999.99999999,125000000.00000001,250000000.0,250000000.0,44,44
2019-01-10,0.0,50000.000000000015,0.0,-50000.000000000015,0.0,0.0,0.0,250000000.0,0,0
2019-01-11,-1838707.798972387,50000.00000000002,1984.126984126984,-1890691.9259565142,125000000.0,125000000.0,250000000.0,250000000.0,44,44
2019-01-14,0.0,50000.00000000002,0.0,-50000.00000000002,0.0,0.0,0.0,250000000.0,0,0
2019-01-15,0.0,0.0,0.0,0.0,0.0,0.0,0.0,0.0,0,0
2019-01-16,0.0,0.0,0.0,0.0,0.0,0.0,0.0,0.0,0,0
2019-01-17,0.0,0.0,0.0,0.0,0.0,0.0,0.0,0.0,0,0
2019-01-18,0.0,0.0,0.0,0.0,0.0,0.0,0.0,0.0,0,0
2019-01-22,0.0,0.0,0.0,0.0,0.0,0.0,0.0,0.0,0,0
2019-01-23,0.0,0.0,0.0,0.0,0.0,0.0,0.0,0.0,0,0
2019-01-24,0.0,0.0,0.0,0.0,0.0,0.0,0.0,0.0,0,0
2019-01-25,0.0,0.0,0.0,0.0,0.0,0.0,0.0,0.0,0,0
2019-01-28,388487.24982771516,49999.999999999985,1984.1269841269836,336503.1228435882,125000000.00000001,125000000.0,250000000.0,250000000.0,40,40
2019-01-29,0.0,49999.999999999985,0.0,-49999.999999999985,0.0,0.0,0.0,250000000.0,0,0
2019-01-30,0.0,0.0,0.0,0.0,0.0,0.0,0.0,0.0,0,0
2019-01-31,0.0,0.0,0.0,0.0,0.0,0.0,0.0,0.0,0,0
2019-02-01,0.0,0.0,0.0,0.0,0.0,0.0,0.0,0.0,0,0
2019-02-04,0.0,0.0,0.0,0.0,0.0,0.0,0.0,0.0,0,0
2019-02-05,0.0,0.0,0.0,0.0,0.0,0.0,0.0,0.0,0,0
2019-02-06,0.0,0.0,0.0,0.0,0.0,0.0,0.0,0.0,0,0
2019-02-07,0.0,0.0,0.0,0.0,0.0,0.0,0.0,0.0,0,0
2019-02-08,239316.26216061084,49999.99999999999,1984.126984126984,187332.13517648386,125000000.0,124999999.99999999,250000000.0,250000000.0,38,38
2019-02-11,0.0,49999.99999999999,0.0,-49999.99999999999,0.0,0.0,0.0,250000000.0,0,0
2019-02-12,0.0,0.0,0.0,0.0,0.0,0.0,0.0,0.0,0,0
2019-02-13,0.0,0.0,0.0,0.0,0.0,0.0,0.0,0.0,0,0
2019-02-14,0.0,0.0,0.0,0.0,0.0,0.0,0.0,0.0,0,0
2019-02-15,0.0,0.0,0.0,0.0,0.0,0.0,0.0,0.0,0,0
2019-02-19,0.0,0.0,0.0,0.0,0.0,0.0,0.0,0.0,0,0
2019-02-20,0.0,0.0,0.0,0.0,0.0,0.0,0.0,0.0,0,0
2019-02-21,0.0,0.0,0.0,0.0,0.0,0.0,0.0,0.0,0,0
2019-02-22,0.0,0.0,0.0,0.0,0.0,0.0,0.0,0.0,0,0
2019-02-25,0.0,0.0,0.0,0.0,0.0,0.0,0.0,0.0,0,0
2019-02-26,0.0,0.0,0.0,0.0,0.0,0.0,0.0,0.0,0,0
2019-02-27,0.0,0.0,0.0,0.0,0.0,0.0,0.0,0.0,0,0
2019-02-28,0.0,0.0,0.0,0.0,0.0,0.0,0.0,0.0,0,0
2019-03-01,0.0,0.0,0.0,0.0,0.0,0.0,0.0,0.0,0,0
2019-03-04,0.0,0.0,0.0,0.0,0.0,0.0,0.0,0.0,0,0
2019-03-05,0.0,0.0,0.0,0.0,0.0,0.0,0.0,0.0,0,0
2019-03-06,0.0,0.0,0.0,0.0,0.0,0.0,0.0,0.0,0,0
2019-03-07,0.0,0.0,0.0,0.0,0.0,0.0,0.0,0.0,0,0
2019-03-08,436224.7460690774,50000.00000000001,1984.126984126984,384240.6190849504,125000000.00000003,125000000.0,250000000.00000003,250000000.00000003,43,43
2019-03-11,0.0,50000.00000000001,0.0,-50000.00000000001,0.0,0.0,0.0,250000000.00000003,0,0
2019-03-12,0.0,0.0,0.0,0.0,0.0,0.0,0.0,0.0,0,0
2019-03-13,0.0,0.0,0.0,0.0,0.0,0.0,0.0,0.0,0,0
2019-03-14,0.0,0.0,0.0,0.0,0.0,0.0,0.0,0.0,0,0
2019-03-15,0.0,0.0,0.0,0.0,0.0,0.0,0.0,0.0,0,0
2019-03-18,0.0,0.0,0.0,0.0,0.0,0.0,0.0,0.0,0,0
2019-03-19,0.0,0.0,0.0,0.0,0.0,0.0,0.0,0.0,0,0
2019-03-20,0.0,0.0,0.0,0.0,0.0,0.0,0.0,0.0,0,0
2019-03-21,0.0,0.0,0.0,0.0,0.0,0.0,0.0,0.0,0,0
2019-03-22,0.0,0.0,0.0,0.0,0.0,0.0,0.0,0.0,0,0
2019-03-25,0.0,0.0,0.0,0.0,0.0,0.0,0.0,0.0,0,0
2019-03-26,0.0,0.0,0.0,0.0,0.0,0.0,0.0,0.0,0,0
2019-03-27,0.0,0.0,0.0,0.0,0.0,0.0,0.0,0.0,0,0
2019-03-28,0.0,0.0,0.0,0.0,0.0,0.0,0.0,0.0,0,0
2019-03-29,0.0,0.0,0.0,0.0,0.0,0.0,0.0,0.0,0,0
2019-04-01,0.0,0.0,0.0,0.0,0.0,0.0,0.0,0.0,0,0
2019-04-02,0.0,0.0,0.0,0.0,0.0,0.0,0.0,0.0,0,0
2019-04-03,0.0,0.0,0.0,0.0,0.0,0.0,0.0,0.0,0,0
2019-04-04,0.0,0.0,0.0,0.0,0.0,0.0,0.0,0.0,0,0
2019-04-05,0.0,0.0,0.0,0.0,0.0,0.0,0.0,0.0,0,0
2019-04-08,-734423.8253083245,49999.999999999985,1984.1269841269834,-786407.9522924515,125000000.0,125000000.0,250000000.0,250000000.0,43,43
2019-04-09,0.0,49999.999999999985,0.0,-49999.999999999985,0.0,0.0,0.0,250000000.0,0,0
2019-04-10,0.0,0.0,0.0,0.0,0.0,0.0,0.0,0.0,0,0
2019-04-11,0.0,0.0,0.0,0.0,0.0,0.0,0.0,0.0,0,0
2019-04-12,0.0,0.0,0.0,0.0,0.0,0.0,0.0,0.0,0,0
2019-04-15,0.0,0.0,0.0,0.0,0.0,0.0,0.0,0.0,0,0
2019-04-16,0.0,0.0,0.0,0.0,0.0,0.0,0.0,0.0,0,0
2019-04-17,0.0,0.0,0.0,0.0,0.0,0.0,0.0,0.0,0,0
2019-04-18,0.0,0.0,0.0,0.0,0.0,0.0,0.0,0.0,0,0
2019-04-22,-8877.273906637256,50000.000000000015,1984.1269841269846,-60861.40089076426,125000000.0,125000000.00000001,250000000.0,250000000.0,38,38
2019-04-23,-203126.226538236,100431.61299702569,1984.1269841269839,-305541.96651938866,125000000.0,124999999.99999999,250000000.0,330297458.60512155,38,38
2019-04-24,0.0,49999.999999999985,0.0,-49999.999999999985,0.0,0.0,0.0,250000000.0,0,0
2019-04-25,-892607.8343948165,50000.000000000015,1984.126984126984,-944591.9613789435,125000000.00000001,125000000.00000001,250000000.00000003,250000000.00000003,34,34
2019-04-26,0.0,50000.000000000015,0.0,-50000.000000000015,0.0,0.0,0.0,250000000.00000003,0,0
2019-04-29,0.0,0.0,0.0,0.0,0.0,0.0,0.0,0.0,0,0
2019-04-30,0.0,0.0,0.0,0.0,0.0,0.0,0.0,0.0,0,0
2019-05-01,0.0,0.0,0.0,0.0,0.0,0.0,0.0,0.0,0,0
2019-05-02,0.0,0.0,0.0,0.0,0.0,0.0,0.0,0.0,0,0
2019-05-03,0.0,0.0,0.0,0.0,0.0,0.0,0.0,0.0,0,0
2019-05-06,-1192777.3726291712,50000.00000000001,1984.1269841269846,-1244761.4996132983,125000000.0,124999999.99999999,250000000.0,250000000.0,38,38
2019-05-07,-629767.6870806711,100683.90153540099,1984.1269841269839,-732435.7156001991,125000000.0,124999999.99999999,250000000.0,381554891.78974897,40,40
2019-05-08,0.0,50000.00000000002,0.0,-50000.00000000002,0.0,0.0,0.0,249999999.99999997,0,0
2019-05-09,-499802.9516453993,49999.999999999985,1984.1269841269843,-551787.0786295263,125000000.0,124999999.99999999,250000000.0,250000000.0,40,40
2019-05-10,0.0,49999.999999999985,0.0,-49999.999999999985,0.0,0.0,0.0,250000000.0,0,0
2019-05-13,1122614.6246419754,50000.000000000015,1984.1269841269839,1070630.4976578483,125000000.0,125000000.0,250000000.0,250000000.0,43,43
2019-05-14,-1292340.8895007696,100622.72535412245,1984.1269841269839,-1394947.741839019,125000000.00000001,125000000.0,250000000.0,314826366.8627312,43,43
2019-05-15,-168274.17589949138,100000.00000000004,1984.1269841269846,-270258.3028836184,124999999.99999999,124999999.99999999,249999999.99999997,270119870.17487794,43,43
2019-05-16,-681698.9936823561,102310.20520954017,1984.1269841269848,-785993.3258760233,125000000.0,125000000.00000003,250000000.00000003,308303331.42365056,43,43
2019-05-17,0.0,50000.0,0.0,-50000.0,0.0,0.0,0.0,250000000.00000003,0,0
2019-05-20,0.0,0.0,0.0,0.0,0.0,0.0,0.0,0.0,0,0
2019-05-21,0.0,0.0,0.0,0.0,0.0,0.0,0.0,0.0,0,0
2019-05-22,0.0,0.0,0.0,0.0,0.0,0.0,0.0,0.0,0,0
2019-05-23,0.0,0.0,0.0,0.0,0.0,0.0,0.0,0.0,0,0
2019-05-24,0.0,0.0,0.0,0.0,0.0,0.0,0.0,0.0,0,0
2019-05-28,0.0,0.0,0.0,0.0,0.0,0.0,0.0,0.0,0,0
2019-05-29,0.0,0.0,0.0,0.0,0.0,0.0,0.0,0.0,0,0
2019-05-30,0.0,0.0,0.0,0.0,0.0,0.0,0.0,0.0,0,0
2019-05-31,0.0,0.0,0.0,0.0,0.0,0.0,0.0,0.0,0,0
2019-06-03,0.0,0.0,0.0,0.0,0.0,0.0,0.0,0.0,0,0
2019-06-04,0.0,0.0,0.0,0.0,0.0,0.0,0.0,0.0,0,0
2019-06-05,0.0,0.0,0.0,0.0,0.0,0.0,0.0,0.0,0,0
2019-06-06,0.0,0.0,0.0,0.0,0.0,0.0,0.0,0.0,0,0
2019-06-07,0.0,0.0,0.0,0.0,0.0,0.0,0.0,0.0,0,0
2019-06-10,0.0,0.0,0.0,0.0,0.0,0.0,0.0,0.0,0,0
2019-06-11,0.0,0.0,0.0,0.0,0.0,0.0,0.0,0.0,0,0
2019-06-12,0.0,0.0,0.0,0.0,0.0,0.0,0.0,0.0,0,0
2019-06-13,0.0,0.0,0.0,0.0,0.0,0.0,0.0,0.0,0,0
2019-06-14,0.0,0.0,0.0,0.0,0.0,0.0,0.0,0.0,0,0
2019-06-17,0.0,0.0,0.0,0.0,0.0,0.0,0.0,0.0,0,0
2019-06-18,0.0,0.0,0.0,0.0,0.0,0.0,0.0,0.0,0,0
2019-06-19,0.0,0.0,0.0,0.0,0.0,0.0,0.0,0.0,0,0
2019-06-20,0.0,0.0,0.0,0.0,0.0,0.0,0.0,0.0,0,0
2019-06-21,0.0,0.0,0.0,0.0,0.0,0.0,0.0,0.0,0,0
2019-06-24,0.0,0.0,0.0,0.0,0.0,0.0,0.0,0.0,0,0
2019-06-25,0.0,0.0,0.0,0.0,0.0,0.0,0.0,0.0,0,0
2019-06-26,0.0,0.0,0.0,0.0,0.0,0.0,0.0,0.0,0,0
2019-06-27,0.0,0.0,0.0,0.0,0.0,0.0,0.0,0.0,0,0
2019-06-28,0.0,0.0,0.0,0.0,0.0,0.0,0.0,0.0,0,0
2019-07-01,0.0,0.0,0.0,0.0,0.0,0.0,0.0,0.0,0,0
2019-07-02,0.0,0.0,0.0,0.0,0.0,0.0,0.0,0.0,0,0
2019-07-03,0.0,0.0,0.0,0.0,0.0,0.0,0.0,0.0,0,0
2019-07-05,0.0,0.0,0.0,0.0,0.0,0.0,0.0,0.0,0,0
2019-07-08,0.0,0.0,0.0,0.0,0.0,0.0,0.0,0.0,0,0
2019-07-09,0.0,0.0,0.0,0.0,0.0,0.0,0.0,0.0,0,0
2019-07-10,0.0,0.0,0.0,0.0,0.0,0.0,0.0,0.0,0,0
2019-07-11,0.0,0.0,0.0,0.0,0.0,0.0,0.0,0.0,0,0
2019-07-12,0.0,0.0,0.0,0.0,0.0,0.0,0.0,0.0,0,0
2019-07-15,0.0,0.0,0.0,0.0,0.0,0.0,0.0,0.0,0,0
2019-07-16,0.0,0.0,0.0,0.0,0.0,0.0,0.0,0.0,0,0
2019-07-17,0.0,0.0,0.0,0.0,0.0,0.0,0.0,0.0,0,0
2019-07-18,0.0,0.0,0.0,0.0,0.0,0.0,0.0,0.0,0,0
2019-07-19,0.0,0.0,0.0,0.0,0.0,0.0,0.0,0.0,0,0
2019-07-22,0.0,0.0,0.0,0.0,0.0,0.0,0.0,0.0,0,0
2019-07-23,0.0,0.0,0.0,0.0,0.0,0.0,0.0,0.0,0,0
2019-07-24,0.0,0.0,0.0,0.0,0.0,0.0,0.0,0.0,0,0
2019-07-25,0.0,0.0,0.0,0.0,0.0,0.0,0.0,0.0,0,0
2019-07-26,0.0,0.0,0.0,0.0,0.0,0.0,0.0,0.0,0,0
2019-07-29,0.0,0.0,0.0,0.0,0.0,0.0,0.0,0.0,0,0
2019-07-30,0.0,0.0,0.0,0.0,0.0,0.0,0.0,0.0,0,0
2019-07-31,0.0,0.0,0.0,0.0,0.0,0.0,0.0,0.0,0,0
2019-08-01,0.0,0.0,0.0,0.0,0.0,0.0,0.0,0.0,0,0
2019-08-02,0.0,0.0,0.0,0.0,0.0,0.0,0.0,0.0,0,0
2019-08-05,0.0,0.0,0.0,0.0,0.0,0.0,0.0,0.0,0,0
2019-08-06,0.0,0.0,0.0,0.0,0.0,0.0,0.0,0.0,0,0
2019-08-07,0.0,0.0,0.0,0.0,0.0,0.0,0.0,0.0,0,0
2019-08-08,0.0,0.0,0.0,0.0,0.0,0.0,0.0,0.0,0,0
2019-08-09,0.0,0.0,0.0,0.0,0.0,0.0,0.0,0.0,0,0
2019-08-12,0.0,0.0,0.0,0.0,0.0,0.0,0.0,0.0,0,0
2019-08-13,0.0,0.0,0.0,0.0,0.0,0.0,0.0,0.0,0,0
2019-08-14,0.0,0.0,0.0,0.0,0.0,0.0,0.0,0.0,0,0
2019-08-15,0.0,0.0,0.0,0.0,0.0,0.0,0.0,0.0,0,0
2019-08-16,0.0,0.0,0.0,0.0,0.0,0.0,0.0,0.0,0,0
2019-08-19,0.0,0.0,0.0,0.0,0.0,0.0,0.0,0.0,0,0
2019-08-20,0.0,0.0,0.0,0.0,0.0,0.0,0.0,0.0,0,0
2019-08-21,0.0,0.0,0.0,0.0,0.0,0.0,0.0,0.0,0,0
2019-08-22,0.0,0.0,0.0,0.0,0.0,0.0,0.0,0.0,0,0
2019-08-23,0.0,0.0,0.0,0.0,0.0,0.0,0.0,0.0,0,0
2019-08-26,0.0,0.0,0.0,0.0,0.0,0.0,0.0,0.0,0,0
2019-08-27,0.0,0.0,0.0,0.0,0.0,0.0,0.0,0.0,0,0
2019-08-28,0.0,0.0,0.0,0.0,0.0,0.0,0.0,0.0,0,0
2019-08-29,0.0,0.0,0.0,0.0,0.0,0.0,0.0,0.0,0,0
2019-08-30,0.0,0.0,0.0,0.0,0.0,0.0,0.0,0.0,0,0
2019-09-03,0.0,0.0,0.0,0.0,0.0,0.0,0.0,0.0,0,0
2019-09-04,0.0,0.0,0.0,0.0,0.0,0.0,0.0,0.0,0,0
2019-09-05,0.0,0.0,0.0,0.0,0.0,0.0,0.0,0.0,0,0
2019-09-06,0.0,0.0,0.0,0.0,0.0,0.0,0.0,0.0,0,0
2019-09-09,0.0,0.0,0.0,0.0,0.0,0.0,0.0,0.0,0,0
2019-09-10,0.0,0.0,0.0,0.0,0.0,0.0,0.0,0.0,0,0
2019-09-11,0.0,0.0,0.0,0.0,0.0,0.0,0.0,0.0,0,0
2019-09-12,0.0,0.0,0.0,0.0,0.0,0.0,0.0,0.0,0,0
2019-09-13,0.0,0.0,0.0,0.0,0.0,0.0,0.0,0.0,0,0
2019-09-16,0.0,0.0,0.0,0.0,0.0,0.0,0.0,0.0,0,0
2019-09-17,0.0,0.0,0.0,0.0,0.0,0.0,0.0,0.0,0,0
2019-09-18,0.0,0.0,0.0,0.0,0.0,0.0,0.0,0.0,0,0
2019-09-19,0.0,0.0,0.0,0.0,0.0,0.0,0.0,0.0,0,0
2019-09-20,0.0,0.0,0.0,0.0,0.0,0.0,0.0,0.0,0,0
2019-09-23,0.0,0.0,0.0,0.0,0.0,0.0,0.0,0.0,0,0
2019-09-24,0.0,0.0,0.0,0.0,0.0,0.0,0.0,0.0,0,0
2019-09-25,0.0,0.0,0.0,0.0,0.0,0.0,0.0,0.0,0,0
2019-09-26,0.0,0.0,0.0,0.0,0.0,0.0,0.0,0.0,0,0
2019-09-27,0.0,0.0,0.0,0.0,0.0,0.0,0.0,0.0,0,0
2019-09-30,0.0,0.0,0.0,0.0,0.0,0.0,0.0,0.0,0,0
2019-10-01,0.0,0.0,0.0,0.0,0.0,0.0,0.0,0.0,0,0
2019-10-02,0.0,0.0,0.0,0.0,0.0,0.0,0.0,0.0,0,0
2019-10-03,0.0,0.0,0.0,0.0,0.0,0.0,0.0,0.0,0,0
2019-10-04,0.0,0.0,0.0,0.0,0.0,0.0,0.0,0.0,0,0
2019-10-07,0.0,0.0,0.0,0.0,0.0,0.0,0.0,0.0,0,0
2019-10-08,0.0,0.0,0.0,0.0,0.0,0.0,0.0,0.0,0,0
2019-10-09,0.0,0.0,0.0,0.0,0.0,0.0,0.0,0.0,0,0
2019-10-10,0.0,0.0,0.0,0.0,0.0,0.0,0.0,0.0,0,0
2019-10-11,0.0,0.0,0.0,0.0,0.0,0.0,0.0,0.0,0,0
2019-10-14,0.0,0.0,0.0,0.0,0.0,0.0,0.0,0.0,0,0
2019-10-15,0.0,0.0,0.0,0.0,0.0,0.0,0.0,0.0,0,0
2019-10-16,0.0,0.0,0.0,0.0,0.0,0.0,0.0,0.0,0,0
2019-10-17,0.0,0.0,0.0,0.0,0.0,0.0,0.0,0.0,0,0
2019-10-18,0.0,0.0,0.0,0.0,0.0,0.0,0.0,0.0,0,0
2019-10-21,0.0,0.0,0.0,0.0,0.0,0.0,0.0,0.0,0,0
2019-10-22,0.0,0.0,0.0,0.0,0.0,0.0,0.0,0.0,0,0
2019-10-23,0.0,0.0,0.0,0.0,0.0,0.0,0.0,0.0,0,0
2019-10-24,0.0,0.0,0.0,0.0,0.0,0.0,0.0,0.0,0,0
2019-10-25,0.0,0.0,0.0,0.0,0.0,0.0,0.0,0.0,0,0
2019-10-28,0.0,0.0,0.0,0.0,0.0,0.0,0.0,0.0,0,0
2019-10-29,0.0,0.0,0.0,0.0,0.0,0.0,0.0,0.0,0,0
2019-10-30,0.0,0.0,0.0,0.0,0.0,0.0,0.0,0.0,0,0
2019-10-31,0.0,0.0,0.0,0.0,0.0,0.0,0.0,0.0,0,0
2019-11-01,0.0,0.0,0.0,0.0,0.0,0.0,0.0,0.0,0,0
2019-11-04,0.0,0.0,0.0,0.0,0.0,0.0,0.0,0.0,0,0
2019-11-05,0.0,0.0,0.0,0.0,0.0,0.0,0.0,0.0,0,0
2019-11-06,0.0,0.0,0.0,0.0,0.0,0.0,0.0,0.0,0,0
2019-11-07,0.0,0.0,0.0,0.0,0.0,0.0,0.0,0.0,0,0
2019-11-08,0.0,0.0,0.0,0.0,0.0,0.0,0.0,0.0,0,0
2019-11-11,0.0,0.0,0.0,0.0,0.0,0.0,0.0,0.0,0,0
2019-11-12,0.0,0.0,0.0,0.0,0.0,0.0,0.0,0.0,0,0
2019-11-13,0.0,0.0,0.0,0.0,0.0,0.0,0.0,0.0,0,0
2019-11-14,0.0,0.0,0.0,0.0,0.0,0.0,0.0,0.0,0,0
2019-11-15,0.0,0.0,0.0,0.0,0.0,0.0,0.0,0.0,0,0
2019-11-18,0.0,0.0,0.0,0.0,0.0,0.0,0.0,0.0,0,0
2019-11-19,0.0,0.0,0.0,0.0,0.0,0.0,0.0,0.0,0,0
2019-11-20,0.0,0.0,0.0,0.0,0.0,0.0,0.0,0.0,0,0
2019-11-21,0.0,0.0,0.0,0.0,0.0,0.0,0.0,0.0,0,0
2019-11-22,0.0,0.0,0.0,0.0,0.0,0.0,0.0,0.0,0,0
2019-11-25,0.0,0.0,0.0,0.0,0.0,0.0,0.0,0.0,0,0
2019-11-26,0.0,0.0,0.0,0.0,0.0,0.0,0.0,0.0,0,0
2019-11-27,0.0,0.0,0.0,0.0,0.0,0.0,0.0,0.0,0,0
2019-11-29,0.0,0.0,0.0,0.0,0.0,0.0,0.0,0.0,0,0
2019-12-02,0.0,0.0,0.0,0.0,0.0,0.0,0.0,0.0,0,0
2019-12-03,1423352.9106857383,50000.0,1984.1269841269836,1371368.7837016112,124999999.99999999,124999999.99999999,249999999.99999997,249999999.99999997,42,42
2019-12-04,0.0,50000.0,0.0,-50000.0,0.0,0.0,0.0,249999999.99999997,0,0
2019-12-05,0.0,0.0,0.0,0.0,0.0,0.0,0.0,0.0,0,0
2019-12-06,0.0,0.0,0.0,0.0,0.0,0.0,0.0,0.0,0,0
2019-12-09,0.0,0.0,0.0,0.0,0.0,0.0,0.0,0.0,0,0
2019-12-10,0.0,0.0,0.0,0.0,0.0,0.0,0.0,0.0,0,0
2019-12-11,0.0,0.0,0.0,0.0,0.0,0.0,0.0,0.0,0,0
2019-12-12,0.0,0.0,0.0,0.0,0.0,0.0,0.0,0.0,0,0
2019-12-13,0.0,0.0,0.0,0.0,0.0,0.0,0.0,0.0,0,0
2019-12-16,0.0,0.0,0.0,0.0,0.0,0.0,0.0,0.0,0,0
2019-12-17,0.0,0.0,0.0,0.0,0.0,0.0,0.0,0.0,0,0
2019-12-18,0.0,0.0,0.0,0.0,0.0,0.0,0.0,0.0,0,0
2019-12-19,0.0,0.0,0.0,0.0,0.0,0.0,0.0,0.0,0,0
2019-12-20,0.0,0.0,0.0,0.0,0.0,0.0,0.0,0.0,0,0
2019-12-23,0.0,0.0,0.0,0.0,0.0,0.0,0.0,0.0,0,0
2019-12-24,0.0,0.0,0.0,0.0,0.0,0.0,0.0,0.0,0,0
2019-12-26,0.0,0.0,0.0,0.0,0.0,0.0,0.0,0.0,0,0
2019-12-27,0.0,0.0,0.0,0.0,0.0,0.0,0.0,0.0,0,0
2019-12-30,0.0,0.0,0.0,0.0,0.0,0.0,0.0,0.0,0,0
2019-12-31,798490.9670613674,50000.000000000015,1984.1269841269846,746506.8400772404,125000000.0,125000000.00000003,250000000.00000003,250000000.00000003,43,43
2020-01-02,-1028023.7275780977,100000.0,1984.126984126984,-1130007.8545622248,124999999.99999999,125000000.0,250000000.0,367615895.87759215,43,43
2020-01-03,-854571.3133810074,99999.99999999999,1984.1269841269834,-956555.4403651344,125000000.00000001,124999999.99999999,250000000.0,373930497.25593436,43,43
2020-01-06,628912.5336397988,99999.99999999994,1984.1269841269832,526928.4066556719,125000000.00000001,125000000.0,250000000.0,358250487.1683928,43,43
2020-01-07,-8090.679468464239,99999.99999999997,1984.1269841269843,-110074.80645259119,125000000.0,125000000.00000001,250000000.0,383535904.0820682,43,43
2020-01-08,0.0,50000.00000000001,0.0,-50000.00000000001,0.0,0.0,0.0,250000000.0,0,0
2020-01-09,0.0,0.0,0.0,0.0,0.0,0.0,0.0,0.0,0,0
2020-01-10,0.0,0.0,0.0,0.0,0.0,0.0,0.0,0.0,0,0
2020-01-13,0.0,0.0,0.0,0.0,0.0,0.0,0.0,0.0,0,0
2020-01-14,0.0,0.0,0.0,0.0,0.0,0.0,0.0,0.0,0,0
2020-01-15,0.0,0.0,0.0,0.0,0.0,0.0,0.0,0.0,0,0
2020-01-16,0.0,0.0,0.0,0.0,0.0,0.0,0.0,0.0,0,0
2020-01-17,0.0,0.0,0.0,0.0,0.0,0.0,0.0,0.0,0,0
2020-01-21,0.0,0.0,0.0,0.0,0.0,0.0,0.0,0.0,0,0
2020-01-22,0.0,0.0,0.0,0.0,0.0,0.0,0.0,0.0,0,0
2020-01-23,0.0,0.0,0.0,0.0,0.0,0.0,0.0,0.0,0,0
2020-01-24,0.0,0.0,0.0,0.0,0.0,0.0,0.0,0.0,0,0
2020-01-27,1072436.0414476038,50000.0,1984.126984126984,1020451.9144634769,125000000.00000001,125000000.0,250000000.0,250000000.00000003,41,41
2020-01-28,417735.01583596127,100717.62757465841,1984.126984126984,315033.26127717586,125000000.00000001,125000000.0,250000000.0,377217147.29163694,40,40
2020-01-29,0.0,50000.000000000015,0.0,-50000.000000000015,0.0,0.0,0.0,250000000.00000003,0,0
2020-01-30,-716289.3973617199,50000.00000000002,1984.126984126984,-768273.5243458468,124999999.99999999,125000000.0,250000000.0,250000000.0,36,36
2020-01-31,318082.2848698086,100922.25789470431,1984.126984126984,215175.8999909773,125000000.00000001,125000000.00000001,250000000.00000003,297112568.74038446,38,38
2020-02-03,1768076.3198666372,101777.16359397848,1984.126984126984,1664315.0292885317,125000000.0,125000000.00000001,250000000.0,361748723.2064801,39,39
2020-02-04,0.0,50000.000000000015,0.0,-50000.000000000015,0.0,0.0,0.0,250000000.00000003,0,0
2020-02-05,0.0,0.0,0.0,0.0,0.0,0.0,0.0,0.0,0,0
2020-02-06,0.0,0.0,0.0,0.0,0.0,0.0,0.0,0.0,0,0
2020-02-07,-416465.48137774045,50000.00000000003,1984.1269841269848,-468449.6083618675,125000000.0,125000000.00000001,250000000.0,250000000.00000003,40,40
2020-02-10,0.0,50000.00000000003,0.0,-50000.00000000003,0.0,0.0,0.0,250000000.00000003,0,0
2020-02-11,0.0,0.0,0.0,0.0,0.0,0.0,0.0,0.0,0,0
2020-02-12,0.0,0.0,0.0,0.0,0.0,0.0,0.0,0.0,0,0
2020-02-13,0.0,0.0,0.0,0.0,0.0,0.0,0.0,0.0,0,0
2020-02-14,0.0,0.0,0.0,0.0,0.0,0.0,0.0,0.0,0,0
2020-02-18,0.0,0.0,0.0,0.0,0.0,0.0,0.0,0.0,0,0
2020-02-19,0.0,0.0,0.0,0.0,0.0,0.0,0.0,0.0,0,0
2020-02-20,0.0,0.0,0.0,0.0,0.0,0.0,0.0,0.0,0,0
2020-02-21,0.0,0.0,0.0,0.0,0.0,0.0,0.0,0.0,0,0
2020-02-24,1023351.4578361728,49999.999999999985,1984.1269841269839,971367.3308520458,125000000.0,124999999.99999999,250000000.0,249999999.99999997,41,41
2020-02-25,104803.46629276885,101828.36111889714,1984.1269841269846,990.9781897447224,125000000.0,124999999.99999999,250000000.0,378706366.84391713,41,41
2020-02-26,-1639824.8037845588,106234.03496779024,1984.1269841269848,-1748042.965736476,125000000.0,125000000.00000001,250000000.0,401529002.1572249,40,40
2020-02-27,-1980403.3393973438,99999.99999999996,1984.126984126984,-2082387.466381471,124999999.99999999,125000000.0,250000000.0,390548608.7700596,40,40
2020-02-28,788615.4465603451,99999.99999999999,1984.126984126984,686631.3195762181,125000000.00000001,125000000.0,250000000.0,396724909.81331444,41,41
2020-03-02,931601.7752217225,102865.45059053268,1984.1269841269839,826752.197647063,125000000.0,125000000.0,250000000.0,403037126.055777,43,43
2020-03-03,-14665.915303522204,104714.81617085577,1984.1269841269836,-121364.85845850495,125000000.00000001,125000000.0,250000000.0,422749591.8127678,44,44
2020-03-04,-940030.472891422,103808.67455564071,1984.1269841269846,-1045823.2744311896,124999999.99999999,125000000.0,250000000.0,428711269.89430374,44,44
2020-03-05,-1661994.331873596,100766.9403612967,1984.1269841269843,-1764745.3992190198,125000000.0,125000000.00000004,250000000.00000006,409380506.3732325,44,44
2020-03-06,0.0,50000.00000000001,0.0,-50000.00000000001,0.0,0.0,0.0,250000000.00000003,0,0
2020-03-09,0.0,0.0,0.0,0.0,0.0,0.0,0.0,0.0,0,0
2020-03-10,0.0,0.0,0.0,0.0,0.0,0.0,0.0,0.0,0,0
2020-03-11,0.0,0.0,0.0,0.0,0.0,0.0,0.0,0.0,0,0
2020-03-12,0.0,0.0,0.0,0.0,0.0,0.0,0.0,0.0,0,0
2020-03-13,0.0,0.0,0.0,0.0,0.0,0.0,0.0,0.0,0,0
2020-03-16,0.0,0.0,0.0,0.0,0.0,0.0,0.0,0.0,0,0
2020-03-17,0.0,0.0,0.0,0.0,0.0,0.0,0.0,0.0,0,0
2020-03-18,0.0,0.0,0.0,0.0,0.0,0.0,0.0,0.0,0,0
2020-03-19,0.0,0.0,0.0,0.0,0.0,0.0,0.0,0.0,0,0
2020-03-20,0.0,0.0,0.0,0.0,0.0,0.0,0.0,0.0,0,0
2020-03-23,0.0,0.0,0.0,0.0,0.0,0.0,0.0,0.0,0,0
2020-03-24,2751432.931609522,50000.00000000001,1984.1269841269836,2699448.804625395,125000000.0,124999999.99999999,250000000.0,250000000.0,40,40
2020-03-25,-553240.8413884874,99999.99999999996,1984.1269841269848,-655224.9683726144,125000000.0,125000000.00000003,250000000.00000003,423122203.5643282,36,36
2020-03-26,65759.71888469011,102187.58112386592,1984.126984126984,-38411.98922330279,125000000.0,124999999.99999999,250000000.0,433689615.0440191,35,35
2020-03-27,1624633.393529253,106833.96154456718,1984.1269841269836,1515815.3050005587,125000000.0,124999999.99999999,250000000.0,477822661.5624418,35,35
2020-03-30,757017.4507678874,107026.67007854463,1984.126984126984,648006.6537052158,125000000.0,124999999.99999999,250000000.0,455432842.0158454,34,34
2020-03-31,133368.6707694871,107900.94650873494,1984.1269841269848,23483.597276625176,124999999.99999999,125000000.00000003,250000000.0,466604751.0607341,34,34
2020-04-01,-65190.66005655458,100000.0,1984.126984126984,-167174.78704068158,124999999.99999999,125000000.0,250000000.0,446682262.84843177,35,35
2020-04-02,1874618.039902538,99999.99999999999,1984.126984126984,1772633.912918411,124999999.99999999,125000000.0,250000000.0,393256964.68268645,34,34
2020-04-03,1651387.2709761183,100000.00000000001,1984.1269841269834,1549403.1439919912,125000000.00000001,124999999.99999999,250000000.0,348153896.16848564,34,34
2020-04-06,5800094.133002455,100000.00000000003,1984.126984126984,5698110.0060183285,125000000.00000001,125000000.0,250000000.0,390301994.35048884,34,34
2020-04-07,1617577.6482953583,100851.28925533005,1984.126984126984,1514742.232055901,125000000.0,125000000.00000003,250000000.00000003,370888250.699558,34,34
2020-04-08,-152586.8148855073,104064.97724661906,1984.1269841269836,-258635.91911625335,124999999.99999997,125000000.0,249999999.99999997,413720576.16298985,34,34
2020-04-09,14016.408954182989,100000.0,1984.126984126984,-87967.718029944,125000000.00000001,125000000.00000001,250000000.00000003,387076657.40529066,34,34
2020-04-13,-185070.48561085027,99999.99999999997,1984.1269841269834,-287054.61259497725,125000000.0,124999999.99999999,250000000.0,365841852.8746961,36,36
2020-04-14,2175354.646918011,101180.50608000475,1984.1269841269846,2072190.013853879,125000000.0,125000000.0,250000000.0,400800541.21744806,36,36
2020-04-15,527420.570349453,99999.99999999994,1984.1269841269843,425436.4433653261,125000000.0,125000000.00000001,250000000.0,408313807.3815115,38,38
2020-04-16,1951637.763202229,101327.11196647114,1984.1269841269836,1848326.5242516308,124999999.99999999,125000000.0,250000000.0,454424607.1563578,38,38
2020-04-17,539795.1974675485,100000.00000000003,1984.126984126984,437811.07048342156,124999999.99999999,125000000.00000001,250000000.0,476276504.6261758,40,40
2020-04-20,-16324.687944268342,101087.9202614088,1984.1269841269839,-119396.73518980412,124999999.99999997,125000000.00000001,250000000.0,440405285.4960111,40,40
2020-04-21,-942529.1546968437,101921.15270061961,1984.1269841269843,-1046434.4343815903,125000000.0,125000000.0,250000000.0,421460331.0149368,39,39
2020-04-22,-342898.8510143199,101625.96963237261,1984.1269841269839,-446508.9476308195,125000000.00000001,125000000.0,250000000.0,459433253.2860748,37,37
2020-04-23,369049.3024674067,104901.09314986884,1984.126984126984,262164.0823334109,125000000.0,125000000.0,250000000.0,432256552.3840338,39,39
2020-04-24,740794.8382272589,100000.00000000004,1984.1269841269839,638810.7112431319,125000000.00000001,125000000.0,250000000.0,396138692.31545025,40,40
2020-04-27,-2005634.4247899784,100000.00000000001,1984.1269841269846,-2107618.5517741055,125000000.0,125000000.0,250000000.0,373868429.94687897,40,40
2020-04-28,-1380940.4078254986,103304.66632208356,1984.1269841269843,-1486229.2011317092,124999999.99999999,125000000.00000001,250000000.0,437022049.4158988,38,38
2020-04-29,1985411.214773197,102582.19451188693,1984.1269841269843,1880844.893277183,125000000.00000001,125000000.00000003,250000000.00000006,418417868.94284344,34,34
2020-04-30,3055116.0669711633,100000.0,1984.126984126984,2953131.9399870364,125000000.0,125000000.0,250000000.0,313158810.8897699,34,34
2020-05-01,1346992.634563938,100000.00000000003,1984.126984126984,1245008.507579811,125000000.00000001,125000000.00000003,250000000.00000006,349786915.213328,37,37
2020-05-04,-611285.8425829139,100000.00000000003,1984.1269841269834,-713269.9695670409,124999999.99999999,124999999.99999999,249999999.99999997,369523418.11410517,37,37
2020-05-05,-451648.90643353143,100000.0,1984.1269841269843,-553633.0334176584,125000000.00000001,125000000.00000001,250000000.00000003,369000024.16282773,37,37
2020-05-06,-1084789.3131591724,99999.99999999996,1984.1269841269836,-1186773.4401432995,125000000.00000003,124999999.99999999,250000000.0,380905583.5742516,33,33
2020-05-07,0.0,50000.00000000001,0.0,-50000.00000000001,0.0,0.0,0.0,250000000.0,0,0
2020-05-08,932315.5063505031,50000.000000000015,1984.126984126984,880331.3793663761,125000000.0,125000000.0,250000000.0,250000000.0,35,35
2020-05-11,-549568.199692802,100000.00000000001,1984.1269841269839,-651552.326676929,125000000.0,125000000.0,250000000.0,358383925.9691625,39,39
2020-05-12,437173.99278302887,100000.0,1984.1269841269836,335189.8657989019,124999999.99999999,124999999.99999999,249999999.99999997,378773128.90580744,42,42
2020-05-13,0.0,49999.99999999999,0.0,-49999.99999999999,0.0,0.0,0.0,249999999.99999997,0,0
2020-05-14,-1313632.2316130823,49999.99999999999,1984.1269841269836,-1365616.3585972094,125000000.00000001,124999999.99999999,250000000.0,250000000.0,43,43
2020-05-15,0.0,49999.99999999999,0.0,-49999.99999999999,0.0,0.0,0.0,250000000.0,0,0
2020-05-18,12452.721404253629,50000.0,1984.1269841269846,-39531.40557987335,125000000.00000003,125000000.0,250000000.00000003,250000000.00000003,43,43
2020-05-19,-261678.88233256413,104419.23174467358,1984.1269841269836,-368082.2410613647,125000000.00000001,125000000.00000001,250000000.00000003,452381768.63560504,43,43
2020-05-20,97443.97021357808,103019.64204223566,1984.126984126984,-7559.798812784562,124999999.99999999,125000000.0,250000000.0,439945002.7606102,43,43
2020-05-21,16662.711129209125,101076.57894399007,1984.1269841269846,-86397.99479890792,124999999.99999999,125000000.0,250000000.0,324958095.5617044,43,43
2020-05-22,-5230314.511500018,100000.00000000001,1984.126984126984,-5332298.638484145,125000000.0,125000000.0,250000000.0,342488850.2886575,43,43
2020-05-26,-5089159.892416693,100000.00000000004,1984.126984126984,-5191144.01940082,125000000.0,125000000.0,250000000.0,308954940.37968767,43,43
2020-05-27,0.0,50000.00000000002,0.0,-50000.00000000002,0.0,0.0,0.0,250000000.0,0,0
2020-05-28,0.0,0.0,0.0,0.0,0.0,0.0,0.0,0.0,0,0
2020-05-29,-420407.14072234917,50000.00000000004,1984.1269841269836,-472391.2677064762,124999999.99999999,124999999.99999999,249999999.99999997,249999999.99999997,43,43
2020-06-01,0.0,50000.00000000004,0.0,-50000.00000000004,0.0,0.0,0.0,249999999.99999997,0,0
2020-06-02,0.0,0.0,0.0,0.0,0.0,0.0,0.0,0.0,0,0
2020-06-03,0.0,0.0,0.0,0.0,0.0,0.0,0.0,0.0,0,0
2020-06-04,0.0,0.0,0.0,0.0,0.0,0.0,0.0,0.0,0,0
2020-06-05,0.0,0.0,0.0,0.0,0.0,0.0,0.0,0.0,0,0
2020-06-08,0.0,0.0,0.0,0.0,0.0,0.0,0.0,0.0,0,0
2020-06-09,0.0,0.0,0.0,0.0,0.0,0.0,0.0,0.0,0,0
2020-06-10,0.0,0.0,0.0,0.0,0.0,0.0,0.0,0.0,0,0
2020-06-11,0.0,0.0,0.0,0.0,0.0,0.0,0.0,0.0,0,0
2020-06-12,0.0,0.0,0.0,0.0,0.0,0.0,0.0,0.0,0,0
2020-06-15,0.0,0.0,0.0,0.0,0.0,0.0,0.0,0.0,0,0
2020-06-16,0.0,0.0,0.0,0.0,0.0,0.0,0.0,0.0,0,0
2020-06-17,0.0,0.0,0.0,0.0,0.0,0.0,0.0,0.0,0,0
2020-06-18,0.0,0.0,0.0,0.0,0.0,0.0,0.0,0.0,0,0
2020-06-19,0.0,0.0,0.0,0.0,0.0,0.0,0.0,0.0,0,0
2020-06-22,0.0,0.0,0.0,0.0,0.0,0.0,0.0,0.0,0,0
2020-06-23,0.0,0.0,0.0,0.0,0.0,0.0,0.0,0.0,0,0
2020-06-24,0.0,0.0,0.0,0.0,0.0,0.0,0.0,0.0,0,0
2020-06-25,0.0,0.0,0.0,0.0,0.0,0.0,0.0,0.0,0,0
2020-06-26,0.0,0.0,0.0,0.0,0.0,0.0,0.0,0.0,0,0
2020-06-29,0.0,0.0,0.0,0.0,0.0,0.0,0.0,0.0,0,0
2020-06-30,0.0,0.0,0.0,0.0,0.0,0.0,0.0,0.0,0,0
2020-07-01,0.0,0.0,0.0,0.0,0.0,0.0,0.0,0.0,0,0
2020-07-02,0.0,0.0,0.0,0.0,0.0,0.0,0.0,0.0,0,0
2020-07-06,0.0,0.0,0.0,0.0,0.0,0.0,0.0,0.0,0,0
2020-07-07,0.0,0.0,0.0,0.0,0.0,0.0,0.0,0.0,0,0
2020-07-08,0.0,0.0,0.0,0.0,0.0,0.0,0.0,0.0,0,0
2020-07-09,0.0,0.0,0.0,0.0,0.0,0.0,0.0,0.0,0,0
2020-07-10,0.0,0.0,0.0,0.0,0.0,0.0,0.0,0.0,0,0
2020-07-13,0.0,0.0,0.0,0.0,0.0,0.0,0.0,0.0,0,0
2020-07-14,0.0,0.0,0.0,0.0,0.0,0.0,0.0,0.0,0,0
2020-07-15,0.0,0.0,0.0,0.0,0.0,0.0,0.0,0.0,0,0
2020-07-16,0.0,0.0,0.0,0.0,0.0,0.0,0.0,0.0,0,0
2020-07-17,0.0,0.0,0.0,0.0,0.0,0.0,0.0,0.0,0,0
2020-07-20,0.0,0.0,0.0,0.0,0.0,0.0,0.0,0.0,0,0
2020-07-21,0.0,0.0,0.0,0.0,0.0,0.0,0.0,0.0,0,0
2020-07-22,0.0,0.0,0.0,0.0,0.0,0.0,0.0,0.0,0,0
2020-07-23,0.0,0.0,0.0,0.0,0.0,0.0,0.0,0.0,0,0
2020-07-24,0.0,0.0,0.0,0.0,0.0,0.0,0.0,0.0,0,0
2020-07-27,0.0,0.0,0.0,0.0,0.0,0.0,0.0,0.0,0,0
2020-07-28,0.0,0.0,0.0,0.0,0.0,0.0,0.0,0.0,0,0
2020-07-29,0.0,0.0,0.0,0.0,0.0,0.0,0.0,0.0,0,0
2020-07-30,0.0,0.0,0.0,0.0,0.0,0.0,0.0,0.0,0,0
2020-07-31,0.0,0.0,0.0,0.0,0.0,0.0,0.0,0.0,0,0
2020-08-03,0.0,0.0,0.0,0.0,0.0,0.0,0.0,0.0,0,0
2020-08-04,0.0,0.0,0.0,0.0,0.0,0.0,0.0,0.0,0,0
2020-08-05,0.0,0.0,0.0,0.0,0.0,0.0,0.0,0.0,0,0
2020-08-06,0.0,0.0,0.0,0.0,0.0,0.0,0.0,0.0,0,0
2020-08-07,0.0,0.0,0.0,0.0,0.0,0.0,0.0,0.0,0,0
2020-08-10,0.0,0.0,0.0,0.0,0.0,0.0,0.0,0.0,0,0
2020-08-11,0.0,0.0,0.0,0.0,0.0,0.0,0.0,0.0,0,0
2020-08-12,0.0,0.0,0.0,0.0,0.0,0.0,0.0,0.0,0,0
2020-08-13,0.0,0.0,0.0,0.0,0.0,0.0,0.0,0.0,0,0
2020-08-14,0.0,0.0,0.0,0.0,0.0,0.0,0.0,0.0,0,0
2020-08-17,0.0,0.0,0.0,0.0,0.0,0.0,0.0,0.0,0,0
2020-08-18,0.0,0.0,0.0,0.0,0.0,0.0,0.0,0.0,0,0
2020-08-19,0.0,0.0,0.0,0.0,0.0,0.0,0.0,0.0,0,0
2020-08-20,0.0,0.0,0.0,0.0,0.0,0.0,0.0,0.0,0,0
2020-08-21,0.0,0.0,0.0,0.0,0.0,0.0,0.0,0.0,0,0
2020-08-24,0.0,0.0,0.0,0.0,0.0,0.0,0.0,0.0,0,0
2020-08-25,0.0,0.0,0.0,0.0,0.0,0.0,0.0,0.0,0,0
2020-08-26,0.0,0.0,0.0,0.0,0.0,0.0,0.0,0.0,0,0
2020-08-27,0.0,0.0,0.0,0.0,0.0,0.0,0.0,0.0,0,0
2020-08-28,0.0,0.0,0.0,0.0,0.0,0.0,0.0,0.0,0,0
2020-08-31,0.0,0.0,0.0,0.0,0.0,0.0,0.0,0.0,0,0
2020-09-01,0.0,0.0,0.0,0.0,0.0,0.0,0.0,0.0,0,0
2020-09-02,0.0,0.0,0.0,0.0,0.0,0.0,0.0,0.0,0,0
2020-09-03,0.0,0.0,0.0,0.0,0.0,0.0,0.0,0.0,0,0
2020-09-04,0.0,0.0,0.0,0.0,0.0,0.0,0.0,0.0,0,0
2020-09-08,0.0,0.0,0.0,0.0,0.0,0.0,0.0,0.0,0,0
2020-09-09,0.0,0.0,0.0,0.0,0.0,0.0,0.0,0.0,0,0
2020-09-10,0.0,0.0,0.0,0.0,0.0,0.0,0.0,0.0,0,0
2020-09-11,0.0,0.0,0.0,0.0,0.0,0.0,0.0,0.0,0,0
2020-09-14,0.0,0.0,0.0,0.0,0.0,0.0,0.0,0.0,0,0
2020-09-15,0.0,0.0,0.0,0.0,0.0,0.0,0.0,0.0,0,0
2020-09-16,0.0,0.0,0.0,0.0,0.0,0.0,0.0,0.0,0,0
2020-09-17,0.0,0.0,0.0,0.0,0.0,0.0,0.0,0.0,0,0
2020-09-18,0.0,0.0,0.0,0.0,0.0,0.0,0.0,0.0,0,0
2020-09-21,0.0,0.0,0.0,0.0,0.0,0.0,0.0,0.0,0,0
2020-09-22,0.0,0.0,0.0,0.0,0.0,0.0,0.0,0.0,0,0
2020-09-23,0.0,0.0,0.0,0.0,0.0,0.0,0.0,0.0,0,0
2020-09-24,0.0,0.0,0.0,0.0,0.0,0.0,0.0,0.0,0,0
2020-09-25,0.0,0.0,0.0,0.0,0.0,0.0,0.0,0.0,0,0
2020-09-28,0.0,0.0,0.0,0.0,0.0,0.0,0.0,0.0,0,0
2020-09-29,0.0,0.0,0.0,0.0,0.0,0.0,0.0,0.0,0,0
2020-09-30,0.0,0.0,0.0,0.0,0.0,0.0,0.0,0.0,0,0
2020-10-01,0.0,0.0,0.0,0.0,0.0,0.0,0.0,0.0,0,0
2020-10-02,0.0,0.0,0.0,0.0,0.0,0.0,0.0,0.0,0,0
2020-10-05,0.0,0.0,0.0,0.0,0.0,0.0,0.0,0.0,0,0
2020-10-06,0.0,0.0,0.0,0.0,0.0,0.0,0.0,0.0,0,0
2020-10-07,0.0,0.0,0.0,0.0,0.0,0.0,0.0,0.0,0,0
2020-10-08,0.0,0.0,0.0,0.0,0.0,0.0,0.0,0.0,0,0
2020-10-09,0.0,0.0,0.0,0.0,0.0,0.0,0.0,0.0,0,0
2020-10-12,0.0,0.0,0.0,0.0,0.0,0.0,0.0,0.0,0,0
2020-10-13,0.0,0.0,0.0,0.0,0.0,0.0,0.0,0.0,0,0
2020-10-14,0.0,0.0,0.0,0.0,0.0,0.0,0.0,0.0,0,0
2020-10-15,0.0,0.0,0.0,0.0,0.0,0.0,0.0,0.0,0,0
2020-10-16,0.0,0.0,0.0,0.0,0.0,0.0,0.0,0.0,0,0
2020-10-19,0.0,0.0,0.0,0.0,0.0,0.0,0.0,0.0,0,0
2020-10-20,0.0,0.0,0.0,0.0,0.0,0.0,0.0,0.0,0,0
2020-10-21,0.0,0.0,0.0,0.0,0.0,0.0,0.0,0.0,0,0
2020-10-22,0.0,0.0,0.0,0.0,0.0,0.0,0.0,0.0,0,0
2020-10-23,0.0,0.0,0.0,0.0,0.0,0.0,0.0,0.0,0,0
2020-10-26,0.0,0.0,0.0,0.0,0.0,0.0,0.0,0.0,0,0
2020-10-27,0.0,0.0,0.0,0.0,0.0,0.0,0.0,0.0,0,0
2020-10-28,0.0,0.0,0.0,0.0,0.0,0.0,0.0,0.0,0,0
2020-10-29,0.0,0.0,0.0,0.0,0.0,0.0,0.0,0.0,0,0
2020-10-30,0.0,0.0,0.0,0.0,0.0,0.0,0.0,0.0,0,0
2020-11-02,0.0,0.0,0.0,0.0,0.0,0.0,0.0,0.0,0,0
2020-11-03,0.0,0.0,0.0,0.0,0.0,0.0,0.0,0.0,0,0
2020-11-04,0.0,0.0,0.0,0.0,0.0,0.0,0.0,0.0,0,0
2020-11-05,0.0,0.0,0.0,0.0,0.0,0.0,0.0,0.0,0,0
2020-11-06,0.0,0.0,0.0,0.0,0.0,0.0,0.0,0.0,0,0
2020-11-09,0.0,0.0,0.0,0.0,0.0,0.0,0.0,0.0,0,0
2020-11-10,0.0,0.0,0.0,0.0,0.0,0.0,0.0,0.0,0,0
2020-11-11,0.0,0.0,0.0,0.0,0.0,0.0,0.0,0.0,0,0
2020-11-12,0.0,0.0,0.0,0.0,0.0,0.0,0.0,0.0,0,0
2020-11-13,0.0,0.0,0.0,0.0,0.0,0.0,0.0,0.0,0,0
2020-11-16,0.0,0.0,0.0,0.0,0.0,0.0,0.0,0.0,0,0
2020-11-17,0.0,0.0,0.0,0.0,0.0,0.0,0.0,0.0,0,0
2020-11-18,0.0,0.0,0.0,0.0,0.0,0.0,0.0,0.0,0,0
2020-11-19,0.0,0.0,0.0,0.0,0.0,0.0,0.0,0.0,0,0
2020-11-20,0.0,0.0,0.0,0.0,0.0,0.0,0.0,0.0,0,0
2020-11-23,0.0,0.0,0.0,0.0,0.0,0.0,0.0,0.0,0,0
2020-11-24,0.0,0.0,0.0,0.0,0.0,0.0,0.0,0.0,0,0
2020-11-25,0.0,0.0,0.0,0.0,0.0,0.0,0.0,0.0,0,0
2020-11-27,0.0,0.0,0.0,0.0,0.0,0.0,0.0,0.0,0,0
2020-11-30,0.0,0.0,0.0,0.0,0.0,0.0,0.0,0.0,0,0
2020-12-01,0.0,0.0,0.0,0.0,0.0,0.0,0.0,0.0,0,0
2020-12-02,0.0,0.0,0.0,0.0,0.0,0.0,0.0,0.0,0,0
2020-12-03,0.0,0.0,0.0,0.0,0.0,0.0,0.0,0.0,0,0
2020-12-04,0.0,0.0,0.0,0.0,0.0,0.0,0.0,0.0,0,0
2020-12-07,0.0,0.0,0.0,0.0,0.0,0.0,0.0,0.0,0,0
2020-12-08,0.0,0.0,0.0,0.0,0.0,0.0,0.0,0.0,0,0
2020-12-09,0.0,0.0,0.0,0.0,0.0,0.0,0.0,0.0,0,0
2020-12-10,0.0,0.0,0.0,0.0,0.0,0.0,0.0,0.0,0,0
2020-12-11,0.0,0.0,0.0,0.0,0.0,0.0,0.0,0.0,0,0
2020-12-14,0.0,0.0,0.0,0.0,0.0,0.0,0.0,0.0,0,0
2020-12-15,0.0,0.0,0.0,0.0,0.0,0.0,0.0,0.0,0,0
2020-12-16,0.0,0.0,0.0,0.0,0.0,0.0,0.0,0.0,0,0
2020-12-17,0.0,0.0,0.0,0.0,0.0,0.0,0.0,0.0,0,0
2020-12-18,0.0,0.0,0.0,0.0,0.0,0.0,0.0,0.0,0,0
2020-12-21,0.0,0.0,0.0,0.0,0.0,0.0,0.0,0.0,0,0
2020-12-22,0.0,0.0,0.0,0.0,0.0,0.0,0.0,0.0,0,0
2020-12-23,0.0,0.0,0.0,0.0,0.0,0.0,0.0,0.0,0,0
2020-12-24,0.0,0.0,0.0,0.0,0.0,0.0,0.0,0.0,0,0
2020-12-28,0.0,0.0,0.0,0.0,0.0,0.0,0.0,0.0,0,0
2020-12-29,0.0,0.0,0.0,0.0,0.0,0.0,0.0,0.0,0,0
2020-12-30,0.0,0.0,0.0,0.0,0.0,0.0,0.0,0.0,0,0
2020-12-31,0.0,0.0,0.0,0.0,0.0,0.0,0.0,0.0,0,0
2021-01-04,0.0,0.0,0.0,0.0,0.0,0.0,0.0,0.0,0,0
2021-01-05,0.0,0.0,0.0,0.0,0.0,0.0,0.0,0.0,0,0
2021-01-06,0.0,0.0,0.0,0.0,0.0,0.0,0.0,0.0,0,0
2021-01-07,0.0,0.0,0.0,0.0,0.0,0.0,0.0,0.0,0,0
2021-01-08,0.0,0.0,0.0,0.0,0.0,0.0,0.0,0.0,0,0
2021-01-11,0.0,0.0,0.0,0.0,0.0,0.0,0.0,0.0,0,0
2021-01-12,0.0,0.0,0.0,0.0,0.0,0.0,0.0,0.0,0,0
2021-01-13,0.0,0.0,0.0,0.0,0.0,0.0,0.0,0.0,0,0
2021-01-14,0.0,0.0,0.0,0.0,0.0,0.0,0.0,0.0,0,0
2021-01-15,0.0,0.0,0.0,0.0,0.0,0.0,0.0,0.0,0,0
2021-01-19,0.0,0.0,0.0,0.0,0.0,0.0,0.0,0.0,0,0
2021-01-20,0.0,0.0,0.0,0.0,0.0,0.0,0.0,0.0,0,0
2021-01-21,0.0,0.0,0.0,0.0,0.0,0.0,0.0,0.0,0,0
2021-01-22,0.0,0.0,0.0,0.0,0.0,0.0,0.0,0.0,0,0
2021-01-25,0.0,0.0,0.0,0.0,0.0,0.0,0.0,0.0,0,0
2021-01-26,0.0,0.0,0.0,0.0,0.0,0.0,0.0,0.0,0,0
2021-01-27,0.0,0.0,0.0,0.0,0.0,0.0,0.0,0.0,0,0
2021-01-28,0.0,0.0,0.0,0.0,0.0,0.0,0.0,0.0,0,0
2021-01-29,0.0,0.0,0.0,0.0,0.0,0.0,0.0,0.0,0,0
2021-02-01,0.0,0.0,0.0,0.0,0.0,0.0,0.0,0.0,0,0
2021-02-02,0.0,0.0,0.0,0.0,0.0,0.0,0.0,0.0,0,0
2021-02-03,0.0,0.0,0.0,0.0,0.0,0.0,0.0,0.0,0,0
2021-02-04,0.0,0.0,0.0,0.0,0.0,0.0,0.0,0.0,0,0
2021-02-05,0.0,0.0,0.0,0.0,0.0,0.0,0.0,0.0,0,0
2021-02-08,0.0,0.0,0.0,0.0,0.0,0.0,0.0,0.0,0,0
2021-02-09,0.0,0.0,0.0,0.0,0.0,0.0,0.0,0.0,0,0
2021-02-10,0.0,0.0,0.0,0.0,0.0,0.0,0.0,0.0,0,0
2021-02-11,0.0,0.0,0.0,0.0,0.0,0.0,0.0,0.0,0,0
2021-02-12,0.0,0.0,0.0,0.0,0.0,0.0,0.0,0.0,0,0
2021-02-16,0.0,0.0,0.0,0.0,0.0,0.0,0.0,0.0,0,0
2021-02-17,0.0,0.0,0.0,0.0,0.0,0.0,0.0,0.0,0,0
2021-02-18,0.0,0.0,0.0,0.0,0.0,0.0,0.0,0.0,0,0
2021-02-19,0.0,0.0,0.0,0.0,0.0,0.0,0.0,0.0,0,0
2021-02-22,0.0,0.0,0.0,0.0,0.0,0.0,0.0,0.0,0,0
2021-02-23,0.0,0.0,0.0,0.0,0.0,0.0,0.0,0.0,0,0
2021-02-24,0.0,0.0,0.0,0.0,0.0,0.0,0.0,0.0,0,0
2021-02-25,0.0,0.0,0.0,0.0,0.0,0.0,0.0,0.0,0,0
2021-02-26,0.0,0.0,0.0,0.0,0.0,0.0,0.0,0.0,0,0
2021-03-01,0.0,0.0,0.0,0.0,0.0,0.0,0.0,0.0,0,0
2021-03-02,0.0,0.0,0.0,0.0,0.0,0.0,0.0,0.0,0,0
2021-03-03,0.0,0.0,0.0,0.0,0.0,0.0,0.0,0.0,0,0
2021-03-04,0.0,0.0,0.0,0.0,0.0,0.0,0.0,0.0,0,0
2021-03-05,0.0,0.0,0.0,0.0,0.0,0.0,0.0,0.0,0,0
2021-03-08,0.0,0.0,0.0,0.0,0.0,0.0,0.0,0.0,0,0
2021-03-09,0.0,0.0,0.0,0.0,0.0,0.0,0.0,0.0,0,0
2021-03-10,0.0,0.0,0.0,0.0,0.0,0.0,0.0,0.0,0,0
2021-03-11,0.0,0.0,0.0,0.0,0.0,0.0,0.0,0.0,0,0
2021-03-12,0.0,0.0,0.0,0.0,0.0,0.0,0.0,0.0,0,0
2021-03-15,0.0,0.0,0.0,0.0,0.0,0.0,0.0,0.0,0,0
2021-03-16,0.0,0.0,0.0,0.0,0.0,0.0,0.0,0.0,0,0
2021-03-17,0.0,0.0,0.0,0.0,0.0,0.0,0.0,0.0,0,0
2021-03-18,0.0,0.0,0.0,0.0,0.0,0.0,0.0,0.0,0,0
2021-03-19,0.0,0.0,0.0,0.0,0.0,0.0,0.0,0.0,0,0
2021-03-22,0.0,0.0,0.0,0.0,0.0,0.0,0.0,0.0,0,0
2021-03-23,0.0,0.0,0.0,0.0,0.0,0.0,0.0,0.0,0,0
2021-03-24,0.0,0.0,0.0,0.0,0.0,0.0,0.0,0.0,0,0
2021-03-25,0.0,0.0,0.0,0.0,0.0,0.0,0.0,0.0,0,0
2021-03-26,0.0,0.0,0.0,0.0,0.0,0.0,0.0,0.0,0,0
2021-03-29,0.0,0.0,0.0,0.0,0.0,0.0,0.0,0.0,0,0
2021-03-30,0.0,0.0,0.0,0.0,0.0,0.0,0.0,0.0,0,0
2021-03-31,0.0,0.0,0.0,0.0,0.0,0.0,0.0,0.0,0,0
2021-04-01,0.0,0.0,0.0,0.0,0.0,0.0,0.0,0.0,0,0
2021-04-05,0.0,0.0,0.0,0.0,0.0,0.0,0.0,0.0,0,0
2021-04-06,0.0,0.0,0.0,0.0,0.0,0.0,0.0,0.0,0,0
2021-04-07,0.0,0.0,0.0,0.0,0.0,0.0,0.0,0.0,0,0
2021-04-08,0.0,0.0,0.0,0.0,0.0,0.0,0.0,0.0,0,0
2021-04-09,0.0,0.0,0.0,0.0,0.0,0.0,0.0,0.0,0,0
2021-04-12,0.0,0.0,0.0,0.0,0.0,0.0,0.0,0.0,0,0
2021-04-13,0.0,0.0,0.0,0.0,0.0,0.0,0.0,0.0,0,0
2021-04-14,0.0,0.0,0.0,0.0,0.0,0.0,0.0,0.0,0,0
2021-04-15,0.0,0.0,0.0,0.0,0.0,0.0,0.0,0.0,0,0
2021-04-16,0.0,0.0,0.0,0.0,0.0,0.0,0.0,0.0,0,0
2021-04-19,0.0,0.0,0.0,0.0,0.0,0.0,0.0,0.0,0,0
2021-04-20,0.0,0.0,0.0,0.0,0.0,0.0,0.0,0.0,0,0
2021-04-21,0.0,0.0,0.0,0.0,0.0,0.0,0.0,0.0,0,0
2021-04-22,0.0,0.0,0.0,0.0,0.0,0.0,0.0,0.0,0,0
2021-04-23,0.0,0.0,0.0,0.0,0.0,0.0,0.0,0.0,0,0
2021-04-26,0.0,0.0,0.0,0.0,0.0,0.0,0.0,0.0,0,0
2021-04-27,0.0,0.0,0.0,0.0,0.0,0.0,0.0,0.0,0,0
2021-04-28,0.0,0.0,0.0,0.0,0.0,0.0,0.0,0.0,0,0
2021-04-29,0.0,0.0,0.0,0.0,0.0,0.0,0.0,0.0,0,0
2021-04-30,0.0,0.0,0.0,0.0,0.0,0.0,0.0,0.0,0,0
2021-05-03,0.0,0.0,0.0,0.0,0.0,0.0,0.0,0.0,0,0
2021-05-04,0.0,0.0,0.0,0.0,0.0,0.0,0.0,0.0,0,0
2021-05-05,0.0,0.0,0.0,0.0,0.0,0.0,0.0,0.0,0,0
2021-05-06,0.0,0.0,0.0,0.0,0.0,0.0,0.0,0.0,0,0
2021-05-07,0.0,0.0,0.0,0.0,0.0,0.0,0.0,0.0,0,0
2021-05-10,0.0,0.0,0.0,0.0,0.0,0.0,0.0,0.0,0,0
2021-05-11,-2354876.7496472546,50000.00000000002,1984.1269841269834,-2406860.8766313815,125000000.0,125000000.0,250000000.0,250000000.0,44,44
2021-05-12,1652708.241387589,100000.0,1984.1269841269836,1550724.1144034618,125000000.0,125000000.0,250000000.0,336212796.7188205,45,45
2021-05-13,0.0,50000.0,0.0,-50000.0,0.0,0.0,0.0,250000000.0,0,0
2021-05-14,0.0,0.0,0.0,0.0,0.0,0.0,0.0,0.0,0,0
2021-05-17,0.0,0.0,0.0,0.0,0.0,0.0,0.0,0.0,0,0
2021-05-18,0.0,0.0,0.0,0.0,0.0,0.0,0.0,0.0,0,0
2021-05-19,1047171.1508052178,50000.0,1984.1269841269846,995187.0238210908,125000000.00000001,125000000.0,250000000.0,250000000.0,45,45
2021-05-20,0.0,50000.0,0.0,-50000.0,0.0,0.0,0.0,250000000.0,0,0
2021-05-21,0.0,0.0,0.0,0.0,0.0,0.0,0.0,0.0,0,0
2021-05-24,0.0,0.0,0.0,0.0,0.0,0.0,0.0,0.0,0,0
2021-05-25,0.0,0.0,0.0,0.0,0.0,0.0,0.0,0.0,0,0
2021-05-26,0.0,0.0,0.0,0.0,0.0,0.0,0.0,0.0,0,0
2021-05-27,0.0,0.0,0.0,0.0,0.0,0.0,0.0,0.0,0,0
2021-05-28,0.0,0.0,0.0,0.0,0.0,0.0,0.0,0.0,0,0
2021-06-01,0.0,0.0,0.0,0.0,0.0,0.0,0.0,0.0,0,0
2021-06-02,0.0,0.0,0.0,0.0,0.0,0.0,0.0,0.0,0,0
2021-06-03,0.0,0.0,0.0,0.0,0.0,0.0,0.0,0.0,0,0
2021-06-04,0.0,0.0,0.0,0.0,0.0,0.0,0.0,0.0,0,0
2021-06-07,0.0,0.0,0.0,0.0,0.0,0.0,0.0,0.0,0,0
2021-06-08,0.0,0.0,0.0,0.0,0.0,0.0,0.0,0.0,0,0
2021-06-09,0.0,0.0,0.0,0.0,0.0,0.0,0.0,0.0,0,0
2021-06-10,0.0,0.0,0.0,0.0,0.0,0.0,0.0,0.0,0,0
2021-06-11,0.0,0.0,0.0,0.0,0.0,0.0,0.0,0.0,0,0
2021-06-14,0.0,0.0,0.0,0.0,0.0,0.0,0.0,0.0,0,0
2021-06-15,0.0,0.0,0.0,0.0,0.0,0.0,0.0,0.0,0,0
2021-06-16,0.0,0.0,0.0,0.0,0.0,0.0,0.0,0.0,0,0
2021-06-17,0.0,0.0,0.0,0.0,0.0,0.0,0.0,0.0,0,0
2021-06-18,754947.5529401237,50000.000000000015,1984.1269841269846,702963.4259559967,125000000.0,125000000.0,250000000.0,250000000.0,45,45
2021-06-21,0.0,50000.000000000015,0.0,-50000.000000000015,0.0,0.0,0.0,250000000.0,0,0
2021-06-22,0.0,0.0,0.0,0.0,0.0,0.0,0.0,0.0,0,0
2021-06-23,0.0,0.0,0.0,0.0,0.0,0.0,0.0,0.0,0,0
2021-06-24,0.0,0.0,0.0,0.0,0.0,0.0,0.0,0.0,0,0
2021-06-25,0.0,0.0,0.0,0.0,0.0,0.0,0.0,0.0,0,0
2021-06-28,0.0,0.0,0.0,0.0,0.0,0.0,0.0,0.0,0,0
2021-06-29,0.0,0.0,0.0,0.0,0.0,0.0,0.0,0.0,0,0
2021-06-30,0.0,0.0,0.0,0.0,0.0,0.0,0.0,0.0,0,0
2021-07-01,0.0,0.0,0.0,0.0,0.0,0.0,0.0,0.0,0,0
2021-07-02,0.0,0.0,0.0,0.0,0.0,0.0,0.0,0.0,0,0
2021-07-06,0.0,0.0,0.0,0.0,0.0,0.0,0.0,0.0,0,0
2021-07-07,0.0,0.0,0.0,0.0,0.0,0.0,0.0,0.0,0,0
2021-07-08,944802.9953463951,49999.99999999999,1984.1269841269836,892818.8683622681,125000000.0,125000000.00000001,250000000.0,250000000.0,47,47
2021-07-09,0.0,49999.99999999999,0.0,-49999.99999999999,0.0,0.0,0.0,250000000.0,0,0
2021-07-12,-365877.2524450438,50000.00000000001,1984.1269841269839,-417861.3794291708,125000000.0,124999999.99999999,250000000.0,249999999.99999997,46,46
2021-07-13,995733.0358662284,100000.0000000001,1984.126984126984,893748.9088821013,125000000.00000001,125000000.0,250000000.0,332735323.6638669,46,46
2021-07-14,0.0,49999.99999999999,0.0,-49999.99999999999,0.0,0.0,0.0,250000000.0,0,0
2021-07-15,970505.1286657737,50000.000000000015,1984.1269841269836,918521.0016816467,124999999.99999999,125000000.0,250000000.0,249999999.99999997,46,46
2021-07-16,0.0,50000.000000000015,0.0,-50000.000000000015,0.0,0.0,0.0,249999999.99999997,0,0
2021-07-19,237895.09108123617,49999.99999999998,1984.1269841269839,185910.96409710922,125000000.0,124999999.99999999,250000000.0,249999999.99999997,45,45
2021-07-20,0.0,49999.99999999998,0.0,-49999.99999999998,0.0,0.0,0.0,249999999.99999997,0,0
2021-07-21,0.0,0.0,0.0,0.0,0.0,0.0,0.0,0.0,0,0
2021-07-22,0.0,0.0,0.0,0.0,0.0,0.0,0.0,0.0,0,0
2021-07-23,0.0,0.0,0.0,0.0,0.0,0.0,0.0,0.0,0,0
2021-07-26,0.0,0.0,0.0,0.0,0.0,0.0,0.0,0.0,0,0
2021-07-27,1557970.340488484,49999.999999999985,1984.1269841269834,1505986.2135043568,125000000.00000001,124999999.99999999,250000000.0,250000000.0,39,39
2021-07-28,0.0,49999.999999999985,0.0,-49999.999999999985,0.0,0.0,0.0,250000000.0,0,0
2021-07-29,0.0,0.0,0.0,0.0,0.0,0.0,0.0,0.0,0,0
2021-07-30,0.0,0.0,0.0,0.0,0.0,0.0,0.0,0.0,0,0
2021-08-02,0.0,0.0,0.0,0.0,0.0,0.0,0.0,0.0,0,0
2021-08-03,0.0,0.0,0.0,0.0,0.0,0.0,0.0,0.0,0,0
2021-08-04,0.0,0.0,0.0,0.0,0.0,0.0,0.0,0.0,0,0
2021-08-05,0.0,0.0,0.0,0.0,0.0,0.0,0.0,0.0,0,0
2021-08-06,0.0,0.0,0.0,0.0,0.0,0.0,0.0,0.0,0,0
2021-08-09,0.0,0.0,0.0,0.0,0.0,0.0,0.0,0.0,0,0
2021-08-10,0.0,0.0,0.0,0.0,0.0,0.0,0.0,0.0,0,0
2021-08-11,0.0,0.0,0.0,0.0,0.0,0.0,0.0,0.0,0,0
2021-08-12,0.0,0.0,0.0,0.0,0.0,0.0,0.0,0.0,0,0
2021-08-13,0.0,0.0,0.0,0.0,0.0,0.0,0.0,0.0,0,0
2021-08-16,0.0,0.0,0.0,0.0,0.0,0.0,0.0,0.0,0,0
2021-08-17,0.0,0.0,0.0,0.0,0.0,0.0,0.0,0.0,0,0
2021-08-18,0.0,0.0,0.0,0.0,0.0,0.0,0.0,0.0,0,0
2021-08-19,-331162.9323917464,49999.99999999997,1984.1269841269843,-383147.0593758733,124999999.99999999,125000000.0,250000000.0,250000000.0,43,43
2021-08-20,0.0,49999.99999999997,0.0,-49999.99999999997,0.0,0.0,0.0,250000000.0,0,0
2021-08-23,0.0,0.0,0.0,0.0,0.0,0.0,0.0,0.0,0,0
2021-08-24,0.0,0.0,0.0,0.0,0.0,0.0,0.0,0.0,0,0
2021-08-25,0.0,0.0,0.0,0.0,0.0,0.0,0.0,0.0,0,0
2021-08-26,0.0,0.0,0.0,0.0,0.0,0.0,0.0,0.0,0,0
2021-08-27,0.0,0.0,0.0,0.0,0.0,0.0,0.0,0.0,0,0
2021-08-30,0.0,0.0,0.0,0.0,0.0,0.0,0.0,0.0,0,0
2021-08-31,0.0,0.0,0.0,0.0,0.0,0.0,0.0,0.0,0,0
2021-09-01,0.0,0.0,0.0,0.0,0.0,0.0,0.0,0.0,0,0
2021-09-02,0.0,0.0,0.0,0.0,0.0,0.0,0.0,0.0,0,0
2021-09-03,0.0,0.0,0.0,0.0,0.0,0.0,0.0,0.0,0,0
2021-09-07,0.0,0.0,0.0,0.0,0.0,0.0,0.0,0.0,0,0
2021-09-08,0.0,0.0,0.0,0.0,0.0,0.0,0.0,0.0,0,0
2021-09-09,0.0,0.0,0.0,0.0,0.0,0.0,0.0,0.0,0,0
2021-09-10,0.0,0.0,0.0,0.0,0.0,0.0,0.0,0.0,0,0
2021-09-13,0.0,0.0,0.0,0.0,0.0,0.0,0.0,0.0,0,0
2021-09-14,0.0,0.0,0.0,0.0,0.0,0.0,0.0,0.0,0,0
2021-09-15,0.0,0.0,0.0,0.0,0.0,0.0,0.0,0.0,0,0
2021-09-16,0.0,0.0,0.0,0.0,0.0,0.0,0.0,0.0,0,0
2021-09-17,0.0,0.0,0.0,0.0,0.0,0.0,0.0,0.0,0,0
2021-09-20,1230623.2587024772,50000.0,1984.1269841269839,1178639.13171835,124999999.99999999,125000000.00000001,250000000.0,250000000.0,45,45
2021-09-21,0.0,50000.0,0.0,-50000.0,0.0,0.0,0.0,250000000.0,0,0
2021-09-22,0.0,0.0,0.0,0.0,0.0,0.0,0.0,0.0,0,0
2021-09-23,0.0,0.0,0.0,0.0,0.0,0.0,0.0,0.0,0,0
2021-09-24,0.0,0.0,0.0,0.0,0.0,0.0,0.0,0.0,0,0
2021-09-27,0.0,0.0,0.0,0.0,0.0,0.0,0.0,0.0,0,0
2021-09-28,0.0,0.0,0.0,0.0,0.0,0.0,0.0,0.0,0,0
2021-09-29,0.0,0.0,0.0,0.0,0.0,0.0,0.0,0.0,0,0
2021-09-30,0.0,0.0,0.0,0.0,0.0,0.0,0.0,0.0,0,0
2021-10-01,0.0,0.0,0.0,0.0,0.0,0.0,0.0,0.0,0,0
2021-10-04,0.0,0.0,0.0,0.0,0.0,0.0,0.0,0.0,0,0
2021-10-05,0.0,0.0,0.0,0.0,0.0,0.0,0.0,0.0,0,0
2021-10-06,0.0,0.0,0.0,0.0,0.0,0.0,0.0,0.0,0,0
2021-10-07,0.0,0.0,0.0,0.0,0.0,0.0,0.0,0.0,0,0
2021-10-08,0.0,0.0,0.0,0.0,0.0,0.0,0.0,0.0,0,0
2021-10-11,0.0,0.0,0.0,0.0,0.0,0.0,0.0,0.0,0,0
2021-10-12,0.0,0.0,0.0,0.0,0.0,0.0,0.0,0.0,0,0
2021-10-13,0.0,0.0,0.0,0.0,0.0,0.0,0.0,0.0,0,0
2021-10-14,0.0,0.0,0.0,0.0,0.0,0.0,0.0,0.0,0,0
2021-10-15,0.0,0.0,0.0,0.0,0.0,0.0,0.0,0.0,0,0
2021-10-18,0.0,0.0,0.0,0.0,0.0,0.0,0.0,0.0,0,0
2021-10-19,0.0,0.0,0.0,0.0,0.0,0.0,0.0,0.0,0,0
2021-10-20,0.0,0.0,0.0,0.0,0.0,0.0,0.0,0.0,0,0
2021-10-21,0.0,0.0,0.0,0.0,0.0,0.0,0.0,0.0,0,0
2021-10-22,0.0,0.0,0.0,0.0,0.0,0.0,0.0,0.0,0,0
2021-10-25,0.0,0.0,0.0,0.0,0.0,0.0,0.0,0.0,0,0
2021-10-26,0.0,0.0,0.0,0.0,0.0,0.0,0.0,0.0,0,0
2021-10-27,0.0,0.0,0.0,0.0,0.0,0.0,0.0,0.0,0,0
2021-10-28,0.0,0.0,0.0,0.0,0.0,0.0,0.0,0.0,0,0
2021-10-29,0.0,0.0,0.0,0.0,0.0,0.0,0.0,0.0,0,0
2021-11-01,0.0,0.0,0.0,0.0,0.0,0.0,0.0,0.0,0,0
2021-11-02,0.0,0.0,0.0,0.0,0.0,0.0,0.0,0.0,0,0
2021-11-03,0.0,0.0,0.0,0.0,0.0,0.0,0.0,0.0,0,0
2021-11-04,0.0,0.0,0.0,0.0,0.0,0.0,0.0,0.0,0,0
2021-11-05,0.0,0.0,0.0,0.0,0.0,0.0,0.0,0.0,0,0
2021-11-08,0.0,0.0,0.0,0.0,0.0,0.0,0.0,0.0,0,0
2021-11-09,0.0,0.0,0.0,0.0,0.0,0.0,0.0,0.0,0,0
2021-11-10,0.0,0.0,0.0,0.0,0.0,0.0,0.0,0.0,0,0
2021-11-11,0.0,0.0,0.0,0.0,0.0,0.0,0.0,0.0,0,0
2021-11-12,0.0,0.0,0.0,0.0,0.0,0.0,0.0,0.0,0,0
2021-11-15,0.0,0.0,0.0,0.0,0.0,0.0,0.0,0.0,0,0
2021-11-16,0.0,0.0,0.0,0.0,0.0,0.0,0.0,0.0,0,0
2021-11-17,0.0,0.0,0.0,0.0,0.0,0.0,0.0,0.0,0,0
2021-11-18,0.0,0.0,0.0,0.0,0.0,0.0,0.0,0.0,0,0
2021-11-19,0.0,0.0,0.0,0.0,0.0,0.0,0.0,0.0,0,0
2021-11-22,0.0,0.0,0.0,0.0,0.0,0.0,0.0,0.0,0,0
2021-11-23,0.0,0.0,0.0,0.0,0.0,0.0,0.0,0.0,0,0
2021-11-24,0.0,0.0,0.0,0.0,0.0,0.0,0.0,0.0,0,0
2021-11-26,1963911.0137726224,49999.99999999999,1984.1269841269834,1911926.8867884954,125000000.0,124999999.99999999,250000000.0,249999999.99999997,46,46
2021-11-29,-1235298.4853386339,100573.7772996393,1984.1269841269843,-1337856.3896224003,124999999.99999999,125000000.0,250000000.0,401999380.5279043,46,46
2021-11-30,2633543.0502586523,101155.7810828512,1984.1269841269839,2530403.142191674,125000000.0,125000000.0,250000000.0,417604785.62561065,46,46
2021-12-01,226416.18249927793,103110.82511360355,1984.1269841269846,121321.2304015474,125000000.0,125000000.00000001,250000000.0,428616002.4776309,45,45
2021-12-02,-455419.20082806016,103473.4982969376,1984.1269841269843,-560876.8261091247,124999999.99999999,125000000.0,250000000.0,400576090.6456702,45,45
2021-12-03,-32496.401612015346,100681.18952002862,1984.126984126985,-135161.71811617096,124999999.99999999,125000000.00000001,250000000.0,379461205.9401532,45,45
2021-12-06,399311.846865345,102736.03955935838,1984.1269841269839,294591.68032185966,124999999.99999999,125000000.0,250000000.0,439042048.6668485,45,45
2021-12-07,-271905.30804598506,101185.58019457069,1984.1269841269843,-375075.01522468275,125000000.0,125000000.00000003,250000000.00000003,294060283.71663,45,45
2021-12-08,0.0,50000.00000000003,0.0,-50000.00000000003,0.0,0.0,0.0,250000000.00000003,0,0
2021-12-09,0.0,0.0,0.0,0.0,0.0,0.0,0.0,0.0,0,0
2021-12-10,0.0,0.0,0.0,0.0,0.0,0.0,0.0,0.0,0,0
2021-12-13,0.0,0.0,0.0,0.0,0.0,0.0,0.0,0.0,0,0
2021-12-14,-405978.61555531016,50000.00000000002,1984.1269841269839,-457962.74253943714,125000000.0,124999999.99999997,249999999.99999997,249999999.99999997,46,46
2021-12-15,0.0,50000.00000000002,0.0,-50000.00000000002,0.0,0.0,0.0,249999999.99999997,0,0
2021-12-16,0.0,0.0,0.0,0.0,0.0,0.0,0.0,0.0,0,0
2021-12-17,-2104690.2962854044,50000.00000000001,1984.1269841269843,-2156674.423269531,125000000.00000001,125000000.0,250000000.0,250000000.00000003,46,46
2021-12-20,1898851.1253657902,100298.61612041738,1984.126984126984,1796568.3822612457,125000000.0,125000000.00000001,250000000.0,317812194.7756187,47,47
2021-12-21,0.0,49999.99999999999,0.0,-49999.99999999999,0.0,0.0,0.0,250000000.0,0,0
2021-12-22,0.0,0.0,0.0,0.0,0.0,0.0,0.0,0.0,0,0
2021-12-23,0.0,0.0,0.0,0.0,0.0,0.0,0.0,0.0,0,0
2021-12-27,0.0,0.0,0.0,0.0,0.0,0.0,0.0,0.0,0,0
2021-12-28,0.0,0.0,0.0,0.0,0.0,0.0,0.0,0.0,0,0
2021-12-29,0.0,0.0,0.0,0.0,0.0,0.0,0.0,0.0,0,0
2021-12-30,0.0,0.0,0.0,0.0,0.0,0.0,0.0,0.0,0,0
2021-12-31,0.0,0.0,0.0,0.0,0.0,0.0,0.0,0.0,0,0
2022-01-03,0.0,0.0,0.0,0.0,0.0,0.0,0.0,0.0,0,0
2022-01-04,0.0,0.0,0.0,0.0,0.0,0.0,0.0,0.0,0,0
2022-01-05,0.0,0.0,0.0,0.0,0.0,0.0,0.0,0.0,0,0
2022-01-06,0.0,0.0,0.0,0.0,0.0,0.0,0.0,0.0,0,0
2022-01-07,0.0,0.0,0.0,0.0,0.0,0.0,0.0,0.0,0,0
2022-01-10,-301198.8733060878,49999.99999999999,1984.1269841269836,-353183.0002902148,125000000.00000001,124999999.99999999,250000000.0,250000000.0,47,47
2022-01-11,0.0,49999.99999999999,0.0,-49999.99999999999,0.0,0.0,0.0,250000000.0,0,0
2022-01-12,0.0,0.0,0.0,0.0,0.0,0.0,0.0,0.0,0,0
2022-01-13,0.0,0.0,0.0,0.0,0.0,0.0,0.0,0.0,0,0
2022-01-14,0.0,0.0,0.0,0.0,0.0,0.0,0.0,0.0,0,0
2022-01-18,0.0,0.0,0.0,0.0,0.0,0.0,0.0,0.0,0,0
2022-01-19,0.0,0.0,0.0,0.0,0.0,0.0,0.0,0.0,0,0
2022-01-20,0.0,0.0,0.0,0.0,0.0,0.0,0.0,0.0,0,0
2022-01-21,0.0,0.0,0.0,0.0,0.0,0.0,0.0,0.0,0,0
2022-01-24,0.0,0.0,0.0,0.0,0.0,0.0,0.0,0.0,0,0
2022-01-25,0.0,0.0,0.0,0.0,0.0,0.0,0.0,0.0,0,0
2022-01-26,0.0,0.0,0.0,0.0,0.0,0.0,0.0,0.0,0,0
2022-01-27,0.0,0.0,0.0,0.0,0.0,0.0,0.0,0.0,0,0
2022-01-28,0.0,0.0,0.0,0.0,0.0,0.0,0.0,0.0,0,0
2022-01-31,0.0,0.0,0.0,0.0,0.0,0.0,0.0,0.0,0,0
2022-02-01,0.0,0.0,0.0,0.0,0.0,0.0,0.0,0.0,0,0
2022-02-02,0.0,0.0,0.0,0.0,0.0,0.0,0.0,0.0,0,0
2022-02-03,0.0,0.0,0.0,0.0,0.0,0.0,0.0,0.0,0,0
2022-02-04,0.0,0.0,0.0,0.0,0.0,0.0,0.0,0.0,0,0
2022-02-07,0.0,0.0,0.0,0.0,0.0,0.0,0.0,0.0,0,0
2022-02-08,0.0,0.0,0.0,0.0,0.0,0.0,0.0,0.0,0,0
2022-02-09,0.0,0.0,0.0,0.0,0.0,0.0,0.0,0.0,0,0
2022-02-10,0.0,0.0,0.0,0.0,0.0,0.0,0.0,0.0,0,0
2022-02-11,0.0,0.0,0.0,0.0,0.0,0.0,0.0,0.0,0,0
2022-02-14,0.0,0.0,0.0,0.0,0.0,0.0,0.0,0.0,0,0
2022-02-15,0.0,0.0,0.0,0.0,0.0,0.0,0.0,0.0,0,0
2022-02-16,0.0,0.0,0.0,0.0,0.0,0.0,0.0,0.0,0,0
2022-02-17,0.0,0.0,0.0,0.0,0.0,0.0,0.0,0.0,0,0
2022-02-18,0.0,0.0,0.0,0.0,0.0,0.0,0.0,0.0,0,0
2022-02-22,0.0,0.0,0.0,0.0,0.0,0.0,0.0,0.0,0,0
2022-02-23,0.0,0.0,0.0,0.0,0.0,0.0,0.0,0.0,0,0
2022-02-24,0.0,0.0,0.0,0.0,0.0,0.0,0.0,0.0,0,0
2022-02-25,0.0,0.0,0.0,0.0,0.0,0.0,0.0,0.0,0,0
2022-02-28,0.0,0.0,0.0,0.0,0.0,0.0,0.0,0.0,0,0
2022-03-01,0.0,0.0,0.0,0.0,0.0,0.0,0.0,0.0,0,0
2022-03-02,0.0,0.0,0.0,0.0,0.0,0.0,0.0,0.0,0,0
2022-03-03,0.0,0.0,0.0,0.0,0.0,0.0,0.0,0.0,0,0
2022-03-04,0.0,0.0,0.0,0.0,0.0,0.0,0.0,0.0,0,0
2022-03-07,0.0,0.0,0.0,0.0,0.0,0.0,0.0,0.0,0,0
2022-03-08,0.0,0.0,0.0,0.0,0.0,0.0,0.0,0.0,0,0
2022-03-09,0.0,0.0,0.0,0.0,0.0,0.0,0.0,0.0,0,0
2022-03-10,0.0,0.0,0.0,0.0,0.0,0.0,0.0,0.0,0,0
2022-03-11,0.0,0.0,0.0,0.0,0.0,0.0,0.0,0.0,0,0
2022-03-14,0.0,0.0,0.0,0.0,0.0,0.0,0.0,0.0,0,0
2022-03-15,0.0,0.0,0.0,0.0,0.0,0.0,0.0,0.0,0,0
2022-03-16,0.0,0.0,0.0,0.0,0.0,0.0,0.0,0.0,0,0
2022-03-17,0.0,0.0,0.0,0.0,0.0,0.0,0.0,0.0,0,0
2022-03-18,0.0,0.0,0.0,0.0,0.0,0.0,0.0,0.0,0,0
2022-03-21,0.0,0.0,0.0,0.0,0.0,0.0,0.0,0.0,0,0
2022-03-22,0.0,0.0,0.0,0.0,0.0,0.0,0.0,0.0,0,0
2022-03-23,0.0,0.0,0.0,0.0,0.0,0.0,0.0,0.0,0,0
2022-03-24,0.0,0.0,0.0,0.0,0.0,0.0,0.0,0.0,0,0
2022-03-25,0.0,0.0,0.0,0.0,0.0,0.0,0.0,0.0,0,0
2022-03-28,0.0,0.0,0.0,0.0,0.0,0.0,0.0,0.0,0,0
2022-03-29,0.0,0.0,0.0,0.0,0.0,0.0,0.0,0.0,0,0
2022-03-30,0.0,0.0,0.0,0.0,0.0,0.0,0.0,0.0,0,0
2022-03-31,0.0,0.0,0.0,0.0,0.0,0.0,0.0,0.0,0,0
2022-04-01,0.0,0.0,0.0,0.0,0.0,0.0,0.0,0.0,0,0
2022-04-04,0.0,0.0,0.0,0.0,0.0,0.0,0.0,0.0,0,0
2022-04-05,0.0,0.0,0.0,0.0,0.0,0.0,0.0,0.0,0,0
2022-04-06,0.0,0.0,0.0,0.0,0.0,0.0,0.0,0.0,0,0
2022-04-07,0.0,0.0,0.0,0.0,0.0,0.0,0.0,0.0,0,0
2022-04-08,0.0,0.0,0.0,0.0,0.0,0.0,0.0,0.0,0,0
2022-04-11,0.0,0.0,0.0,0.0,0.0,0.0,0.0,0.0,0,0
2022-04-12,0.0,0.0,0.0,0.0,0.0,0.0,0.0,0.0,0,0
2022-04-13,0.0,0.0,0.0,0.0,0.0,0.0,0.0,0.0,0,0
2022-04-14,0.0,0.0,0.0,0.0,0.0,0.0,0.0,0.0,0,0
2022-04-18,0.0,0.0,0.0,0.0,0.0,0.0,0.0,0.0,0,0
2022-04-19,0.0,0.0,0.0,0.0,0.0,0.0,0.0,0.0,0,0
2022-04-20,0.0,0.0,0.0,0.0,0.0,0.0,0.0,0.0,0,0
2022-04-21,0.0,0.0,0.0,0.0,0.0,0.0,0.0,0.0,0,0
2022-04-22,0.0,0.0,0.0,0.0,0.0,0.0,0.0,0.0,0,0
2022-04-25,0.0,0.0,0.0,0.0,0.0,0.0,0.0,0.0,0,0
2022-04-26,0.0,0.0,0.0,0.0,0.0,0.0,0.0,0.0,0,0
2022-04-27,0.0,0.0,0.0,0.0,0.0,0.0,0.0,0.0,0,0
2022-04-28,0.0,0.0,0.0,0.0,0.0,0.0,0.0,0.0,0,0
2022-04-29,0.0,0.0,0.0,0.0,0.0,0.0,0.0,0.0,0,0
2022-05-02,0.0,0.0,0.0,0.0,0.0,0.0,0.0,0.0,0,0
2022-05-03,0.0,0.0,0.0,0.0,0.0,0.0,0.0,0.0,0,0
2022-05-04,0.0,0.0,0.0,0.0,0.0,0.0,0.0,0.0,0,0
2022-05-05,0.0,0.0,0.0,0.0,0.0,0.0,0.0,0.0,0,0
2022-05-06,0.0,0.0,0.0,0.0,0.0,0.0,0.0,0.0,0,0
2022-05-09,0.0,0.0,0.0,0.0,0.0,0.0,0.0,0.0,0,0
2022-05-10,0.0,0.0,0.0,0.0,0.0,0.0,0.0,0.0,0,0
2022-05-11,0.0,0.0,0.0,0.0,0.0,0.0,0.0,0.0,0,0
2022-05-12,0.0,0.0,0.0,0.0,0.0,0.0,0.0,0.0,0,0
2022-05-13,0.0,0.0,0.0,0.0,0.0,0.0,0.0,0.0,0,0
2022-05-16,0.0,0.0,0.0,0.0,0.0,0.0,0.0,0.0,0,0
2022-05-17,0.0,0.0,0.0,0.0,0.0,0.0,0.0,0.0,0,0
2022-05-18,0.0,0.0,0.0,0.0,0.0,0.0,0.0,0.0,0,0
2022-05-19,0.0,0.0,0.0,0.0,0.0,0.0,0.0,0.0,0,0
2022-05-20,0.0,0.0,0.0,0.0,0.0,0.0,0.0,0.0,0,0
2022-05-23,0.0,0.0,0.0,0.0,0.0,0.0,0.0,0.0,0,0
2022-05-24,0.0,0.0,0.0,0.0,0.0,0.0,0.0,0.0,0,0
2022-05-25,0.0,0.0,0.0,0.0,0.0,0.0,0.0,0.0,0,0
2022-05-26,0.0,0.0,0.0,0.0,0.0,0.0,0.0,0.0,0,0
2022-05-27,0.0,0.0,0.0,0.0,0.0,0.0,0.0,0.0,0,0
2022-05-31,0.0,0.0,0.0,0.0,0.0,0.0,0.0,0.0,0,0
2022-06-01,0.0,0.0,0.0,0.0,0.0,0.0,0.0,0.0,0,0
2022-06-02,0.0,0.0,0.0,0.0,0.0,0.0,0.0,0.0,0,0
2022-06-03,0.0,0.0,0.0,0.0,0.0,0.0,0.0,0.0,0,0
2022-06-06,0.0,0.0,0.0,0.0,0.0,0.0,0.0,0.0,0,0
2022-06-07,0.0,0.0,0.0,0.0,0.0,0.0,0.0,0.0,0,0
2022-06-08,0.0,0.0,0.0,0.0,0.0,0.0,0.0,0.0,0,0
2022-06-09,0.0,0.0,0.0,0.0,0.0,0.0,0.0,0.0,0,0
2022-06-10,0.0,0.0,0.0,0.0,0.0,0.0,0.0,0.0,0,0
2022-06-13,0.0,0.0,0.0,0.0,0.0,0.0,0.0,0.0,0,0
2022-06-14,0.0,0.0,0.0,0.0,0.0,0.0,0.0,0.0,0,0
2022-06-15,0.0,0.0,0.0,0.0,0.0,0.0,0.0,0.0,0,0
2022-06-16,0.0,0.0,0.0,0.0,0.0,0.0,0.0,0.0,0,0
2022-06-17,0.0,0.0,0.0,0.0,0.0,0.0,0.0,0.0,0,0
2022-06-21,0.0,0.0,0.0,0.0,0.0,0.0,0.0,0.0,0,0
2022-06-22,0.0,0.0,0.0,0.0,0.0,0.0,0.0,0.0,0,0
2022-06-23,0.0,0.0,0.0,0.0,0.0,0.0,0.0,0.0,0,0
2022-06-24,0.0,0.0,0.0,0.0,0.0,0.0,0.0,0.0,0,0
2022-06-27,0.0,0.0,0.0,0.0,0.0,0.0,0.0,0.0,0,0
2022-06-28,0.0,0.0,0.0,0.0,0.0,0.0,0.0,0.0,0,0
2022-06-29,0.0,0.0,0.0,0.0,0.0,0.0,0.0,0.0,0,0
2022-06-30,0.0,0.0,0.0,0.0,0.0,0.0,0.0,0.0,0,0
2022-07-01,0.0,0.0,0.0,0.0,0.0,0.0,0.0,0.0,0,0
2022-07-05,0.0,0.0,0.0,0.0,0.0,0.0,0.0,0.0,0,0
2022-07-06,0.0,0.0,0.0,0.0,0.0,0.0,0.0,0.0,0,0
2022-07-07,0.0,0.0,0.0,0.0,0.0,0.0,0.0,0.0,0,0
2022-07-08,0.0,0.0,0.0,0.0,0.0,0.0,0.0,0.0,0,0
2022-07-11,0.0,0.0,0.0,0.0,0.0,0.0,0.0,0.0,0,0
2022-07-12,0.0,0.0,0.0,0.0,0.0,0.0,0.0,0.0,0,0
2022-07-13,0.0,0.0,0.0,0.0,0.0,0.0,0.0,0.0,0,0
2022-07-14,0.0,0.0,0.0,0.0,0.0,0.0,0.0,0.0,0,0
2022-07-15,0.0,0.0,0.0,0.0,0.0,0.0,0.0,0.0,0,0
2022-07-18,0.0,0.0,0.0,0.0,0.0,0.0,0.0,0.0,0,0
2022-07-19,0.0,0.0,0.0,0.0,0.0,0.0,0.0,0.0,0,0
2022-07-20,0.0,0.0,0.0,0.0,0.0,0.0,0.0,0.0,0,0
2022-07-21,0.0,0.0,0.0,0.0,0.0,0.0,0.0,0.0,0,0
2022-07-22,0.0,0.0,0.0,0.0,0.0,0.0,0.0,0.0,0,0
2022-07-25,0.0,0.0,0.0,0.0,0.0,0.0,0.0,0.0,0,0
2022-07-26,0.0,0.0,0.0,0.0,0.0,0.0,0.0,0.0,0,0
2022-07-27,0.0,0.0,0.0,0.0,0.0,0.0,0.0,0.0,0,0
2022-07-28,0.0,0.0,0.0,0.0,0.0,0.0,0.0,0.0,0,0
2022-07-29,0.0,0.0,0.0,0.0,0.0,0.0,0.0,0.0,0,0
2022-08-01,0.0,0.0,0.0,0.0,0.0,0.0,0.0,0.0,0,0
2022-08-02,0.0,0.0,0.0,0.0,0.0,0.0,0.0,0.0,0,0
2022-08-03,0.0,0.0,0.0,0.0,0.0,0.0,0.0,0.0,0,0
2022-08-04,0.0,0.0,0.0,0.0,0.0,0.0,0.0,0.0,0,0
2022-08-05,0.0,0.0,0.0,0.0,0.0,0.0,0.0,0.0,0,0
2022-08-08,0.0,0.0,0.0,0.0,0.0,0.0,0.0,0.0,0,0
2022-08-09,0.0,0.0,0.0,0.0,0.0,0.0,0.0,0.0,0,0
2022-08-10,0.0,0.0,0.0,0.0,0.0,0.0,0.0,0.0,0,0
2022-08-11,0.0,0.0,0.0,0.0,0.0,0.0,0.0,0.0,0,0
2022-08-12,0.0,0.0,0.0,0.0,0.0,0.0,0.0,0.0,0,0
2022-08-15,0.0,0.0,0.0,0.0,0.0,0.0,0.0,0.0,0,0
2022-08-16,0.0,0.0,0.0,0.0,0.0,0.0,0.0,0.0,0,0
2022-08-17,0.0,0.0,0.0,0.0,0.0,0.0,0.0,0.0,0,0
2022-08-18,0.0,0.0,0.0,0.0,0.0,0.0,0.0,0.0,0,0
2022-08-19,0.0,0.0,0.0,0.0,0.0,0.0,0.0,0.0,0,0
2022-08-22,0.0,0.0,0.0,0.0,0.0,0.0,0.0,0.0,0,0
2022-08-23,0.0,0.0,0.0,0.0,0.0,0.0,0.0,0.0,0,0
2022-08-24,0.0,0.0,0.0,0.0,0.0,0.0,0.0,0.0,0,0
2022-08-25,0.0,0.0,0.0,0.0,0.0,0.0,0.0,0.0,0,0
2022-08-26,0.0,0.0,0.0,0.0,0.0,0.0,0.0,0.0,0,0
2022-08-29,0.0,0.0,0.0,0.0,0.0,0.0,0.0,0.0,0,0
2022-08-30,0.0,0.0,0.0,0.0,0.0,0.0,0.0,0.0,0,0
2022-08-31,0.0,0.0,0.0,0.0,0.0,0.0,0.0,0.0,0,0
2022-09-01,0.0,0.0,0.0,0.0,0.0,0.0,0.0,0.0,0,0
2022-09-02,0.0,0.0,0.0,0.0,0.0,0.0,0.0,0.0,0,0
2022-09-06,0.0,0.0,0.0,0.0,0.0,0.0,0.0,0.0,0,0
2022-09-07,0.0,0.0,0.0,0.0,0.0,0.0,0.0,0.0,0,0
2022-09-08,0.0,0.0,0.0,0.0,0.0,0.0,0.0,0.0,0,0
2022-09-09,0.0,0.0,0.0,0.0,0.0,0.0,0.0,0.0,0,0
2022-09-12,0.0,0.0,0.0,0.0,0.0,0.0,0.0,0.0,0,0
2022-09-13,0.0,0.0,0.0,0.0,0.0,0.0,0.0,0.0,0,0
2022-09-14,0.0,0.0,0.0,0.0,0.0,0.0,0.0,0.0,0,0
2022-09-15,0.0,0.0,0.0,0.0,0.0,0.0,0.0,0.0,0,0
2022-09-16,0.0,0.0,0.0,0.0,0.0,0.0,0.0,0.0,0,0
2022-09-19,0.0,0.0,0.0,0.0,0.0,0.0,0.0,0.0,0,0
2022-09-20,0.0,0.0,0.0,0.0,0.0,0.0,0.0,0.0,0,0
2022-09-21,0.0,0.0,0.0,0.0,0.0,0.0,0.0,0.0,0,0
2022-09-22,0.0,0.0,0.0,0.0,0.0,0.0,0.0,0.0,0,0
2022-09-23,0.0,0.0,0.0,0.0,0.0,0.0,0.0,0.0,0,0
2022-09-26,0.0,0.0,0.0,0.0,0.0,0.0,0.0,0.0,0,0
2022-09-27,0.0,0.0,0.0,0.0,0.0,0.0,0.0,0.0,0,0
2022-09-28,0.0,0.0,0.0,0.0,0.0,0.0,0.0,0.0,0,0
2022-09-29,0.0,0.0,0.0,0.0,0.0,0.0,0.0,0.0,0,0
2022-09-30,0.0,0.0,0.0,0.0,0.0,0.0,0.0,0.0,0,0
2022-10-03,0.0,0.0,0.0,0.0,0.0,0.0,0.0,0.0,0,0
2022-10-04,0.0,0.0,0.0,0.0,0.0,0.0,0.0,0.0,0,0
2022-10-05,0.0,0.0,0.0,0.0,0.0,0.0,0.0,0.0,0,0
2022-10-06,0.0,0.0,0.0,0.0,0.0,0.0,0.0,0.0,0,0
2022-10-07,0.0,0.0,0.0,0.0,0.0,0.0,0.0,0.0,0,0
2022-10-10,0.0,0.0,0.0,0.0,0.0,0.0,0.0,0.0,0,0
2022-10-11,0.0,0.0,0.0,0.0,0.0,0.0,0.0,0.0,0,0
2022-10-12,0.0,0.0,0.0,0.0,0.0,0.0,0.0,0.0,0,0
2022-10-13,0.0,0.0,0.0,0.0,0.0,0.0,0.0,0.0,0,0
2022-10-14,0.0,0.0,0.0,0.0,0.0,0.0,0.0,0.0,0,0
2022-10-17,0.0,0.0,0.0,0.0,0.0,0.0,0.0,0.0,0,0
2022-10-18,0.0,0.0,0.0,0.0,0.0,0.0,0.0,0.0,0,0
2022-10-19,0.0,0.0,0.0,0.0,0.0,0.0,0.0,0.0,0,0
2022-10-20,0.0,0.0,0.0,0.0,0.0,0.0,0.0,0.0,0,0
2022-10-21,0.0,0.0,0.0,0.0,0.0,0.0,0.0,0.0,0,0
2022-10-24,0.0,0.0,0.0,0.0,0.0,0.0,0.0,0.0,0,0
2022-10-25,0.0,0.0,0.0,0.0,0.0,0.0,0.0,0.0,0,0
2022-10-26,0.0,0.0,0.0,0.0,0.0,0.0,0.0,0.0,0,0
2022-10-27,0.0,0.0,0.0,0.0,0.0,0.0,0.0,0.0,0,0
2022-10-28,0.0,0.0,0.0,0.0,0.0,0.0,0.0,0.0,0,0
2022-10-31,0.0,0.0,0.0,0.0,0.0,0.0,0.0,0.0,0,0
2022-11-01,0.0,0.0,0.0,0.0,0.0,0.0,0.0,0.0,0,0
2022-11-02,0.0,0.0,0.0,0.0,0.0,0.0,0.0,0.0,0,0
2022-11-03,0.0,0.0,0.0,0.0,0.0,0.0,0.0,0.0,0,0
2022-11-04,0.0,0.0,0.0,0.0,0.0,0.0,0.0,0.0,0,0
2022-11-07,0.0,0.0,0.0,0.0,0.0,0.0,0.0,0.0,0,0
2022-11-08,0.0,0.0,0.0,0.0,0.0,0.0,0.0,0.0,0,0
2022-11-09,0.0,0.0,0.0,0.0,0.0,0.0,0.0,0.0,0,0
2022-11-10,326624.73696839006,49999.99999999999,1984.126984126984,274640.6099842631,125000000.00000001,125000000.0,250000000.0,250000000.0,44,44
2022-11-11,312535.3070604877,110102.8396358931,1984.126984126985,200448.34044046758,124999999.99999999,125000000.00000003,250000000.0,475642622.92719585,45,45
2022-11-14,0.0,49999.99999999998,0.0,-49999.99999999998,0.0,0.0,0.0,250000000.0,0,0
2022-11-15,0.0,0.0,0.0,0.0,0.0,0.0,0.0,0.0,0,0
2022-11-16,1993658.8199728217,50000.000000000015,1984.1269841269839,1941674.6929886946,125000000.00000001,125000000.00000003,250000000.00000006,250000000.00000003,45,45
2022-11-17,0.0,50000.000000000015,0.0,-50000.000000000015,0.0,0.0,0.0,250000000.00000003,0,0
2022-11-18,519891.1246839518,50000.00000000001,1984.1269841269836,467906.9976998248,125000000.0,124999999.99999999,250000000.0,250000000.0,45,45
2022-11-21,0.0,50000.00000000001,0.0,-50000.00000000001,0.0,0.0,0.0,250000000.0,0,0
2022-11-22,0.0,0.0,0.0,0.0,0.0,0.0,0.0,0.0,0,0
2022-11-23,0.0,0.0,0.0,0.0,0.0,0.0,0.0,0.0,0,0
2022-11-25,0.0,0.0,0.0,0.0,0.0,0.0,0.0,0.0,0,0
2022-11-28,0.0,0.0,0.0,0.0,0.0,0.0,0.0,0.0,0,0
2022-11-29,0.0,0.0,0.0,0.0,0.0,0.0,0.0,0.0,0,0
2022-11-30,0.0,0.0,0.0,0.0,0.0,0.0,0.0,0.0,0,0
2022-12-01,0.0,0.0,0.0,0.0,0.0,0.0,0.0,0.0,0,0
2022-12-02,0.0,0.0,0.0,0.0,0.0,0.0,0.0,0.0,0,0
2022-12-05,0.0,0.0,0.0,0.0,0.0,0.0,0.0,0.0,0,0
2022-12-06,0.0,0.0,0.0,0.0,0.0,0.0,0.0,0.0,0,0
2022-12-07,0.0,0.0,0.0,0.0,0.0,0.0,0.0,0.0,0,0
2022-12-08,0.0,0.0,0.0,0.0,0.0,0.0,0.0,0.0,0,0
2022-12-09,0.0,0.0,0.0,0.0,0.0,0.0,0.0,0.0,0,0
2022-12-12,0.0,0.0,0.0,0.0,0.0,0.0,0.0,0.0,0,0
2022-12-13,0.0,0.0,0.0,0.0,0.0,0.0,0.0,0.0,0,0
2022-12-14,0.0,0.0,0.0,0.0,0.0,0.0,0.0,0.0,0,0
2022-12-15,0.0,0.0,0.0,0.0,0.0,0.0,0.0,0.0,0,0
2022-12-16,0.0,0.0,0.0,0.0,0.0,0.0,0.0,0.0,0,0
2022-12-19,0.0,0.0,0.0,0.0,0.0,0.0,0.0,0.0,0,0
2022-12-20,0.0,0.0,0.0,0.0,0.0,0.0,0.0,0.0,0,0
2022-12-21,0.0,0.0,0.0,0.0,0.0,0.0,0.0,0.0,0,0
2022-12-22,0.0,0.0,0.0,0.0,0.0,0.0,0.0,0.0,0,0
2022-12-23,0.0,0.0,0.0,0.0,0.0,0.0,0.0,0.0,0,0
2022-12-27,0.0,0.0,0.0,0.0,0.0,0.0,0.0,0.0,0,0
2022-12-28,0.0,0.0,0.0,0.0,0.0,0.0,0.0,0.0,0,0
2022-12-29,0.0,0.0,0.0,0.0,0.0,0.0,0.0,0.0,0,0
2022-12-30,0.0,0.0,0.0,0.0,0.0,0.0,0.0,0.0,0,0
2023-01-03,0.0,0.0,0.0,0.0,0.0,0.0,0.0,0.0,0,0
2023-01-04,0.0,0.0,0.0,0.0,0.0,0.0,0.0,0.0,0,0
2023-01-05,0.0,0.0,0.0,0.0,0.0,0.0,0.0,0.0,0,0
2023-01-06,0.0,0.0,0.0,0.0,0.0,0.0,0.0,0.0,0,0
2023-01-09,0.0,0.0,0.0,0.0,0.0,0.0,0.0,0.0,0,0
2023-01-10,0.0,0.0,0.0,0.0,0.0,0.0,0.0,0.0,0,0
2023-01-11,0.0,0.0,0.0,0.0,0.0,0.0,0.0,0.0,0,0
2023-01-12,0.0,0.0,0.0,0.0,0.0,0.0,0.0,0.0,0,0
2023-01-13,0.0,0.0,0.0,0.0,0.0,0.0,0.0,0.0,0,0
2023-01-17,0.0,0.0,0.0,0.0,0.0,0.0,0.0,0.0,0,0
2023-01-18,0.0,0.0,0.0,0.0,0.0,0.0,0.0,0.0,0,0
2023-01-19,0.0,0.0,0.0,0.0,0.0,0.0,0.0,0.0,0,0
2023-01-20,0.0,0.0,0.0,0.0,0.0,0.0,0.0,0.0,0,0
2023-01-23,0.0,0.0,0.0,0.0,0.0,0.0,0.0,0.0,0,0
2023-01-24,0.0,0.0,0.0,0.0,0.0,0.0,0.0,0.0,0,0
2023-01-25,0.0,0.0,0.0,0.0,0.0,0.0,0.0,0.0,0,0
2023-01-26,0.0,0.0,0.0,0.0,0.0,0.0,0.0,0.0,0,0
2023-01-27,0.0,0.0,0.0,0.0,0.0,0.0,0.0,0.0,0,0
2023-01-30,0.0,0.0,0.0,0.0,0.0,0.0,0.0,0.0,0,0
2023-01-31,0.0,0.0,0.0,0.0,0.0,0.0,0.0,0.0,0,0
2023-02-01,0.0,0.0,0.0,0.0,0.0,0.0,0.0,0.0,0,0
2023-02-02,0.0,0.0,0.0,0.0,0.0,0.0,0.0,0.0,0,0
2023-02-03,0.0,0.0,0.0,0.0,0.0,0.0,0.0,0.0,0,0
2023-02-06,0.0,0.0,0.0,0.0,0.0,0.0,0.0,0.0,0,0
2023-02-07,0.0,0.0,0.0,0.0,0.0,0.0,0.0,0.0,0,0
2023-02-08,0.0,0.0,0.0,0.0,0.0,0.0,0.0,0.0,0,0
2023-02-09,0.0,0.0,0.0,0.0,0.0,0.0,0.0,0.0,0,0
2023-02-10,0.0,0.0,0.0,0.0,0.0,0.0,0.0,0.0,0,0
2023-02-13,0.0,0.0,0.0,0.0,0.0,0.0,0.0,0.0,0,0
2023-02-14,0.0,0.0,0.0,0.0,0.0,0.0,0.0,0.0,0,0
2023-02-15,0.0,0.0,0.0,0.0,0.0,0.0,0.0,0.0,0,0
2023-02-16,0.0,0.0,0.0,0.0,0.0,0.0,0.0,0.0,0,0
2023-02-17,-1346138.9537659993,49999.99999999998,1984.126984126984,-1398123.0807501264,125000000.00000001,124999999.99999999,250000000.0,250000000.0,42,42
2023-02-21,0.0,49999.99999999998,0.0,-49999.99999999998,0.0,0.0,0.0,250000000.0,0,0
2023-02-22,9447.497071561025,50000.00000000001,1984.1269841269848,-42536.629912565964,125000000.0,125000000.0,250000000.0,250000000.0,42,42
2023-02-23,0.0,50000.00000000001,0.0,-50000.00000000001,0.0,0.0,0.0,250000000.0,0,0
2023-02-24,808079.1561648272,50000.0,1984.1269841269832,756095.0291807002,125000000.0,125000000.0,250000000.0,250000000.0,42,42
2023-02-27,-198267.09673247545,99999.99999999991,1984.126984126984,-300251.2237166023,125000000.0,125000000.00000001,250000000.0,423367671.9845257,44,44
2023-02-28,0.0,50000.0,0.0,-50000.0,0.0,0.0,0.0,250000000.0,0,0
2023-03-01,0.0,0.0,0.0,0.0,0.0,0.0,0.0,0.0,0,0
2023-03-02,0.0,0.0,0.0,0.0,0.0,0.0,0.0,0.0,0,0
2023-03-03,0.0,0.0,0.0,0.0,0.0,0.0,0.0,0.0,0,0
2023-03-06,0.0,0.0,0.0,0.0,0.0,0.0,0.0,0.0,0,0
2023-03-07,0.0,0.0,0.0,0.0,0.0,0.0,0.0,0.0,0,0
2023-03-08,0.0,0.0,0.0,0.0,0.0,0.0,0.0,0.0,0,0
2023-03-09,0.0,0.0,0.0,0.0,0.0,0.0,0.0,0.0,0,0
2023-03-10,0.0,0.0,0.0,0.0,0.0,0.0,0.0,0.0,0,0
2023-03-13,0.0,0.0,0.0,0.0,0.0,0.0,0.0,0.0,0,0
2023-03-14,-1109949.0877760933,50000.00000000002,1984.1269841269836,-1161933.2147602204,125000000.0,125000000.0,250000000.0,250000000.0,47,47
2023-03-15,-1414665.6959831456,108529.45860675407,1984.1269841269836,-1525179.2815740267,125000000.00000001,125000000.0,250000000.0,456234874.36875826,47,47
2023-03-16,-1751949.3923469535,100000.00000000001,1984.1269841269839,-1853933.5193310806,125000000.0,124999999.99999999,250000000.0,333726077.81045115,47,47
2023-03-17,2159581.6121691884,100782.69808113445,1984.126984126984,2056814.787103927,125000000.00000003,125000000.0,250000000.00000003,331698528.6459271,47,47
2023-03-20,3119613.799163461,102083.7887855721,1984.1269841269839,3015545.883393762,124999999.99999999,125000000.0,250000000.0,390191104.3086878,48,48
2023-03-21,206519.58432684766,114762.63193537387,1984.1269841269839,89772.82540734681,125000000.0,125000000.00000001,250000000.0,496202670.8340377,48,48
2023-03-22,0.0,50000.0,0.0,-50000.0,0.0,0.0,0.0,250000000.00000003,0,0
2023-03-23,0.0,0.0,0.0,0.0,0.0,0.0,0.0,0.0,0,0
2023-03-24,0.0,0.0,0.0,0.0,0.0,0.0,0.0,0.0,0,0
2023-03-27,0.0,0.0,0.0,0.0,0.0,0.0,0.0,0.0,0,0
2023-03-28,0.0,0.0,0.0,0.0,0.0,0.0,0.0,0.0,0,0
2023-03-29,0.0,0.0,0.0,0.0,0.0,0.0,0.0,0.0,0,0
2023-03-30,0.0,0.0,0.0,0.0,0.0,0.0,0.0,0.0,0,0
2023-03-31,0.0,0.0,0.0,0.0,0.0,0.0,0.0,0.0,0,0
2023-04-03,0.0,0.0,0.0,0.0,0.0,0.0,0.0,0.0,0,0
2023-04-04,0.0,0.0,0.0,0.0,0.0,0.0,0.0,0.0,0,0
2023-04-05,0.0,0.0,0.0,0.0,0.0,0.0,0.0,0.0,0,0
2023-04-06,0.0,0.0,0.0,0.0,0.0,0.0,0.0,0.0,0,0
2023-04-10,0.0,0.0,0.0,0.0,0.0,0.0,0.0,0.0,0,0
2023-04-11,0.0,0.0,0.0,0.0,0.0,0.0,0.0,0.0,0,0
2023-04-12,0.0,0.0,0.0,0.0,0.0,0.0,0.0,0.0,0,0
2023-04-13,0.0,0.0,0.0,0.0,0.0,0.0,0.0,0.0,0,0
2023-04-14,0.0,0.0,0.0,0.0,0.0,0.0,0.0,0.0,0,0
2023-04-17,0.0,0.0,0.0,0.0,0.0,0.0,0.0,0.0,0,0
2023-04-18,0.0,0.0,0.0,0.0,0.0,0.0,0.0,0.0,0,0
2023-04-19,0.0,0.0,0.0,0.0,0.0,0.0,0.0,0.0,0,0
2023-04-20,0.0,0.0,0.0,0.0,0.0,0.0,0.0,0.0,0,0
2023-04-21,0.0,0.0,0.0,0.0,0.0,0.0,0.0,0.0,0,0
2023-04-24,0.0,0.0,0.0,0.0,0.0,0.0,0.0,0.0,0,0
2023-04-25,0.0,0.0,0.0,0.0,0.0,0.0,0.0,0.0,0,0
2023-04-26,0.0,0.0,0.0,0.0,0.0,0.0,0.0,0.0,0,0
2023-04-27,0.0,0.0,0.0,0.0,0.0,0.0,0.0,0.0,0,0
2023-04-28,0.0,0.0,0.0,0.0,0.0,0.0,0.0,0.0,0,0
2023-05-01,0.0,0.0,0.0,0.0,0.0,0.0,0.0,0.0,0,0
2023-05-02,0.0,0.0,0.0,0.0,0.0,0.0,0.0,0.0,0,0
2023-05-03,0.0,0.0,0.0,0.0,0.0,0.0,0.0,0.0,0,0
2023-05-04,0.0,0.0,0.0,0.0,0.0,0.0,0.0,0.0,0,0
2023-05-05,0.0,0.0,0.0,0.0,0.0,0.0,0.0,0.0,0,0
2023-05-08,0.0,0.0,0.0,0.0,0.0,0.0,0.0,0.0,0,0
2023-05-09,0.0,0.0,0.0,0.0,0.0,0.0,0.0,0.0,0,0
2023-05-10,0.0,0.0,0.0,0.0,0.0,0.0,0.0,0.0,0,0
2023-05-11,0.0,0.0,0.0,0.0,0.0,0.0,0.0,0.0,0,0
2023-05-12,0.0,0.0,0.0,0.0,0.0,0.0,0.0,0.0,0,0
2023-05-15,0.0,0.0,0.0,0.0,0.0,0.0,0.0,0.0,0,0
2023-05-16,0.0,0.0,0.0,0.0,0.0,0.0,0.0,0.0,0,0
2023-05-17,0.0,0.0,0.0,0.0,0.0,0.0,0.0,0.0,0,0
2023-05-18,0.0,0.0,0.0,0.0,0.0,0.0,0.0,0.0,0,0
2023-05-19,0.0,0.0,0.0,0.0,0.0,0.0,0.0,0.0,0,0
2023-05-22,0.0,0.0,0.0,0.0,0.0,0.0,0.0,0.0,0,0
2023-05-23,0.0,0.0,0.0,0.0,0.0,0.0,0.0,0.0,0,0
2023-05-24,0.0,0.0,0.0,0.0,0.0,0.0,0.0,0.0,0,0
2023-05-25,0.0,0.0,0.0,0.0,0.0,0.0,0.0,0.0,0,0
2023-05-26,0.0,0.0,0.0,0.0,0.0,0.0,0.0,0.0,0,0
2023-05-30,0.0,0.0,0.0,0.0,0.0,0.0,0.0,0.0,0,0
2023-05-31,0.0,0.0,0.0,0.0,0.0,0.0,0.0,0.0,0,0
2023-06-01,0.0,0.0,0.0,0.0,0.0,0.0,0.0,0.0,0,0
2023-06-02,0.0,0.0,0.0,0.0,0.0,0.0,0.0,0.0,0,0
2023-06-05,0.0,0.0,0.0,0.0,0.0,0.0,0.0,0.0,0,0
2023-06-06,0.0,0.0,0.0,0.0,0.0,0.0,0.0,0.0,0,0
2023-06-07,0.0,0.0,0.0,0.0,0.0,0.0,0.0,0.0,0,0
2023-06-08,0.0,0.0,0.0,0.0,0.0,0.0,0.0,0.0,0,0
2023-06-09,0.0,0.0,0.0,0.0,0.0,0.0,0.0,0.0,0,0
2023-06-12,0.0,0.0,0.0,0.0,0.0,0.0,0.0,0.0,0,0
2023-06-13,0.0,0.0,0.0,0.0,0.0,0.0,0.0,0.0,0,0
2023-06-14,0.0,0.0,0.0,0.0,0.0,0.0,0.0,0.0,0,0
2023-06-15,0.0,0.0,0.0,0.0,0.0,0.0,0.0,0.0,0,0
2023-06-16,0.0,0.0,0.0,0.0,0.0,0.0,0.0,0.0,0,0
2023-06-20,0.0,0.0,0.0,0.0,0.0,0.0,0.0,0.0,0,0
2023-06-21,0.0,0.0,0.0,0.0,0.0,0.0,0.0,0.0,0,0
2023-06-22,0.0,0.0,0.0,0.0,0.0,0.0,0.0,0.0,0,0
2023-06-23,0.0,0.0,0.0,0.0,0.0,0.0,0.0,0.0,0,0
2023-06-26,0.0,0.0,0.0,0.0,0.0,0.0,0.0,0.0,0,0
2023-06-27,0.0,0.0,0.0,0.0,0.0,0.0,0.0,0.0,0,0
2023-06-28,0.0,0.0,0.0,0.0,0.0,0.0,0.0,0.0,0,0
2023-06-29,0.0,0.0,0.0,0.0,0.0,0.0,0.0,0.0,0,0
2023-06-30,0.0,0.0,0.0,0.0,0.0,0.0,0.0,0.0,0,0
2023-07-03,0.0,0.0,0.0,0.0,0.0,0.0,0.0,0.0,0,0
2023-07-05,0.0,0.0,0.0,0.0,0.0,0.0,0.0,0.0,0,0
2023-07-06,0.0,0.0,0.0,0.0,0.0,0.0,0.0,0.0,0,0
2023-07-07,0.0,0.0,0.0,0.0,0.0,0.0,0.0,0.0,0,0
2023-07-10,0.0,0.0,0.0,0.0,0.0,0.0,0.0,0.0,0,0
2023-07-11,0.0,0.0,0.0,0.0,0.0,0.0,0.0,0.0,0,0
2023-07-12,0.0,0.0,0.0,0.0,0.0,0.0,0.0,0.0,0,0
2023-07-13,0.0,0.0,0.0,0.0,0.0,0.0,0.0,0.0,0,0
2023-07-14,0.0,0.0,0.0,0.0,0.0,0.0,0.0,0.0,0,0
2023-07-17,0.0,0.0,0.0,0.0,0.0,0.0,0.0,0.0,0,0
2023-07-18,0.0,0.0,0.0,0.0,0.0,0.0,0.0,0.0,0,0
2023-07-19,0.0,0.0,0.0,0.0,0.0,0.0,0.0,0.0,0,0
2023-07-20,0.0,0.0,0.0,0.0,0.0,0.0,0.0,0.0,0,0
2023-07-21,0.0,0.0,0.0,0.0,0.0,0.0,0.0,0.0,0,0
2023-07-24,0.0,0.0,0.0,0.0,0.0,0.0,0.0,0.0,0,0
2023-07-25,0.0,0.0,0.0,0.0,0.0,0.0,0.0,0.0,0,0
2023-07-26,0.0,0.0,0.0,0.0,0.0,0.0,0.0,0.0,0,0
2023-07-27,0.0,0.0,0.0,0.0,0.0,0.0,0.0,0.0,0,0
2023-07-28,0.0,0.0,0.0,0.0,0.0,0.0,0.0,0.0,0,0
2023-07-31,0.0,0.0,0.0,0.0,0.0,0.0,0.0,0.0,0,0
2023-08-01,0.0,0.0,0.0,0.0,0.0,0.0,0.0,0.0,0,0
2023-08-02,0.0,0.0,0.0,0.0,0.0,0.0,0.0,0.0,0,0
2023-08-03,0.0,0.0,0.0,0.0,0.0,0.0,0.0,0.0,0,0
2023-08-04,0.0,0.0,0.0,0.0,0.0,0.0,0.0,0.0,0,0
2023-08-07,0.0,0.0,0.0,0.0,0.0,0.0,0.0,0.0,0,0
2023-08-08,0.0,0.0,0.0,0.0,0.0,0.0,0.0,0.0,0,0
2023-08-09,0.0,0.0,0.0,0.0,0.0,0.0,0.0,0.0,0,0
2023-08-10,0.0,0.0,0.0,0.0,0.0,0.0,0.0,0.0,0,0
2023-08-11,0.0,0.0,0.0,0.0,0.0,0.0,0.0,0.0,0,0
2023-08-14,0.0,0.0,0.0,0.0,0.0,0.0,0.0,0.0,0,0
2023-08-15,0.0,0.0,0.0,0.0,0.0,0.0,0.0,0.0,0,0
2023-08-16,0.0,0.0,0.0,0.0,0.0,0.0,0.0,0.0,0,0
2023-08-17,0.0,0.0,0.0,0.0,0.0,0.0,0.0,0.0,0,0
2023-08-18,0.0,0.0,0.0,0.0,0.0,0.0,0.0,0.0,0,0
2023-08-21,0.0,0.0,0.0,0.0,0.0,0.0,0.0,0.0,0,0
2023-08-22,0.0,0.0,0.0,0.0,0.0,0.0,0.0,0.0,0,0
2023-08-23,0.0,0.0,0.0,0.0,0.0,0.0,0.0,0.0,0,0
2023-08-24,0.0,0.0,0.0,0.0,0.0,0.0,0.0,0.0,0,0
2023-08-25,0.0,0.0,0.0,0.0,0.0,0.0,0.0,0.0,0,0
2023-08-28,0.0,0.0,0.0,0.0,0.0,0.0,0.0,0.0,0,0
2023-08-29,0.0,0.0,0.0,0.0,0.0,0.0,0.0,0.0,0,0
2023-08-30,0.0,0.0,0.0,0.0,0.0,0.0,0.0,0.0,0,0
2023-08-31,0.0,0.0,0.0,0.0,0.0,0.0,0.0,0.0,0,0
2023-09-01,0.0,0.0,0.0,0.0,0.0,0.0,0.0,0.0,0,0
2023-09-05,0.0,0.0,0.0,0.0,0.0,0.0,0.0,0.0,0,0
2023-09-06,0.0,0.0,0.0,0.0,0.0,0.0,0.0,0.0,0,0
2023-09-07,0.0,0.0,0.0,0.0,0.0,0.0,0.0,0.0,0,0
2023-09-08,0.0,0.0,0.0,0.0,0.0,0.0,0.0,0.0,0,0
2023-09-11,0.0,0.0,0.0,0.0,0.0,0.0,0.0,0.0,0,0
2023-09-12,0.0,0.0,0.0,0.0,0.0,0.0,0.0,0.0,0,0
2023-09-13,0.0,0.0,0.0,0.0,0.0,0.0,0.0,0.0,0,0
2023-09-14,0.0,0.0,0.0,0.0,0.0,0.0,0.0,0.0,0,0
2023-09-15,0.0,0.0,0.0,0.0,0.0,0.0,0.0,0.0,0,0
2023-09-18,0.0,0.0,0.0,0.0,0.0,0.0,0.0,0.0,0,0
2023-09-19,0.0,0.0,0.0,0.0,0.0,0.0,0.0,0.0,0,0
2023-09-20,0.0,0.0,0.0,0.0,0.0,0.0,0.0,0.0,0,0
2023-09-21,0.0,0.0,0.0,0.0,0.0,0.0,0.0,0.0,0,0
2023-09-22,0.0,0.0,0.0,0.0,0.0,0.0,0.0,0.0,0,0
2023-09-25,0.0,0.0,0.0,0.0,0.0,0.0,0.0,0.0,0,0
2023-09-26,0.0,0.0,0.0,0.0,0.0,0.0,0.0,0.0,0,0
2023-09-27,0.0,0.0,0.0,0.0,0.0,0.0,0.0,0.0,0,0
2023-09-28,0.0,0.0,0.0,0.0,0.0,0.0,0.0,0.0,0,0
2023-09-29,0.0,0.0,0.0,0.0,0.0,0.0,0.0,0.0,0,0
2023-10-02,0.0,0.0,0.0,0.0,0.0,0.0,0.0,0.0,0,0
2023-10-03,0.0,0.0,0.0,0.0,0.0,0.0,0.0,0.0,0,0
2023-10-04,0.0,0.0,0.0,0.0,0.0,0.0,0.0,0.0,0,0
2023-10-05,0.0,0.0,0.0,0.0,0.0,0.0,0.0,0.0,0,0
2023-10-06,0.0,0.0,0.0,0.0,0.0,0.0,0.0,0.0,0,0
2023-10-09,0.0,0.0,0.0,0.0,0.0,0.0,0.0,0.0,0,0
2023-10-10,0.0,0.0,0.0,0.0,0.0,0.0,0.0,0.0,0,0
2023-10-11,0.0,0.0,0.0,0.0,0.0,0.0,0.0,0.0,0,0
2023-10-12,0.0,0.0,0.0,0.0,0.0,0.0,0.0,0.0,0,0
2023-10-13,0.0,0.0,0.0,0.0,0.0,0.0,0.0,0.0,0,0
2023-10-16,0.0,0.0,0.0,0.0,0.0,0.0,0.0,0.0,0,0
2023-10-17,0.0,0.0,0.0,0.0,0.0,0.0,0.0,0.0,0,0
2023-10-18,0.0,0.0,0.0,0.0,0.0,0.0,0.0,0.0,0,0
2023-10-19,0.0,0.0,0.0,0.0,0.0,0.0,0.0,0.0,0,0
2023-10-20,0.0,0.0,0.0,0.0,0.0,0.0,0.0,0.0,0,0
2023-10-23,0.0,0.0,0.0,0.0,0.0,0.0,0.0,0.0,0,0
2023-10-24,0.0,0.0,0.0,0.0,0.0,0.0,0.0,0.0,0,0
2023-10-25,0.0,0.0,0.0,0.0,0.0,0.0,0.0,0.0,0,0
2023-10-26,0.0,0.0,0.0,0.0,0.0,0.0,0.0,0.0,0,0
2023-10-27,0.0,0.0,0.0,0.0,0.0,0.0,0.0,0.0,0,0
2023-10-30,0.0,0.0,0.0,0.0,0.0,0.0,0.0,0.0,0,0
2023-10-31,0.0,0.0,0.0,0.0,0.0,0.0,0.0,0.0,0,0
2023-11-01,0.0,0.0,0.0,0.0,0.0,0.0,0.0,0.0,0,0
2023-11-02,0.0,0.0,0.0,0.0,0.0,0.0,0.0,0.0,0,0
2023-11-03,0.0,0.0,0.0,0.0,0.0,0.0,0.0,0.0,0,0
2023-11-06,0.0,0.0,0.0,0.0,0.0,0.0,0.0,0.0,0,0
2023-11-07,0.0,0.0,0.0,0.0,0.0,0.0,0.0,0.0,0,0
2023-11-08,0.0,0.0,0.0,0.0,0.0,0.0,0.0,0.0,0,0
2023-11-09,0.0,0.0,0.0,0.0,0.0,0.0,0.0,0.0,0,0
2023-11-10,0.0,0.0,0.0,0.0,0.0,0.0,0.0,0.0,0,0
2023-11-13,0.0,0.0,0.0,0.0,0.0,0.0,0.0,0.0,0,0
2023-11-14,0.0,0.0,0.0,0.0,0.0,0.0,0.0,0.0,0,0
2023-11-15,0.0,0.0,0.0,0.0,0.0,0.0,0.0,0.0,0,0
2023-11-16,0.0,0.0,0.0,0.0,0.0,0.0,0.0,0.0,0,0
2023-11-17,0.0,0.0,0.0,0.0,0.0,0.0,0.0,0.0,0,0
2023-11-20,0.0,0.0,0.0,0.0,0.0,0.0,0.0,0.0,0,0
2023-11-21,0.0,0.0,0.0,0.0,0.0,0.0,0.0,0.0,0,0
2023-11-22,0.0,0.0,0.0,0.0,0.0,0.0,0.0,0.0,0,0
2023-11-24,0.0,0.0,0.0,0.0,0.0,0.0,0.0,0.0,0,0
2023-11-27,0.0,0.0,0.0,0.0,0.0,0.0,0.0,0.0,0,0
2023-11-28,0.0,0.0,0.0,0.0,0.0,0.0,0.0,0.0,0,0
2023-11-29,0.0,0.0,0.0,0.0,0.0,0.0,0.0,0.0,0,0
2023-11-30,0.0,0.0,0.0,0.0,0.0,0.0,0.0,0.0,0,0
2023-12-01,0.0,0.0,0.0,0.0,0.0,0.0,0.0,0.0,0,0
2023-12-04,0.0,0.0,0.0,0.0,0.0,0.0,0.0,0.0,0,0
2023-12-05,0.0,0.0,0.0,0.0,0.0,0.0,0.0,0.0,0,0
2023-12-06,0.0,0.0,0.0,0.0,0.0,0.0,0.0,0.0,0,0
2023-12-07,0.0,0.0,0.0,0.0,0.0,0.0,0.0,0.0,0,0
2023-12-08,0.0,0.0,0.0,0.0,0.0,0.0,0.0,0.0,0,0
2023-12-11,0.0,0.0,0.0,0.0,0.0,0.0,0.0,0.0,0,0
2023-12-12,0.0,0.0,0.0,0.0,0.0,0.0,0.0,0.0,0,0
2023-12-13,0.0,0.0,0.0,0.0,0.0,0.0,0.0,0.0,0,0
2023-12-14,0.0,0.0,0.0,0.0,0.0,0.0,0.0,0.0,0,0
2023-12-15,0.0,0.0,0.0,0.0,0.0,0.0,0.0,0.0,0,0
2023-12-18,0.0,0.0,0.0,0.0,0.0,0.0,0.0,0.0,0,0
2023-12-19,0.0,0.0,0.0,0.0,0.0,0.0,0.0,0.0,0,0
2023-12-20,0.0,0.0,0.0,0.0,0.0,0.0,0.0,0.0,0,0
2023-12-21,0.0,0.0,0.0,0.0,0.0,0.0,0.0,0.0,0,0
2023-12-22,0.0,0.0,0.0,0.0,0.0,0.0,0.0,0.0,0,0
2023-12-26,0.0,0.0,0.0,0.0,0.0,0.0,0.0,0.0,0,0
2023-12-27,0.0,0.0,0.0,0.0,0.0,0.0,0.0,0.0,0,0
2023-12-28,0.0,0.0,0.0,0.0,0.0,0.0,0.0,0.0,0,0
2023-12-29,0.0,0.0,0.0,0.0,0.0,0.0,0.0,0.0,0,0
2024-01-02,0.0,0.0,0.0,0.0,0.0,0.0,0.0,0.0,0,0
2024-01-03,0.0,0.0,0.0,0.0,0.0,0.0,0.0,0.0,0,0
2024-01-04,0.0,0.0,0.0,0.0,0.0,0.0,0.0,0.0,0,0
2024-01-05,0.0,0.0,0.0,0.0,0.0,0.0,0.0,0.0,0,0
2024-01-08,0.0,0.0,0.0,0.0,0.0,0.0,0.0,0.0,0,0
2024-01-09,0.0,0.0,0.0,0.0,0.0,0.0,0.0,0.0,0,0
2024-01-10,0.0,0.0,0.0,0.0,0.0,0.0,0.0,0.0,0,0
2024-01-11,0.0,0.0,0.0,0.0,0.0,0.0,0.0,0.0,0,0
2024-01-12,0.0,0.0,0.0,0.0,0.0,0.0,0.0,0.0,0,0
2024-01-16,0.0,0.0,0.0,0.0,0.0,0.0,0.0,0.0,0,0
2024-01-17,0.0,0.0,0.0,0.0,0.0,0.0,0.0,0.0,0,0
2024-01-18,0.0,0.0,0.0,0.0,0.0,0.0,0.0,0.0,0,0
2024-01-19,0.0,0.0,0.0,0.0,0.0,0.0,0.0,0.0,0,0
2024-01-22,0.0,0.0,0.0,0.0,0.0,0.0,0.0,0.0,0,0
2024-01-23,0.0,0.0,0.0,0.0,0.0,0.0,0.0,0.0,0,0
2024-01-24,0.0,0.0,0.0,0.0,0.0,0.0,0.0,0.0,0,0
2024-01-25,0.0,0.0,0.0,0.0,0.0,0.0,0.0,0.0,0,0
2024-01-26,0.0,0.0,0.0,0.0,0.0,0.0,0.0,0.0,0,0
2024-01-29,0.0,0.0,0.0,0.0,0.0,0.0,0.0,0.0,0,0
2024-01-30,0.0,0.0,0.0,0.0,0.0,0.0,0.0,0.0,0,0
2024-01-31,0.0,0.0,0.0,0.0,0.0,0.0,0.0,0.0,0,0
2024-02-01,0.0,0.0,0.0,0.0,0.0,0.0,0.0,0.0,0,0
2024-02-02,0.0,0.0,0.0,0.0,0.0,0.0,0.0,0.0,0,0
2024-02-05,0.0,0.0,0.0,0.0,0.0,0.0,0.0,0.0,0,0
2024-02-06,0.0,0.0,0.0,0.0,0.0,0.0,0.0,0.0,0,0
2024-02-07,0.0,0.0,0.0,0.0,0.0,0.0,0.0,0.0,0,0
2024-02-08,0.0,0.0,0.0,0.0,0.0,0.0,0.0,0.0,0,0
2024-02-09,0.0,0.0,0.0,0.0,0.0,0.0,0.0,0.0,0,0
2024-02-12,0.0,0.0,0.0,0.0,0.0,0.0,0.0,0.0,0,0
2024-02-13,0.0,0.0,0.0,0.0,0.0,0.0,0.0,0.0,0,0
2024-02-14,0.0,0.0,0.0,0.0,0.0,0.0,0.0,0.0,0,0
2024-02-15,0.0,0.0,0.0,0.0,0.0,0.0,0.0,0.0,0,0
2024-02-16,0.0,0.0,0.0,0.0,0.0,0.0,0.0,0.0,0,0
2024-02-20,0.0,0.0,0.0,0.0,0.0,0.0,0.0,0.0,0,0
2024-02-21,0.0,0.0,0.0,0.0,0.0,0.0,0.0,0.0,0,0
2024-02-22,0.0,0.0,0.0,0.0,0.0,0.0,0.0,0.0,0,0
2024-02-23,0.0,0.0,0.0,0.0,0.0,0.0,0.0,0.0,0,0
2024-02-26,0.0,0.0,0.0,0.0,0.0,0.0,0.0,0.0,0,0
2024-02-27,0.0,0.0,0.0,0.0,0.0,0.0,0.0,0.0,0,0
2024-02-28,0.0,0.0,0.0,0.0,0.0,0.0,0.0,0.0,0,0
2024-02-29,0.0,0.0,0.0,0.0,0.0,0.0,0.0,0.0,0,0
2024-03-01,0.0,0.0,0.0,0.0,0.0,0.0,0.0,0.0,0,0
2024-03-04,0.0,0.0,0.0,0.0,0.0,0.0,0.0,0.0,0,0
2024-03-05,0.0,0.0,0.0,0.0,0.0,0.0,0.0,0.0,0,0
2024-03-06,0.0,0.0,0.0,0.0,0.0,0.0,0.0,0.0,0,0
2024-03-07,0.0,0.0,0.0,0.0,0.0,0.0,0.0,0.0,0,0
2024-03-08,0.0,0.0,0.0,0.0,0.0,0.0,0.0,0.0,0,0
2024-03-11,0.0,0.0,0.0,0.0,0.0,0.0,0.0,0.0,0,0
2024-03-12,0.0,0.0,0.0,0.0,0.0,0.0,0.0,0.0,0,0
2024-03-13,0.0,0.0,0.0,0.0,0.0,0.0,0.0,0.0,0,0
2024-03-14,0.0,0.0,0.0,0.0,0.0,0.0,0.0,0.0,0,0
2024-03-15,0.0,0.0,0.0,0.0,0.0,0.0,0.0,0.0,0,0
2024-03-18,0.0,0.0,0.0,0.0,0.0,0.0,0.0,0.0,0,0
2024-03-19,0.0,0.0,0.0,0.0,0.0,0.0,0.0,0.0,0,0
2024-03-20,0.0,0.0,0.0,0.0,0.0,0.0,0.0,0.0,0,0
2024-03-21,0.0,0.0,0.0,0.0,0.0,0.0,0.0,0.0,0,0
2024-03-22,0.0,0.0,0.0,0.0,0.0,0.0,0.0,0.0,0,0
2024-03-25,0.0,0.0,0.0,0.0,0.0,0.0,0.0,0.0,0,0
2024-03-26,0.0,0.0,0.0,0.0,0.0,0.0,0.0,0.0,0,0
2024-03-27,0.0,0.0,0.0,0.0,0.0,0.0,0.0,0.0,0,0
2024-03-28,0.0,0.0,0.0,0.0,0.0,0.0,0.0,0.0,0,0
2024-04-01,0.0,0.0,0.0,0.0,0.0,0.0,0.0,0.0,0,0
2024-04-02,0.0,0.0,0.0,0.0,0.0,0.0,0.0,0.0,0,0
2024-04-03,0.0,0.0,0.0,0.0,0.0,0.0,0.0,0.0,0,0
2024-04-04,0.0,0.0,0.0,0.0,0.0,0.0,0.0,0.0,0,0
2024-04-05,0.0,0.0,0.0,0.0,0.0,0.0,0.0,0.0,0,0
2024-04-08,0.0,0.0,0.0,0.0,0.0,0.0,0.0,0.0,0,0
2024-04-09,0.0,0.0,0.0,0.0,0.0,0.0,0.0,0.0,0,0
2024-04-10,0.0,0.0,0.0,0.0,0.0,0.0,0.0,0.0,0,0
2024-04-11,0.0,0.0,0.0,0.0,0.0,0.0,0.0,0.0,0,0
2024-04-12,0.0,0.0,0.0,0.0,0.0,0.0,0.0,0.0,0,0
2024-04-15,0.0,0.0,0.0,0.0,0.0,0.0,0.0,0.0,0,0
2024-04-16,0.0,0.0,0.0,0.0,0.0,0.0,0.0,0.0,0,0
2024-04-17,0.0,0.0,0.0,0.0,0.0,0.0,0.0,0.0,0,0
2024-04-18,0.0,0.0,0.0,0.0,0.0,0.0,0.0,0.0,0,0
2024-04-19,0.0,0.0,0.0,0.0,0.0,0.0,0.0,0.0,0,0
2024-04-22,0.0,0.0,0.0,0.0,0.0,0.0,0.0,0.0,0,0
2024-04-23,0.0,0.0,0.0,0.0,0.0,0.0,0.0,0.0,0,0
2024-04-24,0.0,0.0,0.0,0.0,0.0,0.0,0.0,0.0,0,0
2024-04-25,0.0,0.0,0.0,0.0,0.0,0.0,0.0,0.0,0,0
2024-04-26,0.0,0.0,0.0,0.0,0.0,0.0,0.0,0.0,0,0
2024-04-29,0.0,0.0,0.0,0.0,0.0,0.0,0.0,0.0,0,0
2024-04-30,0.0,0.0,0.0,0.0,0.0,0.0,0.0,0.0,0,0
2024-05-01,0.0,0.0,0.0,0.0,0.0,0.0,0.0,0.0,0,0
2024-05-02,0.0,0.0,0.0,0.0,0.0,0.0,0.0,0.0,0,0
2024-05-03,0.0,0.0,0.0,0.0,0.0,0.0,0.0,0.0,0,0
2024-05-06,0.0,0.0,0.0,0.0,0.0,0.0,0.0,0.0,0,0
2024-05-07,0.0,0.0,0.0,0.0,0.0,0.0,0.0,0.0,0,0
2024-05-08,0.0,0.0,0.0,0.0,0.0,0.0,0.0,0.0,0,0
2024-05-09,0.0,0.0,0.0,0.0,0.0,0.0,0.0,0.0,0,0
2024-05-10,0.0,0.0,0.0,0.0,0.0,0.0,0.0,0.0,0,0
2024-05-13,0.0,0.0,0.0,0.0,0.0,0.0,0.0,0.0,0,0
2024-05-14,0.0,0.0,0.0,0.0,0.0,0.0,0.0,0.0,0,0
2024-05-15,0.0,0.0,0.0,0.0,0.0,0.0,0.0,0.0,0,0
2024-05-16,0.0,0.0,0.0,0.0,0.0,0.0,0.0,0.0,0,0
2024-05-17,0.0,0.0,0.0,0.0,0.0,0.0,0.0,0.0,0,0
2024-05-20,0.0,0.0,0.0,0.0,0.0,0.0,0.0,0.0,0,0
2024-05-21,0.0,0.0,0.0,0.0,0.0,0.0,0.0,0.0,0,0
2024-05-22,0.0,0.0,0.0,0.0,0.0,0.0,0.0,0.0,0,0
2024-05-23,0.0,0.0,0.0,0.0,0.0,0.0,0.0,0.0,0,0
2024-05-24,0.0,0.0,0.0,0.0,0.0,0.0,0.0,0.0,0,0
2024-05-28,0.0,0.0,0.0,0.0,0.0,0.0,0.0,0.0,0,0
2024-05-29,0.0,0.0,0.0,0.0,0.0,0.0,0.0,0.0,0,0
2024-05-30,0.0,0.0,0.0,0.0,0.0,0.0,0.0,0.0,0,0
2024-05-31,0.0,0.0,0.0,0.0,0.0,0.0,0.0,0.0,0,0
2024-06-03,0.0,0.0,0.0,0.0,0.0,0.0,0.0,0.0,0,0
2024-06-04,0.0,0.0,0.0,0.0,0.0,0.0,0.0,0.0,0,0
2024-06-05,0.0,0.0,0.0,0.0,0.0,0.0,0.0,0.0,0,0
2024-06-06,0.0,0.0,0.0,0.0,0.0,0.0,0.0,0.0,0,0
2024-06-07,0.0,0.0,0.0,0.0,0.0,0.0,0.0,0.0,0,0
2024-06-10,0.0,0.0,0.0,0.0,0.0,0.0,0.0,0.0,0,0
2024-06-11,0.0,0.0,0.0,0.0,0.0,0.0,0.0,0.0,0,0
2024-06-12,0.0,0.0,0.0,0.0,0.0,0.0,0.0,0.0,0,0
2024-06-13,0.0,0.0,0.0,0.0,0.0,0.0,0.0,0.0,0,0
2024-06-14,0.0,0.0,0.0,0.0,0.0,0.0,0.0,0.0,0,0
2024-06-17,0.0,0.0,0.0,0.0,0.0,0.0,0.0,0.0,0,0
2024-06-18,0.0,0.0,0.0,0.0,0.0,0.0,0.0,0.0,0,0
2024-06-20,0.0,0.0,0.0,0.0,0.0,0.0,0.0,0.0,0,0
2024-06-21,0.0,0.0,0.0,0.0,0.0,0.0,0.0,0.0,0,0
2024-06-24,0.0,0.0,0.0,0.0,0.0,0.0,0.0,0.0,0,0
2024-06-25,0.0,0.0,0.0,0.0,0.0,0.0,0.0,0.0,0,0
2024-06-26,0.0,0.0,0.0,0.0,0.0,0.0,0.0,0.0,0,0
2024-06-27,0.0,0.0,0.0,0.0,0.0,0.0,0.0,0.0,0,0
2024-06-28,0.0,0.0,0.0,0.0,0.0,0.0,0.0,0.0,0,0
2024-07-01,0.0,0.0,0.0,0.0,0.0,0.0,0.0,0.0,0,0
2024-07-02,0.0,0.0,0.0,0.0,0.0,0.0,0.0,0.0,0,0
2024-07-03,0.0,0.0,0.0,0.0,0.0,0.0,0.0,0.0,0,0
2024-07-05,0.0,0.0,0.0,0.0,0.0,0.0,0.0,0.0,0,0
2024-07-08,0.0,0.0,0.0,0.0,0.0,0.0,0.0,0.0,0,0
2024-07-09,0.0,0.0,0.0,0.0,0.0,0.0,0.0,0.0,0,0
2024-07-10,0.0,0.0,0.0,0.0,0.0,0.0,0.0,0.0,0,0
2024-07-11,0.0,0.0,0.0,0.0,0.0,0.0,0.0,0.0,0,0
2024-07-12,0.0,0.0,0.0,0.0,0.0,0.0,0.0,0.0,0,0
2024-07-15,0.0,0.0,0.0,0.0,0.0,0.0,0.0,0.0,0,0
2024-07-16,0.0,0.0,0.0,0.0,0.0,0.0,0.0,0.0,0,0
2024-07-17,0.0,0.0,0.0,0.0,0.0,0.0,0.0,0.0,0,0
2024-07-18,0.0,0.0,0.0,0.0,0.0,0.0,0.0,0.0,0,0
2024-07-19,0.0,0.0,0.0,0.0,0.0,0.0,0.0,0.0,0,0
2024-07-22,0.0,0.0,0.0,0.0,0.0,0.0,0.0,0.0,0,0
2024-07-23,0.0,0.0,0.0,0.0,0.0,0.0,0.0,0.0,0,0
2024-07-24,0.0,0.0,0.0,0.0,0.0,0.0,0.0,0.0,0,0
2024-07-25,0.0,0.0,0.0,0.0,0.0,0.0,0.0,0.0,0,0
2024-07-26,0.0,0.0,0.0,0.0,0.0,0.0,0.0,0.0,0,0
2024-07-29,0.0,0.0,0.0,0.0,0.0,0.0,0.0,0.0,0,0
2024-07-30,0.0,0.0,0.0,0.0,0.0,0.0,0.0,0.0,0,0
2024-07-31,0.0,0.0,0.0,0.0,0.0,0.0,0.0,0.0,0,0
2024-08-01,0.0,0.0,0.0,0.0,0.0,0.0,0.0,0.0,0,0
2024-08-02,0.0,0.0,0.0,0.0,0.0,0.0,0.0,0.0,0,0
2024-08-05,0.0,0.0,0.0,0.0,0.0,0.0,0.0,0.0,0,0
2024-08-06,0.0,0.0,0.0,0.0,0.0,0.0,0.0,0.0,0,0
2024-08-07,0.0,0.0,0.0,0.0,0.0,0.0,0.0,0.0,0,0
2024-08-08,0.0,0.0,0.0,0.0,0.0,0.0,0.0,0.0,0,0
2024-08-09,0.0,0.0,0.0,0.0,0.0,0.0,0.0,0.0,0,0
2024-08-12,0.0,0.0,0.0,0.0,0.0,0.0,0.0,0.0,0,0
2024-08-13,0.0,0.0,0.0,0.0,0.0,0.0,0.0,0.0,0,0
2024-08-14,0.0,0.0,0.0,0.0,0.0,0.0,0.0,0.0,0,0
2024-08-15,0.0,0.0,0.0,0.0,0.0,0.0,0.0,0.0,0,0
2024-08-16,0.0,0.0,0.0,0.0,0.0,0.0,0.0,0.0,0,0
2024-08-19,0.0,0.0,0.0,0.0,0.0,0.0,0.0,0.0,0,0
2024-08-20,0.0,0.0,0.0,0.0,0.0,0.0,0.0,0.0,0,0
2024-08-21,0.0,0.0,0.0,0.0,0.0,0.0,0.0,0.0,0,0
2024-08-22,0.0,0.0,0.0,0.0,0.0,0.0,0.0,0.0,0,0
2024-08-23,0.0,0.0,0.0,0.0,0.0,0.0,0.0,0.0,0,0
2024-08-26,0.0,0.0,0.0,0.0,0.0,0.0,0.0,0.0,0,0
2024-08-27,0.0,0.0,0.0,0.0,0.0,0.0,0.0,0.0,0,0
2024-08-28,0.0,0.0,0.0,0.0,0.0,0.0,0.0,0.0,0,0
2024-08-29,0.0,0.0,0.0,0.0,0.0,0.0,0.0,0.0,0,0
2024-08-30,0.0,0.0,0.0,0.0,0.0,0.0,0.0,0.0,0,0
2024-09-03,0.0,0.0,0.0,0.0,0.0,0.0,0.0,0.0,0,0
2024-09-04,0.0,0.0,0.0,0.0,0.0,0.0,0.0,0.0,0,0
2024-09-05,0.0,0.0,0.0,0.0,0.0,0.0,0.0,0.0,0,0
2024-09-06,0.0,0.0,0.0,0.0,0.0,0.0,0.0,0.0,0,0
2024-09-09,0.0,0.0,0.0,0.0,0.0,0.0,0.0,0.0,0,0
2024-09-10,0.0,0.0,0.0,0.0,0.0,0.0,0.0,0.0,0,0
2024-09-11,0.0,0.0,0.0,0.0,0.0,0.0,0.0,0.0,0,0
2024-09-12,0.0,0.0,0.0,0.0,0.0,0.0,0.0,0.0,0,0
2024-09-13,0.0,0.0,0.0,0.0,0.0,0.0,0.0,0.0,0,0
2024-09-16,0.0,0.0,0.0,0.0,0.0,0.0,0.0,0.0,0,0
2024-09-17,0.0,0.0,0.0,0.0,0.0,0.0,0.0,0.0,0,0
2024-09-18,0.0,0.0,0.0,0.0,0.0,0.0,0.0,0.0,0,0
2024-09-19,0.0,0.0,0.0,0.0,0.0,0.0,0.0,0.0,0,0
2024-09-20,0.0,0.0,0.0,0.0,0.0,0.0,0.0,0.0,0,0
2024-09-23,0.0,0.0,0.0,0.0,0.0,0.0,0.0,0.0,0,0
2024-09-24,0.0,0.0,0.0,0.0,0.0,0.0,0.0,0.0,0,0
2024-09-25,0.0,0.0,0.0,0.0,0.0,0.0,0.0,0.0,0,0
2024-09-26,0.0,0.0,0.0,0.0,0.0,0.0,0.0,0.0,0,0
2024-09-27,0.0,0.0,0.0,0.0,0.0,0.0,0.0,0.0,0,0
2024-09-30,0.0,0.0,0.0,0.0,0.0,0.0,0.0,0.0,0,0
2024-10-01,0.0,0.0,0.0,0.0,0.0,0.0,0.0,0.0,0,0
2024-10-02,0.0,0.0,0.0,0.0,0.0,0.0,0.0,0.0,0,0
2024-10-03,0.0,0.0,0.0,0.0,0.0,0.0,0.0,0.0,0,0
2024-10-04,0.0,0.0,0.0,0.0,0.0,0.0,0.0,0.0,0,0
2024-10-07,0.0,0.0,0.0,0.0,0.0,0.0,0.0,0.0,0,0
2024-10-08,0.0,0.0,0.0,0.0,0.0,0.0,0.0,0.0,0,0
2024-10-09,0.0,0.0,0.0,0.0,0.0,0.0,0.0,0.0,0,0
2024-10-10,0.0,0.0,0.0,0.0,0.0,0.0,0.0,0.0,0,0
2024-10-11,0.0,0.0,0.0,0.0,0.0,0.0,0.0,0.0,0,0
2024-10-14,0.0,0.0,0.0,0.0,0.0,0.0,0.0,0.0,0,0
2024-10-15,0.0,0.0,0.0,0.0,0.0,0.0,0.0,0.0,0,0
2024-10-16,0.0,0.0,0.0,0.0,0.0,0.0,0.0,0.0,0,0
2024-10-17,0.0,0.0,0.0,0.0,0.0,0.0,0.0,0.0,0,0
2024-10-18,0.0,0.0,0.0,0.0,0.0,0.0,0.0,0.0,0,0
2024-10-21,0.0,0.0,0.0,0.0,0.0,0.0,0.0,0.0,0,0
2024-10-22,0.0,0.0,0.0,0.0,0.0,0.0,0.0,0.0,0,0
2024-10-23,0.0,0.0,0.0,0.0,0.0,0.0,0.0,0.0,0,0
2024-10-24,0.0,0.0,0.0,0.0,0.0,0.0,0.0,0.0,0,0
2024-10-25,0.0,0.0,0.0,0.0,0.0,0.0,0.0,0.0,0,0
2024-10-28,0.0,0.0,0.0,0.0,0.0,0.0,0.0,0.0,0,0
2024-10-29,0.0,0.0,0.0,0.0,0.0,0.0,0.0,0.0,0,0
2024-10-30,0.0,0.0,0.0,0.0,0.0,0.0,0.0,0.0,0,0
2024-10-31,0.0,0.0,0.0,0.0,0.0,0.0,0.0,0.0,0,0
2024-11-01,0.0,0.0,0.0,0.0,0.0,0.0,0.0,0.0,0,0
2024-11-04,0.0,0.0,0.0,0.0,0.0,0.0,0.0,0.0,0,0
2024-11-05,0.0,0.0,0.0,0.0,0.0,0.0,0.0,0.0,0,0
2024-11-06,0.0,0.0,0.0,0.0,0.0,0.0,0.0,0.0,0,0
2024-11-07,0.0,0.0,0.0,0.0,0.0,0.0,0.0,0.0,0,0
2024-11-08,0.0,0.0,0.0,0.0,0.0,0.0,0.0,0.0,0,0
2024-11-11,0.0,0.0,0.0,0.0,0.0,0.0,0.0,0.0,0,0
2024-11-12,0.0,0.0,0.0,0.0,0.0,0.0,0.0,0.0,0,0
2024-11-13,0.0,0.0,0.0,0.0,0.0,0.0,0.0,0.0,0,0
2024-11-14,0.0,0.0,0.0,0.0,0.0,0.0,0.0,0.0,0,0
2024-11-15,0.0,0.0,0.0,0.0,0.0,0.0,0.0,0.0,0,0
2024-11-18,0.0,0.0,0.0,0.0,0.0,0.0,0.0,0.0,0,0
2024-11-19,0.0,0.0,0.0,0.0,0.0,0.0,0.0,0.0,0,0
2024-11-20,0.0,0.0,0.0,0.0,0.0,0.0,0.0,0.0,0,0
2024-11-21,0.0,0.0,0.0,0.0,0.0,0.0,0.0,0.0,0,0
2024-11-22,0.0,0.0,0.0,0.0,0.0,0.0,0.0,0.0,0,0
2024-11-25,0.0,0.0,0.0,0.0,0.0,0.0,0.0,0.0,0,0
2024-11-26,0.0,0.0,0.0,0.0,0.0,0.0,0.0,0.0,0,0
2024-11-27,0.0,0.0,0.0,0.0,0.0,0.0,0.0,0.0,0,0
2024-11-29,0.0,0.0,0.0,0.0,0.0,0.0,0.0,0.0,0,0
2024-12-02,0.0,0.0,0.0,0.0,0.0,0.0,0.0,0.0,0,0
2024-12-03,0.0,0.0,0.0,0.0,0.0,0.0,0.0,0.0,0,0
2024-12-04,0.0,0.0,0.0,0.0,0.0,0.0,0.0,0.0,0,0
2024-12-05,0.0,0.0,0.0,0.0,0.0,0.0,0.0,0.0,0,0
2024-12-06,0.0,0.0,0.0,0.0,0.0,0.0,0.0,0.0,0,0
2024-12-09,0.0,0.0,0.0,0.0,0.0,0.0,0.0,0.0,0,0
2024-12-10,0.0,0.0,0.0,0.0,0.0,0.0,0.0,0.0,0,0
2024-12-11,0.0,0.0,0.0,0.0,0.0,0.0,0.0,0.0,0,0
2024-12-12,0.0,0.0,0.0,0.0,0.0,0.0,0.0,0.0,0,0
2024-12-13,0.0,0.0,0.0,0.0,0.0,0.0,0.0,0.0,0,0
2024-12-16,0.0,0.0,0.0,0.0,0.0,0.0,0.0,0.0,0,0
2024-12-17,0.0,0.0,0.0,0.0,0.0,0.0,0.0,0.0,0,0
2024-12-18,0.0,0.0,0.0,0.0,0.0,0.0,0.0,0.0,0,0
2024-12-19,0.0,0.0,0.0,0.0,0.0,0.0,0.0,0.0,0,0
2024-12-20,0.0,0.0,0.0,0.0,0.0,0.0,0.0,0.0,0,0
2024-12-23,0.0,0.0,0.0,0.0,0.0,0.0,0.0,0.0,0,0
2024-12-24,0.0,0.0,0.0,0.0,0.0,0.0,0.0,0.0,0,0
2024-12-26,0.0,0.0,0.0,0.0,0.0,0.0,0.0,0.0,0,0
2024-12-27,0.0,0.0,0.0,0.0,0.0,0.0,0.0,0.0,0,0
2024-12-30,0.0,0.0,0.0,0.0,0.0,0.0,0.0,0.0,0,0
2024-12-31,0.0,0.0,0.0,0.0,0.0,0.0,0.0,0.0,0,0
