date,ic,pval,n_stocks
2013-01-02,0.12142001190074314,0.003376009158564235,581
2013-01-03,0.09683404866345939,0.019046933208100986,586
2013-01-04,0.09515836087518174,0.020792310558755803,590
2013-01-07,0.12995946038253167,0.0015306161313119427,592
2013-01-08,0.049630102011156814,0.228311299850708,591
2013-01-09,0.10201829824883091,0.012858742616208136,594
2013-01-10,0.03952428092750709,0.335416355340853,596
2013-01-11,-0.04955956541319018,0.22739847452240514,595
2013-01-14,-0.010741601206928502,0.7942393574197208,592
2013-01-15,-0.025352412134422176,0.5395102408226158,588
2013-01-16,0.22023140339330907,7.386582265012351e-08,585
2013-01-17,0.026186422545099442,0.5294441076830507,579
2013-01-18,0.08826761052205427,0.033559139588553666,580
2013-01-22,0.05877652968506634,0.15926088483174755,575
2013-01-23,-0.02072746164396962,0.622659495638505,566
2013-01-24,0.07747908191140938,0.06891832589598614,552
2013-01-25,0.020043745477833132,0.6344826382048903,565
2013-01-28,0.14723566635062466,0.0004207330815324778,570
2013-01-29,0.093762083285722,0.025056547022165768,571
2013-01-30,0.053274725166147736,0.2105716480427225,554
2013-01-31,0.11892689199764059,0.004572834555443474,567
2013-02-01,0.23078773210552275,2.296885359793863e-08,573
2013-02-04,0.08342368798787808,0.04245484143838306,592
2013-02-05,0.2057514906264977,4.628108511194318e-07,590
2013-02-06,0.04308799397899424,0.30106911052176355,578
2013-02-07,-0.0006371718348196175,0.987762112749988,582
2013-02-08,0.012810207169745546,0.7557703690253572,592
2013-02-11,0.01685117017647412,0.6783727070899566,608
2013-02-12,0.09198853503970363,0.02330695849644085,608
2013-02-13,0.10166002539593516,0.012649038805969588,601
2013-02-14,0.0795734749381476,0.051006228675107464,602
2013-02-15,0.04022081923718115,0.3225198225523399,607
2013-02-19,0.07601108016676338,0.06105338991101265,608
2013-02-20,-0.030665904378352458,0.4522627603694801,603
2013-02-21,0.39583215508931957,6.072051864839473e-24,600
2013-02-22,0.11741556101859665,0.0036278436763768733,612
2013-02-25,0.06237426261607104,0.12321933193354986,612
2013-02-26,0.07446903734863021,0.06650543404694435,608
2013-02-27,0.06811794999360618,0.09305322967280814,609
2013-02-28,-0.009055708802815402,0.8235187341647724,609
2013-03-01,-0.11161202904359621,0.005251252513778508,624
2013-03-04,0.2567242627105796,5.906842470359207e-11,631
2013-03-05,-0.0976304730189558,0.013920869300532414,634
2013-03-06,0.08202731884829188,0.03894194630856093,634
2013-03-07,0.03583176192479819,0.36925361521387445,630
2013-03-08,0.15975144927374849,5.481797087961721e-05,632
2013-03-11,0.08017689613107776,0.044086308550294315,631
2013-03-12,0.14213008453416484,0.0003455261149653138,630
2013-03-13,0.09793146848639402,0.01385307381005958,631
2013-03-14,0.008175786112153943,0.8375958631429921,631
2013-03-15,-0.11153464414913992,0.005032916674905553,631
2013-03-18,0.038560667550841206,0.33121119171862234,637
2013-03-19,0.17130475903124423,1.4448678799726614e-05,634
2013-03-20,0.09279349856344984,0.020029996217377704,628
2013-03-21,0.23500737281887443,2.7325627745749305e-09,625
2013-03-22,0.2239162859612298,1.5661071325491683e-08,624
2013-03-25,0.09179686834408549,0.021828947890333964,624
2013-03-26,-0.06922313332190366,0.08502783708533612,620
2013-03-27,0.03967720028775579,0.32396185572002545,620
2013-03-28,-0.02570678301050376,0.5238944652760322,617
2013-04-01,0.07139339976981612,0.07710939441153015,614
2013-04-02,0.10309777925917672,0.010580056262532065,614
2013-04-03,0.023211219429565638,0.5659294449609623,614
2013-04-04,-0.23026131598786964,7.844899866282338e-09,614
2013-04-05,0.12883444055192847,0.001353179933085791,616
2013-04-08,0.11315872573019174,0.005032058282702858,613
2013-04-09,0.10443168708176402,0.009729773411357315,612
2013-04-10,-0.12716211467204871,0.001649465465699038,610
2013-04-11,0.1578710552826962,8.659739784853638e-05,613
2013-04-12,-0.0732140480350333,0.07053542398772712,611
2013-04-15,0.3387551337915249,1.0374748090169469e-17,605
2013-04-16,0.1907199742221506,2.5364216394870467e-06,600
2013-04-17,0.11994869153368631,0.0035520812378462842,589
2013-04-18,0.11865112198510366,0.003930857745797988,589
2013-04-19,0.15265622349480976,0.00019766691783615887,590
2013-04-22,0.08851154121910235,0.03129867075129787,592
2013-04-23,-0.04174919321971313,0.31635192778432436,578
2013-04-24,0.01432443742768709,0.7379434741631974,548
2013-04-25,0.14877835785698512,0.00047526140643032417,548
2013-04-26,0.033714478850149665,0.42380545803397796,565
2013-04-29,0.09268736021477382,0.02509638950108024,584
2013-04-30,-0.08204069554725017,0.04886897392860055,577
2013-05-01,0.16422917542572454,9.590536443476039e-05,559
2013-05-02,0.15632825721324525,0.00018122010133120027,569
2013-05-03,-0.044187046771694195,0.28639600891305994,584
2013-05-06,0.1558508236369681,0.0001185819469892146,605
2013-05-07,0.054551693745010815,0.18023973724612397,605
2013-05-08,0.08001977746331075,0.049525051932401996,603
2013-05-09,0.005769220932731954,0.8869234792317091,610
2013-05-10,0.10841820278304673,0.006935535088755091,619
2013-05-13,0.062233346459970335,0.11953682346852618,627
2013-05-14,0.06310211323916508,0.11591261739621408,622
2013-05-15,0.21505414291646058,5.659417940257056e-08,625
2013-05-16,0.18048942820362598,6.117926127782385e-06,620
2013-05-17,0.06705573502948159,0.09501177789169404,621
2013-05-20,0.05623839311215423,0.16227139870174437,619
2013-05-21,0.12190971576464883,0.0023216184655494676,622
2013-05-22,-0.1582651772076134,7.666821866841773e-05,619
2013-05-23,-0.30212665888343687,1.728091065354548e-14,617
2013-05-24,0.441136360561551,5.8732919338041766e-31,621
2013-05-28,-0.029553131697920718,0.4622560372231883,621
2013-05-29,0.11253212091422955,0.0048531508762800915,625
2013-05-30,-0.053864611131292844,0.1786588084562504,625
2013-05-31,0.17349877728194324,1.3746446788412469e-05,621
2013-06-03,0.06579567461292703,0.10030431141231143,625
2013-06-04,-0.071282875309086,0.07518414457616857,624
2013-06-05,-0.08518618095069959,0.03365961574151448,622
2013-06-06,0.2881281115148573,2.346741313766599e-13,622
2013-06-07,-0.04436111317712087,0.26929767992135367,622
2013-06-10,-0.0853918475191751,0.033374096807655886,621
2013-06-11,0.3862646128639653,1.4496171375861864e-23,622
2013-06-12,0.1215917626361248,0.0024036413339288704,621
2013-06-13,0.02077645507132301,0.6047415181645196,623
2013-06-14,0.18613334656186065,3.012816887525011e-06,621
2013-06-17,0.015410072619477081,0.7019823180357623,619
2013-06-18,0.08424260802330012,0.03643676670154552,617
2013-06-19,-0.172780084396943,1.6965025761829062e-05,613
2013-06-20,0.04342453778097071,0.2842538425520743,610
2013-06-21,0.09427375673746657,0.020073768645624518,608
2013-06-24,0.4656941245012399,3.6685725685458516e-34,610
2013-06-25,-0.004340027177081282,0.9144631532187496,615
2013-06-26,-0.13471568338102327,0.000842718747437638,611
2013-06-27,-0.027970861012162642,0.49012215402737547,611
2013-06-28,0.10957620131653897,0.00661511298812021,613
2013-07-01,-0.004620230782900016,0.9084474573945329,622
2013-07-02,-0.014934028981479172,0.7105447167267642,620
2013-07-03,0.24277885742590188,9.366305736383874e-10,619
2013-07-05,-0.032536499569234094,0.4194240875904688,618
2013-07-08,0.003712775345775306,0.9267283798953958,616
2013-07-09,-0.03171201916482177,0.4328119418998989,614
2013-07-10,0.027210402752957205,0.5002492958015095,616
2013-07-11,0.07762515891536288,0.05395874746846901,617
2013-07-12,0.19378289890221922,1.1879514280413901e-06,619
2013-07-15,0.08196495524644128,0.04283619359028814,611
2013-07-16,-0.001448222620753361,0.9715958314800689,607
2013-07-17,0.07537315410354455,0.06593775327001468,596
2013-07-18,0.008128015596345716,0.8440797229410736,588
2013-07-19,0.041751562237885086,0.3121562233555318,588
2013-07-22,0.05535794382305169,0.17970148927592963,589
2013-07-23,0.07931152802744551,0.056695184623908934,578
2013-07-24,0.1383645420991751,0.00120233594794601,545
2013-07-25,-0.16333842579855112,0.00013368655407591454,542
2013-07-26,-0.0030512545268944983,0.9428240301492097,555
2013-07-29,0.08851222360428777,0.03478543833296737,569
2013-07-30,0.12900820110122438,0.0022218003616174147,560
2013-07-31,0.24163741660665178,1.3365673834718592e-08,539
2013-08-01,0.07377066959125489,0.08249844374842773,555
2013-08-02,0.21729961380022977,1.1645766037056375e-07,583
2013-08-05,0.043564865297067976,0.2879091907199224,597
2013-08-06,-0.015180227928158036,0.7117340664599309,595
2013-08-07,0.24185755335773626,2.752052125174781e-09,589
2013-08-08,0.13130639929644547,0.0013269768184015142,595
2013-08-09,-0.044951230691595366,0.27042176697005743,603
2013-08-12,0.2171889358290244,6.180075846497322e-08,609
2013-08-13,0.007080524594365787,0.8612316078574163,612
2013-08-14,-0.09724638593312625,0.01584589349813741,615
2013-08-15,0.09518119428978157,0.018321842347427,614
2013-08-16,0.07384112834435012,0.06680865721396688,617
2013-08-19,0.2581236287967505,8.102765890588935e-11,615
2013-08-20,-0.10024840471580339,0.013094400905328582,612
2013-08-21,0.3046438557558749,1.7615093892425062e-14,606
2013-08-22,0.13687086634809925,0.0007596315453325424,602
2013-08-23,0.02369357337770476,0.5617721115260611,602
2013-08-26,0.020465348807383363,0.6156847475800088,604
2013-08-27,-0.00721334687553635,0.8595765316423079,604
2013-08-28,0.06455252659638851,0.11390566680150566,601
2013-08-29,0.020677779947691245,0.6132091550563605,600
2013-08-30,0.48808626107619035,1.5910076694073936e-36,588
2013-09-03,-0.025230512990544803,0.542153990638264,586
2013-09-04,0.057107790940011734,0.16451659663151882,594
2013-09-05,0.16681689283613693,4.3929102709975296e-05,594
2013-09-06,0.023180826564477626,0.5738300394667111,591
2013-09-09,0.016674940879105035,0.6858113268010487,591
2013-09-10,0.061293222064680276,0.13633542976551152,592
2013-09-11,0.12171647278550092,0.0030641310738077202,590
2013-09-12,0.04310701095582089,0.29504937748860965,592
2013-09-13,0.0926230895042581,0.02385679153502312,595
2013-09-16,-0.037056318796094515,0.36851473207759433,591
2013-09-17,0.006761818607247109,0.8695923577445996,592
2013-09-18,0.06429119116468904,0.11783925017485147,593
2013-09-19,0.08222601392077128,0.0447946706214529,596
2013-09-20,0.0740668489320013,0.07054268129552242,597
2013-09-23,0.10967435673455159,0.0068369984571764785,607
2013-09-24,0.1322964676847683,0.0010865930082146033,607
2013-09-25,0.11809740802681075,0.0033566899175457056,615
2013-09-26,0.12537851631218735,0.0017755299885367538,619
2013-09-27,-0.28702489827228406,3.1857793404224995e-13,620
2013-09-30,0.04875535142288001,0.22653944786186384,617
2013-10-01,-0.0012101644147127731,0.9760290159424989,619
2013-10-02,0.10101122099782692,0.011715666566578405,622
2013-10-03,0.038732710126948636,0.33445071896960166,623
2013-10-04,-0.20723595484495486,1.6061103252384487e-07,628
2013-10-07,0.018919325646149093,0.636059991276229,628
2013-10-08,0.12157891828214584,0.002310342412613901,626
2013-10-09,0.4382441315039715,9.166801673225314e-31,626
2013-10-10,0.0057363165564541995,0.8859217912128714,628
2013-10-11,-0.15592099177444568,8.499052042568059e-05,630
2013-10-14,0.049319878374756036,0.21674578900126829,629
2013-10-15,0.19530451935434054,8.997405826335914e-07,623
2013-10-16,0.08813668935983694,0.028981220644766516,614
2013-10-17,0.2466638905915453,7.509776983783743e-10,606
2013-10-18,0.11301306545051151,0.005235937802107383,609
2013-10-21,0.1033846958470721,0.011076914909649179,603
2013-10-22,0.03564637179496488,0.38025525929153636,608
2013-10-23,0.12217394254627763,0.003155835179700253,582
2013-10-24,0.1712635461870471,3.540843840355388e-05,577
2013-10-25,0.23814772956681968,5.9992642943334906e-09,582
2013-10-28,0.10060097456437779,0.014007816984188442,596
2013-10-29,0.10436232452606435,0.011476136550025107,586
2013-10-30,-0.005180381722841111,0.9027348007585732,559
2013-10-31,0.10051467886681027,0.015540587828923926,579
2013-11-01,0.10510106176265153,0.010051491969611038,599
2013-11-04,0.05506684680628861,0.1712130753193544,619
2013-11-05,0.1150077037198721,0.004293164405230431,615
2013-11-06,0.04618842204491744,0.2531292199274695,614
2013-11-07,0.05053471514433036,0.2103908296417821,616
2013-11-08,0.027755064075351377,0.48576688978452753,633
2013-11-11,0.13812105075876102,0.00043947030149267676,644
2013-11-12,-0.02811191579430911,0.4749971296692421,648
2013-11-13,0.06129040054616032,0.11936502417538226,647
2013-11-14,0.05875395210085724,0.13607737545829654,645
2013-11-15,0.10069618301753129,0.010500028374033452,645
2013-11-18,-0.0005821863665552747,0.9882811286909488,639
2013-11-19,0.13326876797935824,0.000753485684177809,636
2013-11-20,0.08613345214335395,0.03064457938879377,630
2013-11-21,0.1509649689227029,0.00014443171914692188,629
2013-11-22,0.07171132504881055,0.07139196391488706,633
2013-11-25,0.14383877942911918,0.0002795677749174578,634
2013-11-26,0.06787781600429821,0.08794028132416389,633
2013-11-27,0.1266304232761551,0.0013858612077801275,635
2013-11-29,0.0434664288203137,0.2752369957263751,632
2013-12-02,0.0003632794216974864,0.9927740396648503,624
2013-12-03,0.035488108758222496,0.37692898584348855,622
2013-12-04,-0.02102699342527882,0.6012741277634124,620
2013-12-05,0.279165950071591,1.7212000200497707e-12,616
2013-12-06,0.011169868395702755,0.782203372220909,615
2013-12-09,0.047964264946167644,0.23455457158359969,616
2013-12-10,0.014943158186642947,0.7110484575793041,617
2013-12-11,0.10083961101491926,0.012206574610034271,617
2013-12-12,0.16149156463371106,5.281519636606913e-05,621
2013-12-13,0.09370006888355095,0.019521008821133043,621
2013-12-16,0.07441343582113652,0.06321217753411634,624
2013-12-17,0.043176478398653066,0.281917840598893,623
2013-12-18,-0.0021184343746141502,0.9578813587506408,624
2013-12-19,0.02877748832637012,0.472667426441034,625
2013-12-20,0.04653078708797257,0.24389912394610347,629
2013-12-23,0.09655869756374605,0.014383892863045651,642
2013-12-24,0.08264777936784708,0.035572846693471494,647
2013-12-26,0.017447885409650216,0.6577777891007085,647
2013-12-27,0.049878162211489725,0.2058431595474612,645
2013-12-30,0.04102308234556608,0.2982125686379818,645
2013-12-31,-0.004996105912391295,0.8989915791267642,648
2014-01-02,0.07135320043127255,0.06255318828338274,682
2014-01-03,0.08222536951576588,0.03191741562082865,681
2014-01-06,0.1684261156349505,1.0542841630129118e-05,677
2014-01-07,0.15327161531269895,6.53992547718987e-05,673
2014-01-08,0.1826040847602158,1.9569199923714883e-06,670
2014-01-09,-0.036355987185274656,0.34419039353135783,679
2014-01-10,0.168598835466265,1.0015098691032844e-05,679
2014-01-13,0.15508540027855666,4.6359612314839465e-05,684
2014-01-14,0.09672388749925706,0.011374832781150203,684
2014-01-15,0.017933824834007957,0.6406185848725281,680
2014-01-16,0.10338831030351928,0.007399170521523426,670
2014-01-17,0.15325599850177837,6.634074873133726e-05,672
2014-01-21,0.12846398155298863,0.000814666689528806,676
2014-01-22,-0.006351087737227,0.8693715199474608,673
2014-01-23,-0.18182476484546028,2.6275157287821305e-06,659
2014-01-24,0.1395619524755939,0.00031284578302296837,663
2014-01-27,0.17115610207526075,8.392971544446129e-06,670
2014-01-28,-0.23170193980555054,1.3237435972558723e-09,669
2014-01-29,0.3287439078144382,7.595285540959797e-18,650
2014-01-30,-0.04125852473786723,0.2920881092697017,654
2014-01-31,0.030906007834093717,0.42447645721852545,670
2014-02-03,0.1114585222128997,0.003489917873364081,685
2014-02-04,-0.015617464720823409,0.6795502545044654,702
2014-02-05,0.09560853478478872,0.01185984201851284,692
2014-02-06,0.10408568977166512,0.005950748427060409,697
2014-02-07,0.0708266160805514,0.06052863724181469,703
2014-02-10,0.0858645402342253,0.02148117323896247,717
2014-02-11,0.12283732173190726,0.0010053637629478197,714
2014-02-12,0.02816381744109033,0.45722323747881044,699
2014-02-13,0.0579504424439842,0.12585012232267642,699
2014-02-14,0.1986746725201482,1.0657545169440631e-07,704
2014-02-18,0.08136006334615449,0.030653312095326426,706
2014-02-19,0.1339089661360577,0.00036698968863909146,704
2014-02-20,0.07653351686630756,0.04264836798761288,702
2014-02-21,0.0252353970370317,0.5017018761802963,711
2014-02-24,0.07921474875342868,0.03521640016055348,707
2014-02-25,0.07185099777050483,0.056715370786868495,704
2014-02-26,0.08164744025047926,0.03089784689630146,699
2014-02-27,0.07158149561670789,0.05873167496163774,698
2014-02-28,0.13618984884858815,0.0002787156286122979,708
2014-03-03,0.25478284524688444,4.360337237021798e-12,717
2014-03-04,0.014830459060290608,0.6893353266410002,729
2014-03-05,0.0553746183800489,0.136879001287628,723
2014-03-06,0.04616604228249543,0.21630628304466318,719
2014-03-07,0.09793288699074991,0.008503275675766251,721
2014-03-10,0.019973713129912623,0.5925992905469271,720
2014-03-11,-0.018141438435545422,0.6274619371161583,718
2014-03-12,0.28778706560965894,3.533755782847795e-15,719
2014-03-13,0.060594652794003195,0.10281190861614192,726
2014-03-14,0.2887961607914944,2.4567001213203353e-15,722
2014-03-17,0.03906719683066212,0.29449156991385406,722
2014-03-18,0.07187005905032166,0.05356927287179673,722
2014-03-19,0.09876358087811202,0.008001969609961586,720
2014-03-20,-0.043000330137650984,0.25116680888528387,714
2014-03-21,0.05700981007467543,0.12829862258748032,713
2014-03-24,0.1264812516728715,0.0006640895911908741,721
2014-03-25,-0.02856473900153765,0.4447305264341793,718
2014-03-26,-0.005608018035922181,0.8811716790325073,713
2014-03-27,0.01687419104181184,0.6526141420359055,714
2014-03-28,0.23324045053805517,2.4391436199588846e-10,719
2014-03-31,0.12098899353404023,0.0011519272546300114,719
2014-04-01,0.1725316620061849,3.2685074819858693e-06,719
2014-04-02,0.03957259296283674,0.29064247718302977,715
2014-04-03,-0.0469610580822527,0.2100860187319629,714
2014-04-04,0.14451704529775938,0.00010894601500566417,712
2014-04-07,0.13391236371891438,0.00032351706903753345,717
2014-04-08,0.2514652138179954,9.58330920793953e-12,713
2014-04-09,-0.028077897182549588,0.45253281408094703,718
2014-04-10,-0.24074981820949878,7.816015987666797e-11,711
2014-04-11,0.444169709259295,2.1345595510228918e-35,704
2014-04-14,0.06637094791077286,0.07843635216857114,704
2014-04-15,0.316190931811967,9.679953397249845e-18,701
2014-04-16,0.02725024930843934,0.4735491598786843,694
2014-04-17,0.12031702281289283,0.001507951279016855,693
2014-04-21,0.07256206574636884,0.056586587296097404,691
2014-04-22,0.06855532367068136,0.07422914182960853,679
2014-04-23,0.06948816121518896,0.07712752573069408,648
2014-04-24,0.0962826410252672,0.014744622450231238,641
2014-04-25,0.16923810768432307,1.4614901434152233e-05,649
2014-04-28,0.08953295675688122,0.020458441324812778,670
2014-04-29,-0.062436424654063995,0.10637900304337099,670
2014-04-30,0.019458772094944565,0.6248142417098187,634
2014-05-01,0.12485346209769878,0.0016196079870738872,635
2014-05-02,-0.09865767611189107,0.011401238858137814,657
2014-05-05,-0.06290007296321946,0.09925298259507326,688
2014-05-06,0.05932806496452719,0.12220072665844392,680
2014-05-07,0.019501145485202428,0.6154086993889396,666
2014-05-08,-0.12546430551319598,0.0011171166349282328,672
2014-05-09,0.21891829720539868,6.379726741602964e-09,689
2014-05-12,0.09987904865006504,0.008046209229889571,703
2014-05-13,0.12987474526640683,0.0005125206533113813,712
2014-05-14,0.02374895740578826,0.5284042782334553,707
2014-05-15,0.07012968746994337,0.06236288284568159,707
2014-05-16,-0.1477740034610916,7.739038218756095e-05,710
2014-05-19,-0.003498722586537159,0.925958583394107,708
2014-05-20,0.1702607011299627,5.222615825379353e-06,708
2014-05-21,0.06072768442457833,0.10543347253366007,712
2014-05-22,0.02236634383922819,0.5532562116424031,705
2014-05-23,0.13132516487779647,0.0004769137804735138,704
2014-05-27,0.06940431386007183,0.06550979338643942,705
2014-05-28,-0.009727048768057571,0.7973984541787645,699
2014-05-29,0.08245259976177442,0.02904536250816696,701
2014-05-30,0.08609149361146146,0.02342278800360211,693
2014-06-02,-0.04362079976383888,0.2504428943334213,696
2014-06-03,-0.12664671057417928,0.0008631303320430821,689
2014-06-04,0.12665514390813923,0.000854949637123464,690
2014-06-05,0.12876839214982266,0.0007298598544749553,685
2014-06-06,-0.006998757374736081,0.855026583091301,684
2014-06-09,0.15236344484873746,5.9303593810319924e-05,689
2014-06-10,0.06629161707666771,0.08206475007209652,689
2014-06-11,0.02612438696381314,0.49517057963125066,684
2014-06-12,0.1862010268194254,1.108427450482898e-06,675
2014-06-13,-0.0006984864412570234,0.9855267750423174,677
2014-06-16,0.02334472184930994,0.5451645675457453,674
2014-06-17,0.10611028426609043,0.0057165643904432,677
2014-06-18,0.12524812157126664,0.001101294930992002,676
2014-06-19,0.040850129890996234,0.29067759485036304,671
2014-06-20,0.060315184849679196,0.11993547242056568,666
2014-06-23,0.13399075430115534,0.0004868573249360183,674
2014-06-24,-0.002633836476129136,0.9454641506452627,677
2014-06-25,0.11952885168130523,0.0018801386949495304,674
2014-06-26,-0.11226051189028044,0.003446957098851213,677
2014-06-27,0.017209141951818517,0.6551330605887766,676
2014-06-30,0.15334476538000819,5.372716021961546e-05,688
2014-07-01,0.02869434794938812,0.4494402464720443,697
2014-07-02,0.10756746358508723,0.004440246328470603,698
2014-07-03,0.08548833074756308,0.023603085998704622,701
2014-07-07,0.015372557498446049,0.6847302927985335,700
2014-07-08,0.0736857822225656,0.052172111130171624,695
2014-07-09,-0.3557378853297476,4.510467730939504e-22,692
2014-07-10,0.0693390604641748,0.06791585977018219,694
2014-07-11,0.4633595262035256,2.1731986125342253e-38,697
2014-07-14,-0.01596089638166981,0.6748967150165157,693
2014-07-15,0.21424264009572944,1.6394865072372158e-08,681
2014-07-16,0.0097228797255885,0.8004943489886387,678
2014-07-17,-0.025468384326718302,0.5098355634007541,672
2014-07-18,-0.11699293744389826,0.0022286165635914466,681
2014-07-21,0.29972122574119425,1.5373797408661781e-15,678
2014-07-22,0.06074212046770395,0.11541545806179215,673
2014-07-23,0.17882710175077157,5.499800838649277e-06,638
2014-07-24,0.13618373900649935,0.0005737626997514597,636
2014-07-25,0.12824736591266228,0.0011074280845794749,644
2014-07-28,0.16477761254242632,1.9792052012024458e-05,664
2014-07-29,0.21716148740789523,3.166345525703455e-08,636
2014-07-30,-0.03853845241610879,0.34965809664001835,591
2014-07-31,0.022375741308871277,0.5849966861880189,598
2014-08-01,0.20416539258908858,2.6880056712169065e-07,624
2014-08-04,-0.08715294080893818,0.024284555016053828,668
2014-08-05,-0.19974987372679623,1.7045852906235625e-07,674
2014-08-06,0.2664865454862677,3.4167896347366867e-12,660
2014-08-07,0.03152199050263236,0.4152982335921833,670
2014-08-08,0.18969937931742556,7.153142511428481e-07,673
2014-08-11,0.07406667716869655,0.051300795051638814,693
2014-08-12,0.1848557252788286,8.764790813725018e-07,698
2014-08-13,0.11244100557780808,0.0029525887854969625,697
2014-08-14,0.07351186050855142,0.053419678250485714,691
2014-08-15,-0.024051560126263465,0.5279181976369252,691
2014-08-18,0.02543185033562931,0.504193541071871,692
2014-08-19,0.05725577744766743,0.13297007863123697,690
2014-08-20,0.10131026366171429,0.00791970153223288,686
2014-08-21,0.03254407078664966,0.3971717794115449,679
2014-08-22,0.17647336203739963,3.4837803223816743e-06,683
2014-08-25,0.08215654741320205,0.031809319408318965,683
2014-08-26,0.042056294229748485,0.27273926216198585,682
2014-08-27,0.1260248076528251,0.0010606815540451313,672
2014-08-28,0.19562365304710685,3.4713419945972845e-07,668
2014-08-29,0.1988697769003148,2.7028818309352773e-07,658
2014-09-02,0.07986763102423047,0.04070328778079695,657
2014-09-03,0.09796208745434858,0.01232797907518299,652
2014-09-04,-0.14930367373287465,0.0001430254117095347,644
2014-09-05,0.0088742395081899,0.8217499221722206,647
2014-09-08,0.1625251819947914,3.271772991007846e-05,647
2014-09-09,0.10788184714970388,0.006176132260251587,643
2014-09-10,-0.22505215129928932,9.07033136446271e-09,638
2014-09-11,0.09671221475914021,0.014535035007935123,638
2014-09-12,-0.07285965757527856,0.06653129059007434,635
2014-09-15,0.013060064428203974,0.7417733823379411,639
2014-09-16,0.08074252614052913,0.041955575888345135,635
2014-09-17,0.1003516344540051,0.01076883704686542,645
2014-09-18,0.029664501024264024,0.452349667366452,644
2014-09-19,0.15431969451678978,8.206435617532466e-05,646
2014-09-22,-0.14603329004008983,0.00016293817741940957,662
2014-09-23,0.13990128615837766,0.000305561549362906,662
2014-09-24,-0.07115639497869437,0.06647479194968714,666
2014-09-25,0.17906355647789213,3.3755435714705153e-06,665
2014-09-26,-0.41151373533294466,7.54091584387677e-29,672
2014-09-29,0.046821777081743995,0.22475781595323793,674
2014-09-30,-0.035262388458837945,0.36069064844651466,674
2014-10-01,-0.05303239036408295,0.1674870302774004,679
2014-10-02,0.28467824507780654,3.2172084802641485e-14,684
2014-10-03,0.07607704394201696,0.04607068765169625,688
2014-10-06,-0.1125548884464719,0.0028430391276576495,701
2014-10-07,-0.09924796570289685,0.008645388931504324,699
2014-10-08,-0.044161372350657147,0.2435964613321639,699
2014-10-09,-0.20332443383871868,5.150238983836729e-08,705
2014-10-10,0.1266899159976115,0.0007411846700397558,706
2014-10-13,0.10285273080033133,0.006015796168439409,712
2014-10-14,0.03395424590893992,0.3663108498557984,710
2014-10-15,-0.3087023914732559,7.823370787646204e-17,696
2014-10-16,0.23453237410071948,3.980266129396524e-10,694
2014-10-17,-0.07830915968402885,0.03846554409531639,699
2014-10-20,0.2711884534855818,6.543706937659688e-13,679
2014-10-21,0.01918363054693051,0.6198622920013219,671
2014-10-22,0.15330351437699682,0.00011924037843006291,625
2014-10-23,0.026359376128165836,0.5089869605741902,630
2014-10-24,-0.1620619507301534,3.399781900088022e-05,648
2014-10-27,0.09609888100403935,0.012758566133015813,671
2014-10-28,0.12605452646923243,0.0013601058030239775,643
2014-10-29,0.12213858112456975,0.0032172690796868414,580
2014-10-30,-0.022855787779118487,0.5805073715345124,587
2014-10-31,0.007961929296327093,0.8417871824692174,631
2014-11-03,-0.024226937816486088,0.5264214903534461,686
2014-11-04,0.18745279609818968,6.576020713241597e-07,694
2014-11-05,0.04929444282079261,0.20254037797110552,670
2014-11-06,0.010742059767538996,0.7797756945055482,680
2014-11-07,0.14740654695854075,9.061296910985842e-05,700
2014-11-10,0.07640915497352618,0.04025375427056483,721
2014-11-11,-0.012137685261067961,0.7432011125752316,731
2014-11-12,-0.06973075859089477,0.06057251339756158,725
2014-11-13,0.07940816518304121,0.03301576098560799,721
2014-11-14,-0.08820099133526603,0.01776497602194316,722
2014-11-17,0.16358273198940604,1.012056904644276e-05,721
2014-11-18,0.06470164858063024,0.08318291275606411,718
2014-11-19,0.07247404360380005,0.05323702384890031,712
2014-11-20,0.41333922230887193,1.5022752315671003e-30,707
2014-11-21,-0.013169752386785135,0.7264735631974709,708
2014-11-24,0.08241552870117179,0.029233517888234816,700
2014-11-25,0.08706952662695185,0.020860511743701925,704
2014-11-26,-0.015557054100184178,0.6813691112484934,699
2014-11-28,0.06632884083426381,0.07862631446930238,704
2014-12-01,0.08344995417069234,0.02815737669539686,692
2014-12-02,0.18096311587415895,1.869713663184499e-06,685
2014-12-03,-0.19492348251583752,3.0705209256542356e-07,679
2014-12-04,0.1738176566709894,5.567957392952535e-06,675
2014-12-05,0.01522809560783465,0.6924636226027026,677
2014-12-08,-0.16558140582178646,1.425586899666814e-05,680
2014-12-09,-0.13056964788765466,0.000666241560906702,676
2014-12-10,0.027958253358855555,0.4676856956124428,677
2014-12-11,-0.1330272570664978,0.0005100053422173377,679
2014-12-12,0.2861045157046488,2.9403507232023776e-14,679
2014-12-15,-0.15090917920100824,7.423687187425576e-05,684
2014-12-16,-0.02925868769545837,0.44454654887622247,685
2014-12-17,0.35192285135820095,1.3219093432390482e-21,692
2014-12-18,0.043980725869557924,0.24826180560134142,691
2014-12-19,-0.06707328036747685,0.07721979725884992,695
2014-12-22,0.05881426745234859,0.11637583762015274,714
2014-12-23,-0.03674234589750067,0.32689120632703705,714
2014-12-24,0.011996384489351017,0.7487959519765354,715
2014-12-26,0.12157152875181264,0.0011435991362530905,713
2014-12-29,-0.0001686587195543624,0.9964256590689471,708
2014-12-30,0.0042477970924618596,0.909787894297193,714
2014-12-31,0.11650445028779556,0.0019307704407940513,706
2015-01-02,0.2057174412432634,2.1787348588659566e-08,727
2015-01-05,-0.08114593023531896,0.02924158609049819,722
2015-01-06,0.11442315668047197,0.0021045603307966853,720
2015-01-07,-0.017539712773609356,0.6389245576114586,718
2015-01-08,0.09594737771925123,0.009994765227970163,720
2015-01-09,-0.01728758156162366,0.6414462038133875,728
2015-01-12,0.11498855027678336,0.0019002169841081376,727
2015-01-13,-0.036745825523770974,0.3234690819365379,724
2015-01-14,0.12174498614513826,0.001021079272486464,725
2015-01-15,0.02457389642598333,0.5103193153199881,720
2015-01-16,0.032807415957723365,0.38306750439701465,709
2015-01-20,-0.10211467273110823,0.006694213616761394,704
2015-01-21,0.20864765002279467,3.027762242856693e-08,692
2015-01-22,0.18620125905452875,1.237302101448467e-06,669
2015-01-23,0.08986317128421936,0.019001266027721536,681
2015-01-26,0.11608036497697478,0.002561430283422308,673
2015-01-27,0.11490218852348297,0.0028548942793271757,672
2015-01-28,0.010613585281898739,0.7921370081617911,619
2015-01-29,-0.024382330897865352,0.5438770430941591,622
2015-01-30,0.3237754445726933,3.913113750430036e-17,642
2015-02-02,0.1814860194835142,1.4398974548926622e-06,696
2015-02-03,-0.017769294935091506,0.6407653712205619,692
2015-02-04,0.14263385285166932,0.0002473418315319671,656
2015-02-05,0.004535978816067603,0.9074761061274701,659
2015-02-06,0.05304102504393417,0.1658565294231943,684
2015-02-09,0.023721627943128144,0.5262585831019874,716
2015-02-10,0.03482748265753912,0.35410672555764744,710
2015-02-11,0.18516546884926977,8.397113954982607e-07,698
2015-02-12,0.17418258906335288,4.045664718816132e-06,692
2015-02-13,0.06593550554637152,0.0797746902449334,707
2015-02-17,0.030728801323394568,0.4149405114696766,706
2015-02-18,-0.035223568257294134,0.34968058133952906,707
2015-02-19,0.016976132372238932,0.6534185122928438,702
2015-02-20,-0.07222587168935125,0.05239369892318865,722
2015-02-23,0.09734360651006287,0.009005316027939431,719
2015-02-24,0.031266959517398364,0.4041583656467287,714
2015-02-25,-0.040674697437779454,0.2818322451099829,702
2015-02-26,0.0815415426557738,0.03016468758993642,707
2015-02-27,-0.015601529518885373,0.6753594979820433,723
2015-03-02,0.04698721589299146,0.20353987621134287,734
2015-03-03,-0.007277478076465085,0.8429104968388456,744
2015-03-04,-0.09777333098855968,0.007652863049536426,743
2015-03-05,0.0042546998545308495,0.9076412285282074,746
2015-03-06,0.048908098839927826,0.18207755028468384,746
2015-03-09,-0.0594170092265953,0.1063080873921408,740
2015-03-10,0.010431613984589349,0.7769479711461194,740
2015-03-11,0.06692336599138458,0.0692161681735081,738
2015-03-12,-0.0329623266590967,0.3692790467140591,744
2015-03-13,0.016185414740508004,0.6593825408841814,744
2015-03-16,-0.02254878298481555,0.5397017965386149,742
2015-03-17,-0.038992317561535234,0.2894561372601765,740
2015-03-18,0.060751283553406234,0.10028164643620747,733
2015-03-19,0.15721224065825748,1.9304784965546468e-05,732
2015-03-20,-0.013953917185448566,0.7060535299164756,733
2015-03-23,0.14063118909541614,0.00011508000389235282,747
2015-03-24,0.10068896086699751,0.005749360557338487,751
2015-03-25,0.0726331225606358,0.047205152494751546,747
2015-03-26,-0.10446188532745185,0.004210335700531491,749
2015-03-27,0.2221836949047054,8.076412093690108e-10,748
2015-03-30,0.02386803149634184,0.5142599192682957,749
2015-03-31,0.11607351876411948,0.0014835868738513212,747
2015-04-01,0.07143994612821196,0.0512777807758456,745
2015-04-02,0.07897121597024503,0.030916729485092068,747
2015-04-06,0.08254191808204435,0.02369102315317249,751
2015-04-07,0.20826981959829868,8.347336286331874e-09,751
2015-04-08,0.018643055678401743,0.6102239418248105,750
2015-04-09,0.09685622853376485,0.007988399553371314,749
2015-04-10,0.1183637015714083,0.001164075611747622,750
2015-04-13,0.2778116580428168,1.0086711911552693e-14,748
2015-04-14,0.17704750254171867,1.2994942583738805e-06,738
2015-04-15,-0.017741105959663835,0.6334282282366517,725
2015-04-16,0.13198120984320938,0.0003733568009396585,723
2015-04-17,0.04830826546033859,0.19447484527099174,723
2015-04-20,0.0025115959128852706,0.9469246254044026,705
2015-04-21,0.08152462375209034,0.03501334158546348,669
2015-04-22,0.09901723104918839,0.013414081627468016,623
2015-04-23,0.017470655187287725,0.6633995036140186,623
2015-04-24,0.08249502163025067,0.034923827036538214,654
2015-04-27,0.08462869815459904,0.02861440242511888,669
2015-04-28,0.08960656020524768,0.021817352585376714,655
2015-04-29,0.018587672419494553,0.6545168440251763,582
2015-04-30,0.00916508642535026,0.8243430098814493,589
2015-05-01,0.06035988409163714,0.12956935616120255,632
2015-05-04,0.032111501890747705,0.4031320884717502,680
2015-05-05,0.22240681809049415,3.604683102708055e-09,689
2015-05-06,-0.05129341747415359,0.18546887458183642,668
2015-05-07,0.16051692823831473,2.6426099893623383e-05,679
2015-05-08,0.07814220085590892,0.03846397152919869,702
2015-05-11,0.05211653965443642,0.15838733712729747,734
2015-05-12,0.24650518061950916,9.535642719025424e-12,743
2015-05-13,0.05029528924415821,0.17026366450166552,745
2015-05-14,0.11898795842601267,0.0011297682979941716,746
2015-05-15,0.025025510637441083,0.49319832925632723,752
2015-05-18,0.22743762841544796,3.038742970831068e-10,749
2015-05-19,-0.04344241429401562,0.2353438483746036,748
2015-05-20,0.02412729827207428,0.5114054548043171,743
2015-05-21,0.06824253317088501,0.06282222735178096,744
2015-05-22,0.021787765426916475,0.5532066146671113,743
2015-05-26,0.07611477073575962,0.03871152486912928,738
2015-05-27,-0.010916428159171366,0.7673353351188756,737
2015-05-28,0.019280803296695202,0.6010117984123893,738
2015-05-29,0.054226919775870484,0.14163747820652736,736
2015-06-01,0.0462694529341874,0.21085052095149717,733
2015-06-02,0.099914747379613,0.00670901139795939,735
2015-06-03,0.0022398651013567305,0.9518588377839344,729
2015-06-04,-0.1303747132480132,0.0004364787465825722,724
2015-06-05,-0.03286270685152076,0.3775910704720641,723
2015-06-08,-0.05683332893765184,0.12921709870751985,714
2015-06-09,-0.01930953271034148,0.6059709050849619,716
2015-06-10,-0.006486149492569331,0.8624501194227089,716
2015-06-11,0.03265323804020367,0.3803103576948035,724
2015-06-12,-0.0734128215688584,0.048314829016412805,724
2015-06-15,-0.02225248991807657,0.5510861648960932,720
2015-06-16,-0.05000889844369666,0.18042344102384938,719
2015-06-17,0.016454496858913613,0.659815129225299,718
2015-06-18,-0.008958302247899194,0.8107477907835731,717
2015-06-19,0.1277093191409191,0.000592726558391052,720
2015-06-22,0.11572495141012384,0.0017368727810315422,730
2015-06-23,-0.07465019418251898,0.043051325628699795,735
2015-06-24,0.03242366464189045,0.3803945816866521,734
2015-06-25,0.08045973929487543,0.029392683098230205,733
2015-06-26,-0.058728479824081456,0.1126271174981787,731
2015-06-29,0.213598067824461,3.3770434570295934e-09,751
2015-06-30,0.15142874920666521,3.124925149844951e-05,750
2015-07-01,-0.16753209119220025,3.7393029931290024e-06,754
2015-07-02,-0.31276601386447217,1.0405753116142135e-18,760
2015-07-06,-0.14376979016498784,6.73421049949238e-05,763
2015-07-07,-0.0523359448354684,0.14813097059336186,765
2015-07-08,0.3041899846739736,6.299084508174379e-18,769
2015-07-09,0.08383928590449835,0.01973718746354781,773
2015-07-10,0.09675179530168311,0.00706660217125829,774
2015-07-13,0.051978560744879776,0.14853441919186605,774
2015-07-14,0.09330594424664919,0.009581379418932405,770
2015-07-15,-0.04622676180855853,0.20573440814951435,751
2015-07-16,0.13374946132674032,0.00025861188372213606,742
2015-07-17,0.22774207721038625,3.204853988930303e-10,745
2015-07-20,0.032073935212814104,0.38588177671242563,733
2015-07-21,-0.16220448896437767,1.4846355323112743e-05,706
2015-07-22,0.08613220351162257,0.02762464173172057,654
2015-07-23,0.0975402646560957,0.01250603218306333,655
2015-07-24,-0.10698644142701814,0.005226179892778824,680
2015-07-27,0.29297173113852126,1.4042346752566856e-15,713
2015-07-28,0.1955019801944671,2.6088179531650566e-07,683
2015-07-29,0.06037404187960271,0.13799810913035332,605
2015-07-30,-0.1984108464753716,9.062000258748318e-07,603
2015-07-31,0.16267239007818352,3.452973308562566e-05,642
2015-08-03,0.05985714473444217,0.11515499070332968,694
2015-08-04,0.21356411741379508,1.366522235257095e-08,693
2015-08-05,0.09789962275399015,0.01153970026110221,665
2015-08-06,0.07497148569178948,0.05051078252895598,681
2015-08-07,0.3174935370002556,5.641125456737906e-18,705
2015-08-10,0.002406413155640898,0.9482840730443698,729
2015-08-11,-0.22784004389533635,2.900497907902104e-10,748
2015-08-12,0.13198561886352578,0.00029510279212252707,748
2015-08-13,0.028263873046150217,0.4386642422771245,753
2015-08-14,-0.14715581147662066,4.988652816078225e-05,754
2015-08-17,0.0428247242874247,0.23956433653984927,756
2015-08-18,-0.013931350310332142,0.7040290426728825,746
2015-08-19,-0.1241970532610951,0.0006917935693732946,743
2015-08-20,-0.34042952026001666,1.5552004591676686e-21,740
2015-08-21,-0.38227002606347193,3.3956611620874424e-27,741
2015-08-24,0.5725799451887338,1.1073592466316039e-65,740
2015-08-25,0.2802256413185495,5.564550103939788e-15,749
2015-08-26,0.10319329128498746,0.0048681755847561495,743
2015-08-27,-0.14742666632035023,5.361108281484048e-05,745
2015-08-28,-0.15551377377046993,1.986456917028693e-05,746
2015-08-31,0.23336858656543055,9.52716938059872e-11,751
2015-09-01,0.12480559107593196,0.0006030851544661263,752
2015-09-02,0.11648480633836976,0.0014266099545872449,747
2015-09-03,-0.026897477814527445,0.4632220606111068,746
2015-09-04,0.2603920918783414,5.187125816005987e-13,745
2015-09-08,0.2625299269128935,3.6751283270559063e-13,742
2015-09-09,-0.05394002826991445,0.14159312664665974,744
2015-09-10,-0.22473354767297174,6.150705620455567e-10,741
2015-09-11,-0.19392180451803442,1.0556333971546949e-07,740
2015-09-14,-0.06604103818928923,0.07143180726796743,746
2015-09-15,0.005549786512076477,0.8801993886606181,740
2015-09-16,-0.05123505856417506,0.1635453311830889,741
2015-09-17,0.026454453774445226,0.4724193702067149,740
2015-09-18,0.1522358884257625,3.125011526237372e-05,742
2015-09-21,0.02433739561463261,0.5080204720747826,742
2015-09-22,0.05944663705830765,0.1056608225575706,742
2015-09-23,-0.31722257924510944,1.271919886514287e-18,734
2015-09-24,0.4369933016447901,1.249340573891181e-35,735
2015-09-25,-0.22284192901646668,1.2103184079005002e-09,728
2015-09-28,0.13490874672183217,0.00026692655464571224,726
2015-09-29,0.2002301110508355,5.079938939776381e-08,728
2015-09-30,-0.06537892419973966,0.0779215876101766,728
2015-10-01,-0.06363869514554447,0.08597242763754652,729
2015-10-02,0.24515525069281383,1.655718903622764e-11,734
2015-10-05,-0.03338518484200009,0.3660944022790561,735
2015-10-06,0.10349831751503547,0.004886124293249477,738
2015-10-07,-0.01444446500926357,0.6948453239344383,740
2015-10-08,0.0638128383262482,0.08216583690701189,743
2015-10-09,0.13098229028315236,0.00032537237654307877,749
2015-10-12,-0.049024530690035165,0.1807448390749003,747
2015-10-13,0.05896038833386895,0.10926797790999543,739
2015-10-14,-0.037809138419840384,0.3076521840772603,730
2015-10-15,0.051086569516354985,0.1697148788411642,724
2015-10-16,0.12007586096465284,0.0012077342311452347,724
2015-10-19,-0.04269062861375049,0.25830489194301076,703
2015-10-20,-0.05650999952409705,0.14071009978891028,681
2015-10-21,0.13332613435760918,0.0007494946010348042,636
2015-10-22,-0.028610183235059667,0.47453802988925764,627
2015-10-23,-0.010751445709120231,0.7837517111515521,654
2015-10-26,0.22340601810294436,5.170596033122609e-09,669
2015-10-27,0.10730933790726632,0.006093010681398979,652
2015-10-28,-0.05556962076269316,0.17915414715402106,586
2015-10-29,0.11620668171715574,0.004853381345628115,586
2015-10-30,-0.0025528044417960838,0.9491743915033822,626
2015-11-02,-0.03769218061800231,0.32709471208151886,678
2015-11-03,0.03575016543417728,0.3484103638794518,690
2015-11-04,0.08668605719464861,0.02550013199986171,664
2015-11-05,0.1572258025504771,4.476326768661451e-05,668
2015-11-06,0.031155490146794387,0.4148905381191653,687
2015-11-09,-0.03965030453985552,0.2876736988443551,721
2015-11-10,0.08566878166545949,0.019598465106786346,742
2015-11-11,0.020369927361296912,0.5790719101270623,744
2015-11-12,-0.19848942294646107,4.489989701471995e-08,747
2015-11-13,-0.015396054579429922,0.6735787546310962,751
2015-11-16,0.1926597356626903,1.1167969300784366e-07,747
2015-11-17,0.09681426079034199,0.008143250489560602,746
2015-11-18,-0.03963481179075622,0.27995170039587347,745
2015-11-19,0.0005151257626242104,0.9888234363385481,742
2015-11-20,0.16696250781323688,4.4772326876512936e-06,747
2015-11-23,0.03039029664133956,0.4103619232777743,736
2015-11-24,0.018925759073141576,0.6074873365424792,739
2015-11-25,0.1450127701332491,7.440763790285143e-05,741
2015-11-27,-0.09445549330368083,0.009793245710649675,747
2015-11-30,0.038803709928138155,0.2927805859933759,737
2015-12-01,0.20604371463274002,1.9772547306051416e-08,729
2015-12-02,0.04016148140958947,0.28116482921938984,722
2015-12-03,-0.003544150388939825,0.924314246686845,721
2015-12-04,0.11501637060895635,0.001979653087548678,721
2015-12-07,-0.22844553898799114,5.445692246768927e-10,721
2015-12-08,0.09855302192475247,0.008226869843190472,718
2015-12-09,-0.003976342348593618,0.9154124153637637,716
2015-12-10,-0.3132651500944572,8.197616143101137e-18,718
2015-12-11,-0.024590742678304005,0.5094402321234601,722
2015-12-14,0.3294475313357394,7.273571937440528e-20,727
2015-12-15,0.12915218325580544,0.00047696674549719165,728
2015-12-16,0.08156724067079285,0.02808221951991516,725
2015-12-17,-0.0855438408377999,0.02133556492235212,724
2015-12-18,0.0876210077411609,0.01861284076476209,721
2015-12-21,0.12085579502602062,0.0009793609604775674,741
2015-12-22,0.06228818256798037,0.08933205811096175,745
2015-12-23,-0.006103035106623057,0.8677429445975975,747
2015-12-24,0.005341166295521972,0.8835889520236455,754
2015-12-28,0.01854949011717374,0.6105934502470848,756
2015-12-29,0.12249069508425621,0.0007201421503507056,759
2015-12-30,-0.19072090788732846,1.289386760349514e-07,755
2015-12-31,-0.23050916147292858,1.5846972690549327e-10,752
2016-01-04,0.11675116234865511,0.0012347840010014672,763
2016-01-05,0.09556920268006032,0.008252119170848608,763
2016-01-06,-0.42996579171779525,1.1140518525369729e-35,763
2016-01-07,0.38476673888009,2.9261015223090987e-28,761
2016-01-08,0.25753059445450505,4.701689309430567e-13,765
2016-01-11,0.354064765601435,4.850119742511315e-24,766
2016-01-12,0.2326097166304442,6.58821127475511e-11,769
2016-01-13,0.15519006911702835,1.521268361036638e-05,770
2016-01-14,-0.46043805549755656,2.9882558640136596e-41,762
2016-01-15,0.2643878697042911,1.3709352859169023e-13,758
2016-01-19,-0.13557505512549572,0.0002061047297594537,745
2016-01-20,-0.0843413890287595,0.022485453128565838,732
2016-01-21,0.32641655345659465,3.0809807822476627e-19,716
2016-01-22,-0.22765831287467517,6.26059279768095e-10,721
2016-01-25,0.07705241010721092,0.03753122753789799,729
2016-01-26,0.06810307327473734,0.06856963390458944,716
2016-01-27,0.06634802899302229,0.0870975296271125,666
2016-01-28,0.11726824590127095,0.002588586637760005,658
2016-01-29,-0.009839985471253792,0.7975591299674701,682
2016-02-01,-0.06984228400844553,0.060161000810666825,725
2016-02-02,0.1956657672744347,1.2570601509862585e-07,718
2016-02-03,0.019111770313631767,0.6196123462175106,677
2016-02-04,0.06843415547950867,0.07346663369836555,685
2016-02-05,-0.19956388717754747,7.248787644622263e-08,716
2016-02-08,-0.3930203567928803,5.773155604453562e-29,746
2016-02-09,0.17532084869984677,1.4046194131669731e-06,748
2016-02-10,-0.0826240998510584,0.0265193143047592,721
2016-02-11,0.31847974113579647,1.0765168254123572e-18,731
2016-02-12,0.314548018119555,1.5856098364464484e-18,743
2016-02-16,0.017261237786440984,0.6347074118546108,760
2016-02-17,-0.11679623140593234,0.0013951658016806451,746
2016-02-18,-0.022746120127946922,0.5380941910388475,735
2016-02-19,0.12275895812460985,0.0007667545704023144,748
2016-02-22,-0.0089203314673214,0.8064331839006976,757
2016-02-23,-0.19708843582929336,4.856348979209266e-08,754
2016-02-24,-0.02097436760599349,0.5715383728072961,730
2016-02-25,0.21692558814177598,3.791153012702598e-09,723
2016-02-26,-0.017197204862901046,0.6409116653563747,738
2016-02-29,0.0890543751242541,0.014373895092775639,755
2016-03-01,0.07963823335304017,0.026429213163736937,777
2016-03-02,0.07339843638724643,0.041073847189465024,775
2016-03-03,0.08040391099263879,0.024453867899140096,783
2016-03-04,0.041007723098024626,0.25143674170263186,784
2016-03-07,-0.2683176302822569,2.4068823444122757e-14,781
2016-03-08,0.2227253167904544,2.868370641727241e-10,784
2016-03-09,0.08817002070745572,0.013827268113613837,779
2016-03-10,0.1290891158363463,0.0003062409007670071,778
2016-03-11,0.07403664549044676,0.038710359941472545,780
2016-03-14,-0.024271353325721935,0.4976580709649896,783
2016-03-15,0.016615365027643426,0.6431280822292642,780
2016-03-16,-0.10792744325761587,0.0026762450445650047,772
2016-03-17,0.27076597589664364,2.18048940599826e-14,769
2016-03-18,2.2464369404090677e-05,0.9995040853827422,768
2016-03-21,-0.06179945793918332,0.0853591785673449,776
2016-03-22,-0.07190416955633483,0.045803711874097666,772
2016-03-23,-0.0550465171328917,0.126477342871546,772
2016-03-24,0.11532576147383924,0.0013475183512171975,770
2016-03-28,0.043785652086734995,0.225501494369668,768
2016-03-29,0.2452015046779058,5.960317970313171e-12,766
2016-03-30,0.06807470994404567,0.05967438588049237,766
2016-03-31,0.008001501403673979,0.8254684160458434,762
2016-04-01,0.028995209329742144,0.42262560181911435,767
2016-04-04,-0.07325169166798327,0.04268512115929005,766
2016-04-05,0.1320118764859353,0.00026792477352274386,758
2016-04-06,0.08363329794991264,0.021722932885537845,753
2016-04-07,0.30753365668329913,5.045623319319107e-18,756
2016-04-08,-0.03740003152756387,0.30123859659826935,766
2016-04-11,0.009130274745829678,0.8015858540673484,760
2016-04-12,-0.08907706430763324,0.014413884984113588,754
2016-04-13,-0.048895728028555754,0.18072510989575405,751
2016-04-14,-0.007614280965997888,0.8347619032006617,753
2016-04-15,0.04028479621377207,0.27148968943976837,747
2016-04-18,0.04821079409299726,0.1956879707848216,722
2016-04-19,0.06503066364151257,0.08783586275620986,690
2016-04-20,-0.018104476245031698,0.6452515188493788,649
2016-04-21,-0.0341239505266938,0.3850813457507909,650
2016-04-22,0.06247227665533458,0.10670292357197049,668
2016-04-25,-0.0014779776514626938,0.969109854067289,689
2016-04-26,0.07576678147831352,0.05242051174808596,656
2016-04-27,0.07035590994944202,0.09246288481706057,573
2016-04-28,0.09467885056120351,0.0250559330164727,560
2016-04-29,0.11190798498096842,0.005618954860693103,611
2016-05-02,-0.10879515153731187,0.005108104528321966,661
2016-05-03,-0.13429790719009316,0.0004284846361682182,684
2016-05-04,0.3712442327864254,1.7815333561058413e-22,644
2016-05-05,-0.2990891102891877,4.378734835831462e-15,659
2016-05-06,-0.22127695360006078,4.813142597459617e-09,685
2016-05-09,0.14958089222120402,5.143673511028979e-05,727
2016-05-10,0.05907605659713763,0.10643768122543594,748
2016-05-11,-0.027451100444662157,0.45285315706094,750
2016-05-12,0.0346306941278757,0.3426198665057302,753
2016-05-13,0.22131461341520844,6.576300438198675e-10,762
2016-05-16,-0.00947173779316711,0.793401932811163,767
2016-05-17,-0.04939061649822819,0.17291870906547632,763
2016-05-18,-0.11619802801167255,0.0013719975666120334,756
2016-05-19,0.19412419201929457,7.751672560716355e-08,754
2016-05-20,0.1540015679834424,2.1657153661080296e-05,754
2016-05-23,0.030444870570236378,0.40196333365880743,760
2016-05-24,-0.06618508536350377,0.06748925923038386,764
2016-05-25,0.04571576665348479,0.21018736653526618,753
2016-05-26,-0.030384521227831713,0.40601977654167554,750
2016-05-27,0.1400503960359765,0.00012682378025088644,744
2016-05-31,0.1734371204587381,1.915905288732757e-06,745
2016-06-01,-0.14150290375759625,0.0001031208700986465,748
2016-06-02,-0.011471746167448012,0.7541035486669967,748
2016-06-03,0.12350003270767354,0.0007357480571659765,744
2016-06-06,0.15443308076206613,2.4200580574941284e-05,741
2016-06-07,-0.049988002008871456,0.17405414287193166,741
2016-06-08,-0.07179177263008413,0.05107591387252379,739
2016-06-09,-0.28564969140895746,2.420092082108597e-15,739
2016-06-10,-0.3467969026954981,2.7861344211735e-22,738
2016-06-13,-0.10478618986302662,0.004403319856253362,737
2016-06-14,0.1333283836659818,0.000278438080440051,739
2016-06-15,-0.29602715650381994,1.8752339684760246e-16,741
2016-06-16,0.23905862881858014,5.344684556498256e-11,734
2016-06-17,0.16773075462634196,4.9765980137875266e-06,733
2016-06-20,0.09299731489924025,0.011429219079476777,739
2016-06-21,0.046087194073265864,0.21016860066660817,741
2016-06-22,0.0444733612558836,0.22659450642885823,741
2016-06-23,0.39520995907293177,4.486744093007016e-29,740
2016-06-24,-0.31628766978679396,9.024472389428906e-19,745
2016-06-27,0.5658167277292944,7.189280713555809e-66,764
2016-06-28,0.38356122196275205,2.7396613802482473e-28,767
2016-06-29,0.202318441646828,1.5805754520432273e-08,767
2016-06-30,-0.1778712111397214,6.900867855121155e-07,769
2016-07-01,0.26994454952677366,2.16831568181475e-14,774
2016-07-05,-0.27796322505827736,2.861479495767871e-15,778
2016-07-06,0.33068597030620744,2.9484912414342247e-21,776
2016-07-07,-0.00574192336847692,0.8728776599375752,779
2016-07-08,0.04928937761933916,0.16879385180155745,781
2016-07-11,-0.01587124472211066,0.6568393274596623,786
2016-07-12,-0.08934907197702545,0.012155802725025122,787
2016-07-13,-0.22563853691497934,1.6995033155453186e-10,783
2016-07-14,0.07543465133646247,0.034818911048584276,783
2016-07-15,0.07128543096309548,0.04699004832994926,777
2016-07-18,-0.11408679049721908,0.0016545860484490852,758
2016-07-19,0.1659634166098369,6.004038160433891e-06,736
2016-07-20,0.0004383663641368548,0.9908026262219845,694
2016-07-21,0.06090479006235105,0.10994923422657227,690
2016-07-22,0.008581144106242241,0.8200777253021725,705
2016-07-25,0.0177245894439093,0.6368146337477989,712
2016-07-26,0.10823428787988655,0.005005388851887748,671
2016-07-27,0.0807282219188335,0.05059339356088461,587
2016-07-28,-0.017515189039038054,0.6735300451777013,581
2016-07-29,0.014449106475982935,0.7188892047998683,623
2016-08-01,0.018141767042971272,0.6360046441807929,683
2016-08-02,-0.07039911589124571,0.06323163892293857,697
2016-08-03,-0.01792369378044769,0.6467858856735814,656
2016-08-04,0.005530932176452331,0.8871339025434822,661
2016-08-05,-0.11445693295512491,0.00254827684769047,693
2016-08-08,0.011961396136390334,0.7483180091761419,722
2016-08-09,-0.042316528753472527,0.2499452999687322,741
2016-08-10,0.011265524777456102,0.7596449612242382,740
2016-08-11,0.025176359315718932,0.48915209016174976,757
2016-08-12,0.12417257628350939,0.000581929272712566,764
2016-08-15,0.09125427514025884,0.011841967720263736,760
2016-08-16,-0.009426846521246928,0.7954138748970432,759
2016-08-17,0.027922155133348885,0.44391829237835645,754
2016-08-18,0.007457682777801303,0.8381128299322277,753
2016-08-19,-0.01646906890812369,0.651192691089497,756
2016-08-22,0.06913492928434221,0.05726468850452693,757
2016-08-23,-0.03263401836796336,0.36927988403521383,759
2016-08-24,0.20097135998509735,3.020713424721732e-08,747
2016-08-25,0.1351793717262881,0.00021731466335390295,744
2016-08-26,0.13266420391550215,0.00029045677145001755,742
2016-08-29,0.0009955543083374917,0.9783870233096743,743
2016-08-30,0.05668952950639688,0.125171255045568,733
2016-08-31,-0.04408723132303668,0.23609952260164832,724
2016-09-01,0.010000639235087422,0.7889310089000393,719
2016-09-02,0.05630418256691319,0.13309933131386065,713
2016-09-06,0.02403152906420106,0.5217449350721857,713
2016-09-07,0.15848237942968996,2.014956285398121e-05,717
2016-09-08,0.021745058839370984,0.560205539254755,720
2016-09-09,-0.249412324110535,9.626235939376565e-12,725
2016-09-12,-0.23916120754872094,7.083281520276205e-11,724
2016-09-13,-0.06889407491952637,0.06318642908366645,728
2016-09-14,0.1634893855308934,8.886814447430375e-06,731
2016-09-15,-0.21753294139778911,2.667795534766184e-09,733
2016-09-16,0.21069892260484688,8.43642134406372e-09,733
2016-09-19,0.07174203605075322,0.05076596523437238,742
2016-09-20,-0.012122757190894761,0.7426582149757364,736
2016-09-21,0.04318183087153138,0.2423027338071599,735
2016-09-22,-0.0004956976424502867,0.989295958630364,735
2016-09-23,0.004567563875871443,0.9010162289560623,744
2016-09-26,-0.33109543804329067,1.816493673439108e-20,743
2016-09-27,0.026422158681017008,0.4720615387181295,743
2016-09-28,0.016500094305719117,0.6538454033513985,741
2016-09-29,0.0761340782647213,0.03749079931900717,747
2016-09-30,0.11475347059997242,0.0016449543875966652,750
2016-10-03,-0.03230694012517333,0.37568345354571175,754
2016-10-04,-0.039918231376931,0.2733138245673551,755
2016-10-05,-0.004815814428120431,0.8949691760316891,754
2016-10-06,0.09588843504384771,0.008248773513082357,758
2016-10-07,0.05678777919411253,0.11752459243139542,761
2016-10-10,0.08341853859689781,0.021453046106005576,760
2016-10-11,-0.03326707748355121,0.3606965524144624,757
2016-10-12,-0.1293861517976032,0.00037827620077895453,751
2016-10-13,0.3149943379919867,1.2689945679774628e-18,745
2016-10-14,-0.08687978722246525,0.01808557509384654,740
2016-10-17,0.3318595962039932,7.661164590461369e-20,715
2016-10-18,0.12734556340402167,0.0006711403236615891,710
2016-10-19,-0.22923904497301165,1.5120549743241797e-09,679
2016-10-20,0.10407116726848306,0.006484156935547795,683
2016-10-21,-0.03317026142034679,0.3846621874772458,689
2016-10-24,0.10208371115153107,0.0071138436172953744,694
2016-10-25,-0.1537815377767685,7.857387716655564e-05,654
2016-10-26,0.2282424995551442,2.1234756157990064e-08,589
2016-10-27,0.0334989776472831,0.41947256357406926,583
2016-10-28,-0.046689786285022544,0.24342062742263415,626
2016-10-31,0.2198638549774682,9.58095529816534e-09,667
2016-11-01,-0.18206777906539792,2.4159328241353737e-06,662
2016-11-02,0.03892951371067483,0.3273669152023809,635
2016-11-03,-0.08193463483532855,0.039164069197568076,634
2016-11-04,0.058736021644782005,0.1271026288207233,676
2016-11-07,0.17303906927008098,3.937141525530197e-06,703
2016-11-08,0.011111982539959061,0.7643876961821334,730
2016-11-09,0.11908358796468253,0.0012376260952275742,733
2016-11-10,-0.03185294598027742,0.38116929078676187,758
2016-11-11,-0.014270925568944656,0.6910473219561132,778
2016-11-14,0.20349504537010651,8.408762108127681e-09,787
2016-11-15,0.07102913132897558,0.04473438843268933,799
2016-11-16,-0.0017229148861830925,0.9611211914716478,803
2016-11-17,0.021310886350395575,0.5467462111915324,802
2016-11-18,0.048279670660307465,0.17116014678566357,805
2016-11-21,0.022662490528038044,0.5216045119079638,802
2016-11-22,-0.07963542696448857,0.02333119092943846,811
2016-11-23,-0.036027380814786784,0.304888358529115,813
2016-11-25,0.04287748336822609,0.2191603825155321,823
2016-11-28,-0.016707893678628735,0.6332481828370786,818
2016-11-29,0.28589934575194953,6.866232561503085e-17,820
2016-11-30,0.347830483770828,2.0205870980209227e-24,809
2016-12-01,-0.1927090937383675,3.238597560780189e-08,810
2016-12-02,0.02731695253824156,0.4363810068678933,814
2016-12-05,0.06676547595795679,0.05599320696447452,820
2016-12-06,-0.1085102238738486,0.0018841957104058804,818
2016-12-07,0.21475122463166954,6.471723819928173e-10,811
2016-12-08,0.07154144694306959,0.041541038752442166,812
2016-12-09,0.08697707706357556,0.013162316517576773,812
2016-12-12,0.18355216061932092,1.3370768680490316e-07,814
2016-12-13,-0.3101846302785104,2.056570209721158e-19,805
2016-12-14,0.08408276505422975,0.01688826816887642,807
2016-12-15,-0.02501951346934039,0.4789510257422883,803
2016-12-16,0.025914300489610007,0.46252698769599887,806
2016-12-19,0.2445305556462159,1.13812778252941e-12,823
2016-12-20,-0.02473417919696301,0.4799138539177037,818
2016-12-21,-0.0003963357726783695,0.990964083621375,819
2016-12-22,-0.045816359075147285,0.19078490246360555,817
2016-12-23,0.14458655515475138,3.240534726484637e-05,820
2016-12-27,0.09724097394890642,0.005210446291258038,824
2016-12-28,-0.06442714140125756,0.06468995504107135,823
2016-12-29,0.16730942168281573,1.5405604064253025e-06,816
2016-12-30,0.3139678026556799,4.9232600822147594e-20,812
2017-01-03,-0.039317910232879436,0.2619235608237882,816
2017-01-04,-0.07657299296801094,0.028824654223648386,815
2017-01-05,0.18813281319613698,5.9273505663770205e-08,818
2017-01-06,-0.16173109881951753,3.521823710044556e-06,814
2017-01-09,0.21073588602144128,1.2094421780236255e-09,816
2017-01-10,0.09515416520116965,0.006692262218846793,811
2017-01-11,0.13809037158764192,7.806186735975085e-05,813
2017-01-12,0.0007319702063080229,0.9834257036139753,808
2017-01-13,-0.054667346928046305,0.12188740611644718,802
2017-01-17,0.02297628070712419,0.5192863221784918,789
2017-01-18,0.28737775231834706,3.0674493462596863e-16,777
2017-01-19,0.12191223391704005,0.0008276343799428605,749
2017-01-20,-0.13819583480217004,0.00014521914539293395,751
2017-01-23,0.29785108376262265,8.642323186505543e-17,748
2017-01-24,0.24451783183588874,2.6501188541192386e-11,723
2017-01-25,0.023856675815217054,0.5342654261345656,681
2017-01-26,-0.08296708978385398,0.03027621089246562,682
2017-01-27,-0.13014553635651238,0.00048522281618180654,715
2017-01-30,-0.10633086995397567,0.003711203471878539,743
2017-01-31,0.2681348347694655,1.23520192994848e-13,739
2017-02-01,-0.1316131638295961,0.000533210381713148,689
2017-02-02,0.18464384561388844,8.550426475214056e-07,701
2017-02-03,-0.11923981736307285,0.0012973157316718562,725
2017-02-06,0.04093147213557801,0.2622662518711134,752
2017-02-07,0.008254322088587536,0.821802380329704,747
2017-02-08,0.23457270169973432,1.9152455944775416e-10,719
2017-02-09,0.24718403474185552,1.3074486308624367e-11,729
2017-02-10,0.21083297353431962,5.2921310518915014e-09,752
2017-02-13,0.18082953071501817,4.1656885064186747e-07,773
2017-02-14,0.2312781748334702,7.82085270762862e-11,772
2017-02-15,-0.02076496087523724,0.5714736934691488,745
2017-02-16,-0.07201544518966325,0.049121588961762726,747
2017-02-17,0.37926815249856205,3.3205192087860435e-27,754
2017-02-21,-0.12489271497325283,0.0005493543246357531,762
2017-02-22,0.0478750399349338,0.189418386530534,753
2017-02-23,-0.12969865500246572,0.00038648966800697564,745
2017-02-24,0.10940198481742602,0.0024450454262632225,765
2017-02-27,-0.0022821987419285876,0.949292499660113,779
2017-02-28,0.24429961760306793,3.941750775360206e-12,785
2017-03-01,0.097235209645728,0.006435980833515437,784
2017-03-02,0.1478464053892183,2.7527233536473267e-05,798
2017-03-03,-0.0907520514322186,0.009715503901178785,811
2017-03-06,0.08285103545569224,0.01821026027390864,812
2017-03-07,0.26651005139760064,1.1382892818206382e-14,812
2017-03-08,-0.008111647136584516,0.8178073617280378,809
2017-03-09,0.19273890068419558,3.2225534652218854e-08,810
2017-03-10,0.11983496211158236,0.0006219701717438626,812
2017-03-13,-0.1454147193228322,3.0160397915989607e-05,817
2017-03-14,0.09854772052598064,0.004786029394232624,818
2017-03-15,0.21448810117818223,6.476800470623735e-10,813
2017-03-16,-0.038354055741586505,0.2738084613106834,816
2017-03-17,-0.1630300177228221,2.850845958287007e-06,816
2017-03-20,0.2056437202187415,2.4439036137031796e-09,826
2017-03-21,-0.06197399364840326,0.07593958104099963,821
2017-03-22,0.011664155041424245,0.7393641752075699,816
2017-03-23,0.2256638447263146,6.290376988387641e-11,820
2017-03-24,-0.23023882479508082,2.3734188878819148e-11,822
2017-03-27,0.037584509915239685,0.2817891782871931,822
2017-03-28,0.04044836109999456,0.24728404469325213,820
2017-03-29,0.08699416898263841,0.013144277555672225,812
2017-03-30,-0.14807148934777178,2.437263331895539e-05,806
2017-03-31,0.09578623337930631,0.0064669203928579486,807
2017-04-03,-0.04221462229279747,0.23037809230246137,809
2017-04-04,0.3450924839634818,3.310369480544961e-24,815
2017-04-05,0.06637247559181819,0.05931931835882667,808
2017-04-06,-0.13911431035657437,6.349114538231119e-05,821
2017-04-07,0.14447899697530373,3.321792210936754e-05,819
2017-04-10,-0.06675558033353493,0.05543212347559975,824
2017-04-11,0.050619286568428984,0.14730446750376588,821
2017-04-12,-0.05664739539703762,0.10588016701260972,816
2017-04-13,0.11725165776319936,0.0008399489679631344,808
2017-04-17,0.030913419179680338,0.38585323028522067,789
2017-04-18,0.4297799287672194,5.849360366715842e-36,770
2017-04-19,0.1508776497443411,3.9600257083204416e-05,736
2017-04-20,0.09128488647901159,0.013232053160632525,736
2017-04-21,0.18437512069654713,3.819416458281599e-07,748
2017-04-24,-0.1795134954517753,8.580456571374376e-07,742
2017-04-25,0.0021301906602502092,0.9550392937998553,703
2017-04-26,0.14802251330357272,0.0001881238851837397,632
2017-04-27,0.06640869243116435,0.09744017348806937,624
2017-04-28,0.12620390760597486,0.0009483063395065559,683
2017-05-01,0.010916275747450417,0.770437839575248,717
2017-05-02,-0.16042250299053795,1.503577435082129e-05,721
2017-05-03,0.18512118585704052,1.5087093729814386e-06,666
2017-05-04,0.16916444583192286,9.200567607203511e-06,680
2017-05-05,0.06469896942109184,0.08319570216716099,718
2017-05-08,0.19875864490650946,3.0852236064956045e-08,763
2017-05-09,-0.050009808197497244,0.16400198260335935,776
2017-05-10,-0.0638643912165534,0.0746522722106516,780
2017-05-11,-0.3177995794024852,2.3867020712972444e-20,805
2017-05-12,0.3576662354268152,2.8508306866084244e-26,824
2017-05-15,0.16158038148913229,3.266093543177295e-06,821
2017-05-16,-0.11371761539279653,0.0011063055542859532,820
2017-05-17,-0.20115159495597607,6.4867173940279956e-09,818
2017-05-18,0.30855733712907246,1.8520556738189252e-19,816
2017-05-19,0.32428220243243294,1.3976917269247322e-21,822
2017-05-22,0.08144446596192012,0.019375197738149236,824
2017-05-23,0.02240244983803279,0.521012990979798,823
2017-05-24,0.16223293194287897,3.5671949521514086e-06,808
2017-05-25,-0.03401715455765821,0.3350801755897349,805
2017-05-26,-0.03618313655016556,0.3042970647431137,808
2017-05-30,-0.061206251292134146,0.08188985043866646,809
2017-05-31,0.051949701415514846,0.1425907269005978,798
2017-06-01,-0.022825071884561187,0.5220402112608789,789
2017-06-02,0.05070832790811431,0.15290959868802095,796
2017-06-05,-0.1758210675793158,5.88948295344468e-07,797
2017-06-06,0.15350093225494513,1.4147327484381232e-05,793
2017-06-07,0.10124596600888214,0.004392160562369204,790
2017-06-08,0.2344681828495201,2.2330606322866765e-11,794
2017-06-09,-0.12060920194338025,0.0006498388068605579,796
2017-06-12,0.21746741222841837,4.6229652694463537e-10,804
2017-06-13,0.23620683054392008,1.106872465941724e-11,806
2017-06-14,-0.2289930167123241,4.7469693690153946e-11,806
2017-06-15,-0.04191888069910452,0.2339532656533112,808
2017-06-16,0.3656745395182453,7.666424413002984e-27,804
2017-06-19,0.11951005873192555,0.0006192809105291495,817
2017-06-20,0.20796307699273187,2.1983087842824157e-09,812
2017-06-21,0.03139524472429601,0.37279042545990426,808
2017-06-22,-0.0023528015650972024,0.9468262745033698,806
2017-06-23,0.1368149947716643,9.190479630215462e-05,812
2017-06-26,0.07659536043000316,0.027906853598908127,824
2017-06-27,0.11030798534771294,0.0015074779456663242,825
2017-06-28,-0.05324628677303888,0.12670651743084635,824
2017-06-29,-0.010095232671473263,0.7724444108921809,823
2017-06-30,0.08270663867755439,0.01743132951624246,826
2017-07-03,0.13201803616298108,0.00013652653913079468,830
2017-07-05,-0.08316894758052648,0.016547241528455565,830
2017-07-06,0.18829683693232316,4.8794178779343306e-08,827
2017-07-07,-0.09258415469294488,0.007791761329335061,825
2017-07-10,-0.04576452731487238,0.19074359783735687,819
2017-07-11,-0.10855194199978149,0.0019009213458536804,816
2017-07-12,0.12303328282926165,0.0004309431169284325,815
2017-07-13,-0.06926334049210711,0.048770564866060365,810
2017-07-14,0.10783132243712995,0.002145247369857945,808
2017-07-17,0.05791921267111808,0.10184190819788791,799
2017-07-18,0.17213930116777573,1.324628842826712e-06,780
2017-07-19,0.10833973997968319,0.00298947788130331,749
2017-07-20,-0.06096718202583224,0.09861662190892771,735
2017-07-21,0.039656159933784164,0.2816439549755757,739
2017-07-24,0.1927436811823518,1.3941893684201435e-07,735
2017-07-25,0.13404169244048014,0.00040672823043492263,692
2017-07-26,0.18384858394535697,4.612197114404429e-06,613
2017-07-27,-0.0659419857474619,0.10749079181617471,597
2017-07-28,0.1791239403074586,4.397384809499312e-06,649
2017-07-31,0.10217703069993535,0.006545080391400221,707
2017-08-01,0.16065926167286224,1.5213329242443506e-05,718
2017-08-02,0.060292877066463864,0.12204500751348168,659
2017-08-03,0.08892321976825546,0.02172873531475296,666
2017-08-04,0.14247107218877156,0.00015557176653049676,700
2017-08-07,0.049147805989972856,0.17964952751056712,747
2017-08-08,-0.4124083649376543,9.895416247947511e-33,764
2017-08-09,-0.3385529086883739,6.462506731584699e-22,763
2017-08-10,-0.16355174511589118,3.988156864114176e-06,787
2017-08-11,0.31061271942769086,1.8250664265218005e-19,805
2017-08-14,0.12784245833275684,0.00025310720997719766,815
2017-08-15,0.18719781574033692,7.574139608655547e-08,813
2017-08-16,-0.04145267352032866,0.2389088555228937,809
2017-08-17,-0.20127643857894328,8.018064502673744e-09,807
2017-08-18,-0.14044411243702162,5.621062804905392e-05,817
2017-08-21,0.36349048038386744,6.3612677459430095e-27,817
2017-08-22,-0.24347276201666257,1.6729552840550333e-12,818
2017-08-23,0.3219279663578574,1.257654708731682e-20,795
2017-08-24,-0.07514762057360777,0.03424556691379475,794
2017-08-25,-0.027520348157696314,0.43898748175469327,793
2017-08-28,-0.20345859309210332,7.266986271096282e-09,794
2017-08-29,0.1592686796466576,7.03938913526943e-06,788
2017-08-30,-0.02244177003231475,0.532479025969355,776
2017-08-31,0.05555368412345603,0.12473173651821805,765
2017-09-01,-0.025751104369695525,0.4752356638705493,771
2017-09-05,0.1793248776744604,5.575476348897961e-07,769
2017-09-06,-0.09477400069444114,0.008500269172131333,770
2017-09-07,0.07703406407822229,0.032799756921789144,768
2017-09-08,0.3246625514974217,1.9681299604663436e-20,773
2017-09-11,0.23444878577226835,4.231947757700761e-11,772
2017-09-12,0.015556520508321289,0.6660598486286008,772
2017-09-13,0.006498507185796324,0.8573092112442475,768
2017-09-14,-0.012379092795698056,0.7317959720140271,769
2017-09-15,0.002931536794882714,0.9353552861908815,768
2017-09-18,0.10519312336421036,0.0032086722102367135,783
2017-09-19,0.011448486825255597,0.7493915568326325,781
2017-09-20,-0.021545359136072452,0.546154493084604,787
2017-09-21,-0.021039832511785997,0.555866181987458,786
2017-09-22,0.05878487857638925,0.09829627377304039,792
2017-09-25,0.006117445475568213,0.863695390692405,790
2017-09-26,-0.08062063455925932,0.023182531486304645,793
2017-09-27,-0.061629772770195615,0.08382206553784426,788
2017-09-28,-0.04969674108285493,0.16075285469626507,798
2017-09-29,0.02397568119494064,0.49775885387303676,802
2017-10-02,0.08190548478413236,0.019962369430002964,807
2017-10-03,-0.026121556572873187,0.4581168500622943,809
2017-10-04,0.07366678657630531,0.03583464454201073,812
2017-10-05,-0.05122062563317845,0.14402321626455947,815
2017-10-06,0.0672100328892679,0.054670281652235184,818
2017-10-09,0.06127028731884521,0.07970291671886688,819
2017-10-10,-0.06208104625548386,0.07633138316480922,816
2017-10-11,-0.14779358012360005,2.3829544138055267e-05,811
2017-10-12,-0.005757495362525272,0.8705180216861631,804
2017-10-13,0.16416412855487367,2.7569199016730946e-06,807
2017-10-16,0.1293627598735385,0.00028416464374726144,783
2017-10-17,0.2611659187629237,1.6088785428809284e-13,773
2017-10-18,-0.29342471902678957,4.035259849911209e-16,738
2017-10-19,0.3348895840891975,7.50689471583872e-21,740
2017-10-20,0.029264656084858374,0.425415050487554,744
2017-10-23,0.25319001502143623,2.096843950238564e-12,748
2017-10-24,0.09634680908827326,0.010479207829820064,705
2017-10-25,-0.044389559157242235,0.26592115224967555,630
2017-10-26,0.13135679076361043,0.0011579454765789675,609
2017-10-27,0.002836050857629797,0.9422040398877384,656
2017-10-30,0.1221920987764244,0.0011320051429384481,707
2017-10-31,0.09843851094486412,0.008079357044004323,723
2017-11-01,-0.05396719416523679,0.16546369358516938,662
2017-11-02,0.14484771142560648,0.0001782288887208999,665
2017-11-03,0.03961068964268619,0.2984494008797844,691
2017-11-06,-0.02797530082538612,0.44457223180926064,749
2017-11-07,0.04395585678293896,0.22309750892672114,770
2017-11-08,-0.32252637089965874,5.923049461026616e-20,764
2017-11-09,0.27760330520467186,2.872611199715939e-15,780
2017-11-10,-0.3108932820013424,1.870323031274513e-19,803
2017-11-13,-0.23354519688928585,1.1055349222093678e-11,825
2017-11-14,-0.44498974681363135,8.399914510223164e-42,834
2017-11-15,0.22706411364911247,3.533426653778132e-11,831
2017-11-16,0.05156929049577126,0.13721607179400944,832
2017-11-17,0.10072521149530944,0.0035325366142664873,837
2017-11-20,0.08445418001448939,0.015248621580019668,825
2017-11-21,0.1289713882426999,0.00019311999575406642,831
2017-11-22,-0.017542317717730235,0.612724100082211,835
2017-11-24,-0.07191904818488465,0.036486934703319526,846
2017-11-27,-0.020979379313037887,0.5449223449048824,835
2017-11-28,0.11108922607536233,0.0014419221741731555,820
2017-11-29,0.10339740921874846,0.0031246234040464746,815
2017-11-30,-0.061511355425283,0.08056290315908382,808
2017-12-01,0.2234968386443988,1.1299267860570366e-10,814
2017-12-04,0.017882437385820283,0.6091166313964025,820
2017-12-05,-0.1189015142173588,0.0006212698325667983,825
2017-12-06,0.0804112352056467,0.0213670078486378,819
2017-12-07,0.31550385200843406,2.188818383776618e-20,819
2017-12-08,0.09024608802739173,0.009676755400807547,821
2017-12-11,0.042857616396828606,0.21769652130373612,829
2017-12-12,-0.03981995461225176,0.2515388897406227,831
2017-12-13,0.10936786746051819,0.001622875108874546,828
2017-12-14,-0.008161729046458148,0.8144844595466596,829
2017-12-15,0.2843463692010982,7.590762015348957e-17,827
2017-12-18,0.1880942234281683,4.0378897221607606e-08,839
2017-12-19,0.24067418717793218,1.5585418417304634e-12,840
2017-12-20,0.16155743151111043,2.521830803991088e-06,840
2017-12-21,0.12751868857887538,0.00021659232887114344,837
2017-12-22,0.005795077882785747,0.8668125190607805,840
2017-12-26,-0.06386127265468516,0.06367900108892097,844
2017-12-27,0.018341694367561768,0.5950866636384493,842
2017-12-28,0.09782393973206921,0.004470901402160934,843
2017-12-29,0.14383438306483784,2.9242662918013986e-05,838
2018-01-02,0.023630117260700974,0.4894070251149206,858
2018-01-03,0.19920757110005083,4.219046061282555e-09,855
2018-01-04,0.09444105680013808,0.00594800692806364,847
2018-01-05,0.05505367120860822,0.10810540627151395,853
2018-01-08,0.20230219753385265,2.2930704414806857e-09,857
2018-01-09,0.12345550652209092,0.0003012662868626641,853
2018-01-10,0.3145716186690851,4.7772175718922645e-21,853
2018-01-11,0.258940024743482,1.500590661902997e-14,854
2018-01-12,0.155663786253707,4.8718965087093345e-06,854
2018-01-16,0.06246542848268447,0.06937624795329776,846
2018-01-17,0.16166280716845288,2.553123070850126e-06,838
2018-01-18,0.05805376864595146,0.09706766809079316,818
2018-01-19,-0.04672733821435556,0.18210510834178212,817
2018-01-22,-0.06514848632886361,0.06319051750620495,814
2018-01-23,0.1601580852516634,5.0262173519413376e-06,804
2018-01-24,0.22015300346691122,5.82590674833531e-10,775
2018-01-25,0.17911482568337436,4.4624593159573937e-07,784
2018-01-26,0.060866503991314956,0.08437384855629293,805
2018-01-29,-0.3493780058572235,6.353951507060964e-25,819
2018-01-30,0.1701796856718494,1.1954455858573669e-06,805
2018-01-31,-0.13998173382905468,0.00011751293451725948,752
2018-02-01,-0.11663820321950173,0.0013346698341020317,754
2018-02-02,-0.33596935262830235,3.633748054470648e-22,785
2018-02-05,-0.28680636080583727,6.18823926357879e-17,817
2018-02-06,-0.1804302980051333,2.0445891819920961e-07,818
2018-02-07,0.18013852275367412,3.825895171328117e-07,784
2018-02-08,0.41189647075918673,1.5338899303462517e-33,786
2018-02-09,0.2843847412292912,8.544428049910684e-17,824
2018-02-12,-0.12329175658998749,0.0003069321380215598,853
2018-02-13,0.11863801370608965,0.0004970506775402702,858
2018-02-14,0.22983222867516673,2.24434893899753e-11,827
2018-02-15,0.10465576267335139,0.002646591318353031,823
2018-02-16,-0.06731346524961275,0.05227042863495387,832
2018-02-20,0.10078957971530364,0.003246282174723992,851
2018-02-21,-0.06845408409733646,0.048127259563343294,834
2018-02-22,-0.04541650367406016,0.19305351192225753,823
2018-02-23,0.17975196523237247,1.6192312283450597e-07,838
2018-02-26,0.021559331729261118,0.5277806326760353,860
2018-02-27,0.04903642927127332,0.1512509979406559,858
2018-02-28,0.03346032134731089,0.33044669727174747,848
2018-03-01,-0.09587586617772909,0.004993438854060251,856
2018-03-02,-0.2968950112212957,2.7586468883024536e-19,876
2018-03-05,0.2965530465201138,1.8234034271059447e-19,887
2018-03-06,-0.09629299401926139,0.004035889357376054,890
2018-03-07,0.09274901833794438,0.005869659377758111,881
2018-03-08,-0.039098610467139666,0.24740950536759237,877
2018-03-09,0.024108443803399004,0.47381147801965684,885
2018-03-12,0.04149810061836643,0.21719920154867978,886
2018-03-13,0.2547948324170242,1.4464590198867826e-14,884
2018-03-14,0.03250854784753001,0.3351502475830671,881
2018-03-15,0.03105437942888475,0.35777668432057164,879
2018-03-16,-0.14949061244796116,8.256451573390904e-06,882
2018-03-19,0.15550317435753808,2.9906840661616715e-06,894
2018-03-20,0.08110908814377181,0.015334048943096507,893
2018-03-21,-0.26090531812707124,2.969799137772502e-15,886
2018-03-22,0.06039691164830949,0.07399179101732806,876
2018-03-23,0.3034683028594271,4.6982009633679696e-20,873
2018-03-26,0.07611880588905026,0.023619865845580585,884
2018-03-27,-0.10469146046072068,0.0018060612005479254,886
2018-03-28,0.11787229540088369,0.0004383195237099311,886
2018-03-29,-0.11785377761407713,0.000442541849118477,885
2018-04-02,0.23083363478183636,3.718054039788316e-12,884
2018-04-03,-0.14500252071010541,1.5384125168788014e-05,882
2018-04-04,0.44682938287979096,2.071672193693769e-44,880
2018-04-05,-0.22987288507395526,4.984919016743244e-12,881
2018-04-06,0.4369958778815544,1.585032019700822e-42,884
2018-04-09,0.08145142367253587,0.015716018905554185,879
2018-04-10,-0.3037326626061871,3.573352642084802e-20,877
2018-04-11,0.25428605690130285,2.0771827122350545e-14,877
2018-04-12,0.2158148654966283,1.196052589618715e-10,872
2018-04-13,0.1177306204192113,0.0005172933565029687,866
2018-04-16,0.23438140035028843,4.1455543899593796e-12,853
2018-04-17,0.092884215982422,0.007166040818726158,837
2018-04-18,0.1781209153257907,3.13641344448964e-07,814
2018-04-19,0.027668241654928784,0.4327841329857498,806
2018-04-20,0.03757145418958254,0.2852097309389359,811
2018-04-23,0.2117294477910598,1.5743443150332033e-09,797
2018-04-24,0.06936718888667215,0.05482149712131016,767
2018-04-25,0.05557505557942396,0.14622236997044133,685
2018-04-26,0.05658035942924754,0.1425753949778504,673
2018-04-27,0.006533471764557213,0.8615527991441222,715
2018-04-30,-0.06482426572284197,0.07390557644357239,761
2018-05-01,0.07866048061700283,0.030244059775895924,759
2018-05-02,-0.04274228104886413,0.2621922542230669,690
2018-05-03,-0.22763085521256218,1.3877188562070842e-09,692
2018-05-04,0.035394538121213584,0.33629623290289545,740
2018-05-07,0.08211498101291281,0.020823215049685713,792
2018-05-08,0.16379578556009547,2.705540302977984e-06,812
2018-05-09,0.02983451495494542,0.39674020050504943,809
2018-05-10,0.09636734705314194,0.005459346437860352,830
2018-05-11,0.03528762153958644,0.3012984128883274,860
2018-05-14,-0.009057329778143166,0.789643000895194,870
2018-05-15,-0.03234845249467291,0.3378121772942799,880
2018-05-16,-0.03063036939854481,0.3663038258928576,872
2018-05-17,0.057406238002601445,0.09060747313614458,870
2018-05-18,0.00901917248913208,0.7906265135116393,869
2018-05-21,0.12560061369317066,0.00020742882072707696,868
2018-05-22,-0.10356449484487354,0.0022504406707371917,868
2018-05-23,-0.11179549131852158,0.001044457993439587,857
2018-05-24,-0.1881260793177383,3.154653178504645e-08,852
2018-05-25,-0.2039578077847814,1.6138680027819072e-09,859
2018-05-29,0.32070147336672455,4.531777544254154e-22,862
2018-05-30,-0.1073234727895882,0.0016325166870932092,859
2018-05-31,0.36000520182645535,1.1077018365888876e-27,859
2018-06-01,0.10267557190682083,0.002618056187847545,857
2018-06-04,-0.009000404985246156,0.7916418825484992,864
2018-06-05,0.06501871020344621,0.05593839109626784,865
2018-06-06,0.04346172039388783,0.20264996286701015,861
2018-06-07,-0.041875841226688755,0.22043914323234173,858
2018-06-08,0.07850236400122008,0.02162045094094241,856
2018-06-11,0.09001534064338722,0.008296680598783553,859
2018-06-12,0.06293477009341387,0.06538717518929395,858
2018-06-13,0.12527689770494368,0.00023839507868202771,856
2018-06-14,-0.01613459773028769,0.6367652987087651,859
2018-06-15,-0.28333254881015507,2.4320595700961426e-17,860
2018-06-18,-0.44726455934863435,4.58791700042622e-44,871
2018-06-19,0.24846964777392216,1.2281213990958425e-13,865
2018-06-20,-0.019553041304276774,0.5664443791047824,862
2018-06-21,0.3314892756761084,1.4008217956033597e-23,863
2018-06-22,-0.3317564526789925,8.508405719827032e-24,870
2018-06-25,0.23886222443071178,6.570609668621869e-13,882
2018-06-26,0.06712526170888262,0.04651692843203299,880
2018-06-27,-0.12485600210015309,0.00020645407519117055,879
2018-06-28,0.3039514119373724,2.891137099567052e-20,880
2018-06-29,-0.18381128943573882,3.839354127495048e-08,882
2018-07-02,0.2830441157863842,9.516199410574547e-18,884
2018-07-03,0.06228959543780364,0.06459837307171974,881
2018-07-05,-0.29208935507763956,9.483870486304619e-19,879
2018-07-06,0.41056336265668836,6.037515283016286e-37,876
2018-07-09,0.16094988126772927,1.7538269705413424e-06,873
2018-07-10,0.19797119793729898,3.290791403692933e-09,878
2018-07-11,0.2841601278600027,9.03857854501987e-18,878
2018-07-12,-0.07049369865534529,0.03730101246337707,873
2018-07-13,-0.0034682344114381623,0.9184963897631481,873
2018-07-16,-0.1700795353032366,4.5753978319926054e-07,869
2018-07-17,0.033523518017567464,0.33154380578035125,841
2018-07-18,-0.0777539104993331,0.026813770527911774,811
2018-07-19,0.04031368785878609,0.25622975749320964,795
2018-07-20,-0.030457081635428544,0.38843236340615483,804
2018-07-23,0.375257593827607,7.450646799688702e-28,791
2018-07-24,0.04828132352584134,0.18774989539652223,746
2018-07-25,-0.2622430596581894,5.949361046561754e-12,667
2018-07-26,0.10751327287475251,0.006314241940472014,644
2018-07-27,0.05323659184934804,0.16275973219088133,689
2018-07-30,0.019245457677213484,0.6034139926313518,731
2018-07-31,0.139391132335574,0.000123054020758404,754
2018-08-01,-0.21124623319840155,1.971600672082944e-08,693
2018-08-02,0.1079815414336959,0.003867814884402683,714
2018-08-03,0.02110334212884594,0.5639130310522167,750
2018-08-06,0.32514694836148367,3.5281397422921175e-21,801
2018-08-07,-0.10573762112692246,0.0025696753294160725,811
2018-08-08,0.008484820698043153,0.8113281701801914,794
2018-08-09,0.018304528814667057,0.6015839100499296,816
2018-08-10,0.01824193153688058,0.597747318827671,839
2018-08-13,0.08865136053351726,0.009169854230733849,863
2018-08-14,-0.4442255499815891,2.795694832358725e-43,868
2018-08-15,0.38868621057099395,1.2950807538692441e-32,866
2018-08-16,0.0395000124250395,0.24639222491360702,863
2018-08-17,0.10071193107178222,0.0030409658900964172,864
2018-08-20,0.24511181236155707,2.929337097981858e-13,862
2018-08-21,0.10420510173560388,0.002295595470656902,854
2018-08-22,0.03328431915573483,0.3318572028658924,852
2018-08-23,0.18488213020745456,6.084351675004696e-08,846
2018-08-24,0.0038405751883434673,0.9110813560042264,848
2018-08-27,0.26259217250214884,7.991202001492969e-15,847
2018-08-28,-0.009359212410737745,0.7866248589397993,839
2018-08-29,-0.1458177344780633,2.587918954749448e-05,826
2018-08-30,-0.2098124119506273,1.5006560524016797e-09,814
2018-08-31,-0.010308573884503036,0.7687363745542292,816
2018-09-04,-0.05688125767190258,0.10296453630935427,823
2018-09-05,0.050965052534948645,0.1440671996821159,823
2018-09-06,-0.06217072314965302,0.07483415897825774,822
2018-09-07,0.1150803934680751,0.0009761669161299727,818
2018-09-10,-0.01198174555246073,0.7322195361539395,818
2018-09-11,-0.0010177519258628036,0.9767994100526711,819
2018-09-12,0.04144630851745266,0.23580376625658597,820
2018-09-13,0.1486247081369678,1.8600547375020142e-05,823
2018-09-14,-0.014016480291155415,0.6882226186150833,822
2018-09-17,0.1825385592709429,1.4140143867204463e-07,820
2018-09-18,0.0201077445326758,0.5650684661274877,821
2018-09-19,0.2542187657959619,1.464299001450759e-13,820
2018-09-20,0.17705542062525276,3.134139840830988e-07,824
2018-09-21,-0.04409110827852561,0.20500483886983362,828
2018-09-24,0.163551073358958,1.7333322650035546e-06,846
2018-09-25,-0.10189960144328457,0.0029710247964328503,848
2018-09-26,0.08531966907667472,0.012940062487978549,848
2018-09-27,-0.36981411460704683,5.264298749107721e-29,852
2018-09-28,0.26058580077682075,9.73752413614154e-15,855
2018-10-01,-0.06998457727978957,0.040181140814926526,860
2018-10-02,0.29287372822446595,1.6424658261412974e-18,862
2018-10-03,0.058250911109771514,0.08704522049364827,864
2018-10-04,-0.004998157152783328,0.8834333313670892,863
2018-10-05,-0.27448415496153783,1.9634912640172806e-16,866
2018-10-08,-0.199536147071112,3.0939378675691242e-09,867
2018-10-09,-0.10605740085272924,0.001786868140636963,865
2018-10-10,-0.23681862830907363,1.7188727884293299e-12,865
2018-10-11,0.32816916679830854,3.0561643303569816e-23,868
2018-10-12,0.10336988951066514,0.002254131492956282,871
2018-10-15,0.2562811803424737,1.807558629233477e-14,867
2018-10-16,0.06801043026069799,0.0462940358157151,859
2018-10-17,-0.20340252442381698,3.0128511583951846e-09,835
2018-10-18,0.08410769807107103,0.01586446565419278,822
2018-10-19,0.0758706659598244,0.029033849965681927,828
2018-10-22,-0.004587818196004025,0.8961455477112726,812
2018-10-23,-0.11849960403651681,0.000846416390591819,790
2018-10-24,0.33192233487395445,5.948294448681615e-20,719
2018-10-25,-0.10194429939502667,0.007235023285425798,693
2018-10-26,0.5525708846109757,3.780003399501334e-60,737
2018-10-29,0.1404909019671191,9.566156581496081e-05,766
2018-10-30,0.5309512848792171,6.075827935692825e-58,780
2018-10-31,0.025588215497987486,0.4903141874222591,729
2018-11-01,0.08882741824839965,0.015646371473153477,740
2018-11-02,0.030648318231094776,0.3923637608928138,781
2018-11-05,0.021643180388501798,0.541778889457187,797
2018-11-06,0.10459345305059695,0.002743639238029718,818
2018-11-07,-0.022445263424667718,0.530039939184912,785
2018-11-08,-0.294628511683563,8.336026217894642e-18,816
2018-11-09,-0.0014812612222004581,0.965725950168951,844
2018-11-12,0.09877354538269532,0.003447453821383408,875
2018-11-13,0.1471276004915307,1.0844120098836815e-05,887
2018-11-14,0.024535349036281903,0.46677344357137796,882
2018-11-15,-0.20133857509273728,1.5439151077489557e-09,884
2018-11-16,-0.12967257669818474,0.00010950017784164666,885
2018-11-19,-0.37559434527846036,1.3357996067736448e-30,872
2018-11-20,0.6283734845322367,9.143783736999958e-97,870
2018-11-21,-0.4033168971847343,2.5208896905966e-35,869
2018-11-23,0.42925601085996057,8.351775157876387e-41,881
2018-11-26,-0.2028116284086414,1.3270106744646021e-09,878
2018-11-27,0.30826381612055814,1.0745924586932516e-20,874
2018-11-28,-0.01936643369995831,0.5699305893088527,863
2018-11-29,-0.27554622506402376,2.222071588399038e-16,856
2018-11-30,0.2739684479176014,3.081135040650656e-16,858
2018-12-03,-0.16271964315888787,1.7035872135029093e-06,856
2018-12-04,-0.24465048948953935,5.052630796959041e-13,848
2018-12-06,-0.04650958555629006,0.1762750014667339,847
2018-12-07,-0.39938613518523935,7.473326174583095e-34,849
2018-12-10,0.42101602254929993,3.8478669789250934e-38,857
2018-12-11,0.5458467248646403,5.1522874355293265e-68,861
2018-12-12,-0.06315277553298282,0.06445820615277567,858
2018-12-13,-0.19283955614464318,1.2178813037930381e-08,859
2018-12-14,-0.19737364169181118,5.200378051586821e-09,861
2018-12-17,0.22452132687741508,2.7403455823223925e-11,860
2018-12-18,0.054792999422270776,0.10916313769078605,856
2018-12-19,0.08603486054650698,0.011797133374903415,856
2018-12-20,-0.10719612002483533,0.0016851058858216527,856
2018-12-21,0.045448116631019136,0.18199026652978081,864
2018-12-24,0.34919748442010495,1.4055290627225476e-26,878
2018-12-26,-0.1420968907894315,2.231209508594926e-05,884
2018-12-27,0.12308856219536238,0.0002420326460410307,885
2018-12-28,0.16124797155091775,1.3844849363839884e-06,887
2018-12-31,-0.16423244752306873,8.752595983490096e-07,887
2019-01-02,-0.4262767384204757,8.932530711340867e-41,894
2019-01-03,0.2678331575506341,4.0484052948705566e-16,892
2019-01-04,0.10955125413130465,0.0010622735404178373,890
2019-01-07,0.019989704445158747,0.5516857441488301,889
2019-01-08,-0.010449717402453335,0.7560947959738697,886
2019-01-09,-0.0016584641170744908,0.9606391477904508,888
2019-01-10,-0.09300254701265838,0.005625958985515517,885
2019-01-11,-0.04307284843168114,0.20023574789903106,886
2019-01-14,0.21591326594535507,9.412466761174715e-11,881
2019-01-15,-0.07421717749739921,0.028691291082531926,869
2019-01-16,0.039058010466981645,0.2528273150514792,859
2019-01-17,0.3984104596447108,7.828458682995943e-34,853
2019-01-18,0.069903032751203,0.04172049888863887,849
2019-01-22,0.19739031759651646,8.126890533711328e-09,839
2019-01-23,0.19305858639115095,2.7166925641315776e-08,816
2019-01-24,0.3239976442274631,1.5162412202510428e-20,781
2019-01-25,-0.08176950137356193,0.020247283918797584,806
2019-01-28,0.12089640214098607,0.0006013823710450574,802
2019-01-29,0.0036713969755025585,0.918617972790295,777
2019-01-30,0.25302374347878265,4.2602152525492405e-12,728
2019-01-31,-0.06652252610849732,0.07284847260936991,728
2019-02-01,0.0511921280199242,0.15721029648465257,765
2019-02-04,0.024610159024999804,0.49056614934491916,787
2019-02-05,0.0716722555266755,0.04538582726544689,780
2019-02-06,-0.22426810346474188,6.864120528279937e-10,740
2019-02-07,-0.18103216206155456,6.67036092830637e-07,744
2019-02-08,0.20722856439223514,6.469880700700016e-09,770
2019-02-11,0.16815673170645332,2.0064839924964216e-06,790
2019-02-12,0.337790468873976,6.573037231807403e-23,804
2019-02-13,-0.1723673831957219,1.6476323075667655e-06,764
2019-02-14,0.24649836003911488,4.026565000960866e-12,770
2019-02-15,0.020490138892042657,0.5657426009486684,788
2019-02-19,0.16738904890704803,1.313610690779491e-06,826
2019-02-20,0.01750367294261217,0.6197543710175497,806
2019-02-21,0.17791522352285202,4.830134324210621e-07,790
2019-02-22,0.06600999515302937,0.060884532488167345,807
2019-02-25,0.013172573624573782,0.7054115069841898,826
2019-02-26,0.011678646059972644,0.7372051975626341,828
2019-02-27,-0.020776928566925725,0.5551191982815578,809
2019-02-28,0.14810625525727658,2.2625743769014372e-05,812
2019-03-01,0.11394858062955573,0.000965137516861085,836
2019-03-04,0.1371348806906221,5.5752313502524766e-05,858
2019-03-05,0.011932742735769546,0.7243244592662981,876
2019-03-06,-0.15506373809749252,4.328166653006981e-06,870
2019-03-07,-0.38618210122166163,1.9777843929223232e-32,873
2019-03-08,0.24071443434953987,4.719296129019981e-13,879
2019-03-11,0.18608505213462576,2.6828037314385403e-08,880
2019-03-12,0.24995852268591662,4.968178030981268e-14,882
2019-03-13,0.011637343370321752,0.7310291848146813,875
2019-03-14,0.04426221577551104,0.19136104214129196,873
2019-03-15,-0.03275339963581005,0.33484537586615937,869
2019-03-18,0.28774514186888056,2.9446373676033722e-18,881
2019-03-19,0.05929457867889778,0.07874610457805326,880
2019-03-20,-0.13413702452922702,6.887043386008773e-05,875
2019-03-21,-0.3345035126341336,2.718011470522868e-24,874
2019-03-22,-0.056081250919250834,0.09754194521761032,874
2019-03-25,0.483308560540537,1.3785561780322766e-52,878
2019-03-26,0.09534414152630459,0.004810127452396844,873
2019-03-27,0.04091810782717261,0.229015927957494,866
2019-03-28,0.0039960266162384055,0.9066309345688879,864
2019-03-29,-0.10847424495078005,0.001362200781519688,869
2019-04-01,0.03322857019647334,0.32676314955043995,873
2019-04-02,0.2958440174289207,3.907920238216903e-19,875
2019-04-03,-0.07344602126363406,0.030203907206622773,871
2019-04-04,0.20116323443705925,1.8910941518895035e-09,876
2019-04-05,0.03751124129243432,0.26796287280199926,874
2019-04-08,-0.32295663965158444,9.210177693955038e-23,878
2019-04-09,0.007194844707733368,0.8316975621920065,875
2019-04-10,0.09402320629212749,0.005405155485520072,874
2019-04-11,0.11149178009106311,0.0010144838021297529,866
2019-04-12,0.004183751589320322,0.9024921439258429,860
2019-04-15,0.32672273609819225,3.7851877559715544e-22,832
2019-04-16,0.18195516363696096,1.4728089080347677e-07,823
2019-04-17,0.05347238422552151,0.13196472735249748,795
2019-04-18,-0.19675946513175677,2.1765462105913322e-08,796
2019-04-22,-0.05129337665559626,0.15290399012354136,778
2019-04-23,-0.12208454936766448,0.0007382958008334436,761
2019-04-24,0.0642662237489985,0.08817182328163196,705
2019-04-25,-0.2754074665395265,1.932189539676385e-13,688
2019-04-26,0.18678545090306276,3.7878763194385273e-07,729
2019-04-29,-0.09998522002857893,0.006450374591491598,741
2019-04-30,0.2902461073788614,1.6075504793482766e-15,724
2019-05-01,-0.07666616140873628,0.04915366226808063,659
2019-05-02,0.29375849011021016,9.203799772294573e-15,668
2019-05-03,-0.16164126629961076,1.0937696183514688e-05,733
2019-05-06,-0.3221917318464108,3.161110070401475e-20,777
2019-05-07,-0.24315562202671623,2.9443022939079897e-12,802
2019-05-08,-0.37650233839803576,8.28601105318947e-28,784
2019-05-09,-0.2600524342208627,6.568278384593662e-14,805
2019-05-10,-0.5215306075609238,1.7092352894280233e-59,836
2019-05-13,0.3395089830114223,1.138059908619788e-24,861
2019-05-14,-0.5490954781636057,7.981222569017802e-70,872
2019-05-15,0.1932539099945102,9.489975710592519e-09,868
2019-05-16,-0.43345041571847304,3.7053093157235157e-41,870
2019-05-17,-0.5040925560357207,1.8962377959200348e-57,873
2019-05-20,0.43092168790420693,7.916465217074564e-41,874
2019-05-21,-0.2523341170601471,4.8005933877344526e-14,866
2019-05-22,-0.6553297247222628,4.744442730598556e-106,855
2019-05-23,0.5182745578101043,9.657679545434092e-60,852
2019-05-24,0.05144151559952327,0.13262116057602985,856
2019-05-28,-0.4540440759364688,9.203744898799534e-45,856
2019-05-29,0.05660783214199055,0.09829643333254852,854
2019-05-30,-0.4504609576961516,2.9204182961462007e-43,841
2019-05-31,-0.12031143193930274,0.0004713157348593882,841
2019-06-03,0.44311346134634916,6.665752518912737e-42,844
2019-06-04,0.13264334237403722,0.00010906753464252337,846
2019-06-05,-0.09703014378782135,0.004832145257769453,842
2019-06-06,0.05089050783679345,0.13938148663648933,845
2019-06-07,-0.02715885773326044,0.42961129728770564,848
2019-06-10,0.35563949146482626,1.1797707543256555e-26,847
2019-06-11,-0.2083209855819423,9.504276519557659e-10,846
2019-06-12,0.14640691086956562,1.9099713299161237e-05,846
2019-06-13,-0.045216380805144514,0.18861971118505613,847
2019-06-14,0.07421853728659565,0.030591430238725712,849
2019-06-17,0.28534202280152016,2.2747955189920782e-17,849
2019-06-18,0.26153255547081117,1.0699558814040123e-14,846
2019-06-19,0.01749756803722639,0.6121438674321695,842
2019-06-20,0.010127625536581707,0.7691807694593753,842
2019-06-21,-0.015291872568470236,0.6569348935311401,846
2019-06-24,0.01848212070925673,0.5889815783720485,857
2019-06-25,0.14810808223860306,1.3873510316389841e-05,854
2019-06-26,0.14122261165747968,3.5586091922113565e-05,851
2019-06-27,0.07140959254112862,0.03727390352858977,851
2019-06-28,0.09170265875596419,0.007258915381400039,856
2019-07-01,-0.21567334111365002,1.0376592273042424e-10,879
2019-07-02,0.06223980104557114,0.06511844165797089,879
2019-07-03,-0.03839476002326303,0.2552151725255424,880
2019-07-05,-0.2725947249371021,2.081863366141471e-16,877
2019-07-08,-0.3256901132830866,5.70054899712937e-23,871
2019-07-09,0.2548718087903752,2.3687827210120717e-14,869
2019-07-10,0.16633940530717967,8.679879647227751e-07,865
2019-07-11,0.1396948539941488,3.781354139526425e-05,864
2019-07-12,0.038044824850307,0.2628583925514522,868
2019-07-15,0.07172326059287443,0.03578987903311004,857
2019-07-16,-0.08981458195117509,0.009036370519301375,844
2019-07-17,-0.10474366678893057,0.0027049841374176356,818
2019-07-18,0.27192935830153386,3.0025777262193494e-15,813
2019-07-19,0.11313247443196442,0.00117408267381407,820
2019-07-22,0.15209373666365883,1.361467496526289e-05,811
2019-07-23,-0.03230302874235415,0.37195659392305513,766
2019-07-24,-0.12197865580225907,0.0011644651374077728,706
2019-07-25,0.14255822959149975,0.00017955591101570845,686
2019-07-26,-0.009929097616341725,0.7888407089156412,730
2019-07-29,-0.20691197586309995,1.2824889165737041e-08,742
2019-07-30,0.12016483427594851,0.0011881590491338511,725
2019-07-31,0.17510621871377038,7.835024046464519e-06,644
2019-08-01,-0.12157613144785102,0.001811531025396829,656
2019-08-02,-0.6119758791204207,1.751231965211963e-74,713
2019-08-05,0.4655832456427501,2.307249570370618e-42,764
2019-08-06,-0.05558959016538178,0.1182462057301036,791
2019-08-07,0.3794661806907056,1.2128265578457025e-27,766
2019-08-08,-0.08959729007117191,0.011285172759236895,799
2019-08-09,-0.3653662200889452,1.8678619072548873e-27,825
2019-08-12,-0.14452825621899384,2.0712078238102528e-05,861
2019-08-13,-0.38647085725696273,2.4420424221268634e-32,869
2019-08-14,0.11236024554920107,0.0009382949583421216,864
2019-08-15,0.0686006333590177,0.04356698319197131,866
2019-08-16,0.03883257314039113,0.2533704669084718,867
2019-08-19,-0.1592313668318955,2.454473678837798e-06,867
2019-08-20,0.3705521747520669,1.7703855128248834e-29,863
2019-08-21,0.0045344516492702575,0.8946712290639242,855
2019-08-22,-0.2444021468640605,4.2887004719623183e-13,855
2019-08-23,0.45521593162672647,4.0966673952107303e-45,858
2019-08-26,-0.033641772543472066,0.32301397545057187,865
2019-08-27,-0.10712572172725825,0.0016343961486619386,862
2019-08-28,0.3083031750231208,4.832673773272722e-20,844
2019-08-29,0.16982812079727855,8.097754461527933e-07,834
2019-08-30,0.015376779318336281,0.6574568429373878,834
2019-09-03,0.43738112924044154,1.2978913199663258e-40,841
2019-09-04,0.22151988367948955,8.71947185353567e-11,839
2019-09-05,-0.05656037135092073,0.10345357849401705,830
2019-09-06,0.319811960485841,3.6099662933866956e-21,829
2019-09-09,-0.02032684474977176,0.5591655072202004,828
2019-09-10,0.1333999654541085,0.00011050250150897181,835
2019-09-11,0.03746943718517783,0.27919132308195255,836
2019-09-12,-0.11367259793249625,0.000965671535098719,840
2019-09-13,-0.1898300726117315,2.899478765253917e-08,841
2019-09-16,-0.09864714190529217,0.004122706011258064,844
2019-09-17,-0.07132549553232238,0.038640285430096975,841
2019-09-18,0.0013483413674322913,0.9687813402081542,845
2019-09-19,0.0049520387340695245,0.8856399960742837,846
2019-09-20,-0.1826834540882455,8.16466751952199e-08,850
2019-09-23,0.0017290305230366948,0.9594314613035324,868
2019-09-24,-0.007156640972898784,0.8336211808995933,864
2019-09-25,-0.27602264702817764,1.4244604203295034e-16,864
2019-09-26,0.08169239788721425,0.016252789860101435,865
2019-09-27,0.20384224296156955,1.3556634466093037e-09,868
2019-09-30,0.16267712871426576,1.4102349197982546e-06,870
2019-10-01,-0.31405113250271277,1.954645897273571e-21,873
2019-10-02,-0.30493464124266,3.2017344276404234e-20,872
2019-10-03,0.0024668017382644216,0.9418473021021885,877
2019-10-04,-0.07372077496569546,0.02903300929012191,877
2019-10-07,-0.3944386474020007,3.574828499806489e-34,881
2019-10-08,0.5132264751427136,3.1577486881453577e-60,879
2019-10-09,-0.2263373920208502,1.2555376604153059e-11,875
2019-10-10,0.13044094587222804,0.00012052611708927922,864
2019-10-11,-0.2439933822536988,3.898621447580922e-13,861
2019-10-14,0.11487790565267159,0.0007756053352684452,853
2019-10-15,-0.02539805643055681,0.46360091031797646,835
2019-10-16,0.14541941568092615,3.488882725612717e-05,804
2019-10-17,-0.13565023610301258,0.0001248065095769449,795
2019-10-18,0.2875578042919809,9.823558626223963e-17,802
2019-10-21,0.030916677981683634,0.3876213214264752,783
2019-10-22,-0.10029665293686879,0.006009715698630465,749
2019-10-23,0.16269569797839656,1.9316887573949653e-05,683
2019-10-24,-0.05347945772049858,0.16518116371902103,675
2019-10-25,0.19587106626226689,1.376003348251901e-07,712
2019-10-28,0.11364385177227349,0.0020304402826035644,735
2019-10-29,0.08759815673471509,0.019227456370734204,714
2019-10-30,0.04190947512283235,0.29512770569929886,626
2019-10-31,0.2722440156618445,2.9715673140315484e-12,635
2019-11-01,0.1788406084600759,2.1983857186365652e-06,692
2019-11-04,0.01575220034147261,0.6654332350631913,756
2019-11-05,0.04944609690973607,0.1730014615223227,761
2019-11-06,0.019702544557950296,0.5948382508065895,731
2019-11-07,-0.07822288979292837,0.031854984779843186,753
2019-11-08,-0.09154293741249789,0.010043597847418066,790
2019-11-11,0.10023025000371831,0.004020750543888421,822
2019-11-12,-0.08506988718926202,0.013371764152130467,845
2019-11-13,-0.07764705825200209,0.024418948870862465,840
2019-11-14,0.2012643647829504,3.5078632590349565e-09,846
2019-11-15,0.05602762595817618,0.1026056718078199,850
2019-11-18,0.20213560721777346,3.0578917000886752e-09,845
2019-11-19,-0.0006399665674798376,0.9851796858217159,845
2019-11-20,0.19148254475030527,2.228429308940176e-08,840
2019-11-21,0.15666266700000536,4.749735689632627e-06,845
2019-11-22,0.08660028358067147,0.011591215371863436,849
2019-11-25,0.025040431182505568,0.46885656664526754,839
2019-11-26,0.1976301686629746,7.325130928923092e-09,842
2019-11-27,-0.0678402567859268,0.048412294577975475,847
2019-11-29,0.3123474173304445,8.818541477787967e-21,854
2019-12-02,-0.32561640312821266,2.543269023045672e-22,845
2019-12-03,0.4879151344698694,1.432630485028705e-51,842
2019-12-04,0.1665261390441501,1.3660892518154596e-06,832
2019-12-05,0.3483672095552959,5.978779419203964e-25,825
2019-12-06,-0.16720666582595087,1.3296493677808835e-06,827
2019-12-09,-0.048047405063905715,0.16796859663345645,825
2019-12-10,0.0005709880006569621,0.9868714326053803,833
2019-12-11,0.10706648904172977,0.0020224021679937686,829
2019-12-12,0.12199594158549726,0.0004343572460013272,828
2019-12-13,0.22192052225320674,9.159236952138066e-11,834
2019-12-16,0.08092969211605752,0.01912329826441835,838
2019-12-17,0.0765596361875127,0.026496104267684728,840
2019-12-18,0.04939214880725197,0.1523971367762785,841
2019-12-19,0.05803196353475498,0.09298953924479446,839
2019-12-20,0.062395141478703425,0.07002288307793916,844
2019-12-23,0.07447944466175362,0.028130996278988327,869
2019-12-24,0.015726636972163657,0.6428164433601176,872
2019-12-26,0.00827235231860734,0.8080445046290892,865
2019-12-27,0.07077761842313016,0.03763406491797221,863
2019-12-30,-0.1480337052063128,1.2477210549629942e-05,864
2019-12-31,0.3882509963396838,1.6719287561179507e-32,865
2020-01-02,-0.38979063894599697,5.981914408747249e-33,870
2020-01-03,-0.3728964600035484,5.052195198070955e-30,868
2020-01-06,0.140512957891187,3.1269114826344215e-05,872
2020-01-07,0.015328724974642336,0.6516228036898734,870
2020-01-08,0.13973495271240957,3.6087359756477194e-05,868
2020-01-09,-0.03055901462409688,0.36963513026380757,864
2020-01-10,0.16050643118323535,2.00571531398903e-06,868
2020-01-13,0.0777662897895161,0.02209922485299756,866
2020-01-14,-0.2537464553375404,4.500390408504528e-14,858
2020-01-15,0.3583491054893247,2.6360433474700523e-27,855
2020-01-16,0.10048268120781938,0.003379468740948578,849
2020-01-17,-0.06737715382038532,0.0495642181685963,850
2020-01-21,0.1851680979077071,6.580161179374401e-08,839
2020-01-22,-0.16552368341187843,1.7520133999774562e-06,825
2020-01-23,0.12817785938029,0.0003012951522064708,791
2020-01-24,-0.4749053183843666,5.050369475400349e-47,814
2020-01-27,0.37454089972091925,6.1519330990959e-29,827
2020-01-28,0.2451564964396393,1.8678738479264743e-12,803
2020-01-29,-0.2763374271046973,1.6575127121736246e-14,744
2020-01-30,-0.33803796023707716,5.350281899144467e-21,731
2020-01-31,0.1821085529563148,3.8193850560913206e-07,767
2020-02-03,0.19260019047124385,4.8700393841648076e-08,790
2020-02-04,0.05723379798409736,0.10728955675357889,793
2020-02-05,0.0550740421943893,0.1305531396288775,755
2020-02-06,-0.13198132203349727,0.00023357244071247572,773
2020-02-07,-0.1833569555734882,1.617199200378944e-07,805
2020-02-10,0.2615478549034861,2.4405167281484415e-14,823
2020-02-11,0.29043268280504714,1.844067086532419e-17,823
2020-02-12,-0.1323660022121893,0.00020762018404212214,781
2020-02-13,-0.011607691719989795,0.7444562770888759,791
2020-02-14,-0.11636093588804754,0.0009692235855570966,801
2020-02-18,0.17768810327898704,2.839934592331688e-07,824
2020-02-19,-0.03591386880223777,0.30552213164892217,816
2020-02-20,-0.1927153920907419,3.9321974818524344e-08,800
2020-02-21,-0.22945260118900646,3.286542123260564e-11,816
2020-02-24,0.3274276653081985,4.5528491678088605e-22,825
2020-02-25,0.10516924289507343,0.0023861986062780833,832
2020-02-26,-0.26660190875298245,1.7462159625064936e-14,800
2020-02-27,-0.5145786787166562,6.794400054719341e-56,809
2020-02-28,0.14156919873182622,4.0361446948706204e-05,835
2020-03-02,0.11262120810341197,0.0008697650160500829,871
2020-03-03,-0.06598352437952544,0.049212368856659874,889
2020-03-04,-0.32466720000531407,3.3976012898467224e-23,886
2020-03-05,-0.3549190309607897,8.747398481671982e-28,889
2020-03-06,-0.44749072075401003,1.9814068239353097e-45,898
2020-03-09,0.4147560672477975,7.442298365413177e-39,903
2020-03-10,-0.4589752333027572,4.301467714716556e-48,900
2020-03-11,-0.24668699392069082,5.876033491319731e-14,901
2020-03-12,0.5641446635530827,9.285854374457151e-77,900
2020-03-13,-0.06300382058745423,0.0591255299046743,898
2020-03-16,-0.02928272475991408,0.38183996864031367,894
2020-03-17,-0.05616173929419429,0.09460316421838119,887
2020-03-18,-0.10703861928324772,0.0014917732446185943,878
2020-03-19,0.29122497542139775,3.8898343237548875e-18,853
2020-03-20,-0.1311784085072605,0.00016075251007807405,823
2020-03-23,0.5427552972922185,1.8519571135149937e-64,826
2020-03-24,0.24034699622196973,3.683142483033795e-12,814
2020-03-25,-0.032030192531402726,0.3862054749405285,734
2020-03-26,-0.018720953558966087,0.6167529779408795,717
2020-03-27,0.26425383547694936,1.0329906490442287e-12,704
2020-03-30,-0.11136516642001879,0.0032177845822306825,698
2020-03-31,-0.020496539996029645,0.5885165708808511,699
2020-04-01,0.07904101185294163,0.0361483751097784,703
2020-04-02,0.13295054038220605,0.00043263892259687157,697
2020-04-03,0.17935819739887637,2.017677809363106e-06,693
2020-04-06,0.45573825805530815,5.4356628612594616e-37,696
2020-04-07,0.13908194505100754,0.00025295388765699916,688
2020-04-08,-0.06528122449590038,0.08616075365103353,692
2020-04-09,0.05908027717555528,0.12184729792506911,687
2020-04-13,-0.19348952594659063,1.6087317416262523e-07,722
2020-04-14,0.4147079422182586,1.2562149653688005e-31,728
2020-04-15,0.10301944953375057,0.0042393258821509525,769
2020-04-16,0.30439884489268115,7.631588363353909e-18,764
2020-04-17,0.15661839581191817,7.92824105152908e-06,806
2020-04-20,0.01970702924337097,0.5775750560009975,801
2020-04-21,-0.07536208714395781,0.03487795872170604,784
2020-04-22,-0.29924272414613845,4.6022008542298565e-17,754
2020-04-23,0.07240891387659223,0.04214795640060806,788
2020-04-24,-0.10531903803307356,0.0027899291835135264,804
2020-04-27,-0.2901050724915624,4.901241740967418e-17,803
2020-04-28,-0.2821853445216564,1.959720571507431e-15,763
2020-04-29,0.4644096957658813,1.408544049274085e-38,697
2020-04-30,0.638758827419686,1.0225810278275615e-80,693
2020-05-01,0.32886656089752675,2.121235257489622e-20,751
2020-05-04,-0.18266397931732936,4.417949025716903e-07,754
2020-05-05,-0.10383076667344648,0.004264844397212293,756
2020-05-06,-0.3052067328928798,5.100586577240383e-16,675
2020-05-07,0.06307660131139563,0.10104582537497939,677
2020-05-08,0.26148507112850394,1.0513530054761082e-12,719
2020-05-11,-0.15985868458816274,5.995650736499289e-06,794
2020-05-12,0.028801167773173576,0.40029213447914824,855
2020-05-13,0.2925996922550251,1.694262998004483e-18,863
2020-05-14,-0.23375745658146443,2.672412830033026e-12,873
2020-05-15,-0.030580877431778467,0.36680374425251105,873
2020-05-18,-0.11830062026005309,0.000471164976681644,870
2020-05-19,-0.13762928864124063,4.502055097451036e-05,873
2020-05-20,0.07362377021501057,0.03066606995859535,862
2020-05-21,-0.05847290098371012,0.08639411114527032,861
2020-05-22,-0.6356176795933298,7.426888109651885e-99,863
2020-05-26,-0.4791128946156879,3.4744141759570684e-51,871
2020-05-27,-0.15929099395779034,2.128269085309351e-06,877
2020-05-28,0.7095252236534392,6.17139669764975e-134,869
2020-05-29,-0.2056347392831732,9.230586638376933e-10,870
2020-06-01,-0.2942521627947972,5.87995219208741e-19,876
2020-06-02,-0.5993456734525228,3.2173059252683967e-87,883
2020-06-03,0.11163626910504326,0.0009088081224367634,880
2020-06-04,-0.48860272179341496,8.181354629425754e-54,877
2020-06-05,-0.5521058094909699,5.799554349886165e-71,875
2020-06-08,0.766167175963702,3.6083694203395327e-171,882
2020-06-09,0.47171513777608415,1.2872539814129573e-50,892
2020-06-10,0.5130673936526856,4.744266456770842e-61,892
2020-06-11,0.14057111294128014,2.595993338331721e-05,889
2020-06-12,-0.1364651941489949,4.416250677009154e-05,890
2020-06-15,-0.28385712338645186,6.1497925501876066e-18,889
2020-06-16,-0.013833159986473222,0.6805901569917459,888
2020-06-17,0.15405342870965463,4.145314201425471e-06,885
2020-06-18,-0.1514468876669929,6.1090626417473355e-06,884
2020-06-19,0.2055728105157832,6.851497654145439e-10,884
2020-06-22,-0.1912328719611744,7.50401497373492e-09,899
2020-06-23,0.33783454862093765,1.7175243907464017e-25,901
2020-06-24,0.36771113104238645,4.212552001002191e-30,897
2020-06-25,-0.15440585041722793,3.34381928449408e-06,898
2020-06-26,-0.2552822451505416,7.950414988174358e-15,898
2020-06-29,-0.019160676675430467,0.5657013081839106,901
2020-06-30,0.07728812377418465,0.020683227455431472,896
2020-07-01,0.03186439949306208,0.3399248124489751,899
2020-07-02,-0.3175408612545014,1.4029494769383032e-22,902
2020-07-06,-0.11350773612215845,0.0006415045656288965,901
2020-07-07,0.18884388975170205,1.2721007828543924e-08,894
2020-07-08,0.22730472384492512,6.625911673858258e-12,891
2020-07-09,0.008143630854728086,0.8083071883828898,890
2020-07-10,-0.03174802731932696,0.34548994119550214,885
2020-07-13,-0.03660288343720297,0.27973155338927974,874
2020-07-14,0.21263130310603548,2.3689830563793226e-10,870
2020-07-15,-0.170235502246127,5.12101862131815e-07,860
2020-07-16,0.008816222839167739,0.796856420821512,855
2020-07-17,-0.06233566476144995,0.06897007901260127,852
2020-07-20,-0.2253355312576802,3.736983307556324e-11,842
2020-07-21,-0.07909884018196886,0.024106851065343465,813
2020-07-22,-0.09390385168888438,0.009127108696433909,770
2020-07-23,-0.24942659131306621,2.5052022586886005e-12,766
2020-07-24,0.24781270964006366,1.831492376829707e-12,786
2020-07-27,0.03504250041688033,0.3252728999314285,790
2020-07-28,-0.09262297369652718,0.012718487088101742,723
2020-07-29,0.016181087942600807,0.6816750862457985,645
2020-07-30,0.034694702828262036,0.3873133749577049,623
2020-07-31,-0.041832833628022405,0.27424057261672247,685
2020-08-03,0.043318443486047006,0.25001357227864784,707
2020-08-04,0.13168546432354417,0.0003885725968983291,722
2020-08-05,0.010680882204815167,0.7816289176134896,676
2020-08-06,-0.11220921961639532,0.0029503453383767347,700
2020-08-07,0.055041823064321746,0.1328429554799085,747
2020-08-10,-0.2176030196922183,4.977923434302501e-10,800
2020-08-11,0.11592758854744459,0.000750945176584103,842
2020-08-12,0.09347946146763711,0.006447413123530866,848
2020-08-13,-0.021412073547086196,0.5310839962234819,858
2020-08-14,0.01153816110587695,0.7357474378639269,858
2020-08-17,0.14306641914713383,2.683166584332948e-05,855
2020-08-18,-0.010879524892290163,0.7517303466682919,848
2020-08-19,-0.2103105841755804,7.323075386211906e-10,841
2020-08-20,-0.06183322778105599,0.07344217253390649,839
2020-08-21,0.1899925361794555,2.8743175162787104e-08,840
2020-08-24,-0.025363547632501336,0.4626032119690854,841
2020-08-25,0.018185284296051152,0.5997605875696267,835
2020-08-26,0.060913746589601844,0.08036272320444242,825
2020-08-27,0.13263649768892796,0.00013812151403282547,821
2020-08-28,0.010626044626839692,0.7604111321593142,826
2020-08-31,-0.1286282254033812,0.00021381495301879826,824
2020-09-01,0.023478064114540963,0.4996364156345169,829
2020-09-02,-0.08525709330311201,0.01484521918650112,816
2020-09-03,0.029270852481329462,0.4051438132216395,811
2020-09-04,-0.27768511531982765,7.96942030475569e-16,811
2020-09-08,0.2359894930453926,8.147933519937647e-12,818
2020-09-09,0.10312538789373746,0.0031121017660266787,820
2020-09-10,-0.024990339941557346,0.4764604063611382,814
2020-09-11,0.0929463569960588,0.007813465551813151,818
2020-09-14,-0.03487193434270456,0.3200741207791828,815
2020-09-15,-0.015560371407470222,0.6565682003831553,819
2020-09-16,-0.050511900884612444,0.14866229210904014,819
2020-09-17,0.09155046506591437,0.008470260515799256,826
2020-09-18,-0.1452137221157343,2.67456888122405e-05,830
2020-09-21,0.19956434931061168,4.2095463138486415e-09,852
2020-09-22,0.09346868405871538,0.00642217934150032,849
2020-09-23,-0.06129019384448534,0.07444934977926856,848
2020-09-24,-0.2157492014358216,2.0726417943530753e-10,850
2020-09-25,0.2716522841235138,6.769404969667684e-16,853
2020-09-28,0.036979118179875356,0.278985102785668,859
2020-09-29,0.07261458431596007,0.03313589210425942,861
2020-09-30,0.1226873322278501,0.00031566922254862767,858
2020-10-01,-0.0428236602175245,0.20883406616572328,863
2020-10-02,0.07061699677089685,0.0378479484231854,865
2020-10-05,-0.2322309049848606,4.42162391097616e-12,867
2020-10-06,0.16630680064664136,8.350452797482579e-07,868
2020-10-07,0.20424173256400002,1.313221992110748e-09,866
2020-10-08,-0.009815460303690089,0.7727560516039084,868
2020-10-09,0.22503687742891157,1.9913931992158503e-11,868
2020-10-12,0.19688291415599452,5.347292936422436e-09,864
2020-10-13,0.19979857972103598,3.4846144203104664e-09,859
2020-10-14,-0.07674966372841713,0.02524543261127964,850
2020-10-15,0.13639493991642535,7.462918345349321e-05,838
2020-10-16,0.08985157910886728,0.009298788322638857,837
2020-10-19,-0.14685695550703545,3.1907782340997755e-05,796
2020-10-20,-0.019768139935131417,0.5829152957537638,774
2020-10-21,-0.0165925401544387,0.6575915058086801,716
2020-10-22,0.012331643490283466,0.7404557664553761,724
2020-10-23,-0.1165419516663952,0.0014188547066376041,747
2020-10-26,0.06173330525555259,0.08942395058841748,758
2020-10-27,-0.2496264026044633,1.1240339216009619e-11,719
2020-10-28,0.031687866912605424,0.426104866717246,633
2020-10-29,-0.0035894383897210813,0.9293289041875443,613
2020-10-30,0.03508802282033921,0.36958327354942333,656
2020-11-02,-0.06204838068345758,0.09526133194406736,724
2020-11-03,0.22297571037954508,3.647367395928206e-10,773
2020-11-04,0.30265902245700427,2.0150039519548054e-16,706
2020-11-05,0.05752731826301604,0.13085800236976136,691
2020-11-06,-0.10928069081642047,0.0037194932063073865,703
2020-11-09,0.13189712858859942,0.00022709624283782695,777
2020-11-10,0.30039396603632074,4.854060383163439e-19,843
2020-11-11,0.5305045008149815,8.418882784857116e-63,849
2020-11-12,-0.30083325794678745,1.8968623650678744e-19,860
2020-11-13,-0.20412882868400428,1.4323157094755423e-09,863
2020-11-16,-0.03582944981700978,0.2919701048795739,867
2020-11-17,0.076232326078936,0.024457445783671917,871
2020-11-18,0.09694459190444296,0.00427485038329101,867
2020-11-19,0.15524736473065875,4.492329006182691e-06,865
2020-11-20,0.0017318360197770574,0.9594126277628305,866
2020-11-23,-0.08985906775002665,0.008147473005881166,866
2020-11-24,0.1255936257416675,0.00021114370961061683,866
2020-11-25,0.15384026775451604,5.09349063507188e-06,871
2020-11-27,0.24071945663711966,4.435861417432013e-13,881
2020-11-30,-0.3536456806696002,2.222885201412401e-27,882
2020-12-01,0.14442841468690584,1.6637067923457305e-05,882
2020-12-02,-0.15051618788602028,7.862351066790253e-06,874
2020-12-03,-0.05127562850650605,0.13117349716843113,868
2020-12-04,0.23163651797154564,4.752812424347425e-12,869
2020-12-07,0.31988887020326695,3.568464436773194e-22,871
2020-12-08,-0.07321388871444216,0.030254110703084168,876
2020-12-09,0.04897095907042208,0.1496617193585495,867
2020-12-10,0.05143457938001244,0.13020323050648233,867
2020-12-11,0.14584589735323344,1.5868526567685767e-05,869
2020-12-14,0.12229429148393542,0.00029255718412686776,873
2020-12-15,-0.12010006830536674,0.0003533934553772903,881
2020-12-16,0.09322077299228533,0.005843929753122241,873
2020-12-17,0.09983749833215125,0.003234589406343662,868
2020-12-18,0.08463588423217189,0.012667921446957718,867
2020-12-21,0.1613208697678303,1.243927734327393e-06,894
2020-12-22,0.12772661993536502,0.00012736281173614627,895
2020-12-23,0.07805598413541348,0.019315352951899317,898
2020-12-24,0.07441586490269916,0.026165521610790537,893
2020-12-28,0.056404725528570857,0.09392567198255534,883
2020-12-29,0.07021982386100538,0.036531876278102435,887
2020-12-30,0.06041388481584411,0.07325247438523387,880
2020-12-31,0.19512271621718644,5.899487351129587e-09,875
2021-01-04,-0.05970776163312311,0.0724443781489365,906
2021-01-05,-0.14184693345436014,1.8244306575939857e-05,906
2021-01-06,0.10935580057472016,0.0009902286063768841,904
2021-01-07,0.13509704571453612,4.1759739677209156e-05,914
2021-01-08,0.04970820031952309,0.1321224496361993,919
2021-01-11,0.25721300255172286,2.0595988405865942e-15,923
2021-01-12,-0.015534189537248106,0.6368559663737821,926
2021-01-13,0.07311420739787276,0.02609087191289283,926
2021-01-14,-0.047727282374619553,0.1475968916051539,922
2021-01-15,0.20108409180488226,7.403942152429513e-10,921
2021-01-19,0.2623536569272281,8.648298358233324e-16,910
2021-01-20,0.2601473679054547,2.4282389296488595e-15,897
2021-01-21,0.04556506656814975,0.17885512334683482,872
2021-01-22,0.05663050578480959,0.09298684188914767,881
2021-01-25,0.2508243136869265,5.090980741114237e-14,875
2021-01-26,-0.2096415873482047,4.780606394587963e-10,865
2021-01-27,0.2364060833649782,7.693525666509253e-12,817
2021-01-28,0.06142337554210994,0.08062170927523152,810
2021-01-29,0.0820688826080938,0.01749140699615265,838
2021-02-01,0.0020835047093911317,0.9511238815005915,868
2021-02-02,0.07786550703137425,0.02125082527696266,875
2021-02-03,0.013208804421363064,0.7065263981188957,815
2021-02-04,0.09334851646826903,0.007888559578255476,809
2021-02-05,0.033540069858299396,0.336255533527431,824
2021-02-08,-0.010457902644633353,0.7605060594995161,852
2021-02-09,0.10967140134008241,0.0012847643697064303,859
2021-02-10,0.09855430606192227,0.004706455627727877,821
2021-02-11,-0.01258262256143962,0.7180292210037802,826
2021-02-12,0.10736775267485235,0.0017863854273744975,844
2021-02-16,-0.08219479967096523,0.015485532652437432,867
2021-02-17,-0.09071760473691838,0.00784014878781388,858
2021-02-18,0.29702507310498144,1.1861304296204752e-18,844
2021-02-19,-0.14762488168506321,1.3346317611422135e-05,863
2021-02-22,-0.25222717618173146,4.605227331091898e-14,868
2021-02-23,-0.02260265004002388,0.5060242716921866,868
2021-02-24,-0.005577982636834064,0.8729784393861081,824
2021-02-25,0.01892782404407152,0.5897197205295349,814
2021-02-26,0.20140372647717888,4.230732408434476e-09,836
2021-03-01,0.021270978110207728,0.528581017645087,880
2021-03-02,0.032312664576189504,0.32862936072740634,916
2021-03-03,-0.01974174527050385,0.5509018915671641,915
2021-03-04,-0.08482753790104886,0.010009766215197202,921
2021-03-05,-0.06784010570144533,0.03828516524607274,933
2021-03-08,-0.07766440106649351,0.017120297315774025,942
2021-03-09,0.04378074625414003,0.17871537386039185,945
2021-03-10,-0.06726182251214624,0.038913921623347676,943
2021-03-11,0.08387504016265825,0.010051735422151752,941
2021-03-12,0.04624939134929155,0.15542604820335681,945
2021-03-15,-0.011176473756657247,0.7313635366047075,946
2021-03-16,-0.2421599449246459,3.593229786274545e-14,952
2021-03-17,-0.23486690895652795,2.3958688180503174e-13,948
2021-03-18,0.10443518897196802,0.0012815252379995582,948
2021-03-19,0.028177957835889583,0.38489958425016413,953
2021-03-22,-0.21552156552302262,1.2304875635542213e-11,968
2021-03-23,0.481010993058486,3.8380645097662447e-57,967
2021-03-24,-0.18191330022431004,1.2830568535085192e-08,964
2021-03-25,0.41945142919275724,2.5353761386581186e-42,963
2021-03-26,0.03603065257005982,0.2629926013849107,967
2021-03-29,0.0823509414859612,0.010450722534252431,966
2021-03-30,0.25317679251732317,1.606884450646014e-15,961
2021-03-31,0.034694567953277085,0.284130284064264,955
2021-04-01,0.33786525686127744,5.210602941635602e-27,958
2021-04-05,0.054136405902068745,0.09348882969594116,961
2021-04-06,-0.03433191962576232,0.2891970192509841,955
2021-04-07,0.05627869078895049,0.08280622081890225,951
2021-04-08,-0.13941977097810357,1.6468280781816423e-05,948
2021-04-09,0.1103432026767925,0.0006483665807452457,952
2021-04-12,-0.0666745178813858,0.039601867808626415,953
2021-04-13,0.10505238313273951,0.0011913897340842933,949
2021-04-14,0.1531700239105704,2.414692996230752e-06,939
2021-04-15,0.09088508532360212,0.005672229995922869,925
2021-04-16,-0.13210816471470146,5.731580444000143e-05,922
2021-04-19,-0.13797302807778114,3.243918517679945e-05,901
2021-04-20,-0.3399878522258671,3.383117859252164e-25,878
2021-04-21,0.17726553877594978,2.8392226865173747e-07,828
2021-04-22,0.30734974235893636,1.000606990085748e-19,835
2021-04-23,0.3317827470137128,3.46642633539776e-23,846
2021-04-26,0.17266191320662258,3.904648026927947e-07,853
2021-04-27,-0.155588481410042,1.0220670281505154e-05,797
2021-04-28,0.1620694474902461,1.7115873021120644e-05,697
2021-04-29,-0.12762406537720736,0.0008144392342855143,685
2021-04-30,0.26525570682043287,1.364905953554397e-13,753
2021-05-03,-0.09033099551688943,0.010879519813059527,794
2021-05-04,0.4010489362901155,4.885557195353337e-32,794
2021-05-05,-0.1494221034059669,6.572150499785864e-05,708
2021-05-06,0.3022754335919197,1.0648830629458562e-16,721
2021-05-07,-0.1607278495430987,7.812935688787586e-06,766
2021-05-10,-0.5723739384027468,1.0519619972680385e-74,845
2021-05-11,-0.4354861232026279,1.1325173548208175e-42,894
2021-05-12,0.42483944139106616,5.80353661016746e-41,905
2021-05-13,0.08977877880685656,0.006288580638532048,925
2021-05-14,-0.2874421901323202,3.0331064522729675e-19,935
2021-05-17,0.3749801515879599,1.097549495706207e-32,938
2021-05-18,-0.14019763587978917,1.8359016189745154e-05,927
2021-05-19,0.29501090094452814,7.161093308854855e-20,917
2021-05-20,0.3482696414387551,2.262845055287335e-27,911
2021-05-21,0.23619386969741635,3.9489640686110735e-13,920
2021-05-24,0.24407611648285896,4.713878950729216e-14,928
2021-05-25,0.050145319728440836,0.12688962000670367,928
2021-05-26,0.3318443375922324,5.841897960406437e-25,915
2021-05-27,-0.0010048616001457982,0.9758640660568784,909
2021-05-28,0.25969905516019093,1.2920826901047662e-15,918
2021-06-01,0.07105116829591626,0.030714950106250357,925
2021-06-02,-0.16271704275071788,6.790861849544155e-07,922
2021-06-03,0.050273735056341536,0.12902839420319506,913
2021-06-04,-0.020756572671749053,0.5306106258211185,915
2021-06-07,0.20493163973896847,3.515744496995331e-10,920
2021-06-08,-0.07025854866855695,0.03310697407031897,920
2021-06-09,-0.052832736984648215,0.10966742978248535,918
2021-06-10,0.05257432630176929,0.1110273475083337,920
2021-06-11,0.03601875580364017,0.27510932150297424,920
2021-06-14,-0.0174471914073623,0.5983399081432323,914
2021-06-15,-0.24776388333576627,2.708483282924101e-14,917
2021-06-16,-0.09518294186834417,0.0038951780977151875,918
2021-06-17,-0.09018675019009534,0.006364328698131872,914
2021-06-18,0.4214593027402308,1.4173066410563432e-40,912
2021-06-21,-0.0840399301433219,0.01055661127814425,925
2021-06-22,0.28878962592434176,3.160438376594674e-19,925
2021-06-23,0.2185681439370969,1.77344423506e-11,926
2021-06-24,0.19354684969128771,3.442890778426365e-09,917
2021-06-25,0.0035521102144834113,0.9145034632621913,916
2021-06-28,0.2709139839920879,3.426542497252022e-17,935
2021-06-29,-0.0013691362876035206,0.9665972705382658,938
2021-06-30,0.3728684686505266,4.0964321156934096e-32,932
2021-07-01,0.04746842385198248,0.14717662684475266,934
2021-07-02,-0.022693804718881584,0.4877889700836916,937
2021-07-06,0.10684316691793501,0.0010416247434497827,939
2021-07-07,-0.5677125554336943,3.1816884431877785e-81,939
2021-07-08,0.31112319571360253,1.4435812204679972e-22,941
2021-07-09,-0.1674678773825137,2.4153695255344205e-07,940
2021-07-12,-0.3015400104827569,3.603193341978797e-21,938
2021-07-13,0.46770303993734325,6.926138271534844e-52,933
2021-07-14,-0.18383677226155754,1.8489345522890133e-08,923
2021-07-15,0.3981097925993881,1.7032710840852896e-36,925
2021-07-16,-0.4712501022484456,2.2746268982032545e-52,926
2021-07-19,0.03611549342649869,0.27751268558711434,906
2021-07-20,0.3647633442035214,4.097657734601978e-29,881
2021-07-21,-0.027626557770002644,0.42669166996040686,830
2021-07-22,0.20656912006108857,1.888303905067796e-09,830
2021-07-23,0.15718923828318523,4.5253517821047e-06,843
2021-07-26,-0.2364263282299652,2.6644399330121048e-12,853
2021-07-27,0.39145230778130885,4.479338971243457e-30,783
2021-07-28,0.23348458780417553,5.213632508065004e-10,691
2021-07-29,-0.31939114969888643,2.0001449614250465e-17,673
2021-07-30,0.22218688038786322,9.934631456539771e-10,740
2021-08-02,-0.011390838439889037,0.7516981882392327,774
2021-08-03,-0.04565373978911928,0.2033661352784472,778
2021-08-04,0.15012472045876157,6.441818893044324e-05,703
2021-08-05,0.3626333336061631,2.46569609622858e-23,705
2021-08-06,-0.20268328674717223,1.6933697687243296e-08,761
2021-08-09,0.05169911526399314,0.13599225653447913,833
2021-08-10,0.010156957558400131,0.7625901129062846,887
2021-08-11,-0.06520311402446449,0.052228892888426956,887
2021-08-12,-0.11163412132253808,0.00081030942567508,897
2021-08-13,-0.29923202269433846,4.285133419562964e-20,901
2021-08-16,-0.4484205289743522,5.02824195751312e-46,906
2021-08-17,0.004960911744960583,0.8821140091983048,896
2021-08-18,-0.44027663664586136,6.258651869297892e-43,878
2021-08-19,-0.061471505068210495,0.06898583482786295,876
2021-08-20,0.4628301473727085,5.615550506516758e-48,881
2021-08-23,0.0020762733838002776,0.9506789377911135,890
2021-08-24,0.15828111348030824,2.1097922625793047e-06,889
2021-08-25,-0.10374071302318794,0.0020971458411069596,877
2021-08-26,-0.030180746688625904,0.3733847347898265,872
2021-08-27,0.14905344264383336,9.874921285094473e-06,872
2021-08-30,-0.040438640047705116,0.23023491677098706,882
2021-08-31,0.032358474936915745,0.33683796919529974,883
2021-09-01,0.14092351922579105,2.994182885716889e-05,871
2021-09-02,0.09178989158308383,0.0069369462777851675,864
2021-09-03,-0.0017608038757447027,0.958782109585214,864
2021-09-07,-0.06264571476244435,0.06398910336415449,875
2021-09-08,0.03464083396666985,0.3057793269549801,876
2021-09-09,0.3799241662788974,1.9846273570323644e-31,875
2021-09-10,0.19396948942880413,7.27210403142096e-09,875
2021-09-13,-0.005107921642058801,0.8799345531842115,877
2021-09-14,0.05194177685784956,0.12299558327607077,883
2021-09-15,-0.026929480513887896,0.4233691541786795,886
2021-09-16,-0.03090792974571389,0.35678158091399514,891
2021-09-17,-0.46663139698617007,2.5328084798757342e-49,890
2021-09-20,0.3576280500859254,5.806726699232619e-29,914
2021-09-21,0.21714986492650318,3.238073585823944e-11,914
2021-09-22,0.2830483265271074,2.9080507644391233e-18,912
2021-09-23,-0.21014163742940614,1.5327425825687892e-10,910
2021-09-24,0.12461793415111797,0.00015606066877231378,916
2021-09-27,-0.19609882648662474,1.994969667629653e-09,920
2021-09-28,0.25506626788427983,4.092981035739983e-15,919
2021-09-29,0.10214285981859039,0.0019439273138707623,918
2021-09-30,0.06703687445567046,0.04206750189033032,920
2021-10-01,-0.007577149282385354,0.817884772804901,926
2021-10-04,0.12050637765246387,0.00023190881337130807,929
2021-10-05,-0.24137225671625628,9.08884742918907e-14,928
2021-10-06,0.3657231716192547,8.892014513239812e-31,929
2021-10-07,0.11701893963314677,0.00034620900406140057,931
2021-10-08,0.09304004940390942,0.004429966927965578,934
2021-10-11,0.05059060675869285,0.12253750686794093,933
2021-10-12,-0.1067209534745232,0.0011161378082191844,930
2021-10-13,0.04634426800109735,0.15993207222182762,921
2021-10-14,0.2014235433500224,8.561517263798493e-10,911
2021-10-15,0.18424250514323012,2.0895870562234248e-08,912
2021-10-18,0.05496608698635379,0.10262577599825957,883
2021-10-19,-0.11409177540956643,0.0007584990249483219,868
2021-10-20,-0.07100249258617429,0.042338416564100055,818
2021-10-21,-0.08988684773374017,0.010483597603609727,810
2021-10-22,0.14512166601909257,2.7678019456000174e-05,828
2021-10-25,-0.0504388075670336,0.1438837175057636,841
2021-10-26,-0.2647338219735423,2.898646144195305e-14,798
2021-10-27,0.25365323841534265,9.710220686699182e-12,700
2021-10-28,0.04820683595297893,0.20929813737245592,680
2021-10-29,0.22128768530022183,1.1642227048379554e-09,740
2021-11-01,-0.08526127464246878,0.016806698176700274,786
2021-11-02,-0.1032335366365615,0.003852952450386601,782
2021-11-03,0.11427569644177202,0.0024443901827178385,701
2021-11-04,0.08482646216408816,0.024400824695191576,704
2021-11-05,0.09183667542580909,0.011150058090229236,763
2021-11-08,0.004733468286792638,0.8908485644061821,843
2021-11-09,-0.16474025737762218,7.749699809991243e-07,890
2021-11-10,0.1227473578747747,0.00024193620178577984,890
2021-11-11,-0.024500008537939443,0.461899294416388,904
2021-11-12,0.0036091577521704193,0.9132305245010426,914
2021-11-15,0.012143191024848123,0.7138955251470036,914
2021-11-16,0.10028065886177946,0.0023902641059279357,915
2021-11-17,0.007411536143706866,0.8236099625326885,907
2021-11-18,-0.04367657624620345,0.1892697478794265,905
2021-11-19,0.22685537675468412,4.260894851712373e-12,911
2021-11-22,0.021519189599522422,0.5172305535699446,908
2021-11-23,-0.37771184634018706,2.664034158432656e-32,912
2021-11-24,-0.35942239052305935,3.3880579412366614e-29,912
2021-11-26,0.43889944951629595,9.586004465840074e-45,923
2021-11-29,-0.30461323615335745,2.3473608123340746e-21,927
2021-11-30,0.623861985468436,1.7527028658902748e-100,921
2021-12-01,0.17967944804316272,4.4427445335146424e-08,915
2021-12-02,-0.009871929072947448,0.7665393434361615,907
2021-12-03,0.1489334079237489,6.504822503574711e-06,909
2021-12-06,-0.10042658445500359,0.002368354404425833,914
2021-12-07,-0.13704156202316323,3.223726191679601e-05,914
2021-12-08,0.12125853307715917,0.00024021336293523623,913
2021-12-09,0.14096185167103004,2.016456930957892e-05,908
2021-12-10,0.06764195792350843,0.04090176580759583,914
2021-12-13,-0.1474184240095253,7.547102375431183e-06,915
2021-12-14,-0.17298390229844382,1.1784146740360562e-07,926
2021-12-15,0.0571098168853341,0.08289808304483105,923
2021-12-16,-0.08013861709944987,0.014770934741669517,925
2021-12-17,-0.5480477145972459,7.188427217644048e-74,928
2021-12-20,0.5178984247308941,1.064140066448017e-65,941
2021-12-21,-0.012484624473703779,0.7024072295568005,939
2021-12-22,0.19311111352310711,2.3861159176402635e-09,940
2021-12-23,-0.04509007419541729,0.16650949255829,943
2021-12-27,-0.18132588985899445,1.9175244591187545e-08,947
2021-12-28,0.003604865202670249,0.9118312394658683,946
2021-12-29,-0.023699119696172315,0.4677631752552057,941
2021-12-30,-0.045743030891721,0.1620141331066128,936
2021-12-31,0.21058656772145432,7.83575642620025e-11,935
2022-01-03,0.036669522792047105,0.2603596119395843,944
2022-01-04,0.09451135925637429,0.0036371831545807536,945
2022-01-05,-0.12575567142571933,0.00010978417887747278,941
2022-01-06,-0.04123032495499946,0.2068483704110602,939
2022-01-07,-0.07961957769909316,0.014408178845983222,944
2022-01-10,-0.08584082986851548,0.00821745406964871,947
2022-01-11,0.22508862141037014,2.35924766363813e-12,948
2022-01-12,0.08925962164669186,0.006010212733444317,946
2022-01-13,-0.2742566153681645,9.094650466392137e-18,945
2022-01-14,-0.19018826112674825,4.33821293724508e-09,938
2022-01-18,0.2042426722900888,3.949882516191494e-10,921
2022-01-19,0.12619012635885243,0.00015368539865126378,895
2022-01-20,-0.30424481417628024,1.543516197996215e-20,891
2022-01-21,-0.5241097982127477,3.3075558877588167e-65,908
2022-01-24,-0.3617678086732041,1.7181143106479406e-29,909
2022-01-25,0.5807963853953734,4.933029990378932e-82,897
2022-01-26,0.36177683820223455,2.7824137187307756e-27,837
2022-01-27,-0.03453533094059261,0.32063706576408413,829
2022-01-28,-0.07210596420595805,0.035673063160610405,849
2022-01-31,-0.2826786902626168,8.51978973699596e-18,889
2022-02-01,-0.2657738879929484,9.649044097483906e-16,883
2022-02-02,0.17970695317773536,2.214059507440958e-07,820
2022-02-03,0.1006815724549266,0.004080588291142644,812
2022-02-04,0.015565716991186399,0.6513874295443449,845
2022-02-07,-0.13890290550362017,3.553746467343611e-05,880
2022-02-08,0.31742518420383226,4.035331010274864e-22,883
2022-02-09,-0.07421205777506781,0.03232756257893067,832
2022-02-10,0.05931131350341393,0.08788925334745783,829
2022-02-11,-0.04082560061380359,0.2314250279029626,861
2022-02-14,0.3249189438384595,2.1109483238261324e-23,893
2022-02-15,-0.2254491224079263,8.000488853080473e-12,899
2022-02-16,-0.2252655089526815,2.4765451219892547e-11,858
2022-02-17,-0.02615008155797338,0.4432128310589003,862
2022-02-18,-0.13571823531118138,5.582040741595317e-05,876
2022-02-22,0.36508039915129364,3.6409206746139103e-29,881
2022-02-23,-0.313157054644407,8.532911430837391e-21,850
2022-02-24,-0.1751171018464305,4.3686308102009317e-07,822
2022-02-25,0.0038065459324384664,0.9116586153217472,852
2022-02-28,-0.1415778100300934,2.6046175372171528e-05,876
2022-03-01,0.3530392072519138,4.218644965119525e-28,910
2022-03-02,-0.019530691129423267,0.5577818283771211,903
2022-03-03,-0.2455211275000266,4.127393995268506e-14,921
2022-03-04,-0.03484105343623885,0.28824720567873546,931
2022-03-07,0.23884560122227463,1.1642921307865375e-13,940
2022-03-08,0.3645988802072213,5.060469616690266e-31,943
2022-03-09,-0.46081333920316975,7.426313223017597e-51,945
2022-03-10,0.4669223775088578,2.7541194971137963e-52,944
2022-03-11,-0.08537166574869916,0.00850626577280538,949
2022-03-14,-0.069821153640975,0.0316806935684346,947
2022-03-15,-0.09304682722933569,0.004119881323872812,949
2022-03-16,0.2385781551759488,1.1700710237882994e-13,942
2022-03-17,-0.07405238691979166,0.0232507618723346,939
2022-03-18,0.03273394413400371,0.3166010632586278,938
2022-03-21,-0.0682623939949265,0.035407032926120866,950
2022-03-22,0.04332070150971231,0.18263247378574154,948
2022-03-23,-0.061457703154760165,0.058952549227449275,945
2022-03-24,-0.06598824581528134,0.04222599772065053,948
2022-03-25,-0.15573991824707906,1.5046043095431944e-06,945
2022-03-28,0.11622975778804043,0.0003356502206719471,948
2022-03-29,0.19898396190052747,7.861937126791726e-10,938
2022-03-30,-0.16166154806916166,6.625800662400857e-07,936
2022-03-31,0.13923618788344078,1.8537157859163762e-05,939
2022-04-01,-0.03599721270725692,0.2676860478638584,950
2022-04-04,-0.1909083232755315,3.0675162416632604e-09,949
2022-04-05,-0.3275270495484602,3.8424507164520363e-25,948
2022-04-06,-0.14959583459124773,3.862823125286032e-06,945
2022-04-07,-0.26159721065598857,2.987542906977655e-16,945
2022-04-08,-0.3687610310939089,7.093738845760818e-32,947
2022-04-11,0.34728641483466677,2.939510227431627e-28,948
2022-04-12,0.028132576879752777,0.387420979145947,946
2022-04-13,-0.08147710150788175,0.012505861067366156,939
2022-04-14,-0.07335304222190528,0.024588962363797682,939
2022-04-18,0.013947255037167993,0.6716637074487282,926
2022-04-19,0.04717029334764826,0.15577298398905653,907
2022-04-20,0.283089757277448,1.929744542386388e-17,867
2022-04-21,0.01659805814109112,0.6255101135191793,867
2022-04-22,-0.15167326734593256,6.285390694973149e-06,879
2022-04-25,-0.021173069409159688,0.5311843464303414,877
2022-04-26,-0.06927011447022265,0.04656734570018747,826
2022-04-27,0.2552534681930757,3.016634146006909e-12,725
2022-04-28,0.15815792654615266,2.331692485863789e-05,709
2022-04-29,-0.13683333433002043,0.00013968195000947016,770
2022-05-02,0.04823855774112665,0.16966865376966422,812
2022-05-03,0.08129040782545986,0.02115477351709629,804
2022-05-04,-0.08901727758257746,0.017351764494620784,714
2022-05-05,-0.046133736257354986,0.21313476565905962,730
2022-05-06,-0.37113996305774066,3.080861058286757e-27,791
2022-05-09,0.4782519199447927,3.91840090791778e-50,856
2022-05-10,-0.0815942111323734,0.014730379433024684,893
2022-05-11,-0.2950780692119293,1.5364691520968455e-19,900
2022-05-12,0.5414122418643275,5.037154358100791e-72,931
2022-05-13,0.0146748670269393,0.65145730838948,950
2022-05-16,0.4082882336248364,1.3827856380888256e-39,953
2022-05-17,0.16371621588417695,3.956866405000196e-07,949
2022-05-18,-0.22913638265376968,1.123641513488622e-12,941
2022-05-19,0.272917534951814,1.8167639949290792e-17,937
2022-05-20,0.21774386615342461,1.3901004635601427e-11,943
2022-05-23,-0.37424200364946586,7.50038696346296e-33,947
2022-05-24,-0.10690613488838834,0.000978254590234521,948
2022-05-25,0.07396728445095718,0.02378311897769634,934
2022-05-26,-0.07604727646878524,0.020854870588375526,923
2022-05-27,-0.031330707473618186,0.3411824680640996,925
2022-05-31,-0.028902589449734815,0.37786782082279946,933
2022-06-01,0.01969749219683678,0.5474683766353491,935
2022-06-02,-0.04542547183115059,0.16631493722068233,930
2022-06-03,0.09143895238588086,0.005334737832112912,927
2022-06-06,0.14679709203198973,6.798375065093541e-06,932
2022-06-07,-0.04604571903525637,0.1605985341303361,930
2022-06-08,-0.18765615471134892,9.216722104402032e-09,923
2022-06-09,-0.0724340927795029,0.028456147686496874,915
2022-06-10,-0.4978820966183232,8.627893574219795e-59,920
2022-06-13,0.22443754934952798,5.43169989007326e-12,922
2022-06-14,0.3591987127473364,1.7145582258077252e-29,923
2022-06-15,-0.5102489395972637,2.489435314994273e-62,923
2022-06-16,0.08189456506037117,0.012815998115686102,923
2022-06-17,0.45086821819216194,1.840689319679264e-47,924
2022-06-21,-0.2219960048290553,7.569516750767436e-12,930
2022-06-22,-0.004636765313836206,0.887822077738045,928
2022-06-23,0.25208512882710293,6.221186268107963e-15,929
2022-06-24,0.2631886155546395,3.747553787072307e-16,927
2022-06-27,0.27234006141247724,1.7557252914313532e-17,942
2022-06-28,0.08527102097535076,0.008797406152511844,943
2022-06-29,-0.3511396631247998,1.6157412447372538e-28,935
2022-06-30,-0.20808976867534026,1.3500866525510532e-10,934
2022-07-01,-0.5711290812986242,1.748154272909864e-82,940
2022-07-05,-0.3216722544902451,3.843896735241747e-24,943
2022-07-06,0.575771760235242,2.2911820035953085e-84,943
2022-07-07,0.20493200523497315,2.2655893890773514e-10,940
2022-07-08,-0.1780705704606695,3.944292911216208e-08,939
2022-07-11,-0.03337531008797627,0.3069486998033382,939
2022-07-12,-0.21573923387596564,2.5539765652752975e-11,936
2022-07-13,-0.1725369143907555,1.1577072912107269e-07,932
2022-07-14,0.36554103059308807,1.3710362274290838e-30,924
2022-07-15,0.3585734814001061,2.873347005626164e-29,919
2022-07-18,-0.0794457675907495,0.016586310371292035,909
2022-07-19,-0.07311932603014197,0.028450162620067346,898
2022-07-20,0.07260578154836388,0.03516355065977813,842
2022-07-21,0.05890060337438136,0.08876250567424247,836
2022-07-22,0.13932446829269554,4.631520019187298e-05,849
2022-07-25,0.22464510781514185,2.891551665934689e-11,857
2022-07-26,0.04956261392914245,0.16374494307596965,791
2022-07-27,-0.059717471735136037,0.12003750279370695,679
2022-07-28,0.060010820775517004,0.12153837365243561,667
2022-07-29,0.2608033198610257,5.89718289314228e-13,739
2022-08-01,0.04697149313352676,0.18526701228928155,797
2022-08-02,-0.09318758259941091,0.00868780423852224,792
2022-08-03,-0.15255440490561448,5.3865379688812705e-05,695
2022-08-04,-0.07719416147345845,0.042354504549628365,692
2022-08-05,0.10287220312478769,0.0048582998742349864,748
2022-08-08,0.12279829387559447,0.00042792572235297025,819
2022-08-09,-0.06850179687251644,0.04461092759437894,860
2022-08-10,-0.19408240755362133,9.967229400042396e-09,858
2022-08-11,-0.11801584386338801,0.00042482511281239597,888
2022-08-12,-0.07428711403514555,0.02526869337225271,907
2022-08-15,0.08878911656136437,0.007137488450955707,917
2022-08-16,0.20954881847818566,1.7296439647105717e-10,910
2022-08-17,0.002393917382714924,0.9428582851078813,899
2022-08-18,-0.2007822038177863,1.3316883716303152e-09,896
2022-08-19,-0.2735008535085626,5.664965969111314e-17,904
2022-08-22,0.13174415030130965,6.7155468712033e-05,910
2022-08-23,-0.04419524994744162,0.18237158251569088,912
2022-08-24,0.18637185791538682,1.6484916801102792e-08,904
2022-08-25,0.07798052177774419,0.019365255450424227,899
2022-08-26,-0.18965016287232792,9.642297550397392e-09,901
2022-08-29,0.4010574605522879,3.229945121149191e-36,903
2022-08-30,-0.03487710383661692,0.2964799463589646,898
2022-08-31,-0.22580157820469385,1.1061193312701338e-11,884
2022-09-01,0.3938315493785145,4.2190552772441625e-34,882
2022-09-02,0.11589249203946186,0.0005434637092752777,887
2022-09-06,-0.034755949575204136,0.2973541176167903,901
2022-09-07,-0.07663377373017778,0.0217128470078618,897
2022-09-08,0.25351041430011745,1.4108852850510069e-14,894
2022-09-09,0.1631917136564603,9.583996940242755e-07,892
2022-09-12,0.19318654764589385,5.341998747547877e-09,898
2022-09-13,0.07331119577264038,0.02742907543525783,905
2022-09-14,-0.09501093808678308,0.004268761534530962,903
2022-09-15,-0.12663711050912627,0.0001324326632543516,906
2022-09-16,-0.39746590452085373,1.0721829412092765e-35,907
2022-09-19,-0.26267200439940774,4.620634128109581e-16,925
2022-09-20,0.16993318812789496,2.0947580800244454e-07,922
2022-09-21,-0.041115150426328434,0.21304483642512864,919
2022-09-22,-0.22358074867668323,7.483162587125118e-12,917
2022-09-23,-0.08074331011431303,0.014402466056779811,918
2022-09-26,0.4551276299440447,1.7306324331534354e-48,925
2022-09-27,-0.08477106631380806,0.00985811384707305,926
2022-09-28,-0.11528351359337276,0.0004459462150956863,924
2022-09-29,-0.27081944544558034,5.810261782546857e-17,922
2022-09-30,0.20458439655594213,3.234006149471644e-10,927
2022-10-03,-0.2794612680429534,3.094199779418672e-18,935
2022-10-04,0.23771568699012596,1.6706926472421598e-13,937
2022-10-05,0.10128504066975405,0.0019293014319600452,935
2022-10-06,-0.03013075637679407,0.35689685191371223,937
2022-10-07,0.06357020185822662,0.05111890489577307,942
2022-10-10,0.12925582350096954,6.811154603889652e-05,944
2022-10-11,-0.005190261270336909,0.873732117143557,940
2022-10-12,-0.2825951287659311,1.2542078543535632e-18,935
2022-10-13,0.23666968137810473,3.050777176610611e-13,925
2022-10-14,0.3083291498842254,7.628434007941306e-22,926
2022-10-17,0.16505942532830625,5.535597755201126e-07,910
2022-10-18,-0.18111822352239676,5.215442238963397e-08,891
2022-10-19,-0.03499047616985391,0.3073721506424246,853
2022-10-20,-0.096287555495159,0.00501104567931736,848
2022-10-21,0.22957225084176383,7.620636149974723e-12,868
2022-10-24,0.06430050031989853,0.05841817495081526,867
2022-10-25,0.19499849494081503,2.1628747957022343e-08,811
2022-10-26,-0.09517539027365732,0.011113398567734264,711
2022-10-27,0.07114613611031208,0.06010519332865247,699
2022-10-28,0.029841736488912675,0.41228430081101997,757
2022-10-31,0.12859420288538542,0.0002827440873628485,793
2022-11-01,0.06379893166447517,0.07346965558503861,788
2022-11-02,0.20070231326063875,7.525080563980338e-08,706
2022-11-03,0.18371961628540576,9.375919998139923e-07,703
2022-11-04,-0.03704429274797304,0.30745214464996995,761
2022-11-07,0.0897846840246339,0.010010641257802317,822
2022-11-08,0.11885597255399283,0.0004565070641758319,866
2022-11-09,0.18353287060659754,6.378135945419782e-08,856
2022-11-10,0.03325182204220134,0.3222914611032782,888
2022-11-11,0.40491777148733604,2.9197696204466754e-37,911
2022-11-14,-0.2308611343901327,1.1125862251853745e-12,927
2022-11-15,0.5243572028808607,1.541684581090112e-66,926
2022-11-16,0.5467816711456942,8.951566353821997e-73,919
2022-11-17,0.05493244645554911,0.09733760156398445,912
2022-11-18,0.3421949238044983,1.6606601674937372e-26,914
2022-11-21,0.09988649070965956,0.0025283795023303287,912
2022-11-22,-0.0015199986420213283,0.9632774215653359,920
2022-11-23,0.41132876102921023,6.522341820668671e-39,921
2022-11-25,-0.05328033660495781,0.10441848043665784,930
2022-11-28,0.06239938548993339,0.057142378191014226,930
2022-11-29,0.003287155894156853,0.9206003209024762,922
2022-11-30,0.03782236348251379,0.25489500467704623,908
2022-12-01,-0.19580374739954234,2.7405177174738423e-09,907
2022-12-02,-0.10688540040466782,0.0012338880833851335,911
2022-12-05,0.012208189267027453,0.7124319213522274,914
2022-12-06,-0.04032841936837186,0.22396695791096813,911
2022-12-07,0.1561518829697813,2.155070611765176e-06,912
2022-12-08,0.08641855358271996,0.00933376583168416,904
2022-12-09,-0.13068632529675084,7.482739167269659e-05,913
2022-12-12,0.10257147694499591,0.0019929648925606776,906
2022-12-13,-0.06858786617854887,0.0386881736217603,909
2022-12-14,0.36978171128601767,9.057296482825603e-31,907
2022-12-15,-0.11051201994518524,0.0008737081628702391,904
2022-12-16,0.07362169106013354,0.0267791234219419,905
2022-12-19,0.016666311344876443,0.6130765639968278,923
2022-12-20,0.05689829246047107,0.08421423450255512,922
2022-12-21,0.11849440727846673,0.0003158708731892517,920
2022-12-22,-0.2521876491505154,7.65717222176385e-15,922
2022-12-23,-0.19305178262173436,3.171282993335768e-09,926
2022-12-27,-0.02367016088542981,0.47068703917357513,931
2022-12-28,0.3329881823634843,1.8231133975130124e-25,928
2022-12-29,0.061041029004254836,0.06320860992867636,927
2022-12-30,0.13629948699037517,3.289523150160379e-05,922
2023-01-03,0.03822998830219515,0.24413406896430992,930
2023-01-04,0.06234791561829103,0.058296427290290685,923
2023-01-05,0.08447250743692966,0.010244529787730147,923
2023-01-06,-0.1856040765673691,1.3914814511267002e-08,921
2023-01-09,0.03340323422704655,0.30966335170067516,927
2023-01-10,-0.027861300677665127,0.3963155288116459,929
2023-01-11,-0.24787362455805326,1.5742365739796977e-14,933
2023-01-12,0.2784726057540634,5.24526504356702e-18,929
2023-01-13,0.06824070343109935,0.0381888266240009,923
2023-01-17,-0.2951384954295635,8.680029472203502e-20,912
2023-01-18,0.32302461861550125,2.241907870345715e-23,903
2023-01-19,0.0796973141358246,0.01818106284295333,878
2023-01-20,-0.14327693007493908,1.9876931049816475e-05,880
2023-01-23,0.19283937854043098,8.087775992309244e-09,880
2023-01-24,-0.25556112908195194,2.382774363215494e-14,864
2023-01-25,0.11499873258958528,0.0009773348772887031,819
2023-01-26,-0.05424817744773444,0.1217546046600276,815
2023-01-27,-0.3180949726580049,2.8240985978101527e-21,843
2023-01-30,0.030618970666030743,0.37064887057322315,857
2023-01-31,-0.16385742554973937,1.479309060607595e-06,854
2023-02-01,0.2087592346434221,2.621622697376195e-09,798
2023-02-02,0.17040852287163463,1.2673622372025134e-06,799
2023-02-03,0.2373690674526109,5.428042286133838e-12,822
2023-02-06,0.14213568317185943,3.2663329068208414e-05,848
2023-02-07,0.12080492143417204,0.0004535157805024525,839
2023-02-08,0.13108625428537918,0.00021229008498705398,794
2023-02-09,0.12233671189228429,0.0004878496106087194,809
2023-02-10,0.01963198889542192,0.5666948096574814,854
2023-02-13,0.10238967781397337,0.002317220647019817,883
2023-02-14,0.09352884855019376,0.005334057070493704,886
2023-02-15,-0.25070057446459143,1.900603018815365e-13,836
2023-02-16,-0.1689515188356067,7.599856326534071e-07,847
2023-02-17,-0.24552489771375985,2.9310866132259906e-13,859
2023-02-21,0.09019972241525354,0.00731867159984015,883
2023-02-22,0.03377773410876808,0.32587726131634476,848
2023-02-23,0.3317760473898531,9.454490099576525e-23,829
2023-02-24,0.4834823576483725,2.710606753961326e-51,855
2023-02-27,-0.024025763610244825,0.4765830420618976,880
2023-02-28,-0.06064904962317368,0.06959155617761727,896
2023-03-01,-0.11839947184151346,0.0004066985653886996,888
2023-03-02,0.07539607193344296,0.02316134547989138,907
2023-03-03,0.24244543729485216,6.39161524436608e-14,931
2023-03-06,0.051680427397047764,0.11409308916249285,936
2023-03-07,0.09167607942669767,0.004863783216787019,942
2023-03-08,-0.033336682789086025,0.3072510550897552,940
2023-03-09,-0.1270767985130727,9.434975511029061e-05,939
2023-03-10,-0.08168839510452104,0.012048744534658791,944
2023-03-13,0.32588894696897935,7.622657347786885e-25,946
2023-03-14,-0.09166663643707526,0.004668167144795963,951
2023-03-15,-0.38872012970535613,1.0637576917117115e-35,952
2023-03-16,-0.4768303212692791,2.5576274479989147e-55,954
2023-03-17,0.16342773198603436,3.868525471592805e-07,954
2023-03-20,0.5705007408993631,1.396864409701992e-84,967
2023-03-21,0.026405914896665675,0.41282113883041505,964
2023-03-22,0.0019652762591677907,0.9515590773533932,958
2023-03-23,0.02071663531014989,0.5216662045163027,959
2023-03-24,0.22807627676904466,8.32587179017942e-13,961
2023-03-27,0.0648956498750111,0.04374706624769146,966
2023-03-28,-0.069542992785216,0.03120001317737486,960
2023-03-29,-0.09220271793287745,0.004369246466702824,954
2023-03-30,-0.0678912955464663,0.03563889927558759,958
2023-03-31,-0.20672846723736155,1.0004507054317767e-10,960
2023-04-03,-0.10457661285061773,0.0011680831310242345,961
2023-04-04,0.13130543204725467,4.530811908241328e-05,959
2023-04-05,-0.13714071780193618,2.0918082668091324e-05,956
2023-04-06,-0.14591871133213435,6.59851255989302e-06,946
2023-04-10,0.14784699303105098,4.319210816763102e-06,958
2023-04-11,0.04940551844167868,0.12588993999587422,961
2023-04-12,-0.035416557036122516,0.27371935317035306,957
2023-04-13,0.09378565769292863,0.0037943923999375186,951
2023-04-14,0.011465054296907447,0.7251255409313877,943
2023-04-17,0.09015919917892988,0.00585417285382165,933
2023-04-18,-0.08005426672137936,0.01623966119719676,901
2023-04-19,-0.42192874223688054,2.332234825327192e-38,858
2023-04-20,-0.19223729541007809,1.5814295440332066e-08,851
2023-04-21,0.005803396509748658,0.8643555586120972,869
2023-04-24,-0.09760567139372779,0.004082510490867302,864
2023-04-25,0.2877589625608907,4.431315895372717e-17,819
2023-04-26,0.06856776929278521,0.06765993961701523,711
2023-04-27,0.04431369889795104,0.24332920211511688,695
2023-04-28,0.01466721566955205,0.6885957260651492,749
2023-05-01,-0.10578903163718366,0.002719582201895194,801
2023-05-02,-0.11584378424768964,0.00102146023873684,801
2023-05-03,-0.08952991758755723,0.01710227080013946,709
2023-05-04,0.29499219023831974,1.0569437287363916e-15,709
2023-05-05,-0.09599790533702926,0.0077234171058987765,769
2023-05-08,-0.07985412978563788,0.02132542485890942,831
2023-05-09,0.29254974833155,1.4997055365959247e-18,866
2023-05-10,-0.08790068698899525,0.010260040877148558,852
2023-05-11,0.28789363524469896,1.744719183907005e-18,892
2023-05-12,-0.024438528992395365,0.45834821169888074,923
2023-05-15,-0.058611754921654005,0.07262226017407565,939
2023-05-16,0.27329108324455037,1.5128356834590454e-17,939
2023-05-17,-0.2354821081863141,3.290277151293545e-13,932
2023-05-18,0.09061902371632559,0.005788741668015737,926
2023-05-19,-0.016621716440837507,0.6123000741344269,932
2023-05-22,-0.022315114802485315,0.4955434555343269,935
2023-05-23,-0.014346029123964597,0.6613099512728817,935
2023-05-24,0.022199910625146337,0.4993901172815285,928
2023-05-25,0.013913258911024294,0.6725845598911562,925
2023-05-26,0.028228413598983846,0.38960831410563046,931
2023-05-30,-0.12921457296192299,7.826162459927524e-05,929
2023-05-31,0.05933309796196495,0.07097318147910843,927
2023-06-01,0.11770568465613643,0.0003465247508829276,920
2023-06-02,0.051517068542766414,0.11820477651876458,921
2023-06-05,-0.09241400775049731,0.004909949964875848,925
2023-06-06,0.2717395358244094,3.1851905679507476e-17,931
2023-06-07,-0.12308387002024286,0.00016664950250743,931
2023-06-08,-0.03073153557845525,0.3468701346136246,939
2023-06-09,0.06682574334729831,0.04020104421468688,943
2023-06-12,0.2019616436852218,3.89266140625594e-10,943
2023-06-13,0.10888050863807965,0.0007902808370399095,947
2023-06-14,-0.2427912126022062,3.3692934286464773e-14,949
2023-06-15,0.029642409203988387,0.3616864228171639,949
2023-06-16,-0.051080588516558945,0.11525102413735304,952
2023-06-20,-0.1399448939719132,1.3087988670202156e-05,963
2023-06-21,-0.15046922328676057,2.8991821128110887e-06,958
2023-06-22,-0.4062431052344584,2.498929604119049e-39,957
2023-06-23,0.2020334442059576,3.0336557705015034e-10,954
2023-06-26,0.04529398736491216,0.1603969106080953,962
2023-06-27,-0.13180026752591886,4.1604873081947935e-05,961
2023-06-28,0.21203637628794234,3.692331832553516e-11,954
2023-06-29,0.0887346964170039,0.006043019536376307,956
2023-06-30,0.23631062375148074,1.2646207421645782e-13,958
2023-07-03,-0.02845896315774841,0.3766897013397992,967
2023-07-05,-0.3428352345673479,4.391351380635243e-28,968
2023-07-06,0.21541448173042987,1.2601883496169069e-11,968
2023-07-07,-0.15370875889604796,1.5692697199083487e-06,967
2023-07-10,0.03213470999553982,0.3179091980329878,968
2023-07-11,-0.10213845835098151,0.0014708519560035908,967
2023-07-12,-0.0919398127252032,0.004297690095228543,963
2023-07-13,0.08157195599318343,0.011590512993837067,957
2023-07-14,-0.026147368419522254,0.419113202686207,957
2023-07-17,-0.03245591340182468,0.31688221290666324,953
2023-07-18,0.06947188452553577,0.03366845206040813,935
2023-07-19,0.14612250515385486,1.1916851173776575e-05,891
2023-07-20,0.07057717768677019,0.03664376887419174,877
2023-07-21,0.05767204300222796,0.08464058096572237,895
2023-07-24,0.013680197338190049,0.6842683561833538,886
2023-07-25,-0.014857309097549743,0.6668309842811171,842
2023-07-26,0.3192812725851355,1.0275265668417623e-18,728
2023-07-27,0.18539374441783882,7.164815687499496e-07,705
2023-07-28,0.07587203365301512,0.03688138875773155,757
2023-07-31,0.023831927185071433,0.49980522815602624,804
2023-08-01,-0.3316478228872233,5.424300277303769e-22,800
2023-08-02,-0.2261664276134813,1.927726060958248e-09,689
2023-08-03,0.01712541062426857,0.6529139657820642,692
2023-08-04,-0.0434462718605457,0.23064806298955914,763
2023-08-07,-0.01566530665903689,0.6512545296164707,835
2023-08-08,-0.05254345031241714,0.11997313482981235,877
2023-08-09,0.092218790965272,0.006489700127549709,870
2023-08-10,-0.14499313859351484,1.1152811692000762e-05,911
2023-08-11,-0.4243591923939769,2.2108271803160934e-42,940
2023-08-14,-0.1693792356836919,1.4620503458172152e-07,952
2023-08-15,-0.08583083947872544,0.008191040939861463,948
2023-08-16,0.15866803034589944,1.039641954829892e-06,938
2023-08-17,0.10805220517400893,0.0009354000394349856,935
2023-08-18,0.2964668394851267,1.5872477156339784e-20,940
2023-08-21,0.1330134064706751,4.37906915763088e-05,938
2023-08-22,-0.1400180212418576,1.6964524003344326e-05,937
2023-08-23,-0.09269284854086192,0.0046687451661898294,930
2023-08-24,0.03934658471576347,0.2303700917532516,931
2023-08-25,0.2856952603767185,5.5322278725186405e-19,933
2023-08-28,-0.0003914766550529725,0.9904619399046154,935
2023-08-29,-0.13262428571552026,5.017640277804388e-05,929
2023-08-30,0.0568029294050399,0.0864474752873959,912
2023-08-31,0.13887084105508796,2.7340366273687947e-05,906
2023-09-01,0.10508683035113812,0.0014918937466521166,911
2023-09-05,-0.2197662188596918,1.673641950011946e-11,918
2023-09-06,-0.0015068257294709743,0.9635756326910632,921
2023-09-07,-0.058732972077420065,0.07674903517342367,909
2023-09-08,0.17435785414087202,1.110527257003627e-07,915
2023-09-11,0.019018828271785197,0.5651595811362753,917
2023-09-12,-0.028523897318299598,0.3869764422356031,922
2023-09-13,0.2602296207277303,1.0120780911022943e-15,921
2023-09-14,-0.07780294592602993,0.01819939534804971,921
2023-09-15,-0.14406345352407712,1.1262297954551512e-05,922
2023-09-18,-0.14212627049677734,1.1567666077731592e-05,945
2023-09-19,-0.005511764971879576,0.8656994321597093,944
2023-09-20,-0.16428014315630274,4.0952113532586445e-07,940
2023-09-21,0.42634422763901647,6.8396835512917286e-43,942
2023-09-22,-0.007490042038721583,0.8181315925362685,945
2023-09-25,-0.44736816397786316,1.0804859551099432e-47,945
2023-09-26,0.3947309079450922,1.474934893331446e-36,944
2023-09-27,-0.029356012794575746,0.3694015766460177,937
2023-09-28,0.3378956484772125,1.8604600204097116e-26,937
2023-09-29,-0.08491473520314473,0.009158861548932414,941
2023-10-02,-0.233050407110295,3.4892609032145427e-13,950
2023-10-03,0.054676204226281944,0.0921285291267991,950
2023-10-04,-0.1131370196042254,0.000486259334670796,947
2023-10-05,-0.27865962572388736,2.380824716247349e-18,947
2023-10-06,-0.3255308285907802,7.284864219932311e-25,949
2023-10-09,0.1933843386602597,1.8252187996397598e-09,951
2023-10-10,0.08751721741070786,0.0068936654897189574,952
2023-10-11,0.056557395481871886,0.08209915550094592,946
2023-10-12,0.04359140340959012,0.18176392932514146,940
2023-10-13,0.11260490297289837,0.0005462894826939122,939
2023-10-16,0.08244504088729616,0.012129688680448497,925
2023-10-17,-0.37956592837682845,1.5907938480710358e-32,909
2023-10-18,0.061164678418961234,0.07022540880489449,877
2023-10-19,-0.07133121826240124,0.03562363086944547,868
2023-10-20,0.08126346215336923,0.01519669685280687,892
2023-10-23,0.07547939177399594,0.024656986695038668,886
2023-10-24,0.19527407805262548,9.65101168069445e-09,849
2023-10-25,0.21601041121176226,2.641007230814927e-09,744
2023-10-26,0.0885233818491952,0.017429246240509007,721
2023-10-27,0.04049736675084991,0.26263050657714393,767
2023-10-30,-0.035515080185420794,0.3112249275072949,815
2023-10-31,0.18103280698584526,1.5382858512817903e-07,829
2023-11-01,0.02548290870581785,0.5014862855638011,698
2023-11-02,-0.12350274767324597,0.0010593200284363586,700
2023-11-03,0.09797762408297774,0.0070561823340637595,755
2023-11-06,0.035099703913745846,0.3072896377040318,848
2023-11-07,-0.023121148373753345,0.49881251231782264,858
2023-11-08,0.06156488911746346,0.07540001054405672,835
2023-11-09,-0.007022263069766709,0.8367943558430653,863
2023-11-10,0.21141684311639342,1.266232726547166e-10,907
2023-11-13,0.1670728359820923,3.031490721895884e-07,929
2023-11-14,-0.12092927843044882,0.00020055524924996802,941
2023-11-15,0.295928190350194,2.362119400048325e-20,935
2023-11-16,0.005671622958320896,0.8629368580723542,929
2023-11-17,0.02648257843306757,0.41935851544101244,932
2023-11-20,0.15311857420751146,2.720103885842668e-06,930
2023-11-21,-0.0025580687943705955,0.9377361540618641,935
2023-11-22,0.22320004882373434,5.360411863186186e-12,933
2023-11-24,0.07022460413048548,0.031241202113808507,941
2023-11-27,0.054954289398200615,0.09220152048931828,940
2023-11-28,-0.3247227516743422,3.3238476383740764e-24,927
2023-11-29,-0.04255143208897418,0.19772090056495326,918
2023-11-30,0.12905283273279658,9.049429695252596e-05,915
2023-12-01,0.059964995793319605,0.06846251817643058,924
2023-12-04,-0.07296543303483857,0.02623467614281747,928
2023-12-05,0.08838702610641988,0.007243434617332922,922
2023-12-06,0.05729736642760729,0.0822238821035052,921
2023-12-07,0.05030761948032363,0.12730982019959225,920
2023-12-08,0.015531346366455076,0.6371001172444974,925
2023-12-11,0.11680264570085347,0.00036304538062708236,928
2023-12-12,0.02425097199513817,0.45841976930075845,937
2023-12-13,0.08989333641226416,0.005921341421241179,936
2023-12-14,-0.17714821998893332,4.644372055637602e-08,939
2023-12-15,0.0796014116596698,0.014482685195295658,943
2023-12-18,-0.13385204074368107,3.266230412443065e-05,957
2023-12-19,0.16796425705315154,1.7027867254729924e-07,958
2023-12-20,-0.12253158272541645,0.00014589910161800758,956
2023-12-21,0.09648544095647667,0.0028091083821197888,957
2023-12-22,-0.10584566635697602,0.001021759949004668,960
2023-12-26,-0.16594363887799424,2.1070793071643978e-07,967
2023-12-27,0.006410685707156753,0.8420271431816624,969
2023-12-28,-0.05838948765010081,0.06924824012844052,969
2023-12-29,0.026598161419559434,0.40845386154831154,968
2024-01-02,-0.4326943151180042,6.834462621451555e-46,978
2024-01-03,-0.26462777814821736,4.875092240771689e-17,972
2024-01-04,-0.2803010910695664,5.473301273659228e-19,971
2024-01-05,-0.044474095702783475,0.1663472329239253,970
2024-01-08,-0.2229055761544127,2.188178218164324e-12,970
2024-01-09,0.03491456629799396,0.27708173945095277,971
2024-01-10,-0.10041597968654632,0.0017402070119030728,970
2024-01-11,0.21080330864899557,3.47796306432599e-11,968
2024-01-12,0.0829200262066936,0.009928672274097732,966
2024-01-16,-0.31081580584466545,7.391258798961844e-23,956
2024-01-17,0.33226474108942056,7.648362711751589e-26,947
2024-01-18,0.012014437850659924,0.7156115408199198,922
2024-01-19,0.13937732138339712,2.0355495153488338e-05,928
2024-01-22,-0.29589901983663874,3.9679179810858027e-20,924
2024-01-23,0.11569284214052228,0.0004409754336746569,919
2024-01-24,0.18100855654602666,6.532055435795914e-08,879
2024-01-25,-0.08521957852190556,0.011723194579961243,874
2024-01-26,0.020901342265381925,0.5329954479551005,892
2024-01-29,0.039940677229517746,0.22999860994617236,905
2024-01-30,0.06822997684154841,0.04266591273746193,883
2024-01-31,-0.04999248043977291,0.14868099638473997,836
2024-02-01,0.09242228980296514,0.007713680272195189,830
2024-02-02,-0.35123909617631716,1.9801937003119595e-26,862
2024-02-05,-0.09879382759148751,0.0035157433405390514,871
2024-02-06,-0.0445301771988725,0.19463135905399243,850
2024-02-07,-0.01092056284677566,0.7598426787556458,786
2024-02-08,0.10873564479172211,0.002071148547780659,800
2024-02-09,0.07904548481964734,0.02080213225210909,855
2024-02-12,-0.13270368855429257,6.640855534986242e-05,898
2024-02-13,0.4963735379338031,1.5285641285433601e-56,890
2024-02-14,0.06840187580448759,0.0465789031726714,847
2024-02-15,0.13729574636630898,5.092298513268668e-05,865
2024-02-16,-0.14210990359414397,2.0443309597920272e-05,892
2024-02-20,-0.2003267593914704,1.1532615157982283e-09,907
2024-02-21,0.25877357721644095,5.2422937700811244e-15,885
2024-02-22,-0.010240710235581022,0.7633312385864764,867
2024-02-23,0.17023907631399615,3.142854842499867e-07,892
2024-02-26,-0.13511981432695236,4.3283300725488e-05,910
2024-02-27,0.16523474062713656,6.125135790124244e-07,901
2024-02-28,0.22107275586228498,3.0883701489934364e-11,883
2024-02-29,0.05543816719094853,0.09704896428139306,897
2024-03-01,0.021494774912251696,0.510624668478936,939
2024-03-04,-0.05020911239546073,0.11945629965475296,963
2024-03-05,0.08353792227667256,0.009314822697829107,968
2024-03-06,0.11790092356415853,0.0002493231678027852,961
2024-03-07,-0.2422094093552759,3.337724975115334e-14,954
2024-03-08,0.06320390165964752,0.05026435044960438,960
2024-03-11,0.16251021484786218,4.1418027738510895e-07,960
2024-03-12,-0.06560936030400374,0.04158266651640929,965
2024-03-13,0.06547940248254858,0.0425256721707729,960
2024-03-14,0.0488147723598642,0.13108894522313136,958
2024-03-15,0.19749436743971707,7.021381462005836e-10,958
2024-03-18,-0.2724872566020333,5.4234701511058315e-18,971
2024-03-19,0.09771486814460667,0.002338192999224596,968
2024-03-20,0.2508831135777029,3.0286271276439874e-15,960
2024-03-21,0.015597261295510981,0.6302312898085478,955
2024-03-22,-0.05955065629347096,0.0649931106929775,961
2024-03-25,-0.03782385080449546,0.23971388255657614,968
2024-03-26,0.02077873757962675,0.5184626529186815,968
2024-03-27,0.00709419656531599,0.8258866683741078,964
2024-03-28,-0.029163311377279413,0.3649886708246094,967
2024-04-01,0.12485604956533179,9.744954629951751e-05,969
2024-04-02,-0.23281537838294236,1.7647573629621755e-13,976
2024-04-03,0.09288158249418876,0.003769814731973961,971
2024-04-04,0.025758474765362638,0.42197677133379197,974
2024-04-05,-0.04581475968287453,0.15328890720732805,973
2024-04-08,-0.030862804228549458,0.3354578653344259,976
2024-04-09,-0.010357517394242744,0.746689816878999,975
2024-04-10,0.14957227700978806,2.786142315631284e-06,973
2024-04-11,-0.21430804369653822,1.5356517472271334e-11,970
2024-04-12,0.0282669560018753,0.3799190759457838,967
2024-04-15,-0.09828150355442057,0.0022631776900494615,963
2024-04-16,-0.014423529260293633,0.6585709226990973,941
2024-04-17,0.04541366280248317,0.1687281598137775,920
2024-04-18,0.07863053342427741,0.017240851867285686,917
2024-04-19,-0.05875422859417818,0.07424532653247401,924
2024-04-22,-0.05860756612449083,0.07721869636928515,910
2024-04-23,-0.10206304416635999,0.002668656145353511,864
2024-04-24,-0.17975746985499724,4.5646743208365685e-07,777
2024-04-25,0.25330933791269195,1.9780041812221477e-12,749
2024-04-26,-0.061199718534486296,0.08287596021335718,804
2024-04-29,-0.0999686871835504,0.0037278006044584515,840
2024-04-30,0.025772417099296008,0.45893376778469686,828
2024-05-01,0.01349030797765251,0.7197122800034169,710
2024-05-02,0.033678377897433456,0.37022008898988146,710
2024-05-03,-0.13632127131546667,0.0001287733995956602,784
2024-05-06,0.0885511570319644,0.009709410158104212,852
2024-05-07,0.29964433533561924,2.5423102888138565e-19,861
2024-05-08,0.007575357690378272,0.8289356180718507,816
2024-05-09,-0.06630242474540139,0.05248415162510058,856
2024-05-10,-0.16162870573680999,9.263026383517557e-07,912
2024-05-13,-0.2052294266408164,1.2564095090403475e-10,964
2024-05-14,-0.06291894527123473,0.04952204100495451,975
2024-05-15,0.17210923661517957,6.795972791303444e-08,971
2024-05-16,-0.06454665030400099,0.045006046407949404,965
2024-05-17,-0.025146514570840744,0.4352298869465788,965
2024-05-20,0.06154877367418982,0.05660584859898417,960
2024-05-21,-0.0056590158705684245,0.8612080181260776,957
2024-05-22,-0.01683962538277567,0.6045712188319399,948
2024-05-23,-0.06998723699099103,0.031097861376765647,949
2024-05-24,-0.11566351991713095,0.0003413601266673678,955
2024-05-28,0.21396030313582876,2.2104732253557526e-11,958
2024-05-29,0.19833281913694858,7.282582311485468e-10,948
2024-05-30,0.02634737671759744,0.42074042654976385,936
2024-05-31,0.047553607692292624,0.14537242233934639,939
2024-06-03,0.023299440189455768,0.4731958802886086,950
2024-06-04,0.2073932970863513,1.0881081454472436e-10,950
2024-06-05,-0.044456772362924606,0.17186690692878165,946
2024-06-06,-0.19152500912398168,2.8848239423491898e-09,946
2024-06-07,-0.2884426347807246,9.782981989728088e-20,954
2024-06-10,-0.22728923096573816,1.1462376413467536e-12,956
2024-06-11,0.547705876532134,7.36708147102509e-76,955
2024-06-12,-0.12451358737017312,0.00011727425603207754,952
2024-06-13,-0.03512921306230718,0.27838955279414956,954
2024-06-14,0.04829009950215527,0.13590161974110734,955
2024-06-17,0.04004326929313339,0.21609297023409285,956
2024-06-18,-0.15771708866620118,9.796892512008141e-07,954
2024-06-20,-0.12366516765314335,0.00013060987760470102,952
2024-06-21,-0.0017018927705203736,0.9581764342775709,952
2024-06-24,-0.05575593712263045,0.08375008529546743,963
2024-06-25,-0.01099458980285895,0.7334224242388798,962
2024-06-26,-0.05988928942376953,0.06445368356458474,954
2024-06-27,0.14024488748503006,1.3343122509804373e-05,957
2024-06-28,-0.13573987547767086,2.4212828951711955e-05,961
2024-07-01,0.014322230493767886,0.6551200426493979,975
2024-07-02,-0.11817034504843561,0.00022215608501448652,972
2024-07-03,-0.033707922369271205,0.2932873400341734,974
2024-07-05,-0.040495336227173925,0.20716026869533763,972
2024-07-08,-0.07747320621573807,0.0158041994193039,970
2024-07-09,-0.029005566407170273,0.3665978134404867,971
2024-07-10,0.046375297539991964,0.1485265524973091,972
2024-07-11,0.08166930840650607,0.011066246992630981,967
2024-07-12,0.013878516110566164,0.6662786529960996,968
2024-07-15,0.058839501597553585,0.06741040198902051,967
2024-07-16,0.07362403994905438,0.022602326343619594,959
2024-07-17,0.17258895382479866,1.1121578506457075e-07,934
2024-07-18,-0.008284796527981555,0.8014280043798029,924
2024-07-19,0.20173192133862658,4.733397375982703e-10,936
2024-07-22,0.06195777623058539,0.059614490847011765,925
2024-07-23,-0.3488075942811978,1.2405364780676008e-26,882
2024-07-24,-0.053344671803381094,0.13264728532530395,796
2024-07-25,0.2024345364173083,1.007890062914295e-08,787
2024-07-26,-0.01898136224789417,0.5836582951109639,836
2024-07-29,-0.025093654210583044,0.4579751818447625,877
2024-07-30,0.07168356462359382,0.03677104739941834,849
2024-07-31,0.07531805853780356,0.040938845141459915,737
2024-08-01,0.03128015592688613,0.4036297921471673,715
2024-08-02,-0.5743163801518161,2.410767667332273e-70,788
2024-08-05,0.13244093581046862,0.00011934942872149662,839
2024-08-06,0.4684512620715794,6.600176082278237e-48,856
2024-08-07,-0.37715499140127245,2.238737207037595e-28,798
2024-08-08,-0.10206442699897379,0.0029414598118487323,847
2024-08-09,0.13975897107464896,2.450481526183665e-05,905
2024-08-12,0.028466491303386462,0.37631614730644736,968
2024-08-13,0.06717071795106945,0.034952353708511685,986
2024-08-14,-0.23792713210038832,4.572700759380989e-14,979
2024-08-15,0.13003994239656247,4.8195960103500116e-05,971
2024-08-16,-0.024149087204187798,0.4517969333611359,973
2024-08-19,0.05138321585290486,0.10901926452340241,974
2024-08-20,0.06394107676014772,0.04660480618931284,969
2024-08-21,0.014397264421940139,0.6556045523751397,962
2024-08-22,-0.06914695295780439,0.03208649147850881,961
2024-08-23,-0.08082967788034631,0.012056692442902996,964
2024-08-26,0.22774825683697578,6.672061500692593e-13,972
2024-08-27,-0.052868011064206286,0.09967261748556279,971
2024-08-28,0.165853996070149,2.581117715622397e-07,954
2024-08-29,-0.2738044601625975,1.0335874201928936e-17,945
2024-08-30,0.08662668346076255,0.00764658692569064,947
2024-09-03,-0.14420867567693854,7.590925231223791e-06,956
2024-09-04,-0.057321434724628084,0.07663648248707428,955
2024-09-05,-0.06194277026813175,0.05645376387400423,949
2024-09-06,0.03381182764834108,0.2968226501760344,954
2024-09-09,0.06681499701801545,0.03898058523888144,955
2024-09-10,-0.025147167899145263,0.4364131357184361,960
2024-09-11,0.15986736672667315,6.657231800763157e-07,957
2024-09-12,0.08723045239948524,0.0069017944981918005,958
2024-09-13,0.1381082835508913,1.7714754572532682e-05,959
2024-09-16,0.12812328953015995,6.862570841403411e-05,960
2024-09-17,0.000251695697509431,0.9937826179770615,961
2024-09-18,0.04740023860702973,0.14222536536594263,960
2024-09-19,0.020614564152756844,0.5237202180929514,959
2024-09-20,-0.02121542384730362,0.5110274593456972,962
2024-09-23,-0.08922556643155626,0.005279129087261107,976
2024-09-24,0.10223434622136345,0.001382915881636102,976
2024-09-25,0.19534719430535513,8.839592740902031e-10,968
2024-09-26,-0.0721444133832792,0.024717162248642895,969
2024-09-27,0.16185973157671366,3.9642786206034457e-07,971
2024-09-30,0.04902507418015618,0.12529890967129978,979
2024-10-01,0.07096060264637562,0.026556708180211323,977
2024-10-02,0.03488319859453493,0.2760305226856772,977
2024-10-03,0.3676911017521961,9.793851325659079e-33,980
2024-10-04,-0.05583332515187992,0.0800213102303204,984
2024-10-07,0.07174023816695901,0.02449364651628675,983
2024-10-08,-0.0697451616923769,0.028772535027835874,983
2024-10-09,0.1517735336134435,1.816148186591528e-06,980
2024-10-10,-0.1780338256142243,2.2207029071304095e-08,974
2024-10-11,0.14110983910016717,9.853036300813016e-06,974
2024-10-14,0.09458141900573762,0.003256434117937144,966
2024-10-15,0.08506596677888388,0.008570072024171524,954
2024-10-16,-0.029968868943668563,0.3615522437294132,929
2024-10-17,0.018555115935572186,0.5734308271338873,923
2024-10-18,-0.08727937162899199,0.007609932180081949,934
2024-10-21,-0.026987831812774893,0.41485104762279856,915
2024-10-22,-0.03163403422094427,0.34722552665395967,885
2024-10-23,0.11475829860310253,0.0011315228624853863,802
2024-10-24,0.05714772540359968,0.10804276853989728,792
2024-10-25,0.028341054590869663,0.4145437758233671,831
2024-10-28,0.05499435713470043,0.1060258000694169,865
2024-10-29,0.08263507785906045,0.017257315788986916,830
2024-10-30,-0.07522661092359126,0.045858857809242676,705
2024-10-31,0.03478136335021386,0.35474479317453544,710
2024-11-01,-0.03947129918832886,0.272738465283401,774
2024-11-04,0.04309416593362493,0.21186556421366276,841
2024-11-05,0.04897542609237718,0.15272149927710382,854
2024-11-06,0.03218514177900927,0.3690521895839701,781
2024-11-07,0.11558731208648507,0.0009891203031820025,809
2024-11-08,-0.181466131168401,1.1660237916901304e-07,841
2024-11-11,0.26194997243745166,6.694512565852881e-16,920
2024-11-12,-0.08429098422496199,0.009013428116296495,959
2024-11-13,0.009871800170616122,0.7603687761418876,957
2024-11-14,-0.10825226640937646,0.0007466807078168306,967
2024-11-15,-0.014546366829349374,0.6505838560021614,972
2024-11-18,0.2393950044882881,4.142413880348626e-14,970
2024-11-19,0.028838967934380972,0.3703484178643702,967
2024-11-20,0.07166563426676711,0.02638884384225,960
2024-11-21,0.026688438479861073,0.40759428056017977,965
2024-11-22,-0.12751852982194117,6.873235921252297e-05,969
2024-11-25,0.20431431839840225,1.3656134771072692e-10,969
2024-11-26,0.012505710827962119,0.6974240565385061,969
2024-11-27,-0.06289589465925428,0.050314265594944396,969
2024-11-29,-0.059153317391730936,0.06457243754781307,977
2024-12-02,-0.03168531129127248,0.3214918988023323,981
2024-12-03,-0.09250210659318893,0.003933687250126124,970
2024-12-04,-0.07205423627690336,0.025504265190538923,961
2024-12-05,-0.11350026737769574,0.000431863861512044,958
2024-12-06,0.1170593509465685,0.00027219542992779283,963
2024-12-09,0.02926268596206423,0.36510321589340067,960
2024-12-10,0.10467348925383639,0.0011420399135321395,963
2024-12-11,-0.044702094731751615,0.16593762923633246,962
2024-12-12,0.015440095311798272,0.6313760631059155,968
2024-12-13,-0.004056384817943135,0.8996982609073197,968
2024-12-16,-0.25151496336110657,1.7832058805957217e-15,971
2024-12-17,0.1710295938836783,8.224999081387948e-08,971
2024-12-18,0.25675319976033256,5.805411099572929e-16,963
2024-12-19,0.05382680184112963,0.09538161284969157,961
2024-12-20,0.0031757139023330643,0.9215160662434937,965
2024-12-23,0.09665950357418439,0.002378088114688995,986
2024-12-24,-0.07670352834334128,0.015887818986404723,988
2024-12-26,-0.14901930229854088,2.63700977640122e-06,985
2024-12-27,-0.19737046441731804,4.239926581742724e-10,984
2024-12-30,0.09020648781339848,0.004628023246526734,984
