gross_pnl,trade_cost,borrow_cost,net_pnl,gross_long,gross_short,gross_notional,turnover_$,n_long,n_short
0.0,0.0,0.0,0.0,0.0,0.0,0.0,0.0,0,0
0.0,0.0,0.0,0.0,0.0,0.0,0.0,0.0,0,0
0.0,0.0,0.0,0.0,0.0,0.0,0.0,0.0,0,0
0.0,0.0,0.0,0.0,0.0,0.0,0.0,0.0,0,0
0.0,0.0,0.0,0.0,0.0,0.0,0.0,0.0,0,0
0.0,0.0,0.0,0.0,0.0,0.0,0.0,0.0,0,0
0.0,0.0,0.0,0.0,0.0,0.0,0.0,0.0,0,0
0.0,0.0,0.0,0.0,0.0,0.0,0.0,0.0,0,0
0.0,0.0,0.0,0.0,0.0,0.0,0.0,0.0,0,0
0.0,0.0,0.0,0.0,0.0,0.0,0.0,0.0,0,0
0.0,0.0,0.0,0.0,0.0,0.0,0.0,0.0,0,0
0.0,0.0,0.0,0.0,0.0,0.0,0.0,0.0,0,0
0.0,0.0,0.0,0.0,0.0,0.0,0.0,0.0,0,0
0.0,0.0,0.0,0.0,0.0,0.0,0.0,0.0,0,0
0.0,0.0,0.0,0.0,0.0,0.0,0.0,0.0,0,0
0.0,0.0,0.0,0.0,0.0,0.0,0.0,0.0,0,0
0.0,0.0,0.0,0.0,0.0,0.0,0.0,0.0,0,0
0.0,0.0,0.0,0.0,0.0,0.0,0.0,0.0,0,0
0.0,0.0,0.0,0.0,0.0,0.0,0.0,0.0,0,0
0.0,0.0,0.0,0.0,0.0,0.0,0.0,0.0,0,0
0.0,0.0,0.0,0.0,0.0,0.0,0.0,0.0,0,0
0.0,0.0,0.0,0.0,0.0,0.0,0.0,0.0,0,0
0.0,0.0,0.0,0.0,0.0,0.0,0.0,0.0,0,0
0.0,0.0,0.0,0.0,0.0,0.0,0.0,0.0,0,0
0.0,0.0,0.0,0.0,0.0,0.0,0.0,0.0,0,0
0.0,0.0,0.0,0.0,0.0,0.0,0.0,0.0,0,0
0.0,0.0,0.0,0.0,0.0,0.0,0.0,0.0,0,0
0.0,0.0,0.0,0.0,0.0,0.0,0.0,0.0,0,0
0.0,0.0,0.0,0.0,0.0,0.0,0.0,0.0,0,0
0.0,0.0,0.0,0.0,0.0,0.0,0.0,0.0,0,0
0.0,0.0,0.0,0.0,0.0,0.0,0.0,0.0,0,0
0.0,0.0,0.0,0.0,0.0,0.0,0.0,0.0,0,0
0.0,0.0,0.0,0.0,0.0,0.0,0.0,0.0,0,0
0.0,0.0,0.0,0.0,0.0,0.0,0.0,0.0,0,0
0.0,0.0,0.0,0.0,0.0,0.0,0.0,0.0,0,0
0.0,0.0,0.0,0.0,0.0,0.0,0.0,0.0,0,0
0.0,0.0,0.0,0.0,0.0,0.0,0.0,0.0,0,0
0.0,0.0,0.0,0.0,0.0,0.0,0.0,0.0,0,0
0.0,0.0,0.0,0.0,0.0,0.0,0.0,0.0,0,0
0.0,0.0,0.0,0.0,0.0,0.0,0.0,0.0,0,0
0.0,0.0,0.0,0.0,0.0,0.0,0.0,0.0,0,0
0.0,0.0,0.0,0.0,0.0,0.0,0.0,0.0,0,0
0.0,0.0,0.0,0.0,0.0,0.0,0.0,0.0,0,0
0.0,0.0,0.0,0.0,0.0,0.0,0.0,0.0,0,0
0.0,0.0,0.0,0.0,0.0,0.0,0.0,0.0,0,0
0.0,0.0,0.0,0.0,0.0,0.0,0.0,0.0,0,0
0.0,0.0,0.0,0.0,0.0,0.0,0.0,0.0,0,0
0.0,0.0,0.0,0.0,0.0,0.0,0.0,0.0,0,0
0.0,0.0,0.0,0.0,0.0,0.0,0.0,0.0,0,0
0.0,0.0,0.0,0.0,0.0,0.0,0.0,0.0,0,0
0.0,0.0,0.0,0.0,0.0,0.0,0.0,0.0,0,0
0.0,0.0,0.0,0.0,0.0,0.0,0.0,0.0,0,0
0.0,0.0,0.0,0.0,0.0,0.0,0.0,0.0,0,0
0.0,0.0,0.0,0.0,0.0,0.0,0.0,0.0,0,0
0.0,0.0,0.0,0.0,0.0,0.0,0.0,0.0,0,0
0.0,0.0,0.0,0.0,0.0,0.0,0.0,0.0,0,0
0.0,0.0,0.0,0.0,0.0,0.0,0.0,0.0,0,0
0.0,0.0,0.0,0.0,0.0,0.0,0.0,0.0,0,0
0.0,0.0,0.0,0.0,0.0,0.0,0.0,0.0,0,0
0.0,0.0,0.0,0.0,0.0,0.0,0.0,0.0,0,0
0.0,0.0,0.0,0.0,0.0,0.0,0.0,0.0,0,0
0.0,0.0,0.0,0.0,0.0,0.0,0.0,0.0,0,0
0.0,0.0,0.0,0.0,0.0,0.0,0.0,0.0,0,0
0.0,0.0,0.0,0.0,0.0,0.0,0.0,0.0,0,0
123387.18542606039,50000.0,1984.1269841269839,71403.0584419334,125000000.00000001,125000000.0,250000000.0,250000000.0,28,28
-95.64051530227152,104483.51213619868,1984.126984126983,-106563.27963562793,125000000.0,124999999.99999997,249999999.99999997,381862615.4117603,27,27
0.0,50000.00000000002,0.0,-50000.00000000002,0.0,0.0,0.0,249999999.99999997,0,0
0.0,0.0,0.0,0.0,0.0,0.0,0.0,0.0,0,0
0.0,0.0,0.0,0.0,0.0,0.0,0.0,0.0,0,0
0.0,0.0,0.0,0.0,0.0,0.0,0.0,0.0,0,0
0.0,0.0,0.0,0.0,0.0,0.0,0.0,0.0,0,0
0.0,0.0,0.0,0.0,0.0,0.0,0.0,0.0,0,0
101979.64035413327,49999.99999999999,1984.1269841269846,49995.513370006294,125000000.0,125000000.0,250000000.0,250000000.0,26,26
619198.7833764333,100000.00000000001,1984.1269841269843,517214.6563923063,125000000.0,125000000.0,250000000.0,306985963.55618566,26,26
0.0,50000.00000000001,0.0,-50000.00000000001,0.0,0.0,0.0,250000000.0,0,0
0.0,0.0,0.0,0.0,0.0,0.0,0.0,0.0,0,0
0.0,0.0,0.0,0.0,0.0,0.0,0.0,0.0,0,0
0.0,0.0,0.0,0.0,0.0,0.0,0.0,0.0,0,0
0.0,0.0,0.0,0.0,0.0,0.0,0.0,0.0,0,0
0.0,0.0,0.0,0.0,0.0,0.0,0.0,0.0,0,0
0.0,0.0,0.0,0.0,0.0,0.0,0.0,0.0,0,0
0.0,0.0,0.0,0.0,0.0,0.0,0.0,0.0,0,0
0.0,0.0,0.0,0.0,0.0,0.0,0.0,0.0,0,0
0.0,0.0,0.0,0.0,0.0,0.0,0.0,0.0,0,0
-342460.7125079371,50000.00000000001,1984.126984126984,-394444.8394920641,125000000.0,125000000.0,250000000.0,250000000.0,26,26
0.0,50000.00000000001,0.0,-50000.00000000001,0.0,0.0,0.0,250000000.0,0,0
0.0,0.0,0.0,0.0,0.0,0.0,0.0,0.0,0,0
0.0,0.0,0.0,0.0,0.0,0.0,0.0,0.0,0,0
0.0,0.0,0.0,0.0,0.0,0.0,0.0,0.0,0,0
0.0,0.0,0.0,0.0,0.0,0.0,0.0,0.0,0,0
0.0,0.0,0.0,0.0,0.0,0.0,0.0,0.0,0,0
0.0,0.0,0.0,0.0,0.0,0.0,0.0,0.0,0,0
0.0,0.0,0.0,0.0,0.0,0.0,0.0,0.0,0,0
0.0,0.0,0.0,0.0,0.0,0.0,0.0,0.0,0,0
0.0,0.0,0.0,0.0,0.0,0.0,0.0,0.0,0,0
0.0,0.0,0.0,0.0,0.0,0.0,0.0,0.0,0,0
0.0,0.0,0.0,0.0,0.0,0.0,0.0,0.0,0,0
0.0,0.0,0.0,0.0,0.0,0.0,0.0,0.0,0,0
-476235.9933810643,50000.0,1984.1269841269839,-528220.1203651914,125000000.0,124999999.99999999,250000000.0,250000000.0,28,28
1069020.4104418333,100000.00000000003,1984.1269841269846,967036.2834577063,124999999.99999999,125000000.0,250000000.0,297385919.2961531,28,28
343218.52314623166,103858.08534467341,1984.1269841269836,237376.31081743125,125000000.0,124999999.99999999,250000000.0,405163615.04307216,28,28
408791.41607476654,101767.44941975657,1984.1269841269839,305039.839670883,124999999.99999999,125000000.00000001,250000000.0,389954364.18422467,28,28
0.0,50000.0,0.0,-50000.0,0.0,0.0,0.0,250000000.0,0,0
536561.0517344245,50000.0,1984.1269841269839,484576.92475029756,125000000.0,124999999.99999999,250000000.0,250000000.0,28,28
0.0,50000.0,0.0,-50000.0,0.0,0.0,0.0,250000000.0,0,0
-143109.64066859768,50000.000000000015,1984.1269841269839,-195093.7676527247,125000000.00000001,124999999.99999999,250000000.0,250000000.0,28,28
14403.848955746298,100000.00000000006,1984.1269841269836,-87580.27802838074,125000000.0,124999999.99999999,250000000.0,291281432.2324821,28,28
573442.0218131104,99999.99999999997,1984.1269841269839,471457.89482898347,125000000.0,124999999.99999999,250000000.0,270860406.0287771,28,28
0.0,49999.99999999999,0.0,-49999.99999999999,0.0,0.0,0.0,250000000.0,0,0
0.0,0.0,0.0,0.0,0.0,0.0,0.0,0.0,0,0
466560.9666855826,50000.000000000015,1984.1269841269839,414576.8397014556,125000000.00000001,125000000.0,250000000.0,250000000.0,28,28
0.0,50000.000000000015,0.0,-50000.000000000015,0.0,0.0,0.0,250000000.0,0,0
0.0,0.0,0.0,0.0,0.0,0.0,0.0,0.0,0,0
0.0,0.0,0.0,0.0,0.0,0.0,0.0,0.0,0,0
0.0,0.0,0.0,0.0,0.0,0.0,0.0,0.0,0,0
0.0,0.0,0.0,0.0,0.0,0.0,0.0,0.0,0,0
0.0,0.0,0.0,0.0,0.0,0.0,0.0,0.0,0,0
329178.6718562042,50000.00000000001,1984.1269841269848,277194.54487207724,124999999.99999999,125000000.00000001,250000000.0,250000000.0,28,28
0.0,50000.00000000001,0.0,-50000.00000000001,0.0,0.0,0.0,250000000.0,0,0
1209524.7744240745,50000.00000000002,1984.126984126985,1157540.6474399474,125000000.00000001,125000000.00000001,250000000.00000003,250000000.00000003,28,28
0.0,50000.00000000002,0.0,-50000.00000000002,0.0,0.0,0.0,250000000.00000003,0,0
0.0,0.0,0.0,0.0,0.0,0.0,0.0,0.0,0,0
0.0,0.0,0.0,0.0,0.0,0.0,0.0,0.0,0,0
0.0,0.0,0.0,0.0,0.0,0.0,0.0,0.0,0,0
0.0,0.0,0.0,0.0,0.0,0.0,0.0,0.0,0,0
0.0,0.0,0.0,0.0,0.0,0.0,0.0,0.0,0,0
0.0,0.0,0.0,0.0,0.0,0.0,0.0,0.0,0,0
0.0,0.0,0.0,0.0,0.0,0.0,0.0,0.0,0,0
0.0,0.0,0.0,0.0,0.0,0.0,0.0,0.0,0,0
0.0,0.0,0.0,0.0,0.0,0.0,0.0,0.0,0,0
0.0,0.0,0.0,0.0,0.0,0.0,0.0,0.0,0,0
132744.3433631491,50000.0,1984.1269841269843,80760.21637902211,124999999.99999999,125000000.00000001,250000000.0,250000000.0,28,28
566953.0534655548,100547.52134979001,1984.1269841269843,464421.4051316378,125000000.00000001,125000000.0,250000000.0,469580370.5148678,28,28
0.0,50000.00000000002,0.0,-50000.00000000002,0.0,0.0,0.0,250000000.00000003,0,0
0.0,0.0,0.0,0.0,0.0,0.0,0.0,0.0,0,0
0.0,0.0,0.0,0.0,0.0,0.0,0.0,0.0,0,0
0.0,0.0,0.0,0.0,0.0,0.0,0.0,0.0,0,0
0.0,0.0,0.0,0.0,0.0,0.0,0.0,0.0,0,0
0.0,0.0,0.0,0.0,0.0,0.0,0.0,0.0,0,0
0.0,0.0,0.0,0.0,0.0,0.0,0.0,0.0,0,0
2125689.474595377,49999.99999999999,1984.1269841269843,2073705.3476112501,125000000.0,125000000.0,250000000.0,250000000.0,24,24
-292508.7274676875,105132.44327626325,1984.1269841269839,-399625.29772807774,125000000.0,125000000.0,250000000.0,373182659.10612965,24,24
-136324.35373454477,101376.06335360259,1984.1269841269843,-239684.54407227435,125000000.00000001,125000000.00000001,250000000.00000003,330160482.29747355,25,25
-69906.30268099486,104291.11864213528,1984.1269841269843,-176181.54830725712,125000000.0,125000000.00000001,250000000.0,319939196.60321224,26,26
0.0,49999.99999999999,0.0,-49999.99999999999,0.0,0.0,0.0,250000000.00000003,0,0
0.0,0.0,0.0,0.0,0.0,0.0,0.0,0.0,0,0
0.0,0.0,0.0,0.0,0.0,0.0,0.0,0.0,0,0
479775.8419022057,50000.0,1984.1269841269843,427791.71491807874,125000000.00000001,125000000.00000003,250000000.00000006,250000000.00000003,26,26
0.0,50000.0,0.0,-50000.0,0.0,0.0,0.0,250000000.00000003,0,0
0.0,0.0,0.0,0.0,0.0,0.0,0.0,0.0,0,0
0.0,0.0,0.0,0.0,0.0,0.0,0.0,0.0,0,0
0.0,0.0,0.0,0.0,0.0,0.0,0.0,0.0,0,0
0.0,0.0,0.0,0.0,0.0,0.0,0.0,0.0,0,0
0.0,0.0,0.0,0.0,0.0,0.0,0.0,0.0,0,0
0.0,0.0,0.0,0.0,0.0,0.0,0.0,0.0,0,0
0.0,0.0,0.0,0.0,0.0,0.0,0.0,0.0,0,0
416962.54786685057,50000.0,1984.126984126984,364978.4208827236,125000000.0,125000000.0,250000000.0,250000000.0,27,27
253389.6119636002,100000.00000000006,1984.1269841269836,151405.48497947317,125000000.00000001,125000000.0,250000000.0,289136567.28669256,28,28
0.0,50000.0,0.0,-50000.0,0.0,0.0,0.0,250000000.0,0,0
-275600.95434102934,46643.49827183239,1984.1269841269839,-324228.57959698874,108217491.359162,125000000.0,233217491.359162,233217491.359162,27,27
0.0,46643.49827183239,0.0,-46643.49827183239,0.0,0.0,0.0,233217491.359162,0,0
0.0,0.0,0.0,0.0,0.0,0.0,0.0,0.0,0,0
0.0,0.0,0.0,0.0,0.0,0.0,0.0,0.0,0,0
0.0,0.0,0.0,0.0,0.0,0.0,0.0,0.0,0,0
-126343.3586379517,49999.999999999985,1984.1269841269832,-178327.48562207865,124999999.99999999,124999999.99999997,249999999.99999994,249999999.99999997,27,27
165517.98007635874,100000.00000000001,1984.1269841269843,63533.853092231744,124999999.99999999,125000000.0,250000000.0,356561411.91688603,27,27
0.0,50000.00000000001,0.0,-50000.00000000001,0.0,0.0,0.0,249999999.99999997,0,0
0.0,0.0,0.0,0.0,0.0,0.0,0.0,0.0,0,0
0.0,0.0,0.0,0.0,0.0,0.0,0.0,0.0,0,0
0.0,0.0,0.0,0.0,0.0,0.0,0.0,0.0,0,0
0.0,0.0,0.0,0.0,0.0,0.0,0.0,0.0,0,0
0.0,0.0,0.0,0.0,0.0,0.0,0.0,0.0,0,0
0.0,0.0,0.0,0.0,0.0,0.0,0.0,0.0,0,0
0.0,0.0,0.0,0.0,0.0,0.0,0.0,0.0,0,0
0.0,0.0,0.0,0.0,0.0,0.0,0.0,0.0,0,0
0.0,0.0,0.0,0.0,0.0,0.0,0.0,0.0,0,0
0.0,0.0,0.0,0.0,0.0,0.0,0.0,0.0,0,0
0.0,0.0,0.0,0.0,0.0,0.0,0.0,0.0,0,0
-57935.586000830015,50000.0,1984.1269841269843,-109919.712984957,125000000.0,125000000.00000001,250000000.0,250000000.0,27,27
0.0,50000.0,0.0,-50000.0,0.0,0.0,0.0,250000000.0,0,0
0.0,0.0,0.0,0.0,0.0,0.0,0.0,0.0,0,0
0.0,0.0,0.0,0.0,0.0,0.0,0.0,0.0,0,0
0.0,0.0,0.0,0.0,0.0,0.0,0.0,0.0,0,0
0.0,0.0,0.0,0.0,0.0,0.0,0.0,0.0,0,0
0.0,0.0,0.0,0.0,0.0,0.0,0.0,0.0,0,0
0.0,0.0,0.0,0.0,0.0,0.0,0.0,0.0,0,0
-482512.0401777832,50000.00000000001,1984.126984126984,-534496.1671619102,125000000.00000003,125000000.0,250000000.00000003,250000000.00000003,27,27
-272390.1004672423,100000.0,1984.1269841269839,-374374.2274513693,125000000.0,125000000.0,250000000.0,302621795.4061748,27,27
0.0,49999.999999999985,0.0,-49999.999999999985,0.0,0.0,0.0,250000000.0,0,0
0.0,0.0,0.0,0.0,0.0,0.0,0.0,0.0,0,0
0.0,0.0,0.0,0.0,0.0,0.0,0.0,0.0,0,0
0.0,0.0,0.0,0.0,0.0,0.0,0.0,0.0,0,0
0.0,0.0,0.0,0.0,0.0,0.0,0.0,0.0,0,0
0.0,0.0,0.0,0.0,0.0,0.0,0.0,0.0,0,0
0.0,0.0,0.0,0.0,0.0,0.0,0.0,0.0,0,0
0.0,0.0,0.0,0.0,0.0,0.0,0.0,0.0,0,0
0.0,0.0,0.0,0.0,0.0,0.0,0.0,0.0,0,0
0.0,0.0,0.0,0.0,0.0,0.0,0.0,0.0,0,0
324831.45687810495,50000.00000000001,1984.1269841269843,272847.32989397796,124999999.99999999,125000000.0,250000000.0,249999999.99999997,28,28
0.0,50000.00000000001,0.0,-50000.00000000001,0.0,0.0,0.0,249999999.99999997,0,0
0.0,0.0,0.0,0.0,0.0,0.0,0.0,0.0,0,0
0.0,0.0,0.0,0.0,0.0,0.0,0.0,0.0,0,0
0.0,0.0,0.0,0.0,0.0,0.0,0.0,0.0,0,0
0.0,0.0,0.0,0.0,0.0,0.0,0.0,0.0,0,0
0.0,0.0,0.0,0.0,0.0,0.0,0.0,0.0,0,0
0.0,0.0,0.0,0.0,0.0,0.0,0.0,0.0,0,0
0.0,0.0,0.0,0.0,0.0,0.0,0.0,0.0,0,0
0.0,0.0,0.0,0.0,0.0,0.0,0.0,0.0,0,0
0.0,0.0,0.0,0.0,0.0,0.0,0.0,0.0,0,0
0.0,0.0,0.0,0.0,0.0,0.0,0.0,0.0,0,0
0.0,0.0,0.0,0.0,0.0,0.0,0.0,0.0,0,0
0.0,0.0,0.0,0.0,0.0,0.0,0.0,0.0,0,0
0.0,0.0,0.0,0.0,0.0,0.0,0.0,0.0,0,0
0.0,0.0,0.0,0.0,0.0,0.0,0.0,0.0,0,0
0.0,0.0,0.0,0.0,0.0,0.0,0.0,0.0,0,0
0.0,0.0,0.0,0.0,0.0,0.0,0.0,0.0,0,0
0.0,0.0,0.0,0.0,0.0,0.0,0.0,0.0,0,0
0.0,0.0,0.0,0.0,0.0,0.0,0.0,0.0,0,0
0.0,0.0,0.0,0.0,0.0,0.0,0.0,0.0,0,0
-29326.517824860548,50000.000000000015,1984.1269841269834,-81310.64480898755,125000000.0,124999999.99999999,250000000.0,249999999.99999997,29,29
0.0,50000.000000000015,0.0,-50000.000000000015,0.0,0.0,0.0,249999999.99999997,0,0
0.0,0.0,0.0,0.0,0.0,0.0,0.0,0.0,0,0
0.0,0.0,0.0,0.0,0.0,0.0,0.0,0.0,0,0
0.0,0.0,0.0,0.0,0.0,0.0,0.0,0.0,0,0
0.0,0.0,0.0,0.0,0.0,0.0,0.0,0.0,0,0
0.0,0.0,0.0,0.0,0.0,0.0,0.0,0.0,0,0
0.0,0.0,0.0,0.0,0.0,0.0,0.0,0.0,0,0
0.0,0.0,0.0,0.0,0.0,0.0,0.0,0.0,0,0
0.0,0.0,0.0,0.0,0.0,0.0,0.0,0.0,0,0
0.0,0.0,0.0,0.0,0.0,0.0,0.0,0.0,0,0
0.0,0.0,0.0,0.0,0.0,0.0,0.0,0.0,0,0
0.0,0.0,0.0,0.0,0.0,0.0,0.0,0.0,0,0
-169013.072588744,49999.99999999999,1984.1269841269843,-220997.19957287097,125000000.0,125000000.0,250000000.0,250000000.0,28,28
37501.91909290475,100000.00000000004,1984.1269841269843,-64482.20789122228,124999999.99999999,125000000.00000001,250000000.0,330750465.58002967,28,28
387022.8556964448,100000.00000000001,1984.126984126984,285038.7287123178,124999999.99999999,124999999.99999999,249999999.99999997,315482460.784781,27,27
0.0,50000.00000000001,0.0,-50000.00000000001,0.0,0.0,0.0,249999999.99999997,0,0
0.0,0.0,0.0,0.0,0.0,0.0,0.0,0.0,0,0
0.0,0.0,0.0,0.0,0.0,0.0,0.0,0.0,0,0
-38343.06977037054,50000.00000000001,1984.1269841269836,-90327.19675449753,125000000.0,125000000.0,250000000.0,250000000.0,28,28
0.0,50000.00000000001,0.0,-50000.00000000001,0.0,0.0,0.0,250000000.0,0,0
0.0,0.0,0.0,0.0,0.0,0.0,0.0,0.0,0,0
0.0,0.0,0.0,0.0,0.0,0.0,0.0,0.0,0,0
0.0,0.0,0.0,0.0,0.0,0.0,0.0,0.0,0,0
0.0,0.0,0.0,0.0,0.0,0.0,0.0,0.0,0,0
0.0,0.0,0.0,0.0,0.0,0.0,0.0,0.0,0,0
0.0,0.0,0.0,0.0,0.0,0.0,0.0,0.0,0,0
0.0,0.0,0.0,0.0,0.0,0.0,0.0,0.0,0,0
0.0,0.0,0.0,0.0,0.0,0.0,0.0,0.0,0,0
0.0,0.0,0.0,0.0,0.0,0.0,0.0,0.0,0,0
0.0,0.0,0.0,0.0,0.0,0.0,0.0,0.0,0,0
0.0,0.0,0.0,0.0,0.0,0.0,0.0,0.0,0,0
0.0,0.0,0.0,0.0,0.0,0.0,0.0,0.0,0,0
0.0,0.0,0.0,0.0,0.0,0.0,0.0,0.0,0,0
0.0,0.0,0.0,0.0,0.0,0.0,0.0,0.0,0,0
0.0,0.0,0.0,0.0,0.0,0.0,0.0,0.0,0,0
0.0,0.0,0.0,0.0,0.0,0.0,0.0,0.0,0,0
590023.0174900171,50000.00000000001,1984.126984126984,538038.8905058901,124999999.99999999,125000000.0,250000000.0,250000000.0,30,30
0.0,50000.00000000001,0.0,-50000.00000000001,0.0,0.0,0.0,250000000.0,0,0
0.0,0.0,0.0,0.0,0.0,0.0,0.0,0.0,0,0
865141.7770601116,49999.99999999999,1984.126984126984,813157.6500759847,125000000.0,124999999.99999999,250000000.0,250000000.0,30,30
333402.6495922615,100000.00000000003,1984.1269841269846,231418.52260813452,125000000.00000001,125000000.0,250000000.0,347349532.47259074,30,30
0.0,50000.00000000001,0.0,-50000.00000000001,0.0,0.0,0.0,250000000.0,0,0
0.0,0.0,0.0,0.0,0.0,0.0,0.0,0.0,0,0
720069.7753842726,49999.99999999999,1984.126984126984,668085.6484001456,125000000.0,125000000.0,250000000.0,250000000.0,30,30
0.0,49999.99999999999,0.0,-49999.99999999999,0.0,0.0,0.0,250000000.0,0,0
0.0,0.0,0.0,0.0,0.0,0.0,0.0,0.0,0,0
-6165.295774881381,49999.99999999999,1984.1269841269843,-58149.422759008354,124999999.99999999,125000000.0,250000000.0,249999999.99999997,29,29
142458.45461352088,99999.99999999997,1984.1269841269843,40474.32762939393,125000000.0,125000000.0,250000000.0,294652964.7647988,30,30
854746.9570854467,99999.99999999997,1984.1269841269836,752762.8301013197,125000000.00000001,125000000.0,250000000.0,349752200.5353845,30,30
-103412.51361414065,100000.00000000001,1984.1269841269843,-205396.64059826767,124999999.99999999,125000000.0,250000000.0,351518789.0290832,30,30
2976928.108450777,100000.0,1984.1269841269839,2874943.98146665,124999999.99999999,125000000.00000001,250000000.0,360744822.907278,29,29
0.0,49999.99999999999,0.0,-49999.99999999999,0.0,0.0,0.0,250000000.0,0,0
485757.73664343706,50000.000000000015,1984.1269841269836,433773.6096593101,125000000.0,124999999.99999999,250000000.0,250000000.0,29,29
0.0,50000.000000000015,0.0,-50000.000000000015,0.0,0.0,0.0,250000000.0,0,0
0.0,0.0,0.0,0.0,0.0,0.0,0.0,0.0,0,0
-233202.02703861624,50000.0,1984.1269841269843,-285186.1540227432,125000000.0,125000000.0,250000000.0,250000000.0,30,30
0.0,50000.0,0.0,-50000.0,0.0,0.0,0.0,250000000.0,0,0
0.0,0.0,0.0,0.0,0.0,0.0,0.0,0.0,0,0
0.0,0.0,0.0,0.0,0.0,0.0,0.0,0.0,0,0
0.0,0.0,0.0,0.0,0.0,0.0,0.0,0.0,0,0
0.0,0.0,0.0,0.0,0.0,0.0,0.0,0.0,0,0
0.0,0.0,0.0,0.0,0.0,0.0,0.0,0.0,0,0
0.0,0.0,0.0,0.0,0.0,0.0,0.0,0.0,0,0
0.0,0.0,0.0,0.0,0.0,0.0,0.0,0.0,0,0
0.0,0.0,0.0,0.0,0.0,0.0,0.0,0.0,0,0
0.0,0.0,0.0,0.0,0.0,0.0,0.0,0.0,0,0
0.0,0.0,0.0,0.0,0.0,0.0,0.0,0.0,0,0
0.0,0.0,0.0,0.0,0.0,0.0,0.0,0.0,0,0
0.0,0.0,0.0,0.0,0.0,0.0,0.0,0.0,0,0
0.0,0.0,0.0,0.0,0.0,0.0,0.0,0.0,0,0
0.0,0.0,0.0,0.0,0.0,0.0,0.0,0.0,0,0
0.0,0.0,0.0,0.0,0.0,0.0,0.0,0.0,0,0
0.0,0.0,0.0,0.0,0.0,0.0,0.0,0.0,0,0
0.0,0.0,0.0,0.0,0.0,0.0,0.0,0.0,0,0
0.0,0.0,0.0,0.0,0.0,0.0,0.0,0.0,0,0
0.0,0.0,0.0,0.0,0.0,0.0,0.0,0.0,0,0
0.0,0.0,0.0,0.0,0.0,0.0,0.0,0.0,0,0
0.0,0.0,0.0,0.0,0.0,0.0,0.0,0.0,0,0
0.0,0.0,0.0,0.0,0.0,0.0,0.0,0.0,0,0
410268.5785534466,50000.00000000001,1984.126984126984,358284.45156931964,124999999.99999999,125000000.0,250000000.0,250000000.0,32,32
0.0,50000.00000000001,0.0,-50000.00000000001,0.0,0.0,0.0,250000000.0,0,0
570353.7837759902,50000.00000000001,1984.1269841269843,518369.65679186326,124999999.99999999,125000000.00000001,250000000.0,250000000.0,31,31
0.0,50000.00000000001,0.0,-50000.00000000001,0.0,0.0,0.0,250000000.0,0,0
0.0,0.0,0.0,0.0,0.0,0.0,0.0,0.0,0,0
0.0,0.0,0.0,0.0,0.0,0.0,0.0,0.0,0,0
0.0,0.0,0.0,0.0,0.0,0.0,0.0,0.0,0,0
0.0,0.0,0.0,0.0,0.0,0.0,0.0,0.0,0,0
0.0,0.0,0.0,0.0,0.0,0.0,0.0,0.0,0,0
0.0,0.0,0.0,0.0,0.0,0.0,0.0,0.0,0,0
0.0,0.0,0.0,0.0,0.0,0.0,0.0,0.0,0,0
0.0,0.0,0.0,0.0,0.0,0.0,0.0,0.0,0,0
0.0,0.0,0.0,0.0,0.0,0.0,0.0,0.0,0,0
0.0,0.0,0.0,0.0,0.0,0.0,0.0,0.0,0,0
305195.58501692273,50000.0,1984.126984126984,253211.45803279575,125000000.0,124999999.99999999,250000000.0,250000000.0,31,31
153835.446275604,100000.00000000006,1984.1269841269839,51851.319291476946,125000000.0,124999999.99999999,250000000.0,314925077.5303045,31,31
254135.1182857574,100000.00000000004,1984.1269841269843,152150.9913016304,124999999.99999999,124999999.99999999,249999999.99999997,314964301.31581694,31,31
0.0,49999.999999999985,0.0,-49999.999999999985,0.0,0.0,0.0,249999999.99999997,0,0
542266.3206478645,50000.00000000001,1984.1269841269839,490282.1936637375,124999999.99999999,125000000.0,250000000.0,249999999.99999997,31,31
1101668.0343611762,99999.99999999994,1984.1269841269839,999683.9073770492,125000000.0,125000000.00000001,250000000.0,360572963.096869,31,31
188040.3095746897,101551.0093145355,1984.1269841269839,84505.1732760272,125000000.00000001,125000000.0,250000000.0,299980509.15170884,31,31
-746203.3391608112,99999.99999999999,1984.126984126984,-848187.4661449381,125000000.0,124999999.99999999,250000000.0,330025562.3374582,31,31
799655.6480050575,99999.99999999999,1984.1269841269839,697671.5210209305,124999999.99999999,124999999.99999999,249999999.99999997,326565490.23649377,31,31
0.0,50000.0,0.0,-50000.0,0.0,0.0,0.0,249999999.99999997,0,0
808207.5262136349,49999.99999999999,1984.1269841269836,756223.3992295079,124999999.99999999,125000000.0,250000000.0,250000000.0,31,31
0.0,49999.99999999999,0.0,-49999.99999999999,0.0,0.0,0.0,250000000.0,0,0
467938.23246844753,50000.00000000001,1984.126984126984,415954.10548432055,125000000.0,125000000.0,250000000.0,250000000.0,30,30
391103.64066806907,103319.78340286594,1984.1269841269843,285799.73028107616,125000000.0,125000000.00000001,250000000.0,376499451.51948327,30,30
285034.68647943763,101355.04045491501,1984.1269841269846,181695.51904039562,124999999.99999999,125000000.00000001,250000000.0,337709177.0974949,30,30
0.0,50000.00000000001,0.0,-50000.00000000001,0.0,0.0,0.0,250000000.0,0,0
-708228.8221255019,50000.00000000001,1984.126984126984,-760212.9491096289,124999999.99999999,125000000.00000001,250000000.0,250000000.0,28,28
471163.6116111346,105364.71550476184,1984.1269841269846,363814.7691222458,125000000.0,125000000.0,250000000.0,347062121.8896319,28,28
0.0,49999.99999999999,0.0,-49999.99999999999,0.0,0.0,0.0,250000000.0,0,0
-564300.8197899499,50000.00000000001,1984.126984126984,-616284.9467740769,125000000.00000001,125000000.00000001,250000000.00000003,250000000.00000003,29,29
467152.78016875265,100000.00000000006,1984.1269841269846,365168.6531846256,125000000.0,125000000.00000001,250000000.0,382967135.60377026,27,27
0.0,50000.0,0.0,-50000.0,0.0,0.0,0.0,250000000.00000003,0,0
0.0,0.0,0.0,0.0,0.0,0.0,0.0,0.0,0,0
82528.58080321027,49999.99999999999,1984.1269841269839,30544.45381908329,124999999.99999999,125000000.0,250000000.0,250000000.0,30,30
0.0,49999.99999999999,0.0,-49999.99999999999,0.0,0.0,0.0,250000000.0,0,0
0.0,0.0,0.0,0.0,0.0,0.0,0.0,0.0,0,0
0.0,0.0,0.0,0.0,0.0,0.0,0.0,0.0,0,0
0.0,0.0,0.0,0.0,0.0,0.0,0.0,0.0,0,0
0.0,0.0,0.0,0.0,0.0,0.0,0.0,0.0,0,0
0.0,0.0,0.0,0.0,0.0,0.0,0.0,0.0,0,0
0.0,0.0,0.0,0.0,0.0,0.0,0.0,0.0,0,0
135120.94891696353,49999.99999999999,1984.1269841269834,83136.82193283655,125000000.00000001,125000000.00000001,250000000.00000003,250000000.00000003,31,31
0.0,49999.99999999999,0.0,-49999.99999999999,0.0,0.0,0.0,250000000.00000003,0,0
0.0,0.0,0.0,0.0,0.0,0.0,0.0,0.0,0,0
0.0,0.0,0.0,0.0,0.0,0.0,0.0,0.0,0,0
0.0,0.0,0.0,0.0,0.0,0.0,0.0,0.0,0,0
0.0,0.0,0.0,0.0,0.0,0.0,0.0,0.0,0,0
0.0,0.0,0.0,0.0,0.0,0.0,0.0,0.0,0,0
0.0,0.0,0.0,0.0,0.0,0.0,0.0,0.0,0,0
0.0,0.0,0.0,0.0,0.0,0.0,0.0,0.0,0,0
0.0,0.0,0.0,0.0,0.0,0.0,0.0,0.0,0,0
0.0,0.0,0.0,0.0,0.0,0.0,0.0,0.0,0,0
0.0,0.0,0.0,0.0,0.0,0.0,0.0,0.0,0,0
-367184.58390707755,50000.00000000001,1984.1269841269843,-419168.71089120454,125000000.0,125000000.0,250000000.0,250000000.0,30,30
281400.32200308196,100000.0,1984.126984126984,179416.19501895498,125000000.00000001,125000000.0,250000000.0,321176925.7732467,30,30
0.0,50000.000000000015,0.0,-50000.000000000015,0.0,0.0,0.0,250000000.0,0,0
0.0,0.0,0.0,0.0,0.0,0.0,0.0,0.0,0,0
0.0,0.0,0.0,0.0,0.0,0.0,0.0,0.0,0,0
0.0,0.0,0.0,0.0,0.0,0.0,0.0,0.0,0,0
-1379.5032424285855,50000.0,1984.1269841269843,-53363.63022655557,125000000.00000001,125000000.0,250000000.0,250000000.00000003,30,30
0.0,50000.0,0.0,-50000.0,0.0,0.0,0.0,250000000.00000003,0,0
0.0,0.0,0.0,0.0,0.0,0.0,0.0,0.0,0,0
288352.5706255394,50000.0,1984.126984126984,236368.44364141242,124999999.99999999,125000000.00000001,250000000.0,250000000.0,30,30
253839.9347374721,101381.60178070994,1984.1269841269839,150474.2059726352,124999999.99999999,125000000.0,250000000.0,310403777.2364549,30,30
0.0,49999.999999999985,0.0,-49999.999999999985,0.0,0.0,0.0,249999999.99999997,0,0
0.0,0.0,0.0,0.0,0.0,0.0,0.0,0.0,0,0
0.0,0.0,0.0,0.0,0.0,0.0,0.0,0.0,0,0
0.0,0.0,0.0,0.0,0.0,0.0,0.0,0.0,0,0
161990.97055884654,50000.00000000002,1984.1269841269846,110006.84357471953,124999999.99999999,125000000.0,250000000.0,250000000.0,30,30
336810.8033106773,100000.0,1984.1269841269846,234826.6763265503,124999999.99999999,125000000.0,250000000.0,328546433.67483926,30,30
-32700.421665719125,99999.99999999999,1984.1269841269843,-134684.54864984608,124999999.99999999,125000000.00000001,250000000.0,365882081.45014167,30,30
311955.7694710432,100000.0,1984.126984126984,209971.64248691621,125000000.0,125000000.0,250000000.0,337152778.41237926,30,30
0.0,50000.0,0.0,-50000.0,0.0,0.0,0.0,250000000.0,0,0
0.0,0.0,0.0,0.0,0.0,0.0,0.0,0.0,0,0
0.0,0.0,0.0,0.0,0.0,0.0,0.0,0.0,0,0
0.0,0.0,0.0,0.0,0.0,0.0,0.0,0.0,0,0
0.0,0.0,0.0,0.0,0.0,0.0,0.0,0.0,0,0
302615.8868118932,50000.0,1984.126984126984,250631.75982776622,125000000.0,125000000.0,250000000.0,250000000.0,31,31
0.0,50000.0,0.0,-50000.0,0.0,0.0,0.0,250000000.0,0,0
353936.9266110304,50000.00000000001,1984.1269841269839,301952.79962690343,125000000.0,125000000.0,250000000.0,250000000.0,31,31
663265.4057249163,100000.00000000004,1984.126984126984,561281.2787407893,125000000.0,125000000.00000001,250000000.0,306254248.82122713,31,31
0.0,50000.00000000001,0.0,-50000.00000000001,0.0,0.0,0.0,250000000.0,0,0
0.0,0.0,0.0,0.0,0.0,0.0,0.0,0.0,0,0
0.0,0.0,0.0,0.0,0.0,0.0,0.0,0.0,0,0
287389.47847860644,49999.999999999985,1984.1269841269839,235405.35149447946,125000000.0,125000000.0,250000000.0,250000000.0,30,30
0.0,49999.999999999985,0.0,-49999.999999999985,0.0,0.0,0.0,250000000.0,0,0
301342.0140714407,50000.0,1984.126984126984,249357.8870873137,124999999.99999999,125000000.00000001,250000000.0,250000000.0,30,30
0.0,50000.0,0.0,-50000.0,0.0,0.0,0.0,250000000.0,0,0
0.0,0.0,0.0,0.0,0.0,0.0,0.0,0.0,0,0
0.0,0.0,0.0,0.0,0.0,0.0,0.0,0.0,0,0
0.0,0.0,0.0,0.0,0.0,0.0,0.0,0.0,0,0
0.0,0.0,0.0,0.0,0.0,0.0,0.0,0.0,0,0
0.0,0.0,0.0,0.0,0.0,0.0,0.0,0.0,0,0
0.0,0.0,0.0,0.0,0.0,0.0,0.0,0.0,0,0
-238184.4546461047,49999.99999999999,1984.126984126984,-290168.5816302317,125000000.0,125000000.00000001,250000000.0,250000000.00000003,26,26
0.0,49999.99999999999,0.0,-49999.99999999999,0.0,0.0,0.0,250000000.00000003,0,0
0.0,0.0,0.0,0.0,0.0,0.0,0.0,0.0,0,0
-734362.4344765722,49999.99999999999,1984.126984126984,-786346.5614606992,124999999.99999999,125000000.00000001,250000000.0,250000000.0,30,30
417659.742021705,100000.0,1984.1269841269846,315675.61503757804,125000000.0,125000000.0,250000000.0,274935917.28229856,29,29
0.0,49999.99999999999,0.0,-49999.99999999999,0.0,0.0,0.0,250000000.0,0,0
0.0,0.0,0.0,0.0,0.0,0.0,0.0,0.0,0,0
0.0,0.0,0.0,0.0,0.0,0.0,0.0,0.0,0,0
0.0,0.0,0.0,0.0,0.0,0.0,0.0,0.0,0,0
0.0,0.0,0.0,0.0,0.0,0.0,0.0,0.0,0,0
0.0,0.0,0.0,0.0,0.0,0.0,0.0,0.0,0,0
0.0,0.0,0.0,0.0,0.0,0.0,0.0,0.0,0,0
0.0,0.0,0.0,0.0,0.0,0.0,0.0,0.0,0,0
0.0,0.0,0.0,0.0,0.0,0.0,0.0,0.0,0,0
0.0,0.0,0.0,0.0,0.0,0.0,0.0,0.0,0,0
0.0,0.0,0.0,0.0,0.0,0.0,0.0,0.0,0,0
0.0,0.0,0.0,0.0,0.0,0.0,0.0,0.0,0,0
0.0,0.0,0.0,0.0,0.0,0.0,0.0,0.0,0,0
0.0,0.0,0.0,0.0,0.0,0.0,0.0,0.0,0,0
0.0,0.0,0.0,0.0,0.0,0.0,0.0,0.0,0,0
0.0,0.0,0.0,0.0,0.0,0.0,0.0,0.0,0,0
0.0,0.0,0.0,0.0,0.0,0.0,0.0,0.0,0,0
0.0,0.0,0.0,0.0,0.0,0.0,0.0,0.0,0,0
0.0,0.0,0.0,0.0,0.0,0.0,0.0,0.0,0,0
0.0,0.0,0.0,0.0,0.0,0.0,0.0,0.0,0,0
61023.51499684209,49999.999999999985,1984.126984126984,9039.388012715119,124999999.99999999,125000000.0,250000000.0,250000000.0,29,29
372.6796912057707,99999.99999999997,1984.126984126984,-101611.44729292118,124999999.99999999,125000000.0,250000000.0,303803219.0394663,29,29
119212.29606679591,100000.0,1984.1269841269836,17228.16908266893,124999999.99999997,124999999.99999999,249999999.99999994,328117377.0187696,29,29
0.0,50000.00000000003,0.0,-50000.00000000003,0.0,0.0,0.0,249999999.99999997,0,0
0.0,0.0,0.0,0.0,0.0,0.0,0.0,0.0,0,0
0.0,0.0,0.0,0.0,0.0,0.0,0.0,0.0,0,0
0.0,0.0,0.0,0.0,0.0,0.0,0.0,0.0,0,0
0.0,0.0,0.0,0.0,0.0,0.0,0.0,0.0,0,0
0.0,0.0,0.0,0.0,0.0,0.0,0.0,0.0,0,0
0.0,0.0,0.0,0.0,0.0,0.0,0.0,0.0,0,0
0.0,0.0,0.0,0.0,0.0,0.0,0.0,0.0,0,0
0.0,0.0,0.0,0.0,0.0,0.0,0.0,0.0,0,0
371649.7921626151,50000.00000000002,1984.126984126984,319665.6651784881,125000000.0,125000000.0,250000000.0,250000000.0,29,29
-1962.8545057031424,100000.00000000001,1984.1269841269846,-103946.98148983014,125000000.0,125000000.00000001,250000000.0,265968727.58330503,30,30
0.0,50000.00000000001,0.0,-50000.00000000001,0.0,0.0,0.0,250000000.0,0,0
-566739.0102883317,50000.0,1984.1269841269836,-618723.1372724586,124999999.99999999,125000000.0,250000000.0,250000000.0,30,30
46462.885272964435,99999.99999999999,1984.1269841269832,-55521.24171116253,124999999.99999999,124999999.99999999,249999999.99999997,284509515.631191,30,30
0.0,49999.99999999997,0.0,-49999.99999999997,0.0,0.0,0.0,249999999.99999997,0,0
0.0,0.0,0.0,0.0,0.0,0.0,0.0,0.0,0,0
578498.4207827494,50000.00000000001,1984.1269841269843,526514.2937986224,125000000.0,125000000.0,250000000.0,250000000.0,30,30
0.0,50000.00000000001,0.0,-50000.00000000001,0.0,0.0,0.0,250000000.0,0,0
0.0,0.0,0.0,0.0,0.0,0.0,0.0,0.0,0,0
-163033.94684348954,50000.0,1984.1269841269836,-215018.07382761652,125000000.0,125000000.0,250000000.0,250000000.0,31,31
0.0,50000.0,0.0,-50000.0,0.0,0.0,0.0,250000000.0,0,0
0.0,0.0,0.0,0.0,0.0,0.0,0.0,0.0,0,0
0.0,0.0,0.0,0.0,0.0,0.0,0.0,0.0,0,0
0.0,0.0,0.0,0.0,0.0,0.0,0.0,0.0,0,0
0.0,0.0,0.0,0.0,0.0,0.0,0.0,0.0,0,0
-1284415.1237877903,50000.00000000001,1984.1269841269843,-1336399.2507719174,125000000.00000001,124999999.99999999,250000000.0,250000000.0,31,31
1033942.384700288,99999.99999999997,1984.1269841269836,931958.257716161,124999999.99999999,124999999.99999999,249999999.99999997,378300488.1305102,30,30
0.0,49999.99999999998,0.0,-49999.99999999998,0.0,0.0,0.0,249999999.99999997,0,0
0.0,0.0,0.0,0.0,0.0,0.0,0.0,0.0,0,0
0.0,0.0,0.0,0.0,0.0,0.0,0.0,0.0,0,0
0.0,0.0,0.0,0.0,0.0,0.0,0.0,0.0,0,0
0.0,0.0,0.0,0.0,0.0,0.0,0.0,0.0,0,0
0.0,0.0,0.0,0.0,0.0,0.0,0.0,0.0,0,0
0.0,0.0,0.0,0.0,0.0,0.0,0.0,0.0,0,0
0.0,0.0,0.0,0.0,0.0,0.0,0.0,0.0,0,0
0.0,0.0,0.0,0.0,0.0,0.0,0.0,0.0,0,0
0.0,0.0,0.0,0.0,0.0,0.0,0.0,0.0,0,0
0.0,0.0,0.0,0.0,0.0,0.0,0.0,0.0,0,0
0.0,0.0,0.0,0.0,0.0,0.0,0.0,0.0,0,0
0.0,0.0,0.0,0.0,0.0,0.0,0.0,0.0,0,0
0.0,0.0,0.0,0.0,0.0,0.0,0.0,0.0,0,0
0.0,0.0,0.0,0.0,0.0,0.0,0.0,0.0,0,0
0.0,0.0,0.0,0.0,0.0,0.0,0.0,0.0,0,0
0.0,0.0,0.0,0.0,0.0,0.0,0.0,0.0,0,0
0.0,0.0,0.0,0.0,0.0,0.0,0.0,0.0,0,0
0.0,0.0,0.0,0.0,0.0,0.0,0.0,0.0,0,0
0.0,0.0,0.0,0.0,0.0,0.0,0.0,0.0,0,0
0.0,0.0,0.0,0.0,0.0,0.0,0.0,0.0,0,0
0.0,0.0,0.0,0.0,0.0,0.0,0.0,0.0,0,0
0.0,0.0,0.0,0.0,0.0,0.0,0.0,0.0,0,0
0.0,0.0,0.0,0.0,0.0,0.0,0.0,0.0,0,0
0.0,0.0,0.0,0.0,0.0,0.0,0.0,0.0,0,0
0.0,0.0,0.0,0.0,0.0,0.0,0.0,0.0,0,0
0.0,0.0,0.0,0.0,0.0,0.0,0.0,0.0,0,0
0.0,0.0,0.0,0.0,0.0,0.0,0.0,0.0,0,0
0.0,0.0,0.0,0.0,0.0,0.0,0.0,0.0,0,0
0.0,0.0,0.0,0.0,0.0,0.0,0.0,0.0,0,0
-570584.4853756315,50000.0,1984.1269841269843,-622568.6123597585,125000000.0,125000000.00000001,250000000.0,250000000.00000003,31,31
0.0,50000.0,0.0,-50000.0,0.0,0.0,0.0,250000000.00000003,0,0
-845694.0971757774,50000.00000000002,1984.126984126984,-897678.2241599044,125000000.0,125000000.00000001,250000000.0,250000000.0,30,30
0.0,50000.00000000002,0.0,-50000.00000000002,0.0,0.0,0.0,250000000.0,0,0
0.0,0.0,0.0,0.0,0.0,0.0,0.0,0.0,0,0
-351165.5394218311,50000.0,1984.1269841269843,-403149.66640595807,125000000.00000001,125000000.0,250000000.0,250000000.00000003,30,30
-243851.14367777112,100000.00000000003,1984.1269841269839,-345835.27066189813,125000000.00000001,125000000.00000001,250000000.00000003,354288188.9884441,30,30
49289.25720340443,100000.00000000003,1984.1269841269839,-52694.86978072258,125000000.0,124999999.99999999,250000000.0,356444200.9515943,30,30
0.0,49999.999999999985,0.0,-49999.999999999985,0.0,0.0,0.0,250000000.0,0,0
524818.9337576573,50000.00000000001,1984.126984126984,472834.8067735303,125000000.0,125000000.00000001,250000000.0,250000000.00000003,30,30
0.0,50000.00000000001,0.0,-50000.00000000001,0.0,0.0,0.0,250000000.00000003,0,0
294325.56240387226,50000.00000000001,1984.126984126984,242341.43541974528,125000000.0,124999999.99999999,250000000.0,249999999.99999997,31,31
0.0,50000.00000000001,0.0,-50000.00000000001,0.0,0.0,0.0,249999999.99999997,0,0
0.0,0.0,0.0,0.0,0.0,0.0,0.0,0.0,0,0
0.0,0.0,0.0,0.0,0.0,0.0,0.0,0.0,0,0
0.0,0.0,0.0,0.0,0.0,0.0,0.0,0.0,0,0
0.0,0.0,0.0,0.0,0.0,0.0,0.0,0.0,0,0
0.0,0.0,0.0,0.0,0.0,0.0,0.0,0.0,0,0
0.0,0.0,0.0,0.0,0.0,0.0,0.0,0.0,0,0
0.0,0.0,0.0,0.0,0.0,0.0,0.0,0.0,0,0
0.0,0.0,0.0,0.0,0.0,0.0,0.0,0.0,0,0
0.0,0.0,0.0,0.0,0.0,0.0,0.0,0.0,0,0
0.0,0.0,0.0,0.0,0.0,0.0,0.0,0.0,0,0
-186306.3933412817,49999.99999999999,1984.1269841269843,-238290.5203254087,125000000.0,125000000.0,250000000.0,250000000.0,33,33
0.0,49999.99999999999,0.0,-49999.99999999999,0.0,0.0,0.0,250000000.0,0,0
0.0,0.0,0.0,0.0,0.0,0.0,0.0,0.0,0,0
0.0,0.0,0.0,0.0,0.0,0.0,0.0,0.0,0,0
0.0,0.0,0.0,0.0,0.0,0.0,0.0,0.0,0,0
0.0,0.0,0.0,0.0,0.0,0.0,0.0,0.0,0,0
0.0,0.0,0.0,0.0,0.0,0.0,0.0,0.0,0,0
42476.02713836817,50000.000000000015,1984.1269841269836,-9508.09984575883,125000000.0,125000000.00000001,250000000.0,250000000.0,33,33
0.0,50000.000000000015,0.0,-50000.000000000015,0.0,0.0,0.0,250000000.0,0,0
-208531.9214448044,49999.99999999999,1984.1269841269839,-260516.0484289314,125000000.0,125000000.0,250000000.0,250000000.0,32,32
0.0,49999.99999999999,0.0,-49999.99999999999,0.0,0.0,0.0,250000000.0,0,0
614030.38958956,50000.0,1984.1269841269843,562046.262605433,125000000.00000003,125000000.00000003,250000000.00000006,250000000.00000006,31,31
0.0,50000.0,0.0,-50000.0,0.0,0.0,0.0,250000000.00000006,0,0
0.0,0.0,0.0,0.0,0.0,0.0,0.0,0.0,0,0
0.0,0.0,0.0,0.0,0.0,0.0,0.0,0.0,0,0
0.0,0.0,0.0,0.0,0.0,0.0,0.0,0.0,0,0
0.0,0.0,0.0,0.0,0.0,0.0,0.0,0.0,0,0
0.0,0.0,0.0,0.0,0.0,0.0,0.0,0.0,0,0
1224116.359885893,50000.0,1984.126984126984,1172132.232901766,125000000.0,125000000.0,250000000.0,250000000.0,29,29
676633.0386431739,100000.00000000003,1984.126984126984,574648.9116590469,125000000.0,124999999.99999999,250000000.0,381499437.7600223,31,31
0.0,50000.0,0.0,-50000.0,0.0,0.0,0.0,250000000.0,0,0
0.0,0.0,0.0,0.0,0.0,0.0,0.0,0.0,0,0
0.0,0.0,0.0,0.0,0.0,0.0,0.0,0.0,0,0
0.0,0.0,0.0,0.0,0.0,0.0,0.0,0.0,0,0
0.0,0.0,0.0,0.0,0.0,0.0,0.0,0.0,0,0
0.0,0.0,0.0,0.0,0.0,0.0,0.0,0.0,0,0
0.0,0.0,0.0,0.0,0.0,0.0,0.0,0.0,0,0
0.0,0.0,0.0,0.0,0.0,0.0,0.0,0.0,0,0
0.0,0.0,0.0,0.0,0.0,0.0,0.0,0.0,0,0
0.0,0.0,0.0,0.0,0.0,0.0,0.0,0.0,0,0
0.0,0.0,0.0,0.0,0.0,0.0,0.0,0.0,0,0
0.0,0.0,0.0,0.0,0.0,0.0,0.0,0.0,0,0
0.0,0.0,0.0,0.0,0.0,0.0,0.0,0.0,0,0
0.0,0.0,0.0,0.0,0.0,0.0,0.0,0.0,0,0
0.0,0.0,0.0,0.0,0.0,0.0,0.0,0.0,0,0
0.0,0.0,0.0,0.0,0.0,0.0,0.0,0.0,0,0
0.0,0.0,0.0,0.0,0.0,0.0,0.0,0.0,0,0
0.0,0.0,0.0,0.0,0.0,0.0,0.0,0.0,0,0
0.0,0.0,0.0,0.0,0.0,0.0,0.0,0.0,0,0
0.0,0.0,0.0,0.0,0.0,0.0,0.0,0.0,0,0
0.0,0.0,0.0,0.0,0.0,0.0,0.0,0.0,0,0
0.0,0.0,0.0,0.0,0.0,0.0,0.0,0.0,0,0
0.0,0.0,0.0,0.0,0.0,0.0,0.0,0.0,0,0
0.0,0.0,0.0,0.0,0.0,0.0,0.0,0.0,0,0
0.0,0.0,0.0,0.0,0.0,0.0,0.0,0.0,0,0
0.0,0.0,0.0,0.0,0.0,0.0,0.0,0.0,0,0
0.0,0.0,0.0,0.0,0.0,0.0,0.0,0.0,0,0
0.0,0.0,0.0,0.0,0.0,0.0,0.0,0.0,0,0
0.0,0.0,0.0,0.0,0.0,0.0,0.0,0.0,0,0
0.0,0.0,0.0,0.0,0.0,0.0,0.0,0.0,0,0
0.0,0.0,0.0,0.0,0.0,0.0,0.0,0.0,0,0
0.0,0.0,0.0,0.0,0.0,0.0,0.0,0.0,0,0
0.0,0.0,0.0,0.0,0.0,0.0,0.0,0.0,0,0
0.0,0.0,0.0,0.0,0.0,0.0,0.0,0.0,0,0
0.0,0.0,0.0,0.0,0.0,0.0,0.0,0.0,0,0
0.0,0.0,0.0,0.0,0.0,0.0,0.0,0.0,0,0
0.0,0.0,0.0,0.0,0.0,0.0,0.0,0.0,0,0
0.0,0.0,0.0,0.0,0.0,0.0,0.0,0.0,0,0
0.0,0.0,0.0,0.0,0.0,0.0,0.0,0.0,0,0
0.0,0.0,0.0,0.0,0.0,0.0,0.0,0.0,0,0
0.0,0.0,0.0,0.0,0.0,0.0,0.0,0.0,0,0
0.0,0.0,0.0,0.0,0.0,0.0,0.0,0.0,0,0
0.0,0.0,0.0,0.0,0.0,0.0,0.0,0.0,0,0
0.0,0.0,0.0,0.0,0.0,0.0,0.0,0.0,0,0
0.0,0.0,0.0,0.0,0.0,0.0,0.0,0.0,0,0
0.0,0.0,0.0,0.0,0.0,0.0,0.0,0.0,0,0
0.0,0.0,0.0,0.0,0.0,0.0,0.0,0.0,0,0
0.0,0.0,0.0,0.0,0.0,0.0,0.0,0.0,0,0
0.0,0.0,0.0,0.0,0.0,0.0,0.0,0.0,0,0
0.0,0.0,0.0,0.0,0.0,0.0,0.0,0.0,0,0
0.0,0.0,0.0,0.0,0.0,0.0,0.0,0.0,0,0
0.0,0.0,0.0,0.0,0.0,0.0,0.0,0.0,0,0
0.0,0.0,0.0,0.0,0.0,0.0,0.0,0.0,0,0
0.0,0.0,0.0,0.0,0.0,0.0,0.0,0.0,0,0
0.0,0.0,0.0,0.0,0.0,0.0,0.0,0.0,0,0
0.0,0.0,0.0,0.0,0.0,0.0,0.0,0.0,0,0
0.0,0.0,0.0,0.0,0.0,0.0,0.0,0.0,0,0
0.0,0.0,0.0,0.0,0.0,0.0,0.0,0.0,0,0
0.0,0.0,0.0,0.0,0.0,0.0,0.0,0.0,0,0
0.0,0.0,0.0,0.0,0.0,0.0,0.0,0.0,0,0
0.0,0.0,0.0,0.0,0.0,0.0,0.0,0.0,0,0
0.0,0.0,0.0,0.0,0.0,0.0,0.0,0.0,0,0
0.0,0.0,0.0,0.0,0.0,0.0,0.0,0.0,0,0
0.0,0.0,0.0,0.0,0.0,0.0,0.0,0.0,0,0
0.0,0.0,0.0,0.0,0.0,0.0,0.0,0.0,0,0
0.0,0.0,0.0,0.0,0.0,0.0,0.0,0.0,0,0
0.0,0.0,0.0,0.0,0.0,0.0,0.0,0.0,0,0
0.0,0.0,0.0,0.0,0.0,0.0,0.0,0.0,0,0
0.0,0.0,0.0,0.0,0.0,0.0,0.0,0.0,0,0
0.0,0.0,0.0,0.0,0.0,0.0,0.0,0.0,0,0
0.0,0.0,0.0,0.0,0.0,0.0,0.0,0.0,0,0
0.0,0.0,0.0,0.0,0.0,0.0,0.0,0.0,0,0
0.0,0.0,0.0,0.0,0.0,0.0,0.0,0.0,0,0
0.0,0.0,0.0,0.0,0.0,0.0,0.0,0.0,0,0
0.0,0.0,0.0,0.0,0.0,0.0,0.0,0.0,0,0
0.0,0.0,0.0,0.0,0.0,0.0,0.0,0.0,0,0
0.0,0.0,0.0,0.0,0.0,0.0,0.0,0.0,0,0
0.0,0.0,0.0,0.0,0.0,0.0,0.0,0.0,0,0
0.0,0.0,0.0,0.0,0.0,0.0,0.0,0.0,0,0
0.0,0.0,0.0,0.0,0.0,0.0,0.0,0.0,0,0
0.0,0.0,0.0,0.0,0.0,0.0,0.0,0.0,0,0
0.0,0.0,0.0,0.0,0.0,0.0,0.0,0.0,0,0
0.0,0.0,0.0,0.0,0.0,0.0,0.0,0.0,0,0
0.0,0.0,0.0,0.0,0.0,0.0,0.0,0.0,0,0
0.0,0.0,0.0,0.0,0.0,0.0,0.0,0.0,0,0
0.0,0.0,0.0,0.0,0.0,0.0,0.0,0.0,0,0
0.0,0.0,0.0,0.0,0.0,0.0,0.0,0.0,0,0
0.0,0.0,0.0,0.0,0.0,0.0,0.0,0.0,0,0
0.0,0.0,0.0,0.0,0.0,0.0,0.0,0.0,0,0
0.0,0.0,0.0,0.0,0.0,0.0,0.0,0.0,0,0
0.0,0.0,0.0,0.0,0.0,0.0,0.0,0.0,0,0
0.0,0.0,0.0,0.0,0.0,0.0,0.0,0.0,0,0
0.0,0.0,0.0,0.0,0.0,0.0,0.0,0.0,0,0
0.0,0.0,0.0,0.0,0.0,0.0,0.0,0.0,0,0
0.0,0.0,0.0,0.0,0.0,0.0,0.0,0.0,0,0
0.0,0.0,0.0,0.0,0.0,0.0,0.0,0.0,0,0
0.0,0.0,0.0,0.0,0.0,0.0,0.0,0.0,0,0
0.0,0.0,0.0,0.0,0.0,0.0,0.0,0.0,0,0
0.0,0.0,0.0,0.0,0.0,0.0,0.0,0.0,0,0
0.0,0.0,0.0,0.0,0.0,0.0,0.0,0.0,0,0
0.0,0.0,0.0,0.0,0.0,0.0,0.0,0.0,0,0
0.0,0.0,0.0,0.0,0.0,0.0,0.0,0.0,0,0
0.0,0.0,0.0,0.0,0.0,0.0,0.0,0.0,0,0
0.0,0.0,0.0,0.0,0.0,0.0,0.0,0.0,0,0
0.0,0.0,0.0,0.0,0.0,0.0,0.0,0.0,0,0
0.0,0.0,0.0,0.0,0.0,0.0,0.0,0.0,0,0
0.0,0.0,0.0,0.0,0.0,0.0,0.0,0.0,0,0
0.0,0.0,0.0,0.0,0.0,0.0,0.0,0.0,0,0
0.0,0.0,0.0,0.0,0.0,0.0,0.0,0.0,0,0
0.0,0.0,0.0,0.0,0.0,0.0,0.0,0.0,0,0
0.0,0.0,0.0,0.0,0.0,0.0,0.0,0.0,0,0
0.0,0.0,0.0,0.0,0.0,0.0,0.0,0.0,0,0
0.0,0.0,0.0,0.0,0.0,0.0,0.0,0.0,0,0
0.0,0.0,0.0,0.0,0.0,0.0,0.0,0.0,0,0
743278.304023756,49999.99999999999,1984.126984126984,691294.177039629,125000000.0,124999999.99999999,250000000.0,249999999.99999997,33,33
0.0,49999.99999999999,0.0,-49999.99999999999,0.0,0.0,0.0,249999999.99999997,0,0
0.0,0.0,0.0,0.0,0.0,0.0,0.0,0.0,0,0
0.0,0.0,0.0,0.0,0.0,0.0,0.0,0.0,0,0
0.0,0.0,0.0,0.0,0.0,0.0,0.0,0.0,0,0
0.0,0.0,0.0,0.0,0.0,0.0,0.0,0.0,0,0
403449.151067042,49999.99999999999,1984.1269841269839,351465.02408291504,125000000.0,125000000.00000001,250000000.0,250000000.0,32,32
0.0,49999.99999999999,0.0,-49999.99999999999,0.0,0.0,0.0,250000000.0,0,0
0.0,0.0,0.0,0.0,0.0,0.0,0.0,0.0,0,0
0.0,0.0,0.0,0.0,0.0,0.0,0.0,0.0,0,0
0.0,0.0,0.0,0.0,0.0,0.0,0.0,0.0,0,0
0.0,0.0,0.0,0.0,0.0,0.0,0.0,0.0,0,0
0.0,0.0,0.0,0.0,0.0,0.0,0.0,0.0,0,0
0.0,0.0,0.0,0.0,0.0,0.0,0.0,0.0,0,0
0.0,0.0,0.0,0.0,0.0,0.0,0.0,0.0,0,0
926500.2710166757,49999.999999999985,1984.126984126984,874516.1440325488,125000000.00000001,125000000.0,250000000.0,250000000.0,31,31
0.0,49999.999999999985,0.0,-49999.999999999985,0.0,0.0,0.0,250000000.0,0,0
-599359.4209945595,49999.99999999999,1984.1269841269839,-651343.5479786865,125000000.0,125000000.0,250000000.0,250000000.0,33,33
-331755.69658822264,103200.8101396297,1984.126984126984,-436940.6337119793,125000000.0,125000000.0,250000000.0,393336022.495421,33,33
0.0,49999.99999999999,0.0,-49999.99999999999,0.0,0.0,0.0,250000000.0,0,0
-659003.5919014753,50000.0,1984.1269841269839,-710987.7188856023,125000000.0,125000000.0,250000000.0,250000000.0,33,33
1466933.1102804143,99999.99999999996,1984.1269841269834,1364948.9832962872,125000000.00000001,125000000.0,250000000.0,299645903.21098316,33,33
0.0,50000.00000000001,0.0,-50000.00000000001,0.0,0.0,0.0,250000000.0,0,0
-216777.88295808272,50000.000000000015,1984.126984126984,-268762.0099422097,125000000.00000003,125000000.0,250000000.00000003,250000000.00000003,33,33
-1522349.509094663,99999.99999999999,1984.126984126984,-1624333.63607879,125000000.0,125000000.00000001,250000000.0,318248056.99026614,33,33
-5224509.512180798,101099.64383700004,1984.1269841269848,-5327593.283001925,124999999.99999999,125000000.00000001,250000000.0,311477808.1415016,33,33
3539410.280808257,99999.99999999997,1984.126984126984,3437426.15382413,124999999.99999999,125000000.00000001,250000000.0,319303442.5759821,33,33
791968.1058477561,100852.29157576093,1984.1269841269848,689131.6872878682,125000000.00000001,125000000.00000003,250000000.00000006,408984769.5904944,33,33
-156058.7540784841,102491.7528221198,1984.126984126984,-260534.6338847309,124999999.99999999,125000000.0,250000000.0,400297936.44915557,33,33
-720212.1771642433,103230.372029374,1984.1269841269836,-825426.6761777443,124999999.99999999,125000000.0,250000000.0,398703755.30598253,33,33
-748849.7759803801,102226.1126845725,1984.126984126984,-853060.0156490796,125000000.0,125000000.0,250000000.0,347196189.896537,33,33
285710.3394108049,102922.01429676742,1984.1269841269839,180804.1981299105,125000000.0,125000000.0,250000000.0,416636502.66683656,33,33
546688.8202778045,103651.12899135062,1984.1269841269846,441053.5643023269,124999999.99999997,125000000.00000001,250000000.0,443299459.9850855,33,33
100446.80335602896,103844.99248977198,1984.1269841269839,-5382.3161178699975,124999999.99999999,125000000.0,250000000.0,445145748.2842908,33,33
0.0,49999.99999999999,0.0,-49999.99999999999,0.0,0.0,0.0,250000000.0,0,0
0.0,0.0,0.0,0.0,0.0,0.0,0.0,0.0,0,0
640157.7923183464,49999.99999999998,1984.1269841269836,588173.6653342195,125000000.0,125000000.0,250000000.0,250000000.0,33,33
-160439.87116656874,108011.78843798029,1984.126984126984,-270435.78658867604,124999999.99999999,125000000.0,250000000.0,487494944.6060239,33,33
-497882.1633144334,110648.65363486012,1984.126984126984,-610514.9439334205,125000000.00000001,124999999.99999999,250000000.0,487937356.9626789,33,33
0.0,49999.99999999999,0.0,-49999.99999999999,0.0,0.0,0.0,250000000.0,0,0
0.0,0.0,0.0,0.0,0.0,0.0,0.0,0.0,0,0
0.0,0.0,0.0,0.0,0.0,0.0,0.0,0.0,0,0
0.0,0.0,0.0,0.0,0.0,0.0,0.0,0.0,0,0
0.0,0.0,0.0,0.0,0.0,0.0,0.0,0.0,0,0
0.0,0.0,0.0,0.0,0.0,0.0,0.0,0.0,0,0
0.0,0.0,0.0,0.0,0.0,0.0,0.0,0.0,0,0
112241.98496752614,49999.99999999999,1984.126984126984,60257.85798339916,125000000.0,125000000.00000001,250000000.0,250000000.0,33,33
-514627.7520723353,102569.67685697573,1984.126984126984,-619181.555913438,125000000.00000001,124999999.99999999,250000000.0,384163495.3353957,32,32
1131216.1106419938,99999.99999999996,1984.1269841269836,1029231.9836578668,124999999.99999999,125000000.0,250000000.0,366495171.90741163,32,32
-383807.1244009686,100783.501394,1984.126984126984,-486574.7527790956,125000000.00000001,125000000.0,250000000.0,323331264.45403737,32,32
190929.67546911223,100977.23255491273,1984.1269841269839,87968.31593007252,125000000.0,125000000.0,250000000.0,327156104.0616643,32,32
0.0,49999.999999999985,0.0,-49999.999999999985,0.0,0.0,0.0,250000000.0,0,0
0.0,0.0,0.0,0.0,0.0,0.0,0.0,0.0,0,0
0.0,0.0,0.0,0.0,0.0,0.0,0.0,0.0,0,0
-475277.7288137246,50000.00000000002,1984.1269841269843,-527261.8557978516,125000000.00000001,125000000.00000001,250000000.00000003,250000000.00000003,32,32
0.0,50000.00000000002,0.0,-50000.00000000002,0.0,0.0,0.0,250000000.00000003,0,0
0.0,0.0,0.0,0.0,0.0,0.0,0.0,0.0,0,0
0.0,0.0,0.0,0.0,0.0,0.0,0.0,0.0,0,0
0.0,0.0,0.0,0.0,0.0,0.0,0.0,0.0,0,0
0.0,0.0,0.0,0.0,0.0,0.0,0.0,0.0,0,0
0.0,0.0,0.0,0.0,0.0,0.0,0.0,0.0,0,0
374428.3496743927,50000.0,1984.1269841269839,322444.22269026574,125000000.0,124999999.99999999,250000000.0,250000000.0,32,32
0.0,50000.0,0.0,-50000.0,0.0,0.0,0.0,250000000.0,0,0
0.0,0.0,0.0,0.0,0.0,0.0,0.0,0.0,0,0
0.0,0.0,0.0,0.0,0.0,0.0,0.0,0.0,0,0
0.0,0.0,0.0,0.0,0.0,0.0,0.0,0.0,0,0
0.0,0.0,0.0,0.0,0.0,0.0,0.0,0.0,0,0
0.0,0.0,0.0,0.0,0.0,0.0,0.0,0.0,0,0
0.0,0.0,0.0,0.0,0.0,0.0,0.0,0.0,0,0
0.0,0.0,0.0,0.0,0.0,0.0,0.0,0.0,0,0
0.0,0.0,0.0,0.0,0.0,0.0,0.0,0.0,0,0
0.0,0.0,0.0,0.0,0.0,0.0,0.0,0.0,0,0
0.0,0.0,0.0,0.0,0.0,0.0,0.0,0.0,0,0
0.0,0.0,0.0,0.0,0.0,0.0,0.0,0.0,0,0
0.0,0.0,0.0,0.0,0.0,0.0,0.0,0.0,0,0
0.0,0.0,0.0,0.0,0.0,0.0,0.0,0.0,0,0
0.0,0.0,0.0,0.0,0.0,0.0,0.0,0.0,0,0
0.0,0.0,0.0,0.0,0.0,0.0,0.0,0.0,0,0
0.0,0.0,0.0,0.0,0.0,0.0,0.0,0.0,0,0
0.0,0.0,0.0,0.0,0.0,0.0,0.0,0.0,0,0
0.0,0.0,0.0,0.0,0.0,0.0,0.0,0.0,0,0
0.0,0.0,0.0,0.0,0.0,0.0,0.0,0.0,0,0
0.0,0.0,0.0,0.0,0.0,0.0,0.0,0.0,0,0
0.0,0.0,0.0,0.0,0.0,0.0,0.0,0.0,0,0
0.0,0.0,0.0,0.0,0.0,0.0,0.0,0.0,0,0
20877.472978393143,49999.99999999997,1984.1269841269839,-31106.65400573381,125000000.0,124999999.99999999,250000000.0,250000000.0,33,33
0.0,49999.99999999997,0.0,-49999.99999999997,0.0,0.0,0.0,250000000.0,0,0
0.0,0.0,0.0,0.0,0.0,0.0,0.0,0.0,0,0
0.0,0.0,0.0,0.0,0.0,0.0,0.0,0.0,0,0
0.0,0.0,0.0,0.0,0.0,0.0,0.0,0.0,0,0
0.0,0.0,0.0,0.0,0.0,0.0,0.0,0.0,0,0
0.0,0.0,0.0,0.0,0.0,0.0,0.0,0.0,0,0
0.0,0.0,0.0,0.0,0.0,0.0,0.0,0.0,0,0
0.0,0.0,0.0,0.0,0.0,0.0,0.0,0.0,0,0
0.0,0.0,0.0,0.0,0.0,0.0,0.0,0.0,0,0
0.0,0.0,0.0,0.0,0.0,0.0,0.0,0.0,0,0
0.0,0.0,0.0,0.0,0.0,0.0,0.0,0.0,0,0
0.0,0.0,0.0,0.0,0.0,0.0,0.0,0.0,0,0
0.0,0.0,0.0,0.0,0.0,0.0,0.0,0.0,0,0
0.0,0.0,0.0,0.0,0.0,0.0,0.0,0.0,0,0
735239.6809268247,50000.000000000015,1984.1269841269846,683255.5539426977,125000000.00000001,125000000.00000003,250000000.00000006,250000000.00000003,31,31
0.0,50000.000000000015,0.0,-50000.000000000015,0.0,0.0,0.0,250000000.00000003,0,0
0.0,0.0,0.0,0.0,0.0,0.0,0.0,0.0,0,0
-107837.74476566809,50000.000000000015,1984.1269841269839,-159821.8717497951,124999999.99999999,124999999.99999999,249999999.99999997,249999999.99999997,31,31
459137.1829986288,100000.00000000003,1984.1269841269839,357153.05601450184,125000000.0,124999999.99999999,250000000.0,352867509.437667,31,31
0.0,50000.0,0.0,-50000.0,0.0,0.0,0.0,250000000.0,0,0
0.0,0.0,0.0,0.0,0.0,0.0,0.0,0.0,0,0
0.0,0.0,0.0,0.0,0.0,0.0,0.0,0.0,0,0
118684.48288113464,49999.99999999999,1984.126984126984,66700.35589700766,125000000.0,125000000.0,250000000.0,250000000.0,31,31
0.0,49999.99999999999,0.0,-49999.99999999999,0.0,0.0,0.0,250000000.0,0,0
0.0,0.0,0.0,0.0,0.0,0.0,0.0,0.0,0,0
0.0,0.0,0.0,0.0,0.0,0.0,0.0,0.0,0,0
0.0,0.0,0.0,0.0,0.0,0.0,0.0,0.0,0,0
0.0,0.0,0.0,0.0,0.0,0.0,0.0,0.0,0,0
0.0,0.0,0.0,0.0,0.0,0.0,0.0,0.0,0,0
0.0,0.0,0.0,0.0,0.0,0.0,0.0,0.0,0,0
0.0,0.0,0.0,0.0,0.0,0.0,0.0,0.0,0,0
0.0,0.0,0.0,0.0,0.0,0.0,0.0,0.0,0,0
0.0,0.0,0.0,0.0,0.0,0.0,0.0,0.0,0,0
-1357795.2450223253,49999.99999999999,1984.1269841269843,-1409779.3720064524,124999999.99999999,125000000.0,250000000.0,249999999.99999997,33,33
1254778.9129006688,100000.00000000004,1984.1269841269843,1152794.7859165417,124999999.99999997,125000000.0,249999999.99999997,315252509.52847266,33,33
504526.77965280577,100364.39583968848,1984.126984126984,402178.2568289903,125000000.0,125000000.0,250000000.0,275888808.5840335,33,33
1095459.5624627804,100543.69815057219,1984.126984126984,992931.7373280813,124999999.99999999,125000000.0,250000000.0,214337836.32857448,33,33
453989.6620246217,99999.99999999999,1984.1269841269843,352005.5350404947,125000000.0,125000000.00000001,250000000.0,283682747.04442644,34,34
0.0,50000.00000000001,0.0,-50000.00000000001,0.0,0.0,0.0,250000000.00000003,0,0
-2684344.4685777966,50000.0,1984.1269841269836,-2736328.5955619235,125000000.0,124999999.99999999,250000000.0,250000000.0,33,33
686572.3985324041,102019.9714969161,1984.126984126984,582568.300051361,124999999.99999999,125000000.0,250000000.0,333502025.8888386,33,33
-662926.5982125195,100000.00000000001,1984.1269841269839,-764910.7251966465,125000000.00000003,124999999.99999999,250000000.0,427046475.8764041,33,33
-1882912.6704208504,100000.0,1984.126984126984,-1984896.7974049775,124999999.99999999,125000000.0,250000000.0,438785564.4034565,32,32
1850037.5949883952,102129.09553319444,1984.1269841269843,1745924.3724710736,124999999.99999999,125000000.0,250000000.0,383591804.5119948,31,31
-1324036.8416148894,100000.0,1984.126984126984,-1426020.9685990165,125000000.00000001,125000000.0,250000000.0,358828999.02145374,31,31
1119548.5160349747,104453.38484382478,1984.126984126984,1013111.004207023,125000000.00000001,125000000.0,250000000.0,404204608.77601063,32,32
0.0,50000.00000000001,0.0,-50000.00000000001,0.0,0.0,0.0,250000000.0,0,0
0.0,0.0,0.0,0.0,0.0,0.0,0.0,0.0,0,0
0.0,0.0,0.0,0.0,0.0,0.0,0.0,0.0,0,0
0.0,0.0,0.0,0.0,0.0,0.0,0.0,0.0,0,0
0.0,0.0,0.0,0.0,0.0,0.0,0.0,0.0,0,0
1036830.5062786163,50000.00000000002,1984.126984126984,984846.3792944893,125000000.0,125000000.0,250000000.0,250000000.0,31,31
0.0,50000.00000000002,0.0,-50000.00000000002,0.0,0.0,0.0,250000000.0,0,0
0.0,0.0,0.0,0.0,0.0,0.0,0.0,0.0,0,0
-748627.7732688945,50000.00000000001,1984.1269841269839,-800611.9002530215,124999999.99999999,125000000.0,250000000.0,250000000.0,31,31
-1852724.7282592636,103437.26478618242,1984.1269841269832,-1958146.120029573,124999999.99999999,124999999.99999999,249999999.99999997,393528090.4055527,32,32
919352.5070154044,100000.00000000003,1984.126984126984,817368.3800312774,125000000.0,125000000.0,250000000.0,384924828.84779584,32,32
-651108.084706343,102070.49947469983,1984.1269841269836,-755162.7111651698,124999999.99999999,124999999.99999999,249999999.99999997,369357639.85969025,31,31
713162.3627348837,101816.90549688762,1984.1269841269836,609361.3302538691,125000000.0,125000000.0,250000000.0,393941683.1826216,32,32
1725999.254635328,100000.0,1984.1269841269839,1624015.1276512009,125000000.0,124999999.99999999,250000000.0,355876121.8633107,32,32
667362.202979244,103629.72278568773,1984.126984126984,561748.3532094292,125000000.0,125000000.0,250000000.0,399296322.42893726,33,33
-742140.0964834158,106411.26299490566,1984.1269841269843,-850535.4864624485,125000000.0,125000000.0,250000000.0,406192554.5860889,32,32
140282.85925897385,105876.24964822226,1984.1269841269843,32422.482626624605,125000000.00000001,125000000.0,250000000.0,459348784.18844646,32,32
779351.1758572342,107582.80762705166,1984.1269841269836,669784.2412460555,125000000.0,124999999.99999999,250000000.0,428390973.7537376,33,33
0.0,50000.000000000015,0.0,-50000.000000000015,0.0,0.0,0.0,249999999.99999997,0,0
323554.1475379135,49999.99999999999,1984.1269841269843,271570.02055378654,125000000.00000001,124999999.99999999,250000000.0,250000000.0,33,33
0.0,49999.99999999999,0.0,-49999.99999999999,0.0,0.0,0.0,250000000.0,0,0
0.0,0.0,0.0,0.0,0.0,0.0,0.0,0.0,0,0
0.0,0.0,0.0,0.0,0.0,0.0,0.0,0.0,0,0
0.0,0.0,0.0,0.0,0.0,0.0,0.0,0.0,0,0
0.0,0.0,0.0,0.0,0.0,0.0,0.0,0.0,0,0
0.0,0.0,0.0,0.0,0.0,0.0,0.0,0.0,0,0
0.0,0.0,0.0,0.0,0.0,0.0,0.0,0.0,0,0
0.0,0.0,0.0,0.0,0.0,0.0,0.0,0.0,0,0
0.0,0.0,0.0,0.0,0.0,0.0,0.0,0.0,0,0
0.0,0.0,0.0,0.0,0.0,0.0,0.0,0.0,0,0
0.0,0.0,0.0,0.0,0.0,0.0,0.0,0.0,0,0
0.0,0.0,0.0,0.0,0.0,0.0,0.0,0.0,0,0
0.0,0.0,0.0,0.0,0.0,0.0,0.0,0.0,0,0
0.0,0.0,0.0,0.0,0.0,0.0,0.0,0.0,0,0
17948.941790357956,50000.0,1984.126984126984,-34035.18519376903,125000000.0,125000000.0,250000000.0,250000000.0,34,34
0.0,50000.0,0.0,-50000.0,0.0,0.0,0.0,250000000.0,0,0
0.0,0.0,0.0,0.0,0.0,0.0,0.0,0.0,0,0
0.0,0.0,0.0,0.0,0.0,0.0,0.0,0.0,0,0
0.0,0.0,0.0,0.0,0.0,0.0,0.0,0.0,0,0
0.0,0.0,0.0,0.0,0.0,0.0,0.0,0.0,0,0
0.0,0.0,0.0,0.0,0.0,0.0,0.0,0.0,0,0
0.0,0.0,0.0,0.0,0.0,0.0,0.0,0.0,0,0
0.0,0.0,0.0,0.0,0.0,0.0,0.0,0.0,0,0
0.0,0.0,0.0,0.0,0.0,0.0,0.0,0.0,0,0
0.0,0.0,0.0,0.0,0.0,0.0,0.0,0.0,0,0
0.0,0.0,0.0,0.0,0.0,0.0,0.0,0.0,0,0
0.0,0.0,0.0,0.0,0.0,0.0,0.0,0.0,0,0
0.0,0.0,0.0,0.0,0.0,0.0,0.0,0.0,0,0
0.0,0.0,0.0,0.0,0.0,0.0,0.0,0.0,0,0
0.0,0.0,0.0,0.0,0.0,0.0,0.0,0.0,0,0
0.0,0.0,0.0,0.0,0.0,0.0,0.0,0.0,0,0
0.0,0.0,0.0,0.0,0.0,0.0,0.0,0.0,0,0
0.0,0.0,0.0,0.0,0.0,0.0,0.0,0.0,0,0
0.0,0.0,0.0,0.0,0.0,0.0,0.0,0.0,0,0
0.0,0.0,0.0,0.0,0.0,0.0,0.0,0.0,0,0
0.0,0.0,0.0,0.0,0.0,0.0,0.0,0.0,0,0
0.0,0.0,0.0,0.0,0.0,0.0,0.0,0.0,0,0
0.0,0.0,0.0,0.0,0.0,0.0,0.0,0.0,0,0
0.0,0.0,0.0,0.0,0.0,0.0,0.0,0.0,0,0
0.0,0.0,0.0,0.0,0.0,0.0,0.0,0.0,0,0
0.0,0.0,0.0,0.0,0.0,0.0,0.0,0.0,0,0
0.0,0.0,0.0,0.0,0.0,0.0,0.0,0.0,0,0
0.0,0.0,0.0,0.0,0.0,0.0,0.0,0.0,0,0
0.0,0.0,0.0,0.0,0.0,0.0,0.0,0.0,0,0
0.0,0.0,0.0,0.0,0.0,0.0,0.0,0.0,0,0
0.0,0.0,0.0,0.0,0.0,0.0,0.0,0.0,0,0
0.0,0.0,0.0,0.0,0.0,0.0,0.0,0.0,0,0
0.0,0.0,0.0,0.0,0.0,0.0,0.0,0.0,0,0
55039.367953946494,50000.0,1984.126984126984,3055.2409698195097,124999999.99999997,124999999.99999999,249999999.99999994,249999999.99999997,30,30
1183704.8514838042,99999.99999999997,1984.1269841269839,1081720.724499677,125000000.00000001,125000000.0,250000000.0,310852116.6017081,28,28
0.0,50000.000000000015,0.0,-50000.000000000015,0.0,0.0,0.0,250000000.00000003,0,0
0.0,0.0,0.0,0.0,0.0,0.0,0.0,0.0,0,0
0.0,0.0,0.0,0.0,0.0,0.0,0.0,0.0,0,0
0.0,0.0,0.0,0.0,0.0,0.0,0.0,0.0,0,0
0.0,0.0,0.0,0.0,0.0,0.0,0.0,0.0,0,0
0.0,0.0,0.0,0.0,0.0,0.0,0.0,0.0,0,0
0.0,0.0,0.0,0.0,0.0,0.0,0.0,0.0,0,0
0.0,0.0,0.0,0.0,0.0,0.0,0.0,0.0,0,0
0.0,0.0,0.0,0.0,0.0,0.0,0.0,0.0,0,0
0.0,0.0,0.0,0.0,0.0,0.0,0.0,0.0,0,0
0.0,0.0,0.0,0.0,0.0,0.0,0.0,0.0,0,0
0.0,0.0,0.0,0.0,0.0,0.0,0.0,0.0,0,0
0.0,0.0,0.0,0.0,0.0,0.0,0.0,0.0,0,0
0.0,0.0,0.0,0.0,0.0,0.0,0.0,0.0,0,0
0.0,0.0,0.0,0.0,0.0,0.0,0.0,0.0,0,0
0.0,0.0,0.0,0.0,0.0,0.0,0.0,0.0,0,0
0.0,0.0,0.0,0.0,0.0,0.0,0.0,0.0,0,0
0.0,0.0,0.0,0.0,0.0,0.0,0.0,0.0,0,0
0.0,0.0,0.0,0.0,0.0,0.0,0.0,0.0,0,0
0.0,0.0,0.0,0.0,0.0,0.0,0.0,0.0,0,0
0.0,0.0,0.0,0.0,0.0,0.0,0.0,0.0,0,0
0.0,0.0,0.0,0.0,0.0,0.0,0.0,0.0,0,0
0.0,0.0,0.0,0.0,0.0,0.0,0.0,0.0,0,0
0.0,0.0,0.0,0.0,0.0,0.0,0.0,0.0,0,0
0.0,0.0,0.0,0.0,0.0,0.0,0.0,0.0,0,0
0.0,0.0,0.0,0.0,0.0,0.0,0.0,0.0,0,0
0.0,0.0,0.0,0.0,0.0,0.0,0.0,0.0,0,0
0.0,0.0,0.0,0.0,0.0,0.0,0.0,0.0,0,0
0.0,0.0,0.0,0.0,0.0,0.0,0.0,0.0,0,0
0.0,0.0,0.0,0.0,0.0,0.0,0.0,0.0,0,0
0.0,0.0,0.0,0.0,0.0,0.0,0.0,0.0,0,0
0.0,0.0,0.0,0.0,0.0,0.0,0.0,0.0,0,0
0.0,0.0,0.0,0.0,0.0,0.0,0.0,0.0,0,0
0.0,0.0,0.0,0.0,0.0,0.0,0.0,0.0,0,0
0.0,0.0,0.0,0.0,0.0,0.0,0.0,0.0,0,0
-822639.628177714,50000.000000000015,1984.126984126984,-874623.7551618409,124999999.99999999,124999999.99999999,249999999.99999997,249999999.99999997,32,32
2778571.4525062935,100000.0,1984.1269841269832,2676587.3255221667,124999999.99999999,124999999.99999997,249999999.99999994,364757301.8035543,33,33
1064619.1558103876,100882.46781301504,1984.1269841269839,961752.5610132456,125000000.0,125000000.0,250000000.0,353908265.0043449,33,33
322146.67867584206,100000.00000000004,1984.1269841269846,220162.55169171502,125000000.0,125000000.00000001,250000000.0,389546811.2895872,33,33
-270103.7353184368,100000.00000000001,1984.126984126984,-372087.8623025638,125000000.0,125000000.0,250000000.0,393837757.3205653,33,33
916041.3013562246,112011.74548835153,1984.1269841269839,802045.428883746,125000000.0,125000000.0,250000000.0,451634059.22143567,33,33
0.0,50000.00000000002,0.0,-50000.00000000002,0.0,0.0,0.0,250000000.0,0,0
835471.3590786872,49999.999999999985,1984.126984126984,783487.2320945602,125000000.0,125000000.0,250000000.0,250000000.0,34,34
0.0,49999.999999999985,0.0,-49999.999999999985,0.0,0.0,0.0,250000000.0,0,0
0.0,0.0,0.0,0.0,0.0,0.0,0.0,0.0,0,0
0.0,0.0,0.0,0.0,0.0,0.0,0.0,0.0,0,0
0.0,0.0,0.0,0.0,0.0,0.0,0.0,0.0,0,0
0.0,0.0,0.0,0.0,0.0,0.0,0.0,0.0,0,0
0.0,0.0,0.0,0.0,0.0,0.0,0.0,0.0,0,0
0.0,0.0,0.0,0.0,0.0,0.0,0.0,0.0,0,0
0.0,0.0,0.0,0.0,0.0,0.0,0.0,0.0,0,0
0.0,0.0,0.0,0.0,0.0,0.0,0.0,0.0,0,0
0.0,0.0,0.0,0.0,0.0,0.0,0.0,0.0,0,0
0.0,0.0,0.0,0.0,0.0,0.0,0.0,0.0,0,0
0.0,0.0,0.0,0.0,0.0,0.0,0.0,0.0,0,0
0.0,0.0,0.0,0.0,0.0,0.0,0.0,0.0,0,0
0.0,0.0,0.0,0.0,0.0,0.0,0.0,0.0,0,0
0.0,0.0,0.0,0.0,0.0,0.0,0.0,0.0,0,0
0.0,0.0,0.0,0.0,0.0,0.0,0.0,0.0,0,0
0.0,0.0,0.0,0.0,0.0,0.0,0.0,0.0,0,0
0.0,0.0,0.0,0.0,0.0,0.0,0.0,0.0,0,0
0.0,0.0,0.0,0.0,0.0,0.0,0.0,0.0,0,0
0.0,0.0,0.0,0.0,0.0,0.0,0.0,0.0,0,0
0.0,0.0,0.0,0.0,0.0,0.0,0.0,0.0,0,0
0.0,0.0,0.0,0.0,0.0,0.0,0.0,0.0,0,0
0.0,0.0,0.0,0.0,0.0,0.0,0.0,0.0,0,0
0.0,0.0,0.0,0.0,0.0,0.0,0.0,0.0,0,0
0.0,0.0,0.0,0.0,0.0,0.0,0.0,0.0,0,0
0.0,0.0,0.0,0.0,0.0,0.0,0.0,0.0,0,0
0.0,0.0,0.0,0.0,0.0,0.0,0.0,0.0,0,0
0.0,0.0,0.0,0.0,0.0,0.0,0.0,0.0,0,0
0.0,0.0,0.0,0.0,0.0,0.0,0.0,0.0,0,0
0.0,0.0,0.0,0.0,0.0,0.0,0.0,0.0,0,0
0.0,0.0,0.0,0.0,0.0,0.0,0.0,0.0,0,0
0.0,0.0,0.0,0.0,0.0,0.0,0.0,0.0,0,0
0.0,0.0,0.0,0.0,0.0,0.0,0.0,0.0,0,0
0.0,0.0,0.0,0.0,0.0,0.0,0.0,0.0,0,0
0.0,0.0,0.0,0.0,0.0,0.0,0.0,0.0,0,0
0.0,0.0,0.0,0.0,0.0,0.0,0.0,0.0,0,0
0.0,0.0,0.0,0.0,0.0,0.0,0.0,0.0,0,0
0.0,0.0,0.0,0.0,0.0,0.0,0.0,0.0,0,0
0.0,0.0,0.0,0.0,0.0,0.0,0.0,0.0,0,0
0.0,0.0,0.0,0.0,0.0,0.0,0.0,0.0,0,0
0.0,0.0,0.0,0.0,0.0,0.0,0.0,0.0,0,0
0.0,0.0,0.0,0.0,0.0,0.0,0.0,0.0,0,0
0.0,0.0,0.0,0.0,0.0,0.0,0.0,0.0,0,0
0.0,0.0,0.0,0.0,0.0,0.0,0.0,0.0,0,0
0.0,0.0,0.0,0.0,0.0,0.0,0.0,0.0,0,0
0.0,0.0,0.0,0.0,0.0,0.0,0.0,0.0,0,0
0.0,0.0,0.0,0.0,0.0,0.0,0.0,0.0,0,0
0.0,0.0,0.0,0.0,0.0,0.0,0.0,0.0,0,0
0.0,0.0,0.0,0.0,0.0,0.0,0.0,0.0,0,0
0.0,0.0,0.0,0.0,0.0,0.0,0.0,0.0,0,0
0.0,0.0,0.0,0.0,0.0,0.0,0.0,0.0,0,0
0.0,0.0,0.0,0.0,0.0,0.0,0.0,0.0,0,0
0.0,0.0,0.0,0.0,0.0,0.0,0.0,0.0,0,0
0.0,0.0,0.0,0.0,0.0,0.0,0.0,0.0,0,0
0.0,0.0,0.0,0.0,0.0,0.0,0.0,0.0,0,0
0.0,0.0,0.0,0.0,0.0,0.0,0.0,0.0,0,0
0.0,0.0,0.0,0.0,0.0,0.0,0.0,0.0,0,0
0.0,0.0,0.0,0.0,0.0,0.0,0.0,0.0,0,0
0.0,0.0,0.0,0.0,0.0,0.0,0.0,0.0,0,0
0.0,0.0,0.0,0.0,0.0,0.0,0.0,0.0,0,0
0.0,0.0,0.0,0.0,0.0,0.0,0.0,0.0,0,0
0.0,0.0,0.0,0.0,0.0,0.0,0.0,0.0,0,0
0.0,0.0,0.0,0.0,0.0,0.0,0.0,0.0,0,0
0.0,0.0,0.0,0.0,0.0,0.0,0.0,0.0,0,0
0.0,0.0,0.0,0.0,0.0,0.0,0.0,0.0,0,0
0.0,0.0,0.0,0.0,0.0,0.0,0.0,0.0,0,0
0.0,0.0,0.0,0.0,0.0,0.0,0.0,0.0,0,0
0.0,0.0,0.0,0.0,0.0,0.0,0.0,0.0,0,0
0.0,0.0,0.0,0.0,0.0,0.0,0.0,0.0,0,0
0.0,0.0,0.0,0.0,0.0,0.0,0.0,0.0,0,0
0.0,0.0,0.0,0.0,0.0,0.0,0.0,0.0,0,0
0.0,0.0,0.0,0.0,0.0,0.0,0.0,0.0,0,0
0.0,0.0,0.0,0.0,0.0,0.0,0.0,0.0,0,0
0.0,0.0,0.0,0.0,0.0,0.0,0.0,0.0,0,0
0.0,0.0,0.0,0.0,0.0,0.0,0.0,0.0,0,0
0.0,0.0,0.0,0.0,0.0,0.0,0.0,0.0,0,0
0.0,0.0,0.0,0.0,0.0,0.0,0.0,0.0,0,0
0.0,0.0,0.0,0.0,0.0,0.0,0.0,0.0,0,0
0.0,0.0,0.0,0.0,0.0,0.0,0.0,0.0,0,0
0.0,0.0,0.0,0.0,0.0,0.0,0.0,0.0,0,0
0.0,0.0,0.0,0.0,0.0,0.0,0.0,0.0,0,0
0.0,0.0,0.0,0.0,0.0,0.0,0.0,0.0,0,0
0.0,0.0,0.0,0.0,0.0,0.0,0.0,0.0,0,0
0.0,0.0,0.0,0.0,0.0,0.0,0.0,0.0,0,0
0.0,0.0,0.0,0.0,0.0,0.0,0.0,0.0,0,0
0.0,0.0,0.0,0.0,0.0,0.0,0.0,0.0,0,0
0.0,0.0,0.0,0.0,0.0,0.0,0.0,0.0,0,0
0.0,0.0,0.0,0.0,0.0,0.0,0.0,0.0,0,0
0.0,0.0,0.0,0.0,0.0,0.0,0.0,0.0,0,0
0.0,0.0,0.0,0.0,0.0,0.0,0.0,0.0,0,0
0.0,0.0,0.0,0.0,0.0,0.0,0.0,0.0,0,0
0.0,0.0,0.0,0.0,0.0,0.0,0.0,0.0,0,0
0.0,0.0,0.0,0.0,0.0,0.0,0.0,0.0,0,0
0.0,0.0,0.0,0.0,0.0,0.0,0.0,0.0,0,0
0.0,0.0,0.0,0.0,0.0,0.0,0.0,0.0,0,0
0.0,0.0,0.0,0.0,0.0,0.0,0.0,0.0,0,0
0.0,0.0,0.0,0.0,0.0,0.0,0.0,0.0,0,0
0.0,0.0,0.0,0.0,0.0,0.0,0.0,0.0,0,0
0.0,0.0,0.0,0.0,0.0,0.0,0.0,0.0,0,0
0.0,0.0,0.0,0.0,0.0,0.0,0.0,0.0,0,0
0.0,0.0,0.0,0.0,0.0,0.0,0.0,0.0,0,0
0.0,0.0,0.0,0.0,0.0,0.0,0.0,0.0,0,0
0.0,0.0,0.0,0.0,0.0,0.0,0.0,0.0,0,0
0.0,0.0,0.0,0.0,0.0,0.0,0.0,0.0,0,0
0.0,0.0,0.0,0.0,0.0,0.0,0.0,0.0,0,0
0.0,0.0,0.0,0.0,0.0,0.0,0.0,0.0,0,0
0.0,0.0,0.0,0.0,0.0,0.0,0.0,0.0,0,0
0.0,0.0,0.0,0.0,0.0,0.0,0.0,0.0,0,0
0.0,0.0,0.0,0.0,0.0,0.0,0.0,0.0,0,0
0.0,0.0,0.0,0.0,0.0,0.0,0.0,0.0,0,0
0.0,0.0,0.0,0.0,0.0,0.0,0.0,0.0,0,0
0.0,0.0,0.0,0.0,0.0,0.0,0.0,0.0,0,0
0.0,0.0,0.0,0.0,0.0,0.0,0.0,0.0,0,0
0.0,0.0,0.0,0.0,0.0,0.0,0.0,0.0,0,0
0.0,0.0,0.0,0.0,0.0,0.0,0.0,0.0,0,0
0.0,0.0,0.0,0.0,0.0,0.0,0.0,0.0,0,0
0.0,0.0,0.0,0.0,0.0,0.0,0.0,0.0,0,0
0.0,0.0,0.0,0.0,0.0,0.0,0.0,0.0,0,0
0.0,0.0,0.0,0.0,0.0,0.0,0.0,0.0,0,0
0.0,0.0,0.0,0.0,0.0,0.0,0.0,0.0,0,0
0.0,0.0,0.0,0.0,0.0,0.0,0.0,0.0,0,0
0.0,0.0,0.0,0.0,0.0,0.0,0.0,0.0,0,0
0.0,0.0,0.0,0.0,0.0,0.0,0.0,0.0,0,0
0.0,0.0,0.0,0.0,0.0,0.0,0.0,0.0,0,0
0.0,0.0,0.0,0.0,0.0,0.0,0.0,0.0,0,0
0.0,0.0,0.0,0.0,0.0,0.0,0.0,0.0,0,0
0.0,0.0,0.0,0.0,0.0,0.0,0.0,0.0,0,0
0.0,0.0,0.0,0.0,0.0,0.0,0.0,0.0,0,0
0.0,0.0,0.0,0.0,0.0,0.0,0.0,0.0,0,0
0.0,0.0,0.0,0.0,0.0,0.0,0.0,0.0,0,0
0.0,0.0,0.0,0.0,0.0,0.0,0.0,0.0,0,0
0.0,0.0,0.0,0.0,0.0,0.0,0.0,0.0,0,0
0.0,0.0,0.0,0.0,0.0,0.0,0.0,0.0,0,0
0.0,0.0,0.0,0.0,0.0,0.0,0.0,0.0,0,0
0.0,0.0,0.0,0.0,0.0,0.0,0.0,0.0,0,0
0.0,0.0,0.0,0.0,0.0,0.0,0.0,0.0,0,0
0.0,0.0,0.0,0.0,0.0,0.0,0.0,0.0,0,0
0.0,0.0,0.0,0.0,0.0,0.0,0.0,0.0,0,0
0.0,0.0,0.0,0.0,0.0,0.0,0.0,0.0,0,0
0.0,0.0,0.0,0.0,0.0,0.0,0.0,0.0,0,0
0.0,0.0,0.0,0.0,0.0,0.0,0.0,0.0,0,0
0.0,0.0,0.0,0.0,0.0,0.0,0.0,0.0,0,0
0.0,0.0,0.0,0.0,0.0,0.0,0.0,0.0,0,0
0.0,0.0,0.0,0.0,0.0,0.0,0.0,0.0,0,0
0.0,0.0,0.0,0.0,0.0,0.0,0.0,0.0,0,0
0.0,0.0,0.0,0.0,0.0,0.0,0.0,0.0,0,0
0.0,0.0,0.0,0.0,0.0,0.0,0.0,0.0,0,0
0.0,0.0,0.0,0.0,0.0,0.0,0.0,0.0,0,0
0.0,0.0,0.0,0.0,0.0,0.0,0.0,0.0,0,0
658179.0126638074,49999.99999999999,1984.1269841269839,606194.8856796804,125000000.0,125000000.0,250000000.0,250000000.0,32,32
0.0,49999.99999999999,0.0,-49999.99999999999,0.0,0.0,0.0,250000000.0,0,0
0.0,0.0,0.0,0.0,0.0,0.0,0.0,0.0,0,0
0.0,0.0,0.0,0.0,0.0,0.0,0.0,0.0,0,0
442634.4754707349,49999.99999999999,1984.126984126984,390650.3484866079,125000000.0,125000000.0,250000000.0,250000000.0,34,34
0.0,49999.99999999999,0.0,-49999.99999999999,0.0,0.0,0.0,250000000.0,0,0
0.0,0.0,0.0,0.0,0.0,0.0,0.0,0.0,0,0
0.0,0.0,0.0,0.0,0.0,0.0,0.0,0.0,0,0
0.0,0.0,0.0,0.0,0.0,0.0,0.0,0.0,0,0
0.0,0.0,0.0,0.0,0.0,0.0,0.0,0.0,0,0
0.0,0.0,0.0,0.0,0.0,0.0,0.0,0.0,0,0
240251.74446270766,49999.999999999985,1984.1269841269843,188267.61747858068,124999999.99999999,125000000.0,250000000.0,250000000.0,34,34
0.0,49999.999999999985,0.0,-49999.999999999985,0.0,0.0,0.0,250000000.0,0,0
1129410.6131412357,49999.99999999999,1984.1269841269846,1077426.4861571086,124999999.99999999,125000000.00000001,250000000.0,250000000.0,35,35
0.0,49999.99999999999,0.0,-49999.99999999999,0.0,0.0,0.0,250000000.0,0,0
0.0,0.0,0.0,0.0,0.0,0.0,0.0,0.0,0,0
0.0,0.0,0.0,0.0,0.0,0.0,0.0,0.0,0,0
440240.88257438404,50000.00000000002,1984.1269841269846,388256.75559025706,125000000.00000001,125000000.0,250000000.0,250000000.0,36,36
0.0,50000.00000000002,0.0,-50000.00000000002,0.0,0.0,0.0,250000000.0,0,0
-165656.02362718948,49999.999999999985,1984.1269841269843,-217640.15061131644,124999999.99999999,125000000.0,250000000.0,250000000.0,36,36
378023.302084997,100000.00000000001,1984.1269841269839,276039.17510087,124999999.99999999,124999999.99999997,249999999.99999994,351718056.1318455,36,36
0.0,49999.99999999999,0.0,-49999.99999999999,0.0,0.0,0.0,249999999.99999997,0,0
0.0,0.0,0.0,0.0,0.0,0.0,0.0,0.0,0,0
0.0,0.0,0.0,0.0,0.0,0.0,0.0,0.0,0,0
0.0,0.0,0.0,0.0,0.0,0.0,0.0,0.0,0,0
0.0,0.0,0.0,0.0,0.0,0.0,0.0,0.0,0,0
0.0,0.0,0.0,0.0,0.0,0.0,0.0,0.0,0,0
0.0,0.0,0.0,0.0,0.0,0.0,0.0,0.0,0,0
0.0,0.0,0.0,0.0,0.0,0.0,0.0,0.0,0,0
-62953.386845301764,50000.00000000001,1984.126984126983,-114937.51382942876,125000000.00000001,124999999.99999999,250000000.0,250000000.0,36,36
386207.82911737973,100000.00000000007,1984.1269841269834,284223.7021332527,125000000.0,124999999.99999999,250000000.0,348352833.20628923,36,36
0.0,50000.00000000001,0.0,-50000.00000000001,0.0,0.0,0.0,250000000.0,0,0
102476.70283916812,49999.99999999999,1984.1269841269839,50492.57585504115,125000000.0,124999999.99999999,250000000.0,249999999.99999997,36,36
250215.38772305317,100000.00000000003,1984.1269841269846,148231.26073892615,125000000.0,125000000.00000001,250000000.0,356377558.828786,36,36
0.0,50000.0,0.0,-50000.0,0.0,0.0,0.0,250000000.0,0,0
0.0,0.0,0.0,0.0,0.0,0.0,0.0,0.0,0,0
0.0,0.0,0.0,0.0,0.0,0.0,0.0,0.0,0,0
0.0,0.0,0.0,0.0,0.0,0.0,0.0,0.0,0,0
0.0,0.0,0.0,0.0,0.0,0.0,0.0,0.0,0,0
0.0,0.0,0.0,0.0,0.0,0.0,0.0,0.0,0,0
0.0,0.0,0.0,0.0,0.0,0.0,0.0,0.0,0,0
153036.52870610202,50000.0,1984.1269841269834,101052.40172197504,125000000.0,124999999.99999997,249999999.99999997,249999999.99999997,36,36
0.0,50000.0,0.0,-50000.0,0.0,0.0,0.0,249999999.99999997,0,0
0.0,0.0,0.0,0.0,0.0,0.0,0.0,0.0,0,0
0.0,0.0,0.0,0.0,0.0,0.0,0.0,0.0,0,0
204887.41613669682,50000.000000000015,1984.126984126984,152903.28915256984,125000000.0,124999999.99999999,250000000.0,250000000.0,36,36
0.0,50000.000000000015,0.0,-50000.000000000015,0.0,0.0,0.0,250000000.0,0,0
859318.7078310942,50000.0,1984.1269841269836,807334.5808469672,125000000.0,124999999.99999999,250000000.0,250000000.0,34,34
0.0,50000.0,0.0,-50000.0,0.0,0.0,0.0,250000000.0,0,0
0.0,0.0,0.0,0.0,0.0,0.0,0.0,0.0,0,0
0.0,0.0,0.0,0.0,0.0,0.0,0.0,0.0,0,0
0.0,0.0,0.0,0.0,0.0,0.0,0.0,0.0,0,0
0.0,0.0,0.0,0.0,0.0,0.0,0.0,0.0,0,0
0.0,0.0,0.0,0.0,0.0,0.0,0.0,0.0,0,0
0.0,0.0,0.0,0.0,0.0,0.0,0.0,0.0,0,0
0.0,0.0,0.0,0.0,0.0,0.0,0.0,0.0,0,0
0.0,0.0,0.0,0.0,0.0,0.0,0.0,0.0,0,0
0.0,0.0,0.0,0.0,0.0,0.0,0.0,0.0,0,0
193786.43325581244,50000.00000000001,1984.1269841269836,141802.30627168546,125000000.0,125000000.0,250000000.0,250000000.0,30,30
0.0,50000.00000000001,0.0,-50000.00000000001,0.0,0.0,0.0,250000000.0,0,0
0.0,0.0,0.0,0.0,0.0,0.0,0.0,0.0,0,0
487969.6981168059,50000.000000000015,1984.1269841269836,435985.57113267895,125000000.00000001,124999999.99999999,250000000.0,250000000.0,34,34
0.0,50000.000000000015,0.0,-50000.000000000015,0.0,0.0,0.0,250000000.0,0,0
0.0,0.0,0.0,0.0,0.0,0.0,0.0,0.0,0,0
-165557.9855964762,49999.99999999999,1984.1269841269832,-217542.1125806032,125000000.0,124999999.99999999,250000000.0,250000000.0,36,36
484075.35968023835,100000.0,1984.1269841269839,382091.2326961114,125000000.0,125000000.0,250000000.0,251397985.19697797,37,37
0.0,49999.999999999985,0.0,-49999.999999999985,0.0,0.0,0.0,250000000.0,0,0
0.0,0.0,0.0,0.0,0.0,0.0,0.0,0.0,0,0
-872983.7073534166,50000.000000000015,1984.1269841269846,-924967.8343375436,125000000.0,125000000.00000001,250000000.0,250000000.0,36,36
462465.58053215395,99999.99999999997,1984.126984126984,360481.45354802697,125000000.00000003,125000000.00000001,250000000.00000006,340847153.8301232,36,36
0.0,50000.0,0.0,-50000.0,0.0,0.0,0.0,250000000.00000003,0,0
0.0,0.0,0.0,0.0,0.0,0.0,0.0,0.0,0,0
0.0,0.0,0.0,0.0,0.0,0.0,0.0,0.0,0,0
0.0,0.0,0.0,0.0,0.0,0.0,0.0,0.0,0,0
0.0,0.0,0.0,0.0,0.0,0.0,0.0,0.0,0,0
0.0,0.0,0.0,0.0,0.0,0.0,0.0,0.0,0,0
-58590.71811375438,50000.0,1984.1269841269848,-110574.84509788136,125000000.00000003,125000000.00000001,250000000.00000006,250000000.00000003,36,36
0.0,50000.0,0.0,-50000.0,0.0,0.0,0.0,250000000.00000003,0,0
0.0,0.0,0.0,0.0,0.0,0.0,0.0,0.0,0,0
0.0,0.0,0.0,0.0,0.0,0.0,0.0,0.0,0,0
0.0,0.0,0.0,0.0,0.0,0.0,0.0,0.0,0,0
0.0,0.0,0.0,0.0,0.0,0.0,0.0,0.0,0,0
0.0,0.0,0.0,0.0,0.0,0.0,0.0,0.0,0,0
0.0,0.0,0.0,0.0,0.0,0.0,0.0,0.0,0,0
0.0,0.0,0.0,0.0,0.0,0.0,0.0,0.0,0,0
0.0,0.0,0.0,0.0,0.0,0.0,0.0,0.0,0,0
0.0,0.0,0.0,0.0,0.0,0.0,0.0,0.0,0,0
0.0,0.0,0.0,0.0,0.0,0.0,0.0,0.0,0,0
0.0,0.0,0.0,0.0,0.0,0.0,0.0,0.0,0,0
1518657.4402395708,50000.0,1984.1269841269839,1466673.3132554437,125000000.00000001,124999999.99999999,250000000.0,250000000.0,35,35
0.0,50000.0,0.0,-50000.0,0.0,0.0,0.0,250000000.0,0,0
0.0,0.0,0.0,0.0,0.0,0.0,0.0,0.0,0,0
0.0,0.0,0.0,0.0,0.0,0.0,0.0,0.0,0,0
0.0,0.0,0.0,0.0,0.0,0.0,0.0,0.0,0,0
0.0,0.0,0.0,0.0,0.0,0.0,0.0,0.0,0,0
0.0,0.0,0.0,0.0,0.0,0.0,0.0,0.0,0,0
0.0,0.0,0.0,0.0,0.0,0.0,0.0,0.0,0,0
0.0,0.0,0.0,0.0,0.0,0.0,0.0,0.0,0,0
0.0,0.0,0.0,0.0,0.0,0.0,0.0,0.0,0,0
0.0,0.0,0.0,0.0,0.0,0.0,0.0,0.0,0,0
0.0,0.0,0.0,0.0,0.0,0.0,0.0,0.0,0,0
-195576.00474551236,50000.000000000015,1984.1269841269836,-247560.13172963937,125000000.00000001,124999999.99999999,250000000.0,250000000.0,36,36
483746.8180671771,100000.0,1984.1269841269836,381762.6910830501,125000000.0,124999999.99999999,250000000.0,261847638.3019848,36,36
0.0,50000.0,0.0,-50000.0,0.0,0.0,0.0,249999999.99999997,0,0
-134749.30965947657,50000.0,1984.1269841269846,-186733.43664360355,124999999.99999999,125000000.0,250000000.0,250000000.0,36,36
0.0,50000.0,0.0,-50000.0,0.0,0.0,0.0,250000000.0,0,0
0.0,0.0,0.0,0.0,0.0,0.0,0.0,0.0,0,0
0.0,0.0,0.0,0.0,0.0,0.0,0.0,0.0,0,0
0.0,0.0,0.0,0.0,0.0,0.0,0.0,0.0,0,0
0.0,0.0,0.0,0.0,0.0,0.0,0.0,0.0,0,0
-25502.33175488081,50000.0,1984.1269841269834,-77486.4587390078,125000000.00000001,125000000.0,250000000.0,250000000.00000003,34,34
0.0,50000.0,0.0,-50000.0,0.0,0.0,0.0,250000000.00000003,0,0
-7953.015098400909,50000.000000000015,1984.1269841269839,-59937.142082527906,125000000.0,125000000.0,250000000.0,250000000.0,32,32
0.0,50000.000000000015,0.0,-50000.000000000015,0.0,0.0,0.0,250000000.0,0,0
393425.89633286634,50000.00000000001,1984.1269841269839,341441.76934873936,125000000.00000003,125000000.0,250000000.00000003,250000000.00000003,32,32
0.0,50000.00000000001,0.0,-50000.00000000001,0.0,0.0,0.0,250000000.00000003,0,0
86538.29607805584,49999.99999999999,1984.1269841269836,34554.16909392886,125000000.0,125000000.0,250000000.0,250000000.0,26,26
0.0,49999.99999999999,0.0,-49999.99999999999,0.0,0.0,0.0,250000000.0,0,0
413532.3968436096,50000.00000000003,1984.1269841269846,361548.26985948253,125000000.00000001,125000000.00000001,250000000.00000003,250000000.00000003,28,28
0.0,50000.00000000003,0.0,-50000.00000000003,0.0,0.0,0.0,250000000.00000003,0,0
0.0,0.0,0.0,0.0,0.0,0.0,0.0,0.0,0,0
-114062.23669937703,50000.00000000001,1984.1269841269843,-166046.36368350402,124999999.99999999,125000000.0,250000000.0,250000000.0,29,29
271083.33219552075,100000.00000000006,1984.126984126984,169099.2052113937,125000000.00000001,125000000.0,250000000.0,297782258.2273926,29,29
0.0,49999.99999999999,0.0,-49999.99999999999,0.0,0.0,0.0,250000000.0,0,0
54102.82788784523,49999.99999999999,1984.126984126984,2118.700903718256,125000000.0,124999999.99999999,250000000.0,250000000.0,33,33
-1400388.59903559,100000.00000000003,1984.1269841269846,-1502372.726019717,125000000.00000001,125000000.0,250000000.0,338597947.90169287,33,33
-639231.9872503744,100000.00000000009,1984.1269841269848,-741216.1142345015,124999999.99999997,125000000.00000003,250000000.0,306810750.11698616,33,33
0.0,50000.00000000004,0.0,-50000.00000000004,0.0,0.0,0.0,250000000.0,0,0
0.0,0.0,0.0,0.0,0.0,0.0,0.0,0.0,0,0
0.0,0.0,0.0,0.0,0.0,0.0,0.0,0.0,0,0
0.0,0.0,0.0,0.0,0.0,0.0,0.0,0.0,0,0
0.0,0.0,0.0,0.0,0.0,0.0,0.0,0.0,0,0
-63428.76989294343,50000.0,1984.1269841269848,-115412.89687707041,124999999.99999999,125000000.00000001,250000000.0,250000000.0,35,35
-110176.81286096701,99999.99999999996,1984.1269841269834,-212160.93984509393,125000000.0,124999999.99999997,249999999.99999997,262745983.5869993,35,35
560710.694698082,100000.00000000001,1984.1269841269839,458726.56771395507,125000000.00000001,124999999.99999999,250000000.0,282017777.9534859,35,35
0.0,50000.000000000015,0.0,-50000.000000000015,0.0,0.0,0.0,250000000.0,0,0
613897.809281107,50000.00000000001,1984.1269841269832,561913.68229698,125000000.0,124999999.99999997,249999999.99999997,249999999.99999997,34,34
0.0,50000.00000000001,0.0,-50000.00000000001,0.0,0.0,0.0,249999999.99999997,0,0
0.0,0.0,0.0,0.0,0.0,0.0,0.0,0.0,0,0
0.0,0.0,0.0,0.0,0.0,0.0,0.0,0.0,0,0
0.0,0.0,0.0,0.0,0.0,0.0,0.0,0.0,0,0
0.0,0.0,0.0,0.0,0.0,0.0,0.0,0.0,0,0
0.0,0.0,0.0,0.0,0.0,0.0,0.0,0.0,0,0
0.0,0.0,0.0,0.0,0.0,0.0,0.0,0.0,0,0
0.0,0.0,0.0,0.0,0.0,0.0,0.0,0.0,0,0
0.0,0.0,0.0,0.0,0.0,0.0,0.0,0.0,0,0
0.0,0.0,0.0,0.0,0.0,0.0,0.0,0.0,0,0
493081.1846032975,50000.000000000015,1984.1269841269834,441097.0576191705,125000000.00000001,124999999.99999999,250000000.0,250000000.0,33,33
0.0,50000.000000000015,0.0,-50000.000000000015,0.0,0.0,0.0,250000000.0,0,0
0.0,0.0,0.0,0.0,0.0,0.0,0.0,0.0,0,0
0.0,0.0,0.0,0.0,0.0,0.0,0.0,0.0,0,0
0.0,0.0,0.0,0.0,0.0,0.0,0.0,0.0,0,0
0.0,0.0,0.0,0.0,0.0,0.0,0.0,0.0,0,0
0.0,0.0,0.0,0.0,0.0,0.0,0.0,0.0,0,0
0.0,0.0,0.0,0.0,0.0,0.0,0.0,0.0,0,0
0.0,0.0,0.0,0.0,0.0,0.0,0.0,0.0,0,0
0.0,0.0,0.0,0.0,0.0,0.0,0.0,0.0,0,0
0.0,0.0,0.0,0.0,0.0,0.0,0.0,0.0,0,0
0.0,0.0,0.0,0.0,0.0,0.0,0.0,0.0,0,0
0.0,0.0,0.0,0.0,0.0,0.0,0.0,0.0,0,0
0.0,0.0,0.0,0.0,0.0,0.0,0.0,0.0,0,0
0.0,0.0,0.0,0.0,0.0,0.0,0.0,0.0,0,0
0.0,0.0,0.0,0.0,0.0,0.0,0.0,0.0,0,0
0.0,0.0,0.0,0.0,0.0,0.0,0.0,0.0,0,0
0.0,0.0,0.0,0.0,0.0,0.0,0.0,0.0,0,0
0.0,0.0,0.0,0.0,0.0,0.0,0.0,0.0,0,0
0.0,0.0,0.0,0.0,0.0,0.0,0.0,0.0,0,0
0.0,0.0,0.0,0.0,0.0,0.0,0.0,0.0,0,0
0.0,0.0,0.0,0.0,0.0,0.0,0.0,0.0,0,0
0.0,0.0,0.0,0.0,0.0,0.0,0.0,0.0,0,0
0.0,0.0,0.0,0.0,0.0,0.0,0.0,0.0,0,0
0.0,0.0,0.0,0.0,0.0,0.0,0.0,0.0,0,0
0.0,0.0,0.0,0.0,0.0,0.0,0.0,0.0,0,0
0.0,0.0,0.0,0.0,0.0,0.0,0.0,0.0,0,0
0.0,0.0,0.0,0.0,0.0,0.0,0.0,0.0,0,0
0.0,0.0,0.0,0.0,0.0,0.0,0.0,0.0,0,0
1195388.0974507583,50000.00000000001,1984.1269841269843,1143403.9704666312,125000000.0,125000000.00000001,250000000.0,250000000.0,32,32
0.0,50000.00000000001,0.0,-50000.00000000001,0.0,0.0,0.0,250000000.0,0,0
0.0,0.0,0.0,0.0,0.0,0.0,0.0,0.0,0,0
0.0,0.0,0.0,0.0,0.0,0.0,0.0,0.0,0,0
78887.80971423723,50000.000000000015,1984.1269841269843,26903.682730110228,125000000.00000001,125000000.00000001,250000000.00000003,250000000.00000003,27,27
0.0,50000.000000000015,0.0,-50000.000000000015,0.0,0.0,0.0,250000000.00000003,0,0
353153.8185817823,50000.00000000001,1984.1269841269834,301169.6915976553,125000000.0,125000000.0,250000000.0,250000000.0,28,28
461676.4634459949,100000.00000000003,1984.1269841269839,359692.3364618679,125000000.00000003,125000000.0,250000000.00000003,338653968.0299821,30,30
0.0,50000.000000000015,0.0,-50000.000000000015,0.0,0.0,0.0,250000000.00000003,0,0
0.0,0.0,0.0,0.0,0.0,0.0,0.0,0.0,0,0
0.0,0.0,0.0,0.0,0.0,0.0,0.0,0.0,0,0
0.0,0.0,0.0,0.0,0.0,0.0,0.0,0.0,0,0
0.0,0.0,0.0,0.0,0.0,0.0,0.0,0.0,0,0
0.0,0.0,0.0,0.0,0.0,0.0,0.0,0.0,0,0
-780685.3037786261,49999.99999999999,1984.1269841269836,-832669.4307627531,125000000.0,124999999.99999999,250000000.0,250000000.0,33,33
567728.4913383535,99999.99999999996,1984.1269841269836,465744.36435422656,125000000.0,125000000.0,250000000.0,296546930.61011446,34,34
0.0,50000.00000000002,0.0,-50000.00000000002,0.0,0.0,0.0,250000000.0,0,0
-380982.3984922176,50000.00000000001,1984.1269841269843,-432966.52547634457,125000000.00000001,125000000.00000001,250000000.00000003,250000000.00000003,36,36
-894670.9762853108,100693.748072,1984.1269841269846,-997348.8513414378,125000000.00000001,125000000.00000001,250000000.00000003,338415317.1463172,36,36
474140.29194060434,100000.00000000004,1984.1269841269846,372156.1649564773,125000000.0,125000000.00000001,250000000.0,348252658.8793554,36,36
0.0,49999.999999999985,0.0,-49999.999999999985,0.0,0.0,0.0,250000000.0,0,0
256189.5518061685,49999.999999999985,1984.1269841269834,204205.42482204153,125000000.00000001,125000000.0,250000000.0,250000000.0,37,37
0.0,49999.999999999985,0.0,-49999.999999999985,0.0,0.0,0.0,250000000.0,0,0
0.0,0.0,0.0,0.0,0.0,0.0,0.0,0.0,0,0
0.0,0.0,0.0,0.0,0.0,0.0,0.0,0.0,0,0
0.0,0.0,0.0,0.0,0.0,0.0,0.0,0.0,0,0
0.0,0.0,0.0,0.0,0.0,0.0,0.0,0.0,0,0
0.0,0.0,0.0,0.0,0.0,0.0,0.0,0.0,0,0
0.0,0.0,0.0,0.0,0.0,0.0,0.0,0.0,0,0
0.0,0.0,0.0,0.0,0.0,0.0,0.0,0.0,0,0
324296.7353916055,50000.00000000001,1984.1269841269843,272312.60840747855,124999999.99999999,125000000.0,250000000.0,250000000.0,35,35
0.0,50000.00000000001,0.0,-50000.00000000001,0.0,0.0,0.0,250000000.0,0,0
0.0,0.0,0.0,0.0,0.0,0.0,0.0,0.0,0,0
684513.2142530992,50000.00000000001,1984.1269841269836,632529.0872689722,125000000.00000003,124999999.99999997,250000000.0,250000000.0,36,36
822977.2093363677,100000.00000000003,1984.1269841269839,720993.0823522407,125000000.00000001,125000000.0,250000000.0,358673259.8390961,36,36
0.0,50000.00000000001,0.0,-50000.00000000001,0.0,0.0,0.0,250000000.00000003,0,0
191730.58548379794,50000.0,1984.1269841269848,139746.45849967096,125000000.00000001,125000000.00000001,250000000.00000003,250000000.00000003,36,36
0.0,50000.0,0.0,-50000.0,0.0,0.0,0.0,250000000.00000003,0,0
0.0,0.0,0.0,0.0,0.0,0.0,0.0,0.0,0,0
0.0,0.0,0.0,0.0,0.0,0.0,0.0,0.0,0,0
0.0,0.0,0.0,0.0,0.0,0.0,0.0,0.0,0,0
67062.20118928968,49999.99999999998,1984.126984126984,15078.074205162722,125000000.0,125000000.0,250000000.0,250000000.0,37,37
762312.8060071826,100636.31884266002,1984.126984126984,659692.3601803955,124999999.99999999,125000000.00000001,250000000.0,417761900.1624412,37,37
207360.9503049326,100000.00000000003,1984.126984126984,105376.82332080559,125000000.0,125000000.0,250000000.0,306176668.2915396,37,37
187666.05802719024,100847.70549003343,1984.1269841269839,84834.22555302983,124999999.99999999,125000000.0,250000000.0,258755236.00810555,37,37
-80152.90083202455,100707.0685691387,1984.1269841269839,-182844.09638529024,125000000.0,125000000.00000001,250000000.0,269411970.13538754,37,37
-9259.112236387924,100000.00000000003,1984.1269841269839,-111243.23922051494,125000000.0,125000000.00000001,250000000.0,254388068.42273057,37,37
0.0,49999.99999999998,0.0,-49999.99999999998,0.0,0.0,0.0,250000000.0,0,0
0.0,0.0,0.0,0.0,0.0,0.0,0.0,0.0,0,0
0.0,0.0,0.0,0.0,0.0,0.0,0.0,0.0,0,0
342082.88133972784,50000.0,1984.1269841269839,290098.75435560086,125000000.0,125000000.0,250000000.0,250000000.0,38,38
261269.47656461454,100000.00000000006,1984.1269841269843,159285.3495804875,125000000.0,125000000.0,250000000.0,330517116.0687707,37,37
91756.73396743312,100869.97268799994,1984.126984126984,-11097.365704693804,125000000.0,125000000.00000001,250000000.0,306644902.0726717,37,37
452388.1218291769,99999.99999999997,1984.126984126984,350403.9948450499,125000000.00000001,125000000.0,250000000.0,336219638.99163663,37,37
415407.93926707585,100000.00000000001,1984.1269841269836,313423.8122829489,124999999.99999999,124999999.99999999,249999999.99999997,300219835.3879257,38,38
250771.9887863268,99999.99999999997,1984.126984126984,148787.86180219986,125000000.0,125000000.0,250000000.0,338050012.0589395,37,37
393639.5718038217,100000.00000000004,1984.1269841269839,291655.4448196947,125000000.0,125000000.0,250000000.0,327671737.7272579,37,37
498764.0241332748,100000.0,1984.1269841269839,396779.8971491478,125000000.00000001,124999999.99999999,250000000.0,297389914.2263443,37,37
344906.9148810607,100000.0,1984.1269841269836,242922.78789693373,125000000.00000001,125000000.0,250000000.0,269163974.8784316,37,37
144503.38425980124,100000.00000000007,1984.1269841269848,42519.25727567419,125000000.0,125000000.00000001,250000000.0,279806594.21688586,37,37
-30957.364019505432,99999.99999999997,1984.1269841269836,-132941.4910036324,125000000.00000001,124999999.99999997,250000000.0,354009223.7260126,37,37
92065.06736150754,101722.46781604008,1984.1269841269846,-11641.527438659528,124999999.99999999,125000000.0,250000000.0,364277122.66156685,36,36
331772.0845676429,100000.00000000001,1984.1269841269839,229787.9575835159,124999999.99999999,125000000.0,250000000.0,311510925.81582534,36,36
-187803.3053436036,99999.99999999999,1984.126984126984,-289787.4323277306,125000000.00000001,124999999.99999999,250000000.0,267235035.81365702,36,36
381124.72664496157,100000.0,1984.126984126984,279140.5996608346,124999999.99999999,125000000.00000001,250000000.0,322842398.633994,35,35
506373.2759884975,99999.99999999999,1984.1269841269839,404389.1490043705,125000000.0,124999999.99999999,250000000.0,280103432.6948534,34,34
0.0,50000.00000000001,0.0,-50000.00000000001,0.0,0.0,0.0,250000000.0,0,0
373684.2994970662,50000.000000000015,1984.1269841269846,321700.1725129392,125000000.0,125000000.0,250000000.0,250000000.0,35,35
-831167.8114467948,100000.00000000001,1984.1269841269839,-933151.9384309218,124999999.99999999,124999999.99999999,249999999.99999997,353134804.7962888,36,36
723647.6697279053,101382.73229703063,1984.126984126984,620280.8104467477,125000000.00000001,124999999.99999999,250000000.0,362265624.21319926,35,35
0.0,50000.00000000001,0.0,-50000.00000000001,0.0,0.0,0.0,250000000.0,0,0
-239114.8495549946,50000.0,1984.1269841269839,-291098.9765391216,125000000.0,125000000.0,250000000.0,250000000.0,33,33
-1104845.9100352402,100000.0,1984.1269841269839,-1206830.0370193673,124999999.99999999,125000000.0,250000000.0,405874229.9527169,34,34
-1074919.5823805688,100951.0092207903,1984.126984126984,-1177854.7185854863,125000000.0,125000000.0,250000000.0,367692343.3766327,36,36
-307233.41254861787,100951.00922079026,1984.1269841269843,-410168.54875353514,124999999.99999999,125000000.00000001,250000000.0,320897481.7357654,36,36
274470.0261124061,101474.25649829686,1984.1269841269839,171011.64262998226,125000000.00000001,125000000.0,250000000.0,372508321.32110566,35,35
975352.3096521711,100000.00000000001,1984.126984126984,873368.1826680441,125000000.00000001,125000000.00000001,250000000.00000003,358901290.75017697,35,35
684797.0207675495,102212.27915648869,1984.1269841269843,580600.6146269338,125000000.0,125000000.0,250000000.0,346892191.4868063,36,36
-301584.11050933064,102182.10900542131,1984.1269841269843,-405750.3464988789,125000000.0,125000000.00000003,250000000.00000003,350418601.7650087,38,38
0.0,50000.000000000015,0.0,-50000.000000000015,0.0,0.0,0.0,250000000.00000003,0,0
0.0,0.0,0.0,0.0,0.0,0.0,0.0,0.0,0,0
0.0,0.0,0.0,0.0,0.0,0.0,0.0,0.0,0,0
-235666.32722496116,50000.000000000015,1984.1269841269843,-287650.4542090882,125000000.0,125000000.0,250000000.0,250000000.0,37,37
0.0,50000.000000000015,0.0,-50000.000000000015,0.0,0.0,0.0,250000000.0,0,0
0.0,0.0,0.0,0.0,0.0,0.0,0.0,0.0,0,0
0.0,0.0,0.0,0.0,0.0,0.0,0.0,0.0,0,0
0.0,0.0,0.0,0.0,0.0,0.0,0.0,0.0,0,0
0.0,0.0,0.0,0.0,0.0,0.0,0.0,0.0,0,0
0.0,0.0,0.0,0.0,0.0,0.0,0.0,0.0,0,0
0.0,0.0,0.0,0.0,0.0,0.0,0.0,0.0,0,0
0.0,0.0,0.0,0.0,0.0,0.0,0.0,0.0,0,0
-592006.6247055214,49999.99999999998,1984.1269841269836,-643990.7516896484,124999999.99999999,124999999.99999999,249999999.99999997,249999999.99999997,39,39
0.0,49999.99999999998,0.0,-49999.99999999998,0.0,0.0,0.0,249999999.99999997,0,0
0.0,0.0,0.0,0.0,0.0,0.0,0.0,0.0,0,0
0.0,0.0,0.0,0.0,0.0,0.0,0.0,0.0,0,0
0.0,0.0,0.0,0.0,0.0,0.0,0.0,0.0,0,0
0.0,0.0,0.0,0.0,0.0,0.0,0.0,0.0,0,0
0.0,0.0,0.0,0.0,0.0,0.0,0.0,0.0,0,0
0.0,0.0,0.0,0.0,0.0,0.0,0.0,0.0,0,0
0.0,0.0,0.0,0.0,0.0,0.0,0.0,0.0,0,0
0.0,0.0,0.0,0.0,0.0,0.0,0.0,0.0,0,0
0.0,0.0,0.0,0.0,0.0,0.0,0.0,0.0,0,0
0.0,0.0,0.0,0.0,0.0,0.0,0.0,0.0,0,0
0.0,0.0,0.0,0.0,0.0,0.0,0.0,0.0,0,0
0.0,0.0,0.0,0.0,0.0,0.0,0.0,0.0,0,0
0.0,0.0,0.0,0.0,0.0,0.0,0.0,0.0,0,0
0.0,0.0,0.0,0.0,0.0,0.0,0.0,0.0,0,0
0.0,0.0,0.0,0.0,0.0,0.0,0.0,0.0,0,0
-458388.6783607836,50000.0,1984.126984126984,-510372.8053449106,125000000.0,125000000.00000001,250000000.0,250000000.00000003,39,39
0.0,50000.0,0.0,-50000.0,0.0,0.0,0.0,250000000.00000003,0,0
0.0,0.0,0.0,0.0,0.0,0.0,0.0,0.0,0,0
0.0,0.0,0.0,0.0,0.0,0.0,0.0,0.0,0,0
0.0,0.0,0.0,0.0,0.0,0.0,0.0,0.0,0,0
1141875.120850835,49999.999999999985,1984.126984126984,1089890.993866708,125000000.0,125000000.00000001,250000000.0,250000000.0,39,39
0.0,49999.999999999985,0.0,-49999.999999999985,0.0,0.0,0.0,250000000.0,0,0
1139850.5131476559,49999.99999999999,1984.1269841269843,1087866.3861635288,125000000.0,125000000.0,250000000.0,250000000.0,39,39
0.0,49999.99999999999,0.0,-49999.99999999999,0.0,0.0,0.0,250000000.0,0,0
-634098.9095591758,50000.0,1984.126984126984,-686083.0365433028,124999999.99999999,125000000.0,250000000.0,250000000.0,39,39
0.0,50000.0,0.0,-50000.0,0.0,0.0,0.0,250000000.0,0,0
0.0,0.0,0.0,0.0,0.0,0.0,0.0,0.0,0,0
0.0,0.0,0.0,0.0,0.0,0.0,0.0,0.0,0,0
0.0,0.0,0.0,0.0,0.0,0.0,0.0,0.0,0,0
0.0,0.0,0.0,0.0,0.0,0.0,0.0,0.0,0,0
0.0,0.0,0.0,0.0,0.0,0.0,0.0,0.0,0,0
0.0,0.0,0.0,0.0,0.0,0.0,0.0,0.0,0,0
0.0,0.0,0.0,0.0,0.0,0.0,0.0,0.0,0,0
0.0,0.0,0.0,0.0,0.0,0.0,0.0,0.0,0,0
0.0,0.0,0.0,0.0,0.0,0.0,0.0,0.0,0,0
0.0,0.0,0.0,0.0,0.0,0.0,0.0,0.0,0,0
0.0,0.0,0.0,0.0,0.0,0.0,0.0,0.0,0,0
0.0,0.0,0.0,0.0,0.0,0.0,0.0,0.0,0,0
0.0,0.0,0.0,0.0,0.0,0.0,0.0,0.0,0,0
0.0,0.0,0.0,0.0,0.0,0.0,0.0,0.0,0,0
0.0,0.0,0.0,0.0,0.0,0.0,0.0,0.0,0,0
0.0,0.0,0.0,0.0,0.0,0.0,0.0,0.0,0,0
0.0,0.0,0.0,0.0,0.0,0.0,0.0,0.0,0,0
0.0,0.0,0.0,0.0,0.0,0.0,0.0,0.0,0,0
0.0,0.0,0.0,0.0,0.0,0.0,0.0,0.0,0,0
0.0,0.0,0.0,0.0,0.0,0.0,0.0,0.0,0,0
0.0,0.0,0.0,0.0,0.0,0.0,0.0,0.0,0,0
0.0,0.0,0.0,0.0,0.0,0.0,0.0,0.0,0,0
0.0,0.0,0.0,0.0,0.0,0.0,0.0,0.0,0,0
0.0,0.0,0.0,0.0,0.0,0.0,0.0,0.0,0,0
0.0,0.0,0.0,0.0,0.0,0.0,0.0,0.0,0,0
0.0,0.0,0.0,0.0,0.0,0.0,0.0,0.0,0,0
0.0,0.0,0.0,0.0,0.0,0.0,0.0,0.0,0,0
0.0,0.0,0.0,0.0,0.0,0.0,0.0,0.0,0,0
0.0,0.0,0.0,0.0,0.0,0.0,0.0,0.0,0,0
0.0,0.0,0.0,0.0,0.0,0.0,0.0,0.0,0,0
0.0,0.0,0.0,0.0,0.0,0.0,0.0,0.0,0,0
0.0,0.0,0.0,0.0,0.0,0.0,0.0,0.0,0,0
0.0,0.0,0.0,0.0,0.0,0.0,0.0,0.0,0,0
0.0,0.0,0.0,0.0,0.0,0.0,0.0,0.0,0,0
0.0,0.0,0.0,0.0,0.0,0.0,0.0,0.0,0,0
0.0,0.0,0.0,0.0,0.0,0.0,0.0,0.0,0,0
0.0,0.0,0.0,0.0,0.0,0.0,0.0,0.0,0,0
0.0,0.0,0.0,0.0,0.0,0.0,0.0,0.0,0,0
0.0,0.0,0.0,0.0,0.0,0.0,0.0,0.0,0,0
0.0,0.0,0.0,0.0,0.0,0.0,0.0,0.0,0,0
0.0,0.0,0.0,0.0,0.0,0.0,0.0,0.0,0,0
0.0,0.0,0.0,0.0,0.0,0.0,0.0,0.0,0,0
0.0,0.0,0.0,0.0,0.0,0.0,0.0,0.0,0,0
0.0,0.0,0.0,0.0,0.0,0.0,0.0,0.0,0,0
0.0,0.0,0.0,0.0,0.0,0.0,0.0,0.0,0,0
0.0,0.0,0.0,0.0,0.0,0.0,0.0,0.0,0,0
0.0,0.0,0.0,0.0,0.0,0.0,0.0,0.0,0,0
0.0,0.0,0.0,0.0,0.0,0.0,0.0,0.0,0,0
0.0,0.0,0.0,0.0,0.0,0.0,0.0,0.0,0,0
0.0,0.0,0.0,0.0,0.0,0.0,0.0,0.0,0,0
0.0,0.0,0.0,0.0,0.0,0.0,0.0,0.0,0,0
0.0,0.0,0.0,0.0,0.0,0.0,0.0,0.0,0,0
0.0,0.0,0.0,0.0,0.0,0.0,0.0,0.0,0,0
-388325.8361669815,49999.99999999999,1984.1269841269843,-440309.9631511085,125000000.0,125000000.0,250000000.0,250000000.0,39,39
0.0,49999.99999999999,0.0,-49999.99999999999,0.0,0.0,0.0,250000000.0,0,0
0.0,0.0,0.0,0.0,0.0,0.0,0.0,0.0,0,0
524495.6205470831,50000.0,1984.1269841269843,472511.4935629561,125000000.0,124999999.99999999,250000000.0,250000000.0,39,39
0.0,50000.0,0.0,-50000.0,0.0,0.0,0.0,250000000.0,0,0
0.0,0.0,0.0,0.0,0.0,0.0,0.0,0.0,0,0
0.0,0.0,0.0,0.0,0.0,0.0,0.0,0.0,0,0
0.0,0.0,0.0,0.0,0.0,0.0,0.0,0.0,0,0
0.0,0.0,0.0,0.0,0.0,0.0,0.0,0.0,0,0
0.0,0.0,0.0,0.0,0.0,0.0,0.0,0.0,0,0
0.0,0.0,0.0,0.0,0.0,0.0,0.0,0.0,0,0
-133043.65374364424,49999.99999999999,1984.1269841269846,-185027.78072777123,125000000.0,125000000.00000001,250000000.0,250000000.0,39,39
0.0,49999.99999999999,0.0,-49999.99999999999,0.0,0.0,0.0,250000000.0,0,0
0.0,0.0,0.0,0.0,0.0,0.0,0.0,0.0,0,0
0.0,0.0,0.0,0.0,0.0,0.0,0.0,0.0,0,0
0.0,0.0,0.0,0.0,0.0,0.0,0.0,0.0,0,0
0.0,0.0,0.0,0.0,0.0,0.0,0.0,0.0,0,0
0.0,0.0,0.0,0.0,0.0,0.0,0.0,0.0,0,0
0.0,0.0,0.0,0.0,0.0,0.0,0.0,0.0,0,0
0.0,0.0,0.0,0.0,0.0,0.0,0.0,0.0,0,0
0.0,0.0,0.0,0.0,0.0,0.0,0.0,0.0,0,0
0.0,0.0,0.0,0.0,0.0,0.0,0.0,0.0,0,0
0.0,0.0,0.0,0.0,0.0,0.0,0.0,0.0,0,0
0.0,0.0,0.0,0.0,0.0,0.0,0.0,0.0,0,0
0.0,0.0,0.0,0.0,0.0,0.0,0.0,0.0,0,0
0.0,0.0,0.0,0.0,0.0,0.0,0.0,0.0,0,0
0.0,0.0,0.0,0.0,0.0,0.0,0.0,0.0,0,0
0.0,0.0,0.0,0.0,0.0,0.0,0.0,0.0,0,0
0.0,0.0,0.0,0.0,0.0,0.0,0.0,0.0,0,0
0.0,0.0,0.0,0.0,0.0,0.0,0.0,0.0,0,0
0.0,0.0,0.0,0.0,0.0,0.0,0.0,0.0,0,0
0.0,0.0,0.0,0.0,0.0,0.0,0.0,0.0,0,0
0.0,0.0,0.0,0.0,0.0,0.0,0.0,0.0,0,0
-1110148.715519986,50000.00000000001,1984.1269841269839,-1162132.8425041132,124999999.99999999,124999999.99999999,249999999.99999997,249999999.99999997,39,39
0.0,50000.00000000001,0.0,-50000.00000000001,0.0,0.0,0.0,249999999.99999997,0,0
0.0,0.0,0.0,0.0,0.0,0.0,0.0,0.0,0,0
245566.26420941186,49999.999999999985,1984.1269841269843,193582.13722528488,124999999.99999999,125000000.00000001,250000000.0,250000000.0,39,39
0.0,49999.999999999985,0.0,-49999.999999999985,0.0,0.0,0.0,250000000.0,0,0
0.0,0.0,0.0,0.0,0.0,0.0,0.0,0.0,0,0
0.0,0.0,0.0,0.0,0.0,0.0,0.0,0.0,0,0
0.0,0.0,0.0,0.0,0.0,0.0,0.0,0.0,0,0
0.0,0.0,0.0,0.0,0.0,0.0,0.0,0.0,0,0
0.0,0.0,0.0,0.0,0.0,0.0,0.0,0.0,0,0
0.0,0.0,0.0,0.0,0.0,0.0,0.0,0.0,0,0
0.0,0.0,0.0,0.0,0.0,0.0,0.0,0.0,0,0
0.0,0.0,0.0,0.0,0.0,0.0,0.0,0.0,0,0
0.0,0.0,0.0,0.0,0.0,0.0,0.0,0.0,0,0
0.0,0.0,0.0,0.0,0.0,0.0,0.0,0.0,0,0
0.0,0.0,0.0,0.0,0.0,0.0,0.0,0.0,0,0
0.0,0.0,0.0,0.0,0.0,0.0,0.0,0.0,0,0
0.0,0.0,0.0,0.0,0.0,0.0,0.0,0.0,0,0
0.0,0.0,0.0,0.0,0.0,0.0,0.0,0.0,0,0
0.0,0.0,0.0,0.0,0.0,0.0,0.0,0.0,0,0
0.0,0.0,0.0,0.0,0.0,0.0,0.0,0.0,0,0
0.0,0.0,0.0,0.0,0.0,0.0,0.0,0.0,0,0
0.0,0.0,0.0,0.0,0.0,0.0,0.0,0.0,0,0
0.0,0.0,0.0,0.0,0.0,0.0,0.0,0.0,0,0
0.0,0.0,0.0,0.0,0.0,0.0,0.0,0.0,0,0
0.0,0.0,0.0,0.0,0.0,0.0,0.0,0.0,0,0
0.0,0.0,0.0,0.0,0.0,0.0,0.0,0.0,0,0
0.0,0.0,0.0,0.0,0.0,0.0,0.0,0.0,0,0
0.0,0.0,0.0,0.0,0.0,0.0,0.0,0.0,0,0
0.0,0.0,0.0,0.0,0.0,0.0,0.0,0.0,0,0
0.0,0.0,0.0,0.0,0.0,0.0,0.0,0.0,0,0
0.0,0.0,0.0,0.0,0.0,0.0,0.0,0.0,0,0
0.0,0.0,0.0,0.0,0.0,0.0,0.0,0.0,0,0
0.0,0.0,0.0,0.0,0.0,0.0,0.0,0.0,0,0
0.0,0.0,0.0,0.0,0.0,0.0,0.0,0.0,0,0
0.0,0.0,0.0,0.0,0.0,0.0,0.0,0.0,0,0
0.0,0.0,0.0,0.0,0.0,0.0,0.0,0.0,0,0
0.0,0.0,0.0,0.0,0.0,0.0,0.0,0.0,0,0
-636858.8436178261,49999.99999999999,1984.1269841269843,-688842.9706019531,125000000.0,125000000.0,250000000.0,250000000.0,39,39
-365464.24741462816,100647.84186346408,1984.1269841269843,-468096.21626221924,124999999.99999997,125000000.0,249999999.99999997,229476347.36667156,39,39
-995594.3912627156,100000.00000000001,1984.1269841269839,-1097578.5182468428,125000000.0,124999999.99999999,250000000.0,281957172.095593,39,39
2529904.836397121,100873.76508405655,1984.1269841269843,2427046.9443289377,125000000.00000001,125000000.0,250000000.0,387394682.40430295,39,39
261458.3369234723,100000.00000000003,1984.1269841269839,159474.20993934528,125000000.00000001,124999999.99999999,250000000.0,383546584.91566646,39,39
889357.8624770219,103169.89064632366,1984.1269841269836,784203.8448465712,125000000.0,124999999.99999999,250000000.0,367005567.8948051,39,39
0.0,50000.0,0.0,-50000.0,0.0,0.0,0.0,250000000.0,0,0
-172961.58620586965,50000.00000000001,1984.126984126984,-224945.71318999663,124999999.99999999,125000000.0,250000000.0,250000000.0,37,37
192960.42352610847,99999.99999999999,1984.1269841269839,90976.2965419815,125000000.00000001,124999999.99999999,250000000.0,309583446.7145714,37,37
0.0,50000.00000000002,0.0,-50000.00000000002,0.0,0.0,0.0,250000000.0,0,0
0.0,0.0,0.0,0.0,0.0,0.0,0.0,0.0,0,0
-256764.6069689722,50000.000000000015,1984.126984126984,-308748.7339530992,124999999.99999999,125000000.0,250000000.0,249999999.99999997,35,35
1555451.6299848622,103844.39820270528,1984.126984126984,1449623.1047980299,125000000.0,125000000.0,250000000.0,358321733.5338729,32,32
-1509860.7957171067,105970.59458128073,1984.126984126984,-1617815.5172825146,125000000.00000001,124999999.99999999,250000000.0,432284381.3750696,31,31
2170399.1354099205,104280.14193703199,1984.126984126984,2064134.8664887615,125000000.0,125000000.0,250000000.0,418391836.7968026,33,33
204485.3066150018,107888.56258335417,1984.1269841269839,94612.61704752066,125000000.0,124999999.99999999,250000000.0,472012204.0362257,34,34
3217590.3912068917,108951.94962773046,1984.1269841269843,3106654.3145950343,125000000.00000001,125000000.0,250000000.0,469465761.3197768,35,35
238627.54337543482,100000.0,1984.126984126984,136643.41639130784,125000000.00000001,125000000.0,250000000.0,367780207.11275357,33,33
0.0,50000.00000000001,0.0,-50000.00000000001,0.0,0.0,0.0,250000000.0,0,0
0.0,0.0,0.0,0.0,0.0,0.0,0.0,0.0,0,0
0.0,0.0,0.0,0.0,0.0,0.0,0.0,0.0,0,0
0.0,0.0,0.0,0.0,0.0,0.0,0.0,0.0,0,0
0.0,0.0,0.0,0.0,0.0,0.0,0.0,0.0,0,0
-908976.738732679,50000.00000000002,1984.1269841269843,-960960.865716806,125000000.00000001,124999999.99999999,250000000.0,250000000.0,37,37
0.0,50000.00000000002,0.0,-50000.00000000002,0.0,0.0,0.0,250000000.0,0,0
0.0,0.0,0.0,0.0,0.0,0.0,0.0,0.0,0,0
0.0,0.0,0.0,0.0,0.0,0.0,0.0,0.0,0,0
0.0,0.0,0.0,0.0,0.0,0.0,0.0,0.0,0,0
0.0,0.0,0.0,0.0,0.0,0.0,0.0,0.0,0,0
-504216.201634205,50000.00000000002,1984.1269841269843,-556200.328618332,125000000.00000003,125000000.00000001,250000000.00000006,250000000.00000003,40,40
0.0,50000.00000000002,0.0,-50000.00000000002,0.0,0.0,0.0,250000000.00000003,0,0
2414931.241703231,50000.000000000015,1984.1269841269846,2362947.114719104,125000000.0,124999999.99999999,250000000.0,249999999.99999997,39,39
-1161617.6550703808,100690.816082258,1984.1269841269836,-1264292.5981367659,125000000.00000001,125000000.0,250000000.0,296140485.3629588,39,39
1650113.1255807492,100000.00000000007,1984.1269841269839,1548128.9985966221,125000000.0,125000000.0,250000000.0,350285677.3738817,40,40
-682342.385316071,101626.54638578571,1984.1269841269832,-785953.0586859836,125000000.00000001,125000000.0,250000000.0,363924958.09011966,39,39
1031759.1122011823,101098.31059773188,1984.1269841269848,928676.6746193235,124999999.99999999,125000000.00000003,250000000.0,330301186.34612083,39,39
0.0,50000.00000000003,0.0,-50000.00000000003,0.0,0.0,0.0,250000000.0,0,0
-604618.621793685,50000.00000000002,1984.1269841269839,-656602.748777812,125000000.0,125000000.0,250000000.0,250000000.0,38,38
0.0,50000.00000000002,0.0,-50000.00000000002,0.0,0.0,0.0,250000000.0,0,0
0.0,0.0,0.0,0.0,0.0,0.0,0.0,0.0,0,0
0.0,0.0,0.0,0.0,0.0,0.0,0.0,0.0,0,0
-128483.80615081292,49999.999999999985,1984.1269841269836,-180467.93313493987,125000000.00000001,125000000.0,250000000.0,250000000.0,38,38
-1236752.6203124716,101317.43665323438,1984.1269841269848,-1340054.183949833,125000000.0,125000000.00000001,250000000.0,386038081.0823441,38,38
0.0,50000.00000000002,0.0,-50000.00000000002,0.0,0.0,0.0,250000000.00000003,0,0
1641667.882273066,50000.000000000015,1984.1269841269839,1589683.755288939,124999999.99999999,125000000.00000001,250000000.0,250000000.0,39,39
0.0,50000.000000000015,0.0,-50000.000000000015,0.0,0.0,0.0,250000000.0,0,0
0.0,0.0,0.0,0.0,0.0,0.0,0.0,0.0,0,0
-613389.7354649927,50000.00000000001,1984.126984126984,-665373.8624491197,125000000.0,124999999.99999999,250000000.0,250000000.0,39,39
0.0,50000.00000000001,0.0,-50000.00000000001,0.0,0.0,0.0,250000000.0,0,0
12447.078783931542,50000.000000000015,1984.126984126984,-39537.04820019545,125000000.00000001,125000000.0,250000000.0,250000000.00000003,39,39
0.0,50000.000000000015,0.0,-50000.000000000015,0.0,0.0,0.0,250000000.00000003,0,0
-66049.96598897173,49999.99999999999,1984.126984126984,-118034.09297309871,125000000.0,125000000.0,250000000.0,250000000.0,39,39
0.0,49999.99999999999,0.0,-49999.99999999999,0.0,0.0,0.0,250000000.0,0,0
746246.4774375753,49999.999999999985,1984.1269841269832,694262.3504534484,125000000.0,125000000.0,250000000.0,250000000.0,40,40
-683470.6881978298,103277.52785734109,1984.1269841269843,-788732.3430392978,125000000.0,125000000.0,250000000.0,404384564.59700793,40,40
136991.60624176476,105507.83857701904,1984.126984126984,29499.640680618744,124999999.99999999,125000000.0,250000000.0,434812279.2678075,40,40
0.0,49999.99999999999,0.0,-49999.99999999999,0.0,0.0,0.0,249999999.99999997,0,0
0.0,0.0,0.0,0.0,0.0,0.0,0.0,0.0,0,0
-1377948.3736923614,50000.00000000003,1984.1269841269839,-1429932.5006764885,125000000.00000001,125000000.00000001,250000000.00000003,250000000.00000003,41,41
1991576.4799029883,101463.2484494688,1984.1269841269848,1888129.1044693924,124999999.99999999,125000000.00000004,250000000.00000003,340543967.4388957,41,41
402818.4937824145,101469.8491322211,1984.126984126984,299364.5176660664,125000000.00000001,125000000.0,250000000.0,445517565.10764474,41,41
0.0,50000.00000000001,0.0,-50000.00000000001,0.0,0.0,0.0,250000000.00000003,0,0
0.0,0.0,0.0,0.0,0.0,0.0,0.0,0.0,0,0
-244358.94305911422,49999.99999999997,1984.1269841269839,-296343.07004324114,125000000.0,124999999.99999999,250000000.0,250000000.0,40,40
0.0,49999.99999999997,0.0,-49999.99999999997,0.0,0.0,0.0,250000000.0,0,0
0.0,0.0,0.0,0.0,0.0,0.0,0.0,0.0,0,0
0.0,0.0,0.0,0.0,0.0,0.0,0.0,0.0,0,0
0.0,0.0,0.0,0.0,0.0,0.0,0.0,0.0,0,0
0.0,0.0,0.0,0.0,0.0,0.0,0.0,0.0,0,0
0.0,0.0,0.0,0.0,0.0,0.0,0.0,0.0,0,0
0.0,0.0,0.0,0.0,0.0,0.0,0.0,0.0,0,0
0.0,0.0,0.0,0.0,0.0,0.0,0.0,0.0,0,0
0.0,0.0,0.0,0.0,0.0,0.0,0.0,0.0,0,0
0.0,0.0,0.0,0.0,0.0,0.0,0.0,0.0,0,0
0.0,0.0,0.0,0.0,0.0,0.0,0.0,0.0,0,0
369267.76519054634,50000.0,1984.126984126984,317283.63820641936,124999999.99999999,125000000.0,250000000.0,250000000.0,36,36
0.0,50000.0,0.0,-50000.0,0.0,0.0,0.0,250000000.0,0,0
0.0,0.0,0.0,0.0,0.0,0.0,0.0,0.0,0,0
0.0,0.0,0.0,0.0,0.0,0.0,0.0,0.0,0,0
0.0,0.0,0.0,0.0,0.0,0.0,0.0,0.0,0,0
0.0,0.0,0.0,0.0,0.0,0.0,0.0,0.0,0,0
0.0,0.0,0.0,0.0,0.0,0.0,0.0,0.0,0,0
0.0,0.0,0.0,0.0,0.0,0.0,0.0,0.0,0,0
0.0,0.0,0.0,0.0,0.0,0.0,0.0,0.0,0,0
0.0,0.0,0.0,0.0,0.0,0.0,0.0,0.0,0,0
0.0,0.0,0.0,0.0,0.0,0.0,0.0,0.0,0,0
0.0,0.0,0.0,0.0,0.0,0.0,0.0,0.0,0,0
0.0,0.0,0.0,0.0,0.0,0.0,0.0,0.0,0,0
0.0,0.0,0.0,0.0,0.0,0.0,0.0,0.0,0,0
0.0,0.0,0.0,0.0,0.0,0.0,0.0,0.0,0,0
0.0,0.0,0.0,0.0,0.0,0.0,0.0,0.0,0,0
0.0,0.0,0.0,0.0,0.0,0.0,0.0,0.0,0,0
0.0,0.0,0.0,0.0,0.0,0.0,0.0,0.0,0,0
0.0,0.0,0.0,0.0,0.0,0.0,0.0,0.0,0,0
0.0,0.0,0.0,0.0,0.0,0.0,0.0,0.0,0,0
0.0,0.0,0.0,0.0,0.0,0.0,0.0,0.0,0,0
0.0,0.0,0.0,0.0,0.0,0.0,0.0,0.0,0,0
0.0,0.0,0.0,0.0,0.0,0.0,0.0,0.0,0,0
0.0,0.0,0.0,0.0,0.0,0.0,0.0,0.0,0,0
0.0,0.0,0.0,0.0,0.0,0.0,0.0,0.0,0,0
0.0,0.0,0.0,0.0,0.0,0.0,0.0,0.0,0,0
0.0,0.0,0.0,0.0,0.0,0.0,0.0,0.0,0,0
0.0,0.0,0.0,0.0,0.0,0.0,0.0,0.0,0,0
502220.38703400624,49999.999999999985,1984.1269841269839,450236.26004987926,124999999.99999997,124999999.99999997,249999999.99999994,249999999.99999994,40,40
0.0,49999.999999999985,0.0,-49999.999999999985,0.0,0.0,0.0,249999999.99999994,0,0
0.0,0.0,0.0,0.0,0.0,0.0,0.0,0.0,0,0
0.0,0.0,0.0,0.0,0.0,0.0,0.0,0.0,0,0
0.0,0.0,0.0,0.0,0.0,0.0,0.0,0.0,0,0
0.0,0.0,0.0,0.0,0.0,0.0,0.0,0.0,0,0
0.0,0.0,0.0,0.0,0.0,0.0,0.0,0.0,0,0
0.0,0.0,0.0,0.0,0.0,0.0,0.0,0.0,0,0
0.0,0.0,0.0,0.0,0.0,0.0,0.0,0.0,0,0
0.0,0.0,0.0,0.0,0.0,0.0,0.0,0.0,0,0
0.0,0.0,0.0,0.0,0.0,0.0,0.0,0.0,0,0
0.0,0.0,0.0,0.0,0.0,0.0,0.0,0.0,0,0
0.0,0.0,0.0,0.0,0.0,0.0,0.0,0.0,0,0
0.0,0.0,0.0,0.0,0.0,0.0,0.0,0.0,0,0
0.0,0.0,0.0,0.0,0.0,0.0,0.0,0.0,0,0
0.0,0.0,0.0,0.0,0.0,0.0,0.0,0.0,0,0
0.0,0.0,0.0,0.0,0.0,0.0,0.0,0.0,0,0
0.0,0.0,0.0,0.0,0.0,0.0,0.0,0.0,0,0
0.0,0.0,0.0,0.0,0.0,0.0,0.0,0.0,0,0
0.0,0.0,0.0,0.0,0.0,0.0,0.0,0.0,0,0
0.0,0.0,0.0,0.0,0.0,0.0,0.0,0.0,0,0
-697168.6748688924,49999.99999999999,1984.1269841269846,-749152.8018530194,124999999.99999999,125000000.00000001,250000000.0,250000000.0,40,40
0.0,49999.99999999999,0.0,-49999.99999999999,0.0,0.0,0.0,250000000.0,0,0
0.0,0.0,0.0,0.0,0.0,0.0,0.0,0.0,0,0
0.0,0.0,0.0,0.0,0.0,0.0,0.0,0.0,0,0
0.0,0.0,0.0,0.0,0.0,0.0,0.0,0.0,0,0
0.0,0.0,0.0,0.0,0.0,0.0,0.0,0.0,0,0
0.0,0.0,0.0,0.0,0.0,0.0,0.0,0.0,0,0
0.0,0.0,0.0,0.0,0.0,0.0,0.0,0.0,0,0
0.0,0.0,0.0,0.0,0.0,0.0,0.0,0.0,0,0
-65198.33496113459,50000.000000000015,1984.126984126984,-117182.46194526159,125000000.0,125000000.0,250000000.0,250000000.0,36,36
-174514.94082313008,100439.46949928963,1984.1269841269846,-276938.5373065467,125000000.00000001,125000000.00000001,250000000.00000003,334039407.9848228,35,35
0.0,50000.00000000001,0.0,-50000.00000000001,0.0,0.0,0.0,250000000.00000003,0,0
-873082.612160557,49999.99999999999,1984.1269841269839,-925066.7391446839,125000000.0,125000000.0,250000000.0,250000000.0,31,31
661083.9227488484,100357.44028136248,1984.1269841269843,558742.355483359,125000000.0,125000000.00000001,250000000.0,291197839.28414,33,33
0.0,50000.000000000015,0.0,-50000.000000000015,0.0,0.0,0.0,250000000.00000003,0,0
0.0,0.0,0.0,0.0,0.0,0.0,0.0,0.0,0,0
0.0,0.0,0.0,0.0,0.0,0.0,0.0,0.0,0,0
0.0,0.0,0.0,0.0,0.0,0.0,0.0,0.0,0,0
0.0,0.0,0.0,0.0,0.0,0.0,0.0,0.0,0,0
-1178361.3263380462,50000.00000000001,1984.1269841269839,-1230345.4533221733,125000000.00000001,125000000.0,250000000.0,250000000.00000003,36,36
-552970.5302972401,100722.34785422706,1984.1269841269848,-655677.0051355942,125000000.0,125000000.0,250000000.0,384703191.8717582,37,37
0.0,50000.00000000002,0.0,-50000.00000000002,0.0,0.0,0.0,250000000.0,0,0
-485077.1112985466,49999.99999999999,1984.1269841269843,-537061.2382826735,124999999.99999999,125000000.00000001,250000000.0,250000000.0,37,37
0.0,49999.99999999999,0.0,-49999.99999999999,0.0,0.0,0.0,250000000.0,0,0
1139127.1249699055,50000.00000000001,1984.1269841269843,1087142.9979857784,124999999.99999999,125000000.0,250000000.0,249999999.99999997,40,40
-1296463.1093182752,100652.52067763792,1984.1269841269839,-1399099.7569800403,124999999.99999999,125000000.0,250000000.0,324929968.3728734,40,40
-313720.7164215192,99999.99999999999,1984.1269841269846,-415704.84340564616,124999999.99999999,125000000.00000001,250000000.0,265436506.73782316,40,40
-753959.1904272187,102478.43396045269,1984.126984126985,-858421.7513717983,125000000.00000001,125000000.00000003,250000000.00000006,308196246.5149631,40,40
-1665186.846605584,99999.99999999997,1984.126984126984,-1767170.9735897111,124999999.99999999,125000000.0,250000000.0,337096036.8215379,40,40
0.0,50000.0,0.0,-50000.0,0.0,0.0,0.0,249999999.99999997,0,0
0.0,0.0,0.0,0.0,0.0,0.0,0.0,0.0,0,0
0.0,0.0,0.0,0.0,0.0,0.0,0.0,0.0,0,0
0.0,0.0,0.0,0.0,0.0,0.0,0.0,0.0,0,0
143856.0761029869,49999.99999999999,1984.1269841269836,91871.94911885992,125000000.00000001,124999999.99999999,250000000.0,250000000.0,39,39
0.0,49999.99999999999,0.0,-49999.99999999999,0.0,0.0,0.0,250000000.0,0,0
0.0,0.0,0.0,0.0,0.0,0.0,0.0,0.0,0,0
0.0,0.0,0.0,0.0,0.0,0.0,0.0,0.0,0,0
0.0,0.0,0.0,0.0,0.0,0.0,0.0,0.0,0,0
0.0,0.0,0.0,0.0,0.0,0.0,0.0,0.0,0,0
0.0,0.0,0.0,0.0,0.0,0.0,0.0,0.0,0,0
0.0,0.0,0.0,0.0,0.0,0.0,0.0,0.0,0,0
0.0,0.0,0.0,0.0,0.0,0.0,0.0,0.0,0,0
0.0,0.0,0.0,0.0,0.0,0.0,0.0,0.0,0,0
0.0,0.0,0.0,0.0,0.0,0.0,0.0,0.0,0,0
0.0,0.0,0.0,0.0,0.0,0.0,0.0,0.0,0,0
0.0,0.0,0.0,0.0,0.0,0.0,0.0,0.0,0,0
0.0,0.0,0.0,0.0,0.0,0.0,0.0,0.0,0,0
0.0,0.0,0.0,0.0,0.0,0.0,0.0,0.0,0,0
0.0,0.0,0.0,0.0,0.0,0.0,0.0,0.0,0,0
0.0,0.0,0.0,0.0,0.0,0.0,0.0,0.0,0,0
0.0,0.0,0.0,0.0,0.0,0.0,0.0,0.0,0,0
0.0,0.0,0.0,0.0,0.0,0.0,0.0,0.0,0,0
0.0,0.0,0.0,0.0,0.0,0.0,0.0,0.0,0,0
0.0,0.0,0.0,0.0,0.0,0.0,0.0,0.0,0,0
0.0,0.0,0.0,0.0,0.0,0.0,0.0,0.0,0,0
0.0,0.0,0.0,0.0,0.0,0.0,0.0,0.0,0,0
0.0,0.0,0.0,0.0,0.0,0.0,0.0,0.0,0,0
0.0,0.0,0.0,0.0,0.0,0.0,0.0,0.0,0,0
-405566.4410190004,50000.000000000015,1984.126984126984,-457550.5680031274,125000000.00000001,125000000.0,250000000.0,250000000.00000003,40,40
0.0,50000.000000000015,0.0,-50000.000000000015,0.0,0.0,0.0,250000000.00000003,0,0
0.0,0.0,0.0,0.0,0.0,0.0,0.0,0.0,0,0
0.0,0.0,0.0,0.0,0.0,0.0,0.0,0.0,0,0
0.0,0.0,0.0,0.0,0.0,0.0,0.0,0.0,0,0
0.0,0.0,0.0,0.0,0.0,0.0,0.0,0.0,0,0
0.0,0.0,0.0,0.0,0.0,0.0,0.0,0.0,0,0
0.0,0.0,0.0,0.0,0.0,0.0,0.0,0.0,0,0
0.0,0.0,0.0,0.0,0.0,0.0,0.0,0.0,0,0
0.0,0.0,0.0,0.0,0.0,0.0,0.0,0.0,0,0
0.0,0.0,0.0,0.0,0.0,0.0,0.0,0.0,0,0
0.0,0.0,0.0,0.0,0.0,0.0,0.0,0.0,0,0
0.0,0.0,0.0,0.0,0.0,0.0,0.0,0.0,0,0
0.0,0.0,0.0,0.0,0.0,0.0,0.0,0.0,0,0
0.0,0.0,0.0,0.0,0.0,0.0,0.0,0.0,0,0
0.0,0.0,0.0,0.0,0.0,0.0,0.0,0.0,0,0
0.0,0.0,0.0,0.0,0.0,0.0,0.0,0.0,0,0
0.0,0.0,0.0,0.0,0.0,0.0,0.0,0.0,0,0
0.0,0.0,0.0,0.0,0.0,0.0,0.0,0.0,0,0
0.0,0.0,0.0,0.0,0.0,0.0,0.0,0.0,0,0
0.0,0.0,0.0,0.0,0.0,0.0,0.0,0.0,0,0
0.0,0.0,0.0,0.0,0.0,0.0,0.0,0.0,0,0
0.0,0.0,0.0,0.0,0.0,0.0,0.0,0.0,0,0
0.0,0.0,0.0,0.0,0.0,0.0,0.0,0.0,0,0
0.0,0.0,0.0,0.0,0.0,0.0,0.0,0.0,0,0
0.0,0.0,0.0,0.0,0.0,0.0,0.0,0.0,0,0
0.0,0.0,0.0,0.0,0.0,0.0,0.0,0.0,0,0
0.0,0.0,0.0,0.0,0.0,0.0,0.0,0.0,0,0
0.0,0.0,0.0,0.0,0.0,0.0,0.0,0.0,0,0
0.0,0.0,0.0,0.0,0.0,0.0,0.0,0.0,0,0
0.0,0.0,0.0,0.0,0.0,0.0,0.0,0.0,0,0
0.0,0.0,0.0,0.0,0.0,0.0,0.0,0.0,0,0
0.0,0.0,0.0,0.0,0.0,0.0,0.0,0.0,0,0
0.0,0.0,0.0,0.0,0.0,0.0,0.0,0.0,0,0
0.0,0.0,0.0,0.0,0.0,0.0,0.0,0.0,0,0
0.0,0.0,0.0,0.0,0.0,0.0,0.0,0.0,0,0
0.0,0.0,0.0,0.0,0.0,0.0,0.0,0.0,0,0
0.0,0.0,0.0,0.0,0.0,0.0,0.0,0.0,0,0
0.0,0.0,0.0,0.0,0.0,0.0,0.0,0.0,0,0
0.0,0.0,0.0,0.0,0.0,0.0,0.0,0.0,0,0
0.0,0.0,0.0,0.0,0.0,0.0,0.0,0.0,0,0
0.0,0.0,0.0,0.0,0.0,0.0,0.0,0.0,0,0
0.0,0.0,0.0,0.0,0.0,0.0,0.0,0.0,0,0
0.0,0.0,0.0,0.0,0.0,0.0,0.0,0.0,0,0
0.0,0.0,0.0,0.0,0.0,0.0,0.0,0.0,0,0
0.0,0.0,0.0,0.0,0.0,0.0,0.0,0.0,0,0
0.0,0.0,0.0,0.0,0.0,0.0,0.0,0.0,0,0
0.0,0.0,0.0,0.0,0.0,0.0,0.0,0.0,0,0
0.0,0.0,0.0,0.0,0.0,0.0,0.0,0.0,0,0
0.0,0.0,0.0,0.0,0.0,0.0,0.0,0.0,0,0
0.0,0.0,0.0,0.0,0.0,0.0,0.0,0.0,0,0
0.0,0.0,0.0,0.0,0.0,0.0,0.0,0.0,0,0
0.0,0.0,0.0,0.0,0.0,0.0,0.0,0.0,0,0
0.0,0.0,0.0,0.0,0.0,0.0,0.0,0.0,0,0
0.0,0.0,0.0,0.0,0.0,0.0,0.0,0.0,0,0
0.0,0.0,0.0,0.0,0.0,0.0,0.0,0.0,0,0
0.0,0.0,0.0,0.0,0.0,0.0,0.0,0.0,0,0
0.0,0.0,0.0,0.0,0.0,0.0,0.0,0.0,0,0
0.0,0.0,0.0,0.0,0.0,0.0,0.0,0.0,0,0
0.0,0.0,0.0,0.0,0.0,0.0,0.0,0.0,0,0
0.0,0.0,0.0,0.0,0.0,0.0,0.0,0.0,0,0
0.0,0.0,0.0,0.0,0.0,0.0,0.0,0.0,0,0
0.0,0.0,0.0,0.0,0.0,0.0,0.0,0.0,0,0
0.0,0.0,0.0,0.0,0.0,0.0,0.0,0.0,0,0
0.0,0.0,0.0,0.0,0.0,0.0,0.0,0.0,0,0
0.0,0.0,0.0,0.0,0.0,0.0,0.0,0.0,0,0
0.0,0.0,0.0,0.0,0.0,0.0,0.0,0.0,0,0
0.0,0.0,0.0,0.0,0.0,0.0,0.0,0.0,0,0
0.0,0.0,0.0,0.0,0.0,0.0,0.0,0.0,0,0
0.0,0.0,0.0,0.0,0.0,0.0,0.0,0.0,0,0
0.0,0.0,0.0,0.0,0.0,0.0,0.0,0.0,0,0
0.0,0.0,0.0,0.0,0.0,0.0,0.0,0.0,0,0
0.0,0.0,0.0,0.0,0.0,0.0,0.0,0.0,0,0
0.0,0.0,0.0,0.0,0.0,0.0,0.0,0.0,0,0
0.0,0.0,0.0,0.0,0.0,0.0,0.0,0.0,0,0
0.0,0.0,0.0,0.0,0.0,0.0,0.0,0.0,0,0
0.0,0.0,0.0,0.0,0.0,0.0,0.0,0.0,0,0
0.0,0.0,0.0,0.0,0.0,0.0,0.0,0.0,0,0
0.0,0.0,0.0,0.0,0.0,0.0,0.0,0.0,0,0
0.0,0.0,0.0,0.0,0.0,0.0,0.0,0.0,0,0
0.0,0.0,0.0,0.0,0.0,0.0,0.0,0.0,0,0
0.0,0.0,0.0,0.0,0.0,0.0,0.0,0.0,0,0
0.0,0.0,0.0,0.0,0.0,0.0,0.0,0.0,0,0
0.0,0.0,0.0,0.0,0.0,0.0,0.0,0.0,0,0
0.0,0.0,0.0,0.0,0.0,0.0,0.0,0.0,0,0
0.0,0.0,0.0,0.0,0.0,0.0,0.0,0.0,0,0
0.0,0.0,0.0,0.0,0.0,0.0,0.0,0.0,0,0
0.0,0.0,0.0,0.0,0.0,0.0,0.0,0.0,0,0
0.0,0.0,0.0,0.0,0.0,0.0,0.0,0.0,0,0
0.0,0.0,0.0,0.0,0.0,0.0,0.0,0.0,0,0
0.0,0.0,0.0,0.0,0.0,0.0,0.0,0.0,0,0
0.0,0.0,0.0,0.0,0.0,0.0,0.0,0.0,0,0
0.0,0.0,0.0,0.0,0.0,0.0,0.0,0.0,0,0
0.0,0.0,0.0,0.0,0.0,0.0,0.0,0.0,0,0
0.0,0.0,0.0,0.0,0.0,0.0,0.0,0.0,0,0
0.0,0.0,0.0,0.0,0.0,0.0,0.0,0.0,0,0
0.0,0.0,0.0,0.0,0.0,0.0,0.0,0.0,0,0
0.0,0.0,0.0,0.0,0.0,0.0,0.0,0.0,0,0
0.0,0.0,0.0,0.0,0.0,0.0,0.0,0.0,0,0
0.0,0.0,0.0,0.0,0.0,0.0,0.0,0.0,0,0
0.0,0.0,0.0,0.0,0.0,0.0,0.0,0.0,0,0
0.0,0.0,0.0,0.0,0.0,0.0,0.0,0.0,0,0
0.0,0.0,0.0,0.0,0.0,0.0,0.0,0.0,0,0
0.0,0.0,0.0,0.0,0.0,0.0,0.0,0.0,0,0
0.0,0.0,0.0,0.0,0.0,0.0,0.0,0.0,0,0
0.0,0.0,0.0,0.0,0.0,0.0,0.0,0.0,0,0
0.0,0.0,0.0,0.0,0.0,0.0,0.0,0.0,0,0
0.0,0.0,0.0,0.0,0.0,0.0,0.0,0.0,0,0
0.0,0.0,0.0,0.0,0.0,0.0,0.0,0.0,0,0
0.0,0.0,0.0,0.0,0.0,0.0,0.0,0.0,0,0
0.0,0.0,0.0,0.0,0.0,0.0,0.0,0.0,0,0
0.0,0.0,0.0,0.0,0.0,0.0,0.0,0.0,0,0
0.0,0.0,0.0,0.0,0.0,0.0,0.0,0.0,0,0
0.0,0.0,0.0,0.0,0.0,0.0,0.0,0.0,0,0
0.0,0.0,0.0,0.0,0.0,0.0,0.0,0.0,0,0
0.0,0.0,0.0,0.0,0.0,0.0,0.0,0.0,0,0
0.0,0.0,0.0,0.0,0.0,0.0,0.0,0.0,0,0
0.0,0.0,0.0,0.0,0.0,0.0,0.0,0.0,0,0
0.0,0.0,0.0,0.0,0.0,0.0,0.0,0.0,0,0
0.0,0.0,0.0,0.0,0.0,0.0,0.0,0.0,0,0
0.0,0.0,0.0,0.0,0.0,0.0,0.0,0.0,0,0
0.0,0.0,0.0,0.0,0.0,0.0,0.0,0.0,0,0
0.0,0.0,0.0,0.0,0.0,0.0,0.0,0.0,0,0
0.0,0.0,0.0,0.0,0.0,0.0,0.0,0.0,0,0
0.0,0.0,0.0,0.0,0.0,0.0,0.0,0.0,0,0
0.0,0.0,0.0,0.0,0.0,0.0,0.0,0.0,0,0
0.0,0.0,0.0,0.0,0.0,0.0,0.0,0.0,0,0
750006.9649630481,50000.00000000002,1984.126984126984,698022.8379789211,124999999.99999999,124999999.99999999,249999999.99999997,249999999.99999997,39,39
-990926.9426305674,100000.00000000004,1984.1269841269834,-1092911.0696146945,125000000.0,124999999.99999997,249999999.99999997,373959932.45875406,39,39
-844945.4043092597,99999.99999999997,1984.126984126984,-946929.5312933867,125000000.0,125000000.0,250000000.0,378757258.7855643,39,39
621160.7869780677,99999.99999999997,1984.1269841269834,519176.65999394073,125000000.00000003,124999999.99999999,250000000.0,356636174.83827007,39,39
-73827.9071337961,99999.99999999996,1984.1269841269843,-175812.03411792306,125000000.00000001,125000000.0,250000000.0,406494413.0130838,39,39
0.0,50000.000000000015,0.0,-50000.000000000015,0.0,0.0,0.0,250000000.00000003,0,0
0.0,0.0,0.0,0.0,0.0,0.0,0.0,0.0,0,0
0.0,0.0,0.0,0.0,0.0,0.0,0.0,0.0,0,0
0.0,0.0,0.0,0.0,0.0,0.0,0.0,0.0,0,0
0.0,0.0,0.0,0.0,0.0,0.0,0.0,0.0,0,0
0.0,0.0,0.0,0.0,0.0,0.0,0.0,0.0,0,0
0.0,0.0,0.0,0.0,0.0,0.0,0.0,0.0,0,0
0.0,0.0,0.0,0.0,0.0,0.0,0.0,0.0,0,0
0.0,0.0,0.0,0.0,0.0,0.0,0.0,0.0,0,0
-425151.3872480558,50000.00000000001,1984.1269841269846,-477135.51423218276,125000000.00000003,125000000.00000001,250000000.00000006,250000000.00000003,37,37
0.0,50000.00000000001,0.0,-50000.00000000001,0.0,0.0,0.0,250000000.00000003,0,0
0.0,0.0,0.0,0.0,0.0,0.0,0.0,0.0,0,0
1023263.644465513,50000.00000000001,1984.1269841269846,971279.517481386,125000000.0,125000000.0,250000000.0,250000000.0,37,37
404152.7508926983,100816.99285669597,1984.1269841269839,301351.63105187536,124999999.99999996,124999999.99999999,249999999.99999994,369294630.33012277,36,36
0.0,50000.000000000015,0.0,-50000.000000000015,0.0,0.0,0.0,249999999.99999994,0,0
-847948.38709933,50000.00000000001,1984.1269841269839,-899932.514083457,124999999.99999999,125000000.00000001,250000000.0,250000000.0,32,32
474926.0629402535,100663.71193505787,1984.126984126984,372278.22402106866,125000000.00000001,125000000.0,250000000.0,305456653.8942532,34,34
1628453.8048667077,101584.8160539832,1984.1269841269839,1524884.8618285973,124999999.99999999,125000000.0,250000000.0,365724616.51383483,35,35
0.0,50000.0,0.0,-50000.0,0.0,0.0,0.0,249999999.99999997,0,0
0.0,0.0,0.0,0.0,0.0,0.0,0.0,0.0,0,0
0.0,0.0,0.0,0.0,0.0,0.0,0.0,0.0,0,0
-511554.2672397572,50000.000000000015,1984.1269841269839,-563538.3942238842,125000000.0,125000000.0,250000000.0,250000000.0,36,36
0.0,50000.000000000015,0.0,-50000.000000000015,0.0,0.0,0.0,250000000.0,0,0
0.0,0.0,0.0,0.0,0.0,0.0,0.0,0.0,0,0
0.0,0.0,0.0,0.0,0.0,0.0,0.0,0.0,0,0
0.0,0.0,0.0,0.0,0.0,0.0,0.0,0.0,0,0
0.0,0.0,0.0,0.0,0.0,0.0,0.0,0.0,0,0
0.0,0.0,0.0,0.0,0.0,0.0,0.0,0.0,0,0
0.0,0.0,0.0,0.0,0.0,0.0,0.0,0.0,0,0
0.0,0.0,0.0,0.0,0.0,0.0,0.0,0.0,0,0
0.0,0.0,0.0,0.0,0.0,0.0,0.0,0.0,0,0
894766.9983149624,49999.99999999999,1984.1269841269839,842782.8713308354,125000000.0,125000000.0,250000000.0,250000000.0,38,38
164642.63214070277,101887.01453614415,1984.1269841269839,60771.490620431636,124999999.99999999,125000000.0,250000000.0,382171176.3915786,38,38
-1610926.537334965,106799.03908368443,1984.126984126984,-1719709.7034027765,125000000.0,124999999.99999999,250000000.0,412778409.1109221,36,36
-1875278.3312552094,99999.99999999997,1984.1269841269843,-1977262.4582393365,124999999.99999999,125000000.0,250000000.0,402653223.5345979,37,37
613452.1200978811,99999.99999999996,1984.1269841269843,511467.99311375414,125000000.00000001,125000000.0,250000000.0,403865318.52320975,38,38
855431.7730914981,103034.06085019479,1984.126984126984,750413.5852571763,125000000.00000001,125000000.0,250000000.0,404780891.55325246,40,40
-31771.619454209245,104961.35654829221,1984.1269841269836,-138717.10298662845,125000000.0,125000000.00000001,250000000.0,422645363.83653474,41,41
-853848.1356266314,104118.62829767058,1984.126984126984,-959950.890908429,125000000.00000001,125000000.0,250000000.0,427732087.11548734,40,40
0.0,49999.999999999985,0.0,-49999.999999999985,0.0,0.0,0.0,250000000.00000003,0,0
0.0,0.0,0.0,0.0,0.0,0.0,0.0,0.0,0,0
0.0,0.0,0.0,0.0,0.0,0.0,0.0,0.0,0,0
0.0,0.0,0.0,0.0,0.0,0.0,0.0,0.0,0,0
0.0,0.0,0.0,0.0,0.0,0.0,0.0,0.0,0,0
0.0,0.0,0.0,0.0,0.0,0.0,0.0,0.0,0,0
0.0,0.0,0.0,0.0,0.0,0.0,0.0,0.0,0,0
0.0,0.0,0.0,0.0,0.0,0.0,0.0,0.0,0,0
0.0,0.0,0.0,0.0,0.0,0.0,0.0,0.0,0,0
0.0,0.0,0.0,0.0,0.0,0.0,0.0,0.0,0,0
0.0,0.0,0.0,0.0,0.0,0.0,0.0,0.0,0,0
0.0,0.0,0.0,0.0,0.0,0.0,0.0,0.0,0,0
0.0,0.0,0.0,0.0,0.0,0.0,0.0,0.0,0,0
0.0,0.0,0.0,0.0,0.0,0.0,0.0,0.0,0,0
-470114.05004544504,49999.99999999999,1984.126984126984,-522098.177029572,125000000.00000001,125000000.00000001,250000000.00000003,250000000.00000003,34,34
66717.88703129718,102308.44452358264,1984.1269841269836,-37574.68447641244,125000000.0,125000000.0,250000000.0,447523400.41400075,33,33
1612943.3564530676,106921.31794679615,1984.1269841269834,1504037.9115221445,124999999.99999997,125000000.0,249999999.99999997,482310581.69415593,32,32
800165.4701859363,107513.64541057168,1984.1269841269836,690667.6977912376,125000000.0,124999999.99999999,250000000.0,460829061.9274718,32,32
110369.06057508175,107188.92177756316,1984.1269841269839,1196.0118133916096,125000000.0,124999999.99999999,250000000.0,464349796.72903675,32,32
0.0,49999.99999999999,0.0,-49999.99999999999,0.0,0.0,0.0,249999999.99999997,0,0
1981991.5005173176,50000.0,1984.1269841269843,1930007.3735331905,125000000.0,125000000.00000001,250000000.0,250000000.0,32,32
1765165.9292317114,100000.00000000003,1984.1269841269839,1663181.8022475843,125000000.0,124999999.99999999,250000000.0,340113748.6512368,32,32
5647672.538949832,100000.00000000007,1984.1269841269843,5545688.411965705,125000000.00000003,125000000.0,250000000.00000003,382641709.05920935,32,32
1599023.120659544,100851.28925533002,1984.1269841269834,1496187.7044200867,125000000.00000001,125000000.0,250000000.0,368802537.36297387,31,31
-94302.52942016113,104420.8251331466,1984.1269841269843,-200707.4815374347,125000000.0,125000000.0,250000000.0,408001565.50766313,32,32
-52480.17811426368,100000.0,1984.126984126984,-154464.30509839067,125000000.0,124999999.99999999,250000000.0,396979100.62164277,32,32
-213182.4004478116,99999.99999999996,1984.1269841269836,-315166.52743193856,124999999.99999999,124999999.99999999,249999999.99999997,388203591.87946016,33,33
2175936.337415454,100000.0,1984.126984126984,2073952.2104313269,125000000.0,125000000.00000001,250000000.0,397678591.6328154,34,34
633111.9641200359,100000.0,1984.126984126984,531127.8371359089,125000000.0,125000000.00000001,250000000.0,411170722.03036636,35,35
1591955.78211111,101414.16256948766,1984.1269841269843,1488557.4925574951,125000000.0,125000000.0,250000000.0,458163312.43561673,35,35
473651.3454775253,100000.00000000004,1984.126984126984,371667.2184933983,125000000.00000001,125000000.0,250000000.0,474937798.84229195,37,37
42706.978859544804,101087.92026140884,1984.126984126984,-60365.06838599102,125000000.00000001,125000000.0,250000000.0,447664717.22599775,37,37
-1042530.7495732278,101971.99415900005,1984.1269841269843,-1146486.870716355,125000000.0,125000000.0,250000000.0,418420097.0394945,36,36
-380847.19662474847,101791.54908241975,1984.1269841269836,-484622.8726912952,125000000.00000001,125000000.0,250000000.0,458764526.6542868,35,35
452210.6550277526,102581.51248341938,1984.126984126984,347645.01556020626,125000000.0,125000000.0,250000000.0,428569069.79517514,36,36
791288.1652551537,101201.65298616752,1984.1269841269832,688102.3852848591,125000000.0,124999999.99999999,250000000.0,406223293.7543834,37,37
-2240917.9894472626,99999.99999999996,1984.1269841269843,-2342902.1164313895,125000000.00000001,125000000.0,250000000.0,367433862.3651017,37,37
-1866336.0564162068,103608.46648379271,1984.1269841269839,-1971928.6498841266,125000000.0,125000000.0,250000000.0,425458879.36893934,34,34
1745761.4238156732,99999.99999999999,1984.1269841269834,1643777.2968315461,125000000.0,125000000.0,250000000.0,418824189.88022524,31,31
3168611.0886955946,100000.00000000001,1984.1269841269843,3066626.9617114677,125000000.0,125000000.0,250000000.0,302515825.91681117,31,31
1658584.6496052889,100000.00000000003,1984.1269841269836,1556600.5226211618,125000000.00000003,125000000.0,250000000.00000003,355171647.3905589,34,34
-1102498.8551709235,100000.0,1984.1269841269836,-1204482.9821550506,125000000.00000001,124999999.99999999,250000000.0,372639352.5651217,34,34
-424941.4466378769,100000.00000000007,1984.1269841269832,-526925.573622004,125000000.00000001,124999999.99999997,250000000.0,380612269.00604784,34,34
-1164557.1502820156,99999.99999999996,1984.1269841269843,-1266541.2772661427,124999999.99999999,125000000.0,250000000.0,376451589.74063575,31,31
0.0,49999.999999999985,0.0,-49999.999999999985,0.0,0.0,0.0,250000000.0,0,0
986025.8262232649,50000.00000000001,1984.1269841269843,934041.6992391379,125000000.0,125000000.0,250000000.0,250000000.0,33,33
-597669.1467773286,99999.99999999999,1984.126984126984,-699653.2737614556,124999999.99999997,124999999.99999999,249999999.99999994,357959368.0393175,36,36
362748.26253236877,100000.00000000001,1984.1269841269839,260764.1355482418,125000000.0,125000000.0,250000000.0,384618138.9800768,39,39
0.0,50000.0,0.0,-50000.0,0.0,0.0,0.0,250000000.0,0,0
-1285576.505900723,49999.999999999985,1984.1269841269839,-1337560.63288485,125000000.0,124999999.99999999,250000000.0,249999999.99999997,40,40
0.0,49999.999999999985,0.0,-49999.999999999985,0.0,0.0,0.0,249999999.99999997,0,0
-208307.74589673185,50000.0,1984.1269841269836,-260291.87288085883,125000000.00000001,125000000.0,250000000.0,250000000.0,39,39
0.0,50000.0,0.0,-50000.0,0.0,0.0,0.0,250000000.0,0,0
118412.45008425339,49999.99999999999,1984.1269841269839,66428.3231001264,125000000.0,125000000.0,250000000.0,250000000.0,39,39
-1548.7340235293987,100488.94160768,1984.1269841269834,-104021.80261533638,124999999.99999999,124999999.99999999,249999999.99999997,323200237.2299523,39,39
-5315165.6621152,100000.0,1984.126984126984,-5417149.789099327,124999999.99999997,125000000.00000001,250000000.0,343370797.7578246,39,39
-5171168.391450146,100000.00000000006,1984.1269841269843,-5273152.518434273,125000000.0,125000000.00000003,250000000.00000003,301811183.84085494,40,40
0.0,50000.00000000003,0.0,-50000.00000000003,0.0,0.0,0.0,250000000.00000003,0,0
0.0,0.0,0.0,0.0,0.0,0.0,0.0,0.0,0,0
0.0,0.0,0.0,0.0,0.0,0.0,0.0,0.0,0,0
0.0,0.0,0.0,0.0,0.0,0.0,0.0,0.0,0,0
0.0,0.0,0.0,0.0,0.0,0.0,0.0,0.0,0,0
0.0,0.0,0.0,0.0,0.0,0.0,0.0,0.0,0,0
0.0,0.0,0.0,0.0,0.0,0.0,0.0,0.0,0,0
0.0,0.0,0.0,0.0,0.0,0.0,0.0,0.0,0,0
0.0,0.0,0.0,0.0,0.0,0.0,0.0,0.0,0,0
0.0,0.0,0.0,0.0,0.0,0.0,0.0,0.0,0,0
0.0,0.0,0.0,0.0,0.0,0.0,0.0,0.0,0,0
0.0,0.0,0.0,0.0,0.0,0.0,0.0,0.0,0,0
0.0,0.0,0.0,0.0,0.0,0.0,0.0,0.0,0,0
0.0,0.0,0.0,0.0,0.0,0.0,0.0,0.0,0,0
0.0,0.0,0.0,0.0,0.0,0.0,0.0,0.0,0,0
0.0,0.0,0.0,0.0,0.0,0.0,0.0,0.0,0,0
0.0,0.0,0.0,0.0,0.0,0.0,0.0,0.0,0,0
0.0,0.0,0.0,0.0,0.0,0.0,0.0,0.0,0,0
0.0,0.0,0.0,0.0,0.0,0.0,0.0,0.0,0,0
0.0,0.0,0.0,0.0,0.0,0.0,0.0,0.0,0,0
0.0,0.0,0.0,0.0,0.0,0.0,0.0,0.0,0,0
0.0,0.0,0.0,0.0,0.0,0.0,0.0,0.0,0,0
0.0,0.0,0.0,0.0,0.0,0.0,0.0,0.0,0,0
0.0,0.0,0.0,0.0,0.0,0.0,0.0,0.0,0,0
0.0,0.0,0.0,0.0,0.0,0.0,0.0,0.0,0,0
0.0,0.0,0.0,0.0,0.0,0.0,0.0,0.0,0,0
0.0,0.0,0.0,0.0,0.0,0.0,0.0,0.0,0,0
0.0,0.0,0.0,0.0,0.0,0.0,0.0,0.0,0,0
0.0,0.0,0.0,0.0,0.0,0.0,0.0,0.0,0,0
0.0,0.0,0.0,0.0,0.0,0.0,0.0,0.0,0,0
0.0,0.0,0.0,0.0,0.0,0.0,0.0,0.0,0,0
0.0,0.0,0.0,0.0,0.0,0.0,0.0,0.0,0,0
0.0,0.0,0.0,0.0,0.0,0.0,0.0,0.0,0,0
0.0,0.0,0.0,0.0,0.0,0.0,0.0,0.0,0,0
0.0,0.0,0.0,0.0,0.0,0.0,0.0,0.0,0,0
0.0,0.0,0.0,0.0,0.0,0.0,0.0,0.0,0,0
0.0,0.0,0.0,0.0,0.0,0.0,0.0,0.0,0,0
0.0,0.0,0.0,0.0,0.0,0.0,0.0,0.0,0,0
0.0,0.0,0.0,0.0,0.0,0.0,0.0,0.0,0,0
0.0,0.0,0.0,0.0,0.0,0.0,0.0,0.0,0,0
0.0,0.0,0.0,0.0,0.0,0.0,0.0,0.0,0,0
0.0,0.0,0.0,0.0,0.0,0.0,0.0,0.0,0,0
0.0,0.0,0.0,0.0,0.0,0.0,0.0,0.0,0,0
0.0,0.0,0.0,0.0,0.0,0.0,0.0,0.0,0,0
0.0,0.0,0.0,0.0,0.0,0.0,0.0,0.0,0,0
0.0,0.0,0.0,0.0,0.0,0.0,0.0,0.0,0,0
0.0,0.0,0.0,0.0,0.0,0.0,0.0,0.0,0,0
0.0,0.0,0.0,0.0,0.0,0.0,0.0,0.0,0,0
0.0,0.0,0.0,0.0,0.0,0.0,0.0,0.0,0,0
0.0,0.0,0.0,0.0,0.0,0.0,0.0,0.0,0,0
0.0,0.0,0.0,0.0,0.0,0.0,0.0,0.0,0,0
0.0,0.0,0.0,0.0,0.0,0.0,0.0,0.0,0,0
0.0,0.0,0.0,0.0,0.0,0.0,0.0,0.0,0,0
0.0,0.0,0.0,0.0,0.0,0.0,0.0,0.0,0,0
0.0,0.0,0.0,0.0,0.0,0.0,0.0,0.0,0,0
0.0,0.0,0.0,0.0,0.0,0.0,0.0,0.0,0,0
0.0,0.0,0.0,0.0,0.0,0.0,0.0,0.0,0,0
0.0,0.0,0.0,0.0,0.0,0.0,0.0,0.0,0,0
0.0,0.0,0.0,0.0,0.0,0.0,0.0,0.0,0,0
0.0,0.0,0.0,0.0,0.0,0.0,0.0,0.0,0,0
0.0,0.0,0.0,0.0,0.0,0.0,0.0,0.0,0,0
0.0,0.0,0.0,0.0,0.0,0.0,0.0,0.0,0,0
0.0,0.0,0.0,0.0,0.0,0.0,0.0,0.0,0,0
0.0,0.0,0.0,0.0,0.0,0.0,0.0,0.0,0,0
0.0,0.0,0.0,0.0,0.0,0.0,0.0,0.0,0,0
0.0,0.0,0.0,0.0,0.0,0.0,0.0,0.0,0,0
0.0,0.0,0.0,0.0,0.0,0.0,0.0,0.0,0,0
0.0,0.0,0.0,0.0,0.0,0.0,0.0,0.0,0,0
0.0,0.0,0.0,0.0,0.0,0.0,0.0,0.0,0,0
0.0,0.0,0.0,0.0,0.0,0.0,0.0,0.0,0,0
0.0,0.0,0.0,0.0,0.0,0.0,0.0,0.0,0,0
0.0,0.0,0.0,0.0,0.0,0.0,0.0,0.0,0,0
0.0,0.0,0.0,0.0,0.0,0.0,0.0,0.0,0,0
0.0,0.0,0.0,0.0,0.0,0.0,0.0,0.0,0,0
0.0,0.0,0.0,0.0,0.0,0.0,0.0,0.0,0,0
0.0,0.0,0.0,0.0,0.0,0.0,0.0,0.0,0,0
0.0,0.0,0.0,0.0,0.0,0.0,0.0,0.0,0,0
0.0,0.0,0.0,0.0,0.0,0.0,0.0,0.0,0,0
0.0,0.0,0.0,0.0,0.0,0.0,0.0,0.0,0,0
0.0,0.0,0.0,0.0,0.0,0.0,0.0,0.0,0,0
0.0,0.0,0.0,0.0,0.0,0.0,0.0,0.0,0,0
0.0,0.0,0.0,0.0,0.0,0.0,0.0,0.0,0,0
0.0,0.0,0.0,0.0,0.0,0.0,0.0,0.0,0,0
0.0,0.0,0.0,0.0,0.0,0.0,0.0,0.0,0,0
0.0,0.0,0.0,0.0,0.0,0.0,0.0,0.0,0,0
0.0,0.0,0.0,0.0,0.0,0.0,0.0,0.0,0,0
0.0,0.0,0.0,0.0,0.0,0.0,0.0,0.0,0,0
0.0,0.0,0.0,0.0,0.0,0.0,0.0,0.0,0,0
0.0,0.0,0.0,0.0,0.0,0.0,0.0,0.0,0,0
0.0,0.0,0.0,0.0,0.0,0.0,0.0,0.0,0,0
0.0,0.0,0.0,0.0,0.0,0.0,0.0,0.0,0,0
0.0,0.0,0.0,0.0,0.0,0.0,0.0,0.0,0,0
0.0,0.0,0.0,0.0,0.0,0.0,0.0,0.0,0,0
0.0,0.0,0.0,0.0,0.0,0.0,0.0,0.0,0,0
0.0,0.0,0.0,0.0,0.0,0.0,0.0,0.0,0,0
0.0,0.0,0.0,0.0,0.0,0.0,0.0,0.0,0,0
0.0,0.0,0.0,0.0,0.0,0.0,0.0,0.0,0,0
0.0,0.0,0.0,0.0,0.0,0.0,0.0,0.0,0,0
0.0,0.0,0.0,0.0,0.0,0.0,0.0,0.0,0,0
0.0,0.0,0.0,0.0,0.0,0.0,0.0,0.0,0,0
0.0,0.0,0.0,0.0,0.0,0.0,0.0,0.0,0,0
0.0,0.0,0.0,0.0,0.0,0.0,0.0,0.0,0,0
0.0,0.0,0.0,0.0,0.0,0.0,0.0,0.0,0,0
0.0,0.0,0.0,0.0,0.0,0.0,0.0,0.0,0,0
0.0,0.0,0.0,0.0,0.0,0.0,0.0,0.0,0,0
0.0,0.0,0.0,0.0,0.0,0.0,0.0,0.0,0,0
0.0,0.0,0.0,0.0,0.0,0.0,0.0,0.0,0,0
0.0,0.0,0.0,0.0,0.0,0.0,0.0,0.0,0,0
0.0,0.0,0.0,0.0,0.0,0.0,0.0,0.0,0,0
0.0,0.0,0.0,0.0,0.0,0.0,0.0,0.0,0,0
0.0,0.0,0.0,0.0,0.0,0.0,0.0,0.0,0,0
0.0,0.0,0.0,0.0,0.0,0.0,0.0,0.0,0,0
0.0,0.0,0.0,0.0,0.0,0.0,0.0,0.0,0,0
0.0,0.0,0.0,0.0,0.0,0.0,0.0,0.0,0,0
0.0,0.0,0.0,0.0,0.0,0.0,0.0,0.0,0,0
0.0,0.0,0.0,0.0,0.0,0.0,0.0,0.0,0,0
0.0,0.0,0.0,0.0,0.0,0.0,0.0,0.0,0,0
0.0,0.0,0.0,0.0,0.0,0.0,0.0,0.0,0,0
0.0,0.0,0.0,0.0,0.0,0.0,0.0,0.0,0,0
0.0,0.0,0.0,0.0,0.0,0.0,0.0,0.0,0,0
0.0,0.0,0.0,0.0,0.0,0.0,0.0,0.0,0,0
0.0,0.0,0.0,0.0,0.0,0.0,0.0,0.0,0,0
0.0,0.0,0.0,0.0,0.0,0.0,0.0,0.0,0,0
0.0,0.0,0.0,0.0,0.0,0.0,0.0,0.0,0,0
0.0,0.0,0.0,0.0,0.0,0.0,0.0,0.0,0,0
0.0,0.0,0.0,0.0,0.0,0.0,0.0,0.0,0,0
0.0,0.0,0.0,0.0,0.0,0.0,0.0,0.0,0,0
0.0,0.0,0.0,0.0,0.0,0.0,0.0,0.0,0,0
0.0,0.0,0.0,0.0,0.0,0.0,0.0,0.0,0,0
0.0,0.0,0.0,0.0,0.0,0.0,0.0,0.0,0,0
0.0,0.0,0.0,0.0,0.0,0.0,0.0,0.0,0,0
0.0,0.0,0.0,0.0,0.0,0.0,0.0,0.0,0,0
0.0,0.0,0.0,0.0,0.0,0.0,0.0,0.0,0,0
0.0,0.0,0.0,0.0,0.0,0.0,0.0,0.0,0,0
0.0,0.0,0.0,0.0,0.0,0.0,0.0,0.0,0,0
0.0,0.0,0.0,0.0,0.0,0.0,0.0,0.0,0,0
0.0,0.0,0.0,0.0,0.0,0.0,0.0,0.0,0,0
0.0,0.0,0.0,0.0,0.0,0.0,0.0,0.0,0,0
0.0,0.0,0.0,0.0,0.0,0.0,0.0,0.0,0,0
0.0,0.0,0.0,0.0,0.0,0.0,0.0,0.0,0,0
0.0,0.0,0.0,0.0,0.0,0.0,0.0,0.0,0,0
0.0,0.0,0.0,0.0,0.0,0.0,0.0,0.0,0,0
0.0,0.0,0.0,0.0,0.0,0.0,0.0,0.0,0,0
0.0,0.0,0.0,0.0,0.0,0.0,0.0,0.0,0,0
0.0,0.0,0.0,0.0,0.0,0.0,0.0,0.0,0,0
0.0,0.0,0.0,0.0,0.0,0.0,0.0,0.0,0,0
0.0,0.0,0.0,0.0,0.0,0.0,0.0,0.0,0,0
0.0,0.0,0.0,0.0,0.0,0.0,0.0,0.0,0,0
0.0,0.0,0.0,0.0,0.0,0.0,0.0,0.0,0,0
0.0,0.0,0.0,0.0,0.0,0.0,0.0,0.0,0,0
0.0,0.0,0.0,0.0,0.0,0.0,0.0,0.0,0,0
0.0,0.0,0.0,0.0,0.0,0.0,0.0,0.0,0,0
0.0,0.0,0.0,0.0,0.0,0.0,0.0,0.0,0,0
0.0,0.0,0.0,0.0,0.0,0.0,0.0,0.0,0,0
0.0,0.0,0.0,0.0,0.0,0.0,0.0,0.0,0,0
0.0,0.0,0.0,0.0,0.0,0.0,0.0,0.0,0,0
0.0,0.0,0.0,0.0,0.0,0.0,0.0,0.0,0,0
0.0,0.0,0.0,0.0,0.0,0.0,0.0,0.0,0,0
0.0,0.0,0.0,0.0,0.0,0.0,0.0,0.0,0,0
0.0,0.0,0.0,0.0,0.0,0.0,0.0,0.0,0,0
0.0,0.0,0.0,0.0,0.0,0.0,0.0,0.0,0,0
0.0,0.0,0.0,0.0,0.0,0.0,0.0,0.0,0,0
0.0,0.0,0.0,0.0,0.0,0.0,0.0,0.0,0,0
0.0,0.0,0.0,0.0,0.0,0.0,0.0,0.0,0,0
0.0,0.0,0.0,0.0,0.0,0.0,0.0,0.0,0,0
0.0,0.0,0.0,0.0,0.0,0.0,0.0,0.0,0,0
0.0,0.0,0.0,0.0,0.0,0.0,0.0,0.0,0,0
0.0,0.0,0.0,0.0,0.0,0.0,0.0,0.0,0,0
0.0,0.0,0.0,0.0,0.0,0.0,0.0,0.0,0,0
0.0,0.0,0.0,0.0,0.0,0.0,0.0,0.0,0,0
0.0,0.0,0.0,0.0,0.0,0.0,0.0,0.0,0,0
0.0,0.0,0.0,0.0,0.0,0.0,0.0,0.0,0,0
0.0,0.0,0.0,0.0,0.0,0.0,0.0,0.0,0,0
0.0,0.0,0.0,0.0,0.0,0.0,0.0,0.0,0,0
0.0,0.0,0.0,0.0,0.0,0.0,0.0,0.0,0,0
0.0,0.0,0.0,0.0,0.0,0.0,0.0,0.0,0,0
0.0,0.0,0.0,0.0,0.0,0.0,0.0,0.0,0,0
0.0,0.0,0.0,0.0,0.0,0.0,0.0,0.0,0,0
0.0,0.0,0.0,0.0,0.0,0.0,0.0,0.0,0,0
0.0,0.0,0.0,0.0,0.0,0.0,0.0,0.0,0,0
0.0,0.0,0.0,0.0,0.0,0.0,0.0,0.0,0,0
0.0,0.0,0.0,0.0,0.0,0.0,0.0,0.0,0,0
0.0,0.0,0.0,0.0,0.0,0.0,0.0,0.0,0,0
0.0,0.0,0.0,0.0,0.0,0.0,0.0,0.0,0,0
0.0,0.0,0.0,0.0,0.0,0.0,0.0,0.0,0,0
0.0,0.0,0.0,0.0,0.0,0.0,0.0,0.0,0,0
0.0,0.0,0.0,0.0,0.0,0.0,0.0,0.0,0,0
0.0,0.0,0.0,0.0,0.0,0.0,0.0,0.0,0,0
0.0,0.0,0.0,0.0,0.0,0.0,0.0,0.0,0,0
0.0,0.0,0.0,0.0,0.0,0.0,0.0,0.0,0,0
0.0,0.0,0.0,0.0,0.0,0.0,0.0,0.0,0,0
0.0,0.0,0.0,0.0,0.0,0.0,0.0,0.0,0,0
0.0,0.0,0.0,0.0,0.0,0.0,0.0,0.0,0,0
0.0,0.0,0.0,0.0,0.0,0.0,0.0,0.0,0,0
0.0,0.0,0.0,0.0,0.0,0.0,0.0,0.0,0,0
0.0,0.0,0.0,0.0,0.0,0.0,0.0,0.0,0,0
0.0,0.0,0.0,0.0,0.0,0.0,0.0,0.0,0,0
0.0,0.0,0.0,0.0,0.0,0.0,0.0,0.0,0,0
0.0,0.0,0.0,0.0,0.0,0.0,0.0,0.0,0,0
0.0,0.0,0.0,0.0,0.0,0.0,0.0,0.0,0,0
0.0,0.0,0.0,0.0,0.0,0.0,0.0,0.0,0,0
0.0,0.0,0.0,0.0,0.0,0.0,0.0,0.0,0,0
0.0,0.0,0.0,0.0,0.0,0.0,0.0,0.0,0,0
0.0,0.0,0.0,0.0,0.0,0.0,0.0,0.0,0,0
0.0,0.0,0.0,0.0,0.0,0.0,0.0,0.0,0,0
0.0,0.0,0.0,0.0,0.0,0.0,0.0,0.0,0,0
0.0,0.0,0.0,0.0,0.0,0.0,0.0,0.0,0,0
0.0,0.0,0.0,0.0,0.0,0.0,0.0,0.0,0,0
0.0,0.0,0.0,0.0,0.0,0.0,0.0,0.0,0,0
0.0,0.0,0.0,0.0,0.0,0.0,0.0,0.0,0,0
0.0,0.0,0.0,0.0,0.0,0.0,0.0,0.0,0,0
0.0,0.0,0.0,0.0,0.0,0.0,0.0,0.0,0,0
0.0,0.0,0.0,0.0,0.0,0.0,0.0,0.0,0,0
0.0,0.0,0.0,0.0,0.0,0.0,0.0,0.0,0,0
0.0,0.0,0.0,0.0,0.0,0.0,0.0,0.0,0,0
0.0,0.0,0.0,0.0,0.0,0.0,0.0,0.0,0,0
0.0,0.0,0.0,0.0,0.0,0.0,0.0,0.0,0,0
0.0,0.0,0.0,0.0,0.0,0.0,0.0,0.0,0,0
0.0,0.0,0.0,0.0,0.0,0.0,0.0,0.0,0,0
0.0,0.0,0.0,0.0,0.0,0.0,0.0,0.0,0,0
0.0,0.0,0.0,0.0,0.0,0.0,0.0,0.0,0,0
0.0,0.0,0.0,0.0,0.0,0.0,0.0,0.0,0,0
0.0,0.0,0.0,0.0,0.0,0.0,0.0,0.0,0,0
0.0,0.0,0.0,0.0,0.0,0.0,0.0,0.0,0,0
0.0,0.0,0.0,0.0,0.0,0.0,0.0,0.0,0,0
0.0,0.0,0.0,0.0,0.0,0.0,0.0,0.0,0,0
0.0,0.0,0.0,0.0,0.0,0.0,0.0,0.0,0,0
0.0,0.0,0.0,0.0,0.0,0.0,0.0,0.0,0,0
0.0,0.0,0.0,0.0,0.0,0.0,0.0,0.0,0,0
0.0,0.0,0.0,0.0,0.0,0.0,0.0,0.0,0,0
0.0,0.0,0.0,0.0,0.0,0.0,0.0,0.0,0,0
0.0,0.0,0.0,0.0,0.0,0.0,0.0,0.0,0,0
0.0,0.0,0.0,0.0,0.0,0.0,0.0,0.0,0,0
0.0,0.0,0.0,0.0,0.0,0.0,0.0,0.0,0,0
0.0,0.0,0.0,0.0,0.0,0.0,0.0,0.0,0,0
0.0,0.0,0.0,0.0,0.0,0.0,0.0,0.0,0,0
0.0,0.0,0.0,0.0,0.0,0.0,0.0,0.0,0,0
0.0,0.0,0.0,0.0,0.0,0.0,0.0,0.0,0,0
0.0,0.0,0.0,0.0,0.0,0.0,0.0,0.0,0,0
0.0,0.0,0.0,0.0,0.0,0.0,0.0,0.0,0,0
0.0,0.0,0.0,0.0,0.0,0.0,0.0,0.0,0,0
-2249518.568752738,50000.00000000001,1984.1269841269839,-2301502.695736865,125000000.0,124999999.99999999,250000000.0,249999999.99999997,43,43
1685059.6082666244,99999.99999999999,1984.126984126984,1583075.4812824973,124999999.99999999,125000000.00000001,250000000.0,328690504.39800924,43,43
0.0,50000.00000000001,0.0,-50000.00000000001,0.0,0.0,0.0,250000000.0,0,0
0.0,0.0,0.0,0.0,0.0,0.0,0.0,0.0,0,0
0.0,0.0,0.0,0.0,0.0,0.0,0.0,0.0,0,0
0.0,0.0,0.0,0.0,0.0,0.0,0.0,0.0,0,0
925614.8860681338,50000.00000000002,1984.1269841269848,873630.7590840068,125000000.0,125000000.00000001,250000000.0,250000000.0,44,44
0.0,50000.00000000002,0.0,-50000.00000000002,0.0,0.0,0.0,250000000.0,0,0
0.0,0.0,0.0,0.0,0.0,0.0,0.0,0.0,0,0
0.0,0.0,0.0,0.0,0.0,0.0,0.0,0.0,0,0
0.0,0.0,0.0,0.0,0.0,0.0,0.0,0.0,0,0
0.0,0.0,0.0,0.0,0.0,0.0,0.0,0.0,0,0
0.0,0.0,0.0,0.0,0.0,0.0,0.0,0.0,0,0
0.0,0.0,0.0,0.0,0.0,0.0,0.0,0.0,0,0
0.0,0.0,0.0,0.0,0.0,0.0,0.0,0.0,0,0
0.0,0.0,0.0,0.0,0.0,0.0,0.0,0.0,0,0
0.0,0.0,0.0,0.0,0.0,0.0,0.0,0.0,0,0
0.0,0.0,0.0,0.0,0.0,0.0,0.0,0.0,0,0
0.0,0.0,0.0,0.0,0.0,0.0,0.0,0.0,0,0
0.0,0.0,0.0,0.0,0.0,0.0,0.0,0.0,0,0
0.0,0.0,0.0,0.0,0.0,0.0,0.0,0.0,0,0
0.0,0.0,0.0,0.0,0.0,0.0,0.0,0.0,0,0
0.0,0.0,0.0,0.0,0.0,0.0,0.0,0.0,0,0
0.0,0.0,0.0,0.0,0.0,0.0,0.0,0.0,0,0
0.0,0.0,0.0,0.0,0.0,0.0,0.0,0.0,0,0
0.0,0.0,0.0,0.0,0.0,0.0,0.0,0.0,0,0
0.0,0.0,0.0,0.0,0.0,0.0,0.0,0.0,0,0
774693.5080706222,49999.99999999999,1984.1269841269846,722709.3810864952,125000000.0,125000000.0,250000000.0,250000000.0,43,43
0.0,49999.99999999999,0.0,-49999.99999999999,0.0,0.0,0.0,250000000.0,0,0
0.0,0.0,0.0,0.0,0.0,0.0,0.0,0.0,0,0
0.0,0.0,0.0,0.0,0.0,0.0,0.0,0.0,0,0
0.0,0.0,0.0,0.0,0.0,0.0,0.0,0.0,0,0
0.0,0.0,0.0,0.0,0.0,0.0,0.0,0.0,0,0
0.0,0.0,0.0,0.0,0.0,0.0,0.0,0.0,0,0
0.0,0.0,0.0,0.0,0.0,0.0,0.0,0.0,0,0
0.0,0.0,0.0,0.0,0.0,0.0,0.0,0.0,0,0
0.0,0.0,0.0,0.0,0.0,0.0,0.0,0.0,0,0
0.0,0.0,0.0,0.0,0.0,0.0,0.0,0.0,0,0
0.0,0.0,0.0,0.0,0.0,0.0,0.0,0.0,0,0
0.0,0.0,0.0,0.0,0.0,0.0,0.0,0.0,0,0
925782.1567004129,50000.000000000015,1984.1269841269846,873798.0297162859,125000000.00000003,124999999.99999999,250000000.0,250000000.00000003,45,45
0.0,50000.000000000015,0.0,-50000.000000000015,0.0,0.0,0.0,250000000.00000003,0,0
-283907.10172658536,49999.99999999999,1984.1269841269839,-335891.22871071234,124999999.99999999,125000000.0,250000000.0,249999999.99999997,45,45
977865.8558214442,100000.00000000009,1984.126984126984,875881.7288373171,124999999.99999999,124999999.99999999,249999999.99999997,334558201.1767488,44,44
0.0,50000.00000000002,0.0,-50000.00000000002,0.0,0.0,0.0,249999999.99999997,0,0
967130.7929858936,49999.99999999999,1984.126984126984,915146.6660017666,124999999.99999999,125000000.0,250000000.0,250000000.0,44,44
0.0,49999.99999999999,0.0,-49999.99999999999,0.0,0.0,0.0,250000000.0,0,0
282367.8418705406,49999.99999999999,1984.1269841269843,230383.7148864136,125000000.00000001,125000000.0,250000000.0,250000000.0,43,43
0.0,49999.99999999999,0.0,-49999.99999999999,0.0,0.0,0.0,250000000.0,0,0
0.0,0.0,0.0,0.0,0.0,0.0,0.0,0.0,0,0
0.0,0.0,0.0,0.0,0.0,0.0,0.0,0.0,0,0
0.0,0.0,0.0,0.0,0.0,0.0,0.0,0.0,0,0
0.0,0.0,0.0,0.0,0.0,0.0,0.0,0.0,0,0
1535274.51219432,50000.0,1984.1269841269836,1483290.385210193,125000000.0,124999999.99999997,249999999.99999997,249999999.99999997,37,37
0.0,50000.0,0.0,-50000.0,0.0,0.0,0.0,249999999.99999997,0,0
0.0,0.0,0.0,0.0,0.0,0.0,0.0,0.0,0,0
0.0,0.0,0.0,0.0,0.0,0.0,0.0,0.0,0,0
0.0,0.0,0.0,0.0,0.0,0.0,0.0,0.0,0,0
0.0,0.0,0.0,0.0,0.0,0.0,0.0,0.0,0,0
0.0,0.0,0.0,0.0,0.0,0.0,0.0,0.0,0,0
0.0,0.0,0.0,0.0,0.0,0.0,0.0,0.0,0,0
0.0,0.0,0.0,0.0,0.0,0.0,0.0,0.0,0,0
0.0,0.0,0.0,0.0,0.0,0.0,0.0,0.0,0,0
0.0,0.0,0.0,0.0,0.0,0.0,0.0,0.0,0,0
0.0,0.0,0.0,0.0,0.0,0.0,0.0,0.0,0,0
0.0,0.0,0.0,0.0,0.0,0.0,0.0,0.0,0,0
0.0,0.0,0.0,0.0,0.0,0.0,0.0,0.0,0,0
0.0,0.0,0.0,0.0,0.0,0.0,0.0,0.0,0,0
0.0,0.0,0.0,0.0,0.0,0.0,0.0,0.0,0,0
0.0,0.0,0.0,0.0,0.0,0.0,0.0,0.0,0,0
-326270.16869554634,50000.0,1984.126984126984,-378254.2956796733,124999999.99999999,125000000.00000003,250000000.0,250000000.0,42,42
0.0,50000.0,0.0,-50000.0,0.0,0.0,0.0,250000000.0,0,0
0.0,0.0,0.0,0.0,0.0,0.0,0.0,0.0,0,0
0.0,0.0,0.0,0.0,0.0,0.0,0.0,0.0,0,0
0.0,0.0,0.0,0.0,0.0,0.0,0.0,0.0,0,0
0.0,0.0,0.0,0.0,0.0,0.0,0.0,0.0,0,0
0.0,0.0,0.0,0.0,0.0,0.0,0.0,0.0,0,0
0.0,0.0,0.0,0.0,0.0,0.0,0.0,0.0,0,0
0.0,0.0,0.0,0.0,0.0,0.0,0.0,0.0,0,0
0.0,0.0,0.0,0.0,0.0,0.0,0.0,0.0,0,0
0.0,0.0,0.0,0.0,0.0,0.0,0.0,0.0,0,0
0.0,0.0,0.0,0.0,0.0,0.0,0.0,0.0,0,0
0.0,0.0,0.0,0.0,0.0,0.0,0.0,0.0,0,0
0.0,0.0,0.0,0.0,0.0,0.0,0.0,0.0,0,0
0.0,0.0,0.0,0.0,0.0,0.0,0.0,0.0,0,0
0.0,0.0,0.0,0.0,0.0,0.0,0.0,0.0,0,0
0.0,0.0,0.0,0.0,0.0,0.0,0.0,0.0,0,0
0.0,0.0,0.0,0.0,0.0,0.0,0.0,0.0,0,0
0.0,0.0,0.0,0.0,0.0,0.0,0.0,0.0,0,0
0.0,0.0,0.0,0.0,0.0,0.0,0.0,0.0,0,0
0.0,0.0,0.0,0.0,0.0,0.0,0.0,0.0,0,0
1262921.4081309314,50000.00000000001,1984.1269841269843,1210937.2811468043,125000000.00000001,125000000.0,250000000.0,250000000.00000003,44,44
0.0,50000.00000000001,0.0,-50000.00000000001,0.0,0.0,0.0,250000000.00000003,0,0
0.0,0.0,0.0,0.0,0.0,0.0,0.0,0.0,0,0
0.0,0.0,0.0,0.0,0.0,0.0,0.0,0.0,0,0
0.0,0.0,0.0,0.0,0.0,0.0,0.0,0.0,0,0
0.0,0.0,0.0,0.0,0.0,0.0,0.0,0.0,0,0
0.0,0.0,0.0,0.0,0.0,0.0,0.0,0.0,0,0
0.0,0.0,0.0,0.0,0.0,0.0,0.0,0.0,0,0
0.0,0.0,0.0,0.0,0.0,0.0,0.0,0.0,0,0
0.0,0.0,0.0,0.0,0.0,0.0,0.0,0.0,0,0
0.0,0.0,0.0,0.0,0.0,0.0,0.0,0.0,0,0
0.0,0.0,0.0,0.0,0.0,0.0,0.0,0.0,0,0
0.0,0.0,0.0,0.0,0.0,0.0,0.0,0.0,0,0
0.0,0.0,0.0,0.0,0.0,0.0,0.0,0.0,0,0
0.0,0.0,0.0,0.0,0.0,0.0,0.0,0.0,0,0
0.0,0.0,0.0,0.0,0.0,0.0,0.0,0.0,0,0
0.0,0.0,0.0,0.0,0.0,0.0,0.0,0.0,0,0
0.0,0.0,0.0,0.0,0.0,0.0,0.0,0.0,0,0
0.0,0.0,0.0,0.0,0.0,0.0,0.0,0.0,0,0
0.0,0.0,0.0,0.0,0.0,0.0,0.0,0.0,0,0
0.0,0.0,0.0,0.0,0.0,0.0,0.0,0.0,0,0
0.0,0.0,0.0,0.0,0.0,0.0,0.0,0.0,0,0
0.0,0.0,0.0,0.0,0.0,0.0,0.0,0.0,0,0
0.0,0.0,0.0,0.0,0.0,0.0,0.0,0.0,0,0
0.0,0.0,0.0,0.0,0.0,0.0,0.0,0.0,0,0
0.0,0.0,0.0,0.0,0.0,0.0,0.0,0.0,0,0
0.0,0.0,0.0,0.0,0.0,0.0,0.0,0.0,0,0
0.0,0.0,0.0,0.0,0.0,0.0,0.0,0.0,0,0
0.0,0.0,0.0,0.0,0.0,0.0,0.0,0.0,0,0
0.0,0.0,0.0,0.0,0.0,0.0,0.0,0.0,0,0
0.0,0.0,0.0,0.0,0.0,0.0,0.0,0.0,0,0
0.0,0.0,0.0,0.0,0.0,0.0,0.0,0.0,0,0
0.0,0.0,0.0,0.0,0.0,0.0,0.0,0.0,0,0
0.0,0.0,0.0,0.0,0.0,0.0,0.0,0.0,0,0
0.0,0.0,0.0,0.0,0.0,0.0,0.0,0.0,0,0
0.0,0.0,0.0,0.0,0.0,0.0,0.0,0.0,0,0
0.0,0.0,0.0,0.0,0.0,0.0,0.0,0.0,0,0
0.0,0.0,0.0,0.0,0.0,0.0,0.0,0.0,0,0
0.0,0.0,0.0,0.0,0.0,0.0,0.0,0.0,0,0
0.0,0.0,0.0,0.0,0.0,0.0,0.0,0.0,0,0
0.0,0.0,0.0,0.0,0.0,0.0,0.0,0.0,0,0
0.0,0.0,0.0,0.0,0.0,0.0,0.0,0.0,0,0
0.0,0.0,0.0,0.0,0.0,0.0,0.0,0.0,0,0
0.0,0.0,0.0,0.0,0.0,0.0,0.0,0.0,0,0
0.0,0.0,0.0,0.0,0.0,0.0,0.0,0.0,0,0
0.0,0.0,0.0,0.0,0.0,0.0,0.0,0.0,0,0
0.0,0.0,0.0,0.0,0.0,0.0,0.0,0.0,0,0
0.0,0.0,0.0,0.0,0.0,0.0,0.0,0.0,0,0
1880252.4721069264,50000.0,1984.1269841269832,1828268.3451227993,125000000.0,124999999.99999997,249999999.99999997,249999999.99999997,44,44
-1219571.4552816332,101176.51084603497,1984.126984126984,-1322732.0931117951,124999999.99999997,125000000.0,249999999.99999997,389604194.02398866,45,45
2687110.7888957993,101176.51084603502,1984.1269841269843,2583950.1510656374,125000000.0,125000000.00000001,250000000.0,411789570.2186876,44,44
208697.42313072324,103195.12838806979,1984.1269841269834,103518.16775852647,125000000.0,125000000.00000001,250000000.0,425285664.93517053,44,44
-421762.53667408216,103507.12791784805,1984.1269841269846,-527253.7915760572,124999999.99999999,125000000.0,250000000.0,399840980.45233727,44,44
-28364.839211867653,100688.6544187872,1984.1269841269836,-131037.62061478184,124999999.99999999,125000000.0,250000000.0,384239968.0913526,44,44
305657.1892500424,102326.05084048703,1984.1269841269836,201347.01142542835,125000000.0,125000000.0,250000000.0,438463679.12833077,44,44
-260052.9150495547,101215.58024230842,1984.1269841269834,-363252.6222759901,125000000.0,125000000.00000001,250000000.0,301250401.9452497,44,44
0.0,50000.00000000003,0.0,-50000.00000000003,0.0,0.0,0.0,250000000.0,0,0
0.0,0.0,0.0,0.0,0.0,0.0,0.0,0.0,0,0
0.0,0.0,0.0,0.0,0.0,0.0,0.0,0.0,0,0
0.0,0.0,0.0,0.0,0.0,0.0,0.0,0.0,0,0
-266847.1285631534,50000.0,1984.1269841269843,-318831.25554728037,124999999.99999999,125000000.00000001,250000000.0,250000000.0,45,45
0.0,50000.0,0.0,-50000.0,0.0,0.0,0.0,250000000.0,0,0
0.0,0.0,0.0,0.0,0.0,0.0,0.0,0.0,0,0
-2082825.2461271263,49999.999999999985,1984.1269841269843,-2134809.373111253,125000000.00000001,125000000.0,250000000.0,250000000.0,45,45
1764747.3317138904,100303.42495329003,1984.1269841269846,1662459.7797764733,124999999.99999999,125000000.0,250000000.0,319089501.59397674,45,45
0.0,50000.0,0.0,-50000.0,0.0,0.0,0.0,250000000.0,0,0
0.0,0.0,0.0,0.0,0.0,0.0,0.0,0.0,0,0
0.0,0.0,0.0,0.0,0.0,0.0,0.0,0.0,0,0
0.0,0.0,0.0,0.0,0.0,0.0,0.0,0.0,0,0
0.0,0.0,0.0,0.0,0.0,0.0,0.0,0.0,0,0
0.0,0.0,0.0,0.0,0.0,0.0,0.0,0.0,0,0
0.0,0.0,0.0,0.0,0.0,0.0,0.0,0.0,0,0
0.0,0.0,0.0,0.0,0.0,0.0,0.0,0.0,0,0
0.0,0.0,0.0,0.0,0.0,0.0,0.0,0.0,0,0
0.0,0.0,0.0,0.0,0.0,0.0,0.0,0.0,0,0
0.0,0.0,0.0,0.0,0.0,0.0,0.0,0.0,0,0
0.0,0.0,0.0,0.0,0.0,0.0,0.0,0.0,0,0
0.0,0.0,0.0,0.0,0.0,0.0,0.0,0.0,0,0
-314917.31951089,49999.99999999999,1984.1269841269846,-366901.446495017,125000000.00000001,125000000.0,250000000.0,250000000.0,46,46
0.0,49999.99999999999,0.0,-49999.99999999999,0.0,0.0,0.0,250000000.0,0,0
0.0,0.0,0.0,0.0,0.0,0.0,0.0,0.0,0,0
0.0,0.0,0.0,0.0,0.0,0.0,0.0,0.0,0,0
0.0,0.0,0.0,0.0,0.0,0.0,0.0,0.0,0,0
0.0,0.0,0.0,0.0,0.0,0.0,0.0,0.0,0,0
0.0,0.0,0.0,0.0,0.0,0.0,0.0,0.0,0,0
0.0,0.0,0.0,0.0,0.0,0.0,0.0,0.0,0,0
0.0,0.0,0.0,0.0,0.0,0.0,0.0,0.0,0,0
0.0,0.0,0.0,0.0,0.0,0.0,0.0,0.0,0,0
0.0,0.0,0.0,0.0,0.0,0.0,0.0,0.0,0,0
0.0,0.0,0.0,0.0,0.0,0.0,0.0,0.0,0,0
0.0,0.0,0.0,0.0,0.0,0.0,0.0,0.0,0,0
0.0,0.0,0.0,0.0,0.0,0.0,0.0,0.0,0,0
0.0,0.0,0.0,0.0,0.0,0.0,0.0,0.0,0,0
0.0,0.0,0.0,0.0,0.0,0.0,0.0,0.0,0,0
0.0,0.0,0.0,0.0,0.0,0.0,0.0,0.0,0,0
0.0,0.0,0.0,0.0,0.0,0.0,0.0,0.0,0,0
0.0,0.0,0.0,0.0,0.0,0.0,0.0,0.0,0,0
0.0,0.0,0.0,0.0,0.0,0.0,0.0,0.0,0,0
0.0,0.0,0.0,0.0,0.0,0.0,0.0,0.0,0,0
0.0,0.0,0.0,0.0,0.0,0.0,0.0,0.0,0,0
0.0,0.0,0.0,0.0,0.0,0.0,0.0,0.0,0,0
0.0,0.0,0.0,0.0,0.0,0.0,0.0,0.0,0,0
0.0,0.0,0.0,0.0,0.0,0.0,0.0,0.0,0,0
0.0,0.0,0.0,0.0,0.0,0.0,0.0,0.0,0,0
0.0,0.0,0.0,0.0,0.0,0.0,0.0,0.0,0,0
0.0,0.0,0.0,0.0,0.0,0.0,0.0,0.0,0,0
0.0,0.0,0.0,0.0,0.0,0.0,0.0,0.0,0,0
0.0,0.0,0.0,0.0,0.0,0.0,0.0,0.0,0,0
0.0,0.0,0.0,0.0,0.0,0.0,0.0,0.0,0,0
0.0,0.0,0.0,0.0,0.0,0.0,0.0,0.0,0,0
0.0,0.0,0.0,0.0,0.0,0.0,0.0,0.0,0,0
0.0,0.0,0.0,0.0,0.0,0.0,0.0,0.0,0,0
0.0,0.0,0.0,0.0,0.0,0.0,0.0,0.0,0,0
0.0,0.0,0.0,0.0,0.0,0.0,0.0,0.0,0,0
0.0,0.0,0.0,0.0,0.0,0.0,0.0,0.0,0,0
0.0,0.0,0.0,0.0,0.0,0.0,0.0,0.0,0,0
0.0,0.0,0.0,0.0,0.0,0.0,0.0,0.0,0,0
0.0,0.0,0.0,0.0,0.0,0.0,0.0,0.0,0,0
0.0,0.0,0.0,0.0,0.0,0.0,0.0,0.0,0,0
0.0,0.0,0.0,0.0,0.0,0.0,0.0,0.0,0,0
0.0,0.0,0.0,0.0,0.0,0.0,0.0,0.0,0,0
0.0,0.0,0.0,0.0,0.0,0.0,0.0,0.0,0,0
0.0,0.0,0.0,0.0,0.0,0.0,0.0,0.0,0,0
0.0,0.0,0.0,0.0,0.0,0.0,0.0,0.0,0,0
0.0,0.0,0.0,0.0,0.0,0.0,0.0,0.0,0,0
0.0,0.0,0.0,0.0,0.0,0.0,0.0,0.0,0,0
0.0,0.0,0.0,0.0,0.0,0.0,0.0,0.0,0,0
0.0,0.0,0.0,0.0,0.0,0.0,0.0,0.0,0,0
0.0,0.0,0.0,0.0,0.0,0.0,0.0,0.0,0,0
0.0,0.0,0.0,0.0,0.0,0.0,0.0,0.0,0,0
0.0,0.0,0.0,0.0,0.0,0.0,0.0,0.0,0,0
0.0,0.0,0.0,0.0,0.0,0.0,0.0,0.0,0,0
0.0,0.0,0.0,0.0,0.0,0.0,0.0,0.0,0,0
0.0,0.0,0.0,0.0,0.0,0.0,0.0,0.0,0,0
0.0,0.0,0.0,0.0,0.0,0.0,0.0,0.0,0,0
0.0,0.0,0.0,0.0,0.0,0.0,0.0,0.0,0,0
0.0,0.0,0.0,0.0,0.0,0.0,0.0,0.0,0,0
0.0,0.0,0.0,0.0,0.0,0.0,0.0,0.0,0,0
0.0,0.0,0.0,0.0,0.0,0.0,0.0,0.0,0,0
0.0,0.0,0.0,0.0,0.0,0.0,0.0,0.0,0,0
0.0,0.0,0.0,0.0,0.0,0.0,0.0,0.0,0,0
0.0,0.0,0.0,0.0,0.0,0.0,0.0,0.0,0,0
0.0,0.0,0.0,0.0,0.0,0.0,0.0,0.0,0,0
0.0,0.0,0.0,0.0,0.0,0.0,0.0,0.0,0,0
0.0,0.0,0.0,0.0,0.0,0.0,0.0,0.0,0,0
0.0,0.0,0.0,0.0,0.0,0.0,0.0,0.0,0,0
0.0,0.0,0.0,0.0,0.0,0.0,0.0,0.0,0,0
0.0,0.0,0.0,0.0,0.0,0.0,0.0,0.0,0,0
0.0,0.0,0.0,0.0,0.0,0.0,0.0,0.0,0,0
0.0,0.0,0.0,0.0,0.0,0.0,0.0,0.0,0,0
0.0,0.0,0.0,0.0,0.0,0.0,0.0,0.0,0,0
0.0,0.0,0.0,0.0,0.0,0.0,0.0,0.0,0,0
0.0,0.0,0.0,0.0,0.0,0.0,0.0,0.0,0,0
0.0,0.0,0.0,0.0,0.0,0.0,0.0,0.0,0,0
0.0,0.0,0.0,0.0,0.0,0.0,0.0,0.0,0,0
0.0,0.0,0.0,0.0,0.0,0.0,0.0,0.0,0,0
0.0,0.0,0.0,0.0,0.0,0.0,0.0,0.0,0,0
0.0,0.0,0.0,0.0,0.0,0.0,0.0,0.0,0,0
0.0,0.0,0.0,0.0,0.0,0.0,0.0,0.0,0,0
0.0,0.0,0.0,0.0,0.0,0.0,0.0,0.0,0,0
0.0,0.0,0.0,0.0,0.0,0.0,0.0,0.0,0,0
0.0,0.0,0.0,0.0,0.0,0.0,0.0,0.0,0,0
0.0,0.0,0.0,0.0,0.0,0.0,0.0,0.0,0,0
0.0,0.0,0.0,0.0,0.0,0.0,0.0,0.0,0,0
0.0,0.0,0.0,0.0,0.0,0.0,0.0,0.0,0,0
0.0,0.0,0.0,0.0,0.0,0.0,0.0,0.0,0,0
0.0,0.0,0.0,0.0,0.0,0.0,0.0,0.0,0,0
0.0,0.0,0.0,0.0,0.0,0.0,0.0,0.0,0,0
0.0,0.0,0.0,0.0,0.0,0.0,0.0,0.0,0,0
0.0,0.0,0.0,0.0,0.0,0.0,0.0,0.0,0,0
0.0,0.0,0.0,0.0,0.0,0.0,0.0,0.0,0,0
0.0,0.0,0.0,0.0,0.0,0.0,0.0,0.0,0,0
0.0,0.0,0.0,0.0,0.0,0.0,0.0,0.0,0,0
0.0,0.0,0.0,0.0,0.0,0.0,0.0,0.0,0,0
0.0,0.0,0.0,0.0,0.0,0.0,0.0,0.0,0,0
0.0,0.0,0.0,0.0,0.0,0.0,0.0,0.0,0,0
0.0,0.0,0.0,0.0,0.0,0.0,0.0,0.0,0,0
0.0,0.0,0.0,0.0,0.0,0.0,0.0,0.0,0,0
0.0,0.0,0.0,0.0,0.0,0.0,0.0,0.0,0,0
0.0,0.0,0.0,0.0,0.0,0.0,0.0,0.0,0,0
0.0,0.0,0.0,0.0,0.0,0.0,0.0,0.0,0,0
0.0,0.0,0.0,0.0,0.0,0.0,0.0,0.0,0,0
0.0,0.0,0.0,0.0,0.0,0.0,0.0,0.0,0,0
0.0,0.0,0.0,0.0,0.0,0.0,0.0,0.0,0,0
0.0,0.0,0.0,0.0,0.0,0.0,0.0,0.0,0,0
0.0,0.0,0.0,0.0,0.0,0.0,0.0,0.0,0,0
0.0,0.0,0.0,0.0,0.0,0.0,0.0,0.0,0,0
0.0,0.0,0.0,0.0,0.0,0.0,0.0,0.0,0,0
0.0,0.0,0.0,0.0,0.0,0.0,0.0,0.0,0,0
0.0,0.0,0.0,0.0,0.0,0.0,0.0,0.0,0,0
0.0,0.0,0.0,0.0,0.0,0.0,0.0,0.0,0,0
0.0,0.0,0.0,0.0,0.0,0.0,0.0,0.0,0,0
0.0,0.0,0.0,0.0,0.0,0.0,0.0,0.0,0,0
0.0,0.0,0.0,0.0,0.0,0.0,0.0,0.0,0,0
0.0,0.0,0.0,0.0,0.0,0.0,0.0,0.0,0,0
0.0,0.0,0.0,0.0,0.0,0.0,0.0,0.0,0,0
0.0,0.0,0.0,0.0,0.0,0.0,0.0,0.0,0,0
0.0,0.0,0.0,0.0,0.0,0.0,0.0,0.0,0,0
0.0,0.0,0.0,0.0,0.0,0.0,0.0,0.0,0,0
0.0,0.0,0.0,0.0,0.0,0.0,0.0,0.0,0,0
0.0,0.0,0.0,0.0,0.0,0.0,0.0,0.0,0,0
0.0,0.0,0.0,0.0,0.0,0.0,0.0,0.0,0,0
0.0,0.0,0.0,0.0,0.0,0.0,0.0,0.0,0,0
0.0,0.0,0.0,0.0,0.0,0.0,0.0,0.0,0,0
0.0,0.0,0.0,0.0,0.0,0.0,0.0,0.0,0,0
0.0,0.0,0.0,0.0,0.0,0.0,0.0,0.0,0,0
0.0,0.0,0.0,0.0,0.0,0.0,0.0,0.0,0,0
0.0,0.0,0.0,0.0,0.0,0.0,0.0,0.0,0,0
0.0,0.0,0.0,0.0,0.0,0.0,0.0,0.0,0,0
0.0,0.0,0.0,0.0,0.0,0.0,0.0,0.0,0,0
0.0,0.0,0.0,0.0,0.0,0.0,0.0,0.0,0,0
0.0,0.0,0.0,0.0,0.0,0.0,0.0,0.0,0,0
0.0,0.0,0.0,0.0,0.0,0.0,0.0,0.0,0,0
0.0,0.0,0.0,0.0,0.0,0.0,0.0,0.0,0,0
0.0,0.0,0.0,0.0,0.0,0.0,0.0,0.0,0,0
0.0,0.0,0.0,0.0,0.0,0.0,0.0,0.0,0,0
0.0,0.0,0.0,0.0,0.0,0.0,0.0,0.0,0,0
0.0,0.0,0.0,0.0,0.0,0.0,0.0,0.0,0,0
0.0,0.0,0.0,0.0,0.0,0.0,0.0,0.0,0,0
0.0,0.0,0.0,0.0,0.0,0.0,0.0,0.0,0,0
0.0,0.0,0.0,0.0,0.0,0.0,0.0,0.0,0,0
0.0,0.0,0.0,0.0,0.0,0.0,0.0,0.0,0,0
0.0,0.0,0.0,0.0,0.0,0.0,0.0,0.0,0,0
0.0,0.0,0.0,0.0,0.0,0.0,0.0,0.0,0,0
0.0,0.0,0.0,0.0,0.0,0.0,0.0,0.0,0,0
0.0,0.0,0.0,0.0,0.0,0.0,0.0,0.0,0,0
0.0,0.0,0.0,0.0,0.0,0.0,0.0,0.0,0,0
0.0,0.0,0.0,0.0,0.0,0.0,0.0,0.0,0,0
0.0,0.0,0.0,0.0,0.0,0.0,0.0,0.0,0,0
0.0,0.0,0.0,0.0,0.0,0.0,0.0,0.0,0,0
0.0,0.0,0.0,0.0,0.0,0.0,0.0,0.0,0,0
0.0,0.0,0.0,0.0,0.0,0.0,0.0,0.0,0,0
0.0,0.0,0.0,0.0,0.0,0.0,0.0,0.0,0,0
0.0,0.0,0.0,0.0,0.0,0.0,0.0,0.0,0,0
0.0,0.0,0.0,0.0,0.0,0.0,0.0,0.0,0,0
0.0,0.0,0.0,0.0,0.0,0.0,0.0,0.0,0,0
0.0,0.0,0.0,0.0,0.0,0.0,0.0,0.0,0,0
0.0,0.0,0.0,0.0,0.0,0.0,0.0,0.0,0,0
0.0,0.0,0.0,0.0,0.0,0.0,0.0,0.0,0,0
0.0,0.0,0.0,0.0,0.0,0.0,0.0,0.0,0,0
0.0,0.0,0.0,0.0,0.0,0.0,0.0,0.0,0,0
0.0,0.0,0.0,0.0,0.0,0.0,0.0,0.0,0,0
0.0,0.0,0.0,0.0,0.0,0.0,0.0,0.0,0,0
0.0,0.0,0.0,0.0,0.0,0.0,0.0,0.0,0,0
0.0,0.0,0.0,0.0,0.0,0.0,0.0,0.0,0,0
0.0,0.0,0.0,0.0,0.0,0.0,0.0,0.0,0,0
0.0,0.0,0.0,0.0,0.0,0.0,0.0,0.0,0,0
0.0,0.0,0.0,0.0,0.0,0.0,0.0,0.0,0,0
0.0,0.0,0.0,0.0,0.0,0.0,0.0,0.0,0,0
0.0,0.0,0.0,0.0,0.0,0.0,0.0,0.0,0,0
0.0,0.0,0.0,0.0,0.0,0.0,0.0,0.0,0,0
0.0,0.0,0.0,0.0,0.0,0.0,0.0,0.0,0,0
0.0,0.0,0.0,0.0,0.0,0.0,0.0,0.0,0,0
0.0,0.0,0.0,0.0,0.0,0.0,0.0,0.0,0,0
0.0,0.0,0.0,0.0,0.0,0.0,0.0,0.0,0,0
0.0,0.0,0.0,0.0,0.0,0.0,0.0,0.0,0,0
0.0,0.0,0.0,0.0,0.0,0.0,0.0,0.0,0,0
0.0,0.0,0.0,0.0,0.0,0.0,0.0,0.0,0,0
0.0,0.0,0.0,0.0,0.0,0.0,0.0,0.0,0,0
0.0,0.0,0.0,0.0,0.0,0.0,0.0,0.0,0,0
0.0,0.0,0.0,0.0,0.0,0.0,0.0,0.0,0,0
0.0,0.0,0.0,0.0,0.0,0.0,0.0,0.0,0,0
0.0,0.0,0.0,0.0,0.0,0.0,0.0,0.0,0,0
0.0,0.0,0.0,0.0,0.0,0.0,0.0,0.0,0,0
0.0,0.0,0.0,0.0,0.0,0.0,0.0,0.0,0,0
0.0,0.0,0.0,0.0,0.0,0.0,0.0,0.0,0,0
0.0,0.0,0.0,0.0,0.0,0.0,0.0,0.0,0,0
0.0,0.0,0.0,0.0,0.0,0.0,0.0,0.0,0,0
0.0,0.0,0.0,0.0,0.0,0.0,0.0,0.0,0,0
0.0,0.0,0.0,0.0,0.0,0.0,0.0,0.0,0,0
0.0,0.0,0.0,0.0,0.0,0.0,0.0,0.0,0,0
0.0,0.0,0.0,0.0,0.0,0.0,0.0,0.0,0,0
0.0,0.0,0.0,0.0,0.0,0.0,0.0,0.0,0,0
0.0,0.0,0.0,0.0,0.0,0.0,0.0,0.0,0,0
0.0,0.0,0.0,0.0,0.0,0.0,0.0,0.0,0,0
0.0,0.0,0.0,0.0,0.0,0.0,0.0,0.0,0,0
0.0,0.0,0.0,0.0,0.0,0.0,0.0,0.0,0,0
0.0,0.0,0.0,0.0,0.0,0.0,0.0,0.0,0,0
0.0,0.0,0.0,0.0,0.0,0.0,0.0,0.0,0,0
0.0,0.0,0.0,0.0,0.0,0.0,0.0,0.0,0,0
0.0,0.0,0.0,0.0,0.0,0.0,0.0,0.0,0,0
0.0,0.0,0.0,0.0,0.0,0.0,0.0,0.0,0,0
0.0,0.0,0.0,0.0,0.0,0.0,0.0,0.0,0,0
0.0,0.0,0.0,0.0,0.0,0.0,0.0,0.0,0,0
0.0,0.0,0.0,0.0,0.0,0.0,0.0,0.0,0,0
0.0,0.0,0.0,0.0,0.0,0.0,0.0,0.0,0,0
0.0,0.0,0.0,0.0,0.0,0.0,0.0,0.0,0,0
0.0,0.0,0.0,0.0,0.0,0.0,0.0,0.0,0,0
0.0,0.0,0.0,0.0,0.0,0.0,0.0,0.0,0,0
245348.88353582338,50000.0,1984.126984126984,193364.7565516964,124999999.99999999,124999999.99999999,249999999.99999997,249999999.99999997,42,42
308736.8031925851,110424.85044213702,1984.1269841269836,196327.82576632113,125000000.00000001,124999999.99999999,250000000.0,479406236.20617867,43,43
0.0,49999.99999999999,0.0,-49999.99999999999,0.0,0.0,0.0,250000000.0,0,0
0.0,0.0,0.0,0.0,0.0,0.0,0.0,0.0,0,0
2146147.8434996936,50000.00000000001,1984.1269841269843,2094163.7165155665,125000000.00000001,125000000.0,250000000.0,250000000.00000003,44,44
0.0,50000.00000000001,0.0,-50000.00000000001,0.0,0.0,0.0,250000000.00000003,0,0
597097.6384561206,50000.000000000015,1984.1269841269846,545113.5114719936,125000000.00000001,125000000.0,250000000.0,250000000.00000003,43,43
0.0,50000.000000000015,0.0,-50000.000000000015,0.0,0.0,0.0,250000000.00000003,0,0
0.0,0.0,0.0,0.0,0.0,0.0,0.0,0.0,0,0
0.0,0.0,0.0,0.0,0.0,0.0,0.0,0.0,0,0
0.0,0.0,0.0,0.0,0.0,0.0,0.0,0.0,0,0
0.0,0.0,0.0,0.0,0.0,0.0,0.0,0.0,0,0
0.0,0.0,0.0,0.0,0.0,0.0,0.0,0.0,0,0
0.0,0.0,0.0,0.0,0.0,0.0,0.0,0.0,0,0
0.0,0.0,0.0,0.0,0.0,0.0,0.0,0.0,0,0
0.0,0.0,0.0,0.0,0.0,0.0,0.0,0.0,0,0
0.0,0.0,0.0,0.0,0.0,0.0,0.0,0.0,0,0
0.0,0.0,0.0,0.0,0.0,0.0,0.0,0.0,0,0
0.0,0.0,0.0,0.0,0.0,0.0,0.0,0.0,0,0
0.0,0.0,0.0,0.0,0.0,0.0,0.0,0.0,0,0
0.0,0.0,0.0,0.0,0.0,0.0,0.0,0.0,0,0
0.0,0.0,0.0,0.0,0.0,0.0,0.0,0.0,0,0
0.0,0.0,0.0,0.0,0.0,0.0,0.0,0.0,0,0
0.0,0.0,0.0,0.0,0.0,0.0,0.0,0.0,0,0
0.0,0.0,0.0,0.0,0.0,0.0,0.0,0.0,0,0
0.0,0.0,0.0,0.0,0.0,0.0,0.0,0.0,0,0
0.0,0.0,0.0,0.0,0.0,0.0,0.0,0.0,0,0
0.0,0.0,0.0,0.0,0.0,0.0,0.0,0.0,0,0
0.0,0.0,0.0,0.0,0.0,0.0,0.0,0.0,0,0
0.0,0.0,0.0,0.0,0.0,0.0,0.0,0.0,0,0
0.0,0.0,0.0,0.0,0.0,0.0,0.0,0.0,0,0
0.0,0.0,0.0,0.0,0.0,0.0,0.0,0.0,0,0
0.0,0.0,0.0,0.0,0.0,0.0,0.0,0.0,0,0
0.0,0.0,0.0,0.0,0.0,0.0,0.0,0.0,0,0
0.0,0.0,0.0,0.0,0.0,0.0,0.0,0.0,0,0
0.0,0.0,0.0,0.0,0.0,0.0,0.0,0.0,0,0
0.0,0.0,0.0,0.0,0.0,0.0,0.0,0.0,0,0
0.0,0.0,0.0,0.0,0.0,0.0,0.0,0.0,0,0
0.0,0.0,0.0,0.0,0.0,0.0,0.0,0.0,0,0
0.0,0.0,0.0,0.0,0.0,0.0,0.0,0.0,0,0
0.0,0.0,0.0,0.0,0.0,0.0,0.0,0.0,0,0
0.0,0.0,0.0,0.0,0.0,0.0,0.0,0.0,0,0
0.0,0.0,0.0,0.0,0.0,0.0,0.0,0.0,0,0
0.0,0.0,0.0,0.0,0.0,0.0,0.0,0.0,0,0
0.0,0.0,0.0,0.0,0.0,0.0,0.0,0.0,0,0
0.0,0.0,0.0,0.0,0.0,0.0,0.0,0.0,0,0
0.0,0.0,0.0,0.0,0.0,0.0,0.0,0.0,0,0
0.0,0.0,0.0,0.0,0.0,0.0,0.0,0.0,0,0
0.0,0.0,0.0,0.0,0.0,0.0,0.0,0.0,0,0
0.0,0.0,0.0,0.0,0.0,0.0,0.0,0.0,0,0
0.0,0.0,0.0,0.0,0.0,0.0,0.0,0.0,0,0
0.0,0.0,0.0,0.0,0.0,0.0,0.0,0.0,0,0
0.0,0.0,0.0,0.0,0.0,0.0,0.0,0.0,0,0
0.0,0.0,0.0,0.0,0.0,0.0,0.0,0.0,0,0
0.0,0.0,0.0,0.0,0.0,0.0,0.0,0.0,0,0
0.0,0.0,0.0,0.0,0.0,0.0,0.0,0.0,0,0
0.0,0.0,0.0,0.0,0.0,0.0,0.0,0.0,0,0
0.0,0.0,0.0,0.0,0.0,0.0,0.0,0.0,0,0
0.0,0.0,0.0,0.0,0.0,0.0,0.0,0.0,0,0
0.0,0.0,0.0,0.0,0.0,0.0,0.0,0.0,0,0
0.0,0.0,0.0,0.0,0.0,0.0,0.0,0.0,0,0
0.0,0.0,0.0,0.0,0.0,0.0,0.0,0.0,0,0
0.0,0.0,0.0,0.0,0.0,0.0,0.0,0.0,0,0
0.0,0.0,0.0,0.0,0.0,0.0,0.0,0.0,0,0
0.0,0.0,0.0,0.0,0.0,0.0,0.0,0.0,0,0
0.0,0.0,0.0,0.0,0.0,0.0,0.0,0.0,0,0
0.0,0.0,0.0,0.0,0.0,0.0,0.0,0.0,0,0
-1250382.4538015688,49999.99999999999,1984.126984126984,-1302366.580785696,125000000.0,125000000.0,250000000.0,250000000.0,41,41
0.0,49999.99999999999,0.0,-49999.99999999999,0.0,0.0,0.0,250000000.0,0,0
-48343.36724876422,50000.000000000015,1984.1269841269846,-100327.49423289121,125000000.0,125000000.00000001,250000000.0,250000000.00000003,40,40
0.0,50000.000000000015,0.0,-50000.000000000015,0.0,0.0,0.0,250000000.00000003,0,0
898600.9812735213,50000.00000000002,1984.1269841269843,846616.8542893943,125000000.0,125000000.0,250000000.0,250000000.0,41,41
-129580.6119753221,99999.99999999994,1984.1269841269843,-231564.73895944902,124999999.99999999,125000000.0,250000000.0,412214950.1333572,42,42
0.0,49999.999999999985,0.0,-49999.999999999985,0.0,0.0,0.0,250000000.0,0,0
0.0,0.0,0.0,0.0,0.0,0.0,0.0,0.0,0,0
0.0,0.0,0.0,0.0,0.0,0.0,0.0,0.0,0,0
0.0,0.0,0.0,0.0,0.0,0.0,0.0,0.0,0,0
0.0,0.0,0.0,0.0,0.0,0.0,0.0,0.0,0,0
0.0,0.0,0.0,0.0,0.0,0.0,0.0,0.0,0,0
0.0,0.0,0.0,0.0,0.0,0.0,0.0,0.0,0,0
0.0,0.0,0.0,0.0,0.0,0.0,0.0,0.0,0,0
0.0,0.0,0.0,0.0,0.0,0.0,0.0,0.0,0,0
0.0,0.0,0.0,0.0,0.0,0.0,0.0,0.0,0,0
-1068421.7668721208,50000.00000000002,1984.126984126984,-1120405.893856248,125000000.00000001,125000000.0,250000000.0,250000000.0,45,45
-1396812.1454931977,110518.12491326814,1984.1269841269843,-1509314.397390593,125000000.00000001,125000000.00000001,250000000.00000003,463752962.51025945,45,45
-1778009.8231655601,100000.00000000001,1984.126984126984,-1879993.9501496872,125000000.00000001,125000000.0,250000000.0,335137245.9094589,45,45
2172827.0568277505,100811.4802111315,1984.1269841269839,2070031.449632492,125000000.0,125000000.0,250000000.0,334486688.7402983,45,45
2977016.466988703,102166.93769967831,1984.1269841269843,2872865.4023048976,125000000.0,125000000.00000001,250000000.0,396770386.097662,46,46
210107.6211788252,115330.62461514851,1984.1269841269839,92792.86957954972,125000000.0,125000000.00000001,250000000.0,491828201.4336526,46,46
0.0,49999.99999999998,0.0,-49999.99999999998,0.0,0.0,0.0,250000000.0,0,0
0.0,0.0,0.0,0.0,0.0,0.0,0.0,0.0,0,0
0.0,0.0,0.0,0.0,0.0,0.0,0.0,0.0,0,0
0.0,0.0,0.0,0.0,0.0,0.0,0.0,0.0,0,0
0.0,0.0,0.0,0.0,0.0,0.0,0.0,0.0,0,0
0.0,0.0,0.0,0.0,0.0,0.0,0.0,0.0,0,0
0.0,0.0,0.0,0.0,0.0,0.0,0.0,0.0,0,0
0.0,0.0,0.0,0.0,0.0,0.0,0.0,0.0,0,0
0.0,0.0,0.0,0.0,0.0,0.0,0.0,0.0,0,0
0.0,0.0,0.0,0.0,0.0,0.0,0.0,0.0,0,0
0.0,0.0,0.0,0.0,0.0,0.0,0.0,0.0,0,0
0.0,0.0,0.0,0.0,0.0,0.0,0.0,0.0,0,0
0.0,0.0,0.0,0.0,0.0,0.0,0.0,0.0,0,0
0.0,0.0,0.0,0.0,0.0,0.0,0.0,0.0,0,0
0.0,0.0,0.0,0.0,0.0,0.0,0.0,0.0,0,0
0.0,0.0,0.0,0.0,0.0,0.0,0.0,0.0,0,0
0.0,0.0,0.0,0.0,0.0,0.0,0.0,0.0,0,0
0.0,0.0,0.0,0.0,0.0,0.0,0.0,0.0,0,0
0.0,0.0,0.0,0.0,0.0,0.0,0.0,0.0,0,0
0.0,0.0,0.0,0.0,0.0,0.0,0.0,0.0,0,0
0.0,0.0,0.0,0.0,0.0,0.0,0.0,0.0,0,0
0.0,0.0,0.0,0.0,0.0,0.0,0.0,0.0,0,0
0.0,0.0,0.0,0.0,0.0,0.0,0.0,0.0,0,0
0.0,0.0,0.0,0.0,0.0,0.0,0.0,0.0,0,0
0.0,0.0,0.0,0.0,0.0,0.0,0.0,0.0,0,0
0.0,0.0,0.0,0.0,0.0,0.0,0.0,0.0,0,0
0.0,0.0,0.0,0.0,0.0,0.0,0.0,0.0,0,0
0.0,0.0,0.0,0.0,0.0,0.0,0.0,0.0,0,0
0.0,0.0,0.0,0.0,0.0,0.0,0.0,0.0,0,0
0.0,0.0,0.0,0.0,0.0,0.0,0.0,0.0,0,0
0.0,0.0,0.0,0.0,0.0,0.0,0.0,0.0,0,0
0.0,0.0,0.0,0.0,0.0,0.0,0.0,0.0,0,0
0.0,0.0,0.0,0.0,0.0,0.0,0.0,0.0,0,0
0.0,0.0,0.0,0.0,0.0,0.0,0.0,0.0,0,0
0.0,0.0,0.0,0.0,0.0,0.0,0.0,0.0,0,0
0.0,0.0,0.0,0.0,0.0,0.0,0.0,0.0,0,0
0.0,0.0,0.0,0.0,0.0,0.0,0.0,0.0,0,0
0.0,0.0,0.0,0.0,0.0,0.0,0.0,0.0,0,0
0.0,0.0,0.0,0.0,0.0,0.0,0.0,0.0,0,0
0.0,0.0,0.0,0.0,0.0,0.0,0.0,0.0,0,0
0.0,0.0,0.0,0.0,0.0,0.0,0.0,0.0,0,0
0.0,0.0,0.0,0.0,0.0,0.0,0.0,0.0,0,0
0.0,0.0,0.0,0.0,0.0,0.0,0.0,0.0,0,0
0.0,0.0,0.0,0.0,0.0,0.0,0.0,0.0,0,0
0.0,0.0,0.0,0.0,0.0,0.0,0.0,0.0,0,0
0.0,0.0,0.0,0.0,0.0,0.0,0.0,0.0,0,0
0.0,0.0,0.0,0.0,0.0,0.0,0.0,0.0,0,0
0.0,0.0,0.0,0.0,0.0,0.0,0.0,0.0,0,0
0.0,0.0,0.0,0.0,0.0,0.0,0.0,0.0,0,0
0.0,0.0,0.0,0.0,0.0,0.0,0.0,0.0,0,0
0.0,0.0,0.0,0.0,0.0,0.0,0.0,0.0,0,0
0.0,0.0,0.0,0.0,0.0,0.0,0.0,0.0,0,0
0.0,0.0,0.0,0.0,0.0,0.0,0.0,0.0,0,0
0.0,0.0,0.0,0.0,0.0,0.0,0.0,0.0,0,0
0.0,0.0,0.0,0.0,0.0,0.0,0.0,0.0,0,0
0.0,0.0,0.0,0.0,0.0,0.0,0.0,0.0,0,0
0.0,0.0,0.0,0.0,0.0,0.0,0.0,0.0,0,0
0.0,0.0,0.0,0.0,0.0,0.0,0.0,0.0,0,0
0.0,0.0,0.0,0.0,0.0,0.0,0.0,0.0,0,0
0.0,0.0,0.0,0.0,0.0,0.0,0.0,0.0,0,0
0.0,0.0,0.0,0.0,0.0,0.0,0.0,0.0,0,0
0.0,0.0,0.0,0.0,0.0,0.0,0.0,0.0,0,0
0.0,0.0,0.0,0.0,0.0,0.0,0.0,0.0,0,0
0.0,0.0,0.0,0.0,0.0,0.0,0.0,0.0,0,0
0.0,0.0,0.0,0.0,0.0,0.0,0.0,0.0,0,0
0.0,0.0,0.0,0.0,0.0,0.0,0.0,0.0,0,0
0.0,0.0,0.0,0.0,0.0,0.0,0.0,0.0,0,0
0.0,0.0,0.0,0.0,0.0,0.0,0.0,0.0,0,0
0.0,0.0,0.0,0.0,0.0,0.0,0.0,0.0,0,0
0.0,0.0,0.0,0.0,0.0,0.0,0.0,0.0,0,0
0.0,0.0,0.0,0.0,0.0,0.0,0.0,0.0,0,0
0.0,0.0,0.0,0.0,0.0,0.0,0.0,0.0,0,0
0.0,0.0,0.0,0.0,0.0,0.0,0.0,0.0,0,0
0.0,0.0,0.0,0.0,0.0,0.0,0.0,0.0,0,0
0.0,0.0,0.0,0.0,0.0,0.0,0.0,0.0,0,0
0.0,0.0,0.0,0.0,0.0,0.0,0.0,0.0,0,0
0.0,0.0,0.0,0.0,0.0,0.0,0.0,0.0,0,0
0.0,0.0,0.0,0.0,0.0,0.0,0.0,0.0,0,0
0.0,0.0,0.0,0.0,0.0,0.0,0.0,0.0,0,0
0.0,0.0,0.0,0.0,0.0,0.0,0.0,0.0,0,0
0.0,0.0,0.0,0.0,0.0,0.0,0.0,0.0,0,0
0.0,0.0,0.0,0.0,0.0,0.0,0.0,0.0,0,0
0.0,0.0,0.0,0.0,0.0,0.0,0.0,0.0,0,0
0.0,0.0,0.0,0.0,0.0,0.0,0.0,0.0,0,0
0.0,0.0,0.0,0.0,0.0,0.0,0.0,0.0,0,0
0.0,0.0,0.0,0.0,0.0,0.0,0.0,0.0,0,0
0.0,0.0,0.0,0.0,0.0,0.0,0.0,0.0,0,0
0.0,0.0,0.0,0.0,0.0,0.0,0.0,0.0,0,0
0.0,0.0,0.0,0.0,0.0,0.0,0.0,0.0,0,0
0.0,0.0,0.0,0.0,0.0,0.0,0.0,0.0,0,0
0.0,0.0,0.0,0.0,0.0,0.0,0.0,0.0,0,0
0.0,0.0,0.0,0.0,0.0,0.0,0.0,0.0,0,0
0.0,0.0,0.0,0.0,0.0,0.0,0.0,0.0,0,0
0.0,0.0,0.0,0.0,0.0,0.0,0.0,0.0,0,0
0.0,0.0,0.0,0.0,0.0,0.0,0.0,0.0,0,0
0.0,0.0,0.0,0.0,0.0,0.0,0.0,0.0,0,0
0.0,0.0,0.0,0.0,0.0,0.0,0.0,0.0,0,0
0.0,0.0,0.0,0.0,0.0,0.0,0.0,0.0,0,0
0.0,0.0,0.0,0.0,0.0,0.0,0.0,0.0,0,0
0.0,0.0,0.0,0.0,0.0,0.0,0.0,0.0,0,0
0.0,0.0,0.0,0.0,0.0,0.0,0.0,0.0,0,0
0.0,0.0,0.0,0.0,0.0,0.0,0.0,0.0,0,0
0.0,0.0,0.0,0.0,0.0,0.0,0.0,0.0,0,0
0.0,0.0,0.0,0.0,0.0,0.0,0.0,0.0,0,0
0.0,0.0,0.0,0.0,0.0,0.0,0.0,0.0,0,0
0.0,0.0,0.0,0.0,0.0,0.0,0.0,0.0,0,0
0.0,0.0,0.0,0.0,0.0,0.0,0.0,0.0,0,0
0.0,0.0,0.0,0.0,0.0,0.0,0.0,0.0,0,0
0.0,0.0,0.0,0.0,0.0,0.0,0.0,0.0,0,0
0.0,0.0,0.0,0.0,0.0,0.0,0.0,0.0,0,0
0.0,0.0,0.0,0.0,0.0,0.0,0.0,0.0,0,0
0.0,0.0,0.0,0.0,0.0,0.0,0.0,0.0,0,0
0.0,0.0,0.0,0.0,0.0,0.0,0.0,0.0,0,0
0.0,0.0,0.0,0.0,0.0,0.0,0.0,0.0,0,0
0.0,0.0,0.0,0.0,0.0,0.0,0.0,0.0,0,0
0.0,0.0,0.0,0.0,0.0,0.0,0.0,0.0,0,0
0.0,0.0,0.0,0.0,0.0,0.0,0.0,0.0,0,0
0.0,0.0,0.0,0.0,0.0,0.0,0.0,0.0,0,0
0.0,0.0,0.0,0.0,0.0,0.0,0.0,0.0,0,0
0.0,0.0,0.0,0.0,0.0,0.0,0.0,0.0,0,0
0.0,0.0,0.0,0.0,0.0,0.0,0.0,0.0,0,0
0.0,0.0,0.0,0.0,0.0,0.0,0.0,0.0,0,0
0.0,0.0,0.0,0.0,0.0,0.0,0.0,0.0,0,0
0.0,0.0,0.0,0.0,0.0,0.0,0.0,0.0,0,0
0.0,0.0,0.0,0.0,0.0,0.0,0.0,0.0,0,0
0.0,0.0,0.0,0.0,0.0,0.0,0.0,0.0,0,0
0.0,0.0,0.0,0.0,0.0,0.0,0.0,0.0,0,0
0.0,0.0,0.0,0.0,0.0,0.0,0.0,0.0,0,0
0.0,0.0,0.0,0.0,0.0,0.0,0.0,0.0,0,0
0.0,0.0,0.0,0.0,0.0,0.0,0.0,0.0,0,0
0.0,0.0,0.0,0.0,0.0,0.0,0.0,0.0,0,0
0.0,0.0,0.0,0.0,0.0,0.0,0.0,0.0,0,0
0.0,0.0,0.0,0.0,0.0,0.0,0.0,0.0,0,0
0.0,0.0,0.0,0.0,0.0,0.0,0.0,0.0,0,0
0.0,0.0,0.0,0.0,0.0,0.0,0.0,0.0,0,0
0.0,0.0,0.0,0.0,0.0,0.0,0.0,0.0,0,0
0.0,0.0,0.0,0.0,0.0,0.0,0.0,0.0,0,0
0.0,0.0,0.0,0.0,0.0,0.0,0.0,0.0,0,0
0.0,0.0,0.0,0.0,0.0,0.0,0.0,0.0,0,0
0.0,0.0,0.0,0.0,0.0,0.0,0.0,0.0,0,0
0.0,0.0,0.0,0.0,0.0,0.0,0.0,0.0,0,0
0.0,0.0,0.0,0.0,0.0,0.0,0.0,0.0,0,0
0.0,0.0,0.0,0.0,0.0,0.0,0.0,0.0,0,0
0.0,0.0,0.0,0.0,0.0,0.0,0.0,0.0,0,0
0.0,0.0,0.0,0.0,0.0,0.0,0.0,0.0,0,0
0.0,0.0,0.0,0.0,0.0,0.0,0.0,0.0,0,0
0.0,0.0,0.0,0.0,0.0,0.0,0.0,0.0,0,0
0.0,0.0,0.0,0.0,0.0,0.0,0.0,0.0,0,0
0.0,0.0,0.0,0.0,0.0,0.0,0.0,0.0,0,0
0.0,0.0,0.0,0.0,0.0,0.0,0.0,0.0,0,0
0.0,0.0,0.0,0.0,0.0,0.0,0.0,0.0,0,0
0.0,0.0,0.0,0.0,0.0,0.0,0.0,0.0,0,0
0.0,0.0,0.0,0.0,0.0,0.0,0.0,0.0,0,0
0.0,0.0,0.0,0.0,0.0,0.0,0.0,0.0,0,0
0.0,0.0,0.0,0.0,0.0,0.0,0.0,0.0,0,0
0.0,0.0,0.0,0.0,0.0,0.0,0.0,0.0,0,0
0.0,0.0,0.0,0.0,0.0,0.0,0.0,0.0,0,0
0.0,0.0,0.0,0.0,0.0,0.0,0.0,0.0,0,0
0.0,0.0,0.0,0.0,0.0,0.0,0.0,0.0,0,0
0.0,0.0,0.0,0.0,0.0,0.0,0.0,0.0,0,0
0.0,0.0,0.0,0.0,0.0,0.0,0.0,0.0,0,0
0.0,0.0,0.0,0.0,0.0,0.0,0.0,0.0,0,0
0.0,0.0,0.0,0.0,0.0,0.0,0.0,0.0,0,0
0.0,0.0,0.0,0.0,0.0,0.0,0.0,0.0,0,0
0.0,0.0,0.0,0.0,0.0,0.0,0.0,0.0,0,0
0.0,0.0,0.0,0.0,0.0,0.0,0.0,0.0,0,0
0.0,0.0,0.0,0.0,0.0,0.0,0.0,0.0,0,0
0.0,0.0,0.0,0.0,0.0,0.0,0.0,0.0,0,0
0.0,0.0,0.0,0.0,0.0,0.0,0.0,0.0,0,0
0.0,0.0,0.0,0.0,0.0,0.0,0.0,0.0,0,0
0.0,0.0,0.0,0.0,0.0,0.0,0.0,0.0,0,0
0.0,0.0,0.0,0.0,0.0,0.0,0.0,0.0,0,0
0.0,0.0,0.0,0.0,0.0,0.0,0.0,0.0,0,0
0.0,0.0,0.0,0.0,0.0,0.0,0.0,0.0,0,0
0.0,0.0,0.0,0.0,0.0,0.0,0.0,0.0,0,0
0.0,0.0,0.0,0.0,0.0,0.0,0.0,0.0,0,0
0.0,0.0,0.0,0.0,0.0,0.0,0.0,0.0,0,0
0.0,0.0,0.0,0.0,0.0,0.0,0.0,0.0,0,0
0.0,0.0,0.0,0.0,0.0,0.0,0.0,0.0,0,0
0.0,0.0,0.0,0.0,0.0,0.0,0.0,0.0,0,0
0.0,0.0,0.0,0.0,0.0,0.0,0.0,0.0,0,0
0.0,0.0,0.0,0.0,0.0,0.0,0.0,0.0,0,0
0.0,0.0,0.0,0.0,0.0,0.0,0.0,0.0,0,0
0.0,0.0,0.0,0.0,0.0,0.0,0.0,0.0,0,0
0.0,0.0,0.0,0.0,0.0,0.0,0.0,0.0,0,0
0.0,0.0,0.0,0.0,0.0,0.0,0.0,0.0,0,0
0.0,0.0,0.0,0.0,0.0,0.0,0.0,0.0,0,0
0.0,0.0,0.0,0.0,0.0,0.0,0.0,0.0,0,0
0.0,0.0,0.0,0.0,0.0,0.0,0.0,0.0,0,0
0.0,0.0,0.0,0.0,0.0,0.0,0.0,0.0,0,0
0.0,0.0,0.0,0.0,0.0,0.0,0.0,0.0,0,0
0.0,0.0,0.0,0.0,0.0,0.0,0.0,0.0,0,0
0.0,0.0,0.0,0.0,0.0,0.0,0.0,0.0,0,0
0.0,0.0,0.0,0.0,0.0,0.0,0.0,0.0,0,0
0.0,0.0,0.0,0.0,0.0,0.0,0.0,0.0,0,0
0.0,0.0,0.0,0.0,0.0,0.0,0.0,0.0,0,0
0.0,0.0,0.0,0.0,0.0,0.0,0.0,0.0,0,0
0.0,0.0,0.0,0.0,0.0,0.0,0.0,0.0,0,0
0.0,0.0,0.0,0.0,0.0,0.0,0.0,0.0,0,0
0.0,0.0,0.0,0.0,0.0,0.0,0.0,0.0,0,0
0.0,0.0,0.0,0.0,0.0,0.0,0.0,0.0,0,0
0.0,0.0,0.0,0.0,0.0,0.0,0.0,0.0,0,0
0.0,0.0,0.0,0.0,0.0,0.0,0.0,0.0,0,0
0.0,0.0,0.0,0.0,0.0,0.0,0.0,0.0,0,0
0.0,0.0,0.0,0.0,0.0,0.0,0.0,0.0,0,0
0.0,0.0,0.0,0.0,0.0,0.0,0.0,0.0,0,0
0.0,0.0,0.0,0.0,0.0,0.0,0.0,0.0,0,0
0.0,0.0,0.0,0.0,0.0,0.0,0.0,0.0,0,0
0.0,0.0,0.0,0.0,0.0,0.0,0.0,0.0,0,0
0.0,0.0,0.0,0.0,0.0,0.0,0.0,0.0,0,0
0.0,0.0,0.0,0.0,0.0,0.0,0.0,0.0,0,0
0.0,0.0,0.0,0.0,0.0,0.0,0.0,0.0,0,0
0.0,0.0,0.0,0.0,0.0,0.0,0.0,0.0,0,0
0.0,0.0,0.0,0.0,0.0,0.0,0.0,0.0,0,0
0.0,0.0,0.0,0.0,0.0,0.0,0.0,0.0,0,0
0.0,0.0,0.0,0.0,0.0,0.0,0.0,0.0,0,0
0.0,0.0,0.0,0.0,0.0,0.0,0.0,0.0,0,0
0.0,0.0,0.0,0.0,0.0,0.0,0.0,0.0,0,0
0.0,0.0,0.0,0.0,0.0,0.0,0.0,0.0,0,0
0.0,0.0,0.0,0.0,0.0,0.0,0.0,0.0,0,0
0.0,0.0,0.0,0.0,0.0,0.0,0.0,0.0,0,0
0.0,0.0,0.0,0.0,0.0,0.0,0.0,0.0,0,0
0.0,0.0,0.0,0.0,0.0,0.0,0.0,0.0,0,0
0.0,0.0,0.0,0.0,0.0,0.0,0.0,0.0,0,0
0.0,0.0,0.0,0.0,0.0,0.0,0.0,0.0,0,0
0.0,0.0,0.0,0.0,0.0,0.0,0.0,0.0,0,0
0.0,0.0,0.0,0.0,0.0,0.0,0.0,0.0,0,0
0.0,0.0,0.0,0.0,0.0,0.0,0.0,0.0,0,0
0.0,0.0,0.0,0.0,0.0,0.0,0.0,0.0,0,0
0.0,0.0,0.0,0.0,0.0,0.0,0.0,0.0,0,0
0.0,0.0,0.0,0.0,0.0,0.0,0.0,0.0,0,0
0.0,0.0,0.0,0.0,0.0,0.0,0.0,0.0,0,0
0.0,0.0,0.0,0.0,0.0,0.0,0.0,0.0,0,0
0.0,0.0,0.0,0.0,0.0,0.0,0.0,0.0,0,0
0.0,0.0,0.0,0.0,0.0,0.0,0.0,0.0,0,0
0.0,0.0,0.0,0.0,0.0,0.0,0.0,0.0,0,0
0.0,0.0,0.0,0.0,0.0,0.0,0.0,0.0,0,0
0.0,0.0,0.0,0.0,0.0,0.0,0.0,0.0,0,0
0.0,0.0,0.0,0.0,0.0,0.0,0.0,0.0,0,0
0.0,0.0,0.0,0.0,0.0,0.0,0.0,0.0,0,0
0.0,0.0,0.0,0.0,0.0,0.0,0.0,0.0,0,0
0.0,0.0,0.0,0.0,0.0,0.0,0.0,0.0,0,0
0.0,0.0,0.0,0.0,0.0,0.0,0.0,0.0,0,0
0.0,0.0,0.0,0.0,0.0,0.0,0.0,0.0,0,0
0.0,0.0,0.0,0.0,0.0,0.0,0.0,0.0,0,0
0.0,0.0,0.0,0.0,0.0,0.0,0.0,0.0,0,0
0.0,0.0,0.0,0.0,0.0,0.0,0.0,0.0,0,0
0.0,0.0,0.0,0.0,0.0,0.0,0.0,0.0,0,0
0.0,0.0,0.0,0.0,0.0,0.0,0.0,0.0,0,0
0.0,0.0,0.0,0.0,0.0,0.0,0.0,0.0,0,0
0.0,0.0,0.0,0.0,0.0,0.0,0.0,0.0,0,0
0.0,0.0,0.0,0.0,0.0,0.0,0.0,0.0,0,0
0.0,0.0,0.0,0.0,0.0,0.0,0.0,0.0,0,0
0.0,0.0,0.0,0.0,0.0,0.0,0.0,0.0,0,0
0.0,0.0,0.0,0.0,0.0,0.0,0.0,0.0,0,0
0.0,0.0,0.0,0.0,0.0,0.0,0.0,0.0,0,0
0.0,0.0,0.0,0.0,0.0,0.0,0.0,0.0,0,0
0.0,0.0,0.0,0.0,0.0,0.0,0.0,0.0,0,0
0.0,0.0,0.0,0.0,0.0,0.0,0.0,0.0,0,0
0.0,0.0,0.0,0.0,0.0,0.0,0.0,0.0,0,0
0.0,0.0,0.0,0.0,0.0,0.0,0.0,0.0,0,0
0.0,0.0,0.0,0.0,0.0,0.0,0.0,0.0,0,0
0.0,0.0,0.0,0.0,0.0,0.0,0.0,0.0,0,0
0.0,0.0,0.0,0.0,0.0,0.0,0.0,0.0,0,0
0.0,0.0,0.0,0.0,0.0,0.0,0.0,0.0,0,0
0.0,0.0,0.0,0.0,0.0,0.0,0.0,0.0,0,0
0.0,0.0,0.0,0.0,0.0,0.0,0.0,0.0,0,0
0.0,0.0,0.0,0.0,0.0,0.0,0.0,0.0,0,0
0.0,0.0,0.0,0.0,0.0,0.0,0.0,0.0,0,0
0.0,0.0,0.0,0.0,0.0,0.0,0.0,0.0,0,0
0.0,0.0,0.0,0.0,0.0,0.0,0.0,0.0,0,0
0.0,0.0,0.0,0.0,0.0,0.0,0.0,0.0,0,0
0.0,0.0,0.0,0.0,0.0,0.0,0.0,0.0,0,0
0.0,0.0,0.0,0.0,0.0,0.0,0.0,0.0,0,0
0.0,0.0,0.0,0.0,0.0,0.0,0.0,0.0,0,0
0.0,0.0,0.0,0.0,0.0,0.0,0.0,0.0,0,0
0.0,0.0,0.0,0.0,0.0,0.0,0.0,0.0,0,0
0.0,0.0,0.0,0.0,0.0,0.0,0.0,0.0,0,0
0.0,0.0,0.0,0.0,0.0,0.0,0.0,0.0,0,0
0.0,0.0,0.0,0.0,0.0,0.0,0.0,0.0,0,0
0.0,0.0,0.0,0.0,0.0,0.0,0.0,0.0,0,0
0.0,0.0,0.0,0.0,0.0,0.0,0.0,0.0,0,0
0.0,0.0,0.0,0.0,0.0,0.0,0.0,0.0,0,0
0.0,0.0,0.0,0.0,0.0,0.0,0.0,0.0,0,0
0.0,0.0,0.0,0.0,0.0,0.0,0.0,0.0,0,0
0.0,0.0,0.0,0.0,0.0,0.0,0.0,0.0,0,0
0.0,0.0,0.0,0.0,0.0,0.0,0.0,0.0,0,0
0.0,0.0,0.0,0.0,0.0,0.0,0.0,0.0,0,0
0.0,0.0,0.0,0.0,0.0,0.0,0.0,0.0,0,0
0.0,0.0,0.0,0.0,0.0,0.0,0.0,0.0,0,0
0.0,0.0,0.0,0.0,0.0,0.0,0.0,0.0,0,0
0.0,0.0,0.0,0.0,0.0,0.0,0.0,0.0,0,0
0.0,0.0,0.0,0.0,0.0,0.0,0.0,0.0,0,0
0.0,0.0,0.0,0.0,0.0,0.0,0.0,0.0,0,0
0.0,0.0,0.0,0.0,0.0,0.0,0.0,0.0,0,0
0.0,0.0,0.0,0.0,0.0,0.0,0.0,0.0,0,0
0.0,0.0,0.0,0.0,0.0,0.0,0.0,0.0,0,0
0.0,0.0,0.0,0.0,0.0,0.0,0.0,0.0,0,0
0.0,0.0,0.0,0.0,0.0,0.0,0.0,0.0,0,0
0.0,0.0,0.0,0.0,0.0,0.0,0.0,0.0,0,0
0.0,0.0,0.0,0.0,0.0,0.0,0.0,0.0,0,0
0.0,0.0,0.0,0.0,0.0,0.0,0.0,0.0,0,0
0.0,0.0,0.0,0.0,0.0,0.0,0.0,0.0,0,0
0.0,0.0,0.0,0.0,0.0,0.0,0.0,0.0,0,0
0.0,0.0,0.0,0.0,0.0,0.0,0.0,0.0,0,0
0.0,0.0,0.0,0.0,0.0,0.0,0.0,0.0,0,0
0.0,0.0,0.0,0.0,0.0,0.0,0.0,0.0,0,0
0.0,0.0,0.0,0.0,0.0,0.0,0.0,0.0,0,0
0.0,0.0,0.0,0.0,0.0,0.0,0.0,0.0,0,0
0.0,0.0,0.0,0.0,0.0,0.0,0.0,0.0,0,0
0.0,0.0,0.0,0.0,0.0,0.0,0.0,0.0,0,0
0.0,0.0,0.0,0.0,0.0,0.0,0.0,0.0,0,0
0.0,0.0,0.0,0.0,0.0,0.0,0.0,0.0,0,0
0.0,0.0,0.0,0.0,0.0,0.0,0.0,0.0,0,0
0.0,0.0,0.0,0.0,0.0,0.0,0.0,0.0,0,0
0.0,0.0,0.0,0.0,0.0,0.0,0.0,0.0,0,0
0.0,0.0,0.0,0.0,0.0,0.0,0.0,0.0,0,0
0.0,0.0,0.0,0.0,0.0,0.0,0.0,0.0,0,0
0.0,0.0,0.0,0.0,0.0,0.0,0.0,0.0,0,0
0.0,0.0,0.0,0.0,0.0,0.0,0.0,0.0,0,0
0.0,0.0,0.0,0.0,0.0,0.0,0.0,0.0,0,0
0.0,0.0,0.0,0.0,0.0,0.0,0.0,0.0,0,0
0.0,0.0,0.0,0.0,0.0,0.0,0.0,0.0,0,0
0.0,0.0,0.0,0.0,0.0,0.0,0.0,0.0,0,0
0.0,0.0,0.0,0.0,0.0,0.0,0.0,0.0,0,0
0.0,0.0,0.0,0.0,0.0,0.0,0.0,0.0,0,0
0.0,0.0,0.0,0.0,0.0,0.0,0.0,0.0,0,0
0.0,0.0,0.0,0.0,0.0,0.0,0.0,0.0,0,0
0.0,0.0,0.0,0.0,0.0,0.0,0.0,0.0,0,0
0.0,0.0,0.0,0.0,0.0,0.0,0.0,0.0,0,0
0.0,0.0,0.0,0.0,0.0,0.0,0.0,0.0,0,0
0.0,0.0,0.0,0.0,0.0,0.0,0.0,0.0,0,0
0.0,0.0,0.0,0.0,0.0,0.0,0.0,0.0,0,0
0.0,0.0,0.0,0.0,0.0,0.0,0.0,0.0,0,0
0.0,0.0,0.0,0.0,0.0,0.0,0.0,0.0,0,0
0.0,0.0,0.0,0.0,0.0,0.0,0.0,0.0,0,0
0.0,0.0,0.0,0.0,0.0,0.0,0.0,0.0,0,0
0.0,0.0,0.0,0.0,0.0,0.0,0.0,0.0,0,0
0.0,0.0,0.0,0.0,0.0,0.0,0.0,0.0,0,0
0.0,0.0,0.0,0.0,0.0,0.0,0.0,0.0,0,0
0.0,0.0,0.0,0.0,0.0,0.0,0.0,0.0,0,0
0.0,0.0,0.0,0.0,0.0,0.0,0.0,0.0,0,0
0.0,0.0,0.0,0.0,0.0,0.0,0.0,0.0,0,0
0.0,0.0,0.0,0.0,0.0,0.0,0.0,0.0,0,0
0.0,0.0,0.0,0.0,0.0,0.0,0.0,0.0,0,0
0.0,0.0,0.0,0.0,0.0,0.0,0.0,0.0,0,0
0.0,0.0,0.0,0.0,0.0,0.0,0.0,0.0,0,0
0.0,0.0,0.0,0.0,0.0,0.0,0.0,0.0,0,0
0.0,0.0,0.0,0.0,0.0,0.0,0.0,0.0,0,0
0.0,0.0,0.0,0.0,0.0,0.0,0.0,0.0,0,0
0.0,0.0,0.0,0.0,0.0,0.0,0.0,0.0,0,0
0.0,0.0,0.0,0.0,0.0,0.0,0.0,0.0,0,0
0.0,0.0,0.0,0.0,0.0,0.0,0.0,0.0,0,0
0.0,0.0,0.0,0.0,0.0,0.0,0.0,0.0,0,0
0.0,0.0,0.0,0.0,0.0,0.0,0.0,0.0,0,0
0.0,0.0,0.0,0.0,0.0,0.0,0.0,0.0,0,0
0.0,0.0,0.0,0.0,0.0,0.0,0.0,0.0,0,0
0.0,0.0,0.0,0.0,0.0,0.0,0.0,0.0,0,0
0.0,0.0,0.0,0.0,0.0,0.0,0.0,0.0,0,0
0.0,0.0,0.0,0.0,0.0,0.0,0.0,0.0,0,0
0.0,0.0,0.0,0.0,0.0,0.0,0.0,0.0,0,0
0.0,0.0,0.0,0.0,0.0,0.0,0.0,0.0,0,0
0.0,0.0,0.0,0.0,0.0,0.0,0.0,0.0,0,0
0.0,0.0,0.0,0.0,0.0,0.0,0.0,0.0,0,0
0.0,0.0,0.0,0.0,0.0,0.0,0.0,0.0,0,0
0.0,0.0,0.0,0.0,0.0,0.0,0.0,0.0,0,0
0.0,0.0,0.0,0.0,0.0,0.0,0.0,0.0,0,0
0.0,0.0,0.0,0.0,0.0,0.0,0.0,0.0,0,0
0.0,0.0,0.0,0.0,0.0,0.0,0.0,0.0,0,0
0.0,0.0,0.0,0.0,0.0,0.0,0.0,0.0,0,0
0.0,0.0,0.0,0.0,0.0,0.0,0.0,0.0,0,0
0.0,0.0,0.0,0.0,0.0,0.0,0.0,0.0,0,0
0.0,0.0,0.0,0.0,0.0,0.0,0.0,0.0,0,0
0.0,0.0,0.0,0.0,0.0,0.0,0.0,0.0,0,0
0.0,0.0,0.0,0.0,0.0,0.0,0.0,0.0,0,0
0.0,0.0,0.0,0.0,0.0,0.0,0.0,0.0,0,0
0.0,0.0,0.0,0.0,0.0,0.0,0.0,0.0,0,0
0.0,0.0,0.0,0.0,0.0,0.0,0.0,0.0,0,0
0.0,0.0,0.0,0.0,0.0,0.0,0.0,0.0,0,0
0.0,0.0,0.0,0.0,0.0,0.0,0.0,0.0,0,0
0.0,0.0,0.0,0.0,0.0,0.0,0.0,0.0,0,0
0.0,0.0,0.0,0.0,0.0,0.0,0.0,0.0,0,0
0.0,0.0,0.0,0.0,0.0,0.0,0.0,0.0,0,0
0.0,0.0,0.0,0.0,0.0,0.0,0.0,0.0,0,0
0.0,0.0,0.0,0.0,0.0,0.0,0.0,0.0,0,0
0.0,0.0,0.0,0.0,0.0,0.0,0.0,0.0,0,0
0.0,0.0,0.0,0.0,0.0,0.0,0.0,0.0,0,0
0.0,0.0,0.0,0.0,0.0,0.0,0.0,0.0,0,0
0.0,0.0,0.0,0.0,0.0,0.0,0.0,0.0,0,0
0.0,0.0,0.0,0.0,0.0,0.0,0.0,0.0,0,0
0.0,0.0,0.0,0.0,0.0,0.0,0.0,0.0,0,0
0.0,0.0,0.0,0.0,0.0,0.0,0.0,0.0,0,0
0.0,0.0,0.0,0.0,0.0,0.0,0.0,0.0,0,0
0.0,0.0,0.0,0.0,0.0,0.0,0.0,0.0,0,0
0.0,0.0,0.0,0.0,0.0,0.0,0.0,0.0,0,0
0.0,0.0,0.0,0.0,0.0,0.0,0.0,0.0,0,0
0.0,0.0,0.0,0.0,0.0,0.0,0.0,0.0,0,0
0.0,0.0,0.0,0.0,0.0,0.0,0.0,0.0,0,0
0.0,0.0,0.0,0.0,0.0,0.0,0.0,0.0,0,0
0.0,0.0,0.0,0.0,0.0,0.0,0.0,0.0,0,0
0.0,0.0,0.0,0.0,0.0,0.0,0.0,0.0,0,0
0.0,0.0,0.0,0.0,0.0,0.0,0.0,0.0,0,0
0.0,0.0,0.0,0.0,0.0,0.0,0.0,0.0,0,0
0.0,0.0,0.0,0.0,0.0,0.0,0.0,0.0,0,0
0.0,0.0,0.0,0.0,0.0,0.0,0.0,0.0,0,0
0.0,0.0,0.0,0.0,0.0,0.0,0.0,0.0,0,0
0.0,0.0,0.0,0.0,0.0,0.0,0.0,0.0,0,0
0.0,0.0,0.0,0.0,0.0,0.0,0.0,0.0,0,0
0.0,0.0,0.0,0.0,0.0,0.0,0.0,0.0,0,0
0.0,0.0,0.0,0.0,0.0,0.0,0.0,0.0,0,0
0.0,0.0,0.0,0.0,0.0,0.0,0.0,0.0,0,0
0.0,0.0,0.0,0.0,0.0,0.0,0.0,0.0,0,0
0.0,0.0,0.0,0.0,0.0,0.0,0.0,0.0,0,0
0.0,0.0,0.0,0.0,0.0,0.0,0.0,0.0,0,0
0.0,0.0,0.0,0.0,0.0,0.0,0.0,0.0,0,0
0.0,0.0,0.0,0.0,0.0,0.0,0.0,0.0,0,0
0.0,0.0,0.0,0.0,0.0,0.0,0.0,0.0,0,0
0.0,0.0,0.0,0.0,0.0,0.0,0.0,0.0,0,0
0.0,0.0,0.0,0.0,0.0,0.0,0.0,0.0,0,0
0.0,0.0,0.0,0.0,0.0,0.0,0.0,0.0,0,0
0.0,0.0,0.0,0.0,0.0,0.0,0.0,0.0,0,0
0.0,0.0,0.0,0.0,0.0,0.0,0.0,0.0,0,0
0.0,0.0,0.0,0.0,0.0,0.0,0.0,0.0,0,0
0.0,0.0,0.0,0.0,0.0,0.0,0.0,0.0,0,0
0.0,0.0,0.0,0.0,0.0,0.0,0.0,0.0,0,0
0.0,0.0,0.0,0.0,0.0,0.0,0.0,0.0,0,0
0.0,0.0,0.0,0.0,0.0,0.0,0.0,0.0,0,0
0.0,0.0,0.0,0.0,0.0,0.0,0.0,0.0,0,0
0.0,0.0,0.0,0.0,0.0,0.0,0.0,0.0,0,0
0.0,0.0,0.0,0.0,0.0,0.0,0.0,0.0,0,0
0.0,0.0,0.0,0.0,0.0,0.0,0.0,0.0,0,0
0.0,0.0,0.0,0.0,0.0,0.0,0.0,0.0,0,0
0.0,0.0,0.0,0.0,0.0,0.0,0.0,0.0,0,0
0.0,0.0,0.0,0.0,0.0,0.0,0.0,0.0,0,0
0.0,0.0,0.0,0.0,0.0,0.0,0.0,0.0,0,0
0.0,0.0,0.0,0.0,0.0,0.0,0.0,0.0,0,0
0.0,0.0,0.0,0.0,0.0,0.0,0.0,0.0,0,0
0.0,0.0,0.0,0.0,0.0,0.0,0.0,0.0,0,0
0.0,0.0,0.0,0.0,0.0,0.0,0.0,0.0,0,0
0.0,0.0,0.0,0.0,0.0,0.0,0.0,0.0,0,0
0.0,0.0,0.0,0.0,0.0,0.0,0.0,0.0,0,0
0.0,0.0,0.0,0.0,0.0,0.0,0.0,0.0,0,0
0.0,0.0,0.0,0.0,0.0,0.0,0.0,0.0,0,0
0.0,0.0,0.0,0.0,0.0,0.0,0.0,0.0,0,0
0.0,0.0,0.0,0.0,0.0,0.0,0.0,0.0,0,0
0.0,0.0,0.0,0.0,0.0,0.0,0.0,0.0,0,0
0.0,0.0,0.0,0.0,0.0,0.0,0.0,0.0,0,0
0.0,0.0,0.0,0.0,0.0,0.0,0.0,0.0,0,0
