gross_pnl,trade_cost,borrow_cost,net_pnl,gross_long,gross_short,gross_notional,turnover_$,n_long,n_short
0.0,0.0,0.0,0.0,0.0,0.0,0.0,0.0,0,0
0.0,0.0,0.0,0.0,0.0,0.0,0.0,0.0,0,0
0.0,0.0,0.0,0.0,0.0,0.0,0.0,0.0,0,0
0.0,0.0,0.0,0.0,0.0,0.0,0.0,0.0,0,0
0.0,0.0,0.0,0.0,0.0,0.0,0.0,0.0,0,0
0.0,0.0,0.0,0.0,0.0,0.0,0.0,0.0,0,0
0.0,0.0,0.0,0.0,0.0,0.0,0.0,0.0,0,0
0.0,0.0,0.0,0.0,0.0,0.0,0.0,0.0,0,0
0.0,0.0,0.0,0.0,0.0,0.0,0.0,0.0,0,0
0.0,0.0,0.0,0.0,0.0,0.0,0.0,0.0,0,0
0.0,0.0,0.0,0.0,0.0,0.0,0.0,0.0,0,0
0.0,0.0,0.0,0.0,0.0,0.0,0.0,0.0,0,0
0.0,0.0,0.0,0.0,0.0,0.0,0.0,0.0,0,0
0.0,0.0,0.0,0.0,0.0,0.0,0.0,0.0,0,0
0.0,0.0,0.0,0.0,0.0,0.0,0.0,0.0,0,0
0.0,0.0,0.0,0.0,0.0,0.0,0.0,0.0,0,0
0.0,0.0,0.0,0.0,0.0,0.0,0.0,0.0,0,0
0.0,0.0,0.0,0.0,0.0,0.0,0.0,0.0,0,0
0.0,0.0,0.0,0.0,0.0,0.0,0.0,0.0,0,0
0.0,0.0,0.0,0.0,0.0,0.0,0.0,0.0,0,0
0.0,0.0,0.0,0.0,0.0,0.0,0.0,0.0,0,0
0.0,0.0,0.0,0.0,0.0,0.0,0.0,0.0,0,0
0.0,0.0,0.0,0.0,0.0,0.0,0.0,0.0,0,0
0.0,0.0,0.0,0.0,0.0,0.0,0.0,0.0,0,0
0.0,0.0,0.0,0.0,0.0,0.0,0.0,0.0,0,0
0.0,0.0,0.0,0.0,0.0,0.0,0.0,0.0,0,0
0.0,0.0,0.0,0.0,0.0,0.0,0.0,0.0,0,0
0.0,0.0,0.0,0.0,0.0,0.0,0.0,0.0,0,0
0.0,0.0,0.0,0.0,0.0,0.0,0.0,0.0,0,0
0.0,0.0,0.0,0.0,0.0,0.0,0.0,0.0,0,0
0.0,0.0,0.0,0.0,0.0,0.0,0.0,0.0,0,0
0.0,0.0,0.0,0.0,0.0,0.0,0.0,0.0,0,0
0.0,0.0,0.0,0.0,0.0,0.0,0.0,0.0,0,0
0.0,0.0,0.0,0.0,0.0,0.0,0.0,0.0,0,0
0.0,0.0,0.0,0.0,0.0,0.0,0.0,0.0,0,0
0.0,0.0,0.0,0.0,0.0,0.0,0.0,0.0,0,0
0.0,0.0,0.0,0.0,0.0,0.0,0.0,0.0,0,0
0.0,0.0,0.0,0.0,0.0,0.0,0.0,0.0,0,0
0.0,0.0,0.0,0.0,0.0,0.0,0.0,0.0,0,0
0.0,0.0,0.0,0.0,0.0,0.0,0.0,0.0,0,0
0.0,0.0,0.0,0.0,0.0,0.0,0.0,0.0,0,0
0.0,0.0,0.0,0.0,0.0,0.0,0.0,0.0,0,0
0.0,0.0,0.0,0.0,0.0,0.0,0.0,0.0,0,0
0.0,0.0,0.0,0.0,0.0,0.0,0.0,0.0,0,0
0.0,0.0,0.0,0.0,0.0,0.0,0.0,0.0,0,0
0.0,0.0,0.0,0.0,0.0,0.0,0.0,0.0,0,0
0.0,0.0,0.0,0.0,0.0,0.0,0.0,0.0,0,0
0.0,0.0,0.0,0.0,0.0,0.0,0.0,0.0,0,0
0.0,0.0,0.0,0.0,0.0,0.0,0.0,0.0,0,0
0.0,0.0,0.0,0.0,0.0,0.0,0.0,0.0,0,0
0.0,0.0,0.0,0.0,0.0,0.0,0.0,0.0,0,0
0.0,0.0,0.0,0.0,0.0,0.0,0.0,0.0,0,0
0.0,0.0,0.0,0.0,0.0,0.0,0.0,0.0,0,0
0.0,0.0,0.0,0.0,0.0,0.0,0.0,0.0,0,0
0.0,0.0,0.0,0.0,0.0,0.0,0.0,0.0,0,0
0.0,0.0,0.0,0.0,0.0,0.0,0.0,0.0,0,0
0.0,0.0,0.0,0.0,0.0,0.0,0.0,0.0,0,0
0.0,0.0,0.0,0.0,0.0,0.0,0.0,0.0,0,0
0.0,0.0,0.0,0.0,0.0,0.0,0.0,0.0,0,0
0.0,0.0,0.0,0.0,0.0,0.0,0.0,0.0,0,0
0.0,0.0,0.0,0.0,0.0,0.0,0.0,0.0,0,0
0.0,0.0,0.0,0.0,0.0,0.0,0.0,0.0,0,0
0.0,0.0,0.0,0.0,0.0,0.0,0.0,0.0,0,0
0.0,0.0,0.0,0.0,0.0,0.0,0.0,0.0,0,0
759585.3145286062,200000.00000000003,7936.507936507938,551648.8065920983,500000000.00000006,500000000.00000006,1000000000.0000001,1000000000.0000001,30,30
333610.86470343376,413111.89587961184,7936.507936507936,-87437.539112686,500000000.00000006,500000000.0,1000000000.0,1468242996.0558305,30,30
0.0,200000.00000000003,0.0,-200000.00000000003,0.0,0.0,0.0,1000000000.0000001,0,0
0.0,0.0,0.0,0.0,0.0,0.0,0.0,0.0,0,0
0.0,0.0,0.0,0.0,0.0,0.0,0.0,0.0,0,0
0.0,0.0,0.0,0.0,0.0,0.0,0.0,0.0,0,0
0.0,0.0,0.0,0.0,0.0,0.0,0.0,0.0,0,0
0.0,0.0,0.0,0.0,0.0,0.0,0.0,0.0,0,0
1344429.9230837934,200000.0,7936.507936507936,1136493.4151472854,500000000.0,500000000.00000006,1000000000.0,1000000000.0,29,29
1377328.9426224818,400000.0000000001,7936.507936507939,969392.4346859738,500000000.00000006,500000000.0000002,1000000000.0000002,1185567066.250036,29,29
0.0,200000.00000000003,0.0,-200000.00000000003,0.0,0.0,0.0,1000000000.0000002,0,0
0.0,0.0,0.0,0.0,0.0,0.0,0.0,0.0,0,0
0.0,0.0,0.0,0.0,0.0,0.0,0.0,0.0,0,0
0.0,0.0,0.0,0.0,0.0,0.0,0.0,0.0,0,0
0.0,0.0,0.0,0.0,0.0,0.0,0.0,0.0,0,0
0.0,0.0,0.0,0.0,0.0,0.0,0.0,0.0,0,0
0.0,0.0,0.0,0.0,0.0,0.0,0.0,0.0,0,0
0.0,0.0,0.0,0.0,0.0,0.0,0.0,0.0,0,0
0.0,0.0,0.0,0.0,0.0,0.0,0.0,0.0,0,0
0.0,0.0,0.0,0.0,0.0,0.0,0.0,0.0,0,0
-685521.7296467575,200000.00000000006,7936.507936507939,-893458.2375832654,499999999.9999999,500000000.0,999999999.9999999,999999999.9999999,29,29
0.0,200000.00000000006,0.0,-200000.00000000006,0.0,0.0,0.0,999999999.9999999,0,0
0.0,0.0,0.0,0.0,0.0,0.0,0.0,0.0,0,0
0.0,0.0,0.0,0.0,0.0,0.0,0.0,0.0,0,0
0.0,0.0,0.0,0.0,0.0,0.0,0.0,0.0,0,0
0.0,0.0,0.0,0.0,0.0,0.0,0.0,0.0,0,0
0.0,0.0,0.0,0.0,0.0,0.0,0.0,0.0,0,0
0.0,0.0,0.0,0.0,0.0,0.0,0.0,0.0,0,0
0.0,0.0,0.0,0.0,0.0,0.0,0.0,0.0,0,0
0.0,0.0,0.0,0.0,0.0,0.0,0.0,0.0,0,0
0.0,0.0,0.0,0.0,0.0,0.0,0.0,0.0,0,0
0.0,0.0,0.0,0.0,0.0,0.0,0.0,0.0,0,0
0.0,0.0,0.0,0.0,0.0,0.0,0.0,0.0,0,0
0.0,0.0,0.0,0.0,0.0,0.0,0.0,0.0,0,0
-1892740.5357336907,200000.00000000003,7936.507936507936,-2100677.043670199,500000000.0,500000000.00000006,1000000000.0,1000000000.0,30,30
4399573.003650752,400000.0000000001,7936.5079365079355,3991636.495714244,500000000.0,500000000.0,1000000000.0,1119293308.5308971,31,31
888046.1386315532,414573.70952909015,7936.507936507935,465535.9211659551,500000000.00000006,500000000.0,1000000000.0,1616629166.6035264,31,31
1993518.911592677,410853.0567650738,7936.5079365079355,1574729.3468910954,500000000.0000002,500000000.00000006,1000000000.0000002,1586036937.9028084,31,31
0.0,200000.00000000006,0.0,-200000.00000000006,0.0,0.0,0.0,1000000000.0000002,0,0
1884614.7799813917,200000.00000000006,7936.507936507938,1676678.2720448838,500000000.00000006,500000000.0000001,1000000000.0000002,1000000000.0000002,31,31
0.0,200000.00000000006,0.0,-200000.00000000006,0.0,0.0,0.0,1000000000.0000002,0,0
-730430.6046359553,199999.99999999997,7936.5079365079355,-938367.1125724632,500000000.0,499999999.9999999,999999999.9999999,999999999.9999999,31,31
-546369.3668036181,400000.00000000006,7936.507936507935,-954305.8747401261,500000000.0,500000000.0,1000000000.0,1202135542.9552429,31,31
1959983.2945600431,399999.99999999994,7936.5079365079355,1552046.7866235352,500000000.0,500000000.0,1000000000.0,1179289074.3126292,31,31
0.0,200000.00000000003,0.0,-200000.00000000003,0.0,0.0,0.0,1000000000.0,0,0
0.0,0.0,0.0,0.0,0.0,0.0,0.0,0.0,0,0
1924911.9133285065,200000.00000000003,7936.507936507936,1716975.4053919986,500000000.0,500000000.00000006,1000000000.0,1000000000.0,31,31
0.0,200000.00000000003,0.0,-200000.00000000003,0.0,0.0,0.0,1000000000.0,0,0
0.0,0.0,0.0,0.0,0.0,0.0,0.0,0.0,0,0
0.0,0.0,0.0,0.0,0.0,0.0,0.0,0.0,0,0
0.0,0.0,0.0,0.0,0.0,0.0,0.0,0.0,0,0
0.0,0.0,0.0,0.0,0.0,0.0,0.0,0.0,0,0
0.0,0.0,0.0,0.0,0.0,0.0,0.0,0.0,0,0
1651348.9937450858,200000.0000000001,7936.507936507935,1443412.4858085779,500000000.00000006,499999999.99999994,1000000000.0,1000000000.0,30,30
0.0,200000.0000000001,0.0,-200000.0000000001,0.0,0.0,0.0,1000000000.0,0,0
4308385.710945458,200000.00000000003,7936.507936507937,4100449.20300895,500000000.0,500000000.0000001,1000000000.0000001,1000000000.0000001,30,30
0.0,200000.00000000003,0.0,-200000.00000000003,0.0,0.0,0.0,1000000000.0000001,0,0
0.0,0.0,0.0,0.0,0.0,0.0,0.0,0.0,0,0
0.0,0.0,0.0,0.0,0.0,0.0,0.0,0.0,0,0
0.0,0.0,0.0,0.0,0.0,0.0,0.0,0.0,0,0
0.0,0.0,0.0,0.0,0.0,0.0,0.0,0.0,0,0
0.0,0.0,0.0,0.0,0.0,0.0,0.0,0.0,0,0
0.0,0.0,0.0,0.0,0.0,0.0,0.0,0.0,0,0
0.0,0.0,0.0,0.0,0.0,0.0,0.0,0.0,0,0
0.0,0.0,0.0,0.0,0.0,0.0,0.0,0.0,0,0
0.0,0.0,0.0,0.0,0.0,0.0,0.0,0.0,0,0
0.0,0.0,0.0,0.0,0.0,0.0,0.0,0.0,0,0
0.0,0.0,0.0,0.0,0.0,0.0,0.0,0.0,0,0
1595017.8040598703,200000.0,7936.507936507938,1387081.2961233624,500000000.0,500000000.00000006,1000000000.0,1000000000.0,30,30
0.0,200000.0,0.0,-200000.0,0.0,0.0,0.0,1000000000.0,0,0
0.0,0.0,0.0,0.0,0.0,0.0,0.0,0.0,0,0
0.0,0.0,0.0,0.0,0.0,0.0,0.0,0.0,0,0
0.0,0.0,0.0,0.0,0.0,0.0,0.0,0.0,0,0
0.0,0.0,0.0,0.0,0.0,0.0,0.0,0.0,0,0
0.0,0.0,0.0,0.0,0.0,0.0,0.0,0.0,0,0
0.0,0.0,0.0,0.0,0.0,0.0,0.0,0.0,0,0
0.0,0.0,0.0,0.0,0.0,0.0,0.0,0.0,0,0
-1162296.8469908014,200000.00000000006,7936.507936507935,-1370233.3549273093,500000000.0,499999999.99999994,1000000000.0,999999999.9999999,27,27
-165507.7201243866,405761.48723836057,7936.507936507935,-579205.7152992551,500000000.00000006,500000000.00000006,1000000000.0000001,1326382613.6454182,27,27
-745677.8367773616,413644.56034543586,7936.507936507937,-1167258.9050593055,500000000.00000006,500000000.00000006,1000000000.0000001,1450695082.5059917,28,28
0.0,200000.00000000006,0.0,-200000.00000000006,0.0,0.0,0.0,1000000000.0000001,0,0
0.0,0.0,0.0,0.0,0.0,0.0,0.0,0.0,0,0
0.0,0.0,0.0,0.0,0.0,0.0,0.0,0.0,0,0
1919716.497850456,199999.99999999994,7936.507936507935,1711779.989913948,499999999.99999994,500000000.0,1000000000.0,1000000000.0,29,29
0.0,199999.99999999994,0.0,-199999.99999999994,0.0,0.0,0.0,1000000000.0,0,0
0.0,0.0,0.0,0.0,0.0,0.0,0.0,0.0,0,0
0.0,0.0,0.0,0.0,0.0,0.0,0.0,0.0,0,0
0.0,0.0,0.0,0.0,0.0,0.0,0.0,0.0,0,0
0.0,0.0,0.0,0.0,0.0,0.0,0.0,0.0,0,0
0.0,0.0,0.0,0.0,0.0,0.0,0.0,0.0,0,0
0.0,0.0,0.0,0.0,0.0,0.0,0.0,0.0,0,0
0.0,0.0,0.0,0.0,0.0,0.0,0.0,0.0,0,0
1346341.9700286223,200000.0000000001,7936.507936507937,1138405.4620921144,500000000.0,500000000.00000006,1000000000.0,1000000000.0,30,30
797892.8578615048,400000.0000000003,7936.507936507939,389956.34992499655,500000000.00000006,500000000.0000002,1000000000.0000002,1192559494.028283,30,30
0.0,200000.0000000001,0.0,-200000.0000000001,0.0,0.0,0.0,1000000000.0000002,0,0
-1266057.4789255338,200000.00000000006,7936.507936507937,-1473993.9868620418,500000000.0,500000000.0,1000000000.0,1000000000.0,30,30
0.0,200000.00000000006,0.0,-200000.00000000006,0.0,0.0,0.0,1000000000.0,0,0
0.0,0.0,0.0,0.0,0.0,0.0,0.0,0.0,0,0
0.0,0.0,0.0,0.0,0.0,0.0,0.0,0.0,0,0
0.0,0.0,0.0,0.0,0.0,0.0,0.0,0.0,0,0
-640438.2140805061,200000.0,7936.507936507933,-848374.722017014,500000000.0,499999999.99999994,1000000000.0,999999999.9999999,30,30
347383.34385478456,400000.0,7936.5079365079355,-60553.16408172338,500000000.00000006,500000000.0,1000000000.0,1294333336.4222622,30,30
0.0,200000.00000000003,0.0,-200000.00000000003,0.0,0.0,0.0,1000000000.0,0,0
0.0,0.0,0.0,0.0,0.0,0.0,0.0,0.0,0,0
0.0,0.0,0.0,0.0,0.0,0.0,0.0,0.0,0,0
0.0,0.0,0.0,0.0,0.0,0.0,0.0,0.0,0,0
0.0,0.0,0.0,0.0,0.0,0.0,0.0,0.0,0,0
0.0,0.0,0.0,0.0,0.0,0.0,0.0,0.0,0,0
0.0,0.0,0.0,0.0,0.0,0.0,0.0,0.0,0,0
0.0,0.0,0.0,0.0,0.0,0.0,0.0,0.0,0,0
0.0,0.0,0.0,0.0,0.0,0.0,0.0,0.0,0,0
0.0,0.0,0.0,0.0,0.0,0.0,0.0,0.0,0,0
0.0,0.0,0.0,0.0,0.0,0.0,0.0,0.0,0,0
0.0,0.0,0.0,0.0,0.0,0.0,0.0,0.0,0,0
-196986.06358280402,200000.00000000006,7936.507936507936,-404922.571519312,500000000.0000001,500000000.00000006,1000000000.0000002,1000000000.0000001,29,29
0.0,200000.00000000006,0.0,-200000.00000000006,0.0,0.0,0.0,1000000000.0000001,0,0
0.0,0.0,0.0,0.0,0.0,0.0,0.0,0.0,0,0
0.0,0.0,0.0,0.0,0.0,0.0,0.0,0.0,0,0
0.0,0.0,0.0,0.0,0.0,0.0,0.0,0.0,0,0
0.0,0.0,0.0,0.0,0.0,0.0,0.0,0.0,0,0
0.0,0.0,0.0,0.0,0.0,0.0,0.0,0.0,0,0
0.0,0.0,0.0,0.0,0.0,0.0,0.0,0.0,0,0
-2046341.5853593021,200000.00000000003,7936.507936507938,-2254278.0932958103,499999999.99999994,500000000.00000006,1000000000.0,1000000000.0,31,31
-1036261.227141131,399999.9999999998,7936.507936507936,-1444197.7350776386,499999999.9999999,499999999.99999994,999999999.9999998,1258374457.123848,30,30
0.0,199999.99999999997,0.0,-199999.99999999997,0.0,0.0,0.0,999999999.9999999,0,0
0.0,0.0,0.0,0.0,0.0,0.0,0.0,0.0,0,0
0.0,0.0,0.0,0.0,0.0,0.0,0.0,0.0,0,0
0.0,0.0,0.0,0.0,0.0,0.0,0.0,0.0,0,0
0.0,0.0,0.0,0.0,0.0,0.0,0.0,0.0,0,0
0.0,0.0,0.0,0.0,0.0,0.0,0.0,0.0,0,0
0.0,0.0,0.0,0.0,0.0,0.0,0.0,0.0,0,0
0.0,0.0,0.0,0.0,0.0,0.0,0.0,0.0,0,0
0.0,0.0,0.0,0.0,0.0,0.0,0.0,0.0,0,0
0.0,0.0,0.0,0.0,0.0,0.0,0.0,0.0,0,0
635743.3014375009,200000.00000000003,7936.507936507938,427806.79350099294,499999999.99999994,500000000.0,1000000000.0,999999999.9999999,31,31
0.0,200000.00000000003,0.0,-200000.00000000003,0.0,0.0,0.0,999999999.9999999,0,0
0.0,0.0,0.0,0.0,0.0,0.0,0.0,0.0,0,0
0.0,0.0,0.0,0.0,0.0,0.0,0.0,0.0,0,0
0.0,0.0,0.0,0.0,0.0,0.0,0.0,0.0,0,0
0.0,0.0,0.0,0.0,0.0,0.0,0.0,0.0,0,0
0.0,0.0,0.0,0.0,0.0,0.0,0.0,0.0,0,0
0.0,0.0,0.0,0.0,0.0,0.0,0.0,0.0,0,0
0.0,0.0,0.0,0.0,0.0,0.0,0.0,0.0,0,0
0.0,0.0,0.0,0.0,0.0,0.0,0.0,0.0,0,0
0.0,0.0,0.0,0.0,0.0,0.0,0.0,0.0,0,0
0.0,0.0,0.0,0.0,0.0,0.0,0.0,0.0,0,0
0.0,0.0,0.0,0.0,0.0,0.0,0.0,0.0,0,0
0.0,0.0,0.0,0.0,0.0,0.0,0.0,0.0,0,0
0.0,0.0,0.0,0.0,0.0,0.0,0.0,0.0,0,0
0.0,0.0,0.0,0.0,0.0,0.0,0.0,0.0,0,0
0.0,0.0,0.0,0.0,0.0,0.0,0.0,0.0,0,0
0.0,0.0,0.0,0.0,0.0,0.0,0.0,0.0,0,0
0.0,0.0,0.0,0.0,0.0,0.0,0.0,0.0,0,0
0.0,0.0,0.0,0.0,0.0,0.0,0.0,0.0,0,0
0.0,0.0,0.0,0.0,0.0,0.0,0.0,0.0,0,0
757212.7894257699,199999.99999999994,7936.507936507935,549276.2814892621,500000000.0,499999999.99999994,1000000000.0,999999999.9999999,32,32
0.0,199999.99999999994,0.0,-199999.99999999994,0.0,0.0,0.0,999999999.9999999,0,0
0.0,0.0,0.0,0.0,0.0,0.0,0.0,0.0,0,0
0.0,0.0,0.0,0.0,0.0,0.0,0.0,0.0,0,0
0.0,0.0,0.0,0.0,0.0,0.0,0.0,0.0,0,0
0.0,0.0,0.0,0.0,0.0,0.0,0.0,0.0,0,0
0.0,0.0,0.0,0.0,0.0,0.0,0.0,0.0,0,0
0.0,0.0,0.0,0.0,0.0,0.0,0.0,0.0,0,0
0.0,0.0,0.0,0.0,0.0,0.0,0.0,0.0,0,0
0.0,0.0,0.0,0.0,0.0,0.0,0.0,0.0,0,0
0.0,0.0,0.0,0.0,0.0,0.0,0.0,0.0,0,0
0.0,0.0,0.0,0.0,0.0,0.0,0.0,0.0,0,0
0.0,0.0,0.0,0.0,0.0,0.0,0.0,0.0,0,0
-423626.42594820884,200000.00000000006,7936.5079365079355,-631562.9338847168,500000000.0,500000000.0,1000000000.0,1000000000.0,31,31
376121.1935793385,400000.0,7936.507936507936,-31815.314357169445,500000000.0,500000000.0,1000000000.0,1296436449.8834321,31,31
1792183.2593005765,400000.0,7936.507936507936,1384246.7513640686,499999999.99999994,500000000.0,1000000000.0,1223825746.9501164,30,30
0.0,199999.99999999997,0.0,-199999.99999999997,0.0,0.0,0.0,1000000000.0,0,0
0.0,0.0,0.0,0.0,0.0,0.0,0.0,0.0,0,0
0.0,0.0,0.0,0.0,0.0,0.0,0.0,0.0,0,0
75308.55183251345,199999.99999999994,7936.507936507936,-132627.95610399442,500000000.0,500000000.0,1000000000.0,1000000000.0,30,30
0.0,199999.99999999994,0.0,-199999.99999999994,0.0,0.0,0.0,1000000000.0,0,0
0.0,0.0,0.0,0.0,0.0,0.0,0.0,0.0,0,0
0.0,0.0,0.0,0.0,0.0,0.0,0.0,0.0,0,0
0.0,0.0,0.0,0.0,0.0,0.0,0.0,0.0,0,0
0.0,0.0,0.0,0.0,0.0,0.0,0.0,0.0,0,0
0.0,0.0,0.0,0.0,0.0,0.0,0.0,0.0,0,0
0.0,0.0,0.0,0.0,0.0,0.0,0.0,0.0,0,0
0.0,0.0,0.0,0.0,0.0,0.0,0.0,0.0,0,0
0.0,0.0,0.0,0.0,0.0,0.0,0.0,0.0,0,0
0.0,0.0,0.0,0.0,0.0,0.0,0.0,0.0,0,0
0.0,0.0,0.0,0.0,0.0,0.0,0.0,0.0,0,0
0.0,0.0,0.0,0.0,0.0,0.0,0.0,0.0,0,0
0.0,0.0,0.0,0.0,0.0,0.0,0.0,0.0,0,0
0.0,0.0,0.0,0.0,0.0,0.0,0.0,0.0,0,0
0.0,0.0,0.0,0.0,0.0,0.0,0.0,0.0,0,0
0.0,0.0,0.0,0.0,0.0,0.0,0.0,0.0,0,0
0.0,0.0,0.0,0.0,0.0,0.0,0.0,0.0,0,0
1776991.4333073653,200000.00000000006,7936.507936507938,1569054.9253708574,500000000.0,500000000.0,1000000000.0,1000000000.0,33,33
0.0,200000.00000000006,0.0,-200000.00000000006,0.0,0.0,0.0,1000000000.0,0,0
0.0,0.0,0.0,0.0,0.0,0.0,0.0,0.0,0,0
2653049.565672904,200000.0,7936.507936507935,2445113.057736396,500000000.00000006,499999999.99999994,1000000000.0,1000000000.0,34,34
970113.0438700885,399999.99999999994,7936.5079365079355,562176.5359335807,500000000.0,499999999.99999994,1000000000.0,1263652284.6536891,34,34
0.0,200000.0,0.0,-200000.0,0.0,0.0,0.0,1000000000.0,0,0
0.0,0.0,0.0,0.0,0.0,0.0,0.0,0.0,0,0
2469181.905374172,200000.0,7936.507936507936,2261245.397437664,500000000.0,500000000.0,1000000000.0,1000000000.0,33,33
0.0,200000.0,0.0,-200000.0,0.0,0.0,0.0,1000000000.0,0,0
0.0,0.0,0.0,0.0,0.0,0.0,0.0,0.0,0,0
-685010.4015997587,200000.0000000001,7936.507936507936,-892946.9095362667,500000000.0,500000000.00000006,1000000000.0,1000000000.0,32,32
893014.6862394623,399999.9999999999,7936.5079365079355,485078.17830295453,500000000.00000006,500000000.00000006,1000000000.0000001,1197638470.0495212,33,33
2895848.7641219213,400000.0,7936.5079365079355,2487912.2561854133,500000000.00000006,500000000.0,1000000000.0,1477691107.9562082,33,33
1695091.0877617532,400000.0,7936.507936507937,1287154.5798252453,500000000.0,500000000.0,1000000000.0,1508577392.3829956,33,33
5561129.362693442,400000.00000000006,7936.507936507936,5153192.854756934,500000000.0,500000000.0,1000000000.0,1483178487.5157201,32,32
0.0,199999.99999999997,0.0,-199999.99999999997,0.0,0.0,0.0,1000000000.0,0,0
1573979.4166554247,200000.00000000006,7936.507936507936,1366042.9087189168,500000000.0000001,499999999.99999994,1000000000.0,1000000000.0,33,33
0.0,200000.00000000006,0.0,-200000.00000000006,0.0,0.0,0.0,1000000000.0,0,0
0.0,0.0,0.0,0.0,0.0,0.0,0.0,0.0,0,0
-914278.4761181317,199999.99999999997,7936.507936507933,-1122214.9840546395,500000000.0,499999999.99999994,1000000000.0,999999999.9999999,34,34
0.0,199999.99999999997,0.0,-199999.99999999997,0.0,0.0,0.0,999999999.9999999,0,0
0.0,0.0,0.0,0.0,0.0,0.0,0.0,0.0,0,0
0.0,0.0,0.0,0.0,0.0,0.0,0.0,0.0,0,0
0.0,0.0,0.0,0.0,0.0,0.0,0.0,0.0,0,0
0.0,0.0,0.0,0.0,0.0,0.0,0.0,0.0,0,0
1260641.5959894345,200000.0,7936.507936507938,1052705.0880529266,499999999.99999994,500000000.00000006,1000000000.0,1000000000.0,34,34
0.0,200000.0,0.0,-200000.0,0.0,0.0,0.0,1000000000.0,0,0
0.0,0.0,0.0,0.0,0.0,0.0,0.0,0.0,0,0
0.0,0.0,0.0,0.0,0.0,0.0,0.0,0.0,0,0
0.0,0.0,0.0,0.0,0.0,0.0,0.0,0.0,0,0
0.0,0.0,0.0,0.0,0.0,0.0,0.0,0.0,0,0
0.0,0.0,0.0,0.0,0.0,0.0,0.0,0.0,0,0
0.0,0.0,0.0,0.0,0.0,0.0,0.0,0.0,0,0
0.0,0.0,0.0,0.0,0.0,0.0,0.0,0.0,0,0
0.0,0.0,0.0,0.0,0.0,0.0,0.0,0.0,0,0
0.0,0.0,0.0,0.0,0.0,0.0,0.0,0.0,0,0
0.0,0.0,0.0,0.0,0.0,0.0,0.0,0.0,0,0
0.0,0.0,0.0,0.0,0.0,0.0,0.0,0.0,0,0
0.0,0.0,0.0,0.0,0.0,0.0,0.0,0.0,0,0
0.0,0.0,0.0,0.0,0.0,0.0,0.0,0.0,0,0
0.0,0.0,0.0,0.0,0.0,0.0,0.0,0.0,0,0
0.0,0.0,0.0,0.0,0.0,0.0,0.0,0.0,0,0
0.0,0.0,0.0,0.0,0.0,0.0,0.0,0.0,0,0
1870453.541719665,200000.00000000003,7936.507936507936,1662517.0337831571,500000000.0,500000000.0,1000000000.0,1000000000.0,35,35
0.0,200000.00000000003,0.0,-200000.00000000003,0.0,0.0,0.0,1000000000.0,0,0
2168891.6018752623,200000.0,7936.507936507938,1960955.0939387544,500000000.0,500000000.00000006,1000000000.0,1000000000.0,36,36
0.0,200000.0,0.0,-200000.0,0.0,0.0,0.0,1000000000.0,0,0
0.0,0.0,0.0,0.0,0.0,0.0,0.0,0.0,0,0
0.0,0.0,0.0,0.0,0.0,0.0,0.0,0.0,0,0
0.0,0.0,0.0,0.0,0.0,0.0,0.0,0.0,0,0
0.0,0.0,0.0,0.0,0.0,0.0,0.0,0.0,0,0
0.0,0.0,0.0,0.0,0.0,0.0,0.0,0.0,0,0
0.0,0.0,0.0,0.0,0.0,0.0,0.0,0.0,0,0
0.0,0.0,0.0,0.0,0.0,0.0,0.0,0.0,0,0
0.0,0.0,0.0,0.0,0.0,0.0,0.0,0.0,0,0
0.0,0.0,0.0,0.0,0.0,0.0,0.0,0.0,0,0
0.0,0.0,0.0,0.0,0.0,0.0,0.0,0.0,0,0
809139.0664811583,200000.0,7936.507936507938,601202.5585446503,500000000.0,500000000.00000006,1000000000.0,1000000000.0000001,35,35
721160.8710512023,399999.99999999994,7936.507936507938,313224.3631146944,499999999.99999994,500000000.0,1000000000.0,1280486979.7903461,35,35
0.0,200000.00000000003,0.0,-200000.00000000003,0.0,0.0,0.0,999999999.9999999,0,0
0.0,0.0,0.0,0.0,0.0,0.0,0.0,0.0,0,0
2149396.678007619,200000.00000000003,7936.507936507933,1941460.170071111,500000000.00000006,499999999.99999994,1000000000.0,1000000000.0,35,35
4098458.5783331306,400000.0000000003,7936.507936507935,3690522.070396622,500000000.00000006,500000000.00000006,1000000000.0000001,1323959817.2833142,35,35
494872.8466619794,406596.6929060369,7936.507936507935,80339.64581943455,500000000.00000006,500000000.0,1000000000.0,1164084616.2476654,35,35
-2650089.5042464156,399999.9999999997,7936.507936507937,-3058026.012182923,500000000.00000006,500000000.00000006,1000000000.0000001,1258100224.3774536,35,35
2998699.146493186,400000.0000000001,7936.507936507936,2590762.638556678,500000000.0,500000000.0,1000000000.0,1357279664.0513701,35,35
0.0,199999.99999999997,0.0,-199999.99999999997,0.0,0.0,0.0,1000000000.0,0,0
3771176.5316753294,200000.0,7936.507936507936,3563240.0237388215,499999999.99999994,500000000.0,1000000000.0,1000000000.0,35,35
0.0,200000.0,0.0,-200000.0,0.0,0.0,0.0,1000000000.0,0,0
2015221.704141812,199999.99999999997,7936.5079365079355,1807285.196205304,500000000.0,500000000.0,1000000000.0,1000000000.0,34,34
1414123.2481474623,408977.68825982086,7936.5079365079355,997209.0519511334,500000000.00000006,500000000.0,1000000000.0,1569872290.712989,34,34
1557364.6979024499,405895.9469679623,7936.507936507937,1143532.2429979797,500000000.0,500000000.00000006,1000000000.0,1375136591.0713227,33,33
0.0,199999.99999999997,0.0,-199999.99999999997,0.0,0.0,0.0,1000000000.0,0,0
-2089079.145291616,200000.00000000003,7936.507936507934,-2297015.653228124,500000000.00000006,500000000.0,1000000000.0,1000000000.0,32,32
1204638.2890312131,419154.8316703565,7936.5079365079355,777546.9494243488,500000000.0,500000000.0,1000000000.0,1460806799.3982365,32,32
0.0,200000.00000000003,0.0,-200000.00000000003,0.0,0.0,0.0,1000000000.0,0,0
-2379281.5668920386,200000.0,7936.507936507935,-2587218.0748285465,499999999.99999994,499999999.99999994,999999999.9999999,999999999.9999999,33,33
425257.2166596712,400000.00000000006,7936.507936507939,17320.70872316322,499999999.99999994,500000000.0,1000000000.0,1520101809.441976,31,31
0.0,199999.99999999997,0.0,-199999.99999999997,0.0,0.0,0.0,1000000000.0,0,0
0.0,0.0,0.0,0.0,0.0,0.0,0.0,0.0,0,0
-523035.7222257445,200000.00000000003,7936.5079365079355,-730972.2301622524,500000000.0,499999999.99999994,1000000000.0,1000000000.0,34,34
0.0,200000.00000000003,0.0,-200000.00000000003,0.0,0.0,0.0,1000000000.0,0,0
0.0,0.0,0.0,0.0,0.0,0.0,0.0,0.0,0,0
-2085385.4956809748,200000.00000000012,7936.5079365079355,-2293322.0036174827,500000000.00000006,500000000.0,1000000000.0,1000000000.0,33,33
0.0,200000.00000000012,0.0,-200000.00000000012,0.0,0.0,0.0,1000000000.0,0,0
0.0,0.0,0.0,0.0,0.0,0.0,0.0,0.0,0,0
0.0,0.0,0.0,0.0,0.0,0.0,0.0,0.0,0,0
0.0,0.0,0.0,0.0,0.0,0.0,0.0,0.0,0,0
666292.6115936687,200000.0,7936.5079365079355,458356.10365716077,500000000.0,500000000.0,1000000000.0,1000000000.0,35,35
0.0,200000.0,0.0,-200000.0,0.0,0.0,0.0,1000000000.0,0,0
0.0,0.0,0.0,0.0,0.0,0.0,0.0,0.0,0,0
0.0,0.0,0.0,0.0,0.0,0.0,0.0,0.0,0,0
0.0,0.0,0.0,0.0,0.0,0.0,0.0,0.0,0,0
0.0,0.0,0.0,0.0,0.0,0.0,0.0,0.0,0,0
0.0,0.0,0.0,0.0,0.0,0.0,0.0,0.0,0,0
0.0,0.0,0.0,0.0,0.0,0.0,0.0,0.0,0,0
0.0,0.0,0.0,0.0,0.0,0.0,0.0,0.0,0,0
0.0,0.0,0.0,0.0,0.0,0.0,0.0,0.0,0,0
0.0,0.0,0.0,0.0,0.0,0.0,0.0,0.0,0,0
0.0,0.0,0.0,0.0,0.0,0.0,0.0,0.0,0,0
-875718.8116074442,200000.0,7936.507936507934,-1083655.3195439521,500000000.0,500000000.0,1000000000.0,1000000000.0,34,34
1714776.927788191,399999.99999999994,7936.507936507937,1306840.419851683,500000000.0,500000000.00000006,1000000000.0,1408647469.4049256,34,34
0.0,200000.00000000006,0.0,-200000.00000000006,0.0,0.0,0.0,1000000000.0,0,0
0.0,0.0,0.0,0.0,0.0,0.0,0.0,0.0,0,0
0.0,0.0,0.0,0.0,0.0,0.0,0.0,0.0,0,0
0.0,0.0,0.0,0.0,0.0,0.0,0.0,0.0,0,0
45633.92057458221,200000.00000000003,7936.5079365079355,-162302.58736192575,499999999.9999999,500000000.0,999999999.9999999,999999999.9999999,34,34
0.0,200000.00000000003,0.0,-200000.00000000003,0.0,0.0,0.0,999999999.9999999,0,0
0.0,0.0,0.0,0.0,0.0,0.0,0.0,0.0,0,0
951885.3411133703,200000.00000000003,7936.507936507937,743948.8331768623,500000000.00000006,500000000.0,1000000000.0,1000000000.0000001,33,33
1142812.7906605892,404576.237630972,7936.507936507936,730300.0450931094,500000000.0,500000000.00000006,1000000000.0,1229298506.8564618,33,33
0.0,200000.00000000003,0.0,-200000.00000000003,0.0,0.0,0.0,1000000000.0,0,0
0.0,0.0,0.0,0.0,0.0,0.0,0.0,0.0,0,0
0.0,0.0,0.0,0.0,0.0,0.0,0.0,0.0,0,0
0.0,0.0,0.0,0.0,0.0,0.0,0.0,0.0,0,0
389085.63448030583,200000.0,7936.507936507937,181149.1265437979,499999999.99999994,500000000.0,1000000000.0,999999999.9999999,33,33
872258.0481733929,399999.9999999997,7936.5079365079355,464321.54023688525,500000000.00000006,500000000.0,1000000000.0,1367564187.7919533,33,33
-222626.11560173015,399999.99999999994,7936.5079365079355,-630562.623538238,500000000.0,500000000.0,1000000000.0,1476633036.9059563,33,33
1176289.0657623026,400000.0,7936.507936507938,768352.5578257947,500000000.0,499999999.99999994,1000000000.0,1381884414.3616462,33,33
0.0,200000.00000000003,0.0,-200000.00000000003,0.0,0.0,0.0,1000000000.0,0,0
0.0,0.0,0.0,0.0,0.0,0.0,0.0,0.0,0,0
0.0,0.0,0.0,0.0,0.0,0.0,0.0,0.0,0,0
0.0,0.0,0.0,0.0,0.0,0.0,0.0,0.0,0,0
0.0,0.0,0.0,0.0,0.0,0.0,0.0,0.0,0,0
838953.1317418069,200000.00000000006,7936.507936507937,631016.6238052989,500000000.00000006,500000000.0,1000000000.0,1000000000.0000001,34,34
-5023467.030774151,400000.0,7936.507936507937,-5431403.538710659,499999999.99999994,500000000.00000006,1000000000.0,1416688730.8594575,34,34
1103737.0584382245,399999.9999999998,7936.507936507938,695800.5505017168,500000000.0,500000000.00000006,1000000000.0,1255217572.0376017,34,34
2878406.8494705497,400000.0,7936.507936507934,2470470.341534042,500000000.00000006,500000000.0,1000000000.0,1322285592.0347729,34,34
0.0,199999.99999999997,0.0,-199999.99999999997,0.0,0.0,0.0,1000000000.0,0,0
0.0,0.0,0.0,0.0,0.0,0.0,0.0,0.0,0,0
0.0,0.0,0.0,0.0,0.0,0.0,0.0,0.0,0,0
-273166.05679507734,199999.99999999997,7936.5079365079355,-481102.5647315852,500000000.0,500000000.00000006,1000000000.0,1000000000.0000001,33,33
0.0,199999.99999999997,0.0,-199999.99999999997,0.0,0.0,0.0,1000000000.0000001,0,0
2170492.105819575,199999.99999999994,7936.507936507936,1962555.597883067,500000000.0,500000000.0,1000000000.0,1000000000.0,33,33
0.0,199999.99999999994,0.0,-199999.99999999994,0.0,0.0,0.0,1000000000.0,0,0
0.0,0.0,0.0,0.0,0.0,0.0,0.0,0.0,0,0
0.0,0.0,0.0,0.0,0.0,0.0,0.0,0.0,0,0
1204641.4153221613,200000.0000000001,7936.507936507935,996704.9073856532,500000000.0,500000000.0,1000000000.0,1000000000.0,32,32
0.0,200000.0000000001,0.0,-200000.0000000001,0.0,0.0,0.0,1000000000.0,0,0
0.0,0.0,0.0,0.0,0.0,0.0,0.0,0.0,0,0
0.0,0.0,0.0,0.0,0.0,0.0,0.0,0.0,0,0
-39647.82661310376,200000.0000000001,7936.507936507939,-247584.33454961178,499999999.99999994,500000000.0000001,1000000000.0,1000000000.0000001,29,29
0.0,200000.0000000001,0.0,-200000.0000000001,0.0,0.0,0.0,1000000000.0000001,0,0
0.0,0.0,0.0,0.0,0.0,0.0,0.0,0.0,0,0
-2644379.9102512714,200000.00000000003,7936.507936507936,-2852316.4181877794,500000000.0,499999999.99999994,1000000000.0,1000000000.0,33,33
3101819.543364077,399999.9999999999,7936.507936507935,2693883.035427569,500000000.0000001,500000000.0,1000000000.0000001,1200526119.7625542,33,33
0.0,200000.00000000006,0.0,-200000.00000000006,0.0,0.0,0.0,1000000000.0000001,0,0
0.0,0.0,0.0,0.0,0.0,0.0,0.0,0.0,0,0
0.0,0.0,0.0,0.0,0.0,0.0,0.0,0.0,0,0
0.0,0.0,0.0,0.0,0.0,0.0,0.0,0.0,0,0
0.0,0.0,0.0,0.0,0.0,0.0,0.0,0.0,0,0
0.0,0.0,0.0,0.0,0.0,0.0,0.0,0.0,0,0
0.0,0.0,0.0,0.0,0.0,0.0,0.0,0.0,0,0
0.0,0.0,0.0,0.0,0.0,0.0,0.0,0.0,0,0
0.0,0.0,0.0,0.0,0.0,0.0,0.0,0.0,0,0
0.0,0.0,0.0,0.0,0.0,0.0,0.0,0.0,0,0
0.0,0.0,0.0,0.0,0.0,0.0,0.0,0.0,0,0
0.0,0.0,0.0,0.0,0.0,0.0,0.0,0.0,0,0
0.0,0.0,0.0,0.0,0.0,0.0,0.0,0.0,0,0
0.0,0.0,0.0,0.0,0.0,0.0,0.0,0.0,0,0
0.0,0.0,0.0,0.0,0.0,0.0,0.0,0.0,0,0
0.0,0.0,0.0,0.0,0.0,0.0,0.0,0.0,0,0
0.0,0.0,0.0,0.0,0.0,0.0,0.0,0.0,0,0
0.0,0.0,0.0,0.0,0.0,0.0,0.0,0.0,0,0
0.0,0.0,0.0,0.0,0.0,0.0,0.0,0.0,0,0
0.0,0.0,0.0,0.0,0.0,0.0,0.0,0.0,0,0
1937.4983072785253,200000.0,7936.507936507938,-205999.0096292294,500000000.0,500000000.00000006,1000000000.0,1000000000.0,32,32
18272.552934042542,399999.9999999998,7936.507936507938,-389663.9550024652,500000000.00000006,500000000.0,1000000000.0,1245104886.704376,32,32
0.0,200000.00000000003,0.0,-200000.00000000003,0.0,0.0,0.0,1000000000.0000001,0,0
0.0,0.0,0.0,0.0,0.0,0.0,0.0,0.0,0,0
0.0,0.0,0.0,0.0,0.0,0.0,0.0,0.0,0,0
0.0,0.0,0.0,0.0,0.0,0.0,0.0,0.0,0,0
0.0,0.0,0.0,0.0,0.0,0.0,0.0,0.0,0,0
438488.93649342377,200000.00000000006,7936.507936507938,230552.42855691578,499999999.99999994,500000000.0000001,1000000000.0,1000000000.0000001,31,31
0.0,200000.00000000006,0.0,-200000.00000000006,0.0,0.0,0.0,1000000000.0000001,0,0
0.0,0.0,0.0,0.0,0.0,0.0,0.0,0.0,0,0
0.0,0.0,0.0,0.0,0.0,0.0,0.0,0.0,0,0
-1189253.3628001874,199999.99999999994,7936.507936507934,-1397189.8707366954,500000000.0,500000000.00000006,1000000000.0,1000000000.0,33,33
1577531.8390413779,400000.00000000023,7936.5079365079355,1169595.3311048697,500000000.0,500000000.0,1000000000.0,1453368133.072332,33,33
-247818.688934621,400000.0000000003,7936.507936507939,-655755.1968711292,500000000.0,500000000.00000006,1000000000.0,1125051420.744228,33,33
0.0,200000.00000000003,0.0,-200000.00000000003,0.0,0.0,0.0,1000000000.0,0,0
-2340104.510881134,199999.99999999994,7936.5079365079355,-2548041.018817642,499999999.99999994,500000000.0,1000000000.0,999999999.9999999,33,33
391597.1319211293,400000.00000000006,7936.507936507938,-16339.376015378695,500000000.0,500000000.0,1000000000.0,1330025180.6195536,33,33
0.0,199999.99999999997,0.0,-199999.99999999997,0.0,0.0,0.0,1000000000.0,0,0
0.0,0.0,0.0,0.0,0.0,0.0,0.0,0.0,0,0
0.0,0.0,0.0,0.0,0.0,0.0,0.0,0.0,0,0
0.0,0.0,0.0,0.0,0.0,0.0,0.0,0.0,0,0
0.0,0.0,0.0,0.0,0.0,0.0,0.0,0.0,0,0
-480926.6280372825,200000.00000000003,7936.507936507936,-688863.1359737904,499999999.99999994,500000000.0,1000000000.0,1000000000.0,34,34
0.0,200000.00000000003,0.0,-200000.00000000003,0.0,0.0,0.0,1000000000.0,0,0
0.0,0.0,0.0,0.0,0.0,0.0,0.0,0.0,0,0
0.0,0.0,0.0,0.0,0.0,0.0,0.0,0.0,0,0
0.0,0.0,0.0,0.0,0.0,0.0,0.0,0.0,0,0
0.0,0.0,0.0,0.0,0.0,0.0,0.0,0.0,0,0
-3321358.0802088804,200000.00000000003,7936.507936507937,-3529294.5881453883,499999999.99999994,500000000.00000006,1000000000.0,1000000000.0,34,34
2286893.580975329,400000.00000000006,7936.507936507938,1878957.073038821,500000000.0,500000000.00000006,1000000000.0,1404566897.5062258,34,34
0.0,200000.00000000012,0.0,-200000.00000000012,0.0,0.0,0.0,1000000000.0000001,0,0
0.0,0.0,0.0,0.0,0.0,0.0,0.0,0.0,0,0
0.0,0.0,0.0,0.0,0.0,0.0,0.0,0.0,0,0
0.0,0.0,0.0,0.0,0.0,0.0,0.0,0.0,0,0
0.0,0.0,0.0,0.0,0.0,0.0,0.0,0.0,0,0
0.0,0.0,0.0,0.0,0.0,0.0,0.0,0.0,0,0
0.0,0.0,0.0,0.0,0.0,0.0,0.0,0.0,0,0
0.0,0.0,0.0,0.0,0.0,0.0,0.0,0.0,0,0
0.0,0.0,0.0,0.0,0.0,0.0,0.0,0.0,0,0
0.0,0.0,0.0,0.0,0.0,0.0,0.0,0.0,0,0
0.0,0.0,0.0,0.0,0.0,0.0,0.0,0.0,0,0
0.0,0.0,0.0,0.0,0.0,0.0,0.0,0.0,0,0
0.0,0.0,0.0,0.0,0.0,0.0,0.0,0.0,0,0
0.0,0.0,0.0,0.0,0.0,0.0,0.0,0.0,0,0
0.0,0.0,0.0,0.0,0.0,0.0,0.0,0.0,0,0
0.0,0.0,0.0,0.0,0.0,0.0,0.0,0.0,0,0
0.0,0.0,0.0,0.0,0.0,0.0,0.0,0.0,0,0
0.0,0.0,0.0,0.0,0.0,0.0,0.0,0.0,0,0
0.0,0.0,0.0,0.0,0.0,0.0,0.0,0.0,0,0
0.0,0.0,0.0,0.0,0.0,0.0,0.0,0.0,0,0
0.0,0.0,0.0,0.0,0.0,0.0,0.0,0.0,0,0
0.0,0.0,0.0,0.0,0.0,0.0,0.0,0.0,0,0
0.0,0.0,0.0,0.0,0.0,0.0,0.0,0.0,0,0
0.0,0.0,0.0,0.0,0.0,0.0,0.0,0.0,0,0
0.0,0.0,0.0,0.0,0.0,0.0,0.0,0.0,0,0
0.0,0.0,0.0,0.0,0.0,0.0,0.0,0.0,0,0
0.0,0.0,0.0,0.0,0.0,0.0,0.0,0.0,0,0
0.0,0.0,0.0,0.0,0.0,0.0,0.0,0.0,0,0
0.0,0.0,0.0,0.0,0.0,0.0,0.0,0.0,0,0
0.0,0.0,0.0,0.0,0.0,0.0,0.0,0.0,0,0
-1225724.7724873717,200000.00000000003,7936.5079365079355,-1433661.2804238796,500000000.0,500000000.0,1000000000.0,1000000000.0,34,34
0.0,200000.00000000003,0.0,-200000.00000000003,0.0,0.0,0.0,1000000000.0,0,0
-4266108.585723083,199999.99999999994,7936.507936507935,-4474045.093659591,500000000.0,499999999.99999994,1000000000.0,999999999.9999999,33,33
0.0,199999.99999999994,0.0,-199999.99999999994,0.0,0.0,0.0,999999999.9999999,0,0
0.0,0.0,0.0,0.0,0.0,0.0,0.0,0.0,0,0
-2482448.9560127202,200000.00000000003,7936.5079365079355,-2690385.463949228,500000000.00000006,500000000.0,1000000000.0,1000000000.0000001,34,34
2010.789866932275,401278.39804796426,7936.5079365079355,-407204.11611753993,500000000.0,500000000.0,1000000000.0,1330395670.9095519,33,33
575992.8248804343,401278.39804796426,7936.507936507937,166777.91889596212,500000000.0,500000000.0,1000000000.0,1383744459.7621953,33,33
0.0,200000.00000000003,0.0,-200000.00000000003,0.0,0.0,0.0,1000000000.0,0,0
1552293.5973504435,200000.0,7936.507936507935,1344357.0894139356,500000000.0,499999999.99999994,1000000000.0,1000000000.0,33,33
0.0,200000.0,0.0,-200000.0,0.0,0.0,0.0,1000000000.0,0,0
-149210.66133616515,200000.0,7936.507936507934,-357147.1692726731,500000000.0,499999999.99999994,1000000000.0,1000000000.0,34,34
0.0,200000.0,0.0,-200000.0,0.0,0.0,0.0,1000000000.0,0,0
0.0,0.0,0.0,0.0,0.0,0.0,0.0,0.0,0,0
0.0,0.0,0.0,0.0,0.0,0.0,0.0,0.0,0,0
0.0,0.0,0.0,0.0,0.0,0.0,0.0,0.0,0,0
0.0,0.0,0.0,0.0,0.0,0.0,0.0,0.0,0,0
0.0,0.0,0.0,0.0,0.0,0.0,0.0,0.0,0,0
0.0,0.0,0.0,0.0,0.0,0.0,0.0,0.0,0,0
0.0,0.0,0.0,0.0,0.0,0.0,0.0,0.0,0,0
0.0,0.0,0.0,0.0,0.0,0.0,0.0,0.0,0,0
0.0,0.0,0.0,0.0,0.0,0.0,0.0,0.0,0,0
0.0,0.0,0.0,0.0,0.0,0.0,0.0,0.0,0,0
-102345.8741140049,200000.0,7936.5079365079355,-310282.3820505128,500000000.0,500000000.0,1000000000.0,1000000000.0,36,36
0.0,200000.0,0.0,-200000.0,0.0,0.0,0.0,1000000000.0,0,0
0.0,0.0,0.0,0.0,0.0,0.0,0.0,0.0,0,0
0.0,0.0,0.0,0.0,0.0,0.0,0.0,0.0,0,0
0.0,0.0,0.0,0.0,0.0,0.0,0.0,0.0,0,0
0.0,0.0,0.0,0.0,0.0,0.0,0.0,0.0,0,0
0.0,0.0,0.0,0.0,0.0,0.0,0.0,0.0,0,0
942846.9718321271,199999.99999999994,7936.5079365079355,734910.4638956191,500000000.00000006,500000000.0,1000000000.0,1000000000.0000001,36,36
0.0,199999.99999999994,0.0,-199999.99999999994,0.0,0.0,0.0,1000000000.0000001,0,0
17964.235943245334,200000.00000000003,7936.5079365079355,-189972.27199326264,499999999.99999994,500000000.0,1000000000.0,1000000000.0,35,35
0.0,200000.00000000003,0.0,-200000.00000000003,0.0,0.0,0.0,1000000000.0,0,0
1981671.2667605386,200000.00000000003,7936.5079365079355,1773734.7588240306,500000000.00000006,499999999.99999994,1000000000.0,1000000000.0,34,34
0.0,200000.00000000003,0.0,-200000.00000000003,0.0,0.0,0.0,1000000000.0,0,0
0.0,0.0,0.0,0.0,0.0,0.0,0.0,0.0,0,0
0.0,0.0,0.0,0.0,0.0,0.0,0.0,0.0,0,0
0.0,0.0,0.0,0.0,0.0,0.0,0.0,0.0,0,0
0.0,0.0,0.0,0.0,0.0,0.0,0.0,0.0,0,0
0.0,0.0,0.0,0.0,0.0,0.0,0.0,0.0,0,0
4937468.424246018,199999.99999999997,7936.507936507939,4729531.916309509,499999999.99999994,500000000.00000006,1000000000.0,1000000000.0,32,32
0.0,199999.99999999997,0.0,-199999.99999999997,0.0,0.0,0.0,1000000000.0,0,0
0.0,0.0,0.0,0.0,0.0,0.0,0.0,0.0,0,0
0.0,0.0,0.0,0.0,0.0,0.0,0.0,0.0,0,0
0.0,0.0,0.0,0.0,0.0,0.0,0.0,0.0,0,0
0.0,0.0,0.0,0.0,0.0,0.0,0.0,0.0,0,0
0.0,0.0,0.0,0.0,0.0,0.0,0.0,0.0,0,0
0.0,0.0,0.0,0.0,0.0,0.0,0.0,0.0,0,0
0.0,0.0,0.0,0.0,0.0,0.0,0.0,0.0,0,0
0.0,0.0,0.0,0.0,0.0,0.0,0.0,0.0,0,0
0.0,0.0,0.0,0.0,0.0,0.0,0.0,0.0,0,0
0.0,0.0,0.0,0.0,0.0,0.0,0.0,0.0,0,0
0.0,0.0,0.0,0.0,0.0,0.0,0.0,0.0,0,0
0.0,0.0,0.0,0.0,0.0,0.0,0.0,0.0,0,0
0.0,0.0,0.0,0.0,0.0,0.0,0.0,0.0,0,0
0.0,0.0,0.0,0.0,0.0,0.0,0.0,0.0,0,0
0.0,0.0,0.0,0.0,0.0,0.0,0.0,0.0,0,0
0.0,0.0,0.0,0.0,0.0,0.0,0.0,0.0,0,0
0.0,0.0,0.0,0.0,0.0,0.0,0.0,0.0,0,0
0.0,0.0,0.0,0.0,0.0,0.0,0.0,0.0,0,0
0.0,0.0,0.0,0.0,0.0,0.0,0.0,0.0,0,0
0.0,0.0,0.0,0.0,0.0,0.0,0.0,0.0,0,0
0.0,0.0,0.0,0.0,0.0,0.0,0.0,0.0,0,0
0.0,0.0,0.0,0.0,0.0,0.0,0.0,0.0,0,0
0.0,0.0,0.0,0.0,0.0,0.0,0.0,0.0,0,0
0.0,0.0,0.0,0.0,0.0,0.0,0.0,0.0,0,0
0.0,0.0,0.0,0.0,0.0,0.0,0.0,0.0,0,0
0.0,0.0,0.0,0.0,0.0,0.0,0.0,0.0,0,0
0.0,0.0,0.0,0.0,0.0,0.0,0.0,0.0,0,0
0.0,0.0,0.0,0.0,0.0,0.0,0.0,0.0,0,0
0.0,0.0,0.0,0.0,0.0,0.0,0.0,0.0,0,0
0.0,0.0,0.0,0.0,0.0,0.0,0.0,0.0,0,0
0.0,0.0,0.0,0.0,0.0,0.0,0.0,0.0,0,0
0.0,0.0,0.0,0.0,0.0,0.0,0.0,0.0,0,0
0.0,0.0,0.0,0.0,0.0,0.0,0.0,0.0,0,0
0.0,0.0,0.0,0.0,0.0,0.0,0.0,0.0,0,0
0.0,0.0,0.0,0.0,0.0,0.0,0.0,0.0,0,0
0.0,0.0,0.0,0.0,0.0,0.0,0.0,0.0,0,0
0.0,0.0,0.0,0.0,0.0,0.0,0.0,0.0,0,0
0.0,0.0,0.0,0.0,0.0,0.0,0.0,0.0,0,0
0.0,0.0,0.0,0.0,0.0,0.0,0.0,0.0,0,0
0.0,0.0,0.0,0.0,0.0,0.0,0.0,0.0,0,0
0.0,0.0,0.0,0.0,0.0,0.0,0.0,0.0,0,0
0.0,0.0,0.0,0.0,0.0,0.0,0.0,0.0,0,0
0.0,0.0,0.0,0.0,0.0,0.0,0.0,0.0,0,0
0.0,0.0,0.0,0.0,0.0,0.0,0.0,0.0,0,0
0.0,0.0,0.0,0.0,0.0,0.0,0.0,0.0,0,0
0.0,0.0,0.0,0.0,0.0,0.0,0.0,0.0,0,0
0.0,0.0,0.0,0.0,0.0,0.0,0.0,0.0,0,0
0.0,0.0,0.0,0.0,0.0,0.0,0.0,0.0,0,0
0.0,0.0,0.0,0.0,0.0,0.0,0.0,0.0,0,0
0.0,0.0,0.0,0.0,0.0,0.0,0.0,0.0,0,0
0.0,0.0,0.0,0.0,0.0,0.0,0.0,0.0,0,0
0.0,0.0,0.0,0.0,0.0,0.0,0.0,0.0,0,0
0.0,0.0,0.0,0.0,0.0,0.0,0.0,0.0,0,0
0.0,0.0,0.0,0.0,0.0,0.0,0.0,0.0,0,0
0.0,0.0,0.0,0.0,0.0,0.0,0.0,0.0,0,0
0.0,0.0,0.0,0.0,0.0,0.0,0.0,0.0,0,0
0.0,0.0,0.0,0.0,0.0,0.0,0.0,0.0,0,0
0.0,0.0,0.0,0.0,0.0,0.0,0.0,0.0,0,0
0.0,0.0,0.0,0.0,0.0,0.0,0.0,0.0,0,0
0.0,0.0,0.0,0.0,0.0,0.0,0.0,0.0,0,0
0.0,0.0,0.0,0.0,0.0,0.0,0.0,0.0,0,0
0.0,0.0,0.0,0.0,0.0,0.0,0.0,0.0,0,0
0.0,0.0,0.0,0.0,0.0,0.0,0.0,0.0,0,0
0.0,0.0,0.0,0.0,0.0,0.0,0.0,0.0,0,0
0.0,0.0,0.0,0.0,0.0,0.0,0.0,0.0,0,0
0.0,0.0,0.0,0.0,0.0,0.0,0.0,0.0,0,0
0.0,0.0,0.0,0.0,0.0,0.0,0.0,0.0,0,0
0.0,0.0,0.0,0.0,0.0,0.0,0.0,0.0,0,0
0.0,0.0,0.0,0.0,0.0,0.0,0.0,0.0,0,0
0.0,0.0,0.0,0.0,0.0,0.0,0.0,0.0,0,0
0.0,0.0,0.0,0.0,0.0,0.0,0.0,0.0,0,0
0.0,0.0,0.0,0.0,0.0,0.0,0.0,0.0,0,0
0.0,0.0,0.0,0.0,0.0,0.0,0.0,0.0,0,0
0.0,0.0,0.0,0.0,0.0,0.0,0.0,0.0,0,0
0.0,0.0,0.0,0.0,0.0,0.0,0.0,0.0,0,0
0.0,0.0,0.0,0.0,0.0,0.0,0.0,0.0,0,0
0.0,0.0,0.0,0.0,0.0,0.0,0.0,0.0,0,0
0.0,0.0,0.0,0.0,0.0,0.0,0.0,0.0,0,0
0.0,0.0,0.0,0.0,0.0,0.0,0.0,0.0,0,0
0.0,0.0,0.0,0.0,0.0,0.0,0.0,0.0,0,0
0.0,0.0,0.0,0.0,0.0,0.0,0.0,0.0,0,0
0.0,0.0,0.0,0.0,0.0,0.0,0.0,0.0,0,0
0.0,0.0,0.0,0.0,0.0,0.0,0.0,0.0,0,0
0.0,0.0,0.0,0.0,0.0,0.0,0.0,0.0,0,0
0.0,0.0,0.0,0.0,0.0,0.0,0.0,0.0,0,0
0.0,0.0,0.0,0.0,0.0,0.0,0.0,0.0,0,0
0.0,0.0,0.0,0.0,0.0,0.0,0.0,0.0,0,0
0.0,0.0,0.0,0.0,0.0,0.0,0.0,0.0,0,0
0.0,0.0,0.0,0.0,0.0,0.0,0.0,0.0,0,0
0.0,0.0,0.0,0.0,0.0,0.0,0.0,0.0,0,0
0.0,0.0,0.0,0.0,0.0,0.0,0.0,0.0,0,0
0.0,0.0,0.0,0.0,0.0,0.0,0.0,0.0,0,0
0.0,0.0,0.0,0.0,0.0,0.0,0.0,0.0,0,0
0.0,0.0,0.0,0.0,0.0,0.0,0.0,0.0,0,0
0.0,0.0,0.0,0.0,0.0,0.0,0.0,0.0,0,0
0.0,0.0,0.0,0.0,0.0,0.0,0.0,0.0,0,0
0.0,0.0,0.0,0.0,0.0,0.0,0.0,0.0,0,0
0.0,0.0,0.0,0.0,0.0,0.0,0.0,0.0,0,0
0.0,0.0,0.0,0.0,0.0,0.0,0.0,0.0,0,0
0.0,0.0,0.0,0.0,0.0,0.0,0.0,0.0,0,0
0.0,0.0,0.0,0.0,0.0,0.0,0.0,0.0,0,0
0.0,0.0,0.0,0.0,0.0,0.0,0.0,0.0,0,0
0.0,0.0,0.0,0.0,0.0,0.0,0.0,0.0,0,0
0.0,0.0,0.0,0.0,0.0,0.0,0.0,0.0,0,0
0.0,0.0,0.0,0.0,0.0,0.0,0.0,0.0,0,0
-1176267.7369962481,200000.00000000006,7936.507936507935,-1384204.244932756,500000000.00000006,500000000.0,1000000000.0,1000000000.0,38,38
0.0,200000.00000000006,0.0,-200000.00000000006,0.0,0.0,0.0,1000000000.0,0,0
0.0,0.0,0.0,0.0,0.0,0.0,0.0,0.0,0,0
0.0,0.0,0.0,0.0,0.0,0.0,0.0,0.0,0,0
0.0,0.0,0.0,0.0,0.0,0.0,0.0,0.0,0,0
0.0,0.0,0.0,0.0,0.0,0.0,0.0,0.0,0,0
0.0,0.0,0.0,0.0,0.0,0.0,0.0,0.0,0,0
0.0,0.0,0.0,0.0,0.0,0.0,0.0,0.0,0,0
0.0,0.0,0.0,0.0,0.0,0.0,0.0,0.0,0,0
3139284.162100716,200000.0,7936.507936507934,2931347.654164208,499999999.99999994,500000000.00000006,1000000000.0,1000000000.0,37,37
0.0,200000.0,0.0,-200000.0,0.0,0.0,0.0,1000000000.0,0,0
0.0,0.0,0.0,0.0,0.0,0.0,0.0,0.0,0,0
0.0,0.0,0.0,0.0,0.0,0.0,0.0,0.0,0,0
0.0,0.0,0.0,0.0,0.0,0.0,0.0,0.0,0,0
0.0,0.0,0.0,0.0,0.0,0.0,0.0,0.0,0,0
1906459.2031871763,199999.99999999994,7936.507936507935,1698522.6952506683,500000000.0,500000000.0,1000000000.0,1000000000.0,35,35
0.0,199999.99999999994,0.0,-199999.99999999994,0.0,0.0,0.0,1000000000.0,0,0
0.0,0.0,0.0,0.0,0.0,0.0,0.0,0.0,0,0
0.0,0.0,0.0,0.0,0.0,0.0,0.0,0.0,0,0
0.0,0.0,0.0,0.0,0.0,0.0,0.0,0.0,0,0
0.0,0.0,0.0,0.0,0.0,0.0,0.0,0.0,0,0
0.0,0.0,0.0,0.0,0.0,0.0,0.0,0.0,0,0
0.0,0.0,0.0,0.0,0.0,0.0,0.0,0.0,0,0
0.0,0.0,0.0,0.0,0.0,0.0,0.0,0.0,0,0
3330176.8169939686,200000.0,7936.507936507936,3122240.3090574606,499999999.99999994,500000000.0,1000000000.0,999999999.9999999,35,35
0.0,200000.0,0.0,-200000.0,0.0,0.0,0.0,999999999.9999999,0,0
-2834066.118810016,199999.99999999997,7936.507936507936,-3042002.626746524,499999999.99999994,500000000.00000006,1000000000.0,1000000000.0,37,37
-3310851.504423877,408137.5135384673,7936.507936507938,-3726925.5258988524,499999999.99999994,500000000.0,1000000000.0,1416870940.9852374,37,37
0.0,200000.0000000002,0.0,-200000.0000000002,0.0,0.0,0.0,1000000000.0,0,0
-1373721.736300456,199999.99999999997,7936.507936507936,-1581658.244236964,500000000.00000006,500000000.00000006,1000000000.0000001,1000000000.0000001,37,37
3115477.012021599,400000.00000000006,7936.507936507936,2707540.504085091,500000000.0000001,499999999.99999994,1000000000.0,1164791323.000962,37,37
0.0,200000.00000000003,0.0,-200000.00000000003,0.0,0.0,0.0,1000000000.0000001,0,0
-1143096.3543144048,199999.99999999997,7936.5079365079355,-1351032.8622509127,500000000.00000006,499999999.99999994,1000000000.0,1000000000.0,37,37
-6630697.748564459,399999.99999999994,7936.507936507936,-7038634.256500968,500000000.0,500000000.0,1000000000.0,1227693904.3282185,37,37
-19288641.66195678,402455.3517189297,7936.507936507935,-19699033.521612216,499999999.99999994,500000000.0,1000000000.0,1281607633.8326387,37,37
15233397.56738171,400000.0000000001,7936.507936507936,14825461.059445202,500000000.00000006,500000000.00000006,1000000000.0000001,1319399206.4631262,37,37
4306233.462612854,401961.13773513155,7936.507936507936,3896335.8169412147,499999999.99999994,500000000.0,1000000000.0,1624646507.832629,37,37
670491.1397713599,408174.91875431617,7936.507936507936,254379.71308053576,500000000.00000006,499999999.99999994,1000000000.0,1604306163.388926,37,37
-2562840.4104993073,414462.8614934238,7936.507936507938,-2985239.779929239,499999999.99999994,500000000.0000001,1000000000.0,1585867270.2867436,37,37
-2727249.47087593,406455.93299842975,7936.507936507936,-3141641.911810868,500000000.00000006,500000000.0,1000000000.0,1439460985.367911,37,37
1198455.888540855,407539.18728506524,7936.5079365079355,782980.1933192818,500000000.0000001,499999999.99999994,1000000000.0,1685351771.7414167,37,37
2437815.891416524,410822.6182873244,7936.507936507936,2019056.7651926917,499999999.99999994,499999999.99999994,999999999.9999999,1805752674.040005,37,37
382695.62236192526,415540.9912079031,7936.507936507938,-40781.87678248576,500000000.0,500000000.00000006,1000000000.0,1787526261.6198559,37,37
0.0,199999.99999999997,0.0,-199999.99999999997,0.0,0.0,0.0,1000000000.0,0,0
0.0,0.0,0.0,0.0,0.0,0.0,0.0,0.0,0,0
2592022.8389280136,200000.00000000012,7936.507936507936,2384086.3309915056,500000000.0000001,500000000.0,1000000000.0000001,1000000000.0000001,37,37
-617316.4167549694,428245.99330114387,7936.507936507934,-1053498.9179926212,499999999.99999994,499999999.9999999,999999999.9999998,1910693942.8856843,37,37
-2532044.851936221,428607.0862185016,7936.507936507936,-2968588.4460912305,500000000.0,500000000.00000006,1000000000.0,1895529528.0144374,37,37
-400924.9096276847,409146.0313516458,7936.507936507937,-818007.4489158385,500000000.0,500000000.0000001,1000000000.0000001,1575767252.54243,37,37
0.0,200000.00000000006,0.0,-200000.00000000006,0.0,0.0,0.0,1000000000.0000001,0,0
0.0,0.0,0.0,0.0,0.0,0.0,0.0,0.0,0,0
0.0,0.0,0.0,0.0,0.0,0.0,0.0,0.0,0,0
0.0,0.0,0.0,0.0,0.0,0.0,0.0,0.0,0,0
0.0,0.0,0.0,0.0,0.0,0.0,0.0,0.0,0,0
0.0,0.0,0.0,0.0,0.0,0.0,0.0,0.0,0,0
1079756.2754995134,200000.0000000001,7936.507936507938,871819.7675630053,499999999.99999994,500000000.0,1000000000.0,1000000000.0,37,37
-2773438.205301063,408604.1042409249,7936.507936507936,-3189978.817478496,500000000.0,500000000.0,1000000000.0,1408575512.498105,36,36
4975880.085447065,399999.9999999998,7936.507936507938,4567943.577510556,499999999.99999994,500000000.0,1000000000.0,1387809156.540407,36,36
-2129034.9562351513,401920.9148334477,7936.507936507937,-2538892.379005107,500000000.0000001,500000000.0,1000000000.0000001,1281226956.4778612,36,36
1220084.5304552496,403261.3056890151,7936.5079365079355,808886.7168297266,499999999.99999994,500000000.00000006,1000000000.0,1345809392.4638064,36,36
0.0,199999.99999999994,0.0,-199999.99999999994,0.0,0.0,0.0,1000000000.0,0,0
0.0,0.0,0.0,0.0,0.0,0.0,0.0,0.0,0,0
0.0,0.0,0.0,0.0,0.0,0.0,0.0,0.0,0,0
217048.94215909933,200000.00000000003,7936.507936507936,9112.434222591364,499999999.99999994,500000000.0,1000000000.0,1000000000.0,36,36
0.0,200000.00000000003,0.0,-200000.00000000003,0.0,0.0,0.0,1000000000.0,0,0
0.0,0.0,0.0,0.0,0.0,0.0,0.0,0.0,0,0
0.0,0.0,0.0,0.0,0.0,0.0,0.0,0.0,0,0
0.0,0.0,0.0,0.0,0.0,0.0,0.0,0.0,0,0
0.0,0.0,0.0,0.0,0.0,0.0,0.0,0.0,0,0
0.0,0.0,0.0,0.0,0.0,0.0,0.0,0.0,0,0
1106633.5323703743,200000.00000000003,7936.5079365079355,898697.0244338664,499999999.99999994,499999999.99999994,999999999.9999999,999999999.9999999,36,36
0.0,200000.00000000003,0.0,-200000.00000000003,0.0,0.0,0.0,999999999.9999999,0,0
0.0,0.0,0.0,0.0,0.0,0.0,0.0,0.0,0,0
0.0,0.0,0.0,0.0,0.0,0.0,0.0,0.0,0,0
0.0,0.0,0.0,0.0,0.0,0.0,0.0,0.0,0,0
0.0,0.0,0.0,0.0,0.0,0.0,0.0,0.0,0,0
0.0,0.0,0.0,0.0,0.0,0.0,0.0,0.0,0,0
0.0,0.0,0.0,0.0,0.0,0.0,0.0,0.0,0,0
0.0,0.0,0.0,0.0,0.0,0.0,0.0,0.0,0,0
0.0,0.0,0.0,0.0,0.0,0.0,0.0,0.0,0,0
0.0,0.0,0.0,0.0,0.0,0.0,0.0,0.0,0,0
0.0,0.0,0.0,0.0,0.0,0.0,0.0,0.0,0,0
0.0,0.0,0.0,0.0,0.0,0.0,0.0,0.0,0,0
0.0,0.0,0.0,0.0,0.0,0.0,0.0,0.0,0,0
0.0,0.0,0.0,0.0,0.0,0.0,0.0,0.0,0,0
0.0,0.0,0.0,0.0,0.0,0.0,0.0,0.0,0,0
0.0,0.0,0.0,0.0,0.0,0.0,0.0,0.0,0,0
0.0,0.0,0.0,0.0,0.0,0.0,0.0,0.0,0,0
0.0,0.0,0.0,0.0,0.0,0.0,0.0,0.0,0,0
0.0,0.0,0.0,0.0,0.0,0.0,0.0,0.0,0,0
0.0,0.0,0.0,0.0,0.0,0.0,0.0,0.0,0,0
0.0,0.0,0.0,0.0,0.0,0.0,0.0,0.0,0,0
0.0,0.0,0.0,0.0,0.0,0.0,0.0,0.0,0,0
0.0,0.0,0.0,0.0,0.0,0.0,0.0,0.0,0,0
0.0,0.0,0.0,0.0,0.0,0.0,0.0,0.0,0,0
0.0,0.0,0.0,0.0,0.0,0.0,0.0,0.0,0,0
0.0,0.0,0.0,0.0,0.0,0.0,0.0,0.0,0,0
0.0,0.0,0.0,0.0,0.0,0.0,0.0,0.0,0,0
0.0,0.0,0.0,0.0,0.0,0.0,0.0,0.0,0,0
0.0,0.0,0.0,0.0,0.0,0.0,0.0,0.0,0,0
0.0,0.0,0.0,0.0,0.0,0.0,0.0,0.0,0,0
0.0,0.0,0.0,0.0,0.0,0.0,0.0,0.0,0,0
0.0,0.0,0.0,0.0,0.0,0.0,0.0,0.0,0,0
0.0,0.0,0.0,0.0,0.0,0.0,0.0,0.0,0,0
0.0,0.0,0.0,0.0,0.0,0.0,0.0,0.0,0,0
0.0,0.0,0.0,0.0,0.0,0.0,0.0,0.0,0,0
0.0,0.0,0.0,0.0,0.0,0.0,0.0,0.0,0,0
0.0,0.0,0.0,0.0,0.0,0.0,0.0,0.0,0,0
0.0,0.0,0.0,0.0,0.0,0.0,0.0,0.0,0,0
3026670.856075903,200000.00000000006,7936.5079365079355,2818734.348139395,500000000.0,500000000.0,1000000000.0,1000000000.0,35,35
0.0,200000.00000000006,0.0,-200000.00000000006,0.0,0.0,0.0,1000000000.0,0,0
0.0,0.0,0.0,0.0,0.0,0.0,0.0,0.0,0,0
-1467281.6550660897,200000.00000000015,7936.507936507936,-1675218.1630025979,499999999.99999994,500000000.00000006,1000000000.0,1000000000.0,36,36
3655182.0216993643,401738.2000739192,7936.5079365079355,3245507.313688937,500000000.00000006,499999999.99999994,1000000000.0,1401947243.0498605,36,36
0.0,199999.99999999997,0.0,-199999.99999999997,0.0,0.0,0.0,1000000000.0,0,0
0.0,0.0,0.0,0.0,0.0,0.0,0.0,0.0,0,0
0.0,0.0,0.0,0.0,0.0,0.0,0.0,0.0,0,0
-350249.0774077263,199999.99999999997,7936.507936507936,-558185.5853442342,500000000.00000006,500000000.0,1000000000.0,1000000000.0000001,36,36
0.0,199999.99999999997,0.0,-199999.99999999997,0.0,0.0,0.0,1000000000.0000001,0,0
0.0,0.0,0.0,0.0,0.0,0.0,0.0,0.0,0,0
0.0,0.0,0.0,0.0,0.0,0.0,0.0,0.0,0,0
0.0,0.0,0.0,0.0,0.0,0.0,0.0,0.0,0,0
0.0,0.0,0.0,0.0,0.0,0.0,0.0,0.0,0,0
0.0,0.0,0.0,0.0,0.0,0.0,0.0,0.0,0,0
0.0,0.0,0.0,0.0,0.0,0.0,0.0,0.0,0,0
0.0,0.0,0.0,0.0,0.0,0.0,0.0,0.0,0,0
-103118.38503743823,199999.99999999997,7936.5079365079355,-311054.8929739461,500000000.00000006,500000000.0,1000000000.0,1000000000.0,38,38
0.0,199999.99999999997,0.0,-199999.99999999997,0.0,0.0,0.0,1000000000.0,0,0
-4848947.19776558,200000.00000000006,7936.5079365079355,-5056883.705702089,500000000.0,500000000.0,1000000000.0,1000000000.0,38,38
4231524.468343543,400000.0,7936.507936507936,3823587.960407035,499999999.99999994,499999999.99999994,999999999.9999999,1192776189.6731753,38,38
2463064.0589134716,401134.93340960494,7936.507936507935,2053992.6175673588,500000000.0,500000000.0,1000000000.0,1119116344.7771108,38,38
4896494.082700939,401292.8511742266,7936.507936507942,4487264.723590204,500000000.0,500000000.0000001,1000000000.0000001,891001120.8361351,38,38
1495160.9238622852,399999.9999999999,7936.507936507935,1087224.4159257775,499999999.99999994,499999999.99999994,999999999.9999999,1250743403.6260705,38,38
0.0,200000.00000000003,0.0,-200000.00000000003,0.0,0.0,0.0,999999999.9999999,0,0
-15742458.372215124,199999.99999999997,7936.507936507935,-15950394.880151631,499999999.99999994,499999999.99999994,999999999.9999999,999999999.9999999,38,38
3097824.696920754,405348.7689385406,7936.507936507935,2684539.4200457055,500000000.0,499999999.9999999,999999999.9999999,1399493018.438872,37,37
-2432176.652451714,400000.0000000001,7936.507936507937,-2840113.160388222,500000000.00000006,500000000.00000006,1000000000.0000001,1826043895.441071,37,37
-6482349.581162117,400000.00000000023,7936.5079365079355,-6890286.089098626,500000000.00000006,500000000.00000006,1000000000.0000001,1701907860.8237784,36,36
7501265.119498221,404967.487306984,7936.5079365079355,7088361.124254729,499999999.99999994,500000000.0,1000000000.0,1603152420.2955103,35,35
-6462560.253377051,400000.0,7936.507936507937,-6870496.7613135595,500000000.00000006,499999999.99999994,1000000000.0,1509239096.5081713,36,36
3705727.7810209906,413541.673017554,7936.507936507936,3284249.6000669287,500000000.00000006,500000000.0,1000000000.0,1730330842.4745038,36,36
0.0,200000.00000000003,0.0,-200000.00000000003,0.0,0.0,0.0,1000000000.0,0,0
0.0,0.0,0.0,0.0,0.0,0.0,0.0,0.0,0,0
0.0,0.0,0.0,0.0,0.0,0.0,0.0,0.0,0,0
0.0,0.0,0.0,0.0,0.0,0.0,0.0,0.0,0,0
0.0,0.0,0.0,0.0,0.0,0.0,0.0,0.0,0,0
4522876.010675247,200000.00000000003,7936.5079365079355,4314939.502738738,500000000.0,500000000.00000006,1000000000.0,1000000000.0,35,35
0.0,200000.00000000003,0.0,-200000.00000000003,0.0,0.0,0.0,1000000000.0,0,0
0.0,0.0,0.0,0.0,0.0,0.0,0.0,0.0,0,0
-3766366.391191244,199999.9999999999,7936.507936507933,-3974302.899127752,499999999.9999999,499999999.99999994,999999999.9999998,999999999.9999999,35,35
-7511162.029091684,412444.582150424,7936.5079365079355,-7931543.119178616,500000000.0,499999999.9999999,999999999.9999999,1647087338.157465,37,37
3748658.2598651745,400000.0,7936.507936507936,3340721.7519286666,500000000.0,500000000.0,1000000000.0,1508590273.208471,37,37
614513.4048017702,408526.70156742184,7936.507936507937,198050.19529784046,500000000.0,500000000.0,1000000000.0,1493005068.7985225,36,36
3567834.468309199,405539.82192826306,7936.507936507935,3154358.138444428,500000000.00000006,499999999.99999994,1000000000.0,1634047167.102725,36,36
7472745.066815627,399999.99999999994,7936.5079365079355,7064808.558879118,500000000.00000006,499999999.9999999,1000000000.0,1508595619.247572,37,37
2906480.0397695457,410834.2676194739,7936.507936507938,2487709.264213564,500000000.0,500000000.00000006,1000000000.0,1646671310.008068,38,38
-1961832.3408880862,430557.53705742327,7936.507936507934,-2400326.3858820177,500000000.0,499999999.99999994,1000000000.0,1682224023.4970896,37,37
82198.6681604333,424515.1089445361,7936.5079365079355,-350252.94872061076,500000000.0,500000000.0,1000000000.0,1817549367.8879223,36,36
3670746.571208874,430487.28060391813,7936.507936507935,3232322.782668448,500000000.0,500000000.0,1000000000.0,1683117728.5379062,37,37
0.0,200000.00000000006,0.0,-200000.00000000006,0.0,0.0,0.0,1000000000.0,0,0
-1212859.4579740646,200000.0,7936.5079365079355,-1420795.9659105726,499999999.99999994,500000000.0,1000000000.0,999999999.9999999,37,37
0.0,200000.0,0.0,-200000.0,0.0,0.0,0.0,999999999.9999999,0,0
0.0,0.0,0.0,0.0,0.0,0.0,0.0,0.0,0,0
0.0,0.0,0.0,0.0,0.0,0.0,0.0,0.0,0,0
0.0,0.0,0.0,0.0,0.0,0.0,0.0,0.0,0,0
0.0,0.0,0.0,0.0,0.0,0.0,0.0,0.0,0,0
0.0,0.0,0.0,0.0,0.0,0.0,0.0,0.0,0,0
0.0,0.0,0.0,0.0,0.0,0.0,0.0,0.0,0,0
0.0,0.0,0.0,0.0,0.0,0.0,0.0,0.0,0,0
0.0,0.0,0.0,0.0,0.0,0.0,0.0,0.0,0,0
0.0,0.0,0.0,0.0,0.0,0.0,0.0,0.0,0,0
0.0,0.0,0.0,0.0,0.0,0.0,0.0,0.0,0,0
0.0,0.0,0.0,0.0,0.0,0.0,0.0,0.0,0,0
0.0,0.0,0.0,0.0,0.0,0.0,0.0,0.0,0,0
0.0,0.0,0.0,0.0,0.0,0.0,0.0,0.0,0,0
841306.5867373464,200000.00000000003,7936.507936507936,633370.0788008384,500000000.00000006,499999999.99999994,1000000000.0,1000000000.0,39,39
0.0,200000.00000000003,0.0,-200000.00000000003,0.0,0.0,0.0,1000000000.0,0,0
0.0,0.0,0.0,0.0,0.0,0.0,0.0,0.0,0,0
0.0,0.0,0.0,0.0,0.0,0.0,0.0,0.0,0,0
0.0,0.0,0.0,0.0,0.0,0.0,0.0,0.0,0,0
0.0,0.0,0.0,0.0,0.0,0.0,0.0,0.0,0,0
0.0,0.0,0.0,0.0,0.0,0.0,0.0,0.0,0,0
0.0,0.0,0.0,0.0,0.0,0.0,0.0,0.0,0,0
0.0,0.0,0.0,0.0,0.0,0.0,0.0,0.0,0,0
0.0,0.0,0.0,0.0,0.0,0.0,0.0,0.0,0,0
0.0,0.0,0.0,0.0,0.0,0.0,0.0,0.0,0,0
0.0,0.0,0.0,0.0,0.0,0.0,0.0,0.0,0,0
0.0,0.0,0.0,0.0,0.0,0.0,0.0,0.0,0,0
0.0,0.0,0.0,0.0,0.0,0.0,0.0,0.0,0,0
0.0,0.0,0.0,0.0,0.0,0.0,0.0,0.0,0,0
0.0,0.0,0.0,0.0,0.0,0.0,0.0,0.0,0,0
0.0,0.0,0.0,0.0,0.0,0.0,0.0,0.0,0,0
0.0,0.0,0.0,0.0,0.0,0.0,0.0,0.0,0,0
0.0,0.0,0.0,0.0,0.0,0.0,0.0,0.0,0,0
0.0,0.0,0.0,0.0,0.0,0.0,0.0,0.0,0,0
0.0,0.0,0.0,0.0,0.0,0.0,0.0,0.0,0,0
0.0,0.0,0.0,0.0,0.0,0.0,0.0,0.0,0,0
0.0,0.0,0.0,0.0,0.0,0.0,0.0,0.0,0,0
0.0,0.0,0.0,0.0,0.0,0.0,0.0,0.0,0,0
0.0,0.0,0.0,0.0,0.0,0.0,0.0,0.0,0,0
0.0,0.0,0.0,0.0,0.0,0.0,0.0,0.0,0,0
0.0,0.0,0.0,0.0,0.0,0.0,0.0,0.0,0,0
0.0,0.0,0.0,0.0,0.0,0.0,0.0,0.0,0,0
0.0,0.0,0.0,0.0,0.0,0.0,0.0,0.0,0,0
0.0,0.0,0.0,0.0,0.0,0.0,0.0,0.0,0,0
0.0,0.0,0.0,0.0,0.0,0.0,0.0,0.0,0,0
0.0,0.0,0.0,0.0,0.0,0.0,0.0,0.0,0,0
0.0,0.0,0.0,0.0,0.0,0.0,0.0,0.0,0,0
0.0,0.0,0.0,0.0,0.0,0.0,0.0,0.0,0,0
1408765.2038810556,200000.0000000001,7936.507936507938,1200828.6959445477,500000000.0,500000000.0,1000000000.0,1000000000.0,34,34
6546708.6132519515,400000.0,7936.507936507937,6138772.105315443,499999999.99999994,500000000.0,1000000000.0,1263824859.097798,32,32
0.0,199999.99999999994,0.0,-199999.99999999994,0.0,0.0,0.0,1000000000.0,0,0
0.0,0.0,0.0,0.0,0.0,0.0,0.0,0.0,0,0
0.0,0.0,0.0,0.0,0.0,0.0,0.0,0.0,0,0
0.0,0.0,0.0,0.0,0.0,0.0,0.0,0.0,0,0
0.0,0.0,0.0,0.0,0.0,0.0,0.0,0.0,0,0
0.0,0.0,0.0,0.0,0.0,0.0,0.0,0.0,0,0
0.0,0.0,0.0,0.0,0.0,0.0,0.0,0.0,0,0
0.0,0.0,0.0,0.0,0.0,0.0,0.0,0.0,0,0
0.0,0.0,0.0,0.0,0.0,0.0,0.0,0.0,0,0
0.0,0.0,0.0,0.0,0.0,0.0,0.0,0.0,0,0
0.0,0.0,0.0,0.0,0.0,0.0,0.0,0.0,0,0
0.0,0.0,0.0,0.0,0.0,0.0,0.0,0.0,0,0
0.0,0.0,0.0,0.0,0.0,0.0,0.0,0.0,0,0
0.0,0.0,0.0,0.0,0.0,0.0,0.0,0.0,0,0
0.0,0.0,0.0,0.0,0.0,0.0,0.0,0.0,0,0
0.0,0.0,0.0,0.0,0.0,0.0,0.0,0.0,0,0
0.0,0.0,0.0,0.0,0.0,0.0,0.0,0.0,0,0
0.0,0.0,0.0,0.0,0.0,0.0,0.0,0.0,0,0
0.0,0.0,0.0,0.0,0.0,0.0,0.0,0.0,0,0
0.0,0.0,0.0,0.0,0.0,0.0,0.0,0.0,0,0
0.0,0.0,0.0,0.0,0.0,0.0,0.0,0.0,0,0
0.0,0.0,0.0,0.0,0.0,0.0,0.0,0.0,0,0
0.0,0.0,0.0,0.0,0.0,0.0,0.0,0.0,0,0
0.0,0.0,0.0,0.0,0.0,0.0,0.0,0.0,0,0
0.0,0.0,0.0,0.0,0.0,0.0,0.0,0.0,0,0
-3726798.054222103,200000.00000000003,7936.507936507936,-3934734.562158611,500000000.0,500000000.0,1000000000.0,1000000000.0,36,36
0.0,200000.00000000003,0.0,-200000.00000000003,0.0,0.0,0.0,1000000000.0,0,0
0.0,0.0,0.0,0.0,0.0,0.0,0.0,0.0,0,0
0.0,0.0,0.0,0.0,0.0,0.0,0.0,0.0,0,0
0.0,0.0,0.0,0.0,0.0,0.0,0.0,0.0,0,0
0.0,0.0,0.0,0.0,0.0,0.0,0.0,0.0,0,0
0.0,0.0,0.0,0.0,0.0,0.0,0.0,0.0,0,0
0.0,0.0,0.0,0.0,0.0,0.0,0.0,0.0,0,0
0.0,0.0,0.0,0.0,0.0,0.0,0.0,0.0,0,0
0.0,0.0,0.0,0.0,0.0,0.0,0.0,0.0,0,0
-2741174.1476954985,199999.99999999997,7936.507936507936,-2949110.6556320065,500000000.0,500000000.0,1000000000.0,1000000000.0,37,37
11482872.400080554,400000.00000000023,7936.507936507936,11074935.892144047,499999999.99999994,500000000.00000006,1000000000.0,1467851816.4504597,38,38
4303479.892705079,402132.7795166344,7936.5079365079355,3893410.6052519367,500000000.00000006,499999999.99999994,1000000000.0,1480584615.7887912,38,38
1141016.8955216096,400000.0000000001,7936.507936507938,733080.3875851015,499999999.99999994,500000000.00000006,1000000000.0,1599995910.7012446,38,38
-799466.557750301,399999.9999999999,7936.507936507938,-1207403.065686809,499999999.99999994,500000000.0000001,1000000000.0,1653342230.963956,38,38
3539289.623849768,429483.85868640663,7936.507936507934,3101869.2572268536,500000000.0,499999999.99999994,1000000000.0,1855738211.93416,38,38
0.0,199999.99999999997,0.0,-199999.99999999997,0.0,0.0,0.0,1000000000.0,0,0
4371924.550865271,200000.00000000003,7936.5079365079355,4163988.042928763,500000000.0,500000000.0,1000000000.0,1000000000.0,38,38
0.0,200000.00000000003,0.0,-200000.00000000003,0.0,0.0,0.0,1000000000.0,0,0
0.0,0.0,0.0,0.0,0.0,0.0,0.0,0.0,0,0
0.0,0.0,0.0,0.0,0.0,0.0,0.0,0.0,0,0
0.0,0.0,0.0,0.0,0.0,0.0,0.0,0.0,0,0
0.0,0.0,0.0,0.0,0.0,0.0,0.0,0.0,0,0
0.0,0.0,0.0,0.0,0.0,0.0,0.0,0.0,0,0
0.0,0.0,0.0,0.0,0.0,0.0,0.0,0.0,0,0
0.0,0.0,0.0,0.0,0.0,0.0,0.0,0.0,0,0
0.0,0.0,0.0,0.0,0.0,0.0,0.0,0.0,0,0
0.0,0.0,0.0,0.0,0.0,0.0,0.0,0.0,0,0
0.0,0.0,0.0,0.0,0.0,0.0,0.0,0.0,0,0
0.0,0.0,0.0,0.0,0.0,0.0,0.0,0.0,0,0
0.0,0.0,0.0,0.0,0.0,0.0,0.0,0.0,0,0
0.0,0.0,0.0,0.0,0.0,0.0,0.0,0.0,0,0
0.0,0.0,0.0,0.0,0.0,0.0,0.0,0.0,0,0
0.0,0.0,0.0,0.0,0.0,0.0,0.0,0.0,0,0
0.0,0.0,0.0,0.0,0.0,0.0,0.0,0.0,0,0
0.0,0.0,0.0,0.0,0.0,0.0,0.0,0.0,0,0
0.0,0.0,0.0,0.0,0.0,0.0,0.0,0.0,0,0
0.0,0.0,0.0,0.0,0.0,0.0,0.0,0.0,0,0
0.0,0.0,0.0,0.0,0.0,0.0,0.0,0.0,0,0
0.0,0.0,0.0,0.0,0.0,0.0,0.0,0.0,0,0
0.0,0.0,0.0,0.0,0.0,0.0,0.0,0.0,0,0
0.0,0.0,0.0,0.0,0.0,0.0,0.0,0.0,0,0
0.0,0.0,0.0,0.0,0.0,0.0,0.0,0.0,0,0
0.0,0.0,0.0,0.0,0.0,0.0,0.0,0.0,0,0
0.0,0.0,0.0,0.0,0.0,0.0,0.0,0.0,0,0
0.0,0.0,0.0,0.0,0.0,0.0,0.0,0.0,0,0
0.0,0.0,0.0,0.0,0.0,0.0,0.0,0.0,0,0
0.0,0.0,0.0,0.0,0.0,0.0,0.0,0.0,0,0
0.0,0.0,0.0,0.0,0.0,0.0,0.0,0.0,0,0
0.0,0.0,0.0,0.0,0.0,0.0,0.0,0.0,0,0
0.0,0.0,0.0,0.0,0.0,0.0,0.0,0.0,0,0
0.0,0.0,0.0,0.0,0.0,0.0,0.0,0.0,0,0
0.0,0.0,0.0,0.0,0.0,0.0,0.0,0.0,0,0
0.0,0.0,0.0,0.0,0.0,0.0,0.0,0.0,0,0
0.0,0.0,0.0,0.0,0.0,0.0,0.0,0.0,0,0
0.0,0.0,0.0,0.0,0.0,0.0,0.0,0.0,0,0
0.0,0.0,0.0,0.0,0.0,0.0,0.0,0.0,0,0
0.0,0.0,0.0,0.0,0.0,0.0,0.0,0.0,0,0
0.0,0.0,0.0,0.0,0.0,0.0,0.0,0.0,0,0
0.0,0.0,0.0,0.0,0.0,0.0,0.0,0.0,0,0
0.0,0.0,0.0,0.0,0.0,0.0,0.0,0.0,0,0
0.0,0.0,0.0,0.0,0.0,0.0,0.0,0.0,0,0
0.0,0.0,0.0,0.0,0.0,0.0,0.0,0.0,0,0
0.0,0.0,0.0,0.0,0.0,0.0,0.0,0.0,0,0
0.0,0.0,0.0,0.0,0.0,0.0,0.0,0.0,0,0
0.0,0.0,0.0,0.0,0.0,0.0,0.0,0.0,0,0
0.0,0.0,0.0,0.0,0.0,0.0,0.0,0.0,0,0
0.0,0.0,0.0,0.0,0.0,0.0,0.0,0.0,0,0
0.0,0.0,0.0,0.0,0.0,0.0,0.0,0.0,0,0
0.0,0.0,0.0,0.0,0.0,0.0,0.0,0.0,0,0
0.0,0.0,0.0,0.0,0.0,0.0,0.0,0.0,0,0
0.0,0.0,0.0,0.0,0.0,0.0,0.0,0.0,0,0
0.0,0.0,0.0,0.0,0.0,0.0,0.0,0.0,0,0
0.0,0.0,0.0,0.0,0.0,0.0,0.0,0.0,0,0
0.0,0.0,0.0,0.0,0.0,0.0,0.0,0.0,0,0
0.0,0.0,0.0,0.0,0.0,0.0,0.0,0.0,0,0
0.0,0.0,0.0,0.0,0.0,0.0,0.0,0.0,0,0
0.0,0.0,0.0,0.0,0.0,0.0,0.0,0.0,0,0
0.0,0.0,0.0,0.0,0.0,0.0,0.0,0.0,0,0
0.0,0.0,0.0,0.0,0.0,0.0,0.0,0.0,0,0
0.0,0.0,0.0,0.0,0.0,0.0,0.0,0.0,0,0
0.0,0.0,0.0,0.0,0.0,0.0,0.0,0.0,0,0
0.0,0.0,0.0,0.0,0.0,0.0,0.0,0.0,0,0
0.0,0.0,0.0,0.0,0.0,0.0,0.0,0.0,0,0
0.0,0.0,0.0,0.0,0.0,0.0,0.0,0.0,0,0
0.0,0.0,0.0,0.0,0.0,0.0,0.0,0.0,0,0
0.0,0.0,0.0,0.0,0.0,0.0,0.0,0.0,0,0
0.0,0.0,0.0,0.0,0.0,0.0,0.0,0.0,0,0
0.0,0.0,0.0,0.0,0.0,0.0,0.0,0.0,0,0
0.0,0.0,0.0,0.0,0.0,0.0,0.0,0.0,0,0
0.0,0.0,0.0,0.0,0.0,0.0,0.0,0.0,0,0
0.0,0.0,0.0,0.0,0.0,0.0,0.0,0.0,0,0
0.0,0.0,0.0,0.0,0.0,0.0,0.0,0.0,0,0
0.0,0.0,0.0,0.0,0.0,0.0,0.0,0.0,0,0
0.0,0.0,0.0,0.0,0.0,0.0,0.0,0.0,0,0
0.0,0.0,0.0,0.0,0.0,0.0,0.0,0.0,0,0
0.0,0.0,0.0,0.0,0.0,0.0,0.0,0.0,0,0
0.0,0.0,0.0,0.0,0.0,0.0,0.0,0.0,0,0
0.0,0.0,0.0,0.0,0.0,0.0,0.0,0.0,0,0
0.0,0.0,0.0,0.0,0.0,0.0,0.0,0.0,0,0
0.0,0.0,0.0,0.0,0.0,0.0,0.0,0.0,0,0
0.0,0.0,0.0,0.0,0.0,0.0,0.0,0.0,0,0
0.0,0.0,0.0,0.0,0.0,0.0,0.0,0.0,0,0
0.0,0.0,0.0,0.0,0.0,0.0,0.0,0.0,0,0
0.0,0.0,0.0,0.0,0.0,0.0,0.0,0.0,0,0
0.0,0.0,0.0,0.0,0.0,0.0,0.0,0.0,0,0
0.0,0.0,0.0,0.0,0.0,0.0,0.0,0.0,0,0
0.0,0.0,0.0,0.0,0.0,0.0,0.0,0.0,0,0
0.0,0.0,0.0,0.0,0.0,0.0,0.0,0.0,0,0
0.0,0.0,0.0,0.0,0.0,0.0,0.0,0.0,0,0
0.0,0.0,0.0,0.0,0.0,0.0,0.0,0.0,0,0
0.0,0.0,0.0,0.0,0.0,0.0,0.0,0.0,0,0
0.0,0.0,0.0,0.0,0.0,0.0,0.0,0.0,0,0
0.0,0.0,0.0,0.0,0.0,0.0,0.0,0.0,0,0
0.0,0.0,0.0,0.0,0.0,0.0,0.0,0.0,0,0
0.0,0.0,0.0,0.0,0.0,0.0,0.0,0.0,0,0
0.0,0.0,0.0,0.0,0.0,0.0,0.0,0.0,0,0
0.0,0.0,0.0,0.0,0.0,0.0,0.0,0.0,0,0
0.0,0.0,0.0,0.0,0.0,0.0,0.0,0.0,0,0
0.0,0.0,0.0,0.0,0.0,0.0,0.0,0.0,0,0
0.0,0.0,0.0,0.0,0.0,0.0,0.0,0.0,0,0
0.0,0.0,0.0,0.0,0.0,0.0,0.0,0.0,0,0
0.0,0.0,0.0,0.0,0.0,0.0,0.0,0.0,0,0
0.0,0.0,0.0,0.0,0.0,0.0,0.0,0.0,0,0
0.0,0.0,0.0,0.0,0.0,0.0,0.0,0.0,0,0
0.0,0.0,0.0,0.0,0.0,0.0,0.0,0.0,0,0
0.0,0.0,0.0,0.0,0.0,0.0,0.0,0.0,0,0
0.0,0.0,0.0,0.0,0.0,0.0,0.0,0.0,0,0
0.0,0.0,0.0,0.0,0.0,0.0,0.0,0.0,0,0
0.0,0.0,0.0,0.0,0.0,0.0,0.0,0.0,0,0
0.0,0.0,0.0,0.0,0.0,0.0,0.0,0.0,0,0
0.0,0.0,0.0,0.0,0.0,0.0,0.0,0.0,0,0
0.0,0.0,0.0,0.0,0.0,0.0,0.0,0.0,0,0
0.0,0.0,0.0,0.0,0.0,0.0,0.0,0.0,0,0
0.0,0.0,0.0,0.0,0.0,0.0,0.0,0.0,0,0
0.0,0.0,0.0,0.0,0.0,0.0,0.0,0.0,0,0
0.0,0.0,0.0,0.0,0.0,0.0,0.0,0.0,0,0
0.0,0.0,0.0,0.0,0.0,0.0,0.0,0.0,0,0
0.0,0.0,0.0,0.0,0.0,0.0,0.0,0.0,0,0
0.0,0.0,0.0,0.0,0.0,0.0,0.0,0.0,0,0
0.0,0.0,0.0,0.0,0.0,0.0,0.0,0.0,0,0
0.0,0.0,0.0,0.0,0.0,0.0,0.0,0.0,0,0
0.0,0.0,0.0,0.0,0.0,0.0,0.0,0.0,0,0
0.0,0.0,0.0,0.0,0.0,0.0,0.0,0.0,0,0
0.0,0.0,0.0,0.0,0.0,0.0,0.0,0.0,0,0
0.0,0.0,0.0,0.0,0.0,0.0,0.0,0.0,0,0
0.0,0.0,0.0,0.0,0.0,0.0,0.0,0.0,0,0
0.0,0.0,0.0,0.0,0.0,0.0,0.0,0.0,0,0
0.0,0.0,0.0,0.0,0.0,0.0,0.0,0.0,0,0
0.0,0.0,0.0,0.0,0.0,0.0,0.0,0.0,0,0
0.0,0.0,0.0,0.0,0.0,0.0,0.0,0.0,0,0
0.0,0.0,0.0,0.0,0.0,0.0,0.0,0.0,0,0
0.0,0.0,0.0,0.0,0.0,0.0,0.0,0.0,0,0
0.0,0.0,0.0,0.0,0.0,0.0,0.0,0.0,0,0
0.0,0.0,0.0,0.0,0.0,0.0,0.0,0.0,0,0
0.0,0.0,0.0,0.0,0.0,0.0,0.0,0.0,0,0
0.0,0.0,0.0,0.0,0.0,0.0,0.0,0.0,0,0
0.0,0.0,0.0,0.0,0.0,0.0,0.0,0.0,0,0
0.0,0.0,0.0,0.0,0.0,0.0,0.0,0.0,0,0
0.0,0.0,0.0,0.0,0.0,0.0,0.0,0.0,0,0
0.0,0.0,0.0,0.0,0.0,0.0,0.0,0.0,0,0
0.0,0.0,0.0,0.0,0.0,0.0,0.0,0.0,0,0
0.0,0.0,0.0,0.0,0.0,0.0,0.0,0.0,0,0
0.0,0.0,0.0,0.0,0.0,0.0,0.0,0.0,0,0
0.0,0.0,0.0,0.0,0.0,0.0,0.0,0.0,0,0
0.0,0.0,0.0,0.0,0.0,0.0,0.0,0.0,0,0
0.0,0.0,0.0,0.0,0.0,0.0,0.0,0.0,0,0
2545730.9025354446,200000.0000000001,7936.507936507937,2337794.3945989367,500000000.00000006,500000000.00000006,1000000000.0000001,1000000000.0000001,35,35
0.0,200000.0000000001,0.0,-200000.0000000001,0.0,0.0,0.0,1000000000.0000001,0,0
0.0,0.0,0.0,0.0,0.0,0.0,0.0,0.0,0,0
0.0,0.0,0.0,0.0,0.0,0.0,0.0,0.0,0,0
2016054.653425805,200000.0,7936.507936507936,1808118.145489297,499999999.99999994,499999999.99999994,999999999.9999999,999999999.9999999,38,38
0.0,200000.0,0.0,-200000.0,0.0,0.0,0.0,999999999.9999999,0,0
0.0,0.0,0.0,0.0,0.0,0.0,0.0,0.0,0,0
0.0,0.0,0.0,0.0,0.0,0.0,0.0,0.0,0,0
0.0,0.0,0.0,0.0,0.0,0.0,0.0,0.0,0,0
0.0,0.0,0.0,0.0,0.0,0.0,0.0,0.0,0,0
0.0,0.0,0.0,0.0,0.0,0.0,0.0,0.0,0,0
912090.8089532572,200000.00000000003,7936.50793650794,704154.3010167492,500000000.0,500000000.0000001,1000000000.0000001,1000000000.0000001,38,38
0.0,200000.00000000003,0.0,-200000.00000000003,0.0,0.0,0.0,1000000000.0000001,0,0
0.0,0.0,0.0,0.0,0.0,0.0,0.0,0.0,0,0
0.0,0.0,0.0,0.0,0.0,0.0,0.0,0.0,0,0
0.0,0.0,0.0,0.0,0.0,0.0,0.0,0.0,0,0
0.0,0.0,0.0,0.0,0.0,0.0,0.0,0.0,0,0
1961144.7190029519,199999.99999999997,7936.5079365079355,1753208.211066444,500000000.0,499999999.99999994,1000000000.0,1000000000.0,40,40
0.0,199999.99999999997,0.0,-199999.99999999997,0.0,0.0,0.0,1000000000.0,0,0
0.0,0.0,0.0,0.0,0.0,0.0,0.0,0.0,0,0
1742487.4975598317,200000.00000000006,7936.507936507936,1534550.9896233238,500000000.0,500000000.00000006,1000000000.0,1000000000.0000001,40,40
0.0,200000.00000000006,0.0,-200000.00000000006,0.0,0.0,0.0,1000000000.0000001,0,0
0.0,0.0,0.0,0.0,0.0,0.0,0.0,0.0,0,0
0.0,0.0,0.0,0.0,0.0,0.0,0.0,0.0,0,0
0.0,0.0,0.0,0.0,0.0,0.0,0.0,0.0,0,0
0.0,0.0,0.0,0.0,0.0,0.0,0.0,0.0,0,0
0.0,0.0,0.0,0.0,0.0,0.0,0.0,0.0,0,0
0.0,0.0,0.0,0.0,0.0,0.0,0.0,0.0,0,0
0.0,0.0,0.0,0.0,0.0,0.0,0.0,0.0,0,0
-426884.280329267,199999.99999999997,7936.507936507937,-634820.788265775,500000000.0,500000000.0,1000000000.0,1000000000.0,40,40
0.0,199999.99999999997,0.0,-199999.99999999997,0.0,0.0,0.0,1000000000.0,0,0
0.0,0.0,0.0,0.0,0.0,0.0,0.0,0.0,0,0
728273.2006654432,200000.00000000003,7936.5079365079355,520336.6927289353,499999999.99999994,499999999.99999994,999999999.9999999,999999999.9999999,41,41
731195.0367321405,399999.9999999999,7936.507936507936,323258.52879563265,500000000.00000006,500000000.0,1000000000.0,1351917411.1131642,41,41
0.0,200000.0000000001,0.0,-200000.0000000001,0.0,0.0,0.0,1000000000.0000001,0,0
0.0,0.0,0.0,0.0,0.0,0.0,0.0,0.0,0,0
0.0,0.0,0.0,0.0,0.0,0.0,0.0,0.0,0,0
0.0,0.0,0.0,0.0,0.0,0.0,0.0,0.0,0,0
0.0,0.0,0.0,0.0,0.0,0.0,0.0,0.0,0,0
0.0,0.0,0.0,0.0,0.0,0.0,0.0,0.0,0,0
0.0,0.0,0.0,0.0,0.0,0.0,0.0,0.0,0,0
743318.0335640052,200000.0000000001,7936.507936507936,535381.5256274971,500000000.0,499999999.99999994,1000000000.0,999999999.9999999,40,40
0.0,200000.0000000001,0.0,-200000.0000000001,0.0,0.0,0.0,999999999.9999999,0,0
0.0,0.0,0.0,0.0,0.0,0.0,0.0,0.0,0,0
0.0,0.0,0.0,0.0,0.0,0.0,0.0,0.0,0,0
719593.7738613054,199999.99999999997,7936.507936507935,511657.2659247975,500000000.0,499999999.99999994,1000000000.0,999999999.9999999,40,40
0.0,199999.99999999997,0.0,-199999.99999999997,0.0,0.0,0.0,999999999.9999999,0,0
4361253.988661308,199999.99999999994,7936.507936507936,4153317.4807248,499999999.9999999,500000000.0,999999999.9999999,999999999.9999999,38,38
0.0,199999.99999999994,0.0,-199999.99999999994,0.0,0.0,0.0,999999999.9999999,0,0
0.0,0.0,0.0,0.0,0.0,0.0,0.0,0.0,0,0
0.0,0.0,0.0,0.0,0.0,0.0,0.0,0.0,0,0
0.0,0.0,0.0,0.0,0.0,0.0,0.0,0.0,0,0
0.0,0.0,0.0,0.0,0.0,0.0,0.0,0.0,0,0
0.0,0.0,0.0,0.0,0.0,0.0,0.0,0.0,0,0
0.0,0.0,0.0,0.0,0.0,0.0,0.0,0.0,0,0
0.0,0.0,0.0,0.0,0.0,0.0,0.0,0.0,0,0
0.0,0.0,0.0,0.0,0.0,0.0,0.0,0.0,0,0
0.0,0.0,0.0,0.0,0.0,0.0,0.0,0.0,0,0
1208366.7764691578,200000.00000000003,7936.507936507937,1000430.2685326498,500000000.0,499999999.99999994,1000000000.0,1000000000.0,33,33
0.0,200000.00000000003,0.0,-200000.00000000003,0.0,0.0,0.0,1000000000.0,0,0
0.0,0.0,0.0,0.0,0.0,0.0,0.0,0.0,0,0
0.0,0.0,0.0,0.0,0.0,0.0,0.0,0.0,0,0
0.0,0.0,0.0,0.0,0.0,0.0,0.0,0.0,0,0
0.0,0.0,0.0,0.0,0.0,0.0,0.0,0.0,0,0
-988465.0614001234,200000.00000000003,7936.507936507936,-1196401.5693366313,500000000.0,500000000.0,1000000000.0,1000000000.0,40,40
2312022.0770616466,400000.0,7936.507936507934,1904085.5691251387,500000000.0,499999999.99999994,1000000000.0,1086654837.244253,41,41
0.0,199999.99999999997,0.0,-199999.99999999997,0.0,0.0,0.0,999999999.9999999,0,0
0.0,0.0,0.0,0.0,0.0,0.0,0.0,0.0,0,0
-3916588.202727219,200000.0,7936.507936507935,-4124524.710663727,499999999.99999994,500000000.00000006,1000000000.0,1000000000.0,40,40
2264670.4755208245,400000.0,7936.5079365079355,1856733.9675843166,500000000.0,500000000.0,1000000000.0,1315534410.7311137,40,40
0.0,200000.0,0.0,-200000.0,0.0,0.0,0.0,1000000000.0,0,0
0.0,0.0,0.0,0.0,0.0,0.0,0.0,0.0,0,0
0.0,0.0,0.0,0.0,0.0,0.0,0.0,0.0,0,0
0.0,0.0,0.0,0.0,0.0,0.0,0.0,0.0,0,0
0.0,0.0,0.0,0.0,0.0,0.0,0.0,0.0,0,0
0.0,0.0,0.0,0.0,0.0,0.0,0.0,0.0,0,0
-1450953.8793660356,200000.00000000003,7936.507936507935,-1658890.3873025435,500000000.00000006,500000000.0,1000000000.0,1000000000.0000001,40,40
0.0,200000.00000000003,0.0,-200000.00000000003,0.0,0.0,0.0,1000000000.0000001,0,0
0.0,0.0,0.0,0.0,0.0,0.0,0.0,0.0,0,0
0.0,0.0,0.0,0.0,0.0,0.0,0.0,0.0,0,0
0.0,0.0,0.0,0.0,0.0,0.0,0.0,0.0,0,0
0.0,0.0,0.0,0.0,0.0,0.0,0.0,0.0,0,0
0.0,0.0,0.0,0.0,0.0,0.0,0.0,0.0,0,0
0.0,0.0,0.0,0.0,0.0,0.0,0.0,0.0,0,0
0.0,0.0,0.0,0.0,0.0,0.0,0.0,0.0,0,0
0.0,0.0,0.0,0.0,0.0,0.0,0.0,0.0,0,0
0.0,0.0,0.0,0.0,0.0,0.0,0.0,0.0,0,0
0.0,0.0,0.0,0.0,0.0,0.0,0.0,0.0,0,0
0.0,0.0,0.0,0.0,0.0,0.0,0.0,0.0,0,0
6160426.215551738,199999.99999999994,7936.507936507934,5952489.707615229,499999999.99999994,499999999.99999994,999999999.9999999,999999999.9999999,40,40
0.0,199999.99999999994,0.0,-199999.99999999994,0.0,0.0,0.0,999999999.9999999,0,0
1986497.3611779201,200000.0,7936.507936507936,1778560.8532414122,500000000.0,500000000.0,1000000000.0,1000000000.0,40,40
0.0,200000.0,0.0,-200000.0,0.0,0.0,0.0,1000000000.0,0,0
0.0,0.0,0.0,0.0,0.0,0.0,0.0,0.0,0,0
0.0,0.0,0.0,0.0,0.0,0.0,0.0,0.0,0,0
0.0,0.0,0.0,0.0,0.0,0.0,0.0,0.0,0,0
0.0,0.0,0.0,0.0,0.0,0.0,0.0,0.0,0,0
0.0,0.0,0.0,0.0,0.0,0.0,0.0,0.0,0,0
0.0,0.0,0.0,0.0,0.0,0.0,0.0,0.0,0,0
0.0,0.0,0.0,0.0,0.0,0.0,0.0,0.0,0,0
0.0,0.0,0.0,0.0,0.0,0.0,0.0,0.0,0,0
0.0,0.0,0.0,0.0,0.0,0.0,0.0,0.0,0,0
2045221.0561080081,199999.99999999997,7936.5079365079355,1837284.5481715002,500000000.00000006,500000000.0,1000000000.0,1000000000.0000001,41,41
0.0,199999.99999999997,0.0,-199999.99999999997,0.0,0.0,0.0,1000000000.0000001,0,0
-688964.1920330962,200000.00000000003,7936.507936507935,-896900.6999696041,500000000.00000006,500000000.00000006,1000000000.0000001,1000000000.0000001,40,40
0.0,200000.00000000003,0.0,-200000.00000000003,0.0,0.0,0.0,1000000000.0000001,0,0
0.0,0.0,0.0,0.0,0.0,0.0,0.0,0.0,0,0
0.0,0.0,0.0,0.0,0.0,0.0,0.0,0.0,0,0
0.0,0.0,0.0,0.0,0.0,0.0,0.0,0.0,0,0
0.0,0.0,0.0,0.0,0.0,0.0,0.0,0.0,0,0
-240952.99735043495,200000.00000000003,7936.507936507936,-448889.50528694293,500000000.00000006,499999999.99999994,1000000000.0,1000000000.0,39,39
0.0,200000.00000000003,0.0,-200000.00000000003,0.0,0.0,0.0,1000000000.0,0,0
-315952.75645116105,199999.99999999997,7936.507936507935,-523889.2643876689,499999999.9999999,499999999.9999999,999999999.9999998,999999999.9999998,36,36
0.0,199999.99999999997,0.0,-199999.99999999997,0.0,0.0,0.0,999999999.9999998,0,0
2552487.9818867263,200000.0,7936.507936507936,2344551.4739502184,500000000.0,500000000.0,1000000000.0,1000000000.0,36,36
0.0,200000.0,0.0,-200000.0,0.0,0.0,0.0,1000000000.0,0,0
3046614.4840763966,200000.00000000006,7936.5079365079355,2838677.9761398886,500000000.0,500000000.0,1000000000.0,1000000000.0,30,30
0.0,200000.00000000006,0.0,-200000.00000000006,0.0,0.0,0.0,1000000000.0,0,0
1835889.9612435084,200000.0,7936.507936507936,1627953.4533070005,500000000.0,499999999.99999994,1000000000.0,1000000000.0,32,32
0.0,200000.0,0.0,-200000.0,0.0,0.0,0.0,1000000000.0,0,0
0.0,0.0,0.0,0.0,0.0,0.0,0.0,0.0,0,0
205382.97375634933,200000.0,7936.507936507937,-2553.534180158612,500000000.00000006,500000000.00000006,1000000000.0000001,1000000000.0000001,32,32
605341.890181994,400000.0000000002,7936.5079365079355,197405.38224548585,500000000.0,500000000.0,1000000000.0,1297146733.9141564,33,33
0.0,200000.00000000003,0.0,-200000.00000000003,0.0,0.0,0.0,1000000000.0,0,0
221895.50762795605,200000.00000000006,7936.507936507936,13958.99969144805,499999999.9999999,500000000.0,999999999.9999999,999999999.9999999,37,37
-5414282.646423714,399999.99999999994,7936.507936507936,-5822219.154360223,500000000.00000006,500000000.0,1000000000.0,1228910626.8209536,38,38
-2407216.9096611557,401630.80272295035,7936.507936507939,-2816784.220320614,499999999.99999994,500000000.00000006,1000000000.0,1283620954.6289265,38,38
0.0,199999.99999999997,0.0,-199999.99999999997,0.0,0.0,0.0,1000000000.0,0,0
0.0,0.0,0.0,0.0,0.0,0.0,0.0,0.0,0,0
0.0,0.0,0.0,0.0,0.0,0.0,0.0,0.0,0,0
0.0,0.0,0.0,0.0,0.0,0.0,0.0,0.0,0,0
0.0,0.0,0.0,0.0,0.0,0.0,0.0,0.0,0,0
-818257.9863463874,200000.00000000003,7936.507936507939,-1026194.4942828953,500000000.0,500000000.00000006,1000000000.0,1000000000.0000001,40,40
-680805.6525055985,399999.9999999999,7936.507936507937,-1088742.1604421064,499999999.99999994,500000000.0,1000000000.0,1102618151.7783012,40,40
2437987.1251456053,400000.0,7936.507936507935,2030050.6172090974,499999999.99999994,500000000.0,1000000000.0,1075544695.3649783,40,40
0.0,200000.0000000001,0.0,-200000.0000000001,0.0,0.0,0.0,1000000000.0,0,0
2477098.172202296,199999.99999999994,7936.507936507936,2269161.664265788,500000000.00000006,500000000.0,1000000000.0,1000000000.0,39,39
0.0,199999.99999999994,0.0,-199999.99999999994,0.0,0.0,0.0,1000000000.0,0,0
0.0,0.0,0.0,0.0,0.0,0.0,0.0,0.0,0,0
0.0,0.0,0.0,0.0,0.0,0.0,0.0,0.0,0,0
0.0,0.0,0.0,0.0,0.0,0.0,0.0,0.0,0,0
0.0,0.0,0.0,0.0,0.0,0.0,0.0,0.0,0,0
0.0,0.0,0.0,0.0,0.0,0.0,0.0,0.0,0,0
0.0,0.0,0.0,0.0,0.0,0.0,0.0,0.0,0,0
0.0,0.0,0.0,0.0,0.0,0.0,0.0,0.0,0,0
0.0,0.0,0.0,0.0,0.0,0.0,0.0,0.0,0,0
0.0,0.0,0.0,0.0,0.0,0.0,0.0,0.0,0,0
2774693.4590917327,199999.99999999997,7936.507936507935,2566756.951155225,499999999.99999994,499999999.99999994,999999999.9999999,999999999.9999999,38,38
0.0,199999.99999999997,0.0,-199999.99999999997,0.0,0.0,0.0,999999999.9999999,0,0
0.0,0.0,0.0,0.0,0.0,0.0,0.0,0.0,0,0
0.0,0.0,0.0,0.0,0.0,0.0,0.0,0.0,0,0
0.0,0.0,0.0,0.0,0.0,0.0,0.0,0.0,0,0
0.0,0.0,0.0,0.0,0.0,0.0,0.0,0.0,0,0
0.0,0.0,0.0,0.0,0.0,0.0,0.0,0.0,0,0
0.0,0.0,0.0,0.0,0.0,0.0,0.0,0.0,0,0
0.0,0.0,0.0,0.0,0.0,0.0,0.0,0.0,0,0
0.0,0.0,0.0,0.0,0.0,0.0,0.0,0.0,0,0
0.0,0.0,0.0,0.0,0.0,0.0,0.0,0.0,0,0
0.0,0.0,0.0,0.0,0.0,0.0,0.0,0.0,0,0
0.0,0.0,0.0,0.0,0.0,0.0,0.0,0.0,0,0
0.0,0.0,0.0,0.0,0.0,0.0,0.0,0.0,0,0
0.0,0.0,0.0,0.0,0.0,0.0,0.0,0.0,0,0
0.0,0.0,0.0,0.0,0.0,0.0,0.0,0.0,0,0
0.0,0.0,0.0,0.0,0.0,0.0,0.0,0.0,0,0
0.0,0.0,0.0,0.0,0.0,0.0,0.0,0.0,0,0
0.0,0.0,0.0,0.0,0.0,0.0,0.0,0.0,0,0
0.0,0.0,0.0,0.0,0.0,0.0,0.0,0.0,0,0
0.0,0.0,0.0,0.0,0.0,0.0,0.0,0.0,0,0
0.0,0.0,0.0,0.0,0.0,0.0,0.0,0.0,0,0
0.0,0.0,0.0,0.0,0.0,0.0,0.0,0.0,0,0
0.0,0.0,0.0,0.0,0.0,0.0,0.0,0.0,0,0
0.0,0.0,0.0,0.0,0.0,0.0,0.0,0.0,0,0
0.0,0.0,0.0,0.0,0.0,0.0,0.0,0.0,0,0
0.0,0.0,0.0,0.0,0.0,0.0,0.0,0.0,0,0
0.0,0.0,0.0,0.0,0.0,0.0,0.0,0.0,0,0
0.0,0.0,0.0,0.0,0.0,0.0,0.0,0.0,0,0
4351259.626308898,200000.0,7936.507936507935,4143323.1183723905,500000000.00000006,499999999.99999994,1000000000.0,1000000000.0,37,37
0.0,200000.0,0.0,-200000.0,0.0,0.0,0.0,1000000000.0,0,0
0.0,0.0,0.0,0.0,0.0,0.0,0.0,0.0,0,0
0.0,0.0,0.0,0.0,0.0,0.0,0.0,0.0,0,0
1182151.0821074436,200000.00000000003,7936.507936507932,974214.5741709357,499999999.99999994,499999999.9999999,999999999.9999998,999999999.9999999,31,31
0.0,200000.00000000003,0.0,-200000.00000000003,0.0,0.0,0.0,999999999.9999999,0,0
-304175.8124052233,200000.00000000003,7936.507936507936,-512112.3203417313,500000000.00000006,500000000.00000006,1000000000.0000001,1000000000.0000001,32,32
1712122.2209507292,400000.00000000006,7936.507936507936,1304185.7130142213,500000000.0,500000000.0,1000000000.0,1426071738.836203,35,35
0.0,200000.0,0.0,-200000.0,0.0,0.0,0.0,1000000000.0,0,0
0.0,0.0,0.0,0.0,0.0,0.0,0.0,0.0,0,0
0.0,0.0,0.0,0.0,0.0,0.0,0.0,0.0,0,0
0.0,0.0,0.0,0.0,0.0,0.0,0.0,0.0,0,0
0.0,0.0,0.0,0.0,0.0,0.0,0.0,0.0,0,0
0.0,0.0,0.0,0.0,0.0,0.0,0.0,0.0,0,0
-2834285.139800941,200000.00000000012,7936.507936507936,-3042221.647737449,500000000.0,499999999.99999994,1000000000.0,1000000000.0,38,38
2885224.5769627187,400000.0000000001,7936.507936507937,2477288.069026211,500000000.00000006,500000000.0,1000000000.0,1208517842.6175816,39,39
0.0,200000.00000000006,0.0,-200000.00000000006,0.0,0.0,0.0,1000000000.0000001,0,0
-1970473.408670579,200000.0000000001,7936.5079365079355,-2178409.916607087,499999999.99999994,500000000.00000006,1000000000.0,1000000000.0,41,41
-4233329.9184232745,400000.0,7936.5079365079355,-4641266.426359783,499999999.99999994,499999999.99999994,999999999.9999999,1322485250.2157166,41,41
1570763.3721093845,399999.99999999965,7936.507936507936,1162826.8641728768,500000000.00000006,499999999.99999994,1000000000.0,1400645251.3054113,41,41
0.0,199999.99999999997,0.0,-199999.99999999997,0.0,0.0,0.0,1000000000.0,0,0
704240.9423261983,199999.99999999994,7936.507936507934,496304.43438969046,499999999.99999994,500000000.0,1000000000.0,999999999.9999999,41,41
0.0,199999.99999999994,0.0,-199999.99999999994,0.0,0.0,0.0,999999999.9999999,0,0
0.0,0.0,0.0,0.0,0.0,0.0,0.0,0.0,0,0
0.0,0.0,0.0,0.0,0.0,0.0,0.0,0.0,0,0
0.0,0.0,0.0,0.0,0.0,0.0,0.0,0.0,0,0
0.0,0.0,0.0,0.0,0.0,0.0,0.0,0.0,0,0
0.0,0.0,0.0,0.0,0.0,0.0,0.0,0.0,0,0
0.0,0.0,0.0,0.0,0.0,0.0,0.0,0.0,0,0
0.0,0.0,0.0,0.0,0.0,0.0,0.0,0.0,0,0
2228681.174725449,199999.99999999994,7936.5079365079355,2020744.6667889412,500000000.0,499999999.99999994,1000000000.0,999999999.9999999,40,40
0.0,199999.99999999994,0.0,-199999.99999999994,0.0,0.0,0.0,999999999.9999999,0,0
0.0,0.0,0.0,0.0,0.0,0.0,0.0,0.0,0,0
2083915.0266864134,199999.99999999994,7936.507936507933,1875978.5187499055,499999999.99999994,499999999.99999994,999999999.9999999,999999999.9999999,40,40
3473175.1615494625,400000.00000000006,7936.5079365079355,3065238.6536129545,500000000.0,499999999.99999994,1000000000.0,1519683873.4992275,40,40
0.0,199999.99999999997,0.0,-199999.99999999997,0.0,0.0,0.0,1000000000.0,0,0
1018610.4780058294,200000.00000000012,7936.507936507938,810673.9700693213,500000000.00000006,500000000.00000006,1000000000.0000001,1000000000.0000001,41,41
0.0,200000.00000000012,0.0,-200000.00000000012,0.0,0.0,0.0,1000000000.0000001,0,0
0.0,0.0,0.0,0.0,0.0,0.0,0.0,0.0,0,0
0.0,0.0,0.0,0.0,0.0,0.0,0.0,0.0,0,0
0.0,0.0,0.0,0.0,0.0,0.0,0.0,0.0,0,0
14993.574002692665,200000.0,7936.507936507938,-192942.93393381528,500000000.00000006,499999999.99999994,1000000000.0,1000000000.0,41,41
2724466.3484748467,406025.88640270865,7936.507936507936,2310503.9541356303,500000000.00000006,499999999.99999994,1000000000.0,1731696923.4476058,42,42
699039.361175889,400000.0000000002,7936.5079365079355,291102.85323938093,500000000.0,500000000.00000006,1000000000.0,1258211948.8705237,42,42
1071935.2451315809,402702.79923746287,7936.507936507938,661295.93795761,500000000.0,500000000.00000006,1000000000.0,1140416195.5127711,41,41
-158116.65604534687,405062.565657649,7936.507936507935,-571115.7296395039,500000000.0,499999999.99999994,1000000000.0,1125348955.504525,42,42
-247843.95766732944,399999.9999999994,7936.50793650794,-655780.4656038368,500000000.0,500000000.0000001,1000000000.0000001,1082459329.9948306,42,42
0.0,200000.0,0.0,-200000.0,0.0,0.0,0.0,1000000000.0000001,0,0
0.0,0.0,0.0,0.0,0.0,0.0,0.0,0.0,0,0
0.0,0.0,0.0,0.0,0.0,0.0,0.0,0.0,0,0
1526304.5823934705,200000.0,7936.507936507939,1318368.0744569625,500000000.0,500000000.00000006,1000000000.0,1000000000.0,42,42
0.0,200000.0,0.0,-200000.0,0.0,0.0,0.0,1000000000.0,0,0
980151.1266221642,200000.00000000003,7936.507936507937,772214.6186856562,500000000.0,500000000.00000006,1000000000.0,1000000000.0,42,42
1413753.8420108636,400000.0000000002,7936.507936507936,1005817.3340743554,500000000.0,500000000.0,1000000000.0,1283134501.0562253,42,42
1480465.7340688324,400000.0000000002,7936.507936507936,1072529.2261323242,500000000.0,499999999.99999994,1000000000.0,1201151894.9937687,42,42
921508.7406861524,399999.9999999999,7936.507936507936,513572.23274964455,500000000.0,500000000.0,1000000000.0,1311928975.1370614,42,42
1719229.0296228048,400000.00000000006,7936.507936507935,1311292.521686297,500000000.00000006,499999999.99999994,1000000000.0,1225129044.4986792,42,42
1904732.8335508844,400000.0000000001,7936.507936507936,1496796.3256143765,500000000.00000006,500000000.0,1000000000.0,1141618871.2290556,42,42
1023530.562316828,399999.99999999994,7936.5079365079355,615594.0543803202,499999999.99999994,499999999.99999994,999999999.9999999,1091167330.4890754,42,42
563448.3971651085,400000.0,7936.507936507938,155511.88922860054,500000000.0,500000000.0,1000000000.0,1062900957.95983,42,42
186097.85197918265,400000.00000000006,7936.5079365079355,-221838.65595732533,500000000.0,500000000.0,1000000000.0,1356410737.7603602,41,41
436804.58646791603,405071.5210541081,7936.507936507936,23796.55747729999,500000000.0,500000000.0,1000000000.0,1490637804.345742,40,40
912329.0680753136,400000.0000000002,7936.5079365079355,504392.5601388055,500000000.0,500000000.0,1000000000.0,1167443347.5821347,40,40
-393536.4057596778,400000.00000000006,7936.507936507937,-801472.9136961858,500000000.0,500000000.0,1000000000.0,1139247876.7410672,40,40
1357842.3557210083,400000.00000000006,7936.5079365079355,949905.8477845003,500000000.0,500000000.0,1000000000.0,1268096125.8094802,40,40
2002645.7305494645,399999.99999999977,7936.507936507937,1594709.2226129568,499999999.99999994,500000000.0,1000000000.0,1148448681.5552669,38,38
0.0,199999.99999999997,0.0,-199999.99999999997,0.0,0.0,0.0,999999999.9999999,0,0
1519343.445440866,200000.00000000003,7936.507936507937,1311406.9375043581,500000000.0,500000000.0,1000000000.0,1000000000.0,40,40
-6596538.37990549,400000.00000000023,7936.507936507937,-7004474.887841999,500000000.00000006,500000000.0,1000000000.0,1375580819.9058723,40,40
2803716.881168021,403590.8793315092,7936.507936507937,2392189.493900004,500000000.00000006,500000000.0,1000000000.0,1443253251.7307172,40,40
0.0,200000.00000000003,0.0,-200000.00000000003,0.0,0.0,0.0,1000000000.0000001,0,0
-580015.7036994793,200000.00000000006,7936.5079365079355,-787952.2116359873,500000000.0,500000000.00000006,1000000000.0,1000000000.0,37,37
-4094761.290519988,400000.0,7936.507936507938,-4502697.798456497,499999999.99999994,500000000.0000001,1000000000.0,1646342771.284401,39,39
-5039112.375067132,402404.0293972756,7936.507936507936,-5449452.912400915,500000000.0,500000000.0,1000000000.0,1418135588.9086115,40,40
-1047287.0022561259,402404.0293972757,7936.507936507935,-1457627.5395899096,499999999.99999994,500000000.00000006,1000000000.0,1290597672.1324885,40,40
1211495.2444366717,404974.36187784816,7936.5079365079355,798584.3746223156,500000000.0,499999999.9999999,999999999.9999999,1433723664.0927656,39,39
4187571.0409451034,400000.0000000001,7936.507936507936,3779634.5330085955,500000000.00000006,500000000.00000006,1000000000.0000001,1399207461.8415325,39,39
3105597.1516427565,406113.20392285957,7936.507936507936,2691547.439783389,500000000.0,500000000.0,1000000000.0,1385302779.6720014,41,41
-1506399.209798609,406115.29240024183,7936.507936507936,-1920451.0101353587,500000000.0,500000000.0,1000000000.0,1374786238.3562078,42,42
0.0,200000.00000000003,0.0,-200000.00000000003,0.0,0.0,0.0,1000000000.0,0,0
0.0,0.0,0.0,0.0,0.0,0.0,0.0,0.0,0,0
0.0,0.0,0.0,0.0,0.0,0.0,0.0,0.0,0,0
-895026.7476805917,200000.0000000001,7936.507936507936,-1102963.2556170996,500000000.0,500000000.00000006,1000000000.0,1000000000.0,41,41
0.0,200000.0000000001,0.0,-200000.0000000001,0.0,0.0,0.0,1000000000.0,0,0
0.0,0.0,0.0,0.0,0.0,0.0,0.0,0.0,0,0
0.0,0.0,0.0,0.0,0.0,0.0,0.0,0.0,0,0
0.0,0.0,0.0,0.0,0.0,0.0,0.0,0.0,0,0
0.0,0.0,0.0,0.0,0.0,0.0,0.0,0.0,0,0
0.0,0.0,0.0,0.0,0.0,0.0,0.0,0.0,0,0
0.0,0.0,0.0,0.0,0.0,0.0,0.0,0.0,0,0
0.0,0.0,0.0,0.0,0.0,0.0,0.0,0.0,0,0
-2519913.157930077,200000.00000000003,7936.5079365079355,-2727849.665866585,500000000.00000006,499999999.99999994,1000000000.0,1000000000.0,43,43
0.0,200000.00000000003,0.0,-200000.00000000003,0.0,0.0,0.0,1000000000.0,0,0
0.0,0.0,0.0,0.0,0.0,0.0,0.0,0.0,0,0
0.0,0.0,0.0,0.0,0.0,0.0,0.0,0.0,0,0
0.0,0.0,0.0,0.0,0.0,0.0,0.0,0.0,0,0
0.0,0.0,0.0,0.0,0.0,0.0,0.0,0.0,0,0
0.0,0.0,0.0,0.0,0.0,0.0,0.0,0.0,0,0
0.0,0.0,0.0,0.0,0.0,0.0,0.0,0.0,0,0
0.0,0.0,0.0,0.0,0.0,0.0,0.0,0.0,0,0
0.0,0.0,0.0,0.0,0.0,0.0,0.0,0.0,0,0
0.0,0.0,0.0,0.0,0.0,0.0,0.0,0.0,0,0
0.0,0.0,0.0,0.0,0.0,0.0,0.0,0.0,0,0
0.0,0.0,0.0,0.0,0.0,0.0,0.0,0.0,0,0
0.0,0.0,0.0,0.0,0.0,0.0,0.0,0.0,0,0
0.0,0.0,0.0,0.0,0.0,0.0,0.0,0.0,0,0
0.0,0.0,0.0,0.0,0.0,0.0,0.0,0.0,0,0
0.0,0.0,0.0,0.0,0.0,0.0,0.0,0.0,0,0
-2095516.6092260268,199999.99999999997,7936.507936507937,-2303453.1171625345,499999999.99999994,499999999.99999994,999999999.9999999,999999999.9999999,44,44
0.0,199999.99999999997,0.0,-199999.99999999997,0.0,0.0,0.0,999999999.9999999,0,0
0.0,0.0,0.0,0.0,0.0,0.0,0.0,0.0,0,0
0.0,0.0,0.0,0.0,0.0,0.0,0.0,0.0,0,0
0.0,0.0,0.0,0.0,0.0,0.0,0.0,0.0,0,0
4274466.100201294,200000.00000000003,7936.50793650794,4066529.592264786,499999999.9999999,500000000.0000001,1000000000.0,1000000000.0,44,44
0.0,200000.00000000003,0.0,-200000.00000000003,0.0,0.0,0.0,1000000000.0,0,0
4557469.847093783,200000.00000000006,7936.5079365079355,4349533.339157275,500000000.00000006,500000000.00000006,1000000000.0000001,1000000000.0000001,44,44
0.0,200000.00000000006,0.0,-200000.00000000006,0.0,0.0,0.0,1000000000.0000001,0,0
-2521554.6347469953,200000.0000000001,7936.5079365079355,-2729491.142683503,500000000.0,500000000.0,1000000000.0,1000000000.0,43,43
0.0,200000.0000000001,0.0,-200000.0000000001,0.0,0.0,0.0,1000000000.0,0,0
0.0,0.0,0.0,0.0,0.0,0.0,0.0,0.0,0,0
0.0,0.0,0.0,0.0,0.0,0.0,0.0,0.0,0,0
0.0,0.0,0.0,0.0,0.0,0.0,0.0,0.0,0,0
0.0,0.0,0.0,0.0,0.0,0.0,0.0,0.0,0,0
0.0,0.0,0.0,0.0,0.0,0.0,0.0,0.0,0,0
0.0,0.0,0.0,0.0,0.0,0.0,0.0,0.0,0,0
0.0,0.0,0.0,0.0,0.0,0.0,0.0,0.0,0,0
0.0,0.0,0.0,0.0,0.0,0.0,0.0,0.0,0,0
0.0,0.0,0.0,0.0,0.0,0.0,0.0,0.0,0,0
0.0,0.0,0.0,0.0,0.0,0.0,0.0,0.0,0,0
0.0,0.0,0.0,0.0,0.0,0.0,0.0,0.0,0,0
0.0,0.0,0.0,0.0,0.0,0.0,0.0,0.0,0,0
0.0,0.0,0.0,0.0,0.0,0.0,0.0,0.0,0,0
0.0,0.0,0.0,0.0,0.0,0.0,0.0,0.0,0,0
0.0,0.0,0.0,0.0,0.0,0.0,0.0,0.0,0,0
0.0,0.0,0.0,0.0,0.0,0.0,0.0,0.0,0,0
0.0,0.0,0.0,0.0,0.0,0.0,0.0,0.0,0,0
0.0,0.0,0.0,0.0,0.0,0.0,0.0,0.0,0,0
0.0,0.0,0.0,0.0,0.0,0.0,0.0,0.0,0,0
0.0,0.0,0.0,0.0,0.0,0.0,0.0,0.0,0,0
0.0,0.0,0.0,0.0,0.0,0.0,0.0,0.0,0,0
0.0,0.0,0.0,0.0,0.0,0.0,0.0,0.0,0,0
0.0,0.0,0.0,0.0,0.0,0.0,0.0,0.0,0,0
0.0,0.0,0.0,0.0,0.0,0.0,0.0,0.0,0,0
0.0,0.0,0.0,0.0,0.0,0.0,0.0,0.0,0,0
0.0,0.0,0.0,0.0,0.0,0.0,0.0,0.0,0,0
0.0,0.0,0.0,0.0,0.0,0.0,0.0,0.0,0,0
0.0,0.0,0.0,0.0,0.0,0.0,0.0,0.0,0,0
0.0,0.0,0.0,0.0,0.0,0.0,0.0,0.0,0,0
0.0,0.0,0.0,0.0,0.0,0.0,0.0,0.0,0,0
0.0,0.0,0.0,0.0,0.0,0.0,0.0,0.0,0,0
0.0,0.0,0.0,0.0,0.0,0.0,0.0,0.0,0,0
0.0,0.0,0.0,0.0,0.0,0.0,0.0,0.0,0,0
0.0,0.0,0.0,0.0,0.0,0.0,0.0,0.0,0,0
0.0,0.0,0.0,0.0,0.0,0.0,0.0,0.0,0,0
0.0,0.0,0.0,0.0,0.0,0.0,0.0,0.0,0,0
0.0,0.0,0.0,0.0,0.0,0.0,0.0,0.0,0,0
0.0,0.0,0.0,0.0,0.0,0.0,0.0,0.0,0,0
0.0,0.0,0.0,0.0,0.0,0.0,0.0,0.0,0,0
0.0,0.0,0.0,0.0,0.0,0.0,0.0,0.0,0,0
0.0,0.0,0.0,0.0,0.0,0.0,0.0,0.0,0,0
0.0,0.0,0.0,0.0,0.0,0.0,0.0,0.0,0,0
0.0,0.0,0.0,0.0,0.0,0.0,0.0,0.0,0,0
0.0,0.0,0.0,0.0,0.0,0.0,0.0,0.0,0,0
0.0,0.0,0.0,0.0,0.0,0.0,0.0,0.0,0,0
0.0,0.0,0.0,0.0,0.0,0.0,0.0,0.0,0,0
0.0,0.0,0.0,0.0,0.0,0.0,0.0,0.0,0,0
2294831.272524821,200000.0,7936.507936507936,2086894.7645883132,500000000.0,500000000.0,1000000000.0,1000000000.0,43,43
0.0,200000.0,0.0,-200000.0,0.0,0.0,0.0,1000000000.0,0,0
0.0,0.0,0.0,0.0,0.0,0.0,0.0,0.0,0,0
0.0,0.0,0.0,0.0,0.0,0.0,0.0,0.0,0,0
0.0,0.0,0.0,0.0,0.0,0.0,0.0,0.0,0,0
0.0,0.0,0.0,0.0,0.0,0.0,0.0,0.0,0,0
-722183.4945389804,200000.00000000006,7936.507936507936,-930120.0024754885,499999999.99999994,499999999.99999994,999999999.9999999,999999999.9999999,43,43
0.0,200000.00000000006,0.0,-200000.00000000006,0.0,0.0,0.0,999999999.9999999,0,0
0.0,0.0,0.0,0.0,0.0,0.0,0.0,0.0,0,0
0.0,0.0,0.0,0.0,0.0,0.0,0.0,0.0,0,0
0.0,0.0,0.0,0.0,0.0,0.0,0.0,0.0,0,0
0.0,0.0,0.0,0.0,0.0,0.0,0.0,0.0,0,0
0.0,0.0,0.0,0.0,0.0,0.0,0.0,0.0,0,0
0.0,0.0,0.0,0.0,0.0,0.0,0.0,0.0,0,0
0.0,0.0,0.0,0.0,0.0,0.0,0.0,0.0,0,0
0.0,0.0,0.0,0.0,0.0,0.0,0.0,0.0,0,0
0.0,0.0,0.0,0.0,0.0,0.0,0.0,0.0,0,0
-1193.6730538078039,200000.00000000003,7936.507936507936,-209130.18099031577,499999999.99999994,499999999.99999994,999999999.9999999,999999999.9999999,43,43
0.0,200000.00000000003,0.0,-200000.00000000003,0.0,0.0,0.0,999999999.9999999,0,0
0.0,0.0,0.0,0.0,0.0,0.0,0.0,0.0,0,0
0.0,0.0,0.0,0.0,0.0,0.0,0.0,0.0,0,0
0.0,0.0,0.0,0.0,0.0,0.0,0.0,0.0,0,0
0.0,0.0,0.0,0.0,0.0,0.0,0.0,0.0,0,0
0.0,0.0,0.0,0.0,0.0,0.0,0.0,0.0,0,0
0.0,0.0,0.0,0.0,0.0,0.0,0.0,0.0,0,0
0.0,0.0,0.0,0.0,0.0,0.0,0.0,0.0,0,0
0.0,0.0,0.0,0.0,0.0,0.0,0.0,0.0,0,0
0.0,0.0,0.0,0.0,0.0,0.0,0.0,0.0,0,0
0.0,0.0,0.0,0.0,0.0,0.0,0.0,0.0,0,0
0.0,0.0,0.0,0.0,0.0,0.0,0.0,0.0,0,0
0.0,0.0,0.0,0.0,0.0,0.0,0.0,0.0,0,0
0.0,0.0,0.0,0.0,0.0,0.0,0.0,0.0,0,0
0.0,0.0,0.0,0.0,0.0,0.0,0.0,0.0,0,0
0.0,0.0,0.0,0.0,0.0,0.0,0.0,0.0,0,0
0.0,0.0,0.0,0.0,0.0,0.0,0.0,0.0,0,0
0.0,0.0,0.0,0.0,0.0,0.0,0.0,0.0,0,0
0.0,0.0,0.0,0.0,0.0,0.0,0.0,0.0,0,0
0.0,0.0,0.0,0.0,0.0,0.0,0.0,0.0,0,0
0.0,0.0,0.0,0.0,0.0,0.0,0.0,0.0,0,0
0.0,0.0,0.0,0.0,0.0,0.0,0.0,0.0,0,0
0.0,0.0,0.0,0.0,0.0,0.0,0.0,0.0,0,0
0.0,0.0,0.0,0.0,0.0,0.0,0.0,0.0,0,0
852448.2121778642,200000.00000000003,7936.5079365079355,644511.7042413562,500000000.0,499999999.99999994,1000000000.0,1000000000.0,43,43
0.0,200000.00000000003,0.0,-200000.00000000003,0.0,0.0,0.0,1000000000.0,0,0
0.0,0.0,0.0,0.0,0.0,0.0,0.0,0.0,0,0
0.0,0.0,0.0,0.0,0.0,0.0,0.0,0.0,0,0
0.0,0.0,0.0,0.0,0.0,0.0,0.0,0.0,0,0
0.0,0.0,0.0,0.0,0.0,0.0,0.0,0.0,0,0
0.0,0.0,0.0,0.0,0.0,0.0,0.0,0.0,0,0
0.0,0.0,0.0,0.0,0.0,0.0,0.0,0.0,0,0
0.0,0.0,0.0,0.0,0.0,0.0,0.0,0.0,0,0
0.0,0.0,0.0,0.0,0.0,0.0,0.0,0.0,0,0
0.0,0.0,0.0,0.0,0.0,0.0,0.0,0.0,0,0
0.0,0.0,0.0,0.0,0.0,0.0,0.0,0.0,0,0
0.0,0.0,0.0,0.0,0.0,0.0,0.0,0.0,0,0
0.0,0.0,0.0,0.0,0.0,0.0,0.0,0.0,0,0
0.0,0.0,0.0,0.0,0.0,0.0,0.0,0.0,0,0
0.0,0.0,0.0,0.0,0.0,0.0,0.0,0.0,0,0
-1310362.1307090307,199999.99999999997,7936.507936507938,-1518298.6386455386,500000000.0,500000000.0,1000000000.0,1000000000.0,40,40
0.0,199999.99999999997,0.0,-199999.99999999997,0.0,0.0,0.0,1000000000.0,0,0
0.0,0.0,0.0,0.0,0.0,0.0,0.0,0.0,0,0
0.0,0.0,0.0,0.0,0.0,0.0,0.0,0.0,0,0
0.0,0.0,0.0,0.0,0.0,0.0,0.0,0.0,0,0
0.0,0.0,0.0,0.0,0.0,0.0,0.0,0.0,0,0
0.0,0.0,0.0,0.0,0.0,0.0,0.0,0.0,0,0
0.0,0.0,0.0,0.0,0.0,0.0,0.0,0.0,0,0
0.0,0.0,0.0,0.0,0.0,0.0,0.0,0.0,0,0
0.0,0.0,0.0,0.0,0.0,0.0,0.0,0.0,0,0
0.0,0.0,0.0,0.0,0.0,0.0,0.0,0.0,0,0
0.0,0.0,0.0,0.0,0.0,0.0,0.0,0.0,0,0
0.0,0.0,0.0,0.0,0.0,0.0,0.0,0.0,0,0
0.0,0.0,0.0,0.0,0.0,0.0,0.0,0.0,0,0
0.0,0.0,0.0,0.0,0.0,0.0,0.0,0.0,0,0
0.0,0.0,0.0,0.0,0.0,0.0,0.0,0.0,0,0
0.0,0.0,0.0,0.0,0.0,0.0,0.0,0.0,0,0
0.0,0.0,0.0,0.0,0.0,0.0,0.0,0.0,0,0
0.0,0.0,0.0,0.0,0.0,0.0,0.0,0.0,0,0
-2564188.510125621,199999.99999999994,7936.507936507936,-2772125.018062129,499999999.99999994,500000000.0,1000000000.0,999999999.9999999,43,43
-1037848.1065743078,402042.53996732703,7936.5079365079355,-1447827.1544781427,499999999.99999994,500000000.0,1000000000.0,969890673.182898,43,43
-3847497.70758309,400000.0000000001,7936.507936507935,-4255434.215519599,500000000.0,500000000.00000006,1000000000.0,1200171618.4243493,43,43
10423702.20507389,401830.5436529483,7936.507936507936,10013935.153484434,499999999.99999994,499999999.99999994,999999999.9999999,1452293130.564892,43,43
1276702.7614348389,399999.99999999994,7936.507936507936,868766.253498331,500000000.0,499999999.99999994,1000000000.0,1527553545.8643153,43,43
3309174.2619531215,409685.7609665136,7936.5079365079355,2891551.9930501,500000000.0,500000000.0,1000000000.0,1507451397.7133338,43,43
0.0,200000.00000000012,0.0,-200000.00000000012,0.0,0.0,0.0,1000000000.0,0,0
345078.07380464836,200000.00000000006,7936.507936507936,137141.56586814037,500000000.0,500000000.00000006,1000000000.0,1000000000.0,41,41
893644.9178658781,399999.99999999994,7936.5079365079355,485708.4099293702,500000000.00000006,500000000.0,1000000000.0,1283438530.5733466,41,41
0.0,200000.0,0.0,-200000.0,0.0,0.0,0.0,1000000000.0000001,0,0
0.0,0.0,0.0,0.0,0.0,0.0,0.0,0.0,0,0
-1571037.7677479072,199999.99999999997,7936.507936507936,-1778974.2756844151,499999999.99999994,500000000.0,1000000000.0,999999999.9999999,39,39
6290088.27912618,411043.75002283533,7936.507936507936,5871108.021166837,500000000.0,500000000.0,1000000000.0,1480163682.9898248,35,35
-5658149.868642383,421652.51444394916,7936.507936507935,-6087738.8910228405,499999999.99999994,499999999.99999994,999999999.9999999,1711506191.8236284,34,34
8235789.432541493,412477.779011399,7936.507936507937,7815375.145593586,500000000.00000006,500000000.00000006,1000000000.0000001,1673216400.971415,36,36
1479870.5514673998,425262.0840400128,7936.5079365079355,1046671.959490879,500000000.0,500000000.00000006,1000000000.0,1877683042.882908,38,38
12697056.042514913,433320.2420069164,7936.507936507933,12255799.292571489,499999999.99999994,499999999.99999994,999999999.9999999,1877158265.4084456,39,39
457405.52180639596,400000.00000000006,7936.507936507939,49469.01386988797,500000000.00000006,500000000.0,1000000000.0,1521639943.9396348,36,36
0.0,199999.99999999994,0.0,-199999.99999999994,0.0,0.0,0.0,1000000000.0000001,0,0
0.0,0.0,0.0,0.0,0.0,0.0,0.0,0.0,0,0
0.0,0.0,0.0,0.0,0.0,0.0,0.0,0.0,0,0
0.0,0.0,0.0,0.0,0.0,0.0,0.0,0.0,0,0
0.0,0.0,0.0,0.0,0.0,0.0,0.0,0.0,0,0
-3925711.888767201,199999.99999999997,7936.507936507935,-4133648.396703709,500000000.00000006,499999999.99999994,1000000000.0,1000000000.0,40,40
0.0,199999.99999999997,0.0,-199999.99999999997,0.0,0.0,0.0,1000000000.0,0,0
-923245.459123237,200000.00000000003,7936.507936507936,-1131181.967059745,500000000.0,500000000.00000006,1000000000.0,1000000000.0000001,43,43
0.0,200000.00000000003,0.0,-200000.00000000003,0.0,0.0,0.0,1000000000.0000001,0,0
0.0,0.0,0.0,0.0,0.0,0.0,0.0,0.0,0,0
0.0,0.0,0.0,0.0,0.0,0.0,0.0,0.0,0,0
0.0,0.0,0.0,0.0,0.0,0.0,0.0,0.0,0,0
0.0,0.0,0.0,0.0,0.0,0.0,0.0,0.0,0,0
9666602.967241172,200000.00000000006,7936.5079365079355,9458666.459304664,500000000.00000006,500000000.0,1000000000.0,1000000000.0,43,43
-4735841.681105969,401925.3256951372,7936.5079365079355,-5145703.514737614,500000000.00000006,500000000.00000006,1000000000.0000001,1213993734.794068,43,43
6739216.390000211,400000.00000000006,7936.507936507936,6331279.882063703,500000000.00000006,500000000.0,1000000000.0,1335775399.563773,44,44
-2350375.134544423,405444.05721549666,7936.507936507937,-2763755.6996964277,500000000.0,500000000.0,1000000000.0,1384460702.4633248,43,43
3762897.9631790346,404347.39029854507,7936.507936507937,3350614.064943982,500000000.0,500000000.0,1000000000.0,1428345436.5142024,43,43
0.0,200000.0000000001,0.0,-200000.0000000001,0.0,0.0,0.0,1000000000.0,0,0
-2902342.0286663016,199999.99999999997,7936.507936507937,-3110278.5366028096,499999999.99999994,500000000.0,1000000000.0,999999999.9999999,42,42
0.0,199999.99999999997,0.0,-199999.99999999997,0.0,0.0,0.0,999999999.9999999,0,0
0.0,0.0,0.0,0.0,0.0,0.0,0.0,0.0,0,0
0.0,0.0,0.0,0.0,0.0,0.0,0.0,0.0,0,0
-869530.233406833,200000.00000000012,7936.507936507938,-1077466.741343341,500000000.00000006,499999999.99999994,1000000000.0,1000000000.0,42,42
-4859181.831019966,405388.8530636009,7936.507936507937,-5272507.192020075,499999999.99999994,500000000.0,1000000000.0,1566118870.2634218,42,42
0.0,199999.9999999999,0.0,-199999.9999999999,0.0,0.0,0.0,999999999.9999999,0,0
5997484.482924699,199999.99999999988,7936.507936507937,5789547.97498819,499999999.99999994,500000000.0,1000000000.0,1000000000.0,43,43
0.0,199999.99999999988,0.0,-199999.99999999988,0.0,0.0,0.0,1000000000.0,0,0
0.0,0.0,0.0,0.0,0.0,0.0,0.0,0.0,0,0
-2582276.6816051374,199999.99999999988,7936.507936507936,-2790213.1895416453,500000000.00000006,499999999.99999994,1000000000.0,1000000000.0,43,43
0.0,199999.99999999988,0.0,-199999.99999999988,0.0,0.0,0.0,1000000000.0,0,0
754068.9434131018,200000.00000000006,7936.507936507937,546132.4354765939,500000000.00000006,499999999.99999994,1000000000.0,1000000000.0,42,42
0.0,200000.00000000006,0.0,-200000.00000000006,0.0,0.0,0.0,1000000000.0,0,0
-404324.6806929738,199999.99999999994,7936.507936507936,-612261.1886294817,499999999.99999994,500000000.00000006,1000000000.0,1000000000.0,42,42
0.0,199999.99999999994,0.0,-199999.99999999994,0.0,0.0,0.0,1000000000.0,0,0
3303107.3826859165,200000.00000000006,7936.507936507933,3095170.8747494086,500000000.0,499999999.9999999,999999999.9999999,999999999.9999999,43,43
-2456042.585701257,409499.3831113618,7936.507936507937,-2873478.476749127,500000000.00000006,500000000.0,1000000000.0,1613134817.3613899,44,44
712984.1145868514,417524.09373661707,7936.507936507936,287523.51291372644,500000000.0,500000000.00000006,1000000000.0,1696762610.4040227,44,44
0.0,200000.0,0.0,-200000.0,0.0,0.0,0.0,1000000000.0000001,0,0
0.0,0.0,0.0,0.0,0.0,0.0,0.0,0.0,0,0
-5712908.919722601,200000.0,7936.507936507937,-5920845.427659109,500000000.00000006,500000000.0,1000000000.0,1000000000.0000001,44,44
8129139.970777566,404672.9020764827,7936.507936507936,7716530.560764574,500000000.0,500000000.0,1000000000.0,1408249599.871544,44,44
3171617.5038858573,404683.5376322698,7936.5079365079355,2758997.4583170796,500000000.00000006,500000000.00000006,1000000000.0000001,1793655675.0221984,44,44
0.0,199999.99999999994,0.0,-199999.99999999994,0.0,0.0,0.0,1000000000.0000001,0,0
0.0,0.0,0.0,0.0,0.0,0.0,0.0,0.0,0,0
-1117197.8191803622,200000.00000000003,7936.507936507937,-1325134.32711687,500000000.0,500000000.0,1000000000.0,1000000000.0,44,44
0.0,200000.00000000003,0.0,-200000.00000000003,0.0,0.0,0.0,1000000000.0,0,0
-6514697.118244415,200000.00000000003,7936.5079365079355,-6722633.626180924,500000000.0,499999999.99999994,1000000000.0,1000000000.0,44,44
0.0,200000.00000000003,0.0,-200000.00000000003,0.0,0.0,0.0,1000000000.0,0,0
0.0,0.0,0.0,0.0,0.0,0.0,0.0,0.0,0,0
0.0,0.0,0.0,0.0,0.0,0.0,0.0,0.0,0,0
0.0,0.0,0.0,0.0,0.0,0.0,0.0,0.0,0,0
0.0,0.0,0.0,0.0,0.0,0.0,0.0,0.0,0,0
0.0,0.0,0.0,0.0,0.0,0.0,0.0,0.0,0,0
0.0,0.0,0.0,0.0,0.0,0.0,0.0,0.0,0,0
0.0,0.0,0.0,0.0,0.0,0.0,0.0,0.0,0,0
0.0,0.0,0.0,0.0,0.0,0.0,0.0,0.0,0,0
1720962.632987825,200000.0,7936.507936507936,1513026.125051317,500000000.0,499999999.99999994,1000000000.0,1000000000.0,40,40
0.0,200000.0,0.0,-200000.0,0.0,0.0,0.0,1000000000.0,0,0
0.0,0.0,0.0,0.0,0.0,0.0,0.0,0.0,0,0
0.0,0.0,0.0,0.0,0.0,0.0,0.0,0.0,0,0
0.0,0.0,0.0,0.0,0.0,0.0,0.0,0.0,0,0
0.0,0.0,0.0,0.0,0.0,0.0,0.0,0.0,0,0
0.0,0.0,0.0,0.0,0.0,0.0,0.0,0.0,0,0
0.0,0.0,0.0,0.0,0.0,0.0,0.0,0.0,0,0
0.0,0.0,0.0,0.0,0.0,0.0,0.0,0.0,0,0
988892.9930046899,200000.0000000001,7936.507936507939,780956.4850681819,500000000.0,500000000.00000006,1000000000.0,1000000000.0000001,38,38
0.0,200000.0000000001,0.0,-200000.0000000001,0.0,0.0,0.0,1000000000.0000001,0,0
0.0,0.0,0.0,0.0,0.0,0.0,0.0,0.0,0,0
0.0,0.0,0.0,0.0,0.0,0.0,0.0,0.0,0,0
0.0,0.0,0.0,0.0,0.0,0.0,0.0,0.0,0,0
0.0,0.0,0.0,0.0,0.0,0.0,0.0,0.0,0,0
0.0,0.0,0.0,0.0,0.0,0.0,0.0,0.0,0,0
0.0,0.0,0.0,0.0,0.0,0.0,0.0,0.0,0,0
0.0,0.0,0.0,0.0,0.0,0.0,0.0,0.0,0,0
0.0,0.0,0.0,0.0,0.0,0.0,0.0,0.0,0,0
0.0,0.0,0.0,0.0,0.0,0.0,0.0,0.0,0,0
0.0,0.0,0.0,0.0,0.0,0.0,0.0,0.0,0,0
0.0,0.0,0.0,0.0,0.0,0.0,0.0,0.0,0,0
0.0,0.0,0.0,0.0,0.0,0.0,0.0,0.0,0,0
0.0,0.0,0.0,0.0,0.0,0.0,0.0,0.0,0,0
0.0,0.0,0.0,0.0,0.0,0.0,0.0,0.0,0,0
0.0,0.0,0.0,0.0,0.0,0.0,0.0,0.0,0,0
0.0,0.0,0.0,0.0,0.0,0.0,0.0,0.0,0,0
0.0,0.0,0.0,0.0,0.0,0.0,0.0,0.0,0,0
1556935.259585548,200000.00000000006,7936.507936507934,1348998.75164904,500000000.0,500000000.0,1000000000.0,1000000000.0,43,43
0.0,200000.00000000006,0.0,-200000.00000000006,0.0,0.0,0.0,1000000000.0,0,0
0.0,0.0,0.0,0.0,0.0,0.0,0.0,0.0,0,0
0.0,0.0,0.0,0.0,0.0,0.0,0.0,0.0,0,0
0.0,0.0,0.0,0.0,0.0,0.0,0.0,0.0,0,0
0.0,0.0,0.0,0.0,0.0,0.0,0.0,0.0,0,0
0.0,0.0,0.0,0.0,0.0,0.0,0.0,0.0,0,0
0.0,0.0,0.0,0.0,0.0,0.0,0.0,0.0,0,0
0.0,0.0,0.0,0.0,0.0,0.0,0.0,0.0,0,0
0.0,0.0,0.0,0.0,0.0,0.0,0.0,0.0,0,0
0.0,0.0,0.0,0.0,0.0,0.0,0.0,0.0,0,0
0.0,0.0,0.0,0.0,0.0,0.0,0.0,0.0,0,0
0.0,0.0,0.0,0.0,0.0,0.0,0.0,0.0,0,0
0.0,0.0,0.0,0.0,0.0,0.0,0.0,0.0,0,0
0.0,0.0,0.0,0.0,0.0,0.0,0.0,0.0,0,0
0.0,0.0,0.0,0.0,0.0,0.0,0.0,0.0,0,0
0.0,0.0,0.0,0.0,0.0,0.0,0.0,0.0,0,0
0.0,0.0,0.0,0.0,0.0,0.0,0.0,0.0,0,0
0.0,0.0,0.0,0.0,0.0,0.0,0.0,0.0,0,0
0.0,0.0,0.0,0.0,0.0,0.0,0.0,0.0,0,0
0.0,0.0,0.0,0.0,0.0,0.0,0.0,0.0,0,0
-2845468.5291246045,199999.99999999997,7936.507936507935,-3053405.0370611125,500000000.0,500000000.0,1000000000.0,1000000000.0,43,43
0.0,199999.99999999997,0.0,-199999.99999999997,0.0,0.0,0.0,1000000000.0,0,0
0.0,0.0,0.0,0.0,0.0,0.0,0.0,0.0,0,0
0.0,0.0,0.0,0.0,0.0,0.0,0.0,0.0,0,0
0.0,0.0,0.0,0.0,0.0,0.0,0.0,0.0,0,0
0.0,0.0,0.0,0.0,0.0,0.0,0.0,0.0,0,0
0.0,0.0,0.0,0.0,0.0,0.0,0.0,0.0,0,0
0.0,0.0,0.0,0.0,0.0,0.0,0.0,0.0,0,0
0.0,0.0,0.0,0.0,0.0,0.0,0.0,0.0,0,0
-17036.39830364088,199999.99999999997,7936.507936507933,-224972.9062401488,500000000.0,500000000.0,1000000000.0,1000000000.0,38,38
-733818.6116296429,401558.6122812061,7936.507936507934,-1143313.731847357,500000000.0,500000000.0,1000000000.0,1329847631.5283349,38,38
0.0,200000.00000000003,0.0,-200000.00000000003,0.0,0.0,0.0,1000000000.0,0,0
-3378965.1189063527,200000.00000000003,7936.5079365079355,-3586901.6268428606,500000000.0,499999999.99999994,1000000000.0,999999999.9999999,34,34
0.0,200000.00000000003,0.0,-200000.00000000003,0.0,0.0,0.0,999999999.9999999,0,0
0.0,0.0,0.0,0.0,0.0,0.0,0.0,0.0,0,0
0.0,0.0,0.0,0.0,0.0,0.0,0.0,0.0,0,0
0.0,0.0,0.0,0.0,0.0,0.0,0.0,0.0,0,0
0.0,0.0,0.0,0.0,0.0,0.0,0.0,0.0,0,0
0.0,0.0,0.0,0.0,0.0,0.0,0.0,0.0,0,0
-5211373.569281647,200000.00000000003,7936.507936507939,-5419310.077218155,499999999.99999994,500000000.00000006,1000000000.0,1000000000.0,38,38
-2043986.644006812,402330.4323243725,7936.507936507936,-2454253.5842676926,500000000.0,500000000.0,1000000000.0,1562334207.4638252,40,40
0.0,200000.0000000001,0.0,-200000.0000000001,0.0,0.0,0.0,1000000000.0,0,0
-2205259.3647552463,200000.00000000003,7936.5079365079355,-2413195.8726917543,500000000.0,499999999.99999994,1000000000.0,1000000000.0,40,40
0.0,200000.00000000003,0.0,-200000.00000000003,0.0,0.0,0.0,1000000000.0,0,0
4301962.499181165,200000.0,7936.5079365079355,4094025.9912446574,500000000.0,499999999.99999994,1000000000.0,1000000000.0,43,43
-5179663.338143946,402182.15233395476,7936.5079365079355,-5589781.998414408,500000000.00000006,500000000.0,1000000000.0,1254772361.7462988,43,43
-102826.3224842565,400000.0000000002,7936.507936507938,-510762.8304207646,500000000.00000006,500000000.00000006,1000000000.0000001,1088692411.3319705,43,43
-2959738.700248383,408376.0037853331,7936.507936507937,-3376051.211970224,500000000.0,500000000.0,1000000000.0,1196554174.3652165,43,43
0.0,200000.00000000006,0.0,-200000.00000000006,0.0,0.0,0.0,1000000000.0,0,0
0.0,0.0,0.0,0.0,0.0,0.0,0.0,0.0,0,0
0.0,0.0,0.0,0.0,0.0,0.0,0.0,0.0,0,0
0.0,0.0,0.0,0.0,0.0,0.0,0.0,0.0,0,0
0.0,0.0,0.0,0.0,0.0,0.0,0.0,0.0,0,0
0.0,0.0,0.0,0.0,0.0,0.0,0.0,0.0,0,0
0.0,0.0,0.0,0.0,0.0,0.0,0.0,0.0,0,0
0.0,0.0,0.0,0.0,0.0,0.0,0.0,0.0,0,0
0.0,0.0,0.0,0.0,0.0,0.0,0.0,0.0,0,0
0.0,0.0,0.0,0.0,0.0,0.0,0.0,0.0,0,0
0.0,0.0,0.0,0.0,0.0,0.0,0.0,0.0,0,0
0.0,0.0,0.0,0.0,0.0,0.0,0.0,0.0,0,0
0.0,0.0,0.0,0.0,0.0,0.0,0.0,0.0,0,0
0.0,0.0,0.0,0.0,0.0,0.0,0.0,0.0,0,0
0.0,0.0,0.0,0.0,0.0,0.0,0.0,0.0,0,0
0.0,0.0,0.0,0.0,0.0,0.0,0.0,0.0,0,0
0.0,0.0,0.0,0.0,0.0,0.0,0.0,0.0,0,0
0.0,0.0,0.0,0.0,0.0,0.0,0.0,0.0,0,0
0.0,0.0,0.0,0.0,0.0,0.0,0.0,0.0,0,0
0.0,0.0,0.0,0.0,0.0,0.0,0.0,0.0,0,0
0.0,0.0,0.0,0.0,0.0,0.0,0.0,0.0,0,0
0.0,0.0,0.0,0.0,0.0,0.0,0.0,0.0,0,0
0.0,0.0,0.0,0.0,0.0,0.0,0.0,0.0,0,0
0.0,0.0,0.0,0.0,0.0,0.0,0.0,0.0,0,0
0.0,0.0,0.0,0.0,0.0,0.0,0.0,0.0,0,0
0.0,0.0,0.0,0.0,0.0,0.0,0.0,0.0,0,0
0.0,0.0,0.0,0.0,0.0,0.0,0.0,0.0,0,0
0.0,0.0,0.0,0.0,0.0,0.0,0.0,0.0,0,0
0.0,0.0,0.0,0.0,0.0,0.0,0.0,0.0,0,0
0.0,0.0,0.0,0.0,0.0,0.0,0.0,0.0,0,0
0.0,0.0,0.0,0.0,0.0,0.0,0.0,0.0,0,0
0.0,0.0,0.0,0.0,0.0,0.0,0.0,0.0,0,0
0.0,0.0,0.0,0.0,0.0,0.0,0.0,0.0,0,0
0.0,0.0,0.0,0.0,0.0,0.0,0.0,0.0,0,0
0.0,0.0,0.0,0.0,0.0,0.0,0.0,0.0,0,0
0.0,0.0,0.0,0.0,0.0,0.0,0.0,0.0,0,0
0.0,0.0,0.0,0.0,0.0,0.0,0.0,0.0,0,0
0.0,0.0,0.0,0.0,0.0,0.0,0.0,0.0,0,0
0.0,0.0,0.0,0.0,0.0,0.0,0.0,0.0,0,0
0.0,0.0,0.0,0.0,0.0,0.0,0.0,0.0,0,0
0.0,0.0,0.0,0.0,0.0,0.0,0.0,0.0,0,0
0.0,0.0,0.0,0.0,0.0,0.0,0.0,0.0,0,0
0.0,0.0,0.0,0.0,0.0,0.0,0.0,0.0,0,0
0.0,0.0,0.0,0.0,0.0,0.0,0.0,0.0,0,0
0.0,0.0,0.0,0.0,0.0,0.0,0.0,0.0,0,0
0.0,0.0,0.0,0.0,0.0,0.0,0.0,0.0,0,0
0.0,0.0,0.0,0.0,0.0,0.0,0.0,0.0,0,0
0.0,0.0,0.0,0.0,0.0,0.0,0.0,0.0,0,0
0.0,0.0,0.0,0.0,0.0,0.0,0.0,0.0,0,0
0.0,0.0,0.0,0.0,0.0,0.0,0.0,0.0,0,0
0.0,0.0,0.0,0.0,0.0,0.0,0.0,0.0,0,0
0.0,0.0,0.0,0.0,0.0,0.0,0.0,0.0,0,0
0.0,0.0,0.0,0.0,0.0,0.0,0.0,0.0,0,0
0.0,0.0,0.0,0.0,0.0,0.0,0.0,0.0,0,0
0.0,0.0,0.0,0.0,0.0,0.0,0.0,0.0,0,0
0.0,0.0,0.0,0.0,0.0,0.0,0.0,0.0,0,0
0.0,0.0,0.0,0.0,0.0,0.0,0.0,0.0,0,0
0.0,0.0,0.0,0.0,0.0,0.0,0.0,0.0,0,0
0.0,0.0,0.0,0.0,0.0,0.0,0.0,0.0,0,0
0.0,0.0,0.0,0.0,0.0,0.0,0.0,0.0,0,0
0.0,0.0,0.0,0.0,0.0,0.0,0.0,0.0,0,0
0.0,0.0,0.0,0.0,0.0,0.0,0.0,0.0,0,0
0.0,0.0,0.0,0.0,0.0,0.0,0.0,0.0,0,0
0.0,0.0,0.0,0.0,0.0,0.0,0.0,0.0,0,0
0.0,0.0,0.0,0.0,0.0,0.0,0.0,0.0,0,0
0.0,0.0,0.0,0.0,0.0,0.0,0.0,0.0,0,0
0.0,0.0,0.0,0.0,0.0,0.0,0.0,0.0,0,0
0.0,0.0,0.0,0.0,0.0,0.0,0.0,0.0,0,0
0.0,0.0,0.0,0.0,0.0,0.0,0.0,0.0,0,0
0.0,0.0,0.0,0.0,0.0,0.0,0.0,0.0,0,0
0.0,0.0,0.0,0.0,0.0,0.0,0.0,0.0,0,0
0.0,0.0,0.0,0.0,0.0,0.0,0.0,0.0,0,0
0.0,0.0,0.0,0.0,0.0,0.0,0.0,0.0,0,0
0.0,0.0,0.0,0.0,0.0,0.0,0.0,0.0,0,0
0.0,0.0,0.0,0.0,0.0,0.0,0.0,0.0,0,0
0.0,0.0,0.0,0.0,0.0,0.0,0.0,0.0,0,0
0.0,0.0,0.0,0.0,0.0,0.0,0.0,0.0,0,0
0.0,0.0,0.0,0.0,0.0,0.0,0.0,0.0,0,0
0.0,0.0,0.0,0.0,0.0,0.0,0.0,0.0,0,0
0.0,0.0,0.0,0.0,0.0,0.0,0.0,0.0,0,0
0.0,0.0,0.0,0.0,0.0,0.0,0.0,0.0,0,0
0.0,0.0,0.0,0.0,0.0,0.0,0.0,0.0,0,0
0.0,0.0,0.0,0.0,0.0,0.0,0.0,0.0,0,0
0.0,0.0,0.0,0.0,0.0,0.0,0.0,0.0,0,0
0.0,0.0,0.0,0.0,0.0,0.0,0.0,0.0,0,0
0.0,0.0,0.0,0.0,0.0,0.0,0.0,0.0,0,0
0.0,0.0,0.0,0.0,0.0,0.0,0.0,0.0,0,0
0.0,0.0,0.0,0.0,0.0,0.0,0.0,0.0,0,0
0.0,0.0,0.0,0.0,0.0,0.0,0.0,0.0,0,0
0.0,0.0,0.0,0.0,0.0,0.0,0.0,0.0,0,0
0.0,0.0,0.0,0.0,0.0,0.0,0.0,0.0,0,0
0.0,0.0,0.0,0.0,0.0,0.0,0.0,0.0,0,0
0.0,0.0,0.0,0.0,0.0,0.0,0.0,0.0,0,0
0.0,0.0,0.0,0.0,0.0,0.0,0.0,0.0,0,0
0.0,0.0,0.0,0.0,0.0,0.0,0.0,0.0,0,0
0.0,0.0,0.0,0.0,0.0,0.0,0.0,0.0,0,0
0.0,0.0,0.0,0.0,0.0,0.0,0.0,0.0,0,0
0.0,0.0,0.0,0.0,0.0,0.0,0.0,0.0,0,0
0.0,0.0,0.0,0.0,0.0,0.0,0.0,0.0,0,0
0.0,0.0,0.0,0.0,0.0,0.0,0.0,0.0,0,0
0.0,0.0,0.0,0.0,0.0,0.0,0.0,0.0,0,0
0.0,0.0,0.0,0.0,0.0,0.0,0.0,0.0,0,0
0.0,0.0,0.0,0.0,0.0,0.0,0.0,0.0,0,0
0.0,0.0,0.0,0.0,0.0,0.0,0.0,0.0,0,0
0.0,0.0,0.0,0.0,0.0,0.0,0.0,0.0,0,0
0.0,0.0,0.0,0.0,0.0,0.0,0.0,0.0,0,0
0.0,0.0,0.0,0.0,0.0,0.0,0.0,0.0,0,0
0.0,0.0,0.0,0.0,0.0,0.0,0.0,0.0,0,0
0.0,0.0,0.0,0.0,0.0,0.0,0.0,0.0,0,0
0.0,0.0,0.0,0.0,0.0,0.0,0.0,0.0,0,0
0.0,0.0,0.0,0.0,0.0,0.0,0.0,0.0,0,0
0.0,0.0,0.0,0.0,0.0,0.0,0.0,0.0,0,0
0.0,0.0,0.0,0.0,0.0,0.0,0.0,0.0,0,0
0.0,0.0,0.0,0.0,0.0,0.0,0.0,0.0,0,0
0.0,0.0,0.0,0.0,0.0,0.0,0.0,0.0,0,0
0.0,0.0,0.0,0.0,0.0,0.0,0.0,0.0,0,0
0.0,0.0,0.0,0.0,0.0,0.0,0.0,0.0,0,0
0.0,0.0,0.0,0.0,0.0,0.0,0.0,0.0,0,0
0.0,0.0,0.0,0.0,0.0,0.0,0.0,0.0,0,0
0.0,0.0,0.0,0.0,0.0,0.0,0.0,0.0,0,0
0.0,0.0,0.0,0.0,0.0,0.0,0.0,0.0,0,0
0.0,0.0,0.0,0.0,0.0,0.0,0.0,0.0,0,0
0.0,0.0,0.0,0.0,0.0,0.0,0.0,0.0,0,0
0.0,0.0,0.0,0.0,0.0,0.0,0.0,0.0,0,0
0.0,0.0,0.0,0.0,0.0,0.0,0.0,0.0,0,0
0.0,0.0,0.0,0.0,0.0,0.0,0.0,0.0,0,0
0.0,0.0,0.0,0.0,0.0,0.0,0.0,0.0,0,0
0.0,0.0,0.0,0.0,0.0,0.0,0.0,0.0,0,0
0.0,0.0,0.0,0.0,0.0,0.0,0.0,0.0,0,0
0.0,0.0,0.0,0.0,0.0,0.0,0.0,0.0,0,0
0.0,0.0,0.0,0.0,0.0,0.0,0.0,0.0,0,0
0.0,0.0,0.0,0.0,0.0,0.0,0.0,0.0,0,0
0.0,0.0,0.0,0.0,0.0,0.0,0.0,0.0,0,0
0.0,0.0,0.0,0.0,0.0,0.0,0.0,0.0,0,0
0.0,0.0,0.0,0.0,0.0,0.0,0.0,0.0,0,0
0.0,0.0,0.0,0.0,0.0,0.0,0.0,0.0,0,0
0.0,0.0,0.0,0.0,0.0,0.0,0.0,0.0,0,0
0.0,0.0,0.0,0.0,0.0,0.0,0.0,0.0,0,0
5713893.990816994,199999.99999999997,7936.507936507936,5505957.482880485,500000000.0,499999999.99999994,1000000000.0,1000000000.0,42,42
0.0,199999.99999999997,0.0,-199999.99999999997,0.0,0.0,0.0,1000000000.0,0,0
0.0,0.0,0.0,0.0,0.0,0.0,0.0,0.0,0,0
0.0,0.0,0.0,0.0,0.0,0.0,0.0,0.0,0,0
0.0,0.0,0.0,0.0,0.0,0.0,0.0,0.0,0,0
0.0,0.0,0.0,0.0,0.0,0.0,0.0,0.0,0,0
0.0,0.0,0.0,0.0,0.0,0.0,0.0,0.0,0,0
0.0,0.0,0.0,0.0,0.0,0.0,0.0,0.0,0,0
0.0,0.0,0.0,0.0,0.0,0.0,0.0,0.0,0,0
0.0,0.0,0.0,0.0,0.0,0.0,0.0,0.0,0,0
0.0,0.0,0.0,0.0,0.0,0.0,0.0,0.0,0,0
0.0,0.0,0.0,0.0,0.0,0.0,0.0,0.0,0,0
0.0,0.0,0.0,0.0,0.0,0.0,0.0,0.0,0,0
0.0,0.0,0.0,0.0,0.0,0.0,0.0,0.0,0,0
0.0,0.0,0.0,0.0,0.0,0.0,0.0,0.0,0,0
0.0,0.0,0.0,0.0,0.0,0.0,0.0,0.0,0,0
0.0,0.0,0.0,0.0,0.0,0.0,0.0,0.0,0,0
0.0,0.0,0.0,0.0,0.0,0.0,0.0,0.0,0,0
0.0,0.0,0.0,0.0,0.0,0.0,0.0,0.0,0,0
3210015.9077395853,200000.00000000006,7936.507936507935,3002079.3998030773,500000000.0,500000000.0,1000000000.0,1000000000.0,43,43
-4286791.4898236105,399999.99999999994,7936.507936507937,-4694727.997760119,500000000.00000006,500000000.0,1000000000.0,1464657378.3737898,43,43
-3411846.008330752,399999.9999999999,7936.5079365079355,-3819782.51626726,500000000.0,500000000.0,1000000000.0,1491044725.1161044,43,43
2552674.9325667033,400000.0,7936.507936507935,2144738.4246301954,499999999.99999994,500000000.0,1000000000.0,1436833738.5644433,43,43
360934.87396252394,400000.00000000023,7936.507936507936,-47001.63397398423,500000000.00000006,500000000.00000006,1000000000.0000001,1544579990.2013245,43,43
0.0,200000.00000000003,0.0,-200000.00000000003,0.0,0.0,0.0,1000000000.0000001,0,0
0.0,0.0,0.0,0.0,0.0,0.0,0.0,0.0,0,0
0.0,0.0,0.0,0.0,0.0,0.0,0.0,0.0,0,0
0.0,0.0,0.0,0.0,0.0,0.0,0.0,0.0,0,0
0.0,0.0,0.0,0.0,0.0,0.0,0.0,0.0,0,0
0.0,0.0,0.0,0.0,0.0,0.0,0.0,0.0,0,0
0.0,0.0,0.0,0.0,0.0,0.0,0.0,0.0,0,0
0.0,0.0,0.0,0.0,0.0,0.0,0.0,0.0,0,0
0.0,0.0,0.0,0.0,0.0,0.0,0.0,0.0,0,0
0.0,0.0,0.0,0.0,0.0,0.0,0.0,0.0,0,0
0.0,0.0,0.0,0.0,0.0,0.0,0.0,0.0,0,0
0.0,0.0,0.0,0.0,0.0,0.0,0.0,0.0,0,0
4239871.322658706,199999.99999999994,7936.5079365079355,4031934.8147221985,500000000.0,499999999.99999994,1000000000.0,999999999.9999999,41,41
1468214.8129538144,402043.2354317078,7936.507936507936,1058235.0695855985,499999999.99999994,500000000.0,1000000000.0,1503797640.61333,40,40
0.0,200000.0,0.0,-200000.0,0.0,0.0,0.0,999999999.9999999,0,0
-3005834.3794090026,200000.00000000006,7936.5079365079355,-3213770.8873455105,500000000.0,500000000.0,1000000000.0,1000000000.0,36,36
1189551.7115291164,402742.64984880824,7936.507936507936,778872.5537438001,500000000.00000006,499999999.99999994,1000000000.0,1260125245.6556506,38,38
7336235.02610298,405533.7268095497,7936.507936507935,6922764.791356921,500000000.00000006,500000000.0,1000000000.0,1504576642.8996487,39,39
0.0,200000.00000000003,0.0,-200000.00000000003,0.0,0.0,0.0,1000000000.0,0,0
0.0,0.0,0.0,0.0,0.0,0.0,0.0,0.0,0,0
0.0,0.0,0.0,0.0,0.0,0.0,0.0,0.0,0,0
-1660066.3092729787,200000.0000000001,7936.5079365079355,-1868002.8172094866,500000000.00000006,500000000.00000006,1000000000.0000001,1000000000.0000001,40,40
0.0,200000.0000000001,0.0,-200000.0000000001,0.0,0.0,0.0,1000000000.0000001,0,0
0.0,0.0,0.0,0.0,0.0,0.0,0.0,0.0,0,0
0.0,0.0,0.0,0.0,0.0,0.0,0.0,0.0,0,0
0.0,0.0,0.0,0.0,0.0,0.0,0.0,0.0,0,0
0.0,0.0,0.0,0.0,0.0,0.0,0.0,0.0,0,0
0.0,0.0,0.0,0.0,0.0,0.0,0.0,0.0,0,0
0.0,0.0,0.0,0.0,0.0,0.0,0.0,0.0,0,0
0.0,0.0,0.0,0.0,0.0,0.0,0.0,0.0,0,0
0.0,0.0,0.0,0.0,0.0,0.0,0.0,0.0,0,0
4270627.0721608875,200000.0,7936.5079365079355,4062690.5642243796,500000000.0000001,500000000.0,1000000000.0000001,1000000000.0000001,41,41
601509.9766922717,406479.7315164924,7936.507936507934,187093.73723927134,500000000.0,499999999.99999994,1000000000.0,1523863624.745054,41,41
-6788692.373422974,423052.52212604665,7936.507936507938,-7219681.403485529,500000000.0,500000000.0,1000000000.0,1617144841.5044708,40,40
-8118341.648024507,400000.00000000023,7936.507936507937,-8526278.155961014,500000000.0,500000000.0,1000000000.0,1530897337.5094004,40,40
3182507.7661874,400000.0,7936.5079365079355,2774571.258250892,500000000.0,500000000.0,1000000000.0,1585734323.4683883,41,41
3453335.195569221,408704.85696604097,7936.507936507934,3036693.830666672,500000000.0000001,500000000.00000006,1000000000.0000002,1646593633.9358153,43,43
-261430.3704114661,416531.3470753165,7936.507936507937,-685898.2254232905,499999999.99999994,500000000.0,1000000000.0,1702364245.9030266,44,44
-3923486.634854746,413098.3971710531,7936.507936507937,-4344521.539962308,499999999.9999999,500000000.0,999999999.9999999,1712458843.1674058,44,44
-6754629.353492085,402042.9098389774,7936.507936507937,-7164608.771267571,499999999.9999999,500000000.0,999999999.9999999,1623905748.9090683,44,44
0.0,200000.00000000003,0.0,-200000.00000000003,0.0,0.0,0.0,999999999.9999999,0,0
0.0,0.0,0.0,0.0,0.0,0.0,0.0,0.0,0,0
0.0,0.0,0.0,0.0,0.0,0.0,0.0,0.0,0,0
0.0,0.0,0.0,0.0,0.0,0.0,0.0,0.0,0,0
0.0,0.0,0.0,0.0,0.0,0.0,0.0,0.0,0,0
0.0,0.0,0.0,0.0,0.0,0.0,0.0,0.0,0,0
0.0,0.0,0.0,0.0,0.0,0.0,0.0,0.0,0,0
0.0,0.0,0.0,0.0,0.0,0.0,0.0,0.0,0,0
0.0,0.0,0.0,0.0,0.0,0.0,0.0,0.0,0,0
0.0,0.0,0.0,0.0,0.0,0.0,0.0,0.0,0,0
0.0,0.0,0.0,0.0,0.0,0.0,0.0,0.0,0,0
0.0,0.0,0.0,0.0,0.0,0.0,0.0,0.0,0,0
10816261.533592466,200000.00000000003,7936.507936507938,10608325.025655959,500000000.0,500000000.00000006,1000000000.0,1000000000.0000001,40,40
-2452304.1001460203,400000.00000000006,7936.507936507939,-2860240.608082528,500000000.0,500000000.00000006,1000000000.0,1713561370.3490293,36,36
61311.27133163839,409547.90670404333,7936.507936507936,-356173.14330891287,500000000.0,500000000.0,1000000000.0,1759977992.933175,35,35
6209756.373965889,426619.95624732604,7936.507936507936,5775199.909782055,500000000.00000006,500000000.00000006,1000000000.0000001,1892389238.3334873,35,35
2910442.7325735725,426110.49141360336,7936.507936507937,2476395.733223461,500000000.0,499999999.99999994,1000000000.0,1827407302.7365532,34,34
550620.7287162122,430114.34276616893,7936.5079365079355,112569.87801353534,500000000.0,500000000.0,1000000000.0,1870274069.2435155,34,34
-630725.3062995337,400000.0,7936.507936507937,-1038661.8142360416,500000000.0,500000000.00000006,1000000000.0,1772638206.020185,35,35
7576276.187249824,400000.00000000006,7936.5079365079355,7168339.679313316,499999999.99999994,500000000.0,1000000000.0,1611401927.594096,34,34
6320129.188942494,399999.9999999999,7936.507936507936,5912192.6810059855,500000000.00000006,500000000.0,1000000000.0,1412957401.4340963,34,34
23314813.058743484,399999.99999999977,7936.50793650794,22906876.550806977,500000000.00000006,500000000.0000001,1000000000.0000002,1583139518.2515526,34,34
9035535.464966437,403937.46222966124,7936.5079365079355,8623661.494800268,500000000.00000006,500000000.0,1000000000.0,1459139546.8519933,34,34
283211.67618980585,414310.17048390023,7936.50793650794,-139035.00223060232,500000000.0,500000000.0,1000000000.0,1655779861.3652751,34,34
718454.4657272842,400000.00000000006,7936.5079365079355,310517.9577907762,500000000.0,500000000.0,1000000000.0,1591100109.4741244,34,34
-1851712.614041769,399999.9999999999,7936.507936507937,-2259649.121978277,500000000.0,500000000.00000006,1000000000.0,1470576214.8670514,36,36
9179280.48082108,404212.54888883024,7936.5079365079355,8767131.423995743,500000000.0,499999999.99999994,1000000000.0,1599031299.8529558,36,36
2388458.6762643056,399999.99999999977,7936.507936507935,1980522.168327798,500000000.0,500000000.0,1000000000.0,1590770224.1752677,38,38
6122455.097258104,404942.7962566419,7936.5079365079355,5709575.793064954,500000000.0,500000000.0,1000000000.0,1791808474.112343,38,38
1984381.5372229381,400000.0000000001,7936.507936507932,1576445.0292864302,500000000.0,499999999.99999994,1000000000.0,1900129477.159565,40,40
-205790.0540009786,404553.6263210357,7936.5079365079355,-618280.1882585222,500000000.0,500000000.0,1000000000.0,1753122323.2684705,40,40
-3652936.175098384,409484.1235652539,7936.507936507936,-4070356.8066001455,500000000.0,499999999.99999994,1000000000.0,1669444053.2838173,39,39
-1790753.667887145,407248.0646510804,7936.507936507936,-2205938.240474733,500000000.00000006,500000000.00000006,1000000000.0000001,1827482945.9215102,37,37
1726958.0319413315,416718.68880766403,7936.507936507936,1302302.8351971596,500000000.0,499999999.9999999,999999999.9999999,1723863582.71955,39,39
1617099.1232886235,400000.00000000006,7936.507936507937,1209162.6153521156,500000000.0,499999999.99999994,1000000000.0,1642940250.2651973,40,40
-7606955.0477958545,400000.0,7936.5079365079355,-8014891.555732363,500000000.0,500000000.0,1000000000.0,1548984704.1089926,40,40
-6825460.558610516,411511.19515054696,7936.507936507936,-7244908.261697571,500000000.00000006,500000000.00000006,1000000000.0000001,1771796262.64385,38,38
8905360.487427333,408314.4864927665,7936.507936507932,8489109.49299806,500000000.0,500000000.0,1000000000.0,1692313617.5326147,34,34
11746203.39155207,400000.00000000035,7936.5079365079355,11338266.883615563,500000000.0,500000000.00000006,1000000000.0,1311732681.5552685,34,34
4745165.194718191,400000.00000000035,7936.507936507934,4337228.686781683,500000000.0,499999999.99999994,1000000000.0,1472613805.3414683,37,37
-2526963.3004072267,400000.00000000006,7936.507936507936,-2934899.8083437346,500000000.0,500000000.00000006,1000000000.0,1485206400.555187,37,37
-1461461.601598762,399999.99999999994,7936.507936507934,-1869398.10953527,500000000.0,499999999.9999999,999999999.9999999,1535393777.485475,37,37
-4120538.256432481,400000.0000000001,7936.507936507938,-4528474.7643689895,500000000.0,500000000.00000006,1000000000.0,1566603749.0369492,33,33
0.0,200000.00000000006,0.0,-200000.00000000006,0.0,0.0,0.0,1000000000.0000001,0,0
4119352.4746863535,199999.99999999997,7936.5079365079355,3911415.9667498455,500000000.0,500000000.00000006,1000000000.0,1000000000.0000001,35,35
-1779156.852716283,399999.99999999994,7936.507936507936,-2187093.360652791,499999999.9999999,500000000.0,999999999.9999999,1447712744.7092824,39,39
1602145.1493846895,400000.0,7936.507936507937,1194208.6414481816,500000000.0,500000000.0,1000000000.0,1535724958.5919352,42,42
0.0,200000.00000000003,0.0,-200000.00000000003,0.0,0.0,0.0,1000000000.0,0,0
-4573029.731919387,200000.0,7936.507936507936,-4780966.239855896,500000000.0,500000000.0,1000000000.0,1000000000.0,43,43
0.0,200000.0,0.0,-200000.0,0.0,0.0,0.0,1000000000.0,0,0
-78875.2316877311,199999.9999999999,7936.507936507937,-286811.7396242389,500000000.00000006,500000000.0,1000000000.0,1000000000.0000001,43,43
-1011180.4999950548,417148.4325798182,7936.507936507941,-1436265.4405113808,499999999.99999994,500000000.0000001,1000000000.0,1820410426.2834678,43,43
690615.4520199037,410352.80763273087,7936.507936507936,272326.1364506649,499999999.99999994,499999999.9999999,999999999.9999998,1748389230.902603,43,43
123413.23937666541,403516.0719877727,7936.507936507938,-288039.3405476152,499999999.99999994,500000000.0000001,1000000000.0,1321749431.3644843,43,43
-20883256.974126358,399999.9999999998,7936.5079365079355,-21291193.482062865,500000000.0,500000000.00000006,1000000000.0,1372746730.273835,43,43
-19757027.036565814,400000.00000000006,7936.507936507937,-20164963.54450232,499999999.99999994,500000000.00000006,1000000000.0,1243587046.629324,43,43
0.0,199999.99999999994,0.0,-199999.99999999994,0.0,0.0,0.0,1000000000.0,0,0
0.0,0.0,0.0,0.0,0.0,0.0,0.0,0.0,0,0
-1765628.501683832,200000.00000000006,7936.507936507933,-1973565.0096203398,500000000.0,499999999.99999994,1000000000.0,1000000000.0,43,43
0.0,200000.00000000006,0.0,-200000.00000000006,0.0,0.0,0.0,1000000000.0,0,0
0.0,0.0,0.0,0.0,0.0,0.0,0.0,0.0,0,0
0.0,0.0,0.0,0.0,0.0,0.0,0.0,0.0,0,0
0.0,0.0,0.0,0.0,0.0,0.0,0.0,0.0,0,0
0.0,0.0,0.0,0.0,0.0,0.0,0.0,0.0,0,0
0.0,0.0,0.0,0.0,0.0,0.0,0.0,0.0,0,0
0.0,0.0,0.0,0.0,0.0,0.0,0.0,0.0,0,0
0.0,0.0,0.0,0.0,0.0,0.0,0.0,0.0,0,0
0.0,0.0,0.0,0.0,0.0,0.0,0.0,0.0,0,0
0.0,0.0,0.0,0.0,0.0,0.0,0.0,0.0,0,0
0.0,0.0,0.0,0.0,0.0,0.0,0.0,0.0,0,0
0.0,0.0,0.0,0.0,0.0,0.0,0.0,0.0,0,0
0.0,0.0,0.0,0.0,0.0,0.0,0.0,0.0,0,0
0.0,0.0,0.0,0.0,0.0,0.0,0.0,0.0,0,0
0.0,0.0,0.0,0.0,0.0,0.0,0.0,0.0,0,0
0.0,0.0,0.0,0.0,0.0,0.0,0.0,0.0,0,0
0.0,0.0,0.0,0.0,0.0,0.0,0.0,0.0,0,0
0.0,0.0,0.0,0.0,0.0,0.0,0.0,0.0,0,0
0.0,0.0,0.0,0.0,0.0,0.0,0.0,0.0,0,0
0.0,0.0,0.0,0.0,0.0,0.0,0.0,0.0,0,0
0.0,0.0,0.0,0.0,0.0,0.0,0.0,0.0,0,0
0.0,0.0,0.0,0.0,0.0,0.0,0.0,0.0,0,0
0.0,0.0,0.0,0.0,0.0,0.0,0.0,0.0,0,0
0.0,0.0,0.0,0.0,0.0,0.0,0.0,0.0,0,0
0.0,0.0,0.0,0.0,0.0,0.0,0.0,0.0,0,0
0.0,0.0,0.0,0.0,0.0,0.0,0.0,0.0,0,0
0.0,0.0,0.0,0.0,0.0,0.0,0.0,0.0,0,0
0.0,0.0,0.0,0.0,0.0,0.0,0.0,0.0,0,0
0.0,0.0,0.0,0.0,0.0,0.0,0.0,0.0,0,0
0.0,0.0,0.0,0.0,0.0,0.0,0.0,0.0,0,0
0.0,0.0,0.0,0.0,0.0,0.0,0.0,0.0,0,0
0.0,0.0,0.0,0.0,0.0,0.0,0.0,0.0,0,0
0.0,0.0,0.0,0.0,0.0,0.0,0.0,0.0,0,0
0.0,0.0,0.0,0.0,0.0,0.0,0.0,0.0,0,0
0.0,0.0,0.0,0.0,0.0,0.0,0.0,0.0,0,0
0.0,0.0,0.0,0.0,0.0,0.0,0.0,0.0,0,0
0.0,0.0,0.0,0.0,0.0,0.0,0.0,0.0,0,0
0.0,0.0,0.0,0.0,0.0,0.0,0.0,0.0,0,0
0.0,0.0,0.0,0.0,0.0,0.0,0.0,0.0,0,0
0.0,0.0,0.0,0.0,0.0,0.0,0.0,0.0,0,0
0.0,0.0,0.0,0.0,0.0,0.0,0.0,0.0,0,0
0.0,0.0,0.0,0.0,0.0,0.0,0.0,0.0,0,0
0.0,0.0,0.0,0.0,0.0,0.0,0.0,0.0,0,0
0.0,0.0,0.0,0.0,0.0,0.0,0.0,0.0,0,0
0.0,0.0,0.0,0.0,0.0,0.0,0.0,0.0,0,0
0.0,0.0,0.0,0.0,0.0,0.0,0.0,0.0,0,0
0.0,0.0,0.0,0.0,0.0,0.0,0.0,0.0,0,0
0.0,0.0,0.0,0.0,0.0,0.0,0.0,0.0,0,0
0.0,0.0,0.0,0.0,0.0,0.0,0.0,0.0,0,0
0.0,0.0,0.0,0.0,0.0,0.0,0.0,0.0,0,0
0.0,0.0,0.0,0.0,0.0,0.0,0.0,0.0,0,0
0.0,0.0,0.0,0.0,0.0,0.0,0.0,0.0,0,0
0.0,0.0,0.0,0.0,0.0,0.0,0.0,0.0,0,0
0.0,0.0,0.0,0.0,0.0,0.0,0.0,0.0,0,0
0.0,0.0,0.0,0.0,0.0,0.0,0.0,0.0,0,0
0.0,0.0,0.0,0.0,0.0,0.0,0.0,0.0,0,0
0.0,0.0,0.0,0.0,0.0,0.0,0.0,0.0,0,0
0.0,0.0,0.0,0.0,0.0,0.0,0.0,0.0,0,0
0.0,0.0,0.0,0.0,0.0,0.0,0.0,0.0,0,0
0.0,0.0,0.0,0.0,0.0,0.0,0.0,0.0,0,0
0.0,0.0,0.0,0.0,0.0,0.0,0.0,0.0,0,0
0.0,0.0,0.0,0.0,0.0,0.0,0.0,0.0,0,0
0.0,0.0,0.0,0.0,0.0,0.0,0.0,0.0,0,0
0.0,0.0,0.0,0.0,0.0,0.0,0.0,0.0,0,0
0.0,0.0,0.0,0.0,0.0,0.0,0.0,0.0,0,0
0.0,0.0,0.0,0.0,0.0,0.0,0.0,0.0,0,0
0.0,0.0,0.0,0.0,0.0,0.0,0.0,0.0,0,0
0.0,0.0,0.0,0.0,0.0,0.0,0.0,0.0,0,0
0.0,0.0,0.0,0.0,0.0,0.0,0.0,0.0,0,0
0.0,0.0,0.0,0.0,0.0,0.0,0.0,0.0,0,0
0.0,0.0,0.0,0.0,0.0,0.0,0.0,0.0,0,0
0.0,0.0,0.0,0.0,0.0,0.0,0.0,0.0,0,0
0.0,0.0,0.0,0.0,0.0,0.0,0.0,0.0,0,0
0.0,0.0,0.0,0.0,0.0,0.0,0.0,0.0,0,0
0.0,0.0,0.0,0.0,0.0,0.0,0.0,0.0,0,0
0.0,0.0,0.0,0.0,0.0,0.0,0.0,0.0,0,0
0.0,0.0,0.0,0.0,0.0,0.0,0.0,0.0,0,0
0.0,0.0,0.0,0.0,0.0,0.0,0.0,0.0,0,0
0.0,0.0,0.0,0.0,0.0,0.0,0.0,0.0,0,0
0.0,0.0,0.0,0.0,0.0,0.0,0.0,0.0,0,0
0.0,0.0,0.0,0.0,0.0,0.0,0.0,0.0,0,0
0.0,0.0,0.0,0.0,0.0,0.0,0.0,0.0,0,0
0.0,0.0,0.0,0.0,0.0,0.0,0.0,0.0,0,0
0.0,0.0,0.0,0.0,0.0,0.0,0.0,0.0,0,0
0.0,0.0,0.0,0.0,0.0,0.0,0.0,0.0,0,0
0.0,0.0,0.0,0.0,0.0,0.0,0.0,0.0,0,0
0.0,0.0,0.0,0.0,0.0,0.0,0.0,0.0,0,0
0.0,0.0,0.0,0.0,0.0,0.0,0.0,0.0,0,0
0.0,0.0,0.0,0.0,0.0,0.0,0.0,0.0,0,0
0.0,0.0,0.0,0.0,0.0,0.0,0.0,0.0,0,0
0.0,0.0,0.0,0.0,0.0,0.0,0.0,0.0,0,0
0.0,0.0,0.0,0.0,0.0,0.0,0.0,0.0,0,0
0.0,0.0,0.0,0.0,0.0,0.0,0.0,0.0,0,0
0.0,0.0,0.0,0.0,0.0,0.0,0.0,0.0,0,0
0.0,0.0,0.0,0.0,0.0,0.0,0.0,0.0,0,0
0.0,0.0,0.0,0.0,0.0,0.0,0.0,0.0,0,0
0.0,0.0,0.0,0.0,0.0,0.0,0.0,0.0,0,0
0.0,0.0,0.0,0.0,0.0,0.0,0.0,0.0,0,0
0.0,0.0,0.0,0.0,0.0,0.0,0.0,0.0,0,0
0.0,0.0,0.0,0.0,0.0,0.0,0.0,0.0,0,0
0.0,0.0,0.0,0.0,0.0,0.0,0.0,0.0,0,0
0.0,0.0,0.0,0.0,0.0,0.0,0.0,0.0,0,0
0.0,0.0,0.0,0.0,0.0,0.0,0.0,0.0,0,0
0.0,0.0,0.0,0.0,0.0,0.0,0.0,0.0,0,0
0.0,0.0,0.0,0.0,0.0,0.0,0.0,0.0,0,0
0.0,0.0,0.0,0.0,0.0,0.0,0.0,0.0,0,0
0.0,0.0,0.0,0.0,0.0,0.0,0.0,0.0,0,0
0.0,0.0,0.0,0.0,0.0,0.0,0.0,0.0,0,0
0.0,0.0,0.0,0.0,0.0,0.0,0.0,0.0,0,0
0.0,0.0,0.0,0.0,0.0,0.0,0.0,0.0,0,0
0.0,0.0,0.0,0.0,0.0,0.0,0.0,0.0,0,0
0.0,0.0,0.0,0.0,0.0,0.0,0.0,0.0,0,0
0.0,0.0,0.0,0.0,0.0,0.0,0.0,0.0,0,0
0.0,0.0,0.0,0.0,0.0,0.0,0.0,0.0,0,0
0.0,0.0,0.0,0.0,0.0,0.0,0.0,0.0,0,0
0.0,0.0,0.0,0.0,0.0,0.0,0.0,0.0,0,0
0.0,0.0,0.0,0.0,0.0,0.0,0.0,0.0,0,0
0.0,0.0,0.0,0.0,0.0,0.0,0.0,0.0,0,0
0.0,0.0,0.0,0.0,0.0,0.0,0.0,0.0,0,0
0.0,0.0,0.0,0.0,0.0,0.0,0.0,0.0,0,0
0.0,0.0,0.0,0.0,0.0,0.0,0.0,0.0,0,0
0.0,0.0,0.0,0.0,0.0,0.0,0.0,0.0,0,0
0.0,0.0,0.0,0.0,0.0,0.0,0.0,0.0,0,0
0.0,0.0,0.0,0.0,0.0,0.0,0.0,0.0,0,0
0.0,0.0,0.0,0.0,0.0,0.0,0.0,0.0,0,0
0.0,0.0,0.0,0.0,0.0,0.0,0.0,0.0,0,0
0.0,0.0,0.0,0.0,0.0,0.0,0.0,0.0,0,0
0.0,0.0,0.0,0.0,0.0,0.0,0.0,0.0,0,0
0.0,0.0,0.0,0.0,0.0,0.0,0.0,0.0,0,0
0.0,0.0,0.0,0.0,0.0,0.0,0.0,0.0,0,0
0.0,0.0,0.0,0.0,0.0,0.0,0.0,0.0,0,0
0.0,0.0,0.0,0.0,0.0,0.0,0.0,0.0,0,0
0.0,0.0,0.0,0.0,0.0,0.0,0.0,0.0,0,0
0.0,0.0,0.0,0.0,0.0,0.0,0.0,0.0,0,0
0.0,0.0,0.0,0.0,0.0,0.0,0.0,0.0,0,0
0.0,0.0,0.0,0.0,0.0,0.0,0.0,0.0,0,0
0.0,0.0,0.0,0.0,0.0,0.0,0.0,0.0,0,0
0.0,0.0,0.0,0.0,0.0,0.0,0.0,0.0,0,0
0.0,0.0,0.0,0.0,0.0,0.0,0.0,0.0,0,0
0.0,0.0,0.0,0.0,0.0,0.0,0.0,0.0,0,0
0.0,0.0,0.0,0.0,0.0,0.0,0.0,0.0,0,0
0.0,0.0,0.0,0.0,0.0,0.0,0.0,0.0,0,0
0.0,0.0,0.0,0.0,0.0,0.0,0.0,0.0,0,0
0.0,0.0,0.0,0.0,0.0,0.0,0.0,0.0,0,0
0.0,0.0,0.0,0.0,0.0,0.0,0.0,0.0,0,0
0.0,0.0,0.0,0.0,0.0,0.0,0.0,0.0,0,0
0.0,0.0,0.0,0.0,0.0,0.0,0.0,0.0,0,0
0.0,0.0,0.0,0.0,0.0,0.0,0.0,0.0,0,0
0.0,0.0,0.0,0.0,0.0,0.0,0.0,0.0,0,0
0.0,0.0,0.0,0.0,0.0,0.0,0.0,0.0,0,0
0.0,0.0,0.0,0.0,0.0,0.0,0.0,0.0,0,0
0.0,0.0,0.0,0.0,0.0,0.0,0.0,0.0,0,0
0.0,0.0,0.0,0.0,0.0,0.0,0.0,0.0,0,0
0.0,0.0,0.0,0.0,0.0,0.0,0.0,0.0,0,0
0.0,0.0,0.0,0.0,0.0,0.0,0.0,0.0,0,0
0.0,0.0,0.0,0.0,0.0,0.0,0.0,0.0,0,0
0.0,0.0,0.0,0.0,0.0,0.0,0.0,0.0,0,0
0.0,0.0,0.0,0.0,0.0,0.0,0.0,0.0,0,0
0.0,0.0,0.0,0.0,0.0,0.0,0.0,0.0,0,0
0.0,0.0,0.0,0.0,0.0,0.0,0.0,0.0,0,0
0.0,0.0,0.0,0.0,0.0,0.0,0.0,0.0,0,0
0.0,0.0,0.0,0.0,0.0,0.0,0.0,0.0,0,0
0.0,0.0,0.0,0.0,0.0,0.0,0.0,0.0,0,0
0.0,0.0,0.0,0.0,0.0,0.0,0.0,0.0,0,0
0.0,0.0,0.0,0.0,0.0,0.0,0.0,0.0,0,0
0.0,0.0,0.0,0.0,0.0,0.0,0.0,0.0,0,0
0.0,0.0,0.0,0.0,0.0,0.0,0.0,0.0,0,0
0.0,0.0,0.0,0.0,0.0,0.0,0.0,0.0,0,0
0.0,0.0,0.0,0.0,0.0,0.0,0.0,0.0,0,0
0.0,0.0,0.0,0.0,0.0,0.0,0.0,0.0,0,0
0.0,0.0,0.0,0.0,0.0,0.0,0.0,0.0,0,0
0.0,0.0,0.0,0.0,0.0,0.0,0.0,0.0,0,0
0.0,0.0,0.0,0.0,0.0,0.0,0.0,0.0,0,0
0.0,0.0,0.0,0.0,0.0,0.0,0.0,0.0,0,0
0.0,0.0,0.0,0.0,0.0,0.0,0.0,0.0,0,0
0.0,0.0,0.0,0.0,0.0,0.0,0.0,0.0,0,0
0.0,0.0,0.0,0.0,0.0,0.0,0.0,0.0,0,0
0.0,0.0,0.0,0.0,0.0,0.0,0.0,0.0,0,0
0.0,0.0,0.0,0.0,0.0,0.0,0.0,0.0,0,0
0.0,0.0,0.0,0.0,0.0,0.0,0.0,0.0,0,0
0.0,0.0,0.0,0.0,0.0,0.0,0.0,0.0,0,0
0.0,0.0,0.0,0.0,0.0,0.0,0.0,0.0,0,0
0.0,0.0,0.0,0.0,0.0,0.0,0.0,0.0,0,0
0.0,0.0,0.0,0.0,0.0,0.0,0.0,0.0,0,0
0.0,0.0,0.0,0.0,0.0,0.0,0.0,0.0,0,0
0.0,0.0,0.0,0.0,0.0,0.0,0.0,0.0,0,0
0.0,0.0,0.0,0.0,0.0,0.0,0.0,0.0,0,0
0.0,0.0,0.0,0.0,0.0,0.0,0.0,0.0,0,0
0.0,0.0,0.0,0.0,0.0,0.0,0.0,0.0,0,0
0.0,0.0,0.0,0.0,0.0,0.0,0.0,0.0,0,0
0.0,0.0,0.0,0.0,0.0,0.0,0.0,0.0,0,0
0.0,0.0,0.0,0.0,0.0,0.0,0.0,0.0,0,0
0.0,0.0,0.0,0.0,0.0,0.0,0.0,0.0,0,0
0.0,0.0,0.0,0.0,0.0,0.0,0.0,0.0,0,0
0.0,0.0,0.0,0.0,0.0,0.0,0.0,0.0,0,0
0.0,0.0,0.0,0.0,0.0,0.0,0.0,0.0,0,0
0.0,0.0,0.0,0.0,0.0,0.0,0.0,0.0,0,0
0.0,0.0,0.0,0.0,0.0,0.0,0.0,0.0,0,0
0.0,0.0,0.0,0.0,0.0,0.0,0.0,0.0,0,0
0.0,0.0,0.0,0.0,0.0,0.0,0.0,0.0,0,0
0.0,0.0,0.0,0.0,0.0,0.0,0.0,0.0,0,0
0.0,0.0,0.0,0.0,0.0,0.0,0.0,0.0,0,0
0.0,0.0,0.0,0.0,0.0,0.0,0.0,0.0,0,0
0.0,0.0,0.0,0.0,0.0,0.0,0.0,0.0,0,0
0.0,0.0,0.0,0.0,0.0,0.0,0.0,0.0,0,0
0.0,0.0,0.0,0.0,0.0,0.0,0.0,0.0,0,0
0.0,0.0,0.0,0.0,0.0,0.0,0.0,0.0,0,0
0.0,0.0,0.0,0.0,0.0,0.0,0.0,0.0,0,0
0.0,0.0,0.0,0.0,0.0,0.0,0.0,0.0,0,0
0.0,0.0,0.0,0.0,0.0,0.0,0.0,0.0,0,0
0.0,0.0,0.0,0.0,0.0,0.0,0.0,0.0,0,0
0.0,0.0,0.0,0.0,0.0,0.0,0.0,0.0,0,0
0.0,0.0,0.0,0.0,0.0,0.0,0.0,0.0,0,0
0.0,0.0,0.0,0.0,0.0,0.0,0.0,0.0,0,0
0.0,0.0,0.0,0.0,0.0,0.0,0.0,0.0,0,0
0.0,0.0,0.0,0.0,0.0,0.0,0.0,0.0,0,0
0.0,0.0,0.0,0.0,0.0,0.0,0.0,0.0,0,0
0.0,0.0,0.0,0.0,0.0,0.0,0.0,0.0,0,0
0.0,0.0,0.0,0.0,0.0,0.0,0.0,0.0,0,0
0.0,0.0,0.0,0.0,0.0,0.0,0.0,0.0,0,0
0.0,0.0,0.0,0.0,0.0,0.0,0.0,0.0,0,0
0.0,0.0,0.0,0.0,0.0,0.0,0.0,0.0,0,0
0.0,0.0,0.0,0.0,0.0,0.0,0.0,0.0,0,0
0.0,0.0,0.0,0.0,0.0,0.0,0.0,0.0,0,0
0.0,0.0,0.0,0.0,0.0,0.0,0.0,0.0,0,0
0.0,0.0,0.0,0.0,0.0,0.0,0.0,0.0,0,0
0.0,0.0,0.0,0.0,0.0,0.0,0.0,0.0,0,0
0.0,0.0,0.0,0.0,0.0,0.0,0.0,0.0,0,0
0.0,0.0,0.0,0.0,0.0,0.0,0.0,0.0,0,0
0.0,0.0,0.0,0.0,0.0,0.0,0.0,0.0,0,0
0.0,0.0,0.0,0.0,0.0,0.0,0.0,0.0,0,0
0.0,0.0,0.0,0.0,0.0,0.0,0.0,0.0,0,0
0.0,0.0,0.0,0.0,0.0,0.0,0.0,0.0,0,0
0.0,0.0,0.0,0.0,0.0,0.0,0.0,0.0,0,0
0.0,0.0,0.0,0.0,0.0,0.0,0.0,0.0,0,0
0.0,0.0,0.0,0.0,0.0,0.0,0.0,0.0,0,0
0.0,0.0,0.0,0.0,0.0,0.0,0.0,0.0,0,0
0.0,0.0,0.0,0.0,0.0,0.0,0.0,0.0,0,0
-9377017.461004667,200000.00000000006,7936.507936507937,-9584953.968941174,499999999.99999994,499999999.99999994,999999999.9999999,999999999.9999999,44,44
6837485.016831041,399999.9999999999,7936.507936507936,6429548.508894533,500000000.0,500000000.0,1000000000.0,1369140140.7153134,45,45
0.0,200000.0000000001,0.0,-200000.0000000001,0.0,0.0,0.0,1000000000.0,0,0
0.0,0.0,0.0,0.0,0.0,0.0,0.0,0.0,0,0
0.0,0.0,0.0,0.0,0.0,0.0,0.0,0.0,0,0
0.0,0.0,0.0,0.0,0.0,0.0,0.0,0.0,0,0
4170161.807515262,199999.99999999994,7936.5079365079355,3962225.299578754,500000000.00000006,499999999.9999999,1000000000.0,1000000000.0,45,45
0.0,199999.99999999994,0.0,-199999.99999999994,0.0,0.0,0.0,1000000000.0,0,0
0.0,0.0,0.0,0.0,0.0,0.0,0.0,0.0,0,0
0.0,0.0,0.0,0.0,0.0,0.0,0.0,0.0,0,0
0.0,0.0,0.0,0.0,0.0,0.0,0.0,0.0,0,0
0.0,0.0,0.0,0.0,0.0,0.0,0.0,0.0,0,0
0.0,0.0,0.0,0.0,0.0,0.0,0.0,0.0,0,0
0.0,0.0,0.0,0.0,0.0,0.0,0.0,0.0,0,0
0.0,0.0,0.0,0.0,0.0,0.0,0.0,0.0,0,0
0.0,0.0,0.0,0.0,0.0,0.0,0.0,0.0,0,0
0.0,0.0,0.0,0.0,0.0,0.0,0.0,0.0,0,0
0.0,0.0,0.0,0.0,0.0,0.0,0.0,0.0,0,0
0.0,0.0,0.0,0.0,0.0,0.0,0.0,0.0,0,0
0.0,0.0,0.0,0.0,0.0,0.0,0.0,0.0,0,0
0.0,0.0,0.0,0.0,0.0,0.0,0.0,0.0,0,0
0.0,0.0,0.0,0.0,0.0,0.0,0.0,0.0,0,0
0.0,0.0,0.0,0.0,0.0,0.0,0.0,0.0,0,0
0.0,0.0,0.0,0.0,0.0,0.0,0.0,0.0,0,0
0.0,0.0,0.0,0.0,0.0,0.0,0.0,0.0,0,0
0.0,0.0,0.0,0.0,0.0,0.0,0.0,0.0,0,0
0.0,0.0,0.0,0.0,0.0,0.0,0.0,0.0,0,0
3318941.481637781,200000.00000000006,7936.5079365079355,3111004.973701273,500000000.00000006,500000000.00000006,1000000000.0000001,1000000000.0000001,45,45
0.0,200000.00000000006,0.0,-200000.00000000006,0.0,0.0,0.0,1000000000.0000001,0,0
0.0,0.0,0.0,0.0,0.0,0.0,0.0,0.0,0,0
0.0,0.0,0.0,0.0,0.0,0.0,0.0,0.0,0,0
0.0,0.0,0.0,0.0,0.0,0.0,0.0,0.0,0,0
0.0,0.0,0.0,0.0,0.0,0.0,0.0,0.0,0,0
0.0,0.0,0.0,0.0,0.0,0.0,0.0,0.0,0,0
0.0,0.0,0.0,0.0,0.0,0.0,0.0,0.0,0,0
0.0,0.0,0.0,0.0,0.0,0.0,0.0,0.0,0,0
0.0,0.0,0.0,0.0,0.0,0.0,0.0,0.0,0,0
0.0,0.0,0.0,0.0,0.0,0.0,0.0,0.0,0,0
0.0,0.0,0.0,0.0,0.0,0.0,0.0,0.0,0,0
0.0,0.0,0.0,0.0,0.0,0.0,0.0,0.0,0,0
3789012.221522131,200000.00000000003,7936.507936507936,3581075.713585623,499999999.99999994,500000000.00000006,1000000000.0,1000000000.0,47,47
0.0,200000.00000000003,0.0,-200000.00000000003,0.0,0.0,0.0,1000000000.0,0,0
-1399508.8931431985,200000.00000000003,7936.507936507936,-1607445.4010797064,500000000.0,500000000.0,1000000000.0,1000000000.0,46,46
3995176.500348097,400000.00000000006,7936.507936507937,3587239.9924115892,500000000.0000001,500000000.00000006,1000000000.0000002,1352988371.298894,46,46
0.0,200000.0,0.0,-200000.0,0.0,0.0,0.0,1000000000.0000001,0,0
3813707.6056032674,200000.00000000012,7936.507936507941,3605771.0976667595,500000000.0,500000000.00000006,1000000000.0,1000000000.0,46,46
0.0,200000.00000000012,0.0,-200000.00000000012,0.0,0.0,0.0,1000000000.0,0,0
953030.3964647704,199999.99999999997,7936.507936507938,745093.8885282625,499999999.99999994,500000000.0,1000000000.0,999999999.9999999,45,45
0.0,199999.99999999997,0.0,-199999.99999999997,0.0,0.0,0.0,999999999.9999999,0,0
0.0,0.0,0.0,0.0,0.0,0.0,0.0,0.0,0,0
0.0,0.0,0.0,0.0,0.0,0.0,0.0,0.0,0,0
0.0,0.0,0.0,0.0,0.0,0.0,0.0,0.0,0,0
0.0,0.0,0.0,0.0,0.0,0.0,0.0,0.0,0,0
5827802.316809663,199999.99999999994,7936.5079365079355,5619865.808873154,500000000.0,500000000.0,1000000000.0,1000000000.0,39,39
0.0,199999.99999999994,0.0,-199999.99999999994,0.0,0.0,0.0,1000000000.0,0,0
0.0,0.0,0.0,0.0,0.0,0.0,0.0,0.0,0,0
0.0,0.0,0.0,0.0,0.0,0.0,0.0,0.0,0,0
0.0,0.0,0.0,0.0,0.0,0.0,0.0,0.0,0,0
0.0,0.0,0.0,0.0,0.0,0.0,0.0,0.0,0,0
0.0,0.0,0.0,0.0,0.0,0.0,0.0,0.0,0,0
0.0,0.0,0.0,0.0,0.0,0.0,0.0,0.0,0,0
0.0,0.0,0.0,0.0,0.0,0.0,0.0,0.0,0,0
0.0,0.0,0.0,0.0,0.0,0.0,0.0,0.0,0,0
0.0,0.0,0.0,0.0,0.0,0.0,0.0,0.0,0,0
0.0,0.0,0.0,0.0,0.0,0.0,0.0,0.0,0,0
0.0,0.0,0.0,0.0,0.0,0.0,0.0,0.0,0,0
0.0,0.0,0.0,0.0,0.0,0.0,0.0,0.0,0,0
0.0,0.0,0.0,0.0,0.0,0.0,0.0,0.0,0,0
0.0,0.0,0.0,0.0,0.0,0.0,0.0,0.0,0,0
0.0,0.0,0.0,0.0,0.0,0.0,0.0,0.0,0,0
-1440245.3423803498,200000.00000000006,7936.507936507938,-1648181.8503168577,500000000.00000006,500000000.00000006,1000000000.0000001,1000000000.0000001,43,43
0.0,200000.00000000006,0.0,-200000.00000000006,0.0,0.0,0.0,1000000000.0000001,0,0
0.0,0.0,0.0,0.0,0.0,0.0,0.0,0.0,0,0
0.0,0.0,0.0,0.0,0.0,0.0,0.0,0.0,0,0
0.0,0.0,0.0,0.0,0.0,0.0,0.0,0.0,0,0
0.0,0.0,0.0,0.0,0.0,0.0,0.0,0.0,0,0
0.0,0.0,0.0,0.0,0.0,0.0,0.0,0.0,0,0
0.0,0.0,0.0,0.0,0.0,0.0,0.0,0.0,0,0
0.0,0.0,0.0,0.0,0.0,0.0,0.0,0.0,0,0
0.0,0.0,0.0,0.0,0.0,0.0,0.0,0.0,0,0
0.0,0.0,0.0,0.0,0.0,0.0,0.0,0.0,0,0
0.0,0.0,0.0,0.0,0.0,0.0,0.0,0.0,0,0
0.0,0.0,0.0,0.0,0.0,0.0,0.0,0.0,0,0
0.0,0.0,0.0,0.0,0.0,0.0,0.0,0.0,0,0
0.0,0.0,0.0,0.0,0.0,0.0,0.0,0.0,0,0
0.0,0.0,0.0,0.0,0.0,0.0,0.0,0.0,0,0
0.0,0.0,0.0,0.0,0.0,0.0,0.0,0.0,0,0
0.0,0.0,0.0,0.0,0.0,0.0,0.0,0.0,0,0
0.0,0.0,0.0,0.0,0.0,0.0,0.0,0.0,0,0
0.0,0.0,0.0,0.0,0.0,0.0,0.0,0.0,0,0
0.0,0.0,0.0,0.0,0.0,0.0,0.0,0.0,0,0
4939175.275976346,200000.0,7936.507936507937,4731238.7680398375,499999999.99999994,500000000.00000006,1000000000.0,1000000000.0,45,45
0.0,200000.0,0.0,-200000.0,0.0,0.0,0.0,1000000000.0,0,0
0.0,0.0,0.0,0.0,0.0,0.0,0.0,0.0,0,0
0.0,0.0,0.0,0.0,0.0,0.0,0.0,0.0,0,0
0.0,0.0,0.0,0.0,0.0,0.0,0.0,0.0,0,0
0.0,0.0,0.0,0.0,0.0,0.0,0.0,0.0,0,0
0.0,0.0,0.0,0.0,0.0,0.0,0.0,0.0,0,0
0.0,0.0,0.0,0.0,0.0,0.0,0.0,0.0,0,0
0.0,0.0,0.0,0.0,0.0,0.0,0.0,0.0,0,0
0.0,0.0,0.0,0.0,0.0,0.0,0.0,0.0,0,0
0.0,0.0,0.0,0.0,0.0,0.0,0.0,0.0,0,0
0.0,0.0,0.0,0.0,0.0,0.0,0.0,0.0,0,0
0.0,0.0,0.0,0.0,0.0,0.0,0.0,0.0,0,0
0.0,0.0,0.0,0.0,0.0,0.0,0.0,0.0,0,0
0.0,0.0,0.0,0.0,0.0,0.0,0.0,0.0,0,0
0.0,0.0,0.0,0.0,0.0,0.0,0.0,0.0,0,0
0.0,0.0,0.0,0.0,0.0,0.0,0.0,0.0,0,0
0.0,0.0,0.0,0.0,0.0,0.0,0.0,0.0,0,0
0.0,0.0,0.0,0.0,0.0,0.0,0.0,0.0,0,0
0.0,0.0,0.0,0.0,0.0,0.0,0.0,0.0,0,0
0.0,0.0,0.0,0.0,0.0,0.0,0.0,0.0,0,0
0.0,0.0,0.0,0.0,0.0,0.0,0.0,0.0,0,0
0.0,0.0,0.0,0.0,0.0,0.0,0.0,0.0,0,0
0.0,0.0,0.0,0.0,0.0,0.0,0.0,0.0,0,0
0.0,0.0,0.0,0.0,0.0,0.0,0.0,0.0,0,0
0.0,0.0,0.0,0.0,0.0,0.0,0.0,0.0,0,0
0.0,0.0,0.0,0.0,0.0,0.0,0.0,0.0,0,0
0.0,0.0,0.0,0.0,0.0,0.0,0.0,0.0,0,0
0.0,0.0,0.0,0.0,0.0,0.0,0.0,0.0,0,0
0.0,0.0,0.0,0.0,0.0,0.0,0.0,0.0,0,0
0.0,0.0,0.0,0.0,0.0,0.0,0.0,0.0,0,0
0.0,0.0,0.0,0.0,0.0,0.0,0.0,0.0,0,0
0.0,0.0,0.0,0.0,0.0,0.0,0.0,0.0,0,0
0.0,0.0,0.0,0.0,0.0,0.0,0.0,0.0,0,0
0.0,0.0,0.0,0.0,0.0,0.0,0.0,0.0,0,0
0.0,0.0,0.0,0.0,0.0,0.0,0.0,0.0,0,0
0.0,0.0,0.0,0.0,0.0,0.0,0.0,0.0,0,0
0.0,0.0,0.0,0.0,0.0,0.0,0.0,0.0,0,0
0.0,0.0,0.0,0.0,0.0,0.0,0.0,0.0,0,0
0.0,0.0,0.0,0.0,0.0,0.0,0.0,0.0,0,0
0.0,0.0,0.0,0.0,0.0,0.0,0.0,0.0,0,0
0.0,0.0,0.0,0.0,0.0,0.0,0.0,0.0,0,0
0.0,0.0,0.0,0.0,0.0,0.0,0.0,0.0,0,0
0.0,0.0,0.0,0.0,0.0,0.0,0.0,0.0,0,0
0.0,0.0,0.0,0.0,0.0,0.0,0.0,0.0,0,0
0.0,0.0,0.0,0.0,0.0,0.0,0.0,0.0,0,0
0.0,0.0,0.0,0.0,0.0,0.0,0.0,0.0,0,0
0.0,0.0,0.0,0.0,0.0,0.0,0.0,0.0,0,0
7851811.895662485,199999.99999999994,7936.507936507935,7643875.387725976,500000000.00000006,500000000.0,1000000000.0,1000000000.0,46,46
-4906669.691003049,402157.16565131757,7936.507936507936,-5316763.364590875,499999999.9999999,499999999.99999994,999999999.9999998,1635963855.1882768,46,46
10542290.26059043,404345.2594829672,7936.507936507933,10130008.493170956,500000000.00000006,499999999.99999994,1000000000.0,1675427865.885636,46,46
1067861.1651219002,411949.2396371757,7936.507936507936,647975.4175482165,500000000.0,500000000.00000006,1000000000.0,1716710269.3410766,45,45
-1759216.1114726437,415503.4196520851,7936.5079365079355,-2182656.0390612367,499999999.9999999,500000000.00000006,1000000000.0,1596302379.6040766,45,45
109202.69969144103,402565.56569573627,7936.5079365079355,-301299.37394080317,500000000.0,499999999.9999999,999999999.9999999,1521039461.358266,45,45
1766578.4240417928,410304.7522448261,7936.507936507936,1348337.1638604586,500000000.00000006,499999999.99999994,1000000000.0,1760849000.9763145,45,45
-1098686.4082244085,404709.2991129615,7936.507936507937,-1511332.215273878,499999999.99999994,500000000.00000006,1000000000.0,1237980790.867441,45,45
0.0,199999.99999999997,0.0,-199999.99999999997,0.0,0.0,0.0,1000000000.0,0,0
0.0,0.0,0.0,0.0,0.0,0.0,0.0,0.0,0,0
0.0,0.0,0.0,0.0,0.0,0.0,0.0,0.0,0,0
0.0,0.0,0.0,0.0,0.0,0.0,0.0,0.0,0,0
-1727555.1483820174,200000.0000000001,7936.507936507935,-1935491.6563185253,500000000.00000006,499999999.99999994,1000000000.0,1000000000.0,46,46
0.0,200000.0000000001,0.0,-200000.0000000001,0.0,0.0,0.0,1000000000.0,0,0
0.0,0.0,0.0,0.0,0.0,0.0,0.0,0.0,0,0
-7857951.504620089,200000.0,7936.507936507938,-8065888.012556598,500000000.00000006,500000000.00000006,1000000000.0000001,1000000000.0000001,46,46
7587651.169469123,401156.9494548901,7936.507936507941,7178557.712077725,499999999.99999994,500000000.00000006,1000000000.0,1293452812.9533937,47,47
0.0,200000.0,0.0,-200000.0,0.0,0.0,0.0,1000000000.0,0,0
0.0,0.0,0.0,0.0,0.0,0.0,0.0,0.0,0,0
0.0,0.0,0.0,0.0,0.0,0.0,0.0,0.0,0,0
0.0,0.0,0.0,0.0,0.0,0.0,0.0,0.0,0,0
0.0,0.0,0.0,0.0,0.0,0.0,0.0,0.0,0,0
0.0,0.0,0.0,0.0,0.0,0.0,0.0,0.0,0,0
0.0,0.0,0.0,0.0,0.0,0.0,0.0,0.0,0,0
0.0,0.0,0.0,0.0,0.0,0.0,0.0,0.0,0,0
0.0,0.0,0.0,0.0,0.0,0.0,0.0,0.0,0,0
0.0,0.0,0.0,0.0,0.0,0.0,0.0,0.0,0,0
0.0,0.0,0.0,0.0,0.0,0.0,0.0,0.0,0,0
0.0,0.0,0.0,0.0,0.0,0.0,0.0,0.0,0,0
0.0,0.0,0.0,0.0,0.0,0.0,0.0,0.0,0,0
-1140845.544643355,199999.99999999997,7936.5079365079355,-1348782.052579863,499999999.99999994,500000000.0,1000000000.0,1000000000.0,47,47
0.0,199999.99999999997,0.0,-199999.99999999997,0.0,0.0,0.0,1000000000.0,0,0
0.0,0.0,0.0,0.0,0.0,0.0,0.0,0.0,0,0
0.0,0.0,0.0,0.0,0.0,0.0,0.0,0.0,0,0
0.0,0.0,0.0,0.0,0.0,0.0,0.0,0.0,0,0
0.0,0.0,0.0,0.0,0.0,0.0,0.0,0.0,0,0
0.0,0.0,0.0,0.0,0.0,0.0,0.0,0.0,0,0
0.0,0.0,0.0,0.0,0.0,0.0,0.0,0.0,0,0
0.0,0.0,0.0,0.0,0.0,0.0,0.0,0.0,0,0
0.0,0.0,0.0,0.0,0.0,0.0,0.0,0.0,0,0
0.0,0.0,0.0,0.0,0.0,0.0,0.0,0.0,0,0
0.0,0.0,0.0,0.0,0.0,0.0,0.0,0.0,0,0
0.0,0.0,0.0,0.0,0.0,0.0,0.0,0.0,0,0
0.0,0.0,0.0,0.0,0.0,0.0,0.0,0.0,0,0
0.0,0.0,0.0,0.0,0.0,0.0,0.0,0.0,0,0
0.0,0.0,0.0,0.0,0.0,0.0,0.0,0.0,0,0
0.0,0.0,0.0,0.0,0.0,0.0,0.0,0.0,0,0
0.0,0.0,0.0,0.0,0.0,0.0,0.0,0.0,0,0
0.0,0.0,0.0,0.0,0.0,0.0,0.0,0.0,0,0
0.0,0.0,0.0,0.0,0.0,0.0,0.0,0.0,0,0
0.0,0.0,0.0,0.0,0.0,0.0,0.0,0.0,0,0
0.0,0.0,0.0,0.0,0.0,0.0,0.0,0.0,0,0
0.0,0.0,0.0,0.0,0.0,0.0,0.0,0.0,0,0
0.0,0.0,0.0,0.0,0.0,0.0,0.0,0.0,0,0
0.0,0.0,0.0,0.0,0.0,0.0,0.0,0.0,0,0
0.0,0.0,0.0,0.0,0.0,0.0,0.0,0.0,0,0
0.0,0.0,0.0,0.0,0.0,0.0,0.0,0.0,0,0
0.0,0.0,0.0,0.0,0.0,0.0,0.0,0.0,0,0
0.0,0.0,0.0,0.0,0.0,0.0,0.0,0.0,0,0
0.0,0.0,0.0,0.0,0.0,0.0,0.0,0.0,0,0
0.0,0.0,0.0,0.0,0.0,0.0,0.0,0.0,0,0
0.0,0.0,0.0,0.0,0.0,0.0,0.0,0.0,0,0
0.0,0.0,0.0,0.0,0.0,0.0,0.0,0.0,0,0
0.0,0.0,0.0,0.0,0.0,0.0,0.0,0.0,0,0
0.0,0.0,0.0,0.0,0.0,0.0,0.0,0.0,0,0
0.0,0.0,0.0,0.0,0.0,0.0,0.0,0.0,0,0
0.0,0.0,0.0,0.0,0.0,0.0,0.0,0.0,0,0
0.0,0.0,0.0,0.0,0.0,0.0,0.0,0.0,0,0
0.0,0.0,0.0,0.0,0.0,0.0,0.0,0.0,0,0
0.0,0.0,0.0,0.0,0.0,0.0,0.0,0.0,0,0
0.0,0.0,0.0,0.0,0.0,0.0,0.0,0.0,0,0
0.0,0.0,0.0,0.0,0.0,0.0,0.0,0.0,0,0
0.0,0.0,0.0,0.0,0.0,0.0,0.0,0.0,0,0
0.0,0.0,0.0,0.0,0.0,0.0,0.0,0.0,0,0
0.0,0.0,0.0,0.0,0.0,0.0,0.0,0.0,0,0
0.0,0.0,0.0,0.0,0.0,0.0,0.0,0.0,0,0
0.0,0.0,0.0,0.0,0.0,0.0,0.0,0.0,0,0
0.0,0.0,0.0,0.0,0.0,0.0,0.0,0.0,0,0
0.0,0.0,0.0,0.0,0.0,0.0,0.0,0.0,0,0
0.0,0.0,0.0,0.0,0.0,0.0,0.0,0.0,0,0
0.0,0.0,0.0,0.0,0.0,0.0,0.0,0.0,0,0
0.0,0.0,0.0,0.0,0.0,0.0,0.0,0.0,0,0
0.0,0.0,0.0,0.0,0.0,0.0,0.0,0.0,0,0
0.0,0.0,0.0,0.0,0.0,0.0,0.0,0.0,0,0
0.0,0.0,0.0,0.0,0.0,0.0,0.0,0.0,0,0
0.0,0.0,0.0,0.0,0.0,0.0,0.0,0.0,0,0
0.0,0.0,0.0,0.0,0.0,0.0,0.0,0.0,0,0
0.0,0.0,0.0,0.0,0.0,0.0,0.0,0.0,0,0
0.0,0.0,0.0,0.0,0.0,0.0,0.0,0.0,0,0
0.0,0.0,0.0,0.0,0.0,0.0,0.0,0.0,0,0
0.0,0.0,0.0,0.0,0.0,0.0,0.0,0.0,0,0
0.0,0.0,0.0,0.0,0.0,0.0,0.0,0.0,0,0
0.0,0.0,0.0,0.0,0.0,0.0,0.0,0.0,0,0
0.0,0.0,0.0,0.0,0.0,0.0,0.0,0.0,0,0
0.0,0.0,0.0,0.0,0.0,0.0,0.0,0.0,0,0
0.0,0.0,0.0,0.0,0.0,0.0,0.0,0.0,0,0
0.0,0.0,0.0,0.0,0.0,0.0,0.0,0.0,0,0
0.0,0.0,0.0,0.0,0.0,0.0,0.0,0.0,0,0
0.0,0.0,0.0,0.0,0.0,0.0,0.0,0.0,0,0
0.0,0.0,0.0,0.0,0.0,0.0,0.0,0.0,0,0
0.0,0.0,0.0,0.0,0.0,0.0,0.0,0.0,0,0
0.0,0.0,0.0,0.0,0.0,0.0,0.0,0.0,0,0
0.0,0.0,0.0,0.0,0.0,0.0,0.0,0.0,0,0
0.0,0.0,0.0,0.0,0.0,0.0,0.0,0.0,0,0
0.0,0.0,0.0,0.0,0.0,0.0,0.0,0.0,0,0
0.0,0.0,0.0,0.0,0.0,0.0,0.0,0.0,0,0
0.0,0.0,0.0,0.0,0.0,0.0,0.0,0.0,0,0
0.0,0.0,0.0,0.0,0.0,0.0,0.0,0.0,0,0
0.0,0.0,0.0,0.0,0.0,0.0,0.0,0.0,0,0
0.0,0.0,0.0,0.0,0.0,0.0,0.0,0.0,0,0
0.0,0.0,0.0,0.0,0.0,0.0,0.0,0.0,0,0
0.0,0.0,0.0,0.0,0.0,0.0,0.0,0.0,0,0
0.0,0.0,0.0,0.0,0.0,0.0,0.0,0.0,0,0
0.0,0.0,0.0,0.0,0.0,0.0,0.0,0.0,0,0
0.0,0.0,0.0,0.0,0.0,0.0,0.0,0.0,0,0
0.0,0.0,0.0,0.0,0.0,0.0,0.0,0.0,0,0
0.0,0.0,0.0,0.0,0.0,0.0,0.0,0.0,0,0
0.0,0.0,0.0,0.0,0.0,0.0,0.0,0.0,0,0
0.0,0.0,0.0,0.0,0.0,0.0,0.0,0.0,0,0
0.0,0.0,0.0,0.0,0.0,0.0,0.0,0.0,0,0
0.0,0.0,0.0,0.0,0.0,0.0,0.0,0.0,0,0
0.0,0.0,0.0,0.0,0.0,0.0,0.0,0.0,0,0
0.0,0.0,0.0,0.0,0.0,0.0,0.0,0.0,0,0
0.0,0.0,0.0,0.0,0.0,0.0,0.0,0.0,0,0
0.0,0.0,0.0,0.0,0.0,0.0,0.0,0.0,0,0
0.0,0.0,0.0,0.0,0.0,0.0,0.0,0.0,0,0
0.0,0.0,0.0,0.0,0.0,0.0,0.0,0.0,0,0
0.0,0.0,0.0,0.0,0.0,0.0,0.0,0.0,0,0
0.0,0.0,0.0,0.0,0.0,0.0,0.0,0.0,0,0
0.0,0.0,0.0,0.0,0.0,0.0,0.0,0.0,0,0
0.0,0.0,0.0,0.0,0.0,0.0,0.0,0.0,0,0
0.0,0.0,0.0,0.0,0.0,0.0,0.0,0.0,0,0
0.0,0.0,0.0,0.0,0.0,0.0,0.0,0.0,0,0
0.0,0.0,0.0,0.0,0.0,0.0,0.0,0.0,0,0
0.0,0.0,0.0,0.0,0.0,0.0,0.0,0.0,0,0
0.0,0.0,0.0,0.0,0.0,0.0,0.0,0.0,0,0
0.0,0.0,0.0,0.0,0.0,0.0,0.0,0.0,0,0
0.0,0.0,0.0,0.0,0.0,0.0,0.0,0.0,0,0
0.0,0.0,0.0,0.0,0.0,0.0,0.0,0.0,0,0
0.0,0.0,0.0,0.0,0.0,0.0,0.0,0.0,0,0
0.0,0.0,0.0,0.0,0.0,0.0,0.0,0.0,0,0
0.0,0.0,0.0,0.0,0.0,0.0,0.0,0.0,0,0
0.0,0.0,0.0,0.0,0.0,0.0,0.0,0.0,0,0
0.0,0.0,0.0,0.0,0.0,0.0,0.0,0.0,0,0
0.0,0.0,0.0,0.0,0.0,0.0,0.0,0.0,0,0
0.0,0.0,0.0,0.0,0.0,0.0,0.0,0.0,0,0
0.0,0.0,0.0,0.0,0.0,0.0,0.0,0.0,0,0
0.0,0.0,0.0,0.0,0.0,0.0,0.0,0.0,0,0
0.0,0.0,0.0,0.0,0.0,0.0,0.0,0.0,0,0
0.0,0.0,0.0,0.0,0.0,0.0,0.0,0.0,0,0
0.0,0.0,0.0,0.0,0.0,0.0,0.0,0.0,0,0
0.0,0.0,0.0,0.0,0.0,0.0,0.0,0.0,0,0
0.0,0.0,0.0,0.0,0.0,0.0,0.0,0.0,0,0
0.0,0.0,0.0,0.0,0.0,0.0,0.0,0.0,0,0
0.0,0.0,0.0,0.0,0.0,0.0,0.0,0.0,0,0
0.0,0.0,0.0,0.0,0.0,0.0,0.0,0.0,0,0
0.0,0.0,0.0,0.0,0.0,0.0,0.0,0.0,0,0
0.0,0.0,0.0,0.0,0.0,0.0,0.0,0.0,0,0
0.0,0.0,0.0,0.0,0.0,0.0,0.0,0.0,0,0
0.0,0.0,0.0,0.0,0.0,0.0,0.0,0.0,0,0
0.0,0.0,0.0,0.0,0.0,0.0,0.0,0.0,0,0
0.0,0.0,0.0,0.0,0.0,0.0,0.0,0.0,0,0
0.0,0.0,0.0,0.0,0.0,0.0,0.0,0.0,0,0
0.0,0.0,0.0,0.0,0.0,0.0,0.0,0.0,0,0
0.0,0.0,0.0,0.0,0.0,0.0,0.0,0.0,0,0
0.0,0.0,0.0,0.0,0.0,0.0,0.0,0.0,0,0
0.0,0.0,0.0,0.0,0.0,0.0,0.0,0.0,0,0
0.0,0.0,0.0,0.0,0.0,0.0,0.0,0.0,0,0
0.0,0.0,0.0,0.0,0.0,0.0,0.0,0.0,0,0
0.0,0.0,0.0,0.0,0.0,0.0,0.0,0.0,0,0
0.0,0.0,0.0,0.0,0.0,0.0,0.0,0.0,0,0
0.0,0.0,0.0,0.0,0.0,0.0,0.0,0.0,0,0
0.0,0.0,0.0,0.0,0.0,0.0,0.0,0.0,0,0
0.0,0.0,0.0,0.0,0.0,0.0,0.0,0.0,0,0
0.0,0.0,0.0,0.0,0.0,0.0,0.0,0.0,0,0
0.0,0.0,0.0,0.0,0.0,0.0,0.0,0.0,0,0
0.0,0.0,0.0,0.0,0.0,0.0,0.0,0.0,0,0
0.0,0.0,0.0,0.0,0.0,0.0,0.0,0.0,0,0
0.0,0.0,0.0,0.0,0.0,0.0,0.0,0.0,0,0
0.0,0.0,0.0,0.0,0.0,0.0,0.0,0.0,0,0
0.0,0.0,0.0,0.0,0.0,0.0,0.0,0.0,0,0
0.0,0.0,0.0,0.0,0.0,0.0,0.0,0.0,0,0
0.0,0.0,0.0,0.0,0.0,0.0,0.0,0.0,0,0
0.0,0.0,0.0,0.0,0.0,0.0,0.0,0.0,0,0
0.0,0.0,0.0,0.0,0.0,0.0,0.0,0.0,0,0
0.0,0.0,0.0,0.0,0.0,0.0,0.0,0.0,0,0
0.0,0.0,0.0,0.0,0.0,0.0,0.0,0.0,0,0
0.0,0.0,0.0,0.0,0.0,0.0,0.0,0.0,0,0
0.0,0.0,0.0,0.0,0.0,0.0,0.0,0.0,0,0
0.0,0.0,0.0,0.0,0.0,0.0,0.0,0.0,0,0
0.0,0.0,0.0,0.0,0.0,0.0,0.0,0.0,0,0
0.0,0.0,0.0,0.0,0.0,0.0,0.0,0.0,0,0
0.0,0.0,0.0,0.0,0.0,0.0,0.0,0.0,0,0
0.0,0.0,0.0,0.0,0.0,0.0,0.0,0.0,0,0
0.0,0.0,0.0,0.0,0.0,0.0,0.0,0.0,0,0
0.0,0.0,0.0,0.0,0.0,0.0,0.0,0.0,0,0
0.0,0.0,0.0,0.0,0.0,0.0,0.0,0.0,0,0
0.0,0.0,0.0,0.0,0.0,0.0,0.0,0.0,0,0
0.0,0.0,0.0,0.0,0.0,0.0,0.0,0.0,0,0
0.0,0.0,0.0,0.0,0.0,0.0,0.0,0.0,0,0
0.0,0.0,0.0,0.0,0.0,0.0,0.0,0.0,0,0
0.0,0.0,0.0,0.0,0.0,0.0,0.0,0.0,0,0
0.0,0.0,0.0,0.0,0.0,0.0,0.0,0.0,0,0
0.0,0.0,0.0,0.0,0.0,0.0,0.0,0.0,0,0
0.0,0.0,0.0,0.0,0.0,0.0,0.0,0.0,0,0
0.0,0.0,0.0,0.0,0.0,0.0,0.0,0.0,0,0
0.0,0.0,0.0,0.0,0.0,0.0,0.0,0.0,0,0
0.0,0.0,0.0,0.0,0.0,0.0,0.0,0.0,0,0
0.0,0.0,0.0,0.0,0.0,0.0,0.0,0.0,0,0
0.0,0.0,0.0,0.0,0.0,0.0,0.0,0.0,0,0
0.0,0.0,0.0,0.0,0.0,0.0,0.0,0.0,0,0
0.0,0.0,0.0,0.0,0.0,0.0,0.0,0.0,0,0
0.0,0.0,0.0,0.0,0.0,0.0,0.0,0.0,0,0
0.0,0.0,0.0,0.0,0.0,0.0,0.0,0.0,0,0
0.0,0.0,0.0,0.0,0.0,0.0,0.0,0.0,0,0
0.0,0.0,0.0,0.0,0.0,0.0,0.0,0.0,0,0
0.0,0.0,0.0,0.0,0.0,0.0,0.0,0.0,0,0
0.0,0.0,0.0,0.0,0.0,0.0,0.0,0.0,0,0
0.0,0.0,0.0,0.0,0.0,0.0,0.0,0.0,0,0
0.0,0.0,0.0,0.0,0.0,0.0,0.0,0.0,0,0
0.0,0.0,0.0,0.0,0.0,0.0,0.0,0.0,0,0
0.0,0.0,0.0,0.0,0.0,0.0,0.0,0.0,0,0
0.0,0.0,0.0,0.0,0.0,0.0,0.0,0.0,0,0
0.0,0.0,0.0,0.0,0.0,0.0,0.0,0.0,0,0
0.0,0.0,0.0,0.0,0.0,0.0,0.0,0.0,0,0
0.0,0.0,0.0,0.0,0.0,0.0,0.0,0.0,0,0
0.0,0.0,0.0,0.0,0.0,0.0,0.0,0.0,0,0
0.0,0.0,0.0,0.0,0.0,0.0,0.0,0.0,0,0
0.0,0.0,0.0,0.0,0.0,0.0,0.0,0.0,0,0
0.0,0.0,0.0,0.0,0.0,0.0,0.0,0.0,0,0
0.0,0.0,0.0,0.0,0.0,0.0,0.0,0.0,0,0
0.0,0.0,0.0,0.0,0.0,0.0,0.0,0.0,0,0
0.0,0.0,0.0,0.0,0.0,0.0,0.0,0.0,0,0
0.0,0.0,0.0,0.0,0.0,0.0,0.0,0.0,0,0
0.0,0.0,0.0,0.0,0.0,0.0,0.0,0.0,0,0
0.0,0.0,0.0,0.0,0.0,0.0,0.0,0.0,0,0
0.0,0.0,0.0,0.0,0.0,0.0,0.0,0.0,0,0
0.0,0.0,0.0,0.0,0.0,0.0,0.0,0.0,0,0
0.0,0.0,0.0,0.0,0.0,0.0,0.0,0.0,0,0
0.0,0.0,0.0,0.0,0.0,0.0,0.0,0.0,0,0
0.0,0.0,0.0,0.0,0.0,0.0,0.0,0.0,0,0
1093012.5535512075,200000.0,7936.5079365079355,885076.0456146996,499999999.99999994,500000000.00000006,1000000000.0,1000000000.0,44,44
1974244.3641963042,440928.7021017524,7936.507936507935,1525379.154158044,500000000.0,499999999.9999999,999999999.9999999,1916982759.013568,45,45
0.0,200000.00000000006,0.0,-200000.00000000006,0.0,0.0,0.0,999999999.9999999,0,0
0.0,0.0,0.0,0.0,0.0,0.0,0.0,0.0,0,0
7685825.773247157,200000.00000000003,7936.5079365079355,7477889.265310649,500000000.0,500000000.0,1000000000.0,1000000000.0,45,45
0.0,200000.00000000003,0.0,-200000.00000000003,0.0,0.0,0.0,1000000000.0,0,0
2181911.3127723085,200000.0,7936.507936507936,1973974.8048358005,500000000.0,500000000.0,1000000000.0,1000000000.0,45,45
0.0,200000.0,0.0,-200000.0,0.0,0.0,0.0,1000000000.0,0,0
0.0,0.0,0.0,0.0,0.0,0.0,0.0,0.0,0,0
0.0,0.0,0.0,0.0,0.0,0.0,0.0,0.0,0,0
0.0,0.0,0.0,0.0,0.0,0.0,0.0,0.0,0,0
0.0,0.0,0.0,0.0,0.0,0.0,0.0,0.0,0,0
0.0,0.0,0.0,0.0,0.0,0.0,0.0,0.0,0,0
0.0,0.0,0.0,0.0,0.0,0.0,0.0,0.0,0,0
0.0,0.0,0.0,0.0,0.0,0.0,0.0,0.0,0,0
0.0,0.0,0.0,0.0,0.0,0.0,0.0,0.0,0,0
0.0,0.0,0.0,0.0,0.0,0.0,0.0,0.0,0,0
0.0,0.0,0.0,0.0,0.0,0.0,0.0,0.0,0,0
0.0,0.0,0.0,0.0,0.0,0.0,0.0,0.0,0,0
0.0,0.0,0.0,0.0,0.0,0.0,0.0,0.0,0,0
0.0,0.0,0.0,0.0,0.0,0.0,0.0,0.0,0,0
0.0,0.0,0.0,0.0,0.0,0.0,0.0,0.0,0,0
0.0,0.0,0.0,0.0,0.0,0.0,0.0,0.0,0,0
0.0,0.0,0.0,0.0,0.0,0.0,0.0,0.0,0,0
0.0,0.0,0.0,0.0,0.0,0.0,0.0,0.0,0,0
0.0,0.0,0.0,0.0,0.0,0.0,0.0,0.0,0,0
0.0,0.0,0.0,0.0,0.0,0.0,0.0,0.0,0,0
0.0,0.0,0.0,0.0,0.0,0.0,0.0,0.0,0,0
0.0,0.0,0.0,0.0,0.0,0.0,0.0,0.0,0,0
0.0,0.0,0.0,0.0,0.0,0.0,0.0,0.0,0,0
0.0,0.0,0.0,0.0,0.0,0.0,0.0,0.0,0,0
0.0,0.0,0.0,0.0,0.0,0.0,0.0,0.0,0,0
0.0,0.0,0.0,0.0,0.0,0.0,0.0,0.0,0,0
0.0,0.0,0.0,0.0,0.0,0.0,0.0,0.0,0,0
0.0,0.0,0.0,0.0,0.0,0.0,0.0,0.0,0,0
0.0,0.0,0.0,0.0,0.0,0.0,0.0,0.0,0,0
0.0,0.0,0.0,0.0,0.0,0.0,0.0,0.0,0,0
0.0,0.0,0.0,0.0,0.0,0.0,0.0,0.0,0,0
0.0,0.0,0.0,0.0,0.0,0.0,0.0,0.0,0,0
0.0,0.0,0.0,0.0,0.0,0.0,0.0,0.0,0,0
0.0,0.0,0.0,0.0,0.0,0.0,0.0,0.0,0,0
0.0,0.0,0.0,0.0,0.0,0.0,0.0,0.0,0,0
0.0,0.0,0.0,0.0,0.0,0.0,0.0,0.0,0,0
0.0,0.0,0.0,0.0,0.0,0.0,0.0,0.0,0,0
0.0,0.0,0.0,0.0,0.0,0.0,0.0,0.0,0,0
0.0,0.0,0.0,0.0,0.0,0.0,0.0,0.0,0,0
0.0,0.0,0.0,0.0,0.0,0.0,0.0,0.0,0,0
0.0,0.0,0.0,0.0,0.0,0.0,0.0,0.0,0,0
0.0,0.0,0.0,0.0,0.0,0.0,0.0,0.0,0,0
0.0,0.0,0.0,0.0,0.0,0.0,0.0,0.0,0,0
0.0,0.0,0.0,0.0,0.0,0.0,0.0,0.0,0,0
0.0,0.0,0.0,0.0,0.0,0.0,0.0,0.0,0,0
0.0,0.0,0.0,0.0,0.0,0.0,0.0,0.0,0,0
0.0,0.0,0.0,0.0,0.0,0.0,0.0,0.0,0,0
0.0,0.0,0.0,0.0,0.0,0.0,0.0,0.0,0,0
0.0,0.0,0.0,0.0,0.0,0.0,0.0,0.0,0,0
0.0,0.0,0.0,0.0,0.0,0.0,0.0,0.0,0,0
0.0,0.0,0.0,0.0,0.0,0.0,0.0,0.0,0,0
0.0,0.0,0.0,0.0,0.0,0.0,0.0,0.0,0,0
0.0,0.0,0.0,0.0,0.0,0.0,0.0,0.0,0,0
0.0,0.0,0.0,0.0,0.0,0.0,0.0,0.0,0,0
0.0,0.0,0.0,0.0,0.0,0.0,0.0,0.0,0,0
0.0,0.0,0.0,0.0,0.0,0.0,0.0,0.0,0,0
0.0,0.0,0.0,0.0,0.0,0.0,0.0,0.0,0,0
0.0,0.0,0.0,0.0,0.0,0.0,0.0,0.0,0,0
0.0,0.0,0.0,0.0,0.0,0.0,0.0,0.0,0,0
0.0,0.0,0.0,0.0,0.0,0.0,0.0,0.0,0,0
-5499293.340030067,200000.00000000003,7936.507936507935,-5707229.847966575,500000000.0,499999999.99999994,1000000000.0,1000000000.0,42,42
0.0,200000.00000000003,0.0,-200000.00000000003,0.0,0.0,0.0,1000000000.0,0,0
-11884.951332624318,199999.99999999994,7936.507936507935,-219821.45926913217,500000000.0,500000000.0,1000000000.0,1000000000.0,42,42
0.0,199999.99999999994,0.0,-199999.99999999994,0.0,0.0,0.0,1000000000.0,0,0
3155351.916160396,200000.0,7936.507936507934,2947415.408223888,500000000.00000006,499999999.99999994,1000000000.0,1000000000.0,42,42
-800799.4747676809,400000.0,7936.507936507935,-1208735.9827041887,499999999.9999999,500000000.0,999999999.9999999,1708002935.3994923,44,44
0.0,199999.99999999994,0.0,-199999.99999999994,0.0,0.0,0.0,999999999.9999999,0,0
0.0,0.0,0.0,0.0,0.0,0.0,0.0,0.0,0,0
0.0,0.0,0.0,0.0,0.0,0.0,0.0,0.0,0,0
0.0,0.0,0.0,0.0,0.0,0.0,0.0,0.0,0,0
0.0,0.0,0.0,0.0,0.0,0.0,0.0,0.0,0,0
0.0,0.0,0.0,0.0,0.0,0.0,0.0,0.0,0,0
0.0,0.0,0.0,0.0,0.0,0.0,0.0,0.0,0,0
0.0,0.0,0.0,0.0,0.0,0.0,0.0,0.0,0,0
0.0,0.0,0.0,0.0,0.0,0.0,0.0,0.0,0,0
0.0,0.0,0.0,0.0,0.0,0.0,0.0,0.0,0,0
-4989656.390115882,199999.99999999997,7936.507936507938,-5197592.898052391,500000000.00000006,500000000.0,1000000000.0,1000000000.0,47,47
-5666056.865456974,433279.1558813076,7936.507936507937,-6107272.529274791,500000000.00000006,500000000.0,1000000000.0,1767943939.6987543,47,47
-7548443.373262077,400000.0000000003,7936.507936507934,-7956379.881198585,500000000.0,499999999.9999999,999999999.9999999,1384024693.8464622,47,47
9715864.173181316,402693.8763422727,7936.507936507937,9305233.788902536,499999999.9999999,500000000.0,999999999.9999999,1315958753.3914266,47,47
13128524.689899754,406964.2058787428,7936.507936507934,12713623.976084504,500000000.0,499999999.99999994,1000000000.0,1503616494.1418278,48,48
922866.7840049453,457989.07625984587,7936.507936507935,456941.1998085915,500000000.0,500000000.00000006,1000000000.0,1987957468.4626954,48,48
0.0,200000.00000000006,0.0,-200000.00000000006,0.0,0.0,0.0,1000000000.0000001,0,0
0.0,0.0,0.0,0.0,0.0,0.0,0.0,0.0,0,0
0.0,0.0,0.0,0.0,0.0,0.0,0.0,0.0,0,0
0.0,0.0,0.0,0.0,0.0,0.0,0.0,0.0,0,0
0.0,0.0,0.0,0.0,0.0,0.0,0.0,0.0,0,0
0.0,0.0,0.0,0.0,0.0,0.0,0.0,0.0,0,0
0.0,0.0,0.0,0.0,0.0,0.0,0.0,0.0,0,0
0.0,0.0,0.0,0.0,0.0,0.0,0.0,0.0,0,0
0.0,0.0,0.0,0.0,0.0,0.0,0.0,0.0,0,0
0.0,0.0,0.0,0.0,0.0,0.0,0.0,0.0,0,0
0.0,0.0,0.0,0.0,0.0,0.0,0.0,0.0,0,0
0.0,0.0,0.0,0.0,0.0,0.0,0.0,0.0,0,0
0.0,0.0,0.0,0.0,0.0,0.0,0.0,0.0,0,0
0.0,0.0,0.0,0.0,0.0,0.0,0.0,0.0,0,0
0.0,0.0,0.0,0.0,0.0,0.0,0.0,0.0,0,0
0.0,0.0,0.0,0.0,0.0,0.0,0.0,0.0,0,0
0.0,0.0,0.0,0.0,0.0,0.0,0.0,0.0,0,0
0.0,0.0,0.0,0.0,0.0,0.0,0.0,0.0,0,0
0.0,0.0,0.0,0.0,0.0,0.0,0.0,0.0,0,0
0.0,0.0,0.0,0.0,0.0,0.0,0.0,0.0,0,0
0.0,0.0,0.0,0.0,0.0,0.0,0.0,0.0,0,0
0.0,0.0,0.0,0.0,0.0,0.0,0.0,0.0,0,0
0.0,0.0,0.0,0.0,0.0,0.0,0.0,0.0,0,0
0.0,0.0,0.0,0.0,0.0,0.0,0.0,0.0,0,0
0.0,0.0,0.0,0.0,0.0,0.0,0.0,0.0,0,0
0.0,0.0,0.0,0.0,0.0,0.0,0.0,0.0,0,0
0.0,0.0,0.0,0.0,0.0,0.0,0.0,0.0,0,0
0.0,0.0,0.0,0.0,0.0,0.0,0.0,0.0,0,0
0.0,0.0,0.0,0.0,0.0,0.0,0.0,0.0,0,0
0.0,0.0,0.0,0.0,0.0,0.0,0.0,0.0,0,0
0.0,0.0,0.0,0.0,0.0,0.0,0.0,0.0,0,0
0.0,0.0,0.0,0.0,0.0,0.0,0.0,0.0,0,0
0.0,0.0,0.0,0.0,0.0,0.0,0.0,0.0,0,0
0.0,0.0,0.0,0.0,0.0,0.0,0.0,0.0,0,0
0.0,0.0,0.0,0.0,0.0,0.0,0.0,0.0,0,0
0.0,0.0,0.0,0.0,0.0,0.0,0.0,0.0,0,0
0.0,0.0,0.0,0.0,0.0,0.0,0.0,0.0,0,0
0.0,0.0,0.0,0.0,0.0,0.0,0.0,0.0,0,0
0.0,0.0,0.0,0.0,0.0,0.0,0.0,0.0,0,0
0.0,0.0,0.0,0.0,0.0,0.0,0.0,0.0,0,0
0.0,0.0,0.0,0.0,0.0,0.0,0.0,0.0,0,0
0.0,0.0,0.0,0.0,0.0,0.0,0.0,0.0,0,0
0.0,0.0,0.0,0.0,0.0,0.0,0.0,0.0,0,0
0.0,0.0,0.0,0.0,0.0,0.0,0.0,0.0,0,0
0.0,0.0,0.0,0.0,0.0,0.0,0.0,0.0,0,0
0.0,0.0,0.0,0.0,0.0,0.0,0.0,0.0,0,0
0.0,0.0,0.0,0.0,0.0,0.0,0.0,0.0,0,0
0.0,0.0,0.0,0.0,0.0,0.0,0.0,0.0,0,0
0.0,0.0,0.0,0.0,0.0,0.0,0.0,0.0,0,0
0.0,0.0,0.0,0.0,0.0,0.0,0.0,0.0,0,0
0.0,0.0,0.0,0.0,0.0,0.0,0.0,0.0,0,0
0.0,0.0,0.0,0.0,0.0,0.0,0.0,0.0,0,0
0.0,0.0,0.0,0.0,0.0,0.0,0.0,0.0,0,0
0.0,0.0,0.0,0.0,0.0,0.0,0.0,0.0,0,0
0.0,0.0,0.0,0.0,0.0,0.0,0.0,0.0,0,0
0.0,0.0,0.0,0.0,0.0,0.0,0.0,0.0,0,0
0.0,0.0,0.0,0.0,0.0,0.0,0.0,0.0,0,0
0.0,0.0,0.0,0.0,0.0,0.0,0.0,0.0,0,0
0.0,0.0,0.0,0.0,0.0,0.0,0.0,0.0,0,0
0.0,0.0,0.0,0.0,0.0,0.0,0.0,0.0,0,0
0.0,0.0,0.0,0.0,0.0,0.0,0.0,0.0,0,0
0.0,0.0,0.0,0.0,0.0,0.0,0.0,0.0,0,0
0.0,0.0,0.0,0.0,0.0,0.0,0.0,0.0,0,0
0.0,0.0,0.0,0.0,0.0,0.0,0.0,0.0,0,0
0.0,0.0,0.0,0.0,0.0,0.0,0.0,0.0,0,0
0.0,0.0,0.0,0.0,0.0,0.0,0.0,0.0,0,0
0.0,0.0,0.0,0.0,0.0,0.0,0.0,0.0,0,0
0.0,0.0,0.0,0.0,0.0,0.0,0.0,0.0,0,0
0.0,0.0,0.0,0.0,0.0,0.0,0.0,0.0,0,0
0.0,0.0,0.0,0.0,0.0,0.0,0.0,0.0,0,0
0.0,0.0,0.0,0.0,0.0,0.0,0.0,0.0,0,0
0.0,0.0,0.0,0.0,0.0,0.0,0.0,0.0,0,0
0.0,0.0,0.0,0.0,0.0,0.0,0.0,0.0,0,0
0.0,0.0,0.0,0.0,0.0,0.0,0.0,0.0,0,0
0.0,0.0,0.0,0.0,0.0,0.0,0.0,0.0,0,0
0.0,0.0,0.0,0.0,0.0,0.0,0.0,0.0,0,0
0.0,0.0,0.0,0.0,0.0,0.0,0.0,0.0,0,0
0.0,0.0,0.0,0.0,0.0,0.0,0.0,0.0,0,0
0.0,0.0,0.0,0.0,0.0,0.0,0.0,0.0,0,0
0.0,0.0,0.0,0.0,0.0,0.0,0.0,0.0,0,0
0.0,0.0,0.0,0.0,0.0,0.0,0.0,0.0,0,0
0.0,0.0,0.0,0.0,0.0,0.0,0.0,0.0,0,0
0.0,0.0,0.0,0.0,0.0,0.0,0.0,0.0,0,0
0.0,0.0,0.0,0.0,0.0,0.0,0.0,0.0,0,0
0.0,0.0,0.0,0.0,0.0,0.0,0.0,0.0,0,0
0.0,0.0,0.0,0.0,0.0,0.0,0.0,0.0,0,0
0.0,0.0,0.0,0.0,0.0,0.0,0.0,0.0,0,0
0.0,0.0,0.0,0.0,0.0,0.0,0.0,0.0,0,0
0.0,0.0,0.0,0.0,0.0,0.0,0.0,0.0,0,0
0.0,0.0,0.0,0.0,0.0,0.0,0.0,0.0,0,0
0.0,0.0,0.0,0.0,0.0,0.0,0.0,0.0,0,0
0.0,0.0,0.0,0.0,0.0,0.0,0.0,0.0,0,0
0.0,0.0,0.0,0.0,0.0,0.0,0.0,0.0,0,0
0.0,0.0,0.0,0.0,0.0,0.0,0.0,0.0,0,0
0.0,0.0,0.0,0.0,0.0,0.0,0.0,0.0,0,0
0.0,0.0,0.0,0.0,0.0,0.0,0.0,0.0,0,0
0.0,0.0,0.0,0.0,0.0,0.0,0.0,0.0,0,0
0.0,0.0,0.0,0.0,0.0,0.0,0.0,0.0,0,0
0.0,0.0,0.0,0.0,0.0,0.0,0.0,0.0,0,0
0.0,0.0,0.0,0.0,0.0,0.0,0.0,0.0,0,0
0.0,0.0,0.0,0.0,0.0,0.0,0.0,0.0,0,0
0.0,0.0,0.0,0.0,0.0,0.0,0.0,0.0,0,0
0.0,0.0,0.0,0.0,0.0,0.0,0.0,0.0,0,0
0.0,0.0,0.0,0.0,0.0,0.0,0.0,0.0,0,0
0.0,0.0,0.0,0.0,0.0,0.0,0.0,0.0,0,0
0.0,0.0,0.0,0.0,0.0,0.0,0.0,0.0,0,0
0.0,0.0,0.0,0.0,0.0,0.0,0.0,0.0,0,0
0.0,0.0,0.0,0.0,0.0,0.0,0.0,0.0,0,0
0.0,0.0,0.0,0.0,0.0,0.0,0.0,0.0,0,0
0.0,0.0,0.0,0.0,0.0,0.0,0.0,0.0,0,0
0.0,0.0,0.0,0.0,0.0,0.0,0.0,0.0,0,0
0.0,0.0,0.0,0.0,0.0,0.0,0.0,0.0,0,0
0.0,0.0,0.0,0.0,0.0,0.0,0.0,0.0,0,0
0.0,0.0,0.0,0.0,0.0,0.0,0.0,0.0,0,0
0.0,0.0,0.0,0.0,0.0,0.0,0.0,0.0,0,0
0.0,0.0,0.0,0.0,0.0,0.0,0.0,0.0,0,0
0.0,0.0,0.0,0.0,0.0,0.0,0.0,0.0,0,0
0.0,0.0,0.0,0.0,0.0,0.0,0.0,0.0,0,0
0.0,0.0,0.0,0.0,0.0,0.0,0.0,0.0,0,0
0.0,0.0,0.0,0.0,0.0,0.0,0.0,0.0,0,0
0.0,0.0,0.0,0.0,0.0,0.0,0.0,0.0,0,0
0.0,0.0,0.0,0.0,0.0,0.0,0.0,0.0,0,0
0.0,0.0,0.0,0.0,0.0,0.0,0.0,0.0,0,0
0.0,0.0,0.0,0.0,0.0,0.0,0.0,0.0,0,0
0.0,0.0,0.0,0.0,0.0,0.0,0.0,0.0,0,0
0.0,0.0,0.0,0.0,0.0,0.0,0.0,0.0,0,0
0.0,0.0,0.0,0.0,0.0,0.0,0.0,0.0,0,0
0.0,0.0,0.0,0.0,0.0,0.0,0.0,0.0,0,0
0.0,0.0,0.0,0.0,0.0,0.0,0.0,0.0,0,0
0.0,0.0,0.0,0.0,0.0,0.0,0.0,0.0,0,0
0.0,0.0,0.0,0.0,0.0,0.0,0.0,0.0,0,0
0.0,0.0,0.0,0.0,0.0,0.0,0.0,0.0,0,0
0.0,0.0,0.0,0.0,0.0,0.0,0.0,0.0,0,0
0.0,0.0,0.0,0.0,0.0,0.0,0.0,0.0,0,0
0.0,0.0,0.0,0.0,0.0,0.0,0.0,0.0,0,0
0.0,0.0,0.0,0.0,0.0,0.0,0.0,0.0,0,0
0.0,0.0,0.0,0.0,0.0,0.0,0.0,0.0,0,0
0.0,0.0,0.0,0.0,0.0,0.0,0.0,0.0,0,0
0.0,0.0,0.0,0.0,0.0,0.0,0.0,0.0,0,0
0.0,0.0,0.0,0.0,0.0,0.0,0.0,0.0,0,0
0.0,0.0,0.0,0.0,0.0,0.0,0.0,0.0,0,0
0.0,0.0,0.0,0.0,0.0,0.0,0.0,0.0,0,0
0.0,0.0,0.0,0.0,0.0,0.0,0.0,0.0,0,0
0.0,0.0,0.0,0.0,0.0,0.0,0.0,0.0,0,0
0.0,0.0,0.0,0.0,0.0,0.0,0.0,0.0,0,0
0.0,0.0,0.0,0.0,0.0,0.0,0.0,0.0,0,0
0.0,0.0,0.0,0.0,0.0,0.0,0.0,0.0,0,0
0.0,0.0,0.0,0.0,0.0,0.0,0.0,0.0,0,0
0.0,0.0,0.0,0.0,0.0,0.0,0.0,0.0,0,0
0.0,0.0,0.0,0.0,0.0,0.0,0.0,0.0,0,0
0.0,0.0,0.0,0.0,0.0,0.0,0.0,0.0,0,0
0.0,0.0,0.0,0.0,0.0,0.0,0.0,0.0,0,0
0.0,0.0,0.0,0.0,0.0,0.0,0.0,0.0,0,0
0.0,0.0,0.0,0.0,0.0,0.0,0.0,0.0,0,0
0.0,0.0,0.0,0.0,0.0,0.0,0.0,0.0,0,0
0.0,0.0,0.0,0.0,0.0,0.0,0.0,0.0,0,0
0.0,0.0,0.0,0.0,0.0,0.0,0.0,0.0,0,0
0.0,0.0,0.0,0.0,0.0,0.0,0.0,0.0,0,0
0.0,0.0,0.0,0.0,0.0,0.0,0.0,0.0,0,0
0.0,0.0,0.0,0.0,0.0,0.0,0.0,0.0,0,0
0.0,0.0,0.0,0.0,0.0,0.0,0.0,0.0,0,0
0.0,0.0,0.0,0.0,0.0,0.0,0.0,0.0,0,0
0.0,0.0,0.0,0.0,0.0,0.0,0.0,0.0,0,0
0.0,0.0,0.0,0.0,0.0,0.0,0.0,0.0,0,0
0.0,0.0,0.0,0.0,0.0,0.0,0.0,0.0,0,0
0.0,0.0,0.0,0.0,0.0,0.0,0.0,0.0,0,0
0.0,0.0,0.0,0.0,0.0,0.0,0.0,0.0,0,0
0.0,0.0,0.0,0.0,0.0,0.0,0.0,0.0,0,0
0.0,0.0,0.0,0.0,0.0,0.0,0.0,0.0,0,0
0.0,0.0,0.0,0.0,0.0,0.0,0.0,0.0,0,0
0.0,0.0,0.0,0.0,0.0,0.0,0.0,0.0,0,0
0.0,0.0,0.0,0.0,0.0,0.0,0.0,0.0,0,0
0.0,0.0,0.0,0.0,0.0,0.0,0.0,0.0,0,0
0.0,0.0,0.0,0.0,0.0,0.0,0.0,0.0,0,0
0.0,0.0,0.0,0.0,0.0,0.0,0.0,0.0,0,0
0.0,0.0,0.0,0.0,0.0,0.0,0.0,0.0,0,0
0.0,0.0,0.0,0.0,0.0,0.0,0.0,0.0,0,0
0.0,0.0,0.0,0.0,0.0,0.0,0.0,0.0,0,0
0.0,0.0,0.0,0.0,0.0,0.0,0.0,0.0,0,0
0.0,0.0,0.0,0.0,0.0,0.0,0.0,0.0,0,0
0.0,0.0,0.0,0.0,0.0,0.0,0.0,0.0,0,0
0.0,0.0,0.0,0.0,0.0,0.0,0.0,0.0,0,0
0.0,0.0,0.0,0.0,0.0,0.0,0.0,0.0,0,0
0.0,0.0,0.0,0.0,0.0,0.0,0.0,0.0,0,0
0.0,0.0,0.0,0.0,0.0,0.0,0.0,0.0,0,0
0.0,0.0,0.0,0.0,0.0,0.0,0.0,0.0,0,0
0.0,0.0,0.0,0.0,0.0,0.0,0.0,0.0,0,0
0.0,0.0,0.0,0.0,0.0,0.0,0.0,0.0,0,0
0.0,0.0,0.0,0.0,0.0,0.0,0.0,0.0,0,0
0.0,0.0,0.0,0.0,0.0,0.0,0.0,0.0,0,0
0.0,0.0,0.0,0.0,0.0,0.0,0.0,0.0,0,0
0.0,0.0,0.0,0.0,0.0,0.0,0.0,0.0,0,0
0.0,0.0,0.0,0.0,0.0,0.0,0.0,0.0,0,0
0.0,0.0,0.0,0.0,0.0,0.0,0.0,0.0,0,0
0.0,0.0,0.0,0.0,0.0,0.0,0.0,0.0,0,0
0.0,0.0,0.0,0.0,0.0,0.0,0.0,0.0,0,0
0.0,0.0,0.0,0.0,0.0,0.0,0.0,0.0,0,0
0.0,0.0,0.0,0.0,0.0,0.0,0.0,0.0,0,0
0.0,0.0,0.0,0.0,0.0,0.0,0.0,0.0,0,0
0.0,0.0,0.0,0.0,0.0,0.0,0.0,0.0,0,0
0.0,0.0,0.0,0.0,0.0,0.0,0.0,0.0,0,0
0.0,0.0,0.0,0.0,0.0,0.0,0.0,0.0,0,0
0.0,0.0,0.0,0.0,0.0,0.0,0.0,0.0,0,0
0.0,0.0,0.0,0.0,0.0,0.0,0.0,0.0,0,0
0.0,0.0,0.0,0.0,0.0,0.0,0.0,0.0,0,0
0.0,0.0,0.0,0.0,0.0,0.0,0.0,0.0,0,0
0.0,0.0,0.0,0.0,0.0,0.0,0.0,0.0,0,0
0.0,0.0,0.0,0.0,0.0,0.0,0.0,0.0,0,0
0.0,0.0,0.0,0.0,0.0,0.0,0.0,0.0,0,0
0.0,0.0,0.0,0.0,0.0,0.0,0.0,0.0,0,0
0.0,0.0,0.0,0.0,0.0,0.0,0.0,0.0,0,0
0.0,0.0,0.0,0.0,0.0,0.0,0.0,0.0,0,0
0.0,0.0,0.0,0.0,0.0,0.0,0.0,0.0,0,0
0.0,0.0,0.0,0.0,0.0,0.0,0.0,0.0,0,0
0.0,0.0,0.0,0.0,0.0,0.0,0.0,0.0,0,0
0.0,0.0,0.0,0.0,0.0,0.0,0.0,0.0,0,0
0.0,0.0,0.0,0.0,0.0,0.0,0.0,0.0,0,0
0.0,0.0,0.0,0.0,0.0,0.0,0.0,0.0,0,0
0.0,0.0,0.0,0.0,0.0,0.0,0.0,0.0,0,0
0.0,0.0,0.0,0.0,0.0,0.0,0.0,0.0,0,0
0.0,0.0,0.0,0.0,0.0,0.0,0.0,0.0,0,0
0.0,0.0,0.0,0.0,0.0,0.0,0.0,0.0,0,0
0.0,0.0,0.0,0.0,0.0,0.0,0.0,0.0,0,0
0.0,0.0,0.0,0.0,0.0,0.0,0.0,0.0,0,0
0.0,0.0,0.0,0.0,0.0,0.0,0.0,0.0,0,0
0.0,0.0,0.0,0.0,0.0,0.0,0.0,0.0,0,0
0.0,0.0,0.0,0.0,0.0,0.0,0.0,0.0,0,0
0.0,0.0,0.0,0.0,0.0,0.0,0.0,0.0,0,0
0.0,0.0,0.0,0.0,0.0,0.0,0.0,0.0,0,0
0.0,0.0,0.0,0.0,0.0,0.0,0.0,0.0,0,0
0.0,0.0,0.0,0.0,0.0,0.0,0.0,0.0,0,0
0.0,0.0,0.0,0.0,0.0,0.0,0.0,0.0,0,0
0.0,0.0,0.0,0.0,0.0,0.0,0.0,0.0,0,0
0.0,0.0,0.0,0.0,0.0,0.0,0.0,0.0,0,0
0.0,0.0,0.0,0.0,0.0,0.0,0.0,0.0,0,0
0.0,0.0,0.0,0.0,0.0,0.0,0.0,0.0,0,0
0.0,0.0,0.0,0.0,0.0,0.0,0.0,0.0,0,0
0.0,0.0,0.0,0.0,0.0,0.0,0.0,0.0,0,0
0.0,0.0,0.0,0.0,0.0,0.0,0.0,0.0,0,0
0.0,0.0,0.0,0.0,0.0,0.0,0.0,0.0,0,0
0.0,0.0,0.0,0.0,0.0,0.0,0.0,0.0,0,0
0.0,0.0,0.0,0.0,0.0,0.0,0.0,0.0,0,0
0.0,0.0,0.0,0.0,0.0,0.0,0.0,0.0,0,0
0.0,0.0,0.0,0.0,0.0,0.0,0.0,0.0,0,0
0.0,0.0,0.0,0.0,0.0,0.0,0.0,0.0,0,0
0.0,0.0,0.0,0.0,0.0,0.0,0.0,0.0,0,0
0.0,0.0,0.0,0.0,0.0,0.0,0.0,0.0,0,0
0.0,0.0,0.0,0.0,0.0,0.0,0.0,0.0,0,0
0.0,0.0,0.0,0.0,0.0,0.0,0.0,0.0,0,0
0.0,0.0,0.0,0.0,0.0,0.0,0.0,0.0,0,0
0.0,0.0,0.0,0.0,0.0,0.0,0.0,0.0,0,0
0.0,0.0,0.0,0.0,0.0,0.0,0.0,0.0,0,0
0.0,0.0,0.0,0.0,0.0,0.0,0.0,0.0,0,0
0.0,0.0,0.0,0.0,0.0,0.0,0.0,0.0,0,0
0.0,0.0,0.0,0.0,0.0,0.0,0.0,0.0,0,0
0.0,0.0,0.0,0.0,0.0,0.0,0.0,0.0,0,0
0.0,0.0,0.0,0.0,0.0,0.0,0.0,0.0,0,0
0.0,0.0,0.0,0.0,0.0,0.0,0.0,0.0,0,0
0.0,0.0,0.0,0.0,0.0,0.0,0.0,0.0,0,0
0.0,0.0,0.0,0.0,0.0,0.0,0.0,0.0,0,0
0.0,0.0,0.0,0.0,0.0,0.0,0.0,0.0,0,0
0.0,0.0,0.0,0.0,0.0,0.0,0.0,0.0,0,0
0.0,0.0,0.0,0.0,0.0,0.0,0.0,0.0,0,0
0.0,0.0,0.0,0.0,0.0,0.0,0.0,0.0,0,0
0.0,0.0,0.0,0.0,0.0,0.0,0.0,0.0,0,0
0.0,0.0,0.0,0.0,0.0,0.0,0.0,0.0,0,0
0.0,0.0,0.0,0.0,0.0,0.0,0.0,0.0,0,0
0.0,0.0,0.0,0.0,0.0,0.0,0.0,0.0,0,0
0.0,0.0,0.0,0.0,0.0,0.0,0.0,0.0,0,0
0.0,0.0,0.0,0.0,0.0,0.0,0.0,0.0,0,0
0.0,0.0,0.0,0.0,0.0,0.0,0.0,0.0,0,0
0.0,0.0,0.0,0.0,0.0,0.0,0.0,0.0,0,0
0.0,0.0,0.0,0.0,0.0,0.0,0.0,0.0,0,0
0.0,0.0,0.0,0.0,0.0,0.0,0.0,0.0,0,0
0.0,0.0,0.0,0.0,0.0,0.0,0.0,0.0,0,0
0.0,0.0,0.0,0.0,0.0,0.0,0.0,0.0,0,0
0.0,0.0,0.0,0.0,0.0,0.0,0.0,0.0,0,0
0.0,0.0,0.0,0.0,0.0,0.0,0.0,0.0,0,0
0.0,0.0,0.0,0.0,0.0,0.0,0.0,0.0,0,0
0.0,0.0,0.0,0.0,0.0,0.0,0.0,0.0,0,0
0.0,0.0,0.0,0.0,0.0,0.0,0.0,0.0,0,0
0.0,0.0,0.0,0.0,0.0,0.0,0.0,0.0,0,0
0.0,0.0,0.0,0.0,0.0,0.0,0.0,0.0,0,0
0.0,0.0,0.0,0.0,0.0,0.0,0.0,0.0,0,0
0.0,0.0,0.0,0.0,0.0,0.0,0.0,0.0,0,0
0.0,0.0,0.0,0.0,0.0,0.0,0.0,0.0,0,0
0.0,0.0,0.0,0.0,0.0,0.0,0.0,0.0,0,0
0.0,0.0,0.0,0.0,0.0,0.0,0.0,0.0,0,0
0.0,0.0,0.0,0.0,0.0,0.0,0.0,0.0,0,0
0.0,0.0,0.0,0.0,0.0,0.0,0.0,0.0,0,0
0.0,0.0,0.0,0.0,0.0,0.0,0.0,0.0,0,0
0.0,0.0,0.0,0.0,0.0,0.0,0.0,0.0,0,0
0.0,0.0,0.0,0.0,0.0,0.0,0.0,0.0,0,0
0.0,0.0,0.0,0.0,0.0,0.0,0.0,0.0,0,0
0.0,0.0,0.0,0.0,0.0,0.0,0.0,0.0,0,0
0.0,0.0,0.0,0.0,0.0,0.0,0.0,0.0,0,0
0.0,0.0,0.0,0.0,0.0,0.0,0.0,0.0,0,0
0.0,0.0,0.0,0.0,0.0,0.0,0.0,0.0,0,0
0.0,0.0,0.0,0.0,0.0,0.0,0.0,0.0,0,0
0.0,0.0,0.0,0.0,0.0,0.0,0.0,0.0,0,0
0.0,0.0,0.0,0.0,0.0,0.0,0.0,0.0,0,0
0.0,0.0,0.0,0.0,0.0,0.0,0.0,0.0,0,0
0.0,0.0,0.0,0.0,0.0,0.0,0.0,0.0,0,0
0.0,0.0,0.0,0.0,0.0,0.0,0.0,0.0,0,0
0.0,0.0,0.0,0.0,0.0,0.0,0.0,0.0,0,0
0.0,0.0,0.0,0.0,0.0,0.0,0.0,0.0,0,0
0.0,0.0,0.0,0.0,0.0,0.0,0.0,0.0,0,0
0.0,0.0,0.0,0.0,0.0,0.0,0.0,0.0,0,0
0.0,0.0,0.0,0.0,0.0,0.0,0.0,0.0,0,0
0.0,0.0,0.0,0.0,0.0,0.0,0.0,0.0,0,0
0.0,0.0,0.0,0.0,0.0,0.0,0.0,0.0,0,0
0.0,0.0,0.0,0.0,0.0,0.0,0.0,0.0,0,0
0.0,0.0,0.0,0.0,0.0,0.0,0.0,0.0,0,0
0.0,0.0,0.0,0.0,0.0,0.0,0.0,0.0,0,0
0.0,0.0,0.0,0.0,0.0,0.0,0.0,0.0,0,0
0.0,0.0,0.0,0.0,0.0,0.0,0.0,0.0,0,0
0.0,0.0,0.0,0.0,0.0,0.0,0.0,0.0,0,0
0.0,0.0,0.0,0.0,0.0,0.0,0.0,0.0,0,0
0.0,0.0,0.0,0.0,0.0,0.0,0.0,0.0,0,0
0.0,0.0,0.0,0.0,0.0,0.0,0.0,0.0,0,0
0.0,0.0,0.0,0.0,0.0,0.0,0.0,0.0,0,0
0.0,0.0,0.0,0.0,0.0,0.0,0.0,0.0,0,0
0.0,0.0,0.0,0.0,0.0,0.0,0.0,0.0,0,0
0.0,0.0,0.0,0.0,0.0,0.0,0.0,0.0,0,0
0.0,0.0,0.0,0.0,0.0,0.0,0.0,0.0,0,0
0.0,0.0,0.0,0.0,0.0,0.0,0.0,0.0,0,0
0.0,0.0,0.0,0.0,0.0,0.0,0.0,0.0,0,0
0.0,0.0,0.0,0.0,0.0,0.0,0.0,0.0,0,0
0.0,0.0,0.0,0.0,0.0,0.0,0.0,0.0,0,0
0.0,0.0,0.0,0.0,0.0,0.0,0.0,0.0,0,0
0.0,0.0,0.0,0.0,0.0,0.0,0.0,0.0,0,0
0.0,0.0,0.0,0.0,0.0,0.0,0.0,0.0,0,0
0.0,0.0,0.0,0.0,0.0,0.0,0.0,0.0,0,0
0.0,0.0,0.0,0.0,0.0,0.0,0.0,0.0,0,0
0.0,0.0,0.0,0.0,0.0,0.0,0.0,0.0,0,0
0.0,0.0,0.0,0.0,0.0,0.0,0.0,0.0,0,0
0.0,0.0,0.0,0.0,0.0,0.0,0.0,0.0,0,0
0.0,0.0,0.0,0.0,0.0,0.0,0.0,0.0,0,0
0.0,0.0,0.0,0.0,0.0,0.0,0.0,0.0,0,0
0.0,0.0,0.0,0.0,0.0,0.0,0.0,0.0,0,0
0.0,0.0,0.0,0.0,0.0,0.0,0.0,0.0,0,0
0.0,0.0,0.0,0.0,0.0,0.0,0.0,0.0,0,0
0.0,0.0,0.0,0.0,0.0,0.0,0.0,0.0,0,0
0.0,0.0,0.0,0.0,0.0,0.0,0.0,0.0,0,0
0.0,0.0,0.0,0.0,0.0,0.0,0.0,0.0,0,0
0.0,0.0,0.0,0.0,0.0,0.0,0.0,0.0,0,0
0.0,0.0,0.0,0.0,0.0,0.0,0.0,0.0,0,0
0.0,0.0,0.0,0.0,0.0,0.0,0.0,0.0,0,0
0.0,0.0,0.0,0.0,0.0,0.0,0.0,0.0,0,0
0.0,0.0,0.0,0.0,0.0,0.0,0.0,0.0,0,0
0.0,0.0,0.0,0.0,0.0,0.0,0.0,0.0,0,0
0.0,0.0,0.0,0.0,0.0,0.0,0.0,0.0,0,0
0.0,0.0,0.0,0.0,0.0,0.0,0.0,0.0,0,0
0.0,0.0,0.0,0.0,0.0,0.0,0.0,0.0,0,0
0.0,0.0,0.0,0.0,0.0,0.0,0.0,0.0,0,0
0.0,0.0,0.0,0.0,0.0,0.0,0.0,0.0,0,0
0.0,0.0,0.0,0.0,0.0,0.0,0.0,0.0,0,0
0.0,0.0,0.0,0.0,0.0,0.0,0.0,0.0,0,0
0.0,0.0,0.0,0.0,0.0,0.0,0.0,0.0,0,0
0.0,0.0,0.0,0.0,0.0,0.0,0.0,0.0,0,0
0.0,0.0,0.0,0.0,0.0,0.0,0.0,0.0,0,0
0.0,0.0,0.0,0.0,0.0,0.0,0.0,0.0,0,0
0.0,0.0,0.0,0.0,0.0,0.0,0.0,0.0,0,0
0.0,0.0,0.0,0.0,0.0,0.0,0.0,0.0,0,0
0.0,0.0,0.0,0.0,0.0,0.0,0.0,0.0,0,0
0.0,0.0,0.0,0.0,0.0,0.0,0.0,0.0,0,0
0.0,0.0,0.0,0.0,0.0,0.0,0.0,0.0,0,0
0.0,0.0,0.0,0.0,0.0,0.0,0.0,0.0,0,0
0.0,0.0,0.0,0.0,0.0,0.0,0.0,0.0,0,0
0.0,0.0,0.0,0.0,0.0,0.0,0.0,0.0,0,0
0.0,0.0,0.0,0.0,0.0,0.0,0.0,0.0,0,0
0.0,0.0,0.0,0.0,0.0,0.0,0.0,0.0,0,0
0.0,0.0,0.0,0.0,0.0,0.0,0.0,0.0,0,0
0.0,0.0,0.0,0.0,0.0,0.0,0.0,0.0,0,0
0.0,0.0,0.0,0.0,0.0,0.0,0.0,0.0,0,0
0.0,0.0,0.0,0.0,0.0,0.0,0.0,0.0,0,0
0.0,0.0,0.0,0.0,0.0,0.0,0.0,0.0,0,0
0.0,0.0,0.0,0.0,0.0,0.0,0.0,0.0,0,0
0.0,0.0,0.0,0.0,0.0,0.0,0.0,0.0,0,0
0.0,0.0,0.0,0.0,0.0,0.0,0.0,0.0,0,0
0.0,0.0,0.0,0.0,0.0,0.0,0.0,0.0,0,0
0.0,0.0,0.0,0.0,0.0,0.0,0.0,0.0,0,0
0.0,0.0,0.0,0.0,0.0,0.0,0.0,0.0,0,0
0.0,0.0,0.0,0.0,0.0,0.0,0.0,0.0,0,0
0.0,0.0,0.0,0.0,0.0,0.0,0.0,0.0,0,0
0.0,0.0,0.0,0.0,0.0,0.0,0.0,0.0,0,0
0.0,0.0,0.0,0.0,0.0,0.0,0.0,0.0,0,0
0.0,0.0,0.0,0.0,0.0,0.0,0.0,0.0,0,0
0.0,0.0,0.0,0.0,0.0,0.0,0.0,0.0,0,0
0.0,0.0,0.0,0.0,0.0,0.0,0.0,0.0,0,0
0.0,0.0,0.0,0.0,0.0,0.0,0.0,0.0,0,0
0.0,0.0,0.0,0.0,0.0,0.0,0.0,0.0,0,0
0.0,0.0,0.0,0.0,0.0,0.0,0.0,0.0,0,0
0.0,0.0,0.0,0.0,0.0,0.0,0.0,0.0,0,0
0.0,0.0,0.0,0.0,0.0,0.0,0.0,0.0,0,0
0.0,0.0,0.0,0.0,0.0,0.0,0.0,0.0,0,0
0.0,0.0,0.0,0.0,0.0,0.0,0.0,0.0,0,0
0.0,0.0,0.0,0.0,0.0,0.0,0.0,0.0,0,0
0.0,0.0,0.0,0.0,0.0,0.0,0.0,0.0,0,0
0.0,0.0,0.0,0.0,0.0,0.0,0.0,0.0,0,0
0.0,0.0,0.0,0.0,0.0,0.0,0.0,0.0,0,0
0.0,0.0,0.0,0.0,0.0,0.0,0.0,0.0,0,0
0.0,0.0,0.0,0.0,0.0,0.0,0.0,0.0,0,0
0.0,0.0,0.0,0.0,0.0,0.0,0.0,0.0,0,0
0.0,0.0,0.0,0.0,0.0,0.0,0.0,0.0,0,0
0.0,0.0,0.0,0.0,0.0,0.0,0.0,0.0,0,0
0.0,0.0,0.0,0.0,0.0,0.0,0.0,0.0,0,0
0.0,0.0,0.0,0.0,0.0,0.0,0.0,0.0,0,0
0.0,0.0,0.0,0.0,0.0,0.0,0.0,0.0,0,0
0.0,0.0,0.0,0.0,0.0,0.0,0.0,0.0,0,0
0.0,0.0,0.0,0.0,0.0,0.0,0.0,0.0,0,0
0.0,0.0,0.0,0.0,0.0,0.0,0.0,0.0,0,0
0.0,0.0,0.0,0.0,0.0,0.0,0.0,0.0,0,0
0.0,0.0,0.0,0.0,0.0,0.0,0.0,0.0,0,0
0.0,0.0,0.0,0.0,0.0,0.0,0.0,0.0,0,0
0.0,0.0,0.0,0.0,0.0,0.0,0.0,0.0,0,0
0.0,0.0,0.0,0.0,0.0,0.0,0.0,0.0,0,0
0.0,0.0,0.0,0.0,0.0,0.0,0.0,0.0,0,0
0.0,0.0,0.0,0.0,0.0,0.0,0.0,0.0,0,0
0.0,0.0,0.0,0.0,0.0,0.0,0.0,0.0,0,0
0.0,0.0,0.0,0.0,0.0,0.0,0.0,0.0,0,0
0.0,0.0,0.0,0.0,0.0,0.0,0.0,0.0,0,0
0.0,0.0,0.0,0.0,0.0,0.0,0.0,0.0,0,0
0.0,0.0,0.0,0.0,0.0,0.0,0.0,0.0,0,0
0.0,0.0,0.0,0.0,0.0,0.0,0.0,0.0,0,0
0.0,0.0,0.0,0.0,0.0,0.0,0.0,0.0,0,0
0.0,0.0,0.0,0.0,0.0,0.0,0.0,0.0,0,0
0.0,0.0,0.0,0.0,0.0,0.0,0.0,0.0,0,0
0.0,0.0,0.0,0.0,0.0,0.0,0.0,0.0,0,0
0.0,0.0,0.0,0.0,0.0,0.0,0.0,0.0,0,0
0.0,0.0,0.0,0.0,0.0,0.0,0.0,0.0,0,0
0.0,0.0,0.0,0.0,0.0,0.0,0.0,0.0,0,0
0.0,0.0,0.0,0.0,0.0,0.0,0.0,0.0,0,0
0.0,0.0,0.0,0.0,0.0,0.0,0.0,0.0,0,0
0.0,0.0,0.0,0.0,0.0,0.0,0.0,0.0,0,0
0.0,0.0,0.0,0.0,0.0,0.0,0.0,0.0,0,0
0.0,0.0,0.0,0.0,0.0,0.0,0.0,0.0,0,0
0.0,0.0,0.0,0.0,0.0,0.0,0.0,0.0,0,0
0.0,0.0,0.0,0.0,0.0,0.0,0.0,0.0,0,0
0.0,0.0,0.0,0.0,0.0,0.0,0.0,0.0,0,0
0.0,0.0,0.0,0.0,0.0,0.0,0.0,0.0,0,0
0.0,0.0,0.0,0.0,0.0,0.0,0.0,0.0,0,0
0.0,0.0,0.0,0.0,0.0,0.0,0.0,0.0,0,0
0.0,0.0,0.0,0.0,0.0,0.0,0.0,0.0,0,0
0.0,0.0,0.0,0.0,0.0,0.0,0.0,0.0,0,0
0.0,0.0,0.0,0.0,0.0,0.0,0.0,0.0,0,0
0.0,0.0,0.0,0.0,0.0,0.0,0.0,0.0,0,0
0.0,0.0,0.0,0.0,0.0,0.0,0.0,0.0,0,0
