date,gross_pnl,trade_cost,borrow_cost,net_pnl,gross_long,gross_short,gross_notional,turnover_$,n_long,n_short
2013-01-02,0.0,0.0,0.0,0.0,0.0,0.0,0.0,0.0,0,0
2013-01-03,0.0,0.0,0.0,0.0,0.0,0.0,0.0,0.0,0,0
2013-01-04,0.0,0.0,0.0,0.0,0.0,0.0,0.0,0.0,0,0
2013-01-07,0.0,0.0,0.0,0.0,0.0,0.0,0.0,0.0,0,0
2013-01-08,0.0,0.0,0.0,0.0,0.0,0.0,0.0,0.0,0,0
2013-01-09,0.0,0.0,0.0,0.0,0.0,0.0,0.0,0.0,0,0
2013-01-10,0.0,0.0,0.0,0.0,0.0,0.0,0.0,0.0,0,0
2013-01-11,0.0,0.0,0.0,0.0,0.0,0.0,0.0,0.0,0,0
2013-01-14,0.0,0.0,0.0,0.0,0.0,0.0,0.0,0.0,0,0
2013-01-15,0.0,0.0,0.0,0.0,0.0,0.0,0.0,0.0,0,0
2013-01-16,0.0,0.0,0.0,0.0,0.0,0.0,0.0,0.0,0,0
2013-01-17,0.0,0.0,0.0,0.0,0.0,0.0,0.0,0.0,0,0
2013-01-18,0.0,0.0,0.0,0.0,0.0,0.0,0.0,0.0,0,0
2013-01-22,0.0,0.0,0.0,0.0,0.0,0.0,0.0,0.0,0,0
2013-01-23,0.0,0.0,0.0,0.0,0.0,0.0,0.0,0.0,0,0
2013-01-24,0.0,0.0,0.0,0.0,0.0,0.0,0.0,0.0,0,0
2013-01-25,0.0,0.0,0.0,0.0,0.0,0.0,0.0,0.0,0,0
2013-01-28,0.0,0.0,0.0,0.0,0.0,0.0,0.0,0.0,0,0
2013-01-29,0.0,0.0,0.0,0.0,0.0,0.0,0.0,0.0,0,0
2013-01-30,0.0,0.0,0.0,0.0,0.0,0.0,0.0,0.0,0,0
2013-01-31,0.0,0.0,0.0,0.0,0.0,0.0,0.0,0.0,0,0
2013-02-01,0.0,0.0,0.0,0.0,0.0,0.0,0.0,0.0,0,0
2013-02-04,0.0,0.0,0.0,0.0,0.0,0.0,0.0,0.0,0,0
2013-02-05,0.0,0.0,0.0,0.0,0.0,0.0,0.0,0.0,0,0
2013-02-06,0.0,0.0,0.0,0.0,0.0,0.0,0.0,0.0,0,0
2013-02-07,0.0,0.0,0.0,0.0,0.0,0.0,0.0,0.0,0,0
2013-02-08,0.0,0.0,0.0,0.0,0.0,0.0,0.0,0.0,0,0
2013-02-11,0.0,0.0,0.0,0.0,0.0,0.0,0.0,0.0,0,0
2013-02-12,0.0,0.0,0.0,0.0,0.0,0.0,0.0,0.0,0,0
2013-02-13,0.0,0.0,0.0,0.0,0.0,0.0,0.0,0.0,0,0
2013-02-14,0.0,0.0,0.0,0.0,0.0,0.0,0.0,0.0,0,0
2013-02-15,0.0,0.0,0.0,0.0,0.0,0.0,0.0,0.0,0,0
2013-02-19,0.0,0.0,0.0,0.0,0.0,0.0,0.0,0.0,0,0
2013-02-20,0.0,0.0,0.0,0.0,0.0,0.0,0.0,0.0,0,0
2013-02-21,0.0,0.0,0.0,0.0,0.0,0.0,0.0,0.0,0,0
2013-02-22,0.0,0.0,0.0,0.0,0.0,0.0,0.0,0.0,0,0
2013-02-25,0.0,0.0,0.0,0.0,0.0,0.0,0.0,0.0,0,0
2013-02-26,0.0,0.0,0.0,0.0,0.0,0.0,0.0,0.0,0,0
2013-02-27,0.0,0.0,0.0,0.0,0.0,0.0,0.0,0.0,0,0
2013-02-28,0.0,0.0,0.0,0.0,0.0,0.0,0.0,0.0,0,0
2013-03-01,0.0,0.0,0.0,0.0,0.0,0.0,0.0,0.0,0,0
2013-03-04,0.0,0.0,0.0,0.0,0.0,0.0,0.0,0.0,0,0
2013-03-05,0.0,0.0,0.0,0.0,0.0,0.0,0.0,0.0,0,0
2013-03-06,0.0,0.0,0.0,0.0,0.0,0.0,0.0,0.0,0,0
2013-03-07,0.0,0.0,0.0,0.0,0.0,0.0,0.0,0.0,0,0
2013-03-08,0.0,0.0,0.0,0.0,0.0,0.0,0.0,0.0,0,0
2013-03-11,0.0,0.0,0.0,0.0,0.0,0.0,0.0,0.0,0,0
2013-03-12,0.0,0.0,0.0,0.0,0.0,0.0,0.0,0.0,0,0
2013-03-13,0.0,0.0,0.0,0.0,0.0,0.0,0.0,0.0,0,0
2013-03-14,0.0,0.0,0.0,0.0,0.0,0.0,0.0,0.0,0,0
2013-03-15,0.0,0.0,0.0,0.0,0.0,0.0,0.0,0.0,0,0
2013-03-18,0.0,0.0,0.0,0.0,0.0,0.0,0.0,0.0,0,0
2013-03-19,0.0,0.0,0.0,0.0,0.0,0.0,0.0,0.0,0,0
2013-03-20,0.0,0.0,0.0,0.0,0.0,0.0,0.0,0.0,0,0
2013-03-21,0.0,0.0,0.0,0.0,0.0,0.0,0.0,0.0,0,0
2013-03-22,0.0,0.0,0.0,0.0,0.0,0.0,0.0,0.0,0,0
2013-03-25,0.0,0.0,0.0,0.0,0.0,0.0,0.0,0.0,0,0
2013-03-26,0.0,0.0,0.0,0.0,0.0,0.0,0.0,0.0,0,0
2013-03-27,0.0,0.0,0.0,0.0,0.0,0.0,0.0,0.0,0,0
2013-03-28,0.0,0.0,0.0,0.0,0.0,0.0,0.0,0.0,0,0
2013-04-01,0.0,0.0,0.0,0.0,0.0,0.0,0.0,0.0,0,0
2013-04-02,0.0,0.0,0.0,0.0,0.0,0.0,0.0,0.0,0,0
2013-04-03,0.0,0.0,0.0,0.0,0.0,0.0,0.0,0.0,0,0
2013-04-04,0.0,0.0,0.0,0.0,0.0,0.0,0.0,0.0,0,0
2013-04-05,37979.26572643031,10000.0,396.8253968253968,27582.440329604917,25000000.000000004,25000000.000000004,50000000.00000001,50000000.00000001,30,30
2013-04-08,16680.543235171685,20655.594793980596,396.825396825397,-4371.876955634308,25000000.000000004,25000000.0,50000000.0,73412149.80279152,30,30
2013-04-09,0.0,10000.0,0.0,-10000.0,0.0,0.0,0.0,50000000.00000001,0,0
2013-04-10,0.0,0.0,0.0,0.0,0.0,0.0,0.0,0.0,0,0
2013-04-11,0.0,0.0,0.0,0.0,0.0,0.0,0.0,0.0,0,0
2013-04-12,0.0,0.0,0.0,0.0,0.0,0.0,0.0,0.0,0,0
2013-04-15,0.0,0.0,0.0,0.0,0.0,0.0,0.0,0.0,0,0
2013-04-16,0.0,0.0,0.0,0.0,0.0,0.0,0.0,0.0,0,0
2013-04-17,67221.49615418956,9999.999999999996,396.82539682539687,56824.67075736416,25000000.0,25000000.0,50000000.0,50000000.0,29,29
2013-04-18,73427.05929955175,20000.000000000004,396.8253968253968,53030.23390272635,25000000.0,25000000.000000007,50000000.00000001,58926088.06106933,29,29
2013-04-19,0.0,10000.000000000004,0.0,-10000.000000000004,0.0,0.0,0.0,50000000.00000001,0,0
2013-04-22,0.0,0.0,0.0,0.0,0.0,0.0,0.0,0.0,0,0
2013-04-23,0.0,0.0,0.0,0.0,0.0,0.0,0.0,0.0,0,0
2013-04-24,0.0,0.0,0.0,0.0,0.0,0.0,0.0,0.0,0,0
2013-04-25,0.0,0.0,0.0,0.0,0.0,0.0,0.0,0.0,0,0
2013-04-26,0.0,0.0,0.0,0.0,0.0,0.0,0.0,0.0,0,0
2013-04-29,0.0,0.0,0.0,0.0,0.0,0.0,0.0,0.0,0,0
2013-04-30,0.0,0.0,0.0,0.0,0.0,0.0,0.0,0.0,0,0
2013-05-01,0.0,0.0,0.0,0.0,0.0,0.0,0.0,0.0,0,0
2013-05-02,0.0,0.0,0.0,0.0,0.0,0.0,0.0,0.0,0,0
2013-05-03,-33759.25691971363,9999.999999999998,396.8253968253968,-44156.08231653903,24999999.999999996,25000000.0,50000000.0,50000000.0,29,29
2013-05-06,0.0,9999.999999999998,0.0,-9999.999999999998,0.0,0.0,0.0,50000000.0,0,0
2013-05-07,0.0,0.0,0.0,0.0,0.0,0.0,0.0,0.0,0,0
2013-05-08,0.0,0.0,0.0,0.0,0.0,0.0,0.0,0.0,0,0
2013-05-09,0.0,0.0,0.0,0.0,0.0,0.0,0.0,0.0,0,0
2013-05-10,0.0,0.0,0.0,0.0,0.0,0.0,0.0,0.0,0,0
2013-05-13,0.0,0.0,0.0,0.0,0.0,0.0,0.0,0.0,0,0
2013-05-14,0.0,0.0,0.0,0.0,0.0,0.0,0.0,0.0,0,0
2013-05-15,0.0,0.0,0.0,0.0,0.0,0.0,0.0,0.0,0,0
2013-05-16,0.0,0.0,0.0,0.0,0.0,0.0,0.0,0.0,0,0
2013-05-17,0.0,0.0,0.0,0.0,0.0,0.0,0.0,0.0,0,0
2013-05-20,0.0,0.0,0.0,0.0,0.0,0.0,0.0,0.0,0,0
2013-05-21,0.0,0.0,0.0,0.0,0.0,0.0,0.0,0.0,0,0
2013-05-22,0.0,0.0,0.0,0.0,0.0,0.0,0.0,0.0,0,0
2013-05-23,-94637.02678668454,10000.000000000002,396.8253968253968,-105033.85218350994,25000000.0,25000000.000000004,50000000.0,50000000.0,30,30
2013-05-24,220141.04616196846,19999.999999999993,396.8253968253968,199744.22076514308,25000000.000000004,25000000.0,50000000.0,55956104.392071515,31,31
2013-05-28,45169.29053465937,20741.48221932821,396.82539682539687,24030.982918505764,25000000.000000004,25000000.0,50000000.0,80812272.53092323,31,31
2013-05-29,99675.9455796338,20542.6528382537,396.8253968253968,78736.46734455471,25000000.00000001,25000000.000000004,50000000.000000015,79166655.39948805,31,31
2013-05-30,0.0,10000.000000000004,0.0,-10000.000000000004,0.0,0.0,0.0,50000000.000000015,0,0
2013-05-31,94230.73899906962,10000.000000000004,396.825396825397,83833.91360224423,25000000.000000004,25000000.000000007,50000000.000000015,50000000.00000001,31,31
2013-06-03,0.0,10000.000000000004,0.0,-10000.000000000004,0.0,0.0,0.0,50000000.00000001,0,0
2013-06-04,-36521.53023179779,9999.999999999996,396.8253968253966,-46918.35562862319,25000000.0,24999999.999999996,50000000.0,49999999.99999999,31,31
2013-06-05,-27318.46834018094,20000.000000000004,396.82539682539675,-47715.293737006345,25000000.0,25000000.0,50000000.0,60106777.14776214,31,31
2013-06-06,97999.16472800214,20000.0,396.82539682539687,77602.33933117674,25000000.0,25000000.0,50000000.0,58964453.715631455,31,31
2013-06-07,0.0,9999.999999999998,0.0,-9999.999999999998,0.0,0.0,0.0,50000000.0,0,0
2013-06-10,0.0,0.0,0.0,0.0,0.0,0.0,0.0,0.0,0,0
2013-06-11,96245.59566642542,9999.999999999998,396.82539682539687,85848.77026960002,25000000.0,25000000.000000004,50000000.0,50000000.0,31,31
2013-06-12,0.0,9999.999999999998,0.0,-9999.999999999998,0.0,0.0,0.0,50000000.0,0,0
2013-06-13,0.0,0.0,0.0,0.0,0.0,0.0,0.0,0.0,0,0
2013-06-14,0.0,0.0,0.0,0.0,0.0,0.0,0.0,0.0,0,0
2013-06-17,0.0,0.0,0.0,0.0,0.0,0.0,0.0,0.0,0,0
2013-06-18,0.0,0.0,0.0,0.0,0.0,0.0,0.0,0.0,0,0
2013-06-19,0.0,0.0,0.0,0.0,0.0,0.0,0.0,0.0,0,0
2013-06-20,82567.44968725427,9999.999999999998,396.8253968253969,72170.62429042887,25000000.000000004,24999999.999999996,50000000.0,50000000.0,30,30
2013-06-21,0.0,9999.999999999998,0.0,-9999.999999999998,0.0,0.0,0.0,50000000.0,0,0
2013-06-24,215348.39508395805,10000.0,396.8253968253969,204951.56968713267,25000000.0,25000000.000000007,50000000.00000001,50000000.00000001,30,30
2013-06-25,0.0,10000.0,0.0,-10000.0,0.0,0.0,0.0,50000000.00000001,0,0
2013-06-26,0.0,0.0,0.0,0.0,0.0,0.0,0.0,0.0,0,0
2013-06-27,0.0,0.0,0.0,0.0,0.0,0.0,0.0,0.0,0,0
2013-06-28,0.0,0.0,0.0,0.0,0.0,0.0,0.0,0.0,0,0
2013-07-01,0.0,0.0,0.0,0.0,0.0,0.0,0.0,0.0,0,0
2013-07-02,0.0,0.0,0.0,0.0,0.0,0.0,0.0,0.0,0,0
2013-07-03,0.0,0.0,0.0,0.0,0.0,0.0,0.0,0.0,0,0
2013-07-05,0.0,0.0,0.0,0.0,0.0,0.0,0.0,0.0,0,0
2013-07-08,0.0,0.0,0.0,0.0,0.0,0.0,0.0,0.0,0,0
2013-07-09,0.0,0.0,0.0,0.0,0.0,0.0,0.0,0.0,0,0
2013-07-10,0.0,0.0,0.0,0.0,0.0,0.0,0.0,0.0,0,0
2013-07-11,0.0,0.0,0.0,0.0,0.0,0.0,0.0,0.0,0,0
2013-07-12,84807.86840630986,9999.999999999998,396.82539682539675,74411.04300948446,24999999.999999996,25000000.0,50000000.0,49999999.99999999,30,30
2013-07-15,0.0,9999.999999999998,0.0,-9999.999999999998,0.0,0.0,0.0,49999999.99999999,0,0
2013-07-16,0.0,0.0,0.0,0.0,0.0,0.0,0.0,0.0,0,0
2013-07-17,0.0,0.0,0.0,0.0,0.0,0.0,0.0,0.0,0,0
2013-07-18,0.0,0.0,0.0,0.0,0.0,0.0,0.0,0.0,0,0
2013-07-19,0.0,0.0,0.0,0.0,0.0,0.0,0.0,0.0,0,0
2013-07-22,0.0,0.0,0.0,0.0,0.0,0.0,0.0,0.0,0,0
2013-07-23,0.0,0.0,0.0,0.0,0.0,0.0,0.0,0.0,0,0
2013-07-24,0.0,0.0,0.0,0.0,0.0,0.0,0.0,0.0,0,0
2013-07-25,-57930.1699293281,10000.0,396.82539682539664,-68326.9953261535,25000000.0,24999999.999999996,50000000.0,49999999.99999999,27,27
2013-07-26,-8275.386006219333,20288.074361918014,396.82539682539687,-28960.285764962744,25000000.000000004,25000000.000000004,50000000.00000001,66298875.48053159,27,27
2013-07-29,-37284.463970025994,20682.228017271787,396.82539682539687,-58363.51738412318,25000000.0,25000000.000000004,50000000.0,72533122.6942924,28,28
2013-07-30,0.0,10000.000000000005,0.0,-10000.000000000005,0.0,0.0,0.0,50000000.00000001,0,0
2013-07-31,0.0,0.0,0.0,0.0,0.0,0.0,0.0,0.0,0,0
2013-08-01,0.0,0.0,0.0,0.0,0.0,0.0,0.0,0.0,0,0
2013-08-02,96015.7130854132,10000.0,396.8253968253968,85618.8876885878,24999999.999999996,25000000.000000004,50000000.0,50000000.0,29,29
2013-08-05,0.0,10000.0,0.0,-10000.0,0.0,0.0,0.0,50000000.0,0,0
2013-08-06,0.0,0.0,0.0,0.0,0.0,0.0,0.0,0.0,0,0
2013-08-07,0.0,0.0,0.0,0.0,0.0,0.0,0.0,0.0,0,0
2013-08-08,0.0,0.0,0.0,0.0,0.0,0.0,0.0,0.0,0,0
2013-08-09,0.0,0.0,0.0,0.0,0.0,0.0,0.0,0.0,0,0
2013-08-12,0.0,0.0,0.0,0.0,0.0,0.0,0.0,0.0,0,0
2013-08-13,0.0,0.0,0.0,0.0,0.0,0.0,0.0,0.0,0,0
2013-08-14,0.0,0.0,0.0,0.0,0.0,0.0,0.0,0.0,0,0
2013-08-15,67317.0985014311,9999.999999999996,396.82539682539687,56920.2731046057,25000000.0,25000000.0,50000000.0,50000000.0,30,30
2013-08-16,39894.64289307526,20000.000000000015,396.8253968253968,19497.81749624985,25000000.000000004,25000000.000000007,50000000.000000015,59627974.70141415,30,30
2013-08-19,0.0,10000.000000000004,0.0,-10000.000000000004,0.0,0.0,0.0,50000000.00000001,0,0
2013-08-20,-63302.873946276704,10000.0,396.82539682539675,-73699.6993431021,25000000.0,25000000.0,50000000.0,50000000.0,30,30
2013-08-21,0.0,10000.0,0.0,-10000.0,0.0,0.0,0.0,50000000.0,0,0
2013-08-22,0.0,0.0,0.0,0.0,0.0,0.0,0.0,0.0,0,0
2013-08-23,0.0,0.0,0.0,0.0,0.0,0.0,0.0,0.0,0,0
2013-08-26,0.0,0.0,0.0,0.0,0.0,0.0,0.0,0.0,0,0
2013-08-27,-32021.910704025333,10000.000000000002,396.82539682539675,-42418.736100850736,25000000.0,24999999.999999996,50000000.0,49999999.99999999,30,30
2013-08-28,17369.167192739227,20000.000000000007,396.82539682539687,-3027.6582040861767,25000000.000000004,25000000.0,50000000.0,64716666.82111311,30,30
2013-08-29,0.0,10000.000000000002,0.0,-10000.000000000002,0.0,0.0,0.0,50000000.0,0,0
2013-08-30,0.0,0.0,0.0,0.0,0.0,0.0,0.0,0.0,0,0
2013-09-03,0.0,0.0,0.0,0.0,0.0,0.0,0.0,0.0,0,0
2013-09-04,0.0,0.0,0.0,0.0,0.0,0.0,0.0,0.0,0,0
2013-09-05,0.0,0.0,0.0,0.0,0.0,0.0,0.0,0.0,0,0
2013-09-06,0.0,0.0,0.0,0.0,0.0,0.0,0.0,0.0,0,0
2013-09-09,0.0,0.0,0.0,0.0,0.0,0.0,0.0,0.0,0,0
2013-09-10,0.0,0.0,0.0,0.0,0.0,0.0,0.0,0.0,0,0
2013-09-11,0.0,0.0,0.0,0.0,0.0,0.0,0.0,0.0,0,0
2013-09-12,0.0,0.0,0.0,0.0,0.0,0.0,0.0,0.0,0,0
2013-09-13,0.0,0.0,0.0,0.0,0.0,0.0,0.0,0.0,0,0
2013-09-16,0.0,0.0,0.0,0.0,0.0,0.0,0.0,0.0,0,0
2013-09-17,-9849.303179140203,10000.000000000002,396.8253968253969,-20246.1285759656,25000000.000000004,25000000.0,50000000.0,50000000.00000001,29,29
2013-09-18,0.0,10000.000000000002,0.0,-10000.000000000002,0.0,0.0,0.0,50000000.00000001,0,0
2013-09-19,0.0,0.0,0.0,0.0,0.0,0.0,0.0,0.0,0,0
2013-09-20,0.0,0.0,0.0,0.0,0.0,0.0,0.0,0.0,0,0
2013-09-23,0.0,0.0,0.0,0.0,0.0,0.0,0.0,0.0,0,0
2013-09-24,0.0,0.0,0.0,0.0,0.0,0.0,0.0,0.0,0,0
2013-09-25,0.0,0.0,0.0,0.0,0.0,0.0,0.0,0.0,0,0
2013-09-26,0.0,0.0,0.0,0.0,0.0,0.0,0.0,0.0,0,0
2013-09-27,-102317.079267965,10000.000000000002,396.8253968253969,-112713.9046647904,24999999.999999996,25000000.000000004,50000000.0,50000000.0,31,31
2013-09-30,-51813.06135705655,19999.99999999999,396.82539682539675,-72209.88675388193,24999999.999999996,24999999.999999996,49999999.99999999,62918722.8561924,30,30
2013-10-01,0.0,10000.000000000002,0.0,-10000.000000000002,0.0,0.0,0.0,49999999.99999999,0,0
2013-10-02,0.0,0.0,0.0,0.0,0.0,0.0,0.0,0.0,0,0
2013-10-03,0.0,0.0,0.0,0.0,0.0,0.0,0.0,0.0,0,0
2013-10-04,0.0,0.0,0.0,0.0,0.0,0.0,0.0,0.0,0,0
2013-10-07,0.0,0.0,0.0,0.0,0.0,0.0,0.0,0.0,0,0
2013-10-08,0.0,0.0,0.0,0.0,0.0,0.0,0.0,0.0,0,0
2013-10-09,0.0,0.0,0.0,0.0,0.0,0.0,0.0,0.0,0,0
2013-10-10,0.0,0.0,0.0,0.0,0.0,0.0,0.0,0.0,0,0
2013-10-11,0.0,0.0,0.0,0.0,0.0,0.0,0.0,0.0,0,0
2013-10-14,0.0,0.0,0.0,0.0,0.0,0.0,0.0,0.0,0,0
2013-10-15,31787.165071875068,9999.999999999996,396.8253968253968,21390.339675049676,24999999.999999996,25000000.0,50000000.0,50000000.0,31,31
2013-10-16,0.0,9999.999999999996,0.0,-9999.999999999996,0.0,0.0,0.0,50000000.0,0,0
2013-10-17,0.0,0.0,0.0,0.0,0.0,0.0,0.0,0.0,0,0
2013-10-18,0.0,0.0,0.0,0.0,0.0,0.0,0.0,0.0,0,0
2013-10-21,0.0,0.0,0.0,0.0,0.0,0.0,0.0,0.0,0,0
2013-10-22,0.0,0.0,0.0,0.0,0.0,0.0,0.0,0.0,0,0
2013-10-23,0.0,0.0,0.0,0.0,0.0,0.0,0.0,0.0,0,0
2013-10-24,0.0,0.0,0.0,0.0,0.0,0.0,0.0,0.0,0,0
2013-10-25,0.0,0.0,0.0,0.0,0.0,0.0,0.0,0.0,0,0
2013-10-28,0.0,0.0,0.0,0.0,0.0,0.0,0.0,0.0,0,0
2013-10-29,0.0,0.0,0.0,0.0,0.0,0.0,0.0,0.0,0,0
2013-10-30,0.0,0.0,0.0,0.0,0.0,0.0,0.0,0.0,0,0
2013-10-31,0.0,0.0,0.0,0.0,0.0,0.0,0.0,0.0,0,0
2013-11-01,0.0,0.0,0.0,0.0,0.0,0.0,0.0,0.0,0,0
2013-11-04,0.0,0.0,0.0,0.0,0.0,0.0,0.0,0.0,0,0
2013-11-05,0.0,0.0,0.0,0.0,0.0,0.0,0.0,0.0,0,0
2013-11-06,0.0,0.0,0.0,0.0,0.0,0.0,0.0,0.0,0,0
2013-11-07,0.0,0.0,0.0,0.0,0.0,0.0,0.0,0.0,0,0
2013-11-08,0.0,0.0,0.0,0.0,0.0,0.0,0.0,0.0,0,0
2013-11-11,0.0,0.0,0.0,0.0,0.0,0.0,0.0,0.0,0,0
2013-11-12,0.0,0.0,0.0,0.0,0.0,0.0,0.0,0.0,0,0
2013-11-13,37860.63947128846,9999.999999999998,396.8253968253967,27463.814074463062,25000000.0,24999999.999999996,50000000.0,50000000.0,32,32
2013-11-14,0.0,9999.999999999998,0.0,-9999.999999999998,0.0,0.0,0.0,50000000.0,0,0
2013-11-15,0.0,0.0,0.0,0.0,0.0,0.0,0.0,0.0,0,0
2013-11-18,0.0,0.0,0.0,0.0,0.0,0.0,0.0,0.0,0,0
2013-11-19,0.0,0.0,0.0,0.0,0.0,0.0,0.0,0.0,0,0
2013-11-20,0.0,0.0,0.0,0.0,0.0,0.0,0.0,0.0,0,0
2013-11-21,0.0,0.0,0.0,0.0,0.0,0.0,0.0,0.0,0,0
2013-11-22,0.0,0.0,0.0,0.0,0.0,0.0,0.0,0.0,0,0
2013-11-25,0.0,0.0,0.0,0.0,0.0,0.0,0.0,0.0,0,0
2013-11-26,0.0,0.0,0.0,0.0,0.0,0.0,0.0,0.0,0,0
2013-11-27,0.0,0.0,0.0,0.0,0.0,0.0,0.0,0.0,0,0
2013-11-29,0.0,0.0,0.0,0.0,0.0,0.0,0.0,0.0,0,0
2013-12-02,0.0,0.0,0.0,0.0,0.0,0.0,0.0,0.0,0,0
2013-12-03,-21181.321297410537,10000.0,396.82539682539687,-31578.146694235933,25000000.0,25000000.0,50000000.0,50000000.0,31,31
2013-12-04,18990.990668222505,20000.000000000004,396.82539682539675,-1405.8347286028957,25000000.0,25000000.0,50000000.0,64773833.47808683,31,31
2013-12-05,90011.8462845191,19999.999999999985,396.8253968253968,69615.02088769371,25000000.0,25000000.0,50000000.0,61122650.42714169,30,30
2013-12-06,0.0,10000.000000000002,0.0,-10000.000000000002,0.0,0.0,0.0,50000000.0,0,0
2013-12-09,0.0,0.0,0.0,0.0,0.0,0.0,0.0,0.0,0,0
2013-12-10,0.0,0.0,0.0,0.0,0.0,0.0,0.0,0.0,0,0
2013-12-11,3761.3349574440576,10000.000000000002,396.8253968253969,-6635.49043938134,25000000.0,25000000.0,50000000.0,50000000.0,30,30
2013-12-12,0.0,10000.000000000002,0.0,-10000.000000000002,0.0,0.0,0.0,50000000.0,0,0
2013-12-13,0.0,0.0,0.0,0.0,0.0,0.0,0.0,0.0,0,0
2013-12-16,0.0,0.0,0.0,0.0,0.0,0.0,0.0,0.0,0,0
2013-12-17,0.0,0.0,0.0,0.0,0.0,0.0,0.0,0.0,0,0
2013-12-18,0.0,0.0,0.0,0.0,0.0,0.0,0.0,0.0,0,0
2013-12-19,0.0,0.0,0.0,0.0,0.0,0.0,0.0,0.0,0,0
2013-12-20,0.0,0.0,0.0,0.0,0.0,0.0,0.0,0.0,0,0
2013-12-23,0.0,0.0,0.0,0.0,0.0,0.0,0.0,0.0,0,0
2013-12-24,0.0,0.0,0.0,0.0,0.0,0.0,0.0,0.0,0,0
2013-12-26,0.0,0.0,0.0,0.0,0.0,0.0,0.0,0.0,0,0
2013-12-27,0.0,0.0,0.0,0.0,0.0,0.0,0.0,0.0,0,0
2013-12-30,0.0,0.0,0.0,0.0,0.0,0.0,0.0,0.0,0,0
2013-12-31,0.0,0.0,0.0,0.0,0.0,0.0,0.0,0.0,0,0
2014-01-02,0.0,0.0,0.0,0.0,0.0,0.0,0.0,0.0,0,0
2014-01-03,0.0,0.0,0.0,0.0,0.0,0.0,0.0,0.0,0,0
2014-01-06,0.0,0.0,0.0,0.0,0.0,0.0,0.0,0.0,0,0
2014-01-07,0.0,0.0,0.0,0.0,0.0,0.0,0.0,0.0,0,0
2014-01-08,88843.05316903128,10000.000000000002,396.8253968253968,78446.22777220588,25000000.0,25000000.0,50000000.0,50000000.0,33,33
2014-01-09,0.0,10000.000000000002,0.0,-10000.000000000002,0.0,0.0,0.0,50000000.0,0,0
2014-01-10,0.0,0.0,0.0,0.0,0.0,0.0,0.0,0.0,0,0
2014-01-13,132908.5569567811,10000.000000000004,396.8253968253968,122511.7315599557,25000000.000000004,24999999.999999996,50000000.0,50000000.0,34,34
2014-01-14,49043.36206977908,20000.000000000004,396.82539682539675,28646.536672953684,25000000.000000004,24999999.999999996,50000000.0,63073343.717813015,34,34
2014-01-15,0.0,10000.000000000005,0.0,-10000.000000000005,0.0,0.0,0.0,50000000.0,0,0
2014-01-16,0.0,0.0,0.0,0.0,0.0,0.0,0.0,0.0,0,0
2014-01-17,124433.48867852587,9999.999999999998,396.82539682539675,114036.66328170047,24999999.999999996,25000000.0,50000000.0,50000000.0,33,33
2014-01-21,0.0,9999.999999999998,0.0,-9999.999999999998,0.0,0.0,0.0,50000000.0,0,0
2014-01-22,0.0,0.0,0.0,0.0,0.0,0.0,0.0,0.0,0,0
2014-01-23,-35150.365909676766,10000.0,396.8253968253968,-45547.191306502165,25000000.0,25000000.0,50000000.0,50000000.0,32,32
2014-01-24,44650.734311973094,20000.0,396.8253968253968,24253.9089151477,25000000.000000004,25000000.0,50000000.0,59852006.969917834,33,33
2014-01-27,144792.438206096,20000.0,396.8253968253967,124395.6128092706,25000000.000000004,25000000.0,50000000.0,73884555.39781041,33,33
2014-01-28,84683.57802309103,20000.0,396.8253968253969,64286.75262626563,25000000.0,25000000.0,50000000.0,75425566.98407677,33,33
2014-01-29,278052.3111252981,20000.0,396.82539682539675,257655.4857284727,25000000.0,25000000.0,50000000.0,74148601.0637272,32,32
2014-01-30,0.0,9999.999999999996,0.0,-9999.999999999996,0.0,0.0,0.0,50000000.0,0,0
2014-01-31,78769.44997806252,10000.000000000002,396.8253968253968,68372.62458123712,25000000.000000004,25000000.0,50000000.0,50000000.00000001,33,33
2014-02-03,0.0,10000.000000000002,0.0,-10000.000000000002,0.0,0.0,0.0,50000000.00000001,0,0
2014-02-04,0.0,0.0,0.0,0.0,0.0,0.0,0.0,0.0,0,0
2014-02-05,-45713.92380590659,10000.000000000002,396.8253968253968,-56110.74920273199,25000000.0,24999999.999999996,50000000.0,50000000.0,34,34
2014-02-06,0.0,10000.000000000002,0.0,-10000.000000000002,0.0,0.0,0.0,50000000.0,0,0
2014-02-07,0.0,0.0,0.0,0.0,0.0,0.0,0.0,0.0,0,0
2014-02-10,0.0,0.0,0.0,0.0,0.0,0.0,0.0,0.0,0,0
2014-02-11,0.0,0.0,0.0,0.0,0.0,0.0,0.0,0.0,0,0
2014-02-12,0.0,0.0,0.0,0.0,0.0,0.0,0.0,0.0,0,0
2014-02-13,63032.07979947172,10000.000000000004,396.8253968253969,52635.254402646315,24999999.999999996,25000000.000000004,50000000.0,50000000.0,34,34
2014-02-14,0.0,10000.000000000004,0.0,-10000.000000000004,0.0,0.0,0.0,50000000.0,0,0
2014-02-18,0.0,0.0,0.0,0.0,0.0,0.0,0.0,0.0,0,0
2014-02-19,0.0,0.0,0.0,0.0,0.0,0.0,0.0,0.0,0,0
2014-02-20,0.0,0.0,0.0,0.0,0.0,0.0,0.0,0.0,0,0
2014-02-21,0.0,0.0,0.0,0.0,0.0,0.0,0.0,0.0,0,0
2014-02-24,0.0,0.0,0.0,0.0,0.0,0.0,0.0,0.0,0,0
2014-02-25,0.0,0.0,0.0,0.0,0.0,0.0,0.0,0.0,0,0
2014-02-26,0.0,0.0,0.0,0.0,0.0,0.0,0.0,0.0,0,0
2014-02-27,0.0,0.0,0.0,0.0,0.0,0.0,0.0,0.0,0,0
2014-02-28,0.0,0.0,0.0,0.0,0.0,0.0,0.0,0.0,0,0
2014-03-03,0.0,0.0,0.0,0.0,0.0,0.0,0.0,0.0,0,0
2014-03-04,0.0,0.0,0.0,0.0,0.0,0.0,0.0,0.0,0,0
2014-03-05,0.0,0.0,0.0,0.0,0.0,0.0,0.0,0.0,0,0
2014-03-06,0.0,0.0,0.0,0.0,0.0,0.0,0.0,0.0,0,0
2014-03-07,0.0,0.0,0.0,0.0,0.0,0.0,0.0,0.0,0,0
2014-03-10,0.0,0.0,0.0,0.0,0.0,0.0,0.0,0.0,0,0
2014-03-11,0.0,0.0,0.0,0.0,0.0,0.0,0.0,0.0,0,0
2014-03-12,93522.67708598325,10000.000000000002,396.82539682539675,83125.85168915785,25000000.0,25000000.0,50000000.0,50000000.0,35,35
2014-03-13,0.0,10000.000000000002,0.0,-10000.000000000002,0.0,0.0,0.0,50000000.0,0,0
2014-03-14,108444.58009376317,10000.0,396.82539682539687,98047.75469693777,25000000.0,25000000.000000004,50000000.0,50000000.0,36,36
2014-03-17,0.0,10000.0,0.0,-10000.0,0.0,0.0,0.0,50000000.0,0,0
2014-03-18,0.0,0.0,0.0,0.0,0.0,0.0,0.0,0.0,0,0
2014-03-19,0.0,0.0,0.0,0.0,0.0,0.0,0.0,0.0,0,0
2014-03-20,0.0,0.0,0.0,0.0,0.0,0.0,0.0,0.0,0,0
2014-03-21,0.0,0.0,0.0,0.0,0.0,0.0,0.0,0.0,0,0
2014-03-24,0.0,0.0,0.0,0.0,0.0,0.0,0.0,0.0,0,0
2014-03-25,0.0,0.0,0.0,0.0,0.0,0.0,0.0,0.0,0,0
2014-03-26,0.0,0.0,0.0,0.0,0.0,0.0,0.0,0.0,0,0
2014-03-27,0.0,0.0,0.0,0.0,0.0,0.0,0.0,0.0,0,0
2014-03-28,0.0,0.0,0.0,0.0,0.0,0.0,0.0,0.0,0,0
2014-03-31,0.0,0.0,0.0,0.0,0.0,0.0,0.0,0.0,0,0
2014-04-01,40456.95332405793,10000.000000000002,396.8253968253969,30060.127927232537,25000000.0,25000000.000000004,50000000.0,50000000.00000001,35,35
2014-04-02,36058.043552560106,20000.0,396.8253968253968,15661.218155734708,24999999.999999996,25000000.0,50000000.0,64024348.9895173,35,35
2014-04-03,0.0,10000.0,0.0,-10000.0,0.0,0.0,0.0,49999999.99999999,0,0
2014-04-04,0.0,0.0,0.0,0.0,0.0,0.0,0.0,0.0,0,0
2014-04-07,107469.8339003811,10000.000000000005,396.82539682539675,97073.0085035557,25000000.000000004,25000000.0,50000000.0,50000000.0,35,35
2014-04-08,204924.41489386914,20000.000000000004,396.82539682539675,184527.58949704375,25000000.000000004,25000000.000000004,50000000.00000001,66197432.17491477,35,35
2014-04-09,24232.115081746557,20329.84544559751,396.8253968253969,3505.444239323648,24999999.999999996,25000000.0,50000000.0,58185317.3782213,35,35
2014-04-10,-132524.80129771886,19999.999999999996,396.82539682539687,-152921.62669454425,25000000.0,25000000.0,50000000.0,62869670.24960997,35,35
2014-04-11,149934.95732465948,20000.0,396.82539682539675,129538.13192783408,25000000.0,25000000.0,50000000.0,67853868.22083002,35,35
2014-04-14,0.0,9999.999999999998,0.0,-9999.999999999998,0.0,0.0,0.0,50000000.0,0,0
2014-04-15,188558.82658376652,10000.000000000002,396.82539682539675,178162.00118694114,24999999.999999996,25000000.0,50000000.0,50000000.0,35,35
2014-04-16,0.0,10000.000000000002,0.0,-10000.000000000002,0.0,0.0,0.0,50000000.0,0,0
2014-04-17,100761.0852070906,10000.0,396.8253968253968,90364.2598102652,25000000.0,25000000.0,50000000.0,50000000.0,34,34
2014-04-21,70706.16240737314,20448.88441299105,396.82539682539687,49860.45259755669,25000000.000000004,25000000.0,50000000.0,78493614.53564945,34,34
2014-04-22,77868.23489512247,20294.797348398122,396.8253968253969,57176.61214989895,25000000.0,25000000.000000004,50000000.0,68756829.55356613,33,33
2014-04-23,0.0,10000.0,0.0,-10000.0,0.0,0.0,0.0,50000000.0,0,0
2014-04-24,-104486.2336587739,10000.0,396.82539682539675,-114883.0590555993,25000000.000000004,25000000.000000004,50000000.00000001,50000000.00000001,32,32
2014-04-25,59957.062359110954,20963.133499402786,396.82539682539675,38597.10346288277,25000000.0,25000000.0,50000000.0,72983655.28493538,32,32
2014-04-28,0.0,10000.0,0.0,-10000.0,0.0,0.0,0.0,50000000.0,0,0
2014-04-29,-118964.11990420157,10000.0,396.82539682539675,-129360.94530102696,25000000.0,25000000.0,50000000.0,50000000.0,33,33
2014-04-30,21262.860832983566,19999.99999999999,396.82539682539675,866.0354361581802,25000000.0,25000000.0,50000000.0,76002697.8254147,31,31
2014-05-01,0.0,10000.000000000005,0.0,-10000.000000000005,0.0,0.0,0.0,50000000.0,0,0
2014-05-02,0.0,0.0,0.0,0.0,0.0,0.0,0.0,0.0,0,0
2014-05-05,-25672.47764223344,10000.0,396.8253968253968,-36069.30303905884,25000000.0,24999999.999999996,50000000.0,49999999.99999999,34,34
2014-05-06,0.0,10000.0,0.0,-10000.0,0.0,0.0,0.0,49999999.99999999,0,0
2014-05-07,0.0,0.0,0.0,0.0,0.0,0.0,0.0,0.0,0,0
2014-05-08,-104269.27478404874,10000.000000000004,396.82539682539675,-114666.10018087414,25000000.000000004,25000000.0,50000000.0,50000000.0,33,33
2014-05-09,0.0,10000.000000000004,0.0,-10000.000000000004,0.0,0.0,0.0,50000000.0,0,0
2014-05-12,0.0,0.0,0.0,0.0,0.0,0.0,0.0,0.0,0,0
2014-05-13,0.0,0.0,0.0,0.0,0.0,0.0,0.0,0.0,0,0
2014-05-14,0.0,0.0,0.0,0.0,0.0,0.0,0.0,0.0,0,0
2014-05-15,33314.630579683435,9999.999999999996,396.8253968253968,22917.805182858043,25000000.0,25000000.0,50000000.0,50000000.0,35,35
2014-05-16,0.0,9999.999999999996,0.0,-9999.999999999996,0.0,0.0,0.0,50000000.0,0,0
2014-05-19,0.0,0.0,0.0,0.0,0.0,0.0,0.0,0.0,0,0
2014-05-20,0.0,0.0,0.0,0.0,0.0,0.0,0.0,0.0,0,0
2014-05-21,0.0,0.0,0.0,0.0,0.0,0.0,0.0,0.0,0,0
2014-05-22,0.0,0.0,0.0,0.0,0.0,0.0,0.0,0.0,0,0
2014-05-23,0.0,0.0,0.0,0.0,0.0,0.0,0.0,0.0,0,0
2014-05-27,0.0,0.0,0.0,0.0,0.0,0.0,0.0,0.0,0,0
2014-05-28,0.0,0.0,0.0,0.0,0.0,0.0,0.0,0.0,0,0
2014-05-29,0.0,0.0,0.0,0.0,0.0,0.0,0.0,0.0,0,0
2014-05-30,0.0,0.0,0.0,0.0,0.0,0.0,0.0,0.0,0,0
2014-06-02,0.0,0.0,0.0,0.0,0.0,0.0,0.0,0.0,0,0
2014-06-03,-43785.94058037227,10000.000000000004,396.82539682539687,-54182.765977197676,25000000.0,25000000.0,50000000.0,50000000.0,34,34
2014-06-04,86140.26262492033,19999.999999999996,396.82539682539675,65743.43722809493,25000000.000000004,25000000.000000004,50000000.00000001,70273428.98368332,34,34
2014-06-05,0.0,9999.999999999996,0.0,-9999.999999999996,0.0,0.0,0.0,50000000.00000001,0,0
2014-06-06,0.0,0.0,0.0,0.0,0.0,0.0,0.0,0.0,0,0
2014-06-09,0.0,0.0,0.0,0.0,0.0,0.0,0.0,0.0,0,0
2014-06-10,0.0,0.0,0.0,0.0,0.0,0.0,0.0,0.0,0,0
2014-06-11,2281.6960287291176,9999.999999999995,396.8253968253968,-8115.1293680962735,24999999.999999996,25000000.0,50000000.0,49999999.99999999,34,34
2014-06-12,0.0,9999.999999999995,0.0,-9999.999999999995,0.0,0.0,0.0,49999999.99999999,0,0
2014-06-13,0.0,0.0,0.0,0.0,0.0,0.0,0.0,0.0,0,0
2014-06-16,47594.267055668526,10000.000000000002,396.82539682539675,37197.44165884313,25000000.000000004,25000000.0,50000000.0,50000000.00000001,33,33
2014-06-17,57140.63953302948,20228.81188154859,396.82539682539675,36515.0022546555,25000000.0,25000000.000000004,50000000.0,61464925.34282309,33,33
2014-06-18,0.0,9999.999999999998,0.0,-9999.999999999998,0.0,0.0,0.0,50000000.0,0,0
2014-06-19,0.0,0.0,0.0,0.0,0.0,0.0,0.0,0.0,0,0
2014-06-20,0.0,0.0,0.0,0.0,0.0,0.0,0.0,0.0,0,0
2014-06-23,0.0,0.0,0.0,0.0,0.0,0.0,0.0,0.0,0,0
2014-06-24,18377.86512053245,10000.000000000002,396.8253968253968,7981.039723707051,25000000.0,25000000.0,50000000.0,50000000.0,33,33
2014-06-25,43544.52545964574,20000.0,396.82539682539675,23147.700062820342,25000000.000000004,24999999.999999996,50000000.0,68121921.01895942,33,33
2014-06-26,-10949.973059637192,20000.0,396.8253968253968,-31346.798456462588,25000000.0,25000000.0,50000000.0,73808451.33584562,33,33
2014-06-27,59828.316568680515,19999.99999999999,396.82539682539687,39431.49117185513,25000000.000000004,24999999.999999996,50000000.0,68989033.6797465,33,33
2014-06-30,0.0,9999.999999999996,0.0,-9999.999999999996,0.0,0.0,0.0,50000000.0,0,0
2014-07-01,0.0,0.0,0.0,0.0,0.0,0.0,0.0,0.0,0,0
2014-07-02,0.0,0.0,0.0,0.0,0.0,0.0,0.0,0.0,0,0
2014-07-03,0.0,0.0,0.0,0.0,0.0,0.0,0.0,0.0,0,0
2014-07-07,0.0,0.0,0.0,0.0,0.0,0.0,0.0,0.0,0,0
2014-07-08,41647.20474980613,9999.999999999998,396.82539682539687,31250.379352980734,25000000.000000004,24999999.999999996,50000000.0,50000000.0,34,34
2014-07-09,-251173.35153870744,20000.000000000007,396.82539682539704,-271570.1769355328,24999999.999999996,25000000.000000004,50000000.0,70790738.19192955,34,34
2014-07-10,55726.272023859754,20000.00000000001,396.82539682539687,35329.44662703434,25000000.000000004,25000000.000000004,50000000.00000001,62714758.00230692,34,34
2014-07-11,143932.48639541442,20000.0,396.82539682539687,123535.66099858902,25000000.000000004,25000000.0,50000000.0,66030785.316362984,34,34
2014-07-14,0.0,10000.0,0.0,-10000.0,0.0,0.0,0.0,50000000.00000001,0,0
2014-07-15,0.0,0.0,0.0,0.0,0.0,0.0,0.0,0.0,0,0
2014-07-16,0.0,0.0,0.0,0.0,0.0,0.0,0.0,0.0,0,0
2014-07-17,-12904.149935835392,10000.0,396.8253968253969,-23300.975332660786,24999999.999999996,25000000.0,50000000.0,50000000.0,33,33
2014-07-18,0.0,10000.0,0.0,-10000.0,0.0,0.0,0.0,50000000.0,0,0
2014-07-21,108524.60529097872,9999.999999999998,396.82539682539675,98127.77989415333,25000000.0,25000000.0,50000000.0,50000000.0,33,33
2014-07-22,0.0,9999.999999999998,0.0,-9999.999999999998,0.0,0.0,0.0,50000000.0,0,0
2014-07-23,0.0,0.0,0.0,0.0,0.0,0.0,0.0,0.0,0,0
2014-07-24,0.0,0.0,0.0,0.0,0.0,0.0,0.0,0.0,0,0
2014-07-25,60260.93138856742,9999.999999999998,396.825396825397,49864.10599174202,25000000.0,25000000.000000004,50000000.0,50000000.00000001,32,32
2014-07-28,0.0,9999.999999999998,0.0,-9999.999999999998,0.0,0.0,0.0,50000000.00000001,0,0
2014-07-29,0.0,0.0,0.0,0.0,0.0,0.0,0.0,0.0,0,0
2014-07-30,0.0,0.0,0.0,0.0,0.0,0.0,0.0,0.0,0,0
2014-07-31,-4780.846509267709,9999.999999999998,396.82539682539687,-15177.671906093105,24999999.999999996,25000000.000000004,50000000.0,50000000.0,29,29
2014-08-01,0.0,9999.999999999998,0.0,-9999.999999999998,0.0,0.0,0.0,50000000.0,0,0
2014-08-04,0.0,0.0,0.0,0.0,0.0,0.0,0.0,0.0,0,0
2014-08-05,-132831.55253451032,9999.999999999998,396.82539682539675,-143228.3779313357,24999999.999999996,24999999.999999996,49999999.99999999,49999999.99999999,33,33
2014-08-06,155090.9771682038,20000.000000000007,396.8253968253968,134694.1517713784,25000000.000000004,25000000.0,50000000.0,59992247.79612691,33,33
2014-08-07,0.0,10000.000000000002,0.0,-10000.000000000002,0.0,0.0,0.0,50000000.00000001,0,0
2014-08-08,0.0,0.0,0.0,0.0,0.0,0.0,0.0,0.0,0,0
2014-08-11,0.0,0.0,0.0,0.0,0.0,0.0,0.0,0.0,0,0
2014-08-12,0.0,0.0,0.0,0.0,0.0,0.0,0.0,0.0,0,0
2014-08-13,0.0,0.0,0.0,0.0,0.0,0.0,0.0,0.0,0,0
2014-08-14,0.0,0.0,0.0,0.0,0.0,0.0,0.0,0.0,0,0
2014-08-15,0.0,0.0,0.0,0.0,0.0,0.0,0.0,0.0,0,0
2014-08-18,0.0,0.0,0.0,0.0,0.0,0.0,0.0,0.0,0,0
2014-08-19,0.0,0.0,0.0,0.0,0.0,0.0,0.0,0.0,0,0
2014-08-20,0.0,0.0,0.0,0.0,0.0,0.0,0.0,0.0,0,0
2014-08-21,0.0,0.0,0.0,0.0,0.0,0.0,0.0,0.0,0,0
2014-08-22,0.0,0.0,0.0,0.0,0.0,0.0,0.0,0.0,0,0
2014-08-25,0.0,0.0,0.0,0.0,0.0,0.0,0.0,0.0,0,0
2014-08-26,0.0,0.0,0.0,0.0,0.0,0.0,0.0,0.0,0,0
2014-08-27,0.0,0.0,0.0,0.0,0.0,0.0,0.0,0.0,0,0
2014-08-28,0.0,0.0,0.0,0.0,0.0,0.0,0.0,0.0,0,0
2014-08-29,0.0,0.0,0.0,0.0,0.0,0.0,0.0,0.0,0,0
2014-09-02,0.0,0.0,0.0,0.0,0.0,0.0,0.0,0.0,0,0
2014-09-03,0.0,0.0,0.0,0.0,0.0,0.0,0.0,0.0,0,0
2014-09-04,0.0,0.0,0.0,0.0,0.0,0.0,0.0,0.0,0,0
2014-09-05,96.87491536390507,9999.999999999998,396.8253968253968,-10299.95048146149,25000000.0,25000000.0,50000000.0,50000000.0,32,32
2014-09-08,727.7728347185675,20000.000000000007,396.82539682539675,-19669.052562106834,25000000.0,25000000.0,50000000.0,62189180.60824406,32,32
2014-09-09,0.0,10000.000000000002,0.0,-10000.000000000002,0.0,0.0,0.0,50000000.0,0,0
2014-09-10,0.0,0.0,0.0,0.0,0.0,0.0,0.0,0.0,0,0
2014-09-11,0.0,0.0,0.0,0.0,0.0,0.0,0.0,0.0,0,0
2014-09-12,0.0,0.0,0.0,0.0,0.0,0.0,0.0,0.0,0,0
2014-09-15,0.0,0.0,0.0,0.0,0.0,0.0,0.0,0.0,0,0
2014-09-16,21924.44682467118,10000.0,396.8253968253969,11527.621427845783,25000000.0,25000000.000000007,50000000.00000001,50000000.00000001,31,31
2014-09-17,0.0,10000.0,0.0,-10000.0,0.0,0.0,0.0,50000000.00000001,0,0
2014-09-18,0.0,0.0,0.0,0.0,0.0,0.0,0.0,0.0,0,0
2014-09-19,0.0,0.0,0.0,0.0,0.0,0.0,0.0,0.0,0,0
2014-09-22,-59462.66814000932,9999.999999999998,396.8253968253968,-69859.49353683472,25000000.0,25000000.0,50000000.0,50000000.0,33,33
2014-09-23,78755.26901820322,19999.999999999993,396.8253968253968,58358.44362137783,25000000.0,25000000.0,50000000.0,72620332.42829557,33,33
2014-09-24,-12390.934446731026,20000.000000000004,396.8253968253969,-32787.75984355643,25000000.0,25000000.000000004,50000000.0,56217142.45343936,33,33
2014-09-25,0.0,10000.0,0.0,-10000.0,0.0,0.0,0.0,50000000.0,0,0
2014-09-26,-117005.22554405662,10000.0,396.82539682539687,-127402.05094088202,25000000.0,25000000.0,50000000.0,50000000.0,33,33
2014-09-29,19579.856596056456,20000.0,396.82539682539687,-816.9688007689413,25000000.0,25000000.0,50000000.0,66501259.03097768,33,33
2014-09-30,0.0,9999.999999999998,0.0,-9999.999999999998,0.0,0.0,0.0,50000000.0,0,0
2014-10-01,0.0,0.0,0.0,0.0,0.0,0.0,0.0,0.0,0,0
2014-10-02,0.0,0.0,0.0,0.0,0.0,0.0,0.0,0.0,0,0
2014-10-03,0.0,0.0,0.0,0.0,0.0,0.0,0.0,0.0,0,0
2014-10-06,0.0,0.0,0.0,0.0,0.0,0.0,0.0,0.0,0,0
2014-10-07,-24046.33140186413,10000.000000000002,396.8253968253969,-34443.15679868953,24999999.999999996,25000000.0,50000000.0,50000000.0,34,34
2014-10-08,0.0,10000.000000000002,0.0,-10000.000000000002,0.0,0.0,0.0,50000000.0,0,0
2014-10-09,0.0,0.0,0.0,0.0,0.0,0.0,0.0,0.0,0,0
2014-10-10,0.0,0.0,0.0,0.0,0.0,0.0,0.0,0.0,0,0
2014-10-13,0.0,0.0,0.0,0.0,0.0,0.0,0.0,0.0,0,0
2014-10-14,0.0,0.0,0.0,0.0,0.0,0.0,0.0,0.0,0,0
2014-10-15,-166067.9040104439,10000.0,396.8253968253968,-176464.72940726927,24999999.999999996,25000000.000000004,50000000.0,50000000.0,34,34
2014-10-16,114344.67904876643,19999.999999999996,396.825396825397,93947.85365194103,25000000.0,25000000.000000004,50000000.0,70228344.87531129,34,34
2014-10-17,0.0,10000.000000000002,0.0,-10000.000000000002,0.0,0.0,0.0,50000000.00000001,0,0
2014-10-20,0.0,0.0,0.0,0.0,0.0,0.0,0.0,0.0,0,0
2014-10-21,0.0,0.0,0.0,0.0,0.0,0.0,0.0,0.0,0,0
2014-10-22,0.0,0.0,0.0,0.0,0.0,0.0,0.0,0.0,0,0
2014-10-23,0.0,0.0,0.0,0.0,0.0,0.0,0.0,0.0,0,0
2014-10-24,0.0,0.0,0.0,0.0,0.0,0.0,0.0,0.0,0,0
2014-10-27,0.0,0.0,0.0,0.0,0.0,0.0,0.0,0.0,0,0
2014-10-28,0.0,0.0,0.0,0.0,0.0,0.0,0.0,0.0,0,0
2014-10-29,0.0,0.0,0.0,0.0,0.0,0.0,0.0,0.0,0,0
2014-10-30,0.0,0.0,0.0,0.0,0.0,0.0,0.0,0.0,0,0
2014-10-31,0.0,0.0,0.0,0.0,0.0,0.0,0.0,0.0,0,0
2014-11-03,0.0,0.0,0.0,0.0,0.0,0.0,0.0,0.0,0,0
2014-11-04,0.0,0.0,0.0,0.0,0.0,0.0,0.0,0.0,0,0
2014-11-05,0.0,0.0,0.0,0.0,0.0,0.0,0.0,0.0,0,0
2014-11-06,0.0,0.0,0.0,0.0,0.0,0.0,0.0,0.0,0,0
2014-11-07,0.0,0.0,0.0,0.0,0.0,0.0,0.0,0.0,0,0
2014-11-10,0.0,0.0,0.0,0.0,0.0,0.0,0.0,0.0,0,0
2014-11-11,0.0,0.0,0.0,0.0,0.0,0.0,0.0,0.0,0,0
2014-11-12,0.0,0.0,0.0,0.0,0.0,0.0,0.0,0.0,0,0
2014-11-13,0.0,0.0,0.0,0.0,0.0,0.0,0.0,0.0,0,0
2014-11-14,0.0,0.0,0.0,0.0,0.0,0.0,0.0,0.0,0,0
2014-11-17,0.0,0.0,0.0,0.0,0.0,0.0,0.0,0.0,0,0
2014-11-18,0.0,0.0,0.0,0.0,0.0,0.0,0.0,0.0,0,0
2014-11-19,0.0,0.0,0.0,0.0,0.0,0.0,0.0,0.0,0,0
2014-11-20,0.0,0.0,0.0,0.0,0.0,0.0,0.0,0.0,0,0
2014-11-21,0.0,0.0,0.0,0.0,0.0,0.0,0.0,0.0,0,0
2014-11-24,0.0,0.0,0.0,0.0,0.0,0.0,0.0,0.0,0,0
2014-11-25,0.0,0.0,0.0,0.0,0.0,0.0,0.0,0.0,0,0
2014-11-26,0.0,0.0,0.0,0.0,0.0,0.0,0.0,0.0,0,0
2014-11-28,0.0,0.0,0.0,0.0,0.0,0.0,0.0,0.0,0,0
2014-12-01,-61307.069414452,10000.0,396.82539682539675,-71703.89481127741,25000000.0,25000000.0,50000000.0,50000000.0,34,34
2014-12-02,0.0,10000.0,0.0,-10000.0,0.0,0.0,0.0,50000000.0,0,0
2014-12-03,-218593.4188853959,10000.0,396.8253968253967,-228990.24428222128,25000000.000000004,24999999.999999996,50000000.0,50000000.0,33,33
2014-12-04,0.0,10000.0,0.0,-10000.0,0.0,0.0,0.0,50000000.0,0,0
2014-12-05,0.0,0.0,0.0,0.0,0.0,0.0,0.0,0.0,0,0
2014-12-08,-125255.06703508952,10000.000000000002,396.82539682539687,-135651.89243191492,25000000.000000004,25000000.0,50000000.0,50000000.0,34,34
2014-12-09,-696.8271047421085,20064.68784070753,396.8253968253969,-21158.340342275034,25000000.0,25000000.0,50000000.0,66321062.86204039,33,33
2014-12-10,28799.641244021666,20064.68784070752,396.82539682539687,8338.128006488749,25000000.0,25000000.0,50000000.0,69044529.33328639,33,33
2014-12-11,0.0,9999.999999999998,0.0,-9999.999999999998,0.0,0.0,0.0,50000000.0,0,0
2014-12-12,77614.67986752214,9999.999999999998,396.82539682539664,67217.85447069674,25000000.0,24999999.999999996,50000000.0,50000000.0,33,33
2014-12-15,0.0,9999.999999999998,0.0,-9999.999999999998,0.0,0.0,0.0,50000000.0,0,0
2014-12-16,-8407.931463499997,10000.000000000004,396.8253968253968,-18804.756860325397,25000000.0,25000000.000000004,50000000.0,50000000.00000001,34,34
2014-12-17,0.0,10000.000000000004,0.0,-10000.000000000004,0.0,0.0,0.0,50000000.00000001,0,0
2014-12-18,0.0,0.0,0.0,0.0,0.0,0.0,0.0,0.0,0,0
2014-12-19,0.0,0.0,0.0,0.0,0.0,0.0,0.0,0.0,0,0
2014-12-22,0.0,0.0,0.0,0.0,0.0,0.0,0.0,0.0,0,0
2014-12-23,0.0,0.0,0.0,0.0,0.0,0.0,0.0,0.0,0,0
2014-12-24,0.0,0.0,0.0,0.0,0.0,0.0,0.0,0.0,0,0
2014-12-26,0.0,0.0,0.0,0.0,0.0,0.0,0.0,0.0,0,0
2014-12-29,0.0,0.0,0.0,0.0,0.0,0.0,0.0,0.0,0,0
2014-12-30,0.0,0.0,0.0,0.0,0.0,0.0,0.0,0.0,0,0
2014-12-31,0.0,0.0,0.0,0.0,0.0,0.0,0.0,0.0,0,0
2015-01-02,0.0,0.0,0.0,0.0,0.0,0.0,0.0,0.0,0,0
2015-01-05,-5117.293705700251,10000.000000000005,396.82539682539675,-15514.119102525654,25000000.0,25000000.0,50000000.0,50000000.0,36,36
2015-01-06,0.0,10000.000000000005,0.0,-10000.000000000005,0.0,0.0,0.0,50000000.0,0,0
2015-01-07,0.0,0.0,0.0,0.0,0.0,0.0,0.0,0.0,0,0
2015-01-08,0.0,0.0,0.0,0.0,0.0,0.0,0.0,0.0,0,0
2015-01-09,0.0,0.0,0.0,0.0,0.0,0.0,0.0,0.0,0,0
2015-01-12,0.0,0.0,0.0,0.0,0.0,0.0,0.0,0.0,0,0
2015-01-13,0.0,0.0,0.0,0.0,0.0,0.0,0.0,0.0,0,0
2015-01-14,47142.34859160635,9999.999999999998,396.8253968253967,36745.52319478095,25000000.000000004,25000000.0,50000000.0,50000000.0,36,36
2015-01-15,0.0,9999.999999999998,0.0,-9999.999999999998,0.0,0.0,0.0,50000000.0,0,0
2015-01-16,898.2117971622686,10000.000000000004,396.82539682539687,-9498.613599663133,24999999.999999996,25000000.0,50000000.0,50000000.0,35,35
2015-01-20,0.0,10000.000000000004,0.0,-10000.000000000004,0.0,0.0,0.0,50000000.0,0,0
2015-01-21,99083.56333802696,9999.999999999996,396.8253968253968,88686.73794120156,25000000.000000004,24999999.999999996,50000000.0,50000000.0,34,34
2015-01-22,0.0,9999.999999999996,0.0,-9999.999999999996,0.0,0.0,0.0,50000000.0,0,0
2015-01-23,0.0,0.0,0.0,0.0,0.0,0.0,0.0,0.0,0,0
2015-01-26,0.0,0.0,0.0,0.0,0.0,0.0,0.0,0.0,0,0
2015-01-27,0.0,0.0,0.0,0.0,0.0,0.0,0.0,0.0,0,0
2015-01-28,0.0,0.0,0.0,0.0,0.0,0.0,0.0,0.0,0,0
2015-01-29,0.0,0.0,0.0,0.0,0.0,0.0,0.0,0.0,0,0
2015-01-30,245733.747322819,10000.0,396.8253968253968,235336.9219259936,24999999.999999996,25000000.0,50000000.0,50000000.0,32,32
2015-02-02,0.0,10000.0,0.0,-10000.0,0.0,0.0,0.0,50000000.0,0,0
2015-02-03,0.0,0.0,0.0,0.0,0.0,0.0,0.0,0.0,0,0
2015-02-04,0.0,0.0,0.0,0.0,0.0,0.0,0.0,0.0,0,0
2015-02-05,0.0,0.0,0.0,0.0,0.0,0.0,0.0,0.0,0,0
2015-02-06,0.0,0.0,0.0,0.0,0.0,0.0,0.0,0.0,0,0
2015-02-09,0.0,0.0,0.0,0.0,0.0,0.0,0.0,0.0,0,0
2015-02-10,0.0,0.0,0.0,0.0,0.0,0.0,0.0,0.0,0,0
2015-02-11,0.0,0.0,0.0,0.0,0.0,0.0,0.0,0.0,0,0
2015-02-12,0.0,0.0,0.0,0.0,0.0,0.0,0.0,0.0,0,0
2015-02-13,0.0,0.0,0.0,0.0,0.0,0.0,0.0,0.0,0,0
2015-02-17,0.0,0.0,0.0,0.0,0.0,0.0,0.0,0.0,0,0
2015-02-18,0.0,0.0,0.0,0.0,0.0,0.0,0.0,0.0,0,0
2015-02-19,0.0,0.0,0.0,0.0,0.0,0.0,0.0,0.0,0,0
2015-02-20,0.0,0.0,0.0,0.0,0.0,0.0,0.0,0.0,0,0
2015-02-23,0.0,0.0,0.0,0.0,0.0,0.0,0.0,0.0,0,0
2015-02-24,0.0,0.0,0.0,0.0,0.0,0.0,0.0,0.0,0,0
2015-02-25,0.0,0.0,0.0,0.0,0.0,0.0,0.0,0.0,0,0
2015-02-26,0.0,0.0,0.0,0.0,0.0,0.0,0.0,0.0,0,0
2015-02-27,0.0,0.0,0.0,0.0,0.0,0.0,0.0,0.0,0,0
2015-03-02,0.0,0.0,0.0,0.0,0.0,0.0,0.0,0.0,0,0
2015-03-03,0.0,0.0,0.0,0.0,0.0,0.0,0.0,0.0,0,0
2015-03-04,0.0,0.0,0.0,0.0,0.0,0.0,0.0,0.0,0,0
2015-03-05,0.0,0.0,0.0,0.0,0.0,0.0,0.0,0.0,0,0
2015-03-06,0.0,0.0,0.0,0.0,0.0,0.0,0.0,0.0,0,0
2015-03-09,0.0,0.0,0.0,0.0,0.0,0.0,0.0,0.0,0,0
2015-03-10,0.0,0.0,0.0,0.0,0.0,0.0,0.0,0.0,0,0
2015-03-11,0.0,0.0,0.0,0.0,0.0,0.0,0.0,0.0,0,0
2015-03-12,0.0,0.0,0.0,0.0,0.0,0.0,0.0,0.0,0,0
2015-03-13,0.0,0.0,0.0,0.0,0.0,0.0,0.0,0.0,0,0
2015-03-16,0.0,0.0,0.0,0.0,0.0,0.0,0.0,0.0,0,0
2015-03-17,0.0,0.0,0.0,0.0,0.0,0.0,0.0,0.0,0,0
2015-03-18,0.0,0.0,0.0,0.0,0.0,0.0,0.0,0.0,0,0
2015-03-19,0.0,0.0,0.0,0.0,0.0,0.0,0.0,0.0,0,0
2015-03-20,0.0,0.0,0.0,0.0,0.0,0.0,0.0,0.0,0,0
2015-03-23,0.0,0.0,0.0,0.0,0.0,0.0,0.0,0.0,0,0
2015-03-24,0.0,0.0,0.0,0.0,0.0,0.0,0.0,0.0,0,0
2015-03-25,0.0,0.0,0.0,0.0,0.0,0.0,0.0,0.0,0,0
2015-03-26,0.0,0.0,0.0,0.0,0.0,0.0,0.0,0.0,0,0
2015-03-27,0.0,0.0,0.0,0.0,0.0,0.0,0.0,0.0,0,0
2015-03-30,0.0,0.0,0.0,0.0,0.0,0.0,0.0,0.0,0,0
2015-03-31,0.0,0.0,0.0,0.0,0.0,0.0,0.0,0.0,0,0
2015-04-01,0.0,0.0,0.0,0.0,0.0,0.0,0.0,0.0,0,0
2015-04-02,0.0,0.0,0.0,0.0,0.0,0.0,0.0,0.0,0,0
2015-04-06,0.0,0.0,0.0,0.0,0.0,0.0,0.0,0.0,0,0
2015-04-07,0.0,0.0,0.0,0.0,0.0,0.0,0.0,0.0,0,0
2015-04-08,0.0,0.0,0.0,0.0,0.0,0.0,0.0,0.0,0,0
2015-04-09,0.0,0.0,0.0,0.0,0.0,0.0,0.0,0.0,0,0
2015-04-10,0.0,0.0,0.0,0.0,0.0,0.0,0.0,0.0,0,0
2015-04-13,0.0,0.0,0.0,0.0,0.0,0.0,0.0,0.0,0,0
2015-04-14,0.0,0.0,0.0,0.0,0.0,0.0,0.0,0.0,0,0
2015-04-15,0.0,0.0,0.0,0.0,0.0,0.0,0.0,0.0,0,0
2015-04-16,0.0,0.0,0.0,0.0,0.0,0.0,0.0,0.0,0,0
2015-04-17,0.0,0.0,0.0,0.0,0.0,0.0,0.0,0.0,0,0
2015-04-20,0.0,0.0,0.0,0.0,0.0,0.0,0.0,0.0,0,0
2015-04-21,0.0,0.0,0.0,0.0,0.0,0.0,0.0,0.0,0,0
2015-04-22,0.0,0.0,0.0,0.0,0.0,0.0,0.0,0.0,0,0
2015-04-23,0.0,0.0,0.0,0.0,0.0,0.0,0.0,0.0,0,0
2015-04-24,0.0,0.0,0.0,0.0,0.0,0.0,0.0,0.0,0,0
2015-04-27,0.0,0.0,0.0,0.0,0.0,0.0,0.0,0.0,0,0
2015-04-28,0.0,0.0,0.0,0.0,0.0,0.0,0.0,0.0,0,0
2015-04-29,0.0,0.0,0.0,0.0,0.0,0.0,0.0,0.0,0,0
2015-04-30,0.0,0.0,0.0,0.0,0.0,0.0,0.0,0.0,0,0
2015-05-01,0.0,0.0,0.0,0.0,0.0,0.0,0.0,0.0,0,0
2015-05-04,0.0,0.0,0.0,0.0,0.0,0.0,0.0,0.0,0,0
2015-05-05,0.0,0.0,0.0,0.0,0.0,0.0,0.0,0.0,0,0
2015-05-06,0.0,0.0,0.0,0.0,0.0,0.0,0.0,0.0,0,0
2015-05-07,0.0,0.0,0.0,0.0,0.0,0.0,0.0,0.0,0,0
2015-05-08,0.0,0.0,0.0,0.0,0.0,0.0,0.0,0.0,0,0
2015-05-11,0.0,0.0,0.0,0.0,0.0,0.0,0.0,0.0,0,0
2015-05-12,0.0,0.0,0.0,0.0,0.0,0.0,0.0,0.0,0,0
2015-05-13,0.0,0.0,0.0,0.0,0.0,0.0,0.0,0.0,0,0
2015-05-14,0.0,0.0,0.0,0.0,0.0,0.0,0.0,0.0,0,0
2015-05-15,0.0,0.0,0.0,0.0,0.0,0.0,0.0,0.0,0,0
2015-05-18,0.0,0.0,0.0,0.0,0.0,0.0,0.0,0.0,0,0
2015-05-19,0.0,0.0,0.0,0.0,0.0,0.0,0.0,0.0,0,0
2015-05-20,0.0,0.0,0.0,0.0,0.0,0.0,0.0,0.0,0,0
2015-05-21,0.0,0.0,0.0,0.0,0.0,0.0,0.0,0.0,0,0
2015-05-22,0.0,0.0,0.0,0.0,0.0,0.0,0.0,0.0,0,0
2015-05-26,0.0,0.0,0.0,0.0,0.0,0.0,0.0,0.0,0,0
2015-05-27,0.0,0.0,0.0,0.0,0.0,0.0,0.0,0.0,0,0
2015-05-28,0.0,0.0,0.0,0.0,0.0,0.0,0.0,0.0,0,0
2015-05-29,0.0,0.0,0.0,0.0,0.0,0.0,0.0,0.0,0,0
2015-06-01,0.0,0.0,0.0,0.0,0.0,0.0,0.0,0.0,0,0
2015-06-02,0.0,0.0,0.0,0.0,0.0,0.0,0.0,0.0,0,0
2015-06-03,0.0,0.0,0.0,0.0,0.0,0.0,0.0,0.0,0,0
2015-06-04,0.0,0.0,0.0,0.0,0.0,0.0,0.0,0.0,0,0
2015-06-05,0.0,0.0,0.0,0.0,0.0,0.0,0.0,0.0,0,0
2015-06-08,0.0,0.0,0.0,0.0,0.0,0.0,0.0,0.0,0,0
2015-06-09,0.0,0.0,0.0,0.0,0.0,0.0,0.0,0.0,0,0
2015-06-10,0.0,0.0,0.0,0.0,0.0,0.0,0.0,0.0,0,0
2015-06-11,0.0,0.0,0.0,0.0,0.0,0.0,0.0,0.0,0,0
2015-06-12,0.0,0.0,0.0,0.0,0.0,0.0,0.0,0.0,0,0
2015-06-15,0.0,0.0,0.0,0.0,0.0,0.0,0.0,0.0,0,0
2015-06-16,0.0,0.0,0.0,0.0,0.0,0.0,0.0,0.0,0,0
2015-06-17,0.0,0.0,0.0,0.0,0.0,0.0,0.0,0.0,0,0
2015-06-18,0.0,0.0,0.0,0.0,0.0,0.0,0.0,0.0,0,0
2015-06-19,0.0,0.0,0.0,0.0,0.0,0.0,0.0,0.0,0,0
2015-06-22,0.0,0.0,0.0,0.0,0.0,0.0,0.0,0.0,0,0
2015-06-23,0.0,0.0,0.0,0.0,0.0,0.0,0.0,0.0,0,0
2015-06-24,0.0,0.0,0.0,0.0,0.0,0.0,0.0,0.0,0,0
2015-06-25,0.0,0.0,0.0,0.0,0.0,0.0,0.0,0.0,0,0
2015-06-26,0.0,0.0,0.0,0.0,0.0,0.0,0.0,0.0,0,0
2015-06-29,0.0,0.0,0.0,0.0,0.0,0.0,0.0,0.0,0,0
2015-06-30,0.0,0.0,0.0,0.0,0.0,0.0,0.0,0.0,0,0
2015-07-01,0.0,0.0,0.0,0.0,0.0,0.0,0.0,0.0,0,0
2015-07-02,0.0,0.0,0.0,0.0,0.0,0.0,0.0,0.0,0,0
2015-07-06,-58813.3868498124,9999.999999999998,396.82539682539687,-69210.21224663779,25000000.000000004,25000000.0,50000000.0,50000000.0,38,38
2015-07-07,0.0,9999.999999999998,0.0,-9999.999999999998,0.0,0.0,0.0,50000000.0,0,0
2015-07-08,0.0,0.0,0.0,0.0,0.0,0.0,0.0,0.0,0,0
2015-07-09,0.0,0.0,0.0,0.0,0.0,0.0,0.0,0.0,0,0
2015-07-10,0.0,0.0,0.0,0.0,0.0,0.0,0.0,0.0,0,0
2015-07-13,0.0,0.0,0.0,0.0,0.0,0.0,0.0,0.0,0,0
2015-07-14,0.0,0.0,0.0,0.0,0.0,0.0,0.0,0.0,0,0
2015-07-15,0.0,0.0,0.0,0.0,0.0,0.0,0.0,0.0,0,0
2015-07-16,0.0,0.0,0.0,0.0,0.0,0.0,0.0,0.0,0,0
2015-07-17,156964.20810503577,9999.999999999998,396.8253968253969,146567.38270821038,24999999.999999996,25000000.000000004,50000000.0,50000000.0,37,37
2015-07-20,0.0,9999.999999999998,0.0,-9999.999999999998,0.0,0.0,0.0,50000000.0,0,0
2015-07-21,0.0,0.0,0.0,0.0,0.0,0.0,0.0,0.0,0,0
2015-07-22,0.0,0.0,0.0,0.0,0.0,0.0,0.0,0.0,0,0
2015-07-23,0.0,0.0,0.0,0.0,0.0,0.0,0.0,0.0,0,0
2015-07-24,0.0,0.0,0.0,0.0,0.0,0.0,0.0,0.0,0,0
2015-07-27,94867.96876485404,10000.000000000004,396.82539682539687,84471.14336802864,25000000.0,25000000.000000004,50000000.0,50000000.00000001,35,35
2015-07-28,0.0,10000.000000000004,0.0,-10000.000000000004,0.0,0.0,0.0,50000000.00000001,0,0
2015-07-29,0.0,0.0,0.0,0.0,0.0,0.0,0.0,0.0,0,0
2015-07-30,0.0,0.0,0.0,0.0,0.0,0.0,0.0,0.0,0,0
2015-07-31,0.0,0.0,0.0,0.0,0.0,0.0,0.0,0.0,0,0
2015-08-03,0.0,0.0,0.0,0.0,0.0,0.0,0.0,0.0,0,0
2015-08-04,0.0,0.0,0.0,0.0,0.0,0.0,0.0,0.0,0,0
2015-08-05,0.0,0.0,0.0,0.0,0.0,0.0,0.0,0.0,0,0
2015-08-06,0.0,0.0,0.0,0.0,0.0,0.0,0.0,0.0,0,0
2015-08-07,167002.78863680502,10000.000000000002,396.82539682539675,156605.96323997964,25000000.0,25000000.0,50000000.0,50000000.0,35,35
2015-08-10,0.0,10000.000000000002,0.0,-10000.000000000002,0.0,0.0,0.0,50000000.0,0,0
2015-08-11,-141703.30594050075,9999.999999999998,396.82539682539675,-152100.13133732614,24999999.999999996,25000000.0,50000000.0,50000000.0,37,37
2015-08-12,-165542.5752211938,20406.875676923366,396.82539682539687,-186346.27629494257,24999999.999999996,25000000.0,50000000.0,70843547.04926187,37,37
2015-08-13,0.0,10000.000000000002,0.0,-10000.000000000002,0.0,0.0,0.0,50000000.0,0,0
2015-08-14,-70295.56450761113,10000.0,396.82539682539675,-80692.38990443652,25000000.0,25000000.000000004,50000000.0,50000000.00000001,37,37
2015-08-17,155773.85060107993,20000.000000000015,396.82539682539675,135377.02520425455,25000000.000000007,24999999.999999996,50000000.0,58160556.91833518,37,37
2015-08-18,0.0,10000.0,0.0,-10000.0,0.0,0.0,0.0,50000000.0,0,0
2015-08-19,-57154.817715720164,10000.000000000002,396.82539682539675,-67551.64311254557,25000000.000000004,24999999.999999996,50000000.0,50000000.0,37,37
2015-08-20,-331701.27367630415,19999.999999999985,396.8253968253968,-352098.09907312953,25000000.0,25000000.0,50000000.0,61372316.602471255,37,37
2015-08-21,-964432.0830978376,20122.76758594648,396.82539682539675,-984951.6760806096,24999999.999999996,25000000.0,50000000.0,64076061.09076663,37,37
2015-08-24,761669.8783690851,19999.999999999996,396.82539682539687,741273.0529722597,25000000.000000004,25000000.000000004,50000000.00000001,65969960.32315631,37,37
2015-08-25,215152.4273568892,20098.184679966656,396.8253968253968,194657.41728009717,24999999.999999996,24999999.999999996,49999999.99999999,81232325.39163145,37,37
2015-08-26,32121.10410775012,20409.14341391816,396.8253968253969,11315.135297006565,25000000.000000004,25000000.000000004,50000000.00000001,80209364.42139228,37,37
2015-08-27,-128142.02052496537,20724.08102616542,396.8253968253969,-149262.92694795618,25000000.0,25000000.000000004,50000000.0,79293363.51433718,37,37
2015-08-28,-136362.47354379654,20322.796649921504,396.8253968253967,-157082.09559054344,25000000.000000004,25000000.0,50000000.0,71973049.26839556,37,37
2015-08-31,59922.794427043,20376.959364253264,396.8253968253967,39149.00966596434,25000000.000000004,24999999.999999996,50000000.0,84267588.58707084,37,37
2015-09-01,121890.7945708263,20541.130914366207,396.8253968253968,100952.8382596347,24999999.999999996,25000000.0,50000000.0,90287633.70200025,37,37
2015-09-02,19134.781118096278,20777.049560395153,396.8253968253969,-2039.0938391242719,25000000.0,25000000.000000004,50000000.0,89376313.0809928,37,37
2015-09-03,0.0,9999.999999999998,0.0,-9999.999999999998,0.0,0.0,0.0,50000000.0,0,0
2015-09-04,0.0,0.0,0.0,0.0,0.0,0.0,0.0,0.0,0,0
2015-09-08,129601.14194640072,10000.0,396.82539682539687,119204.31654957532,25000000.000000004,25000000.0,50000000.0,50000000.00000001,37,37
2015-09-09,-30865.82083774848,21412.299665057213,396.82539682539675,-52674.94589963109,24999999.999999996,24999999.999999993,49999999.999999985,95534697.1442842,37,37
2015-09-10,-126602.24259681093,21430.354310925086,396.8253968253969,-148429.4223045614,25000000.0,25000000.000000004,50000000.0,94776476.40072186,37,37
2015-09-11,-20046.245481384223,20457.301567582268,396.82539682539687,-40900.37244579189,25000000.0,25000000.000000004,50000000.0,78788362.6271215,37,37
2015-09-14,0.0,10000.000000000007,0.0,-10000.000000000007,0.0,0.0,0.0,50000000.00000001,0,0
2015-09-15,0.0,0.0,0.0,0.0,0.0,0.0,0.0,0.0,0,0
2015-09-16,0.0,0.0,0.0,0.0,0.0,0.0,0.0,0.0,0,0
2015-09-17,0.0,0.0,0.0,0.0,0.0,0.0,0.0,0.0,0,0
2015-09-18,0.0,0.0,0.0,0.0,0.0,0.0,0.0,0.0,0,0
2015-09-21,0.0,0.0,0.0,0.0,0.0,0.0,0.0,0.0,0,0
2015-09-22,53987.813774975664,10000.0,396.82539682539687,43590.988378150265,24999999.999999996,25000000.0,50000000.0,50000000.0,37,37
2015-09-23,-138856.3971513811,20431.624934668595,396.82539682539687,-159684.84748287508,25000000.0,24999999.999999996,50000000.0,70401741.76171918,36,36
2015-09-24,248794.00427235317,20000.000000000007,396.82539682539664,228397.17887552778,25000000.0,25000000.0,50000000.0,69362828.4726488,36,36
2015-09-25,-103828.45108340209,20096.045741672388,396.8253968253968,-124321.32222189989,25000000.000000007,25000000.0,50000000.00000001,63942901.94332357,36,36
2015-09-28,61004.22652276247,20163.065284450753,396.8253968253968,40444.33584148632,24999999.999999996,25000000.0,50000000.0,67173309.0669961,36,36
2015-09-29,0.0,10000.000000000002,0.0,-10000.000000000002,0.0,0.0,0.0,50000000.0,0,0
2015-09-30,0.0,0.0,0.0,0.0,0.0,0.0,0.0,0.0,0,0
2015-10-01,0.0,0.0,0.0,0.0,0.0,0.0,0.0,0.0,0,0
2015-10-02,10891.131376233534,10000.0,396.8253968253967,494.30597940813726,24999999.999999996,24999999.999999996,49999999.99999999,49999999.99999999,36,36
2015-10-05,0.0,10000.0,0.0,-10000.0,0.0,0.0,0.0,49999999.99999999,0,0
2015-10-06,0.0,0.0,0.0,0.0,0.0,0.0,0.0,0.0,0,0
2015-10-07,0.0,0.0,0.0,0.0,0.0,0.0,0.0,0.0,0,0
2015-10-08,0.0,0.0,0.0,0.0,0.0,0.0,0.0,0.0,0,0
2015-10-09,0.0,0.0,0.0,0.0,0.0,0.0,0.0,0.0,0,0
2015-10-12,0.0,0.0,0.0,0.0,0.0,0.0,0.0,0.0,0,0
2015-10-13,55783.05638350755,9999.999999999995,396.82539682539675,45386.23098668216,25000000.000000004,24999999.999999996,50000000.0,50000000.0,36,36
2015-10-14,0.0,9999.999999999995,0.0,-9999.999999999995,0.0,0.0,0.0,50000000.0,0,0
2015-10-15,0.0,0.0,0.0,0.0,0.0,0.0,0.0,0.0,0,0
2015-10-16,0.0,0.0,0.0,0.0,0.0,0.0,0.0,0.0,0,0
2015-10-19,0.0,0.0,0.0,0.0,0.0,0.0,0.0,0.0,0,0
2015-10-20,0.0,0.0,0.0,0.0,0.0,0.0,0.0,0.0,0,0
2015-10-21,0.0,0.0,0.0,0.0,0.0,0.0,0.0,0.0,0,0
2015-10-22,0.0,0.0,0.0,0.0,0.0,0.0,0.0,0.0,0,0
2015-10-23,0.0,0.0,0.0,0.0,0.0,0.0,0.0,0.0,0,0
2015-10-26,0.0,0.0,0.0,0.0,0.0,0.0,0.0,0.0,0,0
2015-10-27,0.0,0.0,0.0,0.0,0.0,0.0,0.0,0.0,0,0
2015-10-28,0.0,0.0,0.0,0.0,0.0,0.0,0.0,0.0,0,0
2015-10-29,0.0,0.0,0.0,0.0,0.0,0.0,0.0,0.0,0,0
2015-10-30,0.0,0.0,0.0,0.0,0.0,0.0,0.0,0.0,0,0
2015-11-02,0.0,0.0,0.0,0.0,0.0,0.0,0.0,0.0,0,0
2015-11-03,0.0,0.0,0.0,0.0,0.0,0.0,0.0,0.0,0,0
2015-11-04,0.0,0.0,0.0,0.0,0.0,0.0,0.0,0.0,0,0
2015-11-05,0.0,0.0,0.0,0.0,0.0,0.0,0.0,0.0,0,0
2015-11-06,0.0,0.0,0.0,0.0,0.0,0.0,0.0,0.0,0,0
2015-11-09,0.0,0.0,0.0,0.0,0.0,0.0,0.0,0.0,0,0
2015-11-10,0.0,0.0,0.0,0.0,0.0,0.0,0.0,0.0,0,0
2015-11-11,0.0,0.0,0.0,0.0,0.0,0.0,0.0,0.0,0,0
2015-11-12,0.0,0.0,0.0,0.0,0.0,0.0,0.0,0.0,0,0
2015-11-13,0.0,0.0,0.0,0.0,0.0,0.0,0.0,0.0,0,0
2015-11-16,0.0,0.0,0.0,0.0,0.0,0.0,0.0,0.0,0,0
2015-11-17,0.0,0.0,0.0,0.0,0.0,0.0,0.0,0.0,0,0
2015-11-18,0.0,0.0,0.0,0.0,0.0,0.0,0.0,0.0,0,0
2015-11-19,0.0,0.0,0.0,0.0,0.0,0.0,0.0,0.0,0,0
2015-11-20,0.0,0.0,0.0,0.0,0.0,0.0,0.0,0.0,0,0
2015-11-23,0.0,0.0,0.0,0.0,0.0,0.0,0.0,0.0,0,0
2015-11-24,0.0,0.0,0.0,0.0,0.0,0.0,0.0,0.0,0,0
2015-11-25,0.0,0.0,0.0,0.0,0.0,0.0,0.0,0.0,0,0
2015-11-27,0.0,0.0,0.0,0.0,0.0,0.0,0.0,0.0,0,0
2015-11-30,0.0,0.0,0.0,0.0,0.0,0.0,0.0,0.0,0,0
2015-12-01,0.0,0.0,0.0,0.0,0.0,0.0,0.0,0.0,0,0
2015-12-02,0.0,0.0,0.0,0.0,0.0,0.0,0.0,0.0,0,0
2015-12-03,0.0,0.0,0.0,0.0,0.0,0.0,0.0,0.0,0,0
2015-12-04,0.0,0.0,0.0,0.0,0.0,0.0,0.0,0.0,0,0
2015-12-07,0.0,0.0,0.0,0.0,0.0,0.0,0.0,0.0,0,0
2015-12-08,151333.54280379516,10000.000000000005,396.8253968253967,140936.71740696978,25000000.0,25000000.0,50000000.0,50000000.0,35,35
2015-12-09,0.0,10000.000000000005,0.0,-10000.000000000005,0.0,0.0,0.0,50000000.0,0,0
2015-12-10,0.0,0.0,0.0,0.0,0.0,0.0,0.0,0.0,0,0
2015-12-11,-73364.0827533045,10000.000000000002,396.82539682539675,-83760.9081501299,25000000.0,25000000.000000004,50000000.0,50000000.0,36,36
2015-12-14,182494.67579031296,20087.315525414186,396.8253968253968,162010.5348680734,25000000.000000004,25000000.0,50000000.0,70066657.04438558,36,36
2015-12-15,0.0,10000.000000000005,0.0,-10000.000000000005,0.0,0.0,0.0,50000000.0,0,0
2015-12-16,0.0,0.0,0.0,0.0,0.0,0.0,0.0,0.0,0,0
2015-12-17,0.0,0.0,0.0,0.0,0.0,0.0,0.0,0.0,0,0
2015-12-18,-17512.453870386256,10000.000000000004,396.825396825397,-27909.279267211656,25000000.000000004,25000000.0,50000000.0,50000000.0,36,36
2015-12-21,0.0,10000.000000000004,0.0,-10000.000000000004,0.0,0.0,0.0,50000000.0,0,0
2015-12-22,0.0,0.0,0.0,0.0,0.0,0.0,0.0,0.0,0,0
2015-12-23,0.0,0.0,0.0,0.0,0.0,0.0,0.0,0.0,0,0
2015-12-24,0.0,0.0,0.0,0.0,0.0,0.0,0.0,0.0,0,0
2015-12-28,0.0,0.0,0.0,0.0,0.0,0.0,0.0,0.0,0,0
2015-12-29,0.0,0.0,0.0,0.0,0.0,0.0,0.0,0.0,0,0
2015-12-30,0.0,0.0,0.0,0.0,0.0,0.0,0.0,0.0,0,0
2015-12-31,0.0,0.0,0.0,0.0,0.0,0.0,0.0,0.0,0,0
2016-01-04,-5322.227195082592,10000.000000000002,396.8253968253968,-15719.05259190799,25000000.000000004,24999999.999999996,50000000.0,50000000.0,38,38
2016-01-05,0.0,10000.000000000002,0.0,-10000.000000000002,0.0,0.0,0.0,50000000.0,0,0
2016-01-06,-242447.35988827923,10000.000000000002,396.82539682539675,-252844.1852851046,25000000.0,25000000.0,50000000.0,50000000.0,38,38
2016-01-07,211576.22341717704,20000.000000000004,396.8253968253968,191179.39802035165,24999999.999999996,25000000.0,50000000.0,59638809.48365877,38,38
2016-01-08,123153.2029456736,20056.746670480232,396.82539682539675,102699.63087836797,25000000.0,25000000.0,50000000.0,55955817.23885554,38,38
2016-01-11,244824.70413504692,20064.642558711334,396.82539682539704,224363.2361795102,25000000.0,25000000.000000007,50000000.00000001,44550056.04180676,38,38
2016-01-12,74758.04619311434,20000.000000000007,396.8253968253968,54361.22079628893,24999999.999999996,24999999.999999996,49999999.99999999,62537170.18130352,38,38
2016-01-13,0.0,10000.000000000002,0.0,-10000.000000000002,0.0,0.0,0.0,49999999.99999999,0,0
2016-01-14,-790861.4606907567,9999.999999999998,396.8253968253968,-801258.2860875821,24999999.999999996,24999999.999999996,49999999.99999999,49999999.99999999,38,38
2016-01-15,154891.23484603787,20267.438446927023,396.82539682539664,134226.97100228546,25000000.0,24999999.999999993,49999999.99999999,69901654.50854242,37,37
2016-01-19,-121608.83262258543,19999.99999999999,396.8253968253968,-142005.6580194108,25000000.000000004,25000000.000000004,50000000.00000001,91302194.77205355,37,37
2016-01-20,-324117.47905810585,19999.999999999996,396.82539682539675,-344514.30445493123,25000000.000000004,25000000.000000004,50000000.00000001,85095393.04118893,36,36
2016-01-21,374754.0803285995,20250.146600731798,396.82539682539675,354107.1083310423,24999999.999999996,25000000.0,50000000.0,80150706.13696054,35,35
2016-01-22,-323128.0126688527,20000.0,396.8253968253967,-343524.8380656781,25000000.000000004,24999999.999999996,50000000.0,75417186.42680006,36,36
2016-01-25,185286.38905104948,20677.083650877696,396.8253968253968,164212.4800033464,25000000.000000004,25000000.0,50000000.0,86516542.12372519,36,36
2016-01-26,0.0,10000.000000000004,0.0,-10000.000000000004,0.0,0.0,0.0,50000000.0,0,0
2016-01-27,0.0,0.0,0.0,0.0,0.0,0.0,0.0,0.0,0,0
2016-01-28,0.0,0.0,0.0,0.0,0.0,0.0,0.0,0.0,0,0
2016-01-29,0.0,0.0,0.0,0.0,0.0,0.0,0.0,0.0,0,0
2016-02-01,0.0,0.0,0.0,0.0,0.0,0.0,0.0,0.0,0,0
2016-02-02,226143.80053376252,10000.000000000004,396.82539682539687,215746.97513693714,25000000.0,25000000.000000004,50000000.0,50000000.0,35,35
2016-02-03,0.0,10000.000000000004,0.0,-10000.000000000004,0.0,0.0,0.0,50000000.0,0,0
2016-02-04,0.0,0.0,0.0,0.0,0.0,0.0,0.0,0.0,0,0
2016-02-05,-188318.31955956234,9999.999999999998,396.82539682539675,-198715.14495638772,24999999.999999996,24999999.999999996,49999999.99999999,49999999.99999999,35,35
2016-02-08,-375558.1014545844,20622.2291075212,396.82539682539675,-396577.15595893096,25000000.0,24999999.999999996,50000000.0,82354366.90787324,37,37
2016-02-09,187432.9129932588,20000.000000000004,396.82539682539687,167036.0875964334,25000000.0,25000000.0,50000000.0,75429513.66042355,37,37
2016-02-10,30725.67024008849,20426.335078371096,396.82539682539687,9902.509764891996,25000000.0,25000000.0,50000000.0,74650253.43992613,36,36
2016-02-11,178391.72341545988,20276.99109641317,396.82539682539675,157717.90692222133,25000000.000000004,24999999.999999996,50000000.0,81702358.35513625,36,36
2016-02-12,373637.25334078143,20000.000000000015,396.8253968253967,353240.42794395605,25000000.0,24999999.999999996,50000000.0,75429780.9623786,37,37
2016-02-16,145324.00198847704,20541.713380973695,396.8253968253968,124385.46321067795,25000000.0,25000000.000000004,50000000.0,82333565.5004034,38,38
2016-02-17,-98091.61704440432,21527.876852871144,396.8253968253968,-120016.31929410087,25000000.0,24999999.999999996,50000000.0,84111201.17485449,37,37
2016-02-18,4104.293612147861,21226.20149592799,396.8253968253968,-17518.733280605527,25000000.000000004,25000000.0,50000000.0,90875970.29150096,36,36
2016-02-19,183537.32856044362,21524.364030195917,396.82539682539675,161616.13913342232,25000000.0,25000000.0,50000000.0,84151339.01808354,37,37
2016-02-22,0.0,10000.0,0.0,-10000.0,0.0,0.0,0.0,50000000.0,0,0
2016-02-23,-60642.9728987034,10000.0,396.8253968253968,-71039.7982955288,24999999.999999996,25000000.0,50000000.0,50000000.0,37,37
2016-02-24,0.0,10000.0,0.0,-10000.0,0.0,0.0,0.0,50000000.0,0,0
2016-02-25,0.0,0.0,0.0,0.0,0.0,0.0,0.0,0.0,0,0
2016-02-26,0.0,0.0,0.0,0.0,0.0,0.0,0.0,0.0,0,0
2016-02-29,0.0,0.0,0.0,0.0,0.0,0.0,0.0,0.0,0,0
2016-03-01,0.0,0.0,0.0,0.0,0.0,0.0,0.0,0.0,0,0
2016-03-02,0.0,0.0,0.0,0.0,0.0,0.0,0.0,0.0,0,0
2016-03-03,0.0,0.0,0.0,0.0,0.0,0.0,0.0,0.0,0,0
2016-03-04,0.0,0.0,0.0,0.0,0.0,0.0,0.0,0.0,0,0
2016-03-07,0.0,0.0,0.0,0.0,0.0,0.0,0.0,0.0,0,0
2016-03-08,0.0,0.0,0.0,0.0,0.0,0.0,0.0,0.0,0,0
2016-03-09,0.0,0.0,0.0,0.0,0.0,0.0,0.0,0.0,0,0
2016-03-10,0.0,0.0,0.0,0.0,0.0,0.0,0.0,0.0,0,0
2016-03-11,0.0,0.0,0.0,0.0,0.0,0.0,0.0,0.0,0,0
2016-03-14,0.0,0.0,0.0,0.0,0.0,0.0,0.0,0.0,0,0
2016-03-15,42065.329336867304,10000.000000000004,396.82539682539675,31668.503940041905,25000000.000000004,25000000.0,50000000.0,50000000.0,39,39
2016-03-16,0.0,10000.000000000004,0.0,-10000.000000000004,0.0,0.0,0.0,50000000.0,0,0
2016-03-17,0.0,0.0,0.0,0.0,0.0,0.0,0.0,0.0,0,0
2016-03-18,0.0,0.0,0.0,0.0,0.0,0.0,0.0,0.0,0,0
2016-03-21,0.0,0.0,0.0,0.0,0.0,0.0,0.0,0.0,0,0
2016-03-22,0.0,0.0,0.0,0.0,0.0,0.0,0.0,0.0,0,0
2016-03-23,0.0,0.0,0.0,0.0,0.0,0.0,0.0,0.0,0,0
2016-03-24,0.0,0.0,0.0,0.0,0.0,0.0,0.0,0.0,0,0
2016-03-28,0.0,0.0,0.0,0.0,0.0,0.0,0.0,0.0,0,0
2016-03-29,0.0,0.0,0.0,0.0,0.0,0.0,0.0,0.0,0,0
2016-03-30,0.0,0.0,0.0,0.0,0.0,0.0,0.0,0.0,0,0
2016-03-31,0.0,0.0,0.0,0.0,0.0,0.0,0.0,0.0,0,0
2016-04-01,0.0,0.0,0.0,0.0,0.0,0.0,0.0,0.0,0,0
2016-04-04,0.0,0.0,0.0,0.0,0.0,0.0,0.0,0.0,0,0
2016-04-05,0.0,0.0,0.0,0.0,0.0,0.0,0.0,0.0,0,0
2016-04-06,0.0,0.0,0.0,0.0,0.0,0.0,0.0,0.0,0,0
2016-04-07,0.0,0.0,0.0,0.0,0.0,0.0,0.0,0.0,0,0
2016-04-08,0.0,0.0,0.0,0.0,0.0,0.0,0.0,0.0,0,0
2016-04-11,0.0,0.0,0.0,0.0,0.0,0.0,0.0,0.0,0,0
2016-04-12,0.0,0.0,0.0,0.0,0.0,0.0,0.0,0.0,0,0
2016-04-13,0.0,0.0,0.0,0.0,0.0,0.0,0.0,0.0,0,0
2016-04-14,0.0,0.0,0.0,0.0,0.0,0.0,0.0,0.0,0,0
2016-04-15,0.0,0.0,0.0,0.0,0.0,0.0,0.0,0.0,0,0
2016-04-18,0.0,0.0,0.0,0.0,0.0,0.0,0.0,0.0,0,0
2016-04-19,0.0,0.0,0.0,0.0,0.0,0.0,0.0,0.0,0,0
2016-04-20,0.0,0.0,0.0,0.0,0.0,0.0,0.0,0.0,0,0
2016-04-21,0.0,0.0,0.0,0.0,0.0,0.0,0.0,0.0,0,0
2016-04-22,0.0,0.0,0.0,0.0,0.0,0.0,0.0,0.0,0,0
2016-04-25,0.0,0.0,0.0,0.0,0.0,0.0,0.0,0.0,0,0
2016-04-26,0.0,0.0,0.0,0.0,0.0,0.0,0.0,0.0,0,0
2016-04-27,0.0,0.0,0.0,0.0,0.0,0.0,0.0,0.0,0,0
2016-04-28,0.0,0.0,0.0,0.0,0.0,0.0,0.0,0.0,0,0
2016-04-29,0.0,0.0,0.0,0.0,0.0,0.0,0.0,0.0,0,0
2016-05-02,0.0,0.0,0.0,0.0,0.0,0.0,0.0,0.0,0,0
2016-05-03,70438.2601940528,10000.0,396.82539682539675,60041.4347972274,25000000.0,25000000.0,50000000.0,50000000.0,34,34
2016-05-04,327335.4306625976,20000.000000000004,396.82539682539675,306938.6052657722,25000000.0,25000000.0,50000000.0,63191242.9548899,32,32
2016-05-05,0.0,10000.0,0.0,-10000.0,0.0,0.0,0.0,50000000.0,0,0
2016-05-06,0.0,0.0,0.0,0.0,0.0,0.0,0.0,0.0,0,0
2016-05-09,0.0,0.0,0.0,0.0,0.0,0.0,0.0,0.0,0,0
2016-05-10,0.0,0.0,0.0,0.0,0.0,0.0,0.0,0.0,0,0
2016-05-11,0.0,0.0,0.0,0.0,0.0,0.0,0.0,0.0,0,0
2016-05-12,0.0,0.0,0.0,0.0,0.0,0.0,0.0,0.0,0,0
2016-05-13,0.0,0.0,0.0,0.0,0.0,0.0,0.0,0.0,0,0
2016-05-16,0.0,0.0,0.0,0.0,0.0,0.0,0.0,0.0,0,0
2016-05-17,0.0,0.0,0.0,0.0,0.0,0.0,0.0,0.0,0,0
2016-05-18,0.0,0.0,0.0,0.0,0.0,0.0,0.0,0.0,0,0
2016-05-19,0.0,0.0,0.0,0.0,0.0,0.0,0.0,0.0,0,0
2016-05-20,0.0,0.0,0.0,0.0,0.0,0.0,0.0,0.0,0,0
2016-05-23,0.0,0.0,0.0,0.0,0.0,0.0,0.0,0.0,0,0
2016-05-24,0.0,0.0,0.0,0.0,0.0,0.0,0.0,0.0,0,0
2016-05-25,0.0,0.0,0.0,0.0,0.0,0.0,0.0,0.0,0,0
2016-05-26,0.0,0.0,0.0,0.0,0.0,0.0,0.0,0.0,0,0
2016-05-27,0.0,0.0,0.0,0.0,0.0,0.0,0.0,0.0,0,0
2016-05-31,0.0,0.0,0.0,0.0,0.0,0.0,0.0,0.0,0,0
2016-06-01,0.0,0.0,0.0,0.0,0.0,0.0,0.0,0.0,0,0
2016-06-02,0.0,0.0,0.0,0.0,0.0,0.0,0.0,0.0,0,0
2016-06-03,0.0,0.0,0.0,0.0,0.0,0.0,0.0,0.0,0,0
2016-06-06,0.0,0.0,0.0,0.0,0.0,0.0,0.0,0.0,0,0
2016-06-07,0.0,0.0,0.0,0.0,0.0,0.0,0.0,0.0,0,0
2016-06-08,0.0,0.0,0.0,0.0,0.0,0.0,0.0,0.0,0,0
2016-06-09,0.0,0.0,0.0,0.0,0.0,0.0,0.0,0.0,0,0
2016-06-10,-186339.90271110513,9999.999999999998,396.8253968253968,-196736.7281079305,25000000.0,25000000.0,50000000.0,50000000.0,36,36
2016-06-13,0.0,9999.999999999998,0.0,-9999.999999999998,0.0,0.0,0.0,50000000.0,0,0
2016-06-14,0.0,0.0,0.0,0.0,0.0,0.0,0.0,0.0,0,0
2016-06-15,0.0,0.0,0.0,0.0,0.0,0.0,0.0,0.0,0,0
2016-06-16,0.0,0.0,0.0,0.0,0.0,0.0,0.0,0.0,0,0
2016-06-17,0.0,0.0,0.0,0.0,0.0,0.0,0.0,0.0,0,0
2016-06-20,0.0,0.0,0.0,0.0,0.0,0.0,0.0,0.0,0,0
2016-06-21,0.0,0.0,0.0,0.0,0.0,0.0,0.0,0.0,0,0
2016-06-22,0.0,0.0,0.0,0.0,0.0,0.0,0.0,0.0,0,0
2016-06-23,0.0,0.0,0.0,0.0,0.0,0.0,0.0,0.0,0,0
2016-06-24,-137058.70738477516,9999.999999999998,396.8253968253967,-147455.53278160054,25000000.0,25000000.0,50000000.0,50000000.0,37,37
2016-06-27,581675.0473780888,19999.99999999999,396.82539682539675,561278.2219812634,24999999.999999993,25000000.0,49999999.99999999,73262480.38493147,38,38
2016-06-28,212093.1453636972,20106.976207947737,396.82539682539687,191589.34375892408,25000000.000000004,25000000.0,50000000.0,73930684.09031296,38,38
2016-06-29,57050.84477608052,20000.00000000001,396.82539682539675,36654.019379255114,24999999.999999996,25000000.000000004,50000000.0,79983621.06936511,38,38
2016-06-30,-39772.89382786963,20000.000000000007,396.82539682539687,-60169.719224695036,25000000.0,25000000.0,50000000.0,82652859.49055374,38,38
2016-07-01,178881.30897276488,21475.07602461012,396.82539682539675,157009.40755132938,25000000.0,25000000.0,50000000.0,92780576.80356568,38,38
2016-07-05,0.0,10000.0,0.0,-10000.0,0.0,0.0,0.0,50000000.0,0,0
2016-07-06,218596.22754326352,10000.0,396.82539682539675,208199.40214643814,25000000.0,25000000.0,50000000.0,50000000.0,38,38
2016-07-07,0.0,10000.0,0.0,-10000.0,0.0,0.0,0.0,50000000.0,0,0
2016-07-08,0.0,0.0,0.0,0.0,0.0,0.0,0.0,0.0,0,0
2016-07-11,0.0,0.0,0.0,0.0,0.0,0.0,0.0,0.0,0,0
2016-07-12,0.0,0.0,0.0,0.0,0.0,0.0,0.0,0.0,0,0
2016-07-13,0.0,0.0,0.0,0.0,0.0,0.0,0.0,0.0,0,0
2016-07-14,0.0,0.0,0.0,0.0,0.0,0.0,0.0,0.0,0,0
2016-07-15,0.0,0.0,0.0,0.0,0.0,0.0,0.0,0.0,0,0
2016-07-18,0.0,0.0,0.0,0.0,0.0,0.0,0.0,0.0,0,0
2016-07-19,0.0,0.0,0.0,0.0,0.0,0.0,0.0,0.0,0,0
2016-07-20,0.0,0.0,0.0,0.0,0.0,0.0,0.0,0.0,0,0
2016-07-21,0.0,0.0,0.0,0.0,0.0,0.0,0.0,0.0,0,0
2016-07-22,0.0,0.0,0.0,0.0,0.0,0.0,0.0,0.0,0,0
2016-07-25,0.0,0.0,0.0,0.0,0.0,0.0,0.0,0.0,0,0
2016-07-26,0.0,0.0,0.0,0.0,0.0,0.0,0.0,0.0,0,0
2016-07-27,0.0,0.0,0.0,0.0,0.0,0.0,0.0,0.0,0,0
2016-07-28,0.0,0.0,0.0,0.0,0.0,0.0,0.0,0.0,0,0
2016-07-29,0.0,0.0,0.0,0.0,0.0,0.0,0.0,0.0,0,0
2016-08-01,0.0,0.0,0.0,0.0,0.0,0.0,0.0,0.0,0,0
2016-08-02,0.0,0.0,0.0,0.0,0.0,0.0,0.0,0.0,0,0
2016-08-03,0.0,0.0,0.0,0.0,0.0,0.0,0.0,0.0,0,0
2016-08-04,0.0,0.0,0.0,0.0,0.0,0.0,0.0,0.0,0,0
2016-08-05,0.0,0.0,0.0,0.0,0.0,0.0,0.0,0.0,0,0
2016-08-08,0.0,0.0,0.0,0.0,0.0,0.0,0.0,0.0,0,0
2016-08-09,0.0,0.0,0.0,0.0,0.0,0.0,0.0,0.0,0,0
2016-08-10,0.0,0.0,0.0,0.0,0.0,0.0,0.0,0.0,0,0
2016-08-11,0.0,0.0,0.0,0.0,0.0,0.0,0.0,0.0,0,0
2016-08-12,0.0,0.0,0.0,0.0,0.0,0.0,0.0,0.0,0,0
2016-08-15,0.0,0.0,0.0,0.0,0.0,0.0,0.0,0.0,0,0
2016-08-16,0.0,0.0,0.0,0.0,0.0,0.0,0.0,0.0,0,0
2016-08-17,0.0,0.0,0.0,0.0,0.0,0.0,0.0,0.0,0,0
2016-08-18,0.0,0.0,0.0,0.0,0.0,0.0,0.0,0.0,0,0
2016-08-19,0.0,0.0,0.0,0.0,0.0,0.0,0.0,0.0,0,0
2016-08-22,0.0,0.0,0.0,0.0,0.0,0.0,0.0,0.0,0,0
2016-08-23,0.0,0.0,0.0,0.0,0.0,0.0,0.0,0.0,0,0
2016-08-24,0.0,0.0,0.0,0.0,0.0,0.0,0.0,0.0,0,0
2016-08-25,0.0,0.0,0.0,0.0,0.0,0.0,0.0,0.0,0,0
2016-08-26,0.0,0.0,0.0,0.0,0.0,0.0,0.0,0.0,0,0
2016-08-29,0.0,0.0,0.0,0.0,0.0,0.0,0.0,0.0,0,0
2016-08-30,0.0,0.0,0.0,0.0,0.0,0.0,0.0,0.0,0,0
2016-08-31,0.0,0.0,0.0,0.0,0.0,0.0,0.0,0.0,0,0
2016-09-01,0.0,0.0,0.0,0.0,0.0,0.0,0.0,0.0,0,0
2016-09-02,0.0,0.0,0.0,0.0,0.0,0.0,0.0,0.0,0,0
2016-09-06,0.0,0.0,0.0,0.0,0.0,0.0,0.0,0.0,0,0
2016-09-07,0.0,0.0,0.0,0.0,0.0,0.0,0.0,0.0,0,0
2016-09-08,0.0,0.0,0.0,0.0,0.0,0.0,0.0,0.0,0,0
2016-09-09,0.0,0.0,0.0,0.0,0.0,0.0,0.0,0.0,0,0
2016-09-12,0.0,0.0,0.0,0.0,0.0,0.0,0.0,0.0,0,0
2016-09-13,0.0,0.0,0.0,0.0,0.0,0.0,0.0,0.0,0,0
2016-09-14,0.0,0.0,0.0,0.0,0.0,0.0,0.0,0.0,0,0
2016-09-15,0.0,0.0,0.0,0.0,0.0,0.0,0.0,0.0,0,0
2016-09-16,0.0,0.0,0.0,0.0,0.0,0.0,0.0,0.0,0,0
2016-09-19,0.0,0.0,0.0,0.0,0.0,0.0,0.0,0.0,0,0
2016-09-20,0.0,0.0,0.0,0.0,0.0,0.0,0.0,0.0,0,0
2016-09-21,0.0,0.0,0.0,0.0,0.0,0.0,0.0,0.0,0,0
2016-09-22,0.0,0.0,0.0,0.0,0.0,0.0,0.0,0.0,0,0
2016-09-23,0.0,0.0,0.0,0.0,0.0,0.0,0.0,0.0,0,0
2016-09-26,0.0,0.0,0.0,0.0,0.0,0.0,0.0,0.0,0,0
2016-09-27,0.0,0.0,0.0,0.0,0.0,0.0,0.0,0.0,0,0
2016-09-28,0.0,0.0,0.0,0.0,0.0,0.0,0.0,0.0,0,0
2016-09-29,0.0,0.0,0.0,0.0,0.0,0.0,0.0,0.0,0,0
2016-09-30,0.0,0.0,0.0,0.0,0.0,0.0,0.0,0.0,0,0
2016-10-03,0.0,0.0,0.0,0.0,0.0,0.0,0.0,0.0,0,0
2016-10-04,0.0,0.0,0.0,0.0,0.0,0.0,0.0,0.0,0,0
2016-10-05,0.0,0.0,0.0,0.0,0.0,0.0,0.0,0.0,0,0
2016-10-06,0.0,0.0,0.0,0.0,0.0,0.0,0.0,0.0,0,0
2016-10-07,0.0,0.0,0.0,0.0,0.0,0.0,0.0,0.0,0,0
2016-10-10,0.0,0.0,0.0,0.0,0.0,0.0,0.0,0.0,0,0
2016-10-11,0.0,0.0,0.0,0.0,0.0,0.0,0.0,0.0,0,0
2016-10-12,0.0,0.0,0.0,0.0,0.0,0.0,0.0,0.0,0,0
2016-10-13,0.0,0.0,0.0,0.0,0.0,0.0,0.0,0.0,0,0
2016-10-14,0.0,0.0,0.0,0.0,0.0,0.0,0.0,0.0,0,0
2016-10-17,0.0,0.0,0.0,0.0,0.0,0.0,0.0,0.0,0,0
2016-10-18,0.0,0.0,0.0,0.0,0.0,0.0,0.0,0.0,0,0
2016-10-19,0.0,0.0,0.0,0.0,0.0,0.0,0.0,0.0,0,0
2016-10-20,0.0,0.0,0.0,0.0,0.0,0.0,0.0,0.0,0,0
2016-10-21,0.0,0.0,0.0,0.0,0.0,0.0,0.0,0.0,0,0
2016-10-24,0.0,0.0,0.0,0.0,0.0,0.0,0.0,0.0,0,0
2016-10-25,0.0,0.0,0.0,0.0,0.0,0.0,0.0,0.0,0,0
2016-10-26,0.0,0.0,0.0,0.0,0.0,0.0,0.0,0.0,0,0
2016-10-27,0.0,0.0,0.0,0.0,0.0,0.0,0.0,0.0,0,0
2016-10-28,0.0,0.0,0.0,0.0,0.0,0.0,0.0,0.0,0,0
2016-10-31,0.0,0.0,0.0,0.0,0.0,0.0,0.0,0.0,0,0
2016-11-01,0.0,0.0,0.0,0.0,0.0,0.0,0.0,0.0,0,0
2016-11-02,0.0,0.0,0.0,0.0,0.0,0.0,0.0,0.0,0,0
2016-11-03,0.0,0.0,0.0,0.0,0.0,0.0,0.0,0.0,0,0
2016-11-04,0.0,0.0,0.0,0.0,0.0,0.0,0.0,0.0,0,0
2016-11-07,0.0,0.0,0.0,0.0,0.0,0.0,0.0,0.0,0,0
2016-11-08,0.0,0.0,0.0,0.0,0.0,0.0,0.0,0.0,0,0
2016-11-09,0.0,0.0,0.0,0.0,0.0,0.0,0.0,0.0,0,0
2016-11-10,0.0,0.0,0.0,0.0,0.0,0.0,0.0,0.0,0,0
2016-11-11,0.0,0.0,0.0,0.0,0.0,0.0,0.0,0.0,0,0
2016-11-14,0.0,0.0,0.0,0.0,0.0,0.0,0.0,0.0,0,0
2016-11-15,0.0,0.0,0.0,0.0,0.0,0.0,0.0,0.0,0,0
2016-11-16,0.0,0.0,0.0,0.0,0.0,0.0,0.0,0.0,0,0
2016-11-17,0.0,0.0,0.0,0.0,0.0,0.0,0.0,0.0,0,0
2016-11-18,0.0,0.0,0.0,0.0,0.0,0.0,0.0,0.0,0,0
2016-11-21,0.0,0.0,0.0,0.0,0.0,0.0,0.0,0.0,0,0
2016-11-22,0.0,0.0,0.0,0.0,0.0,0.0,0.0,0.0,0,0
2016-11-23,0.0,0.0,0.0,0.0,0.0,0.0,0.0,0.0,0,0
2016-11-25,0.0,0.0,0.0,0.0,0.0,0.0,0.0,0.0,0,0
2016-11-28,0.0,0.0,0.0,0.0,0.0,0.0,0.0,0.0,0,0
2016-11-29,0.0,0.0,0.0,0.0,0.0,0.0,0.0,0.0,0,0
2016-11-30,0.0,0.0,0.0,0.0,0.0,0.0,0.0,0.0,0,0
2016-12-01,0.0,0.0,0.0,0.0,0.0,0.0,0.0,0.0,0,0
2016-12-02,0.0,0.0,0.0,0.0,0.0,0.0,0.0,0.0,0,0
2016-12-05,0.0,0.0,0.0,0.0,0.0,0.0,0.0,0.0,0,0
2016-12-06,0.0,0.0,0.0,0.0,0.0,0.0,0.0,0.0,0,0
2016-12-07,0.0,0.0,0.0,0.0,0.0,0.0,0.0,0.0,0,0
2016-12-08,0.0,0.0,0.0,0.0,0.0,0.0,0.0,0.0,0,0
2016-12-09,0.0,0.0,0.0,0.0,0.0,0.0,0.0,0.0,0,0
2016-12-12,0.0,0.0,0.0,0.0,0.0,0.0,0.0,0.0,0,0
2016-12-13,0.0,0.0,0.0,0.0,0.0,0.0,0.0,0.0,0,0
2016-12-14,0.0,0.0,0.0,0.0,0.0,0.0,0.0,0.0,0,0
2016-12-15,0.0,0.0,0.0,0.0,0.0,0.0,0.0,0.0,0,0
2016-12-16,0.0,0.0,0.0,0.0,0.0,0.0,0.0,0.0,0,0
2016-12-19,0.0,0.0,0.0,0.0,0.0,0.0,0.0,0.0,0,0
2016-12-20,0.0,0.0,0.0,0.0,0.0,0.0,0.0,0.0,0,0
2016-12-21,0.0,0.0,0.0,0.0,0.0,0.0,0.0,0.0,0,0
2016-12-22,0.0,0.0,0.0,0.0,0.0,0.0,0.0,0.0,0,0
2016-12-23,0.0,0.0,0.0,0.0,0.0,0.0,0.0,0.0,0,0
2016-12-27,0.0,0.0,0.0,0.0,0.0,0.0,0.0,0.0,0,0
2016-12-28,0.0,0.0,0.0,0.0,0.0,0.0,0.0,0.0,0,0
2016-12-29,0.0,0.0,0.0,0.0,0.0,0.0,0.0,0.0,0,0
2016-12-30,0.0,0.0,0.0,0.0,0.0,0.0,0.0,0.0,0,0
2017-01-03,0.0,0.0,0.0,0.0,0.0,0.0,0.0,0.0,0,0
2017-01-04,0.0,0.0,0.0,0.0,0.0,0.0,0.0,0.0,0,0
2017-01-05,0.0,0.0,0.0,0.0,0.0,0.0,0.0,0.0,0,0
2017-01-06,0.0,0.0,0.0,0.0,0.0,0.0,0.0,0.0,0,0
2017-01-09,0.0,0.0,0.0,0.0,0.0,0.0,0.0,0.0,0,0
2017-01-10,0.0,0.0,0.0,0.0,0.0,0.0,0.0,0.0,0,0
2017-01-11,0.0,0.0,0.0,0.0,0.0,0.0,0.0,0.0,0,0
2017-01-12,0.0,0.0,0.0,0.0,0.0,0.0,0.0,0.0,0,0
2017-01-13,0.0,0.0,0.0,0.0,0.0,0.0,0.0,0.0,0,0
2017-01-17,0.0,0.0,0.0,0.0,0.0,0.0,0.0,0.0,0,0
2017-01-18,0.0,0.0,0.0,0.0,0.0,0.0,0.0,0.0,0,0
2017-01-19,0.0,0.0,0.0,0.0,0.0,0.0,0.0,0.0,0,0
2017-01-20,0.0,0.0,0.0,0.0,0.0,0.0,0.0,0.0,0,0
2017-01-23,0.0,0.0,0.0,0.0,0.0,0.0,0.0,0.0,0,0
2017-01-24,0.0,0.0,0.0,0.0,0.0,0.0,0.0,0.0,0,0
2017-01-25,0.0,0.0,0.0,0.0,0.0,0.0,0.0,0.0,0,0
2017-01-26,0.0,0.0,0.0,0.0,0.0,0.0,0.0,0.0,0,0
2017-01-27,0.0,0.0,0.0,0.0,0.0,0.0,0.0,0.0,0,0
2017-01-30,0.0,0.0,0.0,0.0,0.0,0.0,0.0,0.0,0,0
2017-01-31,0.0,0.0,0.0,0.0,0.0,0.0,0.0,0.0,0,0
2017-02-01,0.0,0.0,0.0,0.0,0.0,0.0,0.0,0.0,0,0
2017-02-02,0.0,0.0,0.0,0.0,0.0,0.0,0.0,0.0,0,0
2017-02-03,0.0,0.0,0.0,0.0,0.0,0.0,0.0,0.0,0,0
2017-02-06,0.0,0.0,0.0,0.0,0.0,0.0,0.0,0.0,0,0
2017-02-07,0.0,0.0,0.0,0.0,0.0,0.0,0.0,0.0,0,0
2017-02-08,129196.09770106191,10000.0,396.82539682539675,118799.27230423651,25000000.000000004,25000000.000000004,50000000.00000001,50000000.00000001,35,35
2017-02-09,0.0,10000.0,0.0,-10000.0,0.0,0.0,0.0,50000000.00000001,0,0
2017-02-10,0.0,0.0,0.0,0.0,0.0,0.0,0.0,0.0,0,0
2017-02-13,0.0,0.0,0.0,0.0,0.0,0.0,0.0,0.0,0,0
2017-02-14,100802.73267129021,10000.000000000002,396.82539682539675,90405.90727446481,24999999.999999996,25000000.0,50000000.0,49999999.99999999,38,38
2017-02-15,0.0,10000.000000000002,0.0,-10000.000000000002,0.0,0.0,0.0,49999999.99999999,0,0
2017-02-16,0.0,0.0,0.0,0.0,0.0,0.0,0.0,0.0,0,0
2017-02-17,0.0,0.0,0.0,0.0,0.0,0.0,0.0,0.0,0,0
2017-02-21,0.0,0.0,0.0,0.0,0.0,0.0,0.0,0.0,0,0
2017-02-22,0.0,0.0,0.0,0.0,0.0,0.0,0.0,0.0,0,0
2017-02-23,0.0,0.0,0.0,0.0,0.0,0.0,0.0,0.0,0,0
2017-02-24,45604.54044766289,10000.0,396.82539682539687,35207.71505083749,25000000.0,25000000.000000007,50000000.00000001,50000000.00000001,38,38
2017-02-27,0.0,10000.0,0.0,-10000.0,0.0,0.0,0.0,50000000.00000001,0,0
2017-02-28,0.0,0.0,0.0,0.0,0.0,0.0,0.0,0.0,0,0
2017-03-01,0.0,0.0,0.0,0.0,0.0,0.0,0.0,0.0,0,0
2017-03-02,0.0,0.0,0.0,0.0,0.0,0.0,0.0,0.0,0,0
2017-03-03,0.0,0.0,0.0,0.0,0.0,0.0,0.0,0.0,0,0
2017-03-06,98057.23595014757,9999.999999999998,396.82539682539687,87660.41055332217,25000000.0,24999999.999999996,50000000.0,50000000.0,40,40
2017-03-07,0.0,9999.999999999998,0.0,-9999.999999999998,0.0,0.0,0.0,50000000.0,0,0
2017-03-08,0.0,0.0,0.0,0.0,0.0,0.0,0.0,0.0,0,0
2017-03-09,87124.37487799155,10000.0,396.8253968253968,76727.54948116615,25000000.0,25000000.0,50000000.0,50000000.0,40,40
2017-03-10,0.0,10000.0,0.0,-10000.0,0.0,0.0,0.0,50000000.0,0,0
2017-03-13,0.0,0.0,0.0,0.0,0.0,0.0,0.0,0.0,0,0
2017-03-14,0.0,0.0,0.0,0.0,0.0,0.0,0.0,0.0,0,0
2017-03-15,0.0,0.0,0.0,0.0,0.0,0.0,0.0,0.0,0,0
2017-03-16,0.0,0.0,0.0,0.0,0.0,0.0,0.0,0.0,0,0
2017-03-17,0.0,0.0,0.0,0.0,0.0,0.0,0.0,0.0,0,0
2017-03-20,0.0,0.0,0.0,0.0,0.0,0.0,0.0,0.0,0,0
2017-03-21,0.0,0.0,0.0,0.0,0.0,0.0,0.0,0.0,0,0
2017-03-22,-21344.214016463342,10000.0,396.8253968253968,-31741.039413288738,25000000.0,25000000.0,50000000.0,50000000.0,40,40
2017-03-23,0.0,10000.0,0.0,-10000.0,0.0,0.0,0.0,50000000.0,0,0
2017-03-24,0.0,0.0,0.0,0.0,0.0,0.0,0.0,0.0,0,0
2017-03-27,36413.66003327217,10000.000000000004,396.8253968253968,26016.834636446772,24999999.999999996,25000000.0,50000000.0,49999999.99999999,41,41
2017-03-28,36559.75183660701,19999.999999999993,396.82539682539664,16162.926439781619,25000000.000000004,25000000.0,50000000.0,67595870.5556582,41,41
2017-03-29,0.0,10000.000000000002,0.0,-10000.000000000002,0.0,0.0,0.0,50000000.0,0,0
2017-03-30,0.0,0.0,0.0,0.0,0.0,0.0,0.0,0.0,0,0
2017-03-31,0.0,0.0,0.0,0.0,0.0,0.0,0.0,0.0,0,0
2017-04-03,0.0,0.0,0.0,0.0,0.0,0.0,0.0,0.0,0,0
2017-04-04,0.0,0.0,0.0,0.0,0.0,0.0,0.0,0.0,0,0
2017-04-05,0.0,0.0,0.0,0.0,0.0,0.0,0.0,0.0,0,0
2017-04-06,0.0,0.0,0.0,0.0,0.0,0.0,0.0,0.0,0,0
2017-04-07,37165.901678200265,10000.000000000002,396.8253968253968,26769.07628137487,25000000.0,24999999.999999996,50000000.0,50000000.0,40,40
2017-04-10,0.0,10000.000000000002,0.0,-10000.000000000002,0.0,0.0,0.0,50000000.0,0,0
2017-04-11,0.0,0.0,0.0,0.0,0.0,0.0,0.0,0.0,0,0
2017-04-12,0.0,0.0,0.0,0.0,0.0,0.0,0.0,0.0,0,0
2017-04-13,35636.82017312991,10000.000000000002,396.8253968253967,25239.994776304517,25000000.0,24999999.999999996,50000000.0,49999999.99999999,40,40
2017-04-17,0.0,10000.000000000002,0.0,-10000.000000000002,0.0,0.0,0.0,49999999.99999999,0,0
2017-04-18,218062.69943306549,10000.0,396.82539682539675,207665.8740362401,24999999.999999993,25000000.0,49999999.99999999,49999999.99999999,38,38
2017-04-19,0.0,10000.0,0.0,-10000.0,0.0,0.0,0.0,49999999.99999999,0,0
2017-04-20,0.0,0.0,0.0,0.0,0.0,0.0,0.0,0.0,0,0
2017-04-21,0.0,0.0,0.0,0.0,0.0,0.0,0.0,0.0,0,0
2017-04-24,0.0,0.0,0.0,0.0,0.0,0.0,0.0,0.0,0,0
2017-04-25,0.0,0.0,0.0,0.0,0.0,0.0,0.0,0.0,0,0
2017-04-26,0.0,0.0,0.0,0.0,0.0,0.0,0.0,0.0,0,0
2017-04-27,0.0,0.0,0.0,0.0,0.0,0.0,0.0,0.0,0,0
2017-04-28,0.0,0.0,0.0,0.0,0.0,0.0,0.0,0.0,0,0
2017-05-01,0.0,0.0,0.0,0.0,0.0,0.0,0.0,0.0,0,0
2017-05-02,0.0,0.0,0.0,0.0,0.0,0.0,0.0,0.0,0,0
2017-05-03,56634.8179444539,9999.999999999998,396.8253968253967,46237.9925476285,25000000.0,24999999.999999996,50000000.0,50000000.0,33,33
2017-05-04,0.0,9999.999999999998,0.0,-9999.999999999998,0.0,0.0,0.0,50000000.0,0,0
2017-05-05,0.0,0.0,0.0,0.0,0.0,0.0,0.0,0.0,0,0
2017-05-08,0.0,0.0,0.0,0.0,0.0,0.0,0.0,0.0,0,0
2017-05-09,0.0,0.0,0.0,0.0,0.0,0.0,0.0,0.0,0,0
2017-05-10,0.0,0.0,0.0,0.0,0.0,0.0,0.0,0.0,0,0
2017-05-11,-49423.25307000616,10000.0,396.8253968253969,-59820.07846683156,25000000.0,25000000.0,50000000.0,50000000.0,40,40
2017-05-12,115601.10385308237,20000.000000000015,396.82539682539675,95204.27845625696,25000000.0,24999999.999999996,50000000.0,54332741.86221264,41,41
2017-05-15,0.0,9999.999999999998,0.0,-9999.999999999998,0.0,0.0,0.0,49999999.99999999,0,0
2017-05-16,0.0,0.0,0.0,0.0,0.0,0.0,0.0,0.0,0,0
2017-05-17,-195829.41013636076,10000.000000000004,396.8253968253968,-206226.23553318615,24999999.999999996,25000000.000000004,50000000.0,50000000.0,40,40
2017-05-18,113233.52377604117,19999.999999999993,396.82539682539664,92836.69837921577,25000000.0,25000000.0,50000000.0,65776720.536555685,40,40
2017-05-19,0.0,9999.999999999995,0.0,-9999.999999999995,0.0,0.0,0.0,50000000.0,0,0
2017-05-22,0.0,0.0,0.0,0.0,0.0,0.0,0.0,0.0,0,0
2017-05-23,0.0,0.0,0.0,0.0,0.0,0.0,0.0,0.0,0,0
2017-05-24,0.0,0.0,0.0,0.0,0.0,0.0,0.0,0.0,0,0
2017-05-25,0.0,0.0,0.0,0.0,0.0,0.0,0.0,0.0,0,0
2017-05-26,0.0,0.0,0.0,0.0,0.0,0.0,0.0,0.0,0,0
2017-05-30,-72547.69396830176,9999.999999999996,396.8253968253968,-82944.51936512715,25000000.000000004,25000000.0,50000000.0,50000000.0,40,40
2017-05-31,0.0,9999.999999999996,0.0,-9999.999999999996,0.0,0.0,0.0,50000000.0,0,0
2017-06-01,0.0,0.0,0.0,0.0,0.0,0.0,0.0,0.0,0,0
2017-06-02,0.0,0.0,0.0,0.0,0.0,0.0,0.0,0.0,0,0
2017-06-05,0.0,0.0,0.0,0.0,0.0,0.0,0.0,0.0,0,0
2017-06-06,0.0,0.0,0.0,0.0,0.0,0.0,0.0,0.0,0,0
2017-06-07,0.0,0.0,0.0,0.0,0.0,0.0,0.0,0.0,0,0
2017-06-08,0.0,0.0,0.0,0.0,0.0,0.0,0.0,0.0,0,0
2017-06-09,0.0,0.0,0.0,0.0,0.0,0.0,0.0,0.0,0,0
2017-06-12,0.0,0.0,0.0,0.0,0.0,0.0,0.0,0.0,0,0
2017-06-13,0.0,0.0,0.0,0.0,0.0,0.0,0.0,0.0,0,0
2017-06-14,0.0,0.0,0.0,0.0,0.0,0.0,0.0,0.0,0,0
2017-06-15,0.0,0.0,0.0,0.0,0.0,0.0,0.0,0.0,0,0
2017-06-16,308021.31077758694,10000.000000000002,396.82539682539664,297624.48538076156,24999999.999999996,24999999.999999996,49999999.99999999,49999999.99999999,40,40
2017-06-19,0.0,10000.000000000002,0.0,-10000.000000000002,0.0,0.0,0.0,49999999.99999999,0,0
2017-06-20,99477.43764025798,10000.000000000002,396.8253968253968,89080.61224343258,25000000.0,25000000.000000004,50000000.0,50000000.00000001,40,40
2017-06-21,0.0,10000.000000000002,0.0,-10000.000000000002,0.0,0.0,0.0,50000000.00000001,0,0
2017-06-22,0.0,0.0,0.0,0.0,0.0,0.0,0.0,0.0,0,0
2017-06-23,0.0,0.0,0.0,0.0,0.0,0.0,0.0,0.0,0,0
2017-06-26,0.0,0.0,0.0,0.0,0.0,0.0,0.0,0.0,0,0
2017-06-27,0.0,0.0,0.0,0.0,0.0,0.0,0.0,0.0,0,0
2017-06-28,0.0,0.0,0.0,0.0,0.0,0.0,0.0,0.0,0,0
2017-06-29,0.0,0.0,0.0,0.0,0.0,0.0,0.0,0.0,0,0
2017-06-30,0.0,0.0,0.0,0.0,0.0,0.0,0.0,0.0,0,0
2017-07-03,0.0,0.0,0.0,0.0,0.0,0.0,0.0,0.0,0,0
2017-07-05,0.0,0.0,0.0,0.0,0.0,0.0,0.0,0.0,0,0
2017-07-06,102261.05280540047,9999.999999999998,396.82539682539675,91864.22740857507,25000000.000000004,25000000.0,50000000.0,50000000.00000001,41,41
2017-07-07,0.0,9999.999999999998,0.0,-9999.999999999998,0.0,0.0,0.0,50000000.00000001,0,0
2017-07-10,-31904.913951583952,10000.0,396.8253968253968,-42301.73934840935,25000000.0,25000000.0,50000000.0,50000000.0,40,40
2017-07-11,0.0,10000.0,0.0,-10000.0,0.0,0.0,0.0,50000000.0,0,0
2017-07-12,0.0,0.0,0.0,0.0,0.0,0.0,0.0,0.0,0,0
2017-07-13,0.0,0.0,0.0,0.0,0.0,0.0,0.0,0.0,0,0
2017-07-14,0.0,0.0,0.0,0.0,0.0,0.0,0.0,0.0,0,0
2017-07-17,0.0,0.0,0.0,0.0,0.0,0.0,0.0,0.0,0,0
2017-07-18,-12047.649867521726,9999.999999999998,396.82539682539664,-22444.47526434712,25000000.000000004,25000000.0,50000000.0,50000000.0,39,39
2017-07-19,0.0,9999.999999999998,0.0,-9999.999999999998,0.0,0.0,0.0,50000000.0,0,0
2017-07-20,-15797.637822558067,9999.999999999998,396.82539682539664,-26194.46321938346,24999999.999999996,24999999.999999996,49999999.99999999,49999999.99999999,36,36
2017-07-21,0.0,9999.999999999998,0.0,-9999.999999999998,0.0,0.0,0.0,49999999.99999999,0,0
2017-07-24,127624.39909433629,10000.000000000002,396.82539682539687,117227.57369751089,25000000.0,25000000.0,50000000.0,50000000.0,36,36
2017-07-25,0.0,10000.000000000002,0.0,-10000.000000000002,0.0,0.0,0.0,50000000.0,0,0
2017-07-26,154719.7793853296,10000.000000000004,396.82539682539675,144322.95398850422,25000000.000000004,25000000.0,50000000.0,50000000.0,30,30
2017-07-27,0.0,10000.000000000004,0.0,-10000.000000000004,0.0,0.0,0.0,50000000.0,0,0
2017-07-28,91794.49806217544,10000.000000000002,396.82539682539675,81397.67266535004,25000000.0,25000000.0,50000000.0,50000000.0,32,32
2017-07-31,0.0,10000.000000000002,0.0,-10000.000000000002,0.0,0.0,0.0,50000000.0,0,0
2017-08-01,0.0,0.0,0.0,0.0,0.0,0.0,0.0,0.0,0,0
2017-08-02,9254.165497392676,10000.0,396.8253968253968,-1142.6598994327207,25000000.0,25000000.000000004,50000000.0,50000000.00000001,32,32
2017-08-03,30267.094509099672,20000.000000000007,396.82539682539687,9870.269112274267,25000000.0,25000000.0,50000000.0,64785520.85635074,33,33
2017-08-04,0.0,9999.999999999998,0.0,-9999.999999999998,0.0,0.0,0.0,50000000.0,0,0
2017-08-07,11094.775381397814,9999.999999999996,396.8253968253967,697.9499845724213,24999999.999999996,25000000.0,50000000.0,49999999.99999999,37,37
2017-08-08,-270714.13232118584,20000.0,396.82539682539675,-291110.9577180112,25000000.000000004,25000000.0,50000000.0,61445531.34104768,38,38
2017-08-09,-125747.09971311534,20081.54013614751,396.82539682539687,-146225.46524608822,25000000.0,25000000.000000004,50000000.0,64058938.62870669,38,38
2017-08-10,0.0,10000.000000000002,0.0,-10000.000000000002,0.0,0.0,0.0,50000000.0,0,0
2017-08-11,0.0,0.0,0.0,0.0,0.0,0.0,0.0,0.0,0,0
2017-08-14,0.0,0.0,0.0,0.0,0.0,0.0,0.0,0.0,0,0
2017-08-15,0.0,0.0,0.0,0.0,0.0,0.0,0.0,0.0,0,0
2017-08-16,0.0,0.0,0.0,0.0,0.0,0.0,0.0,0.0,0,0
2017-08-17,-40912.89931731936,10000.000000000002,396.8253968253968,-51309.72471414476,25000000.0,25000000.000000004,50000000.0,50000000.00000001,40,40
2017-08-18,-34040.28262527992,19999.999999999996,396.8253968253967,-54437.10802210531,25000000.0,25000000.0,50000000.0,55130907.588915065,40,40
2017-08-21,121899.35625728025,20000.000000000015,396.825396825397,101502.53086045483,24999999.999999996,25000000.0,50000000.0,53777234.76824892,40,40
2017-08-22,0.0,10000.0,0.0,-10000.0,0.0,0.0,0.0,50000000.0,0,0
2017-08-23,123854.90861011477,10000.000000000002,396.82539682539675,113458.08321328937,25000000.0,25000000.0,50000000.0,50000000.0,39,39
2017-08-24,0.0,10000.000000000002,0.0,-10000.000000000002,0.0,0.0,0.0,50000000.0,0,0
2017-08-25,0.0,0.0,0.0,0.0,0.0,0.0,0.0,0.0,0,0
2017-08-28,0.0,0.0,0.0,0.0,0.0,0.0,0.0,0.0,0,0
2017-08-29,0.0,0.0,0.0,0.0,0.0,0.0,0.0,0.0,0,0
2017-08-30,0.0,0.0,0.0,0.0,0.0,0.0,0.0,0.0,0,0
2017-08-31,0.0,0.0,0.0,0.0,0.0,0.0,0.0,0.0,0,0
2017-09-01,0.0,0.0,0.0,0.0,0.0,0.0,0.0,0.0,0,0
2017-09-05,0.0,0.0,0.0,0.0,0.0,0.0,0.0,0.0,0,0
2017-09-06,0.0,0.0,0.0,0.0,0.0,0.0,0.0,0.0,0,0
2017-09-07,0.0,0.0,0.0,0.0,0.0,0.0,0.0,0.0,0,0
2017-09-08,138734.67295458677,10000.0,396.82539682539675,128337.84755776137,24999999.999999996,24999999.999999996,49999999.99999999,49999999.99999999,38,38
2017-09-11,0.0,10000.0,0.0,-10000.0,0.0,0.0,0.0,49999999.99999999,0,0
2017-09-12,0.0,0.0,0.0,0.0,0.0,0.0,0.0,0.0,0,0
2017-09-13,0.0,0.0,0.0,0.0,0.0,0.0,0.0,0.0,0,0
2017-09-14,0.0,0.0,0.0,0.0,0.0,0.0,0.0,0.0,0,0
2017-09-15,0.0,0.0,0.0,0.0,0.0,0.0,0.0,0.0,0,0
2017-09-18,0.0,0.0,0.0,0.0,0.0,0.0,0.0,0.0,0,0
2017-09-19,0.0,0.0,0.0,0.0,0.0,0.0,0.0,0.0,0,0
2017-09-20,0.0,0.0,0.0,0.0,0.0,0.0,0.0,0.0,0,0
2017-09-21,0.0,0.0,0.0,0.0,0.0,0.0,0.0,0.0,0,0
2017-09-22,0.0,0.0,0.0,0.0,0.0,0.0,0.0,0.0,0,0
2017-09-25,0.0,0.0,0.0,0.0,0.0,0.0,0.0,0.0,0,0
2017-09-26,0.0,0.0,0.0,0.0,0.0,0.0,0.0,0.0,0,0
2017-09-27,0.0,0.0,0.0,0.0,0.0,0.0,0.0,0.0,0,0
2017-09-28,0.0,0.0,0.0,0.0,0.0,0.0,0.0,0.0,0,0
2017-09-29,0.0,0.0,0.0,0.0,0.0,0.0,0.0,0.0,0,0
2017-10-02,0.0,0.0,0.0,0.0,0.0,0.0,0.0,0.0,0,0
2017-10-03,0.0,0.0,0.0,0.0,0.0,0.0,0.0,0.0,0,0
2017-10-04,0.0,0.0,0.0,0.0,0.0,0.0,0.0,0.0,0,0
2017-10-05,0.0,0.0,0.0,0.0,0.0,0.0,0.0,0.0,0,0
2017-10-06,0.0,0.0,0.0,0.0,0.0,0.0,0.0,0.0,0,0
2017-10-09,0.0,0.0,0.0,0.0,0.0,0.0,0.0,0.0,0,0
2017-10-10,0.0,0.0,0.0,0.0,0.0,0.0,0.0,0.0,0,0
2017-10-11,0.0,0.0,0.0,0.0,0.0,0.0,0.0,0.0,0,0
2017-10-12,0.0,0.0,0.0,0.0,0.0,0.0,0.0,0.0,0,0
2017-10-13,0.0,0.0,0.0,0.0,0.0,0.0,0.0,0.0,0,0
2017-10-16,0.0,0.0,0.0,0.0,0.0,0.0,0.0,0.0,0,0
2017-10-17,0.0,0.0,0.0,0.0,0.0,0.0,0.0,0.0,0,0
2017-10-18,0.0,0.0,0.0,0.0,0.0,0.0,0.0,0.0,0,0
2017-10-19,217562.98131544495,10000.000000000005,396.82539682539664,207166.15591861957,25000000.0,24999999.999999996,50000000.0,50000000.0,37,37
2017-10-20,0.0,10000.000000000005,0.0,-10000.000000000005,0.0,0.0,0.0,50000000.0,0,0
2017-10-23,0.0,0.0,0.0,0.0,0.0,0.0,0.0,0.0,0,0
2017-10-24,0.0,0.0,0.0,0.0,0.0,0.0,0.0,0.0,0,0
2017-10-25,49594.690884074786,10000.0,396.8253968253967,39197.865487249386,24999999.999999996,24999999.999999993,49999999.999999985,49999999.99999999,31,31
2017-10-26,0.0,10000.0,0.0,-10000.0,0.0,0.0,0.0,49999999.99999999,0,0
2017-10-27,-15208.790620261178,9999.999999999998,396.82539682539687,-25605.616017086573,25000000.000000004,25000000.000000004,50000000.00000001,50000000.00000001,32,32
2017-10-30,85931.48733047135,20000.00000000001,396.8253968253968,65534.66193364594,25000000.0,25000000.0,50000000.0,70916975.83117826,35,35
2017-10-31,0.0,9999.999999999998,0.0,-9999.999999999998,0.0,0.0,0.0,50000000.0,0,0
2017-11-01,0.0,0.0,0.0,0.0,0.0,0.0,0.0,0.0,0,0
2017-11-02,0.0,0.0,0.0,0.0,0.0,0.0,0.0,0.0,0,0
2017-11-03,0.0,0.0,0.0,0.0,0.0,0.0,0.0,0.0,0,0
2017-11-06,0.0,0.0,0.0,0.0,0.0,0.0,0.0,0.0,0,0
2017-11-07,0.0,0.0,0.0,0.0,0.0,0.0,0.0,0.0,0,0
2017-11-08,-141714.25699004706,10000.000000000004,396.8253968253968,-152111.08238687244,25000000.0,25000000.0,50000000.0,50000000.0,38,38
2017-11-09,144261.22884813594,20000.000000000004,396.8253968253969,123864.40345131054,25000000.000000004,25000000.0,50000000.0,60425892.130879074,39,39
2017-11-10,0.0,10000.0,0.0,-10000.0,0.0,0.0,0.0,50000000.0,0,0
2017-11-13,-98516.89954036695,10000.0,396.82539682539675,-108913.72493719235,24999999.999999996,25000000.0,50000000.0,49999999.99999999,41,41
2017-11-14,-211666.49592116365,20000.000000000007,396.82539682539687,-232063.32131798903,24999999.999999996,25000000.0,50000000.0,66117388.747329414,41,41
2017-11-15,78611.19705261862,20000.00000000001,396.8253968253968,58214.371655793206,25000000.0,25000000.0,50000000.0,70013390.7450312,41,41
2017-11-16,0.0,9999.999999999995,0.0,-9999.999999999995,0.0,0.0,0.0,50000000.0,0,0
2017-11-17,35212.047116309914,10000.000000000004,396.8253968253968,24815.221719484514,24999999.999999996,25000000.0,50000000.0,50000000.0,41,41
2017-11-20,0.0,10000.000000000004,0.0,-10000.000000000004,0.0,0.0,0.0,50000000.0,0,0
2017-11-21,0.0,0.0,0.0,0.0,0.0,0.0,0.0,0.0,0,0
2017-11-22,0.0,0.0,0.0,0.0,0.0,0.0,0.0,0.0,0,0
2017-11-24,0.0,0.0,0.0,0.0,0.0,0.0,0.0,0.0,0,0
2017-11-27,0.0,0.0,0.0,0.0,0.0,0.0,0.0,0.0,0,0
2017-11-28,0.0,0.0,0.0,0.0,0.0,0.0,0.0,0.0,0,0
2017-11-29,0.0,0.0,0.0,0.0,0.0,0.0,0.0,0.0,0,0
2017-11-30,0.0,0.0,0.0,0.0,0.0,0.0,0.0,0.0,0,0
2017-12-01,111434.0587362724,10000.000000000002,396.8253968253968,101037.233339447,25000000.0,24999999.999999996,50000000.0,49999999.99999999,40,40
2017-12-04,0.0,10000.000000000002,0.0,-10000.000000000002,0.0,0.0,0.0,49999999.99999999,0,0
2017-12-05,0.0,0.0,0.0,0.0,0.0,0.0,0.0,0.0,0,0
2017-12-06,104195.75133432061,9999.999999999993,396.82539682539675,93798.92593749521,24999999.999999996,24999999.999999996,49999999.99999999,49999999.99999999,40,40
2017-12-07,173658.75807747312,20000.0,396.8253968253968,153261.93268064773,25000000.0,25000000.0,50000000.0,75984193.67496139,40,40
2017-12-08,0.0,10000.000000000004,0.0,-10000.000000000004,0.0,0.0,0.0,50000000.0,0,0
2017-12-11,50930.52390029148,9999.999999999998,396.825396825397,40533.69850346608,25000000.000000004,25000000.000000004,50000000.00000001,50000000.00000001,41,41
2017-12-12,0.0,9999.999999999998,0.0,-9999.999999999998,0.0,0.0,0.0,50000000.00000001,0,0
2017-12-13,0.0,0.0,0.0,0.0,0.0,0.0,0.0,0.0,0,0
2017-12-14,0.0,0.0,0.0,0.0,0.0,0.0,0.0,0.0,0,0
2017-12-15,0.0,0.0,0.0,0.0,0.0,0.0,0.0,0.0,0,0
2017-12-18,749.6787001346484,9999.999999999996,396.8253968253968,-9647.146696690745,25000000.0,25000000.0,50000000.0,50000000.0,41,41
2017-12-19,136535.61498946027,20303.624463809894,396.8253968253967,115835.16512882499,25000000.000000004,25000000.0,50000000.0,86568639.58277237,42,42
2017-12-20,35264.40066630765,20000.0,396.8253968253969,14867.575269482253,25000000.0,25000000.0,50000000.0,63395145.49181114,42,42
2017-12-21,53596.762256579044,20135.13996187313,396.82539682539687,33064.796897880515,25000000.0,25000000.000000004,50000000.0,56877451.58893986,41,41
2017-12-22,-7905.832802267344,20253.128282882455,396.8253968253967,-28555.786481975196,25000000.0,24999999.999999996,50000000.0,56267447.77522625,42,42
2017-12-26,-12392.197883366465,20000.000000000004,396.8253968253969,-32789.02328019187,25000000.0,25000000.000000007,50000000.00000001,54122966.49974153,42,42
2017-12-27,0.0,10000.000000000007,0.0,-10000.000000000007,0.0,0.0,0.0,50000000.00000001,0,0
2017-12-28,0.0,0.0,0.0,0.0,0.0,0.0,0.0,0.0,0,0
2017-12-29,0.0,0.0,0.0,0.0,0.0,0.0,0.0,0.0,0,0
2018-01-02,76315.22911967358,10000.0,396.82539682539675,65918.40372284818,25000000.0,25000000.000000004,50000000.0,50000000.0,42,42
2018-01-03,0.0,10000.0,0.0,-10000.0,0.0,0.0,0.0,50000000.0,0,0
2018-01-04,49007.55633110818,10000.000000000004,396.8253968253969,38610.73093428278,25000000.0,25000000.0,50000000.0,50000000.0,42,42
2018-01-05,70687.69210054322,20000.0,396.82539682539675,50290.866703717824,25000000.0,25000000.0,50000000.0,64156725.052811265,42,42
2018-01-08,75949.05120694266,19999.999999999993,396.8253968253968,55552.22581011727,25000000.0,24999999.999999996,50000000.0,59909411.69815016,42,42
2018-01-09,45681.13251557724,19999.99999999999,396.82539682539687,25284.307118751858,25000000.0,25000000.0,50000000.0,65529384.34850568,42,42
2018-01-10,85961.45148114028,19999.999999999996,396.8253968253967,65564.62608431488,25000000.000000004,24999999.999999996,50000000.0,61151575.52499913,42,42
2018-01-11,95236.64167754416,19999.999999999996,396.8253968253968,74839.81628071876,25000000.000000004,25000000.0,50000000.0,57080943.56145278,42,42
2018-01-12,51176.52811584144,19999.99999999999,396.8253968253967,30779.70271901605,24999999.999999996,24999999.999999996,49999999.99999999,54558366.524453774,42,42
2018-01-16,28172.419858255485,19999.999999999993,396.8253968253968,7775.594461430096,25000000.0,25000000.0,50000000.0,53145047.8979915,42,42
2018-01-17,8882.468620126665,20000.000000000004,396.82539682539704,-11514.356776698736,25000000.0,25000000.0,50000000.0,67441314.44099875,41,41
2018-01-18,21840.22932339581,20253.576052705397,396.8253968253968,1189.8278738650176,25000000.0,25000000.0,50000000.0,74239710.17872357,40,40
2018-01-19,46779.47252276538,20000.0,396.82539682539675,26382.647125939988,25000000.0,24999999.999999996,50000000.0,58076237.573128134,40,40
2018-01-22,-22229.09442836936,19999.999999999996,396.8253968253968,-42625.91982519475,25000000.0,25000000.0,50000000.0,57712508.99774555,40,40
2018-01-23,68260.53044763768,20000.000000000004,396.8253968253968,47863.70505081228,25000000.0,24999999.999999996,50000000.0,63389148.60228711,40,40
2018-01-24,100131.24930677246,19999.99999999999,396.8253968253968,79734.42390994707,24999999.999999996,25000000.000000004,50000000.0,57547558.154014796,38,38
2018-01-25,0.0,9999.999999999996,0.0,-9999.999999999996,0.0,0.0,0.0,50000000.0,0,0
2018-01-26,75967.1722720433,9999.999999999995,396.8253968253968,65570.3468752179,25000000.0,25000000.0,50000000.0,50000000.0,40,40
2018-01-29,-269577.85300310736,20000.000000000007,396.825396825397,-289974.67839993275,25000000.0,25000000.000000004,50000000.0,68566974.75690064,40,40
2018-01-30,136790.34062720847,20187.43486370923,396.8253968253967,116206.08036667384,25000000.000000004,24999999.999999996,50000000.0,71372041.55330655,40,40
2018-01-31,0.0,10000.000000000002,0.0,-10000.000000000002,0.0,0.0,0.0,50000000.0,0,0
2018-02-01,-29000.785184974044,9999.999999999998,396.82539682539675,-39397.61058179944,25000000.0,25000000.000000004,50000000.0,50000000.0,37,37
2018-02-02,-203499.69637578411,20000.0,396.82539682539687,-223896.5217726095,24999999.999999996,25000000.0,50000000.0,82125062.24145909,39,39
2018-02-05,-243662.65843477077,20124.354598610476,396.8253968253968,-264183.83843020664,25000000.0,25000000.0,50000000.0,72120385.5917712,40,40
2018-02-06,-52364.35011280631,20124.35459861047,396.82539682539687,-72885.53010824218,24999999.999999996,25000000.000000004,50000000.0,64425358.06379521,40,40
2018-02-07,59318.133079622996,20256.51600273397,396.82539682539687,38664.79168006363,25000000.0,24999999.999999996,50000000.0,71579691.94672766,39,39
2018-02-08,207169.35131512381,19999.99999999999,396.82539682539687,186772.52591829843,25000000.000000004,25000000.000000004,50000000.00000001,70547981.46627447,39,39
2018-02-09,154193.4958090505,20307.63406970954,396.8253968253968,133489.03634251558,25000000.0,25000000.0,50000000.0,69768271.94926126,41,41
2018-02-12,-73961.70666956238,20311.173274076627,396.82539682539675,-94669.70534046441,25000000.0,24999999.999999996,50000000.0,68464349.61978696,42,42
2018-02-13,0.0,9999.999999999996,0.0,-9999.999999999996,0.0,0.0,0.0,49999999.99999999,0,0
2018-02-14,0.0,0.0,0.0,0.0,0.0,0.0,0.0,0.0,0,0
2018-02-15,0.0,0.0,0.0,0.0,0.0,0.0,0.0,0.0,0,0
2018-02-16,-44234.0943194081,9999.999999999998,396.8253968253968,-54630.9197162335,25000000.0,25000000.0,50000000.0,50000000.0,41,41
2018-02-20,0.0,9999.999999999998,0.0,-9999.999999999998,0.0,0.0,0.0,50000000.0,0,0
2018-02-21,0.0,0.0,0.0,0.0,0.0,0.0,0.0,0.0,0,0
2018-02-22,0.0,0.0,0.0,0.0,0.0,0.0,0.0,0.0,0,0
2018-02-23,0.0,0.0,0.0,0.0,0.0,0.0,0.0,0.0,0,0
2018-02-26,0.0,0.0,0.0,0.0,0.0,0.0,0.0,0.0,0,0
2018-02-27,0.0,0.0,0.0,0.0,0.0,0.0,0.0,0.0,0,0
2018-02-28,0.0,0.0,0.0,0.0,0.0,0.0,0.0,0.0,0,0
2018-03-01,0.0,0.0,0.0,0.0,0.0,0.0,0.0,0.0,0,0
2018-03-02,-125030.35838710482,10000.000000000002,396.8253968253967,-135427.1837839302,25000000.000000004,25000000.0,50000000.0,50000000.0,43,43
2018-03-05,0.0,10000.000000000002,0.0,-10000.000000000002,0.0,0.0,0.0,50000000.0,0,0
2018-03-06,0.0,0.0,0.0,0.0,0.0,0.0,0.0,0.0,0,0
2018-03-07,0.0,0.0,0.0,0.0,0.0,0.0,0.0,0.0,0,0
2018-03-08,0.0,0.0,0.0,0.0,0.0,0.0,0.0,0.0,0,0
2018-03-09,0.0,0.0,0.0,0.0,0.0,0.0,0.0,0.0,0,0
2018-03-12,0.0,0.0,0.0,0.0,0.0,0.0,0.0,0.0,0,0
2018-03-13,0.0,0.0,0.0,0.0,0.0,0.0,0.0,0.0,0,0
2018-03-14,0.0,0.0,0.0,0.0,0.0,0.0,0.0,0.0,0,0
2018-03-15,0.0,0.0,0.0,0.0,0.0,0.0,0.0,0.0,0,0
2018-03-16,0.0,0.0,0.0,0.0,0.0,0.0,0.0,0.0,0,0
2018-03-19,0.0,0.0,0.0,0.0,0.0,0.0,0.0,0.0,0,0
2018-03-20,0.0,0.0,0.0,0.0,0.0,0.0,0.0,0.0,0,0
2018-03-21,0.0,0.0,0.0,0.0,0.0,0.0,0.0,0.0,0,0
2018-03-22,0.0,0.0,0.0,0.0,0.0,0.0,0.0,0.0,0,0
2018-03-23,0.0,0.0,0.0,0.0,0.0,0.0,0.0,0.0,0,0
2018-03-26,0.0,0.0,0.0,0.0,0.0,0.0,0.0,0.0,0,0
2018-03-27,-104775.83046130139,10000.000000000002,396.8253968253968,-115172.65585812679,25000000.0,25000000.0,50000000.0,50000000.0,44,44
2018-03-28,0.0,10000.000000000002,0.0,-10000.000000000002,0.0,0.0,0.0,50000000.0,0,0
2018-03-29,0.0,0.0,0.0,0.0,0.0,0.0,0.0,0.0,0,0
2018-04-02,0.0,0.0,0.0,0.0,0.0,0.0,0.0,0.0,0,0
2018-04-03,0.0,0.0,0.0,0.0,0.0,0.0,0.0,0.0,0,0
2018-04-04,213723.3050100647,10000.000000000002,396.82539682539704,203326.47961323932,24999999.999999993,25000000.000000004,50000000.0,50000000.0,44,44
2018-04-05,0.0,10000.000000000002,0.0,-10000.000000000002,0.0,0.0,0.0,50000000.0,0,0
2018-04-06,227873.49235468928,9999.999999999998,396.8253968253968,217476.6669578639,25000000.000000004,25000000.000000004,50000000.00000001,50000000.00000001,44,44
2018-04-09,0.0,9999.999999999998,0.0,-9999.999999999998,0.0,0.0,0.0,50000000.00000001,0,0
2018-04-10,-126077.73173734968,9999.999999999996,396.8253968253968,-136474.55713417506,25000000.0,25000000.0,50000000.0,50000000.0,43,43
2018-04-11,0.0,9999.999999999996,0.0,-9999.999999999996,0.0,0.0,0.0,50000000.0,0,0
2018-04-12,0.0,0.0,0.0,0.0,0.0,0.0,0.0,0.0,0,0
2018-04-13,0.0,0.0,0.0,0.0,0.0,0.0,0.0,0.0,0,0
2018-04-16,0.0,0.0,0.0,0.0,0.0,0.0,0.0,0.0,0,0
2018-04-17,0.0,0.0,0.0,0.0,0.0,0.0,0.0,0.0,0,0
2018-04-18,0.0,0.0,0.0,0.0,0.0,0.0,0.0,0.0,0,0
2018-04-19,0.0,0.0,0.0,0.0,0.0,0.0,0.0,0.0,0,0
2018-04-20,0.0,0.0,0.0,0.0,0.0,0.0,0.0,0.0,0,0
2018-04-23,0.0,0.0,0.0,0.0,0.0,0.0,0.0,0.0,0,0
2018-04-24,0.0,0.0,0.0,0.0,0.0,0.0,0.0,0.0,0,0
2018-04-25,0.0,0.0,0.0,0.0,0.0,0.0,0.0,0.0,0,0
2018-04-26,0.0,0.0,0.0,0.0,0.0,0.0,0.0,0.0,0,0
2018-04-27,0.0,0.0,0.0,0.0,0.0,0.0,0.0,0.0,0,0
2018-04-30,0.0,0.0,0.0,0.0,0.0,0.0,0.0,0.0,0,0
2018-05-01,0.0,0.0,0.0,0.0,0.0,0.0,0.0,0.0,0,0
2018-05-02,0.0,0.0,0.0,0.0,0.0,0.0,0.0,0.0,0,0
2018-05-03,0.0,0.0,0.0,0.0,0.0,0.0,0.0,0.0,0,0
2018-05-04,0.0,0.0,0.0,0.0,0.0,0.0,0.0,0.0,0,0
2018-05-07,0.0,0.0,0.0,0.0,0.0,0.0,0.0,0.0,0,0
2018-05-08,0.0,0.0,0.0,0.0,0.0,0.0,0.0,0.0,0,0
2018-05-09,0.0,0.0,0.0,0.0,0.0,0.0,0.0,0.0,0,0
2018-05-10,0.0,0.0,0.0,0.0,0.0,0.0,0.0,0.0,0,0
2018-05-11,0.0,0.0,0.0,0.0,0.0,0.0,0.0,0.0,0,0
2018-05-14,0.0,0.0,0.0,0.0,0.0,0.0,0.0,0.0,0,0
2018-05-15,0.0,0.0,0.0,0.0,0.0,0.0,0.0,0.0,0,0
2018-05-16,0.0,0.0,0.0,0.0,0.0,0.0,0.0,0.0,0,0
2018-05-17,0.0,0.0,0.0,0.0,0.0,0.0,0.0,0.0,0,0
2018-05-18,0.0,0.0,0.0,0.0,0.0,0.0,0.0,0.0,0,0
2018-05-21,0.0,0.0,0.0,0.0,0.0,0.0,0.0,0.0,0,0
2018-05-22,0.0,0.0,0.0,0.0,0.0,0.0,0.0,0.0,0,0
2018-05-23,0.0,0.0,0.0,0.0,0.0,0.0,0.0,0.0,0,0
2018-05-24,0.0,0.0,0.0,0.0,0.0,0.0,0.0,0.0,0,0
2018-05-25,0.0,0.0,0.0,0.0,0.0,0.0,0.0,0.0,0,0
2018-05-29,0.0,0.0,0.0,0.0,0.0,0.0,0.0,0.0,0,0
2018-05-30,0.0,0.0,0.0,0.0,0.0,0.0,0.0,0.0,0,0
2018-05-31,0.0,0.0,0.0,0.0,0.0,0.0,0.0,0.0,0,0
2018-06-01,0.0,0.0,0.0,0.0,0.0,0.0,0.0,0.0,0,0
2018-06-04,0.0,0.0,0.0,0.0,0.0,0.0,0.0,0.0,0,0
2018-06-05,0.0,0.0,0.0,0.0,0.0,0.0,0.0,0.0,0,0
2018-06-06,0.0,0.0,0.0,0.0,0.0,0.0,0.0,0.0,0,0
2018-06-07,0.0,0.0,0.0,0.0,0.0,0.0,0.0,0.0,0,0
2018-06-08,0.0,0.0,0.0,0.0,0.0,0.0,0.0,0.0,0,0
2018-06-11,0.0,0.0,0.0,0.0,0.0,0.0,0.0,0.0,0,0
2018-06-12,0.0,0.0,0.0,0.0,0.0,0.0,0.0,0.0,0,0
2018-06-13,0.0,0.0,0.0,0.0,0.0,0.0,0.0,0.0,0,0
2018-06-14,0.0,0.0,0.0,0.0,0.0,0.0,0.0,0.0,0,0
2018-06-15,0.0,0.0,0.0,0.0,0.0,0.0,0.0,0.0,0,0
2018-06-18,0.0,0.0,0.0,0.0,0.0,0.0,0.0,0.0,0,0
2018-06-19,114741.5636262411,10000.000000000002,396.82539682539687,104344.7382294157,25000000.0,25000000.0,50000000.0,50000000.0,43,43
2018-06-20,0.0,10000.000000000002,0.0,-10000.000000000002,0.0,0.0,0.0,50000000.0,0,0
2018-06-21,0.0,0.0,0.0,0.0,0.0,0.0,0.0,0.0,0,0
2018-06-22,0.0,0.0,0.0,0.0,0.0,0.0,0.0,0.0,0,0
2018-06-25,0.0,0.0,0.0,0.0,0.0,0.0,0.0,0.0,0,0
2018-06-26,0.0,0.0,0.0,0.0,0.0,0.0,0.0,0.0,0,0
2018-06-27,-36109.17472694901,9999.999999999996,396.82539682539675,-46506.0001237744,24999999.999999996,24999999.999999996,49999999.99999999,49999999.99999999,43,43
2018-06-28,0.0,9999.999999999996,0.0,-9999.999999999996,0.0,0.0,0.0,49999999.99999999,0,0
2018-06-29,0.0,0.0,0.0,0.0,0.0,0.0,0.0,0.0,0,0
2018-07-02,0.0,0.0,0.0,0.0,0.0,0.0,0.0,0.0,0,0
2018-07-03,0.0,0.0,0.0,0.0,0.0,0.0,0.0,0.0,0,0
2018-07-05,0.0,0.0,0.0,0.0,0.0,0.0,0.0,0.0,0,0
2018-07-06,0.0,0.0,0.0,0.0,0.0,0.0,0.0,0.0,0,0
2018-07-09,0.0,0.0,0.0,0.0,0.0,0.0,0.0,0.0,0,0
2018-07-10,0.0,0.0,0.0,0.0,0.0,0.0,0.0,0.0,0,0
2018-07-11,0.0,0.0,0.0,0.0,0.0,0.0,0.0,0.0,0,0
2018-07-12,0.0,0.0,0.0,0.0,0.0,0.0,0.0,0.0,0,0
2018-07-13,-59.68365269040649,9999.999999999996,396.82539682539675,-10456.5090495158,24999999.999999996,24999999.999999996,49999999.99999999,49999999.99999999,43,43
2018-07-16,0.0,9999.999999999996,0.0,-9999.999999999996,0.0,0.0,0.0,49999999.99999999,0,0
2018-07-17,0.0,0.0,0.0,0.0,0.0,0.0,0.0,0.0,0,0
2018-07-18,0.0,0.0,0.0,0.0,0.0,0.0,0.0,0.0,0,0
2018-07-19,0.0,0.0,0.0,0.0,0.0,0.0,0.0,0.0,0,0
2018-07-20,0.0,0.0,0.0,0.0,0.0,0.0,0.0,0.0,0,0
2018-07-23,0.0,0.0,0.0,0.0,0.0,0.0,0.0,0.0,0,0
2018-07-24,0.0,0.0,0.0,0.0,0.0,0.0,0.0,0.0,0,0
2018-07-25,0.0,0.0,0.0,0.0,0.0,0.0,0.0,0.0,0,0
2018-07-26,0.0,0.0,0.0,0.0,0.0,0.0,0.0,0.0,0,0
2018-07-27,0.0,0.0,0.0,0.0,0.0,0.0,0.0,0.0,0,0
2018-07-30,0.0,0.0,0.0,0.0,0.0,0.0,0.0,0.0,0,0
2018-07-31,0.0,0.0,0.0,0.0,0.0,0.0,0.0,0.0,0,0
2018-08-01,0.0,0.0,0.0,0.0,0.0,0.0,0.0,0.0,0,0
2018-08-02,0.0,0.0,0.0,0.0,0.0,0.0,0.0,0.0,0,0
2018-08-03,0.0,0.0,0.0,0.0,0.0,0.0,0.0,0.0,0,0
2018-08-06,0.0,0.0,0.0,0.0,0.0,0.0,0.0,0.0,0,0
2018-08-07,0.0,0.0,0.0,0.0,0.0,0.0,0.0,0.0,0,0
2018-08-08,0.0,0.0,0.0,0.0,0.0,0.0,0.0,0.0,0,0
2018-08-09,0.0,0.0,0.0,0.0,0.0,0.0,0.0,0.0,0,0
2018-08-10,0.0,0.0,0.0,0.0,0.0,0.0,0.0,0.0,0,0
2018-08-13,0.0,0.0,0.0,0.0,0.0,0.0,0.0,0.0,0,0
2018-08-14,0.0,0.0,0.0,0.0,0.0,0.0,0.0,0.0,0,0
2018-08-15,0.0,0.0,0.0,0.0,0.0,0.0,0.0,0.0,0,0
2018-08-16,0.0,0.0,0.0,0.0,0.0,0.0,0.0,0.0,0,0
2018-08-17,42622.41060889326,10000.0,396.8253968253967,32225.585212067865,25000000.0,24999999.999999996,50000000.0,50000000.0,43,43
2018-08-20,0.0,10000.0,0.0,-10000.0,0.0,0.0,0.0,50000000.0,0,0
2018-08-21,0.0,0.0,0.0,0.0,0.0,0.0,0.0,0.0,0,0
2018-08-22,0.0,0.0,0.0,0.0,0.0,0.0,0.0,0.0,0,0
2018-08-23,0.0,0.0,0.0,0.0,0.0,0.0,0.0,0.0,0,0
2018-08-24,0.0,0.0,0.0,0.0,0.0,0.0,0.0,0.0,0,0
2018-08-27,0.0,0.0,0.0,0.0,0.0,0.0,0.0,0.0,0,0
2018-08-28,0.0,0.0,0.0,0.0,0.0,0.0,0.0,0.0,0,0
2018-08-29,0.0,0.0,0.0,0.0,0.0,0.0,0.0,0.0,0,0
2018-08-30,0.0,0.0,0.0,0.0,0.0,0.0,0.0,0.0,0,0
2018-08-31,0.0,0.0,0.0,0.0,0.0,0.0,0.0,0.0,0,0
2018-09-04,0.0,0.0,0.0,0.0,0.0,0.0,0.0,0.0,0,0
2018-09-05,0.0,0.0,0.0,0.0,0.0,0.0,0.0,0.0,0,0
2018-09-06,0.0,0.0,0.0,0.0,0.0,0.0,0.0,0.0,0,0
2018-09-07,0.0,0.0,0.0,0.0,0.0,0.0,0.0,0.0,0,0
2018-09-10,0.0,0.0,0.0,0.0,0.0,0.0,0.0,0.0,0,0
2018-09-11,-65518.10653545153,10000.000000000004,396.8253968253969,-75914.93193227693,25000000.0,25000000.0,50000000.0,50000000.0,40,40
2018-09-12,0.0,10000.000000000004,0.0,-10000.000000000004,0.0,0.0,0.0,50000000.0,0,0
2018-09-13,0.0,0.0,0.0,0.0,0.0,0.0,0.0,0.0,0,0
2018-09-14,0.0,0.0,0.0,0.0,0.0,0.0,0.0,0.0,0,0
2018-09-17,0.0,0.0,0.0,0.0,0.0,0.0,0.0,0.0,0,0
2018-09-18,0.0,0.0,0.0,0.0,0.0,0.0,0.0,0.0,0,0
2018-09-19,0.0,0.0,0.0,0.0,0.0,0.0,0.0,0.0,0,0
2018-09-20,0.0,0.0,0.0,0.0,0.0,0.0,0.0,0.0,0,0
2018-09-21,0.0,0.0,0.0,0.0,0.0,0.0,0.0,0.0,0,0
2018-09-24,0.0,0.0,0.0,0.0,0.0,0.0,0.0,0.0,0,0
2018-09-25,0.0,0.0,0.0,0.0,0.0,0.0,0.0,0.0,0,0
2018-09-26,0.0,0.0,0.0,0.0,0.0,0.0,0.0,0.0,0,0
2018-09-27,0.0,0.0,0.0,0.0,0.0,0.0,0.0,0.0,0,0
2018-09-28,0.0,0.0,0.0,0.0,0.0,0.0,0.0,0.0,0,0
2018-10-01,0.0,0.0,0.0,0.0,0.0,0.0,0.0,0.0,0,0
2018-10-02,0.0,0.0,0.0,0.0,0.0,0.0,0.0,0.0,0,0
2018-10-03,0.0,0.0,0.0,0.0,0.0,0.0,0.0,0.0,0,0
2018-10-04,0.0,0.0,0.0,0.0,0.0,0.0,0.0,0.0,0,0
2018-10-05,0.0,0.0,0.0,0.0,0.0,0.0,0.0,0.0,0,0
2018-10-08,-128209.4255062812,9999.999999999996,396.82539682539687,-138606.2509031066,24999999.999999996,25000000.0,50000000.0,49999999.99999999,43,43
2018-10-09,-51892.40532871534,20102.126998366344,396.8253968253968,-72391.35772390709,25000000.0,25000000.0,50000000.0,48494533.6591449,43,43
2018-10-10,-192374.8853791545,19999.999999999993,396.8253968253969,-212771.71077597988,25000000.0,25000000.000000004,50000000.0,60008580.92121747,43,43
2018-10-11,521705.0347541248,20092.13934702735,396.8253968253967,501216.0700102721,25000000.0,24999999.999999996,50000000.0,72592716.61985227,43,43
2018-10-12,63835.13807174195,19999.999999999993,396.8253968253967,43438.31267491656,25000000.0,25000000.0,50000000.0,76330418.55875483,43,43
2018-10-15,165458.71309765603,20484.28804832566,396.8253968253968,144577.59965250498,25000000.0,25000000.0,50000000.0,75372569.8856667,43,43
2018-10-16,0.0,10000.0,0.0,-10000.0,0.0,0.0,0.0,50000000.0,0,0
2018-10-17,17253.903690232433,9999.999999999998,396.825396825397,6857.0782934070385,25000000.0,25000000.000000004,50000000.0,50000000.0,41,41
2018-10-18,44682.245893293904,20000.000000000004,396.82539682539687,24285.420496468505,25000000.000000004,25000000.0,50000000.0,64171926.52866733,41,41
2018-10-19,0.0,10000.000000000004,0.0,-10000.000000000004,0.0,0.0,0.0,50000000.0,0,0
2018-10-22,0.0,0.0,0.0,0.0,0.0,0.0,0.0,0.0,0,0
2018-10-23,-77355.06145491438,10000.0,396.82539682539675,-87751.88685173978,24999999.999999996,25000000.0,50000000.0,49999999.99999999,39,39
2018-10-24,314504.41395630885,20552.187501141765,396.8253968253969,293555.4010583417,25000000.0,25000000.0,50000000.0,73540073.28208236,35,35
2018-10-25,-282907.493432119,21082.625722197467,396.8253968253968,-304386.9445511419,25000000.0,25000000.0,50000000.0,85575309.59118143,34,34
2018-10-26,411789.4716270749,20623.88895056997,396.82539682539675,390768.7572796795,25000000.000000004,25000000.000000004,50000000.00000001,83660820.04857075,36,36
2018-10-29,73993.52757337,21263.104202000657,396.8253968253968,52333.59797454394,25000000.0,25000000.0,50000000.0,93884152.1441454,38,38
2018-10-30,634852.8021257458,21666.012100345837,396.82539682539675,612789.9646285746,24999999.999999996,24999999.999999996,49999999.99999999,93857913.27042228,39,39
2018-10-31,25052.82571317176,19999.999999999993,396.8253968253968,4656.000316346369,25000000.000000004,25000000.0,50000000.0,76081997.19698174,36,36
2018-11-01,0.0,10000.000000000007,0.0,-10000.000000000007,0.0,0.0,0.0,50000000.00000001,0,0
2018-11-02,0.0,0.0,0.0,0.0,0.0,0.0,0.0,0.0,0,0
2018-11-05,0.0,0.0,0.0,0.0,0.0,0.0,0.0,0.0,0,0
2018-11-06,0.0,0.0,0.0,0.0,0.0,0.0,0.0,0.0,0,0
2018-11-07,0.0,0.0,0.0,0.0,0.0,0.0,0.0,0.0,0,0
2018-11-08,-196285.59443835993,10000.000000000004,396.82539682539675,-206682.4198351853,25000000.0,24999999.999999996,50000000.0,50000000.0,40,40
2018-11-09,0.0,10000.000000000004,0.0,-10000.000000000004,0.0,0.0,0.0,50000000.0,0,0
2018-11-12,-46162.27295616187,10000.000000000004,396.8253968253969,-56559.098352987276,25000000.0,25000000.000000004,50000000.0,50000000.00000001,43,43
2018-11-13,0.0,10000.000000000004,0.0,-10000.000000000004,0.0,0.0,0.0,50000000.00000001,0,0
2018-11-14,0.0,0.0,0.0,0.0,0.0,0.0,0.0,0.0,0,0
2018-11-15,0.0,0.0,0.0,0.0,0.0,0.0,0.0,0.0,0,0
2018-11-16,0.0,0.0,0.0,0.0,0.0,0.0,0.0,0.0,0,0
2018-11-19,0.0,0.0,0.0,0.0,0.0,0.0,0.0,0.0,0,0
2018-11-20,483330.1483620585,9999.999999999998,396.82539682539675,472933.3229652331,25000000.0,25000000.0,50000000.0,50000000.0,43,43
2018-11-21,-236792.0840552985,20096.26628475684,396.825396825397,-257285.17573688072,25000000.0,25000000.000000004,50000000.0,60699686.7397034,43,43
2018-11-23,336960.81950001075,20000.0,396.82539682539704,316563.99410318537,25000000.0,25000000.0,50000000.0,66788769.97818865,44,44
2018-11-26,-117518.756727221,20272.20286077483,396.8253968253967,-138187.78498482122,25000000.0,25000000.0,50000000.0,69223035.12316625,43,43
2018-11-27,188144.8981589517,20217.369514927257,396.82539682539675,167530.70324719904,25000000.0,25000000.0,50000000.0,71417271.82571012,43,43
2018-11-28,0.0,10000.000000000004,0.0,-10000.000000000004,0.0,0.0,0.0,50000000.0,0,0
2018-11-29,-145117.10143331502,9999.999999999998,396.825396825397,-155513.9268301404,24999999.999999996,25000000.0,50000000.0,50000000.0,42,42
2018-11-30,0.0,9999.999999999998,0.0,-9999.999999999998,0.0,0.0,0.0,50000000.0,0,0
2018-12-03,0.0,0.0,0.0,0.0,0.0,0.0,0.0,0.0,0,0
2018-12-04,0.0,0.0,0.0,0.0,0.0,0.0,0.0,0.0,0,0
2018-12-06,-43209.16333980801,10000.000000000002,396.82539682539675,-53605.98873663341,25000000.000000004,24999999.999999996,50000000.0,50000000.0,42,42
2018-12-07,-242959.09155099824,20274.332735669697,396.8253968253968,-263630.24968349334,24999999.999999996,25000000.0,50000000.0,77933714.34149212,42,42
2018-12-10,0.0,9999.999999999998,0.0,-9999.999999999998,0.0,0.0,0.0,49999999.99999999,0,0
2018-12-11,299874.22414623457,9999.999999999998,396.82539682539675,289477.3987494092,25000000.0,25000000.0,50000000.0,50000000.0,43,43
2018-12-12,0.0,9999.999999999998,0.0,-9999.999999999998,0.0,0.0,0.0,50000000.0,0,0
2018-12-13,0.0,0.0,0.0,0.0,0.0,0.0,0.0,0.0,0,0
2018-12-14,-129113.83408025691,10000.000000000005,396.82539682539675,-139510.6594770823,25000000.000000004,24999999.999999996,50000000.0,50000000.0,43,43
2018-12-17,0.0,10000.000000000005,0.0,-10000.000000000005,0.0,0.0,0.0,50000000.0,0,0
2018-12-18,37675.77706001907,9999.999999999998,396.82539682539664,27278.951663193675,25000000.0,24999999.999999996,50000000.0,49999999.99999999,42,42
2018-12-19,0.0,9999.999999999998,0.0,-9999.999999999998,0.0,0.0,0.0,49999999.99999999,0,0
2018-12-20,-20216.234034648696,10000.0,396.82539682539687,-30613.059431474092,24999999.999999996,25000000.000000004,50000000.0,50000000.0,42,42
2018-12-21,0.0,10000.0,0.0,-10000.0,0.0,0.0,0.0,50000000.0,0,0
2018-12-24,165155.369134296,9999.999999999998,396.8253968253968,154758.5437374706,25000000.0,24999999.999999993,49999999.99999999,49999999.99999999,43,43
2018-12-26,-122802.12928506281,20474.969155568073,396.82539682539687,-143673.92383745627,25000000.000000004,25000000.0,50000000.0,80656740.8680695,44,44
2018-12-27,35649.205729342575,20876.204686830864,396.82539682539687,14376.175645686313,25000000.0,25000000.000000004,50000000.0,84838130.52020113,44,44
2018-12-28,0.0,10000.000000000004,0.0,-10000.000000000004,0.0,0.0,0.0,50000000.0,0,0
2018-12-31,0.0,0.0,0.0,0.0,0.0,0.0,0.0,0.0,0,0
2019-01-02,-285645.44598613033,10000.000000000002,396.82539682539675,-296042.2713829557,25000000.000000004,25000000.0,50000000.0,50000000.0,44,44
2019-01-03,406456.9985388787,20233.64510382415,396.82539682539675,385826.52803822915,25000000.0,25000000.0,50000000.0,70412479.9935772,44,44
2019-01-04,158580.87519429284,20234.176881613505,396.8253968253968,137949.87291585395,25000000.0,25000000.000000004,50000000.0,89682783.75110993,44,44
2019-01-07,0.0,9999.999999999998,0.0,-9999.999999999998,0.0,0.0,0.0,50000000.00000001,0,0
2019-01-08,0.0,0.0,0.0,0.0,0.0,0.0,0.0,0.0,0,0
2019-01-09,-55859.890959018085,9999.999999999996,396.82539682539687,-66256.71635584348,25000000.0,25000000.0,50000000.0,50000000.0,44,44
2019-01-10,0.0,9999.999999999996,0.0,-9999.999999999996,0.0,0.0,0.0,50000000.0,0,0
2019-01-11,-325734.8559122208,10000.0,396.8253968253968,-336131.68130904617,25000000.000000004,24999999.999999996,50000000.0,50000000.0,44,44
2019-01-14,0.0,10000.0,0.0,-10000.0,0.0,0.0,0.0,50000000.0,0,0
2019-01-15,0.0,0.0,0.0,0.0,0.0,0.0,0.0,0.0,0,0
2019-01-16,0.0,0.0,0.0,0.0,0.0,0.0,0.0,0.0,0,0
2019-01-17,0.0,0.0,0.0,0.0,0.0,0.0,0.0,0.0,0,0
2019-01-18,0.0,0.0,0.0,0.0,0.0,0.0,0.0,0.0,0,0
2019-01-22,0.0,0.0,0.0,0.0,0.0,0.0,0.0,0.0,0,0
2019-01-23,0.0,0.0,0.0,0.0,0.0,0.0,0.0,0.0,0,0
2019-01-24,0.0,0.0,0.0,0.0,0.0,0.0,0.0,0.0,0,0
2019-01-25,0.0,0.0,0.0,0.0,0.0,0.0,0.0,0.0,0,0
2019-01-28,86048.13164939129,9999.999999999998,396.8253968253968,75651.30625256589,25000000.0,25000000.0,50000000.0,50000000.0,40,40
2019-01-29,0.0,9999.999999999998,0.0,-9999.999999999998,0.0,0.0,0.0,50000000.0,0,0
2019-01-30,0.0,0.0,0.0,0.0,0.0,0.0,0.0,0.0,0,0
2019-01-31,0.0,0.0,0.0,0.0,0.0,0.0,0.0,0.0,0,0
2019-02-01,0.0,0.0,0.0,0.0,0.0,0.0,0.0,0.0,0,0
2019-02-04,0.0,0.0,0.0,0.0,0.0,0.0,0.0,0.0,0,0
2019-02-05,0.0,0.0,0.0,0.0,0.0,0.0,0.0,0.0,0,0
2019-02-06,0.0,0.0,0.0,0.0,0.0,0.0,0.0,0.0,0,0
2019-02-07,0.0,0.0,0.0,0.0,0.0,0.0,0.0,0.0,0,0
2019-02-08,49444.64965023449,10000.0,396.82539682539675,39047.82425340909,25000000.0,25000000.0,50000000.0,50000000.0,38,38
2019-02-11,0.0,10000.0,0.0,-10000.0,0.0,0.0,0.0,50000000.0,0,0
2019-02-12,0.0,0.0,0.0,0.0,0.0,0.0,0.0,0.0,0,0
2019-02-13,0.0,0.0,0.0,0.0,0.0,0.0,0.0,0.0,0,0
2019-02-14,0.0,0.0,0.0,0.0,0.0,0.0,0.0,0.0,0,0
2019-02-15,0.0,0.0,0.0,0.0,0.0,0.0,0.0,0.0,0,0
2019-02-19,0.0,0.0,0.0,0.0,0.0,0.0,0.0,0.0,0,0
2019-02-20,0.0,0.0,0.0,0.0,0.0,0.0,0.0,0.0,0,0
2019-02-21,0.0,0.0,0.0,0.0,0.0,0.0,0.0,0.0,0,0
2019-02-22,0.0,0.0,0.0,0.0,0.0,0.0,0.0,0.0,0,0
2019-02-25,0.0,0.0,0.0,0.0,0.0,0.0,0.0,0.0,0,0
2019-02-26,0.0,0.0,0.0,0.0,0.0,0.0,0.0,0.0,0,0
2019-02-27,0.0,0.0,0.0,0.0,0.0,0.0,0.0,0.0,0,0
2019-02-28,0.0,0.0,0.0,0.0,0.0,0.0,0.0,0.0,0,0
2019-03-01,0.0,0.0,0.0,0.0,0.0,0.0,0.0,0.0,0,0
2019-03-04,0.0,0.0,0.0,0.0,0.0,0.0,0.0,0.0,0,0
2019-03-05,0.0,0.0,0.0,0.0,0.0,0.0,0.0,0.0,0,0
2019-03-06,0.0,0.0,0.0,0.0,0.0,0.0,0.0,0.0,0,0
2019-03-07,0.0,0.0,0.0,0.0,0.0,0.0,0.0,0.0,0,0
2019-03-08,77846.76297927744,9999.999999999998,396.82539682539687,67449.93758245204,25000000.0,25000000.000000004,50000000.0,50000000.0,43,43
2019-03-11,0.0,9999.999999999998,0.0,-9999.999999999998,0.0,0.0,0.0,50000000.0,0,0
2019-03-12,0.0,0.0,0.0,0.0,0.0,0.0,0.0,0.0,0,0
2019-03-13,0.0,0.0,0.0,0.0,0.0,0.0,0.0,0.0,0,0
2019-03-14,0.0,0.0,0.0,0.0,0.0,0.0,0.0,0.0,0,0
2019-03-15,0.0,0.0,0.0,0.0,0.0,0.0,0.0,0.0,0,0
2019-03-18,0.0,0.0,0.0,0.0,0.0,0.0,0.0,0.0,0,0
2019-03-19,0.0,0.0,0.0,0.0,0.0,0.0,0.0,0.0,0,0
2019-03-20,0.0,0.0,0.0,0.0,0.0,0.0,0.0,0.0,0,0
2019-03-21,0.0,0.0,0.0,0.0,0.0,0.0,0.0,0.0,0,0
2019-03-22,0.0,0.0,0.0,0.0,0.0,0.0,0.0,0.0,0,0
2019-03-25,0.0,0.0,0.0,0.0,0.0,0.0,0.0,0.0,0,0
2019-03-26,0.0,0.0,0.0,0.0,0.0,0.0,0.0,0.0,0,0
2019-03-27,0.0,0.0,0.0,0.0,0.0,0.0,0.0,0.0,0,0
2019-03-28,0.0,0.0,0.0,0.0,0.0,0.0,0.0,0.0,0,0
2019-03-29,0.0,0.0,0.0,0.0,0.0,0.0,0.0,0.0,0,0
2019-04-01,0.0,0.0,0.0,0.0,0.0,0.0,0.0,0.0,0,0
2019-04-02,0.0,0.0,0.0,0.0,0.0,0.0,0.0,0.0,0,0
2019-04-03,0.0,0.0,0.0,0.0,0.0,0.0,0.0,0.0,0,0
2019-04-04,0.0,0.0,0.0,0.0,0.0,0.0,0.0,0.0,0,0
2019-04-05,0.0,0.0,0.0,0.0,0.0,0.0,0.0,0.0,0,0
2019-04-08,-142273.42645623008,10000.0,396.82539682539687,-152670.25185305547,25000000.0,25000000.0,50000000.0,50000000.0,43,43
2019-04-09,0.0,10000.0,0.0,-10000.0,0.0,0.0,0.0,50000000.0,0,0
2019-04-10,0.0,0.0,0.0,0.0,0.0,0.0,0.0,0.0,0,0
2019-04-11,0.0,0.0,0.0,0.0,0.0,0.0,0.0,0.0,0,0
2019-04-12,0.0,0.0,0.0,0.0,0.0,0.0,0.0,0.0,0,0
2019-04-15,0.0,0.0,0.0,0.0,0.0,0.0,0.0,0.0,0,0
2019-04-16,0.0,0.0,0.0,0.0,0.0,0.0,0.0,0.0,0,0
2019-04-17,0.0,0.0,0.0,0.0,0.0,0.0,0.0,0.0,0,0
2019-04-18,0.0,0.0,0.0,0.0,0.0,0.0,0.0,0.0,0,0
2019-04-22,-851.8199151820344,10000.000000000002,396.82539682539675,-11248.645312007433,25000000.0,25000000.0,50000000.0,50000000.0,38,38
2019-04-23,-36690.930581482135,20077.9306140603,396.82539682539687,-57165.686592367834,25000000.0,25000000.0,50000000.0,66492381.57641674,38,38
2019-04-24,0.0,10000.0,0.0,-10000.0,0.0,0.0,0.0,50000000.0,0,0
2019-04-25,-169581.77299642074,9999.999999999996,396.8253968253968,-179978.59839324612,24999999.999999996,25000000.0,50000000.0,49999999.99999999,34,34
2019-04-26,0.0,9999.999999999996,0.0,-9999.999999999996,0.0,0.0,0.0,49999999.99999999,0,0
2019-04-29,0.0,0.0,0.0,0.0,0.0,0.0,0.0,0.0,0,0
2019-04-30,0.0,0.0,0.0,0.0,0.0,0.0,0.0,0.0,0,0
2019-05-01,0.0,0.0,0.0,0.0,0.0,0.0,0.0,0.0,0,0
2019-05-02,0.0,0.0,0.0,0.0,0.0,0.0,0.0,0.0,0,0
2019-05-03,0.0,0.0,0.0,0.0,0.0,0.0,0.0,0.0,0,0
2019-05-06,-260568.67846408236,9999.999999999998,396.825396825397,-270965.50386090775,24999999.999999996,25000000.000000004,50000000.0,50000000.0,38,38
2019-05-07,-102199.33220034059,20116.521616218633,396.82539682539675,-122712.67921338462,25000000.0,25000000.0,50000000.0,78116710.37319127,40,40
2019-05-08,0.0,10000.000000000004,0.0,-10000.000000000004,0.0,0.0,0.0,50000000.0,0,0
2019-05-09,-110262.96823776232,9999.999999999995,396.82539682539675,-120659.79363458772,25000000.0,25000000.0,50000000.0,50000000.0,40,40
2019-05-10,0.0,9999.999999999995,0.0,-9999.999999999995,0.0,0.0,0.0,50000000.0,0,0
2019-05-13,215098.1249590583,10000.000000000004,396.82539682539664,204701.29956223292,25000000.0,25000000.0,50000000.0,50000000.0,43,43
2019-05-14,-258983.16690719724,20109.107616697744,396.82539682539687,-279489.0999207204,25000000.000000004,25000000.0,50000000.0,62738618.08731493,43,43
2019-05-15,-5141.31612421281,20000.0,396.8253968253969,-25538.141521038207,25000000.0,25000000.000000004,50000000.0,54434620.56659852,43,43
2019-05-16,-147986.93501241916,20418.800189266665,396.82539682539687,-168802.5605985112,25000000.0,25000000.0,50000000.0,59827708.71826082,43,43
2019-05-17,0.0,10000.000000000002,0.0,-10000.000000000002,0.0,0.0,0.0,50000000.0,0,0
2019-05-20,0.0,0.0,0.0,0.0,0.0,0.0,0.0,0.0,0,0
2019-05-21,0.0,0.0,0.0,0.0,0.0,0.0,0.0,0.0,0,0
2019-05-22,0.0,0.0,0.0,0.0,0.0,0.0,0.0,0.0,0,0
2019-05-23,0.0,0.0,0.0,0.0,0.0,0.0,0.0,0.0,0,0
2019-05-24,0.0,0.0,0.0,0.0,0.0,0.0,0.0,0.0,0,0
2019-05-28,0.0,0.0,0.0,0.0,0.0,0.0,0.0,0.0,0,0
2019-05-29,0.0,0.0,0.0,0.0,0.0,0.0,0.0,0.0,0,0
2019-05-30,0.0,0.0,0.0,0.0,0.0,0.0,0.0,0.0,0,0
2019-05-31,0.0,0.0,0.0,0.0,0.0,0.0,0.0,0.0,0,0
2019-06-03,0.0,0.0,0.0,0.0,0.0,0.0,0.0,0.0,0,0
2019-06-04,0.0,0.0,0.0,0.0,0.0,0.0,0.0,0.0,0,0
2019-06-05,0.0,0.0,0.0,0.0,0.0,0.0,0.0,0.0,0,0
2019-06-06,0.0,0.0,0.0,0.0,0.0,0.0,0.0,0.0,0,0
2019-06-07,0.0,0.0,0.0,0.0,0.0,0.0,0.0,0.0,0,0
2019-06-10,0.0,0.0,0.0,0.0,0.0,0.0,0.0,0.0,0,0
2019-06-11,0.0,0.0,0.0,0.0,0.0,0.0,0.0,0.0,0,0
2019-06-12,0.0,0.0,0.0,0.0,0.0,0.0,0.0,0.0,0,0
2019-06-13,0.0,0.0,0.0,0.0,0.0,0.0,0.0,0.0,0,0
2019-06-14,0.0,0.0,0.0,0.0,0.0,0.0,0.0,0.0,0,0
2019-06-17,0.0,0.0,0.0,0.0,0.0,0.0,0.0,0.0,0,0
2019-06-18,0.0,0.0,0.0,0.0,0.0,0.0,0.0,0.0,0,0
2019-06-19,0.0,0.0,0.0,0.0,0.0,0.0,0.0,0.0,0,0
2019-06-20,0.0,0.0,0.0,0.0,0.0,0.0,0.0,0.0,0,0
2019-06-21,0.0,0.0,0.0,0.0,0.0,0.0,0.0,0.0,0,0
2019-06-24,0.0,0.0,0.0,0.0,0.0,0.0,0.0,0.0,0,0
2019-06-25,0.0,0.0,0.0,0.0,0.0,0.0,0.0,0.0,0,0
2019-06-26,0.0,0.0,0.0,0.0,0.0,0.0,0.0,0.0,0,0
2019-06-27,0.0,0.0,0.0,0.0,0.0,0.0,0.0,0.0,0,0
2019-06-28,0.0,0.0,0.0,0.0,0.0,0.0,0.0,0.0,0,0
2019-07-01,0.0,0.0,0.0,0.0,0.0,0.0,0.0,0.0,0,0
2019-07-02,0.0,0.0,0.0,0.0,0.0,0.0,0.0,0.0,0,0
2019-07-03,0.0,0.0,0.0,0.0,0.0,0.0,0.0,0.0,0,0
2019-07-05,0.0,0.0,0.0,0.0,0.0,0.0,0.0,0.0,0,0
2019-07-08,0.0,0.0,0.0,0.0,0.0,0.0,0.0,0.0,0,0
2019-07-09,0.0,0.0,0.0,0.0,0.0,0.0,0.0,0.0,0,0
2019-07-10,0.0,0.0,0.0,0.0,0.0,0.0,0.0,0.0,0,0
2019-07-11,0.0,0.0,0.0,0.0,0.0,0.0,0.0,0.0,0,0
2019-07-12,0.0,0.0,0.0,0.0,0.0,0.0,0.0,0.0,0,0
2019-07-15,0.0,0.0,0.0,0.0,0.0,0.0,0.0,0.0,0,0
2019-07-16,0.0,0.0,0.0,0.0,0.0,0.0,0.0,0.0,0,0
2019-07-17,0.0,0.0,0.0,0.0,0.0,0.0,0.0,0.0,0,0
2019-07-18,0.0,0.0,0.0,0.0,0.0,0.0,0.0,0.0,0,0
2019-07-19,0.0,0.0,0.0,0.0,0.0,0.0,0.0,0.0,0,0
2019-07-22,0.0,0.0,0.0,0.0,0.0,0.0,0.0,0.0,0,0
2019-07-23,0.0,0.0,0.0,0.0,0.0,0.0,0.0,0.0,0,0
2019-07-24,0.0,0.0,0.0,0.0,0.0,0.0,0.0,0.0,0,0
2019-07-25,0.0,0.0,0.0,0.0,0.0,0.0,0.0,0.0,0,0
2019-07-26,0.0,0.0,0.0,0.0,0.0,0.0,0.0,0.0,0,0
2019-07-29,0.0,0.0,0.0,0.0,0.0,0.0,0.0,0.0,0,0
2019-07-30,0.0,0.0,0.0,0.0,0.0,0.0,0.0,0.0,0,0
2019-07-31,0.0,0.0,0.0,0.0,0.0,0.0,0.0,0.0,0,0
2019-08-01,0.0,0.0,0.0,0.0,0.0,0.0,0.0,0.0,0,0
2019-08-02,0.0,0.0,0.0,0.0,0.0,0.0,0.0,0.0,0,0
2019-08-05,0.0,0.0,0.0,0.0,0.0,0.0,0.0,0.0,0,0
2019-08-06,0.0,0.0,0.0,0.0,0.0,0.0,0.0,0.0,0,0
2019-08-07,0.0,0.0,0.0,0.0,0.0,0.0,0.0,0.0,0,0
2019-08-08,0.0,0.0,0.0,0.0,0.0,0.0,0.0,0.0,0,0
2019-08-09,0.0,0.0,0.0,0.0,0.0,0.0,0.0,0.0,0,0
2019-08-12,0.0,0.0,0.0,0.0,0.0,0.0,0.0,0.0,0,0
2019-08-13,0.0,0.0,0.0,0.0,0.0,0.0,0.0,0.0,0,0
2019-08-14,0.0,0.0,0.0,0.0,0.0,0.0,0.0,0.0,0,0
2019-08-15,0.0,0.0,0.0,0.0,0.0,0.0,0.0,0.0,0,0
2019-08-16,0.0,0.0,0.0,0.0,0.0,0.0,0.0,0.0,0,0
2019-08-19,0.0,0.0,0.0,0.0,0.0,0.0,0.0,0.0,0,0
2019-08-20,0.0,0.0,0.0,0.0,0.0,0.0,0.0,0.0,0,0
2019-08-21,0.0,0.0,0.0,0.0,0.0,0.0,0.0,0.0,0,0
2019-08-22,0.0,0.0,0.0,0.0,0.0,0.0,0.0,0.0,0,0
2019-08-23,0.0,0.0,0.0,0.0,0.0,0.0,0.0,0.0,0,0
2019-08-26,0.0,0.0,0.0,0.0,0.0,0.0,0.0,0.0,0,0
2019-08-27,0.0,0.0,0.0,0.0,0.0,0.0,0.0,0.0,0,0
2019-08-28,0.0,0.0,0.0,0.0,0.0,0.0,0.0,0.0,0,0
2019-08-29,0.0,0.0,0.0,0.0,0.0,0.0,0.0,0.0,0,0
2019-08-30,0.0,0.0,0.0,0.0,0.0,0.0,0.0,0.0,0,0
2019-09-03,0.0,0.0,0.0,0.0,0.0,0.0,0.0,0.0,0,0
2019-09-04,0.0,0.0,0.0,0.0,0.0,0.0,0.0,0.0,0,0
2019-09-05,0.0,0.0,0.0,0.0,0.0,0.0,0.0,0.0,0,0
2019-09-06,0.0,0.0,0.0,0.0,0.0,0.0,0.0,0.0,0,0
2019-09-09,0.0,0.0,0.0,0.0,0.0,0.0,0.0,0.0,0,0
2019-09-10,0.0,0.0,0.0,0.0,0.0,0.0,0.0,0.0,0,0
2019-09-11,0.0,0.0,0.0,0.0,0.0,0.0,0.0,0.0,0,0
2019-09-12,0.0,0.0,0.0,0.0,0.0,0.0,0.0,0.0,0,0
2019-09-13,0.0,0.0,0.0,0.0,0.0,0.0,0.0,0.0,0,0
2019-09-16,0.0,0.0,0.0,0.0,0.0,0.0,0.0,0.0,0,0
2019-09-17,0.0,0.0,0.0,0.0,0.0,0.0,0.0,0.0,0,0
2019-09-18,0.0,0.0,0.0,0.0,0.0,0.0,0.0,0.0,0,0
2019-09-19,0.0,0.0,0.0,0.0,0.0,0.0,0.0,0.0,0,0
2019-09-20,0.0,0.0,0.0,0.0,0.0,0.0,0.0,0.0,0,0
2019-09-23,0.0,0.0,0.0,0.0,0.0,0.0,0.0,0.0,0,0
2019-09-24,0.0,0.0,0.0,0.0,0.0,0.0,0.0,0.0,0,0
2019-09-25,0.0,0.0,0.0,0.0,0.0,0.0,0.0,0.0,0,0
2019-09-26,0.0,0.0,0.0,0.0,0.0,0.0,0.0,0.0,0,0
2019-09-27,0.0,0.0,0.0,0.0,0.0,0.0,0.0,0.0,0,0
2019-09-30,0.0,0.0,0.0,0.0,0.0,0.0,0.0,0.0,0,0
2019-10-01,0.0,0.0,0.0,0.0,0.0,0.0,0.0,0.0,0,0
2019-10-02,0.0,0.0,0.0,0.0,0.0,0.0,0.0,0.0,0,0
2019-10-03,0.0,0.0,0.0,0.0,0.0,0.0,0.0,0.0,0,0
2019-10-04,0.0,0.0,0.0,0.0,0.0,0.0,0.0,0.0,0,0
2019-10-07,0.0,0.0,0.0,0.0,0.0,0.0,0.0,0.0,0,0
2019-10-08,0.0,0.0,0.0,0.0,0.0,0.0,0.0,0.0,0,0
2019-10-09,0.0,0.0,0.0,0.0,0.0,0.0,0.0,0.0,0,0
2019-10-10,0.0,0.0,0.0,0.0,0.0,0.0,0.0,0.0,0,0
2019-10-11,0.0,0.0,0.0,0.0,0.0,0.0,0.0,0.0,0,0
2019-10-14,0.0,0.0,0.0,0.0,0.0,0.0,0.0,0.0,0,0
2019-10-15,0.0,0.0,0.0,0.0,0.0,0.0,0.0,0.0,0,0
2019-10-16,0.0,0.0,0.0,0.0,0.0,0.0,0.0,0.0,0,0
2019-10-17,0.0,0.0,0.0,0.0,0.0,0.0,0.0,0.0,0,0
2019-10-18,0.0,0.0,0.0,0.0,0.0,0.0,0.0,0.0,0,0
2019-10-21,0.0,0.0,0.0,0.0,0.0,0.0,0.0,0.0,0,0
2019-10-22,0.0,0.0,0.0,0.0,0.0,0.0,0.0,0.0,0,0
2019-10-23,0.0,0.0,0.0,0.0,0.0,0.0,0.0,0.0,0,0
2019-10-24,0.0,0.0,0.0,0.0,0.0,0.0,0.0,0.0,0,0
2019-10-25,0.0,0.0,0.0,0.0,0.0,0.0,0.0,0.0,0,0
2019-10-28,0.0,0.0,0.0,0.0,0.0,0.0,0.0,0.0,0,0
2019-10-29,0.0,0.0,0.0,0.0,0.0,0.0,0.0,0.0,0,0
2019-10-30,0.0,0.0,0.0,0.0,0.0,0.0,0.0,0.0,0,0
2019-10-31,0.0,0.0,0.0,0.0,0.0,0.0,0.0,0.0,0,0
2019-11-01,0.0,0.0,0.0,0.0,0.0,0.0,0.0,0.0,0,0
2019-11-04,0.0,0.0,0.0,0.0,0.0,0.0,0.0,0.0,0,0
2019-11-05,0.0,0.0,0.0,0.0,0.0,0.0,0.0,0.0,0,0
2019-11-06,0.0,0.0,0.0,0.0,0.0,0.0,0.0,0.0,0,0
2019-11-07,0.0,0.0,0.0,0.0,0.0,0.0,0.0,0.0,0,0
2019-11-08,0.0,0.0,0.0,0.0,0.0,0.0,0.0,0.0,0,0
2019-11-11,0.0,0.0,0.0,0.0,0.0,0.0,0.0,0.0,0,0
2019-11-12,0.0,0.0,0.0,0.0,0.0,0.0,0.0,0.0,0,0
2019-11-13,0.0,0.0,0.0,0.0,0.0,0.0,0.0,0.0,0,0
2019-11-14,0.0,0.0,0.0,0.0,0.0,0.0,0.0,0.0,0,0
2019-11-15,0.0,0.0,0.0,0.0,0.0,0.0,0.0,0.0,0,0
2019-11-18,0.0,0.0,0.0,0.0,0.0,0.0,0.0,0.0,0,0
2019-11-19,0.0,0.0,0.0,0.0,0.0,0.0,0.0,0.0,0,0
2019-11-20,0.0,0.0,0.0,0.0,0.0,0.0,0.0,0.0,0,0
2019-11-21,0.0,0.0,0.0,0.0,0.0,0.0,0.0,0.0,0,0
2019-11-22,0.0,0.0,0.0,0.0,0.0,0.0,0.0,0.0,0,0
2019-11-25,0.0,0.0,0.0,0.0,0.0,0.0,0.0,0.0,0,0
2019-11-26,0.0,0.0,0.0,0.0,0.0,0.0,0.0,0.0,0,0
2019-11-27,0.0,0.0,0.0,0.0,0.0,0.0,0.0,0.0,0,0
2019-11-29,0.0,0.0,0.0,0.0,0.0,0.0,0.0,0.0,0,0
2019-12-02,0.0,0.0,0.0,0.0,0.0,0.0,0.0,0.0,0,0
2019-12-03,285694.6995408497,10000.000000000004,396.825396825397,275297.87414402433,25000000.0,25000000.0,50000000.0,50000000.0,42,42
2019-12-04,0.0,10000.000000000004,0.0,-10000.000000000004,0.0,0.0,0.0,50000000.0,0,0
2019-12-05,0.0,0.0,0.0,0.0,0.0,0.0,0.0,0.0,0,0
2019-12-06,0.0,0.0,0.0,0.0,0.0,0.0,0.0,0.0,0,0
2019-12-09,0.0,0.0,0.0,0.0,0.0,0.0,0.0,0.0,0,0
2019-12-10,0.0,0.0,0.0,0.0,0.0,0.0,0.0,0.0,0,0
2019-12-11,0.0,0.0,0.0,0.0,0.0,0.0,0.0,0.0,0,0
2019-12-12,0.0,0.0,0.0,0.0,0.0,0.0,0.0,0.0,0,0
2019-12-13,0.0,0.0,0.0,0.0,0.0,0.0,0.0,0.0,0,0
2019-12-16,0.0,0.0,0.0,0.0,0.0,0.0,0.0,0.0,0,0
2019-12-17,0.0,0.0,0.0,0.0,0.0,0.0,0.0,0.0,0,0
2019-12-18,0.0,0.0,0.0,0.0,0.0,0.0,0.0,0.0,0,0
2019-12-19,0.0,0.0,0.0,0.0,0.0,0.0,0.0,0.0,0,0
2019-12-20,0.0,0.0,0.0,0.0,0.0,0.0,0.0,0.0,0,0
2019-12-23,0.0,0.0,0.0,0.0,0.0,0.0,0.0,0.0,0,0
2019-12-24,0.0,0.0,0.0,0.0,0.0,0.0,0.0,0.0,0,0
2019-12-26,0.0,0.0,0.0,0.0,0.0,0.0,0.0,0.0,0,0
2019-12-27,0.0,0.0,0.0,0.0,0.0,0.0,0.0,0.0,0,0
2019-12-30,0.0,0.0,0.0,0.0,0.0,0.0,0.0,0.0,0,0
2019-12-31,160500.7953869794,9999.999999999998,396.82539682539687,150103.969990154,25000000.0,25000000.0,50000000.0,50000000.0,43,43
2020-01-02,-214339.57449118083,19999.99999999999,396.82539682539675,-234736.3998880062,25000000.0,25000000.0,50000000.0,73232868.91868949,43,43
2020-01-03,-170592.30041653765,19999.999999999993,396.82539682539675,-190989.12581336303,25000000.0,25000000.0,50000000.0,74552236.25580521,43,43
2020-01-06,127633.74662833527,19999.999999999985,396.8253968253968,107236.92123150988,24999999.999999996,25000000.0,50000000.0,71841686.92822218,43,43
2020-01-07,18046.7436981262,20000.000000000004,396.8253968253968,-2350.0816986992004,25000000.000000004,25000000.000000004,50000000.00000001,77228999.51006623,43,43
2020-01-08,0.0,10000.000000000002,0.0,-10000.000000000002,0.0,0.0,0.0,50000000.00000001,0,0
2020-01-09,0.0,0.0,0.0,0.0,0.0,0.0,0.0,0.0,0,0
2020-01-10,0.0,0.0,0.0,0.0,0.0,0.0,0.0,0.0,0,0
2020-01-13,0.0,0.0,0.0,0.0,0.0,0.0,0.0,0.0,0,0
2020-01-14,0.0,0.0,0.0,0.0,0.0,0.0,0.0,0.0,0,0
2020-01-15,0.0,0.0,0.0,0.0,0.0,0.0,0.0,0.0,0,0
2020-01-16,0.0,0.0,0.0,0.0,0.0,0.0,0.0,0.0,0,0
2020-01-17,0.0,0.0,0.0,0.0,0.0,0.0,0.0,0.0,0,0
2020-01-21,0.0,0.0,0.0,0.0,0.0,0.0,0.0,0.0,0,0
2020-01-22,0.0,0.0,0.0,0.0,0.0,0.0,0.0,0.0,0,0
2020-01-23,0.0,0.0,0.0,0.0,0.0,0.0,0.0,0.0,0,0
2020-01-24,0.0,0.0,0.0,0.0,0.0,0.0,0.0,0.0,0,0
2020-01-27,211993.5661329354,10000.000000000004,396.8253968253968,201596.74073611002,25000000.0,24999999.999999996,50000000.0,50000000.0,41,41
2020-01-28,73410.7406476907,20102.161771585383,396.8253968253968,52911.75347927993,24999999.999999996,25000000.0,50000000.0,75189882.0306665,40,40
2020-01-29,0.0,10000.000000000002,0.0,-10000.000000000002,0.0,0.0,0.0,50000000.0,0,0
2020-01-30,-150291.71897045014,9999.999999999998,396.8253968253969,-160688.54436727552,25000000.0,25000000.0,50000000.0,50000000.0,36,36
2020-01-31,58880.721059876916,20138.768864375485,396.82539682539675,38345.126798676036,25000000.0,25000000.0,50000000.0,62870704.388187915,38,38
2020-02-03,366811.7513051491,20276.686340477485,396.8253968253967,346138.23956784623,25000000.000000004,25000000.0,50000000.0,75061869.62705573,39,39
2020-02-04,0.0,9999.999999999996,0.0,-9999.999999999996,0.0,0.0,0.0,50000000.0,0,0
2020-02-05,0.0,0.0,0.0,0.0,0.0,0.0,0.0,0.0,0,0
2020-02-06,0.0,0.0,0.0,0.0,0.0,0.0,0.0,0.0,0,0
2020-02-07,-83003.31546364889,10000.000000000004,396.8253968253969,-93400.14086047429,25000000.000000004,25000000.000000004,50000000.00000001,50000000.00000001,40,40
2020-02-10,0.0,10000.000000000004,0.0,-10000.000000000004,0.0,0.0,0.0,50000000.00000001,0,0
2020-02-11,0.0,0.0,0.0,0.0,0.0,0.0,0.0,0.0,0,0
2020-02-12,0.0,0.0,0.0,0.0,0.0,0.0,0.0,0.0,0,0
2020-02-13,0.0,0.0,0.0,0.0,0.0,0.0,0.0,0.0,0,0
2020-02-14,0.0,0.0,0.0,0.0,0.0,0.0,0.0,0.0,0,0
2020-02-18,0.0,0.0,0.0,0.0,0.0,0.0,0.0,0.0,0,0
2020-02-19,0.0,0.0,0.0,0.0,0.0,0.0,0.0,0.0,0,0
2020-02-20,0.0,0.0,0.0,0.0,0.0,0.0,0.0,0.0,0,0
2020-02-21,0.0,0.0,0.0,0.0,0.0,0.0,0.0,0.0,0,0
2020-02-24,213531.35360804436,10000.0,396.8253968253967,203134.52821121897,25000000.000000004,25000000.0,50000000.0,50000000.00000001,41,41
2020-02-25,30075.498834613594,20323.98657582461,396.82539682539675,9354.686861963588,25000000.0,24999999.999999996,50000000.0,76193181.2372527,41,41
2020-02-26,-337236.0859389047,21152.62610630234,396.8253968253967,-358785.5374420324,25000000.0,24999999.999999996,50000000.0,80790873.77481067,40,40
2020-02-27,-405129.16661774355,19999.999999999996,396.8253968253969,-425525.99201456894,25000000.0,25000000.0,50000000.0,76801728.25671048,40,40
2020-02-28,159125.38830936994,20000.0,396.8253968253968,138728.56291254456,25000000.0,25000000.0,50000000.0,79252438.93436825,41,41
2020-03-02,172666.75977846098,20435.242848302045,396.82539682539687,151834.69153333356,25000000.000000004,25000000.000000004,50000000.00000001,82329681.69679077,43,43
2020-03-03,-13071.518520573547,20826.56735376582,396.8253968253967,-34294.91127116476,24999999.999999996,25000000.0,50000000.0,85118212.29515132,44,44
2020-03-04,-196174.33174273733,20654.919858552646,396.8253968253968,-217226.07699811534,24999999.999999993,25000000.0,49999999.99999999,85622942.1583703,44,44
2020-03-05,-337731.4676746046,20102.145491948864,396.82539682539687,-358230.4385633789,24999999.999999993,25000000.0,49999999.99999999,81195287.44545342,44,44
2020-03-06,0.0,10000.000000000004,0.0,-10000.000000000004,0.0,0.0,0.0,49999999.99999999,0,0
2020-03-09,0.0,0.0,0.0,0.0,0.0,0.0,0.0,0.0,0,0
2020-03-10,0.0,0.0,0.0,0.0,0.0,0.0,0.0,0.0,0,0
2020-03-11,0.0,0.0,0.0,0.0,0.0,0.0,0.0,0.0,0,0
2020-03-12,0.0,0.0,0.0,0.0,0.0,0.0,0.0,0.0,0,0
2020-03-13,0.0,0.0,0.0,0.0,0.0,0.0,0.0,0.0,0,0
2020-03-16,0.0,0.0,0.0,0.0,0.0,0.0,0.0,0.0,0,0
2020-03-17,0.0,0.0,0.0,0.0,0.0,0.0,0.0,0.0,0,0
2020-03-18,0.0,0.0,0.0,0.0,0.0,0.0,0.0,0.0,0,0
2020-03-19,0.0,0.0,0.0,0.0,0.0,0.0,0.0,0.0,0,0
2020-03-20,0.0,0.0,0.0,0.0,0.0,0.0,0.0,0.0,0,0
2020-03-23,0.0,0.0,0.0,0.0,0.0,0.0,0.0,0.0,0,0
2020-03-24,540813.0766796232,9999.999999999996,396.825396825397,530416.2512827978,25000000.0,25000000.000000004,50000000.0,50000000.0,40,40
2020-03-25,-122615.20500730103,20000.00000000002,396.82539682539687,-143012.03040412645,25000000.0,25000000.000000004,50000000.0,85678068.51745147,36,36
2020-03-26,3065.5635665817463,20477.395335202174,396.8253968253969,-17808.657165445824,25000000.0,25000000.0,50000000.0,87998899.64665875,35,35
2020-03-27,310487.81869829446,21330.99781236631,396.8253968253969,288759.9954891028,25000000.000000004,25000000.0,50000000.0,94619461.91667436,35,35
2020-03-30,145522.13662867868,21305.524570680176,396.8253968253968,123819.7866611731,25000000.0,24999999.999999996,50000000.0,91370365.13682766,34,34
2020-03-31,27531.03643581105,21505.717138308453,396.8253968253968,5628.493900677199,25000000.0,25000000.0,50000000.0,93513703.46217577,34,34
2020-04-01,-31536.265314976707,20000.000000000015,396.8253968253969,-51933.09071180212,25000000.0,25000000.000000004,50000000.0,88631910.30100925,35,35
2020-04-02,378813.8093624912,20000.00000000001,396.82539682539687,358416.9839656658,25000000.0,25000000.0,50000000.0,80570096.37970479,34,34
2020-04-03,316006.45944712486,20000.0,396.8253968253968,295609.6340502995,25000000.000000004,25000000.0,50000000.0,70647870.07170482,34,34
2020-04-06,1165740.6529371738,20000.0,396.8253968253969,1145343.8275403485,25000000.0,25000000.000000007,50000000.00000001,79156975.91257763,34,34
2020-04-07,451776.773248322,20196.87311148306,396.8253968253968,431183.0747400136,25000000.0,25000000.0,50000000.0,72956977.34259966,34,34
2020-04-08,14160.58380949018,20715.508524195,396.82539682539664,-6951.7501115302175,25000000.0,25000000.0,50000000.0,82788993.06826375,34,34
2020-04-09,35922.72328636424,20000.000000000007,396.82539682539687,15525.897889538837,25000000.0,25000000.0,50000000.0,79555005.47370623,34,34
2020-04-13,-92585.6307020885,20000.000000000007,396.82539682539687,-112982.4560989139,25000000.0,25000000.000000004,50000000.0,73528810.74335256,36,36
2020-04-14,458964.0240410541,20210.62744444152,396.8253968253968,438356.57119978714,25000000.0,24999999.999999996,50000000.0,79951564.99264778,36,36
2020-04-15,119422.93381321528,20000.000000000004,396.82539682539675,99026.10841638988,25000000.0,25000000.0,50000000.0,79538511.20876338,38,38
2020-04-16,306122.7548629053,20247.1398128321,396.82539682539687,285478.7896532478,25000000.0,25000000.0,50000000.0,89590423.70561716,38,38
2020-04-17,97060.96279452149,20000.0,396.82539682539675,76664.13739769609,24999999.999999996,24999999.999999996,49999999.99999999,94994917.26540475,40,40
2020-04-20,-10473.700534221913,20229.132368948554,396.82539682539675,-31099.658299995863,25000000.0,25000000.0,50000000.0,87609299.63011725,40,40
2020-04-21,-182646.80875491886,20474.206178262724,396.8253968253968,-203517.84033000696,25000000.0,24999999.999999996,50000000.0,83431764.368369,39,39
2020-04-22,-89537.68339435721,20362.403232554017,396.8253968253969,-110296.91202373663,25000000.000000004,25000000.0,50000000.0,91374147.29607551,37,37
2020-04-23,86347.90159706667,20835.934440383215,396.82539682539664,65115.14175985805,25000000.0,24999999.999999993,49999999.99999999,86193179.13597749,39,39
2020-04-24,80121.5200178975,20000.00000000001,396.82539682539687,59724.69462107209,25000000.0,24999999.999999996,50000000.0,82126681.85521513,40,40
2020-04-27,-380347.7523897929,20000.0,396.8253968253967,-400744.57778661826,25000000.0,25000000.0,50000000.0,77400996.04804191,40,40
2020-04-28,-341273.02793052624,20575.559757527364,396.82539682539687,-362245.413084879,25000000.000000004,25000000.000000004,50000000.00000001,88589813.1321925,38,38
2020-04-29,445268.0243713665,20415.724324638326,396.82539682539675,424455.4746499028,25000000.0,25000000.0,50000000.0,84615680.87663074,34,34
2020-04-30,587380.8912236294,20000.0,396.8253968253968,566984.0658268039,25000000.0,25000000.000000004,50000000.0,65567750.100025885,34,34
2020-05-01,237258.25973590952,19999.999999999996,396.82539682539664,216861.43433908414,25000000.0,24999999.999999996,50000000.0,73605728.84266134,37,37
2020-05-04,-126348.16502036132,20000.0,396.82539682539687,-146744.9904171867,25000000.0,25000000.000000004,50000000.0,74260320.02775934,37,37
2020-05-05,-73073.08007993807,20000.000000000004,396.8253968253968,-93469.90547676347,25000000.0,24999999.999999996,50000000.0,76769688.87427376,37,37
2020-05-06,-206026.91282162408,19999.999999999993,396.82539682539687,-226423.73821844946,25000000.0,25000000.000000004,50000000.0,78330187.45184746,33,33
2020-05-07,0.0,10000.000000000004,0.0,-10000.000000000004,0.0,0.0,0.0,50000000.00000001,0,0
2020-05-08,205967.62373431772,10000.000000000005,396.8253968253968,195570.79833749234,25000000.0,25000000.000000004,50000000.0,50000000.0,35,35
2020-05-11,-88957.84263581419,19999.99999999999,396.8253968253968,-109354.66803263957,24999999.999999996,25000000.0,50000000.0,72385637.23546411,39,39
2020-05-12,80107.25746923448,20000.000000000007,396.82539682539675,59710.43207240907,25000000.0,25000000.0,50000000.0,76786247.92959675,42,42
2020-05-13,0.0,10000.000000000005,0.0,-10000.000000000005,0.0,0.0,0.0,50000000.0,0,0
2020-05-14,-228651.48659596933,10000.000000000002,396.82539682539675,-239048.3119927947,25000000.0,25000000.0,50000000.0,50000000.0,43,43
2020-05-15,0.0,10000.000000000002,0.0,-10000.000000000002,0.0,0.0,0.0,50000000.0,0,0
2020-05-18,-3943.7615843866397,9999.999999999998,396.825396825397,-14340.586981212035,25000000.000000004,25000000.0,50000000.0,50000000.0,43,43
2020-05-19,-50559.02499975263,20857.421628990927,396.8253968253969,-71813.27202556896,24999999.999999996,25000000.000000007,50000000.0,91020521.31417339,43,43
2020-05-20,34530.77260099517,20517.640381636545,396.82539682539675,13616.30682253323,25000000.0,24999999.999999996,50000000.0,87419461.54513015,43,43
2020-05-21,6170.661968833277,20175.803599388622,396.825396825397,-14401.967027380744,24999999.999999996,25000000.000000007,50000000.0,66087471.568224214,43,43
2020-05-22,-1044162.8487063181,20000.000000000007,396.82539682539687,-1064559.6741031434,25000000.0,25000000.0,50000000.0,68637336.51369175,43,43
2020-05-26,-987851.3518282906,20000.000000000022,396.825396825397,-1008248.1772251161,24999999.999999996,25000000.000000004,50000000.0,62179352.3314662,43,43
2020-05-27,0.0,10000.000000000004,0.0,-10000.000000000004,0.0,0.0,0.0,50000000.0,0,0
2020-05-28,0.0,0.0,0.0,0.0,0.0,0.0,0.0,0.0,0,0
2020-05-29,-88281.42508419161,9999.999999999996,396.82539682539675,-98678.250481017,25000000.0,24999999.999999996,50000000.0,50000000.0,43,43
2020-06-01,0.0,9999.999999999996,0.0,-9999.999999999996,0.0,0.0,0.0,50000000.0,0,0
2020-06-02,0.0,0.0,0.0,0.0,0.0,0.0,0.0,0.0,0,0
2020-06-03,0.0,0.0,0.0,0.0,0.0,0.0,0.0,0.0,0,0
2020-06-04,0.0,0.0,0.0,0.0,0.0,0.0,0.0,0.0,0,0
2020-06-05,0.0,0.0,0.0,0.0,0.0,0.0,0.0,0.0,0,0
2020-06-08,0.0,0.0,0.0,0.0,0.0,0.0,0.0,0.0,0,0
2020-06-09,0.0,0.0,0.0,0.0,0.0,0.0,0.0,0.0,0,0
2020-06-10,0.0,0.0,0.0,0.0,0.0,0.0,0.0,0.0,0,0
2020-06-11,0.0,0.0,0.0,0.0,0.0,0.0,0.0,0.0,0,0
2020-06-12,0.0,0.0,0.0,0.0,0.0,0.0,0.0,0.0,0,0
2020-06-15,0.0,0.0,0.0,0.0,0.0,0.0,0.0,0.0,0,0
2020-06-16,0.0,0.0,0.0,0.0,0.0,0.0,0.0,0.0,0,0
2020-06-17,0.0,0.0,0.0,0.0,0.0,0.0,0.0,0.0,0,0
2020-06-18,0.0,0.0,0.0,0.0,0.0,0.0,0.0,0.0,0,0
2020-06-19,0.0,0.0,0.0,0.0,0.0,0.0,0.0,0.0,0,0
2020-06-22,0.0,0.0,0.0,0.0,0.0,0.0,0.0,0.0,0,0
2020-06-23,0.0,0.0,0.0,0.0,0.0,0.0,0.0,0.0,0,0
2020-06-24,0.0,0.0,0.0,0.0,0.0,0.0,0.0,0.0,0,0
2020-06-25,0.0,0.0,0.0,0.0,0.0,0.0,0.0,0.0,0,0
2020-06-26,0.0,0.0,0.0,0.0,0.0,0.0,0.0,0.0,0,0
2020-06-29,0.0,0.0,0.0,0.0,0.0,0.0,0.0,0.0,0,0
2020-06-30,0.0,0.0,0.0,0.0,0.0,0.0,0.0,0.0,0,0
2020-07-01,0.0,0.0,0.0,0.0,0.0,0.0,0.0,0.0,0,0
2020-07-02,0.0,0.0,0.0,0.0,0.0,0.0,0.0,0.0,0,0
2020-07-06,0.0,0.0,0.0,0.0,0.0,0.0,0.0,0.0,0,0
2020-07-07,0.0,0.0,0.0,0.0,0.0,0.0,0.0,0.0,0,0
2020-07-08,0.0,0.0,0.0,0.0,0.0,0.0,0.0,0.0,0,0
2020-07-09,0.0,0.0,0.0,0.0,0.0,0.0,0.0,0.0,0,0
2020-07-10,0.0,0.0,0.0,0.0,0.0,0.0,0.0,0.0,0,0
2020-07-13,0.0,0.0,0.0,0.0,0.0,0.0,0.0,0.0,0,0
2020-07-14,0.0,0.0,0.0,0.0,0.0,0.0,0.0,0.0,0,0
2020-07-15,0.0,0.0,0.0,0.0,0.0,0.0,0.0,0.0,0,0
2020-07-16,0.0,0.0,0.0,0.0,0.0,0.0,0.0,0.0,0,0
2020-07-17,0.0,0.0,0.0,0.0,0.0,0.0,0.0,0.0,0,0
2020-07-20,0.0,0.0,0.0,0.0,0.0,0.0,0.0,0.0,0,0
2020-07-21,0.0,0.0,0.0,0.0,0.0,0.0,0.0,0.0,0,0
2020-07-22,0.0,0.0,0.0,0.0,0.0,0.0,0.0,0.0,0,0
2020-07-23,0.0,0.0,0.0,0.0,0.0,0.0,0.0,0.0,0,0
2020-07-24,0.0,0.0,0.0,0.0,0.0,0.0,0.0,0.0,0,0
2020-07-27,0.0,0.0,0.0,0.0,0.0,0.0,0.0,0.0,0,0
2020-07-28,0.0,0.0,0.0,0.0,0.0,0.0,0.0,0.0,0,0
2020-07-29,0.0,0.0,0.0,0.0,0.0,0.0,0.0,0.0,0,0
2020-07-30,0.0,0.0,0.0,0.0,0.0,0.0,0.0,0.0,0,0
2020-07-31,0.0,0.0,0.0,0.0,0.0,0.0,0.0,0.0,0,0
2020-08-03,0.0,0.0,0.0,0.0,0.0,0.0,0.0,0.0,0,0
2020-08-04,0.0,0.0,0.0,0.0,0.0,0.0,0.0,0.0,0,0
2020-08-05,0.0,0.0,0.0,0.0,0.0,0.0,0.0,0.0,0,0
2020-08-06,0.0,0.0,0.0,0.0,0.0,0.0,0.0,0.0,0,0
2020-08-07,0.0,0.0,0.0,0.0,0.0,0.0,0.0,0.0,0,0
2020-08-10,0.0,0.0,0.0,0.0,0.0,0.0,0.0,0.0,0,0
2020-08-11,0.0,0.0,0.0,0.0,0.0,0.0,0.0,0.0,0,0
2020-08-12,0.0,0.0,0.0,0.0,0.0,0.0,0.0,0.0,0,0
2020-08-13,0.0,0.0,0.0,0.0,0.0,0.0,0.0,0.0,0,0
2020-08-14,0.0,0.0,0.0,0.0,0.0,0.0,0.0,0.0,0,0
2020-08-17,0.0,0.0,0.0,0.0,0.0,0.0,0.0,0.0,0,0
2020-08-18,0.0,0.0,0.0,0.0,0.0,0.0,0.0,0.0,0,0
2020-08-19,0.0,0.0,0.0,0.0,0.0,0.0,0.0,0.0,0,0
2020-08-20,0.0,0.0,0.0,0.0,0.0,0.0,0.0,0.0,0,0
2020-08-21,0.0,0.0,0.0,0.0,0.0,0.0,0.0,0.0,0,0
2020-08-24,0.0,0.0,0.0,0.0,0.0,0.0,0.0,0.0,0,0
2020-08-25,0.0,0.0,0.0,0.0,0.0,0.0,0.0,0.0,0,0
2020-08-26,0.0,0.0,0.0,0.0,0.0,0.0,0.0,0.0,0,0
2020-08-27,0.0,0.0,0.0,0.0,0.0,0.0,0.0,0.0,0,0
2020-08-28,0.0,0.0,0.0,0.0,0.0,0.0,0.0,0.0,0,0
2020-08-31,0.0,0.0,0.0,0.0,0.0,0.0,0.0,0.0,0,0
2020-09-01,0.0,0.0,0.0,0.0,0.0,0.0,0.0,0.0,0,0
2020-09-02,0.0,0.0,0.0,0.0,0.0,0.0,0.0,0.0,0,0
2020-09-03,0.0,0.0,0.0,0.0,0.0,0.0,0.0,0.0,0,0
2020-09-04,0.0,0.0,0.0,0.0,0.0,0.0,0.0,0.0,0,0
2020-09-08,0.0,0.0,0.0,0.0,0.0,0.0,0.0,0.0,0,0
2020-09-09,0.0,0.0,0.0,0.0,0.0,0.0,0.0,0.0,0,0
2020-09-10,0.0,0.0,0.0,0.0,0.0,0.0,0.0,0.0,0,0
2020-09-11,0.0,0.0,0.0,0.0,0.0,0.0,0.0,0.0,0,0
2020-09-14,0.0,0.0,0.0,0.0,0.0,0.0,0.0,0.0,0,0
2020-09-15,0.0,0.0,0.0,0.0,0.0,0.0,0.0,0.0,0,0
2020-09-16,0.0,0.0,0.0,0.0,0.0,0.0,0.0,0.0,0,0
2020-09-17,0.0,0.0,0.0,0.0,0.0,0.0,0.0,0.0,0,0
2020-09-18,0.0,0.0,0.0,0.0,0.0,0.0,0.0,0.0,0,0
2020-09-21,0.0,0.0,0.0,0.0,0.0,0.0,0.0,0.0,0,0
2020-09-22,0.0,0.0,0.0,0.0,0.0,0.0,0.0,0.0,0,0
2020-09-23,0.0,0.0,0.0,0.0,0.0,0.0,0.0,0.0,0,0
2020-09-24,0.0,0.0,0.0,0.0,0.0,0.0,0.0,0.0,0,0
2020-09-25,0.0,0.0,0.0,0.0,0.0,0.0,0.0,0.0,0,0
2020-09-28,0.0,0.0,0.0,0.0,0.0,0.0,0.0,0.0,0,0
2020-09-29,0.0,0.0,0.0,0.0,0.0,0.0,0.0,0.0,0,0
2020-09-30,0.0,0.0,0.0,0.0,0.0,0.0,0.0,0.0,0,0
2020-10-01,0.0,0.0,0.0,0.0,0.0,0.0,0.0,0.0,0,0
2020-10-02,0.0,0.0,0.0,0.0,0.0,0.0,0.0,0.0,0,0
2020-10-05,0.0,0.0,0.0,0.0,0.0,0.0,0.0,0.0,0,0
2020-10-06,0.0,0.0,0.0,0.0,0.0,0.0,0.0,0.0,0,0
2020-10-07,0.0,0.0,0.0,0.0,0.0,0.0,0.0,0.0,0,0
2020-10-08,0.0,0.0,0.0,0.0,0.0,0.0,0.0,0.0,0,0
2020-10-09,0.0,0.0,0.0,0.0,0.0,0.0,0.0,0.0,0,0
2020-10-12,0.0,0.0,0.0,0.0,0.0,0.0,0.0,0.0,0,0
2020-10-13,0.0,0.0,0.0,0.0,0.0,0.0,0.0,0.0,0,0
2020-10-14,0.0,0.0,0.0,0.0,0.0,0.0,0.0,0.0,0,0
2020-10-15,0.0,0.0,0.0,0.0,0.0,0.0,0.0,0.0,0,0
2020-10-16,0.0,0.0,0.0,0.0,0.0,0.0,0.0,0.0,0,0
2020-10-19,0.0,0.0,0.0,0.0,0.0,0.0,0.0,0.0,0,0
2020-10-20,0.0,0.0,0.0,0.0,0.0,0.0,0.0,0.0,0,0
2020-10-21,0.0,0.0,0.0,0.0,0.0,0.0,0.0,0.0,0,0
2020-10-22,0.0,0.0,0.0,0.0,0.0,0.0,0.0,0.0,0,0
2020-10-23,0.0,0.0,0.0,0.0,0.0,0.0,0.0,0.0,0,0
2020-10-26,0.0,0.0,0.0,0.0,0.0,0.0,0.0,0.0,0,0
2020-10-27,0.0,0.0,0.0,0.0,0.0,0.0,0.0,0.0,0,0
2020-10-28,0.0,0.0,0.0,0.0,0.0,0.0,0.0,0.0,0,0
2020-10-29,0.0,0.0,0.0,0.0,0.0,0.0,0.0,0.0,0,0
2020-10-30,0.0,0.0,0.0,0.0,0.0,0.0,0.0,0.0,0,0
2020-11-02,0.0,0.0,0.0,0.0,0.0,0.0,0.0,0.0,0,0
2020-11-03,0.0,0.0,0.0,0.0,0.0,0.0,0.0,0.0,0,0
2020-11-04,0.0,0.0,0.0,0.0,0.0,0.0,0.0,0.0,0,0
2020-11-05,0.0,0.0,0.0,0.0,0.0,0.0,0.0,0.0,0,0
2020-11-06,0.0,0.0,0.0,0.0,0.0,0.0,0.0,0.0,0,0
2020-11-09,0.0,0.0,0.0,0.0,0.0,0.0,0.0,0.0,0,0
2020-11-10,0.0,0.0,0.0,0.0,0.0,0.0,0.0,0.0,0,0
2020-11-11,0.0,0.0,0.0,0.0,0.0,0.0,0.0,0.0,0,0
2020-11-12,0.0,0.0,0.0,0.0,0.0,0.0,0.0,0.0,0,0
2020-11-13,0.0,0.0,0.0,0.0,0.0,0.0,0.0,0.0,0,0
2020-11-16,0.0,0.0,0.0,0.0,0.0,0.0,0.0,0.0,0,0
2020-11-17,0.0,0.0,0.0,0.0,0.0,0.0,0.0,0.0,0,0
2020-11-18,0.0,0.0,0.0,0.0,0.0,0.0,0.0,0.0,0,0
2020-11-19,0.0,0.0,0.0,0.0,0.0,0.0,0.0,0.0,0,0
2020-11-20,0.0,0.0,0.0,0.0,0.0,0.0,0.0,0.0,0,0
2020-11-23,0.0,0.0,0.0,0.0,0.0,0.0,0.0,0.0,0,0
2020-11-24,0.0,0.0,0.0,0.0,0.0,0.0,0.0,0.0,0,0
2020-11-25,0.0,0.0,0.0,0.0,0.0,0.0,0.0,0.0,0,0
2020-11-27,0.0,0.0,0.0,0.0,0.0,0.0,0.0,0.0,0,0
2020-11-30,0.0,0.0,0.0,0.0,0.0,0.0,0.0,0.0,0,0
2020-12-01,0.0,0.0,0.0,0.0,0.0,0.0,0.0,0.0,0,0
2020-12-02,0.0,0.0,0.0,0.0,0.0,0.0,0.0,0.0,0,0
2020-12-03,0.0,0.0,0.0,0.0,0.0,0.0,0.0,0.0,0,0
2020-12-04,0.0,0.0,0.0,0.0,0.0,0.0,0.0,0.0,0,0
2020-12-07,0.0,0.0,0.0,0.0,0.0,0.0,0.0,0.0,0,0
2020-12-08,0.0,0.0,0.0,0.0,0.0,0.0,0.0,0.0,0,0
2020-12-09,0.0,0.0,0.0,0.0,0.0,0.0,0.0,0.0,0,0
2020-12-10,0.0,0.0,0.0,0.0,0.0,0.0,0.0,0.0,0,0
2020-12-11,0.0,0.0,0.0,0.0,0.0,0.0,0.0,0.0,0,0
2020-12-14,0.0,0.0,0.0,0.0,0.0,0.0,0.0,0.0,0,0
2020-12-15,0.0,0.0,0.0,0.0,0.0,0.0,0.0,0.0,0,0
2020-12-16,0.0,0.0,0.0,0.0,0.0,0.0,0.0,0.0,0,0
2020-12-17,0.0,0.0,0.0,0.0,0.0,0.0,0.0,0.0,0,0
2020-12-18,0.0,0.0,0.0,0.0,0.0,0.0,0.0,0.0,0,0
2020-12-21,0.0,0.0,0.0,0.0,0.0,0.0,0.0,0.0,0,0
2020-12-22,0.0,0.0,0.0,0.0,0.0,0.0,0.0,0.0,0,0
2020-12-23,0.0,0.0,0.0,0.0,0.0,0.0,0.0,0.0,0,0
2020-12-24,0.0,0.0,0.0,0.0,0.0,0.0,0.0,0.0,0,0
2020-12-28,0.0,0.0,0.0,0.0,0.0,0.0,0.0,0.0,0,0
2020-12-29,0.0,0.0,0.0,0.0,0.0,0.0,0.0,0.0,0,0
2020-12-30,0.0,0.0,0.0,0.0,0.0,0.0,0.0,0.0,0,0
2020-12-31,0.0,0.0,0.0,0.0,0.0,0.0,0.0,0.0,0,0
2021-01-04,0.0,0.0,0.0,0.0,0.0,0.0,0.0,0.0,0,0
2021-01-05,0.0,0.0,0.0,0.0,0.0,0.0,0.0,0.0,0,0
2021-01-06,0.0,0.0,0.0,0.0,0.0,0.0,0.0,0.0,0,0
2021-01-07,0.0,0.0,0.0,0.0,0.0,0.0,0.0,0.0,0,0
2021-01-08,0.0,0.0,0.0,0.0,0.0,0.0,0.0,0.0,0,0
2021-01-11,0.0,0.0,0.0,0.0,0.0,0.0,0.0,0.0,0,0
2021-01-12,0.0,0.0,0.0,0.0,0.0,0.0,0.0,0.0,0,0
2021-01-13,0.0,0.0,0.0,0.0,0.0,0.0,0.0,0.0,0,0
2021-01-14,0.0,0.0,0.0,0.0,0.0,0.0,0.0,0.0,0,0
2021-01-15,0.0,0.0,0.0,0.0,0.0,0.0,0.0,0.0,0,0
2021-01-19,0.0,0.0,0.0,0.0,0.0,0.0,0.0,0.0,0,0
2021-01-20,0.0,0.0,0.0,0.0,0.0,0.0,0.0,0.0,0,0
2021-01-21,0.0,0.0,0.0,0.0,0.0,0.0,0.0,0.0,0,0
2021-01-22,0.0,0.0,0.0,0.0,0.0,0.0,0.0,0.0,0,0
2021-01-25,0.0,0.0,0.0,0.0,0.0,0.0,0.0,0.0,0,0
2021-01-26,0.0,0.0,0.0,0.0,0.0,0.0,0.0,0.0,0,0
2021-01-27,0.0,0.0,0.0,0.0,0.0,0.0,0.0,0.0,0,0
2021-01-28,0.0,0.0,0.0,0.0,0.0,0.0,0.0,0.0,0,0
2021-01-29,0.0,0.0,0.0,0.0,0.0,0.0,0.0,0.0,0,0
2021-02-01,0.0,0.0,0.0,0.0,0.0,0.0,0.0,0.0,0,0
2021-02-02,0.0,0.0,0.0,0.0,0.0,0.0,0.0,0.0,0,0
2021-02-03,0.0,0.0,0.0,0.0,0.0,0.0,0.0,0.0,0,0
2021-02-04,0.0,0.0,0.0,0.0,0.0,0.0,0.0,0.0,0,0
2021-02-05,0.0,0.0,0.0,0.0,0.0,0.0,0.0,0.0,0,0
2021-02-08,0.0,0.0,0.0,0.0,0.0,0.0,0.0,0.0,0,0
2021-02-09,0.0,0.0,0.0,0.0,0.0,0.0,0.0,0.0,0,0
2021-02-10,0.0,0.0,0.0,0.0,0.0,0.0,0.0,0.0,0,0
2021-02-11,0.0,0.0,0.0,0.0,0.0,0.0,0.0,0.0,0,0
2021-02-12,0.0,0.0,0.0,0.0,0.0,0.0,0.0,0.0,0,0
2021-02-16,0.0,0.0,0.0,0.0,0.0,0.0,0.0,0.0,0,0
2021-02-17,0.0,0.0,0.0,0.0,0.0,0.0,0.0,0.0,0,0
2021-02-18,0.0,0.0,0.0,0.0,0.0,0.0,0.0,0.0,0,0
2021-02-19,0.0,0.0,0.0,0.0,0.0,0.0,0.0,0.0,0,0
2021-02-22,0.0,0.0,0.0,0.0,0.0,0.0,0.0,0.0,0,0
2021-02-23,0.0,0.0,0.0,0.0,0.0,0.0,0.0,0.0,0,0
2021-02-24,0.0,0.0,0.0,0.0,0.0,0.0,0.0,0.0,0,0
2021-02-25,0.0,0.0,0.0,0.0,0.0,0.0,0.0,0.0,0,0
2021-02-26,0.0,0.0,0.0,0.0,0.0,0.0,0.0,0.0,0,0
2021-03-01,0.0,0.0,0.0,0.0,0.0,0.0,0.0,0.0,0,0
2021-03-02,0.0,0.0,0.0,0.0,0.0,0.0,0.0,0.0,0,0
2021-03-03,0.0,0.0,0.0,0.0,0.0,0.0,0.0,0.0,0,0
2021-03-04,0.0,0.0,0.0,0.0,0.0,0.0,0.0,0.0,0,0
2021-03-05,0.0,0.0,0.0,0.0,0.0,0.0,0.0,0.0,0,0
2021-03-08,0.0,0.0,0.0,0.0,0.0,0.0,0.0,0.0,0,0
2021-03-09,0.0,0.0,0.0,0.0,0.0,0.0,0.0,0.0,0,0
2021-03-10,0.0,0.0,0.0,0.0,0.0,0.0,0.0,0.0,0,0
2021-03-11,0.0,0.0,0.0,0.0,0.0,0.0,0.0,0.0,0,0
2021-03-12,0.0,0.0,0.0,0.0,0.0,0.0,0.0,0.0,0,0
2021-03-15,0.0,0.0,0.0,0.0,0.0,0.0,0.0,0.0,0,0
2021-03-16,0.0,0.0,0.0,0.0,0.0,0.0,0.0,0.0,0,0
2021-03-17,0.0,0.0,0.0,0.0,0.0,0.0,0.0,0.0,0,0
2021-03-18,0.0,0.0,0.0,0.0,0.0,0.0,0.0,0.0,0,0
2021-03-19,0.0,0.0,0.0,0.0,0.0,0.0,0.0,0.0,0,0
2021-03-22,0.0,0.0,0.0,0.0,0.0,0.0,0.0,0.0,0,0
2021-03-23,0.0,0.0,0.0,0.0,0.0,0.0,0.0,0.0,0,0
2021-03-24,0.0,0.0,0.0,0.0,0.0,0.0,0.0,0.0,0,0
2021-03-25,0.0,0.0,0.0,0.0,0.0,0.0,0.0,0.0,0,0
2021-03-26,0.0,0.0,0.0,0.0,0.0,0.0,0.0,0.0,0,0
2021-03-29,0.0,0.0,0.0,0.0,0.0,0.0,0.0,0.0,0,0
2021-03-30,0.0,0.0,0.0,0.0,0.0,0.0,0.0,0.0,0,0
2021-03-31,0.0,0.0,0.0,0.0,0.0,0.0,0.0,0.0,0,0
2021-04-01,0.0,0.0,0.0,0.0,0.0,0.0,0.0,0.0,0,0
2021-04-05,0.0,0.0,0.0,0.0,0.0,0.0,0.0,0.0,0,0
2021-04-06,0.0,0.0,0.0,0.0,0.0,0.0,0.0,0.0,0,0
2021-04-07,0.0,0.0,0.0,0.0,0.0,0.0,0.0,0.0,0,0
2021-04-08,0.0,0.0,0.0,0.0,0.0,0.0,0.0,0.0,0,0
2021-04-09,0.0,0.0,0.0,0.0,0.0,0.0,0.0,0.0,0,0
2021-04-12,0.0,0.0,0.0,0.0,0.0,0.0,0.0,0.0,0,0
2021-04-13,0.0,0.0,0.0,0.0,0.0,0.0,0.0,0.0,0,0
2021-04-14,0.0,0.0,0.0,0.0,0.0,0.0,0.0,0.0,0,0
2021-04-15,0.0,0.0,0.0,0.0,0.0,0.0,0.0,0.0,0,0
2021-04-16,0.0,0.0,0.0,0.0,0.0,0.0,0.0,0.0,0,0
2021-04-19,0.0,0.0,0.0,0.0,0.0,0.0,0.0,0.0,0,0
2021-04-20,0.0,0.0,0.0,0.0,0.0,0.0,0.0,0.0,0,0
2021-04-21,0.0,0.0,0.0,0.0,0.0,0.0,0.0,0.0,0,0
2021-04-22,0.0,0.0,0.0,0.0,0.0,0.0,0.0,0.0,0,0
2021-04-23,0.0,0.0,0.0,0.0,0.0,0.0,0.0,0.0,0,0
2021-04-26,0.0,0.0,0.0,0.0,0.0,0.0,0.0,0.0,0,0
2021-04-27,0.0,0.0,0.0,0.0,0.0,0.0,0.0,0.0,0,0
2021-04-28,0.0,0.0,0.0,0.0,0.0,0.0,0.0,0.0,0,0
2021-04-29,0.0,0.0,0.0,0.0,0.0,0.0,0.0,0.0,0,0
2021-04-30,0.0,0.0,0.0,0.0,0.0,0.0,0.0,0.0,0,0
2021-05-03,0.0,0.0,0.0,0.0,0.0,0.0,0.0,0.0,0,0
2021-05-04,0.0,0.0,0.0,0.0,0.0,0.0,0.0,0.0,0,0
2021-05-05,0.0,0.0,0.0,0.0,0.0,0.0,0.0,0.0,0,0
2021-05-06,0.0,0.0,0.0,0.0,0.0,0.0,0.0,0.0,0,0
2021-05-07,0.0,0.0,0.0,0.0,0.0,0.0,0.0,0.0,0,0
2021-05-10,0.0,0.0,0.0,0.0,0.0,0.0,0.0,0.0,0,0
2021-05-11,-468850.8730502331,10000.000000000002,396.8253968253968,-479247.6984470585,24999999.999999996,24999999.999999996,49999999.99999999,49999999.99999999,44,44
2021-05-12,341874.2508415522,20000.000000000004,396.8253968253968,321477.42544472683,25000000.0,25000000.0,50000000.0,68457007.03576566,45,45
2021-05-13,0.0,9999.999999999998,0.0,-9999.999999999998,0.0,0.0,0.0,50000000.0,0,0
2021-05-14,0.0,0.0,0.0,0.0,0.0,0.0,0.0,0.0,0,0
2021-05-17,0.0,0.0,0.0,0.0,0.0,0.0,0.0,0.0,0,0
2021-05-18,0.0,0.0,0.0,0.0,0.0,0.0,0.0,0.0,0,0
2021-05-19,208508.0903757632,10000.000000000005,396.8253968253968,198111.2649789378,25000000.000000004,24999999.999999996,50000000.0,50000000.0,45,45
2021-05-20,0.0,10000.000000000005,0.0,-10000.000000000005,0.0,0.0,0.0,50000000.0,0,0
2021-05-21,0.0,0.0,0.0,0.0,0.0,0.0,0.0,0.0,0,0
2021-05-24,0.0,0.0,0.0,0.0,0.0,0.0,0.0,0.0,0,0
2021-05-25,0.0,0.0,0.0,0.0,0.0,0.0,0.0,0.0,0,0
2021-05-26,0.0,0.0,0.0,0.0,0.0,0.0,0.0,0.0,0,0
2021-05-27,0.0,0.0,0.0,0.0,0.0,0.0,0.0,0.0,0,0
2021-05-28,0.0,0.0,0.0,0.0,0.0,0.0,0.0,0.0,0,0
2021-06-01,0.0,0.0,0.0,0.0,0.0,0.0,0.0,0.0,0,0
2021-06-02,0.0,0.0,0.0,0.0,0.0,0.0,0.0,0.0,0,0
2021-06-03,0.0,0.0,0.0,0.0,0.0,0.0,0.0,0.0,0,0
2021-06-04,0.0,0.0,0.0,0.0,0.0,0.0,0.0,0.0,0,0
2021-06-07,0.0,0.0,0.0,0.0,0.0,0.0,0.0,0.0,0,0
2021-06-08,0.0,0.0,0.0,0.0,0.0,0.0,0.0,0.0,0,0
2021-06-09,0.0,0.0,0.0,0.0,0.0,0.0,0.0,0.0,0,0
2021-06-10,0.0,0.0,0.0,0.0,0.0,0.0,0.0,0.0,0,0
2021-06-11,0.0,0.0,0.0,0.0,0.0,0.0,0.0,0.0,0,0
2021-06-14,0.0,0.0,0.0,0.0,0.0,0.0,0.0,0.0,0,0
2021-06-15,0.0,0.0,0.0,0.0,0.0,0.0,0.0,0.0,0,0
2021-06-16,0.0,0.0,0.0,0.0,0.0,0.0,0.0,0.0,0,0
2021-06-17,0.0,0.0,0.0,0.0,0.0,0.0,0.0,0.0,0,0
2021-06-18,165947.07408188895,10000.0,396.82539682539687,155550.24868506356,25000000.000000004,25000000.000000004,50000000.00000001,50000000.00000001,45,45
2021-06-21,0.0,10000.0,0.0,-10000.0,0.0,0.0,0.0,50000000.00000001,0,0
2021-06-22,0.0,0.0,0.0,0.0,0.0,0.0,0.0,0.0,0,0
2021-06-23,0.0,0.0,0.0,0.0,0.0,0.0,0.0,0.0,0,0
2021-06-24,0.0,0.0,0.0,0.0,0.0,0.0,0.0,0.0,0,0
2021-06-25,0.0,0.0,0.0,0.0,0.0,0.0,0.0,0.0,0,0
2021-06-28,0.0,0.0,0.0,0.0,0.0,0.0,0.0,0.0,0,0
2021-06-29,0.0,0.0,0.0,0.0,0.0,0.0,0.0,0.0,0,0
2021-06-30,0.0,0.0,0.0,0.0,0.0,0.0,0.0,0.0,0,0
2021-07-01,0.0,0.0,0.0,0.0,0.0,0.0,0.0,0.0,0,0
2021-07-02,0.0,0.0,0.0,0.0,0.0,0.0,0.0,0.0,0,0
2021-07-06,0.0,0.0,0.0,0.0,0.0,0.0,0.0,0.0,0,0
2021-07-07,0.0,0.0,0.0,0.0,0.0,0.0,0.0,0.0,0,0
2021-07-08,189450.61107610655,10000.0,396.8253968253968,179053.78567928117,24999999.999999996,25000000.000000004,50000000.0,50000000.0,47,47
2021-07-09,0.0,10000.0,0.0,-10000.0,0.0,0.0,0.0,50000000.0,0,0
2021-07-12,-69975.44465715993,10000.0,396.8253968253969,-80372.27005398532,25000000.0,25000000.0,50000000.0,50000000.0,46,46
2021-07-13,199758.825017405,20000.000000000004,396.8253968253968,179361.99962057962,25000000.000000004,25000000.000000004,50000000.00000001,67649418.5649447,46,46
2021-07-14,0.0,10000.000000000002,0.0,-10000.000000000002,0.0,0.0,0.0,50000000.00000001,0,0
2021-07-15,190685.38028016355,10000.000000000004,396.82539682539675,180288.55488333816,25000000.0,25000000.000000004,50000000.0,50000000.0,46,46
2021-07-16,0.0,10000.000000000004,0.0,-10000.000000000004,0.0,0.0,0.0,50000000.0,0,0
2021-07-19,47651.5198232385,10000.000000000004,396.82539682539675,37254.6944264131,24999999.999999996,25000000.0,50000000.0,49999999.99999999,45,45
2021-07-20,0.0,10000.000000000004,0.0,-10000.000000000004,0.0,0.0,0.0,49999999.99999999,0,0
2021-07-21,0.0,0.0,0.0,0.0,0.0,0.0,0.0,0.0,0,0
2021-07-22,0.0,0.0,0.0,0.0,0.0,0.0,0.0,0.0,0,0
2021-07-23,0.0,0.0,0.0,0.0,0.0,0.0,0.0,0.0,0,0
2021-07-26,0.0,0.0,0.0,0.0,0.0,0.0,0.0,0.0,0,0
2021-07-27,291390.1158404831,10000.0,396.8253968253969,280993.2904436577,25000000.0,25000000.0,50000000.0,50000000.0,39,39
2021-07-28,0.0,10000.0,0.0,-10000.0,0.0,0.0,0.0,50000000.0,0,0
2021-07-29,0.0,0.0,0.0,0.0,0.0,0.0,0.0,0.0,0,0
2021-07-30,0.0,0.0,0.0,0.0,0.0,0.0,0.0,0.0,0,0
2021-08-02,0.0,0.0,0.0,0.0,0.0,0.0,0.0,0.0,0,0
2021-08-03,0.0,0.0,0.0,0.0,0.0,0.0,0.0,0.0,0,0
2021-08-04,0.0,0.0,0.0,0.0,0.0,0.0,0.0,0.0,0,0
2021-08-05,0.0,0.0,0.0,0.0,0.0,0.0,0.0,0.0,0,0
2021-08-06,0.0,0.0,0.0,0.0,0.0,0.0,0.0,0.0,0,0
2021-08-09,0.0,0.0,0.0,0.0,0.0,0.0,0.0,0.0,0,0
2021-08-10,0.0,0.0,0.0,0.0,0.0,0.0,0.0,0.0,0,0
2021-08-11,0.0,0.0,0.0,0.0,0.0,0.0,0.0,0.0,0,0
2021-08-12,0.0,0.0,0.0,0.0,0.0,0.0,0.0,0.0,0,0
2021-08-13,0.0,0.0,0.0,0.0,0.0,0.0,0.0,0.0,0,0
2021-08-16,0.0,0.0,0.0,0.0,0.0,0.0,0.0,0.0,0,0
2021-08-17,0.0,0.0,0.0,0.0,0.0,0.0,0.0,0.0,0,0
2021-08-18,0.0,0.0,0.0,0.0,0.0,0.0,0.0,0.0,0,0
2021-08-19,-72087.27569715434,10000.0,396.8253968253967,-82484.10109397974,25000000.000000004,25000000.0,50000000.0,50000000.0,43,43
2021-08-20,0.0,10000.0,0.0,-10000.0,0.0,0.0,0.0,50000000.0,0,0
2021-08-23,0.0,0.0,0.0,0.0,0.0,0.0,0.0,0.0,0,0
2021-08-24,0.0,0.0,0.0,0.0,0.0,0.0,0.0,0.0,0,0
2021-08-25,0.0,0.0,0.0,0.0,0.0,0.0,0.0,0.0,0,0
2021-08-26,0.0,0.0,0.0,0.0,0.0,0.0,0.0,0.0,0,0
2021-08-27,0.0,0.0,0.0,0.0,0.0,0.0,0.0,0.0,0,0
2021-08-30,0.0,0.0,0.0,0.0,0.0,0.0,0.0,0.0,0,0
2021-08-31,0.0,0.0,0.0,0.0,0.0,0.0,0.0,0.0,0,0
2021-09-01,0.0,0.0,0.0,0.0,0.0,0.0,0.0,0.0,0,0
2021-09-02,0.0,0.0,0.0,0.0,0.0,0.0,0.0,0.0,0,0
2021-09-03,0.0,0.0,0.0,0.0,0.0,0.0,0.0,0.0,0,0
2021-09-07,0.0,0.0,0.0,0.0,0.0,0.0,0.0,0.0,0,0
2021-09-08,0.0,0.0,0.0,0.0,0.0,0.0,0.0,0.0,0,0
2021-09-09,0.0,0.0,0.0,0.0,0.0,0.0,0.0,0.0,0,0
2021-09-10,0.0,0.0,0.0,0.0,0.0,0.0,0.0,0.0,0,0
2021-09-13,0.0,0.0,0.0,0.0,0.0,0.0,0.0,0.0,0,0
2021-09-14,0.0,0.0,0.0,0.0,0.0,0.0,0.0,0.0,0,0
2021-09-15,0.0,0.0,0.0,0.0,0.0,0.0,0.0,0.0,0,0
2021-09-16,0.0,0.0,0.0,0.0,0.0,0.0,0.0,0.0,0,0
2021-09-17,0.0,0.0,0.0,0.0,0.0,0.0,0.0,0.0,0,0
2021-09-20,246958.76379881715,10000.0,396.82539682539687,236561.93840199176,24999999.999999996,25000000.000000004,50000000.0,50000000.0,45,45
2021-09-21,0.0,10000.0,0.0,-10000.0,0.0,0.0,0.0,50000000.0,0,0
2021-09-22,0.0,0.0,0.0,0.0,0.0,0.0,0.0,0.0,0,0
2021-09-23,0.0,0.0,0.0,0.0,0.0,0.0,0.0,0.0,0,0
2021-09-24,0.0,0.0,0.0,0.0,0.0,0.0,0.0,0.0,0,0
2021-09-27,0.0,0.0,0.0,0.0,0.0,0.0,0.0,0.0,0,0
2021-09-28,0.0,0.0,0.0,0.0,0.0,0.0,0.0,0.0,0,0
2021-09-29,0.0,0.0,0.0,0.0,0.0,0.0,0.0,0.0,0,0
2021-09-30,0.0,0.0,0.0,0.0,0.0,0.0,0.0,0.0,0,0
2021-10-01,0.0,0.0,0.0,0.0,0.0,0.0,0.0,0.0,0,0
2021-10-04,0.0,0.0,0.0,0.0,0.0,0.0,0.0,0.0,0,0
2021-10-05,0.0,0.0,0.0,0.0,0.0,0.0,0.0,0.0,0,0
2021-10-06,0.0,0.0,0.0,0.0,0.0,0.0,0.0,0.0,0,0
2021-10-07,0.0,0.0,0.0,0.0,0.0,0.0,0.0,0.0,0,0
2021-10-08,0.0,0.0,0.0,0.0,0.0,0.0,0.0,0.0,0,0
2021-10-11,0.0,0.0,0.0,0.0,0.0,0.0,0.0,0.0,0,0
2021-10-12,0.0,0.0,0.0,0.0,0.0,0.0,0.0,0.0,0,0
2021-10-13,0.0,0.0,0.0,0.0,0.0,0.0,0.0,0.0,0,0
2021-10-14,0.0,0.0,0.0,0.0,0.0,0.0,0.0,0.0,0,0
2021-10-15,0.0,0.0,0.0,0.0,0.0,0.0,0.0,0.0,0,0
2021-10-18,0.0,0.0,0.0,0.0,0.0,0.0,0.0,0.0,0,0
2021-10-19,0.0,0.0,0.0,0.0,0.0,0.0,0.0,0.0,0,0
2021-10-20,0.0,0.0,0.0,0.0,0.0,0.0,0.0,0.0,0,0
2021-10-21,0.0,0.0,0.0,0.0,0.0,0.0,0.0,0.0,0,0
2021-10-22,0.0,0.0,0.0,0.0,0.0,0.0,0.0,0.0,0,0
2021-10-25,0.0,0.0,0.0,0.0,0.0,0.0,0.0,0.0,0,0
2021-10-26,0.0,0.0,0.0,0.0,0.0,0.0,0.0,0.0,0,0
2021-10-27,0.0,0.0,0.0,0.0,0.0,0.0,0.0,0.0,0,0
2021-10-28,0.0,0.0,0.0,0.0,0.0,0.0,0.0,0.0,0,0
2021-10-29,0.0,0.0,0.0,0.0,0.0,0.0,0.0,0.0,0,0
2021-11-01,0.0,0.0,0.0,0.0,0.0,0.0,0.0,0.0,0,0
2021-11-02,0.0,0.0,0.0,0.0,0.0,0.0,0.0,0.0,0,0
2021-11-03,0.0,0.0,0.0,0.0,0.0,0.0,0.0,0.0,0,0
2021-11-04,0.0,0.0,0.0,0.0,0.0,0.0,0.0,0.0,0,0
2021-11-05,0.0,0.0,0.0,0.0,0.0,0.0,0.0,0.0,0,0
2021-11-08,0.0,0.0,0.0,0.0,0.0,0.0,0.0,0.0,0,0
2021-11-09,0.0,0.0,0.0,0.0,0.0,0.0,0.0,0.0,0,0
2021-11-10,0.0,0.0,0.0,0.0,0.0,0.0,0.0,0.0,0,0
2021-11-11,0.0,0.0,0.0,0.0,0.0,0.0,0.0,0.0,0,0
2021-11-12,0.0,0.0,0.0,0.0,0.0,0.0,0.0,0.0,0,0
2021-11-15,0.0,0.0,0.0,0.0,0.0,0.0,0.0,0.0,0,0
2021-11-16,0.0,0.0,0.0,0.0,0.0,0.0,0.0,0.0,0,0
2021-11-17,0.0,0.0,0.0,0.0,0.0,0.0,0.0,0.0,0,0
2021-11-18,0.0,0.0,0.0,0.0,0.0,0.0,0.0,0.0,0,0
2021-11-19,0.0,0.0,0.0,0.0,0.0,0.0,0.0,0.0,0,0
2021-11-22,0.0,0.0,0.0,0.0,0.0,0.0,0.0,0.0,0,0
2021-11-23,0.0,0.0,0.0,0.0,0.0,0.0,0.0,0.0,0,0
2021-11-24,0.0,0.0,0.0,0.0,0.0,0.0,0.0,0.0,0,0
2021-11-26,392590.59478312416,10000.000000000004,396.8253968253969,382193.7693862988,25000000.000000004,25000000.0,50000000.0,50000000.0,46,46
2021-11-29,-245333.4845501523,20107.858282565878,396.82539682539675,-265838.16822954355,24999999.999999993,24999999.999999996,49999999.999999985,81798192.75941384,46,46
2021-11-30,527114.5130295214,20217.262974148372,396.8253968253968,506500.4246585477,25000000.000000004,24999999.999999996,50000000.0,83771393.2942818,46,46
2021-12-01,53393.05825609507,20597.46198185879,396.8253968253969,32398.770877410887,25000000.0,25000000.000000004,50000000.0,85835513.46705383,45,45
2021-12-02,-87960.8055736322,20775.170982604257,396.8253968253968,-109132.80195306185,24999999.999999993,25000000.0,49999999.99999999,79815118.98020384,45,45
2021-12-03,5460.134984572048,20128.278284786822,396.82539682539664,-15064.96869704017,25000000.0,24999999.999999996,50000000.0,76051973.06791331,45,45
2021-12-06,88328.92120208965,20515.237612241337,396.8253968253968,67416.85819302291,25000000.000000004,24999999.999999996,50000000.0,88042450.04881573,45,45
2021-12-07,-54934.32041122041,20235.464955648076,396.8253968253967,-75566.61076369388,25000000.0,25000000.000000004,50000000.0,61899039.54337205,45,45
2021-12-08,0.0,10000.000000000002,0.0,-10000.000000000002,0.0,0.0,0.0,50000000.0,0,0
2021-12-09,0.0,0.0,0.0,0.0,0.0,0.0,0.0,0.0,0,0
2021-12-10,0.0,0.0,0.0,0.0,0.0,0.0,0.0,0.0,0,0
2021-12-13,0.0,0.0,0.0,0.0,0.0,0.0,0.0,0.0,0,0
2021-12-14,-86377.75741910089,10000.000000000002,396.82539682539687,-96774.58281592629,25000000.0,25000000.0,50000000.0,50000000.0,46,46
2021-12-15,0.0,10000.000000000002,0.0,-10000.000000000002,0.0,0.0,0.0,50000000.0,0,0
2021-12-16,0.0,0.0,0.0,0.0,0.0,0.0,0.0,0.0,0,0
2021-12-17,-392897.5752310045,10000.0,396.825396825397,-403294.4006278299,25000000.0,25000000.000000004,50000000.0,50000000.00000001,46,46
2021-12-20,379382.5584734561,20057.84747274451,396.82539682539675,358927.8856038862,24999999.999999996,25000000.0,50000000.0,64672640.64766968,47,47
2021-12-21,0.0,10000.000000000005,0.0,-10000.000000000005,0.0,0.0,0.0,50000000.0,0,0
2021-12-22,0.0,0.0,0.0,0.0,0.0,0.0,0.0,0.0,0,0
2021-12-23,0.0,0.0,0.0,0.0,0.0,0.0,0.0,0.0,0,0
2021-12-27,0.0,0.0,0.0,0.0,0.0,0.0,0.0,0.0,0,0
2021-12-28,0.0,0.0,0.0,0.0,0.0,0.0,0.0,0.0,0,0
2021-12-29,0.0,0.0,0.0,0.0,0.0,0.0,0.0,0.0,0,0
2021-12-30,0.0,0.0,0.0,0.0,0.0,0.0,0.0,0.0,0,0
2021-12-31,0.0,0.0,0.0,0.0,0.0,0.0,0.0,0.0,0,0
2022-01-03,0.0,0.0,0.0,0.0,0.0,0.0,0.0,0.0,0,0
2022-01-04,0.0,0.0,0.0,0.0,0.0,0.0,0.0,0.0,0,0
2022-01-05,0.0,0.0,0.0,0.0,0.0,0.0,0.0,0.0,0,0
2022-01-06,0.0,0.0,0.0,0.0,0.0,0.0,0.0,0.0,0,0
2022-01-07,0.0,0.0,0.0,0.0,0.0,0.0,0.0,0.0,0,0
2022-01-10,-57042.27723216778,9999.999999999995,396.8253968253968,-67439.10262899318,25000000.0,25000000.0,50000000.0,50000000.0,47,47
2022-01-11,0.0,9999.999999999995,0.0,-9999.999999999995,0.0,0.0,0.0,50000000.0,0,0
2022-01-12,0.0,0.0,0.0,0.0,0.0,0.0,0.0,0.0,0,0
2022-01-13,0.0,0.0,0.0,0.0,0.0,0.0,0.0,0.0,0,0
2022-01-14,0.0,0.0,0.0,0.0,0.0,0.0,0.0,0.0,0,0
2022-01-18,0.0,0.0,0.0,0.0,0.0,0.0,0.0,0.0,0,0
2022-01-19,0.0,0.0,0.0,0.0,0.0,0.0,0.0,0.0,0,0
2022-01-20,0.0,0.0,0.0,0.0,0.0,0.0,0.0,0.0,0,0
2022-01-21,0.0,0.0,0.0,0.0,0.0,0.0,0.0,0.0,0,0
2022-01-24,0.0,0.0,0.0,0.0,0.0,0.0,0.0,0.0,0,0
2022-01-25,0.0,0.0,0.0,0.0,0.0,0.0,0.0,0.0,0,0
2022-01-26,0.0,0.0,0.0,0.0,0.0,0.0,0.0,0.0,0,0
2022-01-27,0.0,0.0,0.0,0.0,0.0,0.0,0.0,0.0,0,0
2022-01-28,0.0,0.0,0.0,0.0,0.0,0.0,0.0,0.0,0,0
2022-01-31,0.0,0.0,0.0,0.0,0.0,0.0,0.0,0.0,0,0
2022-02-01,0.0,0.0,0.0,0.0,0.0,0.0,0.0,0.0,0,0
2022-02-02,0.0,0.0,0.0,0.0,0.0,0.0,0.0,0.0,0,0
2022-02-03,0.0,0.0,0.0,0.0,0.0,0.0,0.0,0.0,0,0
2022-02-04,0.0,0.0,0.0,0.0,0.0,0.0,0.0,0.0,0,0
2022-02-07,0.0,0.0,0.0,0.0,0.0,0.0,0.0,0.0,0,0
2022-02-08,0.0,0.0,0.0,0.0,0.0,0.0,0.0,0.0,0,0
2022-02-09,0.0,0.0,0.0,0.0,0.0,0.0,0.0,0.0,0,0
2022-02-10,0.0,0.0,0.0,0.0,0.0,0.0,0.0,0.0,0,0
2022-02-11,0.0,0.0,0.0,0.0,0.0,0.0,0.0,0.0,0,0
2022-02-14,0.0,0.0,0.0,0.0,0.0,0.0,0.0,0.0,0,0
2022-02-15,0.0,0.0,0.0,0.0,0.0,0.0,0.0,0.0,0,0
2022-02-16,0.0,0.0,0.0,0.0,0.0,0.0,0.0,0.0,0,0
2022-02-17,0.0,0.0,0.0,0.0,0.0,0.0,0.0,0.0,0,0
2022-02-18,0.0,0.0,0.0,0.0,0.0,0.0,0.0,0.0,0,0
2022-02-22,0.0,0.0,0.0,0.0,0.0,0.0,0.0,0.0,0,0
2022-02-23,0.0,0.0,0.0,0.0,0.0,0.0,0.0,0.0,0,0
2022-02-24,0.0,0.0,0.0,0.0,0.0,0.0,0.0,0.0,0,0
2022-02-25,0.0,0.0,0.0,0.0,0.0,0.0,0.0,0.0,0,0
2022-02-28,0.0,0.0,0.0,0.0,0.0,0.0,0.0,0.0,0,0
2022-03-01,0.0,0.0,0.0,0.0,0.0,0.0,0.0,0.0,0,0
2022-03-02,0.0,0.0,0.0,0.0,0.0,0.0,0.0,0.0,0,0
2022-03-03,0.0,0.0,0.0,0.0,0.0,0.0,0.0,0.0,0,0
2022-03-04,0.0,0.0,0.0,0.0,0.0,0.0,0.0,0.0,0,0
2022-03-07,0.0,0.0,0.0,0.0,0.0,0.0,0.0,0.0,0,0
2022-03-08,0.0,0.0,0.0,0.0,0.0,0.0,0.0,0.0,0,0
2022-03-09,0.0,0.0,0.0,0.0,0.0,0.0,0.0,0.0,0,0
2022-03-10,0.0,0.0,0.0,0.0,0.0,0.0,0.0,0.0,0,0
2022-03-11,0.0,0.0,0.0,0.0,0.0,0.0,0.0,0.0,0,0
2022-03-14,0.0,0.0,0.0,0.0,0.0,0.0,0.0,0.0,0,0
2022-03-15,0.0,0.0,0.0,0.0,0.0,0.0,0.0,0.0,0,0
2022-03-16,0.0,0.0,0.0,0.0,0.0,0.0,0.0,0.0,0,0
2022-03-17,0.0,0.0,0.0,0.0,0.0,0.0,0.0,0.0,0,0
2022-03-18,0.0,0.0,0.0,0.0,0.0,0.0,0.0,0.0,0,0
2022-03-21,0.0,0.0,0.0,0.0,0.0,0.0,0.0,0.0,0,0
2022-03-22,0.0,0.0,0.0,0.0,0.0,0.0,0.0,0.0,0,0
2022-03-23,0.0,0.0,0.0,0.0,0.0,0.0,0.0,0.0,0,0
2022-03-24,0.0,0.0,0.0,0.0,0.0,0.0,0.0,0.0,0,0
2022-03-25,0.0,0.0,0.0,0.0,0.0,0.0,0.0,0.0,0,0
2022-03-28,0.0,0.0,0.0,0.0,0.0,0.0,0.0,0.0,0,0
2022-03-29,0.0,0.0,0.0,0.0,0.0,0.0,0.0,0.0,0,0
2022-03-30,0.0,0.0,0.0,0.0,0.0,0.0,0.0,0.0,0,0
2022-03-31,0.0,0.0,0.0,0.0,0.0,0.0,0.0,0.0,0,0
2022-04-01,0.0,0.0,0.0,0.0,0.0,0.0,0.0,0.0,0,0
2022-04-04,0.0,0.0,0.0,0.0,0.0,0.0,0.0,0.0,0,0
2022-04-05,0.0,0.0,0.0,0.0,0.0,0.0,0.0,0.0,0,0
2022-04-06,0.0,0.0,0.0,0.0,0.0,0.0,0.0,0.0,0,0
2022-04-07,0.0,0.0,0.0,0.0,0.0,0.0,0.0,0.0,0,0
2022-04-08,0.0,0.0,0.0,0.0,0.0,0.0,0.0,0.0,0,0
2022-04-11,0.0,0.0,0.0,0.0,0.0,0.0,0.0,0.0,0,0
2022-04-12,0.0,0.0,0.0,0.0,0.0,0.0,0.0,0.0,0,0
2022-04-13,0.0,0.0,0.0,0.0,0.0,0.0,0.0,0.0,0,0
2022-04-14,0.0,0.0,0.0,0.0,0.0,0.0,0.0,0.0,0,0
2022-04-18,0.0,0.0,0.0,0.0,0.0,0.0,0.0,0.0,0,0
2022-04-19,0.0,0.0,0.0,0.0,0.0,0.0,0.0,0.0,0,0
2022-04-20,0.0,0.0,0.0,0.0,0.0,0.0,0.0,0.0,0,0
2022-04-21,0.0,0.0,0.0,0.0,0.0,0.0,0.0,0.0,0,0
2022-04-22,0.0,0.0,0.0,0.0,0.0,0.0,0.0,0.0,0,0
2022-04-25,0.0,0.0,0.0,0.0,0.0,0.0,0.0,0.0,0,0
2022-04-26,0.0,0.0,0.0,0.0,0.0,0.0,0.0,0.0,0,0
2022-04-27,0.0,0.0,0.0,0.0,0.0,0.0,0.0,0.0,0,0
2022-04-28,0.0,0.0,0.0,0.0,0.0,0.0,0.0,0.0,0,0
2022-04-29,0.0,0.0,0.0,0.0,0.0,0.0,0.0,0.0,0,0
2022-05-02,0.0,0.0,0.0,0.0,0.0,0.0,0.0,0.0,0,0
2022-05-03,0.0,0.0,0.0,0.0,0.0,0.0,0.0,0.0,0,0
2022-05-04,0.0,0.0,0.0,0.0,0.0,0.0,0.0,0.0,0,0
2022-05-05,0.0,0.0,0.0,0.0,0.0,0.0,0.0,0.0,0,0
2022-05-06,0.0,0.0,0.0,0.0,0.0,0.0,0.0,0.0,0,0
2022-05-09,0.0,0.0,0.0,0.0,0.0,0.0,0.0,0.0,0,0
2022-05-10,0.0,0.0,0.0,0.0,0.0,0.0,0.0,0.0,0,0
2022-05-11,0.0,0.0,0.0,0.0,0.0,0.0,0.0,0.0,0,0
2022-05-12,0.0,0.0,0.0,0.0,0.0,0.0,0.0,0.0,0,0
2022-05-13,0.0,0.0,0.0,0.0,0.0,0.0,0.0,0.0,0,0
2022-05-16,0.0,0.0,0.0,0.0,0.0,0.0,0.0,0.0,0,0
2022-05-17,0.0,0.0,0.0,0.0,0.0,0.0,0.0,0.0,0,0
2022-05-18,0.0,0.0,0.0,0.0,0.0,0.0,0.0,0.0,0,0
2022-05-19,0.0,0.0,0.0,0.0,0.0,0.0,0.0,0.0,0,0
2022-05-20,0.0,0.0,0.0,0.0,0.0,0.0,0.0,0.0,0,0
2022-05-23,0.0,0.0,0.0,0.0,0.0,0.0,0.0,0.0,0,0
2022-05-24,0.0,0.0,0.0,0.0,0.0,0.0,0.0,0.0,0,0
2022-05-25,0.0,0.0,0.0,0.0,0.0,0.0,0.0,0.0,0,0
2022-05-26,0.0,0.0,0.0,0.0,0.0,0.0,0.0,0.0,0,0
2022-05-27,0.0,0.0,0.0,0.0,0.0,0.0,0.0,0.0,0,0
2022-05-31,0.0,0.0,0.0,0.0,0.0,0.0,0.0,0.0,0,0
2022-06-01,0.0,0.0,0.0,0.0,0.0,0.0,0.0,0.0,0,0
2022-06-02,0.0,0.0,0.0,0.0,0.0,0.0,0.0,0.0,0,0
2022-06-03,0.0,0.0,0.0,0.0,0.0,0.0,0.0,0.0,0,0
2022-06-06,0.0,0.0,0.0,0.0,0.0,0.0,0.0,0.0,0,0
2022-06-07,0.0,0.0,0.0,0.0,0.0,0.0,0.0,0.0,0,0
2022-06-08,0.0,0.0,0.0,0.0,0.0,0.0,0.0,0.0,0,0
2022-06-09,0.0,0.0,0.0,0.0,0.0,0.0,0.0,0.0,0,0
2022-06-10,0.0,0.0,0.0,0.0,0.0,0.0,0.0,0.0,0,0
2022-06-13,0.0,0.0,0.0,0.0,0.0,0.0,0.0,0.0,0,0
2022-06-14,0.0,0.0,0.0,0.0,0.0,0.0,0.0,0.0,0,0
2022-06-15,0.0,0.0,0.0,0.0,0.0,0.0,0.0,0.0,0,0
2022-06-16,0.0,0.0,0.0,0.0,0.0,0.0,0.0,0.0,0,0
2022-06-17,0.0,0.0,0.0,0.0,0.0,0.0,0.0,0.0,0,0
2022-06-21,0.0,0.0,0.0,0.0,0.0,0.0,0.0,0.0,0,0
2022-06-22,0.0,0.0,0.0,0.0,0.0,0.0,0.0,0.0,0,0
2022-06-23,0.0,0.0,0.0,0.0,0.0,0.0,0.0,0.0,0,0
2022-06-24,0.0,0.0,0.0,0.0,0.0,0.0,0.0,0.0,0,0
2022-06-27,0.0,0.0,0.0,0.0,0.0,0.0,0.0,0.0,0,0
2022-06-28,0.0,0.0,0.0,0.0,0.0,0.0,0.0,0.0,0,0
2022-06-29,0.0,0.0,0.0,0.0,0.0,0.0,0.0,0.0,0,0
2022-06-30,0.0,0.0,0.0,0.0,0.0,0.0,0.0,0.0,0,0
2022-07-01,0.0,0.0,0.0,0.0,0.0,0.0,0.0,0.0,0,0
2022-07-05,0.0,0.0,0.0,0.0,0.0,0.0,0.0,0.0,0,0
2022-07-06,0.0,0.0,0.0,0.0,0.0,0.0,0.0,0.0,0,0
2022-07-07,0.0,0.0,0.0,0.0,0.0,0.0,0.0,0.0,0,0
2022-07-08,0.0,0.0,0.0,0.0,0.0,0.0,0.0,0.0,0,0
2022-07-11,0.0,0.0,0.0,0.0,0.0,0.0,0.0,0.0,0,0
2022-07-12,0.0,0.0,0.0,0.0,0.0,0.0,0.0,0.0,0,0
2022-07-13,0.0,0.0,0.0,0.0,0.0,0.0,0.0,0.0,0,0
2022-07-14,0.0,0.0,0.0,0.0,0.0,0.0,0.0,0.0,0,0
2022-07-15,0.0,0.0,0.0,0.0,0.0,0.0,0.0,0.0,0,0
2022-07-18,0.0,0.0,0.0,0.0,0.0,0.0,0.0,0.0,0,0
2022-07-19,0.0,0.0,0.0,0.0,0.0,0.0,0.0,0.0,0,0
2022-07-20,0.0,0.0,0.0,0.0,0.0,0.0,0.0,0.0,0,0
2022-07-21,0.0,0.0,0.0,0.0,0.0,0.0,0.0,0.0,0,0
2022-07-22,0.0,0.0,0.0,0.0,0.0,0.0,0.0,0.0,0,0
2022-07-25,0.0,0.0,0.0,0.0,0.0,0.0,0.0,0.0,0,0
2022-07-26,0.0,0.0,0.0,0.0,0.0,0.0,0.0,0.0,0,0
2022-07-27,0.0,0.0,0.0,0.0,0.0,0.0,0.0,0.0,0,0
2022-07-28,0.0,0.0,0.0,0.0,0.0,0.0,0.0,0.0,0,0
2022-07-29,0.0,0.0,0.0,0.0,0.0,0.0,0.0,0.0,0,0
2022-08-01,0.0,0.0,0.0,0.0,0.0,0.0,0.0,0.0,0,0
2022-08-02,0.0,0.0,0.0,0.0,0.0,0.0,0.0,0.0,0,0
2022-08-03,0.0,0.0,0.0,0.0,0.0,0.0,0.0,0.0,0,0
2022-08-04,0.0,0.0,0.0,0.0,0.0,0.0,0.0,0.0,0,0
2022-08-05,0.0,0.0,0.0,0.0,0.0,0.0,0.0,0.0,0,0
2022-08-08,0.0,0.0,0.0,0.0,0.0,0.0,0.0,0.0,0,0
2022-08-09,0.0,0.0,0.0,0.0,0.0,0.0,0.0,0.0,0,0
2022-08-10,0.0,0.0,0.0,0.0,0.0,0.0,0.0,0.0,0,0
2022-08-11,0.0,0.0,0.0,0.0,0.0,0.0,0.0,0.0,0,0
2022-08-12,0.0,0.0,0.0,0.0,0.0,0.0,0.0,0.0,0,0
2022-08-15,0.0,0.0,0.0,0.0,0.0,0.0,0.0,0.0,0,0
2022-08-16,0.0,0.0,0.0,0.0,0.0,0.0,0.0,0.0,0,0
2022-08-17,0.0,0.0,0.0,0.0,0.0,0.0,0.0,0.0,0,0
2022-08-18,0.0,0.0,0.0,0.0,0.0,0.0,0.0,0.0,0,0
2022-08-19,0.0,0.0,0.0,0.0,0.0,0.0,0.0,0.0,0,0
2022-08-22,0.0,0.0,0.0,0.0,0.0,0.0,0.0,0.0,0,0
2022-08-23,0.0,0.0,0.0,0.0,0.0,0.0,0.0,0.0,0,0
2022-08-24,0.0,0.0,0.0,0.0,0.0,0.0,0.0,0.0,0,0
2022-08-25,0.0,0.0,0.0,0.0,0.0,0.0,0.0,0.0,0,0
2022-08-26,0.0,0.0,0.0,0.0,0.0,0.0,0.0,0.0,0,0
2022-08-29,0.0,0.0,0.0,0.0,0.0,0.0,0.0,0.0,0,0
2022-08-30,0.0,0.0,0.0,0.0,0.0,0.0,0.0,0.0,0,0
2022-08-31,0.0,0.0,0.0,0.0,0.0,0.0,0.0,0.0,0,0
2022-09-01,0.0,0.0,0.0,0.0,0.0,0.0,0.0,0.0,0,0
2022-09-02,0.0,0.0,0.0,0.0,0.0,0.0,0.0,0.0,0,0
2022-09-06,0.0,0.0,0.0,0.0,0.0,0.0,0.0,0.0,0,0
2022-09-07,0.0,0.0,0.0,0.0,0.0,0.0,0.0,0.0,0,0
2022-09-08,0.0,0.0,0.0,0.0,0.0,0.0,0.0,0.0,0,0
2022-09-09,0.0,0.0,0.0,0.0,0.0,0.0,0.0,0.0,0,0
2022-09-12,0.0,0.0,0.0,0.0,0.0,0.0,0.0,0.0,0,0
2022-09-13,0.0,0.0,0.0,0.0,0.0,0.0,0.0,0.0,0,0
2022-09-14,0.0,0.0,0.0,0.0,0.0,0.0,0.0,0.0,0,0
2022-09-15,0.0,0.0,0.0,0.0,0.0,0.0,0.0,0.0,0,0
2022-09-16,0.0,0.0,0.0,0.0,0.0,0.0,0.0,0.0,0,0
2022-09-19,0.0,0.0,0.0,0.0,0.0,0.0,0.0,0.0,0,0
2022-09-20,0.0,0.0,0.0,0.0,0.0,0.0,0.0,0.0,0,0
2022-09-21,0.0,0.0,0.0,0.0,0.0,0.0,0.0,0.0,0,0
2022-09-22,0.0,0.0,0.0,0.0,0.0,0.0,0.0,0.0,0,0
2022-09-23,0.0,0.0,0.0,0.0,0.0,0.0,0.0,0.0,0,0
2022-09-26,0.0,0.0,0.0,0.0,0.0,0.0,0.0,0.0,0,0
2022-09-27,0.0,0.0,0.0,0.0,0.0,0.0,0.0,0.0,0,0
2022-09-28,0.0,0.0,0.0,0.0,0.0,0.0,0.0,0.0,0,0
2022-09-29,0.0,0.0,0.0,0.0,0.0,0.0,0.0,0.0,0,0
2022-09-30,0.0,0.0,0.0,0.0,0.0,0.0,0.0,0.0,0,0
2022-10-03,0.0,0.0,0.0,0.0,0.0,0.0,0.0,0.0,0,0
2022-10-04,0.0,0.0,0.0,0.0,0.0,0.0,0.0,0.0,0,0
2022-10-05,0.0,0.0,0.0,0.0,0.0,0.0,0.0,0.0,0,0
2022-10-06,0.0,0.0,0.0,0.0,0.0,0.0,0.0,0.0,0,0
2022-10-07,0.0,0.0,0.0,0.0,0.0,0.0,0.0,0.0,0,0
2022-10-10,0.0,0.0,0.0,0.0,0.0,0.0,0.0,0.0,0,0
2022-10-11,0.0,0.0,0.0,0.0,0.0,0.0,0.0,0.0,0,0
2022-10-12,0.0,0.0,0.0,0.0,0.0,0.0,0.0,0.0,0,0
2022-10-13,0.0,0.0,0.0,0.0,0.0,0.0,0.0,0.0,0,0
2022-10-14,0.0,0.0,0.0,0.0,0.0,0.0,0.0,0.0,0,0
2022-10-17,0.0,0.0,0.0,0.0,0.0,0.0,0.0,0.0,0,0
2022-10-18,0.0,0.0,0.0,0.0,0.0,0.0,0.0,0.0,0,0
2022-10-19,0.0,0.0,0.0,0.0,0.0,0.0,0.0,0.0,0,0
2022-10-20,0.0,0.0,0.0,0.0,0.0,0.0,0.0,0.0,0,0
2022-10-21,0.0,0.0,0.0,0.0,0.0,0.0,0.0,0.0,0,0
2022-10-24,0.0,0.0,0.0,0.0,0.0,0.0,0.0,0.0,0,0
2022-10-25,0.0,0.0,0.0,0.0,0.0,0.0,0.0,0.0,0,0
2022-10-26,0.0,0.0,0.0,0.0,0.0,0.0,0.0,0.0,0,0
2022-10-27,0.0,0.0,0.0,0.0,0.0,0.0,0.0,0.0,0,0
2022-10-28,0.0,0.0,0.0,0.0,0.0,0.0,0.0,0.0,0,0
2022-10-31,0.0,0.0,0.0,0.0,0.0,0.0,0.0,0.0,0,0
2022-11-01,0.0,0.0,0.0,0.0,0.0,0.0,0.0,0.0,0,0
2022-11-02,0.0,0.0,0.0,0.0,0.0,0.0,0.0,0.0,0,0
2022-11-03,0.0,0.0,0.0,0.0,0.0,0.0,0.0,0.0,0,0
2022-11-04,0.0,0.0,0.0,0.0,0.0,0.0,0.0,0.0,0,0
2022-11-07,0.0,0.0,0.0,0.0,0.0,0.0,0.0,0.0,0,0
2022-11-08,0.0,0.0,0.0,0.0,0.0,0.0,0.0,0.0,0,0
2022-11-09,0.0,0.0,0.0,0.0,0.0,0.0,0.0,0.0,0,0
2022-11-10,54650.62767756034,9999.999999999998,396.8253968253967,44253.80228073494,24999999.999999996,25000000.000000004,50000000.0,50000000.0,44,44
2022-11-11,88305.53524642476,22057.476633729126,396.82539682539664,65851.23321587023,24999999.999999996,24999999.999999996,49999999.99999999,95849137.9506784,45,45
2022-11-14,0.0,9999.999999999995,0.0,-9999.999999999995,0.0,0.0,0.0,49999999.99999999,0,0
2022-11-15,0.0,0.0,0.0,0.0,0.0,0.0,0.0,0.0,0,0
2022-11-16,384291.28866235807,9999.999999999998,396.8253968253968,373894.4632655327,25000000.0,25000000.0,50000000.0,50000000.0,45,45
2022-11-17,0.0,9999.999999999998,0.0,-9999.999999999998,0.0,0.0,0.0,50000000.0,0,0
2022-11-18,109095.56563861534,10000.0,396.82539682539687,98698.74024178994,25000000.0,25000000.0,50000000.0,50000000.0,45,45
2022-11-21,0.0,10000.0,0.0,-10000.0,0.0,0.0,0.0,50000000.0,0,0
2022-11-22,0.0,0.0,0.0,0.0,0.0,0.0,0.0,0.0,0,0
2022-11-23,0.0,0.0,0.0,0.0,0.0,0.0,0.0,0.0,0,0
2022-11-25,0.0,0.0,0.0,0.0,0.0,0.0,0.0,0.0,0,0
2022-11-28,0.0,0.0,0.0,0.0,0.0,0.0,0.0,0.0,0,0
2022-11-29,0.0,0.0,0.0,0.0,0.0,0.0,0.0,0.0,0,0
2022-11-30,0.0,0.0,0.0,0.0,0.0,0.0,0.0,0.0,0,0
2022-12-01,0.0,0.0,0.0,0.0,0.0,0.0,0.0,0.0,0,0
2022-12-02,0.0,0.0,0.0,0.0,0.0,0.0,0.0,0.0,0,0
2022-12-05,0.0,0.0,0.0,0.0,0.0,0.0,0.0,0.0,0,0
2022-12-06,0.0,0.0,0.0,0.0,0.0,0.0,0.0,0.0,0,0
2022-12-07,0.0,0.0,0.0,0.0,0.0,0.0,0.0,0.0,0,0
2022-12-08,0.0,0.0,0.0,0.0,0.0,0.0,0.0,0.0,0,0
2022-12-09,0.0,0.0,0.0,0.0,0.0,0.0,0.0,0.0,0,0
2022-12-12,0.0,0.0,0.0,0.0,0.0,0.0,0.0,0.0,0,0
2022-12-13,0.0,0.0,0.0,0.0,0.0,0.0,0.0,0.0,0,0
2022-12-14,0.0,0.0,0.0,0.0,0.0,0.0,0.0,0.0,0,0
2022-12-15,0.0,0.0,0.0,0.0,0.0,0.0,0.0,0.0,0,0
2022-12-16,0.0,0.0,0.0,0.0,0.0,0.0,0.0,0.0,0,0
2022-12-19,0.0,0.0,0.0,0.0,0.0,0.0,0.0,0.0,0,0
2022-12-20,0.0,0.0,0.0,0.0,0.0,0.0,0.0,0.0,0,0
2022-12-21,0.0,0.0,0.0,0.0,0.0,0.0,0.0,0.0,0,0
2022-12-22,0.0,0.0,0.0,0.0,0.0,0.0,0.0,0.0,0,0
2022-12-23,0.0,0.0,0.0,0.0,0.0,0.0,0.0,0.0,0,0
2022-12-27,0.0,0.0,0.0,0.0,0.0,0.0,0.0,0.0,0,0
2022-12-28,0.0,0.0,0.0,0.0,0.0,0.0,0.0,0.0,0,0
2022-12-29,0.0,0.0,0.0,0.0,0.0,0.0,0.0,0.0,0,0
2022-12-30,0.0,0.0,0.0,0.0,0.0,0.0,0.0,0.0,0,0
2023-01-03,0.0,0.0,0.0,0.0,0.0,0.0,0.0,0.0,0,0
2023-01-04,0.0,0.0,0.0,0.0,0.0,0.0,0.0,0.0,0,0
2023-01-05,0.0,0.0,0.0,0.0,0.0,0.0,0.0,0.0,0,0
2023-01-06,0.0,0.0,0.0,0.0,0.0,0.0,0.0,0.0,0,0
2023-01-09,0.0,0.0,0.0,0.0,0.0,0.0,0.0,0.0,0,0
2023-01-10,0.0,0.0,0.0,0.0,0.0,0.0,0.0,0.0,0,0
2023-01-11,0.0,0.0,0.0,0.0,0.0,0.0,0.0,0.0,0,0
2023-01-12,0.0,0.0,0.0,0.0,0.0,0.0,0.0,0.0,0,0
2023-01-13,0.0,0.0,0.0,0.0,0.0,0.0,0.0,0.0,0,0
2023-01-17,0.0,0.0,0.0,0.0,0.0,0.0,0.0,0.0,0,0
2023-01-18,0.0,0.0,0.0,0.0,0.0,0.0,0.0,0.0,0,0
2023-01-19,0.0,0.0,0.0,0.0,0.0,0.0,0.0,0.0,0,0
2023-01-20,0.0,0.0,0.0,0.0,0.0,0.0,0.0,0.0,0,0
2023-01-23,0.0,0.0,0.0,0.0,0.0,0.0,0.0,0.0,0,0
2023-01-24,0.0,0.0,0.0,0.0,0.0,0.0,0.0,0.0,0,0
2023-01-25,0.0,0.0,0.0,0.0,0.0,0.0,0.0,0.0,0,0
2023-01-26,0.0,0.0,0.0,0.0,0.0,0.0,0.0,0.0,0,0
2023-01-27,0.0,0.0,0.0,0.0,0.0,0.0,0.0,0.0,0,0
2023-01-30,0.0,0.0,0.0,0.0,0.0,0.0,0.0,0.0,0,0
2023-01-31,0.0,0.0,0.0,0.0,0.0,0.0,0.0,0.0,0,0
2023-02-01,0.0,0.0,0.0,0.0,0.0,0.0,0.0,0.0,0,0
2023-02-02,0.0,0.0,0.0,0.0,0.0,0.0,0.0,0.0,0,0
2023-02-03,0.0,0.0,0.0,0.0,0.0,0.0,0.0,0.0,0,0
2023-02-06,0.0,0.0,0.0,0.0,0.0,0.0,0.0,0.0,0,0
2023-02-07,0.0,0.0,0.0,0.0,0.0,0.0,0.0,0.0,0,0
2023-02-08,0.0,0.0,0.0,0.0,0.0,0.0,0.0,0.0,0,0
2023-02-09,0.0,0.0,0.0,0.0,0.0,0.0,0.0,0.0,0,0
2023-02-10,0.0,0.0,0.0,0.0,0.0,0.0,0.0,0.0,0,0
2023-02-13,0.0,0.0,0.0,0.0,0.0,0.0,0.0,0.0,0,0
2023-02-14,0.0,0.0,0.0,0.0,0.0,0.0,0.0,0.0,0,0
2023-02-15,0.0,0.0,0.0,0.0,0.0,0.0,0.0,0.0,0,0
2023-02-16,0.0,0.0,0.0,0.0,0.0,0.0,0.0,0.0,0,0
2023-02-17,-274964.66700150317,9999.999999999995,396.8253968253968,-285361.49239832856,25000000.0,24999999.999999996,50000000.0,50000000.0,42,42
2023-02-21,0.0,9999.999999999995,0.0,-9999.999999999995,0.0,0.0,0.0,50000000.0,0,0
2023-02-22,-594.2475666311739,10000.000000000002,396.8253968253968,-10991.072963456574,25000000.0,25000000.0,50000000.0,50000000.0,42,42
2023-02-23,0.0,10000.000000000002,0.0,-10000.000000000002,0.0,0.0,0.0,50000000.0,0,0
2023-02-24,157767.59580801998,10000.000000000004,396.82539682539687,147370.7704111946,25000000.0,24999999.999999996,50000000.0,50000000.0,42,42
2023-02-27,-40039.97373838402,19999.999999999993,396.825396825397,-60436.79913520941,24999999.999999993,25000000.0,49999999.99999999,85400146.76997462,44,44
2023-02-28,0.0,10000.0,0.0,-10000.0,0.0,0.0,0.0,49999999.99999999,0,0
2023-03-01,0.0,0.0,0.0,0.0,0.0,0.0,0.0,0.0,0,0
2023-03-02,0.0,0.0,0.0,0.0,0.0,0.0,0.0,0.0,0,0
2023-03-03,0.0,0.0,0.0,0.0,0.0,0.0,0.0,0.0,0,0
2023-03-06,0.0,0.0,0.0,0.0,0.0,0.0,0.0,0.0,0,0
2023-03-07,0.0,0.0,0.0,0.0,0.0,0.0,0.0,0.0,0,0
2023-03-08,0.0,0.0,0.0,0.0,0.0,0.0,0.0,0.0,0,0
2023-03-09,0.0,0.0,0.0,0.0,0.0,0.0,0.0,0.0,0,0
2023-03-10,0.0,0.0,0.0,0.0,0.0,0.0,0.0,0.0,0,0
2023-03-13,0.0,0.0,0.0,0.0,0.0,0.0,0.0,0.0,0,0
2023-03-14,-228070.76437973627,10000.0,396.82539682539675,-238467.58977656165,25000000.000000004,25000000.0,50000000.0,50000000.0,47,47
2023-03-15,-282499.51365320623,21703.010370136526,396.8253968253965,-304599.34942016815,25000000.000000004,24999999.999999996,50000000.0,90152514.86597067,47,47
2023-03-16,-377422.1686631041,19999.999999999993,396.82539682539664,-397818.9940599295,25000000.0,24999999.999999993,49999999.99999999,68909953.09114711,47,47
2023-03-17,485964.3532407218,20139.75549395495,396.8253968253968,465427.7723499415,24999999.999999996,25000000.000000004,50000000.0,65674767.94688277,47,47
2023-03-20,648367.6510790791,20365.576747070027,396.82539682539687,627605.2489351836,25000000.0,25000000.0,50000000.0,76565694.65098263,48,48
2023-03-21,46143.339200247276,22926.45066527717,396.8253968253969,22820.06313814471,25000000.0,25000000.000000004,50000000.0,99354081.2111096,48,48
2023-03-22,0.0,10000.000000000002,0.0,-10000.000000000002,0.0,0.0,0.0,50000000.0,0,0
2023-03-23,0.0,0.0,0.0,0.0,0.0,0.0,0.0,0.0,0,0
2023-03-24,0.0,0.0,0.0,0.0,0.0,0.0,0.0,0.0,0,0
2023-03-27,0.0,0.0,0.0,0.0,0.0,0.0,0.0,0.0,0,0
2023-03-28,0.0,0.0,0.0,0.0,0.0,0.0,0.0,0.0,0,0
2023-03-29,0.0,0.0,0.0,0.0,0.0,0.0,0.0,0.0,0,0
2023-03-30,0.0,0.0,0.0,0.0,0.0,0.0,0.0,0.0,0,0
2023-03-31,0.0,0.0,0.0,0.0,0.0,0.0,0.0,0.0,0,0
2023-04-03,0.0,0.0,0.0,0.0,0.0,0.0,0.0,0.0,0,0
2023-04-04,0.0,0.0,0.0,0.0,0.0,0.0,0.0,0.0,0,0
2023-04-05,0.0,0.0,0.0,0.0,0.0,0.0,0.0,0.0,0,0
2023-04-06,0.0,0.0,0.0,0.0,0.0,0.0,0.0,0.0,0,0
2023-04-10,0.0,0.0,0.0,0.0,0.0,0.0,0.0,0.0,0,0
2023-04-11,0.0,0.0,0.0,0.0,0.0,0.0,0.0,0.0,0,0
2023-04-12,0.0,0.0,0.0,0.0,0.0,0.0,0.0,0.0,0,0
2023-04-13,0.0,0.0,0.0,0.0,0.0,0.0,0.0,0.0,0,0
2023-04-14,0.0,0.0,0.0,0.0,0.0,0.0,0.0,0.0,0,0
2023-04-17,0.0,0.0,0.0,0.0,0.0,0.0,0.0,0.0,0,0
2023-04-18,0.0,0.0,0.0,0.0,0.0,0.0,0.0,0.0,0,0
2023-04-19,0.0,0.0,0.0,0.0,0.0,0.0,0.0,0.0,0,0
2023-04-20,0.0,0.0,0.0,0.0,0.0,0.0,0.0,0.0,0,0
2023-04-21,0.0,0.0,0.0,0.0,0.0,0.0,0.0,0.0,0,0
2023-04-24,0.0,0.0,0.0,0.0,0.0,0.0,0.0,0.0,0,0
2023-04-25,0.0,0.0,0.0,0.0,0.0,0.0,0.0,0.0,0,0
2023-04-26,0.0,0.0,0.0,0.0,0.0,0.0,0.0,0.0,0,0
2023-04-27,0.0,0.0,0.0,0.0,0.0,0.0,0.0,0.0,0,0
2023-04-28,0.0,0.0,0.0,0.0,0.0,0.0,0.0,0.0,0,0
2023-05-01,0.0,0.0,0.0,0.0,0.0,0.0,0.0,0.0,0,0
2023-05-02,0.0,0.0,0.0,0.0,0.0,0.0,0.0,0.0,0,0
2023-05-03,0.0,0.0,0.0,0.0,0.0,0.0,0.0,0.0,0,0
2023-05-04,0.0,0.0,0.0,0.0,0.0,0.0,0.0,0.0,0,0
2023-05-05,0.0,0.0,0.0,0.0,0.0,0.0,0.0,0.0,0,0
2023-05-08,0.0,0.0,0.0,0.0,0.0,0.0,0.0,0.0,0,0
2023-05-09,0.0,0.0,0.0,0.0,0.0,0.0,0.0,0.0,0,0
2023-05-10,0.0,0.0,0.0,0.0,0.0,0.0,0.0,0.0,0,0
2023-05-11,0.0,0.0,0.0,0.0,0.0,0.0,0.0,0.0,0,0
2023-05-12,0.0,0.0,0.0,0.0,0.0,0.0,0.0,0.0,0,0
2023-05-15,0.0,0.0,0.0,0.0,0.0,0.0,0.0,0.0,0,0
2023-05-16,0.0,0.0,0.0,0.0,0.0,0.0,0.0,0.0,0,0
2023-05-17,0.0,0.0,0.0,0.0,0.0,0.0,0.0,0.0,0,0
2023-05-18,0.0,0.0,0.0,0.0,0.0,0.0,0.0,0.0,0,0
2023-05-19,0.0,0.0,0.0,0.0,0.0,0.0,0.0,0.0,0,0
2023-05-22,0.0,0.0,0.0,0.0,0.0,0.0,0.0,0.0,0,0
2023-05-23,0.0,0.0,0.0,0.0,0.0,0.0,0.0,0.0,0,0
2023-05-24,0.0,0.0,0.0,0.0,0.0,0.0,0.0,0.0,0,0
2023-05-25,0.0,0.0,0.0,0.0,0.0,0.0,0.0,0.0,0,0
2023-05-26,0.0,0.0,0.0,0.0,0.0,0.0,0.0,0.0,0,0
2023-05-30,0.0,0.0,0.0,0.0,0.0,0.0,0.0,0.0,0,0
2023-05-31,0.0,0.0,0.0,0.0,0.0,0.0,0.0,0.0,0,0
2023-06-01,0.0,0.0,0.0,0.0,0.0,0.0,0.0,0.0,0,0
2023-06-02,0.0,0.0,0.0,0.0,0.0,0.0,0.0,0.0,0,0
2023-06-05,0.0,0.0,0.0,0.0,0.0,0.0,0.0,0.0,0,0
2023-06-06,0.0,0.0,0.0,0.0,0.0,0.0,0.0,0.0,0,0
2023-06-07,0.0,0.0,0.0,0.0,0.0,0.0,0.0,0.0,0,0
2023-06-08,0.0,0.0,0.0,0.0,0.0,0.0,0.0,0.0,0,0
2023-06-09,0.0,0.0,0.0,0.0,0.0,0.0,0.0,0.0,0,0
2023-06-12,0.0,0.0,0.0,0.0,0.0,0.0,0.0,0.0,0,0
2023-06-13,0.0,0.0,0.0,0.0,0.0,0.0,0.0,0.0,0,0
2023-06-14,0.0,0.0,0.0,0.0,0.0,0.0,0.0,0.0,0,0
2023-06-15,0.0,0.0,0.0,0.0,0.0,0.0,0.0,0.0,0,0
2023-06-16,0.0,0.0,0.0,0.0,0.0,0.0,0.0,0.0,0,0
2023-06-20,0.0,0.0,0.0,0.0,0.0,0.0,0.0,0.0,0,0
2023-06-21,0.0,0.0,0.0,0.0,0.0,0.0,0.0,0.0,0,0
2023-06-22,0.0,0.0,0.0,0.0,0.0,0.0,0.0,0.0,0,0
2023-06-23,0.0,0.0,0.0,0.0,0.0,0.0,0.0,0.0,0,0
2023-06-26,0.0,0.0,0.0,0.0,0.0,0.0,0.0,0.0,0,0
2023-06-27,0.0,0.0,0.0,0.0,0.0,0.0,0.0,0.0,0,0
2023-06-28,0.0,0.0,0.0,0.0,0.0,0.0,0.0,0.0,0,0
2023-06-29,0.0,0.0,0.0,0.0,0.0,0.0,0.0,0.0,0,0
2023-06-30,0.0,0.0,0.0,0.0,0.0,0.0,0.0,0.0,0,0
2023-07-03,0.0,0.0,0.0,0.0,0.0,0.0,0.0,0.0,0,0
2023-07-05,0.0,0.0,0.0,0.0,0.0,0.0,0.0,0.0,0,0
2023-07-06,0.0,0.0,0.0,0.0,0.0,0.0,0.0,0.0,0,0
2023-07-07,0.0,0.0,0.0,0.0,0.0,0.0,0.0,0.0,0,0
2023-07-10,0.0,0.0,0.0,0.0,0.0,0.0,0.0,0.0,0,0
2023-07-11,0.0,0.0,0.0,0.0,0.0,0.0,0.0,0.0,0,0
2023-07-12,0.0,0.0,0.0,0.0,0.0,0.0,0.0,0.0,0,0
2023-07-13,0.0,0.0,0.0,0.0,0.0,0.0,0.0,0.0,0,0
2023-07-14,0.0,0.0,0.0,0.0,0.0,0.0,0.0,0.0,0,0
2023-07-17,0.0,0.0,0.0,0.0,0.0,0.0,0.0,0.0,0,0
2023-07-18,0.0,0.0,0.0,0.0,0.0,0.0,0.0,0.0,0,0
2023-07-19,0.0,0.0,0.0,0.0,0.0,0.0,0.0,0.0,0,0
2023-07-20,0.0,0.0,0.0,0.0,0.0,0.0,0.0,0.0,0,0
2023-07-21,0.0,0.0,0.0,0.0,0.0,0.0,0.0,0.0,0,0
2023-07-24,0.0,0.0,0.0,0.0,0.0,0.0,0.0,0.0,0,0
2023-07-25,0.0,0.0,0.0,0.0,0.0,0.0,0.0,0.0,0,0
2023-07-26,0.0,0.0,0.0,0.0,0.0,0.0,0.0,0.0,0,0
2023-07-27,0.0,0.0,0.0,0.0,0.0,0.0,0.0,0.0,0,0
2023-07-28,0.0,0.0,0.0,0.0,0.0,0.0,0.0,0.0,0,0
2023-07-31,0.0,0.0,0.0,0.0,0.0,0.0,0.0,0.0,0,0
2023-08-01,0.0,0.0,0.0,0.0,0.0,0.0,0.0,0.0,0,0
2023-08-02,0.0,0.0,0.0,0.0,0.0,0.0,0.0,0.0,0,0
2023-08-03,0.0,0.0,0.0,0.0,0.0,0.0,0.0,0.0,0,0
2023-08-04,0.0,0.0,0.0,0.0,0.0,0.0,0.0,0.0,0,0
2023-08-07,0.0,0.0,0.0,0.0,0.0,0.0,0.0,0.0,0,0
2023-08-08,0.0,0.0,0.0,0.0,0.0,0.0,0.0,0.0,0,0
2023-08-09,0.0,0.0,0.0,0.0,0.0,0.0,0.0,0.0,0,0
2023-08-10,0.0,0.0,0.0,0.0,0.0,0.0,0.0,0.0,0,0
2023-08-11,0.0,0.0,0.0,0.0,0.0,0.0,0.0,0.0,0,0
2023-08-14,0.0,0.0,0.0,0.0,0.0,0.0,0.0,0.0,0,0
2023-08-15,0.0,0.0,0.0,0.0,0.0,0.0,0.0,0.0,0,0
2023-08-16,0.0,0.0,0.0,0.0,0.0,0.0,0.0,0.0,0,0
2023-08-17,0.0,0.0,0.0,0.0,0.0,0.0,0.0,0.0,0,0
2023-08-18,0.0,0.0,0.0,0.0,0.0,0.0,0.0,0.0,0,0
2023-08-21,0.0,0.0,0.0,0.0,0.0,0.0,0.0,0.0,0,0
2023-08-22,0.0,0.0,0.0,0.0,0.0,0.0,0.0,0.0,0,0
2023-08-23,0.0,0.0,0.0,0.0,0.0,0.0,0.0,0.0,0,0
2023-08-24,0.0,0.0,0.0,0.0,0.0,0.0,0.0,0.0,0,0
2023-08-25,0.0,0.0,0.0,0.0,0.0,0.0,0.0,0.0,0,0
2023-08-28,0.0,0.0,0.0,0.0,0.0,0.0,0.0,0.0,0,0
2023-08-29,0.0,0.0,0.0,0.0,0.0,0.0,0.0,0.0,0,0
2023-08-30,0.0,0.0,0.0,0.0,0.0,0.0,0.0,0.0,0,0
2023-08-31,0.0,0.0,0.0,0.0,0.0,0.0,0.0,0.0,0,0
2023-09-01,0.0,0.0,0.0,0.0,0.0,0.0,0.0,0.0,0,0
2023-09-05,0.0,0.0,0.0,0.0,0.0,0.0,0.0,0.0,0,0
2023-09-06,0.0,0.0,0.0,0.0,0.0,0.0,0.0,0.0,0,0
2023-09-07,0.0,0.0,0.0,0.0,0.0,0.0,0.0,0.0,0,0
2023-09-08,0.0,0.0,0.0,0.0,0.0,0.0,0.0,0.0,0,0
2023-09-11,0.0,0.0,0.0,0.0,0.0,0.0,0.0,0.0,0,0
2023-09-12,0.0,0.0,0.0,0.0,0.0,0.0,0.0,0.0,0,0
2023-09-13,0.0,0.0,0.0,0.0,0.0,0.0,0.0,0.0,0,0
2023-09-14,0.0,0.0,0.0,0.0,0.0,0.0,0.0,0.0,0,0
2023-09-15,0.0,0.0,0.0,0.0,0.0,0.0,0.0,0.0,0,0
2023-09-18,0.0,0.0,0.0,0.0,0.0,0.0,0.0,0.0,0,0
2023-09-19,0.0,0.0,0.0,0.0,0.0,0.0,0.0,0.0,0,0
2023-09-20,0.0,0.0,0.0,0.0,0.0,0.0,0.0,0.0,0,0
2023-09-21,0.0,0.0,0.0,0.0,0.0,0.0,0.0,0.0,0,0
2023-09-22,0.0,0.0,0.0,0.0,0.0,0.0,0.0,0.0,0,0
2023-09-25,0.0,0.0,0.0,0.0,0.0,0.0,0.0,0.0,0,0
2023-09-26,0.0,0.0,0.0,0.0,0.0,0.0,0.0,0.0,0,0
2023-09-27,0.0,0.0,0.0,0.0,0.0,0.0,0.0,0.0,0,0
2023-09-28,0.0,0.0,0.0,0.0,0.0,0.0,0.0,0.0,0,0
2023-09-29,0.0,0.0,0.0,0.0,0.0,0.0,0.0,0.0,0,0
2023-10-02,0.0,0.0,0.0,0.0,0.0,0.0,0.0,0.0,0,0
2023-10-03,0.0,0.0,0.0,0.0,0.0,0.0,0.0,0.0,0,0
2023-10-04,0.0,0.0,0.0,0.0,0.0,0.0,0.0,0.0,0,0
2023-10-05,0.0,0.0,0.0,0.0,0.0,0.0,0.0,0.0,0,0
2023-10-06,0.0,0.0,0.0,0.0,0.0,0.0,0.0,0.0,0,0
2023-10-09,0.0,0.0,0.0,0.0,0.0,0.0,0.0,0.0,0,0
2023-10-10,0.0,0.0,0.0,0.0,0.0,0.0,0.0,0.0,0,0
2023-10-11,0.0,0.0,0.0,0.0,0.0,0.0,0.0,0.0,0,0
2023-10-12,0.0,0.0,0.0,0.0,0.0,0.0,0.0,0.0,0,0
2023-10-13,0.0,0.0,0.0,0.0,0.0,0.0,0.0,0.0,0,0
2023-10-16,0.0,0.0,0.0,0.0,0.0,0.0,0.0,0.0,0,0
2023-10-17,0.0,0.0,0.0,0.0,0.0,0.0,0.0,0.0,0,0
2023-10-18,0.0,0.0,0.0,0.0,0.0,0.0,0.0,0.0,0,0
2023-10-19,0.0,0.0,0.0,0.0,0.0,0.0,0.0,0.0,0,0
2023-10-20,0.0,0.0,0.0,0.0,0.0,0.0,0.0,0.0,0,0
2023-10-23,0.0,0.0,0.0,0.0,0.0,0.0,0.0,0.0,0,0
2023-10-24,0.0,0.0,0.0,0.0,0.0,0.0,0.0,0.0,0,0
2023-10-25,0.0,0.0,0.0,0.0,0.0,0.0,0.0,0.0,0,0
2023-10-26,0.0,0.0,0.0,0.0,0.0,0.0,0.0,0.0,0,0
2023-10-27,0.0,0.0,0.0,0.0,0.0,0.0,0.0,0.0,0,0
2023-10-30,0.0,0.0,0.0,0.0,0.0,0.0,0.0,0.0,0,0
2023-10-31,0.0,0.0,0.0,0.0,0.0,0.0,0.0,0.0,0,0
2023-11-01,0.0,0.0,0.0,0.0,0.0,0.0,0.0,0.0,0,0
2023-11-02,0.0,0.0,0.0,0.0,0.0,0.0,0.0,0.0,0,0
2023-11-03,0.0,0.0,0.0,0.0,0.0,0.0,0.0,0.0,0,0
2023-11-06,0.0,0.0,0.0,0.0,0.0,0.0,0.0,0.0,0,0
2023-11-07,0.0,0.0,0.0,0.0,0.0,0.0,0.0,0.0,0,0
2023-11-08,0.0,0.0,0.0,0.0,0.0,0.0,0.0,0.0,0,0
2023-11-09,0.0,0.0,0.0,0.0,0.0,0.0,0.0,0.0,0,0
2023-11-10,0.0,0.0,0.0,0.0,0.0,0.0,0.0,0.0,0,0
2023-11-13,0.0,0.0,0.0,0.0,0.0,0.0,0.0,0.0,0,0
2023-11-14,0.0,0.0,0.0,0.0,0.0,0.0,0.0,0.0,0,0
2023-11-15,0.0,0.0,0.0,0.0,0.0,0.0,0.0,0.0,0,0
2023-11-16,0.0,0.0,0.0,0.0,0.0,0.0,0.0,0.0,0,0
2023-11-17,0.0,0.0,0.0,0.0,0.0,0.0,0.0,0.0,0,0
2023-11-20,0.0,0.0,0.0,0.0,0.0,0.0,0.0,0.0,0,0
2023-11-21,0.0,0.0,0.0,0.0,0.0,0.0,0.0,0.0,0,0
2023-11-22,0.0,0.0,0.0,0.0,0.0,0.0,0.0,0.0,0,0
2023-11-24,0.0,0.0,0.0,0.0,0.0,0.0,0.0,0.0,0,0
2023-11-27,0.0,0.0,0.0,0.0,0.0,0.0,0.0,0.0,0,0
2023-11-28,0.0,0.0,0.0,0.0,0.0,0.0,0.0,0.0,0,0
2023-11-29,0.0,0.0,0.0,0.0,0.0,0.0,0.0,0.0,0,0
2023-11-30,0.0,0.0,0.0,0.0,0.0,0.0,0.0,0.0,0,0
2023-12-01,0.0,0.0,0.0,0.0,0.0,0.0,0.0,0.0,0,0
2023-12-04,0.0,0.0,0.0,0.0,0.0,0.0,0.0,0.0,0,0
2023-12-05,0.0,0.0,0.0,0.0,0.0,0.0,0.0,0.0,0,0
2023-12-06,0.0,0.0,0.0,0.0,0.0,0.0,0.0,0.0,0,0
2023-12-07,0.0,0.0,0.0,0.0,0.0,0.0,0.0,0.0,0,0
2023-12-08,0.0,0.0,0.0,0.0,0.0,0.0,0.0,0.0,0,0
2023-12-11,0.0,0.0,0.0,0.0,0.0,0.0,0.0,0.0,0,0
2023-12-12,0.0,0.0,0.0,0.0,0.0,0.0,0.0,0.0,0,0
2023-12-13,0.0,0.0,0.0,0.0,0.0,0.0,0.0,0.0,0,0
2023-12-14,0.0,0.0,0.0,0.0,0.0,0.0,0.0,0.0,0,0
2023-12-15,0.0,0.0,0.0,0.0,0.0,0.0,0.0,0.0,0,0
2023-12-18,0.0,0.0,0.0,0.0,0.0,0.0,0.0,0.0,0,0
2023-12-19,0.0,0.0,0.0,0.0,0.0,0.0,0.0,0.0,0,0
2023-12-20,0.0,0.0,0.0,0.0,0.0,0.0,0.0,0.0,0,0
2023-12-21,0.0,0.0,0.0,0.0,0.0,0.0,0.0,0.0,0,0
2023-12-22,0.0,0.0,0.0,0.0,0.0,0.0,0.0,0.0,0,0
2023-12-26,0.0,0.0,0.0,0.0,0.0,0.0,0.0,0.0,0,0
2023-12-27,0.0,0.0,0.0,0.0,0.0,0.0,0.0,0.0,0,0
2023-12-28,0.0,0.0,0.0,0.0,0.0,0.0,0.0,0.0,0,0
2023-12-29,0.0,0.0,0.0,0.0,0.0,0.0,0.0,0.0,0,0
2024-01-02,0.0,0.0,0.0,0.0,0.0,0.0,0.0,0.0,0,0
2024-01-03,0.0,0.0,0.0,0.0,0.0,0.0,0.0,0.0,0,0
2024-01-04,0.0,0.0,0.0,0.0,0.0,0.0,0.0,0.0,0,0
2024-01-05,0.0,0.0,0.0,0.0,0.0,0.0,0.0,0.0,0,0
2024-01-08,0.0,0.0,0.0,0.0,0.0,0.0,0.0,0.0,0,0
2024-01-09,0.0,0.0,0.0,0.0,0.0,0.0,0.0,0.0,0,0
2024-01-10,0.0,0.0,0.0,0.0,0.0,0.0,0.0,0.0,0,0
2024-01-11,0.0,0.0,0.0,0.0,0.0,0.0,0.0,0.0,0,0
2024-01-12,0.0,0.0,0.0,0.0,0.0,0.0,0.0,0.0,0,0
2024-01-16,0.0,0.0,0.0,0.0,0.0,0.0,0.0,0.0,0,0
2024-01-17,0.0,0.0,0.0,0.0,0.0,0.0,0.0,0.0,0,0
2024-01-18,0.0,0.0,0.0,0.0,0.0,0.0,0.0,0.0,0,0
2024-01-19,0.0,0.0,0.0,0.0,0.0,0.0,0.0,0.0,0,0
2024-01-22,0.0,0.0,0.0,0.0,0.0,0.0,0.0,0.0,0,0
2024-01-23,0.0,0.0,0.0,0.0,0.0,0.0,0.0,0.0,0,0
2024-01-24,0.0,0.0,0.0,0.0,0.0,0.0,0.0,0.0,0,0
2024-01-25,0.0,0.0,0.0,0.0,0.0,0.0,0.0,0.0,0,0
2024-01-26,0.0,0.0,0.0,0.0,0.0,0.0,0.0,0.0,0,0
2024-01-29,0.0,0.0,0.0,0.0,0.0,0.0,0.0,0.0,0,0
2024-01-30,0.0,0.0,0.0,0.0,0.0,0.0,0.0,0.0,0,0
2024-01-31,0.0,0.0,0.0,0.0,0.0,0.0,0.0,0.0,0,0
2024-02-01,0.0,0.0,0.0,0.0,0.0,0.0,0.0,0.0,0,0
2024-02-02,0.0,0.0,0.0,0.0,0.0,0.0,0.0,0.0,0,0
2024-02-05,0.0,0.0,0.0,0.0,0.0,0.0,0.0,0.0,0,0
2024-02-06,0.0,0.0,0.0,0.0,0.0,0.0,0.0,0.0,0,0
2024-02-07,0.0,0.0,0.0,0.0,0.0,0.0,0.0,0.0,0,0
2024-02-08,0.0,0.0,0.0,0.0,0.0,0.0,0.0,0.0,0,0
2024-02-09,0.0,0.0,0.0,0.0,0.0,0.0,0.0,0.0,0,0
2024-02-12,0.0,0.0,0.0,0.0,0.0,0.0,0.0,0.0,0,0
2024-02-13,0.0,0.0,0.0,0.0,0.0,0.0,0.0,0.0,0,0
2024-02-14,0.0,0.0,0.0,0.0,0.0,0.0,0.0,0.0,0,0
2024-02-15,0.0,0.0,0.0,0.0,0.0,0.0,0.0,0.0,0,0
2024-02-16,0.0,0.0,0.0,0.0,0.0,0.0,0.0,0.0,0,0
2024-02-20,0.0,0.0,0.0,0.0,0.0,0.0,0.0,0.0,0,0
2024-02-21,0.0,0.0,0.0,0.0,0.0,0.0,0.0,0.0,0,0
2024-02-22,0.0,0.0,0.0,0.0,0.0,0.0,0.0,0.0,0,0
2024-02-23,0.0,0.0,0.0,0.0,0.0,0.0,0.0,0.0,0,0
2024-02-26,0.0,0.0,0.0,0.0,0.0,0.0,0.0,0.0,0,0
2024-02-27,0.0,0.0,0.0,0.0,0.0,0.0,0.0,0.0,0,0
2024-02-28,0.0,0.0,0.0,0.0,0.0,0.0,0.0,0.0,0,0
2024-02-29,0.0,0.0,0.0,0.0,0.0,0.0,0.0,0.0,0,0
2024-03-01,0.0,0.0,0.0,0.0,0.0,0.0,0.0,0.0,0,0
2024-03-04,0.0,0.0,0.0,0.0,0.0,0.0,0.0,0.0,0,0
2024-03-05,0.0,0.0,0.0,0.0,0.0,0.0,0.0,0.0,0,0
2024-03-06,0.0,0.0,0.0,0.0,0.0,0.0,0.0,0.0,0,0
2024-03-07,0.0,0.0,0.0,0.0,0.0,0.0,0.0,0.0,0,0
2024-03-08,0.0,0.0,0.0,0.0,0.0,0.0,0.0,0.0,0,0
2024-03-11,0.0,0.0,0.0,0.0,0.0,0.0,0.0,0.0,0,0
2024-03-12,0.0,0.0,0.0,0.0,0.0,0.0,0.0,0.0,0,0
2024-03-13,0.0,0.0,0.0,0.0,0.0,0.0,0.0,0.0,0,0
2024-03-14,0.0,0.0,0.0,0.0,0.0,0.0,0.0,0.0,0,0
2024-03-15,0.0,0.0,0.0,0.0,0.0,0.0,0.0,0.0,0,0
2024-03-18,0.0,0.0,0.0,0.0,0.0,0.0,0.0,0.0,0,0
2024-03-19,0.0,0.0,0.0,0.0,0.0,0.0,0.0,0.0,0,0
2024-03-20,0.0,0.0,0.0,0.0,0.0,0.0,0.0,0.0,0,0
2024-03-21,0.0,0.0,0.0,0.0,0.0,0.0,0.0,0.0,0,0
2024-03-22,0.0,0.0,0.0,0.0,0.0,0.0,0.0,0.0,0,0
2024-03-25,0.0,0.0,0.0,0.0,0.0,0.0,0.0,0.0,0,0
2024-03-26,0.0,0.0,0.0,0.0,0.0,0.0,0.0,0.0,0,0
2024-03-27,0.0,0.0,0.0,0.0,0.0,0.0,0.0,0.0,0,0
2024-03-28,0.0,0.0,0.0,0.0,0.0,0.0,0.0,0.0,0,0
2024-04-01,0.0,0.0,0.0,0.0,0.0,0.0,0.0,0.0,0,0
2024-04-02,0.0,0.0,0.0,0.0,0.0,0.0,0.0,0.0,0,0
2024-04-03,0.0,0.0,0.0,0.0,0.0,0.0,0.0,0.0,0,0
2024-04-04,0.0,0.0,0.0,0.0,0.0,0.0,0.0,0.0,0,0
2024-04-05,0.0,0.0,0.0,0.0,0.0,0.0,0.0,0.0,0,0
2024-04-08,0.0,0.0,0.0,0.0,0.0,0.0,0.0,0.0,0,0
2024-04-09,0.0,0.0,0.0,0.0,0.0,0.0,0.0,0.0,0,0
2024-04-10,0.0,0.0,0.0,0.0,0.0,0.0,0.0,0.0,0,0
2024-04-11,0.0,0.0,0.0,0.0,0.0,0.0,0.0,0.0,0,0
2024-04-12,0.0,0.0,0.0,0.0,0.0,0.0,0.0,0.0,0,0
2024-04-15,0.0,0.0,0.0,0.0,0.0,0.0,0.0,0.0,0,0
2024-04-16,0.0,0.0,0.0,0.0,0.0,0.0,0.0,0.0,0,0
2024-04-17,0.0,0.0,0.0,0.0,0.0,0.0,0.0,0.0,0,0
2024-04-18,0.0,0.0,0.0,0.0,0.0,0.0,0.0,0.0,0,0
2024-04-19,0.0,0.0,0.0,0.0,0.0,0.0,0.0,0.0,0,0
2024-04-22,0.0,0.0,0.0,0.0,0.0,0.0,0.0,0.0,0,0
2024-04-23,0.0,0.0,0.0,0.0,0.0,0.0,0.0,0.0,0,0
2024-04-24,0.0,0.0,0.0,0.0,0.0,0.0,0.0,0.0,0,0
2024-04-25,0.0,0.0,0.0,0.0,0.0,0.0,0.0,0.0,0,0
2024-04-26,0.0,0.0,0.0,0.0,0.0,0.0,0.0,0.0,0,0
2024-04-29,0.0,0.0,0.0,0.0,0.0,0.0,0.0,0.0,0,0
2024-04-30,0.0,0.0,0.0,0.0,0.0,0.0,0.0,0.0,0,0
2024-05-01,0.0,0.0,0.0,0.0,0.0,0.0,0.0,0.0,0,0
2024-05-02,0.0,0.0,0.0,0.0,0.0,0.0,0.0,0.0,0,0
2024-05-03,0.0,0.0,0.0,0.0,0.0,0.0,0.0,0.0,0,0
2024-05-06,0.0,0.0,0.0,0.0,0.0,0.0,0.0,0.0,0,0
2024-05-07,0.0,0.0,0.0,0.0,0.0,0.0,0.0,0.0,0,0
2024-05-08,0.0,0.0,0.0,0.0,0.0,0.0,0.0,0.0,0,0
2024-05-09,0.0,0.0,0.0,0.0,0.0,0.0,0.0,0.0,0,0
2024-05-10,0.0,0.0,0.0,0.0,0.0,0.0,0.0,0.0,0,0
2024-05-13,0.0,0.0,0.0,0.0,0.0,0.0,0.0,0.0,0,0
2024-05-14,0.0,0.0,0.0,0.0,0.0,0.0,0.0,0.0,0,0
2024-05-15,0.0,0.0,0.0,0.0,0.0,0.0,0.0,0.0,0,0
2024-05-16,0.0,0.0,0.0,0.0,0.0,0.0,0.0,0.0,0,0
2024-05-17,0.0,0.0,0.0,0.0,0.0,0.0,0.0,0.0,0,0
2024-05-20,0.0,0.0,0.0,0.0,0.0,0.0,0.0,0.0,0,0
2024-05-21,0.0,0.0,0.0,0.0,0.0,0.0,0.0,0.0,0,0
2024-05-22,0.0,0.0,0.0,0.0,0.0,0.0,0.0,0.0,0,0
2024-05-23,0.0,0.0,0.0,0.0,0.0,0.0,0.0,0.0,0,0
2024-05-24,0.0,0.0,0.0,0.0,0.0,0.0,0.0,0.0,0,0
2024-05-28,0.0,0.0,0.0,0.0,0.0,0.0,0.0,0.0,0,0
2024-05-29,0.0,0.0,0.0,0.0,0.0,0.0,0.0,0.0,0,0
2024-05-30,0.0,0.0,0.0,0.0,0.0,0.0,0.0,0.0,0,0
2024-05-31,0.0,0.0,0.0,0.0,0.0,0.0,0.0,0.0,0,0
2024-06-03,0.0,0.0,0.0,0.0,0.0,0.0,0.0,0.0,0,0
2024-06-04,0.0,0.0,0.0,0.0,0.0,0.0,0.0,0.0,0,0
2024-06-05,0.0,0.0,0.0,0.0,0.0,0.0,0.0,0.0,0,0
2024-06-06,0.0,0.0,0.0,0.0,0.0,0.0,0.0,0.0,0,0
2024-06-07,0.0,0.0,0.0,0.0,0.0,0.0,0.0,0.0,0,0
2024-06-10,0.0,0.0,0.0,0.0,0.0,0.0,0.0,0.0,0,0
2024-06-11,0.0,0.0,0.0,0.0,0.0,0.0,0.0,0.0,0,0
2024-06-12,0.0,0.0,0.0,0.0,0.0,0.0,0.0,0.0,0,0
2024-06-13,0.0,0.0,0.0,0.0,0.0,0.0,0.0,0.0,0,0
2024-06-14,0.0,0.0,0.0,0.0,0.0,0.0,0.0,0.0,0,0
2024-06-17,0.0,0.0,0.0,0.0,0.0,0.0,0.0,0.0,0,0
2024-06-18,0.0,0.0,0.0,0.0,0.0,0.0,0.0,0.0,0,0
2024-06-20,0.0,0.0,0.0,0.0,0.0,0.0,0.0,0.0,0,0
2024-06-21,0.0,0.0,0.0,0.0,0.0,0.0,0.0,0.0,0,0
2024-06-24,0.0,0.0,0.0,0.0,0.0,0.0,0.0,0.0,0,0
2024-06-25,0.0,0.0,0.0,0.0,0.0,0.0,0.0,0.0,0,0
2024-06-26,0.0,0.0,0.0,0.0,0.0,0.0,0.0,0.0,0,0
2024-06-27,0.0,0.0,0.0,0.0,0.0,0.0,0.0,0.0,0,0
2024-06-28,0.0,0.0,0.0,0.0,0.0,0.0,0.0,0.0,0,0
2024-07-01,0.0,0.0,0.0,0.0,0.0,0.0,0.0,0.0,0,0
2024-07-02,0.0,0.0,0.0,0.0,0.0,0.0,0.0,0.0,0,0
2024-07-03,0.0,0.0,0.0,0.0,0.0,0.0,0.0,0.0,0,0
2024-07-05,0.0,0.0,0.0,0.0,0.0,0.0,0.0,0.0,0,0
2024-07-08,0.0,0.0,0.0,0.0,0.0,0.0,0.0,0.0,0,0
2024-07-09,0.0,0.0,0.0,0.0,0.0,0.0,0.0,0.0,0,0
2024-07-10,0.0,0.0,0.0,0.0,0.0,0.0,0.0,0.0,0,0
2024-07-11,0.0,0.0,0.0,0.0,0.0,0.0,0.0,0.0,0,0
2024-07-12,0.0,0.0,0.0,0.0,0.0,0.0,0.0,0.0,0,0
2024-07-15,0.0,0.0,0.0,0.0,0.0,0.0,0.0,0.0,0,0
2024-07-16,0.0,0.0,0.0,0.0,0.0,0.0,0.0,0.0,0,0
2024-07-17,0.0,0.0,0.0,0.0,0.0,0.0,0.0,0.0,0,0
2024-07-18,0.0,0.0,0.0,0.0,0.0,0.0,0.0,0.0,0,0
2024-07-19,0.0,0.0,0.0,0.0,0.0,0.0,0.0,0.0,0,0
2024-07-22,0.0,0.0,0.0,0.0,0.0,0.0,0.0,0.0,0,0
2024-07-23,0.0,0.0,0.0,0.0,0.0,0.0,0.0,0.0,0,0
2024-07-24,0.0,0.0,0.0,0.0,0.0,0.0,0.0,0.0,0,0
2024-07-25,0.0,0.0,0.0,0.0,0.0,0.0,0.0,0.0,0,0
2024-07-26,0.0,0.0,0.0,0.0,0.0,0.0,0.0,0.0,0,0
2024-07-29,0.0,0.0,0.0,0.0,0.0,0.0,0.0,0.0,0,0
2024-07-30,0.0,0.0,0.0,0.0,0.0,0.0,0.0,0.0,0,0
2024-07-31,0.0,0.0,0.0,0.0,0.0,0.0,0.0,0.0,0,0
2024-08-01,0.0,0.0,0.0,0.0,0.0,0.0,0.0,0.0,0,0
2024-08-02,0.0,0.0,0.0,0.0,0.0,0.0,0.0,0.0,0,0
2024-08-05,0.0,0.0,0.0,0.0,0.0,0.0,0.0,0.0,0,0
2024-08-06,0.0,0.0,0.0,0.0,0.0,0.0,0.0,0.0,0,0
2024-08-07,0.0,0.0,0.0,0.0,0.0,0.0,0.0,0.0,0,0
2024-08-08,0.0,0.0,0.0,0.0,0.0,0.0,0.0,0.0,0,0
2024-08-09,0.0,0.0,0.0,0.0,0.0,0.0,0.0,0.0,0,0
2024-08-12,0.0,0.0,0.0,0.0,0.0,0.0,0.0,0.0,0,0
2024-08-13,0.0,0.0,0.0,0.0,0.0,0.0,0.0,0.0,0,0
2024-08-14,0.0,0.0,0.0,0.0,0.0,0.0,0.0,0.0,0,0
2024-08-15,0.0,0.0,0.0,0.0,0.0,0.0,0.0,0.0,0,0
2024-08-16,0.0,0.0,0.0,0.0,0.0,0.0,0.0,0.0,0,0
2024-08-19,0.0,0.0,0.0,0.0,0.0,0.0,0.0,0.0,0,0
2024-08-20,0.0,0.0,0.0,0.0,0.0,0.0,0.0,0.0,0,0
2024-08-21,0.0,0.0,0.0,0.0,0.0,0.0,0.0,0.0,0,0
2024-08-22,0.0,0.0,0.0,0.0,0.0,0.0,0.0,0.0,0,0
2024-08-23,0.0,0.0,0.0,0.0,0.0,0.0,0.0,0.0,0,0
2024-08-26,0.0,0.0,0.0,0.0,0.0,0.0,0.0,0.0,0,0
2024-08-27,0.0,0.0,0.0,0.0,0.0,0.0,0.0,0.0,0,0
2024-08-28,0.0,0.0,0.0,0.0,0.0,0.0,0.0,0.0,0,0
2024-08-29,0.0,0.0,0.0,0.0,0.0,0.0,0.0,0.0,0,0
2024-08-30,0.0,0.0,0.0,0.0,0.0,0.0,0.0,0.0,0,0
2024-09-03,0.0,0.0,0.0,0.0,0.0,0.0,0.0,0.0,0,0
2024-09-04,0.0,0.0,0.0,0.0,0.0,0.0,0.0,0.0,0,0
2024-09-05,0.0,0.0,0.0,0.0,0.0,0.0,0.0,0.0,0,0
2024-09-06,0.0,0.0,0.0,0.0,0.0,0.0,0.0,0.0,0,0
2024-09-09,0.0,0.0,0.0,0.0,0.0,0.0,0.0,0.0,0,0
2024-09-10,0.0,0.0,0.0,0.0,0.0,0.0,0.0,0.0,0,0
2024-09-11,0.0,0.0,0.0,0.0,0.0,0.0,0.0,0.0,0,0
2024-09-12,0.0,0.0,0.0,0.0,0.0,0.0,0.0,0.0,0,0
2024-09-13,0.0,0.0,0.0,0.0,0.0,0.0,0.0,0.0,0,0
2024-09-16,0.0,0.0,0.0,0.0,0.0,0.0,0.0,0.0,0,0
2024-09-17,0.0,0.0,0.0,0.0,0.0,0.0,0.0,0.0,0,0
2024-09-18,0.0,0.0,0.0,0.0,0.0,0.0,0.0,0.0,0,0
2024-09-19,0.0,0.0,0.0,0.0,0.0,0.0,0.0,0.0,0,0
2024-09-20,0.0,0.0,0.0,0.0,0.0,0.0,0.0,0.0,0,0
2024-09-23,0.0,0.0,0.0,0.0,0.0,0.0,0.0,0.0,0,0
2024-09-24,0.0,0.0,0.0,0.0,0.0,0.0,0.0,0.0,0,0
2024-09-25,0.0,0.0,0.0,0.0,0.0,0.0,0.0,0.0,0,0
2024-09-26,0.0,0.0,0.0,0.0,0.0,0.0,0.0,0.0,0,0
2024-09-27,0.0,0.0,0.0,0.0,0.0,0.0,0.0,0.0,0,0
2024-09-30,0.0,0.0,0.0,0.0,0.0,0.0,0.0,0.0,0,0
2024-10-01,0.0,0.0,0.0,0.0,0.0,0.0,0.0,0.0,0,0
2024-10-02,0.0,0.0,0.0,0.0,0.0,0.0,0.0,0.0,0,0
2024-10-03,0.0,0.0,0.0,0.0,0.0,0.0,0.0,0.0,0,0
2024-10-04,0.0,0.0,0.0,0.0,0.0,0.0,0.0,0.0,0,0
2024-10-07,0.0,0.0,0.0,0.0,0.0,0.0,0.0,0.0,0,0
2024-10-08,0.0,0.0,0.0,0.0,0.0,0.0,0.0,0.0,0,0
2024-10-09,0.0,0.0,0.0,0.0,0.0,0.0,0.0,0.0,0,0
2024-10-10,0.0,0.0,0.0,0.0,0.0,0.0,0.0,0.0,0,0
2024-10-11,0.0,0.0,0.0,0.0,0.0,0.0,0.0,0.0,0,0
2024-10-14,0.0,0.0,0.0,0.0,0.0,0.0,0.0,0.0,0,0
2024-10-15,0.0,0.0,0.0,0.0,0.0,0.0,0.0,0.0,0,0
2024-10-16,0.0,0.0,0.0,0.0,0.0,0.0,0.0,0.0,0,0
2024-10-17,0.0,0.0,0.0,0.0,0.0,0.0,0.0,0.0,0,0
2024-10-18,0.0,0.0,0.0,0.0,0.0,0.0,0.0,0.0,0,0
2024-10-21,0.0,0.0,0.0,0.0,0.0,0.0,0.0,0.0,0,0
2024-10-22,0.0,0.0,0.0,0.0,0.0,0.0,0.0,0.0,0,0
2024-10-23,0.0,0.0,0.0,0.0,0.0,0.0,0.0,0.0,0,0
2024-10-24,0.0,0.0,0.0,0.0,0.0,0.0,0.0,0.0,0,0
2024-10-25,0.0,0.0,0.0,0.0,0.0,0.0,0.0,0.0,0,0
2024-10-28,0.0,0.0,0.0,0.0,0.0,0.0,0.0,0.0,0,0
2024-10-29,0.0,0.0,0.0,0.0,0.0,0.0,0.0,0.0,0,0
2024-10-30,0.0,0.0,0.0,0.0,0.0,0.0,0.0,0.0,0,0
2024-10-31,0.0,0.0,0.0,0.0,0.0,0.0,0.0,0.0,0,0
2024-11-01,0.0,0.0,0.0,0.0,0.0,0.0,0.0,0.0,0,0
2024-11-04,0.0,0.0,0.0,0.0,0.0,0.0,0.0,0.0,0,0
2024-11-05,0.0,0.0,0.0,0.0,0.0,0.0,0.0,0.0,0,0
2024-11-06,0.0,0.0,0.0,0.0,0.0,0.0,0.0,0.0,0,0
2024-11-07,0.0,0.0,0.0,0.0,0.0,0.0,0.0,0.0,0,0
2024-11-08,0.0,0.0,0.0,0.0,0.0,0.0,0.0,0.0,0,0
2024-11-11,0.0,0.0,0.0,0.0,0.0,0.0,0.0,0.0,0,0
2024-11-12,0.0,0.0,0.0,0.0,0.0,0.0,0.0,0.0,0,0
2024-11-13,0.0,0.0,0.0,0.0,0.0,0.0,0.0,0.0,0,0
2024-11-14,0.0,0.0,0.0,0.0,0.0,0.0,0.0,0.0,0,0
2024-11-15,0.0,0.0,0.0,0.0,0.0,0.0,0.0,0.0,0,0
2024-11-18,0.0,0.0,0.0,0.0,0.0,0.0,0.0,0.0,0,0
2024-11-19,0.0,0.0,0.0,0.0,0.0,0.0,0.0,0.0,0,0
2024-11-20,0.0,0.0,0.0,0.0,0.0,0.0,0.0,0.0,0,0
2024-11-21,0.0,0.0,0.0,0.0,0.0,0.0,0.0,0.0,0,0
2024-11-22,0.0,0.0,0.0,0.0,0.0,0.0,0.0,0.0,0,0
2024-11-25,0.0,0.0,0.0,0.0,0.0,0.0,0.0,0.0,0,0
2024-11-26,0.0,0.0,0.0,0.0,0.0,0.0,0.0,0.0,0,0
2024-11-27,0.0,0.0,0.0,0.0,0.0,0.0,0.0,0.0,0,0
2024-11-29,0.0,0.0,0.0,0.0,0.0,0.0,0.0,0.0,0,0
2024-12-02,0.0,0.0,0.0,0.0,0.0,0.0,0.0,0.0,0,0
2024-12-03,0.0,0.0,0.0,0.0,0.0,0.0,0.0,0.0,0,0
2024-12-04,0.0,0.0,0.0,0.0,0.0,0.0,0.0,0.0,0,0
2024-12-05,0.0,0.0,0.0,0.0,0.0,0.0,0.0,0.0,0,0
2024-12-06,0.0,0.0,0.0,0.0,0.0,0.0,0.0,0.0,0,0
2024-12-09,0.0,0.0,0.0,0.0,0.0,0.0,0.0,0.0,0,0
2024-12-10,0.0,0.0,0.0,0.0,0.0,0.0,0.0,0.0,0,0
2024-12-11,0.0,0.0,0.0,0.0,0.0,0.0,0.0,0.0,0,0
2024-12-12,0.0,0.0,0.0,0.0,0.0,0.0,0.0,0.0,0,0
2024-12-13,0.0,0.0,0.0,0.0,0.0,0.0,0.0,0.0,0,0
2024-12-16,0.0,0.0,0.0,0.0,0.0,0.0,0.0,0.0,0,0
2024-12-17,0.0,0.0,0.0,0.0,0.0,0.0,0.0,0.0,0,0
2024-12-18,0.0,0.0,0.0,0.0,0.0,0.0,0.0,0.0,0,0
2024-12-19,0.0,0.0,0.0,0.0,0.0,0.0,0.0,0.0,0,0
2024-12-20,0.0,0.0,0.0,0.0,0.0,0.0,0.0,0.0,0,0
2024-12-23,0.0,0.0,0.0,0.0,0.0,0.0,0.0,0.0,0,0
2024-12-24,0.0,0.0,0.0,0.0,0.0,0.0,0.0,0.0,0,0
2024-12-26,0.0,0.0,0.0,0.0,0.0,0.0,0.0,0.0,0,0
2024-12-27,0.0,0.0,0.0,0.0,0.0,0.0,0.0,0.0,0,0
2024-12-30,0.0,0.0,0.0,0.0,0.0,0.0,0.0,0.0,0,0
2024-12-31,0.0,0.0,0.0,0.0,0.0,0.0,0.0,0.0,0,0
